timestamp,frame_total_ms,undistort_ms,backend_ms,publish_ms
1076.599619,5.775,2.083,1.240,2.362
1076.699451,124.895,4.163,47.588,2.588
1076.799291,71.894,5.733,24.746,1.140
1076.899122,117.632,3.932,41.973,1.249
1076.999753,121.531,3.943,66.076,1.164
1077.099596,65.514,3.906,30.256,0.773
1077.199424,103.937,3.893,37.604,1.922
1077.299277,125.920,3.942,60.363,1.210
1077.399124,63.806,3.912,28.101,1.205
1077.499766,104.703,4.132,28.305,1.794
1077.599611,109.892,4.278,43.069,1.981
1077.699462,95.117,3.979,39.667,0.765
1077.799299,86.039,4.222,30.632,0.806
1077.899137,111.239,4.177,44.283,1.410
1077.999775,99.943,4.199,43.104,1.875
1078.099610,107.993,4.238,51.855,1.410
1078.199456,92.388,4.095,45.792,2.028
1078.299313,87.817,3.905,32.435,0.779
1078.399140,110.437,3.998,44.395,1.418
1078.499767,112.390,4.357,56.896,0.701
1078.599608,80.527,5.678,33.446,0.733
1078.699441,111.178,3.908,45.442,1.330
1078.799270,94.639,3.989,48.683,1.660
1078.899508,93.238,4.070,37.692,0.762
1078.999336,118.836,3.968,43.177,1.152
1079.099187,90.625,3.979,54.346,2.045
1079.199843,83.465,4.103,38.005,0.662
1079.299680,111.852,3.938,46.171,1.329
1079.399525,113.307,3.966,57.149,1.788
1079.499364,74.810,3.919,39.628,0.685
1079.599203,117.601,3.951,51.300,1.933
1079.699437,91.686,4.334,45.616,1.312
1079.799279,89.544,4.090,34.010,0.739
1079.899116,119.945,3.919,54.242,1.351
1079.999750,97.043,3.959,61.543,1.287
1080.099590,84.956,3.897,39.649,0.777
1080.199443,111.008,4.181,55.261,1.186
1080.299282,114.485,4.066,68.799,1.302
1080.399131,75.013,4.392,49.353,0.715
1080.499778,94.201,3.954,38.634,1.270
1080.599624,120.810,4.121,55.552,0.684
1080.699461,73.579,3.920,38.400,0.686
1080.799310,118.943,3.895,53.436,1.199
1080.899138,107.429,3.957,61.817,1.343
1080.999784,112.282,3.968,66.491,1.140
1081.099604,78.363,5.812,51.693,0.707
1081.199447,88.884,4.099,43.767,0.724
1081.299295,144.118,3.911,87.785,1.648
1081.399141,77.076,4.088,72.259,0.687
1081.499784,94.918,3.911,58.003,0.734
1081.599610,100.157,4.062,53.548,1.861
1081.699455,93.930,3.907,58.487,1.333
1081.799290,90.548,3.856,45.740,0.684
1081.899123,153.130,4.211,86.632,1.264
1081.999767,63.162,4.175,58.136,0.799
1082.099605,74.690,3.875,39.886,0.708
1082.199451,122.018,4.008,66.043,1.229
1082.299279,118.874,3.915,73.324,1.277
1082.399119,89.099,3.842,74.451,0.655
1082.499759,74.071,3.873,38.902,0.706
1082.599597,96.374,4.049,40.698,1.254
1082.699442,122.178,3.902,55.914,0.713
1082.799288,77.456,3.845,42.323,0.692
1082.899134,86.819,3.892,41.872,0.759
1082.999780,125.117,4.005,58.851,1.693
1083.099619,99.786,4.045,64.081,1.062
1083.199447,101.992,4.808,46.070,0.745
1083.299294,90.751,3.876,85.544,1.287
1083.399128,125.785,4.003,80.231,0.691
1083.499759,64.453,3.844,59.844,0.716
1083.599588,41.215,3.855,36.581,0.743
1083.699421,54.624,3.861,48.956,1.362
1083.799259,161.901,4.059,74.318,2.947
1083.899504,69.152,3.900,64.447,0.758
1083.999342,58.795,3.871,53.852,0.675
1084.099180,56.184,3.904,51.447,0.786
1084.199813,160.084,3.904,73.429,2.194
1084.299649,70.483,3.856,65.520,0.697
1084.399491,68.088,4.106,63.258,0.676
1084.499344,165.936,4.063,79.967,1.371
1084.599183,60.456,4.566,54.737,0.684
1084.699829,113.347,3.901,58.308,0.787
1084.799677,44.191,3.886,39.179,1.078
1084.899529,46.346,4.075,41.075,0.790
1084.999362,171.902,3.894,76.154,1.238
1085.099207,65.897,3.910,61.203,0.738
1085.199431,46.019,3.873,41.014,0.720
1085.299261,140.724,3.870,53.665,2.623
1085.399486,83.706,3.874,78.419,1.346
1085.499320,39.301,3.894,34.280,0.733
1085.599162,169.955,4.016,83.072,2.316
1085.699796,63.532,5.546,57.262,0.677
1085.799631,54.505,4.077,49.200,0.750
1085.899473,140.835,4.056,54.666,1.575
1085.999324,98.992,3.893,54.136,0.667
1086.099155,95.337,4.075,38.902,0.774
1086.199794,115.041,3.930,110.299,0.649
1086.299633,103.477,3.832,98.718,0.738
1086.399470,129.717,4.049,103.233,2.127
1086.499302,109.200,3.886,104.227,0.870
1086.599130,82.097,3.840,77.151,0.939
1086.699784,83.118,3.953,78.252,0.752
1086.799619,89.665,3.962,84.773,0.765
1086.899458,87.910,3.917,83.051,0.778
1086.999289,130.488,4.078,85.259,0.745
1087.099143,84.221,4.115,79.173,0.772
1087.199782,101.315,4.189,96.197,0.762
1087.299617,123.395,4.114,97.662,1.334
1087.399460,95.185,4.096,90.020,0.909
1087.499295,112.026,3.888,105.729,2.228
1087.599135,92.283,4.172,87.057,0.819
1087.699770,83.442,4.077,78.417,0.784
1087.799602,119.422,4.092,113.508,1.628
1087.899444,110.104,3.934,105.189,0.786
1087.999279,78.957,3.899,74.127,0.744
1088.099115,110.555,3.887,105.063,1.425
1088.199753,93.000,4.068,88.058,0.673
1088.299594,94.294,3.949,89.416,0.769
1088.399430,105.469,4.013,99.342,1.916
1088.499266,110.707,4.051,105.688,0.759
1088.599508,94.701,3.927,89.837,0.771
1088.699333,80.580,4.076,75.604,0.736
1088.799186,89.199,3.903,74.313,0.729
1088.899821,90.292,3.895,85.476,0.758
1088.999653,99.183,3.988,74.063,0.775
1089.099501,113.820,3.931,88.304,1.229
1089.199337,91.006,3.923,76.075,0.768
1089.299182,89.372,3.892,64.367,0.825
1089.399830,89.743,4.071,84.784,0.727
1089.499670,150.187,3.866,104.594,1.312
1089.599514,105.203,3.916,100.248,0.866
1089.699358,74.656,3.984,69.605,0.901
1089.799199,117.522,4.230,102.203,0.664
1089.899441,87.563,4.091,82.502,0.807
1089.999289,78.315,4.091,73.337,0.722
1090.099133,112.073,3.912,87.121,0.752
1090.199779,97.114,4.081,82.104,0.697
1090.299623,110.878,3.907,95.905,0.777
1090.399457,83.399,3.897,68.302,0.936
1090.499304,91.359,3.889,76.425,0.808
1090.599151,104.576,3.889,79.675,0.722
1090.699782,130.335,3.947,104.483,1.585
1090.799603,87.033,3.986,82.056,0.710
1090.899432,104.961,4.088,99.764,0.944
1090.999268,82.589,3.938,77.736,0.748
1091.099505,92.312,4.105,77.204,0.769
1091.199356,87.101,4.002,72.179,0.707
1091.299197,112.363,3.976,87.316,0.777
1091.399840,117.140,3.911,92.151,0.776
1091.499684,87.641,3.887,82.823,0.768
1091.599519,117.013,4.038,101.903,0.790
1091.699356,129.653,3.982,124.750,0.756
1091.799199,148.299,3.954,143.533,0.650
1091.899422,83.744,3.937,78.968,0.678
1091.999261,99.216,3.985,94.346,0.725
1092.099503,105.558,4.103,100.534,0.745
1092.199340,84.231,3.968,79.368,0.731
1092.299186,77.845,4.113,72.727,0.840
1092.399829,97.030,4.118,91.980,0.766
1092.499664,66.732,5.552,60.141,0.858
1092.599503,84.255,4.009,79.365,0.700
1092.699343,97.417,3.975,82.466,0.735
1092.799170,118.535,3.971,103.545,0.776
1092.899810,72.520,3.956,67.639,0.737
1092.999651,99.596,3.978,74.619,0.713
1093.099491,121.954,3.912,96.929,0.816
1093.199323,95.746,4.099,90.159,1.297
1093.299162,79.912,4.101,74.842,0.794
1093.399803,97.941,3.917,72.895,0.729
1093.499654,109.761,3.906,84.757,0.797
1093.599494,132.168,3.917,117.233,0.775
1093.699332,71.040,4.088,65.820,0.792
1093.799164,98.022,4.126,82.883,0.717
1093.899816,96.505,4.094,81.423,0.744
1093.999652,96.615,4.106,81.477,0.749
1094.099495,113.493,4.112,98.319,0.820
1094.199344,81.710,4.097,76.736,0.715
1094.299202,92.999,3.917,68.052,0.743
1094.399434,130.214,3.975,95.081,0.806
1094.499278,83.076,3.951,78.153,0.801
1094.599124,94.045,3.933,79.145,0.728
1094.699770,161.180,3.933,135.497,1.445
1094.799611,118.558,3.912,113.519,0.935
1094.899449,89.773,3.958,84.887,0.763
1094.999288,94.115,3.935,88.835,1.164
1095.099141,121.226,4.112,116.194,0.722
1095.199780,110.268,3.949,104.919,1.214
1095.299609,111.239,3.919,105.709,1.418
1095.399438,85.279,3.927,80.494,0.664
1095.499281,136.850,3.922,131.096,1.647
1095.599113,123.747,3.963,118.355,1.193
1095.699747,76.568,3.959,71.333,1.085
1095.799594,87.071,3.896,82.133,0.867
1095.899430,107.828,4.108,102.709,0.835
1095.999263,111.191,3.946,106.232,0.845
1096.099508,95.419,3.995,88.652,2.532
1096.199343,96.418,4.198,91.280,0.689
1096.299184,75.100,4.099,69.874,0.961
1096.399829,113.193,3.970,108.194,0.850
1096.499670,90.890,3.931,86.013,0.786
1096.599522,121.163,4.006,116.253,0.740
1096.699357,98.425,3.968,93.469,0.825
1096.799204,112.558,4.107,107.581,0.704
1096.899443,75.524,3.950,70.590,0.819
1096.999285,116.929,3.990,112.029,0.720
1097.099132,95.736,4.095,90.585,0.894
1097.199782,96.484,3.935,91.488,0.865
1097.299618,77.848,4.030,72.712,0.909
1097.399470,78.407,3.971,73.510,0.756
1097.499309,98.600,3.940,93.697,0.801
1097.599159,99.785,3.928,94.978,0.715
1097.699791,81.157,3.914,76.309,0.769
1097.799638,88.930,4.100,83.966,0.699
1097.899473,103.966,3.918,99.127,0.760
1097.999296,107.771,3.890,102.922,0.793
1098.099139,85.300,4.099,80.281,0.757
1098.199782,80.910,3.893,75.955,0.884
1098.299630,81.956,5.659,75.008,1.104
1098.399477,83.692,3.967,77.796,1.718
1098.499299,109.064,4.142,103.877,0.876
1098.599143,97.517,4.010,92.546,0.794
1098.699778,88.002,4.132,82.921,0.776
1098.799612,95.232,3.950,80.230,0.821
1098.899448,88.468,5.645,81.745,0.906
1098.999289,116.955,3.893,112.057,0.806
1099.099126,97.106,4.124,92.027,0.787
1099.199764,91.315,4.052,76.271,0.757
1099.299615,88.086,4.067,83.046,0.807
1099.399454,90.084,3.923,85.259,0.735
1099.499291,110.829,3.927,75.585,0.860
1099.599137,103.182,4.322,77.839,0.733
1099.699769,91.857,3.955,86.957,0.768
1099.799590,142.343,3.900,97.211,0.815
1099.899429,79.465,3.909,74.592,0.781
1099.999271,101.235,4.092,86.124,0.778
1100.099508,103.947,3.907,89.015,0.792
1100.199355,82.822,3.945,78.010,0.703
1100.299197,113.774,3.919,97.249,2.346
1100.399830,111.283,4.038,106.096,0.724
1100.499669,79.120,4.105,74.085,0.765
1100.599526,110.740,3.903,95.836,0.738
1100.699366,86.898,4.084,81.903,0.746
1100.799204,128.910,3.989,103.730,0.898
1100.899454,86.594,4.000,81.448,0.968
1100.999298,96.483,3.965,91.550,0.794
1101.099136,83.926,3.947,79.002,0.808
1101.199796,111.174,3.928,86.072,0.865
1101.299634,91.224,3.993,86.139,0.844
1101.399459,94.274,3.911,89.464,0.734
1101.499300,105.297,3.897,90.302,0.814
1101.599144,85.374,4.106,70.296,0.729
1101.699789,103.833,3.912,78.834,0.798
1101.799637,119.615,5.809,91.389,0.730
1101.899473,90.611,3.931,85.707,0.810
1101.999312,88.357,3.915,73.473,0.720
1102.099141,89.147,4.065,74.061,0.790
1102.199789,133.401,4.058,88.111,0.811
1102.299637,88.924,4.021,83.514,1.220
1102.399474,108.514,3.988,103.544,0.809
1102.499318,103.579,3.885,98.672,0.856
1102.599162,87.266,3.981,82.279,0.834
1102.699783,113.234,4.058,107.267,1.727
1102.799618,120.171,4.000,115.239,0.734
1102.899459,92.445,4.111,87.214,0.924
1102.999318,125.961,4.115,120.413,1.252
1103.099175,76.729,3.904,71.751,0.875
1103.199821,106.008,3.941,101.101,0.797
1103.299669,107.032,4.079,101.319,1.451
1103.399512,100.433,3.950,95.600,0.689
1103.499359,78.388,3.895,73.434,0.896
1103.599187,81.574,3.941,76.685,0.780
1103.699827,102.894,4.020,97.444,1.261
1103.799682,162.599,3.901,157.788,0.745
1103.899538,82.971,3.900,78.086,0.822
1103.999390,107.354,3.891,102.181,1.111
1104.099226,99.426,3.869,94.390,1.003
1104.199456,156.377,4.155,151.214,0.820
1104.299295,86.255,3.887,81.434,0.746
1104.399131,72.184,3.933,67.346,0.729
1104.499765,94.111,3.933,89.214,0.798
1104.599606,92.836,3.886,88.029,0.756
1104.699454,97.996,3.903,93.108,0.822
1104.799288,84.370,3.895,79.570,0.739
1104.899117,91.220,4.077,86.192,0.787
1104.999748,95.072,4.010,90.130,0.769
1105.099574,102.781,4.095,97.733,0.789
1105.199408,94.739,3.907,89.954,0.717
1105.299251,84.288,3.878,79.196,1.053
1105.399499,115.769,4.103,110.747,0.747
1105.499333,111.187,4.054,106.118,0.845
1105.599183,82.331,4.126,77.223,0.819
1105.699828,75.275,3.937,70.254,0.915
1105.799673,102.380,4.174,96.267,1.746
1105.899511,81.550,4.331,76.262,0.725
1105.999346,90.028,4.092,74.950,0.754
1106.099190,122.115,3.939,106.399,1.521
1106.199810,101.324,4.054,96.363,0.704
1106.299649,99.415,3.930,94.413,0.895
1106.399484,141.652,3.939,136.173,1.348
1106.499328,91.510,3.997,86.530,0.789
1106.599165,98.932,4.010,93.959,0.747
1106.699816,119.367,4.089,113.555,1.509
1106.799650,108.808,3.892,104.027,0.697
1106.899485,115.882,3.901,110.336,1.466
1106.999320,125.840,3.907,121.060,0.679
1107.099152,96.308,4.121,89.532,2.455
1107.199795,126.806,3.936,121.418,1.213
1107.299632,137.407,3.884,132.501,0.802
1107.399476,119.761,3.885,114.820,0.880
1107.499328,113.003,3.933,107.927,0.976
1107.599188,131.875,3.960,127.006,0.733
1107.699829,124.628,3.941,118.287,2.187
1107.799675,146.084,3.931,141.274,0.696
1107.899508,127.468,4.067,122.393,0.827
1107.999343,121.925,3.915,115.641,2.171
1108.099187,102.325,4.126,97.166,0.701
1108.199825,120.177,3.895,115.379,0.731
1108.299673,120.184,5.820,110.881,3.170
1108.399512,124.074,3.884,119.305,0.687
1108.499363,132.157,3.993,125.211,2.696
1108.599206,94.891,4.161,89.834,0.703
1108.699448,109.358,3.938,104.480,0.776
1108.799298,130.467,3.912,124.956,1.406
1108.899133,92.925,3.928,88.007,0.773
1108.999762,92.896,4.130,87.831,0.748
1109.099598,90.027,4.127,84.912,0.824
1109.199445,113.846,3.943,108.708,0.999
1109.299294,93.460,4.194,88.210,0.818
1109.399137,91.012,3.919,86.178,0.745
1109.499783,92.310,4.080,87.310,0.756
1109.599622,108.495,5.622,101.993,0.714
1109.699462,113.532,4.094,108.388,0.883
1109.799289,92.930,3.942,88.090,0.729
1109.899129,83.923,4.109,78.877,0.771
1109.999776,159.036,3.918,154.220,0.734
1110.099613,85.746,3.982,80.746,0.852
1110.199452,76.382,4.158,71.321,0.736
1110.299279,86.728,4.010,81.726,0.828
1110.399115,98.632,3.914,93.841,0.708
1110.499739,98.471,4.102,93.424,0.779
1110.599578,99.468,3.858,94.704,0.736
1110.699406,97.130,4.109,92.095,0.762
1110.799251,101.428,3.905,96.642,0.716
1110.899504,108.452,3.939,103.414,0.931
1110.999333,109.242,4.103,104.196,0.766
1111.099160,91.817,4.014,86.682,0.959
1111.199794,82.480,4.031,77.515,0.759
1111.299644,127.450,3.970,121.375,1.903
1111.399471,140.796,4.017,135.886,0.694
1111.499311,111.150,3.933,105.631,1.412
1111.599152,120.457,4.098,115.506,0.661
1111.699780,98.377,3.916,93.494,0.804
1111.799619,91.782,3.869,87.025,0.728
1111.899455,78.595,3.929,73.620,0.880
1111.999292,95.925,4.016,90.939,0.801
1112.099114,108.138,4.141,102.922,0.897
1112.199751,136.274,4.098,131.260,0.743
1112.299592,117.686,4.102,111.866,1.534
1112.399421,109.888,3.952,105.020,0.712
1112.499263,88.750,3.985,83.764,0.830
1112.599498,129.201,4.125,123.693,1.206
1112.699338,89.341,3.942,84.399,0.804
1112.799166,94.787,4.041,89.805,0.769
1112.899793,109.184,3.967,104.255,0.796
1112.999638,104.379,4.115,99.355,0.744
1113.099482,94.429,3.921,89.540,0.804
1113.199309,94.210,3.906,89.388,0.752
1113.299152,102.301,4.075,96.731,1.329
1113.399781,96.029,3.905,91.218,0.744
1113.499627,96.503,4.240,91.296,0.805
1113.599470,85.682,3.878,80.789,0.801
1113.699312,94.719,3.883,89.744,0.916
1113.799163,83.121,3.887,78.311,0.748
1113.899807,87.626,5.589,81.059,0.813
1113.999642,80.396,4.098,75.378,0.753
1114.099484,88.812,4.079,83.708,0.862
1114.199327,98.039,4.106,92.957,0.805
1114.299170,105.006,4.101,99.907,0.834
1114.399808,105.783,3.916,100.965,0.738
1114.499659,82.436,3.911,77.582,0.775
1114.599496,79.362,3.905,74.485,0.808
1114.699331,88.126,4.066,82.867,1.004
1114.799168,74.312,4.073,69.343,0.722
1114.899805,87.079,3.914,82.232,0.770
1114.999640,101.587,4.063,96.644,0.713
1115.099487,79.267,3.930,74.411,0.764
1115.199315,82.213,4.071,77.197,0.782
1115.299162,78.517,3.905,73.535,0.911
1115.399798,86.625,4.057,81.648,0.737
1115.499642,89.594,4.091,84.402,0.933
1115.599477,74.197,3.982,69.250,0.730
1115.699306,72.886,3.922,68.013,0.786
1115.799150,112.931,3.972,108.020,0.772
1115.899793,121.683,4.131,116.618,0.768
1115.999633,75.286,4.085,70.289,0.737
1116.099478,81.913,4.117,76.862,0.770
1116.199313,99.290,3.997,94.422,0.704
1116.299163,71.370,3.979,66.228,0.996
1116.399815,72.962,3.899,68.148,0.747
1116.499661,83.285,4.090,78.247,0.777
1116.599501,82.403,4.100,77.399,0.734
1116.699343,98.733,4.003,93.782,0.782
1116.799177,97.003,3.895,92.240,0.702
1116.899814,99.216,3.870,94.388,0.793
1116.999646,79.584,4.039,74.630,0.752
1117.099471,78.760,3.954,73.777,0.859
1117.199321,100.901,3.923,95.959,0.834
1117.299142,98.930,3.955,93.990,0.813
1117.399783,89.842,3.964,84.631,1.060
1117.499619,103.410,3.932,98.435,0.870
1117.599472,87.078,3.951,82.086,0.867
1117.699319,86.175,3.926,81.222,0.854
1117.799162,97.732,4.071,92.781,0.719
1117.899816,87.599,3.870,82.738,0.826
1117.999653,81.979,4.075,77.035,0.701
1118.099481,91.421,3.888,86.547,0.819
1118.199327,93.426,3.949,88.597,0.716
1118.299179,110.683,3.973,105.769,0.763
1118.399810,99.295,3.972,94.418,0.735
1118.499656,93.784,4.145,88.664,0.816
1118.599494,111.369,4.090,106.400,0.708
1118.699307,101.003,4.087,95.945,0.807
1118.799161,85.121,4.010,80.203,0.740
1118.899804,74.585,3.935,69.251,1.221
1118.999640,81.444,3.943,76.574,0.756
1119.099468,96.162,3.944,91.228,0.826
1119.199305,85.183,3.963,80.312,0.744
1119.299137,105.818,4.113,100.710,0.827
1119.399767,118.660,4.000,113.311,1.170
1119.499607,79.968,4.131,74.896,0.773
1119.599456,95.869,3.909,91.074,0.716
1119.699303,77.053,3.886,72.194,0.807
1119.799145,110.016,5.836,102.881,1.130
1119.899803,100.611,4.074,95.570,0.796
1119.999672,85.781,5.573,79.337,0.706
1120.099517,99.368,3.857,94.578,0.770
1120.199362,92.321,3.891,87.556,0.710
1120.299199,72.164,4.011,67.012,0.966
1120.399434,90.917,3.957,85.784,0.991
1120.499283,87.680,3.902,82.809,0.783
1120.599116,106.353,3.944,101.437,0.767
1120.699749,84.359,3.952,79.418,0.821
1120.799570,94.678,3.941,89.864,0.708
1120.899421,94.461,3.869,89.645,0.783
1120.999254,113.252,4.098,88.058,0.715
1121.099499,89.942,3.927,74.977,0.807
1121.199330,110.969,3.971,106.065,0.773
1121.299171,88.044,4.105,82.900,0.869
1121.399829,130.594,3.920,105.578,0.802
1121.499658,103.394,3.929,98.373,0.914
1121.599492,102.446,3.965,97.429,0.881
1121.699332,84.652,3.940,79.724,0.798
1121.799184,101.038,3.963,96.131,0.776
1121.899844,107.373,3.962,101.478,1.735
1121.999675,106.434,4.113,101.282,0.829
1122.099514,90.366,3.988,85.314,0.897
1122.199356,96.222,4.098,91.136,0.818
1122.299190,89.464,3.940,83.907,1.438
1122.399818,74.900,3.936,70.017,0.780
1122.499653,105.476,4.012,100.439,0.859
1122.599491,100.932,4.119,95.860,0.787
1122.699333,124.414,3.942,119.414,0.891
1122.799178,100.048,3.954,95.084,0.838
1122.899810,92.709,3.965,87.615,0.917
1122.999650,105.124,4.180,99.998,0.767
1123.099507,86.591,3.926,81.617,0.877
1123.199357,107.574,5.595,90.918,0.819
1123.299192,82.062,3.916,77.142,0.833
1123.399818,155.072,3.889,119.572,1.237
1123.499652,130.084,4.112,124.208,1.547
1123.599488,121.567,4.093,116.573,0.714
1123.699330,83.633,3.942,78.693,0.820
1123.799161,136.844,3.931,131.189,1.535
1123.899796,98.652,4.020,93.731,0.735
1123.999629,117.165,5.635,110.142,1.211
1124.099469,81.717,4.087,76.686,0.747
1124.199315,114.636,4.076,109.557,0.834
1124.299154,96.846,5.599,90.222,0.859
1124.399803,91.951,4.112,86.750,0.898
1124.499653,104.500,3.964,99.512,0.838
1124.599492,83.809,4.000,78.784,0.855
1124.699323,104.128,4.109,98.886,0.960
1124.799168,87.441,4.250,82.277,0.750
1124.899820,114.603,4.140,108.319,1.948
1124.999652,138.371,4.047,133.350,0.735
1125.099487,109.384,4.122,102.293,2.781
1125.199333,118.686,3.941,113.825,0.703
1125.299164,100.597,3.951,95.607,0.870
1125.399800,96.276,3.930,91.424,0.757
1125.499634,100.239,4.028,95.178,0.863
1125.599465,101.676,4.023,96.711,0.773
1125.699304,85.898,4.119,80.814,0.797
1125.799149,101.649,4.075,96.667,0.743
1125.899780,94.946,4.084,89.906,0.788
1125.999613,91.588,3.954,86.739,0.731
1126.099456,93.668,3.914,88.574,1.012
1126.199290,92.662,4.071,87.692,0.723
1126.299142,89.953,3.982,85.010,0.799
1126.399785,89.854,3.913,85.010,0.763
1126.499608,93.872,3.907,88.718,1.082
1126.599447,73.345,4.079,68.307,0.785
1126.699287,98.218,3.906,93.057,1.080
1126.799122,98.493,4.112,92.746,1.446
1126.899759,77.995,3.929,73.088,0.791
1126.999620,90.308,3.883,85.539,0.724
1127.099449,78.319,3.921,73.420,0.812
1127.199292,113.508,4.101,108.490,0.753
1127.299138,94.762,4.102,89.591,0.902
1127.399779,89.976,3.896,85.184,0.727
1127.499618,109.037,3.948,104.031,0.888
1127.599457,120.367,3.876,115.543,0.722
1127.699319,94.328,4.127,89.238,0.796
1127.799158,100.401,3.948,95.531,0.742
1127.899794,77.183,3.944,72.250,0.819
1127.999641,88.784,3.885,83.994,0.740
1128.099478,96.428,3.978,91.462,0.819
1128.199322,101.156,3.977,96.296,0.723
1128.299162,81.386,3.998,76.152,1.067
1128.399789,83.621,3.910,78.823,0.711
1128.499643,78.701,3.907,73.793,0.838
1128.599487,204.158,3.928,168.787,1.068
1128.699323,111.412,5.627,104.740,0.845
1128.799174,89.588,3.935,84.652,0.828
1128.899811,102.755,4.122,97.633,0.832
1128.999638,121.458,3.972,116.521,0.793
1129.099476,119.799,3.940,114.876,0.808
1129.199299,95.939,3.916,90.701,1.158
1129.299148,78.683,3.977,73.583,0.956
1129.399792,102.078,3.875,97.259,0.754
1129.499645,84.472,3.930,79.523,0.853
1129.599481,91.399,3.967,86.507,0.757
1129.699321,86.056,3.961,81.086,0.841
1129.799167,98.219,3.923,93.363,0.766
1129.899804,104.304,4.112,99.127,0.849
1129.999644,112.923,4.138,107.876,0.707
1130.099491,95.362,3.953,90.328,0.907
1130.199330,89.662,4.138,84.609,0.747
1130.299185,83.018,3.956,78.060,0.838
1130.399815,94.993,4.108,89.827,0.886
1130.499660,114.420,3.989,109.429,0.827
1130.599509,105.016,4.105,99.973,0.774
1130.699335,82.273,3.919,77.328,0.857
1130.799188,108.463,3.980,103.576,0.741
1130.899835,105.728,3.915,100.820,0.822
1130.999673,100.641,4.120,95.619,0.735
1131.099521,109.374,4.001,104.265,0.946
1131.199352,119.502,3.930,114.550,0.852
1131.299192,81.453,3.919,76.514,0.847
1131.399829,103.450,3.961,98.577,0.735
1131.499676,103.170,3.927,98.100,0.972
1131.599497,97.277,3.914,92.498,0.707
1131.699338,91.015,4.106,85.891,0.850
1131.799174,113.565,3.963,108.656,0.778
1131.899814,94.404,3.957,89.262,1.009
1131.999663,92.809,3.948,87.922,0.732
1132.099516,88.963,4.034,83.955,0.813
1132.199348,94.537,3.974,89.576,0.783
1132.299186,103.160,3.952,98.031,1.012
1132.399820,101.240,3.949,96.282,0.796
1132.499655,96.931,3.912,92.048,0.806
1132.599498,111.351,3.944,106.474,0.752
1132.699343,83.094,4.012,78.078,0.836
1132.799182,106.209,3.938,101.342,0.764
1132.899821,79.617,3.938,74.543,0.952
1132.999668,112.879,3.941,108.039,0.731
1133.099501,101.832,3.982,96.822,0.865
1133.199351,91.163,3.925,86.327,0.748
1133.299205,100.816,3.952,95.860,0.829
1133.399441,103.851,4.132,98.799,0.756
1133.499281,97.982,3.970,92.949,0.897
1133.599129,123.129,3.946,118.189,0.826
1133.699775,185.763,3.928,180.784,0.876
1133.799613,106.338,3.943,101.369,0.862
1133.899446,136.301,3.911,130.332,1.849
1133.999267,119.672,3.963,114.812,0.705
1134.099507,89.463,4.011,84.451,0.837
1134.199331,126.621,3.975,121.194,1.277
1134.299168,88.604,3.948,83.673,0.791
1134.399803,88.147,3.948,83.275,0.762
1134.499639,133.518,3.981,127.728,1.615
1134.599478,104.114,3.943,99.272,0.702
1134.699318,95.311,4.121,90.132,0.885
1134.799151,102.192,4.100,97.172,0.749
1134.899790,104.653,3.916,99.754,0.820
1134.999633,97.030,3.892,92.237,0.734
1135.099485,116.032,3.922,110.853,1.094
1135.199321,105.377,3.955,100.390,0.777
1135.299166,91.084,4.132,85.934,0.850
1135.399806,97.828,3.937,92.940,0.781
1135.499654,97.790,4.105,92.698,0.819
1135.599498,87.411,3.935,82.596,0.701
1135.699329,90.760,3.930,85.828,0.833
1135.799163,88.201,3.919,83.325,0.786
1135.899806,98.642,4.194,92.924,1.339
1135.999644,78.954,3.922,74.144,0.724
1136.099486,85.109,3.878,80.198,0.864
1136.199320,77.354,3.947,72.485,0.756
1136.299168,83.866,3.968,78.896,0.837
1136.399801,93.166,3.900,88.366,0.732
1136.499643,91.908,4.000,86.898,0.841
1136.599494,97.301,4.122,92.294,0.718
1136.699347,108.875,3.860,104.021,0.828
1136.799192,85.685,3.881,80.921,0.703
1136.899836,100.686,4.121,95.576,0.813
1136.999670,109.695,4.108,104.699,0.722
1137.099496,96.141,3.949,91.137,0.887
1137.199343,126.426,3.942,121.471,0.844
1137.299172,90.146,3.930,85.219,0.825
1137.399814,100.950,4.121,95.922,0.743
1137.499662,98.711,4.102,93.563,0.867
1137.599489,110.437,4.168,105.361,0.742
1137.699322,98.788,3.929,93.856,0.836
1137.799169,85.822,3.941,80.969,0.748
1137.899804,87.988,3.923,83.027,0.867
1137.999652,82.660,3.937,77.793,0.767
1138.099480,105.241,3.927,100.266,0.882
1138.199326,107.846,4.118,102.789,0.738
1138.299171,80.515,3.940,75.526,0.884
1138.399808,99.599,4.204,94.462,0.765
1138.499646,84.178,3.998,79.159,0.854
1138.599491,107.361,4.037,102.434,0.727
1138.699331,79.577,3.949,74.420,1.046
1138.799181,94.998,4.000,90.064,0.767
1138.899805,99.375,4.201,94.103,0.899
1138.999639,107.473,3.940,102.538,0.824
1139.099477,76.929,3.947,71.837,0.861
1139.199323,109.468,4.152,104.293,0.808
1139.299171,104.522,4.029,99.283,1.004
1139.399817,78.341,4.014,73.392,0.767
1139.499648,91.126,3.934,86.241,0.782
1139.599493,89.595,3.994,84.651,0.762
1139.699334,94.125,4.016,89.123,0.820
1139.799190,84.013,3.983,79.114,0.745
1139.899837,95.164,4.185,89.893,0.923
1139.999674,88.534,3.898,83.733,0.733
1140.099514,113.018,4.051,107.402,1.391
1140.199350,83.249,4.115,78.215,0.751
1140.299182,80.958,4.101,75.762,0.936
1140.399829,82.307,4.140,77.172,0.828
1140.499670,92.737,3.930,87.740,0.900
1140.599508,107.026,4.130,101.171,1.534
1140.699348,100.081,3.938,95.116,0.795
1140.799182,92.668,4.135,87.608,0.752
1140.899825,76.822,3.926,71.893,0.836
1140.999670,108.833,3.940,83.826,0.778
1141.099500,100.512,4.007,85.348,0.921
1141.199332,141.342,4.172,125.563,1.361
1141.299173,103.046,4.114,97.897,0.866
1141.399800,100.646,4.113,95.622,0.738
1141.499660,99.487,3.936,94.507,0.868
1141.599504,105.245,3.949,100.354,0.780
1141.699348,93.210,3.967,88.210,0.865
1141.799177,110.223,4.094,105.210,0.755
1141.899825,102.445,3.931,97.481,0.861
1141.999659,101.219,3.935,96.371,0.746
1142.099510,102.316,3.905,97.376,0.871
1142.199361,108.912,3.910,104.061,0.759
1142.299205,99.192,3.960,94.164,0.901
1142.399437,106.713,3.928,101.859,0.759
1142.499285,95.031,3.963,90.060,0.828
1142.599128,114.092,3.953,109.224,0.751
1142.699781,96.423,4.151,91.203,0.891
1142.799611,99.355,3.950,94.492,0.727
1142.899459,78.618,3.996,73.522,0.941
1142.999293,112.802,3.933,107.942,0.758
1143.099135,96.338,4.059,91.274,0.839
1143.199767,96.042,4.149,90.976,0.745
1143.299601,88.802,3.975,83.798,0.857
1143.399441,89.551,3.946,84.698,0.743
1143.499276,92.134,3.985,87.082,0.904
1143.599518,112.727,3.972,107.826,0.760
1143.699345,83.873,4.175,78.607,0.927
1143.799178,104.491,3.982,99.592,0.727
1143.899823,98.751,3.979,93.744,0.857
1143.999679,100.953,3.999,96.026,0.762
1144.099524,81.943,3.948,76.988,0.845
1144.199356,110.255,4.003,105.306,0.788
1144.299187,113.822,4.144,108.611,0.901
1144.399827,115.974,3.976,111.090,0.741
1144.499671,100.580,4.026,95.530,0.854
1144.599526,101.177,3.956,96.289,0.765
1144.699371,103.129,4.134,97.963,0.861
1144.799212,90.239,4.133,85.204,0.734
1144.899458,115.128,4.002,110.042,0.913
1144.999301,102.602,3.979,97.686,0.770
1145.099140,148.474,4.140,143.335,0.827
1145.199786,113.506,4.103,108.466,0.760
1145.299634,88.260,3.935,83.082,1.072
1145.399459,135.340,3.991,130.386,0.736
1145.499300,90.978,4.157,85.846,0.807
1145.599153,106.855,4.138,101.770,0.780
1145.699795,93.266,4.136,88.049,0.912
1145.799645,110.612,3.939,105.748,0.759
1145.899491,92.110,4.247,86.822,0.876
1145.999316,78.413,3.964,73.527,0.756
1146.099158,81.652,4.142,76.260,1.061
1146.199796,78.981,4.035,73.854,0.873
1146.299650,110.164,3.989,105.133,0.874
1146.399495,92.392,4.003,87.426,0.795
1146.499327,97.353,4.164,91.952,1.052
1146.599151,106.614,4.013,101.703,0.728
1146.699792,109.699,3.934,104.765,0.835
1146.799635,80.278,3.996,75.322,0.788
1146.899469,108.360,4.008,103.216,0.968
1146.999304,110.288,4.157,105.226,0.738
1147.099158,103.252,3.933,98.330,0.818
1147.199790,80.827,4.146,75.665,0.843
1147.299629,116.039,4.140,110.804,0.929
1147.399475,105.163,3.926,100.296,0.774
1147.499318,104.009,3.991,99.030,0.828
1147.599149,112.471,3.915,107.649,0.737
1147.699796,111.467,4.138,106.374,0.783
1147.799636,107.188,3.944,102.301,0.775
1147.899479,102.125,4.109,97.020,0.832
1147.999318,107.418,3.933,102.570,0.749
1148.099153,98.713,3.987,93.756,0.808
1148.199778,112.479,3.897,107.685,0.733
1148.299607,97.405,4.081,92.366,0.789
1148.399434,94.291,3.968,89.422,0.699
1148.499274,123.344,3.980,118.365,0.805
1148.599513,92.341,3.926,87.489,0.759
1148.699365,94.764,3.927,88.979,1.653
1148.799196,104.159,4.000,99.198,0.790
1148.899835,91.628,4.168,86.467,0.829
1148.999686,90.353,4.003,85.420,0.754
1149.099538,78.447,3.909,73.590,0.788
1149.199383,77.480,3.969,72.590,0.757
1149.299231,101.234,3.900,96.423,0.747
1149.399484,110.713,3.920,105.905,0.723
1149.499331,93.046,5.601,86.520,0.758
1149.599162,95.111,3.950,90.290,0.705
1149.699806,109.785,3.960,104.845,0.818
1149.799638,84.854,4.050,79.903,0.734
1149.899485,83.255,4.129,77.944,1.012
1149.999323,88.623,3.996,83.557,0.901
1150.099166,102.860,3.964,97.865,0.853
1150.199802,86.793,4.128,81.609,0.883
1150.299642,93.082,4.118,87.111,1.638
1150.399476,101.185,4.029,96.200,0.789
1150.499307,80.493,4.022,75.457,0.850
1150.599139,103.042,3.918,98.228,0.732
1150.699785,89.324,3.964,84.353,0.818
1150.799631,82.802,4.101,77.764,0.748
1150.899487,102.345,3.936,97.234,1.007
1150.999321,76.241,3.954,71.378,0.731
1151.099160,99.099,3.912,94.230,0.795
1151.199793,101.214,4.098,96.201,0.750
1151.299626,84.499,5.631,77.902,0.807
1151.399467,86.567,4.088,81.473,0.837
1151.499300,69.364,3.941,64.488,0.769
1151.599136,108.827,3.900,83.920,0.718
1151.699769,107.292,4.091,91.699,1.212
1151.799619,94.034,4.121,88.963,0.696
1151.899458,130.529,4.077,114.245,1.952
1151.999297,113.715,4.183,108.641,0.692
1152.099123,87.405,4.055,82.315,0.867
1152.199770,74.460,4.034,69.485,0.758
1152.299607,146.631,3.917,141.666,0.871
1152.399447,122.277,3.923,117.471,0.713
1152.499284,94.019,3.866,89.232,0.756
1152.599138,92.657,4.047,87.720,0.726
1152.699783,102.179,5.635,95.566,0.813
1152.799623,99.775,5.679,92.981,0.944
1152.899455,91.457,3.927,86.529,0.810
1152.999286,105.735,3.932,100.909,0.710
1153.099131,97.782,3.924,92.889,0.797
1153.199774,96.083,3.931,91.263,0.718
1153.299607,85.035,3.935,80.189,0.749
1153.399455,99.640,4.023,94.721,0.737
1153.499293,92.859,4.108,87.774,0.815
1153.599131,90.763,4.130,85.732,0.737
1153.699770,114.346,3.912,109.430,0.813
1153.799610,107.736,3.924,102.902,0.745
1153.899435,101.940,3.945,97.016,0.821
1153.999272,84.501,4.117,79.474,0.745
1154.099529,90.926,4.003,85.812,0.940
1154.199370,160.271,3.980,154.893,1.219
1154.299215,115.907,4.012,110.865,0.835
1154.399446,94.592,3.915,89.110,1.391
1154.499289,137.070,3.947,131.149,1.784
1154.599133,104.150,4.078,99.167,0.709
1154.699784,88.160,4.108,82.346,1.516
1154.799615,132.659,3.937,127.272,1.218
1154.899431,86.709,3.965,81.808,0.742
1154.999276,83.409,4.116,78.313,0.815
1155.099122,109.974,3.982,104.968,0.859
1155.199771,83.575,3.963,78.706,0.739
1155.299618,72.801,3.993,67.830,0.814
1155.399475,101.692,3.951,96.800,0.747
1155.499311,71.946,3.947,66.950,0.883
1155.599154,124.250,3.990,119.329,0.757
1155.699778,93.986,4.155,88.274,1.382
1155.799621,87.778,3.995,82.857,0.757
1155.899460,84.849,4.110,79.744,0.826
1155.999313,143.045,3.895,136.203,2.750
1156.099140,106.118,3.934,101.143,0.727
1156.199787,118.572,3.870,113.264,1.176
1156.299631,90.400,4.114,85.079,1.006
1156.399475,93.394,4.152,88.247,0.823
1156.499321,77.125,3.973,72.132,0.838
1156.599173,109.490,4.143,104.322,0.857
1156.699803,91.728,4.199,86.528,0.827
1156.799651,111.982,4.024,106.992,0.776
1156.899499,105.418,3.982,99.809,1.465
1156.999331,91.853,3.994,86.877,0.811
1157.099177,90.213,3.976,85.190,0.874
1157.199812,99.614,3.968,94.688,0.788
1157.299654,97.683,4.009,92.592,0.912
1157.399497,159.363,3.952,154.502,0.737
1157.499346,115.747,3.970,110.798,0.817
1157.599176,106.474,4.122,101.444,0.746
1157.699818,91.744,3.960,86.720,0.840
1157.799660,86.857,3.995,81.946,0.747
1157.899512,82.632,4.140,77.491,0.834
1157.999340,109.339,3.963,104.460,0.750
1158.099182,95.610,3.955,90.639,0.854
1158.199824,81.803,3.932,76.942,0.762
1158.299655,106.568,3.930,101.636,0.833
1158.399502,97.025,4.099,92.015,0.740
1158.499340,107.043,3.880,102.196,0.802
1158.599192,92.401,3.965,87.568,0.704
1158.699823,93.558,3.872,88.724,0.798
1158.799671,82.497,4.070,77.521,0.741
1158.899510,78.310,4.088,73.239,0.802
1158.999354,81.774,3.969,76.914,0.720
1159.099205,94.705,3.930,89.831,0.779
1159.199432,97.758,3.963,92.886,0.746
1159.299267,93.508,3.902,88.585,0.854
1159.399508,102.795,3.928,97.956,0.749
1159.499359,96.587,3.919,91.715,0.787
1159.599196,98.762,3.931,93.929,0.736
1159.699829,101.956,5.646,95.348,0.798
1159.799664,101.259,4.104,96.285,0.705
1159.899510,88.342,3.894,83.495,0.791
1159.999335,90.427,3.897,85.597,0.716
1160.099176,92.102,4.095,87.026,0.804
1160.199819,91.952,3.979,87.084,0.721
1160.299658,106.117,3.902,100.564,1.471
1160.399501,107.873,4.102,102.905,0.663
1160.499345,88.781,3.984,83.777,0.854
1160.599179,128.476,3.902,123.247,1.147
1160.699799,87.529,3.881,82.712,0.740
1160.799645,75.116,4.096,70.181,0.676
1160.899474,99.865,3.921,93.577,2.188
1160.999314,130.233,3.962,125.415,0.661
1161.099158,93.963,4.032,88.846,0.924
1161.199806,105.013,3.878,99.662,1.159
1161.299653,86.947,3.943,82.105,0.701
1161.399495,98.004,4.108,92.752,0.969
1161.499344,102.207,3.913,96.315,1.771
1161.599179,98.850,4.000,93.961,0.661
1161.699829,83.148,3.888,78.325,0.771
1161.799670,103.829,4.065,98.432,1.161
1161.899514,94.025,3.870,89.262,0.704
1161.999359,76.348,3.875,71.584,0.725
1162.099201,85.720,4.042,80.669,0.840
1162.199439,116.941,3.994,112.076,0.705
1162.299272,90.356,3.972,85.285,0.889
1162.399513,102.309,4.102,97.177,0.842
1162.499368,79.680,4.250,74.492,0.769
1162.599202,109.508,3.908,94.637,0.718
1162.699440,71.761,4.099,66.712,0.787
1162.799268,153.095,3.911,117.998,0.837
1162.899515,72.685,3.997,67.599,0.825
1162.999360,85.427,4.094,80.433,0.729
1163.099196,87.033,3.970,72.043,0.786
1163.199843,96.167,4.111,71.039,0.728
1163.299688,130.698,4.011,95.504,0.837
1163.399542,96.693,4.103,91.658,0.764
1163.499387,71.761,4.003,66.747,0.843
1163.599231,123.395,4.016,87.866,1.137
1163.699486,91.775,4.263,86.531,0.813
1163.799316,112.434,3.936,97.367,0.791
1163.899167,75.248,3.881,70.337,0.863
1163.999816,114.176,3.961,89.210,0.703
1164.099652,125.352,4.070,109.126,1.790
1164.199506,90.392,3.980,85.449,0.708
1164.299337,90.364,3.921,85.454,0.823
1164.399185,86.430,4.103,81.441,0.719
1164.499827,79.729,3.941,64.796,0.759
1164.599661,108.479,3.896,73.481,0.717
1164.699492,83.760,4.072,78.150,1.381
1164.799330,96.605,3.888,91.808,0.734
1164.899165,82.180,4.162,77.046,0.804
1164.999799,208.691,4.243,142.624,1.291
1165.099629,104.280,3.877,99.440,0.765
1165.199460,96.124,3.934,91.328,0.703
1165.299298,113.262,3.955,107.701,1.389
1165.399139,103.534,3.985,98.683,0.672
1165.499777,110.987,4.011,105.154,1.620
1165.599613,121.218,3.942,116.376,0.697
1165.699438,97.489,3.961,91.848,1.505
1165.799294,133.454,4.102,127.965,1.174
1165.899130,80.410,3.930,75.517,0.768
1165.999758,70.307,3.935,65.470,0.733
1166.099607,94.718,4.119,89.607,0.822
1166.199445,105.134,5.622,98.647,0.707
1166.299281,79.969,3.888,75.110,0.805
1166.399130,92.605,3.937,87.788,0.717
1166.499778,97.529,4.070,92.484,0.803
1166.599630,90.394,4.083,84.901,1.243
1166.699474,83.896,3.925,79.006,0.800
1166.799301,98.208,3.885,93.448,0.712
1166.899132,86.849,3.892,81.616,1.151
1166.999775,94.288,4.062,89.112,0.930
1167.099621,98.110,3.954,93.105,0.880
1167.199470,81.024,3.968,75.578,1.243
1167.299301,81.891,3.873,76.966,0.883
1167.399130,117.318,3.871,92.320,0.832
1167.499781,88.175,3.912,83.234,0.850
1167.599618,106.796,4.038,101.778,0.816
1167.699474,96.994,3.896,92.032,0.889
1167.799317,111.612,3.960,96.675,0.742
1167.899154,81.448,3.869,76.618,0.795
1167.999789,101.755,3.922,96.920,0.746
1168.099629,115.114,3.912,100.157,0.817
1168.199465,103.728,3.886,98.947,0.730
1168.299317,92.826,3.848,87.931,0.876
1168.399170,102.816,3.887,98.054,0.710
1168.499821,82.385,3.937,77.509,0.759
1168.599680,82.580,3.892,77.796,0.725
1168.699517,102.797,3.957,97.833,0.837
1168.799355,104.741,3.943,99.941,0.693
1168.899196,123.596,5.587,96.857,0.856
1168.999832,103.833,3.982,98.873,0.811
1169.099673,68.678,4.083,63.599,0.794
1169.199516,91.546,3.908,86.721,0.740
1169.299349,93.576,4.106,88.444,0.840
1169.399198,131.331,4.108,86.020,0.795
1169.499440,77.082,3.927,72.154,0.828
1169.599276,132.688,4.092,97.536,0.708
1169.699108,88.750,4.071,83.676,0.839
1169.799748,107.596,4.020,102.266,1.121
1169.899584,140.875,3.927,135.109,1.627
1169.999434,86.185,4.113,81.210,0.665
1170.099275,104.572,3.927,99.623,0.848
1170.199522,109.311,3.930,104.475,0.740
1170.299369,83.510,3.890,78.520,0.932
1170.399204,109.022,3.885,104.252,0.722
1170.499453,95.487,3.909,90.605,0.809
1170.599298,81.642,3.881,76.859,0.735
1170.699136,109.942,5.818,102.978,0.975
1170.799772,111.537,3.940,106.684,0.718
1170.899630,97.973,3.882,93.100,0.827
1170.999475,125.308,3.893,120.538,0.710
1171.099311,80.118,4.111,75.014,0.825
1171.199141,109.090,4.017,104.150,0.739
1171.299777,107.339,3.899,102.432,0.837
1171.399623,141.186,5.520,134.775,0.729
1171.499468,94.779,3.991,89.754,0.869
1171.599303,89.582,4.053,84.175,1.155
1171.699143,124.883,3.929,119.819,0.965
1171.799769,88.365,3.897,83.462,0.768
1171.899624,138.377,3.995,132.538,1.657
1171.999467,85.383,3.937,80.556,0.686
1172.099315,100.732,3.902,95.822,0.839
1172.199159,131.195,4.046,126.302,0.682
1172.299802,101.281,3.909,96.068,1.135
1172.399650,120.257,4.008,114.912,1.161
1172.499482,116.852,4.110,111.757,0.770
1172.599319,79.584,5.675,72.904,0.839
1172.699169,113.701,4.243,107.611,1.651
1172.799811,102.611,3.981,97.641,0.820
1172.899650,81.311,3.998,76.249,0.899
1172.999504,89.988,3.928,85.097,0.798
1173.099341,84.401,4.006,79.354,0.870
1173.199195,83.270,3.993,78.367,0.747
1173.299849,103.609,3.910,98.736,0.792
1173.399693,120.069,3.962,115.197,0.746
1173.499519,102.291,4.131,97.071,0.918
1173.599358,106.826,3.915,102.016,0.731
1173.699199,107.502,4.018,102.456,0.861
1173.799443,116.729,3.972,111.760,0.822
1173.899288,90.326,5.688,83.353,1.055
1173.999126,126.074,4.174,120.676,1.019
1174.099767,118.637,4.181,113.373,0.890
1174.199605,107.530,3.993,102.621,0.752
1174.299456,93.792,4.132,88.628,0.865
1174.399297,98.630,3.960,93.764,0.745
1174.499147,105.567,4.032,100.378,0.993
1174.599775,106.736,3.915,101.839,0.812
1174.699615,145.628,4.120,140.433,0.899
1174.799453,110.513,4.133,105.218,0.992
1174.899302,77.108,4.192,71.878,0.868
1174.999133,98.013,4.096,93.014,0.739
1175.099761,85.005,4.119,79.830,0.890
1175.199600,118.348,4.112,113.255,0.818
1175.299449,109.277,4.010,104.259,0.838
1175.399284,121.812,3.944,116.807,0.885
1175.499135,112.018,3.967,106.148,1.669
1175.599775,97.680,4.124,92.669,0.684
1175.699609,75.791,3.959,70.591,1.065
1175.799444,106.144,4.143,100.864,0.967
1175.899269,103.220,4.108,97.849,1.044
1175.999499,101.500,3.977,96.478,0.882
1176.099339,138.030,3.966,133.023,0.843
1176.199188,130.238,4.010,125.191,0.832
1176.299801,110.516,3.945,105.492,0.897
1176.399643,107.497,3.956,102.605,0.760
1176.499473,91.286,3.973,86.283,0.867
1176.599319,97.628,4.012,92.550,0.901
1176.699163,110.169,4.143,104.752,1.104
1176.799806,89.823,3.960,84.936,0.750
1176.899626,87.786,4.126,82.509,0.981
1176.999469,105.118,4.020,100.147,0.766
1177.099298,90.760,3.927,85.871,0.797
1177.199148,101.607,3.925,96.726,0.791
1177.299796,88.047,3.948,83.091,0.826
1177.399645,86.581,4.117,81.549,0.743
1177.499490,80.930,3.877,76.117,0.764
1177.599334,88.115,4.142,83.077,0.728
1177.699173,85.738,3.878,80.884,0.812
1177.799802,114.385,3.925,109.564,0.726
1177.899638,87.964,4.118,82.659,1.020
1177.999479,110.422,3.913,105.616,0.712
1178.099322,108.716,3.999,103.797,0.758
1178.199162,113.655,3.939,108.647,0.900
1178.299796,113.052,4.125,107.886,0.807
1178.399635,108.401,4.130,103.379,0.727
1178.499468,119.469,4.085,114.274,0.920
1178.599318,101.725,3.902,96.788,0.864
1178.699174,132.917,4.172,126.803,1.747
1178.799813,122.768,3.924,117.991,0.651
1178.899646,130.757,4.021,124.612,1.950
1178.999485,118.569,4.199,113.350,0.758
1179.099329,89.941,3.909,84.899,0.965
1179.199160,97.836,5.664,91.087,0.915
1179.299808,102.839,4.018,97.629,0.910
1179.399644,86.211,3.996,81.159,0.885
1179.499484,86.407,3.938,81.385,0.903
1179.599328,87.499,3.966,82.638,0.726
1179.699174,112.411,3.908,107.459,0.874
1179.799820,109.656,4.078,104.658,0.752
1179.899657,110.551,3.881,105.707,0.795
1179.999495,99.034,3.909,94.227,0.735
1180.099324,85.270,3.915,80.336,0.856
1180.199168,90.258,3.944,85.405,0.744
1180.299810,108.657,3.912,102.874,1.686
1180.399648,122.935,4.019,118.020,0.689
1180.499495,99.474,3.950,94.446,0.907
1180.599333,114.302,3.994,108.668,1.453
1180.699180,104.374,4.163,99.164,0.849
1180.799836,89.892,4.043,84.859,0.787
1180.899667,125.828,4.022,119.848,1.787
1180.999513,73.052,4.007,68.180,0.704
1181.099360,80.780,4.026,75.676,0.906
1181.199209,113.330,3.911,106.140,3.095
1181.299453,130.977,3.935,125.983,0.820
1181.399285,98.912,4.150,93.846,0.747
1181.499118,100.105,3.952,95.135,0.847
1181.599744,124.662,3.958,119.795,0.743
1181.699572,107.028,4.137,101.861,0.862
1181.799406,113.614,3.971,108.714,0.762
1181.899245,138.037,3.941,132.097,1.816
1181.999484,101.895,3.988,97.013,0.693
1182.099327,98.872,4.117,93.724,0.851
1182.199175,131.211,4.143,126.179,0.724
1182.299816,103.255,3.927,98.369,0.793
1182.399664,117.606,4.118,112.565,0.761
1182.499507,95.519,3.979,90.483,0.891
1182.599330,115.094,3.947,110.232,0.755
1182.699163,113.143,4.125,107.491,1.340
1182.799818,120.804,4.027,115.864,0.719
1182.899650,91.202,3.945,86.273,0.813
1182.999489,105.121,3.939,100.242,0.772
1183.099340,84.073,4.070,78.900,0.917
1183.199181,124.160,4.074,119.134,0.784
1183.299820,108.990,4.003,103.833,0.986
1183.399658,99.111,3.929,94.245,0.762
1183.499505,98.264,3.997,93.174,0.930
1183.599344,108.884,3.892,104.026,0.797
1183.699165,92.683,4.087,87.357,1.063
1183.799789,82.521,4.060,77.537,0.752
1183.899623,82.439,4.021,77.284,0.969
1183.999456,114.116,4.038,109.162,0.740
1184.099299,96.413,3.899,91.466,0.878
1184.199128,90.881,4.094,85.782,0.836
1184.299758,80.293,3.928,74.752,1.432
1184.399617,94.436,3.953,89.551,0.757
1184.499456,118.207,5.853,109.828,2.344
1184.599299,110.988,3.940,106.138,0.714
1184.699139,95.344,3.976,90.315,0.882
1184.799766,74.321,4.145,69.183,0.824
1184.899615,84.084,4.113,78.901,0.899
1184.999459,113.912,4.164,108.820,0.758
1185.099306,134.300,4.118,128.042,1.960
1185.199145,86.528,3.952,81.700,0.678
1185.299770,105.817,4.150,100.552,0.950
1185.399612,132.852,4.130,127.765,0.690
1185.499455,94.951,3.943,90.027,0.806
1185.599285,113.198,4.086,107.681,1.245
1185.699121,103.000,3.962,98.135,0.713
1185.799750,121.624,4.040,116.655,0.767
1185.899589,103.775,4.122,93.859,5.578
1185.999419,116.852,4.137,111.742,0.768
1186.099251,104.804,3.907,99.906,0.820
1186.199501,122.183,4.055,117.247,0.714
1186.299339,110.610,3.927,105.778,0.741
1186.399200,97.449,3.994,92.460,0.825
1186.499443,99.857,3.956,94.930,0.804
1186.599301,108.538,3.945,103.696,0.733
1186.699122,100.640,3.956,95.691,0.817
1186.799758,84.021,3.926,79.176,0.754
1186.899598,95.636,3.931,90.773,0.765
1186.999440,83.173,3.901,78.378,0.730
1187.099294,84.494,3.926,79.047,1.327
1187.199134,86.204,3.961,81.105,0.967
1187.299765,94.097,4.003,89.071,0.848
1187.399618,79.712,4.121,74.676,0.745
1187.499462,98.450,3.938,93.474,0.872
1187.599303,108.820,4.144,103.730,0.776
1187.699160,100.506,3.952,95.503,0.849
1187.799788,134.053,5.758,126.736,1.370
1187.899639,98.228,3.991,93.227,0.805
1187.999483,108.534,4.158,103.478,0.731
1188.099331,94.096,3.995,89.096,0.846
1188.199178,107.793,4.062,102.805,0.763
1188.299810,122.606,4.131,117.196,1.107
1188.399649,98.699,3.947,93.677,0.907
1188.499486,105.960,4.178,100.763,0.827
1188.599342,104.470,4.119,99.433,0.736
1188.699176,109.064,3.968,104.113,0.820
1188.799806,89.469,3.948,84.603,0.748
1188.899660,95.960,4.118,90.884,0.794
1188.999504,78.650,3.929,73.805,0.752
1189.099355,111.064,3.924,106.160,0.806
1189.199200,103.798,3.989,98.943,0.699
1189.299434,91.681,4.137,86.538,0.834
1189.399281,119.073,3.880,114.288,0.746
1189.499121,108.665,4.090,103.578,0.830
1189.599776,88.159,3.986,83.266,0.734
1189.699617,91.930,3.916,86.626,1.213
1189.799458,115.094,3.933,110.258,0.740
1189.899285,102.460,4.133,97.336,0.832
1189.999120,99.319,4.157,94.180,0.775
1190.099763,96.174,4.163,91.039,0.804
1190.199599,102.531,4.120,97.464,0.774
1190.299449,91.729,4.120,86.602,0.844
1190.399288,96.898,3.894,91.673,1.165
1190.499129,86.509,3.909,81.572,0.862
1190.599762,105.924,3.915,101.075,0.755
1190.699611,111.620,3.943,106.717,0.792
1190.799443,120.476,3.947,115.513,0.848
1190.899277,82.536,4.121,77.336,0.806
1190.999122,91.232,4.133,86.190,0.745
1191.099755,102.262,4.014,97.255,0.827
1191.199589,104.090,3.933,99.230,0.760
1191.299423,89.390,4.038,84.362,0.822
1191.399257,91.505,4.050,86.545,0.744
1191.499497,89.915,3.995,84.910,0.844
1191.599342,113.846,3.945,108.994,0.739
1191.699196,101.887,4.121,96.825,0.774
1191.799827,101.297,4.117,96.280,0.735
1191.899665,82.062,4.117,76.924,0.856
1191.999496,113.980,3.971,109.120,0.719
1192.099345,98.171,3.948,93.231,0.832
1192.199174,96.900,3.903,91.675,1.158
1192.299801,103.360,4.063,98.295,0.822
1192.399650,86.264,4.104,81.257,0.738
1192.499504,80.717,3.867,75.845,0.843
1192.599358,75.998,3.928,71.074,0.828
1192.699202,74.785,5.665,68.098,0.854
1192.799434,85.498,4.132,80.450,0.748
1192.899269,111.717,4.017,106.692,0.839
1192.999528,91.965,3.917,87.118,0.764
1193.099374,85.191,4.091,80.116,0.815
1193.199202,95.776,4.033,90.841,0.735
1193.299437,88.138,4.117,83.037,0.817
1193.399277,115.498,4.094,110.499,0.743
1193.499101,103.438,3.905,98.577,0.790
1193.599739,113.038,3.968,108.093,0.809
1193.699568,93.806,4.012,88.758,0.862
1193.799411,117.897,3.915,113.072,0.739
1193.899257,102.157,3.942,97.193,0.850
1193.999499,108.854,4.132,103.733,0.816
1194.099333,91.255,3.989,86.183,0.916
1194.199163,89.697,3.991,84.775,0.762
1194.299795,92.613,3.921,87.643,0.885
1194.399625,86.552,4.130,81.527,0.729
1194.499454,97.141,3.997,92.163,0.815
1194.599301,101.419,3.902,96.537,0.785
1194.699148,97.204,3.944,92.286,0.805
1194.799798,106.165,4.050,101.201,0.752
1194.899646,97.744,4.084,92.659,0.835
1194.999487,97.624,3.987,92.739,0.736
1195.099322,113.250,3.994,108.278,0.815
1195.199171,94.438,3.910,89.612,0.749
1195.299805,102.515,3.933,97.589,0.823
1195.399648,99.129,4.089,94.128,0.735
1195.499483,117.446,3.996,112.249,1.034
1195.599329,75.777,3.973,70.915,0.723
1195.699169,82.221,4.036,77.005,1.010
1195.799811,79.487,3.935,74.658,0.726
1195.899652,95.490,3.933,90.580,0.813
1195.999496,96.851,3.919,92.020,0.746
1196.099338,95.095,3.914,90.038,0.971
1196.199181,105.495,3.974,100.480,0.874
1196.299820,98.899,4.125,93.401,1.085
1196.399657,75.566,3.917,70.473,1.004
1196.499494,92.306,3.956,87.297,0.869
1196.599325,123.754,4.149,118.537,0.897
1196.699157,113.126,4.111,107.975,0.854
1196.799793,117.024,4.038,112.058,0.759
1196.899640,112.246,3.984,107.201,0.855
1196.999494,118.929,4.218,113.772,0.741
1197.099334,115.017,4.140,108.299,2.386
1197.199167,121.458,4.220,116.244,0.717
1197.299810,86.915,4.028,81.793,0.927
1197.399662,113.398,3.955,108.007,1.251
1197.499497,103.679,4.079,98.276,0.985
1197.599341,83.472,3.938,78.350,1.010
1197.699196,106.558,3.940,100.905,1.522
1197.799843,88.683,4.257,83.442,0.710
1197.899690,88.257,4.001,83.183,0.884
1197.999548,109.876,4.014,104.882,0.811
1198.099389,95.011,4.012,89.933,0.895
1198.199229,74.514,4.128,69.441,0.761
1198.299466,87.995,4.101,82.906,0.823
1198.399311,104.944,3.935,100.114,0.731
1198.499148,114.884,4.075,109.015,1.603
1198.599785,120.637,4.140,115.499,0.798
1198.699628,93.985,3.896,89.005,0.899
1198.799476,136.719,3.861,131.994,0.701
1198.899318,99.672,3.987,94.719,0.790
1198.999162,99.560,3.875,94.284,1.216
1199.099818,126.480,3.885,121.554,0.844
1199.199675,124.938,3.886,120.094,0.748
1199.299503,115.149,3.963,107.527,3.450
1199.399352,112.667,4.060,107.740,0.670
1199.499200,103.468,3.930,98.563,0.810
1199.599448,96.931,4.026,91.635,1.094
1199.699293,79.726,3.876,74.663,1.022
1199.799129,103.404,3.880,98.548,0.806
1199.899755,91.784,3.923,86.612,1.068
1199.999597,86.350,3.870,80.894,1.413
1200.099434,89.136,3.968,84.178,0.824
1200.199278,86.050,3.904,81.240,0.740
1200.299126,98.508,3.912,93.596,0.838
1200.399767,99.838,4.070,94.880,0.714
1200.499609,114.608,4.019,109.582,0.843
1200.599452,82.361,4.108,77.310,0.773
1200.699285,81.912,4.087,76.833,0.829
1200.799124,95.381,3.893,90.548,0.759
1200.899778,100.594,3.977,95.661,0.785
1200.999599,112.629,4.073,107.596,0.790
1201.099428,84.921,3.973,79.929,0.839
1201.199271,112.826,3.905,108.021,0.738
1201.299517,121.158,3.895,116.267,0.816
1201.399350,88.899,3.938,84.050,0.752
1201.499194,106.737,4.106,101.583,0.843
1201.599821,82.504,3.894,77.706,0.714
1201.699664,99.640,3.970,94.685,0.813
1201.799509,90.566,4.048,85.459,0.845
1201.899340,101.025,3.979,96.023,0.830
1201.999170,90.272,4.052,85.319,0.736
1202.099801,110.285,5.545,103.695,0.877
1202.199620,112.678,3.905,107.877,0.729
1202.299466,94.061,3.924,89.112,0.858
1202.399294,95.926,3.916,90.653,1.186
1202.499135,94.348,3.942,89.259,0.972
1202.599770,89.394,4.033,84.397,0.747
1202.699597,100.231,4.123,95.110,0.818
1202.799446,82.028,3.941,77.160,0.754
1202.899282,101.101,3.945,96.015,0.975
1202.999122,97.402,3.956,92.433,0.847
1203.099754,98.135,4.005,92.861,1.088
1203.199595,96.277,4.174,91.034,0.892
1203.299443,82.184,4.038,77.017,0.958
1203.399295,91.036,3.921,86.026,0.824
1203.499119,91.201,3.988,86.252,0.789
1203.599752,108.885,3.937,103.931,0.845
1203.699599,102.758,3.946,97.719,0.925
1203.799442,102.170,4.179,97.062,0.736
1203.899289,88.784,3.994,83.408,1.193
1203.999124,105.114,3.974,100.122,0.736
1204.099767,89.351,3.996,84.338,0.850
1204.199600,108.487,4.010,103.369,0.936
1204.299443,102.559,4.004,97.479,0.895
1204.399297,109.456,3.972,104.290,1.028
1204.499139,77.794,4.122,72.568,0.927
1204.599770,109.067,4.126,103.946,0.808
1204.699608,97.772,4.044,92.640,0.916
1204.799450,101.157,3.950,96.278,0.762
1204.899274,99.936,3.964,94.888,0.913
1204.999519,109.608,4.088,104.548,0.791
1205.099357,111.186,3.917,106.104,0.993
1205.199202,111.201,3.946,106.354,0.735
1205.299438,128.392,3.903,123.489,0.830
1205.399276,100.534,3.914,95.706,0.747
1205.499508,82.818,4.080,77.741,0.807
1205.599344,103.158,3.882,98.343,0.758
1205.699181,76.318,3.929,70.828,1.378
1205.799823,120.922,4.070,115.943,0.739
1205.899667,84.442,3.962,79.462,0.856
1205.999503,97.130,3.920,92.150,0.893
1206.099334,105.448,3.893,100.476,0.800
1206.199174,104.450,3.897,99.617,0.759
1206.299808,142.772,3.945,137.783,0.862
1206.399632,113.425,4.122,108.399,0.737
1206.499467,76.825,3.922,71.828,0.902
1206.599314,98.681,4.108,93.639,0.764
1206.699146,96.128,3.998,91.112,0.851
1206.799792,140.273,4.093,135.188,0.816
1206.899640,89.283,4.021,84.246,0.850
1206.999476,102.849,4.079,97.757,0.830
1207.099322,79.048,4.068,73.926,0.877
1207.199159,132.608,5.589,126.106,0.750
1207.299809,89.518,3.967,84.320,1.060
1207.399649,95.463,3.908,90.611,0.765
1207.499492,74.003,4.172,68.781,0.874
1207.599335,96.054,3.940,91.167,0.774
1207.699175,89.754,4.105,84.509,0.969
1207.799815,121.458,4.003,116.530,0.750
1207.899646,86.602,4.089,81.465,0.881
1207.999476,105.334,3.908,100.496,0.763
1208.099317,89.531,3.951,84.560,0.854
1208.199153,106.667,3.923,101.774,0.799
1208.299795,97.487,3.884,92.570,0.865
1208.399621,94.948,4.078,89.900,0.766
1208.499465,99.995,3.930,95.030,0.828
1208.599301,94.935,3.925,90.081,0.756
1208.699130,93.004,3.936,87.736,1.162
1208.799776,94.538,4.043,89.500,0.758
1208.899607,93.931,3.935,88.944,0.874
1208.999444,92.736,3.940,87.900,0.730
1209.099288,96.070,3.992,91.055,0.852
1209.199140,101.641,4.126,96.558,0.791
1209.299781,86.288,4.084,80.638,1.401
1209.399612,102.213,3.942,97.395,0.708
1209.499457,117.748,3.936,112.769,0.874
1209.599283,121.977,3.973,117.077,0.757
1209.699117,95.414,3.944,90.448,0.856
1209.799754,95.606,3.992,90.700,0.750
1209.899596,129.582,3.993,123.960,1.455
1209.999432,88.525,4.184,83.384,0.791
1210.099256,86.879,3.967,81.859,0.888
1210.199489,101.949,4.033,96.966,0.786
1210.299341,108.389,4.011,103.310,0.896
1210.399174,107.784,4.030,102.472,1.084
1210.499810,114.393,4.231,108.937,0.999
1210.599651,113.010,5.728,106.273,0.839
1210.699499,97.450,4.019,92.320,0.902
1210.799331,94.997,3.961,90.086,0.764
1210.899177,73.394,3.939,68.386,0.900
1210.999805,182.512,3.957,177.653,0.727
1211.099653,134.858,4.092,129.660,0.936
1211.199488,108.017,3.876,103.128,0.840
1211.299312,87.046,3.926,82.085,0.864
1211.399155,92.699,3.957,86.782,1.789
1211.499801,119.402,3.915,114.399,0.905
1211.599642,87.476,4.117,82.378,0.788
1211.699478,115.237,4.097,110.048,0.912
1211.799312,96.422,3.934,91.566,0.761
1211.899143,130.735,4.140,124.993,1.414
1211.999793,113.330,3.957,108.482,0.687
1212.099637,82.579,3.955,77.575,0.883
1212.199469,130.216,4.110,124.734,1.195
1212.299306,96.269,3.974,91.366,0.745
1212.399153,79.928,3.906,75.099,0.759
1212.499791,139.726,3.903,133.073,2.554
1212.599634,118.843,4.287,113.264,0.818
1212.699478,87.377,4.044,82.301,0.863
1212.799327,84.332,4.009,79.196,0.938
1212.899170,98.036,4.018,92.977,0.869
1212.999813,108.621,3.941,103.751,0.748
1213.099643,152.741,4.013,146.794,1.751
1213.199495,152.487,3.944,147.606,0.741
1213.299351,111.014,3.918,104.708,2.187
1213.399192,124.527,4.100,119.562,0.668
1213.499841,113.533,5.849,105.850,1.642
1213.599662,127.768,4.092,122.770,0.703
1213.699508,96.621,3.925,91.674,0.848
1213.799350,118.419,3.925,113.513,0.788
1213.899181,94.276,3.918,88.327,1.835
1213.999831,108.128,4.024,103.122,0.809
1214.099664,97.782,3.949,92.753,0.874
1214.199513,84.084,4.084,79.080,0.755
1214.299354,113.257,5.620,106.579,0.879
1214.399184,83.929,3.879,78.987,0.894
1214.499823,99.230,4.077,94.104,0.869
1214.599664,105.985,3.998,101.042,0.778
1214.699488,96.976,4.109,91.822,0.871
1214.799327,108.916,3.954,103.885,0.912
1214.899160,102.645,3.931,97.739,0.806
1214.999790,98.544,3.960,93.669,0.747
1215.099633,95.745,3.935,90.762,0.883
1215.199475,85.639,3.981,80.767,0.725
1215.299326,83.009,3.909,78.071,0.853
1215.399168,99.272,4.078,94.293,0.736
1215.499802,85.657,5.653,78.989,0.845
1215.599640,87.117,4.066,82.139,0.747
1215.699490,89.871,3.899,84.948,0.862
1215.799343,107.299,4.111,102.298,0.722
1215.899185,99.628,3.956,94.617,0.888
1215.999817,90.709,4.095,85.709,0.739
1216.099659,102.289,3.967,97.258,0.898
1216.199501,121.770,4.008,116.852,0.745
1216.299360,81.842,4.134,76.669,0.860
1216.399214,93.292,3.923,88.436,0.761
1216.499454,97.168,4.038,91.566,1.392
1216.599296,112.816,3.998,107.854,0.794
1216.699121,98.204,3.952,93.229,0.854
1216.799752,121.468,3.964,116.603,0.735
1216.899603,80.631,3.980,75.594,0.887
1216.999442,95.471,3.992,90.579,0.738
1217.099281,117.595,4.136,112.364,0.930
1217.199126,116.650,3.979,111.734,0.764
1217.299762,101.932,3.926,97.028,0.813
1217.399596,90.236,3.903,85.392,0.774
1217.499430,106.640,4.022,101.585,0.862
1217.599270,91.036,4.115,86.001,0.727
1217.699530,93.835,3.954,88.856,0.847
1217.799363,112.525,3.897,107.708,0.751
1217.899214,112.509,4.115,107.084,1.144
1217.999451,112.710,3.932,107.639,0.938
1218.099293,105.313,3.948,100.149,0.864
1218.199136,146.673,3.934,141.827,0.747
1218.299769,87.108,3.934,82.042,0.962
1218.399612,114.729,3.913,109.741,0.907
1218.499444,93.130,4.079,88.029,0.830
1218.599284,115.359,3.975,110.470,0.750
1218.699130,94.395,3.909,89.445,0.875
1218.799767,115.452,3.996,110.578,0.713
1218.899604,102.769,3.902,97.817,0.881
1218.999455,100.070,3.946,95.152,0.804
1219.099288,114.746,5.772,107.293,1.507
1219.199127,123.868,4.124,118.842,0.741
1219.299761,115.140,4.059,110.049,0.857
1219.399587,97.290,4.089,92.300,0.736
1219.499426,103.574,3.945,98.600,0.848
1219.599269,102.207,4.085,97.216,0.739
1219.699512,95.559,3.899,90.617,0.867
1219.799340,86.862,3.951,81.866,0.871
1219.899182,92.418,4.100,86.129,1.956
1219.999822,94.408,4.139,89.277,0.754
1220.099668,107.437,3.928,101.617,1.694
1220.199505,144.673,4.027,139.198,1.224
1220.299342,87.282,3.934,82.379,0.771
1220.399185,138.320,3.927,132.395,1.814
1220.499829,119.347,4.291,113.618,0.942
1220.599658,135.907,4.089,130.905,0.746
1220.699488,109.969,3.883,105.086,0.831
1220.799331,92.749,3.884,87.974,0.722
1220.899159,96.729,4.081,91.670,0.814
1220.999798,91.598,3.898,86.808,0.728
1221.099655,100.779,4.112,95.692,0.806
1221.199499,96.035,3.913,91.223,0.728
1221.299346,95.351,4.019,90.316,0.848
1221.399196,92.230,4.102,87.079,0.884
1221.499831,83.386,3.997,77.865,1.339
1221.599685,86.840,3.989,81.793,0.887
1221.699522,95.795,3.926,90.786,0.921
1221.799371,99.451,4.114,94.420,0.750
1221.899205,84.982,4.142,79.600,1.040
1221.999444,85.269,3.906,80.447,0.745
1222.099290,101.706,3.890,96.490,1.144
1222.199139,105.571,3.945,100.665,0.738
1222.299768,126.694,3.937,121.171,1.370
1222.399601,98.385,3.969,93.390,0.753
1222.499439,125.018,4.133,119.843,0.880
1222.599290,191.276,3.938,185.840,1.323
1222.699136,147.412,3.921,142.425,0.860
1222.799780,136.208,3.972,131.361,0.706
1222.899620,110.061,3.987,105.035,0.862
1222.999467,145.118,3.923,140.352,0.675
1223.099319,89.854,4.095,84.766,0.829
1223.199150,106.655,3.916,101.862,0.715
1223.299792,117.691,3.900,112.764,0.837
1223.399626,115.393,3.945,110.490,0.792
1223.499457,90.903,5.604,84.251,0.867
1223.599289,124.692,3.909,119.762,0.848
1223.699128,108.810,3.891,103.639,1.088
1223.799775,113.616,3.921,108.805,0.713
1223.899608,116.317,4.063,111.169,0.919
1223.999442,130.465,4.125,125.405,0.764
1224.099282,101.071,4.112,95.881,0.915
1224.199126,82.783,3.891,77.971,0.750
1224.299773,87.621,4.075,82.236,1.133
1224.399608,151.159,4.093,146.136,0.765
1224.499441,108.677,3.940,103.458,1.081
1224.599271,107.151,3.976,101.904,1.110
1224.699496,84.473,4.054,79.046,1.191
1224.799340,113.672,3.945,108.539,0.902
1224.899192,94.641,4.074,89.271,1.037
1224.999834,82.017,3.933,76.969,0.949
1225.099677,114.194,3.965,109.002,1.034
1225.199502,120.790,3.926,115.901,0.793
1225.299341,101.724,4.099,96.626,0.827
1225.399171,102.733,3.915,97.907,0.744
1225.499807,123.369,4.110,118.177,0.912
1225.599662,101.939,3.937,97.115,0.724
1225.699510,102.060,3.905,97.110,0.880
1225.799351,94.268,4.108,89.233,0.761
1225.899194,86.768,4.118,81.472,0.971
1225.999840,106.864,4.087,101.879,0.734
1226.099676,107.240,3.924,102.316,0.834
1226.199526,160.437,3.925,155.609,0.736
1226.299378,77.854,3.918,72.750,1.020
1226.399232,114.575,4.049,109.530,0.823
1226.499469,114.358,3.989,109.346,0.858
1226.599306,107.379,4.012,102.410,0.774
1226.699138,115.475,4.105,110.336,0.869
1226.799779,107.927,3.929,103.066,0.739
1226.899600,103.009,3.920,98.114,0.809
1226.999432,98.249,3.888,93.456,0.741
1227.099263,108.745,3.924,103.764,0.883
1227.199516,119.757,4.139,114.034,1.406
1227.299358,78.814,3.909,73.877,0.852
1227.399191,119.747,3.932,114.825,0.824
1227.499831,101.582,4.185,96.361,0.862
1227.599674,110.714,4.191,105.601,0.763
1227.699509,144.677,3.971,139.155,1.349
1227.799352,115.221,3.977,110.349,0.695
1227.899196,104.334,4.107,99.164,0.897
1227.999852,119.017,3.912,114.137,0.801
1228.099698,99.229,3.919,93.729,1.384
1228.199517,132.259,4.264,126.528,1.186
1228.299367,94.429,4.098,89.309,0.821
1228.399207,151.295,3.892,146.450,0.757
1228.499449,84.484,3.907,79.630,0.776
1228.599295,96.891,3.930,92.019,0.775
1228.699132,102.886,4.101,97.734,0.879
1228.799770,126.376,4.111,121.297,0.803
1228.899617,130.788,4.081,124.539,1.984
1228.999443,114.097,3.919,109.280,0.699
1229.099290,139.915,4.079,134.335,1.304
1229.199131,116.919,3.951,111.951,0.788
1229.299780,102.421,3.994,97.370,0.888
1229.399626,94.623,4.086,89.617,0.751
1229.499455,116.796,3.902,111.872,0.858
1229.599294,102.631,3.923,97.487,1.021
1229.699141,105.125,4.088,100.072,0.802
1229.799775,116.462,3.920,111.596,0.776
1229.899620,100.521,3.934,95.502,0.918
1229.999478,117.483,3.909,112.704,0.703
1230.099320,120.642,3.919,115.491,1.063
1230.199165,100.000,4.064,95.024,0.742
1230.299814,83.174,3.897,78.289,0.820
1230.399639,91.169,3.945,86.347,0.712
1230.499483,91.059,3.924,85.806,1.156
1230.599315,110.702,3.950,105.856,0.730
1230.699161,87.118,5.717,80.291,0.938
1230.799800,88.650,4.087,83.647,0.745
1230.899644,82.443,3.932,77.510,0.827
1230.999485,83.338,4.056,78.289,0.825
1231.099324,103.931,3.903,98.943,0.909
1231.199159,87.294,4.049,82.319,0.759
1231.299796,94.602,4.124,89.277,1.023
1231.399645,92.291,5.582,85.676,0.763
1231.499490,110.819,4.060,105.658,0.906
1231.599326,111.498,4.117,106.380,0.829
1231.699150,114.304,3.985,108.738,1.406
1231.799782,85.244,3.898,80.178,0.997
1231.899619,70.502,3.902,65.516,0.813
1231.999456,109.057,3.909,104.212,0.771
1232.099281,113.023,3.971,107.865,1.015
1232.199138,86.929,5.712,80.305,0.745
1232.299786,84.777,3.954,79.815,0.838
1232.399629,94.068,3.999,89.164,0.740
1232.499467,99.675,4.088,94.643,0.780
1232.599295,115.211,4.112,110.000,0.927
1232.699134,102.099,3.946,96.675,1.289
1232.799778,90.213,4.204,85.058,0.768
1232.899605,149.221,3.902,143.738,1.383
1232.999457,103.923,3.907,99.133,0.683
1233.099315,74.740,4.004,69.670,0.902
1233.199150,113.416,3.944,108.015,1.270
1233.299794,152.366,3.922,147.501,0.742
1233.399635,98.849,4.088,93.868,0.729
1233.499467,155.785,4.202,150.434,0.981
1233.599315,92.972,3.910,88.200,0.698
1233.699156,123.794,5.650,116.427,1.509
1233.799786,111.826,3.909,107.028,0.675
1233.899637,102.617,4.101,97.476,0.872
1233.999481,97.810,3.902,92.551,1.174
1234.099307,98.580,3.896,93.776,0.712
1234.199162,101.996,3.921,97.171,0.745
1234.299810,127.720,4.055,120.968,2.435
1234.399649,122.141,3.899,117.107,0.681
1234.499487,102.288,3.909,95.403,2.773
1234.599334,127.395,3.903,122.616,0.683
1234.699172,102.783,3.926,97.338,1.361
1234.799820,116.218,3.954,110.794,1.286
1234.899654,105.106,4.143,100.011,0.764
1234.999503,108.036,4.135,102.954,0.780
1235.099333,94.481,4.041,89.358,0.902
1235.199164,114.048,3.987,109.033,0.857
1235.299815,88.439,4.170,83.232,0.853
1235.399672,91.725,4.029,86.734,0.797
1235.499518,86.783,3.969,81.752,0.875
1235.599364,95.403,3.923,90.548,0.764
1235.699220,84.440,4.149,79.288,0.841
1235.799455,121.164,4.135,116.111,0.745
1235.899288,110.649,4.010,105.597,0.874
1235.999132,111.680,4.107,106.620,0.766
1236.099780,83.685,3.921,78.742,0.846
1236.199629,121.574,5.798,114.857,0.748
1236.299467,92.048,4.034,86.847,0.977
1236.399297,103.546,4.017,98.594,0.764
1236.499147,76.995,3.922,72.037,0.854
1236.599800,101.498,3.918,96.710,0.706
1236.699628,96.626,3.902,91.683,0.872
1236.799475,98.130,3.984,93.204,0.753
1236.899300,127.408,4.087,122.309,0.844
1236.999151,84.340,3.940,79.474,0.759
1237.099799,106.645,3.918,101.522,1.035
1237.199645,95.461,3.937,90.623,0.720
1237.299467,106.486,3.931,101.483,0.912
1237.399314,87.151,3.956,82.274,0.755
1237.499150,91.035,4.100,85.847,0.913
1237.599794,114.818,3.948,109.971,0.730
1237.699642,101.076,4.079,95.779,1.051
1237.799478,85.651,4.003,80.742,0.732
1237.899313,108.573,3.947,103.632,0.829
1237.999162,104.943,3.960,99.663,1.125
1238.099807,115.221,4.161,107.881,2.867
1238.199648,120.644,4.154,115.596,0.691
1238.299493,90.086,3.942,84.852,1.087
1238.399351,148.525,3.933,143.711,0.686
1238.499194,93.271,3.911,88.438,0.744
1238.599829,156.293,5.788,148.969,1.358
1238.699675,101.495,3.934,96.556,0.801
1238.799532,94.323,4.103,89.280,0.773
1238.899387,99.949,3.983,94.912,0.887
1238.999221,100.271,4.005,95.366,0.731
1239.099468,85.902,3.951,80.910,0.871
1239.199308,138.505,4.032,133.514,0.771
1239.299149,122.757,4.026,117.726,0.840
1239.399777,169.050,4.141,163.468,1.271
1239.499620,124.946,4.132,119.818,0.798
1239.599466,96.803,4.116,91.325,1.185
1239.699323,115.665,3.896,110.197,1.363
1239.799161,130.280,3.945,125.425,0.711
1239.899791,79.685,3.970,74.695,0.854
1239.999636,129.096,3.920,123.675,1.318
1240.099478,119.675,3.933,114.731,0.809
1240.199315,93.062,4.098,88.082,0.717
1240.299162,121.687,4.009,116.738,0.744
1240.399800,93.837,5.833,87.136,0.705
1240.499662,85.719,3.906,80.252,1.376
1240.599498,145.356,4.146,140.273,0.713
1240.699334,126.152,3.908,121.149,0.927
1240.799162,112.692,3.923,107.785,0.813
1240.899807,112.101,3.964,107.164,0.805
1240.999641,103.761,4.079,98.740,0.775
1241.099485,95.392,4.021,90.468,0.741
1241.199318,89.729,4.147,84.488,0.902
1241.299159,113.711,4.091,108.630,0.822
1241.399809,121.292,3.923,116.480,0.723
1241.499641,101.350,3.935,96.412,0.834
1241.599489,91.938,4.134,86.678,0.950
1241.699328,107.784,3.933,102.860,0.823
1241.799163,115.391,4.003,110.492,0.731
1241.899795,119.670,4.041,113.814,1.625
1241.999644,126.987,3.969,122.151,0.671
1242.099476,116.155,3.905,110.603,1.443
1242.199317,131.098,4.111,126.089,0.698
1242.299161,84.967,3.932,80.037,0.834
1242.399789,137.210,4.022,131.766,1.245
1242.499632,135.695,3.930,130.741,0.834
1242.599484,116.139,4.127,111.098,0.751
1242.699318,97.218,3.970,92.227,0.856
1242.799159,93.904,3.950,89.029,0.749
1242.899806,88.674,4.103,83.537,0.808
1242.999651,102.493,3.952,97.623,0.748
1243.099486,108.717,4.040,103.643,0.862
1243.199337,110.599,4.143,105.349,0.943
1243.299176,100.590,4.213,94.854,1.287
1243.399804,96.233,4.144,91.069,0.854
1243.499663,106.241,3.933,101.306,0.835
1243.599502,91.363,4.080,86.336,0.778
1243.699336,108.474,3.925,103.552,0.823
1243.799177,102.249,3.891,97.471,0.723
1243.899817,79.640,3.905,74.741,0.828
1243.999649,120.761,3.918,115.941,0.734
1244.099487,107.646,3.936,102.602,0.932
1244.199328,121.770,4.103,116.676,0.823
1244.299167,118.348,4.131,112.502,1.492
1244.399801,101.815,4.181,96.707,0.725
1244.499655,110.862,3.999,105.860,0.834
1244.599495,141.087,4.094,136.150,0.668
1244.699335,104.419,4.099,99.405,0.753
1244.799174,98.511,3.947,93.472,0.919
1244.899819,109.574,3.982,104.596,0.827
1244.999658,109.866,3.966,104.986,0.747
1245.099495,97.240,3.947,92.245,0.853
1245.199325,100.063,3.989,95.093,0.782
1245.299178,100.178,3.941,95.141,0.932
1245.399814,121.722,4.044,116.237,1.173
1245.499671,88.976,3.961,83.575,1.265
1245.599510,88.621,4.079,83.602,0.771
1245.699352,83.671,4.135,78.499,0.869
1245.799190,95.361,3.933,90.527,0.739
1245.899813,86.548,3.881,81.651,0.845
1245.999654,116.562,3.938,111.689,0.769
1246.099499,101.512,3.928,96.564,0.847
1246.199345,114.903,3.908,110.074,0.755
1246.299203,89.903,3.934,84.811,0.996
1246.399429,95.480,4.189,90.258,0.840
1246.499270,106.609,3.909,101.497,1.025
1246.599502,107.121,4.108,102.020,0.819
1246.699343,81.615,3.965,76.665,0.785
1246.799162,112.693,3.977,107.827,0.727
1246.899816,109.803,4.139,102.877,2.577
1246.999650,120.609,4.123,115.608,0.664
1247.099509,97.156,3.952,91.904,1.129
1247.199349,142.824,4.004,137.932,0.712
1247.299197,115.016,3.993,109.940,0.917
1247.399823,95.494,3.984,90.527,0.739
1247.499663,102.356,3.954,97.352,0.873
1247.599510,88.997,3.957,84.154,0.718
1247.699356,90.471,4.024,85.393,0.879
1247.799190,119.208,3.974,114.318,0.743
1247.899829,106.710,4.140,101.584,0.805
1247.999671,89.942,5.724,83.289,0.764
1248.099508,90.238,4.017,85.215,0.833
1248.199344,104.577,4.149,99.503,0.755
1248.299183,102.532,3.948,97.563,0.849
1248.399821,129.979,4.164,124.594,1.055
1248.499658,108.323,3.931,102.806,1.378
1248.599495,86.486,3.970,81.043,1.307
1248.699339,79.185,3.963,73.973,1.062
1248.799181,107.317,4.000,102.333,0.768
1248.899831,115.945,3.925,110.910,0.942
1248.999651,125.447,3.965,120.590,0.714
1249.099496,104.810,3.898,99.890,0.841
1249.199345,121.710,3.947,116.835,0.763
1249.299181,119.363,4.080,114.208,0.904
1249.399823,95.149,4.053,89.979,0.935
1249.499662,87.172,3.986,82.019,0.964
1249.599482,102.431,3.928,97.580,0.750
1249.699322,87.172,4.022,82.121,0.846
1249.799164,115.601,5.646,108.979,0.808
1249.899803,96.949,3.954,92.011,0.815
1249.999646,93.708,4.049,88.766,0.728
1250.099490,110.251,3.900,105.300,0.890
1250.199312,111.316,3.977,106.454,0.716
1250.299160,106.222,3.941,101.237,0.875
1250.399806,82.687,3.939,77.828,0.753
1250.499644,146.877,3.933,141.394,1.380
1250.599500,99.095,4.032,94.168,0.693
1250.699348,94.965,4.055,89.852,0.890
1250.799204,125.767,4.054,120.845,0.700
1250.899429,110.216,4.103,105.133,0.812
1250.999266,109.516,4.151,104.423,0.771
1251.099490,91.629,4.078,86.490,0.893
1251.199325,115.830,4.149,110.747,0.770
1251.299165,111.393,3.960,105.884,1.368
1251.399804,148.033,3.944,143.126,0.743
1251.499648,89.923,3.952,84.908,0.900
1251.599493,86.999,4.041,81.903,0.888
1251.699338,96.847,4.021,91.542,0.913
1251.799162,90.459,4.189,85.309,0.791
1251.899785,104.631,3.995,99.332,1.128
1251.999620,95.475,4.025,90.240,0.988
1252.099451,109.233,3.966,103.457,1.597
1252.199292,97.981,4.065,92.993,0.708
1252.299127,85.224,3.935,80.042,1.068
1252.399773,113.541,4.166,108.282,0.925
1252.499621,92.482,3.989,87.297,0.909
1252.599455,102.218,4.126,96.904,1.022
1252.699274,84.533,4.015,79.494,0.850
1252.799516,125.165,4.115,119.916,0.950
1252.899347,114.828,4.177,109.637,0.847
1252.999183,90.811,4.131,85.735,0.776
1253.099819,116.830,3.950,111.812,0.898
1253.199654,127.314,3.923,122.459,0.762
1253.299494,93.848,4.021,88.849,0.812
1253.399325,99.547,4.117,94.475,0.788
1253.499170,88.786,4.011,83.691,0.912
1253.599806,98.445,4.173,93.346,0.726
1253.699639,110.920,3.939,105.947,0.867
1253.799473,99.430,4.053,94.484,0.728
1253.899298,112.512,4.147,107.289,0.910
1253.999138,100.780,3.992,95.866,0.757
1254.099767,100.446,4.025,95.449,0.808
1254.199613,109.670,4.192,104.507,0.799
1254.299456,85.196,4.164,79.992,0.836
1254.399300,92.523,3.963,87.466,0.901
1254.499147,86.106,4.140,80.769,0.932
1254.599781,94.616,4.011,89.631,0.802
1254.699622,102.239,4.010,97.179,0.872
1254.799461,91.963,3.976,86.911,0.909
1254.899299,112.396,3.959,107.438,0.824
1254.999140,113.404,4.030,108.467,0.742
1255.099781,116.593,4.021,111.570,0.833
1255.199615,154.254,4.194,149.099,0.792
1255.299453,114.462,3.947,109.491,0.848
1255.399299,110.383,3.945,105.488,0.786
1255.499157,100.539,4.159,95.366,0.844
1255.599799,99.603,4.183,94.507,0.747
1255.699646,97.054,3.996,91.989,0.902
1255.799491,101.991,3.999,97.010,0.814
1255.899338,93.334,4.189,88.041,0.916
1255.999169,92.446,3.970,87.559,0.754
1256.099821,113.502,4.038,108.504,0.796
1256.199666,91.705,4.159,86.632,0.747
1256.299499,111.239,3.956,106.283,0.829
1256.399345,110.308,3.945,105.440,0.751
1256.499183,116.044,4.047,110.733,1.084
1256.599831,118.524,4.178,113.364,0.745
1256.699677,111.031,3.972,106.014,0.869
1256.799536,85.894,4.049,80.946,0.732
1256.899380,92.540,4.049,87.436,0.888
1256.999223,108.027,3.966,103.140,0.751
1257.099479,113.343,4.007,108.314,0.853
1257.199332,110.627,3.993,105.583,0.867
1257.299170,108.767,4.048,103.781,0.776
1257.399800,120.624,4.106,115.515,0.815
1257.499621,110.107,4.085,105.046,0.803
1257.599456,89.207,4.167,83.974,0.893
1257.699307,92.220,4.331,86.554,1.152
1257.799150,121.152,4.006,116.067,0.909
1257.899787,110.795,3.995,105.621,0.995
1257.999620,93.158,3.991,88.182,0.801
1258.099455,102.699,4.184,97.156,1.161
1258.199308,84.409,4.155,79.332,0.752
1258.299153,105.223,3.995,100.238,0.834
1258.399784,97.975,4.201,92.837,0.763
1258.499632,119.573,4.063,114.198,1.143
1258.599464,91.307,3.967,86.362,0.765
1258.699296,84.904,4.137,79.563,1.028
1258.799135,102.221,3.984,97.158,0.883
1258.899767,111.917,3.993,106.154,1.522
1258.999612,112.606,4.165,107.463,0.767
1259.099441,106.403,3.970,101.396,0.824
1259.199282,129.720,4.179,123.836,1.517
1259.299126,155.286,4.026,149.789,1.297
1259.399771,90.479,4.202,85.329,0.764
1259.499618,74.117,4.049,69.089,0.788
1259.599452,93.242,3.962,88.146,0.942
1259.699302,87.181,3.972,82.147,0.892
1259.799141,114.442,3.961,109.050,1.254
1259.899788,113.789,3.979,108.460,1.179
1259.999622,89.250,3.990,84.117,0.972
1260.099460,115.315,4.067,110.012,1.060
1260.199276,119.071,4.190,113.764,0.950
1260.299516,111.940,3.967,106.924,0.881
1260.399361,109.734,3.996,104.813,0.751
1260.499194,87.181,4.144,82.023,0.823
1260.599822,84.375,4.004,79.342,0.864
1260.699654,78.322,4.134,72.904,1.110
1260.799497,123.182,3.981,118.210,0.829
1260.899340,110.457,4.011,105.402,0.879
1260.999174,110.034,4.033,105.049,0.785
1261.099832,92.181,4.070,87.083,0.858
1261.199682,123.242,4.210,118.090,0.733
1261.299513,116.599,3.976,111.572,0.887
1261.399354,108.037,4.017,103.038,0.810
1261.499188,84.701,3.993,79.727,0.812
1261.599825,95.743,3.990,90.822,0.764
1261.699670,104.650,4.126,99.560,0.791
1261.799505,93.026,4.195,87.931,0.736
1261.899324,103.066,4.185,97.934,0.781
1261.999155,103.553,4.182,98.443,0.763
1262.099791,92.280,3.980,87.274,0.858
1262.199617,115.478,4.011,110.522,0.775
1262.299461,95.483,4.011,90.489,0.818
1262.399292,107.512,4.036,102.374,0.936
1262.499137,113.773,3.962,108.505,1.126
1262.599770,127.459,4.143,122.283,0.780
1262.699621,113.018,4.138,107.834,0.874
1262.799462,120.634,4.023,115.671,0.775
1262.899303,94.699,3.986,89.706,0.834
1262.999141,120.808,4.300,115.527,0.814
1263.099774,112.684,4.012,107.517,0.989
1263.199610,121.190,4.005,116.134,0.882
1263.299436,91.286,3.982,86.191,0.939
1263.399278,88.548,4.090,83.285,1.005
1263.499125,109.039,4.221,103.736,0.887
1263.599770,106.422,3.998,101.423,0.815
1263.699612,83.410,3.991,78.225,1.000
1263.799450,100.555,4.098,95.517,0.769
1263.899282,80.272,4.083,75.203,0.823
1263.999117,106.856,4.077,101.833,0.781
1264.099742,100.600,4.017,95.590,0.825
1264.199581,109.569,4.001,104.613,0.785
1264.299428,142.326,4.002,136.566,1.578
1264.399261,120.611,4.181,115.527,0.707
1264.499499,149.727,4.056,143.619,1.840
1264.599329,101.673,4.038,96.699,0.731
1264.699168,104.979,4.023,99.771,1.013
1264.799809,105.948,3.981,101.027,0.769
1264.899657,96.690,4.150,91.472,0.904
1264.999488,90.368,4.197,85.222,0.781
1265.099325,88.783,4.051,83.665,0.899
1265.199163,92.695,4.207,87.504,0.802
1265.299810,81.356,4.048,76.230,0.897
1265.399654,105.890,4.041,100.868,0.815
1265.499500,88.390,4.038,83.329,0.856
1265.599342,110.737,4.028,105.778,0.765
1265.699199,85.758,4.052,80.741,0.794
1265.799459,103.624,4.020,98.611,0.790
1265.899298,89.495,4.163,84.348,0.811
1265.999135,95.639,3.975,90.744,0.750
1266.099790,114.374,4.175,109.185,0.825
1266.199630,120.211,3.990,115.288,0.770
1266.299473,89.421,4.036,84.302,0.911
1266.399316,93.144,4.039,87.863,0.964
1266.499155,89.289,4.182,84.075,0.854
1266.599798,89.476,3.997,84.563,0.745
1266.699639,85.605,4.173,80.345,0.919
1266.799484,101.947,4.013,96.949,0.816
1266.899305,103.621,3.975,98.682,0.796
1266.999129,106.949,4.197,101.849,0.738
1267.099766,99.616,4.050,94.573,0.827
1267.199611,94.799,4.191,89.682,0.757
1267.299456,100.150,4.167,94.489,1.326
1267.399282,102.930,3.979,98.023,0.759
1267.499123,110.817,3.990,105.647,1.006
1267.599769,103.428,4.171,98.262,0.815
1267.699604,109.739,3.986,104.642,0.942
1267.799450,118.766,4.083,113.701,0.805
1267.899293,85.820,4.133,80.632,0.884
1267.999134,102.308,4.066,97.300,0.773
1268.099763,104.340,4.017,99.118,0.990
1268.199597,108.095,4.020,103.091,0.811
1268.299438,87.769,3.998,82.003,1.577
1268.399281,92.610,4.690,86.982,0.694
1268.499118,79.120,4.004,74.226,0.730
1268.599755,118.945,3.978,113.957,0.817
1268.699608,77.943,4.010,72.889,0.874
1268.799450,89.008,4.202,83.880,0.759
1268.899278,78.682,4.133,73.497,0.886
1268.999127,92.196,4.158,87.137,0.742
1269.099751,103.195,3.985,98.249,0.787
1269.199592,97.721,3.961,92.839,0.751
1269.299424,81.461,3.967,76.458,0.867
1269.399269,102.611,3.995,97.588,0.852
1269.499512,96.234,4.070,91.145,0.826
1269.599357,107.795,4.021,102.834,0.769
1269.699200,124.844,4.091,119.699,0.880
1269.799446,115.663,4.001,110.756,0.743
1269.899290,113.222,3.971,108.234,0.853
1269.999117,108.944,4.215,103.830,0.743
1270.099758,115.280,4.192,109.689,1.222
1270.199594,119.513,4.210,114.371,0.755
1270.299435,98.893,4.069,93.665,0.975
1270.399278,109.798,4.061,104.764,0.774
1270.499131,101.637,3.981,96.581,0.907
1270.599775,119.782,4.169,114.679,0.766
1270.699611,119.157,3.979,114.198,0.807
1270.799448,100.989,3.968,96.115,0.736
1270.899299,160.255,3.975,154.561,1.504
1270.999145,104.309,4.098,99.332,0.681
1271.099780,93.268,3.998,88.198,0.905
1271.199615,144.597,4.131,139.486,0.808
1271.299472,112.214,4.140,107.009,0.890
1271.399319,95.263,3.978,90.303,0.811
1271.499144,115.413,4.156,108.761,2.306
1271.599787,97.730,4.087,92.711,0.715
1271.699636,89.064,4.000,84.073,0.824
1271.799477,89.118,3.993,84.073,0.879
1271.899316,88.001,4.072,82.922,0.835
1271.999154,103.208,4.162,98.117,0.764
1272.099804,116.001,4.164,110.695,0.975
1272.199650,113.154,4.012,107.893,1.081
1272.299514,112.619,4.040,107.572,0.803
1272.399363,112.618,4.189,107.494,0.769
1272.499196,122.659,4.188,117.451,0.853
1272.599847,107.824,4.200,102.669,0.765
1272.699694,99.618,4.092,94.537,0.804
1272.799528,109.670,4.015,104.708,0.780
1272.899370,81.525,3.972,76.460,0.913
1272.999220,109.326,4.058,104.360,0.743
1273.099473,122.554,4.168,117.395,0.821
1273.199315,89.154,4.063,84.139,0.783
1273.299162,105.864,4.003,99.822,1.837
1273.399798,98.639,3.981,93.118,1.341
1273.499631,100.777,4.043,95.732,0.827
1273.599470,108.637,4.000,103.269,1.193
1273.699309,119.284,4.178,113.289,1.620
1273.799150,86.209,4.082,81.078,0.769
1273.899791,105.909,4.171,100.218,1.340
1273.999639,142.883,4.169,137.785,0.712
1274.099489,104.024,4.175,98.852,0.832
1274.199326,107.213,5.699,100.098,1.240
1274.299158,119.162,4.198,113.994,0.775
1274.399804,99.699,5.710,92.673,1.144
1274.499643,98.502,5.778,91.532,1.014
1274.599477,96.015,4.319,90.590,0.842
1274.699314,91.588,4.072,86.480,0.859
1274.799163,116.705,4.003,111.727,0.802
1274.899795,98.091,4.095,92.877,0.910
1274.999636,92.751,4.007,87.738,0.825
1275.099473,80.891,4.206,75.674,0.829
1275.199307,103.614,4.163,98.513,0.772
1275.299147,116.596,4.006,111.492,0.930
1275.399775,116.071,4.162,110.673,1.021
1275.499625,151.584,4.053,145.620,1.730
1275.599469,109.575,3.993,104.730,0.687
1275.699322,112.885,3.988,107.272,1.438
1275.799165,124.930,4.246,119.746,0.723
1275.899800,80.562,4.105,75.368,0.923
1275.999632,116.575,4.290,111.259,0.837
1276.099473,89.359,4.081,84.247,0.845
1276.199326,86.416,4.057,81.386,0.783
1276.299170,106.392,4.292,100.986,0.938
1276.399797,107.595,4.088,101.540,1.783
1276.499649,98.863,4.077,93.625,0.822
1276.599498,78.597,4.046,73.627,0.757
1276.699334,114.958,4.184,109.722,0.877
1276.799172,103.119,4.039,98.113,0.802
1276.899808,100.778,4.046,95.610,0.946
1276.999639,83.862,3.984,78.918,0.786
1277.099481,91.174,3.987,86.185,0.832
1277.199322,146.354,4.178,141.176,0.775
1277.299156,99.550,4.069,94.478,0.821
1277.399790,93.381,3.979,88.194,1.003
1277.499642,98.406,5.773,91.610,0.856
1277.599477,105.453,4.166,100.189,0.909
1277.699314,97.986,4.120,92.848,0.846
1277.799156,107.046,4.169,101.985,0.725
1277.899780,85.591,5.741,78.588,1.083
1277.999625,96.830,4.040,91.174,1.442
1278.099470,91.611,4.010,86.306,1.129
1278.199297,101.327,4.113,96.219,0.828
1278.299126,76.430,4.091,71.314,0.847
1278.399784,105.263,4.220,99.130,1.735
1278.499612,118.370,4.099,110.935,3.076
1278.599452,98.240,4.170,92.943,0.766
1278.699286,87.878,4.020,82.806,0.881
1278.799119,84.170,3.972,79.244,0.773
1278.899771,111.316,4.094,106.007,1.047
1278.999610,86.053,4.219,80.869,0.763
1279.099456,82.281,4.129,77.086,0.900
1279.199295,128.423,4.218,123.255,0.780
1279.299125,109.372,4.010,103.686,1.485
1279.399752,125.816,4.215,120.708,0.693
1279.499599,107.907,4.206,101.941,1.529
1279.599446,133.701,4.019,128.777,0.716
1279.699289,95.063,3.991,90.031,0.872
1279.799125,88.381,4.052,83.408,0.759
1279.899773,87.057,3.978,82.022,0.887
1279.999614,110.639,4.054,105.682,0.737
1280.099465,80.702,4.048,75.674,0.818
1280.199306,86.100,3.979,81.199,0.757
1280.299137,90.772,4.184,85.328,1.081
1280.399769,106.367,3.958,101.290,0.955
1280.499606,83.443,4.115,78.131,1.028
1280.599446,93.148,4.020,88.097,0.838
1280.699265,89.552,4.245,83.700,1.432
1280.799492,83.699,4.087,78.702,0.741
1280.899324,83.934,3.959,78.998,0.813
1280.999169,112.537,4.171,107.431,0.769
1281.099812,87.670,3.968,82.692,0.847
1281.199651,103.893,3.961,99.032,0.738
1281.299487,83.312,3.968,78.302,0.876
1281.399329,103.020,3.961,97.619,1.273
1281.499170,96.439,4.101,91.133,1.039
1281.599813,98.827,4.164,93.750,0.743
1281.699650,117.649,4.022,112.605,0.855
1281.799503,98.919,4.135,93.849,0.745
1281.899343,82.603,4.133,77.484,0.814
1281.999186,84.829,4.045,79.867,0.746
1282.099831,96.308,4.107,91.201,0.835
1282.199674,88.236,3.986,83.357,0.730
1282.299499,96.437,4.141,91.165,0.966
1282.399331,96.143,4.190,90.970,0.811
1282.499179,143.988,4.008,138.586,1.214
1282.599814,111.988,3.978,107.149,0.680
1282.699660,104.861,3.967,98.903,1.814
1282.799507,122.587,4.142,117.227,1.016
1282.899343,94.249,3.971,89.208,0.898
1282.999180,135.108,3.999,130.235,0.708
1283.099814,124.972,4.002,119.981,0.821
1283.199648,141.486,4.166,135.878,1.254
1283.299494,108.374,3.995,103.306,0.873
1283.399344,104.357,3.966,99.422,0.797
1283.499196,93.144,4.220,87.893,0.860
1283.599823,77.782,4.162,72.610,0.844
1283.699669,116.588,3.945,109.599,2.728
1283.799515,115.712,3.990,110.832,0.682
1283.899354,86.838,3.983,81.819,0.863
1283.999192,119.243,4.185,112.946,1.924
1284.099841,100.459,4.046,95.328,0.764
1284.199686,97.825,4.008,92.413,1.225
1284.299534,110.550,4.119,104.524,1.699
1284.399371,92.063,4.079,86.959,0.818
1284.499211,137.895,4.014,132.219,1.482
1284.599451,106.666,4.204,101.521,0.741
1284.699281,86.560,3.972,81.609,0.810
1284.799132,149.376,4.071,143.665,1.459
1284.899769,100.944,4.190,95.693,0.858
1284.999612,93.202,4.021,87.965,1.040
1285.099457,83.432,4.025,78.412,0.820
1285.199304,85.047,4.015,80.089,0.775
1285.299159,98.648,4.010,93.590,0.878
1285.399796,106.703,4.036,101.576,0.913
1285.499622,114.604,4.056,109.076,1.280
1285.599464,91.683,4.211,86.007,1.293
1285.699301,117.659,3.982,111.671,1.826
1285.799152,118.672,4.010,113.710,0.720
1285.899778,123.216,3.994,118.102,0.940
1285.999636,150.268,4.271,145.051,0.777
1286.099474,100.437,4.007,94.577,1.661
1286.199314,148.298,4.210,143.197,0.687
1286.299151,87.573,4.172,82.376,0.857
1286.399786,126.362,3.987,120.979,1.192
1286.499620,124.120,4.206,118.896,0.825
1286.599474,97.730,4.266,92.537,0.754
1286.699309,98.937,4.008,93.722,1.042
1286.799156,96.832,4.227,91.637,0.792
1286.899799,91.691,4.218,86.161,1.139
1286.999623,113.703,4.002,108.584,0.945
1287.099464,96.859,4.024,91.261,1.310
1287.199309,95.915,4.178,90.647,0.922
1287.299155,87.241,4.174,82.005,0.849
1287.399791,95.097,4.026,89.606,1.296
1287.499624,98.645,4.176,93.482,0.819
1287.599470,101.419,4.066,96.385,0.796
1287.699297,116.872,3.984,111.913,0.809
1287.799145,112.239,4.177,106.870,1.021
1287.899784,88.303,4.020,83.218,0.897
1287.999628,98.664,3.958,93.768,0.771
1288.099485,137.589,4.227,131.613,1.569
1288.199316,99.146,3.978,94.270,0.704
1288.299165,87.032,4.143,81.869,0.856
1288.399802,94.164,4.000,89.174,0.779
1288.499653,91.494,3.987,86.036,1.305
1288.599493,109.246,4.191,103.969,0.913
1288.699344,104.822,3.971,99.253,1.341
1288.799176,97.636,4.167,92.544,0.761
1288.899815,81.130,3.988,75.958,1.005
1288.999662,94.822,3.982,89.758,0.895
1289.099496,87.465,4.207,81.593,1.471
1289.199326,97.222,4.048,92.037,0.954
1289.299174,100.482,4.173,94.609,1.428
1289.399816,87.897,4.153,82.795,0.752
1289.499654,107.602,4.019,102.193,1.218
1289.599497,124.185,3.983,117.380,2.577
1289.699344,127.833,4.171,122.726,0.737
1289.799201,129.739,3.954,124.290,1.317
1289.899434,104.996,3.976,100.086,0.741
1289.999260,93.138,4.141,88.073,0.747
1290.099480,103.014,4.127,97.961,0.761
1290.199313,108.058,4.000,103.120,0.771
1290.299163,84.070,3.979,79.108,0.813
1290.399798,86.168,4.174,80.921,0.903
1290.499632,84.728,3.961,79.759,0.835
1290.599460,98.895,3.941,94.047,0.737
1290.699302,100.682,3.962,95.745,0.807
1290.799138,81.009,3.933,76.046,0.862
1290.899781,85.809,3.964,80.704,0.952
1290.999626,108.262,4.336,102.987,0.754
1291.099471,96.357,4.003,91.096,1.089
1291.199320,100.755,4.196,95.563,0.769
1291.299167,76.259,4.213,70.933,0.944
1291.399797,94.566,4.133,89.141,1.098
1291.499640,85.772,3.981,80.814,0.803
1291.599484,103.307,5.702,96.662,0.772
1291.699311,90.485,4.052,85.233,1.028
1291.799149,112.253,4.243,107.039,0.770
1291.899785,83.457,4.183,78.244,0.860
1291.999635,95.901,4.002,90.980,0.752
1292.099478,105.054,4.013,99.954,0.912
1292.199312,119.677,4.097,114.425,0.973
1292.299165,108.580,4.027,103.423,0.951
1292.399812,128.628,4.046,123.651,0.762
1292.499651,103.096,4.106,97.974,0.848
1292.599493,89.192,4.228,83.859,0.929
1292.699330,97.662,4.084,92.227,1.182
1292.799165,115.936,4.205,110.774,0.786
1292.899804,107.582,3.945,102.683,0.788
1292.999652,105.608,3.979,100.691,0.768
1293.099493,102.916,4.147,97.737,0.862
1293.199341,106.459,4.168,101.371,0.732
1293.299182,100.502,3.990,95.527,0.804
1293.399818,100.212,4.009,95.284,0.748
1293.499656,96.739,4.150,91.622,0.799
1293.599494,100.270,4.205,95.145,0.754
1293.699316,110.333,4.055,105.303,0.806
1293.799146,109.529,4.043,104.572,0.751
1293.899792,117.116,4.217,111.734,0.991
1293.999633,92.926,4.232,86.115,2.367
1294.099468,96.260,4.170,90.805,1.112
1294.199302,107.332,4.024,102.382,0.749
1294.299134,127.997,3.947,122.950,0.934
1294.399771,89.619,4.047,84.079,1.311
1294.499607,92.504,3.938,87.453,0.922
1294.599432,98.730,4.171,93.367,1.023
1294.699268,115.109,4.038,109.228,1.658
1294.799507,83.530,4.164,78.376,0.720
1294.899361,96.664,4.008,91.580,0.898
1294.999202,127.194,3.977,121.813,1.219
1295.099442,98.543,3.960,93.609,0.775
1295.199282,90.092,3.968,85.194,0.764
1295.299124,92.328,3.943,87.050,1.165
1295.399763,74.062,4.166,68.368,1.340
1295.499591,96.256,4.220,90.771,1.021
1295.599426,102.926,3.970,97.823,0.932
1295.699258,99.598,4.127,93.504,1.668
1295.799496,91.493,3.999,86.560,0.761
1295.899342,80.890,4.216,75.662,0.832
1295.999180,109.139,4.164,103.998,0.807
1296.099826,85.873,4.035,80.853,0.819
1296.199672,93.136,3.984,88.223,0.763
1296.299511,95.782,4.020,90.494,1.099
1296.399361,99.159,3.975,94.113,0.897
1296.499187,93.426,4.107,88.316,0.836
1296.599831,94.115,3.989,89.217,0.739
1296.699676,104.610,3.973,99.612,0.858
1296.799504,90.991,3.968,86.131,0.726
1296.899329,104.219,4.062,99.070,0.924
1296.999165,85.027,4.002,80.067,0.788
1297.099809,89.368,4.012,84.370,0.820
1297.199639,102.123,4.193,96.950,0.814
1297.299475,99.488,4.046,94.382,0.890
1297.399328,87.595,4.022,82.299,1.104
1297.499159,84.523,3.969,79.517,0.859
1297.599787,84.536,4.086,79.537,0.745
1297.699608,96.284,3.975,91.299,0.844
1297.799454,95.328,4.211,90.171,0.757
1297.899299,104.394,4.017,99.363,0.839
1297.999137,95.937,4.034,90.804,0.929
1298.099775,89.215,4.214,83.894,0.945
1298.199603,106.401,4.214,101.227,0.786
1298.299436,97.585,4.026,92.532,0.858
1298.399286,106.546,4.213,101.385,0.778
1298.499120,90.507,4.190,85.251,0.883
1298.599763,113.056,4.041,108.059,0.788
1298.699611,92.614,4.074,87.536,0.840
1298.799447,99.399,3.984,94.463,0.787
1298.899290,102.052,4.016,96.814,1.056
1298.999124,112.881,4.039,107.882,0.778
1299.099774,96.132,4.132,90.885,0.937
1299.199612,112.847,4.010,107.746,0.910
1299.299451,106.546,4.019,100.108,2.187
1299.399287,123.675,4.035,118.626,0.685
1299.499118,105.532,4.210,99.654,1.490
1299.599758,140.995,4.226,135.827,0.743
1299.699581,93.039,4.020,88.083,0.764
1299.799417,109.550,3.988,104.607,0.780
1299.899257,88.307,3.972,83.229,0.938
1299.999497,104.605,4.043,99.615,0.779
1300.099340,85.489,4.161,80.317,0.815
1300.199174,95.014,4.169,89.900,0.757
1300.299825,120.676,4.176,115.463,0.869
1300.399670,92.491,4.025,87.520,0.780
1300.499521,98.551,4.189,93.156,1.039
1300.599356,135.231,4.147,130.123,0.788
1300.699196,106.369,4.012,101.349,0.839
1300.799827,94.278,4.173,88.848,1.088
1300.899664,95.517,4.117,90.255,0.970
1300.999509,93.328,4.080,88.050,1.016
1301.099350,131.790,4.149,125.975,1.471
1301.199184,118.105,4.195,113.005,0.709
1301.299812,79.799,4.048,74.743,0.843
1301.399654,127.894,4.017,123.019,0.692
1301.499486,87.648,4.034,82.693,0.754
1301.599321,107.393,4.202,101.089,1.910
1301.699165,157.376,4.081,152.321,0.746
1301.799808,116.870,4.357,111.556,0.787
1301.899645,143.838,4.152,137.928,1.580
1301.999478,122.147,4.014,117.188,0.752
1302.099305,87.473,4.030,82.293,0.977
1302.199137,146.816,4.197,141.656,0.741
1302.299780,104.551,4.043,99.447,0.895
1302.399628,145.914,4.056,140.238,1.393
1302.499456,106.700,4.371,101.130,0.983
1302.599295,113.204,4.191,107.927,0.904
1302.699131,97.231,4.198,91.710,1.153
1302.799756,86.355,4.007,80.996,1.119
1302.899599,103.225,4.168,98.065,0.822
1302.999438,116.314,3.995,111.355,0.777
1303.099274,92.958,4.021,87.861,0.906
1303.199498,83.281,3.982,78.326,0.799
1303.299339,89.433,4.137,84.298,0.810
1303.399177,107.456,3.977,102.516,0.783
1303.499811,84.821,4.177,79.659,0.818
1303.599651,84.878,4.135,79.829,0.736
1303.699483,99.804,3.963,94.879,0.796
1303.799324,97.062,3.929,92.231,0.735
1303.899150,93.794,4.153,88.654,0.822
1303.999787,122.739,3.958,117.835,0.774
1304.099641,94.602,4.061,89.559,0.812
1304.199479,93.182,3.967,88.298,0.748
1304.299334,89.939,3.962,84.986,0.818
1304.399187,90.605,3.933,85.735,0.770
1304.499837,104.295,4.157,99.202,0.773
1304.599666,110.289,4.154,105.234,0.725
1304.699509,102.143,3.973,97.141,0.834
1304.799348,105.194,4.165,100.100,0.761
1304.899185,87.353,3.991,82.380,0.816
1304.999829,98.203,3.988,93.298,0.752
1305.099672,105.387,3.961,100.424,0.836
1305.199518,108.267,4.163,103.182,0.757
1305.299347,110.606,4.014,105.569,0.858
1305.399182,113.772,4.005,108.833,0.768
1305.499822,85.761,4.166,80.565,0.862
1305.599650,94.332,4.182,88.763,1.215
1305.699503,111.904,4.010,106.203,1.504
1305.799345,112.731,4.149,107.561,0.842
1305.899191,86.796,4.100,81.658,0.871
1305.999825,88.801,4.089,83.776,0.770
1306.099665,88.324,4.214,82.936,0.990
1306.199504,99.697,4.062,94.680,0.787
1306.299344,98.453,3.999,93.419,0.868
1306.399190,108.536,4.057,103.546,0.763
1306.499837,111.022,4.193,104.835,1.786
1306.599667,107.223,4.033,102.220,0.786
1306.699503,86.674,4.026,81.624,0.855
1306.799342,131.122,4.168,125.808,0.969
1306.899176,94.565,3.960,89.202,1.216
1306.999816,98.015,4.196,92.833,0.780
1307.099636,85.870,4.234,80.608,0.846
1307.199478,93.664,4.079,88.504,0.908
1307.299319,91.337,4.089,86.182,0.893
1307.399154,97.133,4.138,92.034,0.772
1307.499788,112.952,4.209,107.644,0.928
1307.599636,134.765,4.034,129.816,0.740
1307.699468,100.042,6.033,93.004,0.840
1307.799313,102.620,4.087,97.603,0.764
1307.899146,92.058,4.118,86.952,0.824
1307.999777,107.095,4.215,101.974,0.741
1308.099623,122.037,4.049,116.533,1.287
1308.199470,113.890,4.014,108.963,0.745
1308.299318,95.511,4.068,90.462,0.816
1308.399152,106.765,4.074,101.741,0.784
1308.499792,95.234,4.205,90.013,0.848
1308.599640,123.468,4.034,118.322,0.942
1308.699483,111.415,4.075,106.195,0.886
1308.799325,149.407,4.010,144.368,0.741
1308.899161,117.850,4.010,112.817,0.857
1308.999797,122.839,4.058,117.573,1.021
1309.099641,104.039,5.848,97.088,0.924
1309.199488,113.529,4.085,108.493,0.781
1309.299323,96.427,4.057,91.306,0.878
1309.399178,106.010,4.086,100.982,0.778
1309.499815,109.269,4.038,104.105,0.952
1309.599649,103.270,4.198,98.141,0.764
1309.699487,107.211,4.025,102.178,0.841
1309.799315,108.964,4.212,103.826,0.750
1309.899170,116.127,4.153,110.952,0.854
1309.999815,106.543,4.034,101.580,0.764
1310.099655,118.128,4.181,112.361,1.386
1310.199483,123.880,4.076,118.819,0.761
1310.299317,112.595,4.091,107.488,0.853
1310.399144,115.478,4.063,110.482,0.769
1310.499787,92.451,4.094,87.382,0.797
1310.599644,122.702,4.218,117.525,0.785
1310.699490,106.741,4.016,101.696,0.860
1310.799324,99.507,4.016,94.547,0.778
1310.899148,86.281,4.213,81.046,0.856
1310.999779,122.831,3.999,117.760,0.902
1311.099614,115.406,4.203,110.105,0.927
1311.199454,113.758,4.103,108.677,0.810
1311.299279,105.844,4.206,100.515,0.960
1311.399116,95.788,4.145,90.680,0.785
1311.499755,110.731,3.994,105.244,1.293
1311.599586,121.661,5.968,114.698,0.768
1311.699417,110.711,3.994,105.651,0.900
1311.799257,114.097,4.048,109.131,0.754
1311.899499,118.456,4.179,112.932,1.176
1311.999329,129.168,5.813,122.429,0.737
1312.099173,96.667,4.086,91.566,0.851
1312.199818,113.298,4.006,108.366,0.760
1312.299641,105.475,4.031,100.454,0.823
1312.399485,96.105,4.243,90.951,0.747
1312.499325,102.418,4.036,97.379,0.824
1312.599172,127.387,4.066,122.391,0.769
1312.699835,110.244,4.022,104.851,1.196
1312.799677,105.041,4.193,99.726,0.956
1312.899512,93.457,4.142,88.223,0.825
1312.999347,103.226,4.195,97.826,0.997
1313.099208,127.116,4.034,122.004,0.907
1313.199450,101.500,4.038,96.482,0.803
1313.299287,99.689,4.012,93.880,1.608
1313.399136,97.520,4.003,92.578,0.767
1313.499775,115.355,4.028,110.280,0.855
1313.599614,128.010,4.087,123.013,0.746
1313.699450,92.239,4.199,87.011,0.864
1313.799290,105.071,4.042,100.050,0.787
1313.899139,118.134,4.024,113.094,0.827
1313.999793,121.889,3.979,116.926,0.808
1314.099636,103.474,4.143,98.271,0.890
1314.199470,118.469,4.000,113.394,0.911
1314.299315,111.298,4.026,106.152,0.954
1314.399142,84.518,3.974,79.509,0.865
1314.499775,91.489,4.005,86.247,1.042
1314.599605,79.165,4.074,74.185,0.733
1314.699442,106.342,4.035,101.261,0.881
1314.799277,128.470,4.062,123.266,0.972
1314.899118,95.868,4.214,90.333,1.146
1314.999746,74.084,4.069,69.029,0.820
1315.099602,98.561,4.082,92.899,1.401
1315.199432,103.264,4.068,98.251,0.771
1315.299281,97.982,4.003,92.030,1.763
1315.399118,89.012,4.063,84.055,0.685
1315.499765,92.225,4.151,87.057,0.851
1315.599620,106.934,4.096,101.374,1.282
1315.699454,79.773,4.045,74.811,0.719
1315.799283,93.607,3.911,88.778,0.754
1315.899121,89.266,4.129,83.966,1.002
1315.999756,157.837,3.987,152.885,0.791
1316.099606,121.682,4.160,116.449,0.884
1316.199438,129.528,3.934,124.485,0.918
1316.299309,93.714,4.014,88.548,0.834
1316.399131,120.022,3.998,115.107,0.750
1316.499771,161.743,4.048,155.784,1.735
1316.599607,112.826,4.261,107.598,0.768
1316.699445,81.893,4.183,76.636,0.902
1316.799284,136.816,5.727,130.223,0.698
1316.899113,89.054,3.942,84.227,0.718
1316.999750,112.008,3.993,107.127,0.724
1317.099608,88.415,3.975,83.432,0.838
1317.199441,113.922,3.930,109.067,0.760
1317.299295,107.654,3.976,101.920,1.572
1317.399126,117.639,4.481,112.155,0.720
1317.499751,93.067,4.036,87.781,1.077
1317.599589,133.371,4.000,127.920,1.247
1317.699437,103.506,4.179,98.279,0.856
1317.799275,110.614,4.033,104.998,1.375
1317.899511,128.081,3.990,123.130,0.765
1317.999356,83.938,3.966,79.073,0.717
1318.099207,137.149,4.179,131.246,1.546
1318.199463,109.931,3.979,105.027,0.706
1318.299296,91.804,3.973,86.323,1.329
1318.399124,120.738,3.964,115.353,1.218
1318.499751,116.709,4.028,111.659,0.814
1318.599602,94.563,3.950,89.717,0.729
1318.699443,103.056,3.972,98.077,0.839
1318.799275,98.399,4.122,93.359,0.750
1318.899505,90.387,3.957,85.435,0.829
1318.999356,81.612,4.132,76.447,0.860
1319.099187,105.490,4.130,100.222,0.961
1319.199844,102.980,4.138,97.947,0.731
1319.299675,114.183,4.144,108.982,0.888
1319.399513,91.735,4.103,86.731,0.733
1319.499348,90.848,4.180,85.549,0.952
1319.599195,109.394,3.938,104.568,0.720
1319.699828,126.397,4.068,120.755,1.409
1319.799649,119.798,3.945,114.934,0.746
1319.899484,102.878,4.122,97.703,0.874
1319.999317,108.599,3.984,103.274,1.152
1320.099162,143.941,4.047,138.814,0.837
1320.199807,110.084,3.966,105.197,0.755
1320.299660,87.195,4.092,82.013,0.924
1320.399504,81.403,4.048,76.388,0.793
1320.499354,94.132,4.002,89.063,0.899
1320.599195,109.960,3.984,104.919,0.756
1320.699830,107.690,3.971,102.729,0.804
1320.799662,103.163,4.075,98.162,0.760
1320.899494,98.070,3.977,93.049,0.871
1320.999332,115.613,4.186,110.506,0.756
1321.099180,87.127,3.985,82.131,0.844
1321.199822,98.292,4.082,93.302,0.744
1321.299658,118.187,4.122,112.945,0.939
1321.399504,133.360,4.044,128.324,0.816
1321.499349,119.689,4.074,114.442,0.971
1321.599178,110.144,3.964,105.228,0.772
1321.699810,94.024,4.163,88.618,1.080
1321.799663,81.344,3.987,76.015,1.122
1321.899495,92.625,4.208,86.970,1.266
1321.999337,107.929,3.997,102.879,0.769
1322.099185,96.510,4.013,91.159,1.160
1322.199829,84.470,4.186,79.208,0.804
1322.299662,102.217,4.158,97.043,0.843
1322.399490,96.260,4.009,91.319,0.766
1322.499331,112.151,3.975,107.043,0.965
1322.599170,103.060,4.023,98.108,0.757
1322.699822,116.218,3.926,110.648,1.470
1322.799639,91.262,4.241,85.872,0.817
1322.899479,95.898,4.025,90.667,1.037
1322.999306,95.231,3.985,90.103,0.950
1323.099151,109.999,4.054,104.814,0.902
1323.199792,101.385,4.040,96.337,0.836
1323.299632,108.334,4.170,102.966,1.027
1323.399481,88.264,4.158,83.006,0.873
1323.499324,104.004,3.977,98.909,0.929
1323.599162,106.931,4.004,101.573,1.179
1323.699808,100.514,4.160,95.066,1.120
1323.799651,111.091,4.049,106.133,0.737
1323.899493,99.519,3.944,94.633,0.776
1323.999318,100.800,4.023,95.888,0.724
1324.099169,103.805,4.157,98.645,0.833
1324.199803,87.438,3.961,82.170,1.146
1324.299655,92.141,4.151,86.947,0.873
1324.399502,97.567,4.089,92.546,0.765
1324.499344,103.398,3.972,98.169,1.078
1324.599189,110.615,4.046,105.650,0.731
1324.699827,104.755,4.126,99.622,0.842
1324.799668,110.724,4.057,105.792,0.706
1324.899507,83.585,4.137,78.498,0.784
1324.999353,90.663,4.152,85.605,0.740
1325.099213,86.188,4.180,80.406,1.435
1325.199470,90.336,3.966,85.423,0.774
1325.299312,98.952,4.231,93.602,0.927
1325.399146,95.837,4.012,90.701,0.945
1325.499771,94.074,3.971,88.910,1.018
1325.599626,96.357,3.974,90.667,1.526
1325.699472,88.924,4.093,83.642,0.988
1325.799304,110.264,4.317,104.963,0.813
1325.899142,100.016,4.129,94.483,1.098
1325.999782,83.489,4.163,78.399,0.757
1326.099619,88.463,4.150,83.337,0.807
1326.199464,102.168,3.992,97.242,0.736
1326.299302,91.222,3.965,86.265,0.826
1326.399135,102.813,4.034,97.843,0.767
1326.499776,86.138,4.035,81.057,0.880
1326.599613,112.868,3.999,107.935,0.765
1326.699462,106.287,4.011,101.272,0.839
1326.799301,93.471,4.005,88.537,0.761
1326.899143,112.304,4.030,107.271,0.837
1326.999785,99.659,3.972,94.786,0.735
1327.099636,102.571,4.066,97.505,0.838
1327.199477,106.630,3.984,101.701,0.778
1327.299320,114.529,4.021,109.238,1.096
1327.399143,114.345,3.985,109.450,0.741
1327.499784,78.655,3.963,73.659,0.865
1327.599624,111.053,4.002,106.041,0.802
1327.699468,131.235,5.788,123.673,1.580
1327.799307,111.374,4.156,106.299,0.717
1327.899162,96.126,3.975,90.660,1.303
1327.999779,123.916,3.957,119.103,0.651
1328.099616,99.134,3.970,94.275,0.723
1328.199463,92.117,4.178,86.938,0.760
1328.299307,115.215,4.032,110.154,0.861
1328.399140,125.570,3.957,120.688,0.756
1328.499784,78.273,3.977,73.275,0.853
1328.599609,113.454,4.004,108.516,0.766
1328.699454,105.209,4.027,100.061,0.944
1328.799303,117.558,4.120,112.067,1.200
1328.899146,96.625,4.023,91.618,0.817
1328.999792,98.292,3.956,93.382,0.787
1329.099637,119.632,4.156,114.448,0.861
1329.199486,105.111,4.016,100.178,0.748
1329.299318,104.441,4.053,99.439,0.783
1329.399174,115.947,3.996,111.041,0.741
1329.499814,112.419,4.225,106.665,1.361
1329.599650,114.929,4.019,109.889,0.850
1329.699493,98.470,3.984,92.937,1.383
1329.799321,92.952,4.040,87.995,0.743
1329.899179,112.536,4.157,107.273,0.880
1329.999818,110.232,5.749,103.385,0.926
1330.099658,83.855,4.080,78.685,0.916
1330.199496,99.701,4.016,94.731,0.780
1330.299342,114.465,3.990,109.142,1.164
1330.399184,88.377,4.204,82.763,1.149
1330.499824,97.468,4.086,92.254,0.962
1330.599679,113.715,4.212,108.422,0.908
1330.699507,90.550,4.010,85.218,1.150
1330.799356,120.581,4.002,115.591,0.811
1330.899201,114.686,4.028,109.663,0.828
1330.999444,116.067,4.187,110.974,0.742
1331.099291,135.578,4.065,129.053,2.263
1331.199134,142.607,4.252,136.997,1.177
1331.299779,115.653,4.039,110.621,0.794
1331.399614,107.654,4.015,102.234,1.224
1331.499455,114.567,3.994,109.628,0.750
1331.599298,93.810,3.986,88.940,0.717
1331.699124,125.737,4.337,117.406,3.760
1331.799763,112.001,4.175,106.788,0.847
1331.899598,117.799,3.998,112.826,0.802
1331.999436,121.151,4.207,116.073,0.703
1332.099286,109.059,4.019,104.077,0.799
1332.199126,157.717,4.019,152.178,1.289
1332.299758,114.571,4.060,109.464,0.844
1332.399610,113.340,4.140,107.733,1.279
1332.499447,143.979,4.214,138.815,0.751
1332.599295,120.286,4.073,115.013,1.025
1332.699143,110.177,4.022,103.451,2.509
1332.799796,121.505,4.193,116.403,0.713
1332.899649,141.652,4.001,135.497,1.965
1332.999509,124.957,4.100,119.815,0.725
1333.099355,87.381,4.018,82.074,1.121
1333.199191,132.186,4.015,126.604,1.338
1333.299845,106.295,4.122,101.173,0.808
1333.399693,109.561,4.129,104.320,0.943
1333.499535,151.897,3.937,146.163,1.516
1333.599374,125.028,4.107,120.054,0.667
1333.699208,97.315,3.963,91.620,1.560
1333.799465,177.184,3.986,172.208,0.784
1333.899311,124.905,3.930,119.201,1.577
1333.999151,129.191,4.005,124.307,0.682
1334.099785,132.854,3.930,126.984,1.760
1334.199634,135.588,3.999,130.685,0.699
1334.299477,105.323,3.952,100.366,0.839
1334.399323,145.265,3.930,140.447,0.720
1334.499154,137.606,3.958,131.074,2.327
1334.599791,114.919,4.084,109.916,0.701
1334.699634,80.323,4.087,75.355,0.721
1334.799475,108.350,4.077,102.941,1.147
1334.899329,127.796,4.007,122.127,1.438
1334.999180,132.016,3.892,127.236,0.696
1335.099808,101.570,4.051,96.488,0.868
1335.199638,86.114,3.954,81.243,0.746
1335.299485,83.246,3.953,78.288,0.834
1335.399329,115.563,4.137,110.494,0.766
1335.499168,117.289,4.173,111.889,1.056
1335.599803,111.034,3.946,106.142,0.768
1335.699657,122.080,4.020,117.007,0.883
1335.799496,104.957,4.005,100.016,0.765
1335.899333,92.626,4.008,87.604,0.853
1335.999186,101.092,4.173,96.008,0.746
1336.099814,90.135,3.933,84.971,1.070
1336.199660,99.432,3.961,94.525,0.773
1336.299497,100.057,3.925,95.113,0.849
1336.399325,100.183,3.955,95.205,0.861
1336.499170,98.130,4.161,92.421,1.381
1336.599792,82.564,3.991,77.617,0.785
1336.699640,75.182,3.960,70.207,0.833
1336.799478,127.707,3.983,122.596,0.915
1336.899333,127.631,4.162,121.634,1.639
1336.999172,116.299,4.039,111.383,0.675
1337.099802,109.173,4.134,103.314,1.536
1337.199634,117.309,4.208,112.215,0.679
1337.299469,102.505,3.977,97.452,0.907
1337.399307,88.056,4.198,82.821,0.731
1337.499155,109.539,3.975,104.435,0.959
1337.599806,110.626,4.062,105.635,0.761
1337.699645,118.651,3.973,113.339,1.151
1337.799480,93.141,4.401,87.787,0.780
1337.899316,137.103,4.000,131.263,1.658
1337.999146,99.090,4.026,94.160,0.702
1338.099785,99.523,3.996,93.691,1.653
1338.199622,122.974,4.158,117.956,0.662
1338.299457,104.476,4.180,99.240,0.892
1338.399315,134.022,3.952,128.813,1.069
1338.499151,122.113,4.127,116.739,1.070
1338.599796,100.687,4.014,95.749,0.752
1338.699628,85.858,3.958,80.621,1.099
1338.799467,110.076,3.980,105.182,0.750
1338.899309,125.367,4.191,120.120,0.888
1338.999166,119.519,3.987,114.413,0.945
1339.099803,112.647,3.980,106.589,1.835
1339.199638,126.569,4.166,121.077,1.132
1339.299491,139.204,4.181,133.960,0.895
1339.399339,127.794,4.191,122.654,0.782
1339.499186,97.610,4.189,92.451,0.804
1339.599836,110.774,4.060,105.786,0.760
1339.699677,103.825,4.064,98.629,0.961
1339.799513,120.310,3.981,115.401,0.752
1339.899358,112.381,4.060,107.313,0.842
1339.999190,89.560,4.010,84.646,0.743
1340.099823,95.614,4.052,90.546,0.856
1340.199672,128.644,4.134,123.592,0.752
1340.299504,108.829,3.976,103.837,0.846
1340.399352,106.130,4.014,101.220,0.722
1340.499196,114.689,4.000,109.585,0.942
1340.599838,127.181,4.166,121.881,0.958
1340.699666,107.948,4.089,102.802,0.888
1340.799510,89.233,3.971,84.271,0.825
1340.899363,100.849,4.166,95.594,0.916
1340.999204,105.315,5.883,97.642,1.616
1341.099456,87.019,4.146,81.772,0.928
1341.199309,98.303,3.960,93.396,0.749
1341.299143,105.064,3.959,100.026,0.889
1341.399782,102.872,5.824,95.817,1.014
1341.499624,108.134,3.943,102.761,1.126
1341.599461,105.293,4.001,100.408,0.718
1341.699299,120.796,3.927,115.025,1.666
1341.799156,115.203,4.153,110.181,0.669
1341.899797,105.681,3.977,100.025,1.487
1341.999646,139.073,3.965,134.201,0.710
1342.099490,80.035,4.030,74.808,1.028
1342.199341,104.963,4.085,99.949,0.753
1342.299193,129.444,3.981,123.859,1.435
1342.399816,109.588,4.170,104.517,0.734
1342.499648,104.523,3.960,99.544,0.845
1342.599487,108.905,4.095,103.912,0.733
1342.699324,120.659,4.174,115.475,0.841
1342.799180,100.899,4.175,95.813,0.744
1342.899813,84.892,3.993,79.826,0.900
1342.999645,111.818,4.042,106.858,0.755
1343.099473,103.875,4.004,98.851,0.855
1343.199317,109.360,4.056,104.326,0.811
1343.299161,94.165,3.971,88.648,1.374
1343.399794,123.899,3.940,118.973,0.821
1343.499622,120.466,3.985,115.407,0.895
1343.599452,132.627,4.060,127.164,1.209
1343.699285,92.292,4.139,87.115,0.863
1343.799117,112.502,5.683,105.933,0.717
1343.899753,100.129,4.026,95.108,0.830
1343.999613,134.968,4.025,130.005,0.771
1344.099452,98.228,3.967,93.205,0.884
1344.199279,114.803,4.149,109.558,0.899
1344.299126,81.801,3.919,76.827,0.840
1344.399763,114.452,3.931,109.323,1.028
1344.499611,88.779,4.023,83.708,0.872
1344.599453,92.724,4.129,87.027,1.366
1344.699310,97.489,3.990,91.529,1.780
1344.799151,123.709,4.022,118.606,0.876
1344.899774,101.292,3.937,95.685,1.479
1344.999621,115.289,3.987,110.416,0.715
1345.099464,89.047,4.048,83.977,0.856
1345.199297,121.974,3.963,117.093,0.748
1345.299136,115.132,4.146,109.981,0.822
1345.399776,106.950,3.968,102.088,0.730
1345.499597,93.765,4.156,88.615,0.825
1345.599428,118.264,4.021,113.331,0.741
1345.699270,128.507,3.999,123.386,0.947
1345.799523,116.142,4.162,111.055,0.726
1345.899363,91.006,4.035,85.390,1.403
1345.999199,97.358,3.979,92.406,0.774
1346.099429,80.070,3.975,74.744,1.181
1346.199268,99.376,4.090,94.260,0.765
1346.299508,108.058,4.208,102.693,0.984
1346.399353,124.715,4.180,119.637,0.729
1346.499187,92.654,3.984,87.667,0.831
1346.599821,97.974,3.953,92.698,1.158
1346.699667,94.644,5.885,87.780,0.816
1346.799512,121.733,3.969,116.874,0.724
1346.899342,101.536,4.150,96.375,0.843
1346.999175,112.332,4.039,107.066,1.054
1347.099821,108.613,4.003,103.589,0.853
1347.199651,100.517,3.951,95.666,0.736
1347.299492,98.085,3.954,93.134,0.829
1347.399333,106.060,4.154,101.017,0.723
1347.499186,133.794,3.982,126.767,2.837
1347.599818,102.764,3.959,97.682,0.829
1347.699676,114.027,4.197,108.838,0.829
1347.799514,92.236,4.126,87.181,0.758
1347.899359,103.777,4.171,97.854,1.577
1347.999199,120.482,3.936,115.684,0.666
1348.099437,101.558,4.144,96.319,0.927
1348.199285,116.142,3.987,111.280,0.695
1348.299123,107.968,3.988,102.996,0.808
1348.399765,161.028,4.076,156.101,0.677
1348.499623,93.907,5.789,87.207,0.744
1348.599463,105.519,3.963,100.044,1.345
1348.699302,142.472,4.147,136.221,1.888
1348.799142,97.779,4.062,92.823,0.695
1348.899779,109.369,3.997,101.649,3.529
1348.999626,124.908,4.014,119.885,0.803
1349.099459,101.121,4.054,95.284,1.604
1349.199297,141.159,4.172,136.075,0.715
1349.299141,108.729,3.995,103.833,0.735
1349.399793,113.733,4.056,108.701,0.808
1349.499623,97.505,3.991,92.447,0.897
1349.599465,113.380,3.984,108.474,0.752
1349.699301,90.669,3.952,85.363,1.191
1349.799136,91.569,5.719,84.541,1.143
1349.899782,83.188,3.998,78.188,0.835
1349.999630,112.901,3.951,108.084,0.699
1350.099460,94.164,4.114,89.075,0.809
1350.199309,100.217,4.160,95.142,0.748
1350.299149,92.957,3.953,88.011,0.822
1350.399788,98.477,4.077,93.501,0.732
1350.499608,90.999,3.945,85.888,0.989
1350.599439,111.946,4.077,106.942,0.746
1350.699286,94.166,3.937,89.242,0.821
1350.799125,99.739,4.120,94.716,0.736
1350.899770,89.823,4.158,84.553,0.940
1350.999626,97.592,4.005,92.678,0.742
1351.099463,113.930,3.979,108.956,0.828
1351.199300,114.857,3.946,110.010,0.736
1351.299128,101.309,3.988,96.309,0.847
1351.399771,105.866,5.730,99.054,0.909
1351.499596,101.139,3.986,96.124,0.859
1351.599437,133.287,4.049,128.176,0.876
1351.699262,106.686,4.155,101.497,0.853
1351.799495,88.633,3.963,83.718,0.783
1351.899337,99.271,3.981,94.197,0.921
1351.999183,101.795,4.157,96.730,0.737
1352.099823,110.687,4.153,104.697,1.644
1352.199665,132.809,3.996,127.911,0.700
1352.299499,102.536,3.982,97.551,0.841
1352.399334,161.779,4.087,156.365,1.160
1352.499170,109.137,3.982,104.148,0.810
1352.599803,114.203,4.161,108.577,1.266
1352.699648,132.159,3.998,127.148,0.820
1352.799483,99.465,3.979,94.467,0.814
1352.899332,107.748,4.110,102.550,0.892
1352.999159,127.225,4.191,122.102,0.743
1353.099798,109.220,4.090,104.084,0.876
1353.199632,90.501,3.982,85.226,1.128
1353.299477,122.221,4.191,116.972,0.890
1353.399320,93.718,4.007,88.816,0.729
1353.499154,98.552,3.969,93.573,0.843
1353.599780,94.224,3.948,89.393,0.718
1353.699620,85.318,3.951,80.353,0.841
1353.799463,113.049,3.989,108.163,0.727
1353.899305,112.759,4.157,107.590,0.844
1353.999150,116.200,4.150,111.147,0.734
1354.099781,93.925,3.922,89.014,0.822
1354.199621,133.755,5.693,127.138,0.759
1354.299452,152.788,3.928,147.830,0.861
1354.399290,106.468,3.976,101.580,0.745
1354.499133,109.865,3.976,104.868,0.855
1354.599758,109.366,5.712,102.753,0.732
1354.699600,121.021,3.954,116.036,0.861
1354.799425,84.632,3.996,79.726,0.735
1354.899261,95.470,4.205,89.950,1.143
1354.999508,91.732,3.948,86.830,0.776
1355.099356,104.476,4.042,99.373,0.836
1355.199190,112.513,3.970,107.596,0.781
1355.299827,115.004,4.031,109.954,0.849
1355.399666,110.637,4.010,105.381,1.081
1355.499500,116.685,3.996,111.680,0.840
1355.599323,116.248,4.009,111.319,0.753
1355.699151,111.039,5.970,104.061,0.835
1355.799792,101.774,3.980,96.878,0.751
1355.899625,120.152,4.169,114.942,0.875
1355.999455,104.970,4.157,99.895,0.750
1356.099296,108.342,4.151,103.157,0.860
1356.199141,131.123,4.003,126.248,0.710
1356.299777,102.931,3.963,98.027,0.771
1356.399621,116.487,4.020,111.524,0.764
1356.499451,123.002,4.003,117.962,0.870
1356.599289,101.850,4.179,96.747,0.742
1356.699134,87.384,4.171,82.160,0.884
1356.799792,96.904,3.977,91.991,0.766
1356.899628,109.155,4.196,103.894,0.897
1356.999471,112.670,4.052,107.679,0.770
1357.099317,114.285,4.166,109.125,0.829
1357.199161,102.679,3.993,97.166,1.330
1357.299807,102.756,4.022,97.427,1.093
1357.399656,94.489,4.007,89.323,0.983
1357.499503,107.056,4.013,101.942,0.910
1357.599334,117.541,3.963,112.676,0.735
1357.699176,96.506,4.048,91.365,0.908
1357.799813,116.650,4.021,111.664,0.785
1357.899657,108.465,3.968,103.466,0.862
1357.999496,117.185,4.141,112.101,0.761
1358.099337,93.282,4.176,88.032,0.910
1358.199151,107.619,4.007,102.698,0.746
1358.299792,108.226,4.143,103.053,0.863
1358.399637,101.083,3.927,96.263,0.723
1358.499468,84.948,4.126,79.847,0.806
1358.599319,126.457,3.953,120.653,1.644
1358.699155,98.631,4.048,92.334,2.042
1358.799801,101.190,3.976,96.287,0.757
1358.899648,103.085,4.134,97.014,1.735
1358.999488,87.998,4.106,82.804,0.909
1359.099336,102.195,4.127,96.870,1.028
1359.199169,96.417,3.945,91.569,0.730
1359.299804,102.396,4.019,96.868,1.333
1359.399633,97.728,3.958,92.887,0.703
1359.499469,97.232,3.984,92.238,0.845
1359.599305,88.787,4.064,83.851,0.705
1359.699150,98.139,3.996,93.168,0.789
1359.799784,96.968,3.906,92.186,0.710
1359.899627,106.177,3.982,101.128,0.899
1359.999470,105.838,4.130,100.798,0.737
1360.099307,95.346,4.104,90.265,0.812
1360.199164,110.174,4.011,104.560,1.427
1360.299813,91.760,4.134,86.547,0.909
1360.399645,108.443,4.226,103.026,1.012
1360.499477,86.901,4.151,81.783,0.795
1360.599322,87.159,3.945,82.323,0.729
1360.699151,81.352,3.993,76.328,0.865
1360.799780,120.179,4.156,115.125,0.726
1360.899615,100.267,4.131,95.062,0.904
1360.999455,113.337,4.090,108.321,0.761
1361.099311,103.402,4.027,98.378,0.829
1361.199171,119.384,4.064,114.359,0.794
1361.299815,111.936,4.184,105.903,1.672
1361.399660,113.063,4.162,107.949,0.785
1361.499504,83.330,4.156,78.118,0.890
1361.599350,94.502,4.049,89.351,0.923
1361.699195,83.638,4.016,78.410,1.009
1361.799841,86.351,3.975,81.462,0.746
1361.899694,101.427,4.021,96.332,0.904
1361.999520,105.994,4.084,100.057,1.618
1362.099368,104.294,3.972,98.982,1.166
1362.199212,106.254,3.964,101.307,0.813
1362.299461,83.567,3.970,77.957,1.470
1362.399305,99.990,3.994,94.856,0.940
1362.499148,105.763,3.953,100.645,0.962
1362.599800,111.844,3.917,106.999,0.754
1362.699638,127.364,4.000,121.629,1.523
1362.799473,106.317,4.181,101.260,0.683
1362.899315,121.657,4.166,115.616,1.694
1362.999146,106.501,4.064,101.555,0.690
1363.099783,107.066,4.173,101.844,0.882
1363.199627,117.069,3.985,112.166,0.745
1363.299469,88.757,3.986,83.584,1.013
1363.399299,98.878,5.734,92.057,0.905
1363.499141,94.628,4.013,89.322,1.115
1363.599790,112.268,3.961,107.348,0.773
1363.699635,84.705,3.963,79.672,0.911
1363.799486,89.744,3.978,84.825,0.771
1363.899331,106.330,4.033,101.264,0.865
1363.999188,114.261,4.014,109.168,0.911
1364.099825,92.673,4.153,87.526,0.817
1364.199676,93.176,4.050,88.202,0.764
1364.299502,115.127,4.026,110.048,0.856
1364.399334,115.545,4.059,110.197,1.114
1364.499173,84.151,4.075,79.004,0.893
1364.599811,83.144,4.227,77.901,0.839
1364.699647,101.059,4.214,95.847,0.829
1364.799467,88.635,4.152,83.411,0.899
1364.899315,95.403,5.700,88.701,0.823
1364.999152,113.200,4.188,108.092,0.758
1365.099797,85.394,4.140,80.262,0.811
1365.199628,100.617,4.192,95.503,0.759
1365.299458,99.935,3.968,94.919,0.884
1365.399294,114.876,3.935,109.859,0.917
1365.499150,108.602,3.954,103.407,1.064
1365.599795,93.658,3.974,88.331,1.163
1365.699637,90.202,4.000,85.045,0.991
1365.799479,103.250,4.118,98.070,0.891
1365.899328,88.267,4.186,82.866,1.043
1365.999172,118.102,4.010,112.662,1.239
1366.099808,88.681,4.194,83.369,0.838
1366.199647,92.351,4.176,87.050,0.953
1366.299472,96.355,3.967,91.194,1.026
1366.399309,101.119,4.159,95.998,0.768
1366.499152,92.289,4.018,87.170,0.916
1366.599790,99.673,3.951,94.761,0.733
1366.699630,94.363,3.942,89.444,0.809
1366.799461,97.690,3.946,92.833,0.743
1366.899305,87.051,3.913,82.112,0.857
1366.999136,89.144,3.936,84.288,0.754
1367.099785,100.937,4.033,95.923,0.813
1367.199609,98.692,3.977,93.763,0.784
1367.299453,99.461,3.917,94.541,0.840
1367.399283,83.808,4.128,78.567,0.944
1367.499128,89.367,4.001,84.245,0.956
1367.599765,97.597,4.052,92.577,0.795
1367.699592,89.271,4.137,84.134,0.831
1367.799420,107.510,3.950,102.593,0.792
1367.899267,95.150,4.140,89.958,0.877
1367.999502,106.434,3.992,101.256,0.962
1368.099341,107.055,5.686,100.174,1.000
1368.199175,115.849,4.157,110.770,0.741
1368.299817,114.833,4.153,109.628,0.884
1368.399665,120.707,4.028,115.800,0.708
1368.499507,99.002,4.002,94.002,0.829
1368.599359,114.186,4.066,109.182,0.771
1368.699182,96.688,3.988,91.224,1.310
1368.799834,99.561,3.977,94.414,0.992
1368.899671,92.410,3.984,87.208,1.009
1368.999504,93.848,4.115,88.672,0.881
1369.099347,104.461,3.918,99.339,1.018
1369.199190,85.426,4.020,80.504,0.732
1369.299827,82.915,3.944,78.033,0.771
1369.399668,90.461,3.956,85.608,0.733
1369.499510,100.737,4.146,95.610,0.818
1369.599349,100.288,3.935,95.465,0.721
1369.699182,109.849,3.991,104.824,0.868
1369.799827,103.533,4.057,98.549,0.754
1369.899673,108.810,3.914,103.942,0.786
1369.999516,97.154,3.953,91.984,1.049
1370.099371,98.803,4.125,93.678,0.837
1370.199197,98.058,4.145,93.012,0.732
1370.299838,91.744,4.146,86.551,0.880
1370.399681,96.456,4.148,91.395,0.741
1370.499513,108.071,3.993,102.940,0.967
1370.599352,99.814,4.154,94.591,0.899
1370.699191,82.904,4.165,77.713,0.800
1370.799832,86.325,4.020,81.396,0.746
1370.899658,81.486,3.962,76.407,0.945
1370.999493,92.107,4.029,87.025,0.864
1371.099328,79.733,3.961,74.714,0.870
1371.199178,110.040,4.087,105.009,0.764
1371.299822,82.113,3.987,77.139,0.815
1371.399647,89.027,3.977,84.054,0.747
1371.499484,106.513,4.063,101.441,0.845
1371.599315,88.117,3.979,83.244,0.733
1371.699158,88.742,3.942,83.810,0.824
1371.799795,102.427,3.916,97.555,0.792
1371.899632,90.197,4.060,85.162,0.811
1371.999461,96.118,4.146,91.058,0.741
1372.099295,82.507,3.956,77.332,1.051
1372.199136,108.162,4.017,103.180,0.737
1372.299781,91.471,4.029,86.238,0.991
1372.399637,89.229,4.289,84.002,0.760
1372.499479,74.129,4.180,68.904,0.879
1372.599312,84.595,4.010,79.633,0.772
1372.699147,92.634,4.002,87.593,0.875
1372.799792,88.024,3.964,83.088,0.801
1372.899629,81.823,3.994,76.827,0.825
1372.999463,96.252,3.951,91.397,0.737
1373.099308,84.714,3.913,79.685,0.948
1373.199151,97.321,4.138,92.068,0.937
1373.299802,79.126,4.153,73.388,1.410
1373.399637,100.330,4.076,95.113,0.973
1373.499492,103.067,4.077,97.950,0.844
1373.599331,114.397,4.011,109.444,0.771
1373.699174,96.726,4.038,91.405,1.109
1373.799819,78.409,4.230,73.067,0.934
1373.899661,92.170,4.159,86.938,0.852
1373.999502,93.793,4.132,88.691,0.804
1374.099345,99.947,3.981,94.947,0.852
1374.199190,106.196,3.961,101.323,0.747
1374.299837,100.377,3.994,95.301,0.908
1374.399676,82.472,4.012,77.554,0.745
1374.499510,109.087,3.975,104.108,0.823
1374.599355,114.237,4.091,108.881,1.092
1374.699177,84.567,4.052,79.525,0.822
1374.799828,119.243,4.017,114.254,0.797
1374.899654,97.053,4.116,91.951,0.825
1374.999487,96.248,3.950,91.203,0.928
1375.099320,102.964,3.988,96.743,1.990
1375.199162,98.756,3.919,93.882,0.744
1375.299803,91.006,4.024,85.924,0.876
1375.399630,87.667,4.019,82.730,0.757
1375.499481,85.569,3.994,80.570,0.834
1375.599316,109.590,4.132,104.559,0.735
1375.699163,84.702,3.952,79.744,0.834
1375.799795,108.017,4.034,103.032,0.752
1375.899631,99.017,4.024,94.030,0.794
1375.999471,97.915,3.967,93.013,0.772
1376.099304,103.662,4.048,98.590,0.852
1376.199146,91.303,3.988,86.344,0.806
1376.299778,103.035,4.010,97.972,0.885
1376.399624,94.959,3.938,89.678,1.135
1376.499460,102.224,4.065,97.161,0.832
1376.599307,114.312,3.973,109.379,0.791
1376.699164,99.408,3.989,94.414,0.835
1376.799804,121.589,4.056,116.583,0.779
1376.899630,97.761,4.193,91.610,1.751
1376.999472,102.661,4.199,97.536,0.751
1377.099316,97.727,4.034,92.581,0.932
1377.199159,83.229,4.012,78.247,0.803
1377.299801,90.887,4.027,85.813,0.879
1377.399648,91.709,4.094,86.650,0.792
1377.499486,105.747,4.105,100.621,0.851
1377.599336,117.829,3.996,112.903,0.767
1377.699180,102.504,4.293,96.438,1.530
1377.799829,96.696,4.045,91.284,1.174
1377.899661,101.530,4.065,95.579,1.684
1377.999503,106.604,4.057,101.468,0.807
1378.099338,119.791,3.997,113.885,1.678
1378.199195,88.150,4.004,83.220,0.712
1378.299837,106.141,4.188,100.605,1.182
1378.399685,141.111,4.119,136.137,0.687
1378.499516,100.690,4.027,95.636,0.861
1378.599359,109.134,4.165,103.572,1.215
1378.699188,108.012,4.168,102.901,0.745
1378.799820,107.339,4.015,102.213,0.936
1378.899657,131.930,4.003,125.912,1.818
1378.999495,113.515,3.995,108.600,0.704
1379.099330,91.238,3.985,84.168,2.890
1379.199170,119.400,5.764,112.729,0.691
1379.299818,99.759,4.012,94.789,0.791
1379.399664,118.861,4.150,113.238,1.265
1379.499510,129.155,4.022,124.132,0.803
1379.599350,105.180,4.014,100.225,0.774
1379.699169,115.478,4.162,110.040,1.107
1379.799795,112.234,3.990,107.329,0.754
1379.899641,95.274,3.979,90.272,0.853
1379.999480,111.246,4.171,106.154,0.759
1380.099318,99.523,4.030,94.501,0.825
1380.199170,99.908,4.112,94.877,0.752
1380.299810,86.651,4.005,81.298,1.155
1380.399661,99.383,3.971,94.377,0.750
1380.499498,95.910,4.025,90.820,0.865
1380.599333,106.503,3.982,101.602,0.747
1380.699182,100.761,4.019,95.689,0.884
1380.799826,104.294,4.081,99.298,0.747
1380.899670,82.262,3.980,77.127,0.987
1380.999521,114.894,3.998,109.948,0.785
1381.099375,121.471,5.803,114.340,1.156
1381.199208,104.623,5.916,97.725,0.762
1381.299460,104.974,3.994,99.995,0.818
1381.399300,93.340,4.074,88.376,0.723
1381.499145,108.045,4.074,102.940,0.862
1381.599777,89.029,4.177,83.732,0.950
1381.699619,84.035,4.044,78.890,0.834
1381.799454,101.556,4.086,96.552,0.745
1381.899284,81.027,4.166,75.623,1.073
1381.999127,109.105,3.990,104.121,0.818
1382.099765,83.541,4.130,78.023,1.204
1382.199599,80.308,4.198,75.080,0.820
1382.299438,88.364,4.155,83.089,0.949
1382.399278,123.190,4.083,118.112,0.794
1382.499115,127.610,3.972,121.801,1.640
1382.599754,107.405,3.959,102.489,0.701
1382.699584,133.240,3.972,127.298,1.750
1382.799423,135.889,4.040,130.622,1.020
1382.899261,91.973,3.973,86.846,0.986
1382.999501,105.307,4.083,99.744,1.287
1383.099345,94.269,4.187,89.004,0.876
1383.199171,99.987,4.182,94.862,0.775
1383.299810,100.758,4.076,95.246,1.222
1383.399645,99.232,4.165,94.000,0.894
1383.499479,99.650,4.037,94.380,1.063
1383.599320,105.574,4.190,100.325,0.885
1383.699164,99.756,4.004,94.697,0.879
1383.799807,99.569,4.026,94.623,0.757
1383.899638,100.316,4.189,95.087,0.878
1383.999481,108.606,4.021,103.644,0.746
1384.099323,104.763,4.036,99.667,0.893
1384.199154,93.112,4.083,88.093,0.768
1384.299795,87.105,4.036,81.605,1.290
1384.399637,95.031,4.166,89.849,0.775
1384.499476,106.678,4.027,101.364,1.125
1384.599318,91.536,4.046,85.884,1.404
1384.699154,81.463,3.970,76.412,0.881
1384.799777,109.387,4.077,104.312,0.827
1384.899613,92.207,4.015,87.152,0.853
1384.999461,83.741,4.169,78.648,0.754
1385.099297,101.812,3.970,96.801,0.865
1385.199153,98.904,4.222,93.767,0.744
1385.299781,100.153,3.996,95.024,0.959
1385.399620,81.380,3.998,76.446,0.767
1385.499462,89.770,3.923,84.844,0.838
1385.599286,106.226,3.966,101.359,0.738
1385.699130,94.769,3.902,89.837,0.858
1385.799767,100.156,4.201,95.043,0.725
1385.899614,92.735,3.927,87.805,0.837
1385.999467,107.576,4.123,102.547,0.736
1386.099294,92.038,3.986,86.761,1.113
1386.199137,115.167,4.135,110.127,0.729
1386.299794,99.121,3.965,94.163,0.821
1386.399644,91.294,4.143,86.247,0.746
1386.499489,102.555,4.031,97.538,0.820
1386.599323,99.575,4.076,94.576,0.756
1386.699180,99.671,3.958,94.667,0.879
1386.799824,92.456,3.954,87.596,0.733
1386.899658,100.578,3.979,95.601,0.839
1386.999505,110.091,3.942,105.218,0.762
1387.099340,86.032,4.050,80.799,1.016
1387.199163,135.066,4.153,129.841,0.892
1387.299806,96.363,3.968,91.407,0.814
1387.399645,130.772,3.963,125.887,0.749
1387.499484,108.902,3.940,103.974,0.821
1387.599327,85.023,4.123,79.635,1.088
1387.699187,90.346,4.168,84.688,1.318
1387.799817,100.272,4.197,95.148,0.758
1387.899657,81.101,4.034,75.863,1.025
1387.999511,94.819,3.962,89.891,0.794
1388.099370,85.209,4.249,79.958,0.834
1388.199218,102.572,4.132,97.550,0.722
1388.299453,100.476,4.040,95.434,0.839
1388.399303,95.699,3.957,90.824,0.752
1388.499143,104.471,5.750,97.725,0.825
1388.599784,104.912,3.944,100.046,0.757
1388.699606,88.657,4.150,83.490,0.852
1388.799446,120.838,3.971,115.250,1.426
1388.899290,102.707,4.022,97.613,0.899
1388.999136,87.383,3.940,82.527,0.743
1389.099761,110.946,4.159,105.765,0.854
1389.199600,105.481,4.146,100.290,0.874
1389.299439,99.777,4.062,94.656,0.879
1389.399286,86.825,4.023,81.820,0.788
1389.499139,95.999,3.984,90.918,0.912
1389.599771,97.445,3.997,92.512,0.766
1389.699617,95.094,4.149,89.907,0.864
1389.799452,105.024,4.046,100.028,0.782
1389.899293,103.720,4.022,98.611,0.919
1389.999124,83.885,3.993,78.964,0.748
1390.099768,91.961,3.972,86.947,0.876
1390.199598,86.017,4.027,81.019,0.803
1390.299442,78.533,3.964,73.598,0.795
1390.399295,106.655,4.007,101.728,0.745
1390.499124,100.778,4.049,95.710,0.848
1390.599763,93.005,3.936,88.168,0.738
1390.699588,99.837,4.114,94.699,0.855
1390.799420,106.626,3.968,101.741,0.746
1390.899255,81.781,3.979,76.593,0.997
1390.999491,75.850,4.121,70.796,0.764
1391.099338,87.441,4.045,82.376,0.849
1391.199175,107.751,3.977,102.795,0.811
1391.299797,82.154,3.958,77.206,0.822
1391.399642,84.922,3.971,80.050,0.734
1391.499474,76.882,4.003,71.870,0.842
1391.599313,94.448,4.160,89.388,0.739
1391.699142,84.689,4.187,79.240,1.094
1391.799779,98.646,3.977,93.727,0.745
1391.899609,101.513,4.014,96.061,1.231
1391.999434,113.437,3.930,108.608,0.730
1392.099274,99.427,3.978,94.445,0.835
1392.199504,93.942,4.029,88.993,0.752
1392.299341,80.269,4.168,74.937,0.989
1392.399190,97.768,4.195,92.557,0.835
1392.499837,93.265,5.724,86.239,1.124
1392.599677,81.077,4.007,76.079,0.808
1392.699525,99.606,4.181,94.361,0.897
1392.799374,109.708,3.962,104.805,0.764
1392.899231,90.045,3.956,85.078,0.842
1392.999474,106.764,3.954,101.894,0.744
1393.099303,99.983,4.049,94.817,0.943
1393.199146,98.469,3.991,93.522,0.773
1393.299802,95.248,3.958,90.191,0.932
1393.399634,82.896,4.009,77.990,0.721
1393.499481,90.342,3.954,85.398,0.824
1393.599326,85.358,3.977,80.447,0.768
1393.699166,84.302,4.128,79.072,0.937
1393.799826,90.425,5.727,83.567,0.958
1393.899662,82.366,3.904,77.234,0.937
1393.999518,92.211,4.000,87.301,0.738
1394.099360,76.371,3.961,71.281,0.912
1394.199202,102.199,3.925,97.331,0.758
1394.299438,99.532,3.930,94.585,0.848
1394.399268,98.155,4.008,93.179,0.799
1394.499516,84.398,3.955,79.400,0.874
1394.599356,103.355,4.054,98.408,0.727
1394.699197,82.885,4.026,77.854,0.835
1394.799822,104.463,4.000,99.347,0.943
1394.899660,80.320,4.047,75.245,0.812
1394.999505,85.123,4.205,79.961,0.764
1395.099344,98.732,3.958,93.369,1.232
1395.199192,77.043,4.094,71.925,0.846
1395.299837,98.127,4.253,92.824,0.876
1395.399679,82.157,3.957,77.295,0.740
1395.499522,90.788,3.956,85.853,0.811
1395.599352,105.843,4.143,100.784,0.747
1395.699193,102.863,5.664,96.135,0.889
1395.799834,101.094,3.941,96.250,0.736
1395.899670,95.133,5.844,88.235,0.861
1395.999503,91.969,4.024,87.037,0.739
1396.099346,81.393,3.953,76.404,0.866
1396.199187,107.669,3.984,102.750,0.738
1396.299829,114.923,4.063,109.810,0.879
1396.399681,97.120,4.105,92.088,0.724
1396.499523,88.527,4.139,83.372,0.846
1396.599358,104.432,3.958,99.565,0.732
1396.699192,101.439,3.945,96.446,0.872
1396.799830,95.454,4.040,90.486,0.754
1396.899661,95.004,3.938,90.042,0.859
1396.999506,104.658,4.077,99.656,0.738
1397.099349,82.838,4.100,77.706,0.864
1397.199186,93.099,4.023,88.174,0.731
1397.299810,95.478,3.891,90.550,0.863
1397.399653,92.471,3.993,87.589,0.724
1397.499501,83.029,4.257,77.685,0.914
1397.599344,133.640,4.113,128.279,0.993
1397.699188,93.283,3.922,88.362,0.816
1397.799834,89.555,4.157,84.513,0.713
1397.899673,95.182,3.928,90.268,0.814
1397.999519,80.065,4.133,74.914,0.854
1398.099344,76.667,3.965,71.600,0.936
1398.199187,102.008,4.143,96.499,1.171
1398.299825,97.407,3.911,92.045,1.272
1398.399674,105.929,4.137,100.724,0.767
1398.499510,93.885,4.126,88.722,0.862
1398.599357,110.127,3.977,105.246,0.736
1398.699200,102.167,4.011,96.990,0.945
1398.799443,94.107,4.014,89.161,0.743
1398.899296,109.694,3.968,104.632,0.913
1398.999144,100.132,3.974,95.019,0.971
1399.099776,106.157,3.975,101.083,0.911
1399.199600,112.201,4.155,107.123,0.745
1399.299424,97.955,4.180,92.602,1.002
1399.399266,82.388,3.986,77.308,0.925
1399.499498,110.341,4.065,104.495,1.598
1399.599329,128.072,4.154,123.001,0.715
1399.699155,81.438,3.996,76.490,0.786
1399.799789,137.530,4.016,132.028,1.305
1399.899629,89.406,3.978,84.510,0.722
1399.999464,115.558,4.136,110.017,1.228
1400.099303,127.440,3.970,121.762,1.501
1400.199144,109.528,4.040,104.525,0.711
1400.299793,77.731,4.075,72.635,0.853
1400.399629,91.579,3.970,86.255,1.175
1400.499467,111.661,3.982,106.653,0.839
1400.599306,104.126,3.979,99.133,0.836
1400.699145,84.337,4.151,78.971,1.028
1400.799783,107.885,4.094,102.826,0.787
1400.899616,82.944,4.230,77.772,0.776
1400.999468,91.659,3.949,86.763,0.760
1401.099314,103.895,4.127,98.789,0.813
1401.199153,92.905,3.973,88.006,0.759
1401.299780,110.319,3.975,105.267,0.909
1401.399611,112.982,3.952,108.115,0.746
1401.499446,124.712,3.928,119.292,1.322
1401.599284,109.732,4.186,104.611,0.767
1401.699129,86.095,4.138,81.004,0.791
1401.799772,88.005,3.999,83.060,0.776
1401.899605,90.071,3.957,84.885,1.061
1401.999451,104.737,4.155,99.481,0.907
1402.099289,93.522,4.148,88.374,0.834
1402.199113,85.390,4.174,80.105,0.933
1402.299731,89.845,4.145,84.714,0.818
1402.399576,100.554,4.101,95.180,1.095
1402.499402,90.491,4.085,85.008,1.171
1402.599246,94.962,3.955,90.049,0.783
1402.699481,122.222,3.989,117.236,0.826
1402.799311,108.738,4.041,103.580,0.932
1402.899152,96.611,4.002,91.170,1.150
1402.999796,109.560,4.057,104.504,0.827
1403.099636,106.923,4.154,101.702,0.850
1403.199467,95.428,4.182,89.852,1.226
1403.299301,113.914,3.911,108.931,0.847
1403.399139,107.663,3.986,102.766,0.722
1403.499775,94.608,3.959,89.678,0.802
1403.599628,106.938,3.961,102.072,0.742
1403.699461,85.925,4.130,80.734,0.899
1403.799315,111.991,5.889,105.182,0.753
1403.899148,87.757,3.986,82.377,1.232
1403.999791,92.877,3.969,87.905,0.836
1404.099626,106.705,4.007,101.201,1.333
1404.199466,101.653,4.010,96.735,0.741
1404.299301,91.646,3.976,86.136,1.366
1404.399128,106.277,4.012,101.334,0.764
1404.499761,86.507,3.989,81.193,1.153
1404.599608,99.282,4.148,93.937,1.018
1404.699454,101.397,4.154,95.933,1.035
1404.799298,108.595,4.110,103.400,0.920
1404.899141,84.553,4.175,78.774,1.385
1404.999772,106.856,4.184,101.407,1.091
1405.099626,87.819,4.022,82.486,1.109
1405.199469,86.959,3.945,82.083,0.743
1405.299302,99.275,3.974,94.140,0.993
1405.399150,111.565,3.992,106.346,1.024
1405.499795,95.745,3.971,89.594,1.743
1405.599637,98.854,4.152,93.599,0.890
1405.699478,99.562,3.991,94.557,0.826
1405.799318,94.588,4.078,89.575,0.765
1405.899162,88.578,3.938,83.663,0.810
1405.999801,108.953,4.134,103.686,0.948
1406.099638,94.702,3.961,89.698,0.865
1406.199477,108.509,3.988,103.457,0.885
1406.299316,98.181,3.947,93.232,0.827
1406.399156,106.877,3.957,101.471,1.275
1406.499784,143.155,3.936,137.192,1.631
1406.599632,93.797,4.055,88.837,0.696
1406.699486,96.966,4.134,91.170,1.475
1406.799332,120.388,4.191,115.306,0.690
1406.899178,90.930,4.014,85.929,0.819
1406.999803,100.937,3.957,96.075,0.738
1407.099667,105.307,3.954,100.377,0.792
1407.199526,89.607,3.945,84.748,0.746
1407.299357,84.120,4.026,79.105,0.820
1407.399186,96.402,3.933,91.502,0.797
1407.499816,98.988,3.919,94.071,0.830
1407.599649,87.131,4.090,82.127,0.744
1407.699491,82.280,4.096,76.880,1.134
1407.799331,81.497,3.988,76.348,0.911
1407.899161,100.631,4.117,95.438,0.874
1407.999791,95.978,4.157,90.885,0.762
1408.099625,130.162,4.130,124.219,1.637
1408.199463,126.006,3.926,121.189,0.693
1408.299305,112.852,3.930,107.171,1.559
1408.399142,133.714,3.991,128.840,0.685
1408.499780,100.606,3.960,95.100,1.357
1408.599629,121.071,3.974,116.140,0.783
1408.699465,116.831,3.970,111.241,1.443
1408.799310,107.716,4.014,102.810,0.699
1408.899150,102.063,3.955,97.111,0.825
1408.999795,131.874,3.982,127.026,0.687
1409.099631,74.516,4.002,69.640,0.709
1409.199467,92.224,3.954,87.375,0.734
1409.299296,126.527,3.949,119.644,2.756
1409.399135,106.480,3.949,101.672,0.661
1409.499771,126.253,3.883,120.607,1.577
1409.599608,124.544,4.049,119.576,0.724
1409.699458,105.237,3.877,100.426,0.761
1409.799292,116.929,3.893,112.145,0.722
1409.899140,101.868,3.938,96.952,0.811
1409.999778,97.221,3.965,92.282,0.781
1410.099611,106.970,3.970,101.750,1.083
1410.199445,109.846,3.923,104.978,0.714
1410.299287,114.054,4.005,109.079,0.803
1410.399126,97.348,3.931,92.484,0.762
1410.499768,95.431,4.087,90.327,0.845
1410.599614,97.836,3.957,92.976,0.738
1410.699457,106.587,3.932,101.687,0.802
1410.799294,114.752,4.129,109.716,0.739
1410.899125,89.814,3.916,84.888,0.838
1410.999765,114.562,4.065,109.614,0.709
1411.099612,101.361,3.957,96.284,0.951
1411.199451,95.888,3.941,91.021,0.749
1411.299287,108.846,4.144,103.714,0.820
1411.399115,114.156,3.884,109.392,0.717
1411.499764,103.664,3.937,98.013,1.532
1411.599618,115.341,4.094,110.391,0.657
1411.699473,100.415,3.908,95.539,0.807
1411.799315,103.407,3.943,98.604,0.687
1411.899152,82.952,4.049,78.020,0.717
1411.999798,126.237,3.868,120.261,1.905
1412.099625,96.938,4.185,91.715,0.720
1412.199463,109.525,3.968,104.646,0.741
1412.299305,106.858,3.929,101.985,0.779
1412.399137,111.188,3.915,106.347,0.751
1412.499789,74.721,3.883,69.861,0.790
1412.599621,104.665,3.871,99.918,0.706
1412.699457,82.463,3.896,77.566,0.833
1412.799295,106.232,4.050,101.299,0.716
1412.899134,94.428,3.823,89.617,0.820
1412.999771,89.485,3.897,84.719,0.700
1413.099614,100.577,3.900,95.679,0.835
1413.199453,95.569,3.890,90.733,0.780
1413.299303,83.740,3.909,78.903,0.763
1413.399151,115.581,3.966,110.713,0.737
1413.499791,96.581,4.047,91.569,0.799
1413.599639,84.673,3.948,79.806,0.752
1413.699481,97.237,4.038,91.901,1.094
1413.799320,83.375,3.966,78.359,0.882
1413.899162,114.930,3.940,109.122,1.679
1413.999788,90.060,3.901,85.224,0.737
1414.099619,81.726,3.975,76.457,1.123
1414.199463,103.059,3.881,98.043,0.923
1414.299314,87.519,5.625,80.624,1.083
1414.399146,89.513,3.909,84.708,0.724
1414.499782,99.130,3.900,94.254,0.808
1414.599624,84.438,3.930,79.635,0.703
1414.699474,96.129,3.856,91.247,0.823
1414.799312,114.942,3.934,110.041,0.741
1414.899155,107.969,4.055,102.947,0.772
1414.999795,108.382,4.065,103.428,0.724
1415.099642,83.361,3.949,78.363,0.844
1415.199485,111.009,3.897,106.219,0.719
1415.299309,100.437,3.906,95.493,0.871
1415.399166,116.238,3.917,110.975,1.160
1415.499804,88.936,3.895,83.875,0.912
1415.599641,110.067,3.964,105.170,0.751
1415.699497,99.814,3.886,94.187,1.540
1415.799333,120.971,3.923,116.161,0.692
1415.899170,84.816,3.845,79.901,0.904
1415.999817,205.326,3.862,200.084,1.197
1416.099653,99.716,3.926,94.702,0.893
1416.199489,81.041,3.879,75.869,1.125
1416.299336,89.418,3.968,84.445,0.842
1416.399174,107.261,3.961,102.360,0.769
1416.499823,83.484,3.874,78.638,0.797
1416.599662,106.858,3.873,102.095,0.723
1416.699497,103.412,4.085,98.188,0.967
1416.799341,118.686,3.867,113.906,0.744
1416.899181,139.551,3.864,133.771,1.734
1416.999829,90.199,3.991,85.325,0.682
1417.099683,94.791,4.088,89.555,0.928
1417.199517,123.620,4.045,118.695,0.667
1417.299353,89.264,4.013,84.348,0.736
1417.399186,99.245,3.822,94.139,1.105
1417.499839,121.871,3.905,117.071,0.697
1417.599682,92.576,3.953,87.784,0.675
1417.699527,116.150,3.912,110.490,1.567
1417.799376,139.817,4.027,134.870,0.703
1417.899211,99.726,3.950,94.733,0.874
1417.999442,78.166,4.067,73.179,0.747
1418.099279,93.427,3.917,87.579,1.712
1418.199121,102.617,4.032,97.676,0.737
1418.299769,99.530,3.880,94.607,0.877
1418.399610,90.772,3.888,85.872,0.841
1418.499438,95.086,3.872,89.973,0.951
1418.599278,105.855,3.912,100.878,0.890
1418.699115,99.051,4.072,93.116,1.567
1418.799758,82.975,3.909,78.133,0.717
1418.899587,109.068,5.678,102.400,0.820
1418.999438,122.841,4.088,117.830,0.753
1419.099282,89.547,3.815,84.734,0.829
1419.199133,115.492,3.861,110.609,0.848
1419.299777,104.364,3.834,99.352,1.000
1419.399626,98.140,3.807,93.233,0.891
1419.499461,110.195,4.057,104.122,1.839
1419.599302,111.490,4.015,106.590,0.643
1419.699131,111.893,3.826,106.993,0.909
1419.799764,152.475,3.821,146.954,1.486
1419.899599,100.867,4.041,95.864,0.766
1419.999454,99.828,4.007,94.822,0.828
1420.099316,123.737,3.831,118.093,1.621
1420.199162,109.268,3.865,104.555,0.651
1420.299814,84.835,3.993,79.876,0.794
1420.399653,125.887,4.047,121.027,0.644
1420.499489,87.776,3.805,83.072,0.732
1420.599323,96.337,3.843,91.605,0.719
1420.699166,111.864,3.829,106.367,1.483
1420.799813,111.264,3.923,106.489,0.646
1420.899661,80.209,3.816,75.483,0.742
1420.999511,118.011,4.021,112.638,1.177
1421.099347,122.380,3.906,117.276,0.997
1421.199183,110.188,3.835,105.449,0.734
1421.299822,129.945,3.878,124.166,1.716
1421.399678,112.681,3.922,107.922,0.642
1421.499513,86.084,3.998,80.202,1.690
1421.599348,153.123,3.899,148.355,0.671
1421.699197,102.591,3.866,97.584,0.925
1421.799832,110.125,3.984,105.113,0.861
1421.899674,107.442,3.804,102.449,1.017
1421.999512,94.151,4.088,89.161,0.716
1422.099345,84.205,3.923,79.070,1.045
1422.199205,91.075,3.976,86.035,0.888
1422.299444,91.061,3.801,86.061,0.992
1422.399291,96.458,3.995,91.582,0.709
1422.499124,88.513,3.841,83.458,1.045
1422.599751,91.501,4.012,86.623,0.696
1422.699612,100.503,3.914,95.593,0.827
1422.799453,111.016,3.923,106.214,0.708
1422.899289,85.787,3.853,80.995,0.772
1422.999123,104.987,4.030,100.039,0.752
1423.099757,111.183,3.873,106.305,0.837
1423.199584,99.973,3.846,95.251,0.707
1423.299435,116.597,3.871,111.740,0.819
1423.399277,100.301,3.958,95.436,0.736
1423.499125,127.225,3.879,120.623,2.526
1423.599765,102.115,4.029,97.150,0.702
1423.699614,108.107,3.850,103.215,0.872
1423.799460,148.739,3.929,143.981,0.661
1423.899314,97.083,3.850,92.218,0.839
1423.999151,135.574,3.916,130.211,1.227
1424.099786,122.242,4.042,116.987,1.015
1424.199616,89.879,5.563,83.348,0.727
1424.299464,106.116,3.885,101.245,0.816
1424.399302,125.516,3.906,120.740,0.705
1424.499153,100.940,4.059,95.837,0.878
1424.599806,113.459,5.670,106.898,0.721
1424.699639,115.942,4.039,110.860,0.873
1424.799454,85.955,4.059,81.005,0.722
1424.899301,91.877,4.056,86.831,0.821
1424.999142,121.647,4.051,116.555,0.869
1425.099778,103.596,3.850,98.462,1.115
1425.199620,107.217,4.114,100.769,2.117
1425.299462,119.453,4.066,114.130,1.074
1425.399306,99.798,3.890,94.720,0.981
1425.499130,92.278,3.828,87.169,1.104
1425.599771,113.930,3.995,109.066,0.704
1425.699602,103.492,3.855,98.648,0.815
1425.799449,114.365,3.938,109.500,0.763
1425.899293,94.063,3.993,89.097,0.806
1425.999134,109.553,4.081,104.596,0.713
1426.099769,91.598,3.964,86.711,0.752
1426.199607,109.519,3.917,104.715,0.719
1426.299435,79.383,3.898,74.439,0.855
1426.399290,106.654,3.962,101.805,0.713
1426.499133,113.670,3.867,108.759,0.875
1426.599781,124.903,3.856,119.877,0.988
1426.699621,93.651,3.829,88.806,0.849
1426.799462,97.498,4.063,92.531,0.733
1426.899299,103.060,3.847,98.230,0.816
1426.999126,109.001,3.962,104.139,0.716
1427.099766,124.313,3.897,117.421,2.802
1427.199615,118.977,3.898,114.150,0.719
1427.299446,95.559,4.063,90.256,1.053
1427.399276,146.761,3.979,141.956,0.656
1427.499515,102.274,4.075,97.218,0.817
1427.599355,137.442,4.063,131.637,1.559
1427.699192,114.594,3.898,109.528,0.972
1427.799827,99.270,3.958,94.415,0.721
1427.899674,94.269,3.930,89.417,0.756
1427.999521,90.699,3.969,85.780,0.771
1428.099372,104.858,3.868,99.968,0.854
1428.199216,81.176,3.848,76.397,0.749
1428.299461,94.872,3.947,89.548,1.206
1428.399290,96.984,3.897,91.425,1.464
1428.499139,111.168,4.070,105.391,1.424
1428.599774,90.032,3.854,85.098,0.898
1428.699616,83.155,3.960,78.208,0.802
1428.799458,104.417,4.082,99.443,0.724
1428.899292,87.719,3.907,82.728,0.917
1428.999132,101.817,3.919,96.833,0.895
1429.099744,89.890,4.075,84.727,0.879
1429.199585,111.234,3.960,106.224,0.885
1429.299429,90.400,3.868,85.484,0.869
1429.399274,87.277,3.893,82.485,0.706
1429.499503,90.009,3.847,85.156,0.837
1429.599335,89.276,4.010,84.390,0.708
1429.699176,105.299,3.847,100.468,0.811
1429.799829,104.784,3.982,99.925,0.714
1429.899674,110.913,3.885,105.541,1.308
1429.999512,104.563,3.883,99.796,0.718
1430.099345,117.325,4.099,112.158,0.900
1430.199192,109.564,4.085,104.038,1.241
1430.299824,108.546,3.933,103.562,0.881
1430.399676,115.387,4.100,110.389,0.729
1430.499525,112.901,3.897,108.073,0.771
1430.599374,118.735,3.898,113.921,0.742
1430.699231,120.314,3.928,115.376,0.845
1430.799461,103.690,4.114,98.649,0.755
1430.899307,105.488,4.095,100.372,0.843
1430.999147,112.289,4.086,106.761,1.260
1431.099809,97.339,3.914,92.148,1.088
1431.199654,97.434,3.968,92.163,1.070
1431.299498,117.032,4.223,111.214,1.414
1431.399320,106.487,3.924,101.611,0.780
1431.499159,128.306,3.940,123.368,0.827
1431.599798,104.631,4.117,99.583,0.754
1431.699624,102.876,4.010,97.840,0.856
1431.799459,91.925,3.914,87.140,0.707
1431.899297,114.423,4.120,109.290,0.842
1431.999140,122.774,4.031,117.748,0.831
1432.099786,99.366,3.981,94.185,1.021
1432.199624,94.392,4.051,89.015,1.154
1432.299466,118.219,3.930,113.176,0.948
1432.399301,84.229,3.918,79.378,0.755
1432.499149,85.186,3.991,80.216,0.809
1432.599797,98.776,4.083,93.780,0.741
1432.699653,99.624,4.154,94.473,0.827
1432.799483,91.871,4.122,86.844,0.745
1432.899319,98.810,5.663,91.949,1.032
1432.999162,108.845,3.934,103.964,0.769
1433.099803,114.003,4.239,108.564,1.005
1433.199641,120.897,4.124,115.268,1.302
1433.299475,82.514,4.131,77.279,0.902
1433.399308,126.617,3.999,121.419,1.033
1433.499129,89.260,4.146,83.878,1.053
1433.599770,116.792,3.977,111.861,0.783
1433.699610,91.042,4.123,85.379,1.366
1433.799436,100.351,3.956,94.905,1.291
1433.899287,118.715,4.042,112.894,1.592
1433.999123,166.699,4.055,161.237,1.193
1434.099749,122.240,4.049,117.210,0.781
1434.199581,127.905,4.001,122.447,1.277
1434.299413,109.975,3.936,105.066,0.771
1434.399249,118.847,3.960,113.983,0.737
1434.499486,103.949,3.958,98.642,1.047
1434.599310,121.090,4.047,116.106,0.760
1434.699145,100.117,3.939,94.494,1.502
1434.799789,126.968,4.014,122.035,0.750
1434.899624,119.029,4.135,113.937,0.788
1434.999459,102.518,4.143,97.467,0.739
1435.099310,139.516,3.966,134.197,1.177
1435.199144,131.105,4.149,125.922,0.747
1435.299790,111.035,3.992,105.992,0.885
1435.399630,106.858,3.968,101.979,0.745
1435.499450,110.817,4.157,105.640,0.818
1435.599288,119.695,4.091,114.461,0.972
1435.699128,103.781,3.940,98.754,0.905
1435.799779,99.393,4.008,94.425,0.792
1435.899616,107.486,4.017,102.439,0.860
1435.999465,103.260,4.150,98.182,0.760
1436.099318,105.773,3.980,100.813,0.811
1436.199151,105.916,4.007,100.983,0.753
1436.299790,129.341,4.112,124.293,0.771
1436.399616,95.270,3.929,90.416,0.759
1436.499449,88.980,4.073,83.706,1.037
1436.599281,104.036,4.134,98.989,0.738
1436.699114,103.342,3.952,98.448,0.776
1436.799740,109.896,4.003,104.989,0.738
1436.899591,90.167,4.083,85.154,0.763
1436.999430,87.868,3.947,82.845,0.912
1437.099276,84.977,3.981,79.959,0.858
1437.199517,110.069,3.901,105.267,0.732
1437.299357,104.546,3.957,99.042,1.379
1437.399185,100.177,4.111,95.036,0.862
1437.499813,84.346,3.914,79.102,1.078
1437.599652,100.004,3.970,94.997,0.825
1437.699498,110.158,3.946,105.232,0.816
1437.799331,105.693,3.960,100.831,0.720
1437.899169,99.991,4.116,94.714,0.962
1437.999806,106.228,4.052,101.299,0.711
1438.099641,93.596,3.860,88.817,0.751
1438.199491,111.680,3.956,106.861,0.697
1438.299330,90.170,3.918,85.246,0.833
1438.399162,76.802,4.007,71.821,0.804
1438.499804,117.908,3.938,112.408,1.391
1438.599653,151.809,3.951,146.985,0.672
1438.699495,97.827,3.951,92.994,0.715
1438.799330,107.947,4.183,102.852,0.745
1438.899164,84.024,3.977,79.110,0.765
1438.999800,86.366,3.941,81.519,0.741
1439.099647,102.116,3.942,97.205,0.802
1439.199483,116.578,3.941,111.703,0.766
1439.299328,84.933,3.926,80.017,0.824
1439.399177,92.247,4.080,87.240,0.756
1439.499814,109.779,3.914,104.878,0.822
1439.599660,114.458,3.933,109.598,0.759
1439.699508,101.086,3.920,96.184,0.815
1439.799349,106.793,4.121,101.596,0.911
1439.899197,96.948,3.950,91.896,0.808
1439.999835,86.070,3.904,81.280,0.713
1440.099659,99.699,4.094,94.659,0.750
1440.199485,104.511,3.893,99.683,0.768
1440.299323,97.693,4.076,92.541,0.903
1440.399161,110.122,3.910,105.311,0.734
1440.499801,151.079,4.122,145.298,1.474
1440.599640,120.965,4.099,116.002,0.670
1440.699465,99.506,3.901,94.628,0.808
1440.799304,125.747,3.999,120.853,0.723
1440.899144,85.778,3.965,80.951,0.692
1440.999797,106.585,3.906,101.755,0.757
1441.099633,99.811,4.098,94.746,0.797
1441.199481,91.981,3.918,87.080,0.815
1441.299310,110.916,3.998,105.882,0.865
1441.399144,125.683,4.047,120.469,1.002
1441.499781,105.248,3.964,100.227,0.884
1441.599623,86.999,3.984,82.106,0.736
1441.699469,75.949,3.979,70.956,0.847
1441.799308,93.971,4.127,88.891,0.765
1441.899149,94.484,3.937,89.600,0.777
1441.999784,85.694,4.007,80.787,0.708
1442.099631,107.174,4.018,102.200,0.791
1442.199472,91.664,3.938,86.792,0.734
1442.299323,78.545,4.126,73.407,0.836
1442.399159,116.270,4.131,110.772,1.159
1442.499794,112.429,3.905,107.572,0.782
1442.599631,112.382,3.949,107.518,0.749
1442.699473,86.587,4.070,81.545,0.811
1442.799318,88.089,4.023,83.016,0.883
1442.899154,106.198,3.954,101.274,0.798
1442.999783,119.992,3.960,114.882,0.973
1443.099615,89.663,3.961,84.730,0.805
1443.199454,112.319,4.049,107.296,0.805
1443.299294,84.249,4.080,79.197,0.803
1443.399135,107.335,4.132,102.279,0.757
1443.499781,103.028,3.963,98.059,0.835
1443.599626,98.044,3.973,92.958,0.936
1443.699462,92.123,4.169,86.861,0.930
1443.799307,102.133,3.989,97.237,0.733
1443.899138,88.576,4.003,83.312,1.077
1443.999790,106.356,3.962,101.491,0.733
1444.099637,104.466,3.913,99.607,0.779
1444.199475,91.962,4.022,87.059,0.721
1444.299316,129.102,3.912,124.175,0.849
1444.399182,110.307,4.211,105.133,0.772
1444.499809,118.948,3.989,113.970,0.817
1444.599657,132.588,4.017,127.661,0.740
1444.699497,92.633,4.142,87.413,0.870
1444.799340,114.069,3.944,109.226,0.721
1444.899190,103.458,3.947,98.516,0.828
1444.999837,110.437,3.993,105.557,0.720
1445.099679,76.884,3.936,71.996,0.783
1445.199508,101.846,3.950,97.010,0.722
1445.299368,82.662,3.941,77.757,0.797
1445.399184,95.860,3.982,90.970,0.737
1445.499825,105.076,4.116,99.880,0.913
1445.599662,114.366,4.135,109.302,0.742
1445.699505,89.894,3.975,84.695,1.054
1445.799345,109.111,4.208,103.983,0.729
1445.899170,100.503,4.165,95.355,0.815
1445.999817,111.560,3.959,106.695,0.740
1446.099669,95.616,4.114,90.512,0.823
1446.199514,89.689,4.101,84.649,0.769
1446.299352,86.171,3.933,81.209,0.862
1446.399180,107.288,3.944,102.089,1.074
1446.499818,84.286,4.139,79.161,0.822
1446.599667,106.712,3.943,101.836,0.757
1446.699499,103.227,3.938,98.285,0.836
1446.799336,118.143,4.175,113.058,0.740
1446.899186,100.634,3.956,95.703,0.809
1446.999829,103.715,4.192,98.595,0.733
1447.099664,102.700,3.993,97.692,0.844
1447.199502,115.666,3.922,110.626,0.951
1447.299330,79.539,3.937,74.581,0.813
1447.399158,103.426,3.937,98.589,0.736
1447.499794,118.542,3.916,113.377,1.080
1447.599629,112.636,5.919,105.669,0.865
1447.699477,94.013,4.136,88.846,0.856
1447.799319,97.625,4.136,92.355,0.968
1447.899164,83.404,4.080,78.179,0.848
1447.999798,94.425,4.061,89.031,1.147
1448.099634,93.377,3.981,88.390,0.840
1448.199479,97.762,4.064,92.586,0.918
1448.299305,127.263,3.965,121.517,1.569
1448.399144,143.426,4.017,138.507,0.703
1448.499784,85.441,3.970,79.840,1.437
1448.599622,125.213,4.202,120.128,0.691
1448.699454,80.018,3.945,75.188,0.722
1448.799285,116.816,3.952,111.229,1.452
1448.899112,122.161,3.963,117.272,0.728
1448.999752,92.148,4.160,87.072,0.750
1449.099591,135.146,3.955,129.465,1.542
1449.199425,103.679,3.993,98.669,0.804
1449.299261,95.127,3.986,89.754,1.200
1449.399505,107.658,4.144,101.920,1.369
1449.499358,95.516,3.957,90.436,0.865
1449.599194,121.550,4.005,116.155,1.205
1449.699829,123.319,3.991,117.636,1.474
1449.799660,104.767,4.007,99.860,0.708
1449.899489,73.525,3.940,68.710,0.714
1449.999327,107.104,3.925,101.704,1.284
1450.099170,115.112,3.969,110.226,0.728
1450.199795,113.856,3.926,108.524,1.230
1450.299650,156.392,3.908,151.487,0.795
1450.399490,121.477,3.930,116.644,0.716
1450.499331,117.630,3.893,112.115,1.427
1450.599168,112.019,5.573,105.570,0.682
1450.699800,100.479,3.874,95.572,0.871
1450.799625,129.738,4.025,124.244,1.283
1450.899470,104.636,4.015,99.600,0.816
1450.999311,92.513,3.902,87.694,0.729
1451.099147,86.646,4.120,81.401,0.940
1451.199779,92.650,3.926,87.790,0.761
1451.299616,82.022,3.944,77.097,0.791
1451.399451,90.762,3.923,85.926,0.747
1451.499289,80.617,4.128,75.084,1.240
1451.599143,105.758,3.932,100.843,0.767
1451.699789,86.699,3.895,81.849,0.781
1451.799630,109.077,3.918,104.258,0.732
1451.899456,115.462,3.902,110.609,0.783
1451.999291,101.467,3.909,96.687,0.708
1452.099123,90.470,4.133,85.391,0.776
1452.199757,96.185,3.978,91.289,0.741
1452.299606,80.269,4.008,75.242,0.840
1452.399433,100.528,5.685,93.965,0.712
1452.499266,104.563,4.014,99.533,0.850
1452.599510,109.560,3.949,104.705,0.740
1452.699353,101.179,4.096,96.122,0.795
1452.799187,92.467,4.033,87.096,1.172
1452.899822,109.173,3.941,104.243,0.822
1452.999651,113.336,4.110,108.323,0.737
1453.099491,98.376,3.940,93.441,0.832
1453.199318,114.599,4.103,109.482,0.841
1453.299164,102.637,3.991,97.511,0.855
1453.399814,110.013,3.947,105.095,0.803
1453.499647,96.266,3.937,91.325,0.835
1453.599493,91.218,4.057,86.226,0.731
1453.699337,91.763,4.015,86.639,0.944
1453.799178,100.976,3.947,96.118,0.738
1453.899815,97.418,4.168,91.915,1.111
1453.999657,83.806,3.969,78.917,0.744
1454.099515,101.227,4.110,96.107,0.837
1454.199345,88.592,3.919,83.796,0.716
1454.299185,89.029,4.126,83.886,0.850
1454.399807,103.845,4.041,98.702,0.924
1454.499647,104.228,5.812,97.406,0.827
1454.599489,77.052,4.118,72.016,0.752
1454.699334,101.991,3.898,97.091,0.843
1454.799173,110.957,3.900,106.142,0.748
1454.899813,123.331,3.947,118.411,0.791
1454.999641,91.100,3.941,86.276,0.715
1455.099470,98.669,4.101,93.572,0.818
1455.199303,118.981,3.993,113.974,0.847
1455.299145,94.443,4.149,89.159,0.961
1455.399786,108.524,4.007,102.842,1.494
1455.499618,81.428,5.696,74.715,0.837
1455.599470,115.826,4.079,110.640,0.927
1455.699313,100.946,4.208,95.338,1.231
1455.799156,118.558,4.020,113.298,1.052
1455.899775,79.441,3.975,74.302,0.983
1455.999618,102.749,3.992,97.709,0.783
1456.099456,91.103,3.988,86.081,0.872
1456.199289,100.840,3.984,95.887,0.771
1456.299130,96.352,3.977,91.323,0.872
1456.399772,100.824,3.964,95.717,0.944
1456.499613,100.319,4.153,95.115,0.876
1456.599450,106.337,3.973,101.404,0.760
1456.699293,110.851,4.125,105.483,1.066
1456.799122,109.882,4.119,104.551,1.032
1456.899768,82.958,3.934,78.011,0.835
1456.999617,123.768,4.185,118.467,0.946
1457.099453,123.332,4.056,118.246,0.846
1457.199298,93.708,3.962,88.871,0.717
1457.299146,87.665,3.946,82.297,1.261
1457.399773,88.747,4.168,83.629,0.782
1457.499612,98.169,4.091,92.936,0.967
1457.599457,79.027,4.165,73.883,0.808
1457.699287,84.289,3.964,79.289,0.869
1457.799117,107.724,4.015,102.591,0.944
1457.899758,126.480,5.916,119.442,0.855
1457.999593,96.550,5.751,89.412,1.207
1458.099425,116.147,4.125,110.243,1.570
1458.199260,102.829,4.174,97.797,0.666
1458.299509,113.419,4.014,108.366,0.871
1458.399343,138.189,3.989,133.304,0.687
1458.499191,93.135,4.167,88.048,0.732
1458.599822,115.691,4.061,110.552,0.909
1458.699663,108.503,4.173,103.186,0.976
1458.799510,105.647,4.176,100.313,0.966
1458.899353,96.344,3.979,91.103,1.062
1458.999212,98.176,3.982,93.258,0.761
1459.099445,82.957,4.169,76.567,2.022
1459.199280,84.593,4.018,79.628,0.760
1459.299115,100.770,4.180,95.445,0.952
1459.399746,132.479,4.164,127.200,0.937
1459.499590,114.716,4.012,109.698,0.833
1459.599433,120.083,4.042,115.110,0.762
1459.699275,123.892,4.192,118.709,0.824
1459.799523,106.289,3.935,101.315,0.869
1459.899369,99.318,3.956,93.964,1.223
1459.999211,103.356,4.176,98.043,0.960
1460.099451,99.304,4.007,93.997,1.130
1460.199296,101.719,4.158,96.618,0.740
1460.299134,121.862,3.960,115.573,2.130
1460.399781,119.721,4.131,114.698,0.683
1460.499615,105.055,3.989,99.203,1.685
1460.599462,129.154,4.199,123.780,0.964
1460.699299,94.699,3.959,89.834,0.743
1460.799142,102.630,3.978,97.716,0.740
1460.899778,92.170,4.299,86.751,0.910
1460.999622,99.737,3.955,94.835,0.776
1461.099490,87.426,3.988,82.424,0.841
1461.199326,90.253,4.110,85.229,0.734
1461.299163,82.696,4.012,77.472,1.045
1461.399802,101.732,4.159,96.669,0.736
1461.499645,103.786,4.009,98.492,1.080
1461.599483,93.193,3.978,88.313,0.738
1461.699327,90.423,4.023,84.905,1.322
1461.799164,108.231,3.999,103.329,0.733
1461.899803,107.304,4.008,102.262,0.867
1461.999639,117.229,3.949,112.349,0.763
1462.099463,92.034,3.935,87.134,0.798
1462.199298,95.073,4.015,90.123,0.766
1462.299139,112.470,3.961,107.441,0.896
1462.399773,113.035,4.026,108.101,0.729
1462.499609,103.815,4.127,98.699,0.820
1462.599451,112.874,4.176,107.800,0.733
1462.699292,89.840,4.200,84.648,0.824
1462.799148,112.864,3.970,107.955,0.770
1462.899794,108.653,3.979,103.402,1.105
1462.999641,141.008,3.992,135.652,1.185
1463.099489,117.782,4.112,112.610,0.820
1463.199345,98.601,4.028,93.164,1.215
1463.299191,136.643,3.995,130.941,1.474
1463.399814,104.524,4.046,99.559,0.714
1463.499649,92.831,3.923,87.816,0.922
1463.599506,128.272,4.102,122.431,1.552
1463.699339,86.160,3.964,80.978,1.018
1463.799182,85.889,3.918,81.052,0.741
1463.899814,83.519,3.983,78.510,0.835
1463.999650,110.937,4.082,105.933,0.755
1464.099496,83.574,4.099,78.509,0.795
1464.199338,108.143,3.924,103.312,0.740
1464.299193,78.350,4.161,73.172,0.848
1464.399834,115.496,3.960,110.636,0.731
1464.499684,94.817,3.927,89.914,0.806
1464.599530,116.536,3.935,111.618,0.817
1464.699384,105.152,3.934,99.785,1.264
1464.799223,110.656,4.045,105.520,0.911
1464.899460,93.322,4.159,87.789,1.166
1464.999280,97.976,3.935,93.053,0.802
1465.099113,81.910,3.926,77.001,0.815
1465.199752,97.267,3.995,92.353,0.751
1465.299577,95.092,3.941,90.102,0.881
1465.399424,108.188,3.951,103.289,0.750
1465.499268,108.413,3.946,103.184,1.112
1465.599500,98.942,4.159,93.859,0.742
1465.699343,101.329,3.952,96.353,0.861
1465.799170,105.390,3.948,100.385,0.872
1465.899806,102.607,4.158,97.454,0.815
1465.999633,84.434,4.078,79.072,1.070
1466.099484,103.001,4.018,97.936,0.879
1466.199322,91.609,4.012,86.275,1.151
1466.299163,90.153,4.094,84.943,0.951
1466.399795,84.825,3.886,80.050,0.714
1466.499629,82.717,3.896,77.837,0.817
1466.599477,105.688,4.052,100.736,0.728
1466.699299,109.417,4.140,104.197,0.917
1466.799131,118.085,3.962,113.210,0.744
1466.899778,99.723,3.905,94.805,0.840
1466.999627,105.808,3.930,100.953,0.761
1467.099463,90.169,3.939,85.217,0.842
1467.199295,89.405,3.954,84.547,0.737
1467.299126,90.404,4.016,85.387,0.829
1467.399767,119.512,4.089,114.551,0.698
1467.499598,90.051,4.094,84.984,0.806
1467.599432,90.780,3.909,85.956,0.751
1467.699271,83.332,3.913,78.427,0.812
1467.799513,102.906,3.895,98.115,0.724
1467.899355,102.932,3.951,98.011,0.801
1467.999210,103.785,3.928,98.952,0.732
1468.099450,104.588,3.931,99.649,0.836
1468.199290,148.591,3.951,143.160,1.299
1468.299125,93.756,3.950,88.838,0.770
1468.399760,90.536,3.956,85.666,0.748
1468.499613,109.089,3.930,104.109,0.856
1468.599453,105.089,3.965,100.142,0.812
1468.699296,96.880,3.944,91.944,0.815
1468.799151,93.904,3.967,88.847,0.915
1468.899786,105.098,4.139,99.942,0.844
1468.999634,109.722,3.997,104.546,0.986
1469.099481,82.467,4.035,77.133,1.084
1469.199322,90.658,4.032,85.720,0.741
1469.299170,102.700,3.944,97.529,1.050
1469.399824,100.319,4.023,95.220,0.887
1469.499658,81.048,4.198,75.810,0.867
1469.599505,101.481,3.933,96.664,0.722
1469.699347,88.107,3.930,83.168,0.837
1469.799190,113.021,3.972,108.103,0.778
1469.899824,85.712,4.110,80.513,0.919
1469.999654,114.386,4.153,109.301,0.746
1470.099497,104.389,3.972,99.350,0.883
1470.199329,118.198,4.157,113.098,0.767
1470.299164,93.228,3.992,88.156,0.911
1470.399789,110.416,4.169,105.328,0.751
1470.499611,133.814,4.131,128.023,1.466
1470.599448,99.404,3.968,94.563,0.675
1470.699296,137.507,3.934,131.882,1.499
1470.799157,132.706,4.131,127.684,0.695
1470.899798,89.481,3.927,84.533,0.842
1470.999648,96.665,4.151,91.453,0.885
1471.099509,98.384,3.944,93.072,1.195
1471.199343,99.188,3.934,93.811,1.222
1471.299186,78.372,4.143,73.182,0.874
1471.399823,94.434,3.951,89.584,0.734
1471.499651,104.610,3.917,99.678,0.843
1471.599481,95.308,3.938,90.459,0.745
1471.699333,87.301,3.950,82.352,0.832
1471.799162,121.070,4.105,116.029,0.771
1471.899801,98.447,3.993,93.412,0.872
1471.999636,101.034,3.968,96.131,0.737
1472.099471,95.002,4.021,89.916,0.895
1472.199311,101.380,4.129,96.333,0.744
1472.299139,100.883,3.975,95.886,0.803
1472.399780,111.373,4.071,105.708,1.356
1472.499618,108.678,5.707,101.751,0.996
1472.599451,87.200,3.937,82.184,0.881
1472.699289,83.728,3.951,78.702,0.806
1472.799144,99.186,3.883,94.422,0.712
1472.899773,89.959,4.101,84.894,0.801
1472.999626,103.649,3.978,98.793,0.711
1473.099468,106.580,4.106,101.465,0.839
1473.199306,102.048,3.944,97.214,0.725
1473.299135,82.409,3.944,77.482,0.818
1473.399770,77.459,4.095,72.436,0.761
1473.499610,101.762,5.611,95.181,0.802
1473.599442,96.188,4.125,91.161,0.741
1473.699269,86.407,3.894,81.167,1.177
1473.799500,88.142,3.910,83.162,0.896
1473.899334,83.215,3.949,78.214,0.853
1473.999163,110.425,3.914,105.429,0.914
1474.099803,95.580,3.898,90.560,0.946
1474.199638,88.433,5.676,81.300,1.285
1474.299485,99.324,3.921,94.354,0.869
1474.399335,110.070,4.153,104.910,0.838
1474.499182,110.187,4.110,104.919,0.905
1474.599824,89.121,3.910,84.154,0.783
1474.699667,83.468,4.015,78.188,1.067
1474.799508,88.512,3.964,83.611,0.754
1474.899353,81.040,3.939,76.073,0.855
1474.999185,159.420,3.929,154.451,0.870
1475.099827,91.649,4.113,83.563,3.784
1475.199652,99.520,4.111,94.532,0.673
1475.299493,92.381,3.884,87.469,0.864
1475.399359,79.492,3.899,74.513,0.889
1475.499184,85.642,3.892,80.697,0.883
1475.599823,94.436,3.884,89.529,0.853
1475.699663,103.929,4.066,98.888,0.802
1475.799500,115.875,3.891,110.898,0.924
1475.899347,139.973,4.043,134.350,1.387
1475.999202,136.573,3.923,131.792,0.662
1476.099448,77.742,3.917,72.914,0.743
1476.199282,118.959,4.085,113.460,1.235
1476.299108,131.571,4.087,125.658,1.607
1476.399731,121.919,4.115,116.851,0.756
1476.499580,66.269,4.046,61.210,0.841
1476.599418,101.724,4.161,96.513,0.885
1476.699261,100.173,3.931,94.829,1.121
1476.799515,122.517,3.917,115.732,2.456
1476.899359,95.759,4.109,90.675,0.766
1476.999202,83.955,3.914,78.977,0.874
1477.099433,88.305,4.012,83.284,0.834
1477.199272,81.429,3.933,76.578,0.748
1477.299510,86.838,4.129,81.787,0.748
1477.399342,88.234,4.093,83.275,0.705
1477.499191,114.172,3.905,109.370,0.727
1477.599828,112.523,3.945,107.687,0.717
1477.699668,79.414,3.906,74.546,0.793
1477.799514,99.541,3.904,94.726,0.738
1477.899370,92.676,3.921,87.818,0.778
1477.999219,107.539,3.900,102.709,0.763
1478.099463,96.255,4.055,91.226,0.798
1478.199310,89.285,3.898,84.509,0.720
1478.299156,96.671,4.087,91.655,0.759
1478.399807,103.780,5.705,97.188,0.714
1478.499639,101.009,3.901,96.205,0.738
1478.599476,99.878,4.084,94.922,0.706
1478.699306,88.034,3.886,83.218,0.773
1478.799144,82.890,4.079,77.732,0.910
1478.899768,95.828,3.931,90.822,0.889
1478.999597,99.283,3.927,94.331,0.856
1479.099434,103.470,3.931,98.377,0.990
1479.199280,85.035,4.095,79.659,1.111
1479.299118,119.885,3.999,114.713,0.974
1479.399749,121.366,3.885,116.602,0.713
1479.499590,103.331,3.977,98.358,0.826
1479.599444,92.875,4.004,87.996,0.709
1479.699293,92.220,3.915,87.347,0.792
1479.799124,87.863,3.965,82.816,0.912
1479.899760,95.430,3.922,90.314,1.004
1479.999598,95.169,3.895,89.788,1.312
1480.099427,99.948,4.083,94.557,1.122
1480.199253,87.928,4.041,82.815,0.881
1480.299494,119.923,3.954,113.701,2.072
1480.399338,122.592,4.106,117.635,0.658
1480.499188,83.036,4.099,78.032,0.746
1480.599824,150.820,4.004,145.463,1.172
1480.699664,97.363,3.958,92.491,0.715
1480.799504,114.577,4.095,109.557,0.754
1480.899363,122.589,4.242,117.454,0.724
1480.999202,113.507,5.795,106.841,0.690
1481.099455,93.561,3.909,87.838,1.633
1481.199290,124.997,3.996,120.129,0.669
1481.299136,100.632,3.961,95.669,0.836
1481.399780,147.588,4.012,140.768,2.624
1481.499625,95.801,3.916,90.952,0.740
1481.599454,103.329,4.068,98.113,0.937
1481.699283,94.222,3.899,89.359,0.789
1481.799129,108.347,3.986,103.352,0.840
1481.899757,139.711,4.080,133.972,1.447
1481.999584,106.369,3.963,101.529,0.677
1482.099436,84.002,3.871,78.545,1.403
1482.199277,137.058,3.882,132.293,0.663
1482.299113,96.765,3.989,91.809,0.802
1482.399743,105.315,3.962,100.479,0.708
1482.499584,139.054,3.881,132.172,2.809
1482.599423,111.217,5.737,104.623,0.663
1482.699280,86.622,4.070,81.573,0.806
1482.799121,133.827,3.984,128.974,0.700
1482.899758,81.772,3.861,77.011,0.734
1482.999616,81.690,3.881,76.772,0.873
1483.099446,82.248,3.865,77.319,0.887
1483.199288,115.620,5.619,109.111,0.721
1483.299129,101.484,3.870,96.289,1.119
1483.399766,77.065,4.117,72.051,0.730
1483.499616,88.552,3.890,83.630,0.824
1483.599462,95.172,3.900,90.371,0.734
1483.699294,81.711,3.877,76.875,0.791
1483.799136,84.620,3.912,79.788,0.739
1483.899781,80.294,3.888,74.837,1.340
1483.999624,105.842,3.978,100.999,0.700
1484.099473,107.539,4.086,102.553,0.731
1484.199320,101.637,4.066,96.694,0.708
1484.299158,99.895,3.883,95.038,0.810
1484.399790,110.728,3.950,105.738,0.870
1484.499631,115.619,4.068,110.594,0.779
1484.599470,99.769,4.070,94.819,0.714
1484.699312,117.378,3.916,112.328,0.954
1484.799149,110.872,3.986,105.872,0.825
1484.899788,94.329,3.886,89.378,0.881
1484.999626,93.196,4.066,88.126,0.835
1485.099464,100.022,3.946,94.364,1.417
1485.199307,104.418,4.046,99.472,0.724
1485.299135,99.694,3.893,94.804,0.831
1485.399771,99.027,3.822,94.303,0.736
1485.499614,87.214,5.587,80.671,0.783
1485.599453,130.923,3.961,126.060,0.735
1485.699299,97.699,3.883,92.661,0.990
1485.799139,104.244,3.922,99.399,0.761
1485.899771,103.707,3.913,98.804,0.818
1485.999609,115.210,3.963,110.315,0.754
1486.099432,100.714,3.849,95.877,0.808
1486.199256,106.717,3.879,101.806,0.829
1486.299495,97.387,4.060,92.389,0.769
1486.399329,126.362,3.905,121.581,0.711
1486.499180,88.637,3.856,83.807,0.803
1486.599814,103.137,4.103,98.149,0.714
1486.699651,80.819,4.149,75.696,0.804
1486.799490,127.473,5.621,120.969,0.718
1486.899337,113.259,4.111,108.114,0.866
1486.999184,133.960,3.905,129.091,0.779
1487.099825,110.432,4.103,104.813,1.322
1487.199678,97.773,3.962,92.968,0.646
1487.299514,97.927,4.067,92.872,0.817
1487.399354,136.859,3.939,132.092,0.663
1487.499201,101.530,4.093,96.537,0.735
1487.599428,82.972,3.953,77.391,1.453
1487.699261,159.770,4.158,153.643,1.746
1487.799502,88.191,4.112,83.123,0.763
1487.899345,96.309,3.927,91.312,0.897
1487.999196,137.254,4.164,132.089,0.676
1488.099835,116.900,3.909,112.052,0.772
1488.199669,109.234,4.082,104.278,0.704
1488.299524,88.668,4.008,83.649,0.835
1488.399354,120.825,4.103,115.833,0.716
1488.499202,103.200,3.907,98.282,0.829
1488.599456,95.008,3.925,89.719,1.188
1488.699294,104.070,4.024,99.034,0.844
1488.799136,97.488,4.079,92.394,0.843
1488.899771,115.603,3.977,109.333,2.072
1488.999614,97.549,3.944,91.853,1.550
1489.099446,90.738,3.961,85.741,0.861
1489.199287,79.286,4.084,74.334,0.708
1489.299134,99.839,3.921,94.917,0.836
1489.399780,113.596,3.896,108.751,0.773
1489.499613,102.504,3.930,97.573,0.836
1489.599452,102.473,3.925,97.630,0.743
1489.699291,84.565,3.876,79.716,0.813
1489.799125,117.391,3.891,112.603,0.735
1489.899767,100.360,3.914,95.457,0.816
1489.999607,120.407,3.906,115.482,0.850
1490.099449,99.050,3.889,93.898,1.083
1490.199295,76.377,3.923,71.423,0.864
1490.299128,99.811,3.919,94.845,0.873
1490.399772,123.541,3.914,118.500,0.946
1490.499613,112.918,3.931,107.708,1.098
1490.599444,81.007,3.944,75.797,1.081
1490.699290,116.172,3.913,110.357,1.683
1490.799141,94.682,3.977,89.766,0.714
1490.899779,99.530,3.901,94.642,0.823
1490.999622,135.707,4.110,130.746,0.683
1491.099459,105.684,3.921,100.808,0.785
1491.199302,138.060,4.137,132.987,0.765
1491.299135,112.996,3.907,107.781,1.131
1491.399779,99.751,3.919,94.849,0.780
1491.499624,86.950,3.960,81.977,0.837
1491.599478,111.178,3.929,106.160,0.924
1491.699315,118.602,4.086,113.034,1.275
1491.799153,110.493,4.022,105.584,0.719
1491.899790,96.778,4.128,91.663,0.820
1491.999626,98.377,3.969,93.509,0.733
1492.099468,76.777,3.975,71.444,1.190
1492.199305,114.062,4.110,109.066,0.719
1492.299145,104.406,4.146,99.304,0.787
1492.399779,102.989,4.016,98.083,0.724
1492.499620,100.105,3.933,95.210,0.788
1492.599466,86.259,3.982,81.181,0.928
1492.699304,88.942,3.923,83.885,0.965
1492.799150,75.766,3.974,70.724,0.887
1492.899780,103.511,4.091,98.193,0.916
1492.999616,108.108,3.909,103.193,0.833
1493.099446,108.407,4.097,102.595,1.472
1493.199285,110.270,3.932,105.368,0.773
1493.299129,88.111,3.984,82.878,1.062
1493.399767,129.027,3.890,123.813,1.126
1493.499625,71.579,3.993,66.448,0.943
1493.599469,99.920,3.901,94.969,0.868
1493.699296,93.820,3.984,88.778,0.881
1493.799145,88.973,3.946,84.127,0.731
1493.899791,85.947,4.128,80.829,0.818
1493.999633,104.093,4.122,98.970,0.835
1494.099473,97.076,3.922,91.893,0.978
1494.199312,111.345,3.996,106.341,0.827
1494.299144,80.896,3.935,75.776,0.966
1494.399788,126.111,3.928,121.219,0.790
1494.499638,102.347,3.858,97.267,1.052
1494.599487,117.498,4.152,112.455,0.713
1494.699322,86.597,3.901,81.525,1.011
1494.799167,115.103,4.112,110.082,0.738
1494.899792,89.855,3.896,84.972,0.820
1494.999634,78.620,3.951,73.648,0.853
1495.099471,105.307,4.118,100.141,0.879
1495.199309,89.067,3.886,84.281,0.721
1495.299134,78.294,3.895,73.407,0.810
1495.399788,99.619,3.957,94.711,0.731
1495.499634,102.005,4.059,96.896,0.861
1495.599484,83.195,4.075,78.207,0.738
1495.699315,88.700,4.097,83.547,0.885
1495.799161,97.643,3.874,92.869,0.729
1495.899785,115.688,3.906,110.797,0.820
1495.999643,86.537,3.979,81.661,0.737
1496.099485,100.771,4.093,95.713,0.767
1496.199324,101.790,4.097,96.355,1.158
1496.299166,91.206,3.930,86.274,0.835
1496.399794,98.931,3.955,94.079,0.726
1496.499631,103.393,4.143,98.249,0.832
1496.599480,105.242,3.971,100.245,0.855
1496.699313,96.485,3.911,91.527,0.823
1496.799161,90.017,3.948,85.173,0.729
1496.899802,79.905,4.013,74.643,1.080
1496.999639,99.588,4.038,94.504,0.883
1497.099470,77.649,4.234,72.063,1.159
1497.199327,117.867,4.028,112.751,0.916
1497.299167,84.775,4.126,79.171,1.189
1497.399825,155.382,3.958,150.352,0.772
1497.499681,108.785,3.970,103.854,0.791
1497.599527,100.173,3.895,95.326,0.759
1497.699381,118.407,4.110,113.214,0.864
1497.799225,99.541,3.983,93.818,1.548
1497.899458,87.435,3.947,82.439,0.869
1497.999286,95.159,3.846,90.419,0.727
1498.099129,102.812,3.943,97.902,0.796
1498.199773,117.031,3.921,112.221,0.722
1498.299590,90.610,3.984,85.488,0.963
1498.399445,117.317,3.902,112.484,0.751
1498.499285,72.653,4.045,67.629,0.802
1498.599120,92.762,3.959,87.912,0.721
1498.699758,77.981,3.867,73.137,0.775
1498.799598,91.713,4.048,86.786,0.713
1498.899443,92.782,4.009,87.783,0.823
1498.999281,107.622,3.877,102.887,0.692
1499.099124,91.431,3.915,86.567,0.777
1499.199763,78.759,3.899,73.743,0.954
1499.299620,95.926,4.079,90.471,1.186
1499.399458,111.235,3.929,106.394,0.716
1499.499295,84.146,4.100,78.965,0.909
1499.599143,90.407,3.893,85.546,0.785
1499.699791,83.564,3.908,78.625,0.849
1499.799623,100.413,3.896,95.627,0.726
1499.899467,109.041,3.893,104.029,0.945
1499.999298,109.214,4.085,104.136,0.776
1500.099148,103.939,5.697,97.195,0.870
1500.199783,99.804,5.619,93.245,0.750
1500.299614,100.577,3.978,95.488,0.931
1500.399456,79.763,4.128,73.797,1.643
1500.499292,99.418,4.043,93.346,1.790
1500.599138,88.727,3.991,83.793,0.747
1500.699785,91.891,5.791,85.035,0.888
1500.799625,100.093,3.865,95.309,0.746
1500.899466,118.099,3.902,113.163,0.866
1500.999306,103.188,3.933,98.252,0.794
1501.099167,103.055,4.107,97.945,0.834
1501.199810,75.381,3.991,70.504,0.706
1501.299657,134.156,4.098,128.991,0.885
1501.399496,109.641,3.906,104.814,0.736
1501.499342,108.118,3.866,103.237,0.843
1501.599187,77.202,3.906,72.308,0.825
1501.699836,86.669,3.924,81.622,0.952
1501.799682,90.199,3.969,85.267,0.796
1501.899525,72.509,3.937,67.614,0.790
1501.999359,122.840,3.899,117.966,0.805
1502.099193,95.099,4.012,90.046,0.875
1502.199825,129.032,3.877,124.191,0.783
1502.299669,89.582,3.880,84.586,0.912
1502.399514,97.392,3.879,92.629,0.717
1502.499356,89.598,3.874,84.740,0.815
1502.599197,111.262,3.893,106.473,0.731
1502.699443,92.315,3.940,87.347,0.861
1502.799269,97.038,3.949,92.172,0.738
1502.899514,85.748,4.015,80.752,0.816
1502.999367,129.247,3.975,124.245,0.853
1503.099203,106.579,4.005,101.388,1.009
1503.199461,95.744,3.940,90.822,0.783
1503.299315,96.286,4.017,89.553,2.470
1503.399163,111.961,4.187,106.804,0.750
1503.499794,97.496,4.109,92.179,1.040
1503.599631,105.995,3.927,100.992,0.896
1503.699479,99.870,3.925,94.410,1.365
1503.799314,82.106,4.094,76.818,1.023
1503.899163,105.990,4.119,100.723,0.964
1503.999806,115.039,3.947,109.571,1.350
1504.099635,100.256,4.100,95.223,0.762
1504.199484,100.659,4.092,95.593,0.807
1504.299330,111.087,3.865,106.153,0.883
1504.399168,125.606,3.942,120.754,0.739
1504.499809,113.353,3.944,108.444,0.797
1504.599640,117.469,4.012,112.462,0.786
1504.699479,128.011,4.132,121.620,2.075
1504.799317,113.912,3.954,109.094,0.666
1504.899162,106.110,3.977,100.479,1.458
1504.999801,128.173,4.104,123.171,0.701
1505.099635,158.572,4.123,152.867,1.387
1505.199477,162.283,4.089,157.261,0.729
1505.299322,96.968,3.966,91.855,0.968
1505.399155,108.267,4.114,103.202,0.779
1505.499794,112.006,3.924,106.760,1.135
1505.599634,111.722,3.915,106.935,0.704
1505.699477,105.994,3.913,101.118,0.799
1505.799312,118.760,4.122,113.748,0.724
1505.899147,114.526,3.938,109.609,0.812
1505.999783,94.812,3.927,90.006,0.712
1506.099623,89.464,4.069,84.444,0.786
1506.199468,104.489,4.116,99.478,0.725
1506.299306,112.422,3.935,107.509,0.813
1506.399152,109.788,3.923,104.921,0.773
1506.499790,97.356,4.036,92.305,0.831
1506.599636,98.523,4.144,93.417,0.794
1506.699473,121.611,3.937,116.633,0.874
1506.799312,98.858,4.129,93.760,0.793
1506.899159,83.449,4.018,78.382,0.882
1506.999787,118.603,4.094,113.538,0.781
1507.099633,99.151,3.925,93.205,1.819
1507.199482,109.156,4.174,104.065,0.690
1507.299314,102.215,4.150,96.537,1.363
1507.399155,132.695,4.145,127.710,0.671
1507.499784,90.290,3.930,85.408,0.781
1507.599633,87.206,3.999,82.274,0.758
1507.699476,120.895,4.135,115.243,1.325
1507.799332,124.828,5.864,118.070,0.694
1507.899166,87.792,3.945,82.913,0.771
1507.999817,137.949,3.989,132.344,1.436
1508.099660,100.812,3.970,95.638,1.000
1508.199510,117.454,4.108,111.901,1.248
1508.299351,118.739,3.954,113.689,0.904
1508.399190,96.765,3.911,92.006,0.678
1508.499822,137.940,4.005,132.422,1.335
1508.599660,135.822,4.085,130.823,0.698
1508.699483,103.365,3.993,98.432,0.772
1508.799339,147.286,3.958,142.470,0.687
1508.899190,112.349,4.194,106.903,1.085
1508.999837,115.879,3.966,110.175,1.545
1509.099687,92.883,4.067,87.813,0.796
1509.199530,90.673,5.732,83.997,0.763
1509.299371,121.485,4.039,115.443,1.802
1509.399195,115.588,5.736,108.788,0.735
1509.499835,114.653,4.154,108.796,1.520
1509.599683,132.926,3.990,128.043,0.692
1509.699521,105.760,4.017,100.706,0.868
1509.799364,109.600,3.974,103.905,1.535
1509.899202,115.104,4.158,109.863,0.782
1509.999434,92.961,3.960,88.102,0.733
1510.099290,122.392,5.689,114.821,1.681
1510.199129,127.230,4.143,122.227,0.659
1510.299788,104.978,3.972,100.134,0.703
1510.399626,156.971,3.949,151.552,1.289
1510.499459,87.771,3.999,82.718,0.845
1510.599301,79.296,3.994,74.215,0.917
1510.699140,116.279,3.937,107.476,4.521
1510.799790,104.979,3.956,100.127,0.691
1510.899629,90.800,4.121,85.712,0.794
1510.999475,81.247,4.163,76.178,0.737
1511.099335,93.319,3.929,88.437,0.787
1511.199185,98.083,3.953,93.244,0.718
1511.299815,119.671,4.031,114.602,0.871
1511.399653,107.882,3.950,102.625,1.136
1511.499492,102.547,4.164,97.010,1.175
1511.599330,104.587,4.140,99.449,0.787
1511.699174,114.709,3.986,109.453,1.099
1511.799828,98.047,3.936,93.209,0.728
1511.899663,87.060,3.934,82.110,0.846
1511.999501,100.891,3.970,95.545,1.207
1512.099346,115.796,4.145,110.683,0.800
1512.199202,104.147,4.381,98.852,0.750
1512.299454,97.682,3.982,92.346,1.165
1512.399296,117.116,3.965,112.224,0.756
1512.499125,78.614,4.143,73.499,0.811
1512.599764,101.138,3.967,96.273,0.728
1512.699604,101.716,3.945,96.814,0.790
1512.799454,101.766,4.014,96.818,0.768
1512.899297,81.610,3.982,76.515,0.947
1512.999133,94.380,4.119,89.317,0.756
1513.099754,73.347,4.168,67.952,1.028
1513.199594,88.674,4.165,83.488,0.730
1513.299429,99.938,3.907,95.062,0.803
1513.399259,185.982,3.917,181.169,0.736
1513.499488,104.318,3.911,99.391,0.841
1513.599330,117.077,4.044,112.123,0.733
1513.699192,115.575,3.893,110.721,0.794
1513.799834,109.042,3.888,104.150,0.791
1513.899679,123.698,3.942,118.750,0.808
1513.999524,111.470,3.904,106.667,0.728
1514.099361,96.547,3.962,91.602,0.814
1514.199199,102.494,3.942,97.682,0.703
1514.299434,94.567,4.082,89.553,0.769
1514.399281,99.743,3.912,94.953,0.712
1514.499128,90.333,3.889,85.472,0.802
1514.599768,90.370,4.159,85.345,0.700
1514.699615,122.936,3.974,117.982,0.811
1514.799447,101.241,3.911,96.414,0.738
1514.899299,101.672,4.082,96.644,0.772
1514.999134,118.703,3.962,113.869,0.707
1515.099776,84.617,3.947,79.679,0.825
1515.199617,102.124,4.127,96.956,0.871
1515.299468,110.633,3.925,105.776,0.762
1515.399309,102.173,4.101,97.171,0.734
1515.499152,81.180,4.021,76.158,0.832
1515.599794,96.993,5.660,90.413,0.739
1515.699631,81.371,3.967,76.429,0.806
1515.799467,104.852,3.974,99.981,0.726
1515.899309,110.861,4.005,105.879,0.811
1515.999173,89.871,4.187,84.787,0.730
1516.099812,102.756,3.982,97.816,0.790
1516.199643,110.639,3.974,105.576,0.874
1516.299495,103.490,4.010,98.508,0.799
1516.399336,106.112,4.014,101.207,0.720
1516.499181,83.552,4.140,78.424,0.811
1516.599822,113.851,3.972,109.012,0.695
1516.699669,89.562,4.141,84.410,0.846
1516.799508,107.354,3.908,102.552,0.729
1516.899349,98.054,3.947,93.158,0.781
1516.999184,109.449,4.111,104.433,0.737
1517.099826,112.482,4.026,107.469,0.822
1517.199680,101.456,3.956,96.451,0.879
1517.299523,94.155,4.150,88.923,0.910
1517.399367,89.896,3.975,84.865,0.892
1517.499198,83.594,4.173,78.487,0.753
1517.599440,101.705,4.167,96.617,0.752
1517.699285,85.522,3.938,80.624,0.792
1517.799124,93.914,4.143,88.888,0.717
1517.899767,109.771,3.930,104.825,0.846
1517.999599,122.733,4.162,117.663,0.737
1518.099442,83.489,3.974,78.544,0.805
1518.199297,123.829,3.990,118.927,0.739
1518.299134,139.967,3.969,134.926,0.910
1518.399771,115.132,4.159,110.092,0.717
1518.499607,102.618,4.169,97.387,0.839
1518.599461,108.455,3.970,103.542,0.763
1518.699301,104.512,3.982,99.525,0.834
1518.799133,109.503,3.958,104.643,0.736
1518.899781,105.030,4.207,99.862,0.792
1518.999618,81.897,4.161,76.812,0.763
1519.099440,107.657,4.033,102.508,0.943
1519.199282,106.627,4.137,101.555,0.762
1519.299116,88.376,3.955,83.351,0.897
1519.399751,100.620,3.973,95.580,0.892
1519.499592,110.073,3.992,105.051,0.773
1519.599423,96.400,4.159,91.340,0.732
1519.699262,93.640,3.998,88.448,1.026
1519.799504,113.816,4.000,108.912,0.733
1519.899351,107.140,4.066,102.100,0.807
1519.999191,108.960,3.942,104.014,0.836
1520.099830,104.851,4.278,99.491,0.905
1520.199653,107.805,4.063,101.919,1.648
1520.299496,89.693,4.149,84.040,1.298
1520.399319,139.794,3.996,134.909,0.716
1520.499159,79.726,3.962,74.534,1.059
1520.599792,112.405,4.055,107.413,0.739
1520.699639,96.658,3.954,91.724,0.818
1520.799489,101.710,4.152,96.606,0.725
1520.899316,100.731,4.122,95.609,0.832
1520.999154,110.349,4.126,105.276,0.741
1521.099796,86.844,3.907,81.791,0.974
1521.199635,109.033,4.113,104.027,0.725
1521.299483,91.571,4.091,86.514,0.805
1521.399323,93.674,3.936,88.682,0.871
1521.499154,85.303,4.108,79.786,1.220
1521.599809,116.423,3.921,111.595,0.738
1521.699660,108.309,4.020,103.293,0.832
1521.799485,120.723,4.030,115.610,0.904
1521.899306,91.246,3.912,86.346,0.818
1521.999155,102.248,4.113,97.221,0.748
1522.099795,83.594,3.960,78.671,0.796
1522.199635,113.179,4.019,108.283,0.716
1522.299466,91.765,3.938,86.840,0.823
1522.399300,94.684,4.103,89.649,0.756
1522.499137,85.451,3.982,80.464,0.840
1522.599767,97.190,4.049,92.203,0.766
1522.699608,103.071,4.078,97.998,0.824
1522.799450,116.130,3.922,111.310,0.731
1522.899289,94.102,3.948,89.145,0.844
1522.999139,115.449,3.920,110.607,0.751
1523.099779,102.314,4.109,97.133,0.875
1523.199634,111.193,4.000,106.253,0.760
1523.299474,106.104,4.061,101.043,0.830
1523.399321,110.177,3.952,105.345,0.712
1523.499157,78.381,4.110,73.309,0.800
1523.599811,86.087,3.929,81.260,0.724
1523.699658,87.532,3.912,82.643,0.810
1523.799476,92.691,3.927,87.846,0.746
1523.899316,71.418,3.918,66.449,0.882
1523.999153,99.041,3.996,94.124,0.759
1524.099769,101.951,4.125,96.793,0.851
1524.199613,94.044,4.046,89.049,0.765
1524.299460,92.269,3.913,87.318,0.861
1524.399311,91.114,3.968,86.183,0.798
1524.499157,97.283,4.124,92.175,0.821
1524.599787,126.818,4.089,121.797,0.754
1524.699614,84.999,3.940,79.960,0.931
1524.799461,104.263,4.042,98.750,1.266
1524.899300,88.701,3.984,83.753,0.787
1524.999131,82.752,3.926,77.942,0.727
1525.099764,106.391,4.019,101.388,0.806
1525.199611,102.633,3.900,97.791,0.766
1525.299453,96.228,3.991,91.254,0.811
1525.399290,121.537,4.098,116.446,0.786
1525.499125,88.098,3.996,83.064,0.863
1525.599746,108.725,3.962,103.806,0.780
1525.699576,137.045,3.949,132.079,0.848
1525.799399,91.343,3.922,86.543,0.715
1525.899241,100.615,3.920,95.712,0.819
1525.999482,108.383,3.900,103.605,0.713
1526.099323,82.966,3.893,78.038,0.870
1526.199166,97.372,3.900,92.267,1.035
1526.299813,103.298,4.111,98.115,0.902
1526.399644,113.518,3.933,108.700,0.715
1526.499480,78.715,4.099,73.637,0.805
1526.599324,87.765,3.958,82.884,0.752
1526.699160,74.278,3.973,69.269,0.856
1526.799799,122.567,3.915,117.475,1.009
1526.899632,82.008,4.012,76.905,0.912
1526.999463,104.291,3.972,99.404,0.744
1527.099303,100.666,4.082,95.230,1.172
1527.199146,119.646,4.166,114.400,0.895
1527.299784,104.042,3.905,98.721,1.240
1527.399641,116.145,3.996,111.167,0.729
1527.499487,89.846,4.128,84.625,0.920
1527.599342,99.065,3.981,94.170,0.743
1527.699188,114.073,4.167,108.849,0.867
1527.799825,132.709,4.103,127.703,0.727
1527.899666,95.212,4.049,90.091,0.901
1527.999498,133.636,3.972,128.697,0.792
1528.099337,102.638,3.927,97.627,0.908
1528.199164,100.558,4.210,95.006,1.056
1528.299795,92.887,3.952,87.725,0.875
1528.399643,87.090,3.910,82.287,0.727
1528.499486,87.651,4.088,82.583,0.814
1528.599320,102.575,4.004,97.450,0.949
1528.699152,106.543,3.963,101.243,1.144
1528.799791,99.359,3.939,94.039,1.206
1528.899638,103.144,3.991,98.002,0.967
1528.999485,107.453,4.007,102.511,0.767
1529.099326,104.578,3.947,99.629,0.834
1529.199171,121.296,3.899,116.406,0.821
1529.299802,76.731,3.858,71.821,0.880
1529.399641,103.238,3.895,98.095,1.070
1529.499488,87.001,3.888,81.807,1.120
1529.599317,99.917,3.938,94.906,0.876
1529.699167,101.574,3.931,96.327,1.011
1529.799802,97.576,4.087,92.252,1.061
1529.899655,83.756,4.117,78.598,0.755
1529.999491,107.143,3.919,102.358,0.696
1530.099328,117.492,3.881,112.626,0.789
1530.199173,109.222,4.005,104.322,0.722
1530.299811,95.462,4.060,90.473,0.756
1530.399647,79.875,4.103,74.954,0.651
1530.499479,147.404,3.884,142.652,0.699
1530.599338,103.827,4.078,98.930,0.655
1530.699174,83.943,3.889,79.115,0.758
1530.799812,105.554,3.908,100.811,0.666
1530.899647,77.450,3.897,72.629,0.756
1530.999482,120.514,4.110,115.123,1.108
1531.099331,88.086,3.919,83.237,0.728
1531.199168,102.317,3.940,97.521,0.686
1531.299802,94.878,3.997,89.977,0.741
1531.399635,72.467,3.958,67.534,0.812
1531.499469,82.448,3.901,77.612,0.759
1531.599319,89.838,3.906,85.089,0.677
1531.699162,103.515,3.899,98.732,0.715
1531.799797,111.511,4.082,106.584,0.681
1531.899632,80.702,3.956,75.848,0.734
1531.999490,93.304,3.912,88.559,0.670
1532.099311,121.531,4.000,116.651,0.715
1532.199151,74.068,3.911,69.320,0.673
1532.299777,77.407,3.923,72.490,0.824
1532.399625,100.980,3.949,95.653,1.166
1532.499454,124.365,3.914,119.453,0.793
1532.599284,85.033,3.901,80.318,0.647
1532.699127,86.985,3.889,82.136,0.799
1532.799765,139.081,4.139,133.582,1.177
1532.899600,155.773,3.909,149.376,2.271
1532.999448,92.472,3.934,87.623,0.715
1533.099281,83.049,3.923,78.041,0.911
1533.199103,95.846,3.963,90.965,0.732
1533.299746,111.056,3.980,106.030,0.877
1533.399584,123.985,4.108,118.943,0.755
1533.499431,89.100,4.107,83.995,0.834
1533.599275,98.153,4.044,93.221,0.720
1533.699508,76.786,4.021,71.802,0.797
1533.799345,77.567,4.029,72.636,0.737
1533.899190,119.396,3.990,114.376,0.849
1533.999819,132.766,4.072,127.808,0.721
1534.099654,92.861,4.032,87.833,0.806
1534.199493,88.488,3.962,83.552,0.749
1534.299341,113.545,3.999,108.583,0.790
1534.399176,91.133,4.241,85.986,0.738
1534.499814,81.017,4.165,75.765,0.916
1534.599656,89.820,4.134,84.747,0.761
1534.699480,91.907,4.091,86.729,0.866
1534.799320,111.783,4.152,106.740,0.725
1534.899166,109.404,3.977,104.287,0.973
1534.999809,91.519,4.171,86.460,0.715
1535.099658,107.738,3.994,102.155,1.378
1535.199502,114.005,4.003,109.121,0.670
1535.299342,90.080,4.071,84.961,0.879
1535.399189,112.070,3.973,106.248,1.671
1535.499826,119.070,3.997,114.068,0.800
1535.599664,104.541,3.958,99.223,1.177
1535.699497,130.312,4.170,124.496,1.431
1535.799333,104.705,5.650,98.188,0.671
1535.899173,83.136,4.052,78.187,0.737
1535.999815,103.562,4.110,98.107,1.158
1536.099653,104.352,3.914,98.738,1.477
1536.199493,120.106,4.159,115.082,0.674
1536.299327,91.743,3.919,86.878,0.780
1536.399162,98.277,3.884,93.364,0.855
1536.499804,94.181,3.918,89.262,0.783
1536.599642,91.952,3.943,87.146,0.694
1536.699488,105.443,3.948,100.556,0.772
1536.799323,104.348,3.874,99.513,0.793
1536.899149,107.288,4.110,102.042,0.939
1536.999792,91.763,4.088,86.552,0.925
1537.099634,94.350,3.970,89.227,0.887
1537.199478,105.405,3.918,100.399,0.909
1537.299310,93.799,4.099,88.569,0.844
1537.399148,90.548,4.117,85.515,0.745
1537.499795,86.065,4.014,81.051,0.822
1537.599652,85.367,3.947,80.507,0.743
1537.699483,110.152,3.940,104.771,1.261
1537.799323,111.956,3.970,107.088,0.731
1537.899158,98.086,4.100,92.962,0.857
1537.999793,115.230,5.630,108.692,0.733
1538.099622,106.116,3.910,101.086,0.945
1538.199459,114.368,3.914,109.499,0.780
1538.299302,91.260,4.261,86.009,0.818
1538.399133,100.202,3.919,95.352,0.761
1538.499766,93.852,4.114,88.733,0.836
1538.599620,105.712,4.078,100.703,0.763
1538.699464,87.542,4.083,82.459,0.829
1538.799301,114.993,3.912,109.671,1.232
1538.899146,74.533,3.893,69.639,0.826
1538.999793,92.367,3.856,87.595,0.748
1539.099629,103.088,4.096,97.990,0.832
1539.199471,84.331,3.907,79.498,0.758
1539.299315,101.429,4.094,96.299,0.832
1539.399149,94.831,3.893,90.035,0.736
1539.499803,92.514,4.127,87.355,0.862
1539.599645,91.939,3.919,87.121,0.731
1539.699497,94.693,4.087,89.590,0.846
1539.799350,95.511,4.077,90.540,0.728
1539.899191,83.232,4.046,77.970,1.046
1539.999828,90.750,4.078,85.671,0.830
1540.099667,78.485,3.951,73.405,0.954
1540.199507,104.549,4.025,99.521,0.783
1540.299351,105.597,4.086,100.357,0.980
1540.399184,95.899,4.070,90.844,0.810
1540.499833,77.584,4.118,72.510,0.786
1540.599682,103.979,4.115,98.964,0.727
1540.699516,98.917,4.010,93.895,0.843
1540.799360,117.052,3.921,112.199,0.764
1540.899199,94.362,3.955,89.385,0.851
1540.999426,89.248,4.003,84.347,0.732
1541.099260,88.289,3.933,83.365,0.822
1541.199494,109.590,3.979,104.691,0.754
1541.299337,115.724,3.946,110.767,0.840
1541.399181,122.374,3.953,117.486,0.768
1541.499825,111.735,4.122,106.614,0.829
1541.599662,118.345,4.155,113.229,0.762
1541.699509,116.481,3.940,111.464,0.870
1541.799344,127.816,3.874,123.036,0.739
1541.899195,100.548,4.030,95.427,0.911
1541.999833,135.861,4.121,130.866,0.702
1542.099669,103.314,3.932,98.398,0.813
1542.199514,96.721,4.090,91.768,0.701
1542.299353,79.807,4.106,74.689,0.841
1542.399193,81.128,3.951,76.205,0.744
1542.499837,89.430,3.926,84.502,0.825
1542.599664,116.963,3.955,112.009,0.824
1542.699504,108.568,3.985,103.321,1.077
1542.799340,116.698,4.134,111.628,0.761
1542.899176,118.965,4.161,113.763,0.873
1542.999813,138.204,3.991,133.189,0.852
1543.099656,120.891,4.194,115.584,0.925
1543.199479,124.037,4.001,119.153,0.710
1543.299319,92.327,4.017,87.292,0.850
1543.399165,120.034,4.121,115.016,0.729
1543.499796,95.493,3.964,90.583,0.777
1543.599642,116.517,4.140,111.499,0.713
1543.699474,125.672,3.945,120.656,0.901
1543.799311,109.333,4.053,104.362,0.751
1543.899149,99.243,3.975,94.131,0.929
1543.999775,128.691,3.941,123.643,0.934
1544.099609,111.498,3.946,106.460,0.921
1544.199459,131.398,3.942,126.548,0.736
1544.299309,105.258,4.134,100.159,0.795
1544.399145,86.351,4.015,81.444,0.723
1544.499793,103.312,3.918,98.304,0.915
1544.599640,113.500,4.150,108.250,0.933
1544.699483,116.240,4.167,111.043,0.850
1544.799337,98.734,3.968,93.456,1.141
1544.899173,89.939,4.070,84.770,0.929
1544.999808,84.332,3.951,79.464,0.732
1545.099650,124.024,3.946,119.034,0.869
1545.199494,87.792,3.952,82.899,0.770
1545.299330,101.165,4.063,96.065,0.866
1545.399171,94.728,5.687,87.973,0.893
1545.499822,138.359,3.944,132.125,1.948
1545.599666,107.144,3.970,102.292,0.673
1545.699516,108.678,3.979,103.116,1.387
1545.799359,108.589,3.934,103.769,0.676
1545.899203,81.659,3.991,76.756,0.745
1545.999440,93.243,5.712,86.334,1.031
1546.099291,118.843,4.186,112.749,1.722
1546.199140,78.026,4.195,72.927,0.677
1546.299765,90.202,3.925,84.919,1.178
1546.399603,136.219,3.947,131.425,0.665
1546.499439,90.806,3.902,86.044,0.696
1546.599279,105.391,4.190,99.884,1.126
1546.699120,117.893,3.977,112.991,0.727
1546.799765,91.590,5.619,85.123,0.677
1546.899603,106.185,3.957,100.619,1.416
1546.999458,119.906,4.092,114.838,0.776
1547.099294,85.956,4.104,80.835,0.845
1547.199130,96.219,4.041,91.219,0.792
1547.299789,100.783,3.929,95.759,0.913
1547.399619,106.928,3.926,102.066,0.769
1547.499454,120.946,3.991,115.946,0.836
1547.599305,99.486,3.929,94.539,0.844
1547.699130,93.381,4.167,88.155,0.886
1547.799773,109.699,3.997,104.419,1.105
1547.899619,85.954,5.862,78.262,1.641
1547.999470,108.707,3.935,103.783,0.811
1548.099312,85.708,4.122,80.598,0.789
1548.199172,116.852,3.871,111.986,0.824
1548.299810,95.054,3.945,90.097,0.836
1548.399669,97.252,3.961,92.351,0.768
1548.499517,122.359,3.912,116.576,1.656
1548.599372,97.129,4.073,92.126,0.712
1548.699215,88.707,3.961,83.662,0.917
1548.799453,151.785,4.153,146.761,0.688
1548.899291,127.004,3.944,122.119,0.779
1548.999127,90.071,3.966,85.204,0.736
1549.099787,94.862,4.129,89.773,0.797
1549.199632,115.214,3.948,110.361,0.737
1549.299469,87.604,3.943,82.668,0.819
1549.399299,127.910,4.161,122.721,0.856
1549.499137,110.366,3.929,105.343,0.905
1549.599786,88.543,4.112,83.308,0.950
1549.699632,123.329,4.031,117.481,1.630
1549.799476,117.109,3.965,112.221,0.728
1549.899303,118.861,3.966,113.923,0.804
1549.999155,148.741,3.972,143.902,0.692
1550.099789,85.665,4.190,80.482,0.825
1550.199635,134.935,4.170,129.386,1.191
1550.299469,116.972,4.065,111.287,1.402
1550.399296,125.074,3.958,120.200,0.714
1550.499139,103.098,4.002,98.054,0.864
1550.599780,132.621,3.968,127.109,1.362
1550.699626,108.231,4.219,102.621,1.184
1550.799468,98.775,3.998,93.352,1.254
1550.899306,104.278,4.011,99.252,0.827
1550.999147,118.283,4.212,113.111,0.771
1551.099795,98.901,3.990,93.862,0.876
1551.199621,99.653,4.185,94.524,0.773
1551.299457,95.523,4.054,90.473,0.818
1551.399295,121.102,5.738,114.464,0.734
1551.499137,107.856,4.198,102.669,0.820
1551.599783,83.921,4.007,79.005,0.742
1551.699631,112.005,4.021,106.966,0.848
1551.799463,79.617,4.168,74.456,0.823
1551.899288,73.174,3.968,67.702,1.296
1551.999125,106.715,4.098,101.690,0.761
1552.099766,85.682,4.003,80.643,0.868
1552.199615,88.401,3.984,83.385,0.860
1552.299458,117.925,3.968,112.992,0.796
1552.399305,113.339,3.924,108.533,0.712
1552.499142,85.610,3.936,80.705,0.804
1552.599782,100.863,4.092,95.894,0.713
1552.699614,97.741,4.155,92.623,0.794
1552.799452,88.342,4.145,83.171,0.857
1552.899286,103.965,3.994,98.224,1.544
1552.999133,91.861,4.020,86.612,1.018
1553.099765,83.499,4.068,78.296,0.906
1553.199613,108.872,4.277,103.601,0.786
1553.299442,100.517,4.003,95.254,1.071
1553.399285,102.110,4.039,97.121,0.771
1553.499116,90.682,4.098,85.173,1.238
1553.599753,107.919,4.210,102.689,0.829
1553.699588,148.115,3.993,142.440,1.488
1553.799432,116.298,3.987,111.418,0.692
1553.899266,166.408,3.991,160.801,1.426
1553.999510,127.240,4.065,122.288,0.688
1554.099354,91.985,4.110,86.859,0.820
1554.199190,138.335,5.947,130.916,1.294
1554.299825,79.616,5.957,72.693,0.770
1554.399657,97.126,4.055,92.170,0.727
1554.499492,85.869,4.196,79.984,1.496
1554.599339,116.875,3.997,112.001,0.684
1554.699172,102.419,4.161,97.300,0.777
1554.799819,92.074,4.188,86.944,0.772
1554.899656,93.232,4.039,87.952,1.058
1554.999498,122.243,4.100,117.215,0.749
1555.099340,85.889,4.046,80.794,0.882
1555.199171,87.543,4.004,82.586,0.780
1555.299819,87.096,3.986,82.061,0.855
1555.399668,100.356,3.982,95.450,0.755
1555.499519,99.170,4.060,94.070,0.821
1555.599355,100.309,3.984,95.412,0.740
1555.699204,84.054,4.164,78.887,0.834
1555.799462,103.668,4.156,98.552,0.775
1555.899311,89.765,4.050,84.758,0.784
1555.999141,109.471,3.976,104.547,0.782
1556.099775,95.114,4.064,90.047,0.833
1556.199605,118.857,4.024,113.919,0.748
1556.299445,107.153,4.100,102.068,0.818
1556.399285,99.658,3.996,94.734,0.756
1556.499126,126.764,3.992,121.725,0.875
1556.599757,85.794,4.073,80.742,0.806
1556.699586,104.208,4.185,98.823,1.031
1556.799417,109.084,4.250,103.787,0.771
1556.899252,189.892,4.073,183.504,2.120
1556.999484,151.788,4.225,146.389,0.745
1557.099317,105.715,3.986,99.940,1.602
1557.199158,138.819,4.206,133.705,0.707
1557.299794,78.321,4.021,73.393,0.742
1557.399631,105.617,3.996,100.697,0.756
1557.499481,114.316,4.031,108.959,1.157
1557.599316,134.195,4.140,128.960,0.917
1557.699153,107.769,5.684,101.126,0.787
1557.799787,90.818,4.022,85.820,0.794
1557.899627,90.407,4.210,84.817,1.179
1557.999458,109.494,4.203,104.367,0.754
1558.099298,87.190,4.072,81.379,1.555
1558.199135,85.891,4.010,80.236,1.472
1558.299782,101.390,4.007,95.956,1.243
1558.399624,104.577,4.096,99.356,0.846
1558.499455,88.911,4.222,83.617,0.904
1558.599293,112.341,4.154,106.984,0.979
1558.699124,104.575,3.983,99.574,0.846
1558.799773,113.076,5.742,106.410,0.756
1558.899617,117.722,3.982,112.695,0.866
1558.999444,114.464,3.991,109.565,0.743
1559.099293,93.379,4.174,88.225,0.813
1559.199124,115.037,4.046,110.077,0.746
1559.299772,97.334,4.181,92.161,0.822
1559.399620,132.375,4.004,127.386,0.815
1559.499476,144.565,4.059,138.741,1.552
1559.599308,115.053,4.000,110.158,0.693
1559.699137,142.398,4.190,136.214,1.797
1559.799760,124.949,4.212,119.749,0.706
1559.899604,98.921,4.027,93.841,0.861
1559.999440,152.380,4.106,146.840,1.250
1560.099285,144.226,5.860,137.331,0.815
1560.199138,136.751,4.182,131.111,1.256
1560.299765,136.743,3.979,131.476,1.092
1560.399608,108.130,4.047,102.647,1.147
1560.499449,129.624,4.157,124.492,0.810
1560.599278,106.054,3.984,101.119,0.780
1560.699121,148.507,5.734,140.982,1.595
1560.799771,110.796,4.185,105.608,0.796
1560.899620,107.336,4.008,101.777,1.379
1560.999461,166.538,4.156,160.773,1.396
1561.099300,130.916,4.240,125.391,1.063
1561.199127,117.474,4.229,111.760,1.308
1561.299741,91.447,4.028,86.444,0.772
1561.399593,105.316,3.993,100.356,0.782
1561.499425,139.943,3.994,134.273,1.485
1561.599266,99.929,4.021,94.998,0.710
1561.699500,104.927,4.008,99.944,0.808
1561.799349,146.317,5.776,139.660,0.681
1561.899190,101.473,3.971,96.554,0.781
1561.999826,160.363,4.069,155.444,0.682
1562.099659,82.522,4.166,77.445,0.746
1562.199516,145.719,4.242,139.888,1.407
1562.299363,111.719,4.183,106.500,0.835
1562.399217,86.990,4.053,82.007,0.756
1562.499466,119.830,4.051,114.768,0.800
1562.599304,114.103,3.991,109.200,0.741
1562.699151,113.072,4.029,108.031,0.839
1562.799792,100.093,4.196,94.947,0.776
1562.899636,114.742,4.077,109.623,0.871
1562.999473,110.376,4.066,105.235,0.898
1563.099301,94.925,4.197,89.483,1.062
1563.199126,128.106,3.992,123.186,0.755
1563.299772,122.042,3.999,117.061,0.814
1563.399610,123.817,3.973,118.869,0.770
1563.499438,96.466,4.185,91.238,0.877
1563.599278,91.837,3.990,86.920,0.760
1563.699127,105.246,4.068,100.168,0.840
1563.799761,92.775,3.984,87.868,0.755
1563.899602,107.520,4.151,102.427,0.776
1563.999436,90.671,4.124,85.440,0.928
1564.099277,110.500,4.030,105.514,0.791
1564.199120,105.938,3.990,101.021,0.760
1564.299759,100.809,4.199,95.580,0.864
1564.399593,114.852,3.986,109.829,0.867
1564.499428,88.426,4.024,83.069,1.046
1564.599263,106.782,4.206,101.653,0.753
1564.699506,101.511,4.122,96.202,1.015
1564.799351,91.757,4.130,86.617,0.812
1564.899191,107.761,3.996,101.653,1.915
1564.999844,118.466,4.079,113.184,1.030
1565.099665,105.411,4.019,100.296,0.903
1565.199515,105.948,5.898,99.140,0.738
1565.299342,107.957,3.933,102.988,0.864
1565.399187,93.166,4.038,88.021,0.926
1565.499826,97.274,4.175,92.023,0.876
1565.599659,95.290,4.175,89.971,0.975
1565.699499,87.526,4.033,82.150,1.178
1565.799336,116.003,5.905,109.173,0.745
1565.899164,95.588,4.206,90.388,0.832
1565.999816,88.119,4.247,82.854,0.848
1566.099663,114.221,4.208,109.040,0.807
1566.199497,112.364,3.998,107.450,0.747
1566.299316,114.291,4.078,109.155,0.889
1566.399149,102.610,4.082,97.457,0.906
1566.499787,113.109,4.227,107.883,0.827
1566.599625,118.648,4.000,113.537,0.936
1566.699464,183.551,4.052,178.320,0.900
1566.799317,139.469,4.225,134.310,0.765
1566.899159,109.932,4.060,104.607,1.069
1566.999793,98.368,3.979,93.391,0.827
1567.099626,93.934,4.062,88.883,0.795
1567.199471,92.760,4.038,87.784,0.761
1567.299308,121.852,3.993,116.898,0.787
1567.399153,99.005,4.059,94.035,0.745
1567.499806,104.508,4.036,99.462,0.815
1567.599657,96.538,3.992,91.627,0.752
1567.699497,111.520,4.100,106.429,0.818
1567.799354,83.508,4.002,78.604,0.739
1567.899188,79.252,4.028,74.205,0.850
1567.999825,87.844,4.204,82.558,0.913
1568.099661,101.595,4.044,96.175,1.107
1568.199511,95.594,4.048,90.466,0.893
1568.299362,94.597,4.142,89.100,1.183
1568.399186,106.918,4.167,101.579,0.876
1568.499824,123.062,3.990,117.809,1.061
1568.599658,118.733,4.332,113.465,0.766
1568.699493,116.649,4.009,111.686,0.785
1568.799332,127.584,4.182,122.244,0.976
1568.899180,109.507,4.011,104.500,0.787
1568.999800,111.361,5.764,104.543,0.888
1569.099654,99.689,4.081,94.498,0.929
1569.199495,117.946,4.413,112.576,0.787
1569.299340,104.369,4.180,99.216,0.804
1569.399179,102.525,4.232,97.281,0.814
1569.499813,108.839,3.993,103.860,0.795
1569.599637,114.023,4.082,109.034,0.742
1569.699468,91.230,4.227,85.849,0.868
1569.799323,112.908,4.122,107.856,0.768
1569.899156,101.789,4.013,96.754,0.853
1569.999796,89.612,4.015,84.682,0.749
1570.099629,98.043,5.945,91.072,0.858
1570.199472,183.258,4.170,178.175,0.745
1570.299318,96.028,4.056,90.974,0.830
1570.399165,96.882,4.005,91.969,0.741
1570.499812,84.108,4.073,78.880,0.963
1570.599645,117.807,3.994,112.879,0.766
1570.699483,120.600,4.236,115.344,0.848
1570.799323,104.477,4.233,99.320,0.758
1570.899163,120.502,4.018,115.457,0.857
1570.999789,121.655,4.003,116.686,0.781
1571.099621,118.905,4.214,112.943,1.540
1571.199467,135.372,4.000,130.461,0.698
1571.299313,96.845,4.067,91.786,0.821
1571.399156,133.503,4.007,126.430,2.865
1571.499801,111.363,4.003,106.120,1.028
1571.599639,102.838,4.171,97.760,0.738
1571.699468,87.423,4.027,82.154,1.061
1571.799306,98.757,3.991,93.820,0.759
1571.899145,114.037,4.230,108.329,1.308
1571.999788,96.782,4.179,91.625,0.785
1572.099630,95.922,3.993,89.283,2.421
1572.199464,114.457,4.164,109.244,0.707
1572.299309,108.414,4.168,103.260,0.818
1572.399155,145.673,4.176,140.626,0.703
1572.499806,91.468,4.033,86.551,0.724
1572.599640,120.134,4.072,114.960,0.935
1572.699483,121.666,4.033,116.365,1.100
1572.799311,112.641,4.017,107.692,0.753
1572.899132,89.569,4.048,84.205,1.137
1572.999772,98.392,4.002,93.404,0.814
1573.099612,91.528,3.990,86.131,1.175
1573.199455,102.244,4.113,97.192,0.766
1573.299305,125.302,4.011,119.394,1.714
1573.399146,119.403,4.061,114.465,0.671
1573.499786,96.771,4.001,90.547,2.024
1573.599626,168.087,5.854,160.943,1.060
1573.699458,121.331,3.966,116.399,0.793
1573.799291,128.521,4.007,123.518,0.826
1573.899140,93.658,4.161,88.193,1.120
1573.999783,109.858,4.062,104.754,0.871
1574.099612,87.099,4.146,81.923,0.812
1574.199451,113.189,4.173,107.958,0.889
1574.299294,98.428,4.163,93.053,1.023
1574.399116,101.419,5.937,94.528,0.746
1574.499749,94.549,4.007,89.351,1.022
1574.599589,119.884,4.073,114.897,0.745
1574.699429,104.122,4.070,98.858,1.025
1574.799289,95.465,3.974,90.558,0.757
1574.899128,93.060,4.008,87.571,1.284
1574.999754,100.465,3.993,95.526,0.773
1575.099602,94.565,4.189,88.927,1.277
1575.199422,125.180,4.026,120.177,0.809
1575.299262,85.016,4.185,79.634,1.025
1575.399504,81.639,3.994,76.707,0.766
1575.499349,114.068,3.992,108.995,0.917
1575.599172,93.128,4.021,86.966,1.968
1575.699808,97.014,4.155,91.679,1.008
1575.799642,114.106,4.056,108.988,0.843
1575.899474,113.335,4.167,107.742,1.257
1575.999301,94.327,3.989,89.340,0.829
1576.099138,105.205,4.001,99.989,1.046
1576.199772,102.269,4.017,97.282,0.798
1576.299618,87.276,3.964,82.320,0.825
1576.399462,92.209,4.051,87.114,0.784
1576.499306,96.182,4.144,90.609,1.230
1576.599146,114.337,4.064,109.339,0.762
1576.699780,91.725,4.182,86.240,1.125
1576.799612,112.050,3.999,106.746,1.133
1576.899475,119.238,4.161,114.020,0.887
1576.999318,122.177,4.082,117.172,0.752
1577.099173,106.975,3.979,101.988,0.837
1577.199814,110.617,4.156,105.546,0.747
1577.299641,119.667,3.987,114.559,0.948
1577.399480,82.750,4.025,77.530,1.014
1577.499317,92.969,4.026,87.951,0.819
1577.599146,115.809,4.065,110.676,0.889
1577.699788,87.354,4.070,82.246,0.865
1577.799630,108.462,4.020,103.257,1.014
1577.899481,96.755,4.011,91.191,1.373
1577.999337,115.986,4.102,110.893,0.790
1578.099172,102.644,4.005,97.626,0.844
1578.199797,113.712,4.071,108.449,0.766
1578.299631,94.772,4.196,89.279,1.131
1578.399467,90.299,4.161,84.581,1.346
1578.499302,115.785,4.032,110.698,0.825
1578.599148,108.768,4.007,103.848,0.745
1578.699797,96.930,4.093,91.655,0.969
1578.799654,98.996,5.757,92.282,0.786
1578.899508,103.358,4.006,98.255,0.918
1578.999350,100.101,4.012,95.156,0.765
1579.099187,109.549,4.105,104.450,0.826
1579.199810,96.975,4.194,91.845,0.769
1579.299658,87.551,4.021,82.530,0.813
1579.399508,110.962,4.033,105.983,0.772
1579.499354,119.983,4.189,114.816,0.805
1579.599195,131.077,4.221,125.701,0.986
1579.699835,115.185,4.192,109.236,1.562
1579.799686,112.934,4.178,107.845,0.705
1579.899528,93.688,4.207,87.990,1.310
1579.999373,126.966,4.189,121.832,0.774
1580.099223,94.088,4.007,89.104,0.814
1580.199459,103.915,3.986,99.010,0.755
1580.299307,104.733,4.007,99.247,1.300
1580.399142,103.998,4.021,99.060,0.748
1580.499784,111.751,4.198,106.471,0.917
1580.599617,121.424,4.031,116.253,0.970
1580.699458,131.272,4.001,126.288,0.814
1580.799282,99.763,3.969,94.851,0.776
1580.899118,119.362,3.965,114.457,0.773
1580.999755,87.314,3.947,82.485,0.715
1581.099603,107.269,3.996,102.300,0.778
1581.199436,115.693,3.959,110.831,0.735
1581.299281,119.695,4.006,114.477,1.040
1581.399131,121.009,4.036,116.027,0.766
1581.499779,106.540,3.996,101.084,1.293
1581.599617,106.142,4.200,100.911,0.843
1581.699446,121.357,4.184,116.210,0.800
1581.799271,92.031,3.969,86.669,1.147
1581.899496,105.424,4.068,100.358,0.829
1581.999326,102.727,4.047,97.751,0.761
1582.099160,106.405,4.177,101.245,0.818
1582.199804,84.060,4.202,78.823,0.861
1582.299657,93.731,4.086,88.398,1.070
1582.399497,86.201,4.110,81.135,0.778
1582.499333,94.823,4.230,89.602,0.820
1582.599167,99.379,4.027,93.941,1.218
1582.699806,89.593,4.029,83.986,1.406
1582.799652,90.702,4.305,85.027,1.189
1582.899484,113.707,4.091,107.980,1.462
1582.999328,113.380,4.005,107.901,1.296
1583.099168,117.399,3.998,112.260,0.945
1583.199809,104.830,4.152,99.785,0.724
1583.299648,86.795,4.060,81.754,0.813
1583.399471,109.294,4.010,104.327,0.752
1583.499318,102.519,4.062,97.453,0.836
1583.599159,106.732,5.920,99.863,0.774
1583.699809,113.895,4.008,108.931,0.791
1583.799650,120.422,3.997,115.485,0.769
1583.899491,127.155,4.192,121.909,0.872
1583.999344,156.618,4.006,151.708,0.739
1584.099176,136.440,4.078,131.295,0.896
1584.199815,123.449,3.988,118.536,0.759
1584.299646,155.720,4.179,150.552,0.822
1584.399501,126.246,4.206,121.096,0.768
1584.499335,113.241,4.101,108.153,0.816
1584.599165,121.527,4.080,116.508,0.772
1584.699794,125.243,4.206,120.062,0.802
1584.799640,120.777,3.984,115.586,0.988
1584.899478,81.912,4.005,76.910,0.831
1584.999317,116.009,3.993,110.897,0.951
1585.099153,114.243,4.336,108.872,0.855
1585.199786,112.794,4.201,107.470,0.947
1585.299626,104.064,4.213,98.492,1.093
1585.399468,120.882,4.014,115.864,0.784
1585.499315,115.823,4.098,110.694,0.866
1585.599159,94.949,3.986,90.044,0.752
1585.699788,93.977,4.092,88.575,1.095
1585.799627,124.558,4.048,119.540,0.773
1585.899481,88.103,4.059,83.016,0.861
1585.999298,126.613,4.125,121.366,0.953
1586.099136,126.090,4.008,121.110,0.812
1586.199772,94.272,4.039,89.188,0.858
1586.299613,91.715,4.024,86.648,0.853
1586.399464,113.239,4.184,108.141,0.748
1586.499313,112.208,3.988,107.238,0.818
1586.599143,121.447,4.211,116.312,0.756
1586.699785,88.709,4.025,83.698,0.823
1586.799614,104.447,4.007,99.503,0.767
1586.899466,95.896,4.095,90.824,0.806
1586.999307,108.632,4.031,103.693,0.744
1587.099144,106.867,4.068,101.793,0.840
1587.199792,115.174,4.161,109.957,0.872
1587.299625,116.637,5.696,109.551,1.221
1587.399463,105.139,3.952,99.838,1.170
1587.499307,109.299,4.124,104.085,0.913
1587.599144,102.850,4.191,97.609,0.870
1587.699802,79.644,4.003,74.633,0.827
1587.799646,134.205,4.031,129.241,0.768
1587.899499,86.471,4.163,81.257,0.886
1587.999344,98.428,4.059,93.390,0.801
1588.099196,91.896,4.040,86.820,0.863
1588.199828,91.777,4.063,86.613,0.923
1588.299669,88.441,4.030,82.211,1.912
1588.399505,95.989,4.206,90.813,0.797
1588.499337,88.466,4.112,83.345,0.837
1588.599167,122.268,4.000,117.157,0.943
1588.699808,112.511,4.170,106.588,1.574
1588.799641,89.398,3.981,84.244,0.997
1588.899462,108.741,4.181,102.807,1.586
1588.999296,110.885,4.044,105.899,0.754
1589.099119,111.666,4.196,106.416,0.884
1589.199752,136.175,4.004,131.241,0.767
1589.299584,136.100,4.018,131.056,0.855
1589.399412,98.482,4.179,93.364,0.767
1589.499257,108.259,4.174,101.865,1.996
1589.599496,125.921,3.992,121.005,0.703
1589.699337,98.320,4.071,93.246,0.834
1589.799179,125.350,3.993,119.908,1.267
1589.899822,102.250,3.974,97.347,0.734
1589.999667,100.030,4.012,94.590,1.246
1590.099490,153.755,4.159,147.960,1.434
1590.199342,95.903,3.970,91.080,0.685
1590.299193,110.561,4.076,104.983,1.335
1590.399821,141.951,4.001,137.016,0.684
1590.499669,122.156,3.990,116.915,1.070
1590.599512,139.739,4.222,134.653,0.675
1590.699347,91.658,4.089,86.666,0.741
1590.799212,136.102,4.010,130.660,1.247
1590.899450,167.515,4.019,161.539,1.757
1590.999291,119.050,4.178,113.699,0.972
1591.099123,129.027,4.090,122.971,1.777
1591.199770,141.151,4.864,135.344,0.700
1591.299603,97.148,4.181,91.169,1.622
1591.399420,148.012,3.989,143.130,0.691
1591.499264,127.323,4.194,121.830,1.126
1591.599488,99.373,4.203,93.802,1.204
1591.699335,129.652,4.022,123.927,1.519
1591.799175,99.105,4.021,94.172,0.724
1591.899815,94.787,3.996,89.130,1.486
1591.999647,149.604,4.018,144.594,0.789
1592.099487,124.209,4.000,119.212,0.828
1592.199335,150.024,4.024,145.124,0.713
1592.299161,118.791,4.014,113.706,0.902
1592.399798,103.763,4.165,98.528,0.899
1592.499642,105.005,4.229,99.740,0.829
1592.599494,100.734,4.236,95.535,0.790
1592.699335,123.227,4.045,117.780,1.202
1592.799186,115.918,4.174,110.817,0.756
1592.899834,103.831,4.125,98.700,0.836
1592.999677,100.209,3.996,95.263,0.785
1593.099511,77.506,4.074,72.297,0.963
1593.199353,106.820,4.222,101.609,0.781
1593.299195,103.717,4.134,98.582,0.837
1593.399826,135.690,4.026,130.708,0.790
1593.499678,92.055,4.088,86.921,0.877
1593.599525,85.757,4.162,80.676,0.747
1593.699359,93.696,3.921,88.834,0.758
1593.799194,95.837,4.006,90.930,0.733
1593.899839,98.628,4.026,93.649,0.787
1593.999676,98.331,4.009,93.414,0.741
1594.099512,86.370,4.059,81.160,0.981
1594.199351,122.055,4.086,117.023,0.773
1594.299204,94.915,3.957,89.958,0.834
1594.399431,112.959,3.984,108.091,0.714
1594.499254,93.868,3.963,88.880,0.854
1594.599492,119.233,4.030,114.269,0.767
1594.699335,111.867,4.187,106.765,0.748
1594.799166,123.868,3.999,118.893,0.807
1594.899801,109.543,4.081,104.305,0.978
1594.999644,96.516,4.164,91.427,0.745
1595.099489,101.021,3.960,96.007,0.871
1595.199312,101.915,5.712,95.280,0.753
1595.299161,92.698,3.989,87.404,1.133
1595.399791,101.325,3.971,96.408,0.777
1595.499618,117.476,3.965,112.570,0.778
1595.599450,101.157,4.154,96.105,0.734
1595.699295,88.151,4.006,82.804,1.169
1595.799151,98.337,4.066,93.206,0.768
1595.899806,86.341,4.126,81.100,0.948
1595.999645,109.466,5.744,102.790,0.765
1596.099479,113.561,4.177,108.175,1.047
1596.199319,93.038,3.963,88.121,0.770
1596.299161,126.955,3.954,121.252,1.568
1596.399796,101.144,3.939,96.325,0.682
1596.499635,92.367,4.154,87.268,0.776
1596.599473,166.193,4.142,160.394,1.471
1596.699297,87.826,4.073,82.693,0.728
1596.799142,132.127,4.085,126.688,1.179
1596.899784,135.470,4.187,129.687,1.386
1596.999633,166.709,4.051,161.706,0.749
1597.099473,176.720,4.198,170.803,1.531
1597.199313,111.616,4.080,106.553,0.787
1597.299165,87.721,4.020,82.632,0.863
1597.399800,126.132,4.025,120.634,1.266
1597.499624,84.107,4.014,79.114,0.772
1597.599454,125.036,5.868,117.697,1.287
1597.699289,137.121,4.076,131.974,0.874
1597.799128,125.573,4.063,120.333,1.007
1597.899759,105.710,4.216,100.363,0.957
1597.999606,118.410,4.006,113.441,0.794
1598.099449,101.854,3.986,96.865,0.841
1598.199304,101.077,4.066,96.061,0.782
1598.299148,125.107,4.211,119.908,0.819
1598.399796,106.222,4.058,101.233,0.767
1598.499634,87.460,3.995,82.496,0.803
1598.599478,117.943,4.041,112.948,0.780
1598.699317,90.570,4.025,85.528,0.837
1598.799152,106.401,4.021,101.457,0.752
1598.899782,90.879,4.045,85.860,0.805
1598.999619,130.624,3.983,125.602,0.873
1599.099443,114.815,4.091,109.419,1.132
1599.199295,127.923,3.998,122.994,0.767
1599.299130,95.351,3.989,90.369,0.826
1599.399771,93.773,3.983,88.867,0.757
1599.499628,90.865,4.198,85.450,1.048
1599.599480,112.014,4.173,106.919,0.746
1599.699326,95.395,3.966,90.402,0.811
1599.799159,101.845,4.004,96.928,0.743
1599.899802,97.547,5.694,90.807,0.879
1599.999641,100.446,3.970,95.582,0.726
1600.099478,105.151,4.179,100.050,0.751
1600.199323,90.037,3.969,85.175,0.724
1600.299156,101.478,3.979,96.504,0.826
1600.399789,112.936,3.955,108.050,0.760
1600.499640,88.397,3.984,83.442,0.794
1600.599478,80.736,4.170,75.614,0.788
1600.699313,115.257,3.991,110.247,0.838
1600.799152,111.252,3.957,106.372,0.719
1600.899782,91.923,4.186,86.771,0.800
1600.999619,104.184,4.010,99.285,0.720
1601.099467,85.794,4.011,80.767,0.848
1601.199326,98.450,4.113,93.387,0.779
1601.299169,87.961,3.979,82.392,1.426
1601.399802,130.434,3.984,125.514,0.769
1601.499630,124.031,3.968,119.068,0.827
1601.599471,131.261,3.979,126.114,1.000
1601.699318,83.940,4.007,78.714,1.041
1601.799145,95.839,3.962,90.872,0.834
1601.899774,90.778,3.965,85.638,0.993
1601.999606,106.879,4.071,101.744,0.885
1602.099443,91.607,4.005,86.364,1.057
1602.199289,102.752,3.972,97.868,0.742
1602.299131,97.821,4.096,92.531,1.022
1602.399773,103.344,4.158,98.262,0.746
1602.499625,164.735,4.151,158.996,1.417
1602.599458,118.740,4.182,113.624,0.765
1602.699302,116.141,4.193,110.262,1.498
1602.799147,113.188,3.985,108.299,0.707
1602.899795,97.494,4.158,92.275,0.887
1602.999625,91.819,3.970,86.902,0.779
1603.099462,105.979,4.027,100.896,0.884
1603.199306,117.023,4.059,112.030,0.769
1603.299136,86.466,4.032,81.413,0.851
1603.399777,115.915,4.199,110.118,1.406
1603.499620,80.364,4.034,75.295,0.857
1603.599468,101.824,3.998,96.832,0.821
1603.699314,100.912,3.989,95.843,0.915
1603.799156,115.992,4.207,110.751,0.867
1603.899798,93.543,4.050,88.403,0.922
1603.999652,152.765,4.024,147.825,0.746
1604.099499,96.739,3.986,91.774,0.813
1604.199341,95.917,3.988,91.008,0.741
1604.299198,98.786,3.975,93.408,1.196
1604.399436,113.019,3.992,108.102,0.729
1604.499261,104.991,4.008,100.015,0.800
1604.599506,110.434,3.971,105.393,0.897
1604.699344,96.187,4.168,90.940,0.888
1604.799180,119.333,4.022,114.172,0.964
1604.899825,94.406,4.000,89.334,0.900
1604.999664,96.738,4.085,91.246,1.200
1605.099508,101.623,3.972,96.181,1.298
1605.199345,114.997,4.173,109.559,1.102
1605.299183,94.622,4.208,89.361,0.882
1605.399820,106.463,4.190,101.362,0.749
1605.499666,87.128,4.047,81.588,1.310
1605.599514,108.288,5.829,101.282,0.986
1605.699363,108.324,4.220,103.049,0.864
1605.799213,89.453,4.168,84.355,0.759
1605.899463,98.486,3.993,93.206,1.058
1605.999297,97.992,4.145,92.875,0.773
1606.099141,96.689,4.146,91.023,1.350
1606.199790,112.722,3.992,107.376,1.192
1606.299639,92.160,3.976,86.942,1.081
1606.399472,117.049,4.193,111.959,0.717
1606.499306,105.113,4.044,100.056,0.849
1606.599140,99.975,4.027,95.031,0.743
1606.699776,122.786,4.204,117.525,0.854
1606.799612,117.519,4.032,112.578,0.742
1606.899446,102.543,4.135,97.389,0.853
1606.999281,135.110,3.966,130.084,0.890
1607.099123,88.804,4.005,83.714,0.907
1607.199767,95.248,4.051,89.495,1.532
1607.299616,105.381,3.982,99.970,1.245
1607.399441,114.660,4.017,109.714,0.758
1607.499297,111.023,4.188,105.864,0.794
1607.599139,102.680,4.007,97.740,0.765
1607.699770,120.300,4.067,115.249,0.810
1607.799600,126.021,4.164,120.938,0.756
1607.899446,126.976,4.063,121.800,0.940
1607.999290,110.045,4.158,104.912,0.739
1608.099124,114.963,4.061,109.954,0.776
1608.199752,96.153,3.971,91.276,0.732
1608.299587,108.335,4.172,103.195,0.805
1608.399417,114.625,5.760,107.957,0.741
1608.499259,123.986,4.180,118.765,0.853
1608.599518,105.588,4.084,99.449,1.873
1608.699375,116.360,3.984,111.287,0.911
1608.799202,83.970,4.158,78.886,0.753
1608.899450,99.230,4.082,94.049,0.930
1608.999300,108.677,4.050,103.519,0.911
1609.099133,111.437,4.013,106.000,1.224
1609.199763,115.379,4.217,110.254,0.732
1609.299607,90.627,3.990,85.582,0.888
1609.399447,114.417,3.972,109.544,0.736
1609.499286,117.062,3.944,112.124,0.820
1609.599139,105.763,4.168,100.664,0.752
1609.699788,85.489,3.993,80.501,0.825
1609.799619,102.219,4.173,97.118,0.760
1609.899458,85.874,4.079,80.773,0.856
1609.999288,94.895,4.175,89.835,0.719
1610.099137,89.374,4.053,83.949,1.158
1610.199778,110.804,3.961,105.951,0.720
1610.299616,103.257,4.160,98.146,0.786
1610.399450,93.311,3.985,88.422,0.744
1610.499294,95.957,4.171,90.762,0.862
1610.599132,99.156,4.074,94.109,0.804
1610.699777,85.965,3.993,80.656,1.153
1610.799616,84.253,4.027,78.921,1.141
1610.899475,88.366,3.980,83.139,1.062
1610.999324,97.830,4.014,92.867,0.778
1611.099169,124.107,3.986,117.983,1.957
1611.199815,108.862,3.979,103.961,0.724
1611.299652,105.904,4.169,100.314,1.255
1611.399487,134.897,4.012,130.001,0.689
1611.499330,143.605,4.168,137.962,1.286
1611.599174,118.859,4.187,113.199,1.295
1611.699821,87.434,4.003,82.108,1.133
1611.799651,106.806,3.960,101.866,0.789
1611.899500,80.365,3.994,75.379,0.829
1611.999343,113.230,4.160,108.112,0.788
1612.099193,79.186,3.961,74.144,0.912
1612.199850,109.881,3.992,104.387,1.299
1612.299680,110.533,3.970,105.000,1.389
1612.399510,117.557,4.033,112.632,0.724
1612.499344,89.923,4.157,84.788,0.795
1612.599195,100.824,4.110,95.587,0.950
1612.699822,83.371,4.175,78.104,0.913
1612.799651,82.714,4.024,77.616,0.897
1612.899486,111.933,4.015,106.635,1.102
1612.999329,101.121,4.089,96.091,0.749
1613.099184,90.529,4.178,84.881,1.273
1613.199832,120.040,4.176,114.955,0.744
1613.299652,101.288,4.166,96.001,0.949
1613.399499,112.119,3.981,107.207,0.731
1613.499349,109.128,3.972,104.159,0.831
1613.599189,146.036,3.961,140.953,0.949
1613.699825,94.334,4.010,89.242,0.865
1613.799669,114.334,4.157,109.156,0.848
1613.899504,87.590,4.080,81.906,1.432
1613.999353,100.475,4.086,94.855,1.357
1614.099176,112.124,4.165,106.395,1.382
1614.199843,100.607,3.998,95.706,0.732
1614.299685,117.026,4.031,111.956,0.878
1614.399513,135.673,3.952,130.834,0.722
1614.499355,121.627,4.130,116.199,1.125
1614.599205,98.469,4.183,93.357,0.759
1614.699437,119.474,4.059,114.305,0.939
1614.799276,95.009,4.157,89.520,1.147
1614.899524,100.052,5.911,93.123,0.851
1614.999357,111.417,4.138,106.368,0.748
1615.099204,94.273,4.153,88.234,1.680
1615.199439,128.971,3.996,123.940,0.732
1615.299277,89.240,3.998,83.795,1.275
1615.399119,140.213,4.129,135.165,0.751
1615.499760,129.959,3.925,124.944,0.923
1615.599598,138.065,4.158,133.009,0.729
1615.699437,104.242,3.959,99.328,0.783
1615.799271,122.820,4.175,117.740,0.736
1615.899513,116.172,4.160,111.061,0.785
1615.999365,120.483,4.013,115.392,0.895
1616.099200,130.373,3.973,124.743,1.357
1616.199433,113.981,4.021,109.047,0.740
1616.299273,108.042,5.749,101.266,0.857
1616.399515,110.204,3.974,105.316,0.748
1616.499364,94.990,3.973,89.989,0.862
1616.599217,127.442,3.979,122.393,0.889
1616.699446,108.138,4.014,103.048,0.895
1616.799293,99.982,3.964,94.613,1.238
1616.899145,89.881,3.996,84.501,1.198
1616.999779,119.327,4.029,113.791,1.303
1617.099619,96.007,4.006,90.685,1.143
1617.199467,124.778,4.017,119.767,0.795
1617.299314,109.216,4.113,104.047,0.883
1617.399148,106.403,4.080,101.399,0.756
1617.499792,88.040,4.017,82.971,0.886
1617.599619,94.220,4.201,88.924,0.914
1617.699458,109.543,4.141,104.463,0.762
1617.799284,117.173,3.983,112.270,0.744
1617.899100,98.599,4.179,93.397,0.855
1617.999738,116.628,3.985,111.732,0.744
1618.099568,100.263,3.975,95.066,1.051
1618.199408,126.931,3.975,121.871,0.908
1618.299242,113.671,4.162,107.591,1.729
1618.399486,116.793,3.976,111.909,0.734
1618.499346,92.596,3.992,87.630,0.807
1618.599176,96.456,3.966,91.585,0.739
1618.699811,111.795,3.979,106.787,0.860
1618.799639,121.637,4.160,116.571,0.743
1618.899502,98.221,4.054,93.195,0.802
1618.999347,129.656,4.152,124.551,0.783
1619.099189,107.008,3.978,101.440,1.422
1619.199827,142.784,3.969,137.437,1.182
1619.299665,109.254,3.944,104.393,0.722
1619.399506,109.156,3.993,104.234,0.743
1619.499344,118.662,3.946,113.693,0.856
1619.599171,116.207,4.063,111.198,0.774
1619.699819,114.197,4.004,109.170,0.852
1619.799648,120.398,3.991,115.490,0.752
1619.899478,90.044,3.976,84.592,1.307
1619.999317,97.374,3.985,91.972,1.248
1620.099154,105.756,3.982,100.754,0.853
1620.199783,121.717,3.984,116.843,0.722
1620.299614,110.785,3.948,105.853,0.813
1620.399453,103.006,4.002,98.091,0.747
1620.499293,88.405,3.988,83.410,0.826
1620.599141,119.244,3.964,114.388,0.724
1620.699775,115.321,3.946,110.367,0.810
1620.799620,90.929,4.173,85.824,0.739
1620.899454,92.556,3.984,87.530,0.876
1620.999282,101.912,4.005,97.021,0.716
1621.099116,124.833,3.988,119.772,0.904
1621.199747,107.459,3.992,102.398,0.874
1621.299583,99.669,4.005,94.030,1.450
1621.399427,86.637,4.083,81.598,0.778
1621.499261,112.253,4.299,106.820,0.967
1621.599495,102.980,4.003,97.472,1.336
1621.699320,119.129,3.990,113.453,1.484
1621.799151,122.883,4.166,117.591,0.925
1621.899771,155.280,3.984,148.658,2.431
1621.999611,137.712,4.187,132.581,0.738
1622.099443,113.513,3.948,106.704,2.569
1622.199290,138.241,4.169,132.946,0.753
1622.299121,88.751,4.019,83.454,1.091
1622.399759,118.779,4.084,113.740,0.785
1622.499603,84.296,4.017,79.021,1.028
1622.599425,121.249,4.028,115.914,1.141
1622.699248,103.236,3.983,98.187,0.898
1622.799485,94.883,4.063,89.890,0.763
1622.899327,104.192,4.191,98.859,0.972
1622.999176,136.173,4.000,131.226,0.757
1623.099817,109.439,4.184,104.224,0.834
1623.199666,110.381,4.016,105.457,0.742
1623.299501,139.792,4.000,133.789,1.801
1623.399339,124.618,4.183,119.535,0.696
1623.499182,122.864,4.014,117.132,1.539
1623.599811,135.897,3.971,130.937,0.712
1623.699653,87.360,3.975,82.362,0.855
1623.799484,102.650,3.967,97.665,0.847
1623.899320,124.271,3.935,118.655,1.464
1623.999158,101.577,3.938,96.750,0.695
1624.099793,105.958,3.965,100.966,0.862
1624.199648,129.961,4.049,125.060,0.685
1624.299491,134.964,3.952,129.984,0.844
1624.399329,122.149,4.189,116.843,0.912
1624.499169,96.544,3.985,91.287,1.102
1624.599798,125.390,3.992,120.462,0.756
1624.699633,129.065,4.022,124.068,0.809
1624.799482,99.722,4.180,94.416,0.951
1624.899307,93.789,4.150,88.620,0.849
1624.999155,123.121,3.937,117.723,1.287
1625.099794,102.455,4.178,97.290,0.814
1625.199646,135.346,4.076,130.358,0.737
1625.299500,84.160,3.983,79.068,0.939
1625.399319,91.453,4.173,86.272,0.767
1625.499168,135.997,4.086,130.825,0.916
1625.599807,96.427,3.990,91.516,0.752
1625.699643,120.920,5.762,114.136,0.855
1625.799496,103.276,3.949,98.391,0.765
1625.899344,108.130,3.967,102.872,1.112
1625.999187,128.706,4.157,123.621,0.757
1626.099830,92.039,5.735,85.194,0.939
1626.199664,110.125,4.009,104.930,0.988
1626.299507,130.780,3.988,124.905,1.689
1626.399345,122.806,4.156,117.721,0.709
1626.499184,111.058,4.005,106.023,0.864
1626.599825,130.061,4.194,124.996,0.699
1626.699677,94.370,3.997,89.203,1.003
1626.799527,116.958,3.963,111.826,0.996
1626.899355,112.450,3.953,107.504,0.828
1626.999182,102.255,4.118,97.239,0.731
1627.099822,100.941,3.947,96.005,0.821
1627.199668,98.614,3.958,93.744,0.747
1627.299503,119.881,4.090,114.223,1.397
1627.399334,109.670,3.992,104.662,0.845
1627.499176,96.276,4.191,91.099,0.820
1627.599809,99.738,4.176,94.669,0.727
1627.699645,100.590,4.096,95.461,0.848
1627.799490,102.164,4.126,97.134,0.722
1627.899345,103.487,3.974,98.559,0.788
1627.999195,91.026,3.942,86.190,0.726
1628.099833,90.082,3.984,84.875,1.057
1628.199676,99.457,4.108,93.845,1.326
1628.299528,113.118,3.975,108.152,0.822
1628.399362,94.146,4.167,89.055,0.758
1628.499202,95.800,3.984,90.852,0.795
1628.599441,126.233,4.091,120.810,1.156
1628.699272,126.392,4.001,120.368,1.849
1628.799503,98.199,4.105,93.123,0.796
1628.899347,123.278,4.133,118.082,0.898
1628.999184,115.850,4.030,110.857,0.792
1629.099818,97.381,3.985,92.385,0.843
1629.199676,115.998,3.984,111.079,0.765
1629.299510,94.160,4.057,88.879,1.058
1629.399339,117.525,3.976,112.620,0.759
1629.499180,92.021,4.178,86.873,0.804
1629.599827,94.025,4.185,88.924,0.750
1629.699668,106.716,3.991,101.742,0.817
1629.799521,101.283,3.991,96.404,0.722
1629.899360,95.209,4.004,90.217,0.821
1629.999197,101.989,4.164,96.908,0.751
1630.099824,101.142,3.982,96.165,0.814
1630.199675,120.076,5.856,113.246,0.803
1630.299526,118.419,3.987,113.184,1.084
1630.399374,119.954,4.171,114.878,0.716
1630.499211,87.750,3.988,82.759,0.836
1630.599446,108.957,4.157,103.834,0.799
1630.699295,106.594,3.967,101.669,0.792
1630.799117,109.744,4.168,104.643,0.766
1630.899746,103.065,4.117,97.956,0.824
1630.999587,126.514,4.128,121.478,0.741
1631.099433,108.170,4.019,103.007,0.979
1631.199284,111.704,4.226,106.200,1.085
1631.299121,94.028,3.932,88.803,1.123
1631.399755,118.330,4.089,113.230,0.753
1631.499587,92.060,5.756,85.281,0.857
1631.599441,95.788,4.060,90.691,0.857
1631.699291,91.752,4.019,86.369,1.163
1631.799134,121.106,4.009,116.169,0.737
1631.899791,84.796,3.945,79.653,1.029
1631.999636,98.543,3.984,93.596,0.791
1632.099489,82.132,4.035,77.090,0.837
1632.199325,96.539,3.956,91.611,0.796
1632.299173,101.537,4.007,96.499,0.862
1632.399806,119.455,3.995,113.846,1.414
1632.499629,105.431,4.131,99.871,1.216
1632.599474,106.163,4.156,101.068,0.768
1632.699315,102.839,4.155,97.704,0.813
1632.799148,104.840,4.071,99.845,0.752
1632.899772,115.790,4.040,110.748,0.836
1632.999612,96.055,4.024,91.092,0.764
1633.099464,81.896,4.172,76.745,0.815
1633.199300,121.442,4.003,116.539,0.729
1633.299124,105.588,4.013,100.582,0.826
1633.399771,105.479,4.026,100.367,0.913
1633.499609,99.832,4.106,94.494,1.056
1633.599448,94.187,3.988,89.240,0.786
1633.699292,96.697,4.048,91.684,0.799
1633.799125,101.352,4.151,96.270,0.764
1633.899768,91.576,4.034,86.574,0.799
1633.999605,97.062,4.152,91.981,0.762
1634.099452,94.986,4.151,89.856,0.811
1634.199288,114.585,3.971,109.681,0.766
1634.299119,121.076,4.145,115.978,0.785
1634.399761,138.565,3.948,133.410,1.038
1634.499608,109.844,3.988,104.714,0.841
1634.599451,100.399,4.145,95.331,0.752
1634.699285,101.919,4.008,96.624,1.118
1634.799115,88.537,3.986,83.379,0.915
1634.899753,74.260,3.966,69.135,0.987
1634.999602,108.653,4.161,103.485,0.817
1635.099432,95.227,4.030,90.109,0.905
1635.199270,90.869,4.060,85.688,0.946
1635.299492,113.939,4.045,108.829,0.886
1635.399335,110.369,3.979,105.464,0.755
1635.499180,103.188,4.027,97.777,1.212
1635.599817,106.507,4.182,101.400,0.757
1635.699668,83.667,4.159,78.509,0.830
1635.799510,123.438,3.959,118.595,0.717
1635.899352,103.848,3.957,98.905,0.822
1635.999185,108.685,3.998,103.801,0.718
1636.099810,99.468,4.134,94.389,0.782
1636.199652,103.428,4.036,98.464,0.755
1636.299481,96.198,3.958,91.015,1.040
1636.399312,97.072,4.158,91.988,0.748
1636.499169,113.242,4.105,108.193,0.779
1636.599793,104.986,3.952,100.150,0.714
1636.699643,100.639,3.955,95.760,0.760
1636.799484,95.375,3.984,90.497,0.729
1636.899334,111.357,5.701,104.689,0.800
1636.999176,96.947,3.951,92.111,0.716
1637.099818,91.182,3.979,86.186,0.837
1637.199656,123.756,3.947,118.909,0.719
1637.299506,121.131,3.949,116.160,0.848
1637.399347,93.979,3.964,89.084,0.761
1637.499192,107.114,4.084,101.970,0.874
1637.599838,119.158,3.935,114.309,0.745
1637.699680,84.824,4.028,79.639,0.989
1637.799523,91.492,4.098,86.461,0.762
1637.899375,96.516,4.035,91.262,1.046
1637.999199,109.789,4.154,104.628,0.796
1638.099439,108.918,3.989,103.954,0.804
1638.199278,110.889,4.071,105.904,0.730
1638.299123,98.721,4.146,93.607,0.801
1638.399756,119.022,4.146,113.919,0.788
1638.499608,119.987,3.986,114.988,0.828
1638.599446,119.576,3.977,114.494,0.935
1638.699279,85.029,4.014,79.921,0.828
1638.799128,120.981,3.970,116.064,0.772
1638.899760,108.180,4.173,102.957,0.873
1638.999610,125.493,4.016,120.570,0.736
1639.099459,89.276,3.976,84.154,0.981
1639.199310,115.959,4.119,110.941,0.730
1639.299150,97.288,3.982,92.391,0.748
1639.399782,122.852,5.643,116.291,0.737
1639.499630,109.161,3.951,104.197,0.785
1639.599463,95.575,4.141,90.535,0.731
1639.699306,122.183,3.945,116.999,1.060
1639.799142,103.622,4.152,98.237,0.941
1639.899799,114.787,4.113,109.317,1.082
1639.999643,120.841,4.073,115.844,0.755
1640.099485,100.879,4.124,95.781,0.804
1640.199325,93.673,4.133,88.512,0.863
1640.299172,84.872,3.991,79.447,1.247
1640.399812,111.999,4.047,106.988,0.793
1640.499648,122.738,3.978,117.775,0.818
1640.599496,89.456,3.966,84.581,0.742
1640.699331,94.425,3.983,89.457,0.814
1640.799172,94.737,3.916,89.884,0.770
1640.899813,115.410,3.986,110.460,0.795
1640.999653,99.181,4.132,94.148,0.732
1641.099510,104.589,4.060,99.385,0.954
1641.199357,116.597,4.156,111.547,0.728
1641.299184,89.704,4.151,84.574,0.812
1641.399823,108.146,4.055,103.164,0.762
1641.499658,105.823,4.176,100.640,0.835
1641.599495,98.215,4.180,93.142,0.727
1641.699348,105.532,3.985,100.563,0.820
1641.799194,113.489,4.141,108.314,0.834
1641.899829,118.869,4.038,113.708,0.938
1641.999678,93.998,4.012,88.496,1.287
1642.099510,100.269,3.977,95.148,0.975
1642.199344,89.968,3.983,84.935,0.881
1642.299197,101.714,4.148,96.554,0.843
1642.399839,135.211,4.185,130.110,0.731
1642.499688,101.151,4.164,96.025,0.804
1642.599542,119.527,3.972,114.627,0.758
1642.699369,103.726,3.991,98.756,0.810
1642.799203,110.648,3.933,105.815,0.733
1642.899444,90.364,3.960,84.891,1.344
1642.999290,134.624,3.951,129.778,0.727
1643.099121,84.152,4.075,79.088,0.821
1643.199745,115.828,4.174,110.446,1.012
1643.299589,119.373,3.998,113.416,1.596
1643.399419,107.258,3.963,102.400,0.684
1643.499252,79.993,3.975,74.474,1.377
1643.599503,151.757,3.990,146.843,0.755
1643.699346,109.670,4.137,104.551,0.807
1643.799206,111.464,5.649,104.917,0.732
1643.899436,105.752,4.125,100.699,0.763
1643.999284,113.997,4.179,108.823,0.820
1644.099134,101.984,4.175,96.390,1.216
1644.199784,92.317,4.173,86.594,1.287
1644.299623,113.680,5.741,106.845,0.911
1644.399459,100.780,3.997,95.659,0.948
1644.499299,97.194,4.149,91.916,0.947
1644.599129,99.993,3.969,95.040,0.776
1644.699762,87.050,4.177,81.800,0.897
1644.799599,92.478,3.989,86.662,1.628
1644.899449,102.290,4.034,96.935,1.133
1644.999287,112.008,4.014,107.009,0.808
1645.099117,129.715,3.971,124.110,1.412
1645.199766,131.606,4.049,126.662,0.691
1645.299609,110.279,3.992,105.239,0.884
1645.399444,146.109,3.985,141.292,0.668
1645.499287,115.748,3.984,110.750,0.841
1645.599126,163.213,3.983,157.498,1.527
1645.699761,115.915,4.070,110.389,1.254
1645.799611,115.428,4.158,110.376,0.728
1645.899479,93.707,3.957,88.771,0.816
1645.999329,97.187,4.138,92.148,0.740
1646.099155,83.797,4.016,78.095,1.521
1646.199791,110.934,5.817,104.040,0.908
1646.299630,94.377,3.977,89.126,1.096
1646.399475,110.102,4.055,105.149,0.729
1646.499310,103.823,3.969,98.831,0.825
1646.599143,115.346,3.965,110.281,0.892
1646.699785,114.304,4.163,108.998,0.814
1646.799621,91.769,3.957,86.925,0.717
1646.899468,93.626,3.968,88.641,0.847
1646.999300,100.824,4.133,95.778,0.750
1647.099143,116.315,3.950,111.352,0.845
1647.199789,102.500,4.171,97.429,0.728
1647.299614,102.426,3.960,97.436,0.864
1647.399445,105.716,3.957,100.819,0.770
1647.499283,115.565,4.147,110.416,0.828
1647.599125,97.119,3.982,92.162,0.793
1647.699761,105.158,3.955,100.159,0.878
1647.799586,88.604,4.076,83.203,1.155
1647.899428,108.815,4.163,102.965,1.496
1647.999273,114.658,4.047,109.465,0.962
1648.099507,93.404,4.096,87.660,1.471
1648.199339,123.237,4.049,118.216,0.738
1648.299184,99.096,4.176,93.839,0.911
1648.399831,108.718,4.082,103.736,0.723
1648.499672,90.442,4.202,85.252,0.823
1648.599517,121.995,4.031,117.056,0.740
1648.699341,106.782,4.055,101.633,0.922
1648.799183,91.830,3.997,86.873,0.780
1648.899826,111.892,4.008,106.838,0.860
1648.999664,98.968,3.985,94.092,0.726
1649.099515,97.122,3.969,92.043,0.929
1649.199351,126.474,4.169,121.103,1.022
1649.299190,95.315,4.141,90.166,0.837
1649.399831,119.888,3.983,114.812,0.925
1649.499680,111.877,4.013,106.553,1.134
1649.599514,86.003,4.009,80.873,0.887
1649.699340,122.235,3.989,116.373,1.601
1649.799184,127.920,5.709,121.315,0.692
1649.899823,94.483,3.958,89.523,0.834
1649.999661,131.793,3.945,126.987,0.693
1650.099493,96.333,4.026,91.163,0.980
1650.199331,153.181,4.034,148.237,0.728
1650.299181,111.362,5.738,104.638,0.801
1650.399821,103.252,4.154,98.014,0.914
1650.499661,79.812,4.167,74.613,0.831
1650.599497,98.196,3.966,93.285,0.778
1650.699321,92.736,3.965,87.700,0.903
1650.799166,101.417,4.017,96.494,0.742
1650.899793,112.871,4.188,107.635,0.879
1650.999627,82.688,3.963,77.790,0.766
1651.099470,83.966,3.979,78.798,1.019
1651.199306,106.753,3.974,101.839,0.738
1651.299134,105.372,4.007,100.337,0.856
1651.399757,92.897,4.066,87.920,0.746
1651.499596,79.717,4.005,74.622,0.916
1651.599428,111.319,4.095,106.105,0.918
1651.699260,93.313,4.028,88.187,0.919
1651.799499,99.054,4.054,93.868,0.954
1651.899345,86.063,4.007,80.351,1.457
1651.999183,144.199,4.164,139.120,0.743
1652.099827,108.951,5.800,102.090,0.888
1652.199661,89.629,3.967,84.741,0.753
1652.299515,106.946,3.958,102.007,0.816
1652.399352,98.928,4.064,93.973,0.722
1652.499192,83.891,4.035,78.855,0.836
1652.599836,92.782,4.168,87.693,0.752
1652.699669,90.774,3.972,85.439,1.177
1652.799512,91.175,4.143,85.681,1.175
1652.899354,82.427,4.154,77.265,0.838
1652.999201,90.399,4.062,85.192,0.884
1653.099447,90.094,4.163,84.399,1.359
1653.199289,102.923,4.041,97.993,0.721
1653.299130,95.289,3.939,90.364,0.818
1653.399756,124.488,3.918,119.619,0.787
1653.499581,127.348,3.986,121.541,1.630
1653.599410,120.927,4.049,115.967,0.687
1653.699248,116.684,4.038,110.870,1.585
1653.799482,131.884,4.173,126.803,0.709
1653.899318,110.231,4.005,104.947,1.108
1653.999144,130.687,4.052,125.616,0.837
1654.099767,173.753,4.053,168.645,0.870
1654.199595,114.817,3.975,109.508,1.162
1654.299439,108.181,4.180,102.684,1.143
1654.399282,94.807,4.030,89.806,0.763
1654.499124,96.054,3.979,91.011,0.895
1654.599767,130.503,3.970,125.616,0.743
1654.699606,87.922,4.002,82.885,0.874
1654.799438,112.023,4.157,106.961,0.732
1654.899266,106.746,3.971,101.782,0.827
1654.999513,126.719,4.062,121.713,0.764
1655.099350,85.850,4.000,80.831,0.848
1655.199186,128.007,3.927,121.473,2.414
1655.299826,94.395,4.049,89.264,0.781
1655.399680,94.058,3.989,89.190,0.717
1655.499516,137.223,3.964,131.468,1.594
1655.599355,134.651,4.139,129.635,0.681
1655.699199,102.069,4.144,96.943,0.818
1655.799453,122.831,4.059,117.934,0.673
1655.899283,103.589,4.038,98.104,1.244
1655.999119,95.699,4.016,90.747,0.738
1656.099751,102.693,4.040,97.481,0.990
1656.199602,90.778,3.976,85.747,0.878
1656.299450,88.508,3.982,83.422,0.934
1656.399288,101.365,3.967,96.413,0.776
1656.499116,98.568,4.080,93.271,1.030
1656.599757,92.043,3.972,87.150,0.734
1656.699607,91.597,4.040,86.317,1.067
1656.799446,97.731,4.165,92.557,0.739
1656.899284,116.299,4.066,110.701,1.364
1656.999114,92.771,4.097,87.566,0.935
1657.099753,96.759,3.993,91.545,1.051
1657.199585,114.548,3.958,109.679,0.739
1657.299423,85.709,4.096,80.603,0.836
1657.399254,114.843,4.200,109.673,0.802
1657.499505,103.704,3.985,98.698,0.853
1657.599337,111.793,4.172,106.451,0.986
1657.699184,117.038,4.173,110.843,1.848
1657.799830,95.917,4.010,90.962,0.740
1657.899674,109.211,3.937,104.217,0.835
1657.999508,131.020,4.049,125.611,1.171
1658.099345,116.739,4.139,111.667,0.736
1658.199188,93.952,3.971,89.047,0.766
1658.299812,142.047,3.932,137.125,0.784
1658.399666,86.152,3.959,81.246,0.779
1658.499494,87.635,5.669,80.534,1.178
1658.599342,155.289,4.048,150.030,1.039
1658.699191,94.961,4.187,89.725,0.884
1658.799835,146.524,4.292,141.343,0.717
1658.899685,87.706,3.943,82.643,0.950
1658.999516,98.282,4.129,93.128,0.857
1659.099355,105.762,3.950,100.803,0.842
1659.199212,109.825,4.084,104.796,0.781
1659.299451,109.605,3.967,104.068,1.400
1659.399303,120.059,4.166,114.575,1.149
1659.499147,125.580,4.091,120.459,0.861
1659.599790,116.544,4.168,111.445,0.762
1659.699627,93.269,4.064,88.228,0.810
1659.799469,109.254,4.179,104.201,0.696
1659.899302,110.226,4.180,105.013,0.860
1659.999159,125.701,4.143,120.609,0.774
1660.099799,105.363,4.161,100.096,0.877
1660.199628,107.929,4.087,102.936,0.741
1660.299467,106.573,3.964,101.631,0.809
1660.399310,124.334,4.172,119.256,0.735
1660.499139,128.548,4.182,123.318,0.880
1660.599771,118.419,4.000,113.197,1.033
1660.699610,101.014,4.203,95.684,0.944
1660.799445,89.499,4.046,84.505,0.750
1660.899286,115.472,4.216,109.532,1.527
1660.999126,108.978,3.996,104.089,0.691
1661.099756,108.912,3.997,103.859,0.888
1661.199610,117.253,4.195,112.154,0.734
1661.299444,100.857,3.966,95.879,0.828
1661.399279,99.382,4.036,94.231,0.944
1661.499115,87.416,3.945,82.483,0.816
1661.599758,95.603,4.174,90.507,0.754
1661.699600,93.302,3.956,88.291,0.891
1661.799441,100.866,4.150,95.821,0.725
1661.899272,102.143,4.010,97.131,0.835
1661.999508,89.535,3.989,84.277,1.095
1662.099354,116.966,4.036,111.931,0.834
1662.199198,111.660,4.034,106.546,0.910
1662.299453,98.636,4.026,93.268,1.171
1662.399302,94.738,3.997,89.765,0.745
1662.499136,88.084,4.036,83.007,0.871
1662.599770,95.721,3.983,90.817,0.748
1662.699606,92.816,4.271,87.354,1.023
1662.799450,106.480,3.976,101.555,0.752
1662.899290,113.685,3.961,108.709,0.846
1662.999135,131.774,3.993,126.793,0.771
1663.099777,107.443,4.193,102.022,1.051
1663.199617,110.458,4.015,105.465,0.801
1663.299452,106.688,4.287,100.672,1.547
1663.399285,139.077,4.003,134.167,0.729
1663.499118,113.468,4.033,108.418,0.853
1663.599761,114.352,4.091,109.357,0.738
1663.699599,145.461,3.955,139.581,1.744
1663.799426,98.580,4.044,93.587,0.742
1663.899244,106.848,4.198,101.670,0.813
1663.999481,149.216,4.173,144.184,0.692
1664.099305,96.372,4.141,91.324,0.740
1664.199146,110.985,4.077,105.879,0.866
1664.299786,97.560,4.202,92.210,0.960
1664.399626,117.467,5.745,110.799,0.754
1664.499462,82.498,3.988,77.474,0.864
1664.599300,95.323,3.988,90.391,0.769
1664.699142,152.571,4.128,146.523,1.749
1664.799785,111.849,3.970,106.984,0.684
1664.899618,110.848,4.163,105.652,0.864
1664.999459,96.002,3.987,90.905,0.945
1665.099295,104.951,4.158,99.818,0.806
1665.199145,116.169,3.958,111.294,0.751
1665.299789,95.757,4.012,90.360,1.198
1665.399625,111.066,4.086,106.003,0.774
1665.499462,129.600,4.050,123.244,1.946
1665.599312,121.392,3.984,116.494,0.698
1665.699146,104.251,4.127,98.179,1.764
1665.799795,142.672,3.977,137.669,0.815
1665.899642,94.589,4.004,89.553,0.848
1665.999492,122.843,3.986,117.630,1.059
1666.099338,84.656,4.038,79.481,0.832
1666.199190,125.871,3.990,120.958,0.724
1666.299839,103.930,4.249,98.575,0.931
1666.399691,108.736,3.969,103.861,0.736
1666.499535,134.208,4.133,129.033,0.857
1666.599379,114.299,4.142,109.212,0.776
1666.699215,98.792,4.002,93.762,0.849
1666.799468,93.995,3.968,88.972,0.882
1666.899330,103.170,4.054,98.082,0.863
1666.999178,105.228,4.059,100.237,0.759
1667.099814,93.741,4.128,88.276,1.140
1667.199632,106.972,4.007,101.843,0.946
1667.299458,120.915,4.190,114.856,1.669
1667.399280,120.693,4.243,115.565,0.684
1667.499116,96.736,3.972,91.768,0.835
1667.599745,133.195,4.019,127.811,1.175
1667.699587,96.060,4.049,91.018,0.755
1667.799416,99.893,4.170,94.771,0.779
1667.899267,122.102,3.991,117.016,0.922
1667.999513,97.848,3.931,92.452,1.261
1668.099354,110.950,4.122,105.824,0.838
1668.199195,112.961,4.000,108.027,0.767
1668.299825,101.903,4.029,96.674,1.034
1668.399665,114.066,4.000,108.419,1.478
1668.499510,109.691,4.010,104.638,0.864
1668.599344,86.475,4.033,81.517,0.762
1668.699175,98.496,3.941,93.393,0.994
1668.799812,112.938,4.174,107.867,0.724
1668.899656,98.351,3.971,93.401,0.810
1668.999500,110.381,4.045,105.420,0.745
1669.099324,120.885,3.941,115.872,0.889
1669.199164,94.835,3.945,89.994,0.731
1669.299810,102.462,3.956,97.525,0.811
1669.399649,113.788,3.970,108.874,0.764
1669.499495,92.751,3.982,87.733,0.872
1669.599333,116.825,3.979,111.941,0.733
1669.699154,91.828,4.158,86.630,0.875
1669.799795,106.125,4.169,101.046,0.740
1669.899636,125.347,4.043,120.203,0.931
1669.999496,124.836,4.061,119.855,0.720
1670.099332,107.217,4.162,102.037,0.836
1670.199179,123.166,4.178,118.082,0.739
1670.299826,109.309,4.166,104.096,0.876
1670.399665,105.817,3.996,100.707,0.925
1670.499509,96.452,3.970,91.467,0.832
1670.599346,111.388,3.994,106.310,0.911
1670.699194,100.881,3.996,95.842,0.869
1670.799821,120.029,4.017,114.625,1.184
1670.899653,82.138,4.203,76.806,0.950
1670.999487,120.542,4.277,115.344,0.745
1671.099315,105.466,3.997,100.451,0.853
1671.199158,105.073,4.120,100.043,0.743
1671.299795,114.000,4.005,108.981,0.847
1671.399632,126.681,4.149,121.600,0.763
1671.499488,129.213,4.049,124.037,0.960
1671.599318,90.931,4.170,85.753,0.818
1671.699163,116.444,4.057,111.075,1.130
1671.799799,108.324,4.140,102.791,1.210
1671.899639,110.800,4.287,105.483,0.813
1671.999483,110.408,4.147,105.345,0.745
1672.099324,83.405,3.972,78.362,0.902
1672.199173,98.473,4.008,93.522,0.770
1672.299814,119.268,3.940,114.364,0.799
1672.399647,113.046,4.155,107.924,0.770
1672.499494,111.892,3.992,106.915,0.810
1672.599335,124.894,4.165,119.796,0.762
1672.699163,94.881,4.002,89.889,0.815
1672.799793,134.345,4.021,128.972,1.186
1672.899637,108.901,4.020,103.925,0.790
1672.999482,112.424,4.002,107.479,0.776
1673.099324,99.657,4.142,94.525,0.819
1673.199159,108.391,4.002,103.495,0.722
1673.299814,113.335,3.989,108.376,0.804
1673.399648,97.622,4.076,92.655,0.725
1673.499473,115.479,3.969,110.519,0.822
1673.599321,91.579,4.183,86.268,0.948
1673.699170,117.372,4.147,111.575,1.442
1673.799801,93.851,4.108,88.768,0.744
1673.899646,109.986,4.165,104.762,0.889
1673.999486,114.452,4.140,109.281,0.862
1674.099332,120.649,3.927,115.730,0.814
1674.199187,100.114,3.983,95.220,0.743
1674.299839,108.475,4.137,103.345,0.824
1674.399676,112.329,3.951,107.495,0.716
1674.499516,93.418,3.946,87.943,1.359
1674.599377,100.720,3.975,95.808,0.768
1674.699216,109.797,3.990,104.853,0.785
1674.799446,124.910,4.159,119.764,0.766
1674.899293,114.539,3.968,109.522,0.853
1674.999134,108.638,4.145,103.526,0.795
1675.099778,81.714,3.991,76.522,1.001
1675.199617,94.814,4.035,89.745,0.772
1675.299441,98.519,4.102,93.115,1.123
1675.399284,107.249,5.686,100.572,0.820
1675.499123,97.018,3.983,91.292,1.558
1675.599768,124.660,4.158,119.464,0.836
1675.699607,109.029,4.014,104.037,0.808
1675.799452,108.363,4.170,103.298,0.725
1675.899297,116.475,4.166,111.340,0.802
1675.999139,113.081,3.965,108.228,0.719
1676.099784,97.110,3.999,92.126,0.822
1676.199635,100.351,3.982,95.470,0.731
1676.299480,100.058,4.045,94.996,0.851
1676.399323,96.016,4.068,90.997,0.784
1676.499164,88.134,3.977,83.199,0.791
1676.599803,113.828,3.972,108.944,0.741
1676.699648,83.311,4.150,78.148,0.843
1676.799477,104.672,3.950,99.831,0.720
1676.899307,90.620,3.951,85.694,0.805
1676.999155,109.948,4.155,104.810,0.812
1677.099799,111.139,4.179,105.979,0.795
1677.199638,118.592,4.051,113.632,0.730
1677.299483,86.927,4.128,81.804,0.827
1677.399322,114.593,4.149,109.529,0.745
1677.499173,101.242,3.944,96.275,0.855
1677.599805,112.394,4.011,107.468,0.736
1677.699647,90.441,3.993,85.448,0.835
1677.799496,121.585,4.199,116.343,0.876
1677.899326,85.518,4.172,80.343,0.829
1677.999172,117.406,3.990,112.508,0.736
1678.099818,108.396,4.148,102.635,1.415
1678.199649,134.439,3.993,128.991,1.241
1678.299485,111.327,4.148,105.386,1.583
1678.399320,145.875,4.060,140.432,1.175
1678.499166,120.647,3.977,115.650,0.821
1678.599818,110.682,4.026,105.240,1.231
1678.699665,135.264,3.968,129.610,1.480
1678.799509,155.099,4.136,149.522,1.218
1678.899333,119.056,3.975,113.454,1.403
1678.999171,152.407,5.734,145.214,1.246
1679.099811,79.845,4.202,74.661,0.775
1679.199644,101.830,4.190,96.532,0.947
1679.299477,126.319,3.989,120.584,1.544
1679.399311,100.112,3.994,95.174,0.748
1679.499147,116.076,4.140,110.896,0.824
1679.599801,133.775,4.156,128.084,1.350
1679.699636,96.368,4.119,91.153,0.888
1679.799465,143.750,4.159,138.225,1.171
1679.899301,112.041,4.008,106.975,0.862
1679.999156,115.590,4.168,110.091,1.140
1680.099800,110.347,3.968,104.771,1.383
1680.199626,157.202,4.027,152.305,0.673
1680.299466,112.933,4.138,107.518,1.086
1680.399299,147.747,3.960,142.417,1.190
1680.499144,132.443,3.946,126.896,1.379
1680.599794,115.417,3.959,110.513,0.747
1680.699626,104.274,3.993,99.215,0.893
1680.799466,129.982,4.030,124.633,1.136
1680.899305,94.548,3.979,89.540,0.812
1680.999137,107.954,4.067,102.989,0.724
1681.099762,124.777,3.998,119.273,1.315
1681.199602,157.847,3.986,152.938,0.717
1681.299444,94.065,3.955,89.101,0.839
1681.399270,150.360,3.998,144.977,1.198
1681.499511,145.665,3.946,140.141,1.350
1681.599342,112.834,4.151,107.770,0.708
1681.699197,103.943,4.135,98.803,0.830
1681.799824,126.203,3.950,120.759,1.311
1681.899664,101.086,4.159,95.702,1.012
1681.999510,98.454,4.068,93.433,0.777
1682.099359,114.843,4.221,109.147,1.286
1682.199205,150.117,4.163,144.506,1.232
1682.299454,88.785,4.038,83.822,0.722
1682.399287,105.877,4.162,100.771,0.780
1682.499122,155.807,4.160,149.874,1.593
1682.599762,93.584,4.020,88.137,1.214
1682.699592,87.270,5.896,79.818,1.385
1682.799426,122.223,4.157,116.661,1.213
1682.899259,82.125,4.160,76.995,0.762
1682.999492,89.595,3.980,84.489,0.948
1683.099339,123.733,4.084,118.108,1.318
1683.199180,131.982,4.154,126.462,1.156
1683.299830,115.088,3.965,110.061,0.860
1683.399663,128.932,4.163,123.385,1.172
1683.499501,137.220,3.994,131.655,1.338
1683.599341,162.797,4.115,157.195,1.272
1683.699171,101.123,3.970,95.980,0.966
1683.799803,140.436,3.911,135.136,1.189
1683.899651,111.786,4.160,106.012,1.394
1683.999499,157.118,4.121,151.624,1.156
1684.099329,106.733,3.970,101.350,1.192
1684.199157,131.302,5.639,124.196,1.220
1684.299788,124.291,3.979,118.848,1.220
1684.399619,146.093,4.001,140.742,1.132
1684.499469,127.131,3.933,121.657,1.325
1684.599303,127.213,3.959,121.891,1.144
1684.699144,99.403,3.950,94.153,1.093
1684.799773,122.652,3.927,117.411,1.121
1684.899610,127.200,3.941,121.707,1.325
1684.999457,133.960,3.930,129.005,0.820
1685.099286,122.285,4.153,116.458,1.315
1685.199148,155.787,4.157,150.211,1.182
1685.299794,111.317,4.124,106.139,0.830
1685.399648,124.520,3.963,119.228,1.142
1685.499482,131.019,3.993,125.424,1.364
1685.599320,147.670,4.171,142.066,1.219
1685.699151,118.480,3.953,112.984,1.329
1685.799781,93.258,4.037,88.294,0.724
1685.899609,96.646,3.964,91.697,0.816
1685.999455,158.795,3.972,153.465,1.173
1686.099302,137.969,4.144,132.315,1.283
1686.199128,114.653,3.957,109.293,1.188
1686.299764