timestamp,total_ms,feature_extract_ms
1076.499783,38.096,36.671
1076.599622,31.339,30.723
1076.699455,28.776,27.915
1076.799296,23.643,23.380
1076.899923,30.636,29.762
1076.999757,30.640,29.515
1077.099598,23.461,23.113
1077.199427,28.365,27.533
1077.299280,28.417,27.144
1077.399927,23.091,22.797
1077.499770,23.181,22.796
1077.599614,38.650,37.513
1077.699466,23.726,23.452
1077.799302,27.651,27.313
1077.899938,35.752,33.859
1077.999778,31.701,30.386
1078.099613,34.677,33.772
1078.199459,34.888,34.029
1078.299317,22.575,22.183
1078.399942,30.580,29.712
1078.499770,33.812,32.861
1078.599612,22.332,21.964
1078.699445,32.025,30.166
1078.799673,28.881,27.982
1078.899511,22.227,21.931
1078.999339,23.631,22.896
1079.099990,33.958,33.165
1079.199846,29.096,28.838
1079.299684,24.532,23.723
1079.399530,31.978,31.161
1079.499368,25.449,25.191
1079.599605,25.970,25.186
1079.699440,30.521,29.713
1079.799283,22.285,22.019
1079.899918,30.807,30.004
1079.999754,34.836,33.805
1080.099593,22.844,22.569
1080.199446,39.015,37.905
1080.299286,31.278,30.465
1080.399933,31.913,31.660
1080.499782,22.836,22.586
1080.599627,35.350,34.089
1080.699464,25.615,25.270
1080.799313,22.734,22.394
1080.899941,32.034,31.168
1080.999787,30.893,30.085
1081.099607,24.641,24.405
1081.199450,24.235,23.920
1081.299299,35.905,35.075
1081.399942,31.666,30.863
1081.499787,23.165,22.918
1081.599614,23.865,23.393
1081.699459,31.256,30.446
1081.799294,21.788,21.366
1081.899924,30.725,29.856
1081.999769,30.552,29.766
1082.099610,22.695,22.422
1082.199455,23.389,23.055
1082.299283,27.766,26.800
1082.399923,31.198,30.305
1082.499763,24.047,21.716
1082.599599,24.560,24.203
1082.699446,34.105,31.361
1082.799291,22.703,22.055
1082.899936,24.264,23.916
1082.999783,30.363,29.489
1083.099622,27.432,27.174
1083.199451,22.483,22.131
1083.299298,29.711,28.959
1083.399930,34.999,33.899
1083.499762,22.075,21.749
1083.599591,21.596,21.303
1083.699425,25.375,24.708
1083.799662,30.406,29.605
1083.899506,39.952,37.489
1083.999345,21.494,21.273
1084.099984,23.335,22.452
1084.199816,31.082,30.188
1084.299653,31.415,31.098
1084.399494,23.453,23.213
1084.499348,25.304,24.183
1084.599984,33.392,32.463
1084.699833,23.388,23.105
1084.799681,22.720,22.400
1084.899532,21.557,21.238
1084.999365,32.203,31.262
1085.099610,30.628,29.794
1085.199435,21.970,21.690
1085.299664,24.026,23.696
1085.399489,32.092,31.252
1085.499324,21.143,20.915
1085.599965,24.266,23.930
1085.699799,39.498,37.435
1085.799634,22.679,22.376
1085.899478,23.934,23.610
1085.999328,28.559,27.740
1086.099957,21.661,21.336
1086.199797,32.248,31.429
1086.299637,21.791,21.509
1086.399474,23.516,23.173
1086.499305,28.683,27.864
1086.599933,22.877,22.447
1086.699787,23.594,23.252
1086.799622,26.025,25.683
1086.899461,23.914,23.592
1086.999293,23.792,23.476
1087.099944,26.260,25.933
1087.199785,23.528,23.117
1087.299622,25.079,24.560
1087.399463,25.311,24.992
1087.499299,22.819,22.509
1087.599939,33.228,32.172
1087.699774,24.372,24.052
1087.799605,25.922,25.324
1087.899447,28.260,27.288
1087.999282,22.631,22.296
1088.099917,23.167,22.733
1088.199757,32.219,31.212
1088.299598,22.890,22.540
1088.399433,26.463,25.629
1088.499669,33.643,32.800
1088.599511,22.822,22.515
1088.699336,23.642,23.312
1088.799989,25.586,25.184
1088.899824,26.134,25.648
1088.999657,29.913,29.554
1089.099505,31.507,31.194
1089.199341,23.052,22.691
1089.299985,22.734,22.383
1089.399834,22.939,22.583
1089.499673,23.224,22.841
1089.599518,27.073,26.702
1089.699360,23.224,22.873
1089.799603,32.611,31.698
1089.899444,23.116,22.850
1089.999293,23.906,23.513
1090.099934,22.775,22.450
1090.199783,22.807,22.436
1090.299627,24.683,23.511
1090.399460,22.556,22.235
1090.499307,23.125,22.724
1090.599952,28.366,27.999
1090.699785,23.085,22.682
1090.799607,30.708,29.065
1090.899436,21.667,21.359
1090.999670,24.754,24.192
1091.099508,24.986,24.619
1091.199359,25.475,25.050
1091.299998,23.456,23.029
1091.399843,23.893,23.492
1091.499688,24.150,23.780
1091.599522,32.945,32.053
1091.699359,25.845,25.568
1091.799602,25.072,24.757
1091.899426,28.003,27.215
1091.999663,22.368,22.115
1092.099506,26.634,26.236
1092.199344,26.052,25.716
1092.299990,26.250,25.693
1092.399833,24.312,24.003
1092.499667,23.503,23.116
1092.599506,44.059,43.663
1092.699347,24.055,23.720
1092.799971,24.661,24.261
1092.899813,24.306,23.812
1092.999653,22.795,22.377
1093.099496,25.188,24.775
1093.199327,23.291,22.869
1093.299963,23.359,23.042
1093.399807,25.794,25.398
1093.499656,28.555,28.194
1093.599498,23.705,23.329
1093.699336,22.972,22.609
1093.799967,22.894,22.569
1093.899819,22.775,22.380
1093.999655,31.185,30.839
1094.099498,28.596,28.286
1094.199349,23.515,23.130
1094.299603,22.764,22.225
1094.399437,23.090,22.635
1094.499282,23.513,23.182
1094.599926,28.095,27.556
1094.699773,24.815,24.443
1094.799615,28.315,27.213
1094.899452,35.671,30.602
1094.999291,22.259,22.002
1095.099943,37.514,36.562
1095.199784,23.056,22.785
1095.299612,25.809,25.459
1095.399442,33.340,32.515
1095.499283,25.532,25.261
1095.599913,22.487,22.117
1095.699750,38.809,37.739
1095.799597,30.419,29.474
1095.899433,23.104,22.409
1095.999666,24.880,24.409
1096.099511,22.910,22.558
1096.199347,23.068,22.743
1096.299986,27.548,25.691
1096.399834,22.893,22.631
1096.499674,25.608,25.272
1096.599525,23.526,23.208
1096.699361,24.408,24.054
1096.799607,24.122,23.774
1096.899446,23.300,22.949
1096.999288,22.808,22.404
1097.099935,24.062,23.742
1097.199786,24.770,24.458
1097.299622,23.230,22.888
1097.399473,23.713,23.369
1097.499313,23.885,23.492
1097.599962,24.964,24.642
1097.699795,25.995,25.649
1097.799641,25.640,25.140
1097.899476,37.224,36.854
1097.999300,28.388,28.032
1098.099942,24.463,24.107
1098.199786,26.254,25.941
1098.299633,25.542,25.160
1098.399481,24.972,24.622
1098.499303,26.960,26.615
1098.599946,24.382,24.034
1098.699781,25.998,25.651
1098.799615,23.830,23.426
1098.899452,24.978,24.434
1098.999292,25.779,25.442
1099.099928,25.431,24.922
1099.199768,23.384,23.024
1099.299618,23.048,22.621
1099.399458,23.770,23.426
1099.499294,27.334,26.359
1099.599939,26.790,26.369
1099.699772,25.138,24.776
1099.799593,25.503,25.163
1099.899433,24.141,23.459
1099.999674,23.431,23.034
1100.099512,22.640,22.326
1100.199358,23.552,23.128
1100.299999,25.692,25.345
1100.399833,39.259,38.424
1100.499672,22.405,22.121
1100.599530,23.062,22.676
1100.699369,23.046,22.710
1100.799607,24.424,24.012
1100.899458,23.334,22.975
1100.999301,25.336,24.962
1101.099937,23.808,23.443
1101.199799,23.781,23.175
1101.299637,28.765,28.346
1101.399462,26.883,26.522
1101.499302,27.165,26.714
1101.599947,23.118,22.765
1101.699793,23.112,22.715
1101.799642,22.834,22.369
1101.899478,23.941,23.600
1101.999315,23.237,22.864
1102.099944,25.595,25.203
1102.199792,28.255,24.966
1102.299640,22.503,22.177
1102.399477,28.686,28.354
1102.499321,24.483,24.076
1102.599965,25.617,25.222
1102.699786,27.211,26.863
1102.799620,34.863,33.986
1102.899462,22.029,21.562
1102.999322,24.056,23.702
1103.099977,30.212,29.103
1103.199824,27.011,26.751
1103.299673,21.921,21.533
1103.399517,31.563,30.618
1103.499363,23.931,23.655
1103.599989,23.842,23.498
1103.699831,22.687,22.268
1103.799686,25.309,24.921
1103.899542,26.023,25.689
1103.999393,21.484,21.156
1104.099628,22.213,21.830
1104.199460,24.934,24.602
1104.299298,22.621,22.236
1104.399934,22.281,21.933
1104.499768,24.000,23.610
1104.599610,24.834,24.476
1104.699458,23.893,23.548
1104.799292,23.459,23.079
1104.899918,25.554,25.171
1104.999752,24.533,24.205
1105.099577,22.972,22.669
1105.199411,22.926,22.624
1105.299654,23.451,23.089
1105.399502,22.920,22.589
1105.499337,22.631,22.318
1105.599984,24.355,24.034
1105.699832,25.006,24.683
1105.799677,24.791,24.314
1105.899516,31.269,30.414
1105.999350,22.425,22.118
1106.099991,26.113,25.772
1106.199813,32.330,31.512
1106.299654,24.585,24.270
1106.399488,24.277,23.761
1106.499331,35.971,34.651
1106.599968,22.442,22.204
1106.699819,33.273,32.923
1106.799653,28.277,27.542
1106.899489,21.741,21.473
1106.999322,27.570,27.062
1107.099954,33.927,33.038
1107.199799,22.731,22.468
1107.299636,35.496,30.746
1107.399479,36.581,35.105
1107.499330,46.108,45.805
1107.599991,68.974,68.613
1107.699833,24.641,24.322
1107.799678,29.105,28.732
1107.899512,28.004,27.691
1107.999346,30.910,30.468
1108.099990,32.215,30.051
1108.199830,21.875,21.631
1108.299676,23.317,23.009
1108.399514,28.865,27.678
1108.499367,28.501,28.260
1108.599607,21.809,21.543
1108.699453,29.257,28.451
1108.799302,28.573,28.320
1108.899935,22.540,22.212
1108.999766,27.514,26.252
1109.099601,29.576,29.290
1109.199448,25.138,24.878
1109.299297,26.226,25.379
1109.399940,28.521,28.258
1109.499787,22.924,22.623
1109.599625,27.848,27.498
1109.699465,23.857,23.297
1109.799292,27.528,27.203
1109.899931,26.990,26.627
1109.999780,25.543,25.086
1110.099616,29.240,28.903
1110.199456,25.133,24.506
1110.299282,23.304,22.788
1110.399919,26.978,26.581
1110.499743,23.172,22.835
1110.599582,28.252,27.697
1110.699410,22.664,22.315
1110.799654,23.546,23.220
1110.899509,25.778,25.362
1110.999337,27.092,26.383
1111.099962,27.288,26.934
1111.199798,24.252,23.599
1111.299646,28.464,28.104
1111.399475,23.091,22.743
1111.499315,29.826,29.464
1111.599955,22.953,22.657
1111.699782,29.314,28.922
1111.799623,25.414,25.052
1111.899459,35.589,33.347
1111.999295,24.712,24.439
1112.099916,24.298,23.831
1112.199754,32.294,31.405
1112.299596,23.750,23.493
1112.399424,29.729,29.239
1112.499666,23.286,22.943
1112.599502,29.465,29.148
1112.699340,22.484,22.126
1112.799968,24.362,23.987
1112.899797,26.745,26.438
1112.999641,32.264,31.131
1113.099485,21.635,21.366
1113.199314,23.381,22.446
1113.299953,32.189,31.406
1113.399784,21.432,21.181
1113.499631,22.308,21.985
1113.599473,22.682,22.306
1113.699315,22.408,22.096
1113.799965,21.959,21.585
1113.899810,24.473,24.129
1113.999645,29.533,29.195
1114.099487,23.646,23.181
1114.199330,23.299,22.961
1114.299974,23.083,22.699
1114.399812,25.785,24.796
1114.499663,26.343,25.767
1114.599500,26.572,26.164
1114.699334,22.478,21.981
1114.799969,25.197,24.820
1114.899809,29.266,28.767
1114.999643,24.241,23.809
1115.099490,22.048,21.726
1115.199319,22.756,22.451
1115.299965,23.985,23.660
1115.399801,25.613,25.276
1115.499645,24.596,24.228
1115.599480,23.741,23.315
1115.699309,22.731,22.183
1115.799953,23.370,22.976
1115.899796,23.873,23.453
1115.999636,23.908,23.533
1116.099482,22.269,21.962
1116.199317,22.974,22.671
1116.299965,22.069,21.744
1116.399819,24.131,23.712
1116.499665,23.850,23.444
1116.599505,22.854,22.541
1116.699347,23.014,22.689
1116.799980,24.969,24.636
1116.899818,28.291,27.899
1116.999649,33.981,33.567
1117.099475,24.598,24.262
1117.199325,22.582,22.088
1117.299944,24.709,24.229
1117.399786,24.399,24.038
1117.499623,26.018,25.545
1117.599475,25.676,25.306
1117.699323,23.789,23.485
1117.799964,23.486,23.121
1117.899819,24.948,24.591
1117.999656,23.263,22.927
1118.099485,24.567,24.229
1118.199332,23.301,22.981
1118.299981,22.341,21.998
1118.399813,24.199,23.874
1118.499660,25.827,25.420
1118.599496,24.609,24.305
1118.699311,24.114,23.506
1118.799965,22.801,22.475
1118.899809,23.529,23.198
1118.999644,28.258,27.948
1119.099470,23.489,22.944
1119.199309,26.377,26.014
1119.299938,25.566,25.006
1119.399770,22.649,22.125
1119.499610,23.554,23.212
1119.599459,24.680,24.369
1119.699306,21.980,21.429
1119.799947,22.167,21.826
1119.899807,27.778,27.414
1119.999676,21.828,21.498
1120.099521,27.477,27.029
1120.199365,25.569,25.212
1120.299601,25.444,25.018
1120.399438,22.640,22.292
1120.499287,25.537,25.194
1120.599917,25.383,25.052
1120.699752,23.958,23.517
1120.799574,23.943,23.601
1120.899424,26.327,26.003
1120.999657,28.070,27.552
1121.099502,25.323,24.973
1121.199334,26.529,26.189
1121.299974,29.072,28.729
1121.399832,24.364,24.015
1121.499662,25.565,25.229
1121.599495,23.515,22.938
1121.699335,23.571,23.218
1121.799987,24.613,24.247
1121.899847,24.576,24.215
1121.999678,27.776,26.958
1122.099518,25.179,24.853
1122.199360,24.023,23.691
1122.299992,25.058,24.459
1122.399821,25.474,25.074
1122.499657,24.197,23.843
1122.599495,50.114,49.744
1122.699338,23.076,22.741
1122.799980,25.119,24.744
1122.899813,25.223,24.886
1122.999653,23.664,23.310
1123.099511,23.115,22.742
1123.199361,22.902,22.418
1123.299994,24.485,24.107
1123.399821,23.700,23.227
1123.499655,29.187,28.319
1123.599491,29.633,28.708
1123.699333,28.020,27.743
1123.799964,24.088,23.837
1123.899800,27.592,26.662
1123.999633,29.677,29.242
1124.099473,22.225,21.965
1124.199319,32.437,31.678
1124.299957,22.473,22.185
1124.399807,24.469,24.055
1124.499657,24.591,24.239
1124.599495,24.383,23.947
1124.699327,23.413,23.094
1124.799970,25.296,24.685
1124.899824,24.238,23.894
1124.999657,23.960,23.576
1125.099491,30.211,29.263
1125.199337,22.704,22.432
1125.299967,22.942,22.631
1125.399803,34.703,33.937
1125.499638,24.381,24.123
1125.599469,23.384,22.911
1125.699308,23.993,23.538
1125.799952,24.446,24.045
1125.899784,22.850,22.476
1125.999616,23.934,23.594
1126.099459,23.287,22.946
1126.199293,23.319,22.974
1126.299944,24.016,23.663
1126.399789,26.751,26.371
1126.499612,24.901,24.597
1126.599450,26.992,26.661
1126.699292,23.407,23.076
1126.799924,22.819,22.267
1126.899763,23.785,23.445
1126.999624,24.475,24.100
1127.099452,22.773,22.426
1127.199296,22.726,22.395
1127.299940,22.233,21.883
1127.399782,22.782,22.455
1127.499621,25.307,24.958
1127.599460,23.186,22.835
1127.699323,24.004,23.673
1127.799960,22.474,22.146
1127.899798,24.302,23.935
1127.999644,26.568,26.216
1128.099484,23.810,23.382
1128.199325,22.942,22.546
1128.299964,23.402,23.034
1128.399792,23.050,22.689
1128.499646,23.540,23.120
1128.599491,23.158,22.546
1128.699326,31.709,29.325
1128.799976,29.464,29.180
1128.899815,23.342,23.065
1128.999641,26.332,25.953
1129.099480,25.333,24.989
1129.199302,22.838,22.526
1129.299949,22.823,22.488
1129.399796,27.549,27.231
1129.499649,23.457,23.137
1129.599485,23.580,23.271
1129.699325,23.343,23.015
1129.799969,24.893,24.541
1129.899807,41.276,40.780
1129.999649,23.705,23.368
1130.099494,24.377,24.036
1130.199334,25.824,25.514
1130.299987,25.961,25.566
1130.399817,25.174,24.849
1130.499663,32.949,31.836
1130.599512,25.706,25.264
1130.699338,23.736,23.214
1130.799990,27.225,26.893
1130.899840,24.685,24.342
1130.999676,25.978,25.641
1131.099525,23.000,22.655
1131.199356,23.433,22.976
1131.299995,26.386,25.890
1131.399832,23.150,22.670
1131.499679,23.817,23.470
1131.599500,26.842,26.502
1131.699343,24.684,24.344
1131.799977,25.693,25.356
1131.899818,25.559,25.180
1131.999667,23.683,23.361
1132.099519,25.213,24.734
1132.199352,24.310,23.884
1132.299989,25.034,24.693
1132.399823,25.809,25.461
1132.499659,29.000,28.661
1132.599501,26.969,26.621
1132.699347,26.315,25.702
1132.799985,23.515,23.168
1132.899825,23.988,23.604
1132.999672,23.463,23.129
1133.099504,24.363,23.991
1133.199356,24.211,23.876
1133.299607,25.452,24.950
1133.399445,23.354,23.020
1133.499284,24.002,23.663
1133.599931,24.886,24.530
1133.699779,24.838,24.379
1133.799616,26.646,26.328
1133.899448,23.065,22.732
1133.999670,23.877,23.531
1134.099510,30.794,30.461
1134.199335,32.245,31.509
1134.299969,23.545,23.308
1134.399807,23.396,22.814
1134.499643,31.626,30.819
1134.599482,22.337,22.088
1134.699322,33.256,32.944
1134.799954,30.366,29.290
1134.899794,29.290,28.413
1134.999637,21.079,20.834
1135.099489,22.549,22.174
1135.199325,22.518,22.178
1135.299967,25.317,24.978
1135.399810,22.386,22.026
1135.499657,24.112,23.755
1135.599501,22.939,22.615
1135.699333,27.312,26.948
1135.799966,24.124,23.773
1135.899810,26.833,26.473
1135.999647,25.282,24.974
1136.099489,24.170,23.811
1136.199324,32.034,31.731
1136.299969,24.309,23.863
1136.399805,23.006,22.667
1136.499646,22.828,22.503
1136.599497,25.627,25.291
1136.699351,21.992,21.616
1136.799995,23.312,22.959
1136.899838,23.384,23.046
1136.999674,24.127,23.784
1137.099499,26.964,26.505
1137.199346,23.840,23.449
1137.299975,22.346,22.013
1137.399818,33.386,33.014
1137.499666,22.983,22.662
1137.599491,27.148,26.709
1137.699324,27.044,26.656
1137.799970,26.523,26.150
1137.899807,24.599,24.271
1137.999656,24.437,24.111
1138.099484,24.555,24.184
1138.199329,24.333,23.973
1138.299973,24.682,24.118
1138.399811,24.162,23.797
1138.499649,22.705,22.230
1138.599494,32.589,32.216
1138.699335,24.232,23.848
1138.799983,24.858,24.552
1138.899808,23.749,23.386
1138.999642,23.687,23.329
1139.099481,24.098,23.663
1139.199326,23.867,23.565
1139.299974,26.436,26.062
1139.399820,23.711,23.287
1139.499651,24.741,24.251
1139.599497,25.218,24.884
1139.699338,26.734,26.299
1139.799991,26.903,26.576
1139.899840,27.325,26.971
1139.999677,22.816,22.386
1140.099518,24.705,24.304
1140.199353,24.216,23.855
1140.299984,24.734,24.368
1140.399833,22.924,22.622
1140.499674,23.403,23.086
1140.599512,23.749,23.366
1140.699350,37.348,36.500
1140.799984,22.881,22.518
1140.899827,23.668,23.322
1140.999673,23.612,23.058
1141.099503,23.401,23.050
1141.199335,23.923,23.439
1141.299974,30.232,29.895
1141.399803,22.457,22.142
1141.499663,25.547,25.133
1141.599507,24.147,23.770
1141.699351,23.139,22.822
1141.799980,22.866,22.524
1141.899828,24.493,24.159
1141.999663,26.864,26.545
1142.099514,26.071,25.679
1142.199364,23.827,23.471
1142.299607,25.631,25.260
1142.399440,23.595,23.256
1142.499289,26.509,26.169
1142.599932,23.599,23.264
1142.699785,24.759,24.410
1142.799614,23.834,23.503
1142.899463,24.332,23.995
1142.999297,26.459,26.011
1143.099938,24.623,24.118
1143.199770,23.699,23.366
1143.299605,23.332,22.834
1143.399445,23.669,23.371
1143.499679,28.095,27.688
1143.599521,23.865,23.494
1143.699349,23.747,23.364
1143.799982,30.186,29.821
1143.899827,25.312,24.894
1143.999683,23.165,22.794
1144.099528,25.440,25.074
1144.199360,24.477,23.925
1144.299990,24.242,23.661
1144.399830,29.887,29.566
1144.499674,32.864,32.313
1144.599530,24.917,24.567
1144.699374,33.828,33.445
1144.799615,23.125,22.771
1144.899461,23.040,22.684
1144.999304,23.325,22.974
1145.099945,24.100,23.740
1145.199789,24.485,24.126
1145.299638,23.909,23.572
1145.399462,24.762,24.412
1145.499303,24.647,24.151
1145.599954,23.173,22.865
1145.699798,23.361,23.016
1145.799648,27.804,27.364
1145.899495,23.807,23.473
1145.999319,24.717,24.345
1146.099961,23.782,23.439
1146.199800,25.282,24.910
1146.299653,23.657,23.323
1146.399498,24.629,24.255
1146.499331,23.452,23.046
1146.599953,24.207,23.471
1146.699795,25.290,24.863
1146.799639,24.472,24.157
1146.899474,22.894,22.581
1146.999308,25.125,24.798
1147.099961,24.396,24.072
1147.199794,23.780,23.396
1147.299633,23.037,22.733
1147.399479,23.179,22.856
1147.499322,23.475,23.123
1147.599953,24.111,23.780
1147.699800,22.634,22.328
1147.799639,22.464,22.112
1147.899482,23.759,23.452
1147.999322,24.251,23.874
1148.099955,23.432,23.086
1148.199782,24.113,23.713
1148.299611,23.469,23.091
1148.399437,24.863,24.458
1148.499676,27.288,26.855
1148.599516,27.079,26.717
1148.699369,23.472,23.095
1148.799997,23.796,23.458
1148.899839,23.989,23.590
1148.999690,29.649,29.289
1149.099542,24.785,24.444
1149.199386,27.969,27.596
1149.299633,23.911,23.567
1149.399488,25.550,25.167
1149.499334,22.183,21.877
1149.599965,25.540,25.211
1149.699810,22.618,22.323
1149.799642,23.888,23.582
1149.899488,22.639,22.288
1149.999327,23.224,22.882
1150.099970,23.477,23.113
1150.199805,24.202,23.861
1150.299645,23.210,22.888
1150.399480,25.002,24.650
1150.499312,24.917,24.553
1150.599941,24.479,24.124
1150.699788,24.109,23.767
1150.799635,22.580,22.252
1150.899491,31.816,31.331
1150.999325,22.936,22.573
1151.099962,22.588,22.250
1151.199796,23.376,22.991
1151.299630,22.520,22.177
1151.399471,22.947,22.604
1151.499303,23.449,23.143
1151.599939,22.106,21.763
1151.699772,21.752,21.398
1151.799623,24.180,23.344
1151.899462,23.967,23.624
1151.999300,30.761,29.855
1152.099925,23.314,23.035
1152.199773,23.019,22.670
1152.299610,23.185,22.809
1152.399448,29.233,28.779
1152.499287,36.202,35.833
1152.599940,31.645,30.753
1152.699787,24.166,23.846
1152.799627,23.002,22.658
1152.899458,25.568,25.232
1152.999290,22.076,21.691
1153.099933,27.688,27.342
1153.199777,23.626,23.320
1153.299611,26.300,25.939
1153.399459,22.493,22.187
1153.499297,24.691,24.350
1153.599933,24.151,23.821
1153.699773,22.833,22.483
1153.799612,22.642,22.319
1153.899438,24.803,24.499
1153.999676,25.130,24.790
1154.099532,29.135,28.820
1154.199374,23.575,23.238
1154.299617,25.100,24.247
1154.399450,28.298,28.002
1154.499292,23.225,22.901
1154.599936,25.321,24.957
1154.699787,32.218,31.359
1154.799619,23.405,23.118
1154.899435,23.857,23.538
1154.999280,30.910,30.125
1155.099923,23.920,23.665
1155.199775,32.088,31.771
1155.299622,23.297,22.989
1155.399478,25.351,24.990
1155.499315,24.959,24.617
1155.599955,24.754,24.400
1155.699780,25.839,25.459
1155.799625,22.345,22.018
1155.899464,21.996,21.684
1155.999315,24.028,23.706
1156.099942,23.470,23.130
1156.199790,33.041,31.957
1156.299634,22.323,22.067
1156.399478,36.468,35.649
1156.499325,22.820,22.576
1156.599976,24.245,23.844
1156.699806,24.752,24.404
1156.799654,23.741,23.426
1156.899503,25.522,25.058
1156.999335,23.946,23.623
1157.099979,24.131,23.611
1157.199816,24.140,23.828
1157.299658,27.679,27.255
1157.399500,26.897,26.568
1157.499350,25.026,24.547
1157.599979,24.187,23.805
1157.699821,24.244,23.906
1157.799665,30.823,30.421
1157.899515,26.636,26.142
1157.999344,33.499,33.149
1158.099984,24.126,23.794
1158.199828,34.799,34.404
1158.299658,23.759,23.430
1158.399506,23.451,23.091
1158.499343,22.603,22.154
1158.599994,29.621,29.270
1158.699827,24.648,24.310
1158.799675,20.985,20.599
1158.899514,22.686,22.354
1158.999358,22.845,22.471
1159.099609,23.301,22.941
1159.199436,21.623,21.110
1159.299671,22.642,22.254
1159.399511,21.672,20.722
1159.499362,24.323,23.979
1159.599998,21.910,21.444
1159.699832,22.040,21.654
1159.799667,22.793,22.465
1159.899514,25.082,24.740
1159.999339,21.391,20.965
1160.099979,22.354,22.009
1160.199823,25.022,24.649
1160.299662,21.064,20.754
1160.399505,31.221,29.973
1160.499349,34.680,34.434
1160.599981,24.619,24.370
1160.699803,26.478,25.588
1160.799649,26.449,26.159
1160.899477,21.961,21.684
1160.999318,27.910,26.612
1161.099962,33.065,32.811
1161.199810,21.234,20.982
1161.299658,26.414,25.365
1161.399498,23.788,23.526
1161.499347,22.491,22.136
1161.599982,27.433,26.728
1161.699832,22.885,22.565
1161.799674,25.218,24.885
1161.899517,33.713,32.143
1161.999363,27.130,26.814
1162.099603,21.616,21.353
1162.199443,31.177,30.379
1162.299675,22.413,22.148
1162.399518,24.609,24.031
1162.499372,23.193,22.805
1162.599605,23.765,23.426
1162.699443,23.796,23.365
1162.799671,23.837,23.409
1162.899519,24.045,23.695
1162.999363,23.298,22.958
1163.099998,22.790,22.438
1163.199846,23.412,22.704
1163.299691,24.150,23.803
1163.399546,24.413,24.037
1163.499391,23.589,23.232
1163.599634,25.139,24.789
1163.699488,24.804,24.466
1163.799320,24.670,24.323
1163.899969,24.379,24.044
1163.999819,24.013,23.671
1164.099656,23.170,22.719
1164.199510,26.491,25.424
1164.299341,23.259,23.002
1164.399989,23.853,23.506
1164.499831,25.218,24.846
1164.599665,22.802,22.447
1164.699495,25.356,25.014
1164.799333,29.636,29.307
1164.899968,31.629,30.824
1164.999803,32.095,31.103
1165.099632,28.044,27.198
1165.199463,22.022,21.779
1165.299302,28.170,27.829
1165.399943,29.270,28.471
1165.499781,24.749,24.458
1165.599616,22.721,22.386
1165.699441,45.079,44.193
1165.799299,23.382,23.067
1165.899933,32.226,31.398
1165.999762,33.303,32.148
1166.099610,22.520,22.256
1166.199448,25.669,25.311
1166.299284,28.315,27.498
1166.399932,28.638,28.297
1166.499782,22.222,21.881
1166.599633,23.265,22.931
1166.699477,22.859,22.438
1166.799304,23.762,23.392
1166.899934,22.618,22.269
1166.999779,23.556,23.153
1167.099624,22.336,21.920
1167.199473,23.126,22.782
1167.299305,23.041,22.715
1167.399933,23.730,23.391
1167.499785,22.787,22.422
1167.599622,24.743,24.387
1167.699478,26.302,25.978
1167.799321,23.876,23.510
1167.899956,23.704,23.193
1167.999793,22.941,22.584
1168.099633,23.954,23.618
1168.199469,24.060,23.724
1168.299320,27.803,27.460
1168.399971,24.569,24.259
1168.499824,23.601,23.275
1168.599684,25.550,25.168
1168.699521,22.106,21.757
1168.799359,22.687,22.346
1168.899996,24.260,23.919
1168.999837,26.027,25.648
1169.099676,25.424,25.093
1169.199518,24.185,23.856
1169.299353,25.895,25.546
1169.399602,23.036,22.631
1169.499443,23.265,22.925
1169.599280,23.054,22.689
1169.699912,25.085,24.757
1169.799751,23.995,23.587
1169.899587,30.493,29.621
1169.999437,32.409,31.590
1170.099678,23.850,23.611
1170.199525,27.050,26.727
1170.299372,26.235,25.913
1170.399608,23.375,22.901
1170.499457,25.994,25.520
1170.599302,22.649,22.253
1170.699939,23.994,23.658
1170.799776,23.952,23.651
1170.899633,23.253,22.947
1170.999478,22.587,22.284
1171.099313,23.228,22.828
1171.199941,23.132,22.815
1171.299781,27.268,26.912
1171.399627,22.523,22.196
1171.499471,26.167,25.659
1171.599308,25.242,24.905
1171.699945,24.020,23.487
1171.799772,24.182,23.869
1171.899628,23.801,23.386
1171.999471,25.980,25.658
1172.099319,33.003,32.235
1172.199962,22.996,22.737
1172.299805,24.917,24.574
1172.399654,32.628,31.777
1172.499486,25.430,25.159
1172.599323,24.948,24.559
1172.699971,33.860,33.047
1172.799815,23.485,23.163
1172.899653,24.637,24.266
1172.999508,25.542,25.160
1173.099345,23.552,23.222
1173.199996,28.435,28.019
1173.299852,25.825,25.487
1173.399697,23.760,23.420
1173.499523,29.329,29.009
1173.599362,25.792,25.408
1173.699601,23.587,23.234
1173.799446,24.808,24.430
1173.899291,25.581,25.084
1173.999928,26.343,25.994
1174.099770,24.658,24.288
1174.199609,28.269,27.679
1174.299458,25.991,25.105
1174.399301,23.801,23.459
1174.499950,31.311,30.730
1174.599778,22.819,22.512
1174.699619,24.500,24.192
1174.799457,23.201,22.898
1174.899305,23.869,23.544
1174.999934,24.361,23.974
1175.099765,23.629,23.283
1175.199603,25.396,25.085
1175.299453,30.100,29.745
1175.399287,26.595,26.269
1175.499937,23.474,23.100
1175.599779,27.279,26.931
1175.699614,24.231,23.869
1175.799447,23.687,23.314
1175.899673,28.902,27.937
1175.999502,23.874,23.545
1176.099343,24.506,24.145
1176.199990,23.688,23.298
1176.299805,24.203,23.874
1176.399646,24.713,24.353
1176.499477,23.266,22.916
1176.599322,38.793,38.468
1176.699965,25.055,24.710
1176.799809,25.505,25.154
1176.899630,24.556,24.238
1176.999472,25.713,25.346
1177.099302,25.492,25.152
1177.199951,25.853,25.510
1177.299799,24.869,24.426
1177.399648,26.368,25.955
1177.499494,24.352,24.050
1177.599337,24.188,23.850
1177.699976,24.523,23.935
1177.799804,25.705,25.294
1177.899641,23.464,23.145
1177.999483,23.456,23.110
1178.099326,22.987,22.687
1178.199964,22.792,22.434
1178.299800,23.363,23.061
1178.399639,23.168,22.847
1178.499472,29.894,29.572
1178.599321,30.408,30.059
1178.699976,30.992,30.672
1178.799816,26.467,26.127
1178.899650,23.140,22.812
1178.999488,25.578,25.193
1179.099333,24.006,23.602
1179.199963,30.221,29.386
1179.299813,25.435,25.189
1179.399647,24.321,23.895
1179.499488,39.808,38.782
1179.599330,21.964,21.714
1179.699976,23.944,23.374
1179.799823,23.668,23.313
1179.899661,23.528,23.123
1179.999498,26.923,26.491
1180.099327,24.677,24.198
1180.199970,24.624,24.272
1180.299813,27.393,27.050
1180.399651,28.936,28.473
1180.499498,24.381,23.991
1180.599337,24.513,24.184
1180.699983,25.092,24.740
1180.799840,26.116,25.780
1180.899670,44.670,43.665
1180.999516,23.006,22.598
1181.099363,24.098,23.737
1181.199613,32.599,31.888
1181.299456,24.306,23.914
1181.399289,24.001,23.685
1181.499919,32.090,30.900
1181.599747,23.969,23.718
1181.699575,26.438,26.098
1181.799410,33.102,32.052
1181.899648,23.504,23.245
1181.999488,24.955,24.650
1182.099330,25.378,25.001
1182.199977,34.982,34.535
1182.299819,24.231,23.802
1182.399667,25.155,24.827
1182.499511,24.761,24.435
1182.599333,29.841,29.126
1182.699965,36.586,36.337
1182.799822,22.649,22.365
1182.899652,31.383,30.444
1182.999493,24.114,23.871
1183.099343,23.593,23.136
1183.199983,25.678,25.260
1183.299823,25.944,25.606
1183.399661,25.838,25.466
1183.499507,23.621,22.787
1183.599347,22.562,22.224
1183.699965,24.491,24.008
1183.799792,24.856,24.479
1183.899626,23.929,23.604
1183.999460,22.964,22.652
1184.099303,24.436,24.111
1184.199929,23.308,22.814
1184.299761,24.460,24.080
1184.399620,23.458,23.103
1184.499460,23.649,23.331
1184.599303,23.592,23.226
1184.699942,23.684,23.373
1184.799770,23.608,23.170
1184.899618,22.843,22.506
1184.999463,23.662,23.399
1185.099310,33.946,33.562
1185.199947,25.271,24.973
1185.299774,33.565,32.759
1185.399615,27.693,27.448
1185.499458,24.650,24.371
1185.599288,24.938,24.591
1185.699924,25.431,25.019
1185.799754,25.442,25.163
1185.899592,34.560,33.852
1185.999423,22.989,22.758
1186.099655,23.261,22.961
1186.199505,30.180,28.968
1186.299343,23.458,23.213
1186.399603,23.486,23.180
1186.499446,30.864,29.754
1186.599304,23.471,23.187
1186.699925,24.738,24.368
1186.799761,38.513,34.831
1186.899602,22.020,21.783
1186.999443,23.524,23.249
1187.099297,32.600,30.893
1187.199937,24.247,24.008
1187.299768,25.890,25.517
1187.399621,23.560,23.096
1187.499465,30.420,30.079
1187.599306,24.262,23.960
1187.699963,23.511,23.155
1187.799791,29.477,29.192
1187.899643,30.995,30.686
1187.999486,23.470,23.121
1188.099334,24.607,23.692
1188.199981,24.470,24.146
1188.299814,27.257,26.831
1188.399652,25.936,25.563
1188.499490,26.646,26.340
1188.599345,30.075,29.778
1188.699978,33.070,32.426
1188.799810,22.349,22.100
1188.899663,25.625,25.030
1188.999507,23.737,23.475
1189.099358,23.713,23.332
1189.199602,25.592,25.187
1189.299438,35.910,35.518
1189.399284,22.915,22.581
1189.499922,23.414,23.114
1189.599780,22.459,22.160
1189.699621,24.842,24.473
1189.799461,22.831,22.530
1189.899289,23.100,22.751
1189.999921,28.549,27.725
1190.099766,34.656,34.237
1190.199603,24.402,24.064
1190.299452,23.025,22.684
1190.399291,22.379,22.020
1190.499931,24.948,24.602
1190.599765,25.741,25.400
1190.699614,22.776,22.463
1190.799447,23.137,22.830
1190.899281,29.879,29.527
1190.999925,27.467,27.037
1191.099759,23.561,23.231
1191.199593,25.815,25.462
1191.299426,25.016,24.678
1191.399660,25.099,24.669
1191.499501,24.624,24.295
1191.599346,24.286,23.835
1191.699998,30.910,30.545
1191.799831,26.775,26.435
1191.899670,24.525,24.194
1191.999500,22.555,22.176
1192.099347,23.973,23.601
1192.199977,25.237,24.705
1192.299804,24.793,24.360
1192.399654,22.968,22.664
1192.499508,24.962,24.653
1192.599361,27.313,26.894
1192.699605,22.960,22.458
1192.799437,22.703,22.396
1192.899672,23.059,22.730
1192.999530,23.104,22.717
1193.099378,24.402,23.935
1193.199605,23.126,22.728
1193.299440,23.232,22.881
1193.399280,22.885,22.558
1193.499902,23.998,23.638
1193.599744,23.934,23.611
1193.699572,22.784,22.390
1193.799416,23.142,22.821
1193.899659,22.409,22.096
1193.999503,25.834,25.315
1194.099336,22.628,22.310
1194.199965,26.002,25.603
1194.299798,23.501,23.183
1194.399629,26.056,25.694
1194.499458,26.215,25.891
1194.599304,23.120,22.797
1194.699949,26.320,26.021
1194.799802,26.670,26.224
1194.899649,22.690,22.158
1194.999491,22.724,22.397
1195.099326,24.253,23.923
1195.199973,24.017,23.690
1195.299809,25.954,25.633
1195.399651,23.051,22.690
1195.499487,22.801,22.493
1195.599333,24.289,23.916
1195.699972,22.644,22.171
1195.799814,24.976,24.635
1195.899655,23.009,22.759
1195.999499,23.890,23.533
1196.099341,28.402,28.101
1196.199982,27.121,26.772
1196.299823,25.231,24.894
1196.399660,23.557,23.235
1196.499497,22.966,22.660
1196.599329,23.179,22.908
1196.699959,24.105,23.814
1196.799796,25.041,24.768
1196.899643,25.272,24.949
1196.999497,23.516,22.935
1197.099338,24.419,23.963
1197.199969,32.403,32.030
1197.299813,24.456,24.127
1197.399667,23.585,23.287
1197.499500,24.724,24.437
1197.599344,24.056,23.769
1197.699998,24.543,24.218
1197.799848,22.986,22.626
1197.899693,28.000,27.614
1197.999552,31.209,30.349
1198.099392,22.609,22.382
1198.199633,23.390,22.997
1198.299470,34.825,33.855
1198.399315,21.756,21.440
1198.499949,22.638,22.323
1198.599788,32.535,31.572
1198.699632,21.833,21.570
1198.799480,23.937,23.618
1198.899322,22.593,22.211
1198.999965,23.171,22.800
1199.099821,23.239,22.727
1199.199678,23.592,23.265
1199.299508,23.667,23.383
1199.399355,30.603,29.809
1199.499601,21.188,20.842
1199.599452,22.799,22.501
1199.699296,35.391,34.162
1199.799931,22.700,22.270
1199.899759,22.913,22.644
1199.999601,31.743,31.225
1200.099437,22.600,22.340
1200.199282,24.237,23.861
1200.299929,35.157,33.902
1200.399770,22.801,22.571
1200.499613,22.655,22.316
1200.599455,23.722,23.255
1200.699288,26.994,25.731
1200.799927,23.150,22.741
1200.899782,23.575,23.282
1200.999602,25.729,25.415
1201.099432,28.982,28.645
1201.199674,22.320,21.936
1201.299520,22.392,22.056
1201.399353,24.213,23.872
1201.499996,24.687,24.270
1201.599825,24.169,23.816
1201.699669,22.797,22.362
1201.799512,26.146,25.820
1201.899343,24.395,24.045
1201.999973,24.199,23.762
1202.099804,25.849,25.555
1202.199624,25.172,24.769
1202.299469,24.257,23.928
1202.399298,24.021,23.619
1202.499936,26.147,25.764
1202.599773,24.236,23.901
1202.699601,24.129,23.789
1202.799450,23.207,22.766
1202.899285,32.116,31.798
1202.999923,23.899,23.490
1203.099758,36.950,36.657
1203.199599,27.655,27.327
1203.299447,22.815,22.466
1203.399298,27.927,27.417
1203.499919,25.113,24.838
1203.599756,25.866,25.627
1203.699602,26.992,26.680
1203.799446,24.187,23.732
1203.899293,24.487,24.220
1203.999927,23.783,23.473
1204.099771,24.609,24.288
1204.199603,27.318,26.962
1204.299446,24.567,24.180
1204.399301,31.421,30.909
1204.499941,25.272,24.943
1204.599773,24.182,23.858
1204.699610,25.806,25.396
1204.799454,24.771,24.373
1204.899676,24.585,24.168
1204.999523,25.450,25.077
1205.099361,22.992,22.479
1205.199604,24.165,23.795
1205.299441,23.668,23.352
1205.399679,29.131,28.785
1205.499511,23.823,23.541
1205.599348,23.552,23.222
1205.699983,22.787,22.454
1205.799828,23.471,23.134
1205.899670,22.890,22.521
1205.999505,23.350,23.097
1206.099338,21.976,21.705
1206.199975,23.329,22.875
1206.299812,39.306,39.021
1206.399636,23.783,23.495
1206.499469,27.507,27.176
1206.599317,29.526,29.210
1206.699948,26.905,26.470
1206.799794,31.345,31.037
1206.899644,23.390,22.689
1206.999480,23.354,23.045
1207.099326,27.477,27.187
1207.199960,55.469,55.101
1207.299812,29.441,29.089
1207.399653,24.309,23.999
1207.499496,26.778,26.436
1207.599337,24.148,23.835
1207.699977,25.949,25.503
1207.799818,23.617,23.289
1207.899650,25.275,24.696
1207.999480,23.738,23.438
1208.099322,24.622,24.255
1208.199955,23.877,23.536
1208.299798,24.748,24.399
1208.399624,25.913,25.382
1208.499469,24.836,24.469
1208.599304,28.628,28.307
1208.699934,23.618,23.289
1208.799778,25.913,25.505
1208.899611,24.204,23.798
1208.999447,25.203,24.776
1209.099292,27.507,27.140
1209.199942,26.297,25.997
1209.299786,25.178,24.864
1209.399616,26.837,26.471
1209.499460,23.871,23.541
1209.599287,23.926,23.559
1209.699918,24.679,24.265
1209.799758,24.062,23.751
1209.899600,31.397,31.028
1209.999435,31.989,31.576
1210.099659,29.551,29.211
1210.199492,27.089,26.812
1210.299345,23.672,23.333
1210.399975,33.095,32.818
1210.499813,35.905,35.570
1210.599655,23.477,23.164
1210.699503,24.236,23.758
1210.799335,27.298,26.911
1210.899981,24.469,24.152
1210.999809,24.767,24.435
1211.099656,24.448,23.983
1211.199491,23.570,23.076
1211.299316,25.543,25.159
1211.399957,30.921,30.345
1211.499805,30.581,30.173
1211.599645,24.424,24.114
1211.699481,23.727,23.400
1211.799315,24.603,24.323
1211.899947,30.818,30.518
1211.999796,24.518,24.167
1212.099640,23.034,22.725
1212.199473,27.229,26.748
1212.299309,24.403,23.988
1212.399956,27.827,27.469
1212.499794,25.440,25.134
1212.599638,23.644,23.186
1212.699481,22.943,22.683
1212.799330,23.756,23.428
1212.899972,23.269,22.973
1212.999817,25.392,24.657
1213.099646,30.143,29.824
1213.199498,22.258,22.020
1213.299354,28.248,27.275
1213.399995,32.116,31.475
1213.499845,22.693,22.438
1213.599666,29.751,28.586
1213.699513,39.919,39.577
1213.799354,22.196,21.941
1213.899983,24.563,24.111
1213.999833,27.341,26.936
1214.099667,30.149,29.516
1214.199516,24.080,23.775
1214.299358,29.069,28.255
1214.399986,22.168,21.917
1214.499826,25.048,24.733
1214.599667,36.911,32.311
1214.699492,23.778,23.562
1214.799330,26.961,26.618
1214.899960,30.240,29.326
1214.999794,23.926,23.687
1215.099636,23.942,23.431
1215.199478,24.955,24.619
1215.299329,25.319,24.953
1215.399970,25.223,24.775
1215.499805,24.633,24.245
1215.599643,24.483,24.145
1215.699493,24.249,23.905
1215.799346,24.117,23.672
1215.899986,24.817,24.382
1215.999821,27.952,27.632
1216.099664,28.527,28.156
1216.199504,25.021,24.693
1216.299363,24.718,24.314
1216.399616,23.750,23.448
1216.499457,24.154,23.829
1216.599300,32.867,32.546
1216.699924,26.691,26.339
1216.799756,23.916,23.618
1216.899606,24.936,24.643
1216.999446,24.325,23.839
1217.099284,24.157,23.885
1217.199928,23.083,22.799
1217.299766,25.545,25.236
1217.399599,24.135,23.516
1217.499434,28.996,28.618
1217.599673,23.844,23.548
1217.699533,26.885,26.608
1217.799367,25.160,24.882
1217.899616,23.621,23.360
1217.999454,25.095,24.719
1218.099296,24.708,24.395
1218.199937,24.579,24.289
1218.299772,26.723,26.312
1218.399616,23.648,23.346
1218.499448,30.552,30.217
1218.599287,25.529,25.193
1218.699933,23.601,23.281
1218.799770,22.750,22.463
1218.899607,23.276,22.941
1218.999458,25.528,25.232
1219.099291,23.551,23.186
1219.199930,23.031,22.705
1219.299765,26.967,26.662
1219.399590,23.603,23.301
1219.499430,23.943,23.560
1219.599673,22.989,22.668
1219.699516,24.412,24.148
1219.799344,23.730,23.306
1219.899984,25.603,25.146
1219.999825,22.686,22.349
1220.099671,23.439,23.147
1220.199508,26.289,25.785
1220.299346,24.984,24.519
1220.399986,24.294,23.959
1220.499833,24.744,24.362
1220.599662,25.262,24.933
1220.699491,24.045,23.724
1220.799335,28.857,28.283
1220.899960,25.690,25.357
1220.999801,24.730,24.442
1221.099659,23.962,23.706
1221.199502,22.742,22.447
1221.299349,23.011,22.752
1221.399997,28.122,27.445
1221.499834,22.541,22.293
1221.599689,32.041,31.359
1221.699524,29.493,28.376
1221.799375,24.006,23.772
1221.899607,24.203,23.886
1221.999447,34.385,32.391
1222.099294,22.520,22.207
1222.199942,24.002,23.701
1222.299770,24.678,24.350
1222.399604,25.487,24.949
1222.499443,28.261,27.918
1222.599294,25.347,25.016
1222.699939,22.866,22.512
1222.799783,26.697,26.344
1222.899622,22.840,22.586
1222.999471,25.126,24.646
1223.099322,24.210,22.883
1223.199953,24.168,23.870
1223.299796,23.587,23.184
1223.399630,23.690,23.316
1223.499461,26.752,26.434
1223.599293,28.620,28.310
1223.699930,23.166,22.762
1223.799778,23.828,23.512
1223.899612,35.557,34.518
1223.999445,24.819,24.400
1224.099285,24.444,23.831
1224.199927,51.784,51.057
1224.299777,32.997,32.403
1224.399612,24.312,24.008
1224.499444,30.321,29.475
1224.599673,23.235,23.006
1224.699499,23.513,23.207
1224.799343,33.016,31.665
1224.899993,22.066,21.826
1224.999838,23.354,22.936
1225.099682,24.152,23.856
1225.199506,25.163,24.806
1225.299344,23.730,23.387
1225.399973,25.238,24.746
1225.499811,23.942,23.611
1225.599666,24.635,24.295
1225.699513,25.628,25.317
1225.799355,23.299,22.993
1225.899995,25.324,24.914
1225.999843,26.494,26.163
1226.099680,27.094,26.721
1226.199530,22.831,22.518
1226.299381,24.962,24.485
1226.399636,24.505,24.192
1226.499472,24.716,24.241
1226.599310,24.820,24.544
1226.699943,24.277,23.984
1226.799783,24.916,24.636
1226.899603,24.358,24.046
1226.999436,25.445,25.046
1227.099666,24.102,23.694
1227.199519,24.435,24.174
1227.299361,25.985,25.729
1227.399993,32.843,32.546
1227.499835,23.689,23.307
1227.599677,31.072,30.771
1227.699512,25.869,25.438
1227.799357,26.425,26.026
1227.899998,24.336,24.023
1227.999856,24.564,24.229
1228.099701,24.484,24.103
1228.199520,23.328,22.984
1228.299371,31.727,31.393
1228.399610,23.804,23.372
1228.499454,24.156,23.771
1228.599300,34.700,33.949
1228.699934,23.019,22.722
1228.799773,24.780,24.471
1228.899620,28.465,28.060
1228.999446,22.822,22.500
1229.099294,25.913,25.384
1229.199933,23.772,23.458
1229.299784,24.475,24.015
1229.399629,24.128,23.241
1229.499459,26.437,26.108
1229.599297,23.867,23.592
1229.699943,24.321,23.998
1229.799778,24.421,24.112
1229.899624,27.829,27.042
1229.999483,31.139,30.869
1230.099323,23.705,23.433
1230.199968,30.430,29.426
1230.299818,23.206,22.983
1230.399642,34.334,33.141
1230.499487,34.681,33.602
1230.599319,23.031,22.806
1230.699964,34.987,34.692
1230.799804,27.062,26.679
1230.899648,26.029,25.551
1230.999489,24.147,23.829
1231.099327,22.396,22.076
1231.199960,24.331,24.005
1231.299798,31.136,30.517
1231.399648,24.028,23.701
1231.499493,37.907,37.503
1231.599329,30.928,30.163
1231.699952,22.736,22.495
1231.799785,23.557,23.249
1231.899623,23.508,23.148
1231.999459,24.487,24.154
1232.099285,24.377,24.019
1232.199939,24.393,23.670
1232.299790,23.436,22.936
1232.399632,22.640,22.319
1232.499471,25.007,24.669
1232.599298,24.456,24.106
1232.699936,30.136,29.751
1232.799781,26.043,25.724
1232.899610,25.351,25.023
1232.999460,25.758,25.397
1233.099319,28.055,27.601
1233.199952,23.939,23.542
1233.299797,40.429,40.147
1233.399638,23.500,23.193
1233.499470,24.978,24.713
1233.599318,23.331,22.967
1233.699957,23.315,22.869
1233.799790,24.534,24.184
1233.899641,27.244,26.853
1233.999485,25.995,25.599
1234.099310,23.184,22.856
1234.199964,23.184,22.825
1234.299814,24.092,23.755
1234.399653,25.882,25.493
1234.499490,30.487,30.042
1234.599338,25.195,24.898
1234.699974,24.114,23.816
1234.799823,24.849,24.515
1234.899658,28.677,28.224
1234.999506,25.650,25.314
1235.099336,29.937,29.620
1235.199966,26.716,26.214
1235.299818,28.460,28.195
1235.399676,33.974,33.315
1235.499520,34.868,33.977
1235.599368,23.805,23.445
1235.699622,23.775,23.514
1235.799459,30.886,30.153
1235.899293,32.024,31.601
1235.999934,26.018,25.697
1236.099784,32.542,31.837
1236.199632,23.125,22.867
1236.299472,24.047,23.630
1236.399300,34.051,33.141
1236.499949,22.454,22.206
1236.599804,23.491,23.189
1236.699631,30.160,29.248
1236.799479,23.172,22.919
1236.899303,23.184,22.881
1236.999953,36.373,35.608
1237.099803,24.278,24.000
1237.199648,23.704,23.393
1237.299470,32.435,31.723
1237.399316,23.071,22.836
1237.499951,23.897,23.513
1237.599797,30.426,29.613
1237.699645,24.945,24.615
1237.799481,23.532,23.244
1237.899316,27.989,27.645
1237.999963,24.121,23.760
1238.099811,29.735,29.112
1238.199651,24.576,24.306
1238.299496,24.124,23.769
1238.399354,23.563,23.261
1238.499995,23.374,23.061
1238.599833,23.414,23.091
1238.699680,26.504,26.190
1238.799536,27.796,27.479
1238.899391,26.191,25.847
1238.999624,24.141,23.836
1239.099471,27.049,26.654
1239.199312,24.072,23.671
1239.299949,26.095,25.615
1239.399780,27.222,26.901
1239.499623,26.174,25.679
1239.599470,24.074,23.754
1239.699326,26.482,26.154
1239.799963,24.670,24.280
1239.899795,24.519,24.180
1239.999640,26.631,26.296
1240.099482,23.417,23.086
1240.199319,26.217,25.726
1240.299965,36.470,36.144
1240.399803,26.231,25.916
1240.499665,27.441,27.016
1240.599500,25.069,24.761
1240.699337,28.536,28.126
1240.799965,31.605,31.196
1240.899810,36.487,35.258
1240.999644,25.771,25.510
1241.099488,23.827,23.547
1241.199321,29.518,28.723
1241.299961,22.337,22.032
1241.399812,23.570,23.056
1241.499645,33.727,33.097
1241.599492,23.184,22.967
1241.699330,24.188,23.841
1241.799965,23.326,23.011
1241.899799,23.165,22.888
1241.999647,24.414,24.105
1242.099480,28.515,28.216
1242.199320,23.235,22.950
1242.299962,23.228,22.905
1242.399792,32.502,31.794
1242.499636,33.755,33.477
1242.599488,23.687,23.370
1242.699321,31.618,30.745
1242.799961,28.362,28.044
1242.899810,22.983,22.734
1242.999654,29.864,28.942
1243.099489,34.319,33.322
1243.199341,23.832,23.582
1243.299978,25.350,24.976
1243.399808,32.828,32.089
1243.499666,23.506,23.247
1243.599506,24.399,24.092
1243.699339,31.618,30.375
1243.799980,27.052,26.791
1243.899821,24.094,23.151
1243.999653,24.784,24.532
1244.099491,22.662,22.407
1244.199331,26.835,26.573
1244.299966,23.988,23.667
1244.399805,23.788,23.485
1244.499659,26.111,25.831
1244.599498,32.292,31.892
1244.699339,23.891,23.566
1244.799975,23.247,22.895
1244.899823,26.585,26.103
1244.999662,23.207,22.919
1245.099499,23.826,23.577
1245.199327,33.280,32.405
1245.299980,24.563,24.284
1245.399818,22.874,22.617
1245.499674,30.809,29.651
1245.599514,26.650,26.350
1245.699356,24.040,23.632
1245.799991,30.892,30.149
1245.899816,22.717,22.381
1245.999658,24.616,24.308
1246.099502,23.250,22.915
1246.199348,23.557,23.247
1246.299604,23.080,22.771
1246.399433,31.013,30.362
1246.499671,24.849,24.550
1246.599505,30.850,30.543
1246.699346,23.765,23.442
1246.799965,24.492,24.047
1246.899818,25.237,24.753
1246.999654,38.175,37.894
1247.099512,26.225,25.907
1247.199352,24.112,23.775
1247.299999,33.767,33.258
1247.399827,23.923,23.632
1247.499666,27.780,27.456
1247.599514,28.002,27.471
1247.699359,26.496,26.159
1247.799992,29.049,28.404
1247.899833,22.326,22.115
1247.999674,23.186,22.845
1248.099511,37.591,35.680
1248.199348,26.142,25.890
1248.299983,25.634,25.285
1248.399824,27.383,27.093
1248.499661,28.919,28.592
1248.599499,26.073,25.684
1248.699343,23.779,23.340
1248.799982,24.450,24.159
1248.899834,24.109,23.788
1248.999654,23.589,23.257
1249.099500,25.351,25.015
1249.199347,24.147,23.839
1249.299982,29.139,28.683
1249.399826,25.025,24.743
1249.499666,24.588,24.269
1249.599486,26.302,25.979
1249.699326,25.371,25.032
1249.799964,24.096,23.793
1249.899806,28.179,27.848
1249.999649,27.995,27.685
1250.099494,23.512,23.129
1250.199315,24.170,23.803
1250.299962,22.755,22.396
1250.399810,25.029,24.710
1250.499648,34.726,33.729
1250.599503,22.272,22.003
1250.699351,25.305,25.022
1250.799607,39.775,38.222
1250.899433,24.754,24.365
1250.999668,31.696,31.409
1251.099494,27.027,26.606
1251.199329,27.781,26.894
1251.299967,26.505,26.189
1251.399807,25.846,25.356
1251.499651,24.971,24.598
1251.599497,27.883,27.521
1251.699341,26.143,25.815
1251.799965,26.262,25.939
1251.899788,25.335,25.022
1251.999624,42.337,42.000
1252.099454,24.685,24.276
1252.199295,25.274,24.953
1252.299930,25.737,25.391
1252.399777,27.676,27.242
1252.499624,25.775,25.476
1252.599458,24.238,23.938
1252.699675,23.206,22.933
1252.799519,25.713,25.428
1252.899350,27.644,27.303
1252.999985,23.854,23.548
1253.099822,27.519,27.164
1253.199658,26.334,25.940
1253.299497,28.242,27.932
1253.399328,28.018,27.711
1253.499973,24.659,24.335
1253.599810,26.014,25.688
1253.699642,26.165,25.761
1253.799476,23.791,23.480
1253.899301,28.423,28.065
1253.999940,23.767,23.433
1254.099771,24.101,23.628
1254.199616,25.276,24.957
1254.299459,33.723,33.088
1254.399304,26.058,25.748
1254.499950,25.673,25.348
1254.599784,29.761,28.973
1254.699626,23.175,22.901
1254.799465,25.379,24.845
1254.899303,24.220,23.883
1254.999942,24.122,23.783
1255.099785,26.142,25.826
1255.199618,26.618,26.300
1255.299455,24.175,23.867
1255.399302,24.594,24.318
1255.499958,26.023,25.653
1255.599802,24.865,24.572
1255.699650,26.031,25.747
1255.799495,25.387,24.932
1255.899341,25.785,25.486
1255.999971,33.557,32.649
1256.099825,24.728,24.463
1256.199669,27.553,26.880
1256.299503,25.024,24.680
1256.399349,24.516,24.154
1256.499987,24.378,23.878
1256.599835,25.891,25.436
1256.699679,25.345,25.018
1256.799538,23.310,23.044
1256.899384,40.079,39.723
1256.999626,23.926,23.640
1257.099483,28.711,28.415
1257.199336,25.762,25.423
1257.299972,24.912,24.524
1257.399804,30.538,30.193
1257.499624,27.272,26.926
1257.599460,23.986,23.565
1257.699311,26.382,25.904
1257.799952,23.568,23.252
1257.899791,27.548,27.177
1257.999623,29.548,28.955
1258.099459,28.488,28.103
1258.199312,25.747,25.456
1258.299956,32.470,32.047
1258.399787,25.651,25.330
1258.499636,24.459,24.133
1258.599468,24.835,24.395
1258.699300,26.075,25.747
1258.799935,35.969,35.659
1258.899771,25.232,24.906
1258.999615,27.296,26.815
1259.099445,25.312,24.987
1259.199286,23.653,23.362
1259.299928,26.021,25.664
1259.399774,28.074,27.585
1259.499622,26.492,26.142
1259.599455,26.999,26.679
1259.699305,25.937,25.601
1259.799944,28.562,28.265
1259.899791,25.687,25.387
1259.999625,26.026,25.658
1260.099462,24.317,23.938
1260.199679,25.344,25.037
1260.299520,25.110,24.655
1260.399364,29.577,29.176
1260.499995,26.370,25.949
1260.599825,23.917,23.413
1260.699658,24.630,23.983
1260.799500,23.490,23.146
1260.899344,25.183,24.577
1260.999977,25.999,25.628
1261.099836,24.072,23.463
1261.199687,23.090,22.723
1261.299517,30.039,29.705
1261.399357,23.139,22.814
1261.499989,24.085,23.701
1261.599828,45.417,45.099
1261.699673,26.046,25.687
1261.799507,27.251,26.900
1261.899328,31.558,31.062
1261.999958,26.059,25.737
1262.099795,25.653,25.256
1262.199621,25.516,25.194
1262.299465,25.164,24.844
1262.399295,25.056,24.692
1262.499938,24.796,24.481
1262.599773,25.298,24.936
1262.699625,25.179,24.866
1262.799467,24.740,24.459
1262.899306,25.236,24.919
1262.999943,25.829,25.509
1263.099777,28.323,27.456
1263.199614,23.570,23.332
1263.299441,24.151,23.829
1263.399283,31.285,30.606
1263.499927,32.113,31.805
1263.599772,26.959,25.557
1263.699617,24.538,23.913
1263.799452,26.165,25.827
1263.899286,28.068,27.749
1263.999919,27.615,27.287
1264.099746,26.055,25.645
1264.199585,25.394,24.987
1264.299431,28.852,28.524
1264.399664,26.992,26.588
1264.499502,24.735,24.458
1264.599333,26.002,25.296
1264.699971,27.585,27.322
1264.799812,31.497,31.141
1264.899661,26.160,25.771
1264.999491,24.636,24.325
1265.099329,25.085,24.796
1265.199966,24.587,23.984
1265.299813,26.129,25.858
1265.399658,24.647,24.262
1265.499503,25.510,25.232
1265.599345,26.755,26.282
1265.699603,30.316,29.994
1265.799463,25.837,25.291
1265.899300,23.153,22.822
1265.999937,23.617,23.309
1266.099793,24.240,23.898
1266.199631,23.467,23.150
1266.299476,25.058,24.708
1266.399320,23.825,23.508
1266.499958,24.466,24.004
1266.599800,25.829,25.002
1266.699643,24.205,23.849
1266.799488,24.623,24.269
1266.899310,25.909,25.519
1266.999930,24.523,24.016
1267.099771,24.153,23.860
1267.199615,24.668,24.306
1267.299459,24.024,23.714
1267.399285,27.562,27.208
1267.499925,24.325,24.017
1267.599773,26.236,25.875
1267.699608,23.919,23.601
1267.799453,29.278,28.864
1267.899297,27.164,26.818
1267.999936,25.891,25.429
1268.099767,24.194,23.879
1268.199600,24.453,24.010
1268.299442,25.046,24.724
1268.399285,25.343,25.036
1268.499920,25.755,25.433
1268.599758,28.931,28.575
1268.699611,26.739,26.380
1268.799454,33.873,33.138
1268.899281,44.244,43.950
1268.999928,23.544,23.239
1269.099755,30.163,29.361
1269.199596,23.039,22.751
1269.299428,22.909,22.640
1269.399671,24.679,24.249
1269.499516,24.458,24.193
1269.599361,24.072,23.747
1269.699601,25.515,24.706
1269.799450,25.895,25.589
1269.899294,28.536,28.208
1269.999920,26.053,25.739
1270.099762,28.567,28.191
1270.199597,26.699,26.343
1270.299439,24.411,24.048
1270.399281,24.216,23.773
1270.499934,24.425,24.042
1270.599778,25.793,25.390
1270.699615,23.571,23.226
1270.799451,25.979,25.629
1270.899303,25.910,25.528
1270.999948,27.136,26.786
1271.099782,24.549,24.135
1271.199618,23.844,23.489
1271.299476,24.915,24.579
1271.399324,24.423,24.170
1271.499946,23.967,23.622
1271.599790,24.377,24.061
1271.699639,23.940,23.626
1271.799480,28.389,28.023
1271.899321,28.577,28.037
1271.999955,26.632,26.128
1272.099807,25.049,24.515
1272.199654,24.113,23.741
1272.299518,33.910,33.582
1272.399367,25.031,24.278
1272.499998,23.681,23.312
1272.599850,24.074,23.752
1272.699698,25.645,25.143
1272.799531,24.422,24.071
1272.899373,34.808,34.058
1272.999623,25.760,25.514
1273.099476,24.250,23.937
1273.199319,24.159,23.877
1273.299964,23.466,23.128
1273.399802,25.546,25.227
1273.499635,23.399,23.133
1273.599473,22.968,22.704
1273.699312,28.397,27.995
1273.799952,24.721,24.388
1273.899795,24.078,23.719
1273.999643,24.091,23.780
1274.099492,27.478,27.193
1274.199328,24.103,23.744
1274.299960,34.826,34.503
1274.399807,25.259,24.921
1274.499646,25.846,25.278
1274.599481,28.919,28.554
1274.699317,26.776,26.426
1274.799963,26.858,26.580
1274.899798,23.961,23.688
1274.999640,24.270,24.015
1275.099475,27.870,27.594
1275.199311,25.209,24.810
1275.299949,25.022,24.698
1275.399779,27.811,27.484
1275.499629,26.008,25.643
1275.599472,33.295,32.209
1275.699326,28.119,27.885
1275.799966,25.464,25.138
1275.899804,31.404,30.916
1275.999636,33.579,32.712
1276.099477,26.081,25.663
1276.199330,23.569,23.258
1276.299971,36.635,34.902
1276.399801,22.656,22.385
1276.499653,24.544,24.219
1276.599501,26.250,25.948
1276.699338,23.680,23.345
1276.799974,26.641,26.174
1276.899812,24.107,23.764
1276.999643,23.656,23.309
1277.099484,25.081,24.596
1277.199326,28.515,27.864
1277.299959,27.608,27.325
1277.399793,29.860,29.504
1277.499645,23.226,22.871
1277.599480,23.670,23.355
1277.699318,26.581,26.254
1277.799958,37.114,36.735
1277.899784,27.372,26.831
1277.999628,24.463,24.121
1278.099474,27.986,27.645
1278.199302,25.957,25.620
1278.299929,25.260,24.947
1278.399788,24.953,24.633
1278.499616,25.267,24.788
1278.599455,34.170,33.468
1278.699288,23.378,23.142
1278.799923,24.653,24.285
1278.899773,30.993,30.359
1278.999614,23.280,23.041
1279.099458,25.958,25.613
1279.199299,35.095,33.657
1279.299928,24.907,24.636
1279.399756,24.758,24.404
1279.499603,31.743,31.329
1279.599449,26.863,26.529
1279.699292,25.274,24.801
1279.799928,24.503,24.214
1279.899777,25.056,24.735
1279.999618,25.314,25.010
1280.099468,24.550,24.227
1280.199310,24.408,23.960
1280.299938,23.608,23.286
1280.399773,26.325,26.050
1280.499610,27.471,26.660
1280.599449,23.677,23.425
1280.699669,23.980,23.643
1280.799495,39.268,38.478
1280.899328,24.005,23.592
1280.999972,33.402,33.102
1281.099816,24.586,24.273
1281.199654,25.465,25.074
1281.299490,29.063,28.594
1281.399333,24.427,24.096
1281.499972,32.569,31.712
1281.599818,24.068,23.809
1281.699653,25.864,25.562
1281.799506,26.489,26.175
1281.899346,24.687,24.323
1281.999988,27.130,26.720
1282.099834,28.702,27.887
1282.199678,25.799,25.244
1282.299501,26.499,26.103
1282.399335,24.354,24.056
1282.499981,25.228,24.880
1282.599817,24.011,23.646
1282.699664,26.986,26.682
1282.799511,25.339,25.027
1282.899347,23.885,23.559
1282.999983,24.475,24.150
1283.099819,24.377,23.726
1283.199651,24.885,24.581
1283.299497,24.412,24.088
1283.399348,29.812,29.479
1283.500000,25.766,25.475
1283.599827,29.990,29.176
1283.699672,24.015,23.665
1283.799519,25.625,25.212
1283.899357,28.250,27.941
1283.999994,25.039,24.697
1284.099844,25.700,25.344
1284.199690,31.665,31.311
1284.299539,24.703,24.386
1284.399374,34.731,33.935
1284.499615,22.979,22.730
1284.599455,23.896,23.524
1284.699286,33.553,32.487
1284.799935,26.035,25.781
1284.899772,23.802,23.472
1284.999615,24.132,23.790
1285.099460,26.782,26.472
1285.199308,25.846,25.550
1285.299960,26.132,25.782
1285.399800,24.844,24.483
1285.499626,24.806,24.474
1285.599469,25.342,24.974
1285.699304,26.247,25.839
1285.799953,25.372,25.049
1285.899782,24.325,23.879
1285.999640,30.179,29.774
1286.099478,24.850,24.525
1286.199317,29.669,29.226
1286.299953,23.941,23.605
1286.399789,28.197,27.827
1286.499623,23.615,23.352
1286.599478,24.276,23.873
1286.699312,32.404,31.746
1286.799958,26.573,26.217
1286.899803,23.592,23.253
1286.999627,24.513,24.142
1287.099467,24.531,24.154
1287.199313,24.966,24.594
1287.299956,26.464,26.112
1287.399795,25.015,24.669
1287.499627,59.459,58.856
1287.599474,23.758,23.508
1287.699301,24.674,24.353
1287.799946,34.305,33.353
1287.899787,24.271,23.674
1287.999631,26.111,25.262
1288.099489,34.949,34.164
1288.199320,31.243,30.969
1288.299967,25.372,24.648
1288.399805,34.171,33.390
1288.499657,24.992,24.580
1288.599497,24.165,23.847
1288.699347,23.602,23.296
1288.799979,25.723,25.298
1288.899819,32.880,31.892
1288.999665,22.418,22.191
1289.099499,25.235,24.883
1289.199330,34.285,33.475
1289.299976,24.039,23.666
1289.399820,25.320,24.845
1289.499658,31.985,31.198
1289.599501,25.101,24.779
1289.699348,29.396,29.052
1289.799604,33.035,31.931
1289.899437,24.346,24.107
1289.999662,26.311,25.974
1290.099485,31.108,30.145
1290.199316,22.541,22.305
1290.299964,24.725,24.460
1290.399803,24.439,23.989
1290.499635,24.445,23.932
1290.599463,28.946,28.590
1290.699306,27.269,26.995
1290.799942,24.493,24.046
1290.899785,24.070,23.748
1290.999628,29.433,28.620
1291.099474,24.266,23.945
1291.199324,25.288,24.911
1291.299971,39.396,38.225
1291.399800,24.175,23.920
1291.499644,27.568,26.643
1291.599488,28.429,28.077
1291.699314,23.359,23.119
1291.799951,30.432,29.415
1291.899788,29.306,28.910
1291.999639,25.837,25.531
1292.099481,28.433,28.066
1292.199316,25.678,25.285
1292.299967,25.024,24.690
1292.399816,28.520,28.188
1292.499655,26.423,26.025
1292.599496,25.554,25.197
1292.699333,24.581,24.214
1292.799967,27.764,27.386
1292.899808,28.711,28.419
1292.999655,24.981,24.511
1293.099497,23.484,22.586
1293.199345,26.006,25.696
1293.299985,27.010,26.736
1293.399822,26.392,25.913
1293.499660,27.693,27.361
1293.599498,31.462,30.667
1293.699319,26.072,25.791
1293.799948,25.617,25.355
1293.899794,25.498,25.155
1293.999636,25.289,24.985
1294.099472,24.990,24.700
1294.199305,24.919,24.551
1294.299936,24.884,24.571
1294.399775,24.551,24.185
1294.499611,23.577,23.284
1294.599435,24.483,24.143
1294.699671,22.825,22.526
1294.799510,25.237,24.929
1294.899364,23.339,23.003
1294.999603,26.504,25.995
1295.099445,31.772,30.994
1295.199286,23.903,23.676
1295.299927,25.225,24.892
1295.399767,32.260,31.327
1295.499595,22.503,22.204
1295.599430,23.351,23.033
1295.699660,24.072,23.731
1295.799499,27.565,27.047
1295.899345,26.882,26.501
1295.999982,24.111,23.429
1296.099830,30.159,29.857
1296.199676,25.800,25.494
1296.299515,25.335,25.065
1296.399365,24.171,23.733
1296.499989,24.018,23.685
1296.599835,24.062,23.700
1296.699679,24.138,23.782
1296.799507,24.441,24.143
1296.899333,30.930,30.536
1296.999966,27.004,26.568
1297.099812,24.583,24.256
1297.199643,25.589,25.239
1297.299478,25.735,25.422
1297.399332,25.043,24.701
1297.499962,35.818,35.416
1297.599790,26.133,25.536
1297.699611,29.812,29.435
1297.799456,25.481,25.067
1297.899302,24.075,23.740
1297.999940,25.840,25.489
1298.099778,25.255,24.917
1298.199606,24.466,24.120
1298.299439,23.506,23.234
1298.399288,23.724,23.306
1298.499922,24.166,23.836
1298.599768,27.714,27.299
1298.699614,25.763,25.389
1298.799451,27.362,27.042
1298.899293,23.163,22.822
1298.999926,31.511,31.104
1299.099777,25.384,24.983
1299.199616,25.105,24.661
1299.299455,24.414,23.944
1299.399290,26.425,26.018
1299.499920,25.121,24.667
1299.599760,31.806,31.452
1299.699584,24.203,23.889
1299.799421,24.757,24.395
1299.899660,25.027,24.759
1299.999500,24.530,23.847
1300.099343,24.870,24.374
1300.199977,25.044,24.654
1300.299829,35.341,34.362
1300.399674,24.045,23.732
1300.499524,25.600,25.295
1300.599360,36.030,34.706
1300.699998,23.079,22.846
1300.799830,25.094,24.810
1300.899668,24.810,24.483
1300.999512,26.981,26.603
1301.099353,25.010,24.651
1301.199986,28.226,27.935
1301.299816,33.169,32.829
1301.399657,26.786,26.383
1301.499489,24.950,24.626
1301.599325,25.745,25.392
1301.699968,24.441,24.079
1301.799810,24.686,24.340
1301.899648,28.103,27.750
1301.999481,24.994,24.701
1302.099308,31.462,30.933
1302.199939,25.429,25.006
1302.299783,34.830,34.492
1302.399632,26.340,25.957
1302.499461,29.789,29.444
1302.599300,24.983,24.612
1302.699934,24.451,24.119
1302.799759,24.076,23.795
1302.899603,24.038,23.691
1302.999441,25.840,25.437
1303.099677,23.651,23.360
1303.199501,24.835,24.510
1303.299343,24.872,24.566
1303.399980,26.362,26.044
1303.499814,28.608,28.284
1303.599654,24.406,24.087
1303.699488,23.121,22.820
1303.799327,24.528,24.048
1303.899952,23.440,22.983
1303.999790,23.494,23.035
1304.099644,23.742,23.415
1304.199482,25.984,25.638
1304.299338,27.275,26.955
1304.399990,24.994,24.666
1304.499840,25.914,25.560
1304.599669,27.888,27.417
1304.699513,24.875,24.400
1304.799352,35.130,33.809
1304.899984,22.069,21.850
1304.999832,22.877,22.605
1305.099676,34.383,32.685
1305.199521,24.705,24.400
1305.299351,25.609,25.268
1305.399984,25.611,25.168
1305.499824,30.063,29.703
1305.599653,26.209,25.820
1305.699507,23.513,23.166
1305.799349,24.726,24.411
1305.899994,26.475,26.125
1305.999829,25.986,25.667
1306.099669,27.703,27.249
1306.199509,23.947,23.615
1306.299348,25.510,25.149
1306.399992,25.165,24.877
1306.499840,25.130,24.822
1306.599670,25.693,25.198
1306.699506,30.992,30.323
1306.799345,25.184,24.869
1306.899979,23.655,23.324
1306.999820,32.384,31.593
1307.099640,25.972,25.711
1307.199482,23.980,23.615
1307.299324,30.607,29.773
1307.399958,32.455,32.201
1307.499791,23.227,22.989
1307.599641,27.693,26.947
1307.699472,36.434,35.198
1307.799317,23.652,23.208
1307.899948,33.025,32.136
1307.999780,34.262,32.907
1308.099627,25.841,25.589
1308.199473,26.812,25.798
1308.299320,36.908,36.576
1308.399953,25.270,24.976
1308.499796,24.473,24.184
1308.599644,25.578,25.182
1308.699486,26.162,25.798
1308.799328,28.382,28.027
1308.899964,25.544,25.209
1308.999800,26.044,25.670
1309.099645,26.376,25.999
1309.199492,28.089,27.684
1309.299326,26.243,25.907
1309.399980,23.202,22.837
1309.499819,27.230,26.845
1309.599651,26.013,25.665
1309.699491,25.488,25.150
1309.799319,24.587,24.244
1309.899972,25.095,24.784
1309.999818,24.925,24.587
1310.099659,25.741,25.410
1310.199487,24.756,24.417
1310.299320,24.610,24.289
1310.399948,26.428,25.541
1310.499790,24.502,24.137
1310.599647,25.250,24.777
1310.699492,26.910,26.436
1310.799328,27.623,26.866
1310.899950,28.392,27.888
1310.999783,25.118,24.613
1311.099617,26.020,25.692
1311.199459,28.518,28.207
1311.299282,25.575,25.190
1311.399920,28.184,27.504
1311.499758,27.888,27.575
1311.599589,25.873,25.491
1311.699421,25.497,25.199
1311.799660,24.362,23.887
1311.899502,27.840,27.504
1311.999331,24.521,24.185
1312.099975,26.209,25.857
1312.199822,25.029,24.659
1312.299644,24.644,24.295
1312.399489,31.581,31.181
1312.499329,28.172,27.806
1312.599973,32.169,31.090
1312.699839,24.887,24.556
1312.799680,24.773,24.304
1312.899515,25.376,25.043
1312.999351,26.148,25.791
1313.099611,25.223,24.903
1313.199453,36.648,36.340
1313.299292,26.919,26.594
1313.399938,25.483,25.132
1313.499779,26.299,25.645
1313.599617,24.769,24.442
1313.699454,29.574,29.090
1313.799293,26.404,25.983
1313.899941,24.534,24.260
1313.999797,34.033,33.360
1314.099639,25.812,25.439
1314.199473,23.907,23.597
1314.299319,24.327,24.026
1314.399945,25.705,25.286
1314.499779,22.658,22.294
1314.599608,22.762,22.409
1314.699446,23.355,23.032
1314.799281,23.136,22.827
1314.899920,25.692,25.326
1314.999750,21.341,20.948
1315.099606,21.847,21.557
1315.199436,22.479,22.107
1315.299283,21.615,21.341
1315.399920,22.574,22.206
1315.499769,22.891,22.562
1315.599623,22.484,22.081
1315.699457,21.640,21.365
1315.799287,22.896,22.459
1315.899921,32.204,31.796
1315.999759,22.946,22.639
1316.099608,22.313,21.979
1316.199441,23.655,23.320
1316.299312,33.101,32.731
1316.399932,23.918,23.634
1316.499775,27.334,26.738
1316.599611,21.776,21.488
1316.699447,24.787,24.553
1316.799287,24.000,23.685
1316.899915,28.671,28.378
1316.999754,21.093,20.783
1317.099611,19.444,19.126
1317.199444,26.074,25.770
1317.299299,28.012,27.722
1317.399929,28.957,28.568
1317.499754,24.833,24.524
1317.599592,23.859,23.585
1317.699442,23.333,22.996
1317.799677,24.741,24.205
1317.899515,26.816,26.515
1317.999360,23.637,23.229
1318.099609,25.214,24.833
1318.199467,24.032,23.713
1318.299299,24.122,23.723
1318.399927,24.488,24.213
1318.499755,23.380,23.002
1318.599605,23.989,23.634
1318.699447,23.611,23.333
1318.799677,27.576,27.240
1318.899508,24.257,23.893
1318.999359,24.850,24.330
1319.099990,24.210,23.822
1319.199848,24.661,24.329
1319.299678,27.841,27.526
1319.399517,25.196,24.758
1319.499351,29.901,29.521
1319.599997,26.138,25.836
1319.699831,25.818,25.531
1319.799652,23.107,22.771
1319.899487,24.457,24.154
1319.999321,24.461,23.946
1320.099965,23.719,23.314
1320.199812,24.271,23.995
1320.299664,27.730,27.275
1320.399507,24.198,23.856
1320.499357,25.575,25.244
1320.599997,24.466,24.005
1320.699834,24.564,24.218
1320.799665,24.152,23.791
1320.899497,24.303,23.690
1320.999335,24.024,23.634
1321.099983,25.139,24.802
1321.199826,24.391,23.998
1321.299661,24.699,24.300
1321.399508,24.417,24.066
1321.499352,24.133,23.795
1321.599978,24.853,24.539
1321.699814,26.363,26.020
1321.799667,26.818,26.473
1321.899499,32.252,31.423
1321.999342,25.088,24.878
1322.099987,24.278,23.934
1322.199832,29.346,29.101
1322.299665,24.367,23.970
1322.399493,27.941,26.566
1322.499334,54.685,54.281
1322.599973,26.278,25.949
1322.699826,23.412,23.079
1322.799642,27.895,27.526
1322.899482,25.941,25.591
1322.999309,24.722,24.232
1323.099954,24.264,23.940
1323.199795,36.509,34.513
1323.299635,23.090,22.819
1323.399484,34.134,33.777
1323.499326,44.624,43.897
1323.599964,23.417,23.177
1323.699811,48.336,48.034
1323.799654,28.867,28.558
1323.899496,28.157,27.744
1323.999322,27.046,26.467
1324.099971,38.823,38.013
1324.199807,23.392,23.149
1324.299658,25.905,25.055
1324.399505,32.513,31.776
1324.499348,24.161,23.917
1324.599990,29.699,29.372
1324.699830,33.151,32.112
1324.799672,23.474,23.149
1324.899511,24.071,23.619
1324.999357,34.819,33.673
1325.099617,23.263,23.010
1325.199472,28.071,26.145
1325.299314,32.904,32.251
1325.399948,31.173,30.924
1325.499774,29.326,28.942
1325.599629,23.585,23.310
1325.699476,28.532,28.266
1325.799306,25.408,25.065
1325.899944,25.248,24.769
1325.999786,23.900,23.637
1326.099623,25.739,25.397
1326.199468,24.249,23.940
1326.299305,27.736,27.402
1326.399937,25.730,25.420
1326.499779,23.650,23.340
1326.599617,24.110,23.700
1326.699465,26.441,26.123
1326.799304,26.172,25.482
1326.899946,27.165,26.725
1326.999788,26.124,25.793
1327.099639,29.370,28.969
1327.199480,30.951,30.406
1327.299323,25.253,24.887
1327.399945,24.061,23.718
1327.499788,24.905,24.378
1327.599627,25.677,25.372
1327.699471,23.524,23.207
1327.799311,26.535,25.568
1327.899965,23.831,23.521
1327.999783,24.325,24.007
1328.099620,26.058,25.774
1328.199466,25.020,24.723
1328.299311,34.266,33.829
1328.399941,27.707,27.220
1328.499788,32.747,32.445
1328.599613,25.151,24.835
1328.699458,24.182,23.905
1328.799305,25.456,24.885
1328.899949,26.598,26.274
1328.999795,27.255,26.805
1329.099640,26.082,25.771
1329.199489,25.003,24.620
1329.299320,26.558,26.236
1329.399977,26.035,25.622
1329.499818,25.285,24.951
1329.599655,25.982,25.474
1329.699496,25.467,25.158
1329.799324,25.350,24.542
1329.899982,25.401,25.020
1329.999822,28.010,27.606
1330.099662,24.343,24.049
1330.199500,25.759,25.379
1330.299345,24.391,23.893
1330.399987,26.097,25.748
1330.499827,25.854,25.556
1330.599683,25.229,24.741
1330.699511,25.168,24.904
1330.799359,26.163,25.784
1330.899605,26.602,26.282
1330.999446,26.921,26.600
1331.099294,24.018,23.748
1331.199936,26.160,25.873
1331.299782,27.295,27.027
1331.399618,26.420,26.105
1331.499459,25.117,24.808
1331.599302,25.403,24.884
1331.699928,25.360,24.759
1331.799767,26.945,26.570
1331.899602,25.201,24.882
1331.999440,24.263,23.937
1332.099290,26.717,26.425
1332.199929,25.544,25.255
1332.299761,26.121,25.737
1332.399614,28.763,28.207
1332.499451,28.639,28.337
1332.599299,41.465,41.158
1332.699944,26.525,26.228
1332.799800,27.756,27.453
1332.899653,30.881,30.588
1332.999514,26.697,26.382
1333.099357,28.511,28.186
1333.199994,26.273,25.924
1333.299849,27.927,27.517
1333.399697,26.789,26.425
1333.499540,27.985,27.457
1333.599377,35.244,34.934
1333.699611,26.020,25.595
1333.799469,22.801,22.501
1333.899314,26.831,26.367
1333.999952,24.963,24.462
1334.099788,21.835,21.501
1334.199638,23.288,22.866
1334.299482,24.007,23.732
1334.399326,26.061,25.581
1334.499958,22.439,22.110
1334.599793,23.239,22.908
1334.699638,23.524,23.238
1334.799478,31.048,29.936
1334.899333,23.611,23.326
1334.999982,24.932,24.637
1335.099811,39.464,37.372
1335.199641,23.241,23.004
1335.299488,25.450,25.102
1335.399332,25.377,24.927
1335.499969,25.010,24.682
1335.599806,24.698,24.407
1335.699660,27.345,26.977
1335.799499,26.339,25.940
1335.899337,25.560,25.255
1335.999988,23.779,23.507
1336.099817,24.133,23.804
1336.199664,24.200,23.874
1336.299501,24.074,23.784
1336.399328,26.144,25.873
1336.499973,29.985,29.708
1336.599795,23.709,23.195
1336.699644,24.585,24.238
1336.799482,26.521,26.192
1336.899336,24.223,23.929
1336.999974,30.486,29.955
1337.099806,25.706,25.332
1337.199637,25.440,25.005
1337.299473,25.425,25.149
1337.399311,26.587,26.171
1337.499959,25.725,25.400
1337.599810,24.484,24.165
1337.699649,25.859,25.403
1337.799483,25.102,24.640
1337.899320,25.507,25.177
1337.999948,26.897,24.259
1338.099790,25.085,24.799
1338.199625,23.970,23.685
1338.299460,29.129,28.809
1338.399319,24.924,24.599
1338.499954,27.472,27.038
1338.599799,34.460,33.766
1338.699631,22.738,22.436
1338.799470,37.000,36.650
1338.899313,32.747,31.675
1338.999968,30.945,30.685
1339.099807,24.089,23.768
1339.199641,40.193,39.463
1339.299495,22.942,22.567
1339.399342,24.525,23.970
1339.499989,31.165,30.269
1339.599841,23.416,23.162
1339.699680,25.022,24.682
1339.799518,31.286,30.569
1339.899361,23.036,22.778
1339.999993,24.471,24.150
1340.099826,31.329,30.436
1340.199675,23.996,23.741
1340.299508,25.260,24.796
1340.399355,32.064,31.429
1340.499997,24.323,24.082
1340.599842,25.519,25.195
1340.699670,40.576,39.622
1340.799513,24.042,23.784
1340.899366,24.326,23.982
1340.999608,34.583,33.486
1341.099459,22.548,22.304
1341.199312,27.987,27.683
1341.299945,36.309,34.697
1341.399785,31.147,30.752
1341.499628,22.629,22.406
1341.599464,26.430,25.847
1341.699304,32.120,30.670
1341.799959,24.181,23.841
1341.899801,35.361,34.535
1341.999650,25.448,25.190
1342.099494,24.087,23.761
1342.199345,34.507,33.541
1342.299997,22.883,22.646
1342.399821,24.590,24.307
1342.499651,45.852,44.936
1342.599491,26.058,25.819
1342.699327,32.179,31.478
1342.799983,34.851,34.429
1342.899817,23.374,23.144
1342.999647,26.900,26.222
1343.099475,29.783,29.167
1343.199320,30.276,29.401
1343.299964,24.172,23.948
1343.399798,24.238,23.852
1343.499624,26.231,25.910
1343.599455,27.251,26.889
1343.699288,29.459,29.152
1343.799918,24.285,23.811
1343.899758,27.036,26.711
1343.999616,26.675,26.059
1344.099455,24.629,24.364
1344.199282,26.678,26.175
1344.299928,30.724,30.268
1344.399767,23.836,23.567
1344.499614,24.713,24.399
1344.599455,24.378,24.094
1344.699314,24.041,23.610
1344.799952,23.967,23.685
1344.899777,24.472,24.033
1344.999624,31.035,30.688
1345.099469,24.455,23.980
1345.199301,30.449,29.749
1345.299937,22.704,22.435
1345.399780,23.357,23.009
1345.499600,33.323,32.344
1345.599432,25.123,24.883
1345.699674,32.169,31.603
1345.799527,25.884,25.449
1345.899365,33.454,33.127
1345.999602,24.811,24.490
1346.099433,24.442,24.083
1346.199670,24.171,23.901
1346.299511,29.084,28.254
1346.399357,23.791,23.508
1346.499989,32.633,32.362
1346.599824,31.961,30.923
1346.699670,23.026,22.788
1346.799516,24.892,24.561
1346.899345,24.741,24.277
1346.999977,24.341,24.032
1347.099824,26.610,26.277
1347.199654,24.837,24.573
1347.299494,24.423,23.833
1347.399335,27.080,26.697
1347.499987,49.767,49.108
1347.599821,34.355,34.027
1347.699680,25.692,25.376
1347.799518,25.330,24.975
1347.899362,23.590,23.230
1347.999602,25.299,24.970
1348.099440,28.168,27.843
1348.199289,29.609,28.890
1348.299925,24.415,24.006
1348.399769,25.178,24.523
1348.499627,24.039,23.741
1348.599466,24.124,23.780
1348.699306,26.946,26.653
1348.799944,25.006,24.636
1348.899782,23.669,23.352
1348.999628,24.715,24.422
1349.099462,29.037,28.571
1349.199300,27.787,27.447
1349.299941,25.178,24.779
1349.399796,24.996,24.707
1349.499627,24.521,24.129
1349.599469,25.988,25.632
1349.699305,24.351,23.954
1349.799938,24.143,23.589
1349.899786,25.423,24.880
1349.999634,26.342,25.911
1350.099464,25.201,24.888
1350.199313,26.738,26.425
1350.299951,25.502,25.183
1350.399792,25.751,25.473
1350.499611,30.545,29.742
1350.599442,23.259,23.023
1350.699290,32.365,32.039
1350.799927,32.705,31.592
1350.899774,22.910,22.665
1350.999630,29.760,29.189
1351.099466,24.103,23.759
1351.199303,24.218,23.909
1351.299932,25.220,24.902
1351.399776,24.531,24.263
1351.499599,29.203,28.616
1351.599440,23.989,23.676
1351.699664,25.171,24.749
1351.799498,23.362,23.054
1351.899340,23.941,23.518
1351.999984,24.411,24.090
1352.099826,24.598,24.271
1352.199668,26.055,25.601
1352.299503,29.370,29.034
1352.399337,23.246,22.959
1352.499971,25.646,25.348
1352.599807,24.216,23.888
1352.699651,23.898,23.595
1352.799486,24.486,24.137
1352.899335,27.159,26.840
1352.999962,25.085,24.758
1353.099803,26.914,26.614
1353.199636,24.884,24.531
1353.299481,24.243,23.911
1353.399323,25.852,25.530
1353.499957,24.743,24.460
1353.599784,25.974,25.634
1353.699623,26.425,26.114
1353.799467,27.761,27.413
1353.899308,24.703,24.312
1353.999951,25.027,24.694
1354.099784,24.527,24.258
1354.199625,24.590,24.269
1354.299455,26.872,26.511
1354.399293,24.719,24.307
1354.499934,26.954,26.615
1354.599762,23.995,23.633
1354.699604,34.788,34.424
1354.799428,27.682,27.089
1354.899664,24.170,23.742
1354.999511,24.682,24.084
1355.099359,23.622,23.312
1355.199993,26.979,26.599
1355.299831,24.741,24.383
1355.399669,25.652,25.330
1355.499504,24.624,24.293
1355.599327,23.005,22.708
1355.699952,23.754,23.402
1355.799796,24.515,24.237
1355.899628,24.219,23.870
1355.999459,23.775,23.506
1356.099299,24.182,23.901
1356.199943,31.817,31.427
1356.299780,24.918,24.549
1356.399625,25.089,24.773
1356.499454,24.466,24.208
1356.599293,24.768,24.301
1356.699937,27.401,27.092
1356.799796,34.258,32.157
1356.899631,24.173,23.940
1356.999475,25.878,25.592
1357.099321,24.698,24.383
1357.199962,27.495,25.765
1357.299811,23.639,23.393
1357.399660,27.263,26.968
1357.499506,48.174,47.939
1357.599338,36.228,35.958
1357.699977,27.745,26.857
1357.799816,32.665,32.344
1357.899660,22.899,22.454
1357.999500,25.558,25.275
1358.099341,32.759,31.840
1358.199954,29.164,28.927
1358.299795,27.306,26.986
1358.399641,41.145,40.207
1358.499472,23.625,23.246
1358.599323,24.005,23.700
1358.699956,31.767,30.976
1358.799804,28.221,27.861
1358.899652,22.932,22.584
1358.999492,24.647,24.283
1359.099340,23.677,23.323
1359.199972,25.813,25.456
1359.299807,30.442,30.116
1359.399637,26.431,26.114
1359.499472,32.285,31.683
1359.599310,24.048,23.738
1359.699950,23.613,23.251
1359.799788,22.280,21.959
1359.899631,25.820,25.312
1359.999473,24.776,23.137
1360.099310,36.218,35.791
1360.199966,25.876,25.432
1360.299816,23.903,23.509
1360.399647,30.304,30.014
1360.499482,25.351,24.394
1360.599326,23.374,22.938
1360.699953,26.850,26.328
1360.799784,29.852,29.437
1360.899619,27.593,27.242
1360.999459,24.854,24.416
1361.099315,29.712,29.327
1361.199975,24.510,24.213
1361.299818,25.381,25.039
1361.399664,24.770,24.443
1361.499508,23.524,23.205
1361.599354,23.921,23.599
1361.699999,26.292,25.532
1361.799844,23.613,23.279
1361.899698,23.352,22.987
1361.999524,30.790,29.793
1362.099372,33.575,32.901
1362.199614,24.486,24.141
1362.299465,25.394,25.070
1362.399308,30.962,30.159
1362.499952,32.753,32.490
1362.599804,31.141,30.820
1362.699641,24.686,24.360
1362.799476,24.334,24.039
1362.899318,23.488,23.173
1362.999947,25.482,25.157
1363.099786,23.901,23.599
1363.199631,23.296,22.972
1363.299473,23.304,23.023
1363.399302,30.088,29.424
1363.499944,24.072,23.806
1363.599793,23.719,23.417
1363.699638,23.424,23.042
1363.799490,30.099,29.668
1363.899335,25.155,24.849
1363.999992,23.804,23.454
1364.099829,25.590,23.923
1364.199679,27.843,27.535
1364.299505,23.737,23.328
1364.399338,23.315,23.002
1364.499975,34.644,34.293
1364.599815,25.056,24.128
1364.699651,24.813,24.472
1364.799470,26.798,26.483
1364.899318,24.651,24.211
1364.999955,23.310,23.016
1365.099801,25.147,24.700
1365.199631,26.880,26.429
1365.299461,31.324,30.980
1365.399298,24.415,24.098
1365.499952,23.535,23.137
1365.599799,25.043,24.733
1365.699641,23.386,23.101
1365.799483,35.187,34.481
1365.899331,25.461,25.139
1365.999974,25.120,24.790
1366.099812,27.036,26.486
1366.199649,25.032,24.707
1366.299476,25.690,25.379
1366.399312,23.544,23.225
1366.499955,30.360,29.670
1366.599794,24.431,24.113
1366.699635,24.272,23.826
1366.799464,25.444,25.141
1366.899308,28.068,27.698
1366.999940,23.032,22.687
1367.099788,23.823,23.503
1367.199612,24.805,24.443
1367.299457,24.516,24.020
1367.399286,25.334,24.834
1367.499930,24.064,23.738
1367.599768,26.329,26.010
1367.699596,23.974,23.677
1367.799423,22.902,22.579
1367.899670,24.313,24.024
1367.999506,25.773,25.467
1368.099344,28.851,28.531
1368.199978,33.816,33.520
1368.299820,26.615,26.158
1368.399668,24.653,24.333
1368.499510,22.525,22.177
1368.599362,24.477,24.113
1368.699985,24.031,23.494
1368.799838,23.839,23.509
1368.899674,24.931,24.631
1368.999507,26.968,26.635
1369.099350,25.913,25.557
1369.199992,32.232,31.905
1369.299830,27.230,26.909
1369.399671,29.073,28.743
1369.499514,26.457,26.126
1369.599352,34.039,33.707
1369.699985,26.865,26.502
1369.799830,29.481,29.104
1369.899676,23.270,22.914
1369.999521,23.404,23.039
1370.099374,28.164,27.604
1370.199999,25.631,25.304
1370.299840,27.815,27.468
1370.399683,24.874,24.536
1370.499515,26.482,26.167
1370.599355,26.360,26.022
1370.699993,24.251,23.947
1370.799835,25.098,24.758
1370.899662,24.512,24.068
1370.999497,24.309,23.861
1371.099331,23.786,23.446
1371.199979,22.890,22.556
1371.299826,29.130,28.796
1371.399650,36.268,35.820
1371.499486,23.391,23.108
1371.599319,24.657,24.358
1371.699960,23.541,23.162
1371.799798,24.695,24.355
1371.899636,24.245,23.756
1371.999464,25.071,24.747
1372.099298,26.566,26.249
1372.199938,28.179,27.855
1372.299785,30.013,29.620
1372.399640,26.450,26.073
1372.499482,25.045,24.723
1372.599316,38.020,37.566
1372.699948,30.733,30.279
1372.799796,24.365,24.020
1372.899634,25.350,24.931
1372.999466,36.639,34.615
1373.099312,24.603,24.358
1373.199953,34.717,34.350
1373.299806,30.374,29.320
1373.399641,22.847,22.603
1373.499495,28.469,28.099
1373.599335,23.621,23.230
1373.699977,24.681,23.951
1373.799823,29.438,28.928
1373.899664,26.193,25.433
1373.999505,25.483,25.148
1374.099349,25.293,24.905
1374.199991,25.371,25.023
1374.299840,25.201,24.821
1374.399678,23.769,23.456
1374.499515,26.725,26.329
1374.599359,25.505,25.190
1374.699979,23.444,23.116
1374.799832,24.194,23.627
1374.899657,26.559,26.109
1374.999489,25.904,25.579
1375.099323,26.686,26.349
1375.199964,25.933,25.543
1375.299806,24.148,23.671
1375.399633,27.701,27.372
1375.499484,24.664,24.262
1375.599320,23.644,23.276
1375.699964,23.705,23.367
1375.799798,26.238,25.927
1375.899633,25.491,25.153
1375.999475,25.037,24.457
1376.099308,26.236,25.875
1376.199950,27.500,27.149
1376.299782,29.088,28.768
1376.399628,27.501,27.143
1376.499463,24.690,24.345
1376.599310,27.745,27.413
1376.699965,27.610,27.299
1376.799807,23.538,23.177
1376.899633,24.426,24.014
1376.999475,23.629,23.321
1377.099321,26.949,26.585
1377.199962,23.645,23.186
1377.299805,25.125,24.815
1377.399651,24.853,24.539
1377.499489,27.763,27.382
1377.599340,23.660,23.382
1377.699980,24.645,24.276
1377.799833,24.830,24.441
1377.899664,24.404,23.987
1377.999508,25.470,25.149
1378.099342,24.810,24.396
1378.199997,27.464,27.058
1378.299840,24.709,24.427
1378.399689,24.438,24.099
1378.499520,23.550,23.277
1378.599362,23.655,23.297
1378.699991,30.885,30.421
1378.799824,25.549,25.215
1378.899661,24.057,23.718
1378.999498,25.140,24.800
1379.099333,25.442,25.070
1379.199972,25.804,25.496
1379.299822,24.462,24.011
1379.399667,23.759,23.356
1379.499514,26.396,26.063
1379.599353,24.630,24.346
1379.699969,24.052,23.730
1379.799798,23.448,23.180
1379.899645,25.189,24.918
1379.999484,25.372,25.036
1380.099323,24.027,23.621
1380.199973,23.324,22.981
1380.299813,23.840,23.491
1380.399665,22.920,22.609
1380.499501,27.398,26.821
1380.599336,23.646,23.311
1380.699984,24.199,23.861
1380.799829,23.282,22.982
1380.899674,25.493,25.137
1380.999525,24.688,24.365
1381.099379,24.115,23.831
1381.199612,25.358,25.057
1381.299464,24.152,23.748
1381.399303,23.991,23.661
1381.499948,26.324,25.862
1381.599780,24.202,23.823
1381.699623,24.752,24.451
1381.799456,23.930,23.513
1381.899286,25.787,25.514
1381.999929,24.258,23.941
1382.099768,24.889,24.620
1382.199601,24.182,23.872
1382.299441,25.547,25.230
1382.399281,24.379,24.067
1382.499918,24.803,24.413
1382.599757,23.966,23.683
1382.699588,27.038,26.690
1382.799427,26.622,26.251
1382.899663,25.291,24.961
1382.999504,24.746,24.391
1383.099349,27.526,26.998
1383.199973,23.825,23.483
1383.299815,24.089,23.788
1383.399648,25.245,24.919
1383.499482,23.572,23.260
1383.599324,23.786,23.288
1383.699967,25.216,24.919
1383.799810,23.998,23.661
1383.899641,26.951,26.511
1383.999485,27.823,27.464
1384.099327,23.818,23.526
1384.199954,24.919,24.482
1384.299799,27.124,26.808
1384.399640,27.641,27.303
1384.499479,23.298,22.972
1384.599321,24.543,24.180
1384.699955,25.015,24.709
1384.799780,25.074,24.709
1384.899617,23.332,22.985
1384.999464,24.642,24.297
1385.099300,23.457,23.162
1385.199956,30.709,30.276
1385.299784,24.504,24.192
1385.399624,26.332,25.976
1385.499466,23.489,23.174
1385.599290,25.330,24.981
1385.699932,22.967,22.497
1385.799770,23.875,23.488
1385.899618,23.186,22.852
1385.999469,23.370,23.028
1386.099299,23.933,23.585
1386.199941,26.375,25.871
1386.299798,24.082,23.655
1386.399649,24.996,24.591
1386.499492,24.586,24.213
1386.599327,23.685,23.366
1386.699982,23.443,23.064
1386.799827,23.401,23.075
1386.899662,24.531,24.188
1386.999508,26.287,25.809
1387.099343,25.500,25.072
1387.199965,23.705,23.323
1387.299809,25.208,24.819
1387.399649,28.296,27.983
1387.499487,27.552,27.225
1387.599332,24.510,24.153
1387.699988,27.852,27.436
1387.799820,29.120,28.768
1387.899661,30.574,30.207
1387.999514,27.299,26.868
1388.099374,24.989,24.665
1388.199622,32.414,31.615
1388.299456,23.229,23.004
1388.399307,26.877,26.088
1388.499945,33.120,30.982
1388.599787,23.943,23.700
1388.699608,23.933,23.548
1388.799450,31.560,30.685
1388.899293,23.671,23.276
1388.999939,25.105,24.784
1389.099764,29.614,28.791
1389.199603,22.792,22.551
1389.299444,23.323,23.036
1389.399291,30.498,29.646
1389.499942,26.748,26.477
1389.599775,29.669,29.210
1389.699620,30.863,29.977
1389.799455,22.779,22.526
1389.899297,24.081,23.714
1389.999927,24.243,23.902
1390.099772,24.439,23.926
1390.199602,23.735,23.441
1390.299446,23.136,22.868
1390.399298,22.951,22.687
1390.499926,24.236,23.960
1390.599766,25.512,25.176
1390.699592,24.133,23.854
1390.799423,23.563,23.278
1390.899659,23.774,23.427
1390.999495,24.501,24.048
1391.099342,23.226,22.953
1391.199977,24.013,23.572
1391.299801,24.178,23.591
1391.399645,23.326,23.025
1391.499479,25.918,25.409
1391.599316,23.744,23.429
1391.699944,24.728,24.192
1391.799783,24.260,23.956
1391.899612,23.562,23.142
1391.999438,23.487,23.172
1392.099677,29.372,29.072
1392.199507,24.386,24.067
1392.299345,23.375,22.978
1392.399992,26.325,25.615
1392.499841,24.744,24.381
1392.599681,26.470,26.057
1392.699529,24.730,24.373
1392.799377,33.432,32.526
1392.899633,26.023,25.752
1392.999477,23.697,23.351
1393.099307,39.942,39.024
1393.199948,22.663,22.403
1393.299806,23.814,23.186
1393.399638,30.254,29.602
1393.499485,22.610,22.330
1393.599330,24.183,23.431
1393.699968,23.510,23.185
1393.799831,23.579,23.250
1393.899666,23.015,22.670
1393.999521,23.558,23.195
1394.099363,24.126,23.788
1394.199606,25.536,25.216
1394.299442,24.942,24.622
1394.399669,23.979,23.640
1394.499520,23.018,22.716
1394.599360,25.071,24.506
1394.699997,25.093,24.752
1394.799826,23.633,23.277
1394.899665,23.854,23.584
1394.999510,23.562,23.035
1395.099348,25.665,25.364
1395.199997,24.145,23.835
1395.299840,24.984,24.662
1395.399682,23.538,22.930
1395.499526,25.683,25.292
1395.599355,26.530,26.155
1395.699995,27.281,26.910
1395.799838,23.165,22.856
1395.899674,31.471,31.118
1395.999506,24.052,23.718
1396.099350,23.262,22.882
1396.199990,22.553,22.218
1396.299833,25.155,24.749
1396.399684,24.247,23.915
1396.499527,24.829,24.492
1396.599362,25.251,24.920
1396.699995,23.171,22.825
1396.799833,23.429,23.047
1396.899664,23.909,23.433
1396.999509,23.912,23.587
1397.099353,25.390,25.052
1397.199987,29.432,29.118
1397.299813,36.986,36.622
1397.399657,23.214,22.823
1397.499505,26.273,25.879
1397.599347,23.252,22.937
1397.699991,26.135,25.636
1397.799837,25.175,24.303
1397.899677,23.454,23.074
1397.999523,25.708,25.167
1398.099348,25.387,25.084
1398.199990,24.853,24.559
1398.299828,27.939,27.589
1398.399678,25.097,24.782
1398.499513,27.106,26.641
1398.599360,23.866,23.546
1398.699604,25.864,25.516
1398.799446,24.798,24.309
1398.899301,24.533,24.173
1398.999947,26.738,26.193
1399.099779,27.248,26.883
1399.199604,25.422,25.111
1399.299428,24.694,24.344
1399.399669,26.068,25.710
1399.499502,23.471,23.047
1399.599333,23.953,23.525
1399.699959,26.030,25.554
1399.799793,28.890,28.258
1399.899632,23.724,23.344
1399.999468,24.906,24.546
1400.099306,26.448,26.047
1400.199946,26.947,26.523
1400.299796,33.603,33.168
1400.399632,23.707,23.392
1400.499471,23.973,23.641
1400.599310,23.915,23.583
1400.699947,23.545,23.263
1400.799786,23.603,23.328
1400.899619,24.495,24.165
1400.999472,24.096,23.826
1401.099318,25.140,24.834
1401.199954,23.305,23.027
1401.299784,24.744,24.427
1401.399615,25.098,24.667
1401.499449,24.003,23.637
1401.599288,23.823,23.491
1401.699932,24.601,24.256
1401.799775,27.712,26.671
1401.899609,24.754,24.418
1401.999454,23.673,23.340
1402.099292,24.249,23.965
1402.199915,23.639,23.250
1402.299735,24.021,23.651
1402.399579,27.700,27.322
1402.499405,24.475,23.977
1402.599649,24.189,23.839
1402.699485,27.372,26.944
1402.799315,27.022,26.667
1402.899954,28.082,27.679
1402.999799,24.024,23.655
1403.099640,28.641,28.290
1403.199470,23.804,23.447
1403.299304,24.660,24.257
1403.399941,23.721,23.410
1403.499779,29.239,28.893
1403.599631,27.728,27.262
1403.699465,24.828,24.383
1403.799319,23.697,23.352
1403.899951,28.594,28.288
1403.999793,24.650,24.343
1404.099630,25.606,25.290
1404.199469,25.507,25.120
1404.299305,29.685,29.286
1404.399930,27.063,26.778
1404.499764,24.652,24.335
1404.599612,24.334,23.996
1404.699457,23.478,23.173
1404.799301,24.959,24.634
1404.899943,23.265,22.999
1404.999775,24.916,24.612
1405.099630,30.578,30.250
1405.199471,26.176,25.812
1405.299305,25.262,24.664
1405.399953,24.310,23.973
1405.499799,23.766,23.436
1405.599641,25.937,25.475
1405.699483,25.754,25.323
1405.799322,25.964,25.610
1405.899964,27.676,26.697
1405.999804,23.978,23.642
1406.099641,25.042,24.699
1406.199480,25.399,25.068
1406.299320,24.101,23.704
1406.399959,25.484,25.015
1406.499787,24.690,24.358
1406.599635,26.266,25.930
1406.699490,25.601,25.135
1406.799336,24.000,23.604
1406.899982,24.353,24.011
1406.999808,25.514,25.060
1407.099671,23.800,23.429
1407.199529,26.637,26.355
1407.299361,25.423,25.082
1407.399987,24.529,24.177
1407.499819,35.056,34.693
1407.599653,23.848,23.430
1407.699495,24.638,24.262
1407.799335,23.702,23.351
1407.899963,23.854,23.406
1407.999795,31.817,31.480
1408.099629,23.981,23.628
1408.199466,31.317,30.655
1408.299308,26.137,25.780
1408.399944,25.771,25.360
1408.499783,26.567,26.213
1408.599633,26.860,26.419
1408.699469,25.271,24.948
1408.799315,23.527,23.212
1408.899951,24.819,24.485
1408.999799,24.290,23.948
1409.099635,23.442,23.048
1409.199470,24.252,23.764
1409.299300,22.758,22.424
1409.399937,26.640,25.708
1409.499774,22.215,21.944
1409.599612,25.431,25.117
1409.699463,29.259,28.473
1409.799295,24.038,23.800
1409.899941,34.822,34.462
1409.999782,30.552,29.665
1410.099615,37.786,36.564
1410.199449,23.458,23.156
1410.299291,24.370,23.998
1410.399930,31.230,30.885
1410.499771,25.864,25.396
1410.599618,25.073,24.621
1410.699461,26.835,26.448
1410.799298,25.779,25.468
1410.899928,28.453,28.113
1410.999770,23.268,22.759
1411.099615,24.628,24.204
1411.199455,25.194,24.878
1411.299290,28.183,27.823
1411.399919,26.005,25.649
1411.499767,23.503,23.203
1411.599622,22.941,22.673
1411.699478,23.153,22.839
1411.799318,24.143,23.870
1411.899955,24.104,23.769
1411.999803,25.347,24.966
1412.099628,24.508,24.082
1412.199467,27.724,27.415
1412.299309,24.853,24.534
1412.399939,25.667,25.335
1412.499792,24.392,24.017
1412.599624,24.418,24.133
1412.699461,28.691,28.234
1412.799298,23.809,23.378
1412.899936,25.022,24.702
1412.999775,23.177,22.899
1413.099618,24.821,24.530
1413.199457,23.482,23.197
1413.299307,23.462,23.169
1413.399952,25.132,24.692
1413.499796,22.593,22.306
1413.599642,24.107,23.490
1413.699484,23.844,23.514
1413.799323,24.159,23.801
1413.899964,23.873,23.560
1413.999791,22.922,22.615
1414.099622,23.688,23.382
1414.199466,23.767,23.499
1414.299317,24.028,23.714
1414.399948,24.478,24.075
1414.499786,23.522,23.216
1414.599628,23.296,23.009
1414.699478,24.087,23.755
1414.799314,23.151,22.893
1414.899958,24.842,23.003
1414.999797,23.597,23.127
1415.099645,25.491,25.170
1415.199488,25.349,24.982
1415.299313,26.627,26.301
1415.399967,29.961,29.694
1415.499807,32.389,32.049
1415.599644,24.351,24.017
1415.699501,24.458,24.019
1415.799336,23.772,23.411
1415.899972,24.370,24.025
1415.999821,23.571,23.277
1416.099657,27.418,26.863
1416.199492,24.505,24.211
1416.299339,24.168,23.850
1416.399976,25.477,23.545
1416.499827,35.210,33.010
1416.599666,24.346,24.122
1416.699502,22.799,22.504
1416.799345,32.755,32.017
1416.899986,22.865,22.591
1416.999832,32.731,32.265
1417.099686,23.430,22.997
1417.199521,23.066,22.717
1417.299356,22.782,22.491
1417.399989,23.100,22.774
1417.499843,23.943,23.450
1417.599686,24.082,23.532
1417.699531,25.587,25.113
1417.799380,24.310,23.793
1417.899615,24.554,24.164
1417.999445,24.877,24.605
1418.099282,29.749,29.056
1418.199924,22.211,21.982
1418.299772,24.317,23.942
1418.399613,31.985,31.091
1418.499441,26.673,26.424
1418.599281,26.321,25.701
1418.699918,22.547,22.228
1418.799761,27.534,26.636
1418.899590,21.915,21.669
1418.999441,22.588,22.323
1419.099286,28.772,27.899
1419.199933,25.856,25.511
1419.299779,25.824,25.500
1419.399628,28.668,27.949
1419.499464,25.597,25.224
1419.599306,22.229,21.925
1419.699933,34.957,33.446
1419.799767,23.404,23.153
1419.899602,23.384,23.085
1419.999457,24.280,23.917
1420.099320,23.083,22.762
1420.199965,29.460,29.131
1420.299818,23.068,22.728
1420.399657,24.160,23.832
1420.499492,27.133,26.673
1420.599326,29.653,29.273
1420.699968,23.580,23.203
1420.799815,25.671,25.336
1420.899665,29.992,29.653
1420.999514,28.543,28.226
1421.099352,24.866,24.446
1421.199985,24.996,24.395
1421.299825,25.419,25.129
1421.399681,25.043,24.568
1421.499517,26.024,25.698
1421.599351,24.246,23.915
1421.699999,23.308,22.990
1421.799835,26.910,26.171
1421.899678,29.598,29.352
1421.999515,22.973,22.660
1422.099349,32.234,31.554
1422.199609,23.566,23.288
1422.299447,23.788,23.457
1422.399293,32.949,31.991
1422.499925,25.319,24.931
1422.599755,23.954,23.531
1422.699615,24.925,24.602
1422.799456,25.570,25.240
1422.899292,24.033,23.702
1422.999925,24.372,23.994
1423.099761,28.147,27.690
1423.199587,24.495,24.137
1423.299439,25.501,25.193
1423.399281,27.681,27.384
1423.499930,24.165,23.884
1423.599768,23.844,23.520
1423.699617,24.931,24.650
1423.799463,22.834,22.526
1423.899317,23.153,22.857
1423.999954,24.534,24.190
1424.099789,25.505,25.152
1424.199618,33.592,32.715
1424.299468,22.628,22.329
1424.399305,26.079,25.746
1424.499956,23.121,22.803
1424.599808,27.099,26.725
1424.699643,23.410,22.975
1424.799457,24.596,24.154
1424.899305,23.639,23.336
1424.999945,23.443,22.979
1425.099783,23.464,23.114
1425.199623,27.144,26.772
1425.299466,25.454,25.122
1425.399309,23.002,22.645
1425.499934,23.984,23.608
1425.599774,30.295,29.978
1425.699606,33.067,32.255
1425.799452,28.002,27.757
1425.899297,24.160,23.673
1425.999937,33.776,32.758
1426.099773,22.914,22.690
1426.199610,24.445,24.042
1426.299439,24.539,24.237
1426.399294,29.597,28.907
1426.499935,22.708,22.443
1426.599784,25.523,25.186
1426.699624,29.865,29.418
1426.799465,27.082,26.783
1426.899303,25.475,25.125
1426.999928,26.651,26.277
1427.099769,27.441,27.101
1427.199620,24.562,24.266
1427.299449,29.676,28.896
1427.399679,28.498,28.199
1427.499518,24.312,23.948
1427.599359,29.390,28.528
1427.699995,25.655,25.407
1427.799830,26.486,26.204
1427.899677,28.497,27.717
1427.999524,22.792,22.537
1428.099376,24.147,23.741
1428.199620,37.021,35.998
1428.299465,22.400,22.178
1428.399294,23.168,22.896
1428.499942,24.212,23.840
1428.599777,30.276,29.838
1428.699619,24.622,24.324
1428.799462,24.057,23.681
1428.899295,29.082,28.727
1428.999935,28.053,27.730
1429.099748,30.961,30.593
1429.199588,31.244,30.881
1429.299432,23.296,22.980
1429.399677,29.179,28.691
1429.499507,23.728,23.426
1429.599338,26.813,26.474
1429.699978,25.657,25.307
1429.799832,24.681,24.318
1429.899677,23.917,23.575
1429.999517,34.482,33.731
1430.099349,25.083,24.851
1430.199993,22.537,22.208
1430.299828,30.442,29.502
1430.399679,29.056,28.344
1430.499528,22.476,22.201
1430.599378,23.835,23.388
1430.699634,36.486,35.690
1430.799465,23.000,22.710
1430.899310,23.513,23.154
1430.999949,30.220,29.469
1431.099812,22.685,22.456
1431.199658,25.690,25.355
1431.299502,30.317,29.493
1431.399323,31.992,31.023
1431.499961,22.833,22.594
1431.599801,31.512,30.570
1431.699628,29.705,28.735
1431.799463,25.079,24.234
1431.899302,24.250,23.515
1431.999944,31.909,31.223
1432.099789,23.021,22.765
1432.199628,24.420,24.089
1432.299470,34.152,33.097
1432.399305,23.946,23.702
1432.499951,28.539,28.170
1432.599802,27.069,26.698
1432.699657,26.193,25.870
1432.799486,26.607,26.290
1432.899324,27.647,27.300
1432.999963,24.509,24.185
1433.099806,23.690,23.366
1433.199644,23.208,22.818
1433.299479,24.021,23.590
1433.399312,32.589,32.266
1433.499932,38.792,38.326
1433.599773,25.010,24.600
1433.699613,28.520,28.180
1433.799440,24.103,23.616
1433.899290,27.879,27.305
1433.999924,23.579,23.238
1434.099754,24.423,23.980
1434.199584,24.687,24.351
1434.299417,30.782,29.973
1434.399652,22.885,22.584
1434.499490,23.556,23.245
1434.599315,30.805,29.816
1434.699948,22.695,22.432
1434.799792,24.713,24.337
1434.899628,32.654,31.832
1434.999463,24.011,23.684
1435.099314,28.128,27.842
1435.199946,23.853,23.548
1435.299794,25.480,24.603
1435.399634,24.731,24.463
1435.499454,31.174,30.726
1435.599292,28.239,27.836
1435.699930,24.436,23.888
1435.799783,23.181,22.867
1435.899620,26.033,25.700
1435.999469,24.681,24.165
1436.099321,28.980,28.551
1436.199955,25.387,25.038
1436.299794,24.992,24.543
1436.399620,25.385,24.872
1436.499452,24.865,24.583
1436.599284,24.757,24.475
1436.699915,25.463,25.001
1436.799743,28.641,28.344
1436.899595,25.344,25.003
1436.999434,25.072,24.737
1437.099679,25.587,25.309
1437.199520,25.304,25.004
1437.299361,26.902,26.564
1437.399986,22.513,22.239
1437.499816,25.370,25.029
1437.599655,37.694,37.389
1437.699500,26.391,25.958
1437.799334,24.856,24.497
1437.899970,22.524,22.187
1437.999809,23.536,23.079
1438.099645,26.627,26.284
1438.199494,32.662,31.542
1438.299333,25.017,24.751
1438.399965,24.586,24.323
1438.499807,31.670,30.894
1438.599656,23.069,22.818
1438.699498,26.406,26.028
1438.799333,30.088,29.404
1438.899967,23.835,23.613
1438.999804,24.425,24.116
1439.099651,23.354,23.086
1439.199486,24.309,24.012
1439.299331,23.713,23.343
1439.399980,25.548,25.249
1439.499819,23.751,23.410
1439.599663,25.388,25.034
1439.699512,24.416,24.076
1439.799354,23.352,23.011
1439.899998,25.408,25.085
1439.999839,22.682,22.369
1440.099663,25.529,25.192
1440.199487,22.684,22.367
1440.299327,26.511,26.133
1440.399963,24.453,24.103
1440.499803,22.914,22.581
1440.599644,23.777,23.448
1440.699470,28.927,28.598
1440.799308,26.187,25.913
1440.899948,35.727,35.290
1440.999801,25.890,25.545
1441.099636,25.011,24.582
1441.199483,24.927,24.590
1441.299313,27.284,26.953
1441.399945,29.412,29.021
1441.499785,25.422,24.970
1441.599626,23.465,23.150
1441.699473,23.481,22.909
1441.799311,23.747,23.441
1441.899952,25.007,24.668
1441.999787,24.397,23.986
1442.099635,24.632,24.313
1442.199476,29.568,29.216
1442.299326,25.114,24.788
1442.399962,27.190,26.860
1442.499797,27.240,26.866
1442.599634,24.442,24.068
1442.699476,25.223,24.909
1442.799321,24.281,23.994
1442.899955,23.485,23.075
1442.999786,24.620,24.280
1443.099621,29.196,28.780
1443.199458,23.710,23.349
1443.299298,23.164,22.832
1443.399937,28.716,28.407
1443.499784,28.691,28.312
1443.599629,26.584,26.271
1443.699466,23.900,23.562
1443.799310,24.201,23.849
1443.899940,23.133,22.765
1443.999793,31.695,31.227
1444.099640,23.946,23.596
1444.199478,24.454,24.196
1444.299318,26.657,26.357
1444.399984,23.164,22.796
1444.499814,26.667,26.346
1444.599661,25.496,24.948
1444.699501,26.374,26.091
1444.799345,23.620,23.101
1444.899991,23.430,23.071
1444.999841,23.777,23.473
1445.099683,24.904,24.570
1445.199512,23.435,23.055
1445.299370,32.729,31.235
1445.399987,32.951,32.044
1445.499830,35.085,34.369
1445.599665,23.176,22.910
1445.699508,23.307,23.017
1445.799348,30.074,29.296
1445.899971,27.546,27.277
1445.999820,23.664,23.300
1446.099672,28.747,28.202
1446.199518,24.772,24.442
1446.299356,24.473,24.132
1446.399984,25.762,25.449
1446.499821,23.706,23.344
1446.599669,30.458,29.911
1446.699503,24.854,24.493
1446.799340,24.318,23.862
1446.899990,25.437,24.728
1446.999832,22.876,22.570
1447.099667,25.827,25.496
1447.199506,23.255,22.892
1447.299333,24.622,24.276
1447.399960,24.136,23.669
1447.499797,26.281,25.926
1447.599634,28.615,28.268
1447.699480,24.283,23.953
1447.799323,26.781,26.468
1447.899965,27.248,26.817
1447.999802,24.512,24.141
1448.099639,23.134,22.850
1448.199483,25.944,25.561
1448.299309,24.682,24.397
1448.399946,24.446,24.107
1448.499788,23.293,23.016
1448.599625,24.016,23.692
1448.699458,27.332,26.984
1448.799288,24.440,24.157
1448.899915,23.734,23.382
1448.999756,24.490,24.182
1449.099595,24.058,23.765
1449.199428,24.518,24.127
1449.299665,24.063,23.234
1449.399508,23.490,23.174
1449.499362,23.877,23.596
1449.599996,23.939,23.601
1449.699834,24.845,24.380
1449.799664,23.523,23.176
1449.899494,27.603,27.124
1449.999330,23.913,23.623
1450.099971,23.932,23.502
1450.199798,23.155,22.857
1450.299653,28.366,27.544
1450.399493,31.517,30.538
1450.499335,23.315,23.074
1450.599971,25.562,25.223
1450.699803,24.806,24.378
1450.799629,23.762,23.420
1450.899473,22.905,22.517
1450.999314,26.869,26.494
1451.099949,28.229,27.910
1451.199783,26.777,26.343
1451.299619,24.975,24.658
1451.399455,22.978,22.641
1451.499292,25.505,25.042
1451.599946,24.936,24.606
1451.699793,23.547,23.230
1451.799634,27.414,27.027
1451.899460,24.728,24.405
1451.999296,24.117,23.775
1452.099926,23.460,23.089
1452.199760,24.245,23.882
1452.299609,27.816,27.375
1452.399436,32.141,30.897
1452.499669,29.573,29.178
1452.599513,22.387,22.114
1452.699357,27.206,26.307
1452.799989,23.329,23.108
1452.899825,24.913,24.526
1452.999655,24.415,23.919
1453.099494,25.864,25.328
1453.199321,26.335,25.997
1453.299967,27.859,27.376
1453.399818,23.056,22.520
1453.499650,24.178,23.853
1453.599497,23.309,22.831
1453.699340,25.763,25.416
1453.799980,23.678,23.368
1453.899818,25.397,24.959
1453.999661,23.947,23.626
1454.099519,23.618,23.289
1454.199349,23.431,23.144
1454.299985,29.891,29.109
1454.399810,23.284,22.977
1454.499650,26.811,26.366
1454.599492,25.174,24.842
1454.699338,23.179,22.717
1454.799976,24.879,24.452
1454.899816,26.820,26.459
1454.999644,24.431,24.111
1455.099473,24.835,24.523
1455.199308,26.920,26.558
1455.299947,23.417,23.044
1455.399789,26.298,25.985
1455.499622,27.519,25.958
1455.599474,24.724,24.352
1455.699317,30.675,30.340
1455.799958,28.217,27.864
1455.899778,24.824,24.371
1455.999622,27.707,27.349
1456.099460,27.216,26.739
1456.199292,27.552,27.201
1456.299932,26.534,26.141
1456.399775,23.373,23.078
1456.499616,24.079,23.419
1456.599453,24.226,23.877
1456.699296,22.987,22.625
1456.799924,23.392,23.067
1456.899772,23.489,23.184
1456.999621,26.112,25.765
1457.099457,26.133,25.806
1457.199302,26.301,25.963
1457.299947,24.538,24.001
1457.399777,28.179,27.877
1457.499616,24.588,24.273
1457.599460,26.535,25.973
1457.699291,27.781,27.430
1457.799920,23.834,23.519
1457.899762,24.500,24.201
1457.999597,25.476,25.081
1458.099428,26.600,26.139
1458.199663,24.646,24.177
1458.299512,26.194,25.765
1458.399347,23.095,22.750
1458.499993,30.182,29.798
1458.599827,25.464,25.105
1458.699666,23.314,22.913
1458.799513,25.805,25.500
1458.899357,23.543,23.102
1458.999616,23.414,23.089
1459.099449,23.001,22.579
1459.199284,26.476,26.035
1459.299917,23.410,23.090
1459.399750,29.596,29.185
1459.499594,25.117,24.758
1459.599436,25.189,24.682
1459.699679,23.383,22.938
1459.799527,24.630,24.314
1459.899374,23.945,23.614
1459.999614,28.254,27.891
1460.099453,26.509,25.652
1460.199299,24.054,23.675
1460.299938,26.523,26.041
1460.399784,34.655,33.756
1460.499618,24.169,23.924
1460.599465,23.053,22.667
1460.699303,30.636,29.821
1460.799943,24.199,23.970
1460.899782,26.004,25.617
1460.999627,30.818,29.952
1461.099493,24.168,23.902
1461.199329,24.636,24.212
1461.299965,34.912,33.650
1461.399805,22.807,22.416
1461.499649,25.495,25.190
1461.599487,30.696,29.992
1461.699330,23.038,22.747
1461.799966,22.664,22.376
1461.899807,29.284,28.650
1461.999642,29.718,28.879
1462.099467,23.486,23.260
1462.199302,27.614,26.590
1462.299942,26.501,26.126
1462.399776,24.415,23.972
1462.499613,30.346,29.372
1462.599455,34.451,32.461
1462.699295,22.853,22.395
1462.799949,25.027,24.658
1462.899797,30.138,29.133
1462.999644,22.354,22.091
1463.099492,31.377,29.210
1463.199349,31.152,30.428
1463.299995,22.898,22.616
1463.399816,23.242,22.913
1463.499652,26.324,24.306
1463.599509,23.957,23.635
1463.699343,24.122,23.758
1463.799984,23.003,22.669
1463.899817,23.323,22.938
1463.999653,22.876,22.535
1464.099499,30.914,30.438
1464.199341,30.106,29.658
1464.299998,24.553,24.089
1464.399837,24.019,23.569
1464.499688,25.462,25.148
1464.599533,23.910,23.619
1464.699388,23.494,23.137
1464.799625,25.445,25.115
1464.899463,22.831,22.522
1464.999284,22.550,22.230
1465.099913,25.481,25.085
1465.199755,22.819,22.500
1465.299581,25.451,25.090
1465.399427,30.882,30.553
1465.499670,27.007,26.629
1465.599504,24.341,24.020
1465.699346,23.046,22.692
1465.799972,23.830,23.527
1465.899810,23.919,23.446
1465.999637,23.380,23.049
1466.099488,29.133,28.795
1466.199327,27.440,27.033
1466.299964,30.496,30.150
1466.399798,35.151,34.803
1466.499632,26.546,26.200
1466.599481,24.771,24.460
1466.699302,23.084,22.753
1466.799933,23.386,23.040
1466.899781,24.075,23.738
1466.999631,22.764,22.490
1467.099467,24.341,24.023
1467.199299,26.919,26.490
1467.299928,25.387,24.968
1467.399771,23.308,23.001
1467.499602,25.826,25.450
1467.599435,26.509,26.067
1467.699673,26.926,26.560
1467.799516,22.440,22.083
1467.899358,23.319,22.899
1467.999613,27.139,26.748
1468.099454,24.204,23.850
1468.199293,24.259,23.974
1468.299927,29.507,29.131
1468.399763,23.017,22.648
1468.499615,26.093,25.710
1468.599457,28.071,27.677
1468.699299,25.853,25.427
1468.799952,24.854,24.307
1468.899789,29.158,27.760
1468.999637,29.211,28.798
1469.099486,27.423,27.000
1469.199325,23.793,23.357
1469.299974,24.064,23.718
1469.399827,23.978,23.702
1469.499662,23.498,23.102
1469.599509,29.826,29.475
1469.699351,27.656,27.372
1469.799993,23.106,22.798
1469.899827,24.159,23.822
1469.999659,24.472,24.161
1470.099501,28.122,27.810
1470.199332,31.776,30.397
1470.299966,23.633,23.303
1470.399792,24.659,24.082
1470.499615,30.526,29.616
1470.599452,25.623,25.380
1470.699300,22.936,22.635
1470.799958,31.992,31.082
1470.899802,24.468,24.190
1470.999652,25.614,25.290
1471.099512,24.904,24.588
1471.199346,24.610,24.252
1471.299986,22.918,22.477
1471.399827,23.663,23.362
1471.499655,23.831,23.533
1471.599485,29.537,29.031
1471.699337,27.585,27.281
1471.799964,35.467,35.024
1471.899805,23.084,22.772
1471.999640,29.881,29.571
1472.099474,32.411,31.648
1472.199314,23.444,23.113
1472.299942,25.060,24.686
1472.399783,25.504,25.199
1472.499622,25.194,24.863
1472.599453,28.701,28.376
1472.699293,38.943,38.631
1472.799946,24.375,24.103
1472.899776,28.655,27.896
1472.999629,23.055,22.801
1473.099472,23.446,23.113
1473.199309,34.319,33.392
1473.299938,21.886,21.644
1473.399774,23.533,23.144
1473.499613,22.485,22.170
1473.599444,22.972,22.614
1473.699672,22.573,22.302
1473.799503,34.264,33.867
1473.899338,24.080,23.731
1473.999966,22.922,22.649
1474.099806,23.993,23.703
1474.199642,24.014,23.681
1474.299489,24.283,23.993
1474.399337,23.633,23.213
1474.499985,24.082,23.551
1474.599828,28.357,28.041
1474.699672,23.583,23.315
1474.799513,25.639,25.259
1474.899356,22.418,22.086
1474.999988,27.191,26.832
1475.099830,31.571,31.235
1475.199657,24.851,24.511
1475.299496,24.287,23.975
1475.399363,22.752,22.421
1475.499985,23.928,23.240
1475.599827,28.824,28.467
1475.699667,33.173,32.525
1475.799504,22.228,22.003
1475.899350,23.267,22.914
1475.999604,30.043,28.273
1476.099451,34.831,34.578
1476.199287,25.843,24.840
1476.299910,27.834,26.987
1476.399735,38.430,32.221
1476.499584,25.088,22.879
1476.599421,24.768,24.346
1476.699664,24.840,24.389
1476.799519,25.104,24.732
1476.899362,24.068,23.702
1476.999604,26.957,26.475
1477.099437,27.450,27.065
1477.199674,22.518,22.213
1477.299513,22.698,22.367
1477.399345,25.493,25.142
1477.499993,27.303,26.761
1477.599831,23.574,22.925
1477.699670,23.385,22.997
1477.799517,22.243,21.918
1477.899374,26.427,25.975
1477.999621,23.973,23.622
1478.099468,22.726,22.283
1478.199314,23.409,23.101
1478.299958,26.806,26.375
1478.399811,24.730,24.378
1478.499641,25.495,25.188
1478.599479,22.311,21.983
1478.699310,23.207,22.883
1478.799945,24.317,23.870
1478.899772,27.459,27.087
1478.999600,22.820,22.529
1479.099438,27.492,27.169
1479.199284,22.333,22.057
1479.299920,23.970,23.591
1479.399753,22.655,22.309
1479.499593,26.464,26.073
1479.599447,23.575,23.233
1479.699296,23.633,23.207
1479.799927,23.301,22.653
1479.899764,23.483,23.094
1479.999601,21.985,21.684
1480.099429,25.043,24.768
1480.199657,22.175,21.845
1480.299498,26.096,25.647
1480.399342,23.903,23.633
1480.499992,22.078,21.799
1480.599827,22.649,22.332
1480.699668,22.446,22.115
1480.799508,23.790,23.503
1480.899367,22.708,22.378
1480.999604,33.272,32.469
1481.099457,22.715,22.467
1481.199293,25.211,24.579
1481.299937,25.445,25.078
1481.399783,24.582,24.184
1481.499629,23.382,22.960
1481.599458,22.748,22.433
1481.699287,25.106,24.747
1481.799932,22.948,22.643
1481.899761,22.625,22.285
1481.999588,25.813,25.349
1482.099439,28.859,28.523
1482.199281,22.825,22.449
1482.299915,22.395,22.082
1482.399747,22.173,21.853
1482.499588,33.229,32.893
1482.599427,22.831,22.478
1482.699283,23.739,23.424
1482.799922,23.936,23.630
1482.899762,25.806,24.938
1482.999618,25.674,25.385
1483.099450,22.814,22.497
1483.199292,24.879,24.592
1483.299933,31.188,30.479
1483.399770,32.037,31.782
1483.499620,21.501,21.184
1483.599466,29.511,28.574
1483.699298,21.469,21.153
1483.799939,25.568,25.252
1483.899785,23.235,22.922
1483.999628,22.858,22.498
1484.099477,22.416,22.063
1484.199323,23.882,23.555
1484.299961,21.956,21.638
1484.399794,24.894,24.413
1484.499634,22.359,22.047
1484.599475,24.897,24.579
1484.699316,25.045,24.737
1484.799949,24.270,23.915
1484.899792,25.815,25.506
1484.999630,27.068,26.703
1485.099467,23.730,23.364
1485.199310,24.027,23.679
1485.299937,22.855,22.550
1485.399774,24.656,24.176
1485.499617,24.371,23.207
1485.599457,22.571,22.219
1485.699303,24.081,23.755
1485.799941,27.145,26.639
1485.899774,25.916,25.479
1485.999612,24.013,23.616
1486.099436,27.316,26.890
1486.199658,24.615,24.262
1486.299498,26.862,26.566
1486.399333,26.534,26.226
1486.499981,24.190,23.916
1486.599818,22.906,22.587
1486.699655,25.027,24.699
1486.799494,23.865,23.592
1486.899341,24.523,24.218
1486.999988,24.883,24.600
1487.099829,22.928,22.586
1487.199682,23.211,22.899
1487.299518,22.421,22.101
1487.399358,24.075,23.757
1487.499605,23.460,23.109
1487.599432,25.271,24.938
1487.699664,58.255,57.558
1487.799507,27.960,27.636
1487.899349,29.692,28.649
1487.999997,22.517,22.204
1488.099839,24.006,23.579
1488.199673,26.675,26.196
1488.299528,23.754,23.380
1488.399356,22.960,22.661
1488.499605,23.731,23.275
1488.599461,27.541,27.223
1488.699296,32.189,31.491
1488.799938,31.818,30.742
1488.899775,22.508,22.255
1488.999617,23.205,22.821
1489.099450,28.282,27.432
1489.199291,32.443,31.505
1489.299937,22.558,22.307
1489.399782,26.070,25.680
1489.499617,29.777,29.411
1489.599455,33.215,32.850
1489.699296,29.066,28.380
1489.799928,22.109,21.831
1489.899770,24.591,24.146
1489.999611,27.443,27.054
1490.099452,23.114,22.522
1490.199298,24.001,23.634
1490.299930,26.524,26.191
1490.399775,22.973,22.546
1490.499616,22.448,22.052
1490.599448,24.047,23.685
1490.699293,23.656,23.224
1490.799943,27.542,27.125
1490.899783,22.820,22.411
1490.999626,24.301,23.657
1491.099463,24.280,23.975
1491.199305,22.705,22.417
1491.299936,22.763,22.491
1491.399783,23.251,22.929
1491.499628,23.120,22.752
1491.599482,24.012,23.620
1491.699318,23.725,23.237
1491.799954,25.847,25.505
1491.899793,23.789,23.463
1491.999630,25.465,25.124
1492.099471,23.330,23.047
1492.199308,23.158,22.843
1492.299946,25.927,25.526
1492.399783,23.396,23.024
1492.499623,27.544,26.931
1492.599469,23.998,23.719
1492.699308,24.326,23.968
1492.799951,23.559,22.709
1492.899783,23.472,22.764
1492.999619,24.873,24.269
1493.099449,27.876,26.854
1493.199290,21.414,21.127
1493.299931,23.763,23.394
1493.399771,29.149,28.272
1493.499628,28.740,28.502
1493.599473,24.620,24.015
1493.699300,29.284,28.461
1493.799948,30.745,30.518
1493.899794,21.989,21.740
1493.999636,22.761,22.488
1494.099477,33.213,32.464
1494.199315,22.680,22.441
1494.299947,27.295,26.393
1494.399792,30.362,29.572
1494.499642,22.562,22.131
1494.599490,22.828,22.444
1494.699326,24.370,23.825
1494.799970,23.865,23.451
1494.899795,32.775,31.113
1494.999638,22.175,21.886
1495.099475,21.556,21.196
1495.199312,32.266,31.182
1495.299938,22.493,22.216
1495.399791,22.889,22.554
1495.499637,23.946,23.302
1495.599487,33.628,32.862
1495.699319,22.134,21.823
1495.799962,23.009,22.670
1495.899789,28.210,27.582
1495.999646,21.660,21.431
1496.099488,23.220,22.888
1496.199326,23.125,22.708
1496.299968,23.169,22.816
1496.399797,23.102,22.783
1496.499633,22.894,22.568
1496.599484,24.187,23.648
1496.699318,23.365,22.970
1496.799964,22.787,22.472
1496.899805,23.430,22.899
1496.999642,24.192,23.838
1497.099474,22.910,22.569
1497.199330,22.972,22.540
1497.299970,27.050,26.718
1497.399829,23.176,22.785
1497.499685,22.509,22.129
1497.599531,22.825,22.463
1497.699385,28.235,27.878
1497.799627,24.572,24.212
1497.899461,24.781,24.417
1497.999289,23.946,23.539
1498.099930,23.937,23.632
1498.199777,23.707,23.368
1498.299594,22.987,22.684
1498.399449,24.066,23.747
1498.499288,24.375,24.087
1498.599922,22.758,22.437
1498.699762,22.706,22.398
1498.799601,22.624,22.250
1498.899447,21.756,21.512
1498.999284,22.720,22.413
1499.099927,23.760,23.511
1499.199766,24.884,24.639
1499.299624,23.453,23.151
1499.399462,24.545,24.193
1499.499298,29.243,28.862
1499.599946,22.217,21.771
1499.699795,24.193,23.759
1499.799627,22.375,22.068
1499.899469,22.374,22.062
1499.999302,23.646,23.267
1500.099952,29.372,28.310
1500.199787,24.274,23.935
1500.299617,29.750,28.730
1500.399460,23.396,23.104
1500.499296,22.857,22.528
1500.599939,29.102,28.313
1500.699789,21.837,21.586
1500.799629,22.945,22.614
1500.899470,28.793,27.645
1500.999309,28.505,27.806
1501.099971,22.736,22.404
1501.199813,23.804,23.364
1501.299660,30.607,29.032
1501.399501,21.824,21.552
1501.499345,24.735,23.634
1501.599989,23.543,23.218
1501.699840,22.655,22.331
1501.799685,22.336,22.032
1501.899528,23.098,22.739
1501.999362,24.243,23.941
1502.099995,23.112,22.735
1502.199829,25.701,25.398
1502.299672,23.286,22.934
1502.399517,24.813,24.530
1502.499359,24.663,24.299
1502.599601,24.624,24.258
1502.699445,29.551,29.131
1502.799672,27.255,26.785
1502.899517,28.042,27.704
1502.999370,25.288,24.813
1503.099605,23.357,23.016
1503.199464,27.283,26.877
1503.299318,27.004,26.618
1503.399966,24.112,23.675
1503.499799,22.791,22.488
1503.599635,26.035,25.662
1503.699482,25.391,25.031
1503.799318,25.046,24.749
1503.899966,23.410,23.125
1503.999809,24.534,24.127
1504.099638,31.609,30.696
1504.199487,22.703,22.457
1504.299333,23.653,23.299
1504.399971,32.716,31.819
1504.499812,21.353,21.116
1504.599643,23.678,23.239
1504.699483,24.985,24.674
1504.799320,23.711,23.356
1504.899964,23.372,23.071
1504.999803,24.457,24.122
1505.099639,23.785,23.472
1505.199480,23.555,22.880
1505.299326,24.033,23.764
1505.399956,22.179,21.905
1505.499797,22.752,22.476
1505.599637,23.262,22.939
1505.699480,27.956,27.631
1505.799315,24.851,24.551
1505.899950,23.064,22.790
1505.999787,27.245,26.901
1506.099627,25.111,24.838
1506.199472,23.233,22.924
1506.299310,23.898,23.573
1506.399953,23.216,22.836
1506.499794,23.491,23.204
1506.599639,28.282,27.542
1506.699478,23.574,23.279
1506.799316,24.210,23.604
1506.899963,34.480,33.506
1506.999791,22.446,22.205
1507.099637,23.796,23.443
1507.199485,24.217,23.874
1507.299317,24.443,24.110
1507.399959,25.563,25.126
1507.499787,31.124,30.751
1507.599637,27.786,27.350
1507.699479,25.668,25.261
1507.799335,26.287,25.879
1507.899968,23.407,23.004
1507.999821,23.666,23.305
1508.099663,23.885,23.327
1508.199514,24.088,23.716
1508.299354,24.719,24.360
1508.399991,23.181,22.862
1508.499825,25.223,24.858
1508.599664,23.505,23.187
1508.699487,23.891,23.548
1508.799343,23.643,23.307
1508.899991,23.739,23.425
1508.999841,24.682,24.362
1509.099690,26.008,25.685
1509.199533,39.168,38.842
1509.299375,23.868,23.545
1509.399997,40.422,39.978
1509.499839,23.556,23.143
1509.599686,30.960,30.439
1509.699524,22.985,22.667
1509.799368,35.923,35.606
1509.899604,23.926,23.557
1509.999438,25.363,25.034
1510.099293,23.498,23.161
1510.199932,23.137,22.792
1510.299791,25.623,25.286
1510.399630,23.286,22.896
1510.499463,24.168,23.841
1510.599305,23.733,23.403
1510.699943,25.453,25.126
1510.799794,23.880,23.535
1510.899633,23.639,23.317
1510.999477,24.592,24.251
1511.099339,23.003,22.660
1511.199988,25.506,25.090
1511.299818,24.357,24.007
1511.399656,28.592,28.206
1511.499495,24.277,23.954
1511.599334,25.085,24.475
1511.699976,23.357,23.012
1511.799831,27.416,27.077
1511.899667,23.623,23.256
1511.999505,25.399,25.057
1512.099348,24.148,23.827
1512.199606,22.933,22.598
1512.299456,22.969,22.676
1512.399299,23.896,23.525
1512.499927,24.759,24.422
1512.599768,24.655,24.164
1512.699608,23.335,22.976
1512.799458,23.179,22.874
1512.899300,22.805,22.465
1512.999935,24.031,23.669
1513.099759,30.033,29.587
1513.199599,28.695,28.406
1513.299434,23.840,23.501
1513.399661,22.856,22.537
1513.499492,22.928,22.602
1513.599333,22.882,22.516
1513.699994,23.409,23.024
1513.799837,25.962,25.611
1513.899682,23.328,22.989
1513.999528,25.694,25.148
1514.099364,23.667,23.240
1514.199601,23.131,22.836
1514.299437,22.829,22.408
1514.399284,23.306,23.007
1514.499928,23.186,22.742
1514.599772,22.783,22.479
1514.699618,23.029,22.662
1514.799450,23.133,22.850
1514.899303,23.779,23.455
1514.999937,25.646,25.338
1515.099780,23.160,22.694
1515.199621,25.323,24.996
1515.299472,23.907,23.562
1515.399312,24.484,24.154
1515.499954,24.889,23.978
1515.599798,23.429,23.091
1515.699634,23.998,23.627
1515.799469,23.663,23.318
1515.899313,24.479,24.125
1515.999975,25.074,24.771
1516.099816,26.464,26.123
1516.199647,27.513,27.110
1516.299499,22.841,22.481
1516.399340,24.558,24.245
1516.499982,23.871,23.485
1516.599826,23.926,23.382
1516.699672,31.844,29.857
1516.799512,22.378,22.153
1516.899352,23.779,23.452
1516.999986,23.697,23.410
1517.099830,23.593,23.298
1517.199684,29.170,28.822
1517.299526,24.356,24.010
1517.399370,23.703,23.395
1517.499602,24.541,23.989
1517.599444,26.382,26.049
1517.699288,22.918,22.609
1517.799926,24.043,23.627
1517.899770,32.586,31.984
1517.999602,24.926,24.596
1518.099444,26.028,25.639
1518.199300,30.005,29.324
1518.299935,23.811,23.589
1518.399775,24.639,24.322
1518.499610,35.343,33.900
1518.599466,23.294,22.966
1518.699304,32.844,31.986
1518.799935,32.317,30.611
1518.899784,25.358,25.012
1518.999621,25.739,25.409
1519.099444,24.030,23.389
1519.199285,23.822,23.555
1519.299919,23.349,23.026
1519.399755,27.008,26.721
1519.499595,24.490,24.187
1519.599426,23.256,22.940
1519.699665,24.381,24.037
1519.799507,24.066,23.739
1519.899356,26.172,25.806
1519.999995,23.684,23.374
1520.099834,28.422,28.095
1520.199655,26.640,26.231
1520.299500,27.619,27.277
1520.399323,25.535,25.205
1520.499962,24.749,24.412
1520.599797,24.459,24.185
1520.699642,26.157,25.726
1520.799491,23.319,23.044
1520.899321,30.194,29.409
1520.999958,22.516,22.297
1521.099800,23.537,23.239
1521.199639,29.550,28.885
1521.299488,22.966,22.696
1521.399327,22.666,22.362
1521.499958,28.885,28.249
1521.599812,28.297,27.970
1521.699662,25.169,24.772
1521.799489,26.517,25.702
1521.899309,27.039,26.802
1521.999958,24.684,24.366
1522.099799,22.989,22.652
1522.199637,31.757,30.365
1522.299470,25.015,24.642
1522.399303,26.299,25.872
1522.499941,32.089,31.148
1522.599772,21.889,21.643
1522.699611,23.112,22.782
1522.799453,37.798,36.580
1522.899292,30.869,30.515
1522.999941,25.125,24.781
1523.099782,34.207,33.459
1523.199637,22.418,22.111
1523.299477,27.293,26.973
1523.399325,39.336,38.410
1523.499960,22.659,22.403
1523.599814,23.470,23.156
1523.699661,33.877,32.026
1523.799479,23.186,22.899
1523.899320,27.799,27.439
1523.999955,40.600,39.737
1524.099772,22.161,21.930
1524.199617,23.096,22.345
1524.299464,31.402,30.699
1524.399314,33.844,33.123
1524.499959,23.170,22.931
1524.599791,26.264,25.962
1524.699618,29.941,29.270
1524.799466,22.458,22.224
1524.899304,24.952,24.560
1524.999932,38.027,36.695
1525.099768,23.391,23.122
1525.199614,25.177,24.708
1525.299456,24.091,23.765
1525.399293,23.116,22.777
1525.499926,24.915,24.546
1525.599751,23.672,23.329
1525.699580,24.589,24.033
1525.799403,23.793,23.445
1525.899645,25.107,24.705
1525.999485,24.475,24.200
1526.099326,23.258,22.955
1526.199968,24.531,24.232
1526.299817,24.584,24.217
1526.399646,24.598,23.911
1526.499484,25.594,25.172
1526.599328,23.394,23.056
1526.699962,23.027,22.719
1526.799803,25.092,24.789
1526.899636,25.462,24.825
1526.999467,23.162,22.794
1527.099305,24.352,24.078
1527.199949,23.621,23.311
1527.299788,22.963,22.649
1527.399644,24.627,24.286
1527.499491,22.916,22.609
1527.599346,22.747,22.419
1527.699989,24.726,24.379
1527.799829,23.095,22.773
1527.899669,28.733,28.295
1527.999502,27.666,27.053
1528.099340,24.289,23.745
1528.199965,23.760,23.471
1528.299799,22.908,22.557
1528.399647,24.386,24.046
1528.499490,22.782,22.489
1528.599324,27.747,27.466
1528.699953,22.886,22.586
1528.799794,28.438,28.109
1528.899642,23.076,22.817
1528.999489,23.225,22.922
1529.099330,24.064,23.751
1529.199973,24.070,23.678
1529.299807,24.122,23.744
1529.399644,23.801,23.431
1529.499492,22.731,22.428
1529.599321,29.821,29.355
1529.699968,22.999,22.676
1529.799806,23.884,23.555
1529.899660,22.172,21.853
1529.999494,22.595,22.291
1530.099331,31.334,30.998
1530.199976,22.478,22.098
1530.299814,27.295,26.900
1530.399651,25.536,25.246
1530.499482,26.458,26.137
1530.599342,24.013,23.703
1530.699976,24.278,23.859
1530.799815,27.059,26.734
1530.899651,23.487,23.143
1530.999486,29.115,28.801
1531.099334,25.361,24.970
1531.199971,23.536,23.195
1531.299805,24.126,23.781
1531.399639,33.093,32.681
1531.499473,22.633,22.152
1531.599323,26.157,25.751
1531.699965,26.281,25.948
1531.799800,22.702,22.368
1531.899635,22.465,22.143
1531.999493,32.789,32.453
1532.099314,22.210,21.905
1532.199952,22.414,22.116
1532.299780,22.499,22.152
1532.399629,24.623,24.332
1532.499457,22.619,22.258
1532.599289,23.253,22.905
1532.699929,23.096,22.807
1532.799769,24.636,24.268
1532.899604,31.459,30.976
1532.999452,23.626,23.350
1533.099285,23.238,22.918
1533.199904,32.253,31.951
1533.299749,33.629,33.043
1533.399587,23.060,22.747
1533.499435,25.858,25.425
1533.599679,23.319,23.009
1533.699512,28.895,28.592
1533.799349,23.006,22.693
1533.899992,30.049,29.698
1533.999823,23.114,22.748
1534.099658,23.209,22.844
1534.199497,24.996,24.673
1534.299344,30.698,30.298
1534.399976,20.325,20.023
1534.499817,21.890,21.586
1534.599660,21.930,21.565
1534.699482,22.841,22.515
1534.799324,23.783,22.864
1534.899968,24.703,24.391
1534.999813,23.167,22.894
1535.099661,24.272,23.804
1535.199505,24.041,23.568
1535.299346,24.438,24.161
1535.399992,24.194,23.899
1535.499829,24.170,23.668
1535.599667,23.129,22.864
1535.699500,24.335,24.047
1535.799337,23.536,23.247
1535.899975,23.968,23.492
1535.999817,23.160,22.870
1536.099657,24.545,24.219
1536.199497,24.117,23.783
1536.299329,24.484,24.098
1536.399964,22.049,21.746
1536.499807,22.058,21.688
1536.599645,29.382,29.016
1536.699491,22.718,22.358
1536.799326,24.800,24.465
1536.899952,23.862,23.571
1536.999795,26.092,25.580
1537.099637,22.101,21.848
1537.199482,23.509,23.200
1537.299315,22.080,21.760
1537.399949,21.914,21.643
1537.499798,22.356,22.055
1537.599655,22.127,21.815
1537.699486,22.075,21.639
1537.799328,26.826,26.498
1537.899961,22.266,21.971
1537.999797,22.241,21.913
1538.099626,24.913,24.562
1538.199463,22.382,21.980
1538.299305,26.609,26.135
1538.399936,25.350,24.840
1538.499770,23.020,22.621
1538.599624,22.874,22.477
1538.699466,23.107,22.692
1538.799305,22.397,22.092
1538.899949,23.748,23.394
1538.999796,23.393,22.994
1539.099634,22.825,22.486
1539.199475,25.579,25.271
1539.299320,27.101,26.707
1539.399950,30.073,29.732
1539.499806,26.306,25.161
1539.599649,23.359,23.003
1539.699501,24.770,24.320
1539.799354,23.155,22.810
1539.899992,26.805,26.295
1539.999831,25.648,25.303
1540.099670,30.154,29.298
1540.199511,24.968,24.670
1540.299354,23.338,23.023
1540.399986,25.095,24.700
1540.499837,23.093,22.625
1540.599686,23.000,22.693
1540.699520,24.191,23.873
1540.799364,23.534,23.179
1540.899602,23.546,23.277
1540.999430,23.963,23.603
1541.099661,23.554,23.026
1541.199496,25.006,24.213
1541.299341,24.056,23.650
1541.399983,23.519,23.090
1541.499829,25.403,25.036
1541.599666,25.881,25.561
1541.699513,27.335,26.967
1541.799347,24.950,24.674
1541.899997,23.376,22.812
1541.999836,24.088,22.890
1542.099672,24.053,23.560
1542.199518,24.880,24.317
1542.299355,32.070,31.644
1542.399995,33.009,32.670
1542.499841,25.412,24.963
1542.599668,26.503,26.163
1542.699507,27.266,26.695
1542.799344,29.123,28.762
1542.899979,24.631,24.233
1542.999817,24.067,23.144
1543.099660,24.180,23.857
1543.199484,23.901,23.527
1543.299323,23.244,22.840
1543.399966,25.136,24.703
1543.499799,28.415,28.064
1543.599646,26.546,26.169
1543.699477,23.417,23.046
1543.799315,24.156,23.741
1543.899951,23.298,23.010
1543.999779,25.980,25.665
1544.099611,26.130,25.730
1544.199461,26.151,25.700
1544.299312,27.753,27.406
1544.399948,28.562,28.168
1544.499797,24.908,24.481
1544.599644,33.713,33.441
1544.699486,33.401,33.120
1544.799340,26.714,25.962
1544.899975,23.600,22.907
1544.999811,23.173,22.880
1545.099654,27.500,27.247
1545.199497,24.538,24.181
1545.299333,23.126,22.884
1545.399974,23.118,22.751
1545.499824,24.121,23.842
1545.599670,23.286,22.965
1545.699520,26.796,26.187
1545.799363,22.055,21.791
1545.899606,22.383,22.150
1545.999443,23.102,22.845
1546.099294,23.918,23.672
1546.199942,23.855,23.462
1546.299768,22.149,21.902
1546.399607,28.851,27.879
1546.499444,22.646,22.351
1546.599283,29.001,28.753
1546.699921,22.195,21.948
1546.799769,23.113,22.839
1546.899606,24.398,24.082
1546.999462,30.209,29.500
1547.099297,29.925,29.129
1547.199931,23.837,23.558
1547.299793,27.236,26.960
1547.399622,28.985,28.260
1547.499459,27.603,26.795
1547.599309,28.873,28.106
1547.699931,21.937,21.677
1547.799776,26.288,25.901
1547.899622,23.680,23.351
1547.999474,22.864,22.560
1548.099316,23.739,23.375
1548.199973,25.711,25.423
1548.299813,23.215,22.922
1548.399673,24.425,24.089
1548.499520,24.543,24.030
1548.599375,24.725,24.434
1548.699617,24.164,23.835
1548.799457,23.625,23.329
1548.899295,23.998,23.680
1548.999930,24.037,23.523
1549.099791,24.081,23.762
1549.199635,24.736,24.362
1549.299473,27.498,27.092
1549.399302,24.946,24.610
1549.499939,23.155,22.802
1549.599790,24.471,24.103
1549.699635,26.272,25.927
1549.799479,32.768,31.269
1549.899307,22.845,22.614
1549.999958,23.529,23.220
1550.099793,28.418,27.724
1550.199639,22.696,22.345
1550.299472,26.149,25.863
1550.399300,30.967,30.203
1550.499942,34.117,33.250
1550.599785,25.414,25.163
1550.699630,24.096,23.753
1550.799472,29.836,28.878
1550.899310,31.922,31.662
1550.999949,23.028,22.694
1551.099799,30.381,30.096
1551.199625,26.711,26.394
1551.299461,26.616,26.338
1551.399299,25.165,24.864
1551.499940,28.515,27.940
1551.599785,29.424,29.096
1551.699634,25.988,25.649
1551.799467,29.570,29.253
1551.899292,27.291,26.936
1551.999927,29.177,28.781
1552.099770,25.282,24.872
1552.199619,23.538,23.221
1552.299461,25.677,25.341
1552.399308,24.184,23.795
1552.499945,25.238,24.840
1552.599785,23.717,23.250
1552.699618,27.944,27.545
1552.799457,25.290,24.952
1552.899289,24.347,23.947
1552.999937,25.276,24.661
1553.099768,24.738,24.372
1553.199616,24.536,24.062
1553.299444,23.433,23.089
1553.399289,26.098,25.650
1553.499919,25.446,25.127
1553.599756,25.026,24.765
1553.699591,24.994,24.623
1553.799436,28.099,27.783
1553.899669,31.147,30.796
1553.999514,24.260,23.908
1554.099357,24.404,23.926
1554.199991,23.473,23.061
1554.299828,24.747,24.325
1554.399662,23.205,22.929
1554.499495,24.518,24.241
1554.599342,24.302,23.915
1554.699974,24.108,23.803
1554.799822,28.219,27.773
1554.899659,24.724,24.350
1554.999502,24.617,24.126
1555.099342,24.681,24.343
1555.199973,27.044,26.623
1555.299823,29.687,29.313
1555.399672,25.402,25.052
1555.499522,24.371,24.035
1555.599359,30.809,30.425
1555.699608,23.980,23.666
1555.799464,23.831,23.491
1555.899314,25.164,24.568
1555.999942,24.501,24.030
1556.099779,25.319,24.945
1556.199609,24.186,23.735
1556.299448,25.804,25.458
1556.399289,23.812,23.496
1556.499928,23.560,23.230
1556.599761,24.504,24.106
1556.699590,26.248,25.906
1556.799421,23.863,23.518
1556.899656,23.534,23.216
1556.999488,32.747,32.270
1557.099321,25.644,25.273
1557.199961,27.554,27.084
1557.299798,26.850,26.420
1557.399635,25.282,24.049
1557.499484,24.498,23.823
1557.599320,23.932,23.583
1557.699956,31.216,30.693
1557.799790,27.380,26.939
1557.899630,31.946,31.569
1557.999460,23.718,23.365
1558.099300,23.606,23.300
1558.199936,24.518,23.963
1558.299785,26.923,26.562
1558.399627,24.613,24.290
1558.499457,38.720,38.327
1558.599297,27.372,26.400
1558.699926,27.831,27.467
1558.799775,27.448,27.110
1558.899620,24.300,23.945
1558.999446,25.605,25.318
1559.099297,27.174,26.882
1559.199927,23.531,23.251
1559.299776,23.698,23.370
1559.399623,28.761,28.313
1559.499479,25.169,24.809
1559.599312,24.130,23.807
1559.699940,27.485,27.168
1559.799764,25.538,25.196
1559.899607,23.979,23.673
1559.999444,26.505,26.091
1560.099288,25.347,24.968
1560.199941,24.682,23.990
1560.299769,24.923,24.404
1560.399612,25.443,25.064
1560.499452,25.813,25.482
1560.599281,33.153,32.266
1560.699925,25.466,25.127
1560.799774,23.364,23.052
1560.899623,34.381,32.698
1560.999464,23.671,23.405
1561.099303,27.178,26.836
1561.199930,32.306,31.027
1561.299744,24.376,24.136
1561.399597,24.317,23.648
1561.499428,30.252,29.504
1561.599669,23.069,22.811
1561.699504,32.987,32.491
1561.799352,30.654,29.521
1561.899993,23.210,22.928
1561.999829,23.391,23.055
1562.099663,30.689,29.722
1562.199519,26.021,25.730
1562.299367,29.232,28.725
1562.399620,25.112,24.800
1562.499469,25.341,24.824
1562.599307,24.465,24.192
1562.699954,25.563,25.217
1562.799794,26.184,25.836
1562.899639,24.216,23.843
1562.999475,24.208,23.912
1563.099304,25.794,25.453
1563.199930,24.428,23.907
1563.299774,28.743,28.254
1563.399613,26.868,25.990
1563.499441,27.766,26.309
1563.599281,24.266,23.928
1563.699930,32.524,31.789
1563.799765,22.792,22.532
1563.899606,25.050,24.687
1563.999440,29.292,28.442
1564.099281,25.032,24.779
1564.199922,49.072,48.753
1564.299762,24.581,24.254
1564.399597,24.153,23.813
1564.499431,26.094,25.783
1564.599666,25.034,24.703
1564.699510,25.264,24.984
1564.799354,24.220,23.883
1564.899994,24.475,24.172
1564.999847,31.076,30.332
1565.099668,32.262,31.988
1565.199518,23.017,22.776
1565.299346,27.290,26.290
1565.399990,31.201,30.967
1565.499830,23.692,23.281
1565.599662,35.256,34.473
1565.699502,28.680,27.945
1565.799340,33.942,33.034
1565.899967,27.134,26.865
1565.999820,28.865,27.985
1566.099667,32.670,31.888
1566.199501,26.589,26.193
1566.299320,23.883,23.544
1566.399952,23.053,22.699
1566.499791,23.408,23.061
1566.599628,24.899,24.581
1566.699468,23.566,23.239
1566.799321,23.401,22.920
1566.899960,37.310,36.995
1566.999798,24.114,23.776
1567.099629,26.970,26.588
1567.199473,25.364,25.041
1567.299311,25.595,25.231
1567.399956,25.475,25.170
1567.499810,23.631,23.357
1567.599660,24.401,24.070
1567.699500,24.609,24.248
1567.799358,25.011,24.312
1567.899989,25.696,25.346
1567.999829,25.923,25.464
1568.099664,24.186,23.849
1568.199515,25.264,24.702
1568.299365,25.388,25.036
1568.399990,34.556,33.592
1568.499828,23.372,23.061
1568.599661,24.315,23.975
1568.699497,25.378,25.091
1568.799334,25.758,25.343
1568.899983,23.759,23.444
1568.999804,27.221,26.686
1569.099658,23.870,23.550
1569.199499,26.273,25.526
1569.299344,30.287,29.467
1569.399981,26.112,25.841
1569.499817,30.365,28.923
1569.599641,29.164,28.821
1569.699472,22.500,22.242
1569.799327,27.954,26.796
1569.899959,29.950,29.668
1569.999799,27.448,27.155
1570.099632,24.631,24.250
1570.199476,30.906,29.995
1570.299321,26.793,26.540
1570.399967,27.124,26.755
1570.499816,25.909,25.600
1570.599649,26.344,25.928
1570.699487,26.067,25.778
1570.799327,28.422,27.988
1570.899964,25.836,25.431
1570.999791,26.653,26.299
1571.099625,23.265,22.928
1571.199471,25.627,25.261
1571.299317,24.018,23.716
1571.399958,27.839,27.565
1571.499804,27.985,27.635
1571.599643,25.859,25.498
1571.699472,23.534,23.142
1571.799309,23.816,23.445
1571.899948,23.676,23.345
1571.999791,24.216,23.868
1572.099635,24.197,23.885
1572.199467,25.688,25.324
1572.299313,26.743,26.396
1572.399958,27.455,27.126
1572.499809,26.794,26.472
1572.599642,30.348,29.548
1572.699487,39.254,37.208
1572.799313,25.632,25.308
1572.899935,25.790,25.477
1572.999776,38.590,37.642
1573.099615,26.109,25.846
1573.199458,25.401,24.974
1573.299309,24.059,23.740
1573.399948,32.968,32.653
1573.499790,23.886,23.523
1573.599629,25.364,24.974
1573.699462,24.220,23.856
1573.799296,24.501,24.150
1573.899944,24.277,23.767
1573.999787,23.459,23.013
1574.099615,25.870,25.143
1574.199454,24.264,23.957
1574.299297,24.658,24.371
1574.399918,24.756,24.424
1574.499752,23.840,23.550
1574.599594,24.653,24.288
1574.699433,24.579,24.202
1574.799293,26.305,25.937
1574.899929,32.800,32.469
1574.999759,23.559,23.242
1575.099607,26.032,25.675
1575.199426,26.132,25.780
1575.299666,23.167,22.734
1575.399507,25.421,24.911
1575.499352,29.275,28.336
1575.599973,22.978,22.680
1575.699812,23.585,23.279
1575.799646,39.553,38.428
1575.899477,23.068,22.840
1575.999304,23.207,22.860
1576.099941,28.935,28.149
1576.199775,34.093,33.811
1576.299621,23.002,22.716
1576.399465,24.506,23.760
1576.499309,32.840,31.623
1576.599948,23.934,23.641
1576.699784,24.699,24.343
1576.799616,35.624,34.614
1576.899479,23.275,23.015
1576.999322,24.289,23.992
1577.099976,35.390,34.482
1577.199818,24.967,24.712
1577.299644,25.235,24.921
1577.399482,29.433,28.810
1577.499320,35.973,34.715
1577.599947,23.601,23.328
1577.699792,30.155,29.213
1577.799633,30.986,30.663
1577.899483,23.678,23.384
1577.999340,30.586,29.763
1578.099975,27.997,27.703
1578.199801,25.493,25.248
1578.299635,37.109,36.183
1578.399470,22.770,22.531
1578.499306,23.937,23.576
1578.599950,35.531,34.062
1578.699801,23.959,23.704
1578.799657,24.837,24.471
1578.899512,33.739,32.938
1578.999354,23.704,23.441
1579.099987,24.967,24.360
1579.199813,24.117,23.828
1579.299661,26.044,25.661
1579.399511,25.297,24.800
1579.499359,25.590,25.142
1579.599997,23.795,23.454
1579.699838,30.256,29.910
1579.799690,25.564,25.243
1579.899531,24.661,24.236
1579.999377,25.764,25.449
1580.099625,27.098,26.805
1580.199463,24.109,23.775
1580.299310,23.475,23.048
1580.399945,25.800,25.437
1580.499788,26.483,26.164
1580.599621,25.237,24.928
1580.699462,24.277,23.961
1580.799286,32.859,32.571
1580.899920,31.345,31.044
1580.999759,29.650,29.174
1581.099606,24.100,23.699
1581.199439,28.273,27.860
1581.299285,29.797,29.431
1581.399934,25.630,25.279
1581.499782,26.284,25.924
1581.599620,24.796,24.472
1581.699449,26.787,26.182
1581.799674,31.674,30.892
1581.899499,24.342,23.878
1581.999328,24.879,24.502
1582.099962,26.129,25.734
1582.199807,24.424,24.037
1582.299661,24.620,24.335
1582.399501,24.303,24.018
1582.499337,25.255,24.901
1582.599969,25.130,24.791
1582.699809,24.897,24.612
1582.799656,25.143,24.514
1582.899488,26.346,26.040
1582.999331,25.858,25.554
1583.099971,24.142,23.869
1583.199813,26.242,25.918
1583.299652,24.113,23.653
1583.399474,24.607,24.300
1583.499321,28.196,27.265
1583.599962,24.922,24.650
1583.699813,24.110,23.762
1583.799654,26.618,26.238
1583.899495,24.312,23.912
1583.999347,24.409,24.112
1584.099978,27.417,27.075
1584.199819,24.725,24.413
1584.299650,26.668,26.296
1584.399504,24.723,24.359
1584.499338,31.391,31.059
1584.599966,24.517,24.140
1584.699798,26.184,25.550
1584.799643,23.740,23.399
1584.899483,24.826,24.204
1584.999321,24.788,24.482
1585.099955,24.258,23.946
1585.199790,26.188,25.833
1585.299630,25.328,24.981
1585.399472,28.839,28.400
1585.499318,26.326,25.881
1585.599961,24.512,24.190
1585.699791,23.472,23.198
1585.799631,25.977,25.578
1585.899484,24.672,24.327
1585.999301,30.040,29.650
1586.099939,25.410,24.950
1586.199776,25.519,25.181
1586.299617,26.608,26.138
1586.399469,24.728,24.420
1586.499316,23.502,23.099
1586.599944,25.972,25.647
1586.699788,23.820,23.490
1586.799617,25.496,25.135
1586.899470,25.336,25.027
1586.999309,24.341,23.982
1587.099945,23.659,23.337
1587.199796,23.937,23.597
1587.299629,26.702,26.360
1587.399466,24.240,23.905
1587.499309,26.385,26.088
1587.599946,32.511,31.844
1587.699805,26.066,25.749
1587.799649,25.408,24.990
1587.899503,25.655,25.297
1587.999348,25.323,24.952
1588.099999,24.062,23.699
1588.199831,23.696,23.368
1588.299671,25.529,24.873
1588.399508,25.472,25.104
1588.499342,30.887,30.211
1588.599969,29.083,28.720
1588.699811,24.063,23.818
1588.799645,36.095,34.894
1588.899465,40.970,39.522
1588.999299,24.488,24.154
1589.099921,25.567,25.181
1589.199755,26.955,26.595
1589.299587,27.126,26.840
1589.399415,25.311,24.866
1589.499660,25.759,25.473
1589.599499,36.751,35.559
1589.699339,24.895,24.667
1589.799981,25.036,24.680
1589.899827,32.692,31.350
1589.999671,26.214,25.962
1590.099494,25.036,24.622
1590.199347,25.342,25.017
1590.299995,24.959,24.228
1590.399824,24.662,24.195
1590.499671,24.294,23.939
1590.599515,24.543,24.236
1590.699352,26.266,25.921
1590.799614,25.675,25.398
1590.899453,31.190,30.449
1590.999294,25.604,25.333
1591.099926,25.636,25.330
1591.199774,30.713,29.881
1591.299607,24.039,23.786
1591.399424,29.041,28.730
1591.499668,26.540,26.226
1591.599490,24.791,24.467
1591.699338,26.081,25.619
1591.799978,25.147,24.813
1591.899818,24.132,23.791
1591.999651,26.952,26.644
1592.099490,27.838,27.400
1592.199337,27.011,26.688
1592.299962,27.371,27.043
1592.399802,24.542,24.188
1592.499646,26.772,24.862
1592.599498,25.822,25.305
1592.699338,25.291,24.802
1592.799988,25.294,24.912
1592.899837,33.927,33.578
1592.999680,25.036,24.720
1593.099514,26.033,25.569
1593.199357,24.864,24.476
1593.299996,26.729,26.391
1593.399830,25.340,24.985
1593.499681,27.492,26.895
1593.599529,24.054,23.736
1593.699361,23.965,23.609
1593.799996,24.171,23.867
1593.899842,24.959,24.617
1593.999680,23.968,23.639
1594.099515,23.991,23.672
1594.199354,24.526,24.184
1594.299607,25.958,25.494
1594.399434,24.678,24.319
1594.499656,25.055,24.734
1594.599496,23.958,23.656
1594.699338,24.461,23.741
1594.799968,36.430,36.073
1594.899804,23.723,23.363
1594.999647,24.986,24.600
1595.099492,28.754,27.855
1595.199317,25.082,23.656
1595.299963,26.725,26.019
1595.399795,26.815,26.475
1595.499621,25.336,24.938
1595.599454,27.368,27.088
1595.699299,23.566,23.251
1595.799952,24.498,24.025
1595.899810,23.886,23.562
1595.999649,25.700,25.349
1596.099483,24.381,23.823
1596.199323,24.951,24.576
1596.299963,23.980,23.174
1596.399799,24.534,24.227
1596.499638,23.801,23.533
1596.599476,23.970,23.697
1596.699300,25.372,25.030
1596.799943,25.164,24.866
1596.899787,26.532,26.256
1596.999636,24.003,23.692
1597.099477,25.573,25.241
1597.199317,24.425,24.043
1597.299966,24.537,24.154
1597.399804,30.391,30.035
1597.499628,26.471,26.088
1597.599457,26.119,25.809
1597.699292,29.233,28.555
1597.799930,23.139,22.810
1597.899763,23.968,23.624
1597.999609,25.932,25.593
1598.099453,25.818,25.483
1598.199307,24.076,23.772
1598.299951,25.546,25.181
1598.399799,23.853,23.513
1598.499637,25.303,24.989
1598.599481,26.912,26.536
1598.699321,25.876,25.533
1598.799955,24.346,23.820
1598.899786,24.763,24.473
1598.999623,29.405,29.121
1599.099446,24.874,24.578
1599.199298,25.442,25.165
1599.299933,26.237,25.862
1599.399774,29.470,28.968
1599.499632,26.066,25.734
1599.599483,25.890,25.581
1599.699330,25.305,24.936
1599.799961,23.705,23.211
1599.899805,25.339,24.998
1599.999644,25.401,24.873
1600.099482,24.902,24.592
1600.199327,24.998,24.673
1600.299958,26.805,26.505
1600.399792,25.535,25.204
1600.499645,23.741,23.472
1600.599481,24.540,24.168
1600.699317,24.737,24.427
1600.799955,23.989,23.700
1600.899785,25.241,24.885
1600.999622,26.967,26.665
1601.099471,24.637,23.935
1601.199329,24.426,23.864
1601.299972,24.739,24.420
1601.399806,26.051,25.757
1601.499633,25.416,24.919
1601.599474,25.444,25.113
1601.699321,23.719,23.438
1601.799947,23.977,23.586
1601.899778,24.030,23.651
1601.999610,23.494,23.190
1602.099446,26.834,26.467
1602.199292,23.571,23.247
1602.299934,24.303,23.936
1602.399777,25.006,24.682
1602.499628,24.979,24.654
1602.599461,25.960,25.513
1602.699306,26.036,25.708
1602.799950,28.876,28.060
1602.899799,24.635,24.143
1602.999628,24.275,23.954
1603.099466,25.881,25.463
1603.199311,23.599,23.272
1603.299938,24.191,23.855
1603.399781,25.209,24.889
1603.499623,25.911,25.542
1603.599471,24.647,24.336
1603.699319,25.569,25.201
1603.799958,24.191,23.912
1603.899801,24.502,24.219
1603.999655,23.650,23.306
1604.099503,28.207,27.894
1604.199344,26.877,26.505
1604.299601,37.430,37.150
1604.399440,24.018,23.653
1604.499666,25.632,25.256
1604.599510,24.460,24.018
1604.699348,26.399,26.066
1604.799982,25.489,25.134
1604.899829,24.990,24.511
1604.999668,25.032,24.549
1605.099511,23.757,23.468
1605.199348,24.370,24.108
1605.299984,25.121,24.757
1605.399824,24.412,24.101
1605.499669,23.835,23.535
1605.599517,24.263,23.924
1605.699367,27.668,27.295
1605.799615,24.501,24.150
1605.899466,27.297,26.806
1605.999301,27.640,27.340
1606.099942,24.549,24.224
1606.199794,25.435,25.071
1606.299643,24.151,23.642
1606.399476,24.677,24.313
1606.499310,24.812,24.449
1606.599941,24.414,23.756
1606.699779,24.469,24.130
1606.799615,24.556,24.211
1606.899449,24.250,23.595
1606.999285,25.095,24.464
1607.099925,26.712,26.297
1607.199771,29.262,28.915
1607.299619,24.779,24.362
1607.399445,23.487,23.048
1607.499301,24.385,23.847
1607.599941,24.406,24.128
1607.699772,24.690,23.824
1607.799604,25.443,25.141
1607.899450,23.576,23.273
1607.999295,27.332,26.974
1608.099926,26.362,26.006
1608.199756,27.176,26.838
1608.299591,25.833,25.515
1608.399420,30.569,29.293
1608.499663,24.510,24.210
1608.599522,32.304,32.010
1608.699378,30.652,29.609
1608.799604,24.095,23.806
1608.899453,28.633,28.214
1608.999303,30.678,29.868
1609.099935,32.070,31.420
1609.199767,24.295,24.060
1609.299610,26.297,25.126
1609.399451,29.468,28.600
1609.499290,25.967,25.708
1609.599942,31.375,30.562
1609.699791,31.770,30.447
1609.799622,23.014,22.789
1609.899462,26.341,25.548
1609.999292,30.685,29.765
1610.099938,34.105,33.337
1610.199782,24.423,24.068
1610.299620,27.217,26.844
1610.399453,43.465,42.493
1610.499296,22.846,22.603
1610.599934,23.867,23.551
1610.699781,29.465,28.726
1610.799620,23.381,23.157
1610.899479,24.908,24.584
1610.999327,25.209,24.888
1611.099972,34.861,33.572
1611.199819,23.023,22.803
1611.299656,24.683,24.084
1611.399490,31.732,30.938
1611.499333,25.607,25.310
1611.599977,24.289,23.965
1611.699824,29.514,28.781
1611.799655,22.782,22.548
1611.899504,26.852,26.458
1611.999347,24.516,24.168
1612.099996,26.043,25.286
1612.199853,26.142,25.849
1612.299683,23.583,23.274
1612.399513,24.963,24.391
1612.499348,24.569,24.246
1612.599998,24.094,23.712
1612.699826,24.202,23.706
1612.799655,24.208,23.877
1612.899489,26.134,25.836
1612.999334,24.143,23.806
1613.099987,24.589,24.211
1613.199835,25.540,24.956
1613.299656,23.969,23.579
1613.399502,24.247,23.934
1613.499352,23.143,22.871
1613.599991,25.006,24.502
1613.699828,24.053,23.713
1613.799672,24.653,24.330
1613.899507,23.267,22.956
1613.999356,23.403,23.033
1614.099979,23.563,23.232
1614.199846,23.497,23.170
1614.299688,25.464,25.093
1614.399516,27.154,26.671
1614.499358,26.504,26.104
1614.599608,25.074,24.707
1614.699441,24.443,24.134
1614.799678,25.701,25.352
1614.899527,24.159,23.823
1614.999361,27.169,26.763
1615.099608,24.539,24.260
1615.199443,24.726,24.355
1615.299281,24.661,24.318
1615.399921,26.054,25.755
1615.499764,23.736,23.435
1615.599602,25.525,25.162
1615.699440,25.040,24.721
1615.799675,24.199,23.930
1615.899516,24.553,24.202
1615.999368,29.840,28.237
1616.099601,24.032,23.789
1616.199436,25.232,24.960
1616.299676,33.067,32.187
1616.399518,35.078,34.244
1616.499367,23.522,23.238
1616.599620,24.187,23.863
1616.699450,28.832,28.066
1616.799298,30.996,30.104
1616.899946,23.071,22.774
1616.999783,27.811,27.354
1617.099623,28.713,27.867
1617.199472,23.637,23.361
1617.299317,25.210,24.888
1617.399951,34.981,34.226
1617.499795,24.256,24.020
1617.599622,24.370,24.065
1617.699462,30.176,29.062
1617.799286,26.501,26.190
1617.899902,24.406,23.965
1617.999743,25.230,24.809
1618.099572,24.139,23.858
1618.199411,23.705,23.438
1618.299645,26.714,26.404
1618.399490,23.805,23.453
1618.499349,24.245,23.848
1618.599977,25.709,25.242
1618.699815,24.777,24.443
1618.799643,25.770,25.441
1618.899505,31.691,31.316
1618.999351,24.647,24.320
1619.099992,28.462,27.995
1619.199830,25.855,25.530
1619.299669,24.075,23.625
1619.399509,24.670,24.354
1619.499347,25.508,25.156
1619.599973,25.907,25.496
1619.699822,24.649,24.350
1619.799651,24.775,24.489
1619.899482,25.419,25.097
1619.999320,25.425,25.127
1620.099957,38.155,37.840
1620.199787,22.938,22.642
1620.299617,24.804,24.529
1620.399455,23.882,23.540
1620.499297,23.544,23.163
1620.599944,24.889,24.478
1620.699779,23.703,23.428
1620.799623,25.551,25.163
1620.899458,23.972,23.671
1620.999285,24.833,24.459
1621.099917,24.639,24.288
1621.199750,30.414,29.881
1621.299586,27.828,27.417
1621.399430,27.366,27.070
1621.499665,24.719,24.400
1621.599498,23.987,23.639
1621.699324,25.629,25.271
1621.799951,26.581,26.207
1621.899774,26.372,25.963
1621.999614,27.498,27.143
1622.099447,26.303,25.927
1622.199294,26.080,25.736
1622.299924,26.200,25.862
1622.399762,27.482,27.143
1622.499608,25.336,25.013
1622.599429,24.642,24.241
1622.699650,26.249,25.986
1622.799489,33.763,32.629
1622.899331,37.111,36.839
1622.999978,33.986,33.584
1623.099821,34.066,33.167
1623.199669,23.083,22.840
1623.299504,23.777,23.373
1623.399343,26.496,26.103
1623.499984,23.745,23.379
1623.599815,24.253,23.939
1623.699656,24.614,24.253
1623.799487,25.072,24.481
1623.899324,24.724,24.294
1623.999961,24.668,24.342
1624.099797,24.002,23.685
1624.199652,24.181,23.867
1624.299494,25.140,24.820
1624.399331,23.753,23.398
1624.499972,25.076,24.630
1624.599802,26.903,26.418
1624.699636,24.089,23.738
1624.799486,23.994,23.645
1624.899311,24.144,23.842
1624.999955,27.120,26.762
1625.099798,26.826,26.244
1625.199650,25.004,24.616
1625.299503,24.450,24.157
1625.399323,25.902,25.547
1625.499970,25.327,25.014
1625.599810,24.103,23.643
1625.699647,23.301,22.981
1625.799500,24.399,24.059
1625.899347,24.494,24.048
1625.999990,25.275,24.933
1626.099833,23.772,23.269
1626.199668,24.350,23.817
1626.299511,23.888,23.564
1626.399348,24.360,24.004
1626.499986,24.539,24.249
1626.599828,24.107,23.789
1626.699680,23.918,23.567
1626.799530,24.338,23.725
1626.899358,23.142,22.855
1626.999986,23.655,23.307
1627.099825,31.265,30.599
1627.199672,24.271,23.956
1627.299506,34.558,33.683
1627.399336,25.320,25.022
1627.499979,27.615,27.223
1627.599814,25.576,25.248
1627.699649,24.847,24.512
1627.799494,25.640,25.120
1627.899349,26.000,25.418
1627.999997,25.138,24.787
1628.099836,23.829,23.488
1628.199679,23.603,23.293
1628.299532,23.339,23.061
1628.399365,24.573,24.155
1628.499604,26.342,25.866
1628.599445,25.983,25.610
1628.699674,24.325,23.989
1628.799507,26.284,25.976
1628.899349,24.555,24.258
1628.999986,24.073,23.723
1629.099822,25.224,24.746
1629.199680,25.048,24.659
1629.299513,29.605,29.157
1629.399343,30.080,29.732
1629.499982,25.503,24.753
1629.599830,26.143,25.845
1629.699672,25.587,25.189
1629.799523,24.782,24.224
1629.899364,25.972,25.372
1629.999999,25.394,24.765
1630.099827,23.812,23.535
1630.199678,23.793,23.476
1630.299530,25.108,24.790
1630.399376,29.042,28.624
1630.499613,27.859,27.565
1630.599450,24.532,24.113
1630.699298,25.390,25.065
1630.799918,27.728,27.218
1630.899750,23.605,23.303
1630.999591,23.975,23.640
1631.099436,24.830,24.532
1631.199287,24.375,24.024
1631.299924,23.908,23.389
1631.399758,23.817,23.351
1631.499591,23.287,22.961
1631.599443,24.352,23.987
1631.699294,25.108,24.707
1631.799936,27.141,26.809
1631.899794,29.912,29.139
1631.999640,22.901,22.645
1632.099493,23.801,23.329
1632.199329,37.617,36.802
1632.299975,22.902,22.539
1632.399809,24.929,24.547
1632.499632,24.490,24.189
1632.599477,24.197,23.585
1632.699319,23.194,22.884
1632.799951,25.132,24.713
1632.899776,23.685,23.324
1632.999615,33.185,32.840
1633.099468,23.674,23.375
1633.199303,24.262,23.834
1633.299926,23.466,23.132
1633.399775,23.874,23.588
1633.499613,24.231,23.858
1633.599452,25.722,25.386
1633.699295,24.821,24.530
1633.799927,24.559,24.252
1633.899771,24.090,23.737
1633.999609,25.903,25.488
1634.099456,24.311,23.926
1634.199291,23.711,23.399
1634.299922,23.628,23.275
1634.399764,23.833,23.569
1634.499611,25.661,25.326
1634.599454,27.355,26.837
1634.699289,31.523,31.108
1634.799916,24.653,24.076
1634.899756,25.657,25.248
1634.999606,23.424,23.106
1635.099435,23.841,23.502
1635.199673,25.322,25.012
1635.299495,23.347,23.070
1635.399339,23.132,22.867
1635.499982,24.922,24.516
1635.599821,27.985,27.614
1635.699672,25.294,25.025
1635.799513,25.756,25.379
1635.899355,25.442,25.124
1635.999987,24.749,24.333
1636.099814,23.517,23.012
1636.199656,25.033,24.299
1636.299485,26.657,26.297
1636.399315,24.062,23.768
1636.499972,25.015,24.681
1636.599796,24.449,24.135
1636.699646,23.857,23.534
1636.799487,24.187,23.828
1636.899338,22.586,22.312
1636.999980,26.526,26.074
1637.099822,24.615,24.055
1637.199660,27.442,27.044
1637.299509,25.509,25.208
1637.399351,24.909,24.543
1637.499995,24.710,24.394
1637.599842,24.075,23.772
1637.699684,23.743,23.374
1637.799527,23.541,23.122
1637.899378,26.316,25.608
1637.999603,29.559,29.237
1638.099442,25.055,24.709
1638.199281,23.733,23.415
1638.299923,29.086,28.741
1638.399759,23.868,23.446
1638.499611,23.624,22.901
1638.599450,24.169,23.872
1638.699283,23.097,22.822
1638.799930,25.432,25.133
1638.899764,23.984,23.667
1638.999613,24.331,23.996
1639.099462,23.428,23.132
1639.199314,24.263,23.875
1639.299952,27.787,27.402
1639.399786,23.585,23.192
1639.499633,28.480,28.126
1639.599467,26.651,26.218
1639.699310,24.001,23.319
1639.799945,23.961,23.639
1639.899802,25.583,25.193
1639.999647,24.591,24.181
1640.099488,24.321,24.027
1640.199328,24.751,24.410
1640.299975,24.609,24.238
1640.399816,26.706,26.410
1640.499652,34.679,34.306
1640.599500,28.719,28.360
1640.699336,25.154,24.704
1640.799974,34.509,32.498
1640.899817,25.000,24.740
1640.999658,24.598,24.160
1641.099516,26.300,25.866
1641.199361,24.564,24.224
1641.299987,25.498,25.178
1641.399827,24.910,24.318
1641.499662,24.178,23.726
1641.599498,24.540,24.195
1641.699351,24.693,24.291
1641.799997,23.725,23.437
1641.899832,25.581,25.241
1641.999682,23.294,23.039
1642.099513,26.021,25.641
1642.199347,24.116,23.753
1642.299997,26.142,25.821
1642.399842,24.748,24.423
1642.499691,29.009,28.616
1642.599546,24.741,24.272
1642.699371,23.965,23.543
1642.799606,26.827,26.486
1642.899447,24.617,24.213
1642.999293,25.111,24.793
1643.099923,26.380,26.027
1643.199749,26.879,26.523
1643.299593,25.175,24.850
1643.399423,25.919,25.533
1643.499654,30.428,29.657
1643.599506,24.259,23.877
1643.699350,24.397,24.057
1643.799608,33.020,32.205
1643.899440,23.306,23.042
1643.999289,23.959,23.611
1644.099936,39.765,38.792
1644.199787,23.207,22.982
1644.299627,24.371,23.938
1644.399463,24.109,23.804
1644.499302,25.141,24.795
1644.599931,25.218,24.776
1644.699765,24.623,24.213
1644.799602,24.909,24.479
1644.899452,24.509,24.038
1644.999291,24.098,23.734
1645.099919,30.147,29.639
1645.199770,23.684,23.351
1645.299613,28.976,28.612
1645.399448,31.525,30.749
1645.499290,22.819,22.542
1645.599929,24.959,24.595
1645.699764,30.107,29.192
1645.799615,23.467,23.244
1645.899483,24.867,24.502
1645.999332,26.016,25.593
1646.099958,29.046,28.322
1646.199794,22.527,22.260
1646.299635,23.728,23.377
1646.399478,29.530,28.859
1646.499314,22.710,22.471
1646.599946,25.062,24.604
1646.699787,23.651,23.330
1646.799624,25.363,25.061
1646.899472,23.778,23.462
1646.999303,24.830,24.433
1647.099945,24.113,23.785
1647.199792,23.723,23.405
1647.299617,23.153,22.718
1647.399448,23.577,23.276
1647.499286,25.616,25.250
1647.599929,24.590,24.262
1647.699763,24.060,23.705
1647.799589,25.512,25.110
1647.899431,23.116,22.784
1647.999676,28.463,28.084
1648.099511,27.031,26.687
1648.199343,24.700,24.376
1648.299987,23.062,22.724
1648.399834,24.446,24.032
1648.499676,23.399,23.118
1648.599521,24.719,24.160
1648.699345,24.336,23.458
1648.799983,30.298,29.269
1648.899830,28.209,27.961
1648.999667,23.131,22.886
1649.099518,35.426,34.585
1649.199355,23.512,23.259
1649.299993,24.040,23.681
1649.399835,23.987,23.682
1649.499683,24.093,23.736
1649.599517,26.660,26.343
1649.699343,24.925,24.644
1649.799986,26.985,26.643
1649.899827,23.870,23.404
1649.999664,33.451,33.141
1650.099496,23.262,22.944
1650.199335,23.488,23.162
1650.299983,23.026,22.693
1650.399824,27.349,26.990
1650.499664,26.636,26.252
1650.599501,23.885,23.540
1650.699323,24.057,23.742
1650.799968,26.068,25.718
1650.899796,23.462,23.124
1650.999631,35.861,35.509
1651.099474,24.007,23.576
1651.199309,23.921,23.575
1651.299935,29.439,29.117
1651.399761,26.178,25.537
1651.499600,23.963,23.659
1651.599432,24.273,23.820
1651.699663,26.693,26.318
1651.799502,23.660,23.324
1651.899348,31.754,31.427
1651.999985,23.868,23.541
1652.099831,28.578,28.216
1652.199665,24.613,24.309
1652.299519,24.985,24.625
1652.399355,26.029,25.703
1652.499993,24.240,23.820
1652.599840,24.844,24.516
1652.699672,23.899,23.540
1652.799517,23.602,23.202
1652.899358,24.913,24.583
1652.999603,25.241,24.909
1653.099450,24.937,24.211
1653.199292,25.940,25.252
1653.299934,23.586,23.305
1653.399759,24.665,24.254
1653.499585,23.300,22.992
1653.599414,25.203,24.926
1653.699651,27.626,27.357
1653.799486,27.210,26.849
1653.899322,27.300,26.942
1653.999945,29.233,28.878
1654.099771,24.807,23.859
1654.199598,25.734,25.376
1654.299443,24.243,23.867
1654.399286,26.537,26.140
1654.499926,24.154,23.863
1654.599770,25.782,25.391
1654.699609,23.790,23.432
1654.799441,24.142,23.814
1654.899669,23.082,22.798
1654.999517,25.325,24.973
1655.099353,25.639,25.268
1655.199987,25.045,24.685
1655.299829,24.289,24.009
1655.399684,28.088,27.629
1655.499520,24.464,24.183
1655.599359,23.823,23.482
1655.699602,24.404,23.916
1655.799457,25.392,25.030
1655.899287,27.933,27.542
1655.999921,23.886,23.572
1656.099755,24.719,24.461
1656.199605,25.224,24.894
1656.299453,25.381,25.025
1656.399291,23.905,23.605
1656.499916,37.994,37.631
1656.599760,25.801,25.304
1656.699611,25.793,25.382
1656.799449,23.098,22.767
1656.899287,30.036,29.618
1656.999915,23.467,23.143
1657.099756,23.774,23.450
1657.199589,23.312,22.887
1657.299428,23.190,22.839
1657.399657,24.120,23.824
1657.499508,27.921,27.605
1657.599341,23.230,22.935
1657.699986,23.882,23.585
1657.799834,24.546,24.126
1657.899677,27.919,27.512
1657.999512,26.913,26.585
1658.099349,24.781,24.415
1658.199990,29.470,29.165
1658.299816,22.890,22.555
1658.399669,24.239,23.955
1658.499498,24.545,24.214
1658.599345,24.313,24.005
1658.699994,24.505,24.161
1658.799837,24.155,23.650
1658.899689,23.209,22.843
1658.999519,23.965,23.507
1659.099358,25.398,25.089
1659.199614,24.325,23.944
1659.299455,28.405,28.130
1659.399306,23.712,23.359
1659.499948,23.926,23.548
1659.599794,24.309,23.894
1659.699631,23.154,22.820
1659.799472,24.303,23.945
1659.899306,25.543,25.135
1659.999961,25.990,25.671
1660.099802,26.198,25.766
1660.199632,29.715,29.296
1660.299471,26.944,26.661
1660.399314,25.312,25.007
1660.499940,25.664,25.145
1660.599775,24.579,24.205
1660.699614,23.436,22.801
1660.799449,25.186,24.805
1660.899289,23.995,23.713
1660.999928,27.196,26.683
1661.099759,25.155,24.873
1661.199613,23.592,23.313
1661.299447,22.956,22.685
1661.399283,23.425,23.094
1661.499917,24.283,23.669
1661.599761,25.306,24.957
1661.699603,24.733,24.364
1661.799444,27.995,27.649
1661.899676,25.539,25.198
1661.999512,25.394,24.904
1662.099357,26.132,25.662
1662.199601,23.468,23.184
1662.299457,26.153,25.861
1662.399306,23.844,23.535
1662.499940,23.436,23.142
1662.599774,28.498,27.359
1662.699609,27.362,27.000
1662.799453,25.114,24.772
1662.899293,23.896,23.571
1662.999939,25.229,24.887
1663.099780,31.863,31.527
1663.199621,25.478,25.004
1663.299456,24.175,23.808
1663.399289,23.725,23.399
1663.499921,24.588,24.245
1663.599766,25.611,25.318
1663.699603,24.441,24.162
1663.799429,23.394,23.081
1663.899647,26.509,26.146
1663.999485,23.228,22.956
1664.099309,25.085,24.445
1664.199947,23.309,22.986
1664.299790,25.931,25.598
1664.399630,23.513,23.158
1664.499467,33.545,33.204
1664.599303,23.829,23.515
1664.699944,23.418,23.055
1664.799789,23.529,23.227
1664.899620,25.698,25.209
1664.999462,24.115,23.664
1665.099298,24.366,24.005
1665.199948,24.638,24.325
1665.299792,25.913,25.472
1665.399628,25.606,25.237
1665.499466,24.943,24.648
1665.599316,24.857,24.518
1665.699949,23.839,23.297
1665.799798,24.735,24.423
1665.899645,23.220,22.946
1665.999495,26.020,25.664
1666.099343,25.430,25.094
1666.199993,28.713,27.837
1666.299844,24.228,23.909
1666.399695,27.462,27.006
1666.499538,26.132,25.776
1666.599383,27.393,27.036
1666.699618,24.823,24.145
1666.799471,33.235,32.161
1666.899335,25.759,25.407
1666.999981,23.793,23.453
1667.099817,31.722,30.904
1667.199634,23.151,22.897
1667.299463,23.937,23.599
1667.399284,24.565,24.217
1667.499919,29.186,28.806
1667.599748,24.876,24.555
1667.699591,24.021,23.677
1667.799419,25.303,24.960
1667.899670,23.584,23.236
1667.999517,24.067,23.740
1668.099357,25.361,25.013
1668.199996,27.686,27.372
1668.299829,26.263,25.916
1668.399668,25.351,25.048
1668.499513,24.306,23.944
1668.599346,25.016,24.590
1668.699977,29.248,28.121
1668.799815,31.550,31.239
1668.899659,23.150,22.901
1668.999504,29.994,28.276
1669.099327,22.754,22.509
1669.199966,22.654,22.326
1669.299813,30.517,29.748
1669.399654,30.689,29.978
1669.499498,23.241,22.910
1669.599336,23.551,23.216
1669.699955,23.093,22.724
1669.799798,24.813,24.485
1669.899640,24.056,23.499
1669.999499,24.287,23.949
1670.099335,24.065,23.613
1670.199982,30.396,29.650
1670.299830,23.973,23.641
1670.399669,28.986,28.566
1670.499513,26.689,26.289
1670.599349,25.644,25.297
1670.699998,33.208,32.833
1670.799825,31.049,30.479
1670.899656,23.327,23.050
1670.999490,24.023,23.407
1671.099319,23.336,23.005
1671.199961,24.273,23.789
1671.299799,23.931,23.622
1671.399635,24.736,24.304
1671.499492,23.866,23.543
1671.599321,24.147,23.700
1671.699964,23.882,23.571
1671.799803,26.161,25.474
1671.899643,24.110,23.763
1671.999486,24.645,23.685
1672.099327,26.183,25.915
1672.199976,22.989,22.690
1672.299817,30.504,30.197
1672.399650,24.416,23.849
1672.499497,27.026,26.651
1672.599338,25.303,24.963
1672.699967,25.018,24.584
1672.799796,23.351,23.016
1672.899640,23.761,23.447
1672.999486,23.195,22.831
1673.099327,26.469,26.052
1673.199961,25.357,25.001
1673.299817,28.304,27.965
1673.399651,24.013,23.572
1673.499477,24.344,24.018
1673.599324,24.339,23.886
1673.699971,30.692,29.868
1673.799806,32.627,32.328
1673.899649,22.645,22.369
1673.999489,28.053,27.066
1674.099336,24.485,24.236
1674.199990,26.942,26.585
1674.299843,23.628,23.312
1674.399679,24.453,24.121
1674.499519,23.630,23.271
1674.599380,24.336,24.044
1674.699618,23.990,23.695
1674.799450,25.867,25.483
1674.899297,25.529,25.163
1674.999937,23.439,23.114
1675.099782,23.771,23.465
1675.199620,25.884,23.661
1675.299445,24.060,23.724
1675.399288,23.944,23.528
1675.499926,25.409,25.088
1675.599771,26.048,25.697
1675.699611,23.775,23.441
1675.799455,24.817,24.473
1675.899300,24.106,23.800
1675.999941,23.975,23.599
1676.099787,23.681,23.284
1676.199639,25.899,25.571
1676.299484,23.848,23.500
1676.399326,23.418,23.136
1676.499966,29.373,29.058
1676.599806,23.476,23.189
1676.699651,23.560,23.249
1676.799482,24.791,24.269
1676.899310,23.828,23.520
1676.999957,27.710,27.192
1677.099803,24.206,23.786
1677.199640,26.597,26.220
1677.299487,24.443,24.118
1677.399325,24.109,23.577
1677.499975,26.117,25.533
1677.599808,34.774,33.996
1677.699650,22.507,22.176
1677.799499,25.081,24.736
1677.899330,28.761,27.953
1677.999976,22.685,22.423
1678.099821,25.841,25.479
1678.199651,36.592,34.574
1678.299489,26.546,24.585
1678.399323,24.630,24.337
1678.499969,24.057,23.522
1678.599821,24.518,24.078
1678.699670,25.037,24.709
1678.799513,24.826,24.303
1678.899337,25.148,24.789
1678.999972,23.681,23.247
1679.099815,25.883,25.559
1679.199646,24.168,23.839
1679.299481,26.233,25.780
1679.399314,23.377,23.094
1679.499950,30.077,29.159
1679.599804,31.987,31.334
1679.699638,23.699,23.436
1679.799468,23.620,23.068
1679.899304,28.703,27.857
1679.999959,29.429,29.127
1680.099803,24.594,24.321
1680.199630,30.219,29.324
1680.299470,23.317,22.991
1680.399302,25.508,24.590
1680.499945,23.926,23.611
1680.599797,23.900,23.550
1680.699629,24.160,23.813
1680.799471,25.957,25.542
1680.899308,26.572,26.204
1680.999938,29.823,29.357
1681.099767,23.240,22.918
1681.199605,24.167,23.722
1681.299447,23.357,23.050
1681.399673,29.584,29.274
1681.499515,25.931,25.614
1681.599345,24.626,24.273
1681.699998,26.913,26.552
1681.799827,23.630,23.290
1681.899668,25.615,25.234
1681.999514,26.277,25.865
1682.099362,24.237,23.937
1682.199608,28.604,27.930
1682.299458,23.424,23.192
1682.399290,23.856,23.511
1682.499925,29.574,28.715
1682.599765,29.598,29.319
1682.699596,24.487,24.211
1682.799430,26.632,25.847
1682.899660,32.475,32.232
1682.999496,24.075,23.847
1683.099343,30.237,29.319
1683.199984,23.344,23.010
1683.299833,31.264,30.823
1683.399666,35.372,34.215
1683.499504,24.782,24.431
1683.599345,27.645,27.310
1683.699974,25.188,24.875
1683.799806,26.570,26.228
1683.899654,24.618,24.171
1683.999502,25.810,25.463
1684.099332,24.797,24.457
1684.199959,23.684,23.209
1684.299791,23.394,22.918
1684.399623,24.659,24.350
1684.499472,24.581,24.250
1684.599306,24.698,24.349
1684.699947,27.148,26.852
1684.799777,24.100,23.679
1684.899614,24.639,24.265
1684.999460,24.777,24.245
1685.099290,23.091,22.823
1685.199951,23.100,22.813
1685.299797,23.205,22.875
1685.399651,28.380,27.986
1685.499485,25.056,24.512
1685.599323,24.785,24.190
1685.699953,25.037,24.601
1685.799784,28.996,28.164
1685.899613,22.653,22.371
1685.999459,23.394,23.096
1686.099305,26.921,26.592
1686.199930,23.223,22.922
1686.299768,32.988,31.665
1686.399616,23.096,22.776
1686.499468,27.635,27.254
1686.599310,23.327,22.929
1686.699957,23.703,23.379
1686.799797,24.236,23.901
1686.899628,24.474,24.026
1686.999465,23.332,23.013
1687.099304,23.444,23.143
1687.199945,27.132,26.443
1687.299784,30.560,30.217
1687.399606,24.348,24.079
1687.499436,26.505,26.123
1687.599676,25.264,24.601
1687.699521,23.591,23.313
1687.799366,28.289,27.870
1687.899601,27.618,27.252
1687.999431,26.904,26.534
1688.099661,30.152,29.777
1688.199492,29.264,28.926
1688.299335,25.952,25.564
1688.399977,24.130,23.736
1688.499839,23.699,23.365
1688.599684,25.823,25.449
1688.699519,24.063,23.613
1688.799354,27.788,26.539
1688.899992,25.302,25.071
1688.999834,24.438,23.783
1689.099672,30.816,29.934
1689.199504,23.785,23.528
1689.299342,24.328,23.923
1689.399988,27.813,27.397
1689.499829,30.229,29.935
1689.599672,27.187,26.864
1689.699506,29.025,28.639
1689.799344,25.932,25.558
1689.899998,32.932,32.063
1689.999840,26.958,26.666
1690.099668,25.564,24.866
1690.199505,25.012,24.681
1690.299333,27.822,27.483
1690.399970,28.473,28.121
1690.499788,25.643,25.321
1690.599620,26.339,25.997
1690.699456,27.104,26.789
1690.799292,34.082,32.977
1690.899935,24.294,24.059
1690.999779,23.940,23.624
1691.099611,42.811,40.977
1691.199435,30.612,30.348
1691.299281,26.211,25.899
1691.399913,26.664,26.130
1691.499759,27.905,27.511
1691.599595,24.805,24.443
1691.699432,24.074,23.794
1691.799671,23.644,23.321
1691.899494,31.895,31.569
1691.999326,24.262,23.853
1692.099959,27.085,26.765
1692.199805,28.390,28.002
1692.299642,23.989,23.686
1692.399482,25.566,25.233
1692.499329,25.677,25.324
1692.599963,27.703,27.350
1692.699779,29.754,28.768
1692.799610,29.065,28.335
1692.899449,22.946,22.711
1692.999294,26.111,25.596
1693.099941,30.760,30.023
1693.199779,27.428,27.090
1693.299619,24.626,24.299
1693.399458,29.321,28.982
1693.499317,25.458,25.095
1693.599960,25.272,25.008
1693.699795,24.419,24.086
1693.799632,25.257,24.972
1693.899460,23.935,23.625
1693.999294,24.766,24.237
1694.099950,23.595,23.240
1694.199789,23.894,23.473
1694.299636,23.025,22.759
1694.399472,23.601,23.103
1694.499315,23.250,22.921
1694.599933,25.830,25.482
1694.699770,23.416,23.058
1694.799610,26.239,25.894
1694.899449,23.633,23.247
1694.999280,25.864,25.416
1695.099914,24.905,24.588
1695.199746,23.850,23.559
1695.299588,28.523,28.195
1695.399427,24.877,24.525
1695.499670,26.940,26.559
1695.599501,25.517,24.978
1695.699348,26.804,26.485
1695.799985,26.612,26.215
1695.899830,24.191,23.860
1695.999670,24.988,24.582
1696.099499,25.674,25.259
1696.199344,26.294,25.935
1696.299987,26.787,26.454
1696.399823,26.711,26.293
1696.499662,24.901,24.525
1696.599501,27.000,26.581
1696.699338,26.412,26.067
1696.799981,24.089,23.816
1696.899821,24.239,23.932
1696.999668,29.198,28.583
1697.099506,25.777,25.427
1697.199350,37.511,37.087
1697.299985,28.357,27.942
1697.399815,25.438,25.119
1697.499664,25.577,25.226
1697.599520,23.930,23.250
1697.699365,24.677,24.326
1697.799606,23.974,23.648
1697.899457,23.701,23.329
1697.999291,23.663,23.377
1698.099945,24.095,23.629
1698.199786,23.283,22.929
1698.299618,24.017,23.674
1698.399466,27.517,27.091
1698.499315,29.069,28.640
1698.599944,25.150,24.807
1698.699782,29.167,28.754
1698.799608,24.241,23.816
1698.899440,22.727,22.451
1698.999677,25.006,24.613
1699.099522,25.424,24.984
1699.199363,25.553,25.141
1699.299616,23.999,23.639
1699.399469,27.472,27.029
1699.499289,24.352,24.016
1699.599938,30.805,30.430
1699.699773,25.602,25.257
1699.799611,24.698,24.353
1699.899437,25.417,25.082
1699.999657,23.231,22.865
1700.099498,23.307,22.987
1700.199338,23.144,22.866
1700.299977,26.298,26.025
1700.399818,24.355,24.047
1700.499650,25.568,25.210
1700.599490,22.710,22.415
1700.699337,25.034,24.605
1700.799968,23.416,23.046
1700.899808,28.817,28.461
1700.999657,23.806,23.466
1701.099497,24.924,24.584
1701.199329,23.629,23.305
1701.299979,29.363,28.971
1701.399820,25.636,25.272
1701.499650,24.542,24.195
1701.599511,23.374,23.053
1701.699350,24.891,24.562
1701.799996,23.826,23.526
1701.899826,23.162,22.875
1701.999684,24.263,23.992
1702.099514,24.883,24.529
1702.199342,26.560,25.680
1702.299986,24.534,24.021
1702.399819,23.324,22.929
1702.499677,23.025,22.624
1702.599516,26.114,25.613
1702.699367,25.497,25.071
1702.799608,27.202,26.705
1702.899449,26.897,26.457
1702.999281,24.118,23.772
1703.099925,23.632,23.241
1703.199771,24.635,24.183
1703.299612,34.307,33.965
1703.399445,25.450,25.110
1703.499295,27.121,26.740
1703.599932,27.189,26.847
