frame_id,total_ms,prep_map_ms,build_ms,solve_ms,marg_ms
1,45.7808,11.9238,11.8812,19.3694,0
2,23.0765,2.9394,4.29651,13.9786,0
3,39.604,5.22313,7.30649,24.6941,0
4,63.7631,5.30275,17.7784,37.4488,0
5,27.744,3.08494,5.71283,16.5272,0
6,33.4691,6.5782,8.25381,15.8461,0
7,56.9291,4.91717,16.9743,31.0824,0
8,24.6661,2.36452,5.17354,14.1346,0
9,23.7103,2.27965,5.67054,13.1164,0
10,37.7393,4.99417,10.1931,19.2081,0
11,35.537,1.89174,7.87173,22.9216,0
12,25.5265,3.39002,6.75874,12.2875,0
13,35.208,5.40542,7.2254,18.8447,0
14,36.0719,5.05775,10.4527,17.2671,0
15,40.1511,4.9023,7.97207,23.6598,0
16,35.7114,4.3143,9.14718,18.6811,0
17,26.953,2.39777,9.61093,11.9352,0
18,36.3125,7.54682,7.16795,18.1724,0
19,49.9718,4.83171,14.5269,26.3545,0
20,27.2094,2.44707,8.6461,12.9196,0
21,35.7738,6.89232,10.681,14.2046,0
22,36.7083,4.75938,10.6067,17.4167,0
23,29.9665,2.55265,5.72946,18.3326,0
24,28.8978,5.07088,7.08599,13.1092,0
25,36.8471,4.9023,7.12886,20.4419,0
26,29.0469,2.80494,5.38325,17.2569,0
27,33.5493,2.02532,5.14409,22.7393,0
28,40.8123,4.18305,16.0462,16.3565,0
29,29.8288,2.27702,7.68682,16.3968,0
30,36.1014,4.66488,7.57132,20,0
31,30.8479,5.17821,8.16719,13.4874,0
32,23.7097,2.33011,5.22138,12.4652,0
33,36.8311,4.28309,6.82437,21.4458,0
34,41.8652,4.5243,6.99236,25.7344,0
35,27.4325,2.36482,5.48854,15.8143,0
36,38.0059,4.79555,8.20802,20.9086,0
37,50.1293,6.54262,13.7639,24.7439,0
38,35.2599,5.45267,8.66302,17.2242,0
39,22.3412,2.80085,6.40174,9.38343,0
40,41.7483,5.75396,16.0646,15.7187,0
41,25.0461,2.03494,4.74363,14.4721,0
42,36.2489,2.57365,5.63117,24.1977,0
43,37.2327,5.43488,7.60136,19.93,0
44,38.4513,6.14304,12.4838,15.1701,0
45,36.6584,2.42052,11.437,18.9095,0
46,27.3418,2.56169,11.3131,9.38489,0
47,63.2326,4.03022,13.5195,40.5936,0
48,52.5387,5.98962,14.1796,26.5219,0
49,38.6721,1.77215,9.10168,22.366,0
50,28.7322,2.04428,4.57738,17.8869,0
51,35.2042,5.58246,6.36383,18.7354,0
52,30.0091,2.95923,3.83276,15.8931,0
53,57.2546,5.69125,21.3668,24.8189,0
54,36.5056,5.47571,7.95515,18.3559,0
55,24.8192,3.16777,4.50213,13.1415,0
56,43.2786,3.78114,8.92902,25.6994,0
57,47.9666,5.31792,13.9891,23.3116,0
58,56.23,5.69067,13.2594,31.7981,0
59,22.9572,2.02065,4.85505,12.0624,0
60,24.4532,2.24173,5.35583,12.8939,0
61,35.4699,8.4466,6.39533,15.8158,0
62,27.1382,7.5334,4.70542,10.8718,0
63,24.9717,2.46048,4.90813,13.5449,0
64,36.0048,6.86345,7.18807,17.5885,0
65,48.276,2.30036,10.3955,30.4142,0
66,30.7438,2.90469,4.47413,19.328,0
67,60.7482,2.27907,16.1891,35.9972,0
68,65.451,4.83317,13.3381,42.282,0
69,44.5585,2.36044,9.22885,28.0438,0
70,21.5628,2.07374,4.17109,11.157,0
71,24.4319,2.7151,3.90189,13.5283,0
72,51.1037,4.19414,11.2501,29.7419,0
73,49.7825,5.22342,18.0324,21.2906,0
74,37.6262,2.04311,9.09877,21.5353,0
75,36.7133,1.76924,8.57669,21.4289,0
76,49.8469,4.02964,12.4497,27.7563,0
77,51.1588,4.24313,15.8365,24.4625,0
78,48.9273,2.1799,18.5481,23.3463,0
79,55.8602,5.58625,13.9165,30.9523,0
80,37.6798,5.23888,9.21077,18.5303,0
81,43.7284,3.09923,9.88976,25.6711,0
82,22.9164,3.32352,4.21922,11.1107,0
83,26.3799,2.13732,4.02614,16.0243,0
84,52.2152,5.65537,14.923,26.1285,0
85,42.373,6.84945,9.16352,20.8668,0
86,25.7584,1.76924,4.78971,14.9303,0
87,30.3232,1.99644,5.43984,18.4233,0
88,49.4223,4.2338,14.6276,24.5077,0
89,20.1374,1.79695,4.9055,9.20464,0
90,60.2885,2.43656,10.9721,41.505,0
91,37.6107,6.309,7.07199,17.2164,0
92,33.7882,1.9734,10.1251,16.6806,0
93,33.6269,2.24523,5.25929,21.6768,0
94,40.0566,5.42963,11.3072,18.6519,0
95,24.599,3.39235,6.62137,10.4025,0
96,91.4167,3.08844,19.186,49.7063,9.8603
97,83.2801,2.07928,10.6195,54.4094,9.60043
98,74.4167,1.96844,12.9505,40.455,12.5713
99,87.677,7.07403,17.6302,45.9558,10.4191
100,60.1269,3.24856,8.97043,31.008,11.6409
101,62.9365,2.81106,9.93934,34.0798,10.7709
102,69.3234,2.58561,11.8392,39.7603,10.0327
103,67.7169,2.17786,11.3589,39.3522,9.62464
104,69.8382,2.34469,13.4416,38.995,9.20901
105,63.1687,2.45552,11.5601,34.5027,8.62481
106,81.6748,1.74853,12.5655,53.0249,8.56852
107,81.5126,2.42432,13.8354,49.0346,9.61735
108,73.1795,2.24144,15.0954,39.5322,9.1151
109,77.3427,4.08185,11.3927,44.6605,10.3949
110,71.2819,4.92826,17.4774,32.3298,9.67014
111,63.1996,1.96961,12.725,31.6908,9.97697
112,83.8792,2.21782,17.5967,42.2272,12.7186
113,88.3169,5.96454,15.8937,42.7011,15.8595
114,55.7537,1.81299,10.5075,26.0593,11.5394
115,75.8094,2.6696,13.8555,41.1702,11.0693
116,71.8912,5.06621,15.726,34.0087,11.318
117,73.9247,2.46807,11.9746,41.6345,10.7656
118,71.8822,2.64452,9.76259,38.9778,13.4877
119,88.9618,4.04276,18.2844,47.3546,11.7389
120,74.3158,1.76632,19.0431,33.7053,12.3619
121,60.3588,2.76673,9.19764,32.0388,10.5332
122,58.5779,2.27761,11.3551,29.9717,9.73897
123,70.2206,7.4774,8.8806,38.7605,9.46043
124,57.562,2.61798,9.63164,29.1571,9.85651
125,72.1339,2.64744,11.5569,38.8208,12.7376
126,61.0104,2.76265,9.79964,33.0447,10.1829
127,49.6798,2.79706,10.7525,21.6952,8.99785
128,68.9848,2.30677,9.99388,40.8511,10.2645
129,86.5491,2.41819,28.6094,37.1394,10.9106
130,83.1999,2.72531,20.8292,33.624,10.7359
131,54.3324,1.95415,8.76948,26.6783,11.2189
132,86.4873,4.28951,19.9,43.4288,11.5056
133,65.8243,2.36015,12.6903,31.4802,11.7395
134,57.0528,2.03436,9.11976,26.9323,13.0333
135,71.5191,3.04556,12.0102,40.105,9.55872
136,66.916,2.20294,16.8999,31.3318,9.64301
137,79.0192,1.96057,12.4421,47.4071,10.096
138,51.3475,2.07461,9.88976,20.7414,12.8644
139,61.0451,2.58794,10.3553,31.5327,10.7172
140,64.485,2.09357,9.55143,36.86,10.4664
141,80.7111,2.56665,12.1344,48.1019,10.9322
142,65.1339,5.84787,12.3742,28.1509,13.1751
143,82.6662,2.31844,12.5459,50.2168,10.5046
144,61.9939,3.94622,12.2409,29.5112,10.4667
145,61.9667,2.79823,12.6859,30.5306,10.5133
146,56.8346,2.11603,9.84601,28.7176,10.6717
147,71.1571,3.8876,10.854,39.7087,11.0728
148,75.1649,2.95719,13.6788,39.3665,11.7465
149,67.222,2.24377,11.9725,36.1982,9.92563
150,85.5589,4.82617,17.046,49.5378,8.96606
151,109.601,2.68361,9.91134,79.6011,10.9468
152,128.257,4.1078,14.6048,84.3546,8.84152
153,64.2449,2.36219,20.847,26.7071,8.24069
154,78.7722,2.10232,10.3809,52.0166,8.03565
155,85.381,2.45961,12.1557,54.914,9.00281
156,63.4213,1.91565,10.4425,30.5924,14.8098
157,56.2592,1.87103,8.99377,21.1291,18.7062
158,75.4501,2.39223,14.3709,35.6388,15.3663
159,43.2276,2.65852,7.9114,17.179,9.78797
160,63.9226,3.63822,19.5089,25.4536,9.92505
161,67.1747,2.2709,13.0628,36.2659,10.1943
162,87.5527,2.17611,13.6187,54.6063,10.3538
163,52.0271,2.39427,8.96722,24.6028,10.5113
164,59.2231,2.44677,12.4226,27.5203,11.2918
165,80.0418,2.58823,15.4247,44.5007,10.38
166,73.7777,6.78091,14.8098,33.7651,11.0485
167,59.1143,3.54606,13.9433,25.2176,10.9765
168,57.1473,3.01523,9.48756,28.1404,10.7225
169,69.2776,2.16853,19.3948,30.3818,10.4148
170,99.6174,2.5894,17.7215,57.8417,14.3388
171,50.1342,2.20761,8.3066,23.3752,10.9094
172,67.2383,7.13091,11.4866,32.9715,10.2482
173,66.0279,2.71627,11.0803,36.4368,10.425
174,65.6169,2.78831,17.1656,28.768,11.1258
175,81.1344,2.47769,19.0337,42.7965,11.2962
176,61.3831,3.40897,10.9899,30.217,11.0681
177,52.1543,2.97206,10.285,23.057,10.4282
178,77.8035,3.06073,16.7272,40.2217,10.805
179,61.8162,2.59931,10.5749,31.3948,11.6386
180,63.0019,2.24377,10.3445,29.2061,15.4527
181,107.176,6.47145,12.4864,64.6049,11.7587
182,97.5828,4.19647,12.9438,62.9642,11.4271
183,69.5576,1.98769,9.10372,41.0958,11.9892
184,60.9022,2.20994,9.21106,25.6236,15.0548
185,99.7046,4.27813,12.9266,64.1443,11.3078
186,87.7828,1.98974,12.4459,54.9747,10.5991
187,82.6361,4.41843,15.2298,39.1749,14.8008
188,65.3737,1.66336,12.1128,34.0294,10.7895
189,101.565,2.12944,10.9313,69.9802,11.6115
190,85.7861,6.03687,13.7155,41.2422,17.1674
191,55.3019,2.06411,8.2579,29.2201,10.4136
192,64.9502,2.71335,9.9128,33.9261,12.1849
193,86.2534,2.32282,14.2904,49.9403,11.4607
194,88.127,2.21227,8.87856,56.5348,14.3286
195,67.5113,2.01044,9.43126,37.9129,11.4047
196,73.6502,3.77705,12.7437,38.74,12.7312
197,54.0816,1.7389,8.71464,25.6744,12.4299
198,89.9671,1.86403,19.9359,49.6798,11.2594
199,69.0338,2.10669,13.2139,34.8093,11.398
200,97.5317,2.6104,15.133,57.4649,14.9592
201,76.0582,1.99878,12.4304,43.4268,11.1748
202,90.3582,2.04661,11.6715,54.5561,14.6238
203,51.5374,1.91711,8.52944,24.9166,10.7271
204,94.8117,2.06411,9.5033,64.8583,12.7478
205,72.5839,2.05186,11.5143,39.2709,12.7702
206,72.6711,1.90194,11.2501,38.9343,13.7065
207,54.1895,2.53077,9.73868,25.6309,10.7318
208,55.91,5.79917,9.86059,22.1586,12.27
209,77.4398,2.11194,11.9323,45.4839,11.2031
210,78.5951,2.01744,9.59722,51.3808,10.2333
211,59.5739,2.5821,11.3116,29.2752,10.8333
212,67.6288,2.22803,9.23439,32.6396,17.0918
213,83.2198,2.01394,14.0302,48.1448,11.8226
214,86.2831,2.01803,14.0868,51.4808,11.8605
215,63.2113,1.8544,9.14602,31.0322,15.7697
216,57.6988,2.17144,10.273,27.0758,12.023
217,54.991,2.30036,8.71698,25.7245,12.8962
218,60.8395,1.97953,10.7866,31.1133,11.3265
219,86.8061,2.84081,14.102,52.0872,10.7519
220,75.0686,2.46981,12.2073,42.5463,10.1146
221,66.0273,1.95473,13.3991,33.0567,10.6513
222,62.8937,2.2114,11.7115,29.8632,13.2013
223,64.8038,2.41673,11.3268,33.5487,11.8938
224,94.3001,2.57715,23.8307,49.4112,11.3306
225,75.0575,4.51963,17.0402,36.2793,11.5925
226,59.0737,2.24815,10.5244,28.6,12.312
227,66.4945,2.7574,13.2459,33.1334,11.6336
228,68.1115,2.53515,9.32947,37.8143,13.068
229,58.6307,2.83556,8.18411,30.4597,11.0348
230,60.952,2.17203,9.92534,32.683,10.6498
231,70.8053,2.33886,12.7195,38.5516,10.5612
232,78.7967,4.90463,11.5983,46.701,9.80663
233,57.4387,2.33186,9.4018,29.1673,11.2332
234,69.52,1.97894,11.9944,38.4545,10.532
235,71.1653,2.57744,12.4547,39.9117,9.54414
236,61.4047,2.33594,16.0153,24.8828,12.5209
237,73.4493,2.30882,14.72,40.2033,9.67189
238,87.0881,5.44392,15.7694,49.081,10.0677
239,57.7959,2.57394,8.8351,30.5136,10.3841
240,77.9155,2.31319,11.4805,47.373,11.4367
241,64.9651,2.17932,12.9992,32.5964,10.4871
242,86.1346,2.3689,13.4971,50.2098,12.2858
243,64.5725,2.14169,10.2109,35.558,11.3641
244,73.2982,1.81794,18.2416,35.0309,11.1853
245,61.6725,2.34819,11.0693,31.3038,11.363
246,69.5404,3.46556,10.1234,39.2948,11.3393
247,69.8615,2.40798,17.7638,32.4322,11.5601
248,71.6459,2.2429,10.9479,41.5491,11.2116
249,74.1093,2.90235,18.7499,34.485,11.0701
250,54.2688,3.49852,9.75209,25.1782,10.6145
251,63.0914,2.65998,10.814,34.9163,9.68122
252,74.5147,3.34831,9.58555,45.6642,10.6883
253,69.4713,3.08143,9.78068,39.9744,10.8733
254,57.4416,2.43627,10.45,27.7087,11.3329
255,57.2613,2.19157,18.7252,19.3864,11.1859
256,71.3417,7.51911,11.234,34.5593,10.8849
257,66.8612,2.42577,11.5555,37.695,9.34843
258,86.1632,2.09619,18.3127,50.6178,7.9499
259,81.4966,3.94418,12.7131,45.656,11.3536
260,65.6257,3.23689,11.6721,35.5218,9.04947
261,81.6812,4.72467,15.9855,45.9512,8.68081
262,96.5905,3.7056,16.5423,58.8672,9.64184
263,69.975,2.0014,11.3137,36.9501,11.8427
264,94.7735,2.5929,16.4849,46.5322,20.1298
265,54.7542,1.94599,10.8062,24.0962,11.8296
266,85.1745,1.97544,13.1159,50.1328,13.7389
267,74.2368,2.28753,12.2409,32.4407,15.2829
268,80.066,6.37608,16.9113,39.4987,10.0729
269,55.9147,2.03086,10.8957,24.6016,10.8887
270,60.2028,2.24844,12.0985,29.3394,10.4395
271,80.6901,2.70315,12.1954,47.7854,10.7939
272,141.556,2.07023,13.0622,107.818,11.1223
273,62.7668,2.27382,9.64097,33.9352,11.1474
274,86.1816,2.06469,10.5673,56.8568,9.67976
275,78.8244,2.22948,11.9244,48.2197,9.27522
276,134.617,2.14636,11.4134,103.168,10.8383
277,66.0748,2.15948,11.771,34.44,10.1184
278,51.5832,2.90323,9.50943,22.4328,10.455
279,73.5718,2.03553,12.9178,41.3545,10.0793
280,72.3293,2.96739,9.78243,42.8315,10.6971
281,77.6945,2.2254,14.6865,42.77,10.7449
282,63.3221,1.95707,10.2832,29.5255,15.0443
283,70.7601,1.98449,12.1481,35.8686,10.5717
284,74.5987,1.90223,13.1086,40.0651,12.1003
285,81.9058,2.23765,13.5461,47.8102,10.9039
286,73.4184,2.29336,13.7214,33.2209,15.9001
287,62.6559,2.18515,10.1173,31.454,13.0575
288,93.8212,2.17436,9.01097,62.0586,14.2866
289,90.442,2.32019,12.6235,53.283,13.1742
290,60.0998,1.94861,9.77514,26.813,14.3829
291,54.1061,2.45348,9.26851,24.6888,11.8209
292,71.3887,3.18848,13.5152,37.7764,10.8479
293,60.4358,6.55108,13.0217,23.5977,11.3163
294,59.8163,3.11964,10.8511,28.6467,11.4402
295,82.8505,3.39381,13.7639,47.6548,10.5819
296,77.8062,5.12717,17.445,37.3438,11.6027
297,77.364,2.23794,9.9583,47.3835,11.589
298,110.342,2.68127,10.3281,67.1292,17.9178
299,70.6674,1.88503,9.03985,41.5106,11.9238
300,77.6994,2.60223,10.135,47.0609,12.0253
301,89.9289,2.35548,15.012,46.1407,14.7818
302,88.2233,1.79286,12.0177,55.9337,10.7709
303,85.6277,2.08657,9.10227,55.1144,11.8162
304,104.846,8.45535,16.5966,61.2679,11.902
305,64.2274,2.08919,8.48481,35.4472,11.4636
306,91.6955,6.08733,13.0943,38.1185,22.7883
307,115.078,3.97801,9.99272,62.4057,32.1312
308,97.3045,2.23298,15.9199,60.0622,13.0613
309,90.3066,2.96127,14.1659,55.8024,11.5196
310,110.396,2.72152,13.3483,77.7936,10.0435
311,93.6608,2.03815,10.0986,65.9404,9.23089
312,125.127,4.02147,13.283,92.3757,9.34522
313,106.223,2.9006,11.1926,75.9777,9.50797
314,92.5066,4.62463,19.8731,48.4373,12.4719
315,81.6363,4.34201,12.6486,49.4847,9.11131
316,98.6996,1.8054,9.61035,73.0325,8.40635
317,82.159,4.70688,21.4951,38.5239,11.0771
318,101.76,2.35986,14.0191,65.4699,12.0994
319,100.36,2.38902,19.083,53.4379,16.1486
320,73.664,4.31722,12.7192,39.4473,11.4114
321,88.1474,1.92907,9.41756,59.1781,11.6517
322,93.0418,2.21169,10.2899,58.0339,15.5241
323,70.7353,6.58637,12.4479,32.7866,11.4604
324,72.0213,2.5614,15.5352,35.068,11.391
325,68.7509,2.60923,10.7356,38.4732,11.2577
326,92.2815,2.25632,17.471,53.5134,11.7847
327,72.2106,2.76498,12.5783,37.8134,11.5178
328,70.2404,2.10436,18.9293,33.3865,10.1992
329,71.664,4.10984,14.7938,34.9449,10.6609
330,85.9996,2.49577,11.1419,55.9077,10.7995
331,91.1901,6.81941,13.3594,52.1948,11.4884
332,71.627,8.35327,9.9023,34.494,13.1847
333,61.4625,2.62994,9.90813,32.2552,10.8969
334,136.894,1.97661,13.3515,99.6408,14.536
335,63.4236,2.41148,9.51264,32.9718,12.7428
336,52.3754,2.1729,10.6475,20.9156,12.1464
337,64.0971,3.18702,10.684,31.7366,12.6903
338,77.0228,2.8379,12.17,44.5156,11.3545
339,77.1593,3.82693,16.673,38.6668,11.8877
340,78.4295,4.21543,17.1175,40.0368,11.3565
341,76.0725,4.70163,14.0244,39.6827,10.3506
342,80.5481,2.10494,11.8527,49.6664,11.2469
343,87.2194,4.34843,14.6873,49.5392,11.2728
344,86.7766,3.65251,13.4979,46.748,10.3847
345,70.1441,7.47915,9.35601,36.4805,11.071
346,60.6044,2.09882,10.6358,29.8991,11.8722
347,96.5506,2.37444,21.909,54.2324,11.577
348,118.036,4.60917,26.3918,66.909,12.5325
349,81.0442,1.76515,10.1555,50.7858,12.536
350,99.7253,3.96868,18.3197,57.8149,11.0258
351,78.0004,1.77799,10.8595,47.3118,11.9816
352,70.3681,3.08435,14.6138,35.0939,11.64
353,57.3252,2.3934,10.4183,26.4213,12.3115
354,74.5579,2.75973,9.00339,44.4097,12.3981
355,86.6354,2.29598,10.9129,55.773,10.5752
356,114.059,2.53952,21.3248,74.8213,9.25772
357,78.9098,3.15027,18.3101,41.5036,10.1467
358,88.106,4.86905,11.6931,50.1281,15.1158
359,65.3673,1.79578,10.674,36.4304,10.7703
360,92.1817,5.64517,12.1067,48.1483,17.4494
361,68.1757,2.16473,9.73518,39.375,10.989
362,72.5052,2.01278,9.57243,36.9031,18.0584
363,87.3241,2.23298,8.9086,56.414,12.5737
364,83.0255,2.12186,14.0005,44.2817,15.271
365,72.793,2.0714,11.8346,38.8652,12.3841
366,71.7098,2.13382,8.83889,36.9136,15.2608
367,79.7901,2.21111,9.93001,49.9362,11.4575
368,73.9445,2.10523,10.3932,39.074,15.735
369,73.7757,1.93811,11.0086,36.2454,17.7959
370,63.9947,2.64919,11.4452,31.1454,11.6456
371,71.4021,2.28548,12.5527,37.9919,11.4417
372,61.053,2.67719,9.48405,30.7374,11.8069
373,63.5578,2.50802,11.9011,32.1788,11.3673
374,58.2766,2.41498,11.9542,27.4684,10.8138
375,67.4427,2.3339,10.5906,38.82,10.2514
376,76.3178,1.95649,10.0616,42.7542,15.9654
377,83.521,2.54711,11.7777,44.8277,11.6161
378,83.4872,2.10115,11.304,51.9767,10.3471
379,60.6478,2.37473,9.60714,32.3753,10.6143
380,57.0717,2.06207,9.03314,26.9495,12.4127
381,64.4269,2.07869,8.72048,36.3426,11.3618
382,52.6373,2.22773,9.90259,20.705,12.3966
383,65.5017,5.82571,11.6161,30.112,11.6257
384,80.1278,2.63869,16.7923,41.8396,11.164
385,58.1731,2.45494,12.3415,27.0388,10.5373
386,60.6674,2.12448,8.56152,31.4578,11.9857
387,56.6996,2.22919,8.73798,28.6957,9.92447
388,63.8419,2.78627,10.9237,33.1643,11.2539
389,67.8552,3.44893,14.2466,32.2003,10.8365
390,51.6485,2.88835,11.3805,19.9983,11.6625
391,51.5322,2.12098,8.72981,22.1505,12.9907
392,91.5929,2.35257,17.7364,49.7262,10.8686
393,100.478,2.38086,11.7646,68.02,11.3732
394,53.141,1.8999,11.5356,23.1453,10.7601
395,60.5265,2.3689,8.60556,24.6687,18.8167
396,77.5851,2.26507,13.3089,43.3985,11.4866
397,48.2588,2.2324,9.0871,19.7165,11.3204
398,50.4588,2.09736,10.2065,19.4896,12.1887
399,62.588,2.19857,9.77105,33.7771,11.3166
400,61.3268,2.55177,8.61023,29.2927,15.2678
401,77.413,2.2709,10.9686,47.3876,10.3138
402,75.3454,2.08948,9.46685,46.6934,11.3974
403,79.0288,2.10086,16.8827,41.2767,11.2183
404,54.3873,2.08073,9.37293,19.3878,17.2584
405,56.312,2.12857,9.60801,27.9289,11.1463
406,78.7838,2.6699,16.1078,36.8681,10.887
407,76.3843,2.97148,14.711,38.9165,12.002
408,67.2456,2.17873,11.4744,36.0372,11.6841
409,80.1657,2.54506,13.2597,47.7242,10.6799
410,66.1049,2.54681,10.721,30.9042,11.9483
411,65.4326,4.9933,10.1817,33.1284,11.3968
412,76.8551,2.83002,13.3063,44.0428,10.6773
413,66.489,2.91169,8.82139,37.4287,11.1282
414,60.5078,2.15569,9.00106,30.4183,13.0243
415,69.7271,2.20615,12.8866,35.572,11.4636
416,71.3371,2.13061,19.384,32.0793,11.923
417,89.781,2.3759,8.74818,59.6894,13.0351
418,78.0348,2.17494,10.1237,40.5498,19.2653
419,71.3624,2.3479,12.2012,33.838,15.7729
420,89.9555,2.53952,16.0576,52.364,11.5592
421,80.3649,2.35519,9.70455,46.5499,15.0149
422,63.8885,2.04019,11.8398,31.5248,12.3278
423,52.1059,2.08103,9.75064,23.5962,10.8604
424,60.8424,3.60702,9.58409,31.1089,10.7417
425,74.9878,3.37718,14.7912,38.948,10.4553
426,64.5468,3.64085,18.4548,24.8338,11.4321
427,85.1485,2.40682,8.88556,56.3099,11.4017
428,96.4467,2.11457,16.0806,60.1529,10.9975
429,58.8736,2.32661,14.3645,25.4244,10.8934
430,74.1805,1.86053,10.4903,45.0105,11.055
431,56.5354,2.39486,9.76697,26.8431,11.9524
432,86.2478,2.23648,10.7928,55.7628,11.4717
433,79.1143,2.2569,11.7407,48.0713,10.1213
434,63.8214,2.49665,9.07164,29.0664,17.277
435,79.018,2.25427,12.9035,44.1385,12.3625
436,71.8588,2.8939,9.58322,42.049,12.0072
437,50.0832,2.91752,9.3426,18.0114,10.9077
438,69.1108,2.13557,9.0136,41.9376,10.3512
439,66.4788,2.59931,12.0606,35.2917,9.67976
440,83.8672,1.96319,15.2468,48.3638,11.0372
441,63.2909,2.4214,12.9686,29.965,10.6784
442,74.0008,5.25404,17.1916,34.7577,9.81684
443,73.808,2.87085,14.7396,37.9689,10.94
444,71.617,3.19023,10.9876,40.4804,11.3291
445,59.1073,2.4074,14.1682,25.5685,11.1255
446,90.1095,1.96261,16.2921,52.7528,11.5059
447,66.8868,2.79123,12.2324,34.2085,12.0148
448,86.3105,2.68156,18.9667,44.5281,12.3943
449,81.438,2.41673,16.6782,41.3044,11.9422
450,79.0055,2.1414,12.8254,43.3658,13.3705
451,62.1391,2.23444,10.1575,31.8929,12.0449
452,77.9453,2.13236,13.8453,43.6283,12.4759
453,79.522,2.36686,13.0768,46.6649,10.4247
454,82.4051,4.10635,16.3035,40.063,14.1128
455,67.1587,2.02532,11.8054,35.5172,10.9339
456,73.5531,2.55994,12.0988,41.5082,10.2578
457,66.8874,2.7991,11.2329,35.2267,10.362
458,53.1669,2.73465,12.5699,20.8736,10.9657
459,84.0574,2.06528,15.9797,46.1113,12.5433
460,78.965,2.28403,12.9167,44.7145,12.9764
461,100.978,2.43831,15.3185,64.0314,11.3662
462,77.9943,2.32486,15.6627,39.8942,12.3835
463,69.1592,2.36307,15.3684,30.9759,12.3511
464,82.5306,2.67777,19.914,40.4361,11.9329
465,64.8233,2.92831,11.0981,32.5142,12.0364
466,72.9876,2.62906,10.1453,42.3952,11.9582
467,59.6996,2.54419,12.2292,26.1428,12.098
468,91.1737,2.02619,10.2173,52.9858,15.5101
469,97.663,4.80459,12.2097,56.809,16.9927
470,100.298,4.25393,18.6872,58.0649,11.8658
471,61.4642,1.98273,10.8135,31.211,11.2075
472,100.634,2.17757,14.6337,62.5489,12.7005
473,77.8173,2.35869,13.5566,43.4965,11.1935
474,77.5008,1.63099,10.5781,45.7254,12.053
475,60.2856,4.43534,11.8005,26.4152,11.3816
476,89.9286,1.78965,9.98368,58.7144,13.1337
477,70.7878,2.36219,10.0204,38.6735,13.4533
478,68.8964,2.11369,10.5259,34.3315,15.9923
479,80.8144,2.01278,11.5307,48.1879,13.1062
480,61.3563,2.07723,12.7317,28.8713,11.6721
481,79.0268,2.8796,13.8867,41.3058,12.7174
482,62.0892,2.21169,11.0547,26.7173,15.5787
483,83.6552,2.60223,16.244,46.3294,11.2136
484,115.821,4.43447,20.6828,71.1265,11.7824
485,79.6687,1.82465,17.5296,41.3076,11.6091
486,96.93,4.67772,18.7581,52.0487,15.0064
487,79.52,2.87756,16.3697,41.2137,11.7768
488,74.0609,2.6419,17.413,35.2185,12.0962
489,77.9832,3.94214,13.4475,44.0819,10.8945
490,79.7011,2.39515,16.7351,43.4186,11.0127
491,64.1685,3.04731,11.0421,32.5716,11.1066
492,79.4955,2.12448,10.1292,48.5137,12.0326
493,73.001,2.33157,12.4867,41.0527,11.3682
494,69.2038,2.17028,9.4266,40.0843,11.8355
495,71.4062,2.34586,9.56514,41.3006,12.5506
496,70.8576,1.94249,9.73984,36.9478,15.9797
497,68.0252,2.43423,9.67918,28.0788,21.6937
498,67.5641,1.98798,11.3895,30.3016,16.3078
499,70.7138,2.41906,10.4885,37.2911,13.5531
500,49.2528,2.28402,9.91659,19.2259,11.9763
501,75.3358,2.83731,14.9388,40.364,10.1365
502,75.9626,2.40186,16.75,39.5019,10.105
503,56.5873,2.84431,11.5706,25.5545,10.7134
504,68.3034,2.37357,10.3917,31.6663,18.1786
505,56.1206,2.04165,9.84893,27.2549,11.1308
506,91.1594,2.94523,14.5567,54.7122,11.1413
507,72.586,2.47302,9.46976,42.8808,11.8713
508,66.8055,1.95649,9.56018,36.6208,11.8594
509,87.3558,2.53748,25.8353,38.6292,11.4432
510,97.8601,2.27703,16.2416,60.4005,11.1393
511,72.1808,2.06848,9.91309,42.3517,11.7821
512,78.8124,2.14548,12.8216,45.0662,11.3775
513,55.6525,2.22919,8.49385,28.0432,11.0725
514,66.8985,2.71161,8.77064,33.7071,15.3243
515,74.3374,2.29161,12.354,38.8494,12.8169
516,79.3082,2.01278,12.4497,46.2131,10.7866
517,58.6199,2.1764,9.1221,29.165,12.2549
518,61.7075,2.65765,11.0561,31.5231,10.9284
519,57.063,2.47711,12.2531,25.3929,11.1194
520,141.266,2.32165,25.5078,88.0147,13.5872
521,86.3295,5.14088,15.313,45.6866,11.2507
522,67.6527,2.43744,13.9252,33.0678,12.0385
523,80.1698,2.22219,15.0411,42.6425,11.9547
524,98.8611,2.47886,21.7617,54.5398,11.5957
525,97.5309,2.35169,11.8935,53.2976,21.8833
526,73.6123,2.02094,10.6067,42.5489,11.6211
527,55.4177,2.30182,12.5349,23.8611,10.8094
528,78.3157,2.05332,12.8805,44.3184,10.8715
529,61.5298,2.00257,12.9064,28.0249,11.1226
530,69.3809,2.51998,12.4564,35.847,11.8745
531,64.5191,2.61827,11.2594,33.2696,11.0345
532,76.6173,2.2639,10.6586,45.4504,12.051
533,81.3948,3.12985,12.8954,45.6513,12.0014
534,90.9054,2.26069,18.8325,51.1702,10.6087
535,73.6491,2.6314,21.1556,31.4233,11.0903
536,67.9295,2.22598,19.7454,29.8207,10.2818
537,61.564,2.35577,11.4656,29.4249,12.2312
538,73.5555,2.14373,9.61909,44.6331,11.3326
539,92.8876,2.39661,14.5771,53.6021,14.8798
540,83.1702,2.04778,15.6452,45.4967,11.878
541,60.1996,2.37473,15.3427,23.6759,12.5704
542,87.2724,2.12098,9.48231,58.6012,11.3679
543,83.8821,2.28257,12.4275,49.6982,11.6459
544,79.6518,2.26098,9.76697,49.7189,11.2154
545,87.6218,2.19682,13.2836,54.9653,11.2218
546,97.8491,6.69574,22.3643,49.3744,11.9025
547,59.8531,2.86239,9.33472,30.8552,11.0967
548,82.1651,2.31027,17.1805,43.4519,11.2938
549,80.6222,2.64423,13.5213,45.9135,11.2725
550,76.3041,3.08464,15.159,33.6035,10.8709
551,69.7988,2.27673,12.7457,37.0361,10.3185
552,90.8077,4.07018,21.3405,47.0006,10.2998
553,72.6673,2.3549,12.212,41.4546,10.8126
554,71.2988,2.97323,14.8743,29.2572,18.2244
555,67.5982,4.08155,14.5383,30.7726,11.9827
556,72.7055,2.19157,10.28,41.6716,12.788
557,81.0591,2.12215,9.65905,50.651,12.4561
558,78.5082,2.36511,23.0712,35.882,10.898
559,75.423,2.73348,13.9509,40.5174,12.1128
560,89.1181,2.10407,15.0184,51.3464,13.0319
561,61.7667,2.39894,11.7407,28.8905,12.648
562,84.0446,1.9489,14.6783,46.9186,11.9174
563,57.9009,2.27236,12.8741,24.3394,12.4736
564,91.5211,2.08307,13.409,52.2619,15.7373
565,80.6131,2.2079,10.693,48.6724,12.1356
566,69.037,1.96932,15.9155,33.0141,12.4471
567,78.9816,2.40652,13.5758,44.7865,10.947
568,82.3389,2.07869,13.4889,47.0032,11.9314
569,76.4499,2.4039,8.60002,48.0161,11.4913
570,100.728,2.33011,18.0336,60.3145,12.4815
571,163.893,2.58765,21.9128,119.426,12.4579
572,83.2521,2.28811,13.9016,47.9304,12.6915
573,98.4761,2.54244,18.5881,58.4671,12.7341
574,97.5591,4.48376,13.7275,61.0982,11.6301
575,66.5403,2.01919,10.0758,28.7876,19.2866
576,93.5771,3.28064,13.6811,36.0903,32.8082
577,67.5588,4.85855,12.7291,31.7383,12.3572
578,65.9346,2.38727,9.62376,32.7837,15.2911
579,101.487,2.29569,15.4614,59.3937,15.5338
580,82.824,4.39976,15.2401,37.7224,19.4409
581,73.5105,1.90282,13.9474,39.8729,10.8033
582,79.0265,2.01365,15.5119,43.4822,10.5763
583,83.675,2.40332,9.11568,56.2443,10.3127
584,75.3428,2.62469,13.0082,42.989,9.82414
585,93.9857,2.24757,21.0731,53.6097,9.78301
586,81.9043,2.36686,16.4163,44.7606,10.868
587,69.0154,2.84023,12.6381,36.1623,10.3302
588,75.8409,2.65998,9.69901,46.5307,10.9756
589,74.9706,2.68856,13.5041,41.4645,10.2351
590,65.1103,2.29277,11.3848,31.5695,13.6674
591,68.6826,2.5859,9.63222,40.8733,10.0096
592,65.6951,2.20644,10.2269,35.3039,12.0119
593,76.0973,2.45319,9.44847,47.1047,11.267
594,55.8045,2.38202,8.80506,20.2963,18.1092
595,61.8413,2.12594,8.3241,33.7362,11.9212
596,54.0498,2.12594,11.2063,23.8958,10.8006
597,60.9917,2.43744,11.701,30.2188,10.7939
598,71.6013,2.46894,20.3171,31.7693,11.052
599,69.5261,2.81835,11.5759,38.1558,10.5556
600,75.3964,2.27236,8.82373,45.7904,12.6521
601,87.6749,2.13994,11.2419,57.0099,10.2193
602,64.0618,2.08336,8.97889,35.595,10.5475
603,78.8112,2.46807,13.6458,43.4746,10.9348
604,87.6102,2.15394,12.3228,54.5836,10.8038
605,74.2689,2.37065,13.1894,40.8149,10.4763
606,103.495,2.41498,14.7953,67.4118,11.3291
607,68.5499,9.42805,10.7563,31.3525,10.9861
608,79.1615,5.26017,15.2021,38.33,11.9314
609,77.1986,2.25748,12.8846,43.7762,11.0433
610,87.1281,1.99994,14.5937,52.6055,10.5763
611,76.0121,2.62177,13.922,41.0296,11.2819
612,64.6708,2.21665,12.8122,32.4217,11.2224
613,67.3614,3.46031,14.0346,32.1231,11.5951
614,61.3723,2.39777,9.65001,32.0606,11.4505
615,84.2776,2.34382,12.6259,50.7735,10.8033
616,86.8985,2.24436,13.4186,46.4449,10.8383
617,59.8172,2.19303,9.9968,30.2351,11.7054
618,78.3947,2.0854,13.5178,43.2743,11.9638
619,62.6662,2.23444,8.72106,32.1128,12.6859
620,86.5937,2.30998,9.05531,54.6387,14.8542
621,57.9132,2.11923,8.44135,24.3537,15.3593
622,72.6904,2.09153,12.3152,34.5605,16.1786
623,76.6532,2.28694,12.4934,39.5132,14.8813
624,85.4201,2.14665,18.1325,44.0798,12.4789
625,55.8608,2.61273,9.59022,26.4998,11.2842
626,87.8884,2.20819,14.8323,49.368,12.8006
627,81.9825,2.4319,9.64418,47.4626,11.5878
628,55.2351,2.32573,9.70601,23.8558,12.9406
629,70.2378,2.12128,13.1605,39.1058,10.2818
630,68.2052,2.26244,14.5199,34.7795,10.7228
631,73.5934,2.48032,16.232,38.1165,11.0124
632,62.8006,2.14811,10.4524,33.2888,11.1885
633,74.3036,2.43948,11.7599,42.8263,10.0677
634,68.216,2.33973,12.0084,36.6689,11.58
635,91.062,2.57219,9.80693,60.9623,11.6377
636,62.5775,2.09853,10.6361,28.7721,13.7085
637,58.7614,2.25282,10.544,25.3025,14.6104
638,59.3243,2.49082,13.1675,26.4779,11.3052
639,70.4049,3.08669,9.93293,40.271,11.1212
640,77.4253,2.79298,16.6727,39.5281,11.0984
641,76.6147,5.05221,17.6265,34.3315,11.2693
642,70.7727,2.08919,13.656,36.9023,11.1512
643,55.9637,2.81398,10.1438,27.5416,9.78126
644,68.0022,2.78452,13.313,34.1463,10.4343
645,69.312,3.09602,13.7531,34.8877,10.6775
646,108.396,3.73681,16.7386,70.1713,10.5947
647,82.0198,2.5089,15.3147,46.596,10.4757
648,79.4109,2.03378,13.5335,37.5305,18.1281
649,77.8558,2.85044,11.5289,42.0332,13.2629
650,83.5881,2.59727,17.5719,42.7221,12.0457
651,71.7778,2.34061,12.7796,36.1261,12.7268
652,89.1324,2.03203,14.1606,50.9191,13.3617
653,81.5718,2.28752,12.5731,46.0704,13.2675
654,80.5117,3.00035,16.4566,40.8097,13.1684
655,81.2796,2.12186,19.6701,41.6917,10.208
656,86.9449,2.03028,12.5206,53.4367,11.0765
657,77.1447,2.39136,9.64855,47.9114,11.3947
658,85.2483,2.5229,31.7926,32.4701,12.4975
659,73.0567,2.41994,11.9699,41.1792,10.4045
660,92.4609,2.58502,13.0663,59.2196,10.3707
661,74.0907,2.4179,11.7427,43.407,10.7878
662,77.7852,2.42519,23.8856,34.555,10.674
663,57.2234,2.31961,9.33268,27.4838,11.9262
664,90.8969,2.28023,19.2752,49.0944,12.2604
665,74.3884,2.51444,14.4211,37.2989,12.2721
666,73.946,2.2989,10.8803,41.2901,13.3976
667,67.2444,2.29598,10.0015,31.0031,17.8076
668,67.5451,2.1834,11.0885,35.4241,12.5702
669,70.2034,2.21607,11.8436,34.6299,15.1202
670,91.6757,2.44998,22.3963,46.6503,12.4389
671,60.983,2.29044,10.338,28.1555,13.5184
672,82.1158,2.52844,13.7409,42.6965,16.6844
673,76.7051,2.31232,10.4597,43.9748,13.5335
674,79.112,2.07023,10.6102,46.2492,13.4443
675,58.5341,2.50102,9.53918,21.5986,17.9038
676,87.9908,2.47069,18.8033,42.9272,16.246
677,92.4539,2.56927,11.4776,60.8328,11.4764
678,93.6683,2.27761,27.1604,44.326,12.2785
679,78.4213,2.45552,13.1797,43.8672,11.5065
680,79.5177,2.18253,20.0487,39.1017,10.7175
681,81.4467,2.26857,13.6169,46.2942,11.4195
682,67.4824,2.02007,10.4766,33.7666,14.8311
683,92.6504,2.38377,10.0901,62.1397,11.6237
684,80.3553,2.27528,12.8379,46.4432,12.2205
685,124.81,2.6311,14.8912,82.7076,15.3071
686,91.6675,2.3164,13.978,46.7879,20.4468
687,65.7817,2.28082,11.8226,31.3277,13.0642
688,113.438,2.21461,16.4338,72.8187,12.0029
689,69.0084,2.44736,9.42455,38.6902,12.5906
690,84.2546,2.22248,13.2112,49.5558,11.8451
691,70.7243,2.12915,11.9679,39.5789,10.9952
692,88.3685,2.36569,15.5236,47.8616,12.0568
693,69.261,2.16415,10.6081,39.781,11.038
694,55.8683,2.21782,9.53422,24.3805,13.2232
695,57.4506,2.34002,9.68764,25.9861,12.5454
696,55.5691,2.22948,10.583,21.5202,14.5479
697,87.4956,2.59465,13.971,49.7101,12.34
698,68.9973,2.51998,9.89063,37.8254,12.7172
699,73.9148,3.04673,13.2483,36.5992,13.2375
700,79.9794,3.58776,16.9075,36.3534,14.9256
701,87.2153,2.57073,12.4016,53.1634,11.162
702,57.4801,2.17057,11.8357,26.1591,11.157
703,82.9905,2.35927,14.6544,46.253,11.7025
704,85.9847,2.43219,13.3909,46.1113,15.7618
705,80.2054,2.54361,11.7162,44.8627,13.4425
706,55.5431,3.10827,11.0249,21.0731,13.4113
707,93.5531,2.97498,15.5209,49.2128,17.4984
708,82.4816,2.22569,13.444,47.2377,12.1507
709,81.3359,2.29744,12.6842,39.7667,11.0602
710,90.2565,2.39136,10.4188,60.0243,11.2189
711,88.1387,2.10173,20.4293,45.1039,10.3614
712,85.3116,2.49723,13.1955,51.055,10.9225
713,79.9785,2.10611,12.0262,48.0287,10.6061
714,85.9147,2.08103,15.4524,49.0912,11.6937
715,77.1881,2.41819,14.6389,40.9879,11.7386
716,91.0369,2.17728,16.5278,54.4176,10.9345
717,74.8525,2.85102,11.4744,44.6833,9.5526
718,70.8036,2.18515,10.145,44.7909,8.45623
719,100.042,2.8379,14.594,67.0432,8.78173
720,68.7033,2.81544,12.814,36.1786,10.9832
721,71.783,2.56986,14.545,37.1161,11.6173
722,80.8835,2.52348,14.1317,44.937,11.6753
723,68.8769,2.84402,11.3367,36.9901,11.9232
724,68.3717,2.41032,9.5491,38.3822,11.8917
725,57.0499,4.19034,11.038,25.8826,10.1601
726,55.7423,2.20265,9.80401,22.322,14.9907
727,79.7726,2.21198,18.3871,40.4291,11.4773
728,89.6533,2.50802,13.2538,43.0263,10.9765
729,69.1992,2.46048,9.5421,35.8456,14.8734
730,73.7197,2.45348,9.65176,42.4938,13.0252
731,88.5578,2.19915,10.0968,58.6406,11.8667
732,62.7423,3.27831,11.4172,29.2149,12.7303
733,58.8153,2.50481,11.0392,26.6042,12.7513
734,63.6447,2.10494,9.84047,33.0724,12.8542
735,80.9815,2.24173,11.7287,47.3561,10.8511
736,62.1102,2.11311,8.79864,32.0277,13.1867
737,70.1366,2.23269,10.7802,39.9531,11.43
738,78.1495,2.36307,17.2044,40.4148,10.8505
739,58.2804,2.24757,14.4461,24.6763,10.6956
740,81.7591,2.29977,16.6339,43.9054,11.3096
741,67.8852,3.25556,12.0872,36.3977,10.392
742,60.8258,3.04673,14.6544,26.5566,10.7058
743,81.0574,2.16007,12.9639,47.8639,10.4935
744,54.2878,2.22715,10.3016,13.9229,12.7869
745,77.103,2.49373,12.7043,37.0991,16.9189
746,79.5092,2.28811,18.5627,39.3776,11.776
747,60.6502,2.32369,8.50465,33.3915,10.7327
748,62.5119,2.05157,10.0102,30.0047,14.6821
749,47.8446,2.31377,9.48522,19.3531,10.7922
750,67.7099,2.39719,11.0666,37.5886,10.7242
751,75.2147,2.8656,15.9526,37.863,11.1069
752,73.0001,2.4494,17.6273,34.7393,10.7277
753,86.0369,2.27528,11.871,53.8841,10.751
754,91.4861,9.34347,14.9379,47.5891,13.0855
755,66.1705,2.58181,8.15581,31.8568,17.0659
756,51.407,2.59406,10.5571,23.5712,9.0556
757,123.564,5.56613,22.1761,52.9876,33.6797
758,100.869,2.35927,16.8083,57.1385,16.5
759,72.6233,2.62352,13.3927,35.8499,10.2631
760,72.1193,2.20148,21.2049,31.5155,10.1963
761,79.8102,2.33711,13.8258,46.4292,10.1572
762,77.0385,2.2569,12.555,36.0255,10.8085
763,70.7596,2.30532,12.4899,38.2845,10.4976
764,84.5022,2.37036,13.4898,45.4197,10.2969
765,77.1336,2.24728,15.7012,41.4038,10.3453
766,75.4548,2.29307,14.186,40.1934,10.905
767,63.9241,2.34061,9.23381,36.0672,10.5749
768,78.2224,2.32107,13.4667,42.8887,10.9301
769,70.5081,2.26332,9.89793,35.8225,11.1807
770,68.2906,2.05886,11.724,33.8547,12.5655
771,93.0637,2.29161,12.9237,58.1862,12.109
772,86.4176,2.15598,11.4866,52.8648,13.8301
773,81.4062,2.49082,16.671,39.0795,11.526
774,63.2766,2.43044,9.31081,29.9222,13.2629
775,67.7405,2.45086,11.5581,31.6506,14.2519
776,129.296,2.33536,22.3832,82.0198,13.5662
777,94.3993,5.93421,21.8932,47.4378,11.2241
778,71.8329,2.4599,13.7855,37.6845,11.6438
779,102.027,2.52844,18.0584,49.1732,15.716
780,83.4481,1.88649,13.7173,44.8592,12.2645
781,61.977,2.16444,10.7688,26.4257,15.2088
782,103.62,5.26192,16.2941,53.4224,19.186
783,66.3015,4.80634,12.5605,30.8403,12.0956
784,61.4864,2.29744,9.29564,27.2155,16.4712
785,87.9593,2.31932,13.7928,47.4792,12.2514
786,59.2916,2.37269,9.40851,25.1144,16.4012
787,51.2142,2.58444,8.67964,23.5487,10.6717
788,78.997,4.68763,13.3393,42.3765,10.8208
789,50.6044,2.75769,11.7275,19.3592,10.6213
790,101.475,2.4984,25.9975,54.4961,11.0786
791,71.9195,2.59523,13.3183,38.0045,10.8193
792,66.6372,2.55731,13.1045,33.8007,10.9453
793,63.178,5.75746,10.9453,32.828,7.63228
794,108.452,2.79123,10.7741,80.215,8.41219
795,84.2024,6.30783,15.1085,45.2389,9.88247
796,81.4601,2.21257,12.863,39.5153,19.5666
797,68.153,4.48026,10.5227,37.2701,8.99814
798,71.0783,2.24728,13.1967,37.4666,10.9001
799,55.5122,2.66494,9.1011,28.0397,9.70076
800,88.2475,3.06714,11.6237,54.6247,11.1527
801,69.9245,2.75798,11.7453,36.706,11.0494
802,91.1699,3.47227,13.5595,55.1593,11.1897
803,82.7656,2.28023,14.6678,39.7492,17.2266
804,71.0136,2.40098,11.6955,36.6797,10.436
805,67.5197,2.2884,12.0548,35.4827,10.2797
806,76.7597,5.63321,13.8506,37.4532,11.3084
807,75.4434,2.52931,15.5023,36.4257,12.6375
808,138.367,2.49986,12.8601,104.293,10.9263
809,95.1937,2.34615,11.8416,63.0167,10.6344
810,85.073,2.41527,13.11,52.8805,9.59285
811,69.9986,3.01494,10.2628,41.3306,9.44264
812,64.8542,2.10057,11.4881,30.7986,14.6232
813,61.2633,2.21753,9.03752,34.2682,9.5138
814,88.2265,2.24932,14.7833,52.5859,9.70805
815,74.9794,2.53777,12.1805,42.4136,9.9863
816,60.0216,2.24757,8.96956,29.6722,12.366
817,86.3234,2.63985,11.7873,53.2938,11.134
818,75.6309,3.08669,15.1779,40.4474,9.88334
819,86.8813,2.5194,11.7935,56.5642,9.30089
820,71.1495,2.68506,12.0778,39.2035,9.44205
821,72.3862,2.64452,13.2809,37.1286,10.5285
822,59.3021,2.14694,8.6636,27.1067,14.0191
823,55.2535,2.38465,10.2955,26.6336,9.31926
824,61.1206,3.00356,12.1015,27.6775,11.6791
825,73.5181,2.19069,13.5481,42.5477,8.72981
826,76.7433,3.17798,10.2007,48.4983,9.28689
827,72.7589,2.44211,10.4982,45.2967,8.98793
828,81.8037,2.84169,11.7631,50.3378,9.62376
829,76.123,2.59669,8.37048,50.0164,9.39685
830,78.9177,2.39048,8.64406,51.7317,9.53451
831,80.0721,2.36073,11.5543,50.1094,9.34172
832,81.3283,2.34061,14.6634,48.5779,9.0836
833,68.4866,3.28968,10.8779,38.4484,9.26414
834,70.6753,3.16164,8.99493,42.7539,10.17
835,73.3017,3.21298,10.5953,43.2279,10.4054
836,72.406,2.30969,17.1102,35.7517,10.2094
837,72.9759,2.51911,8.60702,42.5979,11.1503
838,88.521,4.58088,12.0029,52.8234,13.4772
839,68.9594,1.85994,11.297,36.9271,9.23906
840,100.586,2.2394,14.7999,63.1672,12.2137
841,69.0043,4.75705,14.5252,33.8795,9.71068
842,55.3165,2.07432,8.48802,23.7152,15.166
843,70.0126,2.20411,11.7226,34.4914,11.5205
844,110.817,4.52955,20.3722,67.3608,10.4856
845,74.3094,2.08423,11.7614,41.8929,10.7169
846,75.6295,2.36452,9.50651,35.8424,19.5118
847,68.2311,2.35927,10.9441,37.865,9.94343
848,78.8115,2.19565,8.82839,52.0464,9.78622
849,72.992,7.15015,10.5854,32.7099,13.6423
850,79.5104,3.24273,13.6721,44.0524,10.7102
851,63.5254,2.00899,9.28922,34.7734,10.9208
852,73.1976,2.26653,11.2197,27.1064,22.5139
853,74.0186,4.86934,11.1503,36.5642,14.4537
854,57.2281,1.94803,10.574,27.1922,11.3565
855,64.9992,2.31786,11.9055,32.2257,10.8362
856,95.1917,6.26758,18.5084,48.0526,13.3355
857,68.0602,2.18719,11.16,37.3523,10.9389
858,79.6682,2.62819,22.1055,35.6432,11.2267
859,60.3606,2.56694,14.2726,25.4148,11.2477
860,80.0284,2.85306,15.9263,42.9073,10.9462
861,51.9081,2.81777,12.037,19.8842,10.8913
862,102.445,5.28321,20.7548,56.4088,12.1265
863,51.6917,2.58356,9.14193,23.2416,11.1124
864,64.6241,2.67165,9.62318,33.8185,12.8049
865,57.1426,2.48002,11.1241,28.3833,9.51205
866,56.1591,2.7539,12.137,24.7011,10.8266
867,80.1934,3.25498,12.8653,45.7371,10.8995
868,75.3568,3.91005,13.318,39.3018,11.3679
869,51.7818,2.57598,11.3058,22.018,10.399
870,71.111,6.83953,13.8599,33.8445,9.52897
871,71.5383,2.8834,15.4401,35.1249,10.8992
872,81.7699,6.63974,13.1284,42.7251,11.7389
873,55.1027,2.89185,11.6998,24.0504,10.8531
874,73.9722,2.64219,15.8103,37.0913,10.8053
875,89.858,2.95194,13.185,53.9664,12.0023
876,68.5359,6.42041,12.6463,30.2584,12.0142
877,68.7529,2.28023,12.4162,36.4858,10.5384
878,65.9118,2.88923,11.02,34.0463,11.1996
879,49.1846,2.27965,10.9109,19.6025,11.0649
880,58.4009,2.60136,11.9944,27.3855,10.399
881,62.604,2.68361,11.1398,33.421,9.70543
882,76.3006,2.25019,13.1121,42.6527,10.8905
883,60.3588,2.37415,8.80156,28.939,14.0154
884,116.409,5.07321,20.4264,65.4796,14.1268
885,84.308,4.54034,16.566,44.2922,11.3134
886,76.1236,2.12886,9.79964,41.0562,17.1125
887,82.3313,4.92855,12.2062,42.1686,16.4146
888,83.5934,2.00403,13.3994,48.5811,11.7503
889,81.0095,2.10174,12.4404,45.9497,12.025
890,100.49,7.54624,20.9482,52.147,10.6484
891,69.5474,2.59931,14.6127,33.047,11.8387
892,92.2561,5.66325,15.9304,43.1865,16.0147
893,59.4261,4.94896,11.8728,25.6157,11.2897
894,49.7017,1.99178,10.4395,19.7807,11.3393
895,73.7485,5.07438,13.2007,35.9649,11.1133
896,82.5224,7.89944,10.4559,46.4024,11.4653
897,58.169,2.46836,11.3207,26.8043,11.5531
898,71.0422,2.32632,11.3959,39.6821,11.2918
899,75.985,2.42461,12.5844,42.4106,11.1967
900,68.7316,2.18865,9.82676,37.1228,13.2074
901,62.7586,2.78977,8.7966,32.5748,11.9769
902,76.5071,2.33769,16.3528,38.5922,11.5989
903,62.5673,2.38669,9.06551,30.1141,14.8991
904,72.4165,2.20411,9.42893,31.498,18.1967
905,76.7331,2.37182,13.9445,39.0212,13.5641
906,58.5193,2.71977,10.177,27.1843,11.9897
907,60.6405,3.0021,11.6339,27.9397,11.556
908,73.4382,3.19898,11.0649,41.022,11.5435
909,67.3984,2.78248,12.5264,34.6643,11.7071
910,85.8351,7.53253,12.5786,48.6254,9.6188
911,75.8418,3.57172,12.6375,41.911,10.0379
912,78.7337,2.7854,13.67,43.6698,10.9298
913,60.9407,3.2506,10.2864,32.142,9.42601
914,81.2195,4.44993,14.7381,45.4825,10.145
915,83.7593,2.4844,14.328,47.9383,11.3583
916,82.0268,2.76556,13.6236,46.8375,10.9039
917,69.8776,2.59085,13.5574,36.3787,11.0483
918,81.4517,2.47594,16.1325,43.2323,11.7363
919,61.6191,2.59319,10.7502,30.7339,11.4493
920,60.4647,2.43307,11.918,27.427,11.8276
921,81.8259,2.39515,12.7679,47.8557,11.4105
922,84.4051,2.38844,12.1251,50.9943,11.1317
923,80.1369,2.58852,14.2221,44.9245,11.204
924,82.8628,2.36715,20.0887,42.9368,10.0347
925,47.8149,2.28344,11.0835,18.3655,10.2374
926,70.3203,3.04702,12.9111,37.4993,11.1483
927,72.5393,2.45144,12.6075,38.8205,10.6183
928,70.2824,4.37905,9.86876,39.0346,11.0424
929,56.1932,3.96022,11.0001,24.438,11.0914
930,80.8185,3.41802,15.2252,45.5673,9.46714
931,67.7312,3.26606,13.5434,33.0333,10.2818
932,84.3424,3.21735,23.1156,38.0774,11.8118
933,106.738,5.86392,14.6179,56.3901,17.032
934,65.0114,5.67842,13.6677,27.3593,11.5555
935,82.7365,2.03844,8.72456,51.7579,14.0206
936,88.8282,2.7399,16.7372,46.0074,15.6662
937,61.6815,2.40186,9.5873,25.1922,14.305
938,88.3073,2.23707,11.132,57.3162,11.5569
939,74.3313,2.5194,11.4096,41.8813,12.0609
940,60.4883,2.45377,12.3497,26.8428,12.9496
941,85.4102,2.69615,14.6077,46.3583,13.759
942,90.4014,2.28257,14.3814,52.7674,12.8344
943,76.9195,2.64481,9.72322,46.5625,12.0253
944,104.066,2.67427,21.2075,62.4194,10.1744
945,59.5774,2.41965,9.76347,29.4231,12.1566
946,88.4694,3.45827,20.1036,46.0984,11.1935
947,85.8024,2.4984,10.6102,56.116,10.861
948,118.118,2.29773,13.0278,83.9545,11.2521
949,72.3704,2.45027,13.4921,37.9552,11.1818
950,66.7751,6.40437,10.5046,27.7633,15.5186
951,103.576,3.34598,24.8113,54.5876,12.9237
952,65.759,3.20189,10.1773,33.043,12.492
953,102.41,2.63286,16.0205,57.2873,15.6743
954,64.0583,2.10203,16.2606,27.8685,11.3367
955,78.5047,2.42811,13.2165,41.3787,12.7872
956,103.739,5.02217,13.1202,57.3141,16.8713
957,80.4107,2.20178,15.257,43.8914,11.2212
958,88.9014,2.58123,11.7914,52.6918,13.0377
959,95.561,9.46976,14.2499,55.9092,9.93409
960,55.5148,2.44765,10.7983,25.0105,10.6472
961,90.8564,4.95655,14.5894,52.4042,11.2623
962,79.8738,2.94464,18.1666,38.9702,11.4335
963,59.7002,2.66581,11.8145,27.035,11.9807
964,67.8942,2.40827,16.8643,29.6815,12.0277
965,62.7539,2.29102,14.0285,26.9002,12.655
966,61.9198,2.32894,10.2158,25.474,16.685
967,82.1537,2.4319,12.7769,45.7114,12.5439
968,98.3137,2.32165,11.6943,65.0864,12.9167
969,80.4609,2.70315,13.6234,43.3664,12.4987
970,84.959,2.40827,14.5648,46.855,12.5092
971,85.6274,2.59406,12.5541,51.6701,12.1671
972,93.3189,2.45523,21.7558,48.5581,12.34
973,66.0293,3.10739,13.635,29.9402,11.4216
974,102.526,9.00777,24.1857,48.7643,12.2554
975,95.4551,2.55236,11.5225,60.6936,14.1965
976,85.8754,2.28811,8.74323,56.8711,11.7214
977,71.7136,2.33244,10.6787,41.8859,10.6703
978,76.9487,2.34411,10.0814,36.2352,21.9895
979,82.8698,2.39807,10.336,52.1569,11.535
980,85.1345,2.32311,9.13697,55.9961,11.0246
981,121.938,2.48236,12.9697,87.2506,11.3446
982,85.0917,3.10623,11.8007,50.733,12.3362
983,54.6576,2.96798,10.5174,21.8209,12.6168
984,74.5944,2.91752,13.1932,39.4841,12.5287
985,63.2037,2.97702,11.7345,29.2942,12.6976
986,95.4752,2.23415,10.1464,63.7733,12.0877
987,85.3043,2.74661,10.6344,54.6171,11.1585
988,97.9371,2.78365,15.103,55.586,15.744
989,73.535,2.47798,11.0413,36.2874,14.8612
990,75.1975,5.31384,12.6162,39.055,11.4458
991,50.6677,2.14957,10.1429,20.0012,12.1796
992,83.1445,2.44969,12.6883,48.6173,11.6432
993,79.5439,2.42986,12.7207,44.7451,11.6887
994,77.4145,2.39457,12.4876,40.7204,15.1692
995,115.436,2.44327,18.4953,68.143,11.2504
996,107.741,2.53631,13.9491,70.8908,12.0014
997,88.064,4.03576,20.3515,43.4706,12.1385
998,82.3751,2.67515,16.0678,43.2466,12.6894
999,68.437,2.79881,10.1616,38.4892,10.5647
1000,72.7283,2.52698,11.9944,36.5981,14.6363
1001,85.768,2.63548,15.1266,47.1236,12.2172
1002,66.1466,2.43102,14.4225,28.9524,13.7634
1003,64.499,3.68781,12.1242,30.4264,11.4715
1004,81.0282,14.8285,17.5871,30.8012,11.6112
1005,68.4706,2.65356,12.3319,36.1716,10.9686
1006,77.8108,3.33693,19.7731,35.2024,11.6867
1007,64.7775,2.53281,10.6108,33.8762,11.2305
1008,64.0212,2.46048,13.0187,30.6738,11.839
1009,58.3294,2.41848,9.53364,28.4288,11.5359
1010,65.0406,2.41994,8.89285,26.6538,19.4164
1011,63.2189,2.63373,9.74597,31.9597,12.2878
1012,91.9851,2.32194,13.0319,52.6743,15.8508
1013,64.4048,2.6661,10.1114,31.6713,12.9514
1014,88.4613,2.5754,9.62376,53.0406,17.0612
1015,86.1644,2.48206,8.98181,56.3365,12.3036
1016,91.4882,2.49023,17.1703,44.1633,11.4997
1017,91.2414,2.62615,10.7175,59.0451,12.2041
1018,86.4654,2.4109,18.4029,46.4826,11.2442
1019,96.3951,2.72473,20.3903,55.6551,10.9896
1020,78.4085,2.56256,16.3968,40.2745,11.0754
1021,95.7053,2.91344,12.5468,56.9606,13.1097
1022,101.469,5.12455,18.6435,59.8303,10.373
1023,100.322,2.7434,16.5689,55.9217,13.7386
1024,94.9458,6.80599,25.1389,44.8151,10.3477
1025,67.245,3.1071,11.3638,35.7021,10.8916
1026,72.0598,8.69189,10.1286,35.0102,11.8579
1027,80.4137,3.55685,13.901,44.1685,11.2031
1028,64.6766,4.15301,10.6143,30.9596,12.2741
1029,64.5524,2.7924,12.1502,32.4806,11.0783
1030,65.8567,2.30328,15.3646,31.0938,11.1576
1031,91.0358,2.50686,14.0259,55.5128,11.4478
1032,87.7907,2.53486,13.3568,52.945,11.5415
1033,88.6272,2.54069,19.2481,47.6726,11.157
1034,75.808,2.94115,11.9291,37.9383,16.8317
1035,64.2277,3.4676,13.0453,30.9374,10.509
1036,68.6109,2.92044,11.5394,36.6039,11.2667
1037,85.136,2.74981,21.4318,43.1652,10.8202
1038,99.4844,10.028,22.8251,48.9083,9.34756
1039,77.9322,2.18515,10.9234,45.2751,10.1514
1040,73.6129,2.32894,9.24139,36.4178,16.2755
1041,82.0572,7.78482,12.9377,36.9463,16.7203
1042,67.9497,2.06061,12.4628,33.3688,12.5529
1043,91.888,5.16538,14.8203,50.1441,14.2017
1044,51.8364,1.98157,11.19,24.3003,8.2684
1045,58.7482,2.17523,13.0747,29.2519,7.84927
1046,76.5713,4.1183,15.5839,36.9061,12.137
1047,108.336,7.01074,14.8898,70.7616,8.96956
1048,77.273,2.15482,12.9913,44.9338,9.11597
1049,79.4862,2.76498,12.4996,46.0328,10.2319
1050,103.664,3.00414,15.1196,61.627,14.5447
1051,85.4962,2.70811,14.8052,43.754,14.0375
1052,90.8019,4.2198,19.5147,46.799,12.0735
1053,103.007,2.8729,15.4168,54.5293,11.7687
1054,80.7986,5.19775,15.1432,41.5601,12.4328
1055,77.887,2.07023,15.0546,41.2769,11.4356
1056,104.573,5.02509,19.5532,53.7541,16.1652
1057,82.6796,1.98478,13.9949,46.6427,12.102
1058,96.9385,2.7364,14.9315,58.6832,12.1589
1059,74.4185,2.87435,11.7092,41.1025,12.0848
1060,93.4583,2.43102,15.5661,54.4479,12.1041
1061,89.429,2.92714,16.5706,46.9183,14.3586
1062,99.1968,2.31815,15.2258,60.8774,12.9053
1063,68.7141,2.52523,9.86263,36.8116,12.6014
1064,82.7828,2.82915,15.9048,42.8648,13.1144
1065,60.5755,2.65152,9.92476,26.0579,15.2832
1066,102.538,2.66844,20.6843,58.3134,11.8308
1067,87.2156,2.41207,9.20143,57.6629,11.5832
1068,77.0327,3.37077,11.407,45.3194,10.7519
1069,77.2998,2.47331,9.98222,48.4601,9.93847
1070,87.2147,3.05139,15.2759,52.5696,9.94838
1071,71.1676,2.43394,9.84309,41.5677,11.1859
1072,60.5315,2.31378,9.41697,27.6501,13.9804
1073,59.6002,2.49782,8.70794,30.5355,11.6082
1074,93.1075,3.46935,15.3908,53.6905,12.1782
1075,74.2744,2.8344,14.1766,32.6262,17.0863
1076,68.0547,2.74223,14.5427,31.3988,12.13
1077,57.7414,2.70519,10.3068,26.3501,11.7958
1078,71.585,3.02689,19.0646,31.1448,11.7701
1079,77.369,2.6976,12.5483,42.4731,12.324
1080,89.058,6.17104,17.2493,44.8705,12.4013
1081,73.7237,2.07286,14.543,36.806,11.6045
1082,51.4496,2.27936,10.6341,19.9274,11.7579
1083,62.4605,3.0441,12.0915,29.8221,11.0386
1084,92.0131,3.66885,17.2595,51.8883,10.5165
1085,95.2285,2.77256,15.1377,49.1688,14.6701
1086,64.9656,2.24348,11.1938,30.789,13.7464
1087,82.8832,2.14228,13.0616,44.4173,13.542
1088,109.881,5.30538,22.1653,52.9176,15.9514
1089,74.3348,2.12361,9.86409,44.0968,11.4207
1090,81.739,2.67281,9.5876,48.4353,13.4787
1091,82.3582,5.16946,17.3007,41.6902,11.6091
1092,98.8769,2.00315,14.2615,63.2171,11.2935
1093,66.806,2.84665,10.733,32.4468,13.012
1094,94.5413,5.82541,21.9755,43.6666,13.9477
1095,82.385,2.21782,14.1064,38.3416,19.4642
1096,87.3095,5.92196,15.6137,42.0207,15.0904
1097,89.7898,2.58881,9.27435,60.1567,11.2565
1098,75.4326,2.3689,10.4926,40.0231,16.4735
1099,77.6493,2.49402,9.16322,49.8898,10.2453
1100,86.3201,2.34177,12.6375,51.4972,11.8305
1101,78.9057,2.49431,9.61822,49.0098,11.5371
1102,62.8735,2.2919,9.12093,31.9516,12.9884
1103,74.5217,2.58998,12.7667,38.2331,11.7401
1104,60.9611,2.59581,9.51876,25.2981,16.3507
1105,60.4612,2.63052,9.16352,25.6411,11.1635
1106,64.1219,2.44998,11.8885,32.1251,11.0728
1107,70.7429,3.11148,13.1147,35.3684,11.1212
1108,56.6401,3.22785,12.6402,21.0599,12.8773
1109,76.3534,2.45873,13.8164,39.6465,12.3613
1110,86.9324,2.48352,13.4204,51.148,11.8696
1111,78.4347,2.65823,15.4626,39.1513,12.1572
1112,91.7101,4.07047,23.9865,41.6342,13.0631
1113,75.5685,5.14409,15.0426,33.526,12.5424
1114,85.5157,2.1904,12.4477,48.869,13.516
1115,71.5514,2.47652,13.4901,33.5653,13.9634
1116,86.0801,2.3689,13.094,44.2295,17.8554
1117,100.249,2.71335,14.9233,62.3366,12.1055
1118,76.5998,2.31115,10.6452,46.8719,10.7595
1119,83.4957,2.64365,13.1783,48.1124,11.8465
1120,82.964,2.81223,12.2444,49.818,12.018
1121,88.048,2.73552,13.458,52.373,11.0217
1122,68.0421,2.35461,16.498,30.6256,12.081
1123,73.7914,2.67281,16.4163,36.1121,10.9788
1124,57.0563,2.47594,9.61122,23.8415,14.7168
1125,89.4567,2.5999,15.4081,49.5961,12.0005
1126,82.2135,2.32253,18.7365,41.8127,11.4067
1127,70.4723,2.4809,12.9499,36.6156,10.8152
1128,97.2208,2.37415,13.9594,59.9003,12.2575
1129,87.2071,2.75565,9.56368,56.309,12.0282
1130,66.424,2.65269,10.5375,35.77,11.1445
1131,70.0216,2.71452,8.55219,42.1811,10.3859
1132,93.8477,2.71335,10.6038,62.6277,11.3414
1133,80.9419,2.89244,15.3903,43.7809,10.9908
1134,76.8256,2.47506,14.0559,39.3295,12.9056
1135,74.6428,2.84227,16.8512,36.3084,10.9336
1136,80.1859,2.39719,13.4183,46.2075,12.0627
1137,69.5958,2.6419,12.0667,37.1079,11.4872
1138,73.482,2.46573,9.41901,40.7522,14.3199
1139,65.1252,2.2394,9.40764,35.6875,11.5826
1140,83.2577,2.20878,20.0266,42.3129,10.9433
1141,90.1342,2.80319,15.9605,52.4136,11.1086
1142,98.2749,2.48556,14.1081,62.4865,11.6838
1143,59.8038,2.43715,14.0101,26.0302,11.0022
1144,69.527,2.19594,10.9707,37.8169,12.3838
1145,80.8917,2.36336,13.4667,46.2644,11.0042
1146,82.5361,2.29336,11.829,48.3297,11.7226
1147,67.4754,2.51881,18.3994,28.6403,10.6417
1148,69.1239,2.50802,10.7333,36.4152,12.8423
1149,68.7237,2.36277,9.55318,38.236,11.7246
1150,91.9563,2.27382,12.6054,58.1602,10.9575
1151,79.8679,2.30998,13.6493,44.8245,10.5381
1152,79.5057,2.11748,14.0019,44.8945,10.8706
1153,61.09,2.36715,11.3755,30.4562,11.2338
1154,92.1782,2.06411,13.3361,57.6189,11.1401
1155,76.1833,2.46369,12.821,40.9033,11.9874
1156,74.984,2.48236,10.3684,44.8778,11.2778
1157,81.2799,2.6419,13.4991,45.4927,11.1734
1158,65.3486,2.20907,10.0712,28.8485,17.9309
1159,58.9763,2.34148,11.1165,27.3179,11.7468
1160,52.5585,2.57365,12.6711,19.9079,11.2078
1161,51.498,2.91956,10.0951,20.5874,11.7022
1162,62.9593,2.80085,11.344,27.4876,14.1341
1163,90.3501,2.2989,12.5346,56.468,10.999
1164,70.9494,2.31844,17.8881,32.623,12.0417
1165,64.0469,2.15423,11.02,33.0045,11.5254
1166,74.8875,2.33769,13.1194,35.3442,10.3022
1167,67.3421,2.18982,13.124,33.206,10.6627
1168,93.65,2.42548,20.0484,49.5168,11.3883
1169,81.5089,2.53661,14.1924,45.4104,11.244
1170,91.5316,2.40507,14.0387,55.1555,12.0866
1171,71.8959,2.18515,18.8952,31.2726,11.4105
1172,97.0382,2.23357,16.2664,58.2381,12.1901
1173,81.0781,3.68431,19.5126,38.5385,11.4933
1174,86.7547,2.68944,16.6975,48.7847,10.7875
1175,68.4849,3.07035,12.5885,33.4536,11.372
1176,68.4402,3.56239,16.0999,31.0136,11.3032
1177,71.2784,2.50336,12.921,38.0365,10.9628
1178,65.1199,2.42606,16.9737,27.1662,11.6068
1179,75.5738,2.52173,12.7915,42.1592,10.7569
1180,79.3733,2.21548,12.8128,45.1397,10.6125
1181,75.7243,2.38873,12.2097,42.8391,10.8164
1182,85.2089,2.10815,16.9451,47.1709,10.6528
1183,76.7302,2.52698,12.4824,42.555,11.689
1184,76.5024,2.16328,13.5522,42.8137,10.3535
1185,92.4183,2.40623,10.9701,61.9344,9.99505
1186,73.4525,2.90819,14.4759,34.8892,13.6184
1187,79.7344,2.65006,12.6334,39.4596,16.5937
1188,78.3116,2.36598,13.9229,44.1787,10.4008
1189,94.8484,2.18807,15.1009,58.8678,11.013
1190,53.8579,3.80243,10.996,20.462,11.1194
1191,61.2052,2.38494,9.61035,31.7693,11.2553
1192,58.2025,2.54652,11.4671,24.0302,14.0524
1193,73.8331,2.24961,12.6072,39.3543,11.6567
1194,75.3075,2.28227,18.1024,33.2069,13.0849
1195,73.0526,2.37473,13.1059,32.9333,15.3938
1196,83.755,2.79444,12.4287,47.4981,13.9736
1197,76.9157,2.39894,12.9441,39.356,13.8363
1198,51.9034,2.31319,9.68034,20.1884,12.0122
1199,68.6479,3.78551,11.9463,35.0869,11.5269
1200,101.537,3.85289,17.5544,55.5277,17.0157
1201,91.8031,2.32165,13.0625,48.4487,19.4389
1202,95.6257,2.64627,14.9813,59.6221,12.2724
1203,89.9117,2.32661,14.9776,52.324,12.0714
1204,96.8349,2.53894,11.82,67.1105,8.87768
1205,82.3967,5.56992,13.7584,44.7364,10.3205
1206,99.2884,5.46404,19.7323,54.4494,11.5963
1207,64.6189,2.04165,10.7668,35.3112,8.93952
1208,76.7363,2.08423,15.6178,35.4361,11.9839
1209,81.3549,5.29196,13.5335,41.342,12.6874
1210,61.0626,2.11019,9.92651,29.3592,13.0123
1211,70.8628,2.3654,13.3156,34.8067,11.9533
1212,67.1397,4.81305,13.5099,29.9414,12.347
1213,66.5616,1.85761,13.7575,32.1239,10.9479
1214,88.414,2.6279,15.3211,50.0193,11.2084
1215,71.6098,2.49461,12.3852,38.2323,10.5472
1216,52.401,2.39982,11.1743,20.6353,11.4825
1217,66.6862,3.30835,14.9974,28.927,11.6339
1218,83.2857,2.52873,19.8898,43.694,9.6121
1219,88.3495,2.33215,17.8528,50.2162,10.3672
1220,96.536,7.96448,21.9638,46.1947,10.3448
1221,70.5003,1.8614,12.1749,37.5719,11.1713
1222,104.709,2.17727,15.3719,60.0426,16.5878
1223,78.8804,2.37181,12.6833,41.2501,11.4537
1224,77.2745,2.27673,20.3978,34.4701,11.8579
1225,101.865,4.65759,22.2514,49.8084,12.214
1226,102.642,1.95969,15.2853,66.8787,10.8601
1227,83.393,2.61973,13.2856,49.919,9.94605
1228,90.9039,5.48971,16.6645,47.9205,12.6667
1229,82.9141,2.15248,12.6553,39.3607,19.9321
1230,74.8919,2.37036,13.8059,38.3845,12.3879
1231,56.8772,2.23123,9.44526,28.0876,10.9278
1232,81.5628,3.82693,13.5694,41.8413,10.7131
1233,68.4627,2.32952,11.8168,36.1816,10.0633
1234,63.8579,2.42402,10.9155,32.5792,11.3624
1235,68.0205,3.48714,11.2437,35.5137,11.1235
1236,65.4451,3.8593,16.1267,26.8503,11.5791
1237,77.6218,2.55119,13.8296,42.4518,10.8213
1238,78.78,2.57977,9.00193,50.0208,10.9596
1239,93.4648,2.62031,11.3682,60.3419,11.3014
1240,59.9732,3.4396,11.535,25.9395,11.96
1241,61.1043,2.54623,8.51894,33.5213,10.2409
1242,74.3654,2.14461,18.0383,32.6536,11.0109
1243,79.8084,2.41731,14.2044,36.2297,17.2864
1244,91.8594,2.10932,9.46685,62.3733,11.4335
1245,64.4109,2.58823,9.31226,35.1319,11.0141
1246,91.1819,3.28327,17.1747,51.8664,10.5136
1247,99.1788,2.57044,18.6318,57.2645,11.8675
1248,67.3506,2.45261,15.6303,30.3526,12.5567
1249,85.4813,2.85715,13.4244,49.5593,11.188
1250,60.2891,2.27615,10.2167,29.7854,11.8807
1251,78.0042,2.38232,13.1984,42.5894,11.1635
1252,69.172,2.32369,10.4944,37.7291,11.7407
1253,80.3862,2.52815,10.0181,49.284,11.5047
1254,69.6924,2.29832,10.0341,28.7747,21.8066
1255,87.9056,2.71977,13.4344,52.2762,11.1929
1256,91.6471,2.23736,14.8215,57.0615,10.3693
1257,72.2065,2.67835,8.6461,46.3032,8.89256
1258,74.5556,2.32515,10.068,44.6897,10.9783
1259,72.4013,2.38348,11.3702,38.2673,13.2083
1260,68.4895,2.61856,12.5614,32.8965,13.0998
1261,78.8156,2.43073,15.1826,37.357,15.9015
1262,60.882,2.70286,9.58585,27.8356,13.8371
1263,80.0954,2.53106,17.2146,37.8522,14.5427
1264,75.3982,2.57131,12.5576,41.7938,11.8465
1265,76.7778,2.38727,9.80518,39.7413,17.3336
1266,72.7026,2.21723,14.8912,32.9744,14.7393
1267,59.9493,2.42752,10.5025,30.4576,9.88743
1268,68.2676,2.2639,12.8023,35.4495,11.1477
1269,69.4544,2.74981,13.3961,38.4093,8.11002
1270,85.2375,3.80039,15.0691,48.6668,9.39451
1271,79.8169,2.4039,15.231,45.7864,9.13902
1272,80.0511,2.69469,18.0844,42.8242,9.04831
1273,67.5361,2.97323,12.5267,34.7982,9.27756
1274,82.1969,3.08114,14.9851,45.0794,10.7992
1275,68.8658,2.78773,14.2799,33.2923,9.65789
1276,84.7075,3.1036,14.8288,45.6738,11.8661
1277,81.1221,6.11766,13.3052,43.2002,9.89355
1278,87.5871,3.83568,15.4993,42.7685,14.3374
1279,56.6506,2.52844,9.6993,26.2836,11.125
1280,86.2466,2.23386,14.7985,47.8569,12.5795
1281,74.2826,2.49286,15.59,35.1266,12.3056
1282,76.8971,2.70519,16.1369,36.3784,12.6833
1283,76.1618,2.57336,11.3256,43.8728,11.2612
1284,88.1597,2.48323,15.7578,47.9283,11.6651
1285,88.5619,2.58211,13.9544,48.2113,14.2481
1286,89.7589,2.43044,15.756,42.5454,20.1654
1287,106.869,2.49023,14.4348,69.0708,11.5931
1288,79.0627,2.58415,10.0335,45.28,13.8027
1289,61.3254,2.43161,9.48347,30.4973,11.9256
1290,82.9295,2.29394,13.7587,40.9013,11.0147
1291,53.2311,2.72531,9.07835,23.4807,10.9704
1292,100.273,2.28694,13.9888,63.6654,11.8185
1293,62.3579,3.19635,12.0367,28.8984,10.9313
1294,75.3025,2.3059,10.6705,41.2618,13.3486
1295,83.8433,2.36802,12.3397,42.182,17.8627
1296,82.9599,2.36686,9.30322,53.7185,10.6898
1297,120.8,3.41743,22.2123,65.7196,21.1678
1298,91.0752,3.15698,14.963,53.2063,11.0961
1299,55.5536,2.89769,11.6362,23.6887,10.7009
1300,77.5548,2.39457,13.1818,44.5191,10.2981
1301,75.4186,2.23882,14.2099,40.3798,10.4932
1302,118.712,2.4774,13.6508,78.4604,11.8451
1303,68.1553,2.26448,11.7529,35.2272,10.4979
1304,79.8551,2.56519,13.5825,39.3,10.0998
1305,57.968,2.58502,9.59372,27.8548,10.7735
1306,108.029,3.0476,12.681,72.9806,10.9885
1307,66.1515,3.08114,9.21806,37.6058,9.59839
1308,74.2134,2.90381,19.4937,28.0607,10.2934
1309,52.4025,2.4214,9.6853,23.4463,10.3305
1310,74.7632,2.82565,19.3441,33.6627,10.5116
1311,68.0097,2.41731,17.8181,30.7604,10.3305
1312,100.052,2.51502,31.1891,47.4284,10.6545
1313,65.5551,2.96448,16.3787,27.6186,11.864
1314,84.8096,3.02427,14.8096,47.4226,11.6319
1315,68.7952,5.00788,12.6743,33.332,11.218
1316,85.4635,2.37123,14.7448,49.1067,12.2321
1317,76.8647,2.44327,17.6116,37.3424,11.5388
1318,73.5785,2.27877,12.2117,40.6044,11.7727
1319,78.7197,2.54856,17.3546,40.9844,11.4904
1320,72.1164,2.26594,10.8266,39.8691,11.7704
1321,71.6092,2.72969,10.2937,40.6402,11.5849
1322,73.5563,4.34405,11.9848,38.4052,12.3263
1323,72.2295,2.46952,9.92038,41.1781,12.375
1324,71.9239,3.04644,10.4509,37.2528,14.3516
1325,73.8527,2.42286,11.7375,39.676,13.0954
1326,79.6337,2.52086,9.51001,41.7771,18.9433
1327,63.9909,2.63461,9.53714,32.9038,12.1854
1328,80.5808,2.2779,14.4914,42.9321,12.5804
1329,97.1902,2.31873,11.1337,62.0642,14.2787
1330,100.136,2.25953,12.2167,68.2982,9.96588
1331,74.5658,2.39048,14.3732,39.5424,10.4684
1332,73.8264,2.29715,10.6723,41.405,13.1162
1333,106.962,2.43773,13.7648,69.963,13.0336
1334,66.1419,2.7574,13.4297,29.8673,14.1539
1335,65.8657,2.82623,11.2743,34.342,11.1133
1336,80.4959,2.64948,14.1971,45.7712,11.7999
1337,86.7859,2.79735,15.9937,47.0583,12.9129
1338,85.033,3.43727,16.4895,42.1989,14.2496
1339,90.6216,2.60048,17.786,50.2071,12.0985
1340,87.2188,2.42227,17.4424,45.446,13.9847
1341,73.6613,2.48994,10.0977,40.6808,13.81
1342,72.6458,2.38261,10.189,36.5966,13.8266
1343,51.6389,2.34061,9.67014,21.2288,12.4351
1344,160.586,3.99464,22.2447,114.733,11.6972
1345,112.581,2.4704,17.065,73.3417,12.2356
1346,85.2529,7.67865,21.4613,37.2986,12.4652
1347,64.0446,2.5649,10.7843,32.5229,12.3686
1348,67.8531,2.90206,11.3947,32.1922,14.2624
1349,96.2391,3.30893,20.0061,51.4601,12.6183
1350,63.8255,2.34994,9.62405,26.5852,18.2209
1351,91.0935,3.06393,14.1898,52.1517,14.3164
1352,72.2176,2.29102,9.87955,21.16,32.0321
1353,98.6797,3.39935,12.1175,52.6562,19.7127
1354,91.1863,4.66576,13.4466,55.7963,11.0331
1355,61.1813,2.04253,10.5136,31.3084,11.0439
1356,97.9544,2.33157,14.503,45.7245,14.3738
1357,74.1755,5.48767,17.7647,32.485,12.3596
1358,58.3629,1.91682,10.6049,26.9489,12.8443
1359,107.667,2.47477,17.2225,59.6258,16.7733
1360,95.3087,6.20749,21.7515,40.8007,12.1997
1361,64.7842,2.53194,9.84309,33.652,12.4888
1362,60.1663,2.43132,10.3238,27.6507,12.8892
1363,75.7695,2.62206,16.3449,38.2833,11.3761
1364,83.7698,2.46573,15.329,47.422,10.7216
1365,121.301,2.65298,14.6634,73.0652,19.8484
1366,129.743,2.48236,14.2087,95.1993,10.5938
1367,76.4138,2.6839,14.5074,39.842,11.6587
1368,102.402,5.63467,21.3251,54.6731,12.2531
1369,85.1552,2.04953,13.4734,47.8785,11.5954
1370,104.938,4.62813,21.0518,56.2603,12.2511
1371,75.1252,3.65251,10.7825,43.4682,11.1477
1372,95.152,2.8516,15.546,59.557,11.1261
1373,70.1179,2.89215,14.5908,33.3766,11.3597
1374,85.7777,3.12519,11.6978,53.4035,11.4096
1375,74.6544,2.57831,10.2459,43.6966,11.813
1376,61.0988,2.52698,11.4849,28.3273,12.1064
1377,87.3372,2.85919,14.909,48.4729,12.2887
1378,60.241,2.7364,11.0859,27.5845,12.4421
1379,76.2481,7.33886,12.4249,37.8085,12.2082
1380,82.9628,2.70373,14.2781,46.7179,12.2187
1381,74.5147,2.30736,15.9987,36.4834,12.0099
1382,83.5776,2.37998,11.3565,51.1682,12.074
1383,79.8822,2.73786,13.2547,45.2237,12.0408
1384,75.1307,3.20043,11.1428,42.7218,11.9912
1385,71.8005,2.73873,13.1057,37.6513,11.9273
1386,63.8016,2.57248,11.9025,27.4389,15.8149
1387,61.1163,4.43593,11.332,27.9759,11.267
1388,76.9828,2.61594,12.5789,44.0524,11.6896
1389,62.2444,2.40711,9.85272,31.7098,12.3707
1390,64.018,2.2429,9.69201,29.8834,15.887
1391,66.8717,2.42927,10.6997,34.3738,12.9499
1392,84.9464,2.65356,14.1877,46.2195,13.29
1393,76.3519,2.59931,14.0279,38.2086,13.2153
1394,67.1832,2.34848,10.1362,30.7715,16.1953
1395,78.9057,2.27498,13.1124,37.3193,17.6162
1396,99.9464,2.78394,21.871,50.2235,12.6428
1397,59.2123,2.60719,11.19,22.7312,15.7881
1398,70.2771,2.52319,12.7174,35.3349,12.2067
1399,73.293,2.49927,14.0544,36.2189,12.6157
1400,90.4096,2.27936,13.7418,52.17,14.4146
1401,76.3761,2.69352,9.75005,42.9657,12.6387
1402,99.4879,2.3234,13.6566,64.1942,11.0316
1403,58.5024,2.70577,8.92231,29.4911,11.3536
1404,73.7179,2.28811,10.5323,41.062,13.0943
1405,95.6397,2.55294,20.2144,51.9154,12.9035
1406,95.3664,2.56956,15.8543,56.6617,11.9195
1407,80.5697,2.40565,17.3432,40.0916,12.4138
1408,68.1249,2.4704,13.6829,32.2552,13.0389
1409,85.1118,2.7119,10.1756,52.9237,12.5293
1410,68.6184,2.48002,11.4875,35.9812,12.8152
1411,71.6602,2.41411,14.34,36.5251,12.1647
1412,89.863,2.50948,11.5097,57.2091,12.2802
1413,89.6612,2.65006,20.1642,48.0669,12.4993
1414,87.6519,5.35438,14.9102,48.2372,12.4605
1415,82.404,2.89273,15.4046,43.4918,12.5162
1416,124.578,2.79035,15.1205,83.598,12.5772
1417,64.6279,3.20539,10.0233,32.9412,12.3004
1418,92.6277,2.52873,11.052,59.4908,13.5023
1419,71.3785,2.4389,10.2135,39.324,12.6276
1420,92.5985,2.46631,10.6087,61.6841,11.934
1421,71.8017,2.26507,9.58876,42.6542,11.3711
1422,93.2478,2.45377,9.82968,62.5168,11.7465
1423,80.782,2.66844,14.5065,44.135,11.7001
1424,76.452,6.81853,12.2024,38.978,12.2482
1425,88.6015,2.94027,25.6061,40.0067,12.4488
1426,99.4786,2.9111,16.965,57.5804,13.8581
1427,91.963,2.40565,11.4216,55.5571,16.3017
1428,73.4026,2.28519,9.40764,43.001,12.3645
1429,81.5602,2.52757,9.9233,49.9653,12.6582
1430,80.1083,2.43365,16.2437,39.545,12.2123
1431,73.1436,2.42431,12.7259,37.5894,12.746
1432,63.2279,2.47477,12.9321,28.1232,12.5757
1433,63.7923,2.7259,10.4594,32.1793,12.2511
1434,70.6618,5.60667,12.1274,31.1431,15.2447
1435,69.562,2.05711,11.883,37.4567,10.9949
1436,111.228,5.20096,19.3779,53.4501,14.4523
1437,65.7668,2.23269,9.65555,36.4511,11.3877
1438,103.711,2.10815,15.2759,65.0088,11.7482
1439,95.9535,7.36599,21.2854,48.1433,12.2409
1440,113.629,2.04748,17.7667,73.2895,12.8499
1441,87.5603,2.8484,10.3955,56.2525,11.8238
1442,70.1826,2.22248,9.83522,35.7029,16.339
1443,74.5938,2.53194,9.42922,44.0632,11.9903
1444,69.1913,2.49577,11.563,33.9352,14.9717
1445,79.0347,2.25165,14.7083,42.4655,12.387
1446,73.4274,3.42327,9.40472,39.6716,13.733
1447,73.1057,2.55031,9.50651,43.3778,11.7019
1448,68.3915,2.38873,9.71097,36.4738,13.0782
1449,59.1571,2.59348,9.86176,26.54,11.6552
1450,62.1919,2.28578,9.84338,28.3364,14.7711
1451,72.9663,2.63052,11.9877,40.1747,12.1373
1452,76.4053,2.52202,11.2854,43.696,12.1402
1453,61.7133,2.77665,12.6361,27.6507,12.077
1454,63.0952,2.81019,13.6038,25.8686,14.4744
1455,78.785,3.08173,10.061,47.1869,12.1429
1456,83.1188,2.43394,14.2662,45.4825,13.1019
1457,92.182,2.7329,17.5217,51.118,12.7732
1458,75.2325,5.73908,17.359,33.5796,12.2449
1459,100.979,2.47506,15.0709,59.5908,16.0631
1460,149.969,5.13563,29.7206,91.7728,13.8363
1461,123.34,5.76183,15.5533,82.6752,11.3096
1462,112.805,2.33448,17.7618,74.7522,11.7739
1463,84.6932,1.96961,13.6426,45.3503,15.9202
1464,118.364,2.38261,11.6523,74.1297,22.9277
1465,68.463,2.14986,8.71085,40.5627,11.1544
1466,84.0081,2.07986,10.1429,53.883,11.1235
1467,95.4428,2.75535,14.5354,58.6919,11.6841
1468,91.6891,3.04702,17.5935,52.2829,11.451
1469,65.9468,2.80173,11.5575,33.4525,11.7439
1470,101.084,2.75011,17.9762,59.2715,13.031
1471,84.7271,2.48119,14.2994,42.5661,16.2997
1472,91.592,2.82623,12.578,56.657,12.9986
1473,94.072,2.73465,11.246,61.1813,12.5197
1474,107.244,2.81894,16.4379,68.3699,11.6389
1475,78.6456,9.07689,12.5664,39.0104,12.0665
1476,58.6636,2.85248,15.2304,22.6267,11.7173
1477,65.1654,3.07298,10.9689,32.5754,12.2896
1478,126.514,2.4389,15.9351,88.2037,12.0767
1479,84.0317,2.6734,14.6628,42.5678,15.9908
1480,83.3423,2.44473,12.3817,45.922,15.313
1481,60.1395,2.34352,10.5705,26.8783,12.6364
1482,90.2422,2.43569,9.96151,56.9084,14.097
1483,69.8819,2.77665,9.43126,37.8563,13.264
1484,57.9736,2.5159,10.4282,26.6056,11.7835
1485,89.8925,3.30835,14.9186,48.757,14.5444
1486,97.6744,2.7679,17.4299,53.6176,14.4088
1487,78.9154,3.03856,17.9097,36.932,11.832
1488,80.815,2.71306,10.6227,47.8551,12.73
1489,100.311,2.57861,12.8012,64.7163,12.0912
1490,78.6896,2.43307,10.534,43.2495,15.9934
1491,80.0765,2.37794,14.3802,43.2358,12.2205
1492,72.0257,2.25836,12.9397,38.8666,11.8926
1493,64.1784,2.44852,9.96384,33.8905,11.6465
1494,84.1642,2.46982,12.821,42.9266,11.379
1495,84.7317,2.56723,10.6064,53.1147,12.4246
1496,137.921,2.45932,14.0317,101.263,11.9772
1497,55.467,2.36248,9.71534,24.7568,10.7473
1498,91.7078,2.37357,19.7323,47.7294,13.3658
1499,90.6537,2.7641,10.6758,56.9586,13.5423
1500,85.6896,3.03973,21.8352,41.0165,13.5924
1501,93.2819,2.40244,14.7801,54.8962,12.6944
1502,85.7616,2.29948,10.4162,52.9491,12.7376
1503,81.3878,2.70431,15.1867,42.0729,12.8242
1504,76.342,2.22336,19.3665,34.5827,12.6728
1505,86.2411,2.48352,13.7759,50.5463,12.4316
1506,95.7972,2.46982,24.6798,47.2919,12.5527
1507,56.5208,3.74264,10.8797,23.0587,12.2274
1508,95.1474,2.93998,14.7282,56.0486,13.2153
1509,75.9871,2.82273,11.8795,44.9522,9.78097
1510,87.4544,2.90964,14.4715,50.3865,12.0119
1511,111.266,3.01173,13.9999,69.1784,16.2145
1512,93.2553,5.13504,20.4183,51.5479,9.14251
1513,82.4171,2.47244,17.4173,44.5372,10.1558
1514,96.7119,3.07589,20.7207,54.9823,11.0914
1515,69.1729,2.11982,9.42572,39.4418,11.5899
1516,97.5641,6.06633,17.1295,39.2852,23.7304
1517,72.0353,4.61938,10.131,36.0474,14.4785
1518,129.323,2.26857,15.4676,90.2462,12.2088
1519,61.8151,2.37211,11.6476,28.7412,12.7539
1520,74.6795,2.36773,10.3086,42.9138,12.9035
1521,80.5181,2.57452,10.369,49.1568,11.925
1522,103,2.63344,16.4114,63.8833,12.4695
1523,93.1051,2.93939,13.647,50.3051,11.5426
1524,92.5061,6.176,19.1906,43.871,12.5206
1525,107.736,2.58473,15.0032,64.8414,14.0973
1526,91.8507,4.98513,22.8035,44.725,11.577
1527,78.5689,2.22686,14.6614,42.8047,11.1687
1528,72.1692,2.7084,10.0321,41.6433,10.8117
1529,91.8624,3.75926,14.4948,51.2344,13.521
1530,78.5269,2.63811,11.4744,41.6211,13.9687
1531,81.6602,2.8236,14.9697,42.4853,13.0021
1532,94.9893,2.57102,15.3523,50.0864,12.5527
1533,78.7535,2.7644,14.0527,42.0831,11.4782
1534,95.9369,2.40944,21.0383,53.5076,10.7936
1535,97.6962,2.40798,10.9167,64.3415,13.0946
1536,76.4598,2.7014,17.7285,30.9412,17.8382
1537,61.2434,2.35315,12.8907,27.4395,12.2202
1538,69.893,2.48556,12.3004,32.6078,15.6137
1539,69.1889,2.46865,9.82239,36.293,13.9859
1540,88.5161,2.56315,19.6322,45.6557,12.1286
1541,63.9057,2.46223,10.2202,34.7472,10.1735
1542,66.627,2.6139,8.98123,36.5954,11.4744
1543,60.8094,2.62615,9.22622,25.1316,17.5567
1544,59.1035,2.49752,10.3287,27.1823,12.5354
1545,81.4389,2.52552,9.78739,48.3247,10.8528
1546,64.7265,2.49782,9.71068,33.0196,12.8589
1547,69.9164,2.96098,11.1503,37.4448,11.4117
1548,68.4009,7.99715,10.8905,29.8355,11.9358
1549,87.495,3.11935,14.7626,49.0606,11.9291
1550,88.8168,3.71318,19.9274,43.0669,11.7789
1551,91.1172,2.6664,12.4293,50.5291,16.7471
1552,62.6854,2.30444,8.71464,28.8307,11.603
1553,49.2484,2.64715,8.97218,22.0248,9.40647
1554,87.5279,4.48142,14.6809,49.7408,10.231
1555,90.0771,4.07339,16.2413,52.1315,9.86059
1556,62.1957,2.64656,9.2306,32.2957,11.4405
1557,63.4913,2.92744,11.7558,30.523,11.8366
1558,73.251,3.09631,11.9542,40.2348,11.2883
1559,78.6922,2.46865,10.7843,46.5196,11.4338
1560,93.6313,2.32165,10.3293,62.9062,11.2976
1561,79.9759,2.80552,14.3569,42.3844,12.3709
1562,67.4095,4.13639,19.3446,26.3694,11.2547
1563,112.515,4.97084,26.813,53.0436,17.7644
1564,67.6478,4.92505,15.0607,17.686,19.1679
1565,53.5901,2.40682,8.99639,24.1201,11.9775
1566,85.9836,3.31623,15.6029,44.1551,13.9678
1567,131.313,5.52967,19.9624,86.3671,11.5126
1568,77.0429,2.69731,13.6181,42.7749,11.8436
1569,117.761,5.15692,17.9543,70.3413,16.4047
1570,71.4709,1.97836,8.22202,42.0534,13.6414
1571,93.0101,2.20644,14.1761,59.186,10.4684
1572,90.1345,7.21695,12.7854,56.1827,8.36844
1573,80.0039,2.21607,8.6846,55.1313,7.70782
1574,66.218,2.9986,13.9935,34.191,8.85202
1575,78.2329,5.12484,15.3313,44.3948,8.13365
1576,79.7673,1.97924,8.35619,54.6486,8.88498
1577,91.6608,2.58152,13.521,54.0944,12.1055
1578,100.334,8.99202,23.1188,39.6273,19.8956
1579,76.4243,2.4704,10.8703,39.0303,16.6835
1580,107.13,4.99125,23.0459,48.9016,20.3579
1581,82.0204,2.12973,12.1379,48.8725,10.9902
1582,86.6792,2.77315,10.7134,51.4187,14.4001
1583,84.5515,5.63379,19.7384,41.6809,11.059
1584,86.8679,4.07689,17.6302,43.8019,12.9659
1585,70.9757,4.1428,15.3118,31.4088,12.8615
1586,91.2277,2.89448,14.4561,53.8022,12.8388
1587,67.1692,3.12023,11.8025,33.227,12.3978
1588,68.3201,2.52231,12.198,33.2477,13.0485
1589,65.4577,2.9149,13.1001,31.0465,11.4219
1590,73.9553,2.38669,11.4531,42.0338,11.5718
1591,63.7281,2.70519,10.1114,31.5916,12.5766
1592,99.3392,2.81135,13.6196,63.7369,10.9701
1593,89.1475,2.5929,12.5914,52.6857,12.8513
1594,90.0214,2.99277,21.5791,46.1976,11.1267
1595,61.9988,2.82798,13.5971,27.6723,10.9336
1596,97.0347,2.65998,14.2318,60.2066,11.8576
1597,70.341,2.97556,11.1877,38.229,11.5662
1598,79.8945,2.86181,12.8913,46.0319,11.4939
1599,55.7342,2.97556,11.372,22.0043,12.6947
1600,80.9322,2.62119,13.3235,46.2834,12.3144
1601,74.7921,2.53661,11.8917,42.6469,11.1308
1602,76.4855,2.4774,14.384,40.4326,12.5115
1603,105.88,2.73931,15.4702,68.5677,11.1413
1604,62.306,2.42606,12.0682,28.7981,12.2315
1605,84.83,3.87651,22.728,38.484,11.7112
1606,74.2496,2.99131,20.7764,33.1194,10.7201
1607,82.5457,2.47011,13.4186,48.0859,11.892
1608,65.2293,3.15377,12.4576,30.3532,12.5451
1609,69.3829,2.86881,13.9789,34.2983,11.5849
1610,93.0182,2.57423,17.4001,52.2158,12.2193
1611,78.8824,2.65531,22.6162,32.5366,12.6798
1612,64.3371,2.2219,13.3425,26.1576,16.2804
1613,86.9548,2.57686,16.2871,46.8124,12.8041
1614,80.9865,2.31436,13.6639,45.5215,12.5474
1615,81.9116,2.25515,13.7441,47.3229,11.9725
1616,99.0848,5.18404,17.5684,55.1803,13.7689
1617,67.4952,2.00023,9.89559,33.491,14.739
1618,127.687,3.95118,35.0452,63.8529,13.8223
1619,72.8732,2.26623,11.654,41.2711,11.2224
1620,113.973,2.41673,13.2719,74.4599,13.2325
1621,78.9685,4.85563,15.4369,38.9465,11.4607
1622,70.3037,2.17203,11.5756,32.7714,16.8016
1623,77.0712,2.51036,13.5729,40.0292,12.7965
1624,76.5027,2.43102,17.0358,31.846,18.5502
1625,61.223,2.25223,9.41843,31.2521,11.7652
1626,116.515,2.17407,15.6329,72.8517,17.8105
1627,100.095,2.56256,13.3976,66.5508,9.70397
1628,135.752,2.33011,15.2899,85.3877,20.7511
1629,102.018,2.77285,14.3344,66.638,10.3095
1630,68.4198,2.59669,12.9659,34.2534,12.1376
1631,84.3718,4.87634,13.7706,43.6222,13.7193
1632,107.884,5.86304,24.4272,56.4429,12.0262
1633,57.2998,2.51123,10.065,26.5785,11.458
1634,88.3058,2.38611,12.1402,47.2998,15.908
1635,95.7998,2.88602,18.3329,50.4938,13.7549
1636,70.5041,2.39836,11.587,27.4293,22.24
1637,94.0315,5.59879,14.3601,48.7284,16.5257
1638,71.1055,1.99819,10.2701,40.8406,11.6599
1639,62.5854,2.09823,10.9147,29.3161,13.4195
1640,123.066,4.86205,18.278,78.4866,11.972
1641,103.871,4.53976,15.418,62.8692,11.7894
1642,88.4685,2.40477,16.9597,45.1785,13.7928
1643,90.1325,2.35607,16.5418,50.7511,12.3523
1644,80.5729,2.31348,10.9765,38.1547,21.4604
1645,73.297,2.33215,9.71389,41.2942,13.5618
1646,66.7973,2.42723,10.9482,28.5557,17.9158
1647,91.3417,2.27061,13.8077,53.6222,13.0193
1648,98.9265,2.55615,15.2821,59.7915,11.7646
1649,79.4999,2.56344,14.1026,43.7608,10.9406
1650,69.31,2.37532,9.91193,39.0749,11.6109
1651,85.8544,2.48119,16.0287,47.4515,11.526
1652,93.9431,2.38523,17.9834,53.5102,12.0606
1653,80.4408,4.03343,23.6837,34.4374,11.8092
1654,104.405,6.44958,19.9863,56.3496,13.3894
1655,85.8351,1.87365,14.7725,46.8533,12.0688
1656,109.227,4.90434,16.5951,68.3236,11.1635
1657,62.9389,2.21898,11.3682,30.8963,11.5289
1658,98.3178,2.27702,11.5135,62.3243,13.8004
1659,112.478,7.3272,19.9461,55.7508,19.839
1660,94.2362,2.54448,16.9402,54.0647,12.3634
1661,75.4262,2.58502,11.1687,43.2317,12.0586
1662,72.3179,2.9149,9.88918,34.268,18.7476
1663,66.1699,2.44182,11.0999,32.4203,12.9508
1664,79.2753,2.54623,13.033,38.6184,18.2664
1665,87.0292,2.41323,9.82414,53.5213,14.3747
1666,88.2189,2.45494,10.2225,57.4909,11.64
1667,77.7085,2.37852,9.76551,48.0214,11.185
1668,73.8856,2.17873,9.82501,44.3534,11.3481
1669,83.4047,2.50423,13.0896,46.4904,11.7354
1670,68.8713,2.54536,13.1514,34.1317,12.1192
1671,85.3448,2.64686,11.4831,52.2742,12.4552
1672,80.5006,2.29744,10.2281,49.4631,11.8775
1673,57.9712,2.40244,10.9144,22.6909,14.7766
1674,98.6097,2.59931,16.9667,58.2833,12.1916
1675,85.8065,2.37386,13.4557,48.974,12.5107
1676,97.7744,2.29744,13.3927,63.1287,12.2132
1677,84.2557,2.25194,11.8066,51.9314,11.183
1678,78.3772,4.62638,13.7482,38.3384,14.2356
1679,87.7324,2.74515,10.4463,44.9898,15.2386
1680,114.817,2.38465,11.1465,78.444,14.4053
1681,83.1535,1.88532,12.9826,48.7045,11.526
1682,76.4036,2.57744,16.8579,38.796,11.6441
1683,87.8835,2.51473,14.1484,52.4646,10.7648
1684,86.1577,2.54798,15.8126,47.8376,11.6094
1685,72.2071,2.41936,12.7522,38.2804,12.2677
1686,75.9897,2.48556,17.0175,36.4067,11.9854
1687,76.6334,2.52261,15.3544,39.4724,11.5808
1688,96.9901,5.79946,15.3704,49.3721,11.3236
1689,62.7752,2.55673,11.6266,30.7333,11.3772
1690,64.1939,2.47886,9.5628,32.0434,12.2467
1691,61.582,2.81165,10.4113,30.3716,11.8378
1692,73.4122,3.50143,12.7877,39.5144,11.0771
1693,64.4301,2.52173,11.8871,30.061,12.506
1694,94.1067,2.36044,13.7295,57.9602,11.8664
1695,79.6737,4.60976,14.4552,41.0217,11.6616
1696,90.9856,2.8939,11.5263,58.4534,11.0313
1697,67.1336,3.28239,11.5919,33.8844,11.752
1698,73.0795,3.02894,16.8839,34.5841,12.2429
1699,81.8218,2.48119,15.8686,42.9625,11.953
1700,84.1627,7.00899,18.5691,37.9435,11.5595
1701,59.5964,2.81865,8.83802,29.5969,11.8705
1702,87.8776,3.13423,22.1143,45.5087,10.0061
1703,76.9268,3.9506,14.0361,40.5694,9.64739
1704,98.421,7.79269,15.0686,54.6282,12.5842
1705,73.6304,2.08015,11.1387,43.6228,10.0455
1706,120.974,4.86175,21.986,73.162,11.6362
1707,92.1494,2.0119,14.1624,54.4053,13.0345
1708,72.8636,2.34761,23.5052,28.8742,11.6616
1709,79.0105,2.84577,13.8605,42.5737,12.245
1710,66.1833,2.48119,11.3781,31.5549,13.824
1711,67.9138,2.43423,16.2195,31.027,11.5286
1712,96.5853,2.19828,14.0649,59.6241,11.9892
1713,84.2695,2.95835,16.6675,43.5817,12.4509
1714,65.129,2.80319,12.7749,29.0034,13.8605
1715,68.1987,2.63198,13.8159,33.3807,11.5855
1716,82.6286,2.16823,15.3911,46.1889,10.9788
1717,80.1415,3.71406,17.7192,40.7397,11.0337
1718,105.666,8.11265,13.8485,62.5728,12.5944
1719,84.098,2.38902,12.396,43.8652,14.9134
1720,60.6665,2.33886,10.3127,27.7402,12.4261
1721,56.0515,2.45406,9.6363,25.5023,11.8468
1722,84.8373,2.47623,17.2175,45.8753,11.2197
1723,91.9213,2.92219,16.1288,48.1932,11.4423
1724,103.491,2.40798,17.5416,61.1031,13.558
1725,83.3198,2.67369,10.1797,50.1348,12.5973
1726,99.7189,2.50015,12.8621,65.6021,12.1907
1727,96.529,2.50394,12.6194,62.1234,12.2552
1728,71.6497,2.32573,11.36,36.8002,14.6176
1729,64.8991,2.61915,11.5817,32.641,11.2801
1730,80.5851,3.39352,13.9754,44.9408,10.7799
1731,64.8688,2.94931,12.7014,33.4253,9.14514
1732,91.0124,2.43919,17.1528,52.0154,10.3039
1733,74.7673,2.42898,20.1593,34.256,11.363
1734,71.2603,2.23415,11.7932,38.1978,11.9127
1735,88.7208,2.49811,13.5811,53.3189,11.5587
1736,89.1531,2.54448,20.6927,45.371,12.0726
1737,84.0332,5.43925,19.5517,40.7257,12.044
1738,60.0193,3.28239,10.5568,26.9626,12.1219
1739,109.515,3.28618,17.3532,61.1568,12.5255
1740,76.4806,4.8638,11.6001,35.8841,16.0494
1741,71.7865,2.24698,11.2556,36.9195,12.3514
1742,98.5418,4.83988,17.0379,46.818,17.1857
1743,88.3872,2.28227,14.4666,50.259,12.3123
1744,86.6979,2.31319,10.6528,54.0985,12.7151
1745,69.3768,2.28927,12.1761,36.6156,11.5797
1746,94.0198,2.3969,13.1707,58.1515,11.846
1747,88.9136,4.23818,15.6496,49.1997,11.4764
1748,125.257,2.97644,19.9277,79.3593,14.2332
1749,67.8307,2.73377,10.4325,20.7837,16.4613
1750,62.5571,2.67456,11.4992,27.9907,13.2664
1751,72.6644,2.64685,16.5633,34.2458,11.1748
1752,64.0556,2.54682,11.1798,30.4244,12.8869
1753,81.3432,3.07619,13.1707,42.2397,13.5012
1754,70.4889,2.37152,10.3036,37.3643,12.4447
1755,68.43,2.47682,10.6148,34.5162,12.6994
1756,73.4642,5.46842,14.2796,33.6356,12.9546
1757,60.9681,2.36832,11.1629,28.4382,12.1682
1758,89.7793,2.93852,16.5703,44.8953,16.4204
1759,69.8709,2.30736,13.9844,32.4203,11.9378
1760,78.5067,2.58998,14.9481,38.3959,14.1536
1761,61.2618,2.48411,9.82151,30.1919,11.5852
1762,101.382,2.48644,15.39,63.2425,11.1827
1763,92.2587,2.60456,15.6382,48.9824,12.4094
1764,67.0067,2.31232,10.4177,33.6242,13.3728
1765,94.7399,3.26956,16.2784,46.4018,17.9718
1766,105.303,2.93035,17.081,64.6891,12.3905
1767,70.6642,4.56367,12.7828,34.7638,11.4898
1768,76.5823,2.29365,11.4402,42.9701,12.6168
1769,65.5612,2.33711,11.615,32.0851,12.674
1770,75.7351,2.49548,10.261,44.0125,12.5541
1771,88.4099,2.35373,9.92418,57.7478,11.402
1772,76.5479,2.44677,14.3712,41.33,11.5625
1773,90.374,2.34994,12.6264,57.1925,11.6742
1774,77.2791,2.75506,15.047,40.6257,11.8722
1775,76.8253,2.81923,16.1646,37.121,11.8807
1776,86.9965,2.71073,11.0442,55.0225,11.7351
1777,63.4697,2.7851,11.2752,31.1011,11.3694
1778,69.4727,3.39527,10.6192,36.7089,11.1051
1779,63.8241,2.98898,12.5961,30.0202,11.8882
1780,72.9622,2.7259,12.6997,39.1609,11.7943
1781,79.5582,2.46865,15.3063,41.6713,11.4146
1782,69.9318,2.64015,10.2144,36.2629,13.8751
1783,90.6146,2.56198,14.6296,53.3113,11.857
1784,91.7854,2.26828,9.66022,61.7632,11.7456
1785,93.0404,2.49082,16.0004,55.2701,11.4236
1786,131.178,2.68973,21.979,83.0098,12.7694
1787,91.7982,2.48381,16.792,50.413,12.989
1788,88.0696,2.33332,14.6503,47.2619,13.7925
1789,77.1033,4.65642,13.2378,38.694,12.8481
1790,76.1594,3.8771,13.2947,35.9733,16.0141
1791,74.6883,4.24168,12.2566,40.2471,11.1853
1792,78.3323,14.053,11.3192,33.3982,12.4873
1793,70.8144,6.86841,11.8334,34.4613,10.9619
1794,70.6061,2.18311,11.5607,34.6757,15.7245
1795,90.7459,2.41936,14.0343,53.3749,12.4363
1796,67.9129,3.59827,12.7629,32.3497,12.1227
1797,89.0256,2.36219,14.9084,51.3849,11.8818
1798,84.8198,2.2779,19.0291,41.7833,12.4535
1799,91.1297,2.31436,16.5248,47.3167,12.5077
1800,93.8772,2.57802,15.4241,50.0508,16.8667
1801,88.3411,2.39077,13.6184,44.4829,18.0438
1802,61.9358,2.62615,13.2194,24.0445,15.0172
1803,67.7977,2.57831,9.89909,34.258,13.2034
1804,84.3992,2.70781,15.5396,41.2452,16.8296
1805,91.1664,2.43307,13.5647,46.1865,11.223
1806,88.2171,2.25369,17.4235,48.0961,11.9612
1807,86.2959,2.55673,13.9745,50.2736,10.7674
1808,97.6732,2.17086,15.3827,58.815,11.9886
1809,84.5296,2.58036,12.3561,50.8514,12.1181
1810,64.8186,2.7749,13.472,28.8541,12.6579
1811,68.3968,2.49256,12.1822,35.0484,11.7786
1812,96.7267,4.6608,17.4687,52.6309,12.7145
1813,85.2824,2.51298,15.2021,46.0279,12.4544
1814,67.3132,2.28169,18.5516,27.3634,12.4205
1815,77.0198,2.71773,12.7215,40.5592,11.657
1816,59.7174,2.32748,12.0347,27.2385,11.6397
1817,80.6601,3.34306,16.3592,41.5091,11.2416
1818,74.1061,2.69061,12.9741,38.9323,12.5352
1819,93.2513,3.08989,16.365,50.7945,14.349
1820,67.8843,3.02106,10.5405,29.3528,14.8276
1821,59.9099,2.39194,10.4098,27.7388,11.9562
1822,78.2518,2.48352,15.539,39.41,12.2721
1823,79.6454,2.73377,13.2687,40.5145,11.6887
1824,88.808,5.16625,22.9018,40.4991,13.3451
1825,83.9542,2.17319,13.4466,38.3539,21.5044
1826,93.2271,2.30678,13.6511,49.6955,18.0144
1827,127.211,2.78802,34.1443,69.5284,13.4428
1828,66.2122,2.62381,14.5788,28.6298,11.9792
1829,51.097,2.27703,9.90638,20.7616,11.2938
1830,67.8765,2.73027,11.7485,34.3283,12.3377
1831,64.1872,2.6594,9.99913,32.7119,12.021
1832,90.0479,2.49286,10.7225,57.0017,12.7822
1833,88.0293,2.83702,20.3346,43.2909,12.4325
1834,64.7734,2.72036,12.5401,30.0776,12.4937
1835,90.4665,2.3444,16.6453,50.3845,12.3613
1836,94.4515,3.36668,15.0484,53.1602,13.3629
1837,88.1573,2.28869,13.4819,48.0153,15.649
1838,87.1435,2.79794,16.4219,43.6992,14.011
1839,64.0425,2.38611,10.0808,31.6161,12.8073
1840,59.1959,2.52173,10.5591,25.2453,13.9722
1841,53.5336,2.58531,9.77601,24.2697,10.282
1842,99.1035,2.76469,15.8639,58.5041,12.4733
1843,86.3616,2.78656,14.5354,42.9438,17.1633
1844,86.767,2.44036,16.4006,47.0423,12.0329
1845,69.3981,2.47827,10.2272,34.7267,14.5692
1846,99.8449,2.41557,16.0398,60.8018,11.8168
1847,94.4019,2.60748,13.0911,58.0666,11.9294
1848,84.8181,2.81748,23.1208,38.8331,11.5948
1849,62.4156,2.6629,12.5346,27.9181,12.189
1850,72.7297,2.65531,12.7726,39.1478,11.6071
1851,82.6038,2.43831,13.3696,46.6234,11.47
1852,70.8252,2.32982,10.2395,38.8754,12.6224
1853,80.803,2.45173,11.4665,48.8678,11.4225
1854,80.5166,2.36423,15.7659,43.3174,10.7128
1855,70.0208,2.62935,11.0973,38.1477,11.6319
1856,92.8928,2.43948,15.3028,54.5494,11.9895
1857,72.2217,3.62364,16.0343,32.1376,11.7412
1858,84.3397,2.68915,16.7669,44.4132,12.3604
1859,87.1712,3.01027,12.9438,49.3651,15.0516
1860,103.202,2.53486,12.5804,69.8353,10.8304
1861,89.1152,2.94406,11.5277,58.3151,9.20172
1862,98.0745,2.46952,11.8492,68.6835,7.9989
1863,72.282,2.6979,13.5359,39.611,8.83773
1864,98.5435,2.96564,13.9346,62.1899,10.8374
1865,90.3265,2.85715,17.0008,49.8991,12.116
1866,97.5037,2.82273,13.2095,55.7858,12.6157
1867,66.8233,2.37648,11.8667,33.6916,11.7795
1868,64.018,2.88981,11.769,28.9856,13.3819
1869,86.034,2.83965,15.2637,46.9606,11.7792
1870,83.5178,2.82944,13.8981,44.856,13.5181
1871,59.2674,2.53836,10.8324,27.1744,11.9743
1872,77.2622,3.10885,11.9574,43.0593,12.2181
1873,57.8169,3.03331,10.5171,25.7318,11.8856
1874,84.7568,2.85423,23.2095,39.1959,11.1197
1875,77.6843,2.83119,21.5587,33.1293,11.7482
1876,86.0483,2.70606,11.3052,54.3534,10.6414
1877,104.671,2.39048,13.5569,62.1534,15.1458
1878,99.1805,1.96203,13.3107,65.9141,10.2188
1879,112.117,2.48265,12.1388,73.6558,13.4005
1880,79.2065,5.72333,20.8718,30.1701,13.8698
1881,82.8756,2.69615,12.3712,46.2863,12.625
1882,83.2988,2.31232,13.7566,45.9512,11.4621
1883,73.3892,2.45465,12.9805,35.1637,13.6642
1884,66.5418,2.55294,9.47093,34.2292,13.1576
1885,64.5486,2.45261,12.0422,31.5073,10.5863
1886,70.0275,2.45494,9.76143,39.9954,10.8572
1887,59.0096,2.33886,11.846,26.9186,11.3402
1888,84.1767,2.33215,16.7345,41.0538,12.0571
1889,64.9922,2.47827,11.5336,32.7845,11.6015
1890,88.6056,2.19011,18.8337,47.483,11.4971
1891,64.1977,2.70198,14.4849,27.9587,11.3446
1892,81.9428,2.33244,14.1769,45.7525,11.6861
1893,67.8686,2.74165,13.6304,34.1778,10.9322
1894,73.5053,2.33332,10.6665,41.3222,12.5602
1895,93.1425,2.47098,14.711,55.5256,12.6282
1896,97.2036,2.33069,13.4521,62.7601,12.1729
1897,66.5893,2.50131,12.7402,33.0013,11.6243
1898,70.3606,2.34002,16.3974,31.7766,12.0831
1899,67.5276,3.11556,11.9813,34.4899,11.6704
1900,68.0051,2.40127,10.9715,32.1977,14.3123
1901,64.0781,2.49315,9.93847,33.0045,12.1752
1902,80.5,2.43161,13.5916,45.3967,10.9403
1903,81.6535,2.32282,16.0646,43.7021,11.15
1904,85.5872,2.26127,13.9976,45.5422,11.3568
1905,78.0873,2.33419,14.0267,42.9508,10.4162
1906,72.6848,2.44532,9.94722,38.7529,15.0406
1907,77.9914,2.51094,12.7271,44.7145,9.99359
1908,81.9423,2.51794,13.7164,46.8988,10.7207
1909,88.4858,2.58415,13.1092,53.1707,11.1372
1910,81.6159,2.70402,17.0373,41.4484,13.255
1911,86.5771,3.76481,17.2403,43.1547,12.4348
1912,95.8027,2.71102,14.7218,55.4355,12.3275
1913,61.8903,2.29627,10.5352,30.8905,11.7958
1914,79.2044,2.71481,19.4946,37.5151,11.1769
1915,80.9491,2.93444,15.0233,41.9769,12.8
1916,85.5604,3.40022,13.6082,46.2411,13.2602
1917,63.7302,2.34061,9.99388,32.756,11.561
1918,69.4654,5.19367,15.4372,28.9655,12.8149
1919,57.8257,2.0539,11.7322,26.2469,11.1258
1920,94.6273,2.34207,14.6127,57.5089,11.594
1921,55.5869,2.77373,12.0688,23.2477,11.1034
1922,67.518,2.3059,13.1964,33.8544,11.3204
1923,56.5047,2.50744,8.92406,27.2053,11.6537
1924,70.1689,3.40577,11.8985,33.2031,15.3564
1925,81.7238,3.05548,15.3433,42.5932,11.9559
1926,75.0867,2.32981,10.4565,35.978,19.0941
1927,57.9403,2.48527,9.33443,27.3645,12.06
1928,79.1394,2.46748,11.4268,43.2422,15.1059
1929,72.9211,2.82069,9.18831,36.307,11.8419
1930,83.9962,2.65648,9.34114,53.8214,11.5056
1931,103.307,2.68244,14.9606,66.2178,11.5021
1932,93.6704,2.53748,17.0918,53.3632,11.8022
1933,91.186,2.51211,13.6785,54.7699,12.3208
1934,86.8819,3.14327,20.6017,43.8208,10.4576
1935,89.3707,3.00385,19.0084,46.6631,12.4077
1936,96.6212,3.18789,16.9632,54.8032,12.2345
1937,76.6118,2.83352,13.6341,38.1576,13.0972
1938,87.9456,2.30911,17.3578,46.5193,13.7161
1939,80.1322,2.64977,12.9867,45.4962,10.5725
1940,97.8409,2.45581,20.9567,54.8717,11.0544
1941,97.6501,2.5404,22.5486,52.6863,11.7745
1942,77.8908,5.5845,13.6015,35.8406,16.6255
1943,126.063,3.72864,23.5712,66.4047,17.6486
1944,83.1827,2.1169,16.2524,44.6652,11.7197
1945,70.1739,2.18632,14.7848,31.6298,12.4514
1946,121.429,3.14035,16.8605,79.4637,12.751
1947,88.7007,4.22068,17.3914,46.7387,12.1586
1948,70.1439,2.8414,13.2252,33.5233,13.6032
1949,78.6456,3.9226,14.2945,42.0927,10.4034
1950,75.9818,6.56828,15.5072,35.889,10.992
1951,66.8825,2.11194,10.0298,35.7823,11.79
1952,65.5181,2.75827,12.5661,33.1547,10.2826
1953,66.3295,3.54868,13.334,32.2071,10.8359
1954,81.5056,2.98723,16.3417,42.1788,11.3437
1955,92.6236,2.74515,15.4544,53.848,12.3313
1956,89.9178,2.6594,18.2343,44.2169,11.4986
1957,90.5563,2.54448,9.93613,46.3099,24.9755
1958,91.0708,2.6524,12.0303,56.6911,13.7254
1959,100.232,3.50027,20.385,53.6161,12.207
1960,85.8331,2.45377,13.0176,44.0049,18.7934
1961,76.8381,2.85131,13.6791,40.4932,11.8897
1962,88.099,2.38348,14.7183,51.1186,11.4052
1963,59.3208,7.63782,12.1087,21.6715,11.3142
1964,88.0456,2.47973,13.9678,50.3935,11.9967
1965,99.3179,2.48994,18.9448,57.5859,12.1114
1966,66.6515,2.91664,11.5362,27.7778,17.8872
1967,81.538,2.57656,16.6004,41.3729,12.4345
1968,75.2445,2.84694,12.7081,42.6626,10.9348
1969,77.5603,3.33052,16.3166,38.7371,11.2008
1970,85.8267,4.4263,16.7882,42.5468,11.349
1971,79.6089,4.00747,14.0778,39.7157,12.4342
1972,64.2216,5.24209,11.204,28.7135,12.5264
1973,82.1167,2.18486,11.9002,43.5575,15.5017
1974,119.467,3.08698,19.5097,57.2289,19.1034
1975,82.8135,2.08744,13.325,47.0776,11.9148
1976,73.8098,2.55294,10.828,37.3727,14.3738
1977,96.7824,5.35059,27.1831,46.0375,11.5248
1978,74.9496,2.02678,18.9471,33.6312,11.3743
1979,74.7904,2.97323,16.3525,36.8626,10.2123
1980,73.8159,3.2296,14.3257,39.065,10.4664
1981,69.856,2.61361,14.4348,33.1258,11.2276
1982,93.3309,3.4676,25.9695,46.3624,10.2584
1983,74.7644,2.93123,13.9914,39.8735,9.83201
1984,70.5697,4.0413,13.5688,35.0479,10.511
1985,58.3626,3.55072,12.5445,24.7244,10.852
1986,81.7958,2.61506,15.4894,43.8284,11.0074
1987,93.6007,2.73348,16.769,52.7102,12.2237
1988,91.0259,2.94348,12.242,54.5553,12.7889
1989,121.335,2.5999,17.1175,70.0333,19.2099
1990,88.9002,2.05186,14.7821,52.6816,12.3534
1991,82.3001,2.52377,14.5535,40.6834,13.7114
1992,99.7414,5.00963,15.7181,57.0802,12.8478
1993,59.4185,2.0959,8.93018,30.7799,10.7942
1994,93.9472,2.46019,27.7662,42.1175,11.3367
1995,66.8938,2.7784,14.6859,29.5663,12.0408
1996,63.5473,3.08231,10.6353,28.1016,14.8574
1997,82.7169,2.77869,16.7515,42.3896,11.5234
1998,82.0761,8.65602,22.4765,30.4833,11.5767
1999,74.5731,6.03162,14.4161,34.4497,11.5003
2000,57.4719,2.28548,10.7254,21.0617,16.5359
2001,91.8384,2.8166,15.7035,52.6297,11.6214
2002,79.7872,3.11293,19.585,36.832,11.3487
2003,77.1636,3.34685,13.2007,40.222,11.5397
2004,60.4778,3.28093,10.4031,24.7486,14.8828
2005,69.5077,2.9286,19.3207,29.795,11.0337
2006,122.181,4.33209,25.1715,58.9903,23.8547
2007,76.0174,2.63606,11.9702,40.2517,13.4478
2008,69.2318,3.16223,11.5368,29.4202,16.9057
2009,73.0786,2.76381,11.8395,33.1098,12.5264
2010,82.1966,2.44852,17.2934,41.0737,12.0565
2011,74.3634,2.58094,13.6677,34.893,12.9896
2012,84.4713,2.85073,15.4891,42.8161,13.5347
2013,61.137,2.84694,12.179,25.2896,14.1454
2014,73.1077,3.31943,15.5355,33.778,13.5026
2015,66.0069,2.71948,12.7355,29.1186,12.4535
2016,76.7343,2.73931,14.3123,38.0033,11.967
2017,53.4108,2.75419,10.2135,20.7233,12.7414
2018,80.5195,2.40536,16.4012,40.7315,12.1003
2019,87.9812,2.71248,16.3895,48.4373,12.1566
2020,74.9764,5.18609,14.6427,33.4913,14.1568
2021,64.8711,2.21607,10.068,33.4472,11.748
2022,60.7339,3.06919,10.7735,22.8933,15.4786
2023,86.5663,2.40565,14.0623,49.1717,11.6056
2024,63.7713,2.78511,11.5362,28.0234,13.6627
2025,60.2118,2.7609,11.5864,27.3351,11.4828
2026,104.613,2.8971,29.0845,52.2062,11.4487
2027,72.8321,3.22698,12.655,38.026,11.3218
2028,103.706,5.56525,21.6476,51.7617,14.6518
2029,80.8494,2.34061,12.9298,42.7539,12.557
2030,112.442,5.26338,18.6616,62.6732,11.6351
2031,74.0288,2.12361,14.8224,37.1487,10.845
2032,65.8751,2.47827,11.2935,33.2258,12.0574
2033,65.0397,3.01202,10.2476,33.694,11.3737
2034,87.9371,2.41994,14.524,50.7665,11.5925
2035,58.2349,2.61652,9.39801,28.2165,11.227
2036,62.7825,2.48761,10.5425,26.8538,15.5034
2037,66.3481,2.62936,9.29768,30.1024,11.0077
2038,82.5588,2.49869,13.5773,42.7784,12.5634
2039,58.0859,2.71627,10.9109,26.1191,11.1156
2040,69.6054,2.79298,9.88247,37.5037,12.2178
2041,64.5944,3.33168,10.3264,31.7206,11.3956
2042,62.1467,2.55644,13.647,25.4317,13.7135
2043,61.6007,2.89069,14.3595,27.3155,10.5938
2044,90.3845,2.55381,14.3496,51.8063,11.8967
2045,65.4247,2.48907,10.5699,33.5429,11.9755
2046,82.3862,2.52465,11.9028,50.4372,9.44118
2047,61.6768,2.47594,10.4022,31.6109,10.245
2048,80.3299,2.50015,19.4479,36.9673,12.6909
2049,74.4961,2.48556,15.1505,38.4679,10.1683
2050,77.1992,2.24319,15.3754,40.1698,11.2384
2051,94.7968,2.37415,13.0698,59.2263,11.1996
2052,76.9577,2.60486,11.227,44.8994,11.3717
2053,61.0282,2.39661,9.14631,31.1617,11.225
2054,62.2782,2.09153,9.85359,21.2521,22.1222
2055,74.0988,2.51881,9.50476,40.7843,13.8611
2056,65.2865,2.25603,10.7079,27.9345,16.1218
2057,71.5491,2.23882,13.024,34.0577,12.7358
2058,72.6994,2.58181,10.5005,40.9634,11.7552
2059,119.324,2.5124,15.7825,53.7415,37.2006
2060,90.887,3.1771,17.0557,50.2135,11.9238
2061,77.5597,2.18427,13.346,37.2199,10.8167
2062,100.264,10.9077,25.9928,43.768,11.3154
2063,70.9372,2.46456,14.4613,35.4119,10.6204
2064,104.461,6.34487,20.2914,47.8324,15.7916
2065,103.212,1.99469,13.3722,67.4553,12.2021
2066,102.865,2.49402,14.1358,61.398,14.4111
2067,84.4191,8.72106,15.8642,39.3665,11.2145
2068,81.4167,2.39165,14.6955,42.0324,12.485
2069,69.8767,2.3269,9.91834,37.3115,11.708
2070,54.989,2.47827,12.1426,21.4225,11.8372
2071,81.3709,2.44211,12.7635,47.8557,11.617
2072,93.1667,4.69551,22.504,42.7557,13.6114
2073,63.33,2.44502,13.5866,28.1797,12.6431
2074,78.0348,2.44852,14.2315,31.5616,18.3352
2075,77.751,3.16543,14.5643,35.8826,13.4125
2076,74.3908,2.35023,17.175,35.5107,12.6273
2077,76.4006,4.86496,13.9354,26.4187,18.1888
2078,70.5134,2.11953,13.4997,30.2517,17.858
2079,106.774,2.00228,18.6382,63.6333,13.2007
2080,84.8079,4.89967,21.2901,35.7598,15.7012
2081,65.2798,3.23106,12.709,30.4944,12.3255
2082,108.904,2.1589,14.7127,64.8394,15.4145
2083,76.3613,6.76603,13.7324,33.9617,13.6732
2084,68.1556,2.21928,13.9497,30.4081,12.7192
2085,59.3429,2.57452,11.2868,26.1845,12.3523
2086,62.7321,2.74748,12.0872,29.7877,11.6686
2087,75.7079,3.52068,15.019,36.4467,14.1285
2088,84.1735,5.18842,19.9627,37.8213,12.5112
2089,90.3276,2.85131,20.7616,44.8962,12.9353
2090,65.7884,4.33268,13.0849,28.5563,12.9382
2091,83.6217,2.81223,13.3787,47.5186,12.5378
2092,94.828,5.91496,22.1458,44.5121,13.3486
2093,100.327,2.39194,16.2349,59.179,13.0141
2094,125.54,5.13854,21.0036,73.8142,14.6241
2095,69.2248,2.53923,12.3759,33.6782,13.5487
2096,124.668,4.6188,22.8085,74.4943,12.3167
2097,65.1791,2.04894,10.5425,33.4049,12.0694
2098,94.8604,2.1064,10.9214,49.7145,23.2255
2099,100.796,4.9653,21.5598,53.9556,11.2545
2100,73.4306,2.35286,13.2319,33.215,17.2359
2101,73.4047,2.32107,12.9881,38.0853,13.3264
2102,70.4621,3.53381,12.7691,33.5187,13.3702
2103,67.3255,2.92423,13.7482,30.747,12.8545
2104,88.7083,2.90585,21.4974,44.1825,13.4766
2105,71.8935,2.63636,11.9332,37.3199,13.446
2106,70.8153,3.35968,10.9535,35.3066,14.1828
2107,63.946,2.71481,10.135,33.6601,10.7831
2108,70.7963,2.57131,11.1693,36.4321,13.3089
2109,75.4994,2.80523,12.2607,44.8457,9.6153
2110,78.1603,3.50172,16.7503,38.9226,9.95947
2111,93.5633,2.86094,18.7599,50.5971,12.5658
2112,85.4845,2.85656,15.5842,45.2103,12.4016
2113,64.0017,2.48265,10.8065,32.8782,11.1591
2114,74.1137,2.45202,13.6371,38.2944,12.38
2115,101.933,2.86998,16.3723,50.5011,16.7692
2116,76.7215,4.93992,12.7417,32.5912,19.9939
2117,63.9244,2.02969,10.7843,29.8314,13.8602
2118,69.1887,2.14548,12.2114,31.6226,15.6951
2119,67.2319,2.25865,11.1381,32.1487,12.3167
2120,85.9042,2.29482,16.307,42.4524,14.1836
2121,81.0215,2.59902,14.9423,41.384,12.893
2122,73.9171,2.44882,13.2871,35.5102,12.3482
2123,55.5904,2.37998,10.397,25.4938,10.658
2124,70.1406,2.82069,13.5251,34.7334,11.9597
2125,63.8057,3.1771,11.5849,31.0967,11.1305
2126,74.2053,3.06248,15.6189,35.7761,11.6747
2127,76.1133,3.33052,15.1493,40.264,10.481
2128,64.6839,2.58269,15.6767,28.607,11.19
2129,83.6987,2.8239,16.4303,44.0122,12.1563
2130,85.9144,2.56256,20.9141,41.2026,11.869
2131,105.483,5.91496,23.2964,47.3882,17.2062
2132,96.6669,1.95153,15.6732,47.0779,13.3757
2133,83.1185,4.75734,20.719,38.5353,12.3292
2134,70.9258,2.2569,12.6194,37.1184,12.2415
2135,80.817,2.40302,14.3414,43.5758,11.4198
2136,85.8138,2.22657,20.3302,44.1921,10.8712
2137,61.3895,2.56402,13.2664,26.8346,11.0707
2138,63.3559,2.75798,12.842,29.9639,11.6243
2139,62.9479,2.39719,10.6714,32.2409,11.3772
2140,76.3496,2.8201,11.5642,30.9039,16.3647
2141,77.6548,2.3829,12.3488,41.8609,11.9673
2142,57.87,2.3864,9.24751,24.3143,13.8048
2143,62.8274,2.23853,10.341,30.4903,11.5391
2144,83.9183,2.19682,13.3807,48.1034,11.9218
2145,72.413,2.37502,13.8316,34.359,11.9664
2146,77.0166,2.25573,13.0721,40.2704,12.9377
2147,52.378,2.4074,10.7298,20.8911,11.7095
2148,70.5863,3.02602,15.4783,30.8053,14.153
2149,63.2189,4.58001,15.5297,24.0822,11.9507
2150,79.2132,2.62002,17.2587,41.0734,11.8915
2151,67.0939,2.81485,15.1059,29.0696,12.8773
2152,90.6689,2.41761,13.4764,55.9716,11.4572
2153,61.1717,2.3024,13.1188,26.8673,11.2075
2154,73.8471,2.36044,11.92,41.1533,11.6739
2155,81.4158,2.33302,10.5072,48.6091,12.373
2156,96.2822,2.50015,20.5568,51.8859,12.4269
2157,85.1844,2.40477,13.8176,48.0972,11.9014
2158,105.426,2.34032,15.3278,60.6837,13.8138
2159,80.08,2.39806,13.7313,40.8981,14.6964
2160,64.8169,2.26682,10.4477,30.3031,14.3455
2161,72.8444,2.57307,11.1909,37.14,14.3855
2162,93.6042,2.26069,16.4823,52.9832,13.3886
2163,86.1329,2.41848,12.9487,47.5646,13.7024
2164,83.5502,2.3724,13.3929,45.0289,10.5209
2165,79.0148,2.29598,13.5332,47.3007,8.71989
2166,83.8786,2.24115,12.5996,50.9048,10.2815
2167,77.5857,2.41906,11.4248,46.8352,9.65993
2168,77.7715,2.3164,12.4488,46.7282,9.20435
2169,74.494,2.3129,16.3571,38.3098,9.48522
2170,77.9648,2.35169,15.6431,38.2419,13.5052
2171,88.0238,2.50832,13.9287,51.6529,10.6353
2172,87.5591,2.34994,15.0633,48.6806,12.6472
2173,93.4347,2.73086,16.9215,54.2674,10.3882
2174,67.0289,2.61448,11.1124,31.3843,14.1673
2175,74.1038,3.47839,11.038,42.2756,10.1409
2176,84.2683,3.03856,18.3197,43.3985,10.632
2177,104.579,2.87231,14.5176,66.7673,11.3775
2178,66.9259,2.43365,10.9088,32.4529,14.0868
2179,69.6489,2.52786,13.0187,32.4133,10.8528
2180,72.5151,2.39427,15.2873,34.543,11.4776
2181,72.9015,2.47302,12.5293,35.7292,11.8112
2182,61.3528,5.25579,10.4028,24.0227,13.8541
2183,71.4018,2.36861,12.0428,37.5684,10.7023
2184,88.8492,2.30473,14.3479,43.1051,18.0152
2185,76.4178,2.06557,8.93747,34.8971,23.3635
2186,67.8053,2.06003,10.2144,34.7081,12.4147
2187,68.4149,2.70023,10.0309,35.8278,12.5427
2188,49.9942,2.46923,9.66372,18.8299,11.5193
2189,74.1811,2.64569,14.0641,38.393,10.5553
2190,80.8377,3.00998,19.8746,37.9385,11.0803
2191,75.6365,2.54273,19.1475,35.0172,10.4804
2192,70.1185,2.6486,16.806,33.5653,10.2444
2193,58.8885,3.04527,11.5776,26.3003,10.9718
2194,87.0861,2.46107,15.5553,48.8506,11.4586
2195,64.3036,5.06767,11.9343,27.8814,12.1834
2196,70.999,2.50277,12.5045,37.002,12.2062
2197,73.9507,2.68127,10.464,41.6567,11.9962
2198,77.3471,2.26157,10.2447,44.6384,13.5169
2199,72.1345,2.73377,9.99388,39.1924,12.9059
2200,72.6927,2.25486,12.3529,30.817,20.2366
2201,83.3813,2.43948,14.055,40.6644,13.0254
2202,67.8035,2.81019,10.7035,29.5474,14.8005
2203,82.5448,2.40448,12.7349,41.7115,13.9631
2204,62.1718,2.93531,11.9145,27.0417,11.164
2205,65.4623,2.44327,11.1836,31.9026,12.3666
2206,78.7637,2.53661,12.6693,41.7518,12.4596
2207,77.4489,2.42111,22.1274,33.1287,11.9122
2208,64.9333,2.57131,10.3372,31.6961,11.7806
2209,61.2501,2.54507,10.2202,29.1344,12.105
2210,62.2689,2.51386,13.2871,25.2109,13.7018
2211,74.6836,3.44572,19.6483,31.8326,12.1248
2212,72.1138,4.08972,13.6388,33.2212,13.285
2213,82.7099,2.28315,17.1542,40.9829,12.7597
2214,72.9607,3.90597,13.444,35.2205,12.3987
2215,67.1161,2.42869,13.3381,31.9548,12.3642
2216,83.1115,2.31465,16.1489,42.4725,12.7799
2217,75.2521,2.38757,20.5962,33.9626,11.7109
2218,84.613,2.20207,19.118,43.2842,11.2192
2219,67.8292,3.43668,14.8215,29.8644,12.6877
2220,91.0886,2.31582,14.1985,53.8585,12.4716
2221,71.0722,3.54868,16.3385,30.7826,11.9498
2222,77.581,2.65181,11.454,42.7589,12.529
2223,79.2117,2.51881,15.4174,39.958,13.0473
2224,90.5729,2.48556,15.2724,52.7154,11.925
2225,72.4775,2.35898,13.6823,37.3001,12.4199
2226,89.3077,2.30765,17.2339,47.1446,12.8968
2227,68.3749,2.98723,10.9042,34.4631,12.8277
2228,101.409,8.81381,17.6553,55.5493,11.883
2229,78.6785,2.12127,13.992,41.0664,12.9729
2230,118.114,4.84921,24.86,59.2038,14.6716
2231,71.1618,2.36511,17.893,32.016,12.2732
2232,86.5856,2.23619,14.1816,50.509,11.4884
2233,64.6967,2.71656,14.7498,30.4075,10.4518
2234,82.1943,2.45261,13.6126,46.9857,10.5845
2235,63.1871,4.41405,13.4542,27.455,11.6928
2236,71.9854,2.29511,9.81772,41.2694,12.0002
2237,97.6219,2.59756,13.7852,60.5096,12.3403
2238,68.9084,3.08931,13.4078,32.7201,13.1885
2239,75.3352,2.62206,11.5686,42.5626,11.5555
2240,111.757,2.39252,14.4141,72.9756,12.3287
2241,82.4725,2.44298,10.2981,40.8637,12.3491
2242,70.8803,2.32369,10.1607,35.8094,13.4367
2243,69.3289,2.46719,11.2559,35.8394,13.0768
2244,68.0468,2.52873,12.7029,31.1372,14.6719
2245,95.8821,3.42123,10.3763,55.7622,15.553
2246,95.8818,5.36283,18.8141,51.5345,12.3814
2247,56.8285,2.31465,11.8996,23.1045,12.2852
2248,98.23,4.84659,13.7202,53.2687,18.348
2249,65.7849,2.21111,11.3387,33.2168,12.737
2250,79.0154,2.10057,11.5662,45.3917,13.4831
2251,118.725,5.04434,18.3687,69.0586,15.3471
2252,93.9871,1.98565,15.4334,44.9825,22.8286
2253,111.535,2.59261,16.3265,62.5897,14.5086
2254,99.4103,8.69044,18.8552,53.5064,10.7111
2255,64.5302,2.77315,11.1737,34.4246,9.48843
2256,115.706,4.08068,15.8129,66.5818,16.673
2257,83.0838,2.41469,18.3696,43.3361,10.6026
2258,115.004,2.39865,19.0877,63.6205,16.8923
2259,81.7008,5.63671,16.3577,38.7885,13.3355
2260,88.0203,2.32544,16.9813,46.9714,12.7067
2261,71.0862,2.59494,14.4316,34.9131,10.9199
2262,60.5288,2.32777,11.4872,26.4639,13.4113
2263,80.0033,3.36464,14.368,43.0395,11.1407
2264,93.6937,2.35198,12.5354,60.2057,12.1572
2265,68.2011,2.48586,12.1525,35.2899,10.322
2266,59.2887,2.6206,10.9217,29.1431,10.1432
2267,66.9635,2.56052,14.5934,31.8909,10.1123
2268,83.4455,3.14998,16.5426,43.9658,11.1311
2269,62.5746,2.5929,12.3677,29.7664,10.6262
2270,61.8717,2.95281,13.1654,24.4645,14.6252
2271,76.881,2.63548,10.7038,44.8592,11.8868
2272,74.1968,2.50306,10.4043,42.9281,11.8553
2273,70.9071,2.74281,9.89763,40.4136,11.1273
2274,100.633,2.30182,12.3368,67.1931,10.7058
2275,71.9805,2.81602,12.018,39.6416,10.6017
2276,69.7866,2.29802,10.9835,36.1142,13.6333
2277,68.1926,2.38115,10.2917,37.3132,11.6065
2278,68.7748,2.50919,12.4547,34.8962,12.3572
2279,81.4963,2.63548,9.85272,51.0194,11.4898
2280,88.2603,2.61711,15.6554,49.9204,11.2953
2281,80.0549,2.37298,13.8296,43.3472,11.7719
2282,83.6794,2.32748,10.0236,53.4324,10.532
2283,64.8484,2.53923,14.4584,29.7168,11.4723
2284,74.9607,2.45173,11.3122,42.9526,11.37
2285,83.3472,2.35169,13.787,46.5654,11.9034
2286,85.5245,2.3304,18.2142,43.8197,11.4563
2287,88.7926,2.48819,20.9418,45.9614,11.2778
2288,91.0477,8.65398,18.3579,46.2816,10.474
2289,63.2005,2.57481,12.8691,28.6315,12.1939
2290,68.3729,2.77519,11.729,33.6035,13.0806
2291,88.9755,4.67859,18.8191,43.8019,12.1225
2292,86.9507,3.13452,16.2262,46.6891,11.8649
2293,62.2185,2.59815,12.3905,27.5923,12.6734
2294,66.9857,8.21911,10.961,27.4302,12.9479
2295,65.1088,2.64248,21.3968,23.0281,10.9555
2296,77.5585,2.40711,13.5122,43.5003,11.2892
2297,75.5513,2.52727,13.0289,39.5544,13.0645
2298,85.6727,2.28052,11.0952,51.7139,12.9674
2299,87.2669,4.16526,16.727,46.5397,11.2883
2300,82.355,3.22056,17.8659,42.105,11.4519
2301,63.8839,3.0791,14.1475,27.2855,12.2668
2302,105.446,2.62819,25.9888,55.0397,13.0558
2303,69.8434,2.53719,11.1352,34.9598,13.3562
2304,74.7472,3.02806,11.4516,31.8183,20.6811
2305,62.077,2.4284,11.1355,28.9404,12.5063
2306,68.9081,2.40944,12.4541,32.9286,14.2566
2307,68.2845,2.54098,15.3602,30.2704,13.0998
2308,72.9409,2.58677,18.1999,32.2316,13.2459
2309,88.7678,2.99131,17.842,46.7935,12.3905
2310,111.194,3.17302,16.9227,66.2997,16.4709
2311,76.0719,2.60369,12.2452,34.5701,18.9599
2312,79.4068,2.42811,11.0165,46.1542,12.3389
2313,68.997,2.5229,11.8191,34.9563,12.6279
2314,84.9009,2.41586,10.7166,48.7529,16.2653
2315,99.2843,2.55527,14.6981,57.7898,12.695
2316,92.2418,2.43627,14.7781,53.5444,12.6317
2317,72.511,2.45494,12.1254,38.9533,12.1327
2318,84.7253,2.40419,12.2869,50.2471,13.1246
2319,72.9727,2.52319,14.2554,35.2287,13.6283
2320,98.3254,2.36598,11.724,63.3851,14.2353
2321,85.2678,2.72969,12.226,50.6747,13.1517
2322,126.199,2.4494,15.5431,82.7073,13.5671
2323,95.4659,2.39777,15.2523,55.3296,13.8479
2324,98.3676,2.35636,18.8809,54.4949,14.2641
2325,77.616,3.12373,15.0791,40.0175,11.2151
2326,89.2528,2.63665,13.2209,52.2502,12.1586
2327,72.3328,2.39194,12.0723,39.0583,10.6332
2328,83.1273,2.49198,12.3946,44.7792,11.5601
2329,86.2994,2.59756,13.5245,46.5864,14.6174
2330,80.7566,2.85656,15.6358,41.2201,11.2571
2331,84.6092,2.75944,18.6505,39.8805,11.0223
2332,86.3382,2.58006,14.1947,49.1452,11.7083
2333,92.8686,2.48965,14.8641,55.1917,11.5721
2334,84.4955,2.48352,11.1629,51.5756,12.5284
2335,94.6635,2.45232,11.2612,61.6835,12.1388
2336,99.5594,2.92977,12.4272,56.4814,20.2587
2337,89.4033,2.4844,14.0781,44.3648,19.4488
2338,92.7919,2.42927,17.5891,46.6205,14.3592
2339,69.1032,2.52523,10.9395,34.1802,14.2703
2340,99.6737,2.50365,11.6995,64.4307,13.5321
2341,84.2219,2.44211,14.1737,44.6658,13.1523
2342,75.9328,2.73931,13.5706,38.5828,13.8284
2343,62.6075,2.70869,12.6227,26.9941,13.6753
2344,99.0455,2.39952,15.0866,59.1367,14.0264
2345,90.7053,2.7049,24.0297,43.0424,11.7856
2346,88.9498,3.24914,12.4757,45.7902,16.12
2347,82.0035,3.0371,14.3108,43.0231,12.3211
2348,71.1772,3.20335,13.4099,35.1397,12.5267
2349,85.1605,3.46789,14.2779,44.8723,13.7135
2350,97.1383,2.57365,18.8964,52.2721,13.4909
2351,87.1266,2.30707,14.7293,48.0334,13.0476
2352,91.2198,2.31319,11.3755,56.2764,13.5055
2353,92.4979,4.25684,21.4403,43.4496,13.3594
2354,103.102,2.93385,20.7861,53.8707,15.6443
2355,72.6329,2.40127,11.6453,30.2465,19.615
2356,90.0765,2.5544,13.5781,45.1126,21.4753
2357,82.6895,2.7329,10.77,47.4909,14.4989
2358,72.7467,2.34936,11.1253,33.4872,17.7078
2359,78.5986,2.50102,10.7341,37.7338,19.5538
2360,103.75,2.39282,15.1181,63.5706,13.5528
2361,85.6342,2.49957,12.919,49.5503,13.4629
2362,80.3795,2.74835,18.9535,38.2317,13.6344
2363,67.5965,2.70111,11.9515,32.9447,13.0672
2364,78.4443,7.42578,13.1792,36.6765,13.9325
2365,97.9001,3.65281,18.4647,54.7177,13.4664
2366,75.7671,2.3234,14.0766,33.6808,17.9867
2367,73.7339,2.71569,11.5829,37.5314,12.9974
2368,73.3172,2.60777,11.3017,35.4218,14.76
2369,90.1348,2.6174,14.5389,48.6517,14.6165
2370,104.167,2.70111,14.8868,63.6858,13.866
2371,69.2257,2.44065,11.1124,33.7325,15.1164
2372,81.9563,2.34002,12.1003,46.4482,14.179
2373,95.4145,2.71481,14.9647,56.6016,12.4234
2374,97.5921,2.44736,20.4279,55.9281,10.5043
2375,79.7746,5.07496,13.8999,42.2269,10.6414
2376,92.9237,2.52056,13.7558,56.7422,11.4895
2377,87.0444,2.63111,9.6118,44.5462,16.0891
2378,60.7447,2.57919,11.696,28.4446,11.1308
2379,65.0747,2.50481,10.0578,37.1231,9.57914
2380,56.5354,2.56636,12.5807,24.3327,9.85826
2381,81.489,2.70869,16.0695,44.6407,10.1762
2382,101.642,2.64423,14.8892,61.2775,15.6417
2383,70.521,2.47215,8.05781,40.8243,13.5388
2384,47.5116,2.51619,9.19472,20.7837,9.11364
2385,73.3137,2.80202,13.1914,41.8646,9.17489
2386,78.6004,3.29435,19.4158,40.208,9.25772
2387,64.0685,3.16514,10.3608,37.0186,8.4431
2388,65.0846,5.54833,15.8278,28.0526,9.97347
2389,69.2901,2.79677,19.3805,33.1141,8.94156
2390,71.5272,2.80115,16.0485,32.4031,12.4234
2391,58.0765,3.15727,9.92622,30.7951,8.98706
2392,70.9637,2.57511,10.9803,41.3187,9.50535
2393,65.5067,2.61215,8.70239,37.7983,10.422
2394,131.987,2.6944,22.212,90.332,10.1318
2395,98.7973,2.79823,12.6702,62.9412,11.9437
2396,107.357,3.22727,21.3787,63.7544,11.0812
2397,70.9626,2.51473,9.54151,41.1845,11.1544
2398,98.5683,2.73348,12.0554,65.6438,10.2007
2399,120.635,2.97994,14.4855,79.6221,15.1566
2400,90.3582,6.47612,12.4599,54.485,9.56397
2401,59.1744,2.06644,10.4276,31.363,8.83073
2402,113.223,5.31442,19.3998,69.2674,9.69755
2403,68.1722,2.83031,12.41,36.1069,9.93788
2404,90.421,2.66261,12.9312,59.2534,8.13686
2405,68.1194,3.33489,12.8446,34.4243,9.57126
2406,92.4203,2.69352,11.4292,62.3477,8.70852
2407,80.9115,7.86852,21.3676,35.3564,8.97685
2408,92.9322,5.40717,22.3077,48.1777,8.4119
2409,71.8081,2.51882,13.2255,38.6919,9.12297
2410,97.1642,3.24477,16.0663,49.7807,16.7468
2411,82.2535,2.10028,13.6082,43.605,12.8239
2412,86.8005,2.57161,21.4251,40.2894,12.9986
2413,107.615,6.54233,19.8874,51.7013,13.4241
2414,64.6953,2.33827,12.7189,30.5157,12.1096
2415,100.973,2.68331,14.4266,58.3924,14.1918
2416,89.2105,12.9237,15.0904,40.7015,12.0329
2417,69.1105,2.12769,11.0765,37.2345,11.0806
2418,86.4027,3.12314,16.8363,42.9103,13.5886
2419,96.7396,5.30742,16.6205,52.2957,13.1789
2420,73.4391,2.39077,10.2855,33.1719,19.2283
2421,83.7205,2.41731,10.1773,49.4654,14.6733
2422,77.8132,2.47448,10.2392,45.9821,11.6018
2423,70.1634,2.50452,9.69726,36.8049,12.7816
2424,59.8073,2.39573,10.7618,25.7796,13.4376
2425,83.615,2.41061,13.5627,42.644,14.7559
2426,82.7621,2.40419,14.2811,44.2114,11.4697
2427,93.9419,2.52319,10.0493,60.5218,13.4472
2428,70.6286,2.6696,10.1461,34.6917,15.3115
2429,70.066,2.73406,11.8395,33.6298,12.035
2430,89.298,3.0126,15.6816,43.3921,17.2123
2431,105.572,2.56636,14.5191,66.1725,12.1029
2432,99.835,2.43336,16.4443,59.7901,11.8495
2433,82.7607,7.29978,14.4578,40.6408,11.1471
2434,87.4556,2.59085,15.6799,45.3454,11.5671
2435,123.044,2.87815,15.1161,77.8595,16.6823
2436,90.3997,2.5754,22.03,43.4218,12.6997
2437,66.1203,2.6104,10.4043,30.6414,13.4682
2438,59.0851,2.64336,12.9598,22.1513,12.9636
2439,71.6523,2.48411,10.6148,35.9339,12.7309
2440,89.0787,2.68069,14.4876,43.1593,17.8866
2441,86.6063,2.60981,13.3947,48.9597,11.624
2442,80.8791,2.4424,11.813,45.5574,12.6107
2443,76.6663,2.7259,11.2542,42.0061,13.3518
2444,95.0774,2.75156,13.3521,58.3976,11.26
2445,66.0072,2.54711,10.4815,32.5877,12.4039
2446,76.263,2.35227,11.0745,39.8157,15.4553
2447,96.9586,2.6804,18.2667,54.1498,12.7863
2448,111.948,2.57277,14.7664,72.3835,12.301
2449,97.5023,3.8001,25.1943,43.7896,13.612
2450,88.3557,2.38815,15.5828,44.2449,14.1256
2451,71.055,2.58969,14.0798,30.8114,13.7432
2452,57.1869,2.6104,10.1438,20.9517,14.9058
2453,70.2874,2.68886,11.9052,37.4521,10.7341
2454,84.6833,2.68419,16.003,46.4467,12.1026
2455,71.2391,2.91373,10.9724,37.0081,12.7851
2456,61.6815,2.52027,12.3736,29.1087,10.3249
2457,79.4092,5.94004,18.5327,37.3485,10.7271
2458,74.4605,2.57306,15.1076,38.3268,11.6062
2459,87.733,4.6503,17.7962,44.6206,11.7398
2460,77.8832,9.08272,16.2568,33.5012,12.2312
2461,91.4117,2.97965,18.2389,46.3335,13.5889
2462,67.0691,2.58473,14.2382,30.3748,13.0202
2463,72.2654,2.99073,16.4776,32.0195,12.2455
2464,69.5497,3.03652,15.1421,31.6048,12.7119
2465,84.4561,2.64073,19.6742,40.2275,13.173
2466,78.3055,4.1498,17.4074,31.4341,12.795
2467,82.9322,2.52815,14.7877,43.2212,13.5706
2468,61.6975,2.57744,10.4894,27.8178,14.3094
2469,80.7001,2.65386,13.9626,41.9909,13.4641
2470,81.9151,3.62772,19.5797,36.2142,13.6368
2471,75.6274,2.55265,13.4755,38.897,12.4339
2472,87.6796,2.4284,12.7201,47.5212,16.475
2473,76.2227,2.80027,13.1027,39.7244,12.907
2474,78.3851,2.52377,14.0005,41.0844,12.2522
2475,80.7558,2.61623,16.9743,40.2118,12.3794
2476,64.1706,2.61681,10.0945,27.0863,14.6652
2477,67.4506,2.7081,10.1181,33.7214,13.3638
2478,74.0583,2.63519,11.7631,32.604,12.7907
2479,78.9145,2.75565,13.7771,38.9681,14.5646
2480,86.2166,2.41936,16.8489,42.8808,15.2065
2481,81.3368,2.63286,12.949,35.7228,20.4947
2482,88.5085,2.87085,16.8748,47.5174,12.0177
2483,60.8797,2.81835,10.5842,25.1814,15.0893
2484,66.9598,2.56781,10.1493,28.668,17.5518
2485,61.2119,2.56927,10.3599,27.6034,11.2597
2486,65.3877,2.55411,10.6233,30.9325,13.8596
2487,74.6192,2.66173,14.9049,35.6455,13.0873
2488,71.305,2.54594,12.646,36.16,13.0689
2489,69.2269,2.69381,11.8407,38.3174,9.77863
2490,72.7732,2.88894,10.8345,42.308,10.3401
2491,64.9633,3.51485,12.611,31.0494,10.7446
2492,86.7539,5.55504,24.4677,36.2749,12.2295
2493,74.5629,3.09252,17.347,35.0161,12.1548
2494,60.7152,3.25002,13.5554,25.5521,11.1357
2495,65.9395,2.64831,13.3795,31.6541,11.2574
2496,79.5334,2.50365,11.2209,46.5202,12.1779
2497,68.0587,2.53019,11.9582,34.4007,12.5713
2498,79.695,2.38727,11.1325,46.8192,12.1787
2499,63.731,2.50773,10.7799,31.286,11.974
2500,89.5847,2.43307,19.1586,47.5474,11.6155
2501,83.2559,2.88164,16.3878,42.7102,12.5378
2502,71.4205,2.76381,11.7564,39.0052,11.1483
2503,90.0788,2.52319,13.4227,52.7041,11.8037
2504,77.8744,2.48002,17.1026,38.9891,12.3161
2505,80.1847,2.62994,15.0093,42.5291,11.174
2506,83.4449,2.6101,18.7488,41.5444,11.4887
2507,90.5834,4.47093,26.1988,38.7564,11.7759
2508,89.2405,3.4816,18.2474,42.0991,12.086
2509,54.7413,2.38085,9.70542,25.0414,10.8753
2510,85.6603,3.15289,14.694,47.417,11.4216
2511,93.1826,2.46894,14.2618,48.0549,18.4221
2512,88.8523,4.37146,18.9512,44.5225,12.7717
2513,70.6463,2.0504,11.2822,37.2677,12.3989
2514,101.951,4.64825,15.0035,58.028,15.5011
2515,78.0557,1.99965,13.4058,42.9376,11.2909
2516,69.5572,2.30415,13.7272,35.3144,11.5607
2517,92.4447,2.39777,13.5703,55.1091,12.543
2518,100.777,2.55702,16.0614,62.9898,10.756
2519,55.231,2.50131,10.4745,25.2144,10.1207
2520,89.0422,2.54535,16.5385,49.172,12.1373
2521,79.7404,2.89622,14.7745,41.1022,12.0822
2522,94.1022,2.3966,24.0874,43.1328,14.1093
2523,72.0122,2.53777,10.611,34.8755,15.539
2524,73.4921,2.55469,13.7444,36.3405,13.5811
2525,96.9562,2.24377,16.1212,51.9757,17.7093
2526,81.7173,2.33098,11.3454,45.7566,14.414
2527,82.0192,2.37852,13.6607,39.6261,14.6952
2528,92.7562,2.33681,14.3796,54.4097,12.4789
2529,87.8767,2.26973,19.6961,43.665,13.4962
2530,89.7996,3.67788,17.459,44.9688,13.2801
2531,74.0395,2.74602,13.682,37.2796,12.8321
2532,69.5336,2.42139,22.9123,24.2554,12.655
2533,88.5804,2.42256,15.6504,48.516,12.8676
2534,83.038,2.76469,15.9952,43.2821,11.3758
2535,59.0565,2.69702,9.87808,27.1805,11.9232
2536,74.0958,2.97585,19.5123,31.9113,11.8795
2537,89.6876,2.97293,19.5468,43.7339,11.7896
2538,64.5007,2.23706,10.6148,28.4192,15.4693
2539,73.7648,3.16864,13.8123,35.7064,12.0857
2540,89.2081,3.26839,15.6487,47.7621,12.8548
2541,65.996,2.41615,11.4487,30.4034,13.0456
2542,96.5487,2.46923,15.3095,51.4659,16.1585
2543,91.3726,2.23007,16.428,45.3179,18.3894
2544,92.4144,2.59435,15.1846,45.0397,12.0915
2545,109.788,2.55031,13.9573,69.7599,14.146
2546,103.837,3.07939,24.2948,46.4108,10.3445
2547,92.4243,4.97987,19.3642,44.6252,13.6222
2548,82.1758,2.18048,19.3636,41.3816,10.2269
2549,85.7207,5.67141,17.1589,41.0759,12.3881
2550,72.2245,2.63227,11.8343,39.2049,10.8829
2551,86.1993,2.1204,14.3236,46.5598,12.7093
2552,87.4459,8.73855,20.744,32.3152,16.6237
2553,93.5702,2.14286,15.2021,50.6656,15.03
2554,92.6649,2.57015,11.0127,42.3803,24.802
2555,85.8417,2.21577,14.4123,45.7919,13.64
2556,116.824,2.26769,16.6482,68.4119,17.2464
2557,89.9332,5.56612,13.3483,43.4037,17.0367
2558,86.2985,2.13819,17.3246,45.9531,11.5788
2559,117.989,4.93408,18.2739,70.3299,13.9074
2560,95.9394,4.58496,15.0385,53.8053,11.8815
2561,72.3438,2.48556,12.1703,29.0941,14.4292
2562,98.999,4.95654,23.9865,48.8295,11.5
2563,110.447,2.55994,14.3268,63.542,15.5259
2564,100.729,6.3577,19.8766,51.4265,13.1584
2565,62.3485,2.45902,13.3687,26.8512,12.7629
2566,91.5245,2.56052,15.5095,43.1937,18.2754
2567,83.1065,5.06212,17.9557,36.6946,11.7809
2568,86.3294,2.02532,10.2917,54.5657,11.9524
2569,110.677,5.19891,13.5673,68.901,13.6123
2570,101.811,4.64942,14.1104,58.4827,14.9352
2571,63.3127,2.53981,11.5359,29.2688,11.6622
2572,152.758,4.77396,17.9855,108.835,10.3859
2573,84.5027,2.4214,13.241,40.3404,17.375
2574,106.125,4.93058,14.5637,67.3648,11.3965
2575,92.429,2.04544,14.7322,51.7654,13.1401
2576,112.731,9.39713,21.1395,58.5498,13.495
2577,82.1609,2.86035,11.4647,45.9771,13.9296
2578,119.8,2.24844,29.4137,59.1997,15.7615
2579,101.386,2.09677,21.2273,54.3458,10.6131
2580,91.7085,4.71446,13.4043,37.6713,27.0743
2581,57.9665,2.28752,8.63355,28.6245,11.0934
2582,74.9347,1.89144,10.1467,38.92,15.5247
2583,97.2621,5.40716,13.0581,52.1169,15.4891
2584,109.434,4.72408,17.9082,65.3984,11.0185
2585,77.5512,2.49694,14.6818,40.6399,11.1354
2586,64.3411,3.1246,11.3104,29.8101,11.7955
2587,60.786,4.12296,13.2293,26.4151,9.83492
2588,93.2905,2.61127,13.9115,56.0436,11.3819
2589,92.4963,5.59908,22.8813,42.5176,13.0304
2590,84.9536,3.36026,12.1869,45.3704,15.2885
2591,98.0126,3.61489,15.0012,54.0775,14.6841
2592,82.6113,2.63169,12.9327,45.4497,13.805
2593,69.5989,2.90672,9.27055,36.5414,12.0845
2594,78.0598,2.38056,10.4801,46.6558,10.9788
2595,66.2536,2.41673,9.63863,34.9452,11.3592
2596,76.0928,2.43802,13.2057,38.1045,12.0924
2597,77.2061,2.53806,9.95071,39.0171,18.152
2598,77.8627,2.25427,12.3173,40.2701,12.9242
2599,75.3474,2.36044,11.3487,40.5232,10.9607
2600,58.796,2.61419,9.91862,26.8013,10.3328
2601,52.9933,2.46398,9.2755,23.3533,10.5559
2602,104.769,2.40215,18.0794,62.998,11.6715
2603,92.6156,2.5856,13.9211,51.5659,13.5711
2604,94.489,5.21058,19.452,49.0964,11.4633
2605,81.6339,2.4561,12.6915,46.9926,12.0498
2606,91.5563,4.944,19.1113,39.8025,16.4583
2607,80.7402,2.27848,15.4209,40.7618,12.5267
2608,66.5954,2.42548,13.0348,29.1521,14.4505
2609,87.2709,2.39194,18.3477,43.56,13.3258
2610,86.5245,2.41586,27.5448,35.0627,12.4415
2611,94.2831,2.86968,16.0657,51.1296,12.6031
2612,67.9338,2.78102,14.0565,29.1871,12.6366
2613,105.856,2.72677,13.738,60.4579,16.9305
2614,77.0798,2.16648,13.3232,41.5137,12.6498
2615,73.1158,2.11923,9.92796,42.0591,12.179
2616,101.169,4.75734,13.8812,59.2428,13.9827
2617,83.1488,2.05681,11.5038,50.4757,11.7138
2618,110.753,4.36271,26.185,55.7242,14.5004
2619,100.001,3.34072,17.1324,56.0806,13.7893
2620,78.4405,2.62264,11.0307,39.5444,16.5563
2621,63.2439,2.50948,10.3733,26.8614,14.3222
2622,88.7899,2.56081,15.2059,46.5003,14.2633
2623,102.501,2.48585,16.1868,61.1139,13.2421
2624,97.0609,2.68331,14.4356,55.8461,16.1279
2625,89.8591,4.30584,19.2621,42.8478,13.1622
2626,101.264,2.71306,18.4968,52.5375,17.0279
2627,116.135,2.63256,14.1107,77.3015,12.562
2628,106.134,2.75535,15.644,68.5918,10.4637
2629,74.3047,2.32369,14.0241,37.9181,11.1279
2630,87.2936,2.79968,20.0799,45.3917,10.0417
2631,80.3844,2.73989,14.0457,43.4839,10.7265
2632,96.8876,3.16835,14.0378,56.5688,12.8986
2633,90.7647,2.66289,15.0665,48.9605,14.321
2634,66.7681,2.4914,11.0124,29.8265,14.9163
2635,70.289,2.65794,10.5209,35.6691,13.7575
2636,106.822,2.66231,15.058,66.5266,12.9831
2637,86.5257,2.4351,16.7751,44.7468,12.7236
2638,83.8879,2.46923,11.0599,46.3183,16.3982
2639,91.4872,2.58735,15.4973,50.6131,13.2165
2640,101.693,2.71744,19.6051,56.192,13.0791
2641,83.4002,2.67194,13.6744,39.9802,17.382
2642,65.2432,2.42431,9.75908,34.3402,11.2483
2643,78.3637,2.7081,13.5843,42.0402,10.4979
2644,78.3019,2.52056,10.4947,42.4535,10.611
2645,63.8115,2.74806,10.5737,31.6001,11.7733
2646,75.0204,3.60818,12.2204,40.513,11.2705
2647,79.3099,2.84781,14.0089,41.7506,11.4919
2648,73.7695,2.34323,12.7352,39.1273,11.6429
2649,82.8376,2.3339,12.6466,46.2326,12.7288
2650,81.5324,2.38435,14.5794,39.3607,14.7845
2651,85.8093,2.66114,16.3877,37.5089,14.1927
2652,91.8523,5.81228,19.9627,43.8433,12.7661
2653,78.2742,2.21577,15.8989,39.1451,11.848
2654,116.384,5.01837,24.9105,64.0993,11.2722
2655,57.4715,1.99294,10.5171,25.6828,12.1647
2656,80.0408,2.4281,19.1125,37.9268,11.3627
2657,104.566,3.56122,15.0309,59.132,15.6385
2658,86.7928,2.44035,14.4038,40.7916,19.8932
2659,81.2363,2.41235,16.6324,38.3815,12.8615
2660,86.6878,2.52348,12.8224,45.6358,15.791
2661,97.4756,2.72764,12.7294,61.3667,11.2142
2662,77.31,2.44619,12.7262,42.0063,12.333
2663,61.4367,2.4246,13.4973,25.212,13.4028
2664,88.7193,2.4599,13.4262,52.0696,11.6424
2665,81.6068,2.4564,15.4387,42.1816,12.6247
2666,85.8341,2.7256,16.2431,45.1064,12.5853
2667,68.3847,2.57977,13.7826,31.6989,12.5984
2668,98.3395,2.4281,13.173,60.7312,12.9368
2669,96.7202,3.0476,14.8177,52.7145,14.9516
2670,108.949,2.98256,16.3189,68.4116,12.7157
2671,69.6048,2.75564,11.631,35.0105,13.1383
2672,87.7092,2.32806,10.3389,55.0548,12.4275
2673,77.356,2.60806,13.292,41.8264,12.2557
2674,112.459,2.42256,13.0689,73.8068,13.3226
2675,74.3044,3.29318,14.0912,38.1406,10.4582
2676,89.484,3.08085,16.4793,50.9756,10.8514
2677,57.7807,2.47594,10.0805,28.8328,9.59663
2678,87.7498,3.20451,14.6611,49.2078,11.4668
2679,65.8248,2.44385,11.0173,35.1977,10.2021
2680,67.7349,2.80173,12.221,29.5543,15.2112
2681,72.4158,3.21997,13.7348,35.4731,12.2639
2682,98.4174,2.86035,17.2508,55.7691,12.9674
2683,75.9351,2.31494,13.8351,36.1331,14.0323
2684,93.054,2.41323,16.612,47.5818,17.38
2685,64.6541,2.45581,11.1369,28.4854,14.0982
2686,99.7188,2.44473,16.4017,59.2271,13.3681
2687,92.4529,2.59989,14.8174,53.6528,12.3683
2688,84.2198,2.34965,14.4105,45.476,12.7276
2689,71.2393,2.42081,12.6247,36.8378,12.8977
2690,95.6524,2.55644,13.1517,59.6529,11.4364
2691,104.299,2.80523,15.2905,63.1774,13.8937
2692,91.7045,2.88193,13.8118,48.6353,14.0465
2693,66.2355,2.60369,10.2578,32.1256,12.1834
2694,72.6845,2.35052,9.98629,40.6501,12.7906
2695,55.5352,2.50977,10.6294,25.0767,10.6002
2696,75.3054,2.56606,11.6173,41.3825,12.6381
2697,82.8641,2.61623,11.7602,48.5224,12.7317
2698,101.484,3.65164,14.2323,61.5642,13.2643
2699,69.1661,2.61448,9.99446,32.5838,15.8056
2700,73.3349,2.32719,10.833,38.7053,13.6499
2701,67.4788,2.7921,11.0331,32.8501,13.4743
2702,98.4854,2.39923,14.8877,56.0885,15.8972
2703,78.2345,2.46427,11.9416,40.8563,14.8291
2704,89.0074,2.4074,19.0658,45.6236,11.5829
2705,86.0377,2.49752,12.863,50.0927,11.4204
2706,77.8204,2.5156,10.4077,48.346,10.4016
2707,74.9504,2.52027,17.7093,34.0947,12.0171
2708,83.5265,2.39573,11.2536,49.8063,11.9194
2709,100.418,2.55323,14.8139,61.1284,12.8262
2710,79.4654,6.60969,17.109,34.3682,13.7835
2711,89.1897,2.07198,14.5587,46.2988,16.339
2712,66.7972,2.37152,11.3571,32.9193,12.9464
2713,71.1628,2.5821,10.7467,35.308,12.3698
2714,98.3599,5.06154,18.3037,46.5899,13.2736
2715,78.152,2.16619,9.99358,42.8157,15.3564
2716,93.2377,5.25404,18.5936,48.7954,12.758
2717,85.6034,2.16357,16.5076,43.8774,12.9371
2718,132.383,2.50248,16.5963,77.4048,18.7479
2719,69.5301,2.08598,10.9791,27.7224,17.0381
2720,75.756,2.27294,14.0302,30.366,18.8284
2721,107.694,5.27591,23.1943,53.3915,15.1753
2722,74.8886,2.13965,24.1518,29.305,12.158
2723,78.098,2.18719,13.4568,41.4105,11.7056
2724,98.7444,5.15429,22.5162,50.2949,13.2369
2725,75.6597,2.13352,13.6913,36.5105,12.3934
2726,111.157,4.82092,14.7104,47.1364,30.373
2727,86.9527,2.34294,14.846,48.4583,12.1175
2728,90.6755,2.61477,14.1247,53.0435,12.0959
2729,73.8467,8.59155,15.6909,30.3083,12.2079
2730,89.8784,2.99364,14.3257,52.3388,12.6019
2731,65.9208,4.10663,12.5483,29.1638,12.7553
2732,64.8708,6.94919,14.1918,23.826,11.9854
2733,60.6796,2.45231,11.2279,26.2539,13.1208
2734,90.1648,2.49081,16.0167,44.7798,13.9115
2735,71.3285,2.62877,11.8526,37.4418,12.2487
2736,76.8042,2.38377,10.8155,42.2295,13.9999
2737,69.8177,2.37035,11.0649,37.9513,11.4
2738,74.7357,2.44415,10.2505,43.0231,11.5624
2739,68.2751,2.46515,11.6564,34.3645,13.0342
2740,89.2577,2.35956,16.9314,50.2928,11.6736
2741,71.0024,2.62119,10.2771,41.2226,10.3625
2742,76.262,2.4316,11.0386,41.1419,14.7002
2743,67.0693,2.55294,10.0015,32.9525,14.6316
2744,75.1721,2.33798,13.7692,39.9533,12.3552
2745,90.2444,3.08347,14.5955,51.722,12.2403
2746,91.3413,2.32194,14.4476,53.2905,12.3036
2747,77.9484,2.5086,12.5019,43.9118,11.9206
2748,80.73,7.47506,16.1177,38.661,11.4633
2749,75.7189,2.99306,15.4063,35.7726,12.0836
2750,109.372,2.65619,21.5079,61.0112,13.591
2751,82.0335,2.56519,13.7636,42.0679,14.0678
2752,62.501,2.3339,10.2155,26.2822,15.6883
2753,75.2429,2.84548,17.5955,34.4493,11.8629
2754,77.0702,2.3339,13.2882,34.9227,17.0276
2755,76.9655,2.37094,12.1233,36.8162,16.134
2756,110.191,5.25171,17.5681,67.9333,10.8347
2757,80.1236,2.08919,15.3106,41.9014,12.0927
2758,122.342,4.90346,23.367,62.818,14.7713
2759,86.4134,2.18427,12.2709,50.6592,12.3686
2760,86.6412,2.43073,15.457,47.8274,11.5604
2761,109.335,5.39054,19.0748,62.5016,11.764
2762,75.6306,2.25194,15.098,39.2959,11.6499
2763,82.363,2.73698,11.8433,48.173,12.116
2764,102.95,3.47226,15.2278,54.1463,21.1888
2765,86.1255,2.57802,14.342,43.7353,16.4289
2766,66.456,2.48906,12.8729,28.5732,14.0629
2767,99.6118,2.60077,21.1669,54.4899,12.5821
2768,70.4351,2.45669,11.3373,30.6656,15.7044
2769,76.5995,2.62089,9.43825,42.6127,14.9093
2770,71.0841,2.32748,10.1079,34.3881,16.9821
2771,61.2016,2.60019,10.5005,26.066,13.7738
2772,90.329,2.4494,17.2178,49.403,12.6194
2773,90.5842,2.67019,15.6807,52.7536,11.1789
2774,93.8397,3.1001,15.9619,53.189,10.6694
2775,71.0952,2.57131,11.0223,38.8505,11.9714
2776,107.921,2.6661,14.0185,71.3638,11.6015
2777,130.935,2.94668,14.5459,92.6588,12.408
2778,83.9138,2.53864,9.12967,56.6097,9.74071
2779,87.1525,2.47594,11.6937,56.3848,9.66167
2780,86.1395,2.81631,9.167,57.6702,10.0703
2781,97.5121,3.40051,19.0728,55.6125,10.9182
2782,60.3517,3.08756,12.0618,21.3282,15.7892
2783,72.5465,6.15616,11.8416,35.2619,11.8069
2784,69.188,2.32485,11.4787,33.2176,14.5943
2785,81.9384,2.55352,13.1386,46.3399,11.0272
2786,90.2683,2.57656,15.5644,51.043,12.0626
2787,90.6335,2.62498,17.7504,47.6378,12.7294
2788,86.5869,4.14192,15.9362,43.9363,13.7916
2789,94.7124,2.68769,13.5154,55.2109,13.8955
2790,94.7506,2.58648,13.3664,45.7989,10.7677
2791,86.388,2.7291,19.3321,44.7827,10.7303
2792,79.8276,2.41615,11.4248,46.3632,12.4339
2793,97.8125,2.61944,13.1086,61.2136,11.8862
2794,81.0657,2.99277,17.0702,41.3656,12.2756
2795,83.8184,2.43715,14.9014,47.1323,12.2761
2796,108.088,2.93589,16.0494,66.5321,13.7902
2797,80.5967,2.56548,14.5678,43.3798,10.791
2798,94.7996,2.3724,18.1033,44.2005,16.3317
2799,100.271,2.54827,12.7113,64.6555,11.5248
2800,80.2599,2.76381,13.0701,34.7734,22.9668
2801,64.8725,2.54885,10.9042,35.6737,9.68442
2802,75.2601,2.62439,9.83258,45.366,10.2015
2803,87.4616,2.73319,13.6753,50.9785,10.4917
2804,91.4997,2.56314,20.0843,47.7271,11.3119
2805,91.4746,3.13189,16.3752,51.374,10.9552
2806,78.2911,4.26034,12.506,42.6358,11.3072
2807,77.2566,2.99743,13.0222,39.3437,12.5392
2808,69.9947,2.46077,11.1564,34.7413,14.2417
2809,82.6363,2.64189,13.964,46.2072,9.95071
2810,93.8765,2.49985,14.2186,46.878,17.3893
2811,74.0777,3.05606,12.9557,37.487,11.9891
2812,93.9412,2.67864,17.282,52.7863,12.1402
2813,87.2913,2.71277,14.893,46.8188,11.6855
2814,95.1936,2.52465,23.1777,47.655,11.8576
2815,71.717,2.55702,10.9453,38.2477,12.6498
2816,85.9473,2.41848,15.4699,47.5453,11.5747
2817,86.3273,2.66435,17.6544,46.2769,10.9695
2818,79.7395,3.06072,19.3998,37.7428,11.078
2819,63.7312,4.92679,13.7569,26.9827,10.6606
2820,103.765,2.83614,13.404,67.1892,11.5829
2821,75.5746,3.17097,17.1006,34.6354,11.8833
2822,78.4069,3.02602,19.6844,35.5737,12.0125
2823,79.4834,2.86093,15.9543,40.6256,11.3326
2824,66.0409,2.68944,11.6214,30.3293,14.6424
2825,79.2737,2.62381,16.6461,40.0994,11.2276
2826,75.2295,2.55906,15.7271,36.885,11.2504
2827,78.6122,2.7011,16.8856,37.6439,11.4907
2828,76.5473,2.70898,17.4237,38.6513,9.99621
2829,75.4626,2.57539,15.1479,38.7607,10.231
2830,66.2116,2.69148,16.1675,25.3299,14.067
2831,76.0473,2.77344,13.5291,41.9906,10.245
2832,75.5206,2.27877,11.1605,45.7986,9.62959
2833,84.6541,2.48119,14.0868,48.5513,11.2428
2834,83.2716,2.93852,21.8938,39.2379,10.959
2835,73.6499,2.88777,15.1767,36.9655,9.61413
2836,87.7717,4.56017,19.7127,44.1731,10.446
2837,70.0901,3.15756,14.0477,34.5257,11.3227
2838,85.0207,3.74672,17.6833,46.3548,9.48696
2839,65.7245,3.24564,13.6368,30.2995,10.1067
2840,64.9562,3.19022,15.7219,27.3852,11.1334
2841,60.7134,2.65444,9.31342,29.7387,12.5407
2842,98.178,3.16835,14.792,60.1925,11.4487
2843,78.5075,2.77139,14.5887,40.6224,11.3621
2844,91.8176,2.28431,16.5726,51.5446,12.2721
2845,80.9292,2.85772,20.019,35.854,12.7361
2846,96.7584,2.81018,18.2771,52.1233,12.3832
2847,88.6656,2.4981,14.3088,44.8238,15.6632
2848,91.6266,2.80464,16.0494,46.9664,16.7748
2849,59.4916,2.5191,10.0779,26.6607,13.1535
2850,71.6435,2.43977,10.5664,36.2005,15.173
2851,60.5235,2.80027,10.3908,27.842,12.1577
2852,64.6549,2.8796,10.9604,31.2789,12.928
2853,78.721,2.61477,14.0072,41.9005,11.5044
2854,82.5628,2.48964,18.6583,41.5604,11.2227
2855,79.9863,2.97906,16.0141,38.4063,13.3716
2856,80.9978,2.95981,18.1774,38.6362,12.9056
2857,60.3304,2.63927,12.9636,25.3952,11.9121
2858,77.4981,2.70256,22.5369,32.646,12.3864
2859,80.9922,2.65823,13.4693,43.3521,12.1189
2860,87.4176,2.86064,17.5637,46.3775,11.2702
2861,88.894,3.80768,13.374,44.4266,16.0762
2862,85.0816,5.49495,14.5351,40.1686,11.6634
2863,89.0389,2.70635,13.1424,51.4385,12.3459
2864,84.218,4.96412,18.9515,36.0678,16.7844
2865,85.4938,2.23735,15.2677,46.5263,12.5973
2866,94.1918,4.73604,22.5477,46.3379,12.0921
2867,65.7064,3.26576,10.5836,33.1193,11.1349
2868,74.225,3.4991,13.0736,38.2879,12.3056
2869,72.0772,2.87435,14.8282,35.1957,12.1799
2870,89.0337,2.67398,22.5299,42.8977,11.78
2871,62.5588,2.72823,12.5004,27.5996,12.6451
2872,67.5503,4.53246,16.6648,26.2909,12.7002
2873,83.6426,2.6346,17.1178,42.0075,12.9397
2874,89.3114,4.61588,16.9894,45.0277,12.928
2875,69.6634,3.42151,13.234,33.5915,12.4794
2876,69.9452,2.94668,19.9799,23.6659,16.0243
2877,90.5136,2.84752,16.4035,48.822,12.6845
2878,91.437,2.84868,17.3068,47.5774,13.2258
2879,61.0205,2.66202,10.9672,28.0336,12.1198
2880,59.0597,2.48265,12.6486,23.0199,13.5058
2881,78.229,5.39025,12.4736,40.6043,12.6763
2882,65.4074,2.62119,14.1329,29.7509,11.5779
2883,70.7919,2.79706,11.9235,37.501,11.631
2884,90.063,2.65181,19.6141,46.176,12.8568
2885,62.3937,2.80639,13.0269,25.7119,13.1669
2886,77.3607,2.74281,15.4387,38.6318,13.1917
2887,76.4361,2.5439,12.457,40.6347,13.5662
2888,91.1036,2.51619,17.6189,48.3127,13.5391
2889,82.8361,3.20306,16.9375,40.2386,13.1683
2890,69.4767,2.58794,14.9256,30.1977,13.3751
2891,65.4276,2.48119,12.359,30.604,12.9478
2892,79.1174,3.19635,20.7306,35.0717,12.6571
2893,63.509,2.79269,15.8371,25.2141,12.2724
2894,93.9109,2.58152,16.2667,53.1505,13.0219
2895,64.5412,2.95981,13.5764,28.9203,12.0734
2896,68.3013,3.17972,16.8483,27.9169,13.2978
2897,72.3957,2.75973,14.6882,34.6045,12.9773
2898,76.3784,3.09835,17.2318,35.3386,13.2585
2899,69.0608,2.4774,12.4453,33.6732,13.5096
2900,76.1229,2.71043,14.2924,39.4855,12.8297
2901,70.7303,2.63285,11.3014,37.2274,12.7329
2902,74.5365,2.4106,11.0547,40.7236,13.1132
2903,64.916,2.64248,10.4495,32.1081,13.1059
2904,66.864,2.95135,14.3443,30.3949,12.6938
2905,77.31,2.68623,12.9204,34.9662,18.1695
2906,75.3966,3.00793,10.5279,37.8557,16.4898
2907,76.9489,2.62556,13.0841,41.3883,11.0237
2908,58.4174,2.61565,9.53333,24.6022,14.872
2909,66.3355,2.65035,12.0163,31.115,11.0092
2910,74.4441,2.6451,14.496,37.6918,10.1639
2911,65.5238,2.44123,12.6361,31.5056,10.5332
2912,82.6463,2.72298,20.3342,40.2698,10.966
2913,71.4265,3.01931,13.1083,34.5444,12.3855
2914,83.3436,2.94406,24.0063,34.6211,11.0485
2915,81.4367,2.68068,12.8574,40.3395,16.9116
2916,93.5078,2.51006,14.3193,45.394,22.102
2917,92.4575,2.60485,18.5796,45.3153,13.1993
2918,97.4771,2.43598,13.8552,58.9167,11.9279
2919,75.8619,2.62264,16.3239,37.5483,12.6571
2920,91.5222,2.41731,20.5527,46.0258,12.7513
2921,71.6785,3.38914,12.8548,35.8657,12.2799
2922,75.4818,2.99452,14.9504,37.1615,12.83
2923,69.0629,3.7613,12.3222,34.3219,11.9078
2924,69.9151,2.48935,12.3359,34.9772,13.2381
2925,81.0045,2.95397,20.1517,37.2758,12.1385
2926,63.1654,2.48935,10.544,30.5719,12.9306
2927,60.7531,2.23736,10.1187,30.159,10.994
2928,67.6693,2.1939,12.2738,26.1891,20.1385
2929,77.7483,2.74923,15.4314,38.1193,12.5882
2930,77.6693,2.37094,13.852,32.5121,20.0598
2931,87.3657,2.43131,21.3836,43.1182,11.9387
2932,80.9009,2.30444,15.8219,41.5067,11.6949
2933,85.289,2.53748,15.2007,45.4737,12.9009
2934,73.8535,2.37065,17.4086,33.4542,13.7278
2935,75.1939,2.54681,10.4177,42.9117,12.4789
2936,75.0682,2.23182,10.6317,41.5718,13.7219
2937,69.1098,2.4071,11.4916,35.2322,13.0012
2938,73.896,2.47273,15.3214,34.0515,15.037
2939,85.3596,2.38815,20.6959,41.2859,12.2761
2940,76.7383,2.32748,10.4182,44.2373,12.9365
2941,60.1082,2.5681,10.4007,28.1462,11.7993
2942,62.823,2.41498,9.61821,24.0436,17.6891
2943,55.8989,2.25806,10.5332,25.4223,10.5078
2944,68.5478,2.14665,9.95858,35.6609,13.579
2945,56.5995,2.75156,11.3749,24.6351,10.9549
2946,87.5165,3.23689,16.6374,48.1546,11.0424
2947,57.5763,2.56898,12.5941,23.3512,12.135
2948,65.9642,2.41615,12.8169,29.788,13.8103
2949,83.7076,2.38902,15.2348,43.9672,13.1112
2950,65.3004,2.63985,13.6012,28.2923,13.9567
2951,66.89,2.53135,9.98133,31.6648,16.052
2952,80.3185,2.19973,13.8077,44.8991,12.389
2953,67.1983,2.31786,11.498,32.2604,13.4685
2954,73.3285,2.33798,10.5148,29.8282,23.5577
2955,57.3855,2.66202,9.37,25.2969,13.2611
2956,84.6334,2.4109,17.1956,41.2702,14.7929
2957,66.8153,2.69585,9.42659,32.3864,14.4129
2958,65.2704,2.44502,10.9631,25.882,14.1629
2959,51.3939,2.49635,10.2257,20.9587,10.8587
2960,60.3278,2.34002,12.5419,25.8493,12.4094
2961,69.5243,2.32981,14.1107,33.6834,12.5769
2962,66.0246,2.4774,11.5896,34.1224,11.2425
2963,59.4724,2.66639,9.69083,28.5192,11.2235
2964,73.5204,2.24844,13.0692,34.5879,12.1469
2965,60.5232,2.59844,10.5629,27.0058,13.0794
2966,72.1128,2.45202,11.9921,37.751,12.0941
2967,53.1832,2.66581,10.1487,21.1707,12.2371
2968,75.6729,2.98956,20.4048,33.7695,11.7083
2969,80.0569,3.2471,17.5468,37.935,12.711
2970,87.811,2.64773,15.4544,47.3429,12.6845
2971,72.0597,2.22306,13.3282,34.8084,11.5817
2972,55.4696,2.38581,13.1797,21.3717,11.7602
2973,69.5039,3.1876,14.2694,33.315,10.5752
2974,70.1881,2.32252,13.2938,35.646,11.3026
2975,77.8708,2.67748,16.9953,38.495,11.4997
2976,83.9048,2.22511,15.1374,47.2756,10.8779
2977,77.9808,8.53118,12.9213,38.9474,11.1194
2978,58.1503,2.45552,12.4153,23.6729,12.4074
2979,87.1458,2.40448,15.4547,48.3731,12.457
2980,89.993,2.42723,18.4422,47.975,12.3572
2981,62.5658,3.33868,13.0254,27.4637,11.5843
2982,95.1607,2.4281,22.459,48.789,12.4815
2983,72.8175,2.60894,15.4083,34.5257,11.7902
2984,72.0935,2.59406,17.3788,33.0911,12.198
2985,78.2261,3.14385,18.2649,36.2191,11.5231
2986,74.433,2.49723,16.6111,31.778,12.1219
2987,68.5889,2.73523,14.5456,31.8139,11.1842
2988,65.0548,3.2471,14.7022,29.2,10.3602
2989,63.819,2.41323,11.9617,30.0216,11.8777
2990,86.8462,2.18777,12.711,51.3113,11.6301
2991,62.2516,2.58764,13.4241,28.8902,10.8963
2992,85.4071,2.54973,14.2933,46.7599,11.4513
2993,77.2828,2.36044,13.2031,43.1205,10.0875
2994,75.8651,2.29685,12.3234,40.5816,13.4565
2995,81.2964,2.3059,14.6383,42.6614,12.9018
2996,68.6015,2.66348,11.4892,34.4814,12.8802
2997,80.3266,2.63402,14.5433,42.1291,12.0583
2998,72.4666,2.35869,10.1613,40.1382,13.1386
2999,79.4024,2.58181,14.4531,40.9042,12.2805
3000,92.2551,2.43306,18.1765,50.1651,12.3432
3001,77.0921,2.74777,15.8,38.2716,11.8028
3002,97.1326,2.33011,15.5057,50.0134,11.2553
3003,73.8217,2.70373,15.6676,35.1455,11.8524
3004,79.2384,2.35285,17.7667,38.7333,11.6012
3005,73.0412,2.44531,14.5269,35.4497,11.5094
3006,60.7195,3.09397,12.7075,23.152,12.7492
3007,67.2231,3.91705,17.7618,24.9752,12.6387
3008,68.215,2.41906,13.9812,30.5728,13.2827
3009,82.1907,2.43481,13.1062,45.1747,12.8991
3010,94.6296,2.30094,17.1671,47.1668,13.1091
3011,76.8681,2.52873,15.133,39.1556,12.8595
3012,72.8288,2.44969,17.2257,32.8528,13.1724
3013,75.8616,2.82185,17.9846,33.546,12.9286
3014,82.5847,2.3409,19.2837,38.3139,13.2278
3015,78.6251,2.59698,12.3905,37.3989,15.3036
3016,64.4762,5.259,11.0051,23.4647,14.4972
3017,79.2046,2.24698,15.9803,39.0139,13.0596
3018,118.306,4.979,25.2867,58.6627,18.3687
3019,78.157,2.24581,22.7985,31.8754,12.1239
3020,75.6434,2.39135,10.6061,35.3961,16.6791
3021,85.87,4.78971,17.4567,44.1195,12.6708
3022,84.3178,2.58998,19.0906,41.5866,12.3759
3023,91.3991,2.6311,16.3702,48.4005,13.5178
3024,90.0997,6.4624,16.2749,44.3085,13.8275
3025,64.9752,2.28256,10.674,27.8358,15.6924
3026,88.7169,5.09042,20.0884,34.1702,18.5997
3027,77.4013,2.16181,14.4184,38.3177,13.8727
3028,85.2272,2.4809,10.8193,53.0633,11.9789
3029,105.694,5.3917,22.1423,56.6517,11.4598
3030,81.6003,2.57831,16.7456,40.3039,12.9099
3031,90.8143,2.68885,15.1651,49.4105,12.4628
3032,88.4174,2.59289,17.7454,45.0047,14.0156
3033,71.9311,2.43364,10.9132,32.9811,18.2121
3034,88.4457,2.16648,18.6904,46.2474,12.1341
3035,76.9398,2.51823,14.6996,37.2948,12.7341
3036,76.5863,2.61594,11.1013,42.6606,12.7769
3037,60.884,2.42023,11.5805,26.5417,13.5335
3038,75.2727,2.65239,13.5857,36.5044,12.5684
3039,71.8961,2.5051,14.0209,34.069,12.2986
3040,83.2547,2.40594,17.4226,35.1992,15.9138
3041,77.1105,2.32485,12.8886,39.057,12.3368
3042,81.0786,2.7641,17.0568,38.4994,14.3726
3043,56.5554,2.46048,10.681,21.6966,12.5871
3044,91.3746,2.63314,14.3,48.7158,16.0552
3045,96.29,2.63489,10.128,64.9492,12.8484
3046,79.1157,2.63198,10.5445,47.6366,12.3797
3047,81.8838,2.24436,13.8325,44.6351,12.6611
3048,69.7512,2.22948,10.7079,35.7359,14.2178
3049,85.1741,2.44473,13.969,47.6229,12.4205
3050,65.4614,2.38406,10.4063,32.5655,12.3097
3051,60.8872,2.49402,9.51204,28.99,12.8863
3052,79.5459,2.51764,17.4835,38.4903,11.5152
3053,56.9743,2.74193,9.2023,24.8416,13.2529
3054,86.3647,2.82243,21.4671,28.966,25.6714
3055,59.2536,2.73027,8.84705,30.1435,10.9269
3056,54.9011,2.64014,12.9423,22.1534,10.5489
3057,65.14,2.5366,11.0885,34.1562,11.2025
3058,100.314,2.88923,15.9663,59.1145,13.3063
3059,93.2593,2.51473,15.7644,42.9283,17.1554
3060,85.4465,2.51181,16.3049,44.9201,12.6235
3061,97.492,2.44794,14.1968,55.4381,14.4861
3062,111.305,6.13107,24.3825,56.269,13.6986
3063,68.7587,2.41848,9.8075,35.9564,12.0869
3064,64.4729,2.31698,11.2667,28.7365,13.3369
3065,70.2132,7.6731,13.0858,27.7425,14.8127
3066,75.4334,2.10815,10.8505,39.7678,12.6393
3067,75.7843,2.4841,13.9162,35.7936,15.0712
3068,75.0991,2.3724,19.9796,31.4318,12.7583
3069,75.2004,2.57102,14.5284,35.9383,13.6618
3070,81.9454,2.41585,15.3815,38.406,15.7583
3071,75.1904,2.34819,14.8539,36.1363,12.8344
3072,76.7316,2.60865,11.0042,37.3062,18.9722
3073,76.5347,2.6381,13.7665,36.876,14.0675
3074,86.4557,2.36948,14.8445,38.6633,21.7179
3075,81.9804,2.49956,13.0703,41.3904,15.6638
3076,69.6748,2.48031,11.8001,29.5304,18.2873
3077,63.3401,2.76731,10.9902,27.8396,12.1254
3078,71.1462,2.46281,11.7625,32.4173,12.9729
3079,82.8796,2.82827,13.7345,42.8338,13.4726
3080,66.8553,3.39876,12.7559,29.2239,12.1277
3081,58.9462,2.46865,10.5215,26.8987,11.8684
3082,83.8648,2.68652,15.9704,44.2309,12.0233
3083,69.8722,2.55498,11.8308,36.5251,11.4522
3084,60.9826,2.67894,12.0472,27.723,10.9847
3085,78.7476,2.66114,18.3576,39.1442,11.9008
3086,75.4436,2.73843,11.3093,36.7106,17.6396
3087,77.6016,2.60923,17.1974,37.8166,12.1554
3088,57.8498,2.58852,13.563,22.0667,12.7863
3089,67.3628,2.79706,10.3558,36.7427,11.0421
3090,84.512,2.51969,10.5221,53.9109,10.7863
3091,71.8404,2.48994,9.68646,42.0198,11.1284
3092,77.9604,2.43569,15.3873,40.17,11.2247
3093,70.4754,2.61448,16.2976,32.1414,11.0456
3094,85.6828,2.34294,14.2113,50.0388,11.0649
3095,70.0379,2.56315,10.6236,40.2791,10.4859
3096,93.7391,2.61623,14.6392,50.8032,10.9739
3097,76.6257,2.40885,12.9225,43.6397,10.3958
3098,69.6602,2.42723,18.7213,32.2458,9.91629
3099,81.0199,2.5786,12.9773,44.7842,12.0842
3100,77.8685,2.52581,14.6296,41.4615,11.4408
3101,77.8848,2.51269,12.3196,43.9433,10.8764
3102,70.1601,2.53194,10.7044,38.4731,12.0134
3103,79.1285,2.36423,19.1276,39.1323,10.6262
3104,88.7992,2.29248,18.7531,46.2285,12.0647
3105,63.8196,2.53719,11.0727,33.2757,10.5994
3106,111.869,2.42723,14.0821,77.7174,9.95975
3107,74.7567,5.20446,13.9433,36.6254,10.9024
3108,107.843,4.4753,18.0158,53.7832,11.0246
3109,86.9063,2.34877,13.7173,51.2827,10.8222
3110,61.0637,2.54914,10.2575,27.4914,13.6169
3111,64.5844,2.3161,9.64504,33.0776,12.1035
3112,75.0271,2.41556,14.6217,37.5208,11.6549
3113,59.487,2.5576,9.95596,29.1612,11.2407
3114,72.7924,2.27848,12.9706,39.424,10.705
3115,63.6954,2.78102,11.1996,31.2454,10.4031
3116,81.4968,2.2919,10.7662,51.0021,11.694
3117,79.482,2.44852,22.4188,35.2024,11.4359
3118,74.8075,2.34848,11.6444,30.1508,23.6394
3119,81.5432,2.59464,13.5595,46.745,11.1101
3120,83.798,3.22085,23.9179,38.3404,10.1467
3121,67.4438,7.77664,10.6901,30.4757,11.2139
3122,98.3086,2.42869,13.8325,65.2855,10.1654
3123,80.0977,3.24389,13.9564,45.2435,9.83346
3124,65.4553,2.49694,16.43,28.6169,10.5422
3125,87.5022,2.62206,13.5758,51.0074,12.1233
3126,82.839,3.88701,20.5157,38.1686,11.1352
3127,77.2843,3.32264,13.2523,40.3838,11.8882
3128,64.2784,2.55148,12.401,28.7161,12.5328
3129,73.9147,2.71218,15.1493,36.4857,11.7803
3130,76.1544,2.48994,22.2397,31.8209,11.031
3131,73.8739,3.06685,14.9825,35.8613,11.2419
3132,83.4547,3.99755,16.9579,42.0527,11.7377
3133,80.3622,2.45231,15.4034,42.7273,11.2717
3134,62.0801,2.44152,17.9408,23.0811,11.5794
3135,70.6816,2.76731,17.7131,32.4613,11.1763
3136,64.5957,2.43306,10.31,31.4936,13.5318
3137,56.6444,2.60894,9.89266,26.0897,11.2127
3138,85.1659,2.4351,13.1494,45.6379,11.1401
3139,79.6646,2.45581,13.045,43.3048,11.9066
3140,71.5397,2.54856,10.691,31.0421,19.8384
3141,78.5787,2.79093,12.7982,37.1043,17.5725
3142,85.4547,2.44735,23.108,38.521,12.0664
3143,58.9996,2.38523,10.4553,25.4949,12.4517
3144,54.3557,3.12868,12.3476,21.1185,10.8852
3145,66.0304,3.1386,14.5573,28.7219,11.3134
3146,84.3627,2.41644,21.7217,39.8827,11.8964
3147,61.1766,2.97935,11.6946,27.0416,11.8547
3148,63.07,3.02689,13.8742,27.5363,11.7896
3149,56.2028,2.62469,10.6096,23.516,12.4339
3150,71.822,2.42781,9.9965,40.5524,12.0848
3151,60.5679,2.59756,11.1812,26.3659,14.1297
3152,75.9526,2.45231,15.4985,30.6268,18.3203
3153,78.0356,2.45173,13.0418,39.9358,13.5076
3154,91.7546,2.56927,19.1425,43.4588,17.163
3155,77.6588,2.50481,13.6003,39.2341,12.8688
3156,71.2398,2.4771,11.4467,27.5392,22.8633
3157,56.9075,3.00268,12.1271,20.877,11.696
3158,75.0117,3.45534,16.1462,34.5721,11.1894
3159,68.0832,2.77081,13.1468,32.7215,11.0838
3160,56.9678,2.34119,11.5216,24.9597,10.7916
3161,77.3068,2.45085,16.0829,39.4677,11.2378
3162,85.9741,2.71394,25.156,39.6278,10.3704
3163,68.3812,2.73056,14.272,31.6686,11.0549
3164,82.6369,3.29114,15.5475,43.0094,11.3676
3165,76.7762,2.69381,15.5816,39.1577,11.2626
3166,75.0504,3.52826,14.8294,37.7244,11.1862
3167,73.7222,3.06627,14.6413,36.9101,10.8327
3168,60.9666,2.56489,12.7478,26.2938,12.8201
3169,68.313,2.63839,14.9971,31.2052,10.7709
3170,63.5872,2.63577,10.0295,31.6001,12.548
3171,61.5058,2.83148,10.8388,28.3982,11.8973
3172,65.2179,2.52639,12.949,27.5827,15.2561
3173,58.1549,2.87027,11.7786,25.7125,11.1704
3174,69.8868,2.56898,12.8306,33.9185,11.7217
3175,54.5572,2.50073,10.4092,24.6937,10.3229
3176,80.8432,2.79648,22.0046,36.5826,11.218
3177,77.2041,4.15884,17.0851,36.4819,10.9884
3178,76.3291,4.61938,24.6722,29.5952,10.8353
3179,62.6521,2.95222,13.0141,28.966,10.7429
3180,81.8666,2.63869,13.4308,46.6415,11.218
3181,61.7214,2.43452,8.78697,34.6377,9.685
3182,82.8647,2.34352,15.1216,41.0036,10.3045
3183,58.4262,2.50627,9.56046,28.0135,11.1095
3184,60.7814,2.4631,9.40209,25.6729,15.2858
3185,75.3829,2.62264,13.1879,38.8648,12.5048
3186,53.1616,2.44444,11.4012,20.3687,11.7194
3187,74.7118,2.61856,14.1723,37.8242,11.6998
3188,59.881,2.76148,11.2752,26.6986,11.4411
3189,69.6316,3.61518,14.4849,33.0146,10.5871
3190,84.4339,2.43802,18.3425,45.203,10.1409
3191,79.603,4.81771,15.3923,40.0557,11.1092
3192,80.0291,6.28215,18.0143,36.5388,11.1413
3193,71.577,2.65589,12.6416,37.4202,10.644
3194,70.1648,4.33705,13.122,31.7334,11.6928
3195,60.413,2.66639,12.4882,28.185,10.611
3196,85.2389,2.38552,17.4404,45.1455,11.465
3197,93.5536,2.60573,16.6765,49.6946,15.2704
3198,76.3084,3.23047,12.4619,35.7122,17.3461
3199,66.7226,2.4669,14.1483,30.7577,11.1929
3200,83.5729,2.5156,17.9849,41.4606,13.2112
3201,80.224,2.39077,14.6649,43.0998,11.7946
3202,74.3671,2.49315,20.8289,33.0911,11.0532
3203,74.0643,2.50831,9.6465,43.9027,11.3014
3204,83.4472,2.58444,10.4395,53.0593,10.8353
3205,61.0342,2.3514,9.48113,31.9156,10.5294
3206,72.5891,2.71481,11.2684,39.5645,11.8185
3207,73.8298,2.48789,15.1059,35.6551,11.5692
3208,71.4682,2.42461,11.8433,32.6034,17.4856
3209,59.3032,2.66552,10.3351,25.4605,13.9051
3210,110.421,2.99189,18.5758,42.5827,38.2838
3211,72.2359,3.93193,14.0725,35.4392,10.8864
3212,68.3684,2.5614,9.56454,35.3943,13.4874
3213,73.4594,2.61214,12.7414,34.9224,15.8665
3214,57.2933,2.61419,9.33325,27.6054,10.6749
3215,55.0192,3.79018,10.1721,25.093,9.61558
3216,80.3045,2.77898,19.6634,37.4348,11.9804
3217,74.8437,3.79718,12.4436,38.8083,11.5861
3218,82.4505,2.42519,22.4544,36.8798,12.1073
3219,71.1025,2.50714,15.378,31.9585,12.4972
3220,88.6458,4.13171,18.1036,46.1696,11.7091
3221,79.2017,2.47069,15.1248,40.7694,11.8561
3222,71.9579,2.51881,15.0525,33.0517,12.2006
3223,86.4478,2.34644,14.1571,48.1724,12.0761
3224,76.1556,2.37356,11.6047,40.5209,13.2739
3225,82.3406,2.82564,13.2465,42.03,15.3491
3226,89.6106,2.65677,13.973,47.0845,16.4137
3227,76.0573,2.75273,14.258,36.4306,13.1608
3228,60.5177,2.7991,12.0729,26.5365,12.3587
3229,79.2793,2.40156,13.8934,35.8024,17.2977
3230,106.932,5.29225,29.8475,51.2051,11.8774
3231,59.9956,2.10552,10.8388,23.3288,15.4005
3232,106.129,2.37181,18.4186,48.8753,16.1025
3233,67.9773,3.9888,15.0738,27.3295,12.5961
3234,89.8836,2.18106,11.3877,55.9832,12.856
3235,89.3994,9.44904,18.9742,35.4142,14.3528
3236,85.1572,7.05506,14.524,43.1129,12.2729
3237,54.1224,2.31377,10.3999,22.7037,12.1324
3238,67.7583,2.8131,13.4014,30.8231,13.409
3239,89.1614,2.3514,15.5699,50.2234,11.6613
3240,80.5886,2.45727,20.73,36.7605,11.9851
3241,61.8628,3.12314,10.7889,28.9232,12.0962
3242,85.0554,2.78014,19.6876,40.6478,13.2914
3243,61.3533,2.52669,12.2318,26.948,12.1863
3244,69.4759,2.86531,14.692,33.868,11.4026
3245,81.969,3.10593,15.3695,45.0189,11.6514
3246,70.784,3.30135,12.0309,38.0622,10.7706
3247,88.1727,2.7326,24.7801,40.6014,11.7191
3248,89.0095,2.88543,25.0945,39.0664,12.8402
3249,101.627,2.48556,15.7262,57.6311,15.327
3250,87.0238,2.90848,18.5501,43.0094,13.955
3251,62.6206,2.55206,11.57,21.9658,18.6368
3252,61.9629,2.41381,11.2504,27.7793,12.6422
3253,66.4889,2.48964,10.621,34.4977,11.8281
3254,80.9814,2.95193,11.939,46.3466,12.4832
3255,70.9272,2.77606,15.5037,31.0727,12.8041
3256,61.1745,2.74544,12.7145,25.0957,13.1756
3257,65.4946,2.8761,12.366,30.6559,12.5174
3258,76.414,2.52552,19.7495,34.3849,13.0948
3259,65.959,2.66231,11.4312,29.6019,14.7235
3260,72.0375,2.4529,15.8875,33.4489,12.9712
3261,99.0614,2.49577,15.3515,59.6488,11.7512
3262,82.2207,2.23969,22.5637,35.2351,12.9149
3263,71.8278,2.53427,12.6702,36.6823,12.7734
3264,84.694,2.3059,19.3187,40.7933,12.9198
3265,79.1956,2.73435,13.5948,41.8267,12.2283
3266,68.2095,2.40477,10.5997,35.7417,12.0198
3267,90.0577,3.05081,14.7865,44.5712,17.1329
3268,83.5492,2.45406,18.2299,40.7259,13.2188
3269,70.6906,2.60048,10.4955,34.3184,13.6805
3270,82.6856,2.71014,16.1162,40.464,13.8896
3271,60.6895,2.31406,10.2628,27.1671,13.6359
3272,86.2034,2.27702,13.6904,44.4038,16.092
3273,61.8803,2.43044,10.3115,26.7194,15.2634
3274,69.7553,2.4981,12.1665,33.334,12.8962
3275,80.5725,2.38406,15.072,41.8707,12.3739
3276,76.4192,2.11632,19.7477,31.1238,13.4664
3277,66.2334,2.32631,10.3544,33.3267,11.2816
3278,80.0805,2.29598,11.269,45.8589,13.5802
3279,61.003,2.35023,10.11,28.0563,12.8531
3280,72.6982,2.26594,11.5627,38.5236,12.6845
3281,76.7459,2.31873,13.7954,36.9331,12.8143
3282,84.6328,2.4354,15.614,44.0072,12.8245
3283,59.3049,2.5159,10.3153,26.7112,12.5042
3284,82.8714,2.4806,14.6902,43.9036,11.4574
3285,64.1504,2.4704,10.9044,32.0641,11.4111
3286,65.1239,2.53427,10.7353,29.3195,15.9179
3287,76.346,2.33623,16.3562,37.2735,11.8652
3288,86.9436,2.59873,21.0322,42.2951,12.5351
3289,71.0164,3.08814,18.7371,29.041,12.8822
3290,75.1347,2.81777,10.8064,41.7748,12.1843
3291,76.1098,2.55614,14.0885,36.8821,12.9683
3292,70.3826,2.97673,15.3523,33.49,11.6132
3293,66.2364,3.33897,11.5887,32.9624,11.4948
3294,83.7394,2.52435,16.6811,42.1108,12.7308
3295,71.7797,2.79677,17.2531,30.1274,12.7606
3296,83.1777,2.42752,17.7798,40.4407,12.0635
3297,73.9885,2.74048,15.9619,35.6361,11.4163
3298,81.8751,3.10797,11.7199,46.9999,12.9012
3299,106.476,2.81164,14.5217,50.6364,22.8918
3300,72.2236,1.7634,10.5912,35.6781,17.6355
3301,71.8401,2.16211,10.1172,40.4459,12.2986
3302,93.5635,4.8425,24.2606,36.2419,16.2031
3303,69.039,2.06032,10.1942,38.913,11.4752
3304,77.758,1.76574,10.413,43.7415,15.1219
3305,81.9594,2.33477,14.2837,44.5669,11.5091
3306,67.1962,2.45231,11.6112,35.4944,11.2743
3307,61.2751,2.45435,10.7475,24.5307,15.2677
3308,73.3947,2.65764,12.9242,33.7059,16.556
3309,75.3856,2.35373,15.1569,36.6954,12.4864
3310,60.8829,2.1169,11.8987,23.9275,14.8489
3311,58.5145,2.67894,10.9097,26.6838,11.512
3312,57.3779,2.58181,10.9546,23.8217,13.1456
3313,77.216,3.36289,15.1616,37.7026,12.415
3314,72.0168,2.52435,12.6154,37.8081,12.935
3315,94.1536,3.45593,16.6584,52.2992,12.8326
3316,104.042,4.75383,18.2672,57.0446,12.3473
3317,85.2604,1.89523,14.0395,48.0902,11.6505
3318,111.663,4.58759,21.0882,65.3698,12.0087
3319,77.5818,2.17377,15.2998,41.4376,10.6443
3320,98.4857,2.4841,22.5112,52.0548,11.533
3321,81.6304,2.2884,13.5455,44.748,13.1508
3322,86.0147,4.53305,21.3962,40.4597,10.5594
3323,79.874,2.0224,14.9387,41.6969,12.548
3324,103.107,2.27877,15.4007,61.1521,15.1511
3325,53.8234,2.30531,10.877,22.9306,10.9677
3326,70.4809,2.58356,9.55463,36.5901,15.1811
3327,94.2594,2.55206,15.7426,49.7696,16.3828
3328,85.1094,4.82354,15.2675,45.4465,10.3751
3329,88.6163,1.9734,16.5164,49.8253,12.0206
3330,100.885,9.1218,24.3939,46.3148,11.7412
3331,82.8805,2.15336,15.9074,37.2992,17.7527
3332,95.4952,2.3931,19.1279,49.6733,14.0124
3333,80.3745,2.60748,10.2494,48.9086,12.1102
3334,75.6702,2.32748,9.98279,35.9406,20.8327
3335,84.4843,2.53602,15.5486,47.1851,10.6177
3336,88.3667,2.16736,15.1951,50.9438,11.0062
3337,91.6397,2.2391,13.7835,55.3272,12.4299
3338,74.7818,2.43189,15.0283,39.0037,11.6281
3339,73.4976,2.77956,17.4745,32.6463,12.058
3340,75.9135,2.2534,16.9194,35.3494,12.8207
3341,83.6376,2.46135,16.3285,44.1183,12.142
3342,91.3524,2.5124,15.0216,53.5475,12.016
3343,67.4637,2.88981,16.738,28.9506,11.9967
3344,92.0938,2.48089,23.5977,43.3355,13.4361
3345,78.2885,3.34218,15.8864,38.9593,11.6855
3346,73.95,2.65706,14.8174,36.4857,11.5913
3347,84.4219,2.62906,16.9127,44.3341,11.7622
3348,91.8526,2.28052,19.3423,41.9005,19.0133
3349,69.288,2.72619,10.6052,36.8025,12.2379
3350,93.9456,5.0875,19.8667,47.8417,12.4754
3351,79.3405,2.07519,14.8469,34.5161,11.6978
3352,79.7547,3.29668,13.4069,37.9598,17.7049
3353,61.9489,1.84478,9.27638,32.7469,11.2419
3354,95.8137,1.92848,14.3044,47.2709,13.9065
3355,74.6754,5.091,13.122,34.377,15.432
3356,87.6483,2.13294,15.8216,49.1256,11.309
3357,85.4862,2.52319,15.6933,47.9225,11.0121
3358,89.5867,2.56402,22.0046,46.1407,10.6839
3359,51.7255,3.0406,10.931,20.4147,10.7496
3360,82.6253,2.2569,14.4762,44.2886,12.751
3361,61.3679,2.23152,9.7305,31.8841,11.6208
3362,83.7105,2.62235,17.3715,46.8462,10.1934
3363,73.504,2.50044,12.2951,39.9802,10.5495
3364,67.3161,2.4389,10.8487,32.3176,14.05
3365,78.4358,2.33215,14.085,42.1003,11.6806
3366,73.7945,2.19011,11.1349,40.205,13.8415
3367,60.9645,2.44064,10.2301,26.1909,13.7992
3368,94.1772,2.67456,10.1986,62.7597,12.2974
3369,74.6742,2.38902,9.80546,40.0484,15.5682
3370,62.4686,2.63285,12.0481,26.6447,13.0884
3371,73.0111,2.25136,11.421,37.9761,14.19
3372,61.3011,2.39894,10.1814,25.7992,16.2585
3373,75.9132,2.70489,14.6025,39.0337,11.0736
3374,67.5812,5.32841,17.8041,23.8715,12.6107
3375,59.5079,3.14851,9.9265,27.8872,11.8086
3376,78.5816,4.03109,22.5871,32.3409,12.6684
3377,62.6766,3.16018,12.8951,27.4952,12.3578
3378,68.3407,4.89617,17.7938,25.2855,14.3152
3379,77.2849,2.86706,15.3083,39.2501,11.4644
3380,62.2677,2.62556,12.1326,27.1767,13.0298
3381,75.0157,3.44835,11.8859,40.2925,12.2995
3382,92.608,2.60485,17.2207,50.0942,12.7023
3383,86.4221,2.24231,14.4295,48.336,12.9021
3384,86.2993,2.70081,14.9656,47.6632,12.0685
3385,60.9496,3.11264,11.8124,27.2732,11.7479
3386,89.3382,2.33186,27.3143,40.4541,10.9952
3387,78.3174,6.95823,13.6292,39.3481,11.2521
3388,86.2366,8.88147,13.4801,44.9061,11.6012
3389,66.6403,5.5317,18.8867,23.2068,11.7529
3390,87.0565,2.3441,22.3733,41.2813,12.172
3391,61.5598,2.5051,11.8109,22.6678,14.1863
3392,97.4797,6.50265,23.4863,42.0597,15.4681
3393,62.429,2.06002,11.8077,27.9668,11.6254
3394,167.629,2.22306,21.8564,121.191,13.3483
3395,77.0116,5.37158,16.6616,34.3245,12.8516
3396,56.2886,2.22131,10.5737,21.3977,14.0183
3397,67.3727,2.43102,12.6993,33.7272,11.6418
3398,82.1452,2.40594,18.2427,40.4273,12.4062
3399,62.2006,2.56169,12.7247,26.6356,12.3759
3400,84.6328,2.58589,22.2321,38.9252,11.6523
3401,80.9237,8.53497,12.2026,41.8322,10.9485
3402,93.2474,2.42169,17.0014,51.2915,12.6606
3403,107.529,2.57744,13.8934,61.9075,17.858
3404,68.9016,2.16152,12.543,27.8796,18.0648
3405,71.7593,2.20148,9.95858,31.4539,19.6045
3406,94.4998,5.41125,19.3452,37.6101,19.16
3407,68.1949,2.11136,10.6417,35.5909,12.5489
3408,74.0646,1.82903,12.2651,22.6713,29.3175
3409,100.298,4.90754,21.0141,48.9529,14.1898
3410,71.4945,1.85265,10.5378,39.8804,12.0737
3411,84.96,2.40623,12.8933,45.112,14.1058
3412,116.888,10.1633,27.0705,57.4526,12.2091
3413,76.7164,2.23531,13.4294,37.9572,12.9382
3414,56.2156,3.02398,11.9889,24.578,9.86496
3415,70.1411,3.1806,12.6296,35.4127,11.0237
3416,80.5378,2.80756,18.3845,40.4194,10.2957
3417,77.2971,3.51747,15.1788,37.9965,11.7179
3418,68.5571,2.5786,15.7849,31.8413,10.8887
3419,72.8799,2.59785,13.2523,36.6698,11.0299
3420,82.8886,4.77979,19.951,37.2175,12.0971
3421,75.1385,3.23076,13.8908,35.716,12.7247
3422,61.1745,2.77868,10.4699,27.7443,12.298
3423,85.4273,3.01697,18.2882,43.537,11.4426
3424,99.2256,2.76235,24.9682,48.2302,12.3249
3425,66.7409,2.71627,11.0818,33.535,11.8646
3426,89.7506,2.79123,16.1576,47.8364,12.6288
3427,80.2526,2.63752,15.25,36.2638,17.0244
3428,74.2198,2.36831,15.2797,31.7325,14.1329
3429,72.0104,2.51619,13.4755,34.7346,12.2735
3430,88.868,5.73208,23.2821,38.5945,12.0635
3431,90.1193,2.16181,16.1976,52.3111,10.7916
3432,114.897,2.88456,19.2078,67.0209,13.0703
3433,78.2281,6.44724,19.524,29.8372,11.8585
3434,77.0924,1.99965,17.0329,36.0415,11.3046
3435,83.8047,2.36248,11.0652,39.2014,15.6323
3436,88.0091,4.79408,19.4733,41.3807,12.7058
3437,62.0314,2.42373,11.5333,22.765,17.2201
3438,99.1699,4.87342,15.0875,45.0808,22.4296
3439,65.7394,2.29219,11.645,30.9021,13.1479
3440,73.8202,2.14227,12.2627,37.835,13.5787
3441,79.7926,5.18608,14.2268,28.5075,16.0162
3442,89.7596,4.91512,14.8343,49.7614,12.1303
3443,59.447,2.20906,10.8864,26.7541,12.1093
3444,85.3867,2.42752,10.917,45.2689,17.3502
3445,100.633,5.30771,20.9887,53.6895,11.2929
3446,86.9935,2.41527,16.1247,49.0792,12.0346
3447,89.3376,3.06422,21.5887,38.9243,13.2786
3448,92.2347,1.8789,13.595,50.2534,12.8764
3449,57.0874,2.37881,10.4305,20.0653,15.1339
3450,131.442,5.03383,18.248,85.9257,12.1283
3451,77.6127,2.82185,16.1092,36.2804,12.3018
3452,85.7866,2.66435,18.1488,43.5991,11.521
3453,81.4531,5.73091,12.2516,43.6624,12.2091
3454,71.0718,2.31319,18.4177,30.3211,12.7936
3455,61.2471,2.4844,11.7086,26.7835,12.5016
3456,67.3178,2.31319,12.0434,33.084,12.2341
3457,68.5472,2.45435,14.7935,31.9014,12.4506
3458,74.0611,2.3514,11.092,38.6954,14.2848
3459,66.7698,2.73494,10.4912,33.3115,12.7737
3460,70.1837,2.55789,10.1587,37.0396,13.6178
3461,79.1565,2.31931,9.57184,45.0703,15.2351
3462,88.635,2.15773,18.0948,45.7971,11.0129
3463,64.7223,2.58385,9.53654,34.8623,11.1757
3464,83.2523,3.2818,14.6025,40.8263,11.9559
3465,88.7018,2.30648,12.5871,55.4063,10.8595
3466,77.7787,2.41323,14.069,42.464,11.7657
3467,95.1476,2.30911,15.7729,54.9472,12.7189
3468,77.7559,2.74106,13.712,35.786,17.4246
3469,87.2207,4.47471,22.8262,35.9578,13.0123
3470,79.195,9.24867,14.3776,33.9535,12.8189
3471,84.9892,2.05273,15.2059,39.2128,14.0226
3472,127.354,2.68244,29.1358,68.6032,16.0538
3473,74.9472,1.97573,11.6336,40.8385,12.8233
3474,99.4974,2.72677,11.5633,57.3607,15.1721
3475,97.195,10.0866,19.2116,42.1312,16.8806
3476,61.8663,2.42256,10.9284,28.0771,12.3698
3477,83.2162,2.6241,14.664,41.4738,12.9239
3478,103.022,2.30619,17.5882,53.0864,12.0069
3479,78.9354,2.6066,10.9301,45.0251,12.3438
3480,89.1982,2.40973,20.5722,44.3583,13.1339
3481,93.3623,2.75185,13.6828,55.91,12.0527
3482,63.2929,3.36464,13.9173,23.7228,13.2068
3483,69.0635,2.40185,9.97083,37.8504,12.0101
3484,98.5597,2.3934,13.2421,61.3621,12.4546
3485,80.9149,4.76988,16.1048,38.7304,11.9644
3486,81.2748,2.57394,15.1062,43.4072,12.8767
3487,95.6472,3.5968,17.3082,50.8067,13.6636
3488,75.9181,2.42577,11.2784,38.5557,15.4982
3489,66.8941,2.3616,11.1506,33.5685,12.5314
3490,91.7167,2.42927,15.9167,49.2046,14.314
3491,80.0417,2.86618,13.8745,37.2668,17.0192
3492,90.8511,2.43277,23.3075,42.5978,13.5758
3493,71.3186,2.78598,10.4845,35.6574,15.6078
3494,87.7804,2.56489,15.1353,48.6242,12.2082
3495,68.7902,2.73173,10.9934,33.0715,15.0828
3496,88.0155,2.54185,12.2429,45.7522,10.653
3497,56.4531,3.23601,8.86017,23.1902,12.6816
3498,84.0311,2.74164,19.2778,40.8315,11.365
3499,91.1838,2.55439,19.5581,47.443,12.7031
3500,99.6969,3.02777,23.9448,50.3269,12.4237
3501,71.2956,2.9636,11.3676,38.4256,11.409
3502,73.4507,2.41469,13.8718,35.3179,13.8228
3503,81.0036,2.53719,10.716,48.2964,12.1942
3504,86.0698,2.37123,16.2789,45.3517,12.5923
3505,89.4286,4.31109,18.369,45.1592,12.4237
3506,96.4029,5.2065,23.7222,41.5441,13.8893
3507,71.458,2.16123,10.194,38.0202,13.1441
3508,125.626,2.7886,29.7623,58.0619,14.881
3509,80.5512,2.4211,15.427,40.8374,12.1458
3510,98.2552,2.30911,22.6066,45.8738,15.6207
3511,91.2512,9.27609,18.5557,40.8855,12.865
3512,76.5047,2.83206,15.4786,37.5074,11.4484
3513,71.4172,2.76993,11.3332,37.6766,11.8847
3514,64.4452,2.72852,11.0815,29.361,12.5512
3515,79.7182,2.4736,14.5056,36.6841,12.2554
3516,56.5105,2.44794,11.0975,22.2875,13.4288
3517,69.4347,2.49956,12.2304,34.9233,12.13
3518,72.9933,2.69031,12.8837,36.3921,13.3501
3519,86.3052,3.74876,20.3132,41.1926,12.4202
3520,64.7629,3.3556,13.1926,28.1304,12.2703
3521,60.5632,2.61127,11.4825,26.1833,12.8563
3522,80.9021,2.54564,13.0943,45.3007,12.5086
3523,64.9574,2.88689,13.5589,29.2816,12.2091
3524,78.6402,2.42402,13.894,43.0543,12.0699
3525,67.2321,2.28344,13.8584,31.9086,11.8576
3526,87.5313,2.61827,12.1723,52.4786,12.8831
3527,67.3747,2.76789,12.7626,32.0734,12.0729
3528,65.4748,2.52669,9.87866,29.3047,16.0185
3529,68.1873,2.49285,10.6332,34.4403,13.4063
3530,66.344,2.33623,10.7201,30.7,15.3961
3531,82.5246,2.64714,18.8476,40.0732,11.9019
3532,82.9172,2.31815,14.3373,41.1331,15.9969
3533,88.143,2.44852,14.6739,51.2352,11.1115
3534,82.0142,2.61594,17.0323,37.7332,12.737
3535,93.9827,2.44269,14.2026,55.7385,12.8356
3536,85.8295,3.9888,13.1506,43.0272,17.1303
3537,85.5754,3.36406,15.9024,44.5371,12.5751
3538,91.7645,2.74573,20.3235,39.7987,12.9102
3539,89.5409,2.50248,15.3655,42.7711,13.563
3540,96.9366,2.36248,29.2277,43.1325,12.779
3541,98.2007,3.10826,14.9892,56.696,13.0826
3542,80.5247,2.88252,22.0644,35.8289,12.3196
3543,83.0919,2.62031,20.6314,38.6551,12.1682
3544,87.7545,2.28927,15.6886,49.3035,11.3854
3545,74.7839,2.92393,12.5719,40.5623,11.589
3546,73.5055,3.0196,19.225,31.7821,12.2569
3547,90.1158,2.82302,22.4368,43.2558,12.1814
3548,78.5008,2.4701,13.5846,42.3234,11.0415
3549,105.479,3.14706,18.1156,54.9501,19.3595
3550,81.5528,2.43948,12.7968,43.8642,14.7917
3551,79.9775,2.3931,11.3845,44.9408,13.8806
3552,69.7582,2.66902,10.8808,33.4647,14.3105
3553,91.3037,2.3059,17.0545,50.4935,12.4503
3554,99.4689,2.33681,15.7146,60.3651,11.9582
3555,75.8957,2.79823,22.9449,29.9577,12.4826
3556,69.9997,2.59844,13.2696,31.6969,14.4371
3557,93.6927,9.832,15.2377,47.8676,11.6718
3558,60.8432,2.79152,10.8266,28.6053,10.8134
3559,62.074,4.91425,13.3503,26.9988,9.89617
3560,76.4166,2.34936,12.3082,42.6422,12.1688
3561,76.7106,2.69964,16.885,35.7732,11.7377
3562,68.2803,2.32952,13.9176,31.9174,13.1491
3563,74.0559,2.29277,11.7345,40.0449,12.7728
3564,85.6171,2.3759,11.4525,51.7543,12.6116
3565,89.8457,2.77927,14.935,49.3426,13.1937
3566,95.7542,3.68488,18.5309,50.9963,13.0307
3567,58.4577,2.55323,12.4605,22.5418,13.3451
3568,101.691,2.44648,23.5781,53.2092,13.7356
3569,65.1937,2.39486,12.6979,31.421,9.69725
3570,92.2995,2.4911,14.6033,53.3445,12.702
3571,65.9677,2.4106,10.9266,32.7192,10.3596
3572,75.7965,2.38202,14.832,34.5934,13.2888
3573,80.7102,2.79677,14.6891,38.7674,13.8418
3574,130.385,5.07612,25.6361,63.0954,16.2679
3575,97.4421,7.3199,20.8298,38.2923,20.744
3576,99.6404,2.33681,18.0482,49.3038,13.0123
3577,83.1561,5.19891,16.267,33.9258,19.0929
3578,96.7196,1.95707,15.2409,57.2382,12.8154
3579,79.7777,3.20306,18.4463,35.0957,13.5927
3580,93.8567,2.74806,18.1097,46.4143,13.4361
3581,74.0486,2.85627,15.3202,32.9079,13.5043
3582,103.102,2.85423,15.1091,54.3265,19.2507
3583,95.0919,2.54185,15.0015,52.7043,14.5666
3584,78.6764,2.75448,11.9043,37.5168,19.2793
3585,114.599,2.45581,14.8588,74.0541,13.4093
3586,106.73,2.77635,16.3067,63.8383,14.3636
3587,88.1607,2.47448,15.2491,44.9064,13.6023
3588,83.915,3.07706,18.0832,42.9303,12.9295
3589,86.8518,2.46048,15.089,46.1255,12.6019
3590,95.6647,2.50277,13.3953,57.996,13.2873
3591,80.0009,2.93968,15.0604,43.5154,10.3698
3592,74.9189,2.74018,21.0832,35.7887,8.37864
3593,81.6689,3.78463,22.0481,37.0285,9.7235
3594,79.2262,2.94172,18.3162,38.1707,10.5906
3595,81.1815,2.64656,14.6999,43.644,11.2594
3596,80.03,2.81631,11.848,47.2225,10.4322
3597,105.967,3.01231,21.759,58.0038,13.5426
3598,72.3881,2.52406,11.3069,32.7594,17.8361
3599,64.393,2.48848,10.1686,30.5687,13.4131
3600,80.5784,2.68244,21.3807,37.592,11.1139
3601,81.3387,2.73114,13.2383,46.5957,10.5947
3602,88.0966,2.37794,17.0005,49.1399,10.7102
3603,67.5833,3.50347,10.926,30.0122,15.1155
3604,64.0637,2.66027,9.54063,31.5875,12.9828
3605,62.3246,2.3896,13.3932,25.9342,10.4037
3606,86.0322,2.79998,14.8807,47.9601,11.9789
3607,80.247,2.59085,13.2162,39.9204,15.5195
3608,75.959,2.45348,16.2728,33.2016,15.0394
3609,61.0354,2.65677,9.62667,29.022,10.8502
3610,77.1834,2.44298,14.3578,39.3962,10.2537
3611,86.2801,2.4354,12.4398,49.1431,12.0635
3612,81.8911,3.03126,16.988,39.7063,13.031
3613,76.6511,2.54652,13.0876,39.2011,12.5456
3614,83.9535,2.5611,17.7332,41.4064,11.736
3615,70.9578,2.56315,9.741,40.3926,11.1891
3616,89.0223,2.37765,13.763,42.0632,21.6896
3617,66.3664,2.65998,13.4168,30.6043,11.6252
3618,54.0812,2.56752,10.877,22.7253,9.68908
3619,81.6776,2.41702,12.9942,43.7625,13.3279
3620,127.397,4.93933,25.3453,62.9499,17.2633
3621,76.2573,3.34131,16.2419,35.9642,12.0008
3622,84.1031,4.25421,20.987,38.1695,11.8885
3623,61.3673,3.12401,11.2224,29.3522,10.3217
3624,63.9832,2.38348,11.5356,32.3913,10.4223
3625,79.6646,2.5194,14.552,41.6925,11.7599
3626,94.1568,2.37823,14.988,54.6039,13.2774
3627,63.0353,3.06656,14.8454,25.203,12.6162
3628,69.3026,2.35752,13.8231,33.8753,11.8984
3629,88.0572,2.54215,14.8192,48.9847,12.5174
3630,92.4631,2.41994,16.1486,50.4445,11.6701
3631,78.4533,2.56781,16.1769,37.7527,12.6197
3632,84.7474,2.6031,19.7098,42.079,10.7834
3633,75.1476,3.59884,15.2861,36.8491,10.9928
3634,65.0464,2.45231,15.014,29.2428,10.5367
3635,78.642,2.92422,14.4625,40.6335,11.3239
3636,83.3293,2.4386,14.9259,46.4921,10.6043
3637,75.9607,3.87213,12.9009,40.7117,11.099
3638,88.6041,4.74188,16.6832,46.8197,11.073
3639,117.246,3.53409,16.6456,67.6296,14.6605
3640,99.6888,4.57563,19.006,51.8847,11.4959
3641,77.7381,2.15569,13.3958,41.2988,11.8699
3642,104.836,2.30036,18.1689,60.1837,12.9983
3643,65.464,2.47098,17.1633,26.6187,11.7398
3644,85.1225,2.85977,19.6407,37.3701,11.8022
3645,77.7518,2.91402,23.2486,31.9156,11.3877
3646,69.6882,3.18351,11.9769,31.2113,15.0822
3647,89.1399,2.5436,15.8324,49.2863,12.1609
3648,101.796,2.27206,16.7783,59.3644,11.89
3649,82.5033,2.48352,15.882,41.8287,13.1196
3650,63.7464,2.27177,12.9922,26.8071,13.1246
3651,54.6074,2.32631,9.43446,24.6351,10.821
3652,72.0017,2.2779,13.1237,36.8859,12.0804
3653,72.7542,2.36802,13.7362,37.3963,11.8066
3654,64.4788,2.54302,13.1045,28.3935,12.8621
3655,85.9736,2.5471,14.8717,47.8119,11.8191
3656,69.1119,2.12448,11.0392,35.021,12.6845
3657,56.4711,2.39981,10.6306,19.5686,16.1229
3658,93.9325,2.18632,19.8002,49.1737,13.6134
3659,90.4287,2.20294,15.5577,50.3862,12.5906
3660,90.1365,2.13615,17.163,47.1927,13.5805
3661,65.3526,3.80126,14.3834,25.8794,13.3871
3662,66.3793,2.38698,12.6404,30.0105,13.8272
3663,83.9092,2.32573,14.732,43.815,12.9123
3664,96.9853,2.24611,14.2533,57.3103,12.9651
3665,66.106,3.94767,12.5471,29.1693,12.8376
3666,89.2379,2.17582,27.8262,36.6692,12.0104
3667,62.7154,2.92568,16.115,23.5586,12.3846
3668,85.4106,2.50219,14.4114,47.634,11.3277
3669,80.6801,4.23642,17.7973,38.1065,11.4784
3670,75.1094,5.08925,22.6369,25.8872,12.7915
3671,68.894,3.71347,14.2466,30.6253,12.4783
3672,79.001,3.2713,16.6978,39.5704,12.0081
3673,65.3065,2.34469,11.7905,31.6167,11.6645
3674,83.9019,2.45202,10.9097,50.5259,12.4013
3675,83.1593,2.4109,14.2087,45.7236,11.8124
3676,70.0227,2.23269,11.3361,36.8684,11.9658
3677,105.92,2.8201,14.7468,65.8298,12.772
3678,87.4984,2.39398,24.6666,38.5268,11.3475
3679,95.7644,2.3234,14.0961,50.5011,19.6946
3680,110.624,2.39573,17.8606,68.957,11.722
3681,70.7079,2.54098,10.5104,38.0508,12.305
3682,91.7934,2.44123,18.4743,50.3468,11.2011
3683,82.041,2.2114,15.6055,44.0145,10.8616
3684,88.6014,2.83935,15.3891,49.414,11.7086
3685,54.6631,2.56869,11.6278,21.7576,11.4799
3686,79.5858,2.3584,20.5299,36.8806,10.7592
3687,61.2352,2.41556,9.87779,30.875,10.9549
3688,73.9666,2.61798,11.5712,37.2578,14.9877
3689,82.6395,2.37677,14.463,44.3035,12.7378
3690,91.2673,2.49577,16.4432,46.1174,11.2766
3691,67.4109,2.40915,11.2369,35.1324,11.7127
3692,86.8433,2.50102,20.6268,42.3091,12.3278
3693,77.7749,2.56198,10.7843,45.5425,11.9521
3694,89.0066,2.36452,13.1144,51.6155,12.3173
3695,72.8084,2.49665,18.7625,33.2488,10.616
3696,67.0212,2.42461,12.7413,32.9248,12.2283
3697,64.6144,2.2289,10.6901,31.8521,12.9481
3698,84.7664,2.58677,17.4721,43.9905,11.4289
3699,62.0314,2.37006,9.51059,26.162,15.9657
3700,85.1152,2.82302,17.8125,41.5575,13.8258
3701,81.1631,2.81018,13.773,42.7618,12.8959
3702,95.0904,2.17261,15.308,56.3087,11.7374
3703,78.3425,2.39019,15.9555,39.0993,11.885
3704,81.7567,2.4319,11.7147,47.2855,12.3855
3705,80.5069,2.18457,15.3631,43.4906,10.9572
3706,90.7041,2.98139,19.4916,46.6934,11.8704
3707,56.801,2.72064,11.6946,22.5421,12.1951
3708,80.623,2.41615,18.8823,37.4637,12.4261
3709,94.2603,4.38663,12.69,57.6576,12.2149
3710,88.1765,2.84664,19.6943,42.128,13.1596
3711,67.4036,2.31465,11.3481,33.619,12.6819
3712,71.6733,2.29773,11.2367,38.3664,12.2292
3713,59.5639,2.28227,10.4165,26.5029,12.9341
3714,70.653,3.1071,10.2383,37.2038,12.912
3715,69.8827,2.45406,11.7476,35.7682,12.1697
3716,72.9195,5.497,12.6807,34.1717,12.5398
3717,93.0928,2.43627,10.6242,59.7576,12.9613
3718,121.423,4.81654,22.4966,72.8997,11.5837
3719,62.2341,2.17844,10.9981,29.4135,12.242
3720,98.7543,4.71592,15.2001,47.7498,19.7812
3721,58.67,2.27673,11.08,24.8772,13.1993
3722,86.4752,1.94802,18.3652,41.7366,13.3229
3723,99.4662,4.83638,14.4348,60.1662,12.9922
3724,70.7294,5.67841,11.8874,30.7992,14.7252
3725,94.9034,2.3616,18.2838,47.9726,14.5669
3726,80.9803,7.01802,16.6214,31.1072,14.0877
3727,69.6929,2.12623,14.0918,32.669,11.3787
3728,66.4566,2.23735,9.91279,23.9929,17.8423
3729,70.1391,5.23333,13.2211,32.5553,11.6844
3730,96.8316,2.1064,21.1973,38.6662,25.147
3731,92.7571,4.97579,15,44.1206,17.6804
3732,82.7559,5.14904,14.7594,40.3316,15.4188
3733,52.585,2.20469,9.74129,20.9368,11.8264
3734,69.2962,2.29306,10.8648,35.8029,13.1001
3735,93.2617,7.62031,19.7923,44.1757,11.5444
3736,87.328,2.16269,15.8207,49.5389,10.9316
3737,122.319,5.67024,27.7763,50.7379,21.0593
3738,99.4592,2.17056,24.4963,50.7639,11.6179
3739,85.8831,2.44473,17.3021,42.5579,14.1606
3740,88.4632,5.56933,21.2839,43.7202,10.8549
3741,77.597,2.2324,15.8511,37.6258,12.5725
3742,90.1592,2.79269,12.8618,47.6603,16.8074
3743,80.5681,3.97276,14.1136,40.485,12.3251
3744,68.5536,2.22044,10.3051,35.7455,13.1328
3745,62.3931,2.30181,10.1205,31.3845,12.0822
3746,69.3329,3.05168,12.0457,36.7054,10.9575
3747,58.8619,2.95368,10.4961,28.0071,10.4903
3748,68.4011,3.70384,11.841,35.3159,10.6875
3749,57.636,2.20761,11.2425,25.9342,11.2434
3750,82.9073,2.30911,20.1382,39.3332,11.6692
3751,65.1274,2.45144,11.2868,32.2114,12.529
3752,86.4501,2.26944,27.2254,36.6173,11.4227
3753,93.3839,2.34965,14.0215,57.0367,11.2384
3754,79.6859,2.50277,11.8316,44.3522,12.8268
3755,68.2459,2.25048,10.8356,36.5502,11.934
3756,73.6134,2.27031,10.6081,42.2525,11.8489
3757,57.6953,2.37998,10.6787,25.051,12.0218
3758,77.1848,2.56052,10.4964,44.2379,12.4751
3759,82.4625,2.58239,14.2218,44.3554,12.1434
3760,86.9258,2.56052,18.7231,45.1826,11.6135
3761,78.4235,2.44852,14.9924,41.9786,10.5489
3762,69.5427,2.37765,10.7131,34.1533,14.3636
3763,86.6721,2.63956,15.9537,47.7877,11.6208
3764,91.3346,2.31056,15.1963,51.64,12.3911
3765,75.3651,2.24698,12.5678,40.5515,12.2196
3766,91.7398,2.53514,16.2991,52.6495,11.2915
3767,78.0374,3.00852,17.8828,36.5691,11.9244
3768,85.4124,2.55498,19.7562,41.1643,12.326
3769,73.1978,2.69002,14.288,35.457,11.9136
3770,65.7306,2.64889,10.8435,29.0422,15.5515
3771,69.0509,2.79823,12.7889,34.4143,11.862
3772,77.1143,2.36131,22.457,32.7857,12.2193
3773,73.6385,2.59464,11.0465,40.5273,12.1268
3774,61.4811,2.50306,13.9996,26.9028,11.2291
3775,78.402,2.4774,16.1944,40.7055,10.4675
3776,66.2492,2.28111,10.8161,33.2372,12.6282
3777,66.5187,2.37415,15.7443,32.1478,9.14367
3778,81.7424,2.31261,22.8927,37.3254,10.0067
3779,80.2383,2.52931,12.9516,46.6386,9.69579
3780,54.3318,2.4421,9.45721,21.0932,13.7429
3781,79.6194,2.59931,14.6302,40.1047,11.7275
3782,89.503,2.46398,9.80779,58.787,11.6412
3783,101.481,2.57131,15.138,63.0018,11.4889
3784,69.4858,3.41218,12.0927,32.1166,13.1628
3785,76.9215,2.45114,10.7607,45.3532,11.3157
3786,95.2219,2.48789,15.9558,54.396,13.0992
3787,69.4015,2.59202,11.2553,35.9021,11.8701
3788,84.617,4.68354,16.6709,43.264,12.5909
3789,58.0808,3.22756,12.688,22.2934,12.1049
3790,92.7256,2.19069,15.7192,53.0103,12.8262
3791,77.4459,2.89273,18.4189,35.3643,11.8036
3792,94.3332,3.66243,19.5841,51.2098,11.0783
3793,56.7266,3.05722,9.713,25.8452,11.2682
3794,78.4524,2.47185,21.7299,32.9901,11.6097
3795,68.9891,3.84938,12.0107,34.2142,11.5832
3796,78.2634,4.58904,12.891,41.5759,12.0037
3797,71.9279,2.39952,12.9499,36.4,12.3671
3798,77.4739,2.59756,13.0709,41.6444,12.5605
3799,76.9425,2.88135,16.3653,37.2056,11.5161
3800,83.1502,2.81952,16.2002,42.2406,12.6655
3801,86.1801,2.46631,21.5531,41.4627,11.9346
3802,85.4051,2.31902,16.7958,42.6573,13.4271
3803,60.7516,2.7151,11.3904,27.4543,11.6394
3804,100.316,2.70314,16.2133,56.7876,13.6895
3805,101.74,2.67106,19.2373,57.0273,13.4361
3806,71.7042,2.58123,10.009,33.4886,13.1348
3807,65.1619,2.5821,10.5533,31.8798,12.7311
3808,66.3306,2.46865,9.63571,34.3006,11.1529
3809,74.1524,2.49956,13.717,36.5589,12.3931
3810,55.7259,2.39398,12.4952,23.8036,10.5119
3811,62.4042,3.25614,10.6382,30.7411,10.3156
3812,85.5638,3.61051,26.1013,36.8801,11.9113
3813,101.084,2.44181,22.6923,50.9269,15.35
3814,71.6488,2.22277,14.4283,33.7245,12.4672
3815,80.4069,2.38465,14.9198,42.1636,11.3676
3816,81.0561,4.85329,15.4643,34.8346,17.9225
3817,91.9363,2.38027,19.6625,47.5914,13.4408
3818,114.714,4.98367,19.7355,64.5914,14.517
3819,71.78,2.06615,14.7185,36.0421,11.9492
3820,90.8368,3.92609,19.9959,44.0101,13.3398
3821,82.9925,2.40681,19.3601,38.8421,13.0913
3822,82.5255,2.62906,18.3506,38.2783,12.7816
3823,73.9392,2.70635,15.7919,33.7289,11.5674
3824,73.6496,2.24698,13.5146,37.4258,11.0897
3825,58.85,2.56373,9.87633,25.8724,13.2745
3826,62.433,3.09514,17.3803,23.8555,11.0544
3827,77.9193,2.38494,12.6926,44.032,11.7791
3828,108.658,14.7565,22.7594,48.0103,13.0318
3829,91.7482,2.6871,10.8537,56.5648,13.5539
3830,97.7617,2.89739,15.3162,59.3954,13.3512
3831,101.482,2.38494,22.8997,52.9543,13.4276
3832,83.1141,2.4456,18.2859,39.0705,13.9278
3833,75.8875,4.19938,14.0699,36.9381,13.1281
3834,79.253,2.94027,17.7796,39.0147,12.2531
3835,74.8746,2.90527,12.7696,39.0407,12.4914
3836,78.313,2.86852,20.0204,30.7542,16.9714
3837,84.7772,2.84139,21.8384,38.5003,12.7734
3838,97.0095,6.31482,20.8152,41.9253,18.1368
3839,80.56,2.12769,15.7644,41.136,11.8366
3840,98.476,5.56087,18.0555,47.2228,18.6026
3841,73.3005,2.16794,10.7983,35.9009,16.5872
3842,80.3993,1.90807,11.0853,47.8466,13.0639
3843,69.1183,2.44881,10.9397,36.5598,12.5678
3844,76.6558,2.47069,11.5875,43.189,12.6652
3845,65.2467,2.7501,11.2991,28.6548,15.3372
3846,67.4293,2.54798,11.4338,32.0618,14.6876
3847,58.0791,2.42577,11.6972,22.5923,13.8053
3848,78.3468,2.30735,11.6345,41.5234,14.0285
3849,80.6411,2.60514,14.8565,37.9855,14.9915
3850,68.0992,2.43365,11.9559,31.6774,14.844
3851,64.8772,2.4599,10.9502,29.2364,13.2941
3852,83.3885,2.35869,10.6746,47.3391,13.5423
3853,83.1106,2.58677,14.5963,39.6372,16.5487
3854,95.2721,2.31465,17.9735,49.8556,14.2265
3855,69.6803,2.41148,10.4089,36.0491,13.0202
3856,71.9533,2.35373,10.8129,35.765,15.6414
3857,90.2167,2.64714,16.6992,49.0439,11.9571
3858,89.6535,2.50773,29.9525,36.0094,12.6579
3859,81.4458,2.71043,14.956,42.6778,10.2817
3860,90.7647,2.4529,18.9833,47.0306,12.6967
3861,67.03,2.63256,11.7721,32.4091,12.9242
3862,90.1196,2.45406,20.1496,45.5932,12.6702
3863,85.5072,4.63659,18.278,40.7318,12.4097
3864,101.987,2.84898,26.1031,44.2834,13.7563
3865,94.5881,4.81829,21.141,45.4422,13.8686
3866,75.5638,2.55148,12.3925,37.1353,16.687
3867,103.9,4.94779,24.9224,46.6342,15.1651
3868,79.7168,4.87633,21.1667,35.7531,10.8995
3869,69.9956,2.18019,14.5809,34.5861,11.9839
3870,90.9736,2.48789,11.2057,45.9071,18.4201
3871,62.4815,6.66978,11.6601,25.0204,11.8623
3872,62.7183,2.94172,16.9413,25.448,11.0993
3873,60.224,3.21647,12.0046,27.1044,10.8931
3874,88.229,2.64131,15.6787,48.731,11.9641
3875,60.4757,2.5334,12.1379,27.0877,11.5178
3876,85.8805,2.84343,14.5284,47.3097,11.1375
3877,55.6215,2.45931,11.5029,23.663,11.3571
3878,92.454,2.3756,10.2864,60.9126,11.6479
3879,72.4322,2.56344,13.325,37.4893,12.1367
3880,93.775,2.6731,16.995,52.2995,12.4167
3881,81.0648,2.47623,16.4119,39.6471,13.1374
3882,86.5566,2.60048,18.5834,42.9563,12.9018
3883,67.3537,3.20772,11.3271,32.9073,12.2426
3884,73.5685,2.77781,12.2187,40.1651,11.2302
3885,60.0329,2.7431,11.6628,26.5817,11.7573
3886,74.5902,3.24185,17.709,35.1085,11.6225
3887,72.5232,3.19226,15.4442,32.4558,12.0854
3888,85.9345,2.36948,17.5806,45.8697,11.4306
3889,85.1989,2.3861,15.1765,47.1703,12.0367
3890,75.7589,2.58648,15.4395,39.533,11.1325
3891,77.5824,2.79881,18.2725,35.9056,12.025
3892,79.8562,2.62031,17.2872,41.262,11.5525
3893,78.8625,2.73143,16.6645,40.2167,10.6659
3894,60.0359,2.50306,11.3093,26.9005,12.0571
3895,80.5154,6.69282,16.4321,36.2699,12.4406
3896,66.4586,2.58327,12.8916,31.647,12.0653
3897,67.268,2.56315,16.5934,29.4135,11.6383
3898,62.4523,2.30706,11.5969,26.6689,12.1551
3899,60.3634,2.33244,12.1615,26.267,12.6673
3900,83.9054,2.43015,15.9365,44.7687,11.5659
3901,87.1635,3.05897,16.8445,43.7823,12.7836
3902,95.3704,2.45494,19.916,50.8067,12.6941
3903,78.2287,2.3024,14.1959,42.1046,10.7948
3904,84.1124,2.46748,14.7804,46.4732,10.8167
3905,68.0143,4.30525,13.1211,32.6953,10.9925
3906,66.0226,2.55439,13.5703,30.3395,11.9101
3907,68.6857,2.41265,8.98559,39.1755,11.4633
3908,96.9463,2.41819,15.0137,60.9389,9.98512
3909,67.5211,2.58385,11.0987,35.7586,11.2442
3910,69.2711,2.2744,9.59225,33.3678,16.2833
3911,61.5163,2.67719,9.83696,30.1476,11.5829
3912,81.192,2.44531,14.8868,38.304,11.731
3913,81.3574,2.65152,16.3644,40.0747,12.5967
3914,82.5509,2.55731,17.8017,33.6697,10.7913
3915,83.0905,3.02252,20.9911,39.4426,10.5075
3916,116.342,2.5086,25.2826,61.2162,11.3769
3917,70.8015,5.72624,18.0359,28.3935,11.3956
3918,67.0218,2.2429,16.2381,28.7315,11.451
3919,84.6797,2.97381,16.3539,44.7632,11.7497
3920,81.8305,2.59581,17.3292,41.1092,11.9731
3921,75.3826,2.64948,13.913,38.8129,11.1077
3922,69.3265,2.75827,12.086,34.9994,11.8343
3923,82.7133,3.28355,15.1998,43.2745,11.6975
3924,85.8216,2.7396,17.9954,37.5418,11.9737
3925,58.5688,2.69702,10.5136,26.4475,11.7707
3926,68.5227,6.17453,11.4869,31.5671,12.0492
3927,79.6223,3.82255,15.3902,38.4664,12.4704
3928,77.7664,3.05372,12.8557,37.7836,15.8134
3929,59.3534,3.87767,13.549,22.3712,12.3704
3930,80.1376,2.57685,12.7877,44.3712,12.8991
3931,65.6659,2.4526,12.1854,31.2127,12.8679
3932,90.7099,2.4074,13.6283,54.2793,11.2559
3933,63.5609,2.51094,18.3288,23.5026,11.8716
3934,92.6827,2.77227,26.4119,41.9702,11.9749
3935,82.4488,2.45785,14.9,44.2577,11.9591
3936,95.7653,5.67112,18.4338,52.0883,10.6778
3937,69.2347,2.58356,14.1903,34.3085,10.6921
3938,87.324,4.71271,13.7245,51.4137,8.96109
3939,100.613,2.82068,15.2365,51.2868,17.0504
3940,77.2201,1.97602,10.9179,42.7898,14.9443
3941,106.869,2.08686,12.0195,69.5788,12.5637
3942,111.385,5.8782,22.695,63.1963,10.9427
3943,67.6524,2.00782,13.4542,32.7854,10.7507
3944,73.626,2.57685,11.64,36.9938,14.7979
3945,73.7067,2.67223,11.3233,38.096,11.5852
3946,74.7824,2.89798,11.3682,37.7072,15.0948
3947,56.9197,2.96331,11.8815,21.9311,11.6841
3948,72.1866,2.33623,12.6996,36.2956,13.1748
3949,83.7205,2.6416,15.2362,44.9008,12.1361
3950,73.2205,2.44064,11.4335,40.252,12.0807
3951,65.2946,2.55935,12.697,31.2626,11.8232
3952,98.5209,2.40769,14.7066,59.4703,13.1275
3953,76.288,3.81293,12.2018,42.1105,11.108
3954,78.6583,4.23438,13.0546,38.5239,15.196
3955,73.0216,4.10663,15.049,34.6722,12.0297
3956,78.6618,2.57919,18.3629,36.6114,12.0638
3957,78.1313,4.11421,13.3766,41.0243,12.1814
3958,87.6162,4.72846,17.7486,41.7191,12.1729
3959,83.623,2.72268,17.219,42.2207,12.4342
3960,63.801,2.96331,11.7132,29.0547,12.4039
3961,61.8095,3.62859,16.8859,21.4405,12.0134
3962,77.128,2.52552,11.8704,41.2763,14.085
3963,67.8802,2.33011,15.8904,30.9327,12.1866
3964,81.1722,2.36569,10.6428,49.6724,11.5377
3965,84.9699,2.50481,13.8129,46.7888,12.065
3966,80.6521,2.32602,11.4668,47.781,12.4622
3967,59.9749,2.55673,12.4447,28.3524,10.2491
3968,54.8991,2.37852,9.84483,22.4812,13.0791
3969,78.1742,2.65035,14.1513,41.2795,11.5132
3970,74.1451,2.55906,10.478,36.6459,16.3834
3971,63.0566,2.90381,11.857,27.0632,13.6995
3972,64.7022,2.58006,12.8933,28.194,13.0135
3973,58.9401,2.44969,10.5031,26.7392,11.9649
3974,84.7617,2.4001,21.003,39.7562,11.6336
3975,70.8788,2.57831,10.8149,39.0445,11.4919
3976,61.3822,2.4736,9.93962,29.372,12.3709
3977,75.4392,2.79327,17.445,34.6121,11.9483
3978,85.2024,3.55976,16.465,40.5789,12.1245
3979,86.3836,2.56548,16.2151,41.6747,11.3717
3980,66.036,2.3374,13.2448,31.3061,12.1761
3981,60.6965,2.67019,10.5384,29.7605,10.6233
3982,65.0093,3.40839,13.7243,29.6719,11.0777
3983,58.1363,2.83847,13.7528,23.4725,11.4437
3984,135.998,2.91781,32.4333,70.4602,22.8539
3985,60.7732,2.46573,9.24546,31.4641,11.1039
3986,75.3383,5.32783,16.064,31.3116,11.1296
3987,68.4938,2.0819,9.958,39.5441,10.266
3988,55.7061,2.46223,10.2269,24.5351,10.8499
3989,62.2604,2.87143,10.8785,31.3603,10.4229
3990,71.5595,2.42869,13.2658,35.9377,12.4777
3991,82.1224,2.4844,14.6275,45.5299,10.7901
3992,93.7896,2.48148,17.6291,53.4609,11.3874
3993,99.1533,2.47069,17.1256,53.8899,13.0552
3994,105.892,4.90142,13.4215,57.5439,20.061
3995,57.2181,2.03348,9.25188,28.4973,10.863
3996,90.5431,2.57977,19.0573,49.9854,10.3972
3997,93.7181,5.48183,22.8326,42.9009,12.1233
3998,98.6919,6.80365,20.8464,47.7594,12.1738
3999,43.4425,2.25486,8.9818,16.2124,10.0099
4000,79.2761,2.59756,14.1959,46.0255,9.20755
4001,78.1529,3.17564,12.3141,44.9942,10.7735
4002,90.2421,2.64102,15.2409,53.3124,11.9431
4003,72.7116,5.49904,16.309,31.0897,12.4972
4004,60.2537,2.55323,10.3789,27.4246,12.4564
4005,66.4373,2.72268,11.8445,33.2445,11.6709
4006,58.2494,2.79152,12.2041,23.7651,12.1242
4007,65.4139,3.16135,12.214,31.4315,12.0912
4008,66.6167,2.48235,10.5819,34.0597,12.2834
4009,92.4374,2.38902,21.813,48.5574,10.7265
4010,90.4739,2.50948,14.699,49.7089,12.1534
4011,58.5431,2.54448,12.5561,24.1979,12.0061
4012,76.9929,2.32631,9.38429,47.2338,11.4878
4013,71.8602,2.52056,10.6857,39.6579,12.0889
4014,86.4743,2.39748,17.4713,42.2989,12.228
4015,75.6052,2.43715,13.3127,40.0472,11.6039
4016,67.1568,2.46106,9.69988,29.314,18.8748
4017,75.4486,2.66085,12.6676,33.1797,17.7238
4018,80.7344,2.51677,14.8454,42.9683,10.5667
4019,79.9956,2.80056,12.6083,42.9478,15.1178
4020,78.6782,2.38494,18.3559,36.8999,11.4962
4021,65.9505,2.54535,13.5041,28.7975,11.743
4022,60.1105,2.35198,9.72787,25.9018,13.2806
4023,73.6268,2.52115,14.0818,33.1468,11.2489
4024,74.6328,2.60019,9.91075,41.906,11.218
4025,80.5547,2.5156,14.4429,41.393,13.0794
4026,62.8081,2.42052,10.6344,25.9015,16.3737
4027,98.1508,2.65035,14.3645,54.61,15.5886
4028,100.799,2.39165,16.8754,58.8689,13.2337
4029,82.1472,2.57423,18.8748,37.4736,13.383
4030,71.2404,2.74923,10.6644,36.4854,13.8269
4031,70.0461,2.53981,10.9989,37.4543,11.9492
4032,65.266,2.90177,12.8498,29.6515,11.5333
4033,72.3683,2.52785,13.7887,32.1484,14.8031
4034,72.1895,2.52465,10.4538,38.0724,12.5235
4035,77.1551,2.47448,14.4502,38.6379,12.5818
4036,65.6486,2.62935,10.1875,34.1116,11.5546
4037,85.7181,3.39993,14.6727,45.5606,11.486
4038,102.018,5.07904,25.9657,50.3622,11.2929
4039,60.7119,2.35577,9.77688,26.3271,14.8757
4040,121.243,2.4669,20.2269,70.8537,14.2128
4041,76.3991,10.0595,19.5176,26.9813,11.9113
4042,91.8439,3.02485,27.6279,40.6982,11.4884
4043,81.8214,5.59703,16.3819,36.3676,13.5248
4044,91.0608,1.83603,14.2332,51.8789,13.5574
4045,66.8978,2.24786,11.9959,31.4624,11.4079
4046,104.19,4.6395,13.4186,59.7772,19.4517
4047,80.2033,1.89232,16.1862,42.2954,11.2819
4048,111.636,2.36073,16.4367,69.3913,12.5281
4049,74.3697,5.68862,17.5284,31.0319,12.6162
4050,80.5611,2.58852,13.0543,42.6081,13.7409
4051,70.6352,4.17255,13.5539,34.1407,10.3272
4052,85.6647,2.57189,17.2814,45.4352,11.4677
4053,106.292,3.88963,12.9598,54.3522,18.9958
4054,85.9919,2.07052,22.2624,34.489,10.3077
4055,59.6622,2.11777,9.21105,29.4041,11.1109
4056,116.702,4.56454,22.5526,61.7966,11.8194
4057,76.3524,1.85265,14.0638,40.9391,10.9987
4058,84.4441,2.30444,16.4621,45.5702,11.1293
4059,100.291,2.5716,16.5931,59.755,11.2973
4060,87.5153,4.47967,17.1014,41.7316,14.7302
4061,64.8372,2.02998,10.9558,33.7371,11.1366
4062,104.171,2.18631,14.1329,46.2839,28.7934
4063,61.2238,2.34235,12.3858,26.4959,10.9602
4064,60.0738,2.45815,10.4497,23.9494,16.2737
4065,60.3538,2.35111,9.61704,30.2753,11.2025
4066,91.5945,3.33751,14.6946,53.5213,11.0934
4067,78.5297,2.31231,13.3699,38.2016,15.6061
4068,53.4203,2.33011,11.2101,20.7213,11.9661
4069,67.1163,2.64598,13.5286,32.3975,11.2816
4070,73.9856,3.9188,12.6159,38.556,11.4274
4071,61.0864,2.56956,12.7446,27.1965,10.924
4072,63.9433,2.14636,12.2204,32.2618,10.5857
4073,57.8994,2.3654,9.5695,25.9462,12.0131
4074,84.7057,2.21548,15.3097,46.6494,11.4163
4075,87.3012,2.68477,21.5067,42.4033,10.7362
4076,80.6985,2.51794,24.2116,34.0063,10.7
4077,79.7661,2.5121,14.8728,37.6285,15.6402
4078,90.0784,2.29977,18.9433,49.2151,10.6212
4079,94.6217,2.42956,13.0759,59.699,10.548
4080,77.9732,2.33886,12.2826,42.256,13.5186
4081,96.0441,8.13072,16.4315,49.7471,12.5197
4082,89.2037,3.22493,18.5175,49.8862,10.4483
4083,71.8051,3.23572,10.4425,39.7404,10.6481
4084,72.0583,2.57452,15.5483,33.677,11.3816
4085,78.4892,2.88427,18.7893,37.331,10.6417
4086,82.2131,2.52319,16.386,43.0397,10.7738
4087,77.0043,2.58298,15.2155,38.423,11.3128
4088,76.4358,2.40915,16.2469,37.2088,11.1279
4089,63.8246,2.35811,12.5868,30.6536,11.2932
4090,108.783,2.49869,19.3598,64.4887,13.6852
4091,74.7687,2.41148,14.3898,32.3884,11.4548
4092,82.2417,2.50394,17.5626,39.8174,12.2123
4093,79.7436,2.20061,13.1269,43.101,11.9638
4094,93.8214,2.34585,11.7342,59.7267,12.4083
4095,79.3992,2.34265,9.566,32.1041,27.7081
4096,86.332,2.31698,18.101,35.1703,11.2661
4097,77.0518,2.22569,10.8266,45.0662,11.3609
4098,105.222,2.92889,13.6651,68.0173,11.4105
4099,67.7101,2.2849,11.2524,35.5063,11.6817
4100,82.7921,2.22977,14.3353,44.2315,12.6244
4101,59.9702,2.22277,9.22009,30.0082,11.4767
4102,105.324,2.2881,13.9156,68.4084,11.4108
4103,91.4551,2.24115,15.2088,52.7597,12.2409
4104,110.993,2.53369,29.2189,55.9214,12.7965
4105,76.3058,2.19477,10.5095,38.6989,13.2273
4106,76.4291,4.62696,16.6371,29.9481,15.9164
4107,76.2903,2.05565,13.4472,33.5933,17.5841
4108,108.05,2.31261,22.1087,48.7937,15.082
4109,81.2868,1.8789,13.1788,44.8349,12.5372
4110,59.8787,1.82378,10.4468,29.1848,11.0678
4111,121.532,4.86554,17.7119,73.6283,13.95
4112,66.9664,4.99592,11.4464,27.6081,14.8413
4113,74.363,3.02835,15.4912,34.9338,11.9559
4114,108.417,2.61535,23.6913,46.7357,20.0475
4115,95.8904,2.30794,20.5696,51.6144,11.8704
4116,88.038,2.54594,10.5711,55.1333,11.4863
4117,67.4815,2.25019,10.2409,35.6347,11.6709
4118,99.8956,2.37298,13.514,62.5465,11.6499
4119,81.9346,2.65443,12.9073,48.0523,10.875
4120,72.4619,2.87989,14.489,33.6356,13.64
4121,81.8967,2.38348,12.7262,47.4643,11.5601
4122,75.0709,2.62789,12.6299,38.2611,13.9838
4123,91.4886,2.58239,10.2517,56.0934,15.105
4124,75.4477,3.20772,12.4153,42.9875,9.66342
4125,69.4794,2.69031,12.5731,36.4811,10.665
4126,57.2079,2.53369,13.0348,20.9176,12.4829
4127,77.6512,2.25748,10.3611,44.9032,12.0326
4128,92.1478,2.60631,11.2787,57.7221,12.611
4129,80.973,2.34848,16.9305,40.282,12.2893
4130,80.4833,3.77151,20.4311,38.035,10.8038
4131,63.3349,2.77548,11.9865,28.3923,12.247
4132,95.6979,2.42781,15.8788,56.2999,11.7628
4133,77.3415,2.56781,18.2728,35.7411,12.0268
4134,94.2982,3.05139,17.4809,52.5521,11.8314
4135,74.0845,2.72823,14.8553,34.93,11.7666
4136,52.9618,2.4036,10.595,20.5419,11.3708
4137,77.4882,2.86939,17.7918,35.7513,11.6949
4138,97.0883,2.4351,20.401,51.5143,13.313
4139,89.4455,2.21636,13.675,50.7895,12.6576
4140,57.4223,2.21636,9.49804,25.1458,12.2143
4141,75.6801,2.68885,14.8962,36.5659,10.7405
4142,71.5893,4.92854,13.8056,33.8619,11.3828
4143,76.5776,2.24144,13.8377,31.9247,11.9034
4144,110.985,2.32048,19.421,60.065,14.6095
4145,83.8135,2.28927,13.4632,48.8214,10.5087
4146,115.115,2.17611,14.9848,78.8689,10.2937
4147,89.9026,2.47973,16.3778,46.4376,11.7211
4148,77.4424,2.2814,16.1833,32.1808,14.4149
4149,64.4216,2.32485,10.3319,31.9267,12.1458
4150,87.482,2.41819,14.8941,47.8271,11.7739
4151,95.6492,2.50044,14.9125,54.2084,14.2341
4152,88.6519,2.93764,15.6113,51.8973,10.8493
4153,75.4127,2.55585,13.7712,35.6702,13.1123
4154,77.3983,2.29044,16.7377,36.3591,13.2655
4155,54.132,2.95047,10.1094,22.5976,11.4461
4156,91.6829,2.3619,11.7762,59.0687,11.1276
4157,82.5485,2.28723,11.2332,43.4256,16.8693
4158,81.2737,2.4144,11.1124,47.1169,12.6807
4159,77.9729,2.43452,9.89412,39.0716,18.2459
4160,64.5313,2.59873,10.532,26.2145,15.8604
4161,66.2877,2.30648,11.8573,27.0533,11.661
4162,53.7905,2.22452,10.5874,21.0345,12.0017
4163,79.8431,3.07064,16.057,39.6681,11.4846
4164,84.6266,2.75244,16.7065,44.305,11.3043
4165,70.3876,2.43569,15.0834,32.4123,11.386
4166,88.8596,4.92358,21.4513,40.6723,12.1353
4167,65.4535,2.13848,12.2829,32.5693,10.9832
4168,95.8828,2.85598,16.4385,54.4951,12.7378
4169,49.0153,1.97515,8.79047,21.5164,10.1047
4170,76.815,2.06936,17.9741,38.0438,10.4299
4171,72.391,2.50627,14.2691,34.1816,10.3077
4172,67.3849,2.3094,14.8606,31.6208,10.002
4173,64.7063,3.4918,10.1639,33.8415,10.17
4174,81.5531,2.5019,16.2492,43.1409,10.6781
4175,75.2669,3.31185,15.1747,35.8957,11.4344
4176,88.3066,2.48819,18.2048,45.8041,11.7051
4177,58.4921,2.63344,11.3901,25.0685,11.605
4178,104.266,9.72787,18.1147,54.1463,11.0993
4179,80.2135,2.56373,13.0561,42.9044,12.3896
4180,94.5704,2.27206,13.8715,53.6318,14.692
4181,63.6487,2.62498,10.1105,31.2212,12.5497
4182,93.2803,2.25515,11.183,58.1888,14.0124
4183,67.9184,2.53077,10.8239,30.735,16.318
4184,56.8908,2.28519,12.4094,24.3691,10.8741
4185,80.3237,2.6416,13.6747,37.0136,19.1988
4186,66.0194,2.68156,15.7577,31.2477,8.90947
4187,57.2756,3.17943,12.2753,23.8535,10.7819
4188,78.3894,2.34848,20.2788,35.3086,11.9098
4189,81.0412,2.91314,22.0326,37.0136,10.4153
4190,60.7277,3.98851,14.2691,23.1672,11.6587
4191,67.3978,2.57364,9.45255,36.4516,11.2734
4192,76.1716,2.39748,10.4836,40.947,14.4995
4193,94.9495,2.53135,13.5338,57.6699,11.7447
4194,65.0758,2.66173,9.95887,31.8404,12.3368
4195,79.8215,2.58765,15.5125,42.8662,10.6227
4196,80.2663,2.65414,19.6646,38.1832,10.4559
4197,70.987,2.52115,8.82605,41.4102,10.6306
4198,78.7137,2.35986,10.1896,42.2423,16.4522
4199,82.9306,2.75739,15.9683,42.8303,11.1958
4200,84.3647,2.29744,16.1037,45.3313,10.9097
4201,75.6758,2.63839,16.4723,36.6214,10.4874
4202,69.5184,2.25952,11.304,31.9693,15.4425
4203,58.4883,2.59144,11.3886,24.8349,11.2585
4204,78.171,2.44881,8.85405,42.1297,13.355
4205,54.2148,2.76643,9.53188,24.7842,9.55434
4206,96.0153,2.72064,15.016,51.3974,16.2655
4207,59.6051,2.63956,10.8785,26.4825,11.33
4208,134.364,2.18806,21.3419,88.584,11.3682
4209,88.348,2.42635,10.9403,55.8012,11.645
4210,79.9215,2.46631,11.0943,47.2257,11.4834
4211,97.2435,2.68127,22.6646,51.7191,11.0366
4212,76.2121,2.6591,12.1291,35.961,17.1277
4213,66.1675,3.22318,12.5713,31.9877,10.9047
4214,74.125,5.82249,16.7345,32.4928,11.3615
4215,82.03,3.14793,18.7418,40.2686,11.0004
4216,95.8053,4.47121,15.572,56.0444,10.5136
4217,68.8482,3.4466,13.593,33.7893,10.5221
4218,92.7119,2.82885,15.6384,56.3055,9.90725
4219,51.3647,2.51152,9.67071,22.2642,9.98658
4220,71.806,4.37438,15.9464,34.4394,9.87137
4221,57.4024,2.51852,10.0942,27.7842,10.2354
4222,71.2766,2.2881,9.46304,41.6397,11.563
4223,71.1503,2.8306,17.4999,32.8592,9.72263
4224,87.4485,2.53631,14.3971,50.7096,10.6603
4225,70.0058,3.63938,13.6391,31.6879,10.8035
4226,56.2521,2.37123,9.17167,19.5712,13.9582
4227,72.9131,2.7711,9.74042,40.8476,11.7421
4228,88.7773,2.38844,20.3736,40.6294,16.4099
4229,60.5751,2.63519,12.1717,26.1185,10.1426
4230,68.6992,2.30706,9.55725,38.2436,12.3336
4231,62.6381,2.75039,10.0295,32.7387,9.93554
4232,78.8246,2.53106,24.3318,33.4282,10.7131
4233,84.7354,3.38914,24.7258,39.5231,9.49688
4234,86.2912,2.80406,14.2592,50.7475,10.3859
4235,80.1038,2.61564,12.2904,46.3696,11.1702
4236,76.5108,3.00502,12.6728,41.1171,9.89354
4237,77.8326,2.65123,11.6867,45.478,10.5072
4238,56.9092,2.5614,11.3559,24.8909,10.3345
4239,76.1672,2.52056,17.0066,35.5264,11.8354
4240,67.7195,2.86123,12.5681,33.4454,11.7374
4241,68.9675,3.38068,13.1978,33.5087,11.2769
4242,79.2431,3.14735,19.4639,38.6251,10.9138
4243,95.6381,2.34381,23.8599,48.9582,11.2801
4244,79.246,7.29336,15.8552,34.4318,12.0052
4245,80.9213,2.66464,15.3815,42.4056,11.6444
4246,54.7104,3.07618,11.7561,19.342,12.9464
4247,112.302,2.64598,15.6979,71.8165,11.1352
4248,86.9407,2.41819,19.1475,42.571,12.6352
4249,86.988,2.52202,13.3375,48.2121,13.2372
4250,51.7651,2.3654,10.4454,19.5409,11.0418
4251,63.5504,2.6661,10.201,31.024,11.3387
4252,68.2497,2.91781,11.052,34.151,13.3425
4253,50.7128,2.76848,10.0846,20.5574,10.5244
4254,101.796,2.62789,13.7628,64.3656,11.5487
4255,74.0582,2.83614,18.3425,32.9473,10.8945
4256,106.334,2.90468,19.9834,62.5267,11.2434
4257,67.9572,2.67048,12.4555,34.3927,10.2257
4258,74.6179,2.88718,16.1381,37.0749,10.5294
4259,68.8403,2.81019,12.3141,37.7078,9.20317
4260,88.2929,2.57598,18.598,49.0069,10.9298
4261,71.2606,2.48031,15.2587,34.2507,10.5871
4262,75.8613,2.5471,17.6296,37.3692,9.68879
4263,64.0909,3.00443,10.896,33.9448,9.47529
4264,106.086,2.58648,20.5769,63.425,10.4845
4265,85.3526,3.00472,13.4058,46.6581,13.3611
4266,73.4381,2.2079,15.6997,35.4737,10.4352
4267,70.7058,2.66085,13.0138,34.0244,11.7237
4268,90.1904,7.16502,14.2635,41.759,17.2668
4269,74.4592,2.33973,13.2862,34.3627,14.8355
4270,83.9337,2.44735,14.8125,43.7662,13.0651
4271,78.131,2.2986,14.4105,33.6843,17.1405
4272,58.0006,2.23677,9.64708,25.7455,12.5389
4273,84.4907,2.55585,10.6274,51.4577,12.1522
4274,92.235,2.35869,13.3918,52.8382,12.515
4275,77.8411,2.36248,14.0355,39.89,12.7545
4276,78.2267,2.55965,14.636,38.2407,12.2304
4277,89.0025,2.5229,10.4538,54.6689,13.9806
4278,103.742,2.76643,18.1459,60.1706,12.3534
4279,92.6675,2.61506,17.4074,54.8582,10.2485
4280,94.58,2.44823,14.5713,58.3804,11.4096
4281,89.5771,2.62848,14.6337,49.7684,11.1585
4282,93.5382,5.20154,22.2304,42.4144,11.4149
4283,84.2148,3.01231,14.3589,46.2676,11.1818
4284,106.492,4.99271,23.6373,48.3457,13.9573
4285,125.338,2.63139,15.4944,73.4308,18.1975
4286,140.958,5.02946,16.4236,98.6691,11.3434
4287,74.7299,2.65414,14.4779,37.1869,10.7957
4288,86.3836,2.96885,16.5735,43.9838,11.1871
4289,88.0455,2.43569,14.1034,47.926,12.6477
4290,90.1056,2.5436,10.3001,55.8907,11.9798
4291,85.0647,2.74777,13.6385,46.654,11.8999
4292,96.8182,2.39631,18.5213,55.0265,11.4259
4293,94.0524,2.49052,13.2278,56.9853,11.9337
4294,72.6725,2.41965,11.8174,39.5304,12.5483
4295,66.9221,2.57831,10.5813,36.8506,10.4398
4296,82.9233,2.2289,12.9464,50.6475,9.39713
4297,91.9632,2.72268,12.7308,57.7968,10.6419
4298,88.7155,2.56052,15.4541,51.2769,10.0662
4299,75.9141,2.53485,16.6447,36.4825,10.6364
4300,74.629,2.54973,11.7666,40.4769,11.9649
4301,97.296,3.54459,24.0815,47.8227,11.997
4302,74.622,2.89564,12.5631,37.9613,13.7569
4303,62.6818,2.78014,11.4799,28.4338,12.4882
4304,95.8467,2.53077,22.0078,47.4911,11.9326
4305,65.028,2.50831,10.8067,29.081,12.6947
4306,87.1323,5.75803,16.6628,40.2485,14.7506
4307,78.2319,2.0784,16.2559,36.3134,13.1132
4308,107.993,11.2305,27.8405,38.5455,17.7714
4309,69.351,2.09415,10.6303,33.9582,13.2039
4310,64.9702,2.29131,14.7203,27.0927,13.0625
4311,89.0191,2.84927,14.7827,43.4711,17.2843
4312,101.528,5.16596,18.7065,56.7838,11.4817
4313,66.8445,6.7669,11.3892,27.8332,13.4279
4314,100.416,2.44123,20.7942,51.9221,12.9814
4315,75.6166,2.11515,14.9752,37.5031,11.4764
4316,88.7152,2.58735,16.2964,44.3522,16.6129
4317,85.5084,5.50954,14.6369,35.3698,16.5913
4318,76.4892,2.55352,13.1062,41.8366,12.044
4319,109.007,3.10127,16.6905,56.6415,15.2721
4320,113.032,5.59208,22.1449,61.2378,13.187
4321,79.5919,2.36802,12.6833,38.6026,17.9586
4322,125.958,5.26775,26.1944,73.7292,8.54226
4323,89.9262,2.16736,14.6821,50.8251,13.2841
4324,84.7401,2.73348,21.0027,41.0275,10.2995
4325,68.8351,5.89307,17.8338,27.2408,10.3433
4326,67.1638,4.3843,14.4715,30.0277,11.2953
4327,81.204,3.35297,15.5375,36.8179,13.8672
4328,91.3863,8.55305,21.7439,38.0715,11.9349
4329,88.7683,2.09532,15.38,48.5571,13.726
4330,112.212,5.11404,25.0283,54.9151,12.2455
4331,84.5427,2.44415,13.5087,48.6475,10.9931
4332,83.1669,6.33728,20.8648,35.7373,11.4469
4333,90.6212,5.4375,20.9651,42.9271,11.1389
4334,70.1581,2.08248,10.6487,35.177,13.2343
4335,79.2174,3.56559,13.1228,37.0787,12.4835
4336,97.177,4.91658,15.4515,39.1116,24.0095
4337,83.791,2.33302,16.8591,43.0406,12.4584
4338,119.669,2.64393,16.7205,67.6681,16.2019
4339,63.4588,7.24085,14.2595,21.6957,12.9333
4340,56.1911,2.0679,11.3256,22.459,12.3278
4341,82.5856,2.60398,12.8633,47.0612,11.8704
4342,81.3434,5.47629,20.9444,33.6869,12.8601
4343,67.1207,2.1379,9.78708,36.7042,10.9572
4344,59.7238,2.96914,12.8732,24.4038,11.7086
4345,72.0419,4.19151,15.1158,32.9196,10.2607
4346,76.885,2.48702,13.752,41.5201,11.2337
4347,95.7907,2.42023,17.5188,53.2028,12.8455
4348,83.8435,2.58619,14.494,46.0374,12.4929
4349,77.1195,3.68197,11.7217,41.9404,12.3791
4350,77.7597,2.46835,11.0019,44.6666,11.9261
4351,90.9846,2.68564,15.3331,48.976,14.83
4352,75.1026,2.39894,11.0509,36.7214,15.9914
4353,61.6106,2.67106,10.7096,27.1111,12.2671
4354,73.2232,2.38669,11.5027,38.479,12.277
4355,91.5487,2.51385,14.7807,48.2795,14.8582
4356,79.6605,2.59756,13.7922,40.8861,13.4641
4357,74.0285,2.50014,12.2808,37.053,14.0731
4358,95.3544,2.66581,15.404,52.8189,13.2109
4359,55.4906,2.41585,10.1861,20.8764,14.0095
4360,77.8218,3.36814,16.7377,34.9909,13.9873
4361,80.0157,2.62702,14.3114,41.9956,11.7211
4362,80.0641,2.4389,13.2346,39.8425,17.5276
4363,58.4623,2.28723,11.6409,20.513,12.0866
4364,70.4961,2.39573,11.248,35.8709,11.4811
4365,50.5714,2.32398,9.9405,19.7649,11.4189
4366,65.9365,2.46223,12.1761,29.202,15.2161
4367,78.3509,2.52465,16.1932,38.1631,11.444
4368,163.336,2.36831,22.4949,117.181,12.2732
4369,81.7462,2.51823,15.4865,41.8302,11.6567
4370,94.9379,2.96097,25.0986,45.5702,11.5225
4371,93.2054,2.84693,20.6971,48.0208,11.8092
4372,85.891,3.00414,16.8559,43.8747,11.1637
4373,101.434,2.42169,13.5953,56.5966,19.629
4374,90.0396,2.80552,18.1576,45.3707,11.2451
4375,73.4673,3.62597,9.99271,41.1267,11.1862
4376,81.0861,2.61798,13.129,40.1356,16.661
4377,72.0241,2.72093,9.84425,37.1323,15.2365
4378,76.8351,2.27556,10.0968,42.746,12.9846
4379,68.1911,2.6416,9.56979,24.6981,14.6235
4380,67.375,2.3199,11.2369,25.3882,21.9431
4381,100.367,2.41673,16.0199,53.0765,18.789
4382,79.5782,2.68069,21.449,35.3911,11.962
4383,78.9719,2.49956,9.94021,48.3086,11.4464
4384,96.561,2.30998,15.3754,59.0273,11.1529
4385,62.725,2.22161,10.8724,31.3463,11.3603
4386,79.6929,2.20906,11.5449,47.7384,11.2005
4387,89.2504,2.40973,14.2711,50.947,11.332
4388,79.4732,2.2114,14.1641,42.2274,11.6806
4389,59.5829,2.23356,11.1057,28.5023,11.1454
4390,74.1448,2.25573,10.609,40.3363,14.2341
4391,58.6904,2.65385,11.6141,25.8619,11.6616
4392,83.0951,2.57802,16.8833,42.0349,11.764
4393,89.6719,2.55556,15.2132,47.8557,12.2076
4394,67.0629,2.30998,11.9571,32.3342,13.0257
4395,80.3138,2.25106,14.687,41.1914,11.7226
4396,88.8289,2.33681,23.4119,29.188,11.3344
4397,81.2477,2.52494,14.4811,44.5421,10.8365
4398,84.1419,2.23269,22.6238,39.0454,10.9791
4399,62.1396,2.36656,10.0799,30.9753,11.8815
4400,91.2894,2.1099,11.5703,58.6248,10.8517
4401,67.9685,2.24319,10.7067,36.1057,12.0361
4402,85.3999,5.76153,18.2448,40.1972,11.2705
4403,76.4259,2.56577,13.6659,39.8183,10.9459
4404,87.1253,2.26565,14.9962,42.5754,11.9049
4405,89.8559,2.69439,16.0602,48.509,12.5296
4406,78.6729,3.01056,13.959,40.5664,12.3849
4407,71.801,4.98017,11.8194,35.2228,12.1965
4408,67.5765,3.1281,14.0378,31.1252,12.0215
4409,62.5923,2.52523,13.1718,28.7196,10.642
4410,80.5544,2.58648,18.7788,39.403,10.9365
4411,63.8397,2.36452,10.9607,31.5732,11.9571
4412,72.2945,2.44939,11.0911,28.8823,21.8424
4413,89.0276,2.39777,11.2711,56.0864,12.2928
4414,101.347,3.01114,17.2907,60.0388,11.2789
4415,62.4068,2.55994,12.0029,27.6092,12.8673
4416,102.964,2.26827,14.8256,63.413,12.5226
4417,116.091,3.24185,20.4302,62.9306,13.1494
4418,92.5981,2.65064,12.7536,52.6142,16.2034
4419,81.0421,2.77927,16.5866,39.524,12.7437
4420,87.6378,2.3094,15.3882,41.7896,13.1625
4421,83.4492,2.7991,13.6359,43.2188,14.9904
4422,87.5042,2.38494,12.2963,54.1848,11.2661
4423,83.3722,2.35956,15.1444,42.8431,13.36
4424,60.7854,2.31086,10.8902,26.6356,12.7693
4425,85.735,2.54623,15.5381,46.2839,11.248
4426,84.7004,2.54739,17.4436,42.996,12.1563
4427,66.7482,2.37794,10.917,34.253,12.4424
4428,78.9328,2.32136,17.632,39.3627,10.9482
4429,88.7706,2.23327,14.0413,51.6736,10.9639
4430,74.2997,2.25719,10.173,43.1619,11.7975
4431,72.0597,2.40185,10.6513,40.6314,11.2612
4432,91.5788,2.42694,13.9275,53.2888,11.8696
4433,85.6915,2.54652,14.2192,45.7461,12.7699
4434,86.8815,3.1246,16.9588,43.9611,12.7393
4435,79.3312,3.19985,16.3361,36.5376,13.1456
4436,83.3996,2.71627,15.0551,44.1959,12.0405
4437,67.2473,2.98197,12.7265,32.1265,10.5976
4438,117.359,4.89617,17.5871,66.5977,17.9452
4439,56.7287,2.37181,10.8032,22.4068,11.9813
4440,89.26,2.51706,20.3214,37.1994,16.1492
4441,73.642,2.39252,13.9996,33.4381,14.1425
4442,78.7657,2.23969,18.5475,36.9092,11.2136
4443,77.6226,2.5404,11.2997,40.1797,14.2568
4444,88.3836,2.34702,17.9321,41.5467,12.6833
4445,64.447,2.51385,10.3821,28.3915,14.3793
4446,86.8509,3.08027,16.7952,41.7456,14.3954
4447,68.5361,2.2044,14.2641,29.545,12.5054
4448,71.0316,2.82273,12.2534,33.145,13.7782
4449,59.468,2.54185,10.5378,26.9903,11.9547
4450,93.0207,2.30211,14.2574,51.1249,13.507
4451,85.9698,2.34469,14.545,42.1805,16.9728
4452,97.9239,2.54448,13.1581,61.7546,12.5745
4453,69.384,2.25165,10.7032,36.1766,12.2729
4454,79.9691,2.6066,9.79467,43.6035,16.9194
4455,61.4685,2.48585,10.5527,28.5487,12.0836
4456,91.4169,2.39719,17.8274,50.8651,11.2267
4457,69.519,2.98022,10.6259,37.3753,11.3869
4458,71.0007,2.28023,11.5986,32.5019,11.8599
4459,61.7692,2.35811,9.55258,29.8017,11.8599
4460,71.7637,2.89272,11.9521,32.4024,16.1804
4461,79.8407,2.40506,16.3559,38.6277,12.4713
4462,93.9818,2.36802,13.437,44.3236,11.3198
4463,71.4633,2.56664,10.1155,32.6568,16.7406
4464,93.8759,2.29802,15.5606,55.8683,11.5114
4465,80.1429,2.21256,13.7747,43.6525,11.1214
4466,88.2503,2.79502,22.5649,41.1981,12.5465
4467,83.3299,2.40331,18.4749,38.6604,11.6071
4468,88.7027,3.25264,24.5392,43.229,10.84
4469,55.9788,5.43983,12.6439,21.5441,9.63571
4470,62.9986,2.4071,9.80167,31.1165,11.6832
4471,64.9314,2.25515,10.5087,33.4915,10.6912
4472,68.6047,2.43394,15.2777,32.359,10.9981
4473,48.0814,2.36219,10.9508,17.886,9.92125
4474,76.1281,2.50889,16.2157,37.345,11.0185
4475,77.4835,2.58677,11.0494,45.273,11.4006
4476,70.3643,2.8971,11.9011,36.2273,12.0597
4477,69.6908,3.3801,13.3209,34.3776,11.6488
4478,68.759,2.93764,16.3889,29.8367,12.2158
4479,75.6551,3.48393,17.0906,35.0732,11.2641
4480,104.031,2.25661,26.4324,54.6996,11.4569
4481,63.1998,2.5089,14.8343,26.0809,12.5168
4482,81.5627,3.72338,16.4213,40.6533,11.6604
4483,67.1023,2.92102,12.1612,34.8092,10.6702
4484,60.2377,2.79035,15.6653,22.319,10.8814
4485,85.4465,2.4564,13.0421,50.1773,10.6618
4486,80.9146,2.31202,16.3492,41.5435,11.1952
4487,74.2064,2.78394,14.3519,38.4154,12.0171
4488,97.6083,2.59435,16.997,57.1519,11.036
4489,66.3288,2.33244,11.2609,35.3319,10.8164
4490,85.0755,2.77868,23.9135,38.7496,10.3366
4491,114.737,2.34498,17.4532,56.6727,19.5298
4492,69.4301,2.27148,10.7411,27.8218,20.807
4493,77.8773,2.50714,12.9674,34.3507,17.8181
4494,86.6975,2.63052,15.7548,46.9022,12.0317
4495,59.218,2.59056,10.4346,26.5044,12.1962
4496,74.587,2.52523,10.9882,38.0041,14.1787
4497,79.9137,2.41265,11.9521,44.4837,12.9204
4498,92.2414,2.52873,17.1484,44.6275,16.1926
4499,57.2662,2.2674,10.0962,20.1266,12.1204
4500,64.9113,2.48381,10.681,32.373,11.1804
4501,53.0534,3.14735,11.3717,20.1852,11.3198
4502,99.6144,2.67106,18.777,56.4983,11.715
4503,60.3465,2.86502,12.2522,26.1147,11.801
4504,82.8411,6.81648,12.9942,44.4473,11.4752
4505,76.169,2.5996,20.562,32.1994,11.2437
4506,93.2427,3.38564,16.3874,51.2346,11.498
4507,82.0877,3.33547,16.3644,39.9271,13.1491
4508,92.9822,2.28956,18.6992,47.4634,13.2404
4509,65.4185,3.07268,10.8849,28.7508,13.6289
4510,74.4969,3.04381,19.4499,29.9697,13.8902
4511,90.6615,3.3066,18.6665,46.022,13.9077
4512,109.954,2.37181,24.2239,60.3958,11.7342
4513,72.4045,2.49519,11.0529,39.3738,11.6785
4514,109.29,2.79152,18.7817,64.9863,12.3467
4515,79.1095,3.77501,15.3132,41.3682,11.0967
4516,76.8112,3.70472,16.99,36.7059,11.3113
4517,68.878,2.91343,10.8304,35.0621,12.7621
4518,65.7755,3.02076,12.541,24.9434,16.5076
4519,65.8893,2.67719,12.0941,32.4966,10.688
4520,79.9857,3.2996,11.5934,44.4455,12.6821
4521,84.4447,2.45785,20.4325,37.1554,13.8284
4522,76.7249,2.40798,20.3929,35.1692,11.3169
4523,80.8134,7.22219,16.3487,36.9366,11.3437
4524,83.194,3.1526,18.6102,39.9609,11.8556
4525,82.5506,4.77483,17.4164,40.4506,11.4878
4526,97.373,2.96156,19.1466,52.7518,12.0906
4527,52.7924,2.96856,10.7061,20.2491,10.7971
4528,79.5736,4.482,14.1982,41.3766,11.5099
4529,64.6707,3.26606,11.0532,31.1203,11.2212
4530,78.1281,2.48731,17.0139,37.1988,11.7444
4531,78.7896,2.63985,16.2413,41.246,11.1538
4532,75.177,2.90964,18.0499,36.2649,10.7099
4533,61.6969,2.92014,12.7011,25.8972,11.3151
4534,84.7156,3.18031,23.5318,33.103,16.1882
4535,94.9772,2.78218,21.6485,51.157,10.8922
4536,87.2764,2.97089,11.8652,37.9505,25.8563
4537,73.528,3.22814,16.7885,32.5273,11.5718
4538,58.5046,1.93227,9.73896,24.9854,14.1988
4539,126.214,3.01464,21.9084,72.0317,14.1098
4540,83.0511,2.00986,12.828,47.902,13.318
4541,62.8516,2.34177,10.5235,26.9918,12.6116
4542,84.8069,2.07957,21.2454,35.9957,15.9024
4543,56.3638,2.12011,10.6341,24.0063,11.1559
4544,91.0313,2.05127,19.6748,40.2345,15.8581
4545,65.7408,5.7627,9.95275,30.2298,12.2009
4546,81.7211,2.31261,15.8712,36.54,17.1574
4547,73.5796,2.38406,13.6438,37.3438,11.0821
4548,51.1156,2.11719,9.99621,19.4966,11.5024
4549,62.0898,2.32165,12.3846,29.2574,11.1206
4550,69.5771,2.00257,13.5921,36.0584,10.7184
4551,83.0715,2.00023,12.849,48.2917,10.6971
4552,90.8671,1.95211,18.3708,46.694,11.0197
4553,60.6101,2.18836,12.3406,28.5924,10.4054
4554,73.0161,1.91128,10.9112,41.9349,10.8642
4555,101.036,2.17232,13.2182,64.9387,11.0637
4556,53.4825,1.7914,10.3488,22.8668,10.8517
4557,56.4948,1.91973,10.1954,24.7439,12.1178
4558,69.2767,2.35636,12.4955,25.9532,14.8183
4559,99.8474,5.25112,24.7652,42.0221,14.6824
4560,64.2399,1.80015,11.066,29.9116,13.728
4561,66.0223,2.2359,9.99037,33.7934,11.8165
4562,110.574,5.56962,18.9483,62.734,13.479
4563,124.126,5.31412,23.9033,64.6987,13.5186
4564,69.9221,5.49262,18.061,26.4315,11.3288
4565,61.4323,2.57423,11.1492,27.6608,11.4539
4566,73.0505,3.17856,11.1162,36.9708,12.9744
4567,89.5765,3.26401,15.8773,46.8474,12.0746
4568,101.76,2.6626,28.0479,42.011,17.0941
4569,67.6331,2.49373,10.4859,32.66,13.3839
4570,76.7984,2.33156,16.2711,34.3146,13.2637
4571,55.0589,2.5016,10.166,24.6354,10.4442
4572,55.9114,2.63139,12.0151,21.4516,11.696
4573,96.6117,2.69439,17.7411,54.1504,12.4395
4574,111.43,2.65677,17.3447,69.0944,12.2773
4575,71.2398,2.64306,10.9529,34.7611,13.5064
4576,66.8789,2.82214,12.7492,29.4356,13.9757
4577,91.9258,2.46894,13.8255,50.1277,15.7612
4578,68.3745,2.76848,11.4114,29.3968,17.4998
4579,58.7575,2.48323,11.1993,30.4544,7.39952
4580,68.6936,2.52231,16.1424,33.2523,9.05851
4581,71.0412,2.92627,11.3291,41.2959,7.84052
4582,89.2536,3.38418,13.9337,51.3664,9.76812
4583,86.5968,2.88397,13.43,53.01,9.24488
4584,69.1798,2.87639,19.1276,31.1701,9.3458
4585,75.5606,2.64335,14.1612,41.0952,9.56338
4586,92.8551,6.52307,17.3071,50.4585,9.97871
4587,68.1444,2.06498,13.2993,33.203,9.63921
4588,83.0942,2.33448,11.2897,36.1354,17.2604
4589,98.385,4.91367,21.2903,48.7108,11.4353
4590,78.67,2.0189,10.966,43.4142,14.2557
4591,102.413,5.62124,14.4266,58.2658,13.6251
4592,82.7247,5.21116,15.6192,37.3444,14.9186
4593,63.1488,2.17407,10.74,31.6631,10.903
4594,76.731,2.30444,11.2687,41.668,11.0392
4595,77.2615,5.66645,19.1909,30.2316,12.7941
4596,99.2128,9.75471,20.2987,47.6967,11.0007
4597,70.8484,2.48615,13.8138,35.6799,10.4541
4598,75.3856,2.7501,18.5361,32.7446,11.8631
4599,72.5007,12.1513,14.4534,29.4426,9.33559
4600,70.9211,2.3161,13.1928,36.2617,10.6609
4601,85.1592,3.54547,15.1345,45.742,10.835
4602,84.0952,2.53748,28.5726,32.0341,10.3555
4603,85.1423,2.4424,14.7798,46.3924,11.5762
4604,69.8308,2.82943,11.7284,35.2756,11.6403
4605,73.36,2.95077,11.0608,40.1076,10.4947
4606,82.8612,2.87873,25.3019,34.0503,10.5154
4607,72.8898,3.00764,14.617,34.5059,10.8925
4608,68.803,2.48994,13.7458,31.8401,11.6645
4609,65.4436,2.71773,13.2214,31.3454,10.191
4610,64.958,2.59289,9.46334,33.1648,11.1594
4611,89.2498,2.45289,12.947,52.7635,10.6026
4612,92.1148,2.42694,15.0382,53.6887,10.376
4613,76.4484,2.63781,21.0794,35.4903,10.2222
4614,92.1945,2.60952,14.2145,52.2986,9.54325
4615,82.9262,2.6486,20.3377,39.0419,10.4139
4616,90.3164,2.91314,21.4044,45.6154,10.175
4617,69.925,2.80056,13.9325,32.7545,10.3795
4618,79.2145,2.88631,15.0525,39.8492,10.8578
4619,71.2436,3.38389,13.1549,31.0436,10.4451
4620,85.1584,2.67689,15.1875,46.8389,10.3964
4621,67.186,2.46281,14.0527,30.7782,10.707
4622,92.1119,3.08347,17.9426,50.6755,10.9712
4623,54.3015,3.01552,9.57475,23.2751,10.422
4624,72.4476,4.53334,12.2461,37.1732,10.287
4625,83.0709,2.39194,14.9405,45.6513,10.3713
4626,63.2745,2.71189,10.3914,29.5444,12.3356
4627,80.9811,2.71452,14.3779,37.905,15.1604
4628,73.6726,2.60544,8.98063,44.3082,10.1595
4629,71.7952,2.58064,13.766,38.1234,9.44642
4630,70.9447,2.34702,9.24838,41.7269,10.7143
4631,73.4757,2.79414,16.3384,31.3778,11.1862
4632,74.7961,2.38698,9.69288,44.4015,10.9047
4633,59.6057,2.74369,9.85533,24.1448,13.5239
4634,68.9552,2.76556,10.5962,33.3874,12.6804
4635,57.0691,2.41294,9.89704,25.8164,11.6301
4636,82.0265,2.49985,20.2911,37.8723,11.9679
4637,83.8287,3.0966,16.465,42.4514,12.1507
4638,72.8708,2.68652,11.4852,37.7308,12.4736
4639,56.5277,3.32905,11.115,22.095,12.1341
4640,83.161,2.39777,12.0933,48.9655,12.0842
4641,78.3436,2.88747,16.9929,37.7195,11.4647
4642,94.4097,2.97031,20.3657,50.2558,11.1935
4643,73.2488,3.04206,15.7703,34.925,10.7866
4644,68.4122,2.48585,13.0473,31.3454,13.4626
4645,67.1781,3.03039,12.3998,32.8449,10.9812
4646,88.9374,2.37881,12.3803,55.5334,11.4682
4647,93.3929,3.81934,14.7801,55.1239,10.5644
4648,99.2233,3.26343,15.917,51.267,11.3107
4649,90.2905,2.46981,14.3455,43.8958,19.5015
4650,97.5421,2.57773,20.8686,43.3311,12.1566
4651,95.4232,2.71102,13.7193,57.8376,11.5829
4652,105.608,2.3059,13.1663,70.4293,10.6554
4653,77.9239,7.1344,15.3996,34.515,11.0182
4654,114.245,2.76906,28.5988,61.2095,11.2299
4655,82.3371,2.48965,17.1429,41.1544,11.8302
4656,75.0376,2.33331,10.2777,39.762,13.6516
4657,57.781,2.59144,9.32859,19.4111,18.6872
4658,58.1278,2.59289,9.80225,25.5372,12.0822
4659,66.3119,2.40681,11.9457,32.8099,11.0249
4660,93.9059,2.62877,16.4901,54.0661,11.7354
4661,85.9336,3.20393,12.6057,52.2796,10.2917
4662,93.8864,2.43627,12.6856,56.6412,14.0795
4663,97.7084,3.45651,19.1568,54.5858,11.5234
4664,116.326,2.65239,16.5382,75.3118,11.7357
4665,98.7269,2.39544,19.5342,52.9446,12.5664
4666,102.536,2.47856,11.3209,65.2674,15.3646
4667,69.9542,2.81864,11.1395,34.9953,13.3699
4668,98.9888,2.66727,14.9428,59.1512,12.9449
4669,73.7257,2.85277,11.8999,37.907,12.4164
4670,94.6768,2.30619,18.2133,53.6446,11.4977
4671,104.279,2.5786,15.5302,65.5947,10.7251
4672,86.3387,2.58706,20.6186,41.3548,11.9757
4673,75.2362,2.36073,16.9337,34.4969,11.4974
4674,106.488,3.00502,15.7125,65.2091,12.4768
4675,89.4657,2.48673,14.2953,41.7211,20.7181
4676,109.838,2.79473,18.1958,68.164,11.3632
4677,84.1801,2.6906,15.9088,44.6695,11.7783
4678,64.2361,2.72123,11.3717,31.3221,11.3104
4679,81.409,2.70956,10.2622,50.1199,11.5683
4680,90.7218,2.69148,15.4678,51.2366,11.4782
4681,93.8132,3.31185,18.1707,51.6642,11.2559
4682,75.1607,2.61739,11.2836,36.5919,16.3352
4683,67.1953,2.79852,11.3787,33.836,11.1599
4684,61.8095,2.78452,13.3921,24.2332,12.3426
4685,100.59,2.47127,23.5729,52.3429,12.6839
4686,64.972,2.75302,12.1694,29.3563,13.5146
4687,77.993,2.78714,13.658,41.519,12.0411
4688,69.8947,2.5891,14.0693,33.2929,12.6037
4689,96.2728,3.46993,17.4249,50.7528,13.0841
4690,84.1763,9.56279,13.8952,39.671,12.6139
4691,82.4701,2.38815,12.4342,43.8222,14.6675
4692,71.3314,5.32841,12.8501,20.5305,20.8242
4693,60.6603,2.01482,11.0383,26.0202,13.598
4694,67.275,2.54564,10.3993,33.1255,12.4161
4695,84.1874,5.38529,14.7337,31.0459,18.5507
4696,56.2384,2.05536,12.1822,22.4406,12.0279
4697,66.8363,2.64977,10.4145,32.4252,12.8443
4698,108.216,2.47856,12.3695,52.3631,29.183
4699,69.2344,2.0259,9.72175,38.0035,11.9463
4700,77.8761,2.34965,12.8078,40.2966,12.7653
4701,96.4708,5.09887,16.029,54.7713,13.0488
4702,68.7447,2.17056,11.0421,36.9623,11.6709
4703,74.0066,2.46806,11.262,38.2375,13.3107
4704,97.0784,5.441,18.3944,52.5684,12.0096
4705,64.2186,2.3584,17.1131,25.9354,11.6925
4706,74.6584,2.44706,11.1177,43.2095,10.5897
4707,78.6726,2.39748,16.0389,39.685,11.2413
4708,84.9244,2.4004,16.0074,40.5906,11.288
4709,98.6443,2.9776,30.4605,45.9176,10.6379
4710,76.9947,2.61798,18.0858,34.1562,12.2406
4711,69.4152,2.68535,16.0908,29.8731,10.9584
4712,86.4011,2.72414,16.3029,46.8748,11.1984
4713,60.8651,2.66114,10.3757,28.9999,11.3166
4714,85.6606,2.83877,20.646,39.8591,11.6068
4715,63.5781,3.48801,10.6393,31.2203,10.8158
4716,92.1936,2.4319,15.3386,54.1294,11.1503
4717,72.8309,3.10739,13.6035,35.8414,11.0202
4718,73.3462,2.86939,20.5664,31.9644,9.80779
4719,83.1707,3.00035,15.8344,42.5025,11.1305
4720,74.4587,5.16654,12.4856,36.7503,12.4004
4721,64.1463,2.35344,15.45,27.4593,11.3174
4722,130.007,2.52435,19.104,89.9787,9.78329
4723,105.16,2.0994,10.6137,77.4497,7.87727
4724,68.2232,2.77402,12.5153,32.8577,13.7403
4725,74.1979,3.03447,14.4047,38.9205,9.37788
4726,93.5519,2.59377,15.3112,54.2417,11.6284
4727,65.8957,4.566,14.0538,28.3591,11.2845
4728,102.593,3.09456,21.626,55.4964,12.0769
4729,87.3738,2.82652,15.947,44.834,13.4023
4730,64.0862,2.43189,10.882,28.8001,13.5735
4731,88.0604,2.49927,14.7031,40.1878,12.2896
4732,95.8143,5.37508,16.8631,52.685,13.0826
4733,96.9279,2.39952,18.663,52.4993,13.0794
4734,113.708,2.48235,18.4311,64.4969,15.166
4735,64.258,2.49227,10.4232,31.451,11.9191
4736,96.5963,2.84343,15.3138,50.6889,15.201
4737,85.0297,5.2275,14.6156,37.0912,17.0166
4738,104.127,4.96179,24.664,52.5153,11.9148
4739,81.7042,8.10564,14.7133,37.5591,12.1262
4740,94.0955,2.69293,11.6534,49.7944,17.5506
4741,84.7366,1.8789,14.3814,41.2375,12.5433
4742,75.9951,2.19419,14.0614,38.1555,12.1849
4743,82.8067,2.24144,14.3671,43.2704,13.255
4744,96.7392,2.62294,21.2588,51.0188,12.3634
4745,77.1665,2.36773,11.0339,43.74,12.235
4746,77.3394,2.88835,17.2805,35.9847,12.7906
4747,74.092,2.58298,11.1529,38.9497,13.5408
4748,97.1137,2.16561,19.9982,47.8046,13.4606
4749,86.4507,2.51765,14.9245,46.5767,12.8306
4750,61.6208,2.36598,12.7128,25.8356,12.9983
4751,90.3398,2.64977,14.6544,51.1699,11.7509
4752,57.9172,2.44502,12.0641,23.1681,12.2592
4753,49.8241,2.51735,9.93787,18.8637,11.337
4754,84.9836,2.48265,14.9656,46.596,11.6348
4755,61.9556,2.34177,9.825,24.683,16.206
4756,66.2961,2.56606,14.025,29.9828,10.5317
4757,95.1143,3.06831,26.8284,39.9542,15.3704
4758,90.098,2.55935,20.2847,47.8431,11.0243
4759,63.3477,2.92656,11.1987,29.659,11.4461
4760,77.5614,2.26011,14.3064,42.0168,11.0409
4761,74.7687,2.38902,8.55422,39.6249,15.2616
4762,64.2953,2.31873,12.9863,30.4101,10.9004
4763,67.8738,2.1799,9.78271,38.2057,9.98921
4764,68.7977,4.74771,15.4859,23.8118,16.5511
4765,60.8651,2.13877,10.6259,27.3047,12.6632
4766,83.2943,2.47302,17.081,40.8543,12.0311
4767,74.8682,2.60602,14.8162,35.4617,11.9941
4768,79.7809,2.1904,15.2715,36.1142,12.4824
4769,67.8822,2.50335,14.5683,30.7767,11.0354
4770,85.3476,3.0476,18.5647,42.0871,10.387
4771,117.872,2.48585,12.3546,75.8006,16.8739
4772,94.7273,4.76404,14.0979,61.0389,8.48888
4773,131.509,2.21315,13.4836,86.4353,13.6642
4774,104.686,5.31646,16.4516,65.254,9.32509
4775,70.4588,2.08861,13.9789,35.0373,10.4658
4776,99.5488,2.19069,15.4664,57.5687,12.2977
4777,56.2795,2.38377,11.535,24.5634,10.4392
4778,75.0548,2.40535,18.6452,34.3359,11.2579
4779,61.5957,2.41848,12.5801,24.916,13.1231
4780,91.6861,4.88946,18.1698,37.5284,20.5404
4781,80.1085,1.91653,22.039,35.7184,12.3782
4782,69.0839,3.74847,17.7968,27.2274,12.2747
4783,70.273,3.46585,13.1742,32.0551,13.3868
4784,99.288,2.47185,22.5042,51.4178,13.2381
4785,63.7995,2.91723,12.0311,30.0052,10.9499
4786,64.2414,2.79939,14.0553,27.3499,12.0265
4787,64.9037,2.23123,14.9527,29.3735,10.4877
4788,78.4171,2.54156,12.9181,44.2472,11.5406
4789,77.0212,3.03739,13.1363,40.31,10.8904
4790,78.1686,2.55498,11.1398,45.3462,11.7581
4791,62.303,2.55906,10.2899,26.1815,15.1671
4792,82.1487,2.32923,10.502,44.2131,17.3106
4793,67.1461,2.37765,11.0456,31.7019,13.6572
4794,88.2902,2.37035,19.6932,42.6594,13.4743
4795,73.427,2.59231,11.8515,37.9309,12.7723
4796,96.6149,3.33431,16.2582,52.8049,12.529
4797,86.0083,2.4176,14.4913,46.3128,11.8821
4798,77.9207,2.26827,12.093,42.5608,11.9894
4799,104.661,2.52056,15.6166,64.7626,11.8296
4800,63.6324,2.29481,11.9436,28.117,12.8589
4801,81.3393,2.2639,21.4569,39.5158,11.0526
4802,86.3303,2.38085,23.9725,39.1507,10.9631
4803,160.169,2.44385,17.9353,111.127,16.7759
4804,129.978,5.40804,29.7378,75.1438,11.5954
4805,81.1421,2.59727,10.3544,43.2529,17.2543
4806,117.129,5.52879,22.023,64.7305,12.823
4807,56.7444,2.0539,11.9311,22.8811,11.8343
4808,84.4721,2.24581,20.9534,39.554,11.7832
4809,90.7148,2.30735,18.1024,47.8793,12.5063
4810,111.412,3.59243,25.9867,57.3601,14.2866
4811,83.3229,2.46806,14.1816,44.4855,12.5232
4812,67.8659,2.55964,10.8403,30.4395,14.9218
4813,65.8379,2.29102,11.911,28.7855,14.8162
4814,86.7981,2.9566,22.2744,37.2023,13.523
4815,63.1835,2.53514,11.2795,26.9232,12.2091
4816,61.925,2.42198,10.3552,28.621,13.4927
4817,76.2813,3.03243,16.2057,35.8187,11.3172
4818,80.7851,2.4771,10.8397,44.6515,12.6696
4819,65.3879,2.44065,10.4121,31.7762,12.1948
4820,87.3563,2.67164,15.9406,46.0234,11.2775
4821,79.386,2.37706,12.354,42.0583,14.5342
4822,88.7482,2.21577,19.7215,40.959,15.688
4823,95.6676,2.56956,15.7111,55.3649,12.5378
4824,91.864,2.75477,11.4968,57.0918,12.6999
4825,70.086,2.47798,10.548,35.987,13.3361
4826,92.6072,2.47915,16.3565,49.0541,12.548
4827,74.9466,2.39369,13.2599,38.3538,12.9219
4828,107.613,2.33302,20.0341,56.5301,17.5255
4829,112.301,2.73552,16.9941,55.5909,19.0576
4830,92.611,2.45756,14.9014,53.1605,12.1779
4831,103.326,2.04136,14.8273,58.2246,15.8053
4832,102.049,4.81508,21.9889,52.128,11.6012
4833,76.0578,2.27527,13.3576,37.8303,13.3871
4834,120.799,5.16537,23.5659,63.0508,14.1358
4835,118.62,5.049,21.5097,68.6143,13.1923
4836,103.361,2.32485,23.1296,45.0857,18.2602
4837,111.793,4.94225,23.019,59.4686,13.1745
4838,83.1161,2.54739,23.6764,35.4879,13.5137
4839,93.8718,3.50114,14.6205,40.4328,18.7138
4840,84.0092,2.75331,12.9543,48.1473,12.5681
4841,110.111,2.67456,16.6502,59.6698,15.5609
4842,87.0314,7.56956,16.8069,41.2005,12.6183
4843,82.8985,2.16502,14.8962,39.0282,14.2522
4844,132.963,4.91192,33.1713,61.0004,15.7152
4845,106.315,4.83492,25.194,52.1761,13.0517
4846,81.8205,2.4144,10.8735,36.5694,16.4014
4847,68.5236,5.94032,11.6336,27.6836,15.3127
4848,81.7249,2.38202,14.5882,34.5342,21.736
4849,108.073,5.47337,15.46,59.5269,16.4653
4850,77.8822,5.57166,20.222,28.1158,15.8461
4851,81.2667,2.9216,21.2457,35.1365,12.6509
4852,121.962,5.52179,25.3074,50.0624,19.4015
4853,78.5218,2.03319,13.9961,38.0386,15.735
4854,137.326,3.25176,22.3231,89.5733,11.8541
4855,60.4206,2.42198,11.8652,26.7316,11.6348
4856,103.41,2.5611,21.0261,50.7026,15.4821
4857,87.5646,6.09111,18.8053,38.7718,12.8866
4858,62.0224,2.32602,11.2536,21.6327,16.2372
4859,97.3216,2.57656,15.1324,54.018,13.4171
4860,90.8018,2.29656,18.6289,47.2435,11.8952
4861,89.8075,2.4526,16.4755,49.4286,11.4376
4862,76.0931,2.5051,12.6702,39.9603,13.0059
4863,91.4983,2.44881,25.9394,41.2714,12.7851
4864,83.7913,2.41673,12.6072,49.0547,11.9585
4865,69.3213,2.50977,12.0244,35.1403,11.8019
4866,104.13,2.82039,16.6438,52.9429,13.4425
4867,99.2446,2.54856,21.9579,50.0254,15.1152
4868,100.655,2.57248,15.2059,60.637,11.9877
4869,73.4209,2.55848,11.8929,38.6858,12.2341
4870,68.299,2.30356,11.3166,31.9282,15.6807
4871,82.2992,2.34819,10.938,49.0681,12.6731
4872,69.323,2.57656,10.6492,31.1191,17.0373
4873,84.4954,2.65589,12.5631,48.857,12.7376
4874,66.9384,2.31348,10.1563,33.5428,13.4405
4875,86.9763,2.50569,17.2645,45.3334,11.9081
4876,82.3695,2.3864,11.414,47.5806,12.4955
4877,78.1319,2.32106,14.9049,38.836,12.9146
4878,90.9421,2.84693,15.7682,51.1127,11.2862
4879,63.9867,2.37619,10.6087,31.6995,11.8389
4880,84.1515,3.40022,19.2662,41.8284,10.565
4881,77.4325,3.14239,14.8378,39.7559,10.7047
4882,67.821,3.65718,12.6553,32.8032,10.9572
4883,81.9148,2.55119,17.1484,39.0982,12.1073
4884,94.1626,2.91927,23.248,44.2204,12.2595
4885,81.1821,2.56227,14.4041,41.7482,13.4434
4886,78.397,2.54273,13.5353,41.4402,12.7317
4887,83.9646,2.39135,15.2494,39.2288,16.6249
4888,69.183,2.43219,12.2429,31.5175,14.9892
4889,73.0686,2.26536,10.9698,35.063,14.5278
4890,69.6771,2.31319,12.8268,34.083,13.1398
4891,61.5977,2.37385,10.7207,28.0569,11.3329
4892,89.7279,2.30852,14.6555,47.7644,14.1577
4893,69.8413,3.25964,10.4252,32.9073,15.1158
4894,60.8592,2.8131,10.0869,26.3985,12.4331
4895,90.2628,2.67456,16.8098,46.7185,12.7629
4896,89.9384,2.44969,17.0889,48.0455,12.6956
4897,91.9258,2.94406,14.1314,45.3354,12.1682
4898,79.1845,2.33069,11.5193,45.2946,12.5101
4899,90.0046,2.51269,15.6329,49.7783,12.3844
4900,94.1848,2.40827,23.5443,44.7284,12.6964
4901,159.156,2.54039,22.5993,110.911,12.6848
4902,114.889,2.59231,16.4784,70.6912,12.5491
4903,86.0083,2.27935,15.3485,43.5452,14.1375
4904,72.8189,2.74748,10.8732,36.9783,13.3681
4905,70.0009,2.66231,11.4802,28.8365,12.3855
4906,65.4168,2.26127,10.4579,31.5026,13.4128
4907,98.1112,2.75039,15.9085,52.2158,17.3114
4908,75.9044,2.45144,11.0859,33.2701,21.05
4909,80.8356,2.32952,12.4345,38.8838,18.4265
4910,72.7585,2.70314,10.8581,32.627,18.4583
4911,88.854,2.4561,13.9086,48.6216,13.6913
4912,59.7629,2.51852,10.6991,19.3615,18.7566
4913,54.4826,2.55381,10.9954,20.6478,10.7887
4914,62.1904,2.32777,11.703,26.6327,13.1083
4915,76.3492,2.92277,17.1105,32.7766,13.5181
4916,70.2301,3.03797,19.0066,27.8557,12.1997
4917,70.0951,2.68418,12.3091,35.1639,12.1956
4918,82.9922,3.38972,17.4958,38.4655,12.7906
4919,97.1143,3.70297,17.7693,46.8935,13.8718
4920,94.6287,2.37473,19.615,48.3142,13.7015
4921,93.2445,2.63839,18.9173,48.1377,12.975
4922,103.243,2.5051,15.3057,62.1528,12.6116
4923,86.6301,2.54156,18.383,41.4035,13.3279
4924,83.6443,3.20947,16.4668,42.051,11.6467
4925,72.9193,2.50248,11.6963,35.945,13.3754
4926,93.0826,2.75652,17.9764,42.9347,15.8607
4927,81.0707,2.53398,14.0617,41.8783,12.3546
4928,78.1535,2.31319,10.1245,32.8309,24.4359
4929,86.1929,2.25019,16.6001,43.4136,12.3919
4930,90.5075,2.46631,15.4769,51.437,11.6596
4931,67.9303,2.46952,11.4875,34.1428,12.3176
4932,89.4858,2.39894,15.5819,48.8068,12.6571
4933,78.0747,2.52552,15.4022,37.688,12.3733
4934,65.9873,2.27352,11.8211,29.6305,13.929
4935,73.1485,2.51706,10.7041,39.5855,12.7323
4936,159.178,2.44794,15.7125,116.8,14.1192
4937,72.5938,2.61652,11.3236,36.241,13.7861
4938,73.6948,2.45785,12.3132,33.5379,17.1466
4939,57.935,2.61069,10.565,22.5284,13.8969
4940,94.1381,2.48206,16.1436,44.4275,20.6183
4941,96.579,2.58269,14.7002,58.6682,13.1153
4942,81.1803,2.72589,10.7102,47.5938,12.3327
4943,95.6944,2.62031,14.9673,55.5646,12.8393
4944,95.2027,2.28052,22.0991,49.6095,11.7404
4945,79.6853,2.48119,10.3462,47.1656,10.3491
4946,112.066,5.18987,20.6431,64.8912,11.4262
4947,73.077,2.17407,11.3303,39.561,12.4721
4948,98.4495,2.58414,10.9984,57.5748,15.8764
4949,85.4917,5.62737,22.7591,34.4867,14.4972
4950,77.7262,2.25486,13.4463,36.4484,17.0971
4951,61.7272,2.43773,10.3695,28.7047,12.7539
4952,72.5935,2.4564,12.7367,35.6198,12.9668
4953,88.5729,2.3969,17.326,44.246,13.3524
4954,72.3178,2.3304,10.7936,33.8683,14.5444
4955,63.3378,2.57627,10.8353,28.7861,12.905
4956,90.5757,5.32462,19.2122,43.5729,13.5723
4957,84.8702,2.39135,14.6348,44.6141,12.438
4958,123.294,3.40693,25.8132,64.4216,14.8542
4959,68.6927,7.42489,12.1566,29.3122,11.4849
4960,94.1524,2.53165,16.0045,53.089,12.8828
4961,96.0051,2.72414,19.3825,51.2261,12.8221
4962,88.4081,3.3241,17.9286,44.5742,13.0219
4963,63.9118,2.44181,11.1573,27.9082,14.0436
4964,67.811,2.48206,11.3825,28.5014,14.4178
4965,63.9077,2.57948,12.1157,28.9596,12.2306
4966,75.4191,2.29306,10.989,38.5889,13.3028
4967,86.5744,2.5054,13.9754,42.8507,14.5348
4968,95.9759,5.18521,25.1,43.259,12.765
4969,68.7563,2.23356,10.9954,33.3451,14.0807
4970,142.646,4.98658,21.2139,91.1176,15.8336
4971,97.5538,2.34527,14.1171,57.7457,13.0377
4972,105.033,2.21956,14.5958,66.4545,12.6442
4973,68.6271,3.11264,14.732,30.9919,11.9725
4974,85.4375,2.64219,12.5704,50.0093,12.2204
4975,62.7664,3.72513,15.4667,23.4857,12.2123
4976,88.6986,2.62498,16.1897,47.2446,12.312
4977,73.6017,2.81543,13.7578,35.7857,13.0908
4978,75.1257,2.45698,16.5476,36.8165,12.0513
4979,68.9748,2.70752,14.0748,31.1077,12.6183
4980,93.8657,6.09082,13.4918,53.4212,12.921
4981,79.4079,2.72735,12.1828,44.3752,12.2519
4982,71.2261,3.87884,14.778,31.1489,12.9196
4983,66.7115,3.39526,12.6413,29.4928,12.7714
4984,73.9786,2.74923,15.3552,34.0285,12.548
4985,69.1253,3.00677,14.0772,30.947,12.634
4986,98.5921,2.84606,16.3778,56.5143,12.8283
4987,59.1113,3.00093,13.6989,21.8722,12.6626
4988,58.4329,3.46526,11.5659,21.92,12.6034
4989,88.7604,2.90672,12.4978,53.7575,11.6946
4990,66.6368,2.61419,11.9436,30.9473,12.8813
4991,72.4033,3.08464,13.1622,35.84,12.4646
4992,86.9428,2.3514,16.0421,44.6955,12.9216
4993,87.9122,2.41148,15.8802,46.7468,13.1963
4994,70.163,2.44035,10.9925,29.6138,16.4367
4995,79.456,2.71131,15.903,37.6404,13.3235
4996,78.0044,2.28373,11.4414,32.5984,22.4325
4997,62.3152,2.47127,10.3911,27.4561,12.1875
4998,66.9681,2.38027,11.8209,27.4488,17.1609
4999,71.4108,2.64131,9.94604,39.5759,11.5998
5000,89.4129,2.67923,15.4938,47.0244,13.6519
5001,65.0959,2.81223,10.5256,32.093,12.1198
5002,86.5443,2.56694,15.2129,42.3587,12.688
5003,96.1704,2.5124,13.9025,57.5535,12.4856
5004,98.6125,2.57539,14.7279,58.3509,12.7507
5005,83.7242,3.23835,13.3877,46.8118,10.5288
5006,87.7623,2.5751,15.5495,50.0595,10.7239
5007,95.9479,9.66633,15.6915,49.8903,11.0602
5008,58.381,3.01552,10.1,25.0904,12.9099
5009,69.5284,2.58939,14.064,34.531,10.8377
5010,90.4894,6.68086,13.0216,49.6879,12.7746
5011,63.1613,2.65998,12.3485,28.2273,12.1811
5012,82.0515,2.43335,22.0705,37.2201,12.7174
5013,72.0524,2.6451,12.2359,36.5053,12.471
5014,88.5784,3.29989,19.2218,42.3036,12.8834
5015,76.325,2.81514,11.274,40.4115,12.2102
5016,89.4365,2.54564,19.127,39.9449,13.7342
5017,68.8599,2.80406,10.2456,33.7683,13.8456
5018,65.5515,2.49023,10.1724,30.2829,12.8708
5019,92.2417,2.41352,15.1957,50.0294,14.1588
5020,86.234,2.21227,19.1308,42.655,12.2925
5021,73.7642,2.52785,10.8426,37.1137,15.338
5022,73.7382,2.44502,11.8319,35.2707,13.7864
5023,79.5674,2.67135,11.0065,37.2376,19.3257
5024,76.8871,3.29464,12.6967,40.3337,13.0981
5025,87.1589,2.46427,15.1426,47.3776,12.4646
5026,74.1979,2.3161,11.0882,31.7363,19.7457
5027,64.8355,2.49315,10.2949,30.6854,13.3553
5028,88.5428,3.76801,20.1747,38.1765,13.4072
5029,96.0701,2.70694,14.9918,56.4601,12.5104
5030,106.576,2.48585,19.638,60.7954,12.62
5031,80.7297,2.71131,15.4763,39.6179,12.5935
5032,88.8943,5.42991,15.4871,41.477,17.8163
5033,69.1883,2.21052,13.5513,29.3487,14.7684
5034,103.993,2.85889,17.6037,53.9678,14.6827
5035,71.4761,2.92189,10.7927,32.2898,16.9988
5036,81.6187,2.31056,11.9305,32.7317,25.6615
5037,80.9966,2.40156,14.5803,41.7774,11.9871
5038,80.7093,2.38494,12.5999,45.3471,12.6495
5039,88.2981,2.78977,15.336,45.4299,13.1386
5040,95.8432,2.69673,19.0378,50.744,12.8043
5041,107.756,2.69264,18.4822,59.3919,15.5644
5042,75.8697,2.68594,11.0024,38.7943,14.9064
5043,96.8567,2.44094,11.8261,59.0045,15.322
5044,64.6742,2.34965,10.7659,21.6467,20.6746
5045,83.8424,2.48702,14.4555,42.1175,12.6728
5046,92.622,2.4319,15.777,53.2669,12.1461
5047,95.6877,2.82739,10.3824,62.2814,11.7007
5048,97.1116,4.14892,18.1969,51.4347,12.9149
5049,79.6695,2.60194,16.3029,37.4459,13.6928
5050,81.4274,3.04906,15.7391,40.8371,14.0748
5051,98.5927,2.56781,15.0761,56.4498,13.1126
5052,67.4427,2.6696,11.2702,29.188,16.5003
5053,82.1032,2.51327,11.3087,42.2356,16.4117
5054,79.8708,2.64802,11.2731,37.1335,20.6061
5055,83.8663,2.51969,14.743,44.5301,12.9373
5056,60.0997,2.56169,11.4846,21.8894,15.2497
5057,69.4645,2.56256,14.2055,28.3139,13.9494
5058,61.6496,2.42023,10.6119,25.814,12.1046
5059,69.0121,2.67019,9.64038,37.7941,11.0981
5060,72.5398,2.53456,11.6855,38.285,11.7266
5061,63.161,2.73202,11.0984,28.35,12.7478
5062,65.9794,2.6801,13.7385,26.7304,13.2278
5063,88.5355,2.43073,21.3991,39.5739,13.9917
5064,87.5809,2.97381,15.9208,43.8517,13.8004
5065,94.027,2.55352,13.5773,50.9537,16.2227
5066,81.0815,2.59406,13.9967,34.7804,21.3907
5067,62.8548,2.62235,10.5641,28.0861,12.8816
5068,86.316,2.46602,15.2494,38.3938,19.0856
5069,78.9328,2.45319,13.4011,41.7678,11.7873
5070,82.3873,2.85568,15.2774,43.4375,11.9008
5071,89.9338,2.71218,14.9309,51.0264,10.5127
5072,96.8576,2.69264,16.0771,55.7195,12.3368
5073,100.801,2.6206,21.953,52.0011,12.8767
5074,133.242,2.38494,19.0279,84.9443,12.8895
5075,111.591,2.47652,15.0607,75.0114,10.5559
5076,99.0518,2.88456,15.1441,59.2443,10.8053
5077,132.579,2.67048,13.2095,96.8745,10.8239
5078,100.521,2.67573,15.7052,61.752,9.9685
5079,88.4845,3.02864,14.3172,40.4777,20.4702
5080,99.1442,2.38611,20.3296,53.9908,12.2371
5081,101.662,3.00064,15.0458,59.3758,13.3804
5082,95.5051,2.64773,13.7744,58.3567,12.6947
5083,59.8057,2.77635,14.5036,21.5374,12.8452
5084,91.4834,7.08219,16.6709,46.8833,11.7156
5085,87.858,2.81981,17.0796,46.4846,11.8661
5086,89.0576,2.45815,14.0611,45.4693,12.8498
5087,80.4742,2.54506,14.7392,41.374,12.0574
5088,98.7029,2.54098,24.1938,47.4223,12.2441
5089,93.0604,2.39165,18.5466,49.4432,12.87
5090,71.9856,2.6101,11.066,37.6072,12.9242
5091,70.8514,2.64539,10.7058,35.8038,13.6534
5092,102.18,2.46806,15.9505,58.4247,13.6207
5093,65.3395,4.965,14.9116,24.2554,13.3317
5094,101.132,2.43073,13.0496,64.9043,12.6337
5095,99.8442,2.36131,17.9327,54.6086,14.8833
5096,69.8679,2.35694,11.8229,31.5767,13.5965
5097,64.7489,2.46427,12.0991,28.9439,12.8003
5098,87.9365,2.33886,22.8496,38.3719,13.8091
5099,89.5651,2.41585,14.2221,46.4076,16.7307
5100,98.1001,2.55381,19.6188,53.7957,12.3234
5101,66.3933,2.49431,12.1122,30.6011,13.3034
5102,81.5767,2.41469,10.7843,47.5561,13.0018
5103,73.4358,2.57335,10.5935,40.436,12.0478
5104,85.2286,2.27819,14.3335,47.4818,12.7498
5105,83.754,2.71131,11.0217,42.6827,18.4154
5106,91.0981,2.46806,14.7223,51.1468,12.8498
5107,88.8316,2.85831,25.0589,39.6267,12.6652
5108,80.1826,2.77227,12.8058,42.5276,13.2815
5109,84.4893,3.4011,14.9624,39.6404,13.1158
5110,77.4374,2.59931,18.98,31.2708,14.1288
5111,55.5019,2.80727,10.2928,24.5062,10.9403
5112,109.128,2.56606,15.3095,65.0449,11.4117
5113,61.3938,2.40944,9.82558,29.4315,11.9101
5114,73.1943,2.80464,11.8109,38.2929,11.8675
5115,68.2488,2.77985,13.6557,30.7213,10.0032
5116,67.382,2.49606,14.148,32.3741,10.5615
5117,64.246,3.66709,11.9092,27.1913,12.8548
5118,72.7553,2.72123,14.4718,36.3755,11.7059
5119,65.3392,2.32019,11.6744,33.7371,10.5559
5120,98.0146,4.80283,17.5666,52.7924,12.1116
5121,86.9897,3.23047,15.6944,43.8304,13.9345
5122,63.8255,2.30969,11.227,29.722,13.0528
5123,83.3745,2.74923,14.8845,40.786,13.2281
5124,86.8733,2.37998,11.5417,47.5669,16.2428
5125,87.0364,2.83118,11.2941,50.2018,14.0678
5126,112.002,2.48644,18.311,65.3541,14.0897
5127,108.345,2.47156,21.4825,60.5069,13.4265
5128,73.3707,2.23735,11.7567,34.1985,14.3245
5129,72.1434,2.2671,12.6276,35.742,13.4128
5130,103.157,4.72525,21.8946,51.8605,13.5496
5131,75.546,2.38173,11.3778,39.9752,14.1017
5132,91.2772,2.79823,16.0838,48.4093,14.9834
5133,79.7217,2.09823,14.79,40.8645,12.5853
5134,71.491,2.40477,12.9298,35.9628,12.0985
5135,116.942,6.35974,26.5143,47.2449,15.646
5136,72.7577,2.21198,14.6687,33.5732,13.3261
5137,77.9178,2.34906,13.6808,40.0359,12.3234
5138,119.279,4.979,18.7896,74.9259,11.3527
5139,97.384,6.34049,16.7389,52.2184,12.142
5140,110.348,4.92767,18.6715,49.242,20.5078
5141,69.3341,2.0539,11.4222,33.8071,13.9684
5142,101.874,2.34877,12.3216,59.6226,17.3832
5143,128.359,5.15458,19.9912,67.706,16.9792
5144,96.0071,2.12536,13.5498,58.9415,14.1725
5145,96.9894,2.43248,11.7996,54.3895,15.4821
5146,117.367,5.15837,26.1203,54.6923,20.7986
5147,71.7891,2.11194,14.0603,30.9543,14.6716
5148,125.81,4.98571,15.4868,85.154,11.7695
5149,101.336,4.55229,25.1627,49.4251,12.3861
5150,72.4546,2.35577,11.8095,38.4661,11.2944
5151,90.1146,2.81573,14.7489,39.8291,14.1378
5152,76.6657,1.98915,13.1774,32.655,21.1392
5153,68.8753,2.31319,11.2151,32.6116,13.8365
5154,126.354,4.825,22.66,66.9142,13.5213
5155,97.303,2.54915,14.804,58.4725,13.9798
5156,124.157,2.43306,21.3221,67.2047,17.2966
5157,96.2352,1.97748,14.8209,55.8557,13.6397
5158,79.6307,2.92393,17.5381,37.83,13.6636
5159,79.6707,2.72881,15.4728,39.1655,13.8284
5160,76.1442,2.58735,15.0373,35.3847,14.694
5161,97.8011,2.81018,22.6527,46.6161,12.8134
5162,91.6362,2.42927,15.1257,49.3292,13.5796
5163,80.4042,2.33361,13.4206,35.3243,19.3636
5164,76.6639,2.42315,13.5239,37.5264,12.0352
5165,52.8049,2.39165,9.2688,22.569,10.5588
5166,82.52,2.49198,17.8848,31.486,10.2438
5167,79.0602,2.75331,11.5353,43.1724,11.8836
5168,111.545,3.94622,17.4077,70.1149,11.5479
5169,67.9799,2.40915,11.1004,34.2828,12.744
5170,62.9128,2.41148,13.6268,25.5719,13.616
5171,71.0348,2.44677,9.84979,29.8002,20.3086
5172,71.7867,2.39106,13.1803,32.7647,14.4829
5173,75.9141,2.47215,12.823,25.9978,17.2782
5174,74.0862,2.46515,10.6825,36.9789,16.2466
5175,61.7602,2.43481,10.6145,27.2563,11.6517
5176,98.9179,2.15948,14.1101,53.2824,19.7299
5177,72.0609,2.37677,12.7169,34.601,13.8794
5178,90.765,2.55702,24.2822,42.401,11.0523
5179,70.4739,3.23164,10.7093,36.6788,11.8465
5180,95.756,2.5716,23.5755,48.7184,11.8074
5181,89.0086,2.44269,10.8199,54.4934,12.0373
5182,99.3335,2.46952,16.9145,57.4255,12.4503
5183,82.5716,2.61739,16.1623,41.248,12.2126
5184,70.4363,2.58677,10.9342,30.8578,18.5186
5185,76.0514,2.5016,14.4931,37.0854,12.3094
5186,76.1739,2.44064,14.9172,33.8135,12.2636
5187,67.3374,2.28781,10.8607,32.9149,12.9461
5188,76.4752,3.26489,15.7924,36.4598,11.4817
5189,93.7397,2.75943,10.9082,53.8832,16.9512
5190,77.247,2.47798,11.2991,39.368,14.3685
5191,63.2713,2.53485,11.7261,27.0813,11.9632
5192,74.3032,2.26098,10.7122,39.8775,12.4196
5193,60.4564,2.58094,10.264,27.9128,11.7765
5194,81.6919,2.5296,13.243,44.4006,12.6183
5195,88.4638,3.08552,14.1947,47.0866,13.4521
5196,68.2567,2.27848,13.3667,32.032,12.704
5197,91.7319,3.28414,13.4804,43.052,16.2136
5198,79.2032,4.91279,15.3882,39.0675,10.618
5199,68.9687,2.35577,11.2378,35.1251,12.5955
5200,123.002,5.14758,21.5936,59.1314,13.9491
5201,63.7992,6.60444,12.2123,25.1277,10.9534
5202,102.599,2.7221,18.276,49.7346,21.9098
5203,104.796,6.09957,15.9628,51.3979,21.1083
5204,143.858,4.62813,24.2172,85.3695,19.316
5205,141.206,2.42052,17.8277,89.2682,17.3951
5206,88.4445,7.22831,15.329,40.2231,15.4442
5207,63.588,2.41615,10.45,27.849,12.4275
5208,92.8589,2.41002,14.0947,39.2417,22.4042
5209,61.2676,2.17086,10.6224,26.5225,12.5165
5210,95.4666,2.07782,15.1864,51.1069,14.5675
5211,114.42,5.09333,20.6498,64.6374,11.9372
5212,101.541,2.7431,19.5727,55.0242,12.2435
5213,80.5655,2.71394,14.585,39.9734,13.4603
5214,96.2352,2.72006,18.353,51.5336,12.9709
5215,79.2542,2.42169,15.7799,37.443,13.0572
5216,77.9178,2.46135,10.9893,42.6891,13.0356
5217,102.548,2.4631,16.7759,59.8515,12.9528
5218,84.2084,2.52027,17.8271,40.0531,13.339
5219,64.7465,2.62819,11.4624,30.5451,12.4573
5220,95.525,2.3514,14.7293,56.7261,12.2989
5221,67.9446,3.77938,16.7135,28.9316,10.7079
5222,83.4728,2.79298,16.0386,42.6454,12.1184
5223,68.1992,4.20784,12.6302,32.8026,10.8111
5224,106.126,2.55498,26.6706,55.6008,11.3495
5225,89.1617,2.52348,15.8869,45.0373,13.2833
5226,106.333,2.39048,14.0107,60.4226,13.6843
5227,73.5061,2.75943,14.1486,33.1491,13.1205
5228,70.6696,2.80202,12.1697,30.8254,15.7347
5229,66.9556,2.81835,9.81275,32.6008,13.759
5230,89.2029,2.58706,25.2021,38.5329,11.2486
5231,72.5835,2.31494,10.884,34.9175,15.4798
5232,79.5721,2.30385,10.4425,37.1356,22.2971
5233,72.2414,2.83206,10.1942,39.2072,11.4306
5234,77.6156,2.38435,12.0081,40.9943,13.7114
5235,81.5356,2.52494,10.8601,45.9004,12.9957
5236,67.3461,2.35431,10.394,27.8811,17.4923
5237,79.2122,2.40506,10.4509,45.4156,12.2231
5238,90.9263,2.38202,19.8959,46.1156,12.7889
5239,65.8161,2.64248,11.2997,28.887,15.1441
5240,56.5015,2.29948,10.5965,20.6104,12.3062
5241,93.1619,2.63314,10.3827,56.7342,15.8989
5242,89.5966,2.75156,21.6421,42.9309,12.4328
5243,68.9593,2.44619,11.7491,29.2446,16.2676
5244,81.4169,2.39281,11.4125,43.8628,13.4017
5245,62.954,2.47856,10.4174,28.3871,13.2631
5246,75.3089,2.42198,12.6346,35.1998,16.8696
5247,63.4136,2.35431,10.9526,28.2623,13.1415
5248,108.597,2.35665,20.1677,63.2168,12.856
5249,102.04,2.68448,16.4997,60.0464,12.1653
5250,108.4,2.34206,22.821,57.3835,13.7374
5251,60.4949,2.68331,11.162,25.9438,12.4179
5252,72.5427,2.72939,13.0176,37.3199,10.966
5253,67.2318,2.56927,13.5802,30.5369,11.9655
5254,83.628,2.75914,18.7391,41.1856,13.2488
5255,68.1059,2.5509,13.3419,31.6094,11.7809
5256,79.0314,2.4106,13.4303,42.1043,12.5433
5257,74.0897,4.32742,13.5251,35.9263,12.6273
5258,80.6539,3.34772,22.0778,35.0198,12.2878
5259,127.693,7.6276,22.6932,67.8749,16.6351
5260,95.4602,2.19681,16.841,57.2761,10.5501
5261,80.8651,2.86502,12.7037,43.4087,11.2069
5262,90.7971,5.77291,20.2826,45.0137,9.08826
5263,73.3153,2.4144,15.8403,34.2863,11.0386
5264,69.4444,2.60894,13.173,31.8214,13.3107
5265,81.1591,3.10826,16.1976,39.4088,13.1392
5266,91.4198,2.9146,17.8291,46.1955,12.4651
5267,62.9207,2.52377,10.9873,28.9943,12.6474
5268,91.7048,2.39952,21.3163,41.9781,14.2606
5269,55.875,2.4876,10.7254,22.443,12.7233
5270,77.1691,2.65939,13.9267,39.4744,12.9543
5271,77.8758,2.97818,15.5924,37.2283,12.233
5272,92.5964,9.02788,13.1258,47.9814,13.3591
5273,69.4429,2.57452,10.9995,33.8596,11.7039
5274,129.994,2.38319,25.917,79.3528,12.5544
5275,74.2466,2.37911,12.8245,40.266,11.4478
5276,73.2955,2.36481,10.1998,34.6678,18.523
5277,76.0167,2.49869,15.3462,36.3008,12.3435
5278,90.4019,2.54885,16.344,48.1873,13.0146
5279,82.6597,2.64102,12.4619,45.6119,12.928
5280,87.1105,2.41965,15.7306,45.3051,13.199
5281,72.0238,2.46456,13.5078,35.714,12.7279
5282,93.4413,2.5821,22.6372,47.4438,11.7328
5283,71.1369,3.5443,13.7899,30.3529,13.5624
5284,70.5069,2.80173,16.0334,30.5299,13.6455
5285,75.9243,2.64306,13.7324,37.5136,13.0024
5286,91.1194,2.98693,16.3936,46.64,14.6973
5287,69.4137,2.59727,11.6634,32.6766,12.9161
5288,82.2852,2.39631,13.8847,42.7171,14.7413
5289,62.9729,2.72619,11.7488,27.6054,13.1412
5290,82.66,2.87552,15.4775,40.1181,11.5082
5291,84.2676,2.48702,15.8263,37.3794,18.0604
5292,65.2791,2.77052,13.0272,26.6219,12.3009
5293,73.2847,2.49606,13.3804,35.0814,11.1623
5294,71.7173,2.44415,11.5423,36.3982,12.7798
5295,69.902,2.39544,11.1034,35.1449,12.2785
5296,87.3307,2.60077,21.3034,36.0599,14.7492
5297,68.3387,2.5961,10.6819,29.55,13.0199
5298,93.9538,2.58152,15.5976,41.8944,14.5558
5299,81.4618,2.4704,14.8206,38.7899,14.902
5300,76.0298,3.1911,13.8584,37.8358,12.8064
5301,100.283,2.56402,18.6825,50.119,12.3645
5302,94.9551,2.45727,17.7883,51.0196,13.696
5303,79.5129,4.56484,14.067,39.0521,13.1724
5304,109.311,3.97509,21.4971,61.876,14.0605
5305,62.6089,2.88456,11.5837,27.9073,12.1965
5306,69.6214,2.33127,11.0856,35.8414,12.1586
5307,78.2167,3.50405,16.1004,32.6463,13.5601
5308,89.82,2.30736,15.4766,43.3457,16.0097
5309,87.4062,3.67584,16.4913,42.0276,13.5752
5310,79.6319,2.68973,10.3045,42.8396,16.1742
5311,96.3871,2.63285,17.8603,54.1367,11.8827
5312,101.911,2.3056,14.5631,62.4065,12.2204
5313,101.699,2.46602,14.6812,60.5168,12.7936
5314,85.1458,2.74718,15.1105,36.0083,24.0282
5315,90.2467,2.56431,12.0813,48.2229,17.7002
5316,72.5739,2.31319,11.0757,30.5215,20.0703
5317,85.4623,2.51939,13.9538,43.7275,14.697
5318,89.3811,2.51035,16.3446,49.911,10.8105
5319,99.79,2.58881,13.3923,61.6876,12.4404
5320,79.3513,2.43569,14.3268,39.7792,13.6178
5321,90.1236,3.09135,14.2198,55.7373,9.56863
5322,56.5053,3.11701,8.56005,26.9439,11.2927
5323,74.1232,2.51998,24.9274,29.1725,9.55579
5324,85.2797,3.60876,16.3816,45.4354,10.1079
5325,86.4662,3.36172,11.2929,51.3705,10.4287
5326,90.9275,2.44765,18.4131,45.723,13.4941
5327,65.6513,2.57277,11.6202,28.8141,14.3111
5328,91.5793,2.61127,16.7716,44.5473,17.1128
5329,94.3009,2.55235,19.2933,49.2714,13.3404
5330,81.7415,2.4809,14.1833,38.798,18.9191
5331,62.8915,2.50014,11.3145,26.6362,13.8526
5332,79.4773,2.48002,14.8979,40.6568,13.4177
5333,62.8341,3.07618,11.1462,22.2385,17.6151
5334,70.9937,2.57335,12.0731,35.5381,12.9126
5335,63.9036,2.57977,12.3584,28.0281,12.6095
5336,87.0422,2.78481,17.2021,43.4924,13.586
5337,80.2925,2.65356,15.2479,32.4506,20.0096
5338,69.7398,2.39836,10.912,30.868,15.8312
5339,71.999,2.63139,10.7265,33.7887,15.8126
5340,75.4293,2.51677,14.23,35.6714,14.1682
5341,60.7563,2.84139,12.389,22.7889,13.0418
5342,58.3643,2.67048,11.8879,22.9484,12.1361
5343,64.2883,2.93939,12.478,28.8459,12.191
5344,74.5173,2.43685,13.0088,33.392,18.1628
5345,85.2333,2.88339,13.742,48.4492,12.8382
5346,84.1612,6.67007,16.6426,38.7986,12.844
5347,81.7342,2.16881,13.15,41.6724,15.7563
5348,110.872,5.11404,18.9022,53.381,19.006
5349,117.586,2.34673,16.4566,76.8503,12.135
5350,93.8383,2.73056,20.5381,47.73,13.5248
5351,63.8753,2.49985,11.7917,27.0673,13.1581
5352,83.4679,2.38115,17.2677,42.1452,12.0542
5353,56.6526,2.51648,10.469,24.7958,10.5145
5354,87.0635,2.78218,14.1997,46.8343,12.7658
5355,55.5419,2.60223,11.3425,23.4425,9.76637
5356,83.5799,2.19536,26.0339,36.3974,10.8318
5357,84.9268,2.80523,14.6911,43.8237,12.9248
5358,94.139,2.47594,15.1581,46.5689,18.896
5359,66.3215,2.32631,11.7759,28.9345,13.4877
5360,76.0115,2.76206,12.1268,34.6669,15.1237
5361,55.4054,2.77227,10.1934,22.1583,12.3103
5362,57.5337,2.90293,13.1584,21.2609,12.1916
5363,86.099,2.6206,18.4626,43.5277,11.8007
5364,75.1581,2.68448,10.7697,40.0656,12.562
5365,64.6337,2.50014,11.3697,29.9455,12.667
5366,95.5801,2.52202,16.4907,50.3293,14.8355
5367,75.9289,2.79356,15.7837,32.4526,13.4066
5368,89.7133,3.2366,16.2568,46.0809,13.4638
5369,86.2043,2.66027,14.4989,44.279,12.7787
5370,122.365,2.33506,14.5809,82.9621,12.3179
5371,71.4691,2.53748,16.0302,34.0982,11.33
5372,88.4428,2.60719,12.9508,51.9693,12.0959
5373,63.0231,3.42093,11.7337,28.2048,11.8401
5374,75.3062,4.03372,17.6678,32.4339,12.8501
5375,86.8281,3.40664,22.5115,37.487,13.1348
5376,74.1384,2.80173,10.7758,39.4254,12.7326
5377,92.2204,3.33518,12.2105,54.141,13.3005
5378,112.351,2.68127,20.28,67.604,12.2403
5379,97.4952,2.59552,11.2638,62.8513,12.7148
5380,73.9162,4.61238,17.2374,32.5383,11.5123
5381,95.5363,10.0341,18.8567,47.389,11.3347
5382,68.7986,2.86939,11.9661,32.5911,12.9301
5383,71.6846,2.51035,12.2662,35.8216,12.7308
5384,86.4627,2.85306,17.9368,41.9743,13.4632
5385,68.9552,3.35035,12.592,32.5054,12.0428
5386,105.513,3.09193,15.0551,56.766,19.3484
5387,64.5575,2.59931,12.3642,27.5567,13.0006
5388,117.42,2.40973,15.9637,76.3545,11.7993
5389,103.946,2.58706,18.588,59.8358,12.4048
5390,114.658,2.69206,19.3111,63.1777,18.6706
5391,81.5875,2.63548,18.0272,39.011,12.6891
5392,99.4321,2.4841,15.278,59.1728,12.9957
5393,93.7432,2.51881,14.8087,54.1539,12.3111
5394,95.3176,2.53281,15.7773,53.3019,13.2733
5395,103.515,3.96138,17.1563,57.9971,13.6951
5396,91.3895,3.3346,18.3498,43.579,14.6395
5397,82.5596,2.63402,16.2868,41.3822,12.3351
5398,87.0976,2.56285,16.3565,45.0175,12.0358
5399,71.6811,2.5156,11.9527,35.9012,13.7972
5400,103.258,2.33477,15.7802,63.2684,11.6768
5401,81.1976,3.02368,20.0898,36.3136,13.0747
5402,73.2964,3.40897,15.7895,33.1812,12.3846
5403,65.709,2.77052,13.9159,28.3786,12.2858
5404,93.248,3.25468,16.8477,50.6367,12.8828
5405,71.5788,2.99743,12.6323,35.5107,12.4199
5406,99.3006,3.21939,15.7551,56.0952,13.6656
5407,85.6303,2.46485,15.7957,41.4685,15.8954
5408,83.8928,2.70635,17.8408,40.4836,14.5234
5409,64.6246,2.66814,10.758,22.886,19.9743
5410,69.8582,3.21589,13.1751,30.1452,14.6369
5411,86.0024,2.8726,17.562,41.6744,12.921
5412,93.5612,2.46981,17.3214,40.6364,12.9187
5413,74.8504,2.66727,11.7211,40.8604,11.7441
5414,92.09,2.65969,11.3568,57.4672,12.6081
5415,76.2232,2.76848,15.7574,37.5558,11.8071
5416,102.74,2.46456,20.7017,56.6024,12.4876
5417,87.7594,4.10809,17.2423,40.5544,13.3614
5418,93.4212,2.41527,16.5852,44.274,14.9163
5419,68.8745,2.52523,11.6184,29.3324,16.3017
5420,72.9951,2.48731,11.4359,32.4077,16.8535
5421,88.7461,2.55381,15.7706,39.9662,19.197
5422,97.9878,2.51444,18.012,54.3636,13.3696
5423,75.3179,2.47331,11.5038,38.8993,12.9312
5424,105.551,2.40594,15.184,64.5424,12.4599
5425,80.2216,2.80785,11.7336,46.2961,11.4513
5426,103.208,7.83614,13.4335,50.9141,13.5446
5427,86.8313,1.97398,21.2836,41.6741,12.1125
5428,86.6528,2.18223,18.1331,42.5153,11.7972
5429,95.4235,2.46427,17.3765,54.2927,11.6648
5430,91.2964,2.83614,25.0172,41.1596,12.1822
5431,88.612,5.03033,17.2665,43.7164,12.4097
5432,96.2331,2.28431,16.0351,53.6971,13.1739
5433,64.6622,2.41352,12.2397,27.7615,13.7082
5434,71.3285,4.97229,15.2222,29.5634,13.0928
5435,82.1843,2.47477,11.2431,45.7881,13.136
5436,99.3595,2.77373,13.2903,58.6475,15.2272
5437,88.3489,2.53602,10.4112,51.1025,15.6988
5438,79.6617,2.7221,12.396,44.669,12.1959
5439,65.5681,2.79181,12.2939,29.6383,13.0552
5440,96.8168,2.67077,17.4824,51.4189,13.2348
5441,92.7107,2.67689,17.7396,48.3433,13.4133
5442,67.4118,2.47273,12.6215,30.6399,13.4329
5443,69.048,3.20656,13.1923,33.742,11.0506
5444,79.1416,2.9741,22.0574,34.41,10.7487
5445,99.7203,2.48848,13.3871,65.8858,10.2879
5446,81.071,3.94709,19.5648,42.4118,8.62889
5447,71.3591,3.62334,10.5623,40.3302,9.72875
5448,63.115,3.07443,10.194,30.5206,10.9709
5449,87.0413,2.84314,18.3317,48.0313,10.229
5450,75.7105,2.71948,9.91775,43.5294,10.5057
5451,79.7524,2.58006,13.7295,40.2607,13.3075
5452,100.017,5.16771,19.6249,52.4465,12.5459
5453,115.86,2.43569,16.1839,69.1929,15.6489
5454,114.763,9.68383,26.6164,47.9271,13.3503
5455,85.1616,2.05536,16.1818,43.6061,13.276
5456,113.706,5.26454,19.5088,67.9636,12.6848
5457,64.3023,2.73056,10.5965,30.2252,12.4637
5458,94.1693,2.76731,14.4458,52.3736,12.6471
5459,59.1708,2.4774,13.045,22.3683,12.4724
5460,95.6533,3.4288,18.6344,48.399,13.8829
5461,77.7711,2.54944,11.3886,40.7192,14.7652
5462,68.8424,2.56315,10.9409,33.4874,13.6645
5463,80.3751,2.64481,14.7777,36.6648,12.7481
5464,113.464,2.3829,16.799,71.3571,12.1951
5465,86.7931,2.51764,15.5335,44.7567,12.3161
5466,87.3333,2.40419,13.6936,51.3154,11.7943
5467,98.4416,8.30105,19.0188,45.2908,13.6096
5468,101.673,7.57189,23.8237,47.0411,13.0301
5469,91.1483,2.27994,11.7097,51.7704,14.1352
5470,112.035,5.48095,26.8398,54.6337,12.7183
5471,63.8123,2.49227,11.0602,28.985,13.0528
5472,77.6985,3.1876,12.4803,39.5462,13.3711
5473,87.9093,2.96448,16.1357,44.0591,13.0715
5474,78.8724,5.49437,16.0129,34.3312,13.8721
5475,82.0769,2.3441,15.2257,38.4921,14.7331
5476,97.7262,3.22901,19.4537,48.5449,15.6358
5477,110.692,2.72823,14.5718,70.5591,12.9149
5478,96.7112,3.22318,11.4152,59.4085,13.1112
5479,71.8159,2.54098,13.633,30.7992,13.2669
5480,103.198,2.95368,13.5466,66.5525,12.4409
5481,104.584,5.48562,17.3251,57.9668,12.8227
5482,75.1992,3.09368,16.9396,34.2367,12.7119
5483,70.3319,2.7291,12.0061,35.4296,12.0084
5484,97.3307,2.46223,16.0115,55.4987,12.702
5485,78.4953,2.91314,14.4919,41.6765,10.4328
5486,110.986,2.91343,20.6104,56.8739,13.2424
5487,61.5758,2.59406,12.9233,25.9704,10.362
5488,64.715,2.48877,9.92679,26.731,16.4604
5489,112.413,2.93181,24.0451,62.2671,11.8217
5490,74.0567,2.74631,11.7751,34.2425,16.6383
5491,96.6805,3.06452,14.2315,55.7633,12.1904
5492,80.5276,2.95602,16.5257,42.2508,10.8126
5493,84.6042,2.56227,16.0299,45.0137,11.3466
5494,103.754,2.76177,17.1289,56.5426,16.9594
5495,67.7294,2.48994,13.5064,31.8322,10.674
5496,86.1083,3.07181,16.5899,43.2144,11.498
5497,94.8988,2.61623,10.369,50.1703,19.1778
5498,100.462,6.10774,22.424,49.5768,12.0594
5499,88.4081,2.40215,16.1675,47.2446,12.1259
5500,106.062,4.00484,33.2471,44.2072,12.422
5501,69.8355,2.61214,10.5483,34.4942,12.4465
5502,91.4988,3.99784,18.9935,44.3814,12.5351
5503,89.2982,2.93589,15.4098,43.6073,15.8105
5504,79.4269,2.43685,10.8514,40.8729,16.2113
5505,77.933,2.99277,11.1917,35.2899,19.9227
5506,75.7169,2.40565,10.6332,37.8568,15.8347
5507,96.2448,2.53456,20.0995,52.0282,11.7322
5508,86.6517,2.4666,11.2504,46.8748,17.8831
5509,72.898,2.58706,11.8039,38.3623,12.4328
5510,75.7793,2.41469,9.51759,43.9774,11.1737
5511,77.6947,2.51764,9.76871,47.0384,10.604
5512,79.0847,2.38494,9.86087,48.871,10.5387
5513,80.882,2.81252,14.6768,42.947,10.989
5514,68.784,2.80143,12.4529,31.8862,13.8558
5515,67.4115,2.6661,11.0482,35.0411,11.031
5516,75.7472,2.55294,13.416,38.6394,13.0832
5517,90.0297,2.52639,15.5238,48.8829,13.0925
5518,71.836,2.46485,11.3574,38.6849,12.0291
5519,72.996,2.48935,11.5884,40.2249,11.094
5520,101.88,2.40127,16.1836,60.1651,12.8111
5521,100.254,2.71569,17.7571,55.7382,14.1431
5522,73.446,3.87505,15.4737,30.7814,12.5241
5523,100.267,2.64044,19.5686,54.0063,13.9967
5524,93.7414,2.44998,16.106,43.336,12.366
5525,75.4882,2.54798,16.5236,33.5373,11.7196
5526,92.958,3.52184,21.0176,44.9137,12.6754
5527,70.8053,2.74952,11.0412,36.3192,12.7498
5528,94.407,2.37327,10.8744,60.6023,12.7081
5529,69.2729,4.38488,14.1486,30.4553,12.4859
5530,71.2961,2.62294,12.0761,35.511,12.1662
5531,83.7204,2.82798,12.3091,48.5131,12.3249
5532,78.5008,2.74048,14.2353,40.3582,12.4975
5533,72.0536,2.61856,15.4637,32.9977,13.2416
5534,79.5599,2.60164,12.3383,43.3617,12.7463
5535,78.9322,2.67281,14.9061,40.1263,12.9172
5536,91.8334,3.10622,24.1851,41.1833,12.9607
5537,93.7619,2.80289,24.9571,41.0882,12.3858
5538,95.7895,2.68885,18.7493,50.7709,13.3258
5539,64.1498,2.5786,10.609,27.0737,14.0022
5540,84.8422,2.54915,19.3219,38.0324,14.4852
5541,84.125,2.51735,15.4413,43.3419,13.0453
5542,86.526,2.70489,21.6079,40.8712,11.3904
5543,80.1826,2.4561,10.2514,47.3359,12.2744
5544,103.917,2.3616,15.3223,65.5049,11.5928
5545,84.6299,9.65583,15.3599,38.2672,11.3236
5546,86.1354,2.58619,16.1136,40.7481,11.6622
5547,69.3924,3.24622,11.8436,34.3965,12.0941
5548,92.5305,2.67748,18.4166,47.135,13.8896
5549,66.2235,2.62965,11.6027,32.2788,12.0723
5550,70.3593,2.50365,20.968,27.333,11.2591
5551,67.2388,3.17681,10.5247,27.6477,17.1423
5552,97.0352,2.95573,15.6434,56.2851,12.4526
5553,60.315,2.53106,10.4824,27.3027,12.3756
5554,74.2965,3.10972,11.701,34.8022,15.8759
5555,59.3286,2.77052,10.7516,26.6502,11.1941
5556,73.1657,9.3455,12.0554,31.7978,11.5511
5557,78.8978,3.00035,16.2959,40.5991,10.8639
5558,92.9735,3.06306,16.8261,51.2422,11.6485
5559,81.1663,3.13072,13.8456,43.6213,10.772
5560,79.8302,2.6486,16.5487,38.3874,11.3169
5561,78.9112,2.57773,14.7556,34.372,14.9498
5562,81.2585,2.65298,18.383,34.9714,13.4801
5563,92.916,2.64364,15.145,49.0121,14.4415
5564,72.8437,2.48906,13.5102,36.4394,12.4719
5565,57.9758,2.80552,11.064,20.87,13.2381
5566,98.9958,2.62935,16.3877,57.3782,12.464
5567,83.1415,2.74689,12.7895,48.0814,11.5435
5568,82.8708,2.4701,24.004,34.683,11.6526
5569,77.2668,2.40652,10.5816,45.2631,11.3787
5570,72.0259,2.40156,11.4335,36.7299,13.4892
5571,73.7403,2.48235,12.3759,32.394,18.6225
5572,79.1282,2.31115,10.191,45.1251,13.3037
5573,68.7555,2.43831,9.90229,36.1279,11.8999
5574,74.2347,2.38756,10.3937,39.3513,12.5007
5575,72.4666,2.60894,11.5254,36.9833,12.9595
5576,92.6182,2.36656,28.9792,38.3153,12.1513
5577,97.807,2.76206,12.3736,63.2678,11.3667
5578,114.148,2.32719,16.6053,71.2072,11.2918
5579,86.0721,2.3721,14.8139,38.4903,17.8676
5580,76.9495,2.86356,12.9391,34.6395,16.3212
5581,78.3223,3.60439,13.8605,36.4954,13.5776
5582,64.5963,2.62556,15.0551,25.8187,13.0908
5583,51.7468,2.4809,10.1925,20.019,11.1979
5584,83.8039,2.36656,14.4992,45.2829,12.172
5585,69.5987,2.58298,13.0006,32.7378,12.0031
5586,66.9343,5.34708,14.0675,27.2035,12.0005
5587,89.202,2.95047,15.4795,49.2807,11.6292
5588,84.6599,2.71394,13.6954,44.8652,14.8877
5589,80.142,2.57277,12.9566,42.0842,10.8604
5590,83.4113,2.73231,17.6921,39.7681,12.8248
5591,59.6576,2.46981,11.9136,25.7394,11.2539
5592,100.282,2.74106,13.4498,61.3262,12.8615
5593,81.4916,2.68448,16.4609,40.3331,12.0556
5594,87.3908,2.36802,17.3733,40.1097,11.4318
5595,77.6955,2.52814,17.0796,36.2431,11.8404
5596,81.5018,2.41965,22.1388,33.6499,11.4887
5597,74.0888,2.78306,11.7223,39.0973,12.9009
5598,75.0362,2.76381,12.3444,35.3459,16.6943
5599,91.5251,2.35081,14.5164,52.4806,12.3421
5600,82.3663,2.61769,11.9871,47.3978,12.5028
5601,78.0861,2.49548,15.3027,39.2247,11.5064
5602,72.9403,2.5436,10.2214,41.6648,11.1363
5603,86.9792,2.42956,9.93962,55.9391,10.8199
5604,74.1556,2.5086,12.8519,39.6331,11.3586
5605,68.5207,2.60806,12.2709,35.3302,10.9564
5606,102.178,2.36831,13.4723,63.6624,11.5137
5607,95.5606,3.01785,24.3974,47.2592,11.1906
5608,70.2211,2.35781,11.8588,35.9068,12.0729
5609,81.7217,2.70927,17.3899,39.188,11.9964
5610,95.8528,3.21997,19.0428,49.7944,14.1822
5611,60.7907,2.50714,10.7968,27.396,12.3281
5612,65.7038,3.05168,12.0772,27.0329,14.9323
5613,73.2678,3.13131,10.8759,38.3506,12.0886
5614,84.2781,2.58356,15.7318,44.1095,11.6677
5615,85.1292,3.27247,14.0168,42.4541,12.3975
5616,88.3229,2.39398,14.5911,40.2272,21.0596
5617,75.9243,2.66785,14.4785,36.3941,11.9011
5618,96.9955,2.64831,16.6552,53.9745,11.9547
5619,96.4093,2.49198,13.7595,58.6239,11.841
5620,96.0342,2.42519,16.3962,54.6535,11.7847
5621,62.9528,3.01902,10.9841,28.5487,11.9684
5622,97.6034,8.06451,13.2815,56.1844,12.0734
5623,81.1704,2.91081,15.2161,40.7907,11.7194
5624,102.816,2.49285,14.2186,62.5144,13.7275
5625,66.4866,2.53427,10.4754,31.9833,11.9206
5626,93.7365,2.62439,16.7229,44.8101,19.0506
5627,74.8317,2.5296,13.4527,35.2613,11.9836
5628,99.3621,2.60369,26.4589,39.4,11.0792
5629,87.5115,2.67339,14.9294,47.6527,11.9124
5630,72.7921,2.54098,10.8913,38.2669,13.4664
5631,99.4686,2.50889,16.0129,59.4639,11.7223
5632,78.8077,3.15843,14.286,40.2826,11.6984
5633,87.2029,2.65268,18.2608,42.2543,13.1293
5634,97.3065,2.54856,20.8274,47.3257,15.8808
5635,78.7525,2.46952,10.3188,43.6376,13.6312
5636,70.4713,2.69352,11.0777,34.6943,13.605
5637,58.0476,2.48002,10.058,25.3115,12.0151
5638,88.4766,2.6069,15.7528,46.9025,11.6053
5639,100.432,2.97206,15.9059,59.235,11.9714
5640,66.906,2.40448,11.1912,24.1857,20.0995
5641,72.3193,2.59494,10.4815,38.9447,12.3184
5642,71.2973,2.58473,11.7599,33.2725,15.0572
5643,93.609,2.46194,17.4036,45.4462,17.1102
5644,76.8066,2.3724,10.5667,42.3091,13.1497
5645,82.4293,2.71773,11.1206,47.4762,12.6862
5646,93.9637,2.66931,18.1363,49.9341,12.2957
5647,66.6718,2.60602,11.5712,32.6235,12.2225
5648,84.7299,2.50773,11.2848,50.4104,12.431
5649,83.2628,2.73668,15.7058,42.2263,12.2569
5650,75.5495,2.40273,12.1784,32.7454,20.6901
5651,83.1342,2.54915,15.6081,43.8319,11.5391
5652,91.0949,3.1526,26.0596,41.4968,10.8
5653,96.1313,3.90393,18.9663,50.0898,11.6324
5654,67.7752,2.7081,11.3096,33.6245,12.1073
5655,75.3803,2.89331,16.4382,35.1797,11.2772
5656,65.3774,2.9181,10.3121,26.9401,16.7736
5657,77.429,2.86852,16.0059,36.3708,12.0775
5658,112.736,2.85831,19.1661,67.6675,12.7577
5659,78.805,2.46106,16.4767,38.1126,12.2178
5660,96.6683,2.6171,16.1559,52.6005,11.9874
5661,81.6199,2.75419,14.7944,41.8407,12.4663
5662,88.8532,2.4634,16.0497,48.1365,12.5658
5663,67.342,2.70168,10.9823,34.3645,11.7313
5664,110.508,2.38669,14.8477,70.4582,12.8029
5665,61.9302,2.80085,12.0656,26.3422,11.9445
5666,91.8042,2.89564,17.5171,48.6747,12.0699
5667,76.0721,3.22347,17.0075,32.3674,12.4062
5668,83.4705,7.54769,15.5434,38.8161,13.0362
5669,53.6566,2.26448,9.96616,20.8132,12.3593
5670,125.055,2.4844,21.3393,66.0651,19.4152
5671,88.0534,2.27031,14.8927,49.389,11.4513
5672,87.8268,2.41819,15.7227,46.7934,12.0058
5673,82.2718,2.90381,16.4717,39.3131,12.6743
5674,87.7743,2.99131,16.3419,46.3233,12.4444
5675,75.4302,3.23251,11.8631,39.9437,11.829
5676,66.4606,2.62614,10.3293,30.2497,14.6188
5677,87.6203,3.00822,15.588,46.1325,13.2713
5678,76.6581,2.70723,17.0282,34.4342,12.6288
5679,73.2103,2.4876,10.425,33.6152,15.2832
5680,72.823,2.36598,12.3692,34.0632,13.7108
5681,62.709,2.59289,11.3667,27.5748,12.9499
5682,67.7136,3.01406,16.9562,28.6718,11.43
5683,77.244,3.2818,17.625,34.8142,11.8862
5684,85.6629,2.82885,16.7692,44.5736,11.2521
5685,93.7102,2.4596,15.6685,41.7856,16.0121
5686,109.044,5.07904,19.3324,62.2268,12.0804
5687,87.8802,2.0399,20.2199,44.0789,12.4485
5688,123.305,2.50656,31.689,60.9386,16.4784
5689,93.0951,2.14723,14.4913,50.9531,13.0193
5690,124.633,2.51589,18.5889,59.5686,14.5322
5691,91.68,8.13393,17.4923,42.254,12.3324
5692,92.8119,2.49781,16.8681,49.137,13.675
5693,71.2448,2.84431,10.5294,36.575,13.2232
5694,73.6933,2.70723,10.072,35.9094,16.8812
5695,58.7747,2.7536,9.98367,25.3503,11.8909
5696,84.1991,2.52027,15.1811,42.2432,14.1635
5697,70.625,2.92831,13.7846,33.3229,10.8088
5698,87.1043,2.96156,14.2434,50.4576,11.4394
5699,81.6024,2.77548,14.3971,41.1917,12.3902
5700,93.3547,2.31581,15.4282,54.134,11.2194
5701,91.6887,2.77985,14.1795,53.1637,11.5622
5702,69.694,2.50919,12.5159,33.4985,12.4471
5703,71.0436,2.65385,10.0362,39.1813,12.0796
5704,78.1771,2.46194,11.2579,42.2971,14.6585
5705,94.7232,2.46544,10.4524,62.5147,11.0185
5706,80.6501,4.49775,15.7362,39.5185,12.9633
5707,80.4223,3.46293,13.2074,44.2437,11.3177
5708,82.7562,2.80989,17.949,40.3547,11.255
5709,93.4145,2.93035,23.2168,45.4576,11.3947
5710,71.1433,2.58794,11.7625,36.5131,11.7794
5711,82.4608,2.69935,16.3527,41.0214,11.8917
5712,63.0295,2.55323,11.2159,28.3518,12.0498
5713,84.561,2.89506,18.0126,42.1157,11.6555
5714,90.5527,3.24885,14.9991,47.1778,13.9532
5715,68.7248,2.61973,11.1637,33.1438,12.2091
5716,100.928,2.63314,25.3882,47.0848,11.6622
5717,76.3416,2.85598,16.4516,35.2499,11.9824
5718,87.1143,2.81018,15.364,45.0776,12.4791
5719,67.5378,2.74689,10.5127,26.325,15.9097
5720,99.6091,2.62819,18.9821,56.0027,11.3352
5721,84.0375,2.65998,13.9308,44.4152,12.1513
5722,69.2542,2.99043,15.4716,30.9351,11.0068
5723,90.1356,2.50919,14.9014,49.3545,13.5959
5724,76.5327,2.41294,12.3884,41.288,11.8188
5725,74.3061,2.76294,11.596,39.5963,12.2624
5726,101.185,2.59873,19.2213,56.7377,12.011
5727,72.4815,3.11789,14.0953,30.4576,15.5442
5728,95.3616,2.87289,23.4743,44.7261,11.9276
5729,88.7082,2.97381,12.97,47.2589,15.5221
5730,62.4153,2.94085,12.9651,26.7794,10.261
5731,86.9961,2.50656,14.9122,38.9354,16.2241
5732,104.638,5.35058,24.7381,53.7423,10.2952
5733,71.9288,2.12944,10.4955,39.638,11.6569
5734,109.461,2.4876,16.3367,62.3146,14.1413
5735,74.3534,2.49548,15.5434,35.3249,11.9641
5736,130.575,2.2709,23.362,81.47,13.2946
5737,87.7877,3.64959,17.4853,42.2397,12.2963
5738,80.4649,2.48935,11.1013,46.6208,13.173
5739,57.8539,2.59348,10.362,25.0219,11.9113
5740,75.7484,2.63198,10.159,41.3822,13.3328
5741,69.1005,2.65035,11.0905,34.8533,12.3473
5742,79.4986,2.46952,16.3192,31.9183,17.3389
5743,91.1541,2.66989,15.3436,51.703,12.0866
5744,58.9576,2.55964,12.2896,20.9567,13.3891
5745,59.8422,2.52319,11.6415,26.5245,11.4367
5746,84.1501,2.92627,13.2987,39.792,18.3495
5747,82.2519,2.51327,10.5801,44.4464,16.6406
5748,69.4814,2.65123,10.0047,26.3807,22.2919
5749,57.0507,2.47331,10.6831,25.0184,10.9756
5750,87.7413,2.68652,18.1447,43.7998,11.395
5751,67.9519,2.64656,14.4292,29.7328,11.2227
5752,73.0549,2.61273,13.6356,35.8196,12.683
5753,62.023,2.8061,13.6913,26.456,11.1702
5754,119.927,6.19378,17.5331,69.2557,15.9482
5755,85.5372,2.41119,15.6883,45.3307,12.8157
5756,66.8141,2.45873,11.1182,30.3345,14.5678
5757,84.519,2.63781,20.0356,37.2767,14.2688
5758,77.3473,2.59698,10.3436,41.2495,14.928
5759,60.2068,2.66814,10.296,25.6221,12.8084
5760,69.1416,2.54827,10.7017,34.3242,12.0279
5761,67.3543,2.6031,10.5848,33.4597,11.2964
5762,65.5343,2.54885,11.3504,29.1139,14.1014
5763,59.2221,2.57219,10.1931,26.4084,11.6765
5764,67.1154,2.58648,12.1615,30.5588,13.9083
5765,65.9671,2.72968,12.235,31.5654,11.6704
5766,80.8461,2.4876,12.9359,46.3425,11.0929
5767,73.1062,2.54069,12.2467,37.7451,12.4485
5768,101.105,2.38202,15.3392,61.213,12.2595
5769,85.5279,2.97206,17.6501,41.5881,12.0854
5770,98.1876,8.24914,17.212,50.2966,12.1195
5771,83.9179,2.24844,10.8554,49.1017,12.2271
5772,108.758,5.05308,18.6155,65.0569,12.1892
5773,84.9119,2.85248,12.5302,49.3064,12.3651
5774,106.074,3.64726,12.4287,45.0105,34.2475
5775,147.463,13.591,27.3596,84.1218,11.603
5776,91.7018,2.61856,15.6323,48.1841,14.3653
5777,83.9278,2.72064,15.215,42.5232,12.2292
5778,71.701,2.59581,10.0916,36.6601,13.6694
5779,72.986,2.46106,10.9424,38.9474,11.8556
5780,107.252,2.40769,16.1661,65.9015,12.282
5781,66.1608,2.66639,10.1447,32.823,12.4844
5782,89.0591,2.66902,20.252,44.7976,11.8165
5783,84.7468,2.55556,10.4637,52.9438,11.0485
5784,102.204,2.53048,15.3363,62.0335,12.6638
5785,64.1189,2.5891,15.616,26.6359,11.652
5786,92.4316,4.19442,28.9395,39.7086,11.2871
5787,70.5314,7.09094,16.4207,27.296,11.7856
5788,71.1118,2.13498,11.7319,37.6635,11.6905
5789,103.73,4.35513,11.5447,56.4872,15.975
5790,112.317,5.55824,18.411,65.1948,12.275
5791,80.3529,2.09473,15.9254,39.9049,12.3575
5792,100.798,2.58181,17.9907,58.3591,13.2089
5793,79.2557,2.38085,10.8855,45.021,12.6454
5794,72.7253,3.56822,13.7237,35.7388,11.2582
5795,77.5127,2.83206,15.2864,36.7159,12.5334
5796,65.8764,2.63489,20.6968,22.4937,12.0813
5797,65.352,3.02398,13.0514,28.871,12.4447
5798,78.224,3.43318,17.8525,37.0726,11.8153
5799,74.3968,3.52914,14.4642,35.903,12.228
5800,68.0038,3.84443,14.0066,26.9081,13.0826
5801,67.9222,5.43195,13.761,29.1819,11.9544
5802,74.1763,2.47302,13.6688,37.5127,12.1656
5803,92.0332,2.76702,19.1941,47.2662,12.7941
5804,68.1855,2.8551,20.173,24.505,12.2263
5805,72.0387,5.54687,12.2379,34.7982,11.8188
5806,91.0914,3.11935,17.6728,48.6723,11.7882
5807,62.9922,2.74544,12.5906,28.1313,11.7567
5808,90.4296,5.64137,16.9763,46.3968,11.3259
5809,76.6776,2.76118,16.2393,34.7725,12.2219
5810,87.4937,7.77343,14.9977,41.4962,11.4257
5811,79.2837,2.44648,14.1297,39.2201,11.1853
5812,72.2767,5.73558,22.0134,21.1865,13.5501
5813,86.4297,2.13965,15.0537,40.0863,18.3757
5814,97.8347,2.75331,17.471,47.9761,19.7524
5815,94.4117,5.59966,24.9691,40.9963,12.0979
5816,71.8678,2.05565,12.1204,36.3064,13.9485
5817,106.728,3.29435,21.3927,52.1659,14.8294
5818,61.8628,2.05944,10.945,27.5471,12.0075
5819,60.5953,2.72939,12.4686,25.8146,11.7179
5820,131.059,6.05641,26.2104,76.4752,11.1611
5821,70.9803,2.18457,12.3301,32.534,14.2023
5822,122.959,5.61979,26.0544,67.8347,12.4217
5823,65.5355,8.4046,11.1646,26.6514,11.5479
5824,73.7706,3.09193,12.9554,37.6089,11.71
5825,83.315,4.5205,12.7486,46.7576,11.568
5826,86.3063,3.39993,16.8532,42.7909,11.6144
5827,82.3365,3.66301,11.1048,49.0419,11.0739
5828,96.3428,2.75419,13.5974,57.7405,12.5637
5829,102.138,2.66056,18.6951,57.2531,12.1921
5830,94.0302,2.47798,13.9996,55.7784,11.8325
5831,69.8784,2.64948,10.0904,37.3546,11.416
5832,86.82,2.26711,14.8886,46.0899,11.6619
5833,87.6177,3.07472,16.036,47.5608,10.9838
5834,101.522,2.85918,25.525,49.9985,11.4671
5835,79.6929,2.65531,13.6709,40.6067,12.751
5836,83.4787,2.46398,16.633,37.2665,14.5934
5837,84.3513,2.83789,14.7915,32.1533,24.9236
5838,101.564,2.86589,24.0083,42.9668,10.4095
5839,106.462,2.94085,15.1625,65.2604,12.8049
5840,93.8925,2.76818,17.6422,49.6074,12.2149
5841,77.8035,3.33168,15.7534,35.9432,12.2942
5842,65.6562,3.38972,12.45,26.274,14.7369
5843,83.0111,2.87318,15.5766,42.8621,11.8016
5844,86.3203,5.55154,15.3127,39.398,13.7502
5845,85.2543,2.23911,14.2775,41.6179,13.899
5846,94.9729,2.74777,15.4769,46.8451,12.319
5847,78.8252,2.47448,15.1826,37.7749,12.0282
5848,76.8704,2.43073,10.3867,42.1288,14.3954
5849,65.2882,2.55994,10.5206,30.8689,12.6821
5850,72.8332,2.61302,11.8757,30.1079,19.9408
5851,70.7149,2.34469,10.8169,35.8444,11.9104
5852,78.5265,2.43452,13.3221,36.01,17.8501
5853,78.5886,2.56694,15.8592,38.0021,12.0431
5854,66.2816,2.83877,10.1301,27.8843,16.8357
5855,93.9599,2.61302,15.786,53.9299,11.6581
5856,89.251,2.5089,12.3237,54.5292,12.1009
5857,76.0147,2.90877,11.0555,40.8464,12.8904
5858,72.6883,2.49402,10.5652,34.6316,17.1971
5859,66.0161,2.79123,11.9801,30.8799,12.7659
5860,71.3603,2.43802,12.1073,31.9661,15.9357
5861,69.3367,2.81018,12.8469,29.981,15.6329
5862,84.0643,2.63956,15.8837,43.054,12.0857
5863,91.7829,3.14764,11.3218,57.1358,12.3911
5864,108.442,2.39981,17.4021,65.5512,12.3937
5865,83.8182,2.82535,13.019,42.1385,16.5651
5866,86.9603,2.80843,19.6617,41.0447,12.3561
5867,79.1308,2.77285,12.9872,42.5077,11.8652
5868,116.824,3.04643,33.5974,53.444,13.2243
5869,90.6183,2.58356,16.7777,47.9715,12.1058
5870,92.492,2.34556,14.7982,50.4579,13.0216
5871,110.825,3.3903,17.0008,67.7921,11.239
5872,76.0689,5.22604,16.8022,30.8447,14.7888
5873,83.1421,2.78014,16.0599,33.9946,14.8162
5874,126.541,2.60952,23.1325,68.8978,16.6386
5875,75.2864,2.29773,14.6862,37.0145,11.3892
5876,88.369,2.7746,19.8224,44.9656,11.1541
5877,73.8718,2.72064,12.1,39.2828,11.8171
5878,91.9626,2.73435,21.7453,44.155,14.7611
5879,59.475,2.61827,12.6229,25.0843,10.884
5880,71.7354,2.44735,12.0591,37.8382,12.1239
5881,111.686,2.98139,21.7666,56.6412,15.4223
5882,90.0149,3.00881,25.8099,38.997,12.1178
5883,88.2404,2.27352,11.7689,53.6248,12.2989
5884,73.5157,2.70023,11.0089,35.6758,16.3991
5885,81.5149,2.69935,16.1378,41.2856,11.0809
5886,93.8024,2.67193,13.3223,56.9568,11.4379
5887,71.1847,5.09479,15.5177,31.8209,10.9499
5888,88.0362,2.81164,21.5939,41.8211,11.5449
5889,86.6345,3.15406,19.4966,41.1833,12.5914
5890,98.2237,8.7088,15.4215,55.31,10.4422
5891,74.8334,3.0231,9.97521,39.7107,13.8599
5892,119.536,6.37257,22.6165,68.1917,11.3265
5893,71.7593,2.91139,13.9275,35.4944,11.906
5894,97.762,2.94202,23.5959,47.9239,12.6766
5895,62.2796,2.75535,11.5584,28.1713,12.6209
5896,99.764,2.9531,15.4868,53.1532,15.3873
5897,80.6886,2.59756,14.6068,40.569,12.2073
5898,86.1701,2.71335,17.1449,43.8841,12.7306
5899,111.259,2.95427,14.4371,72.2184,10.6743
5900,91.192,2.58794,16.4093,50.889,11.2066
5901,76.1567,2.49139,17.0915,35.2978,11.3314
5902,70.3427,2.45552,13.451,34.431,11.6841
5903,80.6469,3.19926,19.2939,36.7433,11.8279
5904,81.9139,3.80243,12.8376,45.4605,11.3729
5905,70.2225,2.90497,13.9331,33.6534,12.3097
5906,83.5058,3.64405,14.6167,44.4347,12.1685
5907,89.6109,3.18118,19.8224,46.8209,11.883
5908,98.5145,5.40483,20.8549,46.2375,15.6484
5909,73.7718,2.28111,13.1456,35.1117,13.4478
5910,104.213,2.52552,13.502,54.2717,23.5402
5911,73.6916,2.20848,10.8412,39.7772,12.4552
5912,76.6281,2.64598,17.6218,36.4466,11.458
5913,99.4219,3.26431,14.1145,59.8431,12.4482
5914,74.8859,2.88427,13.3416,37.1487,13.5253
5915,87.2408,2.86298,22.2639,42.1321,11.6631
5916,87.0259,3.1981,16.7745,45.2666,11.4986
5917,77.716,2.66873,16.3484,36.549,11.6415
5918,89.8889,2.52785,15.8569,45.6154,13.3127
5919,88.285,2.73989,15.275,46.1637,12.9642
5920,64.2729,2.87493,9.97842,29.489,12.4958
5921,75.5288,2.90089,15.1447,34.2367,12.0976
5922,90.4349,3.58455,17.1163,44.939,12.8828
5923,75.9645,2.63869,10.2654,41.8658,13.7835
5924,88.7339,2.63606,11.0829,49.7532,16.9827
5925,98.9967,3.29726,16.9994,56.8512,11.6599
5926,72.0553,2.51794,11.8106,35.3234,13.9275
5927,80.2508,2.48673,14.5578,41.2229,11.7051
5928,91.7678,2.44706,15.2532,52.2913,11.6823
5929,70.6886,3.37718,15.84,33.0473,10.6691
5930,95.3161,3.25731,15.2922,54.1655,12.1493
5931,70.126,3.76276,12.1478,34.1746,11.5805
5932,83.8249,3.17943,21.1413,37.9551,11.6473
5933,101.95,2.64219,17.3181,59.9215,11.8127
5934,102.584,3.34772,16.5382,50.3007,11.9075
5935,85.6781,2.59494,18.2366,42.6746,12.6652
5936,101.308,2.60194,15.3806,61.218,11.561
5937,87.4858,2.94756,17.018,47.1443,10.896
5938,81.738,4.07309,12.5197,46.2679,11.2028
5939,75.0315,3.30572,12.4307,41.213,10.4888
5940,86.8383,2.82185,16.1331,45.2065,10.9158
5941,77.1644,2.79648,13.6881,40.8056,11.6855
5942,94.0063,3.00152,16.2947,50.0233,13.3664
5943,57.7025,2.81514,11.4887,22.1764,13.1946
5944,96.2139,2.89039,22.0122,45.5285,13.8062
5945,81.899,2.9181,15.0852,38.2159,14.7124
5946,81.925,2.5261,11.2903,38.4571,20.5002
5947,92.3969,2.67602,17.2925,48.1444,14.034
5948,104.856,2.4144,11.3799,70.7254,12.2088
5949,104.673,2.93035,17.0373,62.9175,12.1268
5950,66.3256,2.76439,14.8028,28.8363,11.6155
5951,93.1167,3.07181,18.3425,43.5428,12.7183
5952,82.8186,2.70956,16.2827,39.3892,13.1958
5953,87.31,3.27014,15.8493,42.5588,15.2922
5954,87.5427,2.99072,24.4094,37.4736,12.2108
5955,60.0012,2.6101,10.4057,26.108,12.0606
5956,74.6083,2.77752,14.335,36.7351,11.8987
5957,97.111,2.71889,10.9007,62.5669,13.1246
5958,89.3627,2.76964,12.7915,53.7986,12.3441
5959,89.1976,3.48772,16.3492,48.3232,11.1664
5960,101.882,2.53748,26.7669,50.7916,11.7675
5961,70.6959,2.99831,12.3616,34.2615,12.5404
5962,109.762,2.71598,16.7649,66.3183,13.6371
5963,86.8713,2.57948,15.1412,45.4547,13.605
5964,90.6796,2.54739,18.5746,42.6991,11.1739
5965,76.738,2.64831,16.1929,37.0268,10.9642
5966,85.8954,2.61739,17.226,44.9971,10.9432
5967,91.8649,2.58823,13.8914,54.4172,11.1214
5968,75.3299,2.61039,11.7791,40.5822,11.7984
5969,93.1765,2.90848,22.4389,46.1865,11.6024
5970,67.2793,2.88252,11.3008,32.0836,12.9767
5971,93.4857,2.76527,17.123,51.9617,11.3017
5972,68.8476,3.23251,15.6562,29.7083,12.2694
5973,84.4409,3.05927,17.4602,40.2634,12.4261
5974,89.6208,3.78522,16.4691,43.9299,14.5275
5975,98.2932,2.74718,18.8316,51.5216,14.2889
5976,77.258,2.6451,14.2329,33.3422,19.3408
5977,86.4437,2.77927,11.1115,52.5316,12.0513
5978,89.505,2.5716,16.736,47.3587,11.591
5979,69.5739,2.82331,10.8662,34.8326,12.571
5980,77.5993,2.62527,12.144,40.3042,13.5848
5981,87.7139,2.81631,13.7485,49.5465,11.2515
5982,100.003,2.66844,15.5098,58.9587,12.1548
5983,88.1841,2.83089,16.6152,45.5684,12.5591
5984,84.2685,2.52465,15.7741,41.3011,13.9585
5985,58.63,2.7571,11.2536,25.5664,11.3487
5986,70.1735,3.43551,11.6657,35.6317,11.1165
5987,72.9951,2.68564,14.0264,35.9394,11.8783
5988,81.0853,2.83381,11.7325,46.3069,12.0064
5989,73.6913,3.34539,15.0653,33.9853,11.5321
5990,101.489,3.08931,16.8004,55.5279,15.0012
5991,87.0116,2.78306,14.7804,46.9562,12.8837
5992,86.5114,2.57102,14.5561,42.0551,14.6448
5993,93.6665,2.76439,15.0502,55.8196,10.4556
5994,91.4566,2.55994,14.1927,51.9358,12.2053
5995,75.5305,2.60077,19.7675,31.3828,12.1195
5996,78.6717,2.34002,15.5515,40.14,11.878
5997,78.4218,2.42285,13.1683,42.8595,12.2551
5998,73.4454,2.55352,11.6444,39.4951,12.0886
5999,65.6373,2.68914,14.1189,29.7442,11.2445
6000,91.626,2.56548,21.0001,46.0252,11.5199
6001,60.28,2.56839,12.2992,25.0656,12.0501
6002,82.6311,2.54944,11.6324,48.3153,12.2353
6003,67.8822,2.70227,11.6333,33.3337,12.2601
6004,87.7542,2.60369,10.9479,53.031,11.974
6005,88.6423,2.56752,9.69842,56.2086,12.0457
6006,95.0802,3.09981,17.4144,54.554,10.5046
6007,64.4161,2.77489,13.3967,28.3541,12.3205
6008,91.8095,2.62031,17.569,48.6933,12.3867
6009,77.1242,2.62148,14.8104,36.1853,12.2904
6010,88.5437,2.46194,19.3502,43.0665,12.081
6011,67.5494,2.84198,11.1427,33.2095,12.5124
6012,96.908,2.36569,16.1401,55.1569,12.5859
6013,63.5382,2.54156,14.6162,25.9753,12.5354
6014,94.5056,2.68243,14.6471,56.4006,11.1757
6015,75.2954,2.65998,14.5444,36.1649,12.3421
6016,101.684,5.13154,16.4782,49.3032,17.3511
6017,79.09,5.02771,14.6558,31.4417,14.8005
6018,113.524,5.22108,14.6351,63.5548,14.536
6019,98.4122,5.84757,22.5418,46.885,12.8198
6020,78.5102,2.3199,12.0667,32.3756,18.0496
6021,103.449,5.80791,20.1625,46.7599,15.8846
6022,120.56,4.93117,21.9069,64.3093,13.7925
6023,86.4,5.23916,15.0318,38.1546,14.4208
6024,118.598,5.05104,22.0492,58.5784,17.6947
6025,57.4071,5.41854,10.9689,21.0208,11.6902
6026,77.9682,2.20615,14.9134,37.9496,12.7539
6027,90.6008,2.5961,15.6577,44.6033,14.3586
6028,77.739,5.16421,13.6729,40.3608,10.4264
6029,92.7883,2.53048,14.5707,54.1157,11.5613
6030,99.0483,2.8201,11.5983,53.735,16.0716
6031,74.0378,2.08773,13.1695,37.944,11.2999
6032,108.304,3.10039,14.5809,63.7135,13.4215
6033,89.0197,5.24033,15.8642,49.2236,10.6463
6034,83.7018,2.4354,10.8245,38.8663,19.1136
6035,76.5618,5.16975,13.9932,30.5556,14.778
6036,124.668,5.13766,25.3316,64.4336,14.2102
6037,89.5345,2.51502,14.9799,49.932,11.6549
6038,115.854,2.6661,19.0115,60.0038,15.2683
6039,100.303,5.25141,19.3758,44.8976,15.4687
6040,91.2944,5.00962,20.2412,41.3061,13.1564
6041,81.3749,2.4596,14.2067,41.1795,12.0276
6042,96.9177,3.3696,22.9995,42.5532,14.7833
6043,71.4627,5.2587,11.7503,32.9158,12.5903
6044,85.077,2.23969,14.79,46.806,11.1935
6045,89.9169,2.41352,18.2649,42.6851,13.6411
6046,125.774,5.36108,21.682,64.5435,14.3359
6047,70.2394,2.11136,11.5563,34.3257,13.1608
6048,118.028,2.29423,15.4769,68.0114,14.6547
6049,111.17,5.31937,20.8105,55.6492,14.6462
6050,90.0936,5.19425,20.4731,41.9626,11.9795
6051,80.4885,2.09707,14.599,41.6558,11.9562
6052,91.9681,2.34002,12.6608,42.3076,19.4733
6053,77.2858,2.00694,11.6704,41.7097,12.9134
6054,74.6497,2.26419,13.1167,37.6221,13.1879
6055,83.6184,5.39491,15.098,33.6706,14.7302
6056,117.606,4.76988,22.1633,53.882,23.2917
6057,67.0938,5.46899,12.9091,27.5599,13.3267
6058,82.5302,2.1449,16.2247,40.9298,12.0971
6059,123.694,2.63314,23.5793,66.1171,16.2154
6060,69.0865,5.32433,14.8434,27.9283,11.7832
6061,61.9279,2.42315,10.331,27.6188,13.0788
6062,91.2897,2.51939,18.1144,34.0632,21.8617
6063,59.8644,5.20475,14.5435,20.7397,10.8709
6064,66.08,2.02327,11.8404,29.4639,14.1297
6065,87.951,2.59844,14.4905,43.644,14.3992
6066,100.577,5.18754,17.0545,45.9523,18.5207
6067,92.2166,5.20096,18.3958,46.8862,11.6263
6068,93.9689,2.39573,18.5259,45.2406,14.1515
6069,104.201,5.55212,20.7971,48.8631,14.1915
6070,127.115,6.35128,25.4422,63.105,15.2307
6071,77.2321,2.42256,15.0332,36.3393,13.0601
6072,105.371,2.48235,21.9544,52.2659,15.0525
6073,78.845,5.62416,15.5845,29.9802,14.9259
6074,124.655,5.09012,20.3748,68.593,14.7658
6075,74.3242,5.34941,13.8867,27.8233,14.3155
6076,98.3591,4.92037,14.0261,51.6129,13.339
6077,90.3395,5.81374,12.9866,46.6059,12.9236
6078,113.739,5.20154,14.6972,65.6568,14.7244
6079,94.804,4.98804,13.5347,48.8803,13.4705
6080,95.1131,5.02071,15.5795,45.8216,15.541
6081,76.2451,5.33162,12.2796,37.5876,12.7924
6082,87.9895,2.82097,20.8762,39.5246,14.6926
6083,95.0872,5.45208,19.5053,39.0098,14.9105
6084,110.144,5.0175,16.4834,65.8134,11.6951
6085,86.2401,2.69702,14.1775,46.0809,11.8433
6086,119.875,5.36516,22.2989,59.4286,13.9383
6087,88.9322,5.18433,19.365,42.3479,11.7692
6088,92.618,2.45085,15.128,41.7462,15.828
6089,98.6595,5.15837,19.7343,41.9244,15.0907
6090,112.78,4.99504,25.3789,54.361,14.5004
6091,86.7908,5.7522,16.1486,36.8188,14.5249
6092,70.9272,5.4827,14.2303,31.2349,12.1647
6093,74.2431,2.06615,12.9505,38.2095,11.3408
6094,126.69,2.47185,18.719,73.4092,14.3
6095,105.153,5.49,19.5844,51.0004,14.526
6096,83.0747,5.0665,13.6703,33.0079,15.7994
6097,82.1761,5.23625,14.601,40.779,11.1885
6098,85.2286,3.42647,14.666,44.6235,12.3537
6099,85.6434,2.70168,13.973,47.0877,11.6543
6100,66.5231,2.48469,12.4418,28.6732,14.4776
6101,76.8538,2.73698,16.7727,35.2555,11.7812
6102,97.2995,2.73727,19.2431,51.9646,11.9559
6103,77.8399,2.6661,10.5017,43.6245,12.8414
6104,72.1131,2.54623,10.4532,37.3899,12.4934
6105,91.7847,2.76731,15.2765,51.7555,11.7366
6106,85.6136,2.61244,14.9195,46.1771,11.2985
6107,82.9131,2.68739,14.2988,38.9967,16.9005
6108,88.6852,2.37677,15.0528,43.8438,11.5149
6109,72.8382,2.78889,14.4088,34.1279,11.7024
6110,88.4728,2.60719,17.6229,46.8914,11.0923
6111,75.0192,2.40856,14.8337,37.3009,10.7962
6112,79.7267,2.41906,15.1642,40.5317,10.8006
6113,88.6435,2.64744,14.2326,49.6996,11.6677
6114,85.7038,2.43831,14.9131,45.7166,12.1475
6115,87.0139,2.64598,15.6813,46.7631,11.8599
6116,61.0716,2.37677,10.5294,26.9886,12.765
6117,65.2704,2.50219,10.5603,31.7745,11.591
6118,74.0947,2.72035,11.1483,39.0681,12.1315
6119,63.7152,2.60339,10.9088,28.0981,12.9616
6120,95.6192,2.74281,23.7307,44.6366,12.8178