1076.599619 0.055120 0.022260 -0.029700 0.000000 0.000000 0.000000 1.000000
1076.699451 -0.000012 0.032100 -0.032930 -0.000408 -0.000425 -0.000130 1.000000
1076.799291 -0.056476 0.038441 -0.029470 -0.000808 0.000143 -0.000077 1.000000
1076.899122 -0.078958 0.036866 -0.016080 -0.000841 0.000937 -0.000006 0.999999
1076.999753 -0.093789 0.036295 -0.020308 -0.001015 0.000520 0.000011 0.999999
1077.099596 -0.123497 0.036939 -0.033490 -0.001277 0.000239 0.000084 0.999999
1077.199424 -0.123349 0.043165 -0.034884 -0.001179 0.000180 -0.000028 0.999999
1077.299277 -0.125947 0.049751 -0.028290 -0.000184 0.000341 0.000015 1.000000
1077.399124 -0.103997 0.042000 -0.020932 -0.000010 0.000647 0.000223 1.000000
1077.499766 -0.097126 0.041649 -0.020103 -0.000243 0.000674 0.000184 1.000000
1077.599611 -0.089988 0.043483 -0.023231 -0.000399 0.000038 0.000181 1.000000
1077.699462 -0.088125 0.046901 -0.021560 -0.000793 -0.000368 0.000031 1.000000
1077.799299 -0.091975 0.052594 -0.024405 -0.000174 -0.001041 -0.000068 0.999999
1077.899137 -0.103429 0.053659 -0.030424 0.000237 -0.000856 0.000054 1.000000
1077.999775 -0.095966 0.044642 -0.023911 0.000290 -0.000496 0.000335 1.000000
1078.099610 -0.107257 0.048287 -0.020664 0.000581 -0.000288 0.000117 1.000000
1078.199456 -0.106989 0.052761 -0.018449 0.001181 -0.000640 0.000064 0.999999
1078.299313 -0.100213 0.054790 -0.019755 0.000798 -0.000829 -0.000008 0.999999
1078.399140 -0.090492 0.055793 -0.025218 -0.000386 -0.000684 -0.000031 1.000000
1078.499767 -0.109863 0.050339 -0.022955 -0.001275 -0.000295 0.000074 0.999999
1078.599608 -0.130744 0.043628 -0.013515 -0.001635 -0.000538 0.000076 0.999999
1078.699441 -0.141139 0.052537 -0.018284 -0.000738 -0.000211 -0.000033 1.000000
1078.799270 -0.113985 0.056056 -0.022472 0.000493 0.000765 0.000214 1.000000
1078.899508 -0.097919 0.057794 -0.018877 0.000882 0.001499 0.000005 0.999998
1078.999336 -0.095070 0.053611 -0.020030 0.000507 0.000780 -0.000025 1.000000
1079.099187 -0.108159 0.050399 -0.021188 -0.000079 0.000529 -0.000020 1.000000
1079.199843 -0.117252 0.058349 -0.019406 -0.000647 0.000292 -0.000174 1.000000
1079.299680 -0.115791 0.059492 -0.024383 -0.000576 -0.000024 -0.000001 1.000000
1079.399525 -0.125381 0.058498 -0.029066 -0.001457 -0.000155 -0.000171 0.999999
1079.499364 -0.140504 0.055941 -0.024390 -0.001804 0.000570 -0.000091 0.999998
1079.599203 -0.137332 0.054420 -0.019361 -0.001586 0.001201 -0.000110 0.999998
1079.699437 -0.130754 0.058452 -0.021358 -0.001057 0.000738 -0.000158 0.999999
1079.799279 -0.150547 0.059718 -0.023791 0.000138 -0.000650 -0.000063 1.000000
1079.899116 -0.143522 0.060828 -0.022620 0.000645 -0.001413 -0.000120 0.999999
1079.999750 -0.127882 0.060161 -0.018198 0.000812 -0.001064 -0.000156 0.999999
1080.099590 -0.114989 0.056914 -0.022656 0.000533 -0.000744 -0.000171 1.000000
1080.199443 -0.104825 0.055923 -0.019615 -0.000029 -0.000072 -0.000248 1.000000
1080.299282 -0.117109 0.061096 -0.021000 0.000195 -0.000508 -0.000239 1.000000
1080.399131 -0.128798 0.062727 -0.023612 0.000286 -0.000543 -0.000088 1.000000
1080.499778 -0.148058 0.055685 -0.022180 0.001051 -0.000467 0.000081 0.999999
1080.599624 -0.146976 0.057733 -0.014317 0.001837 -0.000536 -0.000069 0.999998
1080.699461 -0.147629 0.059172 -0.007984 0.001173 -0.000355 -0.000049 0.999999
1080.799310 -0.136859 0.059152 -0.010669 0.000377 -0.000131 -0.000148 1.000000
1080.899138 -0.134967 0.059269 -0.015791 -0.000334 -0.000507 0.000092 1.000000
1080.999784 -0.133355 0.054205 -0.015796 -0.000601 -0.000029 0.000504 1.000000
1081.099604 -0.122569 0.052598 -0.020159 0.000081 -0.000161 0.000493 1.000000
1081.199447 -0.131075 0.057600 -0.014259 0.000644 0.000577 0.000513 0.999999
1081.299295 -0.159869 0.066368 -0.014413 0.001257 0.005741 0.000347 0.999983
1081.399141 -0.172360 0.059853 -0.008075 0.001279 0.014550 0.000415 0.999893
1081.499784 -0.170692 0.058482 -0.004346 0.000520 0.021302 0.000307 0.999773
1081.599610 -0.138218 0.055961 -0.004984 0.000245 0.026345 0.000278 0.999653
1081.699455 -0.086340 0.052199 -0.013241 0.000489 0.030173 0.000282 0.999545
1081.799290 -0.061361 0.054378 -0.011058 0.000607 0.032945 0.000219 0.999457
1081.899123 -0.049542 0.052565 -0.011363 0.000706 0.033434 0.000271 0.999441
1081.999767 -0.038986 0.054697 -0.010506 -0.000151 0.032158 0.000283 0.999483
1082.099605 -0.026639 0.057803 -0.006141 -0.000573 0.028294 0.000120 0.999599
1082.199451 0.016306 0.058424 -0.007855 -0.000159 0.024093 -0.000041 0.999710
1082.299279 0.084515 0.054035 -0.002456 -0.000872 0.022257 -0.000071 0.999752
1082.399119 0.150608 0.046570 -0.005657 -0.000334 0.019613 0.000045 0.999808
1082.499759 0.195855 0.043225 -0.001166 -0.000093 0.019897 0.000007 0.999802
1082.599597 0.246460 0.046474 -0.002703 0.000541 0.021092 -0.000265 0.999777
1082.699442 0.289287 0.045992 -0.014975 0.000637 0.020831 -0.000321 0.999783
1082.799288 0.351677 0.045652 -0.009435 0.000245 0.018401 -0.000420 0.999831
1082.899134 0.422289 0.044677 -0.002924 -0.000132 0.013942 -0.000419 0.999903
1082.999780 0.513664 0.041173 0.003466 -0.000419 0.010405 -0.000466 0.999946
1083.099619 0.567294 0.043936 0.006159 -0.000130 0.011107 -0.000390 0.999938
1083.199447 0.609289 0.040931 0.003884 0.000203 0.014708 -0.000048 0.999892
1083.299294 0.651813 0.039627 -0.000142 0.000058 0.019550 0.000257 0.999809
1083.399128 0.736666 0.044238 0.001669 0.000458 0.027231 0.000088 0.999629
1083.499759 0.825610 0.044236 0.000811 0.000918 0.033744 0.000252 0.999430
1083.599588 0.907856 0.041012 -0.000078 0.001285 0.035640 0.000321 0.999364
1083.699421 0.977192 0.039230 0.001596 0.000987 0.032987 0.000054 0.999455
1083.799259 1.046287 0.041959 0.011075 0.000479 0.027616 -0.000089 0.999618
1083.899504 1.132816 0.039387 0.013197 0.001236 0.025863 -0.000250 0.999665
1083.999342 1.237660 0.040016 0.006999 0.001762 0.026992 -0.000262 0.999634
1084.099180 1.334025 0.040401 0.004293 0.002463 0.028740 -0.000357 0.999584
1084.199813 1.442556 0.038576 0.019966 0.002212 0.028736 -0.000610 0.999584
1084.299649 1.549112 0.038164 0.028857 0.002118 0.024538 -0.000860 0.999696
1084.399491 1.629535 0.043017 0.019030 0.001385 0.018255 -0.001148 0.999832
1084.499344 1.728072 0.040391 0.009110 0.001921 0.013015 -0.001127 0.999913
1084.599183 1.830849 0.035912 0.010248 0.002637 0.012441 -0.001114 0.999919
1084.699829 1.931437 0.034092 0.025965 0.002393 0.014591 -0.001246 0.999890
1084.799677 2.045118 0.036407 0.024863 0.001629 0.016786 -0.001176 0.999857
1084.899529 2.162931 0.034166 0.028379 0.001402 0.019451 -0.001206 0.999809
1084.999362 2.288096 0.028756 0.032548 0.000954 0.021017 -0.001246 0.999778
1085.099207 2.391029 0.024033 0.035854 0.001380 0.020775 -0.000883 0.999783
1085.199431 2.486486 0.021659 0.034862 0.001715 0.019888 -0.000457 0.999801
1085.299261 2.581309 0.022106 0.038015 0.001892 0.020874 -0.000562 0.999780
1085.399486 2.716608 0.018411 0.042027 0.001701 0.023198 -0.000695 0.999729
1085.499320 2.854725 0.011808 0.046488 0.001598 0.023991 -0.001010 0.999710
1085.599162 2.970670 0.008965 0.044459 0.000528 0.022973 -0.001144 0.999735
1085.699796 3.072449 0.003545 0.047065 0.000029 0.018826 -0.000979 0.999822
1085.799631 3.185427 -0.003392 0.054600 0.000180 0.013968 -0.000952 0.999902
1085.899473 3.307048 -0.005959 0.060156 -0.000005 0.014252 -0.001077 0.999898
1085.999324 3.448816 -0.005048 0.057665 -0.000695 0.015392 -0.001143 0.999881
1086.099155 3.568464 -0.014842 0.052407 -0.000988 0.018596 -0.001117 0.999826
1086.099155 3.558052 -0.012142 0.055826 -0.000911 0.018708 -0.001143 0.999824
1086.199794 3.693775 -0.011856 0.066869 -0.000275 0.022933 -0.001402 0.999736
1086.299633 3.837683 -0.022946 0.059391 0.000295 0.024697 -0.001014 0.999694
1086.399470 3.963415 -0.035606 0.045514 -0.000027 0.024784 -0.000579 0.999693
1086.499302 4.074987 -0.038710 0.045756 -0.000600 0.022697 -0.000359 0.999742
1086.599130 4.179970 -0.041021 0.059500 -0.001597 0.020259 -0.000014 0.999793
1086.699784 4.288674 -0.044774 0.084038 -0.002488 0.017559 0.000321 0.999843
1086.799619 4.406074 -0.047684 0.106165 -0.003499 0.014057 0.000547 0.999895
1086.899458 4.524711 -0.051362 0.119181 -0.004419 0.010457 0.000720 0.999935
1086.999289 4.652309 -0.055784 0.126338 -0.004360 0.003929 0.000725 0.999983
1087.099143 4.781349 -0.060730 0.116473 -0.005041 -0.027744 0.000468 0.999602
1087.199782 4.900325 -0.064717 0.128403 -0.003746 -0.023593 0.000442 0.999715
1087.299617 5.017506 -0.068633 0.154325 -0.002281 -0.002615 0.000484 0.999994
1087.399460 5.124858 -0.071439 0.179927 -0.002182 0.008711 0.000683 0.999959
1087.499295 5.222645 -0.074119 0.198478 -0.002423 0.014129 0.000978 0.999897
1087.599135 5.335477 -0.077355 0.209842 -0.002880 0.013312 0.001254 0.999906
1087.699770 5.442787 -0.075482 0.216992 -0.002717 0.012159 0.001498 0.999921
1087.799602 5.543447 -0.080414 0.226645 -0.002019 0.011358 0.002024 0.999931
1087.899444 5.639412 -0.084568 0.238388 -0.003197 0.011540 0.002073 0.999926
1087.999279 5.737154 -0.084052 0.248367 -0.003502 0.011772 0.001615 0.999923
1088.099115 5.840422 -0.080693 0.255363 -0.002519 0.011988 0.001880 0.999923
1088.199753 5.952107 -0.078890 0.263129 -0.001180 0.010354 0.001686 0.999944
1088.299594 6.053473 -0.077162 0.266592 -0.000307 0.007364 0.000992 0.999972
1088.399430 6.141357 -0.076264 0.268017 0.001275 0.005258 0.000315 0.999985
1088.499266 6.229276 -0.079940 0.272605 0.002768 0.004165 -0.000248 0.999987
1088.599508 6.318844 -0.080657 0.276100 0.003651 0.005879 -0.001410 0.999975
1088.699333 6.411955 -0.080284 0.275137 0.003116 0.008181 -0.002595 0.999958
1088.799186 6.508017 -0.081607 0.273716 0.002895 0.009160 -0.004087 0.999946
1088.899821 6.604389 -0.083590 0.273102 0.002307 0.008987 -0.005617 0.999941
1088.999653 6.697143 -0.088093 0.270300 0.001568 0.008402 -0.006463 0.999943
1089.099501 6.788516 -0.092253 0.268336 0.002159 0.009321 -0.007794 0.999924
1089.199337 6.878960 -0.098149 0.266658 0.004065 0.010389 -0.008683 0.999900
1089.299182 6.970460 -0.101393 0.270360 0.004845 0.011645 -0.009048 0.999880
1089.399830 7.063308 -0.105022 0.278907 0.003390 0.012240 -0.008900 0.999880
1089.499670 7.153186 -0.113568 0.288963 0.000719 0.012929 -0.008649 0.999879
1089.599514 7.249020 -0.123949 0.293896 -0.001578 0.013128 -0.009073 0.999871
1089.699358 7.339734 -0.130827 0.297871 -0.002346 0.013097 -0.009246 0.999869
1089.799199 7.421342 -0.138108 0.300880 -0.002093 0.012766 -0.009448 0.999872
1089.899441 7.489430 -0.144540 0.305933 0.000232 0.016135 -0.009372 0.999826
1089.999289 7.568640 -0.151077 0.309500 0.002695 0.019630 -0.009260 0.999761
1090.099133 7.664657 -0.161534 0.311979 0.005205 0.021566 -0.008978 0.999714
1090.199779 7.759830 -0.172759 0.311805 0.007655 0.019777 -0.008574 0.999738
1090.299623 7.854955 -0.187577 0.311532 0.012205 0.017524 -0.008439 0.999736
1090.399457 7.951076 -0.205801 0.313792 0.015389 0.017588 -0.008317 0.999692
1090.499304 8.034417 -0.223838 0.315420 0.017332 0.018089 -0.008097 0.999653
1090.599151 8.123836 -0.241916 0.316723 0.017323 0.017045 -0.007673 0.999675
1090.699782 8.216141 -0.262036 0.312778 0.012055 0.014890 -0.007448 0.999789
1090.799603 8.303208 -0.287629 0.307845 0.004139 0.013879 -0.007182 0.999869
1090.899432 8.395722 -0.315138 0.305746 -0.000306 0.013194 -0.006736 0.999890
1090.999268 8.493403 -0.344888 0.306743 -0.003097 0.013332 -0.006447 0.999886
1091.099505 8.591551 -0.373228 0.307094 -0.003603 0.014901 -0.006207 0.999863
1091.199356 8.685064 -0.396340 0.308055 -0.003750 0.017311 -0.006193 0.999824
1091.299197 8.782639 -0.416906 0.311816 -0.003891 0.017820 -0.005612 0.999818
1091.399840 8.874491 -0.439699 0.313697 -0.002705 0.014629 -0.005762 0.999873
1091.499684 8.958901 -0.465477 0.316291 0.000350 0.009216 -0.008925 0.999918
1091.599519 9.046190 -0.495162 0.315492 0.005745 0.006376 -0.014944 0.999851
1091.699356 9.138294 -0.522987 0.317623 0.007172 0.007891 -0.023602 0.999665
1091.799199 9.242456 -0.547845 0.321089 0.007712 0.011478 -0.032781 0.999367
1091.899422 9.346842 -0.571654 0.323064 0.004994 0.014584 -0.039790 0.999089
1091.999261 9.440499 -0.598132 0.323320 -0.000205 0.016986 -0.040956 0.999017
1092.099503 9.518920 -0.620488 0.323639 -0.000164 0.017745 -0.040024 0.999041
1092.199340 9.599509 -0.643883 0.323889 -0.000769 0.017374 -0.038793 0.999096
1092.299186 9.682038 -0.667274 0.326352 -0.001199 0.018139 -0.037933 0.999115
1092.399829 9.768900 -0.691050 0.329616 -0.000577 0.021510 -0.037528 0.999064
1092.499664 9.872226 -0.711408 0.324694 0.000704 0.023852 -0.037610 0.999008
1092.599503 9.976647 -0.730907 0.321422 0.001494 0.022657 -0.037876 0.999024
1092.699343 10.067573 -0.749078 0.325431 0.002244 0.019124 -0.038221 0.999084
1092.799170 10.151238 -0.768390 0.329892 0.003579 0.015662 -0.038771 0.999119
1092.899810 10.231760 -0.787924 0.334096 0.003695 0.016886 -0.039159 0.999083
1092.999651 10.322445 -0.807750 0.338451 0.003621 0.018422 -0.039448 0.999045
1093.099491 10.412968 -0.825854 0.336984 0.003000 0.018788 -0.039855 0.999024
1093.199323 10.519227 -0.842076 0.335915 0.003334 0.017218 -0.040286 0.999034
1093.299162 10.637466 -0.860403 0.336433 0.003340 0.015734 -0.040454 0.999052
1093.399803 10.746333 -0.879639 0.339792 0.004076 0.013852 -0.040590 0.999072
1093.499654 10.842051 -0.896399 0.344814 0.004241 0.014305 -0.040893 0.999052
1093.599494 10.934603 -0.912710 0.347052 0.004818 0.014811 -0.040783 0.999047
1093.699332 11.026345 -0.927519 0.348622 0.004856 0.016971 -0.041043 0.999001
1093.799164 11.119910 -0.941429 0.349281 0.005086 0.017946 -0.041006 0.998985
1093.899816 11.220285 -0.957306 0.350924 0.005556 0.018840 -0.041329 0.998952
1093.999652 11.324839 -0.972556 0.350559 0.005445 0.018094 -0.041601 0.998956
1094.099495 11.433653 -0.988228 0.352271 0.005515 0.016815 -0.041853 0.998967
1094.199344 11.544506 -1.005377 0.351787 0.005889 0.015205 -0.042290 0.998972
1094.299202 11.639825 -1.021268 0.353217 0.006092 0.014662 -0.042441 0.998973
1094.399434 11.737589 -1.034827 0.359138 0.005692 0.014902 -0.042936 0.998950
1094.499278 11.852566 -1.049459 0.362907 0.006628 0.014246 -0.043374 0.998935
1094.599124 11.961016 -1.066345 0.364209 0.007259 0.012542 -0.043457 0.998950
1094.699770 12.062928 -1.085030 0.364289 0.008342 0.009995 -0.043170 0.998983
1094.799611 12.159267 -1.100961 0.367826 0.008469 0.009728 -0.042982 0.998993
1094.899449 12.257184 -1.118838 0.371081 0.006619 0.011512 -0.042649 0.999002
1094.999288 12.354662 -1.136234 0.373693 0.005887 0.014332 -0.042758 0.998965
1095.099141 12.455509 -1.148649 0.378096 0.005707 0.016175 -0.042487 0.998950
1095.199780 12.559693 -1.161775 0.382180 0.004267 0.015601 -0.042652 0.998959
1095.299609 12.654390 -1.179522 0.386203 0.003847 0.012355 -0.042671 0.999005
1095.399438 12.740766 -1.198202 0.384865 0.004876 0.009718 -0.042906 0.999020
1095.499281 12.828630 -1.217807 0.385923 0.004349 0.009781 -0.042903 0.999022
1095.599113 12.916517 -1.234201 0.382786 0.004316 0.011986 -0.042829 0.999001
1095.699747 13.010198 -1.247224 0.378785 0.004058 0.012414 -0.042654 0.999005
1095.799594 13.111431 -1.258731 0.381283 0.003381 0.012500 -0.042818 0.998999
1095.899430 13.213748 -1.269774 0.385856 0.003080 0.010132 -0.043212 0.999010
1095.999263 13.314643 -1.286334 0.393475 0.002926 0.010989 -0.043003 0.999010
1096.099508 13.406313 -1.303683 0.398474 0.002879 0.011506 -0.042644 0.999020
1096.199343 13.498763 -1.321183 0.401008 0.003172 0.012354 -0.042316 0.999023
1096.299184 13.592235 -1.336832 0.400405 0.002389 0.013130 -0.042226 0.999019
1096.399829 13.695585 -1.352311 0.404020 0.001880 0.015161 -0.041996 0.999001
1096.499670 13.790417 -1.364996 0.402391 0.002285 0.014430 -0.042126 0.999006
1096.599522 13.882161 -1.377417 0.404125 0.001273 0.012371 -0.042445 0.999021
1096.699357 13.967704 -1.389369 0.407108 0.001342 0.011403 -0.042603 0.999026
1096.799204 14.045437 -1.400059 0.406735 0.001880 0.011890 -0.042622 0.999019
1096.899443 14.133989 -1.410241 0.411649 0.002805 0.013102 -0.042510 0.999006
1096.999285 14.228324 -1.420652 0.417581 0.003051 0.012531 -0.042370 0.999019
1097.099132 14.311270 -1.429103 0.420438 0.003898 0.011156 -0.042552 0.999024
1097.199782 14.394519 -1.441207 0.417856 0.002662 0.009116 -0.042588 0.999048
1097.299618 14.469194 -1.452597 0.413683 0.001719 0.009177 -0.042556 0.999050
1097.399470 14.542099 -1.460779 0.413464 0.001968 0.011546 -0.042567 0.999025
1097.499309 14.633656 -1.472756 0.416504 0.002516 0.015492 -0.042267 0.998983
1097.599159 14.730679 -1.484583 0.426160 0.003456 0.018630 -0.042129 0.998933
1097.699791 14.827058 -1.496038 0.444098 0.003825 0.019065 -0.042127 0.998923
1097.799638 14.918267 -1.506337 0.456064 0.003918 0.016774 -0.042258 0.998958
1097.899473 15.011683 -1.516985 0.466458 0.003402 0.014654 -0.042503 0.998983
1097.999296 15.093457 -1.523640 0.479867 0.003619 0.016052 -0.042448 0.998963
1098.099139 15.173005 -1.533104 0.500480 0.003427 0.016756 -0.042469 0.998951
1098.199782 15.247575 -1.544591 0.524712 0.003288 0.016720 -0.042357 0.998957
1098.299630 15.329606 -1.558000 0.546627 0.003811 0.016066 -0.042092 0.998977
1098.399477 15.420482 -1.565954 0.564975 0.003616 0.015266 -0.042324 0.998981
1098.499299 15.505659 -1.570912 0.576628 0.003247 0.012070 -0.042346 0.999025
1098.599143 15.593670 -1.578532 0.589746 0.003451 0.010971 -0.042227 0.999042
1098.699778 15.691716 -1.593244 0.598733 0.003055 0.011609 -0.042153 0.999039
1098.799612 15.791694 -1.608309 0.603295 0.002938 0.013056 -0.042169 0.999021
1098.899448 15.883214 -1.619162 0.605998 0.003417 0.014650 -0.042004 0.999004
1098.999289 15.974151 -1.629121 0.610031 0.003422 0.015795 -0.041783 0.998996
1099.099126 16.064003 -1.637185 0.614558 0.003797 0.016214 -0.041762 0.998989
1099.199764 16.145922 -1.646404 0.616683 0.003099 0.017057 -0.041801 0.998976
1099.299615 16.230961 -1.655751 0.616086 0.002407 0.018292 -0.041731 0.998959
1099.399454 16.319051 -1.665379 0.615319 0.002561 0.022007 -0.041684 0.998885
1099.499291 16.399008 -1.675227 0.616626 0.002407 0.024105 -0.041507 0.998844
1099.599137 16.478437 -1.686289 0.615796 0.002300 0.022605 -0.041499 0.998880
1099.699769 16.558646 -1.695801 0.614312 0.002872 0.016955 -0.041574 0.998987
1099.799590 16.649078 -1.705392 0.611104 0.002533 0.015870 -0.041500 0.999009
1099.899429 16.750047 -1.713545 0.609414 0.002103 0.019744 -0.041284 0.998950
1099.999271 16.848000 -1.723257 0.613490 0.002761 0.026902 -0.040986 0.998794
1100.099508 16.945599 -1.734073 0.622833 0.002556 0.029962 -0.040788 0.998715
1100.199355 17.042806 -1.745651 0.632840 0.002881 0.027964 -0.040926 0.998767
1100.299197 17.146669 -1.756786 0.634995 0.002917 0.020745 -0.040969 0.998941
1100.399830 17.259801 -1.768135 0.626601 0.002188 0.015515 -0.041179 0.999029
1100.499669 17.360169 -1.778858 0.621300 0.002302 0.016107 -0.041469 0.999007
1100.599526 17.459690 -1.789951 0.622201 0.002099 0.019165 -0.041492 0.998953
1100.699366 17.557903 -1.800341 0.628056 0.002347 0.021300 -0.041579 0.998905
1100.799204 17.662791 -1.808154 0.640604 0.002779 0.021590 -0.041850 0.998887
1100.899454 17.767251 -1.819181 0.650515 0.003065 0.020861 -0.041699 0.998908
1100.999298 17.869327 -1.830426 0.656919 0.003180 0.018809 -0.041489 0.998957
1101.099136 17.975700 -1.841397 0.663188 0.001256 0.018037 -0.041720 0.998966
1101.199796 18.085243 -1.851612 0.667835 0.001281 0.017699 -0.041718 0.998972
1101.299634 18.194393 -1.861901 0.668921 0.001648 0.019058 -0.041940 0.998937
1101.399459 18.297375 -1.869900 0.669703 0.003193 0.019431 -0.042261 0.998913
1101.499300 18.394977 -1.884578 0.675038 0.003777 0.018191 -0.042517 0.998923
1101.599144 18.485598 -1.897857 0.681934 0.004413 0.016415 -0.043036 0.998929
1101.699789 18.572900 -1.905860 0.682180 0.004955 0.015212 -0.043540 0.998924
1101.799637 18.659418 -1.915107 0.688891 0.004467 0.016130 -0.043812 0.998900
1101.899473 18.763157 -1.925704 0.694820 0.004419 0.017735 -0.043977 0.998865
1101.999312 18.885067 -1.938928 0.706070 0.003550 0.017365 -0.044308 0.998861
1102.099141 19.010007 -1.955445 0.711481 0.002548 0.014984 -0.044520 0.998893
1102.199789 19.130699 -1.972431 0.726460 0.000328 0.000532 -0.044734 0.998999
1102.299637 19.226420 -1.984344 0.732228 -0.002787 -0.039823 -0.045045 0.998187
1102.399474 19.290779 -1.996377 0.742265 -0.002936 -0.043910 -0.045153 0.998010
1102.499318 19.346893 -2.003107 0.743576 -0.002026 -0.026744 -0.045027 0.998626
1102.599162 19.411264 -2.009632 0.748131 -0.000821 -0.008727 -0.044436 0.998974
1102.699783 19.483323 -2.017640 0.750924 0.000801 0.007409 -0.044135 0.998998
1102.799618 19.556451 -2.029205 0.754390 -0.000092 0.010600 -0.044025 0.998974
1102.899459 19.634900 -2.039446 0.757874 0.000228 0.013541 -0.044118 0.998935
1102.999318 19.707435 -2.046720 0.755361 -0.000217 0.014103 -0.043915 0.998936
1103.099175 19.775077 -2.054381 0.751859 0.000003 0.016250 -0.043370 0.998927
1103.199821 19.844826 -2.062980 0.753259 0.000255 0.019470 -0.042284 0.998916
1103.299669 19.918332 -2.070922 0.762197 -0.000457 0.023701 -0.041265 0.998867
1103.399512 19.983583 -2.078674 0.771547 -0.000952 0.026463 -0.040626 0.998823
1103.499359 20.048128 -2.084192 0.777721 0.000151 0.028496 -0.040277 0.998782
1103.599187 20.124996 -2.091595 0.784361 0.001402 0.029318 -0.039925 0.998771
1103.699827 20.215207 -2.100443 0.797101 0.002241 0.031507 -0.039913 0.998704
1103.799682 20.313623 -2.107528 0.799921 0.002561 0.030984 -0.039666 0.998729
1103.899538 20.401935 -2.116493 0.799837 0.002106 0.035149 -0.039468 0.998600
1103.999390 20.491709 -2.127072 0.799564 0.002494 0.039715 -0.039048 0.998445
1104.099226 20.587434 -2.138645 0.810757 0.001923 0.040766 -0.038690 0.998418
1104.199456 20.690714 -2.145659 0.813236 0.002072 0.036781 -0.038290 0.998587
1104.299295 20.790253 -2.151014 0.821159 0.001435 0.031786 -0.038164 0.998765
1104.399131 20.889879 -2.162831 0.823860 0.001369 0.027481 -0.037708 0.998910
1104.499765 21.001486 -2.177570 0.827983 0.000984 0.025148 -0.037982 0.998961
1104.599606 21.115803 -2.189177 0.829847 0.000742 0.024175 -0.038308 0.998973
1104.699454 21.223735 -2.196827 0.831983 0.001593 0.021822 -0.038416 0.999022
1104.799288 21.331377 -2.210276 0.839923 0.001541 0.019157 -0.038391 0.999078
1104.899117 21.436523 -2.222629 0.845216 0.001664 0.016317 -0.038493 0.999124
1104.999748 21.537080 -2.232332 0.851494 0.001088 0.013382 -0.038713 0.999160
1105.099574 21.632031 -2.244028 0.860058 0.000536 0.013308 -0.038358 0.999175
1105.199408 21.732132 -2.254230 0.868319 -0.000285 0.013340 -0.038076 0.999186
1105.299251 21.836258 -2.267453 0.882204 -0.000771 0.013794 -0.037694 0.999194
1105.399499 21.933823 -2.278803 0.896160 -0.000973 0.013634 -0.037392 0.999207
1105.499333 22.031597 -2.293636 0.917669 0.000438 0.012199 -0.036897 0.999245
1105.599183 22.133287 -2.307722 0.942077 0.001519 0.010138 -0.036568 0.999279
1105.699828 22.237138 -2.320015 0.964464 0.000925 0.007173 -0.036450 0.999309
1105.799673 22.344045 -2.334046 0.983295 -0.000103 0.006585 -0.036605 0.999308
1105.899511 22.462987 -2.348464 0.994032 -0.001517 0.008144 -0.036717 0.999291
1105.999346 22.575914 -2.359687 0.998689 -0.001513 0.011252 -0.036773 0.999259
1106.099190 22.676898 -2.370434 1.003526 -0.001054 0.013210 -0.036800 0.999235
1106.199810 22.779190 -2.383674 1.006560 -0.001203 0.012753 -0.037067 0.999231
1106.299649 22.883646 -2.396912 1.009875 -0.001332 0.011577 -0.037232 0.999239
1106.399484 22.991013 -2.411950 1.012254 -0.002483 0.009975 -0.037366 0.999249
1106.499328 23.098577 -2.427524 1.009874 -0.002370 0.009985 -0.037358 0.999249
1106.599165 23.197856 -2.442104 1.005719 -0.002156 0.012667 -0.037381 0.999218
1106.699816 23.300546 -2.457885 1.004646 -0.001249 0.016804 -0.037281 0.999163
1106.799650 23.395746 -2.472917 1.002926 -0.000314 0.018535 -0.037520 0.999124
1106.899485 23.487937 -2.482632 1.003407 -0.001563 0.018218 -0.037912 0.999114
1106.999320 23.591921 -2.491029 1.007183 -0.001868 0.017093 -0.038234 0.999121
1107.099152 23.711610 -2.500784 1.011909 -0.001686 0.015609 -0.038558 0.999133
1107.199795 23.828131 -2.516489 1.013619 -0.000952 0.014438 -0.038330 0.999160
1107.299632 23.931884 -2.531682 1.016946 -0.000416 0.014131 -0.038111 0.999173
1107.399476 24.043456 -2.543043 1.022382 0.001477 0.013775 -0.038552 0.999161
1107.499328 24.156731 -2.551543 1.025154 0.002725 0.013695 -0.041280 0.999050
1107.599188 24.267333 -2.563244 1.020778 0.001933 0.012440 -0.044508 0.998930
1107.699829 24.389328 -2.583322 1.015139 0.003710 0.010994 -0.047690 0.998795
1107.799675 24.494381 -2.600672 1.016671 0.005275 0.009826 -0.052260 0.998571
1107.899508 24.595562 -2.612056 1.029072 0.006716 0.011074 -0.057867 0.998240
1107.999343 24.701941 -2.622507 1.040642 0.006639 0.011739 -0.062629 0.997946
1108.099187 24.800975 -2.637325 1.045647 0.007240 0.013037 -0.066304 0.997688
1108.199825 24.897909 -2.652398 1.042259 0.004582 0.014428 -0.067695 0.997591
1108.299673 25.000033 -2.668947 1.039749 0.003221 0.014747 -0.067934 0.997576
1108.399512 25.113654 -2.685001 1.039211 0.000067 0.013875 -0.067989 0.997590
1108.499363 25.225332 -2.700975 1.047783 -0.001566 0.013784 -0.067826 0.997601
1108.599206 25.329579 -2.718806 1.060461 -0.000516 0.015015 -0.067866 0.997581
1108.699448 25.434837 -2.733657 1.060755 0.001122 0.015457 -0.068201 0.997551
1108.799298 25.538584 -2.746898 1.058783 0.002187 0.014352 -0.068358 0.997555
1108.899133 25.644335 -2.760457 1.060625 0.003506 0.012647 -0.068533 0.997563
1108.999762 25.757324 -2.776566 1.067355 0.004806 0.009795 -0.068503 0.997591
1109.099598 25.869440 -2.791100 1.079780 0.002639 0.009135 -0.068969 0.997573
1109.199445 25.980367 -2.805034 1.085609 -0.003185 0.011090 -0.069503 0.997515
1109.299294 26.091884 -2.817040 1.079394 -0.006764 0.014977 -0.069425 0.997452
1109.399137 26.195383 -2.827258 1.068512 -0.006619 0.016427 -0.069296 0.997439
1109.499783 26.293885 -2.836588 1.076003 -0.002772 0.017451 -0.069099 0.997453
1109.599622 26.393945 -2.844854 1.085263 0.000418 0.017330 -0.069387 0.997439
1109.699462 26.498982 -2.852284 1.081789 0.000977 0.015760 -0.070319 0.997400
1109.799289 26.608518 -2.866227 1.080887 0.002075 0.014588 -0.070696 0.997389
1109.899129 26.724151 -2.880252 1.080699 0.002489 0.014723 -0.071177 0.997352
1109.999776 26.835004 -2.889833 1.083811 0.002081 0.015412 -0.071155 0.997344
1110.099613 26.948082 -2.892547 1.088218 0.001885 0.015800 -0.071050 0.997346
1110.199452 27.050387 -2.897153 1.086846 0.001197 0.015954 -0.071006 0.997348
1110.299279 27.153378 -2.912225 1.088588 0.002708 0.015589 -0.071152 0.997340
1110.399115 27.256873 -2.929156 1.093803 0.002331 0.014913 -0.071695 0.997312
1110.499739 27.370159 -2.940466 1.097093 0.000774 0.014908 -0.071424 0.997334
1110.599578 27.486251 -2.944828 1.098576 0.000440 0.015282 -0.069798 0.997444
1110.699406 27.603541 -2.950375 1.102017 0.003227 0.014933 -0.069070 0.997495
1110.799251 27.724068 -2.959835 1.104522 0.003075 0.012889 -0.068742 0.997546
1110.899504 27.824216 -2.969289 1.108217 0.001943 0.011052 -0.067844 0.997633
1110.999333 27.918697 -2.980900 1.106535 0.005373 0.009501 -0.068060 0.997622
1111.099160 28.017448 -2.994384 1.107158 0.004569 0.009420 -0.068755 0.997579
1111.199794 28.128109 -3.003872 1.107887 0.003079 0.010319 -0.069307 0.997537
1111.299644 28.246362 -3.012709 1.112866 0.001121 0.009507 -0.069670 0.997524
1111.399471 28.365417 -3.022507 1.117112 0.000794 0.009516 -0.069426 0.997541
1111.499311 28.479778 -3.037144 1.120617 0.000435 0.011094 -0.069089 0.997549
1111.599152 28.584844 -3.052194 1.121655 -0.000404 0.011707 -0.068799 0.997562
1111.699780 28.686004 -3.065701 1.119255 -0.000371 0.012107 -0.068804 0.997557
1111.799619 28.788575 -3.076550 1.116960 -0.000309 0.013689 -0.068575 0.997552
1111.899455 28.893791 -3.085947 1.120185 0.000672 0.014470 -0.068120 0.997572
1111.999292 28.997384 -3.093559 1.125432 -0.001206 0.013399 -0.067188 0.997650
1112.099114 29.098764 -3.099273 1.132611 -0.005465 0.012974 -0.063201 0.997902
1112.199751 29.200482 -3.105895 1.135721 -0.005991 0.011937 -0.056723 0.998301
1112.299592 29.297295 -3.108005 1.139496 -0.004208 0.011275 -0.051540 0.998598
1112.399421 29.385886 -3.112530 1.141063 -0.000782 0.011021 -0.048798 0.998748
1112.499263 29.476532 -3.120854 1.143666 0.000178 0.010221 -0.048833 0.998755
1112.599498 29.578643 -3.130070 1.146026 0.001617 0.008130 -0.048990 0.998765
1112.699338 29.690538 -3.138744 1.146063 0.002608 0.007307 -0.049443 0.998747
1112.799166 29.804180 -3.150123 1.148458 0.002341 0.007610 -0.049806 0.998727
1112.899793 29.912265 -3.159994 1.149810 0.002007 0.008843 -0.050459 0.998685
1112.999638 30.011635 -3.169560 1.150349 0.001226 0.010949 -0.050809 0.998648
1113.099482 30.101286 -3.176984 1.148920 0.002371 0.015584 -0.050814 0.998584
1113.199309 30.190838 -3.180325 1.152882 0.002506 0.019045 -0.051326 0.998497
1113.299152 30.282848 -3.184096 1.156928 0.003340 0.020330 -0.051370 0.998467
1113.399781 30.377729 -3.190800 1.162285 0.003537 0.020211 -0.051796 0.998447
1113.499627 30.472214 -3.199692 1.161583 0.003568 0.019639 -0.052062 0.998444
1113.599470 30.572172 -3.212102 1.159499 0.002596 0.019209 -0.052224 0.998447
1113.699312 30.676598 -3.224195 1.154409 0.001636 0.019084 -0.052145 0.998456
1113.799163 30.771285 -3.235631 1.158357 0.001718 0.019356 -0.051925 0.998462
1113.899807 30.866572 -3.242727 1.164136 0.001321 0.017814 -0.051982 0.998488
1113.999642 30.963857 -3.253894 1.172110 -0.000858 0.013977 -0.051903 0.998554
1114.099484 31.063996 -3.266860 1.172040 -0.000758 0.010737 -0.051780 0.998600
1114.199327 31.162397 -3.279814 1.175395 -0.001508 0.010733 -0.051856 0.998596
1114.299170 31.256739 -3.288079 1.179925 -0.000710 0.014136 -0.051895 0.998552
1114.399808 31.357496 -3.302061 1.177895 -0.000941 0.017914 -0.051727 0.998500
1114.499659 31.466658 -3.314769 1.172062 -0.000653 0.019619 -0.051389 0.998486
1114.599496 31.572275 -3.326312 1.169019 -0.000125 0.018531 -0.051285 0.998512
1114.699331 31.670655 -3.336687 1.175171 -0.000634 0.016803 -0.051074 0.998553
1114.799168 31.765997 -3.350444 1.180105 -0.001353 0.016226 -0.050619 0.998585
1114.899805 31.860134 -3.364498 1.182899 -0.001349 0.016945 -0.050364 0.998586
1114.999640 31.949604 -3.380619 1.181324 -0.000480 0.018709 -0.049905 0.998579
1115.099487 32.048232 -3.397037 1.176851 -0.000585 0.020957 -0.049443 0.998557
1115.199315 32.153671 -3.410673 1.172411 -0.002104 0.023343 -0.049485 0.998500
1115.299162 32.263864 -3.423572 1.180732 -0.002423 0.023293 -0.049347 0.998507
1115.399798 32.376601 -3.437078 1.193066 -0.001895 0.021916 -0.049384 0.998538
1115.499642 32.493788 -3.452344 1.201517 -0.001535 0.021296 -0.049236 0.998559
1115.599477 32.596206 -3.467072 1.198937 -0.002595 0.021686 -0.049017 0.998559
1115.699306 32.690442 -3.482841 1.191786 -0.003208 0.022483 -0.048797 0.998551
1115.799150 32.787491 -3.500360 1.185586 -0.003381 0.022084 -0.048260 0.998585
1115.899793 32.890932 -3.514839 1.185316 -0.004045 0.019567 -0.047960 0.998649
1115.999633 33.001622 -3.532405 1.188450 -0.003731 0.018470 -0.047615 0.998688
1116.099478 33.124836 -3.552806 1.190640 -0.004341 0.019230 -0.047336 0.998684
1116.199313 33.243459 -3.572511 1.198180 -0.004269 0.021047 -0.046981 0.998665
1116.299163 33.360752 -3.590640 1.203027 -0.004533 0.021285 -0.046979 0.998659
1116.399815 33.482434 -3.607924 1.208158 -0.004686 0.020655 -0.046692 0.998685
1116.499661 33.598672 -3.623455 1.211931 -0.005094 0.018411 -0.046658 0.998728
1116.599501 33.712171 -3.636852 1.213011 -0.005065 0.015313 -0.046675 0.998780
1116.699343 33.821922 -3.650677 1.211097 -0.005912 0.014256 -0.046502 0.998799
1116.799177 33.931043 -3.664787 1.211725 -0.007401 0.016508 -0.046254 0.998766
1116.899814 34.044327 -3.677435 1.215253 -0.007592 0.018851 -0.045625 0.998752
1116.999646 34.156590 -3.690444 1.218503 -0.007014 0.018666 -0.044912 0.998792
1117.099471 34.267437 -3.704025 1.224617 -0.005715 0.017255 -0.044420 0.998848
1117.199321 34.378209 -3.714192 1.229495 -0.004186 0.016408 -0.044118 0.998883
1117.299142 34.490860 -3.719767 1.236923 -0.004471 0.016934 -0.044172 0.998870
1117.399783 34.614242 -3.725518 1.238340 -0.003928 0.018121 -0.044526 0.998836
1117.499619 34.739553 -3.735905 1.232826 -0.002011 0.018160 -0.044765 0.998830
1117.599472 34.853191 -3.745501 1.234640 -0.000795 0.017275 -0.045254 0.998826
1117.699319 34.948567 -3.752640 1.240760 -0.000856 0.015395 -0.045831 0.998830
1117.799162 35.055284 -3.756726 1.250484 -0.001347 0.014582 -0.046499 0.998811
1117.899816 35.174943 -3.760818 1.255769 -0.001592 0.014415 -0.047248 0.998778
1117.999653 35.284437 -3.763573 1.256735 -0.000610 0.016072 -0.047696 0.998732
1118.099481 35.388209 -3.769805 1.247948 0.000493 0.016481 -0.048251 0.998699
1118.199327 35.500830 -3.777360 1.244566 0.002457 0.016403 -0.048612 0.998680
1118.299179 35.617354 -3.782289 1.251203 0.004605 0.015496 -0.048742 0.998681
1118.399810 35.741963 -3.787732 1.267101 0.005499 0.015226 -0.049301 0.998653
1118.499656 35.861043 -3.793237 1.284113 0.005599 0.015066 -0.049504 0.998645
1118.599494 35.976043 -3.796600 1.299575 0.005771 0.015443 -0.049855 0.998620
1118.699307 36.095831 -3.801324 1.316269 0.005545 0.016198 -0.050330 0.998586
1118.799161 36.214079 -3.806417 1.332945 0.005801 0.015134 -0.050881 0.998573
1118.899804 36.322974 -3.817775 1.353811 0.006273 0.013204 -0.051370 0.998573
1118.999640 36.417227 -3.830891 1.371772 0.006085 0.011756 -0.051493 0.998586
1119.099468 36.515757 -3.844050 1.383895 0.004703 0.011235 -0.052118 0.998567
1119.199305 36.627182 -3.851532 1.393485 0.003345 0.011091 -0.052505 0.998553
1119.299137 36.742836 -3.858118 1.400997 0.002341 0.013439 -0.052339 0.998536
1119.399767 36.869644 -3.869254 1.408370 0.002080 0.016560 -0.052092 0.998503
1119.499607 36.984232 -3.879442 1.416494 0.001086 0.017738 -0.052006 0.998489
1119.599456 37.098285 -3.894160 1.417125 0.001025 0.017820 -0.051335 0.998522
1119.699303 37.214260 -3.908281 1.417249 0.000823 0.018778 -0.050923 0.998526
1119.799145 37.325623 -3.925018 1.415026 0.000734 0.021620 -0.050056 0.998512
1119.899803 37.431666 -3.933853 1.416300 0.000579 0.023988 -0.049626 0.998480
1119.999672 37.529644 -3.941480 1.419302 0.000702 0.024267 -0.049318 0.998488
1120.099517 37.627607 -3.952131 1.425408 0.000753 0.023203 -0.049117 0.998523
1120.199362 37.740234 -3.963025 1.432079 0.000255 0.020767 -0.049259 0.998570
1120.299199 37.854976 -3.968351 1.437956 0.000096 0.018190 -0.049716 0.998598
1120.399434 37.965502 -3.973952 1.443157 -0.000684 0.015356 -0.050193 0.998621
1120.499283 38.087515 -3.986412 1.449680 -0.002392 0.013465 -0.050637 0.998623
1120.599116 38.211476 -4.001752 1.453063 -0.000342 0.014486 -0.050865 0.998600
1120.699749 38.333952 -4.010845 1.452957 0.001984 0.016053 -0.051460 0.998544
1120.799570 38.451890 -4.015976 1.459240 0.002391 0.016851 -0.051850 0.998510
1120.899421 38.557181 -4.022715 1.468665 0.003563 0.015528 -0.052045 0.998518
1120.999254 38.666930 -4.034300 1.477137 0.004823 0.013234 -0.051794 0.998558
1121.099499 38.779349 -4.042564 1.491906 0.005007 0.012236 -0.051945 0.998562
1121.199330 38.890487 -4.049078 1.506871 0.003791 0.011122 -0.051975 0.998579
1121.299171 39.001145 -4.055123 1.523489 0.001874 0.010444 -0.051838 0.998599
1121.399829 39.109306 -4.071523 1.544529 0.001338 0.010827 -0.051535 0.998612
1121.499658 39.219999 -4.087111 1.568975 0.000589 0.011633 -0.051613 0.998599
1121.599492 39.331251 -4.094413 1.581889 0.000571 0.010490 -0.051950 0.998594
1121.699332 39.439989 -4.101336 1.589166 0.001080 0.011782 -0.052096 0.998572
1121.799184 39.561783 -4.113211 1.588898 0.000741 0.015172 -0.052107 0.998526
1121.899844 39.682229 -4.128919 1.599023 0.000726 0.019777 -0.051959 0.998453
1121.999675 39.788946 -4.138646 1.604837 0.000278 0.021493 -0.052059 0.998413
1122.099514 39.891687 -4.146712 1.607733 0.000091 0.018188 -0.052161 0.998473
1122.199356 40.000924 -4.158969 1.613807 0.000303 0.014504 -0.051916 0.998546
1122.299190 40.105845 -4.172977 1.617799 0.000401 0.011623 -0.052029 0.998578
1122.399818 40.204187 -4.185880 1.626216 -0.000120 0.011527 -0.051995 0.998581
1122.499653 40.312051 -4.196911 1.642806 -0.000410 0.012554 -0.051875 0.998575
1122.599491 40.413267 -4.211782 1.660801 -0.000104 0.011884 -0.051667 0.998594
1122.699333 40.517372 -4.222200 1.672575 -0.000584 0.011285 -0.051683 0.998600
1122.799178 40.619776 -4.231269 1.687697 -0.000666 0.011281 -0.051530 0.998608
1122.899810 40.735974 -4.237012 1.693522 -0.001963 0.011415 -0.051514 0.998605
1122.999650 40.857406 -4.249813 1.700036 -0.000928 0.011721 -0.051467 0.998606
1123.099507 40.971095 -4.265600 1.704240 -0.000453 0.014818 -0.051287 0.998574
1123.199357 41.073296 -4.276892 1.708783 -0.000959 0.016965 -0.051215 0.998543
1123.299192 41.172191 -4.281247 1.719275 -0.000790 0.016294 -0.051174 0.998557
1123.399818 41.271804 -4.287030 1.727362 -0.000214 0.014645 -0.051118 0.998585
1123.499652 41.372793 -4.296665 1.727695 0.000487 0.014435 -0.051321 0.998578
1123.599488 41.469592 -4.305467 1.731279 0.001202 0.015762 -0.051358 0.998555
1123.699330 41.569180 -4.313388 1.732652 0.001785 0.018152 -0.051444 0.998509
1123.799161 41.665042 -4.324472 1.733241 0.002344 0.019682 -0.051499 0.998476
1123.899796 41.760019 -4.334084 1.731447 0.002032 0.019776 -0.051923 0.998453
1123.999629 41.855542 -4.343070 1.729698 0.002260 0.018289 -0.052356 0.998458
1124.099469 41.966763 -4.350319 1.733225 0.002000 0.016307 -0.052748 0.998473
1124.199315 42.078415 -4.361133 1.735855 0.002761 0.014423 -0.052741 0.998500
1124.299154 42.189988 -4.373985 1.735440 0.002452 0.013743 -0.052869 0.998504
1124.399803 42.294211 -4.382355 1.732814 0.002613 0.012565 -0.053122 0.998506
1124.499653 42.401215 -4.385667 1.732224 0.002803 0.010749 -0.054184 0.998469
1124.599492 42.510526 -4.393412 1.737262 0.003035 0.009645 -0.054720 0.998451
1124.699323 42.618382 -4.409613 1.740801 0.006343 0.009455 -0.056887 0.998316
1124.799168 42.721712 -4.426530 1.745241 0.006709 0.010067 -0.059627 0.998147
1124.899820 42.819545 -4.439930 1.752270 0.004669 0.010693 -0.061496 0.998039
1124.999652 42.908296 -4.450319 1.757546 0.003758 0.010061 -0.062628 0.997979
1125.099487 43.000393 -4.462446 1.762038 0.002367 0.010115 -0.062921 0.997964
1125.199333 43.098315 -4.478057 1.771755 0.001709 0.011380 -0.062816 0.997959
1125.299164 43.200617 -4.490783 1.783872 0.001556 0.014108 -0.062720 0.997930
1125.399800 43.299680 -4.507413 1.794316 0.001510 0.017027 -0.062407 0.997904
1125.499634 43.383791 -4.519312 1.802246 0.001132 0.019607 -0.062289 0.997865
1125.599465 43.468134 -4.529525 1.806218 0.000377 0.021549 -0.062472 0.997814
1125.699304 43.560725 -4.541822 1.806532 -0.000093 0.022108 -0.062671 0.997789
1125.799149 43.660663 -4.558594 1.808826 -0.000062 0.020644 -0.062521 0.997830
1125.899780 43.764302 -4.579081 1.810153 -0.000442 0.018873 -0.062289 0.997880
1125.999613 43.878001 -4.596258 1.812429 -0.000022 0.018659 -0.062012 0.997901
1126.099456 43.996978 -4.608354 1.815951 0.000255 0.019133 -0.062030 0.997891
1126.199290 44.103258 -4.620449 1.819516 -0.001017 0.018905 -0.062203 0.997884
1126.299142 44.192140 -4.636921 1.822060 -0.001538 0.019006 -0.062166 0.997884
1126.399785 44.273151 -4.656922 1.823506 -0.001047 0.018219 -0.062371 0.997886
1126.499608 44.364613 -4.670864 1.825867 0.000137 0.018377 -0.062970 0.997846
1126.599447 44.464457 -4.684013 1.825028 0.001114 0.019632 -0.063280 0.997802
1126.699287 44.577262 -4.698244 1.823083 0.001091 0.021321 -0.063721 0.997739
1126.799122 44.694493 -4.715309 1.821511 -0.000677 0.022447 -0.064028 0.997695
1126.899759 44.808345 -4.733216 1.819212 -0.000689 0.022670 -0.064090 0.997686
1126.999620 44.922854 -4.752556 1.820472 -0.001090 0.021159 -0.064160 0.997715
1127.099449 45.034712 -4.768850 1.824460 -0.000682 0.019510 -0.064308 0.997739
1127.199292 45.133334 -4.782032 1.831803 -0.000771 0.020238 -0.064399 0.997719
1127.299138 45.234876 -4.797716 1.834556 -0.000555 0.022230 -0.064453 0.997673
1127.399779 45.333507 -4.811845 1.828795 -0.000079 0.023631 -0.064355 0.997647
1127.499618 45.445157 -4.823356 1.827420 -0.000625 0.023114 -0.064561 0.997646
1127.599457 45.572191 -4.841449 1.827954 -0.000574 0.022009 -0.064642 0.997666
1127.699319 45.710709 -4.859934 1.836258 -0.000338 0.021861 -0.064750 0.997662
1127.799158 45.836411 -4.877794 1.843856 0.000875 0.024999 -0.064527 0.997602
1127.899794 45.944210 -4.892246 1.847802 0.001214 0.028039 -0.064650 0.997513
1127.999641 46.047996 -4.902852 1.850585 -0.000325 0.028217 -0.064874 0.997494
1128.099478 46.152483 -4.917634 1.848736 -0.002942 0.025319 -0.065172 0.997548
1128.199322 46.266342 -4.933739 1.848828 -0.003127 0.022783 -0.065271 0.997603
1128.299162 46.384729 -4.948623 1.846082 -0.001102 0.022181 -0.065705 0.997592
1128.399789 46.504696 -4.959493 1.847900 0.001694 0.022320 -0.065967 0.997571
1128.499643 46.616224 -4.970239 1.851054 0.003373 0.022875 -0.066116 0.997544
1128.599487 46.736523 -4.986860 1.854960 0.003332 0.023044 -0.066270 0.997530
1128.699323 46.862659 -5.002544 1.857478 0.002645 0.023399 -0.066524 0.997507
1128.799174 46.983419 -5.014965 1.858137 0.000731 0.023376 -0.066949 0.997482
1128.899811 47.106637 -5.028044 1.856248 -0.001844 0.023553 -0.067350 0.997450
1128.999638 47.242136 -5.042413 1.857866 -0.001609 0.027402 -0.067394 0.997349
1129.099476 47.382976 -5.058680 1.862864 -0.000767 0.030066 -0.067617 0.997258
1129.199299 47.528402 -5.074126 1.868308 -0.001860 0.028911 -0.067804 0.997278
1129.299148 47.668377 -5.090780 1.866181 -0.001018 0.026092 -0.067780 0.997359
1129.399792 47.806019 -5.105194 1.865664 -0.000360 0.023125 -0.067890 0.997425
1129.499645 47.951120 -5.124801 1.867574 -0.001067 0.021169 -0.067639 0.997485
1129.599481 48.101028 -5.143079 1.871267 -0.000901 0.020502 -0.067563 0.997504
1129.699321 48.237500 -5.158932 1.867884 -0.000218 0.019628 -0.067503 0.997526
1129.799167 48.367297 -5.169214 1.874811 -0.001942 0.019164 -0.067785 0.997514
1129.899804 48.502180 -5.178698 1.885328 -0.004709 0.018124 -0.068129 0.997501
1129.999644 48.630483 -5.190878 1.888796 -0.007654 0.015823 -0.068212 0.997516
1130.099491 48.748364 -5.196633 1.891199 -0.010866 0.013826 -0.068311 0.997509
1130.199330 48.875200 -5.205598 1.891872 -0.011827 0.014027 -0.067957 0.997520
1130.299185 49.007835 -5.216012 1.890669 -0.011125 0.015547 -0.067541 0.997533
1130.399815 49.159333 -5.227451 1.889629 -0.010344 0.016370 -0.067338 0.997542
1130.499660 49.316632 -5.236646 1.890829 -0.009802 0.016360 -0.067028 0.997569
1130.599509 49.463931 -5.242236 1.892721 -0.008110 0.015551 -0.066923 0.997604
1130.699335 49.602355 -5.240131 1.895811 -0.005470 0.016132 -0.066659 0.997630
1130.799188 49.733077 -5.241180 1.904374 -0.003281 0.017772 -0.066555 0.997619
1130.899835 49.871388 -5.245345 1.915194 -0.001942 0.019712 -0.066351 0.997600
1130.999673 50.007501 -5.249735 1.916978 -0.001332 0.020648 -0.065803 0.997618
1131.099521 50.138300 -5.250210 1.912497 -0.000820 0.020742 -0.065764 0.997619
1131.199352 50.267168 -5.251230 1.904182 -0.000834 0.020959 -0.065432 0.997637
1131.299192 50.401915 -5.254382 1.900758 -0.000213 0.021357 -0.065106 0.997650
1131.399829 50.548218 -5.257634 1.906191 -0.001476 0.023256 -0.065112 0.997606
1131.499676 50.673815 -5.259052 1.916045 -0.001330 0.023671 -0.065122 0.997596
1131.599497 50.784975 -5.262354 1.919318 -0.000984 0.021461 -0.065279 0.997636
1131.699338 50.903114 -5.269205 1.918681 -0.000174 0.017845 -0.065427 0.997698
1131.799174 51.033591 -5.277227 1.913094 -0.001108 0.015343 -0.066041 0.997698
1131.899814 51.188529 -5.282798 1.916596 -0.000929 0.013901 -0.066815 0.997668
1131.999663 51.339345 -5.287649 1.923709 -0.000861 0.013684 -0.067120 0.997651
1132.099516 51.478379 -5.295915 1.927083 -0.001074 0.013432 -0.067213 0.997648
1132.199348 51.618720 -5.304888 1.928368 -0.001976 0.012515 -0.067895 0.997612
1132.299186 51.752057 -5.311253 1.928419 -0.002095 0.010378 -0.067956 0.997632
1132.399820 51.878654 -5.317951 1.930689 -0.002524 0.007999 -0.067855 0.997660
1132.499655 52.003677 -5.324875 1.935864 -0.002836 0.006539 -0.067581 0.997688
1132.599498 52.133104 -5.333237 1.942123 -0.003028 0.007311 -0.067501 0.997688
1132.699343 52.257247 -5.340994 1.939441 -0.002510 0.009191 -0.067549 0.997670
1132.799182 52.381024 -5.349352 1.936640 -0.002208 0.009940 -0.067484 0.997668
1132.899821 52.496344 -5.354973 1.939353 -0.001922 0.009148 -0.067772 0.997657
1132.999668 52.603443 -5.364444 1.939938 -0.002081 0.008561 -0.068059 0.997642
1133.099501 52.705569 -5.374675 1.939783 -0.001716 0.008353 -0.068215 0.997634
1133.199351 52.803604 -5.383498 1.939139 -0.001326 0.009441 -0.068030 0.997638
1133.299205 52.905411 -5.391157 1.946563 -0.001218 0.010238 -0.068414 0.997604
1133.399441 53.009322 -5.398648 1.954804 -0.001958 0.009122 -0.069365 0.997548
1133.499281 53.112955 -5.407423 1.959420 -0.003746 0.007123 -0.069892 0.997522
1133.599129 53.217816 -5.419664 1.961224 -0.003170 0.006454 -0.070399 0.997493
1133.699775 53.326015 -5.432042 1.957024 -0.004367 0.006350 -0.070083 0.997511
1133.799613 53.434738 -5.440832 1.956685 -0.004708 0.008000 -0.069826 0.997516
1133.899446 53.543822 -5.450802 1.957978 -0.003707 0.008586 -0.069198 0.997559
1133.999267 53.647424 -5.459469 1.954849 -0.003357 0.008933 -0.068793 0.997585
1134.099507 53.738364 -5.466283 1.960187 -0.002982 0.008435 -0.068723 0.997596
1134.199331 53.825754 -5.472852 1.966820 -0.002513 0.010310 -0.068691 0.997582
1134.299168 53.914871 -5.485631 1.960826 -0.002991 0.012369 -0.068565 0.997566
1134.399803 53.996208 -5.493037 1.953109 -0.004123 0.014842 -0.068499 0.997532
1134.499639 54.082282 -5.496431 1.950815 -0.004687 0.017565 -0.068529 0.997483
1134.599478 54.169991 -5.508570 1.959485 -0.004152 0.020556 -0.068287 0.997445
1134.699318 54.258324 -5.513973 1.964895 -0.002112 0.023001 -0.068986 0.997350
1134.799151 54.359937 -5.521328 1.970973 -0.000798 0.025772 -0.069477 0.997250
1134.899790 54.467922 -5.530991 1.973077 0.000435 0.030360 -0.069909 0.997091
1134.999633 54.569077 -5.544962 1.972051 0.001148 0.033614 -0.070112 0.996972
1135.099485 54.669822 -5.558126 1.972605 0.000962 0.034813 -0.070549 0.996900
1135.199321 54.769987 -5.560989 1.968440 0.000494 0.031969 -0.071139 0.996954
1135.299166 54.871320 -5.568065 1.964081 -0.000067 0.030002 -0.071284 0.997005
1135.399806 54.979167 -5.577223 1.963373 0.000105 0.032227 -0.071226 0.996939
1135.499654 55.086620 -5.591831 1.966888 0.000480 0.035890 -0.071199 0.996816
1135.599498 55.206684 -5.607358 1.972194 -0.000529 0.034298 -0.071213 0.996871
1135.699329 55.324421 -5.620861 1.977820 -0.000768 0.031623 -0.070916 0.996981
1135.799163 55.449932 -5.635628 1.980799 -0.001101 0.029317 -0.070487 0.997081
1135.899806 55.582259 -5.656861 1.973039 -0.001506 0.028450 -0.069931 0.997145
1135.999644 55.702291 -5.672126 1.968909 -0.001735 0.028385 -0.069406 0.997183
1136.099486 55.822181 -5.683562 1.969896 -0.001854 0.031372 -0.068850 0.997132
1136.199320 55.943895 -5.697194 1.968881 -0.002800 0.032766 -0.068342 0.997120
1136.299168 56.056883 -5.712221 1.976982 -0.005051 0.031602 -0.067941 0.997176
1136.399801 56.167671 -5.728343 1.981017 -0.007107 0.028747 -0.067536 0.997277
1136.499643 56.283066 -5.739535 1.985346 -0.007211 0.027243 -0.067180 0.997343
1136.599494 56.404937 -5.749328 1.990044 -0.007218 0.028838 -0.066864 0.997319
1136.699347 56.534165 -5.760102 1.990508 -0.005020 0.032831 -0.066395 0.997240
1136.799192 56.659058 -5.772400 1.993189 -0.003302 0.034100 -0.066085 0.997226
1136.899836 56.802413 -5.788713 2.010716 -0.002463 0.032054 -0.065737 0.997319
1136.999670 56.946082 -5.803816 2.034827 -0.002144 0.030757 -0.065871 0.997352
1137.099496 57.092481 -5.819046 2.048272 -0.001901 0.029879 -0.065952 0.997374
1137.199343 57.236547 -5.829759 2.053575 -0.001060 0.028181 -0.066241 0.997405
1137.299172 57.377815 -5.838558 2.054227 0.000393 0.028332 -0.066746 0.997368
1137.399814 57.524317 -5.850245 2.064584 0.001016 0.029501 -0.067285 0.997297
1137.499662 57.667470 -5.865763 2.077692 0.000961 0.028489 -0.067861 0.997287
1137.599489 57.802929 -5.878579 2.090291 0.001181 0.027094 -0.068724 0.997267
1137.699322 57.945395 -5.890795 2.100425 0.002566 0.025372 -0.069543 0.997253
1137.799169 58.090012 -5.909800 2.108806 0.002883 0.024729 -0.069910 0.997243
1137.899804 58.231301 -5.927635 2.121139 0.002905 0.024898 -0.070620 0.997188
1137.999652 58.373602 -5.944669 2.140162 0.001468 0.023481 -0.071217 0.997183
1138.099480 58.518883 -5.960046 2.164370 -0.001542 0.023656 -0.071845 0.997134
1138.199326 58.665315 -5.979520 2.193705 -0.001734 0.023893 -0.071999 0.997117
1138.299171 58.810778 -6.001123 2.214644 -0.000428 0.022390 -0.071923 0.997159
1138.399808 58.962543 -6.025120 2.232033 0.000467 0.021128 -0.071297 0.997231
1138.499646 59.117374 -6.045320 2.245311 -0.001375 0.024600 -0.070827 0.997184
1138.599491 59.270558 -6.062231 2.266991 -0.002971 0.028737 -0.070110 0.997121
1138.699331 59.422113 -6.079073 2.288773 -0.004951 0.028916 -0.069344 0.997161
1138.799181 59.567465 -6.099627 2.307194 -0.006063 0.025444 -0.068746 0.997291
1138.899805 59.718648 -6.122629 2.320688 -0.003980 0.023790 -0.068424 0.997365
1138.999639 59.871029 -6.147309 2.328049 -0.001113 0.024779 -0.068184 0.997364
1139.099477 60.025464 -6.166702 2.327960 -0.000672 0.027027 -0.068438 0.997289
1139.199323 60.177332 -6.185892 2.325834 -0.001625 0.026416 -0.068336 0.997311
1139.299171 60.343317 -6.207867 2.324493 -0.002819 0.024395 -0.067962 0.997386
1139.399817 60.497942 -6.227234 2.327737 -0.003098 0.021259 -0.067565 0.997484
1139.499648 60.644465 -6.245788 2.337695 -0.002639 0.019872 -0.067399 0.997525
1139.599493 60.793522 -6.268768 2.344558 -0.002434 0.020756 -0.067246 0.997518
1139.699334 60.950789 -6.292551 2.342867 -0.003081 0.024293 -0.067432 0.997423
1139.799190 61.108940 -6.312309 2.332001 -0.003161 0.028564 -0.067819 0.997284
1139.899837 61.266783 -6.327215 2.326111 -0.003223 0.027903 -0.068380 0.997264
1139.999674 61.413436 -6.347113 2.330337 -0.002377 0.026452 -0.068565 0.997293
1140.099514 61.555676 -6.366824 2.337181 -0.001791 0.026271 -0.069214 0.997254
1140.199350 61.698066 -6.386854 2.338701 -0.000890 0.028344 -0.069498 0.997179
1140.299182 61.840555 -6.406848 2.336032 -0.000553 0.029108 -0.069532 0.997155
1140.399829 61.978222 -6.433012 2.338556 0.000470 0.028078 -0.069152 0.997211
1140.499670 62.120793 -6.450833 2.338861 0.000897 0.026391 -0.068776 0.997283
1140.599508 62.271432 -6.467816 2.339407 0.000176 0.024967 -0.068633 0.997329
1140.699348 62.432384 -6.482277 2.345160 -0.003463 0.026154 -0.068723 0.997287
1140.799182 62.603371 -6.506643 2.350116 -0.007461 0.030477 -0.068548 0.997154
1140.899825 62.766663 -6.532239 2.354561 -0.011232 0.032352 -0.068321 0.997075
1140.999670 62.937122 -6.557633 2.358892 -0.013265 0.030277 -0.068082 0.997132
1141.099500 63.115160 -6.575856 2.359117 -0.015525 0.026372 -0.068637 0.997172
1141.199332 63.283950 -6.588729 2.353773 -0.015544 0.024012 -0.068610 0.997233
1141.299173 63.430822 -6.597733 2.353521 -0.015179 0.024162 -0.068796 0.997223
1141.399800 63.572901 -6.609083 2.363204 -0.013796 0.024915 -0.068882 0.997218
1141.499660 63.717482 -6.619315 2.365475 -0.011741 0.024812 -0.069036 0.997236
1141.599504 63.860433 -6.627391 2.365610 -0.012494 0.024416 -0.069424 0.997210
1141.699348 64.008737 -6.632384 2.368383 -0.012265 0.023423 -0.070044 0.997193
1141.799177 64.169607 -6.636822 2.366596 -0.010370 0.021305 -0.070597 0.997223
1141.899825 64.348172 -6.645288 2.364173 -0.004907 0.023298 -0.070284 0.997243
1141.999659 64.540643 -6.652229 2.362293 -0.002068 0.028632 -0.070168 0.997122
1142.099510 64.724581 -6.657223 2.369538 -0.001655 0.030886 -0.070316 0.997045
1142.199361 64.899987 -6.663778 2.378283 -0.001810 0.029421 -0.070199 0.997097
1142.299205 65.073689 -6.669723 2.387786 -0.002467 0.026306 -0.070110 0.997189
1142.399437 65.241057 -6.680042 2.388308 -0.002549 0.023454 -0.069814 0.997281
1142.499285 65.402265 -6.688502 2.387978 -0.002729 0.021120 -0.069541 0.997352
1142.599128 65.557861 -6.693789 2.401073 -0.001619 0.019003 -0.069569 0.997395
1142.699781 65.717829 -6.703260 2.409236 -0.001283 0.017060 -0.069779 0.997416
1142.799611 65.867548 -6.709244 2.417860 -0.002099 0.015964 -0.070348 0.997393
1142.899459 66.012387 -6.715234 2.425346 -0.003316 0.015424 -0.070439 0.997391
1142.999293 66.169747 -6.723926 2.432637 -0.004106 0.015057 -0.070783 0.997370
1143.099135 66.331686 -6.728010 2.437455 -0.002623 0.015229 -0.071284 0.997336
1143.199767 66.492335 -6.733766 2.436504 -0.001156 0.015595 -0.071333 0.997330
1143.299601 66.657314 -6.741649 2.435906 -0.000785 0.014953 -0.071277 0.997344
1143.399441 66.803390 -6.752098 2.436246 -0.000512 0.013436 -0.070945 0.997390
1143.499276 66.944927 -6.762726 2.440899 -0.001012 0.011895 -0.070688 0.997427
1143.599518 67.090495 -6.771008 2.442082 -0.002586 0.011349 -0.070578 0.997438
1143.699345 67.230798 -6.776176 2.448065 -0.002990 0.011166 -0.070403 0.997452
1143.799178 67.374986 -6.782240 2.454983 -0.002369 0.011069 -0.069782 0.997498
1143.899823 67.524183 -6.789363 2.461528 -0.002290 0.011714 -0.069427 0.997516
1143.999679 67.667471 -6.803143 2.461214 -0.004168 0.012454 -0.069414 0.997501
1144.099524 67.801150 -6.817162 2.461616 -0.004117 0.011707 -0.069417 0.997511
1144.199356 67.945105 -6.828596 2.461008 -0.003864 0.007931 -0.069662 0.997532
1144.299187 68.085358 -6.836051 2.459712 -0.003369 0.007062 -0.070206 0.997502
1144.399827 68.213416 -6.840667 2.455819 -0.002219 0.009132 -0.070690 0.997454
1144.499671 68.341642 -6.848357 2.456605 -0.002108 0.014074 -0.070462 0.997413
1144.599526 68.471352 -6.856372 2.463099 -0.002882 0.017408 -0.070407 0.997362
1144.699371 68.608805 -6.868075 2.469654 -0.003716 0.017367 -0.070047 0.997386
1144.799212 68.753553 -6.880095 2.470714 -0.003436 0.016163 -0.069478 0.997447
1144.899458 68.894014 -6.886480 2.468361 -0.002180 0.014382 -0.069387 0.997484
1144.999301 69.030213 -6.896527 2.470565 -0.002208 0.013957 -0.069021 0.997515
1145.099140 69.154136 -6.910374 2.468009 -0.002396 0.014135 -0.068567 0.997544
1145.199786 69.263819 -6.921125 2.470229 -0.001733 0.013842 -0.068293 0.997568
1145.299634 69.365989 -6.932151 2.474095 -0.002218 0.012585 -0.068241 0.997587
1145.399459 69.470538 -6.938783 2.473788 -0.003230 0.011519 -0.068368 0.997588
1145.499300 69.577780 -6.947018 2.476797 -0.002971 0.012719 -0.068497 0.997566
1145.599153 69.696568 -6.955316 2.480688 -0.002049 0.014238 -0.068720 0.997532
1145.699795 69.815464 -6.966674 2.479098 -0.001986 0.013539 -0.068901 0.997530
1145.799645 69.929376 -6.977801 2.477805 -0.002005 0.011522 -0.069110 0.997540
1145.899491 70.038915 -6.988669 2.482732 -0.001815 0.010496 -0.069418 0.997531
1145.999316 70.149670 -6.999789 2.490274 -0.002794 0.011787 -0.069710 0.997494
1146.099158 70.268072 -7.011581 2.492602 -0.002304 0.012650 -0.070144 0.997454
1146.199796 70.388910 -7.023944 2.498167 -0.001849 0.012940 -0.070556 0.997422
1146.299650 70.506114 -7.039102 2.515752 -0.000902 0.013369 -0.070523 0.997420
1146.399495 70.609748 -7.049625 2.539026 -0.000648 0.013750 -0.070535 0.997414
1146.499327 70.710639 -7.060262 2.558212 -0.000481 0.014229 -0.070459 0.997413
1146.599151 70.812424 -7.068127 2.574607 -0.000714 0.019053 -0.070349 0.997340
1146.699792 70.920840 -7.081121 2.587405 -0.001911 0.022868 -0.070205 0.997269
1146.799635 71.028036 -7.097719 2.601609 -0.002610 0.023173 -0.069998 0.997275
1146.899469 71.125985 -7.110869 2.617743 -0.003607 0.022065 -0.069953 0.997300
1146.999304 71.226108 -7.125355 2.632891 -0.002876 0.023008 -0.069762 0.997294
1147.099158 71.332715 -7.139634 2.651271 -0.004141 0.024948 -0.069566 0.997257
1147.199790 71.441642 -7.148817 2.655553 -0.003987 0.025991 -0.069491 0.997236
1147.299629 71.548462 -7.159723 2.657255 -0.003555 0.026631 -0.069602 0.997213
1147.399475 71.660021 -7.175637 2.660598 -0.002867 0.028246 -0.069499 0.997178
1147.499318 71.775677 -7.190187 2.663034 -0.002468 0.027289 -0.069775 0.997186
1147.599149 71.889332 -7.204018 2.661653 -0.002422 0.024234 -0.069994 0.997250
1147.699796 71.999741 -7.219734 2.658011 -0.002319 0.023646 -0.070121 0.997256
1147.799636 72.111465 -7.232669 2.665463 -0.002384 0.027075 -0.070276 0.997157
1147.899479 72.230553 -7.240210 2.672403 -0.002446 0.029989 -0.070481 0.997059
1147.999318 72.355782 -7.250352 2.673947 -0.002220 0.028523 -0.070241 0.997120
1148.099153 72.478120 -7.265640 2.671364 -0.000255 0.026267 -0.070338 0.997177
1148.199778 72.584747 -7.288343 2.667883 0.004537 0.023371 -0.073548 0.997007
1148.299607 72.685458 -7.308178 2.667242 0.006290 0.020896 -0.079158 0.996623
1148.399434 72.798387 -7.326885 2.664586 0.006064 0.019103 -0.085084 0.996172
1148.499274 72.919193 -7.340194 2.663725 -0.000012 0.019708 -0.087387 0.995979
1148.599513 73.052020 -7.355520 2.663673 0.000023 0.019700 -0.087446 0.995974
1148.699365 73.187518 -7.378466 2.668796 -0.000503 0.018990 -0.087049 0.996023
1148.799196 73.318085 -7.404860 2.673524 -0.000773 0.017985 -0.086665 0.996075
1148.899835 73.448178 -7.427112 2.670660 -0.001000 0.019285 -0.086527 0.996062
1148.999686 73.568950 -7.445175 2.662726 -0.001169 0.021080 -0.086382 0.996038
1149.099538 73.691146 -7.463689 2.660120 -0.000901 0.022433 -0.085907 0.996050
1149.199383 73.815770 -7.484578 2.664745 -0.001064 0.023576 -0.085599 0.996050
1149.299231 73.924086 -7.507524 2.667212 -0.001021 0.024786 -0.085156 0.996059
1149.399484 74.027193 -7.526683 2.667277 -0.001224 0.024181 -0.085212 0.996069
1149.499331 74.134412 -7.544635 2.666670 -0.001134 0.022853 -0.085521 0.996074
1149.599162 74.254084 -7.565559 2.668238 -0.001352 0.022381 -0.085817 0.996059
1149.699806 74.378914 -7.589220 2.670906 -0.002099 0.021833 -0.086022 0.996052
1149.799638 74.507958 -7.612103 2.682208 -0.002384 0.020499 -0.086233 0.996061
1149.899485 74.634481 -7.636045 2.685087 -0.002311 0.020176 -0.086315 0.996061
1149.999323 74.750089 -7.656347 2.680172 -0.002287 0.022328 -0.086527 0.995997
1150.099166 74.869850 -7.673977 2.675084 -0.002351 0.024479 -0.086511 0.995947
1150.199802 74.995468 -7.693650 2.677557 -0.002581 0.025578 -0.086543 0.995916
1150.299642 75.123510 -7.717397 2.683778 -0.001656 0.024801 -0.086483 0.995943
1150.399476 75.255808 -7.741537 2.689093 -0.002564 0.023116 -0.086507 0.995980
1150.499307 75.386001 -7.762280 2.692596 -0.001442 0.022964 -0.086614 0.995976
1150.599139 75.516112 -7.781352 2.696981 -0.000749 0.025782 -0.086643 0.995905
1150.699785 75.647128 -7.799748 2.696307 0.000177 0.027559 -0.086848 0.995840
1150.799631 75.776144 -7.820587 2.696002 -0.000037 0.029190 -0.087017 0.995779
1150.899487 75.898146 -7.839261 2.699337 0.000147 0.029931 -0.087331 0.995730
1150.999321 76.017038 -7.857532 2.702724 -0.001355 0.028086 -0.087435 0.995773
1151.099160 76.145184 -7.873533 2.702271 -0.004263 0.025726 -0.087899 0.995788
1151.199793 76.278789 -7.892190 2.700036 -0.003464 0.027965 -0.087943 0.995727
1151.299626 76.413100 -7.913470 2.694280 -0.000644 0.031376 -0.087541 0.995666
1151.399467 76.553077 -7.939129 2.690087 0.000414 0.033785 -0.087362 0.995603
1151.499300 76.700811 -7.966172 2.695302 0.000363 0.033764 -0.087448 0.995597
1151.599136 76.854664 -7.990280 2.703587 0.000528 0.033795 -0.087386 0.995601
1151.699769 77.001354 -8.012038 2.709082 0.000785 0.034206 -0.087245 0.995599
1151.799619 77.142347 -8.033844 2.705477 -0.000718 0.035227 -0.087287 0.995560
1151.899458 77.284086 -8.055239 2.701983 -0.000940 0.035446 -0.086983 0.995579
1151.999297 77.428452 -8.078592 2.705895 -0.001010 0.033524 -0.086813 0.995660
1152.099123 77.569888 -8.098638 2.710863 -0.000701 0.027744 -0.086603 0.995856
1152.199770 77.723775 -8.119834 2.716515 0.000682 0.023713 -0.086360 0.995981
1152.299607 77.881616 -8.143878 2.722304 -0.000703 0.023643 -0.086253 0.995992
1152.399447 78.037106 -8.172075 2.722999 0.000755 0.028138 -0.085806 0.995914
1152.499284 78.204122 -8.200476 2.718709 0.000770 0.033180 -0.085763 0.995763
1152.599138 78.363611 -8.222818 2.717962 0.001045 0.035919 -0.085858 0.995659
1152.699783 78.520625 -8.250563 2.716853 0.000861 0.034183 -0.085810 0.995725
1152.799623 78.671658 -8.276731 2.718211 0.001208 0.033949 -0.086134 0.995704
1152.899455 78.819784 -8.303107 2.717915 0.001367 0.034704 -0.086176 0.995674
1152.999286 78.975442 -8.329641 2.726803 0.000482 0.034716 -0.085933 0.995696
1153.099131 79.146562 -8.353100 2.729070 -0.001980 0.032180 -0.085567 0.995811
1153.199774 79.327097 -8.375451 2.735202 -0.008995 0.030362 -0.085502 0.995835
1153.299607 79.502178 -8.395529 2.741464 -0.015660 0.027038 -0.085392 0.995857
1153.399455 79.663678 -8.410899 2.737946 -0.021186 0.022597 -0.085669 0.995842
1153.499293 79.824673 -8.427817 2.734839 -0.020514 0.021760 -0.086076 0.995840
1153.599131 79.986496 -8.443129 2.735542 -0.016206 0.023383 -0.086440 0.995851
1153.699770 80.162037 -8.452254 2.737825 -0.012437 0.024743 -0.086925 0.995830
1153.799610 80.332920 -8.457217 2.742641 -0.007047 0.023974 -0.086959 0.995898
1153.899435 80.490136 -8.467872 2.743787 -0.000561 0.022413 -0.086637 0.995988
1153.999272 80.659085 -8.473920 2.748209 0.002220 0.019585 -0.087354 0.995982
1154.099529 80.836621 -8.477238 2.746407 0.001114 0.016912 -0.087745 0.995999
1154.199370 81.010625 -8.482323 2.743469 -0.000244 0.016284 -0.087799 0.996005
1154.299215 81.178182 -8.483751 2.746968 -0.000229 0.017457 -0.088222 0.995948
1154.399446 81.340180 -8.484472 2.757588 0.000212 0.018195 -0.088506 0.995909
1154.499289 81.494544 -8.486117 2.762040 0.003916 0.017666 -0.088534 0.995909
1154.599133 81.647695 -8.495488 2.763468 0.003684 0.015775 -0.088825 0.995915
1154.699784 81.810904 -8.509241 2.765099 0.002556 0.014638 -0.089373 0.995887
1154.799615 81.971657 -8.520722 2.771415 0.000680 0.014838 -0.089712 0.995857
1154.899431 82.124238 -8.525718 2.777415 -0.000463 0.015158 -0.090107 0.995817
1154.999276 82.276974 -8.533339 2.781283 -0.000382 0.015259 -0.090262 0.995801
1155.099122 82.430148 -8.542417 2.779316 0.000547 0.014904 -0.090527 0.995782
1155.199771 82.592129 -8.552194 2.780052 -0.000005 0.013469 -0.091232 0.995739
1155.299618 82.742198 -8.564968 2.787571 -0.000422 0.010900 -0.091356 0.995759
1155.399475 82.883075 -8.576711 2.798133 -0.001465 0.008148 -0.090869 0.995828
1155.499311 83.025551 -8.587742 2.798175 -0.001175 0.006096 -0.090529 0.995874
1155.599154 83.170671 -8.602853 2.807472 -0.000688 0.000210 -0.090530 0.995893
1155.699778 83.304983 -8.611309 2.818807 -0.001650 -0.013639 -0.091189 0.995739
1155.799621 83.436439 -8.614378 2.822704 -0.001755 -0.056707 -0.091570 0.994181
1155.899460 83.551761 -8.623550 2.799320 -0.000606 -0.086303 -0.091773 0.992033
1155.999313 83.634770 -8.632340 2.777836 0.000388 -0.081842 -0.092237 0.992368
1156.099140 83.707508 -8.637121 2.778471 0.000098 -0.061333 -0.092651 0.993808
1156.199787 83.777438 -8.641197 2.796381 -0.001016 -0.040144 -0.092392 0.994913
1156.299631 83.837086 -8.642950 2.819715 -0.001880 -0.026776 -0.092155 0.995383
1156.399475 83.874661 -8.648895 2.835540 -0.002201 -0.020288 -0.091908 0.995558
1156.499321 83.899829 -8.657036 2.829193 -0.002591 -0.016445 -0.091928 0.995626
1156.599173 83.924124 -8.663106 2.816409 -0.001991 -0.012810 -0.091799 0.995693
1156.699803 83.942592 -8.666950 2.800802 -0.001783 -0.018357 -0.091547 0.995630
1156.799651 83.963528 -8.667769 2.801556 -0.002334 -0.018685 -0.091831 0.995597
1156.899499 83.987859 -8.666805 2.806805 -0.003873 -0.010207 -0.092009 0.995698
1156.999331 84.010349 -8.666423 2.807892 -0.005047 -0.000648 -0.091966 0.995749
1157.099177 84.023695 -8.673362 2.812967 -0.005032 0.005045 -0.091587 0.995772
1157.199812 84.025625 -8.677669 2.815640 -0.004161 0.004973 -0.090759 0.995852
1157.299654 84.027479 -8.678351 2.812072 -0.003323 0.003268 -0.088494 0.996066
1157.399497 84.034857 -8.676794 2.804479 -0.002523 0.003807 -0.082866 0.996550
1157.499346 84.046014 -8.671407 2.800908 -0.002612 0.006107 -0.075807 0.997100
1157.599176 84.057686 -8.669011 2.804691 -0.005218 0.008514 -0.069067 0.997562
1157.699818 84.047072 -8.668710 2.806734 -0.006637 0.008979 -0.062819 0.997962
1157.799660 84.031580 -8.669542 2.809518 -0.006254 0.008841 -0.056842 0.998324
1157.899512 84.022563 -8.669683 2.812810 -0.004260 0.008752 -0.050687 0.998667
1157.999340 84.012417 -8.666848 2.809361 -0.002933 0.008900 -0.046352 0.998881
1158.099182 84.003524 -8.671911 2.809105 -0.004625 0.009588 -0.045526 0.998906
1158.199824 83.997758 -8.674808 2.809954 -0.005215 0.012088 -0.045595 0.998873
1158.299655 83.989325 -8.673828 2.805678 -0.003886 0.021953 -0.045758 0.998704
1158.399502 83.982561 -8.671479 2.794294 -0.002001 0.035367 -0.045792 0.998323
1158.499340 83.985410 -8.671399 2.789461 -0.001795 0.042360 -0.045926 0.998045
1158.599192 84.008363 -8.673329 2.792857 -0.001983 0.043282 -0.046078 0.997998
1158.699823 84.029229 -8.677776 2.798910 -0.002531 0.045639 -0.046057 0.997892
1158.799671 84.059057 -8.682734 2.803566 -0.003067 0.050424 -0.045786 0.997673
1158.899510 84.091902 -8.686556 2.793718 -0.002211 0.054348 -0.045441 0.997485
1158.999354 84.128895 -8.686874 2.788410 -0.001546 0.057030 -0.045310 0.997343
1159.099205 84.179652 -8.688076 2.793343 -0.002018 0.057174 -0.045388 0.997330
1159.199432 84.232232 -8.692627 2.795912 -0.000991 0.052305 -0.045640 0.997587
1159.299267 84.285054 -8.699516 2.804689 -0.000419 0.048829 -0.045466 0.997772
1159.399508 84.350088 -8.704569 2.809574 -0.000858 0.051366 -0.045509 0.997642
1159.499359 84.437683 -8.712544 2.809041 -0.000667 0.054544 -0.045369 0.997480
1159.599196 84.536307 -8.722769 2.804654 -0.000922 0.055661 -0.045013 0.997434
1159.699829 84.636359 -8.732877 2.804760 -0.000984 0.053425 -0.045212 0.997547
1159.799664 84.732140 -8.743041 2.807881 -0.001732 0.048140 -0.045264 0.997813
1159.899510 84.833541 -8.752025 2.811142 -0.001331 0.043996 -0.045278 0.998004
1159.999335 84.937417 -8.764222 2.809977 -0.002127 0.044243 -0.045246 0.997993
1160.099176 85.038053 -8.775555 2.805841 -0.002219 0.047576 -0.045034 0.997849
1160.199819 85.155970 -8.792090 2.806247 -0.002073 0.051031 -0.044806 0.997689
1160.299658 85.265618 -8.806095 2.808572 -0.002454 0.049537 -0.044658 0.997770
1160.399501 85.391981 -8.816708 2.816049 -0.001637 0.046629 -0.044818 0.997905
1160.499345 85.527050 -8.824209 2.816327 -0.001931 0.043909 -0.044936 0.998023
1160.599179 85.657862 -8.836097 2.816364 -0.002102 0.043214 -0.045058 0.998047
1160.699799 85.787994 -8.851967 2.816020 -0.001721 0.041288 -0.045292 0.998119
1160.799645 85.927246 -8.869277 2.817204 -0.001622 0.037890 -0.045458 0.998246
1160.899474 86.061385 -8.883313 2.821121 -0.002449 0.036105 -0.045780 0.998296
1160.999314 86.192820 -8.898609 2.825223 -0.002334 0.036494 -0.045604 0.998290
1161.099158 86.338866 -8.913719 2.829234 -0.002032 0.035299 -0.045626 0.998333
1161.199806 86.492688 -8.926840 2.833474 -0.002473 0.032433 -0.045819 0.998420
1161.299653 86.640496 -8.939922 2.834626 -0.002605 0.030189 -0.045984 0.998483
1161.399495 86.788329 -8.956302 2.836524 -0.001894 0.029237 -0.045878 0.998517
1161.499344 86.934206 -8.971196 2.839170 -0.001582 0.029156 -0.045981 0.998515
1161.599179 87.086060 -8.987370 2.843032 -0.002358 0.028048 -0.045727 0.998557
1161.699829 87.238936 -9.004839 2.843142 -0.003278 0.029364 -0.045731 0.998517
1161.799670 87.397532 -9.020911 2.841526 -0.002666 0.031114 -0.045487 0.998477
1161.899514 87.559107 -9.040389 2.842830 -0.003257 0.029589 -0.045489 0.998521
1161.999359 87.717026 -9.055097 2.844197 -0.003505 0.027435 -0.045836 0.998566
1162.099201 87.866162 -9.070327 2.849982 -0.002836 0.027580 -0.045907 0.998561
1162.199439 88.014663 -9.086787 2.854702 -0.002456 0.028148 -0.046065 0.998539
1162.299272 88.173113 -9.103322 2.854600 -0.002231 0.027944 -0.046230 0.998537
1162.399513 88.332497 -9.121605 2.858763 -0.002026 0.027114 -0.046392 0.998553
1162.499368 88.495703 -9.143314 2.860418 -0.001810 0.025989 -0.046396 0.998583
1162.599202 88.659195 -9.162599 2.862423 -0.002839 0.024549 -0.046717 0.998602
1162.699440 88.817775 -9.173827 2.867142 -0.003584 0.024526 -0.046768 0.998598
1162.799268 88.985378 -9.188420 2.870266 -0.004789 0.024598 -0.046949 0.998583
1162.899515 89.151121 -9.210518 2.876314 -0.004773 0.023088 -0.046975 0.998618
1162.999360 89.306361 -9.234146 2.884550 -0.003671 0.020192 -0.047016 0.998683
1163.099196 89.471427 -9.257466 2.901826 -0.003303 0.017683 -0.047019 0.998732
1163.199843 89.626221 -9.277905 2.928907 -0.003333 0.017487 -0.047044 0.998734
1163.299688 89.782018 -9.296960 2.948752 -0.004881 0.017293 -0.046998 0.998733
1163.399542 89.937001 -9.313553 2.972104 -0.005953 0.016403 -0.047206 0.998733
1163.499387 90.087131 -9.331236 2.991620 -0.006307 0.013437 -0.047177 0.998776
1163.599231 90.240792 -9.353253 3.003739 -0.007460 0.011498 -0.047102 0.998796
1163.699486 90.383375 -9.371953 3.009726 -0.007591 0.012560 -0.047112 0.998782
1163.799316 90.521091 -9.388193 3.022257 -0.007656 0.017114 -0.046771 0.998730
1163.899167 90.663992 -9.401960 3.026970 -0.008669 0.020276 -0.046359 0.998681
1163.999816 90.817238 -9.422295 3.029230 -0.008753 0.021588 -0.045957 0.998672
1164.099652 90.970242 -9.442416 3.035490 -0.008694 0.020593 -0.046177 0.998683
1164.199506 91.115340 -9.467497 3.047658 -0.007659 0.018123 -0.045954 0.998750
1164.299337 91.253564 -9.488728 3.059093 -0.008050 0.015672 -0.045490 0.998809
1164.399185 91.394194 -9.506784 3.069749 -0.007621 0.016600 -0.045076 0.998817
1164.499827 91.527400 -9.515945 3.069895 -0.007355 0.020318 -0.044857 0.998760
1164.599661 91.661477 -9.526630 3.073594 -0.007795 0.024159 -0.044974 0.998666
1164.699492 91.791114 -9.541439 3.084774 -0.008173 0.023814 -0.044566 0.998689
1164.799330 91.926445 -9.558184 3.096013 -0.008305 0.020101 -0.044457 0.998775
1164.899165 92.063892 -9.575296 3.105333 -0.007695 0.016251 -0.044263 0.998858
1164.999799 92.199290 -9.593368 3.115499 -0.007153 0.013895 -0.044131 0.998903
1165.099629 92.333620 -9.607635 3.124809 -0.007960 0.014483 -0.043941 0.998897
1165.199460 92.465133 -9.621288 3.125733 -0.007298 0.016871 -0.043875 0.998868
1165.299298 92.603662 -9.634246 3.119417 -0.006731 0.018228 -0.044043 0.998841
1165.399139 92.735695 -9.645324 3.116478 -0.004734 0.016558 -0.044093 0.998879
1165.499777 92.858594 -9.661666 3.125065 -0.004161 0.013185 -0.044154 0.998929
1165.599613 92.980270 -9.675488 3.144480 -0.004899 0.013959 -0.044355 0.998906
1165.699438 93.104220 -9.687530 3.163943 -0.006182 0.016414 -0.044837 0.998840
1165.799294 93.228067 -9.700125 3.180665 -0.006474 0.018070 -0.045012 0.998802
1165.899130 93.345985 -9.713347 3.190226 -0.005795 0.019592 -0.045170 0.998770
1165.999758 93.469209 -9.723644 3.196890 -0.004597 0.019720 -0.045420 0.998763
1166.099607 93.594689 -9.733645 3.201415 -0.004924 0.019017 -0.045538 0.998769
1166.199445 93.702345 -9.745798 3.211283 -0.003842 0.019837 -0.045607 0.998755
1166.299281 93.804921 -9.758176 3.224661 -0.004274 0.020816 -0.045879 0.998721
1166.399130 93.913377 -9.770474 3.238223 -0.004755 0.022838 -0.045777 0.998679
1166.499778 94.038556 -9.786628 3.249195 -0.006572 0.024826 -0.045698 0.998625
1166.599630 94.156738 -9.800859 3.261771 -0.006542 0.025177 -0.045640 0.998619
1166.699474 94.277340 -9.814245 3.274575 -0.006047 0.025295 -0.045984 0.998604
1166.799301 94.405328 -9.824493 3.289284 -0.005616 0.027644 -0.046019 0.998542
1166.899132 94.523455 -9.835874 3.300280 -0.004544 0.029328 -0.045921 0.998504
1166.999775 94.633009 -9.849800 3.312006 -0.004015 0.030016 -0.046173 0.998474
1167.099621 94.749934 -9.862231 3.323509 -0.003789 0.030257 -0.046408 0.998457
1167.199470 94.882121 -9.874498 3.336812 -0.003439 0.030178 -0.046682 0.998448
1167.299301 95.020770 -9.888362 3.348524 -0.003520 0.029542 -0.046878 0.998458
1167.399130 95.156326 -9.906329 3.364005 -0.004210 0.029658 -0.046657 0.998462
1167.499781 95.287357 -9.921766 3.372342 -0.004447 0.034311 -0.046564 0.998316
1167.599618 95.428353 -9.930701 3.379128 -0.004476 0.037556 -0.046481 0.998203
1167.699474 95.568845 -9.942919 3.392404 -0.003994 0.036647 -0.046426 0.998241
1167.799317 95.706566 -9.958282 3.412109 -0.005660 0.032569 -0.046561 0.998368
1167.899154 95.840628 -9.979258 3.438197 -0.005069 0.029912 -0.046205 0.998471
1167.999789 95.975928 -10.002416 3.461728 -0.005421 0.030216 -0.046189 0.998461
1168.099629 96.125475 -10.017654 3.476844 -0.006130 0.032906 -0.046368 0.998363
1168.199465 96.280316 -10.029085 3.489932 -0.004524 0.034420 -0.046293 0.998324
1168.299317 96.429989 -10.044645 3.503762 -0.004839 0.033892 -0.046493 0.998332
1168.399170 96.579105 -10.062952 3.521303 -0.004987 0.032482 -0.046644 0.998371
1168.499821 96.727913 -10.079849 3.547909 -0.005025 0.032183 -0.046761 0.998375
1168.599680 96.871669 -10.095836 3.577948 -0.005161 0.034450 -0.047190 0.998278
1168.699517 97.010241 -10.113159 3.602177 -0.005087 0.037773 -0.047096 0.998163
1168.799355 97.151495 -10.131601 3.615662 -0.004093 0.039172 -0.047074 0.998115
1168.899196 97.301477 -10.146333 3.620355 -0.004761 0.035568 -0.047136 0.998244
1168.999832 97.463664 -10.158463 3.619363 -0.004232 0.030921 -0.047562 0.998381
1169.099673 97.628644 -10.175115 3.620867 -0.004377 0.029544 -0.047469 0.998426
1169.199516 97.796758 -10.194664 3.624087 -0.004684 0.031404 -0.047375 0.998372
1169.299349 97.968187 -10.214034 3.627644 -0.005326 0.031348 -0.047311 0.998374
1169.399198 98.131267 -10.232404 3.629287 -0.005462 0.030063 -0.047240 0.998416
1169.499440 98.289248 -10.255904 3.631808 -0.005115 0.026897 -0.047091 0.998515
1169.599276 98.449721 -10.275520 3.636936 -0.004830 0.024887 -0.047218 0.998563
1169.699108 98.598638 -10.288895 3.626282 -0.004730 0.022780 -0.047280 0.998611
1169.799748 98.747602 -10.298789 3.622975 -0.004645 0.024989 -0.047285 0.998558
1169.899584 98.900295 -10.309127 3.632022 -0.004947 0.028119 -0.047474 0.998464
1169.999434 99.064714 -10.326865 3.627351 -0.005558 0.028899 -0.047739 0.998426
1170.099275 99.231200 -10.349565 3.629176 -0.004684 0.028257 -0.047655 0.998453
1170.199522 99.401648 -10.371865 3.633400 -0.003878 0.028718 -0.047697 0.998441
1170.299369 99.566771 -10.388987 3.630096 -0.003557 0.030417 -0.047749 0.998390
1170.399204 99.731910 -10.405542 3.629589 -0.004293 0.032401 -0.047886 0.998318
1170.499453 99.896277 -10.429048 3.629847 -0.004334 0.032525 -0.047836 0.998316
1170.599298 100.065653 -10.445991 3.640182 -0.004333 0.032628 -0.048092 0.998300
1170.699136 100.242031 -10.466815 3.640031 -0.004634 0.032280 -0.047933 0.998318
1170.799772 100.408437 -10.486089 3.632743 -0.004127 0.032671 -0.047677 0.998320
1170.899630 100.566324 -10.503172 3.624746 -0.003919 0.034021 -0.047839 0.998268
1170.999475 100.734049 -10.525233 3.622715 -0.003963 0.035629 -0.047665 0.998220
1171.099311 100.903032 -10.547889 3.630346 -0.004207 0.037328 -0.047665 0.998157
1171.199141 101.073837 -10.558975 3.640472 -0.005207 0.039131 -0.047813 0.998076
1171.299777 101.247270 -10.581029 3.642528 -0.004655 0.039027 -0.047425 0.998101
1171.399623 101.417226 -10.604725 3.641846 -0.004560 0.037112 -0.047255 0.998183
1171.499468 101.592645 -10.630360 3.644475 -0.005634 0.035711 -0.046960 0.998242
1171.599303 101.775826 -10.651784 3.648655 -0.005329 0.034528 -0.047051 0.998281
1171.699143 101.964605 -10.671140 3.648478 -0.006409 0.033282 -0.047149 0.998313
1171.799769 102.153382 -10.695394 3.645916 -0.006817 0.030218 -0.046802 0.998424
1171.899624 102.344539 -10.724505 3.647336 -0.006474 0.027117 -0.046929 0.998509
1171.999467 102.528990 -10.748626 3.654050 -0.006987 0.026936 -0.047205 0.998498
1172.099315 102.716930 -10.770874 3.662407 -0.008556 0.029828 -0.047524 0.998388
1172.199159 102.904940 -10.787401 3.666600 -0.010027 0.029291 -0.047914 0.998372
1172.299802 103.088716 -10.812253 3.661468 -0.010036 0.024947 -0.048026 0.998484
1172.399650 103.268946 -10.838016 3.654781 -0.009540 0.019279 -0.048245 0.998604
1172.499482 103.457399 -10.854813 3.654881 -0.010429 0.015037 -0.048905 0.998636
1172.599319 103.644459 -10.868534 3.659598 -0.011202 0.012728 -0.049259 0.998642
1172.699169 103.817841 -10.880418 3.661559 -0.010913 0.012057 -0.049814 0.998626
1172.799811 103.984226 -10.900163 3.661964 -0.008041 0.011094 -0.049706 0.998670
1172.899650 104.152977 -10.921998 3.668131 -0.007166 0.012506 -0.049899 0.998650
1172.999504 104.325360 -10.944340 3.672560 -0.007148 0.012341 -0.050284 0.998633
1173.099341 104.501446 -10.961046 3.670373 -0.007504 0.012143 -0.050918 0.998601
1173.199195 104.670667 -10.974273 3.664155 -0.005915 0.013541 -0.051127 0.998583
1173.299849 104.837676 -10.985795 3.661902 -0.003690 0.014861 -0.051477 0.998557
1173.399693 104.997518 -11.000052 3.665702 -0.002755 0.014988 -0.051400 0.998562
1173.499519 105.147507 -11.015110 3.677801 -0.002020 0.014103 -0.051140 0.998590
1173.599358 105.303146 -11.034674 3.690339 -0.002007 0.013029 -0.050932 0.998615
1173.699199 105.456917 -11.051971 3.689106 -0.004228 0.014606 -0.050580 0.998604
1173.799443 105.609569 -11.071343 3.676731 -0.007597 0.016264 -0.050121 0.998582
1173.899288 105.758956 -11.091217 3.667944 -0.009073 0.017197 -0.049467 0.998587
1173.999126 105.908108 -11.108817 3.666137 -0.009179 0.016459 -0.048715 0.998635
1174.099767 106.061436 -11.122788 3.671833 -0.008619 0.013827 -0.048246 0.998703
1174.199605 106.211050 -11.134629 3.678061 -0.008342 0.010577 -0.047969 0.998758
1174.299456 106.358890 -11.153175 3.683506 -0.007967 0.010209 -0.047730 0.998776
1174.399297 106.498481 -11.172391 3.683394 -0.007892 0.013680 -0.047390 0.998752
1174.499147 106.640798 -11.190313 3.676500 -0.009260 0.017906 -0.047132 0.998685
1174.599775 106.784096 -11.206222 3.665640 -0.010122 0.020167 -0.046942 0.998643
1174.699615 106.917809 -11.220089 3.666288 -0.009289 0.020328 -0.047152 0.998638
1174.799453 107.057531 -11.230659 3.673091 -0.007151 0.019466 -0.047604 0.998651
1174.899302 107.196743 -11.240095 3.680099 -0.004011 0.019524 -0.048142 0.998642
1174.999133 107.347882 -11.252404 3.685847 -0.002436 0.020196 -0.048570 0.998613
1175.099761 107.483357 -11.268648 3.686894 -0.002612 0.020871 -0.048972 0.998579
1175.199600 107.607934 -11.284248 3.686330 -0.004876 0.022516 -0.049711 0.998498
1175.299449 107.749946 -11.300025 3.686544 -0.005144 0.023094 -0.050320 0.998453
1175.399284 107.886497 -11.309830 3.687495 -0.005139 0.021641 -0.050924 0.998455
1175.499135 108.014207 -11.324990 3.685298 -0.005271 0.017667 -0.050929 0.998532
1175.599775 108.144384 -11.342254 3.682379 -0.005530 0.017283 -0.051130 0.998527
1175.699609 108.272974 -11.352113 3.686688 -0.005549 0.019784 -0.051274 0.998473
1175.799444 108.412941 -11.362235 3.693691 -0.005520 0.021769 -0.051470 0.998422
1175.899269 108.550057 -11.374102 3.698223 -0.005040 0.021882 -0.051595 0.998416
1175.999499 108.690885 -11.389842 3.701980 -0.004639 0.022485 -0.051820 0.998392
1176.099339 108.825702 -11.405874 3.699455 -0.004925 0.021722 -0.051668 0.998416
1176.199188 108.955351 -11.423696 3.696274 -0.006039 0.021415 -0.051908 0.998404
1176.299801 109.091508 -11.443454 3.697243 -0.006676 0.021349 -0.051799 0.998407
1176.399643 109.220668 -11.460366 3.700807 -0.005747 0.016436 -0.051406 0.998526
1176.499473 109.352135 -11.472065 3.699202 -0.004441 0.014131 -0.051165 0.998580
1176.599319 109.482104 -11.485664 3.698405 -0.004379 0.013772 -0.050593 0.998615
1176.699163 109.605199 -11.498630 3.703443 -0.005361 0.017209 -0.050401 0.998566
1176.799806 109.734635 -11.510612 3.704290 -0.007943 0.019093 -0.050324 0.998519
1176.899626 109.855687 -11.526224 3.701744 -0.008774 0.021367 -0.049813 0.998491
1176.999469 109.967551 -11.546564 3.703490 -0.008481 0.022459 -0.049560 0.998483
1177.099298 110.078464 -11.562163 3.709563 -0.008226 0.023871 -0.049736 0.998443
1177.199148 110.188957 -11.572473 3.712295 -0.008160 0.024721 -0.050278 0.998396
1177.299796 110.309581 -11.586088 3.712741 -0.007995 0.024906 -0.050732 0.998370
1177.399645 110.447435 -11.596060 3.708574 -0.006665 0.026070 -0.051650 0.998303
1177.499490 110.591559 -11.608947 3.703838 -0.004852 0.025990 -0.052491 0.998271
1177.599334 110.721451 -11.622340 3.701323 -0.004438 0.025286 -0.053190 0.998254
1177.699173 110.840585 -11.634457 3.704823 -0.004818 0.023761 -0.053414 0.998278
1177.799802 110.961773 -11.647245 3.710422 -0.006324 0.024520 -0.053211 0.998262
1177.899638 111.075481 -11.656898 3.711556 -0.007269 0.025817 -0.053610 0.998202
1177.999479 111.185311 -11.667312 3.709804 -0.005963 0.026795 -0.053972 0.998165
1178.099322 111.298088 -11.678688 3.707003 -0.003007 0.026077 -0.054713 0.998157
1178.199162 111.422498 -11.688827 3.705603 0.001006 0.026544 -0.055550 0.998103
1178.299796 111.555306 -11.700039 3.703849 0.000900 0.028344 -0.056158 0.998019
1178.399635 111.680218 -11.713148 3.706825 -0.001637 0.030880 -0.056539 0.997921
1178.499468 111.795252 -11.724836 3.712793 -0.004534 0.033249 -0.056792 0.997822
1178.599318 111.906571 -11.734019 3.724693 -0.003795 0.034934 -0.056418 0.997789
1178.699174 112.018742 -11.745781 3.729812 -0.001819 0.033216 -0.055815 0.997887
1178.799813 112.141144 -11.759733 3.717359 0.000413 0.031986 -0.055242 0.997960
1178.899646 112.275432 -11.774856 3.712778 0.000645 0.034459 -0.054595 0.997914
1178.999485 112.410304 -11.787421 3.717032 -0.001305 0.035428 -0.054811 0.997867
1179.099329 112.545281 -11.800945 3.722735 -0.001431 0.035001 -0.055135 0.997864
1179.199160 112.683657 -11.814211 3.725495 -0.001627 0.035188 -0.055259 0.997850
1179.299808 112.820702 -11.836686 3.735799 -0.000309 0.035272 -0.055079 0.997859
1179.399644 112.958276 -11.846654 3.744895 -0.000255 0.034076 -0.055055 0.997902
1179.499484 113.104167 -11.856932 3.743093 -0.000702 0.033380 -0.054857 0.997936
1179.599328 113.245479 -11.870759 3.740609 -0.002472 0.033535 -0.054881 0.997927
1179.699174 113.377547 -11.889585 3.739420 -0.002647 0.033184 -0.054696 0.997948
1179.799820 113.506950 -11.906025 3.740121 -0.002246 0.031108 -0.054799 0.998010
1179.899657 113.644568 -11.923362 3.740865 -0.003171 0.029836 -0.054884 0.998042
1179.999495 113.781835 -11.938002 3.738403 -0.003535 0.032464 -0.055116 0.997946
1180.099324 113.915742 -11.954582 3.736961 -0.003497 0.032827 -0.055064 0.997937
1180.199168 114.061709 -11.972648 3.742730 -0.002513 0.030937 -0.054934 0.998007
1180.299810 114.208268 -11.992536 3.751798 -0.002885 0.027239 -0.054937 0.998114
1180.399648 114.348155 -12.003950 3.772108 -0.002846 0.023473 -0.054968 0.998208
1180.499495 114.483842 -12.019000 3.792020 -0.002137 0.020310 -0.054949 0.998280
1180.599333 114.620021 -12.034925 3.807497 -0.003068 0.019006 -0.054760 0.998314
1180.699180 114.765713 -12.054749 3.821023 -0.005753 0.015743 -0.055043 0.998343
1180.799836 114.917341 -12.073985 3.841958 -0.007426 0.013590 -0.055791 0.998322
1180.899667 115.052486 -12.092273 3.861640 -0.009395 -0.015407 -0.056432 0.998243
1180.999513 115.163543 -12.103948 3.884626 -0.010186 -0.044974 -0.057933 0.997255
1181.099360 115.266549 -12.115529 3.863214 -0.011095 -0.045806 -0.059763 0.997099
1181.199209 115.356928 -12.127257 3.840232 -0.009411 -0.018292 -0.060531 0.997954
1181.299453 115.445380 -12.132829 3.837960 -0.005539 0.007328 -0.060223 0.998143
1181.399285 115.532238 -12.145846 3.857368 -0.001880 0.016971 -0.059087 0.998107
1181.499118 115.608787 -12.165721 3.889066 -0.001567 0.019282 -0.057790 0.998141
1181.599744 115.687532 -12.184207 3.908930 -0.003943 0.018930 -0.057229 0.998174
1181.699572 115.762616 -12.198194 3.909860 -0.006223 0.021187 -0.057121 0.998123
1181.799406 115.834233 -12.210322 3.894950 -0.006826 0.021368 -0.056993 0.998123
1181.899245 115.911903 -12.222821 3.882304 -0.008271 0.022533 -0.056999 0.998086
1181.999484 115.988523 -12.237532 3.879894 -0.010542 0.023819 -0.056522 0.998062
1182.099327 116.073154 -12.253798 3.886420 -0.016517 0.025328 -0.056123 0.997966
1182.199175 116.163780 -12.269098 3.889075 -0.021691 0.024590 -0.055550 0.997917
1182.299816 116.252619 -12.278205 3.885882 -0.022694 0.025546 -0.054960 0.997904
1182.399664 116.332247 -12.285703 3.887951 -0.021980 0.027212 -0.054568 0.997897
1182.499507 116.415998 -12.295899 3.890328 -0.020414 0.027971 -0.054274 0.997925
1182.599330 116.505528 -12.304537 3.894897 -0.018600 0.027714 -0.053801 0.997994
1182.699163 116.590600 -12.309066 3.895801 -0.018071 0.029073 -0.053608 0.997975
1182.799818 116.676226 -12.310811 3.894285 -0.015106 0.031808 -0.053560 0.997944
1182.899650 116.773656 -12.313118 3.896672 -0.012269 0.035491 -0.053344 0.997870
1182.999489 116.871390 -12.316104 3.897054 -0.010152 0.037561 -0.053135 0.997829
1183.099340 116.972643 -12.317549 3.899912 -0.009715 0.039022 -0.053007 0.997784
1183.199181 117.061701 -12.314963 3.902519 -0.010933 0.036805 -0.053190 0.997846
1183.299820 117.153080 -12.312701 3.907892 -0.011780 0.034354 -0.053693 0.997897
1183.399658 117.250971 -12.315176 3.906147 -0.009042 0.035977 -0.053965 0.997854
1183.499505 117.350368 -12.317046 3.900353 -0.007196 0.038921 -0.054152 0.997748
1183.599344 117.449838 -12.312533 3.891631 -0.006127 0.039750 -0.054469 0.997705
1183.699165 117.556729 -12.311333 3.889674 -0.005626 0.039211 -0.054906 0.997705
1183.799789 117.668625 -12.316148 3.897101 -0.004618 0.038410 -0.055149 0.997728
1183.899623 117.777889 -12.316837 3.900501 -0.005269 0.036484 -0.055524 0.997777
1183.999456 117.891486 -12.320303 3.899179 -0.005330 0.033983 -0.056022 0.997837
1184.099299 118.019994 -12.324311 3.897045 -0.005602 0.031008 -0.056232 0.997920
1184.199128 118.144615 -12.330686 3.898001 -0.005867 0.030237 -0.056115 0.997949
1184.299758 118.267969 -12.337001 3.897904 -0.005845 0.030144 -0.056120 0.997952
1184.399617 118.384635 -12.343417 3.899832 -0.004683 0.030814 -0.055905 0.997949
1184.499456 118.497256 -12.347014 3.901421 -0.005125 0.031867 -0.055808 0.997920
1184.599299 118.615391 -12.354087 3.898152 -0.005756 0.032820 -0.055409 0.997908
1184.699139 118.740721 -12.362106 3.900351 -0.005843 0.033190 -0.055352 0.997898
1184.799766 118.871247 -12.371230 3.903507 -0.006702 0.032335 -0.055234 0.997927
1184.899615 119.009294 -12.377301 3.904597 -0.006801 0.030252 -0.055255 0.997991
1184.999459 119.139189 -12.379759 3.906593 -0.007316 0.029042 -0.055485 0.998010
1185.099306 119.265569 -12.389127 3.911956 -0.006706 0.028715 -0.055468 0.998025
1185.199145 119.390114 -12.402499 3.912243 -0.006179 0.027466 -0.055140 0.998082
1185.299770 119.514088 -12.413379 3.906124 -0.006730 0.026865 -0.055336 0.998084
1185.399612 119.644854 -12.423073 3.909000 -0.006982 0.027501 -0.055428 0.998059
1185.499455 119.780264 -12.431209 3.908805 -0.007061 0.026283 -0.055452 0.998090
1185.599285 119.904095 -12.439016 3.908065 -0.007089 0.024978 -0.055555 0.998118
1185.699121 120.029945 -12.448160 3.908082 -0.007472 0.026220 -0.055964 0.998060
1185.799750 120.168333 -12.459207 3.904165 -0.007658 0.027684 -0.056011 0.998017
1185.899589 120.309857 -12.472034 3.902447 -0.007980 0.030286 -0.056143 0.997931
1185.999419 120.452100 -12.485651 3.901762 -0.007395 0.032760 -0.056324 0.997848
1186.099251 120.602830 -12.495454 3.903645 -0.006404 0.032115 -0.056362 0.997873
1186.199501 120.736082 -12.505213 3.909047 -0.005180 0.029981 -0.056663 0.997930
1186.299339 120.858277 -12.511362 3.913254 -0.003766 0.027319 -0.057046 0.997991
1186.399200 120.971251 -12.520024 3.912776 -0.003052 0.024707 -0.056983 0.998065
1186.499443 121.095384 -12.532838 3.913747 -0.003132 0.023582 -0.056639 0.998111
1186.599301 121.211332 -12.543127 3.912219 -0.006130 0.022257 -0.056390 0.998142
1186.699122 121.319691 -12.550904 3.912536 -0.007103 0.021644 -0.056478 0.998144
1186.799758 121.432706 -12.562205 3.917885 -0.007240 0.022747 -0.056444 0.998120
1186.899598 121.538464 -12.571325 3.922336 -0.006168 0.025407 -0.056429 0.998064
1186.999440 121.651454 -12.580115 3.927207 -0.005296 0.026843 -0.056497 0.998028
1187.099294 121.772706 -12.590203 3.922897 -0.004481 0.026004 -0.056462 0.998056
1187.199134 121.889763 -12.604563 3.919543 -0.004500 0.023512 -0.055788 0.998156
1187.299765 122.022336 -12.617459 3.914651 -0.004708 0.022936 -0.055630 0.998177
1187.399618 122.146429 -12.625060 3.916675 -0.004902 0.024249 -0.055413 0.998157
1187.499462 122.274129 -12.637446 3.918080 -0.005112 0.024468 -0.054914 0.998178
1187.599303 122.391517 -12.651797 3.920780 -0.005788 0.023031 -0.055062 0.998201
1187.699160 122.493145 -12.661117 3.922579 -0.006391 0.022777 -0.056036 0.998148
1187.799788 122.619795 -12.667781 3.921183 -0.006414 0.022921 -0.057173 0.998081
1187.899639 122.743900 -12.676141 3.922473 -0.005651 0.024235 -0.057968 0.998008
1187.999483 122.860480 -12.688264 3.926070 -0.004098 0.025318 -0.058368 0.997966
1188.099331 122.985948 -12.703776 3.926729 -0.005867 0.025549 -0.058445 0.997946
1188.199178 123.106975 -12.714868 3.927365 -0.006716 0.025093 -0.058536 0.997947
1188.299810 123.233077 -12.721847 3.929002 -0.006297 0.022365 -0.058196 0.998035
1188.399649 123.358918 -12.730055 3.929148 -0.005070 0.022089 -0.057759 0.998073
1188.499486 123.481139 -12.736554 3.928180 -0.002497 0.022518 -0.057394 0.998094
1188.599342 123.593465 -12.743942 3.927846 0.000327 0.025292 -0.057561 0.998021
1188.699176 123.701973 -12.753968 3.932173 0.001972 0.026572 -0.058154 0.997952
1188.799806 123.820173 -12.765947 3.936425 -0.000975 0.024597 -0.058489 0.997984
1188.899660 123.929654 -12.775436 3.936186 -0.003462 0.021209 -0.058500 0.998056
1188.999504 124.036550 -12.786608 3.934196 -0.005034 0.019942 -0.058425 0.998080
1189.099355 124.144520 -12.798895 3.934548 -0.004538 0.021318 -0.058105 0.998073
1189.199200 124.250573 -12.808404 3.936231 -0.002952 0.027838 -0.058201 0.997912
1189.299434 124.366895 -12.814886 3.941457 -0.003312 0.030658 -0.058376 0.997818
1189.399281 124.482688 -12.821465 3.946085 -0.004883 0.029718 -0.058328 0.997843
1189.499121 124.601073 -12.835670 3.947204 -0.005598 0.027720 -0.058750 0.997872
1189.599776 124.718602 -12.852572 3.946405 -0.004946 0.026100 -0.058852 0.997913
1189.699617 124.835886 -12.868506 3.948489 -0.004532 0.025291 -0.059067 0.997923
1189.799458 124.940625 -12.877163 3.948555 -0.003529 0.024315 -0.059244 0.997941
1189.899285 125.035084 -12.882572 3.948070 -0.003162 0.023947 -0.059380 0.997943
1189.999120 125.137438 -12.892676 3.948397 -0.003473 0.025244 -0.059212 0.997920
1190.099763 125.245012 -12.906182 3.948491 -0.005031 0.025212 -0.059333 0.997907
1190.199599 125.351674 -12.921208 3.947910 -0.006548 0.024772 -0.059681 0.997889
1190.299449 125.462711 -12.932898 3.946157 -0.006324 0.025137 -0.059813 0.997873
1190.399288 125.565344 -12.946385 3.941558 -0.006335 0.026718 -0.059911 0.997826
1190.499129 125.666342 -12.960277 3.936637 -0.006700 0.028970 -0.059899 0.997761
1190.599762 125.772010 -12.972381 3.935256 -0.006188 0.029913 -0.059988 0.997732
1190.699611 125.864841 -12.981435 3.938638 -0.005817 0.027987 -0.060151 0.997780
1190.799443 125.961011 -12.988976 3.941777 -0.004136 0.025767 -0.060560 0.997823
1190.899277 126.065679 -13.000102 3.942370 -0.003905 0.025170 -0.060848 0.997822
1190.999122 126.177885 -13.016834 3.944548 -0.005396 0.027249 -0.061003 0.997751
1191.099755 126.289454 -13.033523 3.949639 -0.007320 0.028677 -0.060928 0.997703
1191.199589 126.407448 -13.047039 3.953187 -0.008105 0.025490 -0.060854 0.997788
1191.299423 126.526968 -13.060796 3.955676 -0.007490 0.024346 -0.060699 0.997831
1191.399257 126.648083 -13.078515 3.954102 -0.006973 0.024075 -0.060754 0.997838
1191.499497 126.759332 -13.095202 3.956015 -0.006157 0.025150 -0.060520 0.997831
1191.599342 126.863327 -13.106889 3.956571 -0.005382 0.027967 -0.060314 0.997773
1191.699196 126.963582 -13.118976 3.961426 -0.006964 0.030464 -0.059863 0.997717
1191.799827 127.056455 -13.134099 3.967567 -0.006365 0.029937 -0.059365 0.997767
1191.899665 127.157986 -13.151468 3.967459 -0.007554 0.028810 -0.059140 0.997805
1191.999496 127.274624 -13.167684 3.965049 -0.007405 0.028647 -0.058885 0.997826
1192.099345 127.391109 -13.177602 3.965870 -0.006900 0.030882 -0.059191 0.997745
1192.199174 127.502884 -13.186491 3.963613 -0.006884 0.032430 -0.059603 0.997671
1192.299801 127.606836 -13.201291 3.962380 -0.006594 0.033724 -0.059696 0.997625
1192.399650 127.710304 -13.215420 3.962635 -0.005026 0.033088 -0.059672 0.997657
1192.499504 127.815225 -13.229572 3.963133 -0.006009 0.031601 -0.059507 0.997709
1192.599358 127.935064 -13.245161 3.968492 -0.006691 0.030324 -0.059164 0.997765
1192.699202 128.056947 -13.261068 3.972362 -0.007775 0.030162 -0.058666 0.997792
1192.799434 128.161513 -13.274155 3.970544 -0.007699 0.031566 -0.058807 0.997740
1192.899269 128.253140 -13.282985 3.967222 -0.005631 0.031927 -0.058968 0.997733
1192.999528 128.358983 -13.295907 3.967389 -0.004544 0.031440 -0.059290 0.997735
1193.099374 128.477092 -13.308450 3.975735 -0.003792 0.030700 -0.060001 0.997719
1193.199202 128.601830 -13.322144 3.978349 -0.002704 0.030030 -0.060443 0.997716
1193.299437 128.736818 -13.338225 3.975671 -0.003053 0.029929 -0.060499 0.997715
1193.399277 128.876461 -13.353121 3.973967 -0.003571 0.029864 -0.060959 0.997687
1193.499101 129.016009 -13.365691 3.979171 -0.004432 0.029851 -0.061149 0.997672
1193.599739 129.151506 -13.380883 3.982030 -0.004833 0.030045 -0.061408 0.997649
1193.699568 129.274320 -13.396387 3.987700 -0.002806 0.032115 -0.061859 0.997564
1193.799411 129.404502 -13.413642 3.986695 -0.002344 0.033569 -0.062205 0.997496
1193.899257 129.524888 -13.432641 3.983638 -0.003957 0.035476 -0.062659 0.997396
1193.999499 129.646758 -13.449388 3.979595 -0.004311 0.035988 -0.062648 0.997377
1194.099333 129.753901 -13.463165 3.982776 -0.004059 0.034882 -0.062495 0.997427
1194.199163 129.863471 -13.476405 3.987999 -0.004138 0.034237 -0.062080 0.997475
1194.299795 129.990994 -13.494976 3.992049 -0.004033 0.034478 -0.061565 0.997499
1194.399625 130.121800 -13.521134 3.994827 -0.005367 0.036476 -0.061350 0.997435
1194.499454 130.254207 -13.535494 3.989241 -0.007123 0.037821 -0.062005 0.997334
1194.599301 130.378953 -13.551788 3.991526 -0.005612 0.037725 -0.062623 0.997308
1194.699148 130.510564 -13.569247 3.997653 -0.004075 0.036036 -0.062429 0.997390
1194.799798 130.660696 -13.588782 3.993797 -0.004130 0.034099 -0.062162 0.997475
1194.899646 130.800476 -13.606101 3.989948 -0.004997 0.037613 -0.062134 0.997346
1194.999487 130.930869 -13.626661 3.988533 -0.004818 0.042646 -0.062053 0.997150
1195.099322 131.057862 -13.645231 3.994562 -0.004308 0.044338 -0.062112 0.997075
1195.199171 131.195870 -13.664799 4.001150 -0.003887 0.041128 -0.061990 0.997221
1195.299805 131.332602 -13.688376 4.005970 -0.005823 0.037557 -0.061510 0.997383
1195.399648 131.464448 -13.709982 4.004262 -0.007399 0.034974 -0.061354 0.997476
1195.499483 131.592745 -13.729005 4.003147 -0.007741 0.033253 -0.061366 0.997531
1195.599329 131.728484 -13.747720 4.004985 -0.007376 0.032055 -0.061489 0.997566
1195.699169 131.876194 -13.767810 4.004909 -0.006929 0.031078 -0.061711 0.997586
1195.799811 132.027209 -13.787902 4.007942 -0.006171 0.030456 -0.062032 0.997590
1195.899652 132.163658 -13.805101 4.007065 -0.009023 0.028982 -0.062300 0.997596
1195.999496 132.306889 -13.826368 4.003568 -0.016123 0.029073 -0.062507 0.997491
1196.099338 132.454113 -13.843780 4.001575 -0.020244 0.028374 -0.062490 0.997437
1196.199181 132.591974 -13.859842 4.003606 -0.019241 0.026933 -0.062268 0.997510
1196.299820 132.722533 -13.871792 4.005906 -0.015445 0.024760 -0.062284 0.997632
1196.399657 132.858236 -13.885219 4.011028 -0.009741 0.023858 -0.062486 0.997713
1196.499494 132.993481 -13.896660 4.011319 -0.006114 0.023123 -0.062480 0.997760
1196.599325 133.139062 -13.906574 4.004437 -0.005820 0.021982 -0.062582 0.997781
1196.699157 133.291761 -13.920043 3.999775 -0.006065 0.020598 -0.062818 0.997794
1196.799793 133.432948 -13.934111 4.000538 -0.006242 0.019230 -0.062738 0.997825
1196.899640 133.555388 -13.943167 3.994574 -0.007031 0.004173 -0.062820 0.997991
1196.999494 133.674070 -13.953174 4.020487 -0.007442 -0.009218 -0.062835 0.997954
1197.099334 133.786483 -13.960483 4.020355 -0.006095 -0.020271 -0.063024 0.997788
1197.199167 133.899800 -13.966556 4.029494 -0.006529 -0.003546 -0.063327 0.997965
1197.299810 134.009697 -13.971274 4.043415 -0.007807 0.014718 -0.063215 0.997861
1197.399662 134.114763 -13.979318 4.041857 -0.007095 0.018902 -0.062928 0.997814
1197.499497 134.218890 -13.989211 4.051645 -0.007528 0.019370 -0.062825 0.997808
1197.599341 134.318965 -14.005297 4.065546 -0.007401 0.019384 -0.062388 0.997836
1197.699196 134.425696 -14.019488 4.084129 -0.007888 0.020429 -0.062464 0.997807
1197.799843 134.531680 -14.027153 4.108489 -0.007386 0.023898 -0.062803 0.997712
1197.899690 134.629918 -14.034924 4.133135 -0.006968 0.027662 -0.063070 0.997601
1197.999548 134.723719 -14.042279 4.150672 -0.006472 0.030247 -0.063357 0.997511
1198.099389 134.820977 -14.050829 4.163996 -0.005301 0.030906 -0.063815 0.997469
1198.199229 134.915998 -14.058870 4.174301 -0.003944 0.031799 -0.063719 0.997453
1198.299466 135.003105 -14.068246 4.181427 -0.002941 0.036765 -0.063694 0.997288
1198.399311 135.094819 -14.078128 4.190877 -0.003653 0.044158 -0.064175 0.996955
1198.499148 135.197871 -14.089744 4.191934 -0.004246 0.048408 -0.064129 0.996758
1198.599785 135.317967 -14.099686 4.188312 -0.004007 0.049425 -0.064370 0.996693
1198.699628 135.443198 -14.112886 4.187743 -0.004399 0.047687 -0.064407 0.996774
1198.799476 135.559143 -14.128487 4.190235 -0.004011 0.047394 -0.064326 0.996795
1198.899318 135.679233 -14.141730 4.194194 -0.003736 0.048605 -0.064540 0.996724
1198.999162 135.805405 -14.158334 4.197118 -0.003570 0.049804 -0.064851 0.996645
1199.099818 135.937339 -14.172323 4.196638 -0.004262 0.049106 -0.065041 0.996664
1199.199675 136.072913 -14.186925 4.193012 -0.003916 0.045556 -0.065131 0.996829
1199.299503 136.206410 -14.205739 4.193393 -0.003588 0.043785 -0.064957 0.996921
1199.399352 136.335278 -14.222639 4.194673 -0.004523 0.042809 -0.064688 0.996977
1199.499200 136.477290 -14.241254 4.202040 -0.003966 0.045886 -0.064556 0.996851
1199.599448 136.641586 -14.260507 4.201202 -0.004556 0.047680 -0.064825 0.996746
1199.699293 136.804864 -14.277639 4.196493 -0.005333 0.045020 -0.065213 0.996841
1199.799129 136.966012 -14.297544 4.195808 -0.005718 0.040241 -0.065933 0.996996
1199.899755 137.132827 -14.318189 4.203504 -0.004552 0.037911 -0.066072 0.997084
1199.999597 137.287013 -14.339311 4.208412 -0.003692 0.035938 -0.065716 0.997184
1200.099434 137.443971 -14.359932 4.210212 -0.005643 0.037241 -0.065794 0.997122
1200.199278 137.595114 -14.379683 4.208891 -0.007048 0.040314 -0.065927 0.996985
1200.299126 137.744842 -14.398623 4.212854 -0.006432 0.043077 -0.065987 0.996869
1200.399767 137.898549 -14.415325 4.218511 -0.005242 0.042117 -0.066337 0.996894
1200.499609 138.049398 -14.432862 4.220510 -0.003685 0.037167 -0.066568 0.997083
1200.599452 138.195882 -14.456177 4.218431 -0.004095 0.033272 -0.066943 0.997193
1200.699285 138.349583 -14.477469 4.219101 -0.004808 0.031043 -0.067147 0.997248
1200.799124 138.506908 -14.499771 4.224633 -0.004789 0.031127 -0.066845 0.997266
1200.899778 138.670000 -14.522840 4.233001 -0.004762 0.033133 -0.066627 0.997216
1200.999599 138.836946 -14.542578 4.229463 -0.004434 0.035229 -0.066709 0.997140
1201.099428 139.006927 -14.564812 4.225523 -0.004601 0.036588 -0.066682 0.997093
1201.199271 139.168190 -14.586287 4.233698 -0.003970 0.038966 -0.066898 0.996991
1201.299517 139.346368 -14.609355 4.236157 -0.003951 0.038841 -0.067077 0.996984
1201.399350 139.513173 -14.630318 4.239686 -0.003784 0.039317 -0.066910 0.996977
1201.499194 139.675271 -14.653199 4.239797 -0.003155 0.039724 -0.066589 0.996984
1201.599821 139.850954 -14.678611 4.237888 -0.004009 0.038828 -0.066048 0.997053
1201.699664 140.028338 -14.706854 4.241679 -0.005164 0.036709 -0.065719 0.997149
1201.799509 140.202626 -14.731821 4.242933 -0.006393 0.037348 -0.065318 0.997145
1201.899340 140.371360 -14.754974 4.247078 -0.006699 0.038438 -0.065186 0.997110
1201.999170 140.541495 -14.777805 4.245730 -0.005393 0.037116 -0.065284 0.997162
1202.099801 140.711105 -14.800571 4.247838 -0.004127 0.033908 -0.065501 0.997268
1202.199620 140.888037 -14.824132 4.254158 -0.004125 0.028949 -0.065783 0.997405
1202.299466 141.061239 -14.846035 4.260401 -0.004002 0.025031 -0.066264 0.997480
1202.399294 141.228194 -14.869602 4.263516 -0.003513 0.024199 -0.066042 0.997517
1202.499135 141.402670 -14.895149 4.261946 -0.002913 0.024499 -0.065665 0.997537
1202.599770 141.581794 -14.917970 4.262138 -0.003479 0.021955 -0.065436 0.997609
1202.699597 141.753291 -14.936983 4.259175 -0.006920 0.019760 -0.065449 0.997636
1202.799446 141.920080 -14.956674 4.260414 -0.009543 0.015659 -0.065339 0.997695
1202.899282 142.088637 -14.968871 4.262307 -0.012634 0.012960 -0.065494 0.997689
1202.999122 142.240663 -14.988088 4.267759 -0.013224 0.011570 -0.065709 0.997684
1203.099754 142.384355 -15.007335 4.266086 -0.011009 0.011459 -0.066934 0.997631
1203.199595 142.519076 -15.024223 4.269301 -0.007157 0.005608 -0.068130 0.997635
1203.299443 142.648604 -15.040035 4.285263 -0.004219 -0.047899 -0.068809 0.996470
1203.399295 142.771562 -15.052204 4.273255 -0.005599 -0.088415 -0.069117 0.993667
1203.499119 142.887208 -15.060631 4.257989 -0.006325 -0.084412 -0.069849 0.993960
1203.599752 142.988324 -15.068425 4.227250 -0.007135 -0.057469 -0.069710 0.995885
1203.699599 143.063776 -15.072970 4.218487 -0.006698 -0.019109 -0.069247 0.997394
1203.799442 143.124791 -15.077779 4.245650 -0.008171 0.005029 -0.068865 0.997580
1203.899289 143.167838 -15.083328 4.279939 -0.006798 0.010157 -0.068708 0.997562
1203.999124 143.220157 -15.094271 4.295384 -0.006140 0.002389 -0.068757 0.997612
1204.099767 143.275337 -15.102852 4.291117 -0.005529 0.001637 -0.068644 0.997625
1204.199600 143.321173 -15.105728 4.276418 -0.006097 0.009358 -0.068874 0.997563
1204.299443 143.360983 -15.110852 4.274914 -0.006037 0.018378 -0.068790 0.997444
1204.399297 143.399307 -15.117730 4.279157 -0.005839 0.022933 -0.068788 0.997351
1204.499139 143.441306 -15.123042 4.283552 -0.005932 0.022866 -0.068647 0.997361
1204.599770 143.478687 -15.128627 4.285537 -0.006207 0.021692 -0.068667 0.997384
1204.699608 143.518377 -15.135015 4.281969 -0.005167 0.020920 -0.068722 0.997403
1204.799450 143.555826 -15.142050 4.278755 -0.004898 0.023120 -0.068734 0.997355
1204.899274 143.597067 -15.150085 4.276320 -0.004294 0.027435 -0.068829 0.997242
1204.999519 143.632016 -15.157869 4.280167 -0.003852 0.030624 -0.068762 0.997156
1205.099357 143.672772 -15.161306 4.281422 -0.004447 0.032082 -0.068938 0.997095
1205.199202 143.719517 -15.165704 4.282457 -0.004338 0.032325 -0.068676 0.997106
1205.299438 143.770509 -15.176896 4.280173 -0.004779 0.031267 -0.068266 0.997166
1205.399276 143.817089 -15.187933 4.277620 -0.004440 0.031056 -0.068379 0.997166
1205.499508 143.865515 -15.199508 4.282416 -0.004881 0.032999 -0.068063 0.997123
1205.599344 143.911189 -15.209440 4.291556 -0.004228 0.036747 -0.067821 0.997012
1205.699181 143.951218 -15.219735 4.295314 -0.004823 0.037905 -0.067821 0.996966
1205.799823 143.995465 -15.226402 4.302033 -0.005081 0.037103 -0.067733 0.997000
1205.899667 144.038869 -15.232954 4.308248 -0.006018 0.036246 -0.067832 0.997020
1205.999503 144.090347 -15.247625 4.314542 -0.005780 0.038728 -0.067346 0.996961
1206.099334 144.148436 -15.261425 4.317703 -0.006213 0.044012 -0.067356 0.996738
1206.199174 144.218434 -15.270002 4.325596 -0.005026 0.047783 -0.067215 0.996581
1206.299808 144.293942 -15.276003 4.341853 -0.005194 0.048086 -0.067299 0.996560
1206.399632 144.369678 -15.289481 4.358332 -0.006561 0.047134 -0.067400 0.996590
1206.499467 144.450244 -15.306121 4.369707 -0.006574 0.044462 -0.067201 0.996727
1206.599314 144.522874 -15.315276 4.376956 -0.010778 0.041897 -0.067330 0.996792
1206.699146 144.589682 -15.324490 4.378921 -0.014546 0.041624 -0.067503 0.996744
1206.799792 144.663934 -15.332574 4.383255 -0.016193 0.045342 -0.067184 0.996578
1206.899640 144.748004 -15.340584 4.395344 -0.016738 0.048708 -0.067183 0.996411
1206.999476 144.834642 -15.349009 4.402918 -0.016015 0.048320 -0.066971 0.996456
1207.099322 144.931648 -15.354985 4.399076 -0.012612 0.044334 -0.066762 0.996704
1207.199159 145.028499 -15.359169 4.386703 -0.012364 0.040557 -0.066942 0.996856
1207.299809 145.130026 -15.361511 4.380300 -0.011807 0.038515 -0.067265 0.996922
1207.399649 145.245028 -15.362895 4.382977 -0.011239 0.035869 -0.067330 0.997022
1207.499492 145.361125 -15.367126 4.391340 -0.010618 0.031809 -0.067397 0.997163
1207.599335 145.478088 -15.369695 4.392899 -0.012262 0.027529 -0.067745 0.997247
1207.699175 145.591758 -15.369642 4.387089 -0.013079 0.025277 -0.067841 0.997290
1207.799815 145.705883 -15.371842 4.381030 -0.014079 0.027729 -0.067918 0.997206
1207.899646 145.818600 -15.371159 4.376825 -0.013265 0.031041 -0.068124 0.997106
1207.999476 145.927422 -15.364936 4.381012 -0.010477 0.033893 -0.068008 0.997054
1208.099317 146.038005 -15.361348 4.383785 -0.007891 0.034248 -0.067916 0.997072
1208.199153 146.146337 -15.359824 4.381745 -0.005626 0.033243 -0.068066 0.997111
1208.299795 146.252747 -15.356805 4.376729 -0.005141 0.031093 -0.068205 0.997173
1208.399621 146.356141 -15.353644 4.377242 -0.004166 0.030691 -0.068195 0.997191
1208.499465 146.461821 -15.350594 4.376912 -0.003892 0.030799 -0.067941 0.997206
1208.599301 146.572586 -15.347993 4.377681 -0.003745 0.030924 -0.067526 0.997231
1208.699130 146.691591 -15.344061 4.376034 -0.003921 0.030423 -0.067553 0.997244
1208.799776 146.814893 -15.342284 4.368805 -0.004149 0.029322 -0.067835 0.997257
1208.899607 146.927730 -15.342045 4.363565 -0.003779 0.028762 -0.068055 0.997260
1208.999444 147.039022 -15.340458 4.363979 -0.003190 0.028291 -0.068483 0.997246
1209.099288 147.153289 -15.340665 4.369441 -0.002097 0.028476 -0.069048 0.997205
1209.199140 147.263628 -15.341159 4.369548 -0.002662 0.029870 -0.069299 0.997145
1209.299781 147.381720 -15.340121 4.369237 -0.002389 0.028941 -0.069555 0.997155
1209.399612 147.498854 -15.342196 4.360655 -0.001536 0.023321 -0.071189 0.997189
1209.499457 147.614618 -15.343718 4.356609 -0.001457 0.016966 -0.072743 0.997205
1209.599283 147.731964 -15.347866 4.360734 -0.000180 0.013388 -0.075293 0.997072
1209.699117 147.846556 -15.357821 4.365193 -0.002056 0.012943 -0.077015 0.996944
1209.799754 147.959750 -15.364703 4.373807 -0.003381 0.013220 -0.078031 0.996858
1209.899596 148.071802 -15.366677 4.374667 -0.003859 0.013730 -0.078325 0.996826
1209.999432 148.179699 -15.370883 4.372607 -0.003861 0.015733 -0.078359 0.996794
1210.099256 148.279656 -15.379780 4.370740 -0.004452 0.016809 -0.078218 0.996785
1210.199489 148.364831 -15.389554 4.368920 -0.005053 0.017305 -0.078150 0.996779
1210.299341 148.449711 -15.394558 4.364421 -0.005803 0.017824 -0.078315 0.996752
1210.399174 148.535484 -15.399904 4.365668 -0.005436 0.018846 -0.078354 0.996733
1210.499810 148.628138 -15.404603 4.371617 -0.005692 0.019236 -0.078180 0.996737
1210.599651 148.717739 -15.410509 4.375119 -0.005741 0.019135 -0.078209 0.996737
1210.699499 148.808799 -15.416903 4.374326 -0.005798 0.018513 -0.078397 0.996733
1210.799331 148.898799 -15.425521 4.369337 -0.005529 0.019661 -0.078091 0.996737
1210.899177 148.995181 -15.434769 4.365607 -0.006264 0.021704 -0.078413 0.996665
1210.999805 149.098805 -15.445681 4.366866 -0.005540 0.025510 -0.078371 0.996582
1211.099653 149.201605 -15.456542 4.364242 -0.005204 0.027545 -0.078030 0.996557
1211.199488 149.294008 -15.461389 4.359620 -0.004861 0.028584 -0.078068 0.996526
1211.299312 149.378005 -15.467201 4.368850 -0.004325 0.028471 -0.077983 0.996539
1211.399155 149.457191 -15.481074 4.378612 -0.005359 0.028192 -0.077882 0.996549
1211.499801 149.546099 -15.492323 4.380126 -0.006186 0.027133 -0.078089 0.996558
1211.599642 149.639082 -15.502797 4.378267 -0.005712 0.028666 -0.078084 0.996518
1211.699478 149.724736 -15.515532 4.377192 -0.005207 0.029677 -0.077536 0.996534
1211.799312 149.791609 -15.520972 4.372306 -0.004243 0.028723 -0.077226 0.996591
1211.899143 149.862391 -15.526094 4.370461 -0.004658 0.026056 -0.076974 0.996682
1211.999793 149.944830 -15.533047 4.372420 -0.005967 0.024141 -0.076469 0.996762
1212.099637 150.028838 -15.543787 4.377191 -0.007605 0.023898 -0.075785 0.996809
1212.199469 150.115659 -15.554962 4.381725 -0.008859 0.024797 -0.075501 0.996798
1212.299306 150.208836 -15.566629 4.386693 -0.009052 0.025321 -0.075651 0.996772
1212.399153 150.313600 -15.578799 4.387703 -0.009868 0.025921 -0.076418 0.996690
1212.499791 150.420125 -15.590409 4.381509 -0.008986 0.026400 -0.077543 0.996599
1212.599634 150.519525 -15.598831 4.374792 -0.005413 0.027974 -0.078266 0.996525
1212.699478 150.609103 -15.607186 4.365991 -0.003805 0.028520 -0.078635 0.996488
1212.799327 150.691964 -15.617777 4.369250 -0.002885 0.031681 -0.078869 0.996377
1212.899170 150.774842 -15.626862 4.376590 -0.002822 0.035127 -0.079379 0.996221
1212.999813 150.863580 -15.636112 4.382654 -0.001924 0.035041 -0.079701 0.996201
1213.099643 150.953644 -15.645473 4.383311 -0.002420 0.031061 -0.080450 0.996272
1213.199495 151.051936 -15.655371 4.383421 -0.002670 0.029578 -0.081207 0.996255
1213.299351 151.148410 -15.669849 4.372102 -0.003471 0.028640 -0.081539 0.996253
1213.399192 151.247204 -15.683523 4.362576 -0.003670 0.028840 -0.081887 0.996217
1213.499841 151.345288 -15.693920 4.367458 -0.003198 0.029790 -0.082071 0.996176
1213.599662 151.433764 -15.705534 4.376524 -0.004349 0.032622 -0.081986 0.996090
1213.699508 151.523081 -15.721497 4.376515 -0.005020 0.033093 -0.081562 0.996106
1213.799350 151.619529 -15.741674 4.374868 -0.005986 0.032048 -0.081134 0.996170
1213.899181 151.713680 -15.761339 4.369108 -0.007469 0.029469 -0.080778 0.996268
1213.999831 151.811525 -15.777837 4.366761 -0.008141 0.029315 -0.080511 0.996289
1214.099664 151.920489 -15.791141 4.364375 -0.008999 0.028794 -0.080869 0.996268
1214.199513 152.031683 -15.805872 4.365062 -0.008517 0.028305 -0.080921 0.996282
1214.299354 152.137425 -15.822731 4.361859 -0.006992 0.027463 -0.080953 0.996315
1214.399184 152.241409 -15.839433 4.363938 -0.005873 0.027388 -0.080998 0.996321
1214.499823 152.346465 -15.858092 4.370600 -0.005214 0.027842 -0.080687 0.996337
1214.599664 152.456396 -15.879914 4.373612 -0.005680 0.029142 -0.080130 0.996342
1214.699488 152.566372 -15.898488 4.376133 -0.007332 0.029704 -0.079775 0.996343
1214.799327 152.665400 -15.912421 4.376270 -0.008772 0.029306 -0.079334 0.996379
1214.899160 152.753848 -15.924411 4.373821 -0.008627 0.028578 -0.078885 0.996437
1214.999790 152.840439 -15.941182 4.370043 -0.008029 0.028835 -0.078633 0.996454
1215.099633 152.937400 -15.957174 4.370782 -0.007227 0.029562 -0.078459 0.996453
1215.199475 153.037403 -15.972980 4.368330 -0.006218 0.031189 -0.078584 0.996400
1215.299326 153.138638 -15.991289 4.367211 -0.005202 0.031508 -0.078377 0.996412
1215.399168 153.249855 -16.011712 4.366477 -0.005643 0.029902 -0.078184 0.996474
1215.499802 153.363454 -16.028422 4.370982 -0.006402 0.027372 -0.078176 0.996543
1215.599640 153.473241 -16.042378 4.372384 -0.007560 0.026882 -0.078310 0.996538
1215.699490 153.580003 -16.058606 4.371025 -0.008445 0.027264 -0.078518 0.996504
1215.799343 153.685543 -16.077902 4.373240 -0.007690 0.028774 -0.078703 0.996453
1215.899185 153.787936 -16.098286 4.371254 -0.008092 0.029248 -0.078810 0.996428
1215.999817 153.883771 -16.116690 4.370354 -0.007933 0.029652 -0.079034 0.996399
1216.099659 153.979326 -16.135160 4.370918 -0.008178 0.029130 -0.079108 0.996407
1216.199501 154.077526 -16.154599 4.372667 -0.009485 0.028383 -0.078923 0.996431
1216.299360 154.177459 -16.172415 4.373683 -0.009660 0.027244 -0.078812 0.996470
1216.399214 154.282278 -16.192670 4.376125 -0.009963 0.026883 -0.078456 0.996505
1216.499454 154.386679 -16.214846 4.381707 -0.009464 0.026020 -0.078112 0.996560
1216.599296 154.499456 -16.233767 4.388343 -0.011570 0.023344 -0.078300 0.996589
1216.699121 154.616689 -16.248230 4.389432 -0.013923 0.020068 -0.078726 0.996597
1216.799752 154.740094 -16.267438 4.386450 -0.015532 0.017498 -0.078468 0.996642
1216.899603 154.865285 -16.288132 4.383801 -0.015290 0.017083 -0.078711 0.996634
1216.999442 154.982255 -16.302700 4.378302 -0.014223 0.018278 -0.078924 0.996612
1217.099281 155.092804 -16.320832 4.377156 -0.012393 0.021159 -0.078539 0.996609
1217.199126 155.199623 -16.342471 4.377793 -0.011866 0.023291 -0.078356 0.996583
1217.299762 155.301037 -16.358822 4.375829 -0.011641 0.023790 -0.078613 0.996553
1217.399596 155.406066 -16.369051 4.377597 -0.010751 0.023466 -0.078558 0.996575
1217.499430 155.513904 -16.374864 4.384946 -0.009746 0.023582 -0.078454 0.996591
1217.599270 155.613142 -16.385871 4.384382 -0.008121 0.024117 -0.078129 0.996618
1217.699530 155.723414 -16.400501 4.379332 -0.007870 0.024226 -0.078039 0.996625
1217.799363 155.830518 -16.418170 4.375783 -0.008611 0.023410 -0.078001 0.996641
1217.899214 155.927063 -16.439008 4.372205 -0.009170 0.022851 -0.077514 0.996687
1217.999451 156.023044 -16.454847 4.371304 -0.009775 0.022693 -0.077265 0.996704
1218.099293 156.115108 -16.465013 4.382166 -0.011036 0.023298 -0.077377 0.996669
1218.199136 156.210014 -16.473943 4.394713 -0.011046 0.023872 -0.077107 0.996676
1218.299769 156.313492 -16.482476 4.406145 -0.011244 0.024423 -0.077221 0.996651
1218.399612 156.409023 -16.494162 4.413560 -0.010146 0.024848 -0.077304 0.996646
1218.499444 156.493655 -16.511179 4.425615 -0.009629 0.025899 -0.077635 0.996599
1218.599284 156.577787 -16.529252 4.436894 -0.009140 0.027034 -0.077883 0.996554
1218.699130 156.665319 -16.541783 4.451990 -0.009113 0.028215 -0.078359 0.996484
1218.799767 156.749236 -16.549043 4.472206 -0.009175 0.030446 -0.079172 0.996354
1218.899604 156.844947 -16.562355 4.495263 -0.008514 0.032139 -0.079404 0.996288
1218.999455 156.940145 -16.574097 4.509849 -0.007011 0.032227 -0.079804 0.996265
1219.099288 157.036446 -16.584248 4.517134 -0.007026 0.030466 -0.080425 0.996270
1219.199127 157.130762 -16.594938 4.525470 -0.007114 0.030688 -0.080571 0.996251
1219.299761 157.227816 -16.605608 4.535452 -0.006923 0.031987 -0.080559 0.996212
1219.399587 157.324397 -16.622667 4.547047 -0.007304 0.032560 -0.080600 0.996188
1219.499426 157.417263 -16.642052 4.559294 -0.008430 0.031504 -0.080116 0.996252
1219.599269 157.506668 -16.657758 4.570775 -0.008631 0.030840 -0.079656 0.996308
1219.699512 157.602942 -16.670516 4.577095 -0.008690 0.030097 -0.079216 0.996365
1219.799340 157.708877 -16.679897 4.574886 -0.008707 0.030329 -0.078871 0.996385
1219.899182 157.819849 -16.694047 4.568751 -0.009007 0.032117 -0.078560 0.996351
1219.999822 157.931522 -16.711933 4.574362 -0.008264 0.035838 -0.078709 0.996219
1220.099668 158.039003 -16.725773 4.583664 -0.006133 0.039191 -0.079069 0.996080
1220.199505 158.147779 -16.735881 4.589767 -0.004546 0.038463 -0.079882 0.996052
1220.299342 158.257171 -16.748631 4.594854 -0.004178 0.035089 -0.080297 0.996144
1220.399185 158.364677 -16.761848 4.594276 -0.004748 0.033204 -0.081055 0.996145
1220.499829 158.474141 -16.776068 4.595385 -0.004478 0.033243 -0.081545 0.996105
1220.599658 158.575405 -16.795855 4.597864 -0.004970 0.034208 -0.081186 0.996099
1220.699488 158.685563 -16.815619 4.593826 -0.005601 0.033862 -0.081046 0.996119
1220.799331 158.796872 -16.833040 4.598418 -0.005506 0.032627 -0.080465 0.996208
1220.899159 158.911894 -16.848248 4.595933 -0.005702 0.030402 -0.079991 0.996316
1220.999798 159.021545 -16.867418 4.598961 -0.007158 0.030950 -0.079817 0.996303
1221.099655 159.122617 -16.882845 4.596541 -0.006897 0.032638 -0.079952 0.996240
1221.199499 159.226611 -16.900947 4.591645 -0.006954 0.033497 -0.079945 0.996212
1221.299346 159.339680 -16.916846 4.589820 -0.007133 0.032304 -0.080011 0.996245
1221.399196 159.454283 -16.928101 4.591644 -0.006960 0.031064 -0.080355 0.996258
1221.499831 159.555071 -16.936936 4.593017 -0.006761 0.030102 -0.080444 0.996282
1221.599685 159.642589 -16.950636 4.594737 -0.006902 0.029063 -0.080152 0.996335
1221.699522 159.737239 -16.967061 4.597067 -0.007073 0.029403 -0.079920 0.996342
1221.799371 159.827838 -16.980326 4.596049 -0.006296 0.030410 -0.079935 0.996316
1221.899205 159.923178 -16.992827 4.593944 -0.005425 0.030937 -0.079873 0.996310
1221.999444 160.026308 -17.006298 4.591723 -0.004731 0.031521 -0.080090 0.996278
1222.099290 160.131142 -17.021072 4.592345 -0.004849 0.030759 -0.080612 0.996259
1222.199139 160.226024 -17.035965 4.595512 -0.005478 0.029495 -0.080732 0.996284
1222.299768 160.320781 -17.047796 4.599447 -0.005352 0.027497 -0.080571 0.996355
1222.399601 160.419210 -17.059753 4.603624 -0.006604 0.028622 -0.080474 0.996324
1222.499439 160.526964 -17.076046 4.601633 -0.010379 0.031327 -0.080482 0.996210
1222.599290 160.632492 -17.095031 4.603597 -0.012203 0.034552 -0.080777 0.996058
1222.699136 160.739152 -17.115583 4.605967 -0.010461 0.033675 -0.080978 0.996092
1222.799780 160.864244 -17.132571 4.605981 -0.007825 0.032601 -0.081425 0.996115
1222.899620 160.979475 -17.145019 4.603973 -0.006310 0.032813 -0.081708 0.996096
1222.999467 161.086877 -17.157957 4.603207 -0.006530 0.034775 -0.082008 0.996003
1223.099319 161.200521 -17.174553 4.608089 -0.006248 0.036137 -0.081792 0.995974
1223.199150 161.298590 -17.189636 4.612324 -0.007326 0.036560 -0.081747 0.995955
1223.299792 161.388835 -17.207345 4.611490 -0.008721 0.035708 -0.081863 0.995966
1223.399626 161.476091 -17.220506 4.610282 -0.013019 0.034507 -0.081782 0.995968
1223.499457 161.578673 -17.230762 4.610931 -0.014886 0.034654 -0.081797 0.995935
1223.599289 161.678799 -17.241393 4.618714 -0.014773 0.036251 -0.081555 0.995900
1223.699128 161.782258 -17.256959 4.614234 -0.013441 0.036766 -0.081137 0.995934
1223.799775 161.887448 -17.270182 4.612743 -0.013005 0.036643 -0.081149 0.995943
1223.899608 161.996373 -17.276742 4.620757 -0.011972 0.035155 -0.081401 0.995989
1223.999442 162.107639 -17.283665 4.623936 -0.012309 0.034251 -0.081378 0.996019
1224.099282 162.211937 -17.294883 4.621396 -0.010977 0.034936 -0.081313 0.996016
1224.199126 162.317078 -17.306293 4.614901 -0.009081 0.035451 -0.081363 0.996012
1224.299773 162.432271 -17.314715 4.615168 -0.009458 0.035477 -0.081496 0.995997
1224.399608 162.552459 -17.318604 4.616178 -0.011297 0.035773 -0.081696 0.995951
1224.499441 162.678554 -17.327405 4.616618 -0.010917 0.035101 -0.081683 0.995980
1224.599271 162.804045 -17.338403 4.623057 -0.012371 0.035285 -0.081694 0.995956
1224.699496 162.931653 -17.346776 4.624220 -0.012948 0.036609 -0.081682 0.995902
1224.799340 163.055818 -17.353703 4.621993 -0.012456 0.037681 -0.081605 0.995874
1224.899192 163.162241 -17.358617 4.613570 -0.012282 0.036744 -0.081680 0.995905
1224.999834 163.267680 -17.363011 4.608135 -0.012502 0.034611 -0.081830 0.995967
1225.099677 163.378590 -17.367710 4.597168 -0.012200 0.031152 -0.081726 0.996093
1225.199502 163.493868 -17.371112 4.606587 -0.010745 0.030622 -0.081772 0.996123
1225.299341 163.607187 -17.373177 4.621077 -0.009492 0.032449 -0.081649 0.996088
1225.399171 163.717003 -17.378589 4.627137 -0.008781 0.032422 -0.081290 0.996124
1225.499807 163.830814 -17.380272 4.626763 -0.008366 0.031803 -0.081267 0.996150
1225.599662 163.943890 -17.384839 4.623458 -0.007329 0.031929 -0.081406 0.996143
1225.699510 164.054007 -17.396356 4.616081 -0.007287 0.031765 -0.081479 0.996142
1225.799351 164.165449 -17.404688 4.607606 -0.007932 0.030410 -0.081638 0.996166
1225.899194 164.264199 -17.406432 4.606738 -0.008152 0.031951 -0.081724 0.996109
1225.999840 164.353047 -17.406491 4.613840 -0.007949 0.033095 -0.081597 0.996084
1226.099676 164.428036 -17.407366 4.619022 -0.007707 0.031704 -0.081531 0.996137
1226.199526 164.514808 -17.410230 4.618769 -0.007415 0.029561 -0.081916 0.996173
1226.299378 164.614762 -17.415737 4.615108 -0.007595 0.027474 -0.082106 0.996216
1226.399232 164.734324 -17.424119 4.605878 -0.007728 0.025698 -0.081835 0.996285
1226.499469 164.859532 -17.436317 4.605737 -0.008593 0.025920 -0.081678 0.996285
1226.599306 164.972684 -17.447472 4.606321 -0.009877 0.026240 -0.081289 0.996296
1226.699138 165.075490 -17.459679 4.601228 -0.010771 0.027067 -0.081027 0.996286
1226.799779 165.182937 -17.466998 4.602420 -0.010292 0.028243 -0.081087 0.996254
1226.899600 165.285735 -17.474824 4.606267 -0.009012 0.029047 -0.081152 0.996238
1226.999432 165.382149 -17.481365 4.609426 -0.008644 0.027566 -0.081235 0.996276
1227.099263 165.474400 -17.488027 4.604998 -0.008431 0.026848 -0.081221 0.996299
1227.199516 165.563578 -17.495075 4.594836 -0.008500 0.026892 -0.081109 0.996306
1227.299358 165.654632 -17.503097 4.589821 -0.009006 0.026686 -0.081158 0.996303
1227.399191 165.749967 -17.509649 4.599162 -0.008755 0.011160 -0.081244 0.996593
1227.499831 165.841127 -17.517105 4.617788 -0.008839 0.000420 -0.081115 0.996665
1227.599674 165.919487 -17.525953 4.603294 -0.008919 -0.005362 -0.081611 0.996610
1227.699509 165.980469 -17.533958 4.596369 -0.007790 0.008421 -0.081572 0.996601
1227.799352 166.031802 -17.537176 4.589962 -0.007765 0.023028 -0.081401 0.996385
1227.899196 166.086040 -17.542234 4.590034 -0.008577 0.027454 -0.081316 0.996273
1227.999852 166.137235 -17.551006 4.594468 -0.008429 0.028379 -0.081076 0.996268
1228.099698 166.190977 -17.554168 4.604809 -0.008126 0.027534 -0.081134 0.996290
1228.199517 166.258937 -17.558181 4.605564 -0.007173 0.028975 -0.081177 0.996253
1228.299367 166.338854 -17.563297 4.595453 -0.006647 0.030097 -0.081114 0.996228
1228.399207 166.419009 -17.572699 4.584738 -0.007357 0.031473 -0.080968 0.996193
1228.499449 166.504620 -17.582746 4.585839 -0.007349 0.033251 -0.081102 0.996124
1228.599295 166.586512 -17.589469 4.593124 -0.007392 0.033959 -0.081224 0.996090
1228.699132 166.657626 -17.596105 4.598716 -0.006433 0.034785 -0.081186 0.996071
1228.799770 166.728296 -17.601359 4.599772 -0.006754 0.036650 -0.081396 0.995985
1228.899617 166.798929 -17.611351 4.596319 -0.006175 0.037440 -0.081304 0.995967
1228.999443 166.872253 -17.623525 4.590745 -0.006449 0.037936 -0.081290 0.995947
1229.099290 166.939953 -17.632083 4.591162 -0.006875 0.038289 -0.081395 0.995922
1229.199131 167.003743 -17.637679 4.592888 -0.006921 0.037172 -0.081778 0.995933
1229.299780 167.075707 -17.642284 4.589872 -0.006420 0.035155 -0.081682 0.996018
1229.399626 167.156070 -17.651594 4.584560 -0.005871 0.036503 -0.081560 0.995982
1229.499455 167.238143 -17.665815 4.582193 -0.006886 0.038511 -0.081658 0.995892
1229.599294 167.324453 -17.680365 4.584679 -0.006669 0.040471 -0.081582 0.995822
1229.699141 167.401259 -17.690922 4.586858 -0.006381 0.039280 -0.080819 0.995934
1229.799775 167.481454 -17.702358 4.588359 -0.006452 0.036971 -0.080113 0.996079
1229.899620 167.561916 -17.712780 4.595030 -0.009367 0.034214 -0.079599 0.996196
1229.999478 167.654041 -17.720443 4.594893 -0.010615 0.034170 -0.080064 0.996147
1230.099320 167.743787 -17.730892 4.587557 -0.008909 0.034404 -0.080308 0.996136
1230.199165 167.830937 -17.744827 4.582312 -0.008045 0.032978 -0.080785 0.996153
1230.299814 167.921603 -17.758622 4.592034 -0.006482 0.029646 -0.081298 0.996228
1230.399639 168.007923 -17.770810 4.607288 -0.007018 0.027885 -0.081961 0.996221
1230.499483 168.086924 -17.777512 4.609817 -0.006658 0.027468 -0.082666 0.996176
1230.599315 168.172559 -17.786914 4.604982 -0.005314 0.029157 -0.083773 0.996044
1230.699161 168.257513 -17.798438 4.599063 -0.004518 0.031077 -0.083958 0.995974
1230.799800 168.347770 -17.809463 4.593619 -0.004066 0.034112 -0.083879 0.995884
1230.899644 168.439429 -17.822817 4.589732 -0.004110 0.034764 -0.083692 0.995877
1230.999485 168.528822 -17.837944 4.592997 -0.004304 0.037491 -0.083567 0.995787
1231.099324 168.614883 -17.846866 4.592993 -0.003418 0.039034 -0.084007 0.995694
1231.199159 168.717279 -17.858308 4.595413 -0.002840 0.039584 -0.084103 0.995667
1231.299796 168.832155 -17.875559 4.596990 -0.004030 0.038894 -0.083552 0.995736
1231.399645 168.925776 -17.894143 4.607334 -0.007532 0.037557 -0.082621 0.995845
1231.499490 169.003790 -17.912063 4.609212 -0.010388 0.036045 -0.081955 0.995930
1231.599326 169.089926 -17.929617 4.604283 -0.010654 0.037152 -0.081747 0.995903
1231.699150 169.176951 -17.943906 4.592776 -0.010618 0.038953 -0.080511 0.995936
1231.799782 169.254360 -17.954475 4.591993 -0.010355 0.041598 -0.077916 0.996038
1231.899619 169.335258 -17.964702 4.597032 -0.008171 0.042852 -0.075826 0.996166
1231.999456 169.418807 -17.973454 4.602884 -0.007256 0.041365 -0.074771 0.996316
1232.099281 169.509443 -17.988317 4.603214 -0.007322 0.037715 -0.073857 0.996529
1232.199138 169.608369 -18.006612 4.599912 -0.006613 0.036753 -0.073952 0.996562
1232.299786 169.711777 -18.026640 4.598427 -0.005957 0.037849 -0.074164 0.996510
1232.399629 169.821266 -18.039047 4.600478 -0.005989 0.038725 -0.074231 0.996471
1232.499467 169.933513 -18.052034 4.600945 -0.007291 0.037759 -0.074502 0.996479
1232.599295 170.033871 -18.063781 4.599507 -0.007165 0.037066 -0.074780 0.996485
1232.699134 170.142681 -18.080110 4.595744 -0.007337 0.036840 -0.074871 0.996485
1232.799778 170.253819 -18.099931 4.593497 -0.007170 0.036622 -0.074745 0.996504
1232.899605 170.356117 -18.120532 4.596473 -0.006886 0.037826 -0.074730 0.996462
1232.999457 170.452626 -18.136425 4.595660 -0.007187 0.040430 -0.074922 0.996344
1233.099315 170.555845 -18.148050 4.592270 -0.006684 0.043409 -0.075325 0.996191
1233.199150 170.674683 -18.161840 4.593835 -0.006588 0.045654 -0.075983 0.996042
1233.299794 170.788069 -18.179025 4.600317 -0.006053 0.044465 -0.076173 0.996084
1233.399635 170.901293 -18.197246 4.608744 -0.007853 0.043198 -0.075411 0.996185
1233.499467 171.017907 -18.217156 4.607371 -0.011984 0.044515 -0.072244 0.996321
1233.599315 171.137232 -18.231176 4.601278 -0.013755 0.044801 -0.067989 0.996585
1233.699156 171.253640 -18.242073 4.596592 -0.015192 0.044380 -0.063449 0.996882
1233.799786 171.373403 -18.255872 4.595746 -0.014978 0.042635 -0.058601 0.997258
1233.899637 171.494239 -18.274177 4.600949 -0.014784 0.039857 -0.054999 0.997581
1233.999481 171.608534 -18.289541 4.607666 -0.016730 0.037823 -0.051090 0.997837
1234.099307 171.722538 -18.302187 4.611647 -0.015102 0.037672 -0.046574 0.998090
1234.199162 171.842090 -18.311814 4.611133 -0.010063 0.038680 -0.044721 0.998200
1234.299810 171.969033 -18.321763 4.608119 -0.007219 0.038953 -0.045040 0.998199
1234.399649 172.090669 -18.334412 4.602597 -0.008083 0.037133 -0.045498 0.998241
1234.499487 172.221879 -18.344266 4.605775 -0.007684 0.034481 -0.046119 0.998311
1234.599334 172.354258 -18.356524 4.608789 -0.007800 0.030329 -0.046561 0.998424
1234.699172 172.468644 -18.366761 4.605248 -0.006027 0.025641 -0.046617 0.998565
1234.799820 172.597902 -18.384840 4.605254 -0.006320 0.023143 -0.046411 0.998634
1234.899654 172.709993 -18.394453 4.611039 -0.006711 0.022485 -0.046289 0.998652
1234.999503 172.820601 -18.405334 4.615456 -0.007539 0.022902 -0.045802 0.998660
1235.099333 172.936820 -18.413057 4.612025 -0.008280 0.022645 -0.045608 0.998668
1235.199164 173.045473 -18.418427 4.607055 -0.008815 0.023087 -0.045582 0.998655
1235.299815 173.155366 -18.432441 4.603293 -0.008665 0.024157 -0.045443 0.998637
1235.399672 173.246179 -18.448623 4.605512 -0.008487 0.026015 -0.045245 0.998601
1235.499518 173.336607 -18.455622 4.610308 -0.009027 0.028458 -0.045512 0.998518
1235.599364 173.435614 -18.461947 4.612469 -0.011496 0.029423 -0.046091 0.998438
1235.699220 173.537322 -18.471294 4.611689 -0.010218 0.026714 -0.046426 0.998512
1235.799455 173.644684 -18.483676 4.607879 -0.006568 0.025965 -0.046925 0.998539
1235.899288 173.740729 -18.498483 4.604154 -0.004179 0.030419 -0.046518 0.998445
1235.999132 173.820366 -18.512520 4.610585 -0.006838 0.034291 -0.045572 0.998349
1236.099780 173.902849 -18.519202 4.617636 -0.009610 0.034211 -0.045130 0.998349
1236.199629 174.004340 -18.523193 4.617760 -0.010428 0.032385 -0.044612 0.998425
1236.299467 174.109751 -18.532437 4.621835 -0.010355 0.030655 -0.044217 0.998498
1236.399297 174.217624 -18.544142 4.619407 -0.010048 0.028974 -0.044579 0.998535
1236.499147 174.319195 -18.553532 4.611336 -0.008291 0.030821 -0.045261 0.998465
1236.599800 174.411300 -18.563076 4.611136 -0.007149 0.034519 -0.045728 0.998332
1236.699628 174.509541 -18.572930 4.613903 -0.005539 0.034908 -0.045748 0.998328
1236.799475 174.604314 -18.582630 4.617426 -0.006053 0.035670 -0.046003 0.998286
1236.899300 174.699315 -18.592807 4.615341 -0.007788 0.035273 -0.045812 0.998297
1236.999151 174.790268 -18.601017 4.617127 -0.007449 0.034861 -0.045538 0.998326
1237.099799 174.876410 -18.613507 4.617824 -0.008460 0.032264 -0.045268 0.998418
1237.199645 174.975221 -18.623862 4.619902 -0.007879 0.031024 -0.045183 0.998466
1237.299467 175.069058 -18.629938 4.618551 -0.007949 0.030963 -0.045492 0.998453
1237.399314 175.164710 -18.634060 4.620701 -0.006768 0.031433 -0.046117 0.998418
1237.499150 175.260368 -18.637826 4.623792 -0.005394 0.029538 -0.046479 0.998468
1237.599794 175.352713 -18.650260 4.624850 -0.004883 0.028419 -0.046294 0.998512
1237.699642 175.438655 -18.659168 4.625446 -0.005969 0.029413 -0.046477 0.998468
1237.799478 175.525086 -18.666830 4.624973 -0.007048 0.029838 -0.046564 0.998445
1237.899313 175.607472 -18.676145 4.623661 -0.007680 0.028759 -0.046302 0.998484
1237.999162 175.685082 -18.688697 4.625040 -0.008052 0.027903 -0.046290 0.998506
1238.099807 175.769230 -18.697705 4.629196 -0.007939 0.026223 -0.046444 0.998545
1238.199648 175.855909 -18.704831 4.633307 -0.008270 0.025826 -0.046330 0.998558
1238.299493 175.942378 -18.711472 4.636992 -0.009458 0.027628 -0.046385 0.998497
1238.399351 176.028572 -18.716233 4.635305 -0.008658 0.029593 -0.046621 0.998437
1238.499194 176.117671 -18.724131 4.625230 -0.008146 0.031694 -0.046608 0.998377
1238.599829 176.205838 -18.734654 4.619759 -0.008260 0.032814 -0.046458 0.998347
1238.699675 176.302818 -18.744707 4.623071 -0.009345 0.034804 -0.047155 0.998237
1238.799532 176.391980 -18.753168 4.628115 -0.011248 0.035396 -0.047852 0.998164
1238.899387 176.474389 -18.761628 4.631034 -0.011300 0.035899 -0.048757 0.998101
1238.999221 176.552007 -18.770251 4.625693 -0.008753 0.033764 -0.049402 0.998170
1239.099468 176.638201 -18.779256 4.625635 -0.007172 0.030891 -0.049853 0.998253
1239.199308 176.723331 -18.787692 4.620120 -0.007362 0.018615 -0.049628 0.998567
1239.299149 176.799055 -18.791656 4.626107 -0.006630 0.018877 -0.049096 0.998594
1239.399777 176.872888 -18.797844 4.625581 -0.007064 0.025662 -0.047838 0.998500
1239.499620 176.953125 -18.801472 4.628250 -0.008265 0.030168 -0.047305 0.998391
1239.599466 177.029598 -18.810157 4.631409 -0.008460 0.032661 -0.046977 0.998326
1239.699323 177.114087 -18.817764 4.644147 -0.008693 0.033622 -0.046851 0.998298
1239.799161 177.188223 -18.828874 4.642820 -0.008571 0.033320 -0.046559 0.998323
1239.899791 177.254090 -18.839173 4.642354 -0.007756 0.033158 -0.046327 0.998346
1239.999636 177.321659 -18.846597 4.638553 -0.007890 0.034075 -0.046586 0.998302
1240.099478 177.402772 -18.854676 4.638294 -0.008361 0.034304 -0.046633 0.998288
1240.199315 177.478180 -18.863210 4.636642 -0.008486 0.033726 -0.046532 0.998311
1240.299162 177.564222 -18.870126 4.632279 -0.008056 0.031253 -0.046632 0.998391
1240.399800 177.643952 -18.878248 4.639119 -0.008569 0.031155 -0.046665 0.998388
1240.499662 177.718458 -18.889593 4.644682 -0.008547 0.031710 -0.046263 0.998389
1240.599498 177.789806 -18.898579 4.645783 -0.008680 0.032542 -0.046320 0.998359
1240.699334 177.866219 -18.903589 4.641017 -0.008086 0.033060 -0.046687 0.998330
1240.799162 177.935541 -18.910041 4.638543 -0.007759 0.034055 -0.046669 0.998300
1240.899807 178.011285 -18.919779 4.639206 -0.008771 0.034318 -0.046567 0.998287
1240.999641 178.087973 -18.931281 4.639951 -0.007891 0.032600 -0.046613 0.998350
1241.099485 178.171747 -18.940635 4.642755 -0.007927 0.033074 -0.046449 0.998341
1241.199318 178.258190 -18.951493 4.644150 -0.006970 0.035265 -0.046173 0.998286
1241.299159 178.351914 -18.961750 4.649054 -0.007951 0.037265 -0.046002 0.998214
1241.399809 178.439507 -18.968002 4.650405 -0.007714 0.035924 -0.045657 0.998281
1241.499641 178.531656 -18.978291 4.648847 -0.009214 0.033088 -0.045474 0.998375
1241.599489 178.629312 -18.988807 4.646054 -0.009365 0.032079 -0.045958 0.998384
1241.699328 178.723520 -19.000528 4.645201 -0.007944 0.030863 -0.046143 0.998426
1241.799163 178.800629 -19.007021 4.646780 -0.005442 0.030146 -0.046181 0.998463
1241.899795 178.871187 -19.015540 4.650579 -0.005629 0.031555 -0.046059 0.998424
1241.999644 178.941158 -19.026356 4.656048 -0.007404 0.034240 -0.045869 0.998333
1242.099476 179.018231 -19.035532 4.661117 -0.008556 0.037090 -0.045985 0.998217
1242.199317 179.107292 -19.044846 4.658903 -0.009604 0.035214 -0.045764 0.998285
1242.299161 179.201705 -19.052763 4.662457 -0.009046 0.034680 -0.045700 0.998312
1242.399789 179.280623 -19.057399 4.660013 -0.009004 0.035016 -0.046278 0.998274
1242.499632 179.357729 -19.061625 4.657113 -0.009278 0.034846 -0.046729 0.998257
1242.599484 179.444387 -19.070041 4.655553 -0.008441 0.032917 -0.046871 0.998323
1242.699318 179.534951 -19.082078 4.656114 -0.008119 0.033085 -0.047099 0.998309
1242.799159 179.624224 -19.096399 4.657746 -0.008253 0.033228 -0.047567 0.998281
1242.899806 179.701416 -19.103719 4.660198 -0.008822 0.033171 -0.047747 0.998270
1242.999651 179.783320 -19.108644 4.657050 -0.008166 0.032768 -0.047957 0.998278
1243.099486 179.863694 -19.111789 4.652487 -0.007715 0.034009 -0.048339 0.998222
1243.199337 179.939636 -19.118677 4.651756 -0.007066 0.034565 -0.048610 0.998195
1243.299176 180.021191 -19.126422 4.657109 -0.005361 0.033091 -0.048811 0.998245
1243.399804 180.104888 -19.143398 4.664860 -0.005733 0.034325 -0.048602 0.998212
1243.499663 180.193504 -19.153734 4.666284 -0.007262 0.035695 -0.048468 0.998160
1243.599502 180.292202 -19.159050 4.660790 -0.008207 0.036439 -0.048347 0.998132
1243.699336 180.392662 -19.167169 4.656216 -0.008694 0.034566 -0.047860 0.998218
1243.799177 180.486002 -19.180691 4.655507 -0.007979 0.035073 -0.047711 0.998213
1243.899817 180.573453 -19.192814 4.656227 -0.006453 0.036561 -0.047234 0.998194
1243.999649 180.643084 -19.201857 4.661985 -0.005856 0.038100 -0.046997 0.998151
1244.099487 180.726974 -19.207413 4.667811 -0.006435 0.038226 -0.046795 0.998152
1244.199328 180.821006 -19.213050 4.665426 -0.007895 0.039970 -0.047058 0.998061
1244.299167 180.900910 -19.227224 4.661282 -0.009284 0.040960 -0.047340 0.997995
1244.399801 180.990868 -19.242507 4.655778 -0.009344 0.039810 -0.047703 0.998024
1244.499655 181.090316 -19.253356 4.654727 -0.008241 0.038858 -0.048242 0.998045
1244.599495 181.184243 -19.264686 4.658509 -0.007134 0.038112 -0.048070 0.998091
1244.699335 181.279510 -19.274706 4.661013 -0.007982 0.037101 -0.047942 0.998129
1244.799174 181.372310 -19.284588 4.657862 -0.010283 0.034210 -0.047800 0.998218
1244.899819 181.458689 -19.290922 4.655347 -0.010645 0.032036 -0.048274 0.998263
1244.999658 181.535439 -19.294039 4.657594 -0.008195 0.032886 -0.048648 0.998241
1245.099495 181.625164 -19.305638 4.663854 -0.006889 0.035001 -0.048837 0.998170
1245.199325 181.720805 -19.323262 4.659697 -0.006919 0.036245 -0.048948 0.998119
1245.299178 181.816448 -19.334778 4.654792 -0.007893 0.038885 -0.049338 0.997994
1245.399814 181.917969 -19.338431 4.653437 -0.007897 0.038042 -0.049679 0.998009
1245.499671 182.019459 -19.344255 4.658469 -0.008281 0.036999 -0.049980 0.998030
1245.599510 182.124397 -19.360278 4.653387 -0.007102 0.036982 -0.050108 0.998034
1245.699352 182.227175 -19.375666 4.646490 -0.006588 0.039827 -0.050209 0.997923
1245.799190 182.323617 -19.388665 4.645809 -0.006467 0.041593 -0.049969 0.997863
1245.899813 182.429520 -19.401717 4.647919 -0.006467 0.041052 -0.049576 0.997905
1245.999654 182.529274 -19.412743 4.653627 -0.008030 0.040961 -0.049298 0.997912
1246.099499 182.628287 -19.422132 4.654157 -0.008555 0.043136 -0.049035 0.997828
1246.199345 182.726715 -19.434868 4.652240 -0.008072 0.044299 -0.048949 0.997786
1246.299203 182.826873 -19.445484 4.646207 -0.008319 0.042705 -0.048689 0.997866
1246.399429 182.931187 -19.459143 4.646842 -0.008768 0.041894 -0.048834 0.997889
1246.499270 183.029918 -19.470285 4.647710 -0.009250 0.041053 -0.049012 0.997911
1246.599502 183.140316 -19.485978 4.649810 -0.008170 0.041541 -0.048563 0.997922
1246.699343 183.263716 -19.499895 4.651654 -0.008081 0.044213 -0.047796 0.997845
1246.799162 183.379806 -19.513602 4.645090 -0.009186 0.049190 -0.047309 0.997626
1246.899816 183.503798 -19.527289 4.634453 -0.010507 0.050263 -0.047138 0.997568
1246.999650 183.627368 -19.539486 4.630758 -0.009175 0.043771 -0.048148 0.997839
1247.099509 183.749638 -19.552898 4.638141 -0.006580 0.036043 -0.049015 0.998126
1247.199349 183.874923 -19.567493 4.650318 -0.005440 0.035629 -0.050042 0.998097
1247.299197 183.990856 -19.579813 4.653288 -0.003920 0.037341 -0.050798 0.998003
1247.399823 184.100243 -19.590747 4.647439 -0.005191 0.037037 -0.051103 0.997993
1247.499663 184.213320 -19.599073 4.638242 -0.005407 0.037106 -0.051116 0.997988
1247.599510 184.326471 -19.609724 4.632161 -0.005761 0.036640 -0.050834 0.998018
1247.699356 184.434606 -19.619659 4.632855 -0.006471 0.035819 -0.050611 0.998055
1247.799190 184.551749 -19.632780 4.633758 -0.007013 0.035286 -0.050473 0.998077
1247.899829 184.666310 -19.648665 4.632523 -0.007687 0.036567 -0.050376 0.998031
1247.999671 184.785147 -19.664767 4.629730 -0.007392 0.035988 -0.050344 0.998056
1248.099508 184.910449 -19.680642 4.632386 -0.007017 0.033987 -0.049850 0.998154
1248.199344 185.037042 -19.694046 4.631253 -0.007771 0.030734 -0.049716 0.998260
1248.299183 185.165369 -19.707354 4.631686 -0.009437 0.031377 -0.049859 0.998219
1248.399821 185.297069 -19.717813 4.626524 -0.011452 0.034401 -0.050405 0.998071
1248.499658 185.420474 -19.732796 4.624250 -0.010020 0.036719 -0.050575 0.997995
1248.599495 185.536395 -19.748252 4.623875 -0.008203 0.037193 -0.050625 0.997991
1248.699339 185.645018 -19.758863 4.627077 -0.006594 0.035123 -0.050715 0.998074
1248.799181 185.752252 -19.770359 4.627532 -0.005701 0.032401 -0.050697 0.998172
1248.899831 185.864078 -19.781864 4.625052 -0.005657 0.031528 -0.050752 0.998197
1248.999651 185.964840 -19.790922 4.623323 -0.006389 0.034667 -0.051181 0.998067
1249.099496 186.057783 -19.803707 4.617998 -0.007616 0.034404 -0.051337 0.998060
1249.199345 186.161120 -19.817456 4.619634 -0.008261 0.034471 -0.051378 0.998050
1249.299181 186.271018 -19.831059 4.621644 -0.008218 0.033485 -0.051293 0.998088
1249.399823 186.390360 -19.843505 4.623531 -0.007773 0.034698 -0.051310 0.998050
1249.499662 186.508360 -19.853791 4.622319 -0.006472 0.036426 -0.051597 0.997982
1249.599482 186.625642 -19.865627 4.617635 -0.006469 0.040109 -0.052325 0.997803
1249.699322 186.745687 -19.878420 4.610129 -0.004820 0.041635 -0.052774 0.997727
1249.799164 186.859873 -19.892872 4.605599 -0.005933 0.042989 -0.052997 0.997651
1249.899803 186.976628 -19.906423 4.607989 -0.007796 0.041286 -0.052998 0.997710
1249.999646 187.089891 -19.918219 4.613240 -0.009118 0.039627 -0.052783 0.997778
1250.099490 187.206612 -19.930711 4.617429 -0.008956 0.039923 -0.052916 0.997760
1250.199312 187.323058 -19.946009 4.615622 -0.007280 0.040263 -0.052825 0.997765
1250.299160 187.438167 -19.960370 4.608196 -0.006704 0.039944 -0.052776 0.997785
1250.399806 187.555616 -19.976593 4.604583 -0.007343 0.039286 -0.052760 0.997807
1250.499644 187.676258 -19.988855 4.606324 -0.008383 0.037046 -0.052852 0.997880
1250.599500 187.793880 -20.006385 4.611293 -0.008569 0.033342 -0.052672 0.998018
1250.699348 187.910045 -20.021358 4.616559 -0.008874 0.031763 -0.052957 0.998052
1250.799204 188.034442 -20.034125 4.615339 -0.008545 0.031736 -0.053373 0.998034
1250.899429 188.158323 -20.049229 4.605966 -0.007672 0.032200 -0.053415 0.998024
1250.999266 188.274035 -20.063457 4.597410 -0.008774 0.030951 -0.053290 0.998061
1251.099490 188.393364 -20.079899 4.600224 -0.010266 0.030243 -0.052869 0.998091
1251.199325 188.503503 -20.090680 4.603482 -0.010251 0.030798 -0.052619 0.998087
1251.299165 188.604784 -20.098659 4.608852 -0.008031 0.033139 -0.052264 0.998051
1251.399804 188.718339 -20.114633 4.613098 -0.006433 0.032995 -0.051726 0.998095
1251.499648 188.818279 -20.134947 4.614889 -0.007636 0.032450 -0.051577 0.998112
1251.599493 188.914544 -20.152416 4.615595 -0.010096 0.029702 -0.051079 0.998202
1251.699338 189.024320 -20.163495 4.616345 -0.012155 0.028274 -0.050873 0.998231
1251.799162 189.142213 -20.176048 4.610923 -0.012246 0.030435 -0.050897 0.998165
1251.899785 189.257737 -20.191248 4.613575 -0.008246 0.032778 -0.050731 0.998140
1251.999620 189.371016 -20.202586 4.619490 -0.005349 0.032553 -0.050852 0.998161
1252.099451 189.481804 -20.210935 4.613525 -0.003232 0.032121 -0.051983 0.998126
1252.199292 189.588503 -20.220541 4.607707 -0.002042 0.033420 -0.052769 0.998045
1252.299127 189.702163 -20.233538 4.607898 -0.003832 0.034351 -0.053108 0.997990
1252.399773 189.808053 -20.250788 4.602170 -0.007379 0.037240 -0.053079 0.997868
1252.499621 189.901100 -20.264486 4.595460 -0.008508 0.040151 -0.052755 0.997764
1252.599455 189.998878 -20.269577 4.598349 -0.008578 0.040935 -0.052702 0.997734
1252.699274 190.099802 -20.280221 4.605694 -0.007732 0.039621 -0.052558 0.997802
1252.799516 190.205041 -20.294255 4.601498 -0.007440 0.038820 -0.052301 0.997849
1252.899347 190.308301 -20.309960 4.603404 -0.007816 0.037673 -0.052375 0.997886
1252.999183 190.412068 -20.327437 4.606312 -0.007860 0.038637 -0.052737 0.997830
1253.099819 190.528050 -20.341472 4.600378 -0.008883 0.039547 -0.052673 0.997789
1253.199654 190.646865 -20.354507 4.596432 -0.008381 0.041086 -0.052922 0.997718
1253.299494 190.761851 -20.371202 4.593944 -0.008646 0.040626 -0.053021 0.997729
1253.399325 190.879466 -20.387607 4.597553 -0.008024 0.039722 -0.052903 0.997777
1253.499170 191.010695 -20.400546 4.598645 -0.006686 0.039960 -0.052835 0.997781
1253.599806 191.140696 -20.414857 4.599450 -0.007614 0.041623 -0.052896 0.997703
1253.699639 191.265045 -20.428714 4.597716 -0.008710 0.042902 -0.052759 0.997647
1253.799473 191.385988 -20.445060 4.590936 -0.009482 0.042075 -0.052894 0.997668
1253.899298 191.491605 -20.462439 4.586183 -0.010009 0.040603 -0.053058 0.997715
1253.999138 191.603429 -20.476464 4.583796 -0.008555 0.039337 -0.053087 0.997778
1254.099767 191.710421 -20.490758 4.583088 -0.007225 0.039134 -0.053119 0.997795
1254.199613 191.818993 -20.502437 4.590215 -0.007064 0.037188 -0.053455 0.997853
1254.299456 191.930916 -20.516188 4.590254 -0.008396 0.034877 -0.053516 0.997922
1254.399300 192.043778 -20.529614 4.589194 -0.008330 0.033333 -0.053968 0.997951
1254.499147 192.150783 -20.539029 4.586635 -0.008005 0.036135 -0.054348 0.997836
1254.599781 192.278158 -20.554657 4.588013 -0.007765 0.038691 -0.054279 0.997746
1254.699622 192.413333 -20.574256 4.588915 -0.006692 0.040342 -0.054450 0.997679
1254.799461 192.547434 -20.590904 4.592087 -0.006835 0.039854 -0.054665 0.997686
1254.899299 192.681877 -20.606063 4.593456 -0.007002 0.036125 -0.054271 0.997848
1254.999140 192.819955 -20.621974 4.591335 -0.007670 0.031145 -0.054217 0.998014
1255.099781 192.952610 -20.637975 4.588200 -0.007526 0.029876 -0.054663 0.998029
1255.199615 193.063505 -20.652349 4.586295 -0.006593 0.030462 -0.054546 0.998025
1255.299453 193.166831 -20.663414 4.582478 -0.006915 0.030735 -0.054422 0.998021
1255.399299 193.263581 -20.671051 4.581987 -0.008227 0.030433 -0.054582 0.998011
1255.499157 193.372024 -20.682616 4.579646 -0.008086 0.031071 -0.054562 0.997994
1255.599799 193.484404 -20.698226 4.585576 -0.007690 0.033009 -0.054336 0.997947
1255.699646 193.595356 -20.713128 4.587610 -0.007480 0.033884 -0.054279 0.997923
1255.799491 193.707999 -20.729477 4.591939 -0.006618 0.035848 -0.054054 0.997872
1255.899338 193.820005 -20.742593 4.590664 -0.006572 0.036752 -0.053880 0.997849
1255.999169 193.934051 -20.752567 4.580390 -0.006367 0.037050 -0.053976 0.997834
1256.099821 194.051188 -20.769768 4.575065 -0.006333 0.035914 -0.053776 0.997887
1256.199666 194.164284 -20.789764 4.577831 -0.006938 0.034791 -0.053637 0.997930
1256.299499 194.266715 -20.800920 4.583507 -0.008181 0.033235 -0.053999 0.997954
1256.399345 194.372752 -20.809145 4.585884 -0.007637 0.033688 -0.054019 0.997942
1256.499183 194.481323 -20.824195 4.582905 -0.007457 0.034131 -0.053827 0.997939
1256.599831 194.596697 -20.841870 4.579267 -0.008091 0.033730 -0.054280 0.997923
1256.699677 194.712113 -20.855688 4.584260 -0.008142 0.032003 -0.055220 0.997928
1256.799536 194.821394 -20.866329 4.591569 -0.006930 0.029406 -0.055742 0.997988
1256.899380 194.928722 -20.877855 4.588968 -0.004356 0.030919 -0.056246 0.997929
1256.999223 195.023318 -20.891162 4.580064 -0.004126 0.034644 -0.056039 0.997819
1257.099479 195.119469 -20.908526 4.574357 -0.007292 0.036865 -0.055132 0.997772
1257.199332 195.228743 -20.925284 4.577776 -0.013402 0.034943 -0.054135 0.997832
1257.299170 195.341103 -20.941297 4.578297 -0.015555 0.033657 -0.053399 0.997885
1257.399800 195.463198 -20.957073 4.576439 -0.010150 0.035152 -0.052515 0.997950
1257.499621 195.579601 -20.965972 4.575633 -0.008151 0.036518 -0.052361 0.997927
1257.599456 195.694102 -20.978163 4.576386 -0.006073 0.038267 -0.052282 0.997880
1257.699307 195.809382 -21.001450 4.588970 -0.006192 0.038489 -0.052202 0.997875
1257.799150 195.921810 -21.017654 4.584835 -0.008569 0.036924 -0.053174 0.997866
1257.899787 196.035980 -21.037458 4.580022 -0.010147 0.037933 -0.053978 0.997770
1257.999620 196.149754 -21.053098 4.573384 -0.009486 0.038766 -0.055099 0.997683
1258.099455 196.264843 -21.065046 4.578655 -0.006257 0.038751 -0.055134 0.997707
1258.199308 196.376388 -21.086124 4.585684 -0.008446 0.036524 -0.054896 0.997788
1258.299153 196.479830 -21.105079 4.586239 -0.012089 0.034995 -0.054905 0.997805
1258.399784 196.590739 -21.124217 4.580112 -0.014402 0.034200 -0.054528 0.997822
1258.499632 196.692590 -21.139029 4.576734 -0.013453 0.033738 -0.054563 0.997850
1258.599464 196.795229 -21.146543 4.572340 -0.011004 0.032803 -0.055182 0.997877
1258.699296 196.901310 -21.154827 4.574405 -0.009272 0.032057 -0.055689 0.997890
1258.799135 197.008685 -21.171128 4.579316 -0.007807 0.033595 -0.055857 0.997843
1258.899767 197.123648 -21.186295 4.578686 -0.008042 0.035668 -0.056408 0.997738
1258.999612 197.239118 -21.203657 4.575304 -0.008666 0.038735 -0.056395 0.997619
1259.099441 197.342778 -21.219617 4.568631 -0.009737 0.038381 -0.056416 0.997622
1259.199282 197.454167 -21.231066 4.568061 -0.008549 0.039281 -0.056852 0.997573
1259.299126 197.560636 -21.245570 4.568962 -0.008882 0.038293 -0.056687 0.997618
1259.399771 197.675629 -21.260760 4.567573 -0.011457 0.036772 -0.056102 0.997682
1259.499618 197.794250 -21.276281 4.565110 -0.013220 0.036080 -0.055977 0.997692
1259.599452 197.917981 -21.291982 4.564627 -0.011779 0.035065 -0.056060 0.997742
1259.699302 198.045594 -21.309637 4.565832 -0.006811 0.035067 -0.056139 0.997784
1259.799141 198.159155 -21.324665 4.564165 -0.003543 0.035823 -0.056380 0.997760
1259.899788 198.257343 -21.336757 4.558401 -0.002008 0.036359 -0.056003 0.997766
1259.999622 198.352447 -21.344967 4.555912 -0.004144 0.036283 -0.056062 0.997759
1260.099460 198.458465 -21.353662 4.561310 -0.009440 0.036925 -0.056324 0.997685
1260.199276 198.572318 -21.372096 4.560972 -0.011887 0.035118 -0.056329 0.997724
1260.299516 198.688465 -21.394704 4.560808 -0.011115 0.039372 -0.056227 0.997579
1260.399361 198.801452 -21.406898 4.563029 -0.010462 0.043107 -0.056337 0.997426
1260.499194 198.912230 -21.412561 4.567300 -0.009319 0.043432 -0.056548 0.997411
1260.599822 199.026578 -21.427761 4.567682 -0.008437 0.041004 -0.056746 0.997511
1260.699654 199.142485 -21.446743 4.564728 -0.007441 0.039985 -0.057105 0.997539
1260.799497 199.254171 -21.465576 4.561846 -0.006591 0.038884 -0.057189 0.997584
1260.899340 199.366611 -21.480051 4.562833 -0.006848 0.039067 -0.057136 0.997578
1260.999174 199.480648 -21.492601 4.560720 -0.006975 0.039034 -0.057153 0.997578
1261.099832 199.589252 -21.503804 4.560434 -0.006136 0.039899 -0.056717 0.997574
1261.199682 199.706104 -21.519162 4.552058 -0.006841 0.040009 -0.056674 0.997567
1261.299513 199.824673 -21.536144 4.553100 -0.008850 0.041310 -0.056617 0.997502
1261.399354 199.947568 -21.553465 4.557045 -0.009876 0.042025 -0.056785 0.997453
1261.499188 200.073905 -21.571104 4.561829 -0.009517 0.042548 -0.056896 0.997428
1261.599825 200.199683 -21.587899 4.566100 -0.009533 0.040050 -0.057144 0.997517
1261.699670 200.323202 -21.605976 4.565023 -0.008217 0.037575 -0.057294 0.997616
1261.799505 200.442226 -21.622611 4.556590 -0.009304 0.039944 -0.057853 0.997482
1261.899324 200.571644 -21.634303 4.554132 -0.010961 0.041668 -0.058125 0.997379
1261.999155 200.699586 -21.647211 4.557794 -0.011627 0.040918 -0.057699 0.997427
1262.099791 200.820155 -21.665148 4.561916 -0.010782 0.040448 -0.057568 0.997464
1262.199617 200.941724 -21.686950 4.555369 -0.010380 0.041778 -0.057128 0.997438
1262.299461 201.062929 -21.701296 4.552064 -0.009608 0.041605 -0.056890 0.997467
1262.399292 201.186505 -21.710377 4.554304 -0.012717 0.041401 -0.054048 0.997599
1262.499137 201.317815 -21.719999 4.552841 -0.015750 0.043826 -0.048827 0.997721
1262.599770 201.450661 -21.732663 4.549044 -0.017676 0.044164 -0.042358 0.997969
1262.699621 201.568831 -21.743420 4.550040 -0.016218 0.040126 -0.037471 0.998360
1262.799462 201.683938 -21.751594 4.552677 -0.020003 0.035596 -0.032455 0.998639
1262.899303 201.803353 -21.762570 4.552996 -0.012600 0.035509 -0.030261 0.998832
1262.999141 201.925374 -21.769694 4.550022 -0.010382 0.036893 -0.030392 0.998803
1263.099774 202.047509 -21.780121 4.547656 -0.008736 0.036922 -0.030587 0.998812
1263.199610 202.167138 -21.788593 4.548037 -0.008492 0.035574 -0.030633 0.998861
1263.299436 202.295311 -21.800774 4.549636 -0.010335 0.034594 -0.030630 0.998879
1263.399278 202.431660 -21.814478 4.548257 -0.013160 0.035543 -0.030548 0.998814
1263.499125 202.565255 -21.821905 4.544132 -0.015049 0.036932 -0.030701 0.998733
1263.599770 202.700185 -21.828613 4.539650 -0.011923 0.038412 -0.031170 0.998705
1263.699612 202.834955 -21.836202 4.545744 -0.008747 0.037826 -0.031717 0.998743
1263.799450 202.973874 -21.845350 4.550869 -0.006066 0.037862 -0.032195 0.998746
1263.899282 203.102266 -21.854949 4.558219 -0.006022 0.034950 -0.032533 0.998841
1263.999117 203.224697 -21.866128 4.554637 -0.008498 0.032727 -0.033714 0.998859
1264.099742 203.345263 -21.881850 4.544008 -0.004674 0.030805 -0.037320 0.998818
1264.199581 203.470146 -21.896313 4.540611 0.000018 0.030929 -0.043526 0.998573
1264.299428 203.596102 -21.909954 4.540135 0.001402 0.029949 -0.049020 0.998348
1264.399261 203.712206 -21.920486 4.538499 -0.000469 0.031793 -0.052926 0.998092
1264.499499 203.835145 -21.934118 4.539920 -0.005192 0.032671 -0.057179 0.997816
1264.599329 203.965842 -21.954955 4.540583 -0.012340 0.032919 -0.058812 0.997650
1264.699168 204.093542 -21.974322 4.537992 -0.012693 0.037990 -0.059231 0.997440
1264.799809 204.205832 -21.991991 4.529802 -0.013425 0.041996 -0.059321 0.997265
1264.899657 204.322656 -22.008845 4.525328 -0.011752 0.041843 -0.058909 0.997317
1264.999488 204.440161 -22.029314 4.533150 -0.009986 0.038105 -0.058410 0.997515
1265.099325 204.551425 -22.047890 4.540482 -0.007940 0.035168 -0.057429 0.997698
1265.199163 204.658302 -22.061647 4.539640 -0.008254 0.033827 -0.056658 0.997786
1265.299810 204.765859 -22.066144 4.537129 -0.010851 0.035037 -0.056922 0.997705
1265.399654 204.874189 -22.077511 4.532014 -0.011807 0.037080 -0.056601 0.997638
1265.499500 204.992610 -22.096983 4.528052 -0.010872 0.037449 -0.056663 0.997632
1265.599342 205.115843 -22.114950 4.532457 -0.009312 0.036586 -0.057142 0.997652
1265.699199 205.236501 -22.134586 4.543336 -0.008032 0.035682 -0.057235 0.997691
1265.799459 205.357891 -22.154971 4.546016 -0.008592 0.037629 -0.057799 0.997582
1265.899298 205.480165 -22.169733 4.539823 -0.008883 0.040526 -0.058408 0.997430
1265.999135 205.605684 -22.186720 4.528069 -0.009028 0.041411 -0.058583 0.997382
1266.099790 205.727606 -22.199257 4.520872 -0.008366 0.039062 -0.058733 0.997474
1266.199630 205.849369 -22.213451 4.522524 -0.008646 0.036738 -0.058764 0.997558
1266.299473 205.964058 -22.226774 4.524168 -0.008509 0.035706 -0.058743 0.997598
1266.399316 206.073144 -22.237641 4.526914 -0.008446 0.037064 -0.058606 0.997557
1266.499155 206.190151 -22.253168 4.530032 -0.008968 0.038733 -0.058401 0.997501
1266.599798 206.312794 -22.266962 4.524403 -0.008362 0.039456 -0.058157 0.997492
1266.699639 206.439115 -22.288901 4.518163 -0.009645 0.042195 -0.058137 0.997370
1266.799484 206.566058 -22.309598 4.519518 -0.008752 0.042218 -0.058127 0.997378
1266.899305 206.688700 -22.325196 4.521060 -0.008932 0.042909 -0.058222 0.997341
1266.999129 206.804409 -22.341992 4.522252 -0.011626 0.045671 -0.058273 0.997188
1267.099766 206.922763 -22.353475 4.522036 -0.012340 0.046364 -0.058622 0.997127
1267.199611 207.039283 -22.370972 4.518683 -0.011948 0.042258 -0.058476 0.997322
1267.299456 207.157416 -22.389138 4.513353 -0.013800 0.039502 -0.058504 0.997410
1267.399282 207.286865 -22.408079 4.520026 -0.016275 0.038014 -0.058400 0.997436
1267.499123 207.421335 -22.424230 4.521990 -0.013692 0.036115 -0.058079 0.997565
1267.599769 207.551740 -22.435915 4.520839 -0.011402 0.037697 -0.058151 0.997531
1267.699604 207.685407 -22.450465 4.527875 -0.010756 0.041022 -0.058163 0.997406
1267.799450 207.812962 -22.463687 4.533678 -0.010812 0.040525 -0.058018 0.997434
1267.899293 207.935355 -22.477394 4.541049 -0.010356 0.038108 -0.058275 0.997519
1267.999134 208.056800 -22.494704 4.544988 -0.010870 0.036360 -0.058334 0.997576
1268.099763 208.181361 -22.513374 4.541223 -0.012363 0.037695 -0.058204 0.997516
1268.199597 208.301942 -22.527205 4.534745 -0.012689 0.037832 -0.057691 0.997537
1268.299438 208.424076 -22.534537 4.531009 -0.012155 0.036912 -0.057303 0.997600
1268.399281 208.553552 -22.536871 4.534286 -0.011497 0.035764 -0.057639 0.997630
1268.499118 208.675672 -22.543848 4.532932 -0.011365 0.033364 -0.058198 0.997683
1268.599755 208.811810 -22.561522 4.532068 -0.012733 0.031836 -0.058980 0.997670
1268.699608 208.948623 -22.580208 4.534570 -0.012679 0.034463 -0.059661 0.997543
1268.799450 209.074760 -22.591706 4.535394 -0.010318 0.037907 -0.059447 0.997458
1268.899278 209.193590 -22.598925 4.525980 -0.008498 0.040403 -0.059354 0.997383
1268.999127 209.311151 -22.605078 4.527188 -0.009413 0.042928 -0.059358 0.997269
1269.099751 209.436293 -22.614781 4.532600 -0.010246 0.041896 -0.059193 0.997314
1269.199592 209.557343 -22.625421 4.540890 -0.009795 0.042751 -0.059234 0.997280
1269.299424 209.681051 -22.638035 4.542128 -0.009481 0.043099 -0.059131 0.997274
1269.399269 209.797912 -22.650112 4.540129 -0.008674 0.043241 -0.058857 0.997292
1269.499512 209.921681 -22.660388 4.538169 -0.009316 0.040675 -0.059055 0.997382
1269.599357 210.047326 -22.668750 4.538652 -0.010411 0.037902 -0.059049 0.997481
1269.699200 210.171339 -22.677576 4.536074 -0.010509 0.035329 -0.059055 0.997574
1269.799446 210.293921 -22.689257 4.538595 -0.009619 0.034963 -0.059209 0.997587
1269.899290 210.414690 -22.699022 4.538395 -0.011272 0.036851 -0.059835 0.997464
1269.999117 210.532856 -22.710011 4.538471 -0.008541 0.039256 -0.060033 0.997388
1270.099758 210.658171 -22.722961 4.537799 -0.005118 0.037666 -0.059515 0.997503
1270.199594 210.776721 -22.730821 4.530640 -0.004203 0.035586 -0.059407 0.997590
1270.299435 210.903925 -22.739548 4.524969 -0.005575 0.038359 -0.059335 0.997485
1270.399278 211.032480 -22.749562 4.527506 -0.009793 0.042420 -0.059135 0.997300
1270.499131 211.164826 -22.763776 4.530359 -0.011258 0.040803 -0.058358 0.997398
1270.599775 211.291071 -22.777989 4.531163 -0.012231 0.040484 -0.057944 0.997424
1270.699611 211.418705 -22.794328 4.531363 -0.011202 0.042126 -0.058000 0.997365
1270.799448 211.541370 -22.808398 4.532994 -0.010411 0.042384 -0.058296 0.997345
1270.899299 211.663729 -22.822952 4.530675 -0.010303 0.040482 -0.058857 0.997392
1270.999145 211.781793 -22.832249 4.532084 -0.010261 0.040534 -0.059437 0.997356
1271.099780 211.900838 -22.841976 4.531732 -0.008827 0.039743 -0.059621 0.997391
1271.199615 212.023786 -22.850124 4.529601 -0.009730 0.039505 -0.059866 0.997377
1271.299472 212.154258 -22.860767 4.524667 -0.012206 0.037521 -0.060178 0.997408
1271.399319 212.284026 -22.872200 4.524839 -0.011862 0.040484 -0.060197 0.997295
1271.499144 212.407369 -22.888578 4.519581 -0.009881 0.042075 -0.060362 0.997240
1271.599787 212.528339 -22.905092 4.516470 -0.009185 0.040611 -0.060614 0.997292
1271.699636 212.649554 -22.919335 4.516692 -0.008999 0.037316 -0.060350 0.997439
1271.799477 212.777802 -22.928790 4.518801 -0.010129 0.036097 -0.060328 0.997474
1271.899316 212.905651 -22.938656 4.520707 -0.012115 0.034547 -0.060116 0.997520
1271.999154 213.034265 -22.953747 4.520942 -0.012978 0.035726 -0.060378 0.997452
1272.099804 213.165858 -22.968286 4.517690 -0.010613 0.037658 -0.060428 0.997405
1272.199650 213.294723 -22.983440 4.511214 -0.008592 0.036771 -0.060462 0.997456
1272.299514 213.423335 -22.992801 4.512921 -0.009491 0.036286 -0.060402 0.997469
1272.399363 213.544038 -23.004241 4.515870 -0.009479 0.034818 -0.059756 0.997561
1272.499196 213.652164 -23.021134 4.522168 -0.008759 0.037567 -0.059668 0.997473
1272.599847 213.770317 -23.035535 4.519815 -0.008618 0.038768 -0.059844 0.997417
1272.699694 213.896566 -23.049713 4.515264 -0.010865 0.041027 -0.059833 0.997306
1272.799528 214.021370 -23.062264 4.508426 -0.012041 0.039007 -0.059904 0.997369
1272.899370 214.150224 -23.074011 4.505335 -0.012712 0.038774 -0.060251 0.997349
1272.999220 214.277064 -23.086257 4.500347 -0.011194 0.036568 -0.060703 0.997423
1273.099473 214.410093 -23.101701 4.506919 -0.008357 0.036861 -0.060858 0.997431
1273.199315 214.540335 -23.113954 4.514952 -0.007874 0.038133 -0.060880 0.997385
1273.299162 214.666153 -23.129714 4.515798 -0.009023 0.039724 -0.060470 0.997338
1273.399798 214.787450 -23.144359 4.509391 -0.010644 0.040752 -0.059906 0.997315
1273.499631 214.913925 -23.160289 4.501386 -0.011373 0.040474 -0.059823 0.997323
1273.599470 215.047453 -23.172830 4.500767 -0.010811 0.042400 -0.059759 0.997253
1273.699309 215.171499 -23.184297 4.501479 -0.009606 0.042998 -0.059628 0.997248
1273.799150 215.288404 -23.196214 4.505726 -0.009334 0.041701 -0.059565 0.997309
1273.899791 215.407884 -23.208827 4.508317 -0.009435 0.039489 -0.059693 0.997391
1273.999639 215.534087 -23.220475 4.507547 -0.009012 0.039028 -0.059499 0.997424
1274.099489 215.659826 -23.234995 4.503923 -0.009366 0.038395 -0.059516 0.997445
1274.199326 215.802487 -23.254105 4.501929 -0.010152 0.039033 -0.059840 0.997393
1274.299158 215.936153 -23.269599 4.500177 -0.011130 0.039176 -0.060434 0.997341
1274.399804 216.067030 -23.282719 4.497031 -0.010703 0.034672 -0.060461 0.997511
1274.499643 216.198001 -23.295211 4.501719 -0.009941 0.029753 -0.060304 0.997687
1274.599477 216.332293 -23.311653 4.504771 -0.010807 0.030845 -0.060039 0.997661
1274.699314 216.464110 -23.327827 4.498781 -0.011389 0.035900 -0.059709 0.997505
1274.799163 216.596800 -23.341885 4.490370 -0.010167 0.040061 -0.059490 0.997373
1274.899795 216.729690 -23.353340 4.483552 -0.010773 0.041541 -0.059875 0.997283
1274.999636 216.858150 -23.362652 4.485610 -0.010882 0.040133 -0.060171 0.997322
1275.099473 216.979324 -23.376890 4.493995 -0.010130 0.037400 -0.060169 0.997436
1275.199307 217.095809 -23.397005 4.496426 -0.010045 0.036402 -0.060198 0.997472
1275.299147 217.211669 -23.408505 4.492218 -0.011474 0.037747 -0.060539 0.997386
1275.399775 217.338271 -23.420060 4.484570 -0.011480 0.037094 -0.060719 0.997399
1275.499625 217.466304 -23.435949 4.475777 -0.011456 0.036678 -0.060795 0.997410
1275.599469 217.591213 -23.450322 4.475270 -0.011742 0.037628 -0.061070 0.997355
1275.699322 217.710748 -23.459845 4.484115 -0.014489 0.039304 -0.061430 0.997232
1275.799165 217.833229 -23.474437 4.487929 -0.016465 0.041165 -0.061123 0.997145
1275.899800 217.959204 -23.489200 4.483831 -0.017146 0.041274 -0.061125 0.997129
1275.999632 218.078492 -23.501195 4.476969 -0.014913 0.041321 -0.061105 0.997164
1276.099473 218.200158 -23.513419 4.473086 -0.013811 0.040811 -0.061015 0.997207
1276.199326 218.337057 -23.526847 4.475803 -0.012805 0.041882 -0.061028 0.997175
1276.299170 218.470023 -23.535779 4.473679 -0.012828 0.041246 -0.061052 0.997200
1276.399797 218.606209 -23.548392 4.478646 -0.012603 0.042088 -0.060982 0.997171
1276.499649 218.735568 -23.563160 4.480491 -0.013769 0.041625 -0.060899 0.997181
1276.599498 218.861401 -23.578014 4.478920 -0.014706 0.040435 -0.060744 0.997226
1276.699334 218.987284 -23.590635 4.475209 -0.017135 0.039399 -0.060607 0.997237
1276.799172 219.118065 -23.601895 4.473596 -0.021784 0.039355 -0.060453 0.997157
1276.899808 219.242154 -23.607330 4.469183 -0.022304 0.042188 -0.060700 0.997015
1276.999639 219.373444 -23.613414 4.462340 -0.018401 0.045078 -0.061189 0.996938
1277.099481 219.511464 -23.614946 4.466149 -0.014701 0.046946 -0.061547 0.996891
1277.199322 219.655881 -23.619218 4.467060 -0.010698 0.046416 -0.062009 0.996938
1277.299156 219.801509 -23.629035 4.467479 -0.009045 0.045770 -0.062363 0.996962
1277.399790 219.948667 -23.641296 4.466013 -0.008403 0.044807 -0.062424 0.997008
1277.499642 220.083437 -23.650352 4.462131 -0.008259 0.044510 -0.062452 0.997021
1277.599477 220.211407 -23.660505 4.453743 -0.009794 0.043459 -0.062060 0.997078
1277.699314 220.342515 -23.665247 4.446580 -0.010259 0.043280 -0.061598 0.997109
1277.799156 220.482395 -23.668455 4.442797 -0.011533 0.042678 -0.061377 0.997135
1277.899780 220.626298 -23.680610 4.447676 -0.012215 0.041482 -0.061032 0.997199
1277.999625 220.776780 -23.696229 4.453512 -0.013686 0.041403 -0.060758 0.997200
1278.099470 220.910140 -23.707058 4.455506 -0.013821 0.041190 -0.060820 0.997203
1278.199297 221.033573 -23.718177 4.453084 -0.012774 0.040837 -0.060725 0.997237
1278.299126 221.163854 -23.729192 4.451083 -0.011802 0.039738 -0.060561 0.997303
1278.399784 221.298635 -23.740050 4.451168 -0.012458 0.038057 -0.060167 0.997385
1278.499612 221.428870 -23.746010 4.449453 -0.012736 0.037835 -0.060447 0.997373
1278.599452 221.559579 -23.754494 4.448962 -0.013388 0.039161 -0.060918 0.997284
1278.699286 221.687960 -23.768772 4.449033 -0.013104 0.038877 -0.061145 0.997285
1278.799119 221.822841 -23.783206 4.447005 -0.011307 0.040054 -0.061278 0.997253
1278.899771 221.961526 -23.796442 4.447312 -0.013096 0.040594 -0.061011 0.997225
1278.999610 222.104062 -23.805974 4.448335 -0.012577 0.039045 -0.060565 0.997321
1279.099456 222.241787 -23.819774 4.448243 -0.012680 0.036239 -0.059935 0.997464
1279.199295 222.373054 -23.832423 4.445962 -0.013778 0.034794 -0.059337 0.997536
1279.299125 222.501629 -23.842965 4.445760 -0.013886 0.035935 -0.059360 0.997493
1279.399752 222.635787 -23.852763 4.444795 -0.014250 0.037800 -0.060116 0.997374
1279.499599 222.783759 -23.865162 4.445056 -0.015224 0.036677 -0.060460 0.997380
1279.599446 222.936522 -23.879554 4.445269 -0.015616 0.036089 -0.061097 0.997357
1279.699289 223.080301 -23.896331 4.441964 -0.013391 0.035341 -0.061499 0.997391
1279.799125 223.206267 -23.907663 4.434018 -0.011714 0.036675 -0.061944 0.997337
1279.899773 223.329410 -23.914299 4.428042 -0.012535 0.038002 -0.062331 0.997253
1279.999614 223.456435 -23.924100 4.431813 -0.013909 0.042719 -0.061978 0.997066
1280.099465 223.588930 -23.935210 4.435622 -0.013820 0.044064 -0.061812 0.997019
1280.199306 223.721579 -23.948691 4.433419 -0.013548 0.043602 -0.061836 0.997041
1280.299137 223.845617 -23.964318 4.427710 -0.011858 0.046007 -0.061822 0.996956
1280.399769 223.968326 -23.979054 4.430851 -0.011215 0.048552 -0.061769 0.996846
1280.499606 224.097750 -23.993555 4.431503 -0.011140 0.048925 -0.061677 0.996834
1280.599446 224.236636 -24.006725 4.429207 -0.011223 0.047830 -0.061568 0.996893
1280.699265 224.384967 -24.018805 4.427684 -0.010265 0.045639 -0.061585 0.997005
1280.799492 224.537410 -24.034800 4.430232 -0.010770 0.042694 -0.061432 0.997140
1280.899324 224.691206 -24.050250 4.429794 -0.011132 0.041705 -0.061715 0.997160
1280.999169 224.842457 -24.064858 4.427965 -0.010206 0.042136 -0.062056 0.997131
1281.099812 224.990936 -24.083752 4.420797 -0.010011 0.043857 -0.061842 0.997072
1281.199651 225.126833 -24.100908 4.415387 -0.009668 0.045966 -0.061699 0.996989
1281.299487 225.255861 -24.115843 4.411824 -0.009834 0.046728 -0.061619 0.996957
1281.399329 225.393829 -24.127946 4.410556 -0.010558 0.049046 -0.061799 0.996827
1281.499170 225.536208 -24.141913 4.411418 -0.012115 0.051493 -0.061626 0.996697
1281.599813 225.687159 -24.159503 4.409884 -0.013830 0.052196 -0.061667 0.996635
1281.699650 225.828066 -24.176793 4.410863 -0.013287 0.051324 -0.061930 0.996671
1281.799503 225.962092 -24.192938 4.409343 -0.013111 0.047098 -0.062060 0.996874
1281.899343 226.115690 -24.209885 4.406768 -0.011721 0.044199 -0.062155 0.997019
1281.999186 226.274425 -24.230079 4.403595 -0.014002 0.042610 -0.062001 0.997068
1282.099831 226.435750 -24.249630 4.402660 -0.014588 0.042235 -0.061652 0.997097
1282.199674 226.587829 -24.268371 4.402757 -0.014977 0.044265 -0.061586 0.997007
1282.299499 226.738069 -24.285357 4.409137 -0.012713 0.042883 -0.061698 0.997092
1282.399331 226.881610 -24.301804 4.410755 -0.010721 0.040538 -0.061659 0.997216
1282.499179 227.033074 -24.318613 4.404084 -0.009323 0.040017 -0.061758 0.997245
1282.599814 227.189466 -24.333160 4.402515 -0.010688 0.044433 -0.061648 0.997051
1282.699660 227.340668 -24.356768 4.405722 -0.011874 0.044460 -0.061460 0.997048
1282.799507 227.494108 -24.378289 4.409207 -0.013645 0.039513 -0.061465 0.997234
1282.899343 227.656234 -24.397220 4.400527 -0.016156 0.034506 -0.062227 0.997334
1282.999180 227.811755 -24.414474 4.395177 -0.012900 0.037062 -0.063092 0.997236
1283.099814 227.961343 -24.430982 4.386454 -0.010553 0.039957 -0.063631 0.997117
1283.199648 228.109721 -24.446573 4.387809 -0.012962 0.043602 -0.063713 0.996931
1283.299494 228.260390 -24.466141 4.396007 -0.013577 0.046609 -0.063635 0.996792
1283.399344 228.412139 -24.486118 4.400700 -0.012759 0.044561 -0.063301 0.996918
1283.499196 228.565393 -24.507409 4.397676 -0.010902 0.043958 -0.063482 0.996955
1283.599823 228.725639 -24.527912 4.396504 -0.011658 0.043196 -0.063628 0.996970
1283.699669 228.878392 -24.545452 4.393099 -0.012215 0.042541 -0.063425 0.997005
1283.799515 229.023521 -24.559350 4.391859 -0.012525 0.041522 -0.063512 0.997038
1283.899354 229.167057 -24.573420 4.393257 -0.012593 0.039020 -0.063666 0.997129
1283.999192 229.318137 -24.596733 4.399455 -0.011730 0.035434 -0.063283 0.997297
1284.099841 229.467190 -24.625427 4.401084 -0.010548 0.033059 -0.062763 0.997425
1284.199686 229.603600 -24.646175 4.402080 -0.009980 0.032501 -0.062808 0.997446
1284.299534 229.744378 -24.660871 4.403711 -0.010431 0.032036 -0.062981 0.997446
1284.399371 229.888171 -24.677271 4.399687 -0.010984 0.033381 -0.063187 0.997383
1284.499211 230.036414 -24.699957 4.394339 -0.014547 0.034924 -0.063275 0.997279
1284.599451 230.185405 -24.723402 4.392090 -0.017173 0.035060 -0.063404 0.997224
1284.699281 230.337009 -24.742664 4.390429 -0.016655 0.035196 -0.063466 0.997224
1284.799132 230.475641 -24.759724 4.387705 -0.015106 0.036941 -0.063373 0.997192
1284.899769 230.605396 -24.777001 4.383714 -0.013773 0.037453 -0.063472 0.997185
1284.999612 230.738179 -24.798512 4.379978 -0.012593 0.036134 -0.063414 0.997253
1285.099457 230.876233 -24.816213 4.381218 -0.011709 0.031707 -0.063464 0.997412
1285.199304 231.008854 -24.833000 4.386887 -0.010883 0.030144 -0.063627 0.997459
1285.299159 231.147005 -24.849025 4.391075 -0.011469 0.031983 -0.063265 0.997418
1285.399796 231.274136 -24.864090 4.389913 -0.013422 0.034365 -0.063014 0.997331
1285.499622 231.394074 -24.883124 4.385873 -0.013548 0.033649 -0.062716 0.997372
1285.599464 231.520319 -24.898309 4.381420 -0.013340 0.032778 -0.062761 0.997401
1285.699301 231.645344 -24.913623 4.377397 -0.012015 0.032037 -0.063100 0.997420
1285.799152 231.776570 -24.929032 4.378730 -0.011431 0.032556 -0.063729 0.997371
1285.899778 231.904444 -24.948103 4.381368 -0.010792 0.031979 -0.064137 0.997370
1285.999636 232.025290 -24.964052 4.384421 -0.011645 0.034021 -0.063935 0.997306
1286.099474 232.139813 -24.978813 4.382288 -0.011914 0.033160 -0.063780 0.997342
1286.199314 232.259785 -24.991188 4.376928 -0.011522 0.031580 -0.063865 0.997392
1286.299151 232.384039 -25.015840 4.376551 -0.010542 0.031774 -0.063395 0.997427
1286.399786 232.506794 -25.035375 4.379334 -0.013527 0.031181 -0.063455 0.997406
1286.499620 232.627278 -25.055042 4.374654 -0.015758 0.030020 -0.063799 0.997387
1286.599474 232.740013 -25.066393 4.366194 -0.014445 0.031383 -0.063802 0.997364
1286.699309 232.848353 -25.075783 4.364855 -0.013886 0.032372 -0.064116 0.997321
1286.799156 232.956948 -25.093336 4.367008 -0.011641 0.030284 -0.063949 0.997426
1286.899799 233.064037 -25.115002 4.370215 -0.010125 0.030033 -0.063834 0.997457
1286.999623 233.164621 -25.134967 4.380304 -0.010430 0.030274 -0.063572 0.997463
1287.099464 233.267825 -25.150691 4.382344 -0.011440 0.032923 -0.063900 0.997347
1287.199309 233.375782 -25.165175 4.376125 -0.013109 0.036909 -0.064160 0.997171
1287.299155 233.489258 -25.177555 4.371941 -0.014750 0.039792 -0.064707 0.997001
1287.399791 233.598231 -25.191207 4.370091 -0.014598 0.035795 -0.065123 0.997128
1287.499624 233.703693 -25.206391 4.372012 -0.013247 0.032016 -0.065350 0.997261
1287.599470 233.812275 -25.224359 4.377599 -0.011907 0.030717 -0.065473 0.997310
1287.699297 233.914346 -25.240039 4.374486 -0.013400 0.032716 -0.065235 0.997243
1287.799145 234.021806 -25.256312 4.368319 -0.013672 0.035671 -0.064661 0.997176
1287.899784 234.127999 -25.276435 4.362613 -0.013367 0.037310 -0.064025 0.997161
1287.999628 234.222134 -25.288106 4.362754 -0.014358 0.037127 -0.064249 0.997140
1288.099485 234.320170 -25.299974 4.367673 -0.014659 0.037053 -0.064532 0.997120
1288.199316 234.422715 -25.310808 4.374990 -0.015427 0.038287 -0.065163 0.997021
1288.299165 234.521308 -25.324315 4.375933 -0.014644 0.039346 -0.065648 0.996959
1288.399802 234.618251 -25.339543 4.370163 -0.012560 0.039934 -0.066044 0.996938
1288.499653 234.716381 -25.359008 4.364049 -0.010682 0.036385 -0.065699 0.997119
1288.599493 234.823318 -25.373849 4.359612 -0.011727 0.036305 -0.065411 0.997129
1288.699344 234.933996 -25.390690 4.365948 -0.013980 0.041940 -0.065023 0.996904
1288.799176 235.048685 -25.406188 4.369862 -0.011926 0.044442 -0.064858 0.996833
1288.899815 235.159689 -25.419895 4.369716 -0.011972 0.045975 -0.065368 0.996730
1288.999662 235.263146 -25.437571 4.364432 -0.013028 0.047483 -0.065953 0.996607
1289.099496 235.366298 -25.454346 4.364131 -0.014613 0.046560 -0.066177 0.996614
1289.199326 235.468321 -25.468543 4.368272 -0.015061 0.043611 -0.066186 0.996740
1289.299174 235.573380 -25.478916 4.366819 -0.013650 0.040911 -0.066018 0.996886
1289.399816 235.683029 -25.494967 4.367779 -0.013189 0.040673 -0.065722 0.996921
1289.499654 235.791131 -25.510802 4.366576 -0.013673 0.041561 -0.065775 0.996875
1289.599497 235.894911 -25.528659 4.364458 -0.013087 0.040672 -0.065602 0.996931
1289.699344 235.995843 -25.545030 4.358915 -0.013629 0.037819 -0.065307 0.997055
1289.799201 236.100267 -25.559097 4.354465 -0.014993 0.037337 -0.065594 0.997035
1289.899434 236.216401 -25.567667 4.354583 -0.013709 0.040836 -0.066017 0.996888
1289.999260 236.328220 -25.578375 4.355703 -0.011340 0.045477 -0.066378 0.996693
1290.099480 236.441412 -25.596298 4.354848 -0.010688 0.050083 -0.067205 0.996424
1290.199313 236.554003 -25.617281 4.349524 -0.010562 0.049982 -0.067408 0.996417
1290.299163 236.669461 -25.633129 4.348477 -0.010438 0.049525 -0.067160 0.996458
1290.399798 236.791244 -25.650584 4.346680 -0.010303 0.050832 -0.066864 0.996413
1290.499632 236.918336 -25.664853 4.341783 -0.011327 0.054289 -0.067042 0.996208
1290.599460 237.046319 -25.681767 4.335351 -0.010654 0.054836 -0.066517 0.996220
1290.699302 237.173778 -25.700398 4.341400 -0.010937 0.052590 -0.066292 0.996353
1290.799138 237.306488 -25.720633 4.351484 -0.010355 0.050980 -0.066388 0.996437
1290.899781 237.448513 -25.736665 4.356338 -0.010294 0.048877 -0.065937 0.996573
1290.999626 237.583879 -25.755550 4.351376 -0.010842 0.047613 -0.065424 0.996662
1291.099471 237.721349 -25.773536 4.344957 -0.013184 0.045909 -0.065293 0.996722
1291.199320 237.853068 -25.791847 4.344853 -0.011202 0.043557 -0.065756 0.996822
1291.299167 237.984700 -25.812061 4.347021 -0.010487 0.042396 -0.066453 0.996833
1291.399797 238.118412 -25.829637 4.345696 -0.009364 0.040822 -0.067091 0.996867
1291.499640 238.254373 -25.847895 4.343058 -0.011682 0.038843 -0.067733 0.996879
1291.599484 238.387529 -25.866502 4.340936 -0.013596 0.038408 -0.068658 0.996808
1291.699311 238.518209 -25.884813 4.339910 -0.012340 0.036012 -0.069493 0.996856
1291.799149 238.650535 -25.903707 4.339972 -0.009774 0.033109 -0.070241 0.996933
1291.899785 238.777148 -25.924038 4.335370 -0.007766 0.029780 -0.070187 0.997059
1291.999635 238.905876 -25.946841 4.329535 -0.009502 0.027688 -0.070438 0.997087
1292.099478 239.037586 -25.970327 4.324673 -0.013413 0.028020 -0.070069 0.997058
1292.199312 239.172047 -25.985299 4.324292 -0.021621 0.030525 -0.068908 0.996921
1292.299165 239.302934 -26.002372 4.332103 -0.022350 0.030617 -0.066112 0.997092
1292.399812 239.419416 -26.022013 4.332028 -0.020087 0.027756 -0.064220 0.997347
1292.499651 239.533094 -26.038318 4.333974 -0.016669 0.026248 -0.064130 0.997457
1292.599493 239.654377 -26.056073 4.334066 -0.013785 0.027429 -0.064455 0.997448
1292.699330 239.778361 -26.071970 4.333127 -0.011835 0.028942 -0.063408 0.997498
1292.799165 239.890653 -26.085254 4.316058 -0.010241 0.028724 -0.061984 0.997611
1292.899804 239.988241 -26.097610 4.309367 -0.009682 0.014182 -0.061437 0.997963
1292.999652 240.076041 -26.103529 4.323247 -0.015947 -0.031283 -0.061525 0.997488
1293.099493 240.163269 -26.115095 4.330625 -0.017451 -0.057523 -0.061472 0.996297
1293.199341 240.249080 -26.131425 4.327934 -0.017492 -0.040358 -0.061453 0.997140
1293.299182 240.319308 -26.147019 4.300169 -0.016313 -0.012832 -0.061569 0.997887
1293.399818 240.378530 -26.152264 4.282942 -0.013595 0.014048 -0.061848 0.997894
1293.499656 240.433742 -26.156572 4.286692 -0.013591 0.021726 -0.062200 0.997735
1293.599494 240.485207 -26.161291 4.307745 -0.013456 0.015294 -0.062487 0.997838
1293.699316 240.535001 -26.173516 4.332268 -0.012472 0.015501 -0.062836 0.997826
1293.799146 240.576070 -26.186450 4.333674 -0.013237 0.022366 -0.062726 0.997692
1293.899792 240.608748 -26.192658 4.322165 -0.013678 0.027568 -0.062557 0.997567
1293.999633 240.645477 -26.191030 4.309486 -0.013930 0.032657 -0.062704 0.997400
1294.099468 240.681244 -26.195166 4.307373 -0.012990 0.037224 -0.062648 0.997257
1294.199302 240.718782 -26.200792 4.306008 -0.011699 0.043356 -0.062866 0.997011
1294.299134 240.756581 -26.206592 4.307004 -0.011017 0.049027 -0.062721 0.996765
1294.399771 240.798658 -26.218005 4.306606 -0.011520 0.052730 -0.062445 0.996588
1294.499607 240.839451 -26.231249 4.308916 -0.011451 0.056021 -0.062555 0.996402
1294.599432 240.885134 -26.235062 4.312102 -0.011718 0.060104 -0.063202 0.996120
1294.699268 240.934400 -26.240539 4.309460 -0.011252 0.062289 -0.063522 0.995971
1294.799507 240.990729 -26.248903 4.304231 -0.010737 0.064164 -0.064006 0.995827
1294.899361 241.044158 -26.261800 4.300668 -0.010452 0.063753 -0.063985 0.995858
1294.999202 241.110318 -26.271933 4.300647 -0.013453 0.062839 -0.063818 0.995890
1295.099442 241.193015 -26.282420 4.302271 -0.015835 0.062255 -0.063839 0.995891
1295.199282 241.282949 -26.292420 4.307081 -0.016661 0.062869 -0.063939 0.995832
1295.299124 241.374085 -26.300483 4.303995 -0.019029 0.062818 -0.064298 0.995770
1295.399763 241.463649 -26.310698 4.300341 -0.019752 0.061469 -0.064419 0.995832
1295.499591 241.556431 -26.325463 4.298848 -0.014902 0.059534 -0.064358 0.996038
1295.599426 241.655310 -26.339277 4.305560 -0.011837 0.056849 -0.064411 0.996233
1295.699258 241.760403 -26.348562 4.303495 -0.012516 0.053943 -0.064339 0.996390
1295.799496 241.869674 -26.357780 4.294957 -0.013683 0.051152 -0.063730 0.996561
1295.899342 241.989092 -26.367020 4.291807 -0.014785 0.049988 -0.063430 0.996624
1295.999180 242.114418 -26.378800 4.291543 -0.017719 0.049521 -0.063093 0.996621
1296.099826 242.243238 -26.389739 4.295772 -0.020377 0.048649 -0.063191 0.996607
1296.199672 242.369574 -26.399387 4.297225 -0.020531 0.047220 -0.063705 0.996640
1296.299511 242.486521 -26.410888 4.296528 -0.020404 0.046344 -0.063988 0.996665
1296.399361 242.601251 -26.420812 4.295505 -0.019973 0.047769 -0.064129 0.996598
1296.499187 242.714451 -26.425313 4.296601 -0.021069 0.049481 -0.064177 0.996488
1296.599831 242.839101 -26.423205 4.296005 -0.020834 0.049143 -0.064447 0.996493
1296.699676 242.966211 -26.424015 4.299775 -0.022209 0.049759 -0.064270 0.996444
1296.799504 243.086880 -26.426029 4.306491 -0.018639 0.049224 -0.064158 0.996551
1296.899329 243.207733 -26.428240 4.310927 -0.014415 0.046415 -0.064382 0.996741
1296.999165 243.340838 -26.432012 4.309140 -0.012279 0.043723 -0.064586 0.996878
1297.099809 243.472580 -26.437777 4.305712 -0.012245 0.039906 -0.064707 0.997031
1297.199639 243.594294 -26.437063 4.300950 -0.012769 0.035061 -0.064706 0.997206
1297.299475 243.717193 -26.443435 4.300694 -0.013003 0.032277 -0.064282 0.997325
1297.399328 243.848936 -26.453165 4.303073 -0.013015 0.033713 -0.063911 0.997301
1297.499159 243.981485 -26.463965 4.305227 -0.013365 0.034293 -0.063875 0.997279
1297.599787 244.118158 -26.463051 4.304467 -0.013522 0.034198 -0.064271 0.997255
1297.699608 244.248001 -26.462430 4.304572 -0.013288 0.033217 -0.064199 0.997296
1297.799454 244.373407 -26.463820 4.305575 -0.013502 0.032644 -0.064198 0.997312
1297.899299 244.498064 -26.468289 4.299134 -0.012944 0.029119 -0.064020 0.997440
1297.999137 244.613199 -26.471250 4.294004 -0.013630 0.027585 -0.064409 0.997449
1298.099775 244.728841 -26.477681 4.295636 -0.013629 0.028322 -0.064226 0.997440
1298.199603 244.848941 -26.482659 4.298655 -0.012824 0.031343 -0.063842 0.997385
1298.299436 244.966939 -26.485501 4.299259 -0.012382 0.033500 -0.063724 0.997328
1298.399286 245.074708 -26.489978 4.300578 -0.011938 0.035125 -0.063641 0.997283
1298.499120 245.191340 -26.491567 4.299522 -0.012445 0.036784 -0.063951 0.997197
1298.599763 245.307051 -26.490880 4.300491 -0.013322 0.039667 -0.064394 0.997047
1298.699611 245.408933 -26.497927 4.299800 -0.013048 0.040263 -0.064627 0.997012
1298.799447 245.512638 -26.504638 4.299172 -0.012835 0.039547 -0.064735 0.997036
1298.899290 245.621557 -26.515597 4.296091 -0.013062 0.037876 -0.064763 0.997096
1298.999124 245.734877 -26.529179 4.297294 -0.013208 0.038643 -0.064843 0.997060
1299.099774 245.852664 -26.539197 4.299424 -0.012806 0.038985 -0.064759 0.997057
1299.199612 245.970404 -26.544996 4.301570 -0.012258 0.038888 -0.064256 0.997100
1299.299451 246.091486 -26.549877 4.298272 -0.013028 0.037859 -0.063615 0.997171
1299.399287 246.203274 -26.555526 4.295477 -0.014445 0.036702 -0.063055 0.997230
1299.499118 246.314240 -26.560102 4.294148 -0.015536 0.034799 -0.062768 0.997300
1299.599758 246.425586 -26.570545 4.298271 -0.016674 0.033270 -0.063160 0.997309
1299.699581 246.534570 -26.588380 4.297680 -0.014761 0.038194 -0.063549 0.997138
1299.799417 246.643861 -26.601386 4.294634 -0.011858 0.043713 -0.063765 0.996937
1299.899257 246.759534 -26.610991 4.290777 -0.009798 0.046386 -0.063541 0.996853
1299.999497 246.875589 -26.617232 4.293882 -0.009857 0.045222 -0.062714 0.996958
1300.099340 246.985247 -26.620872 4.299984 -0.013263 0.043891 -0.062132 0.997014
1300.199174 247.092167 -26.625848 4.298157 -0.015176 0.044443 -0.062127 0.996963
1300.299825 247.203201 -26.633636 4.283459 -0.013765 0.045146 -0.062138 0.996951
1300.399670 247.320599 -26.646882 4.285046 -0.012051 0.042664 -0.062222 0.997077
1300.499521 247.441037 -26.657987 4.288544 -0.010845 0.040799 -0.062195 0.997171
1300.599356 247.561590 -26.666592 4.289070 -0.012175 0.037580 -0.062819 0.997243
1300.699196 247.678807 -26.676339 4.291334 -0.012661 0.036121 -0.063194 0.997267
1300.799827 247.803397 -26.684590 4.290165 -0.011672 0.035330 -0.063824 0.997267
1300.899664 247.929199 -26.690521 4.290056 -0.010522 0.034548 -0.064408 0.997270
1300.999509 248.052700 -26.705436 4.292293 -0.009786 0.033611 -0.064394 0.997310
1301.099350 248.167735 -26.717084 4.295327 -0.009991 0.031803 -0.064612 0.997354
1301.199184 248.278336 -26.727395 4.292045 -0.010657 0.028324 -0.064629 0.997450
1301.299812 248.382858 -26.739087 4.288216 -0.010655 0.025262 -0.064242 0.997558
1301.399654 248.484580 -26.749370 4.283270 -0.011174 0.023878 -0.063856 0.997611
1301.499486 248.592286 -26.762252 4.283309 -0.011906 0.023140 -0.063653 0.997633
1301.599321 248.704992 -26.777643 4.287839 -0.012635 0.022681 -0.063317 0.997656
1301.699165 248.817629 -26.784755 4.300481 -0.013805 0.019651 -0.063807 0.997673
1301.799808 248.924489 -26.788210 4.313599 -0.012354 0.010560 -0.064208 0.997804
1301.899645 249.011254 -26.798017 4.290864 -0.012274 -0.013570 -0.063851 0.997792
1301.999478 249.096613 -26.812150 4.268164 -0.012927 -0.002244 -0.064289 0.997845
1302.099305 249.175210 -26.821335 4.261812 -0.015967 0.021072 -0.064277 0.997582
1302.199137 249.250752 -26.827457 4.267079 -0.015443 0.029545 -0.063869 0.997401
1302.299780 249.323139 -26.834933 4.278912 -0.014010 0.031446 -0.064077 0.997351
1302.399628 249.393716 -26.846544 4.282780 -0.012776 0.030404 -0.064060 0.997401
1302.499456 249.463266 -26.856657 4.274209 -0.011689 0.033140 -0.064932 0.997271
1302.599295 249.537506 -26.863311 4.271067 -0.010443 0.038664 -0.065798 0.997029
1302.699131 249.611883 -26.868485 4.267508 -0.010071 0.042649 -0.066190 0.996844
1302.799756 249.687980 -26.872894 4.265603 -0.010604 0.046316 -0.066403 0.996661
1302.899599 249.759846 -26.884029 4.258760 -0.011425 0.049530 -0.066607 0.996484
1302.999438 249.836463 -26.898817 4.258312 -0.012171 0.052175 -0.066827 0.996325
1303.099274 249.916298 -26.910079 4.259687 -0.011967 0.055322 -0.066648 0.996170
1303.199498 250.007952 -26.923597 4.258334 -0.011401 0.057523 -0.066173 0.996083
1303.299339 250.102189 -26.936184 4.259039 -0.010690 0.056846 -0.066041 0.996139
1303.399177 250.189777 -26.947965 4.260488 -0.012923 0.052007 -0.066017 0.996378
1303.499811 250.282339 -26.959935 4.266704 -0.013212 0.048189 -0.065965 0.996570
1303.599651 250.381305 -26.972679 4.272920 -0.013075 0.047032 -0.065679 0.996646
1303.699483 250.481189 -26.987975 4.268561 -0.011772 0.049125 -0.065802 0.996553
1303.799324 250.589099 -27.000225 4.256947 -0.011091 0.051727 -0.065865 0.996425
1303.899150 250.707347 -27.015546 4.250173 -0.010830 0.056543 -0.065672 0.996179
1303.999787 250.820219 -27.035037 4.252314 -0.011020 0.058570 -0.065378 0.996079
1304.099641 250.928380 -27.050175 4.254726 -0.011697 0.057067 -0.065280 0.996165
1304.199479 251.040877 -27.057002 4.254986 -0.012704 0.057731 -0.065576 0.996095
1304.299334 251.165600 -27.073312 4.255932 -0.012888 0.059177 -0.065448 0.996016
1304.399187 251.290801 -27.090745 4.252913 -0.011839 0.058945 -0.066272 0.995989
1304.499837 251.426977 -27.110080 4.252277 -0.010680 0.057616 -0.066596 0.996058
1304.599666 251.566658 -27.130337 4.250913 -0.010487 0.056069 -0.066025 0.996186
1304.699509 251.705751 -27.150552 4.254535 -0.010806 0.054481 -0.065808 0.996285
1304.799348 251.846894 -27.166138 4.255754 -0.011973 0.053409 -0.065263 0.996366
1304.899185 251.984508 -27.176088 4.259063 -0.012382 0.053040 -0.065249 0.996381
1304.999829 252.127037 -27.191551 4.260367 -0.012682 0.053559 -0.065998 0.996301
1305.099672 252.275080 -27.215946 4.261421 -0.011629 0.054053 -0.066444 0.996257
1305.199518 252.423998 -27.238634 4.258933 -0.010398 0.051530 -0.066817 0.996379
1305.299347 252.580650 -27.261950 4.256803 -0.010773 0.047118 -0.066925 0.996587
1305.399182 252.733269 -27.283772 4.254426 -0.010120 0.046365 -0.066670 0.996646
1305.499822 252.879765 -27.302828 4.251183 -0.010564 0.046783 -0.066148 0.996656
1305.599650 253.025289 -27.322130 4.249414 -0.012275 0.047311 -0.066058 0.996618
1305.699503 253.167142 -27.342014 4.248699 -0.012685 0.046165 -0.065749 0.996687
1305.799345 253.316065 -27.365059 4.250323 -0.012609 0.045178 -0.065492 0.996750
1305.899191 253.473052 -27.391481 4.250235 -0.012696 0.042956 -0.065598 0.996840
1305.999825 253.630263 -27.412014 4.248007 -0.013255 0.040773 -0.065993 0.996899
1306.099665 253.776742 -27.430873 4.249760 -0.013212 0.039142 -0.066213 0.996950
1306.199504 253.927849 -27.455146 4.250907 -0.013251 0.039278 -0.066234 0.996943
1306.299344 254.077802 -27.482456 4.248109 -0.013177 0.039614 -0.065973 0.996948
1306.399190 254.227605 -27.503172 4.243985 -0.013891 0.036802 -0.066248 0.997027
1306.499837 254.370815 -27.521029 4.241433 -0.015033 0.033945 -0.066540 0.997093
1306.599667 254.512813 -27.542097 4.236419 -0.013806 0.035058 -0.066503 0.997075
1306.699503 254.668007 -27.564195 4.231547 -0.011940 0.037405 -0.066721 0.996999
1306.799342 254.825094 -27.587588 4.227338 -0.011859 0.038891 -0.066649 0.996948
1306.899176 254.977023 -27.610493 4.229763 -0.012858 0.038377 -0.066268 0.996981
1306.999816 255.125741 -27.632862 4.233044 -0.014661 0.037789 -0.066141 0.996987
1307.099636 255.260891 -27.655671 4.233952 -0.015342 0.038521 -0.065894 0.996965
1307.199478 255.395211 -27.675752 4.232431 -0.014976 0.038144 -0.066163 0.996967
1307.299319 255.531513 -27.695497 4.232835 -0.013528 0.036734 -0.066513 0.997017
1307.399154 255.676888 -27.710852 4.241705 -0.011790 0.036181 -0.066975 0.997029
1307.499788 255.819170 -27.726253 4.240201 -0.010431 0.036014 -0.067321 0.997027
1307.599636 255.948836 -27.744173 4.229618 -0.010393 0.034899 -0.067285 0.997069
1307.699468 256.076791 -27.763850 4.223056 -0.010240 0.033574 -0.067370 0.997110
1307.799313 256.202478 -27.783633 4.220912 -0.012847 0.031919 -0.067894 0.997099
1307.899146 256.329098 -27.800938 4.225670 -0.016047 0.031322 -0.067692 0.997085
1307.999777 256.459863 -27.810680 4.226243 -0.018425 0.029894 -0.068171 0.997055
1308.099623 256.589419 -27.824782 4.227233 -0.021401 0.028836 -0.068621 0.996996
1308.199470 256.723051 -27.840193 4.223487 -0.020336 0.026871 -0.068635 0.997073
1308.299318 256.858088 -27.861677 4.222287 -0.018991 0.026027 -0.068366 0.997140
1308.399152 256.978908 -27.873013 4.221762 -0.018852 0.026127 -0.068312 0.997144
1308.499792 257.096919 -27.874472 4.223476 -0.020597 0.025803 -0.068124 0.997130
1308.599640 257.202940 -27.877711 4.226495 -0.020642 0.025035 -0.067547 0.997188
1308.699483 257.306935 -27.884199 4.221608 -0.021355 0.024213 -0.067465 0.997199
1308.799325 257.427313 -27.901331 4.216909 -0.020713 0.023416 -0.066846 0.997273
1308.899161 257.546971 -27.901175 4.208008 -0.017527 0.023843 -0.066694 0.997335
1308.999797 257.648478 -27.892781 4.207564 -0.012831 0.014086 -0.067001 0.997571
1309.099641 257.737844 -27.895587 4.213391 -0.011444 0.003371 -0.066917 0.997687
1309.199488 257.820252 -27.897979 4.223627 -0.012049 -0.009011 -0.067159 0.997629
1309.299323 257.903431 -27.900964 4.244456 -0.010773 -0.008584 -0.067473 0.997626
1309.399178 257.978915 -27.898434 4.224746 -0.010328 -0.021644 -0.067491 0.997432
1309.499815 258.051592 -27.908945 4.201957 -0.010049 -0.026211 -0.067061 0.997354
1309.599649 258.114017 -27.913211 4.188059 -0.009908 -0.018086 -0.066761 0.997556
1309.699487 258.158913 -27.912236 4.188293 -0.010045 -0.006970 -0.066762 0.997694
1309.799315 258.193144 -27.909208 4.197266 -0.011647 0.003050 -0.066559 0.997710
1309.899170 258.219949 -27.906096 4.213505 -0.013868 0.008269 -0.067175 0.997611
1309.999815 258.245695 -27.904353 4.225958 -0.015245 0.011917 -0.067794 0.997512
1310.099655 258.263066 -27.896813 4.232939 -0.014399 0.018278 -0.068608 0.997372
1310.199483 258.276003 -27.897718 4.224945 -0.013672 0.022814 -0.068747 0.997280
1310.299317 258.288948 -27.905702 4.218447 -0.013642 0.024477 -0.068823 0.997235
1310.399144 258.299691 -27.908996 4.221214 -0.013894 0.024355 -0.068820 0.997235
1310.499787 258.309674 -27.909415 4.223231 -0.013439 0.023793 -0.068668 0.997265
1310.599644 258.319718 -27.910200 4.221741 -0.013948 0.022225 -0.068574 0.997301
1310.699490 258.332084 -27.912087 4.224488 -0.014324 0.021868 -0.068754 0.997291
1310.799324 258.345244 -27.914183 4.223791 -0.014405 0.020605 -0.069009 0.997299
1310.899148 258.358610 -27.912923 4.232583 -0.014374 0.021274 -0.069159 0.997275
1310.999779 258.361637 -27.913862 4.241511 -0.014559 0.020643 -0.068975 0.997299
1311.099614 258.367147 -27.916061 4.235918 -0.014724 0.019856 -0.068972 0.997312
1311.199454 258.367171 -27.919341 4.225987 -0.015306 0.023596 -0.069022 0.997219
1311.299279 258.375003 -27.919927 4.226083 -0.015379 0.028700 -0.069141 0.997075
1311.399116 258.383649 -27.916081 4.231195 -0.014643 0.030973 -0.069159 0.997017
1311.499755 258.389849 -27.910266 4.235854 -0.014321 0.028952 -0.069083 0.997088
1311.599586 258.390816 -27.909718 4.238085 -0.014300 0.027687 -0.069055 0.997126
1311.699417 258.383707 -27.914085 4.234857 -0.014217 0.026753 -0.068952 0.997160
1311.799257 258.375380 -27.919426 4.229482 -0.014007 0.027324 -0.068942 0.997148
1311.899499 258.372157 -27.923083 4.218374 -0.013618 0.028295 -0.068743 0.997140
1311.999329 258.366968 -27.924489 4.224147 -0.013714 0.029349 -0.068747 0.997108
1312.099173 258.367012 -27.914867 4.237325 -0.013653 0.029794 -0.068936 0.997083
1312.199818 258.366949 -27.904156 4.238584 -0.013311 0.029079 -0.069200 0.997090
1312.299641 258.362880 -27.903589 4.220908 -0.013379 0.027925 -0.069096 0.997129
1312.399485 258.356772 -27.909024 4.212805 -0.013390 0.027689 -0.069052 0.997139
1312.499325 258.356451 -27.911485 4.221698 -0.013842 0.027939 -0.069178 0.997117
1312.599172 258.363070 -27.912552 4.233753 -0.013465 0.028223 -0.069186 0.997114
1312.699835 258.368431 -27.914875 4.236061 -0.013192 0.028029 -0.069097 0.997129
1312.799677 258.369231 -27.910369 4.231430 -0.012861 0.028030 -0.069279 0.997121
1312.899512 258.368855 -27.910021 4.223180 -0.013004 0.028264 -0.069109 0.997124
1312.999347 258.366738 -27.913934 4.221926 -0.013435 0.028067 -0.069005 0.997131
1313.099208 258.363620 -27.913701 4.226576 -0.013908 0.028213 -0.069122 0.997112
1313.199450 258.367771 -27.911347 4.231440 -0.013006 0.028712 -0.069242 0.997102
1313.299287 258.363772 -27.905158 4.225496 -0.011812 0.029607 -0.069561 0.997068
1313.399136 258.353155 -27.904265 4.219312 -0.011569 0.030282 -0.069229 0.997074
1313.499775 258.353724 -27.908455 4.212601 -0.013091 0.029994 -0.069140 0.997070
1313.599614 258.354089 -27.913382 4.217291 -0.013541 0.027823 -0.069173 0.997125
1313.699450 258.348699 -27.915074 4.223871 -0.013413 0.026602 -0.068989 0.997172
1313.799290 258.359401 -27.912592 4.223739 -0.012991 0.029620 -0.069165 0.997081
1313.899139 258.373230 -27.909958 4.210172 -0.012143 0.038414 -0.069036 0.996800
1313.999793 258.381450 -27.911079 4.196514 -0.011402 0.052640 -0.069054 0.996158
1314.099636 258.396838 -27.915437 4.199110 -0.011639 0.065327 -0.068782 0.995423
1314.199470 258.412756 -27.919644 4.202563 -0.011626 0.071899 -0.068854 0.994965
1314.299315 258.427549 -27.923287 4.202592 -0.010373 0.078151 -0.069020 0.994495
1314.399142 258.458281 -27.926919 4.198579 -0.009336 0.082807 -0.069151 0.994120
1314.499775 258.504533 -27.932409 4.193983 -0.009003 0.086476 -0.069685 0.993773
1314.599605 258.554087 -27.935415 4.192625 -0.007994 0.089307 -0.069980 0.993511
1314.699442 258.614708 -27.943924 4.190486 -0.007177 0.090410 -0.070045 0.993412
1314.799277 258.688288 -27.956089 4.184421 -0.007160 0.092650 -0.069983 0.993211
1314.899118 258.776578 -27.971965 4.179958 -0.008594 0.098584 -0.069883 0.992635
1314.999746 258.881824 -27.991531 4.178596 -0.008743 0.102242 -0.069572 0.992285
1315.099602 258.998959 -28.007310 4.179289 -0.008917 0.100477 -0.069465 0.992471
1315.199432 259.132008 -28.024440 4.178114 -0.008779 0.094822 -0.069575 0.993021
1315.299281 259.272920 -28.047300 4.176751 -0.008802 0.092447 -0.069663 0.993239
1315.399118 259.416685 -28.070622 4.179554 -0.007793 0.089570 -0.069858 0.993497
1315.499765 259.566694 -28.090973 4.177442 -0.006769 0.085985 -0.069670 0.993834
1315.599620 259.727075 -28.121910 4.180914 -0.006850 0.082384 -0.069307 0.994164
1315.699454 259.898592 -28.147115 4.183852 -0.008110 0.078582 -0.068965 0.994486
1315.799283 260.074831 -28.167643 4.179330 -0.010935 0.072412 -0.068940 0.994929
1315.899121 260.256655 -28.192813 4.175365 -0.013944 0.065832 -0.068790 0.995359
1315.999756 260.442057 -28.224043 4.176367 -0.014097 0.062027 -0.068393 0.995629
1316.099606 260.634603 -28.252627 4.177363 -0.013550 0.062803 -0.068829 0.995557
1316.199438 260.822090 -28.277612 4.171320 -0.015174 0.062386 -0.068656 0.995572
1316.299309 261.016228 -28.299609 4.164429 -0.019908 0.055725 -0.068843 0.995871
1316.399131 261.218444 -28.326706 4.163076 -0.022897 0.042811 -0.068770 0.996451
1316.499771 261.420677 -28.354105 4.156135 -0.020669 0.028856 -0.068833 0.996997
1316.599607 261.617443 -28.383928 4.221673 -0.017409 -0.007279 -0.068457 0.997476
1316.699445 261.800529 -28.409685 4.193172 -0.013825 -0.058085 -0.068173 0.995885
1316.799284 261.998584 -28.427766 4.115885 -0.013809 -0.036420 -0.068991 0.996857
1316.899113 262.164473 -28.438399 4.080443 -0.016211 0.000824 -0.069093 0.997478
1316.999750 262.309301 -28.448849 4.086397 -0.019410 -0.034136 -0.068322 0.996890
1317.099608 262.440350 -28.460095 4.170333 -0.016013 -0.069225 -0.068099 0.995145
1317.199441 262.556498 -28.474039 4.211944 -0.016651 -0.065481 -0.068217 0.995380
1317.299295 262.645919 -28.483217 4.181464 -0.014125 -0.025316 -0.068522 0.997228
1317.399126 262.717079 -28.493182 4.154661 -0.013608 0.019812 -0.068315 0.997374
1317.499751 262.795675 -28.501084 4.154866 -0.013800 0.040267 -0.068477 0.996744
1317.599589 262.866391 -28.503671 4.171755 -0.011591 0.043302 -0.069095 0.996602
1317.699437 262.928928 -28.507660 4.183360 -0.009491 0.041586 -0.069626 0.996661
1317.799275 262.996594 -28.514478 4.184433 -0.009003 0.043824 -0.069918 0.996549
1317.899511 263.071552 -28.528644 4.175004 -0.009407 0.047016 -0.070028 0.996392
1317.999356 263.142537 -28.540706 4.170387 -0.008917 0.051634 -0.069933 0.996175
1318.099207 263.210210 -28.553766 4.172676 -0.010257 0.053922 -0.069638 0.996061
1318.199463 263.284152 -28.564711 4.178995 -0.011547 0.055811 -0.070035 0.995915
1318.299296 263.370559 -28.571976 4.179141 -0.012357 0.054880 -0.070309 0.995938
1318.399124 263.461804 -28.577972 4.185532 -0.015683 0.052233 -0.070451 0.996023
1318.499751 263.560944 -28.589485 4.183425 -0.015929 0.050287 -0.070574 0.996111
1318.599602 263.659529 -28.605127 4.176483 -0.016791 0.053662 -0.070781 0.995906
1318.699443 263.768497 -28.618941 4.172672 -0.018868 0.055743 -0.070956 0.995742
1318.799275 263.879233 -28.629951 4.173800 -0.021689 0.053440 -0.070553 0.995839
1318.899505 263.981822 -28.640386 4.179691 -0.021548 0.052040 -0.070318 0.995933
1318.999356 264.089637 -28.649403 4.181265 -0.021263 0.054281 -0.070435 0.995811
1319.099187 264.205429 -28.660503 4.178746 -0.019748 0.056362 -0.070436 0.995727
1319.199844 264.317555 -28.670174 4.173655 -0.015764 0.056828 -0.070510 0.995766
1319.299675 264.431676 -28.674560 4.176380 -0.012996 0.056901 -0.070803 0.995781
1319.399513 264.546909 -28.680366 4.182435 -0.011733 0.054162 -0.070873 0.995945
1319.499348 264.664326 -28.683378 4.185408 -0.011167 0.049201 -0.071001 0.996199
1319.599195 264.794860 -28.688881 4.190651 -0.011545 0.048314 -0.071371 0.996212
1319.699828 264.930982 -28.696639 4.186197 -0.011163 0.049686 -0.071570 0.996135
1319.799649 265.067616 -28.706413 4.182220 -0.011501 0.053418 -0.071605 0.995935
1319.899484 265.213237 -28.718459 4.176434 -0.012229 0.052980 -0.071875 0.995931
1319.999317 265.351686 -28.728271 4.175075 -0.012377 0.049426 -0.072210 0.996087
1320.099162 265.483755 -28.735483 4.174272 -0.013281 0.043324 -0.072984 0.996303
1320.199807 265.624552 -28.747882 4.182595 -0.011927 0.043612 -0.073144 0.996296
1320.299660 265.760224 -28.758434 4.183030 -0.010806 0.042119 -0.072889 0.996392
1320.399504 265.891683 -28.769248 4.181324 -0.008664 0.041415 -0.072273 0.996487
1320.499354 266.022423 -28.775815 4.182913 -0.009374 0.041727 -0.071812 0.996501
1320.599195 266.158947 -28.781023 4.184525 -0.011536 0.039289 -0.071841 0.996575
1320.699830 266.304112 -28.789455 4.178241 -0.012949 0.037349 -0.072094 0.996614
1320.799662 266.446728 -28.803379 4.170785 -0.012399 0.037583 -0.072711 0.996568
1320.899494 266.585114 -28.820482 4.170468 -0.010737 0.039914 -0.073069 0.996470
1320.999332 266.716399 -28.835667 4.171224 -0.010227 0.041427 -0.073224 0.996402
1321.099180 266.849978 -28.848768 4.171766 -0.010980 0.040223 -0.073163 0.996448
1321.199822 266.981904 -28.858619 4.168604 -0.011759 0.037656 -0.073356 0.996525
1321.299658 267.120947 -28.866871 4.167223 -0.011937 0.037654 -0.073559 0.996508
1321.399504 267.267945 -28.880313 4.168056 -0.012468 0.038972 -0.073100 0.996485
1321.499349 267.419778 -28.901825 4.169546 -0.012798 0.040111 -0.072968 0.996445
1321.599178 267.561519 -28.921323 4.165860 -0.013387 0.040224 -0.072932 0.996436
1321.699810 267.692644 -28.937248 4.165552 -0.013368 0.039399 -0.072801 0.996478
1321.799663 267.813326 -28.948108 4.169444 -0.012808 0.037367 -0.072803 0.996564
1321.899495 267.936234 -28.960923 4.171856 -0.012143 0.036012 -0.072864 0.996618
1321.999337 268.062814 -28.976501 4.169356 -0.012244 0.035605 -0.072187 0.996680
1322.099185 268.203279 -28.996015 4.166645 -0.014276 0.039548 -0.071909 0.996525
1322.199829 268.337481 -29.016867 4.164639 -0.015074 0.042620 -0.071994 0.996380
1322.299662 268.467698 -29.036135 4.157561 -0.013235 0.043322 -0.071998 0.996376
1322.399490 268.600835 -29.051654 4.155276 -0.010901 0.041747 -0.072236 0.996454
1322.499331 268.735625 -29.062704 4.159424 -0.010831 0.040849 -0.072221 0.996493
1322.599170 268.864847 -29.076993 4.159523 -0.014169 0.040171 -0.072579 0.996453
1322.699822 268.996921 -29.095198 4.156236 -0.015132 0.040577 -0.072849 0.996402
1322.799639 269.126125 -29.111975 4.149166 -0.014285 0.040484 -0.073117 0.996399
1322.899479 269.262202 -29.128666 4.143490 -0.012735 0.040446 -0.073224 0.996414
1322.999306 269.386784 -29.145595 4.145043 -0.011768 0.040470 -0.073309 0.996418
1323.099151 269.511511 -29.160044 4.147986 -0.012595 0.040280 -0.073609 0.996394
1323.199792 269.645857 -29.172933 4.149573 -0.012467 0.041161 -0.073660 0.996356
1323.299632 269.782003 -29.187812 4.147569 -0.012839 0.042350 -0.073456 0.996316
1323.399481 269.915045 -29.204320 4.142955 -0.011360 0.040268 -0.073214 0.996438
1323.499324 270.040826 -29.222825 4.134388 -0.009001 0.037972 -0.072800 0.996583
1323.599162 270.168646 -29.241901 4.130078 -0.010025 0.040946 -0.072541 0.996474
1323.699808 270.300261 -29.259705 4.134298 -0.011017 0.047452 -0.072537 0.996175
1323.799651 270.437429 -29.276289 4.141334 -0.010578 0.051309 -0.072062 0.996023
1323.899493 270.575834 -29.291814 4.138895 -0.009773 0.049739 -0.071647 0.996141
1323.999318 270.712597 -29.307661 4.133700 -0.011692 0.046799 -0.071436 0.996278
1324.099169 270.849752 -29.319051 4.131044 -0.012676 0.044292 -0.071751 0.996358
1324.199803 270.985550 -29.337362 4.132326 -0.010413 0.042597 -0.072081 0.996434
1324.299655 271.122305 -29.360737 4.132949 -0.008950 0.043752 -0.072542 0.996365
1324.399502 271.261812 -29.379592 4.127702 -0.010070 0.045582 -0.073209 0.996224
1324.499344 271.401492 -29.399002 4.124818 -0.011177 0.047019 -0.073983 0.996088
1324.599189 271.539929 -29.418638 4.121065 -0.011551 0.046173 -0.074089 0.996115
1324.699827 271.675290 -29.434180 4.119135 -0.013055 0.042862 -0.074557 0.996210
1324.799668 271.809211 -29.449682 4.119409 -0.013184 0.039926 -0.074720 0.996318
1324.899507 271.957154 -29.468720 4.115462 -0.013302 0.039975 -0.074842 0.996305
1324.999353 272.105573 -29.489710 4.109354 -0.013378 0.039204 -0.075223 0.996306
1325.099213 272.242893 -29.510626 4.103247 -0.013687 0.038835 -0.075348 0.996307
1325.199470 272.369620 -29.531931 4.101415 -0.014035 0.038699 -0.075128 0.996324
1325.299312 272.496073 -29.552618 4.097281 -0.014777 0.040720 -0.074791 0.996258
1325.399146 272.623441 -29.572048 4.096537 -0.013246 0.045195 -0.075162 0.996059
1325.499771 272.758104 -29.588462 4.089260 -0.010544 0.049580 -0.075033 0.995892
1325.599626 272.902644 -29.608565 4.079973 -0.011895 0.052724 -0.075062 0.995713
1325.699472 273.054831 -29.633421 4.078186 -0.012424 0.053901 -0.074815 0.995662
1325.799304 273.207762 -29.657265 4.083505 -0.011056 0.052512 -0.074534 0.995774
1325.899142 273.352368 -29.678305 4.088137 -0.011507 0.048318 -0.074473 0.995985
1325.999782 273.494226 -29.700580 4.092974 -0.013063 0.045734 -0.074475 0.996088
1326.099619 273.634017 -29.721609 4.091383 -0.012192 0.044904 -0.074305 0.996149
1326.199464 273.773432 -29.740423 4.086903 -0.012187 0.045893 -0.074369 0.996100
1326.299302 273.915539 -29.764603 4.078834 -0.013029 0.045775 -0.074141 0.996111
1326.399135 274.062173 -29.787146 4.075570 -0.013252 0.043873 -0.074320 0.996181
1326.499776 274.214640 -29.811653 4.070762 -0.012753 0.042300 -0.074546 0.996238
1326.599613 274.358547 -29.837727 4.066381 -0.012950 0.041555 -0.074678 0.996257
1326.699462 274.505769 -29.862531 4.064530 -0.014103 0.044278 -0.075148 0.996089
1326.799301 274.656564 -29.883142 4.065768 -0.013564 0.046553 -0.075475 0.995968
1326.899143 274.813065 -29.908090 4.074086 -0.013450 0.047329 -0.075189 0.995955
1326.999785 274.967944 -29.935072 4.079200 -0.014553 0.044221 -0.075021 0.996095
1327.099636 275.121412 -29.957964 4.067663 -0.012785 0.040398 -0.075079 0.996277
1327.199477 275.263513 -29.979719 4.059907 -0.011452 0.039436 -0.074767 0.996355
1327.299320 275.403639 -30.000497 4.056756 -0.014036 0.043218 -0.075349 0.996121
1327.399143 275.548230 -30.024121 4.059596 -0.016372 0.047433 -0.075131 0.995910
1327.499784 275.696392 -30.053366 4.061775 -0.015839 0.049373 -0.074784 0.995851
1327.599624 275.845926 -30.082354 4.058662 -0.015772 0.048636 -0.074810 0.995886
1327.699468 276.000311 -30.108097 4.056402 -0.015422 0.048637 -0.075187 0.995863
1327.799307 276.157392 -30.133521 4.053765 -0.014295 0.047919 -0.075602 0.995883
1327.899162 276.310607 -30.156876 4.049660 -0.014706 0.047321 -0.075694 0.995899
1327.999779 276.455297 -30.175917 4.052390 -0.015981 0.043976 -0.075296 0.996063
1328.099616 276.601660 -30.197126 4.051693 -0.019780 0.042170 -0.074970 0.996097
1328.199463 276.755826 -30.219541 4.052210 -0.021212 0.040832 -0.074822 0.996135
1328.299307 276.909221 -30.247283 4.046339 -0.021351 0.043993 -0.074860 0.995994
1328.399140 277.056721 -30.274587 4.035874 -0.019330 0.047938 -0.075063 0.995838
1328.499784 277.209813 -30.294523 4.026949 -0.018391 0.048485 -0.075238 0.995816
1328.599609 277.354809 -30.312067 4.019166 -0.021120 0.046450 -0.075441 0.995844
1328.699454 277.509795 -30.324686 4.023428 -0.022439 0.041951 -0.075639 0.996000
1328.799303 277.666001 -30.337618 4.038542 -0.022241 0.038467 -0.075894 0.996125
1328.899146 277.813823 -30.354207 4.036960 -0.021286 0.037289 -0.075696 0.996206
1328.999792 277.966275 -30.373367 4.025961 -0.021629 0.039940 -0.075721 0.996094
1329.099637 278.115498 -30.389833 4.012342 -0.021612 0.042366 -0.075863 0.995983
1329.199486 278.257824 -30.399004 4.001862 -0.023462 0.042326 -0.075968 0.995935
1329.299318 278.404334 -30.408666 4.000617 -0.023456 0.040050 -0.075828 0.996040
1329.399174 278.550451 -30.420332 4.001331 -0.023793 0.038635 -0.075415 0.996119
1329.499814 278.704564 -30.432555 4.006806 -0.021914 0.038654 -0.075196 0.996178
1329.599650 278.859080 -30.441459 4.009768 -0.018930 0.039638 -0.075505 0.996177
1329.699493 279.011485 -30.446663 4.011192 -0.017447 0.040590 -0.075685 0.996153
1329.799321 279.156430 -30.452847 4.005781 -0.017209 0.040379 -0.075885 0.996150
1329.899179 279.303572 -30.458784 4.004642 -0.017609 0.038477 -0.076095 0.996202
1329.999818 279.446991 -30.468288 4.003629 -0.016429 0.036137 -0.075850 0.996329
1330.099658 279.584469 -30.475360 4.004842 -0.015132 0.033595 -0.076188 0.996412
1330.199496 279.720084 -30.491352 4.007323 -0.015294 0.031832 -0.076300 0.996459
1330.299342 279.857726 -30.499965 4.008026 -0.016572 0.029740 -0.076302 0.996503
1330.399184 279.992516 -30.501627 4.004487 -0.016172 0.027329 -0.076333 0.996577
1330.499824 280.116264 -30.504786 4.009711 -0.017666 0.021924 -0.075723 0.996731
1330.599679 280.248618 -30.509017 4.000688 -0.015536 0.013814 -0.075848 0.996903
1330.699507 280.384229 -30.509174 3.988616 -0.015013 0.017764 -0.076540 0.996795
1330.799356 280.504255 -30.513288 3.979531 -0.015616 0.024433 -0.076438 0.996653
1330.899201 280.614475 -30.522076 3.980836 -0.013846 0.016384 -0.075958 0.996880
1330.999444 280.720644 -30.533368 3.988072 -0.014560 0.017927 -0.076037 0.996837
1331.099291 280.809131 -30.543707 3.989314 -0.016133 0.000303 -0.075660 0.997003
1331.199134 280.900725 -30.548688 3.982228 -0.014710 -0.002513 -0.075712 0.997018
1331.299779 280.999432 -30.555226 3.985878 -0.014894 0.014902 -0.076066 0.996880
1331.399614 281.088048 -30.564002 3.980256 -0.015743 0.028961 -0.075821 0.996576
1331.499455 281.177689 -30.567685 3.971107 -0.015723 0.035053 -0.075913 0.996374
1331.599298 281.270409 -30.574268 3.971535 -0.017442 0.033787 -0.075936 0.996387
1331.699124 281.354510 -30.582523 3.978839 -0.017276 0.029675 -0.075947 0.996520
1331.799763 281.430796 -30.596029 3.990025 -0.017150 0.030320 -0.075817 0.996513
1331.899598 281.507138 -30.605243 3.991079 -0.016543 0.032572 -0.075721 0.996460
1331.999436 281.580166 -30.606340 3.984932 -0.017109 0.033692 -0.075527 0.996428
1332.099286 281.654546 -30.610319 3.979156 -0.017743 0.031943 -0.075593 0.996469
1332.199126 281.731947 -30.622321 3.978216 -0.017597 0.030216 -0.075600 0.996525
1332.299758 281.800666 -30.635819 3.982937 -0.016935 0.018525 -0.075392 0.996838
1332.399610 281.864066 -30.646062 3.985871 -0.016784 0.014239 -0.075296 0.996918
1332.499447 281.922457 -30.653230 3.985208 -0.017530 0.021853 -0.075293 0.996768
1332.599295 281.984216 -30.656721 3.983932 -0.017281 0.032859 -0.075297 0.996470
1332.699143 282.044765 -30.657669 3.976162 -0.016836 0.040056 -0.075572 0.996193
1332.799796 282.111488 -30.661902 3.972527 -0.015773 0.043164 -0.075681 0.996072
1332.899649 282.183464 -30.659679 3.971353 -0.014313 0.044864 -0.076112 0.995987
1332.999509 282.247989 -30.661065 3.974235 -0.013370 0.052083 -0.076122 0.995648
1333.099355 282.315561 -30.674288 3.976784 -0.012525 0.058232 -0.075996 0.995327
1333.199191 282.381219 -30.689159 3.975027 -0.011672 0.061751 -0.075946 0.995130
1333.299845 282.452165 -30.698978 3.960854 -0.011448 0.063509 -0.075983 0.995019
1333.399693 282.527557 -30.703600 3.948058 -0.011979 0.068467 -0.075861 0.994693
1333.499535 282.614404 -30.707328 3.947488 -0.012611 0.075342 -0.075668 0.994203
1333.599374 282.713285 -30.712860 3.953001 -0.012684 0.081819 -0.075950 0.993668
1333.699208 282.824295 -30.727070 3.960405 -0.012710 0.087131 -0.076014 0.993211
1333.799465 282.950066 -30.745507 3.961100 -0.011533 0.090088 -0.076171 0.992950
1333.899311 283.080025 -30.766434 3.949248 -0.010662 0.089366 -0.076313 0.993014
1333.999151 283.213736 -30.783830 3.940942 -0.009852 0.088829 -0.076521 0.993054
1334.099785 283.357118 -30.801811 3.938051 -0.008369 0.089629 -0.076666 0.992985
1334.199634 283.506443 -30.825548 3.936233 -0.009240 0.093468 -0.076500 0.992636
1334.299477 283.659513 -30.844632 3.930178 -0.010009 0.095483 -0.076561 0.992432
1334.399323 283.823024 -30.863952 3.923882 -0.010019 0.093365 -0.076669 0.992625
1334.499154 283.997367 -30.889440 3.922110 -0.011062 0.089266 -0.076769 0.992983
1334.599791 284.187630 -30.920973 3.931558 -0.010879 0.085087 -0.076298 0.993388
1334.699634 284.382712 -30.953432 3.936459 -0.009891 0.082272 -0.076220 0.993642
1334.799475 284.590157 -30.987408 3.937370 -0.010613 0.081028 -0.076415 0.993722
1334.899329 284.810461 -31.026245 3.927518 -0.012380 0.079699 -0.076238 0.993822
1334.999180 285.028620 -31.056762 3.920385 -0.018498 0.073268 -0.076171 0.994227
1335.099808 285.240701 -31.087433 3.926095 -0.021900 0.059105 -0.075800 0.995129
1335.199638 285.453871 -31.115785 3.935233 -0.022234 0.046834 -0.075553 0.995793
1335.299485 285.663933 -31.147049 3.941101 -0.023497 0.042281 -0.075466 0.995974
1335.399329 285.880949 -31.170575 3.931209 -0.024053 0.041872 -0.075606 0.995968
1335.499168 286.098964 -31.194888 3.923290 -0.024209 0.041183 -0.075412 0.996007
1335.599803 286.322442 -31.227401 3.920362 -0.024140 0.041456 -0.075439 0.995996
1335.699657 286.541792 -31.256564 3.920757 -0.026054 0.042002 -0.075080 0.995952
1335.799496 286.764497 -31.279079 3.930722 -0.026932 0.045237 -0.075146 0.995782
1335.899333 286.982606 -31.301243 3.931023 -0.026761 0.049379 -0.074925 0.995606
1335.999186 287.190680 -31.326401 3.922055 -0.026090 0.054668 -0.074937 0.995347
1336.099814 287.401499 -31.351617 3.912379 -0.022656 0.058437 -0.074785 0.995228
1336.199660 287.613931 -31.371166 3.905888 -0.019569 0.057972 -0.074733 0.995325
1336.299497 287.827184 -31.389827 3.899131 -0.016953 0.054641 -0.074793 0.995557
1336.399325 288.038574 -31.406912 3.896647 -0.016667 0.050629 -0.075099 0.995751
1336.499170 288.247369 -31.423654 3.900732 -0.017058 0.048301 -0.075142 0.995856
1336.599792 288.466173 -31.441151 3.904431 -0.017183 0.045306 -0.075218 0.995989
1336.699640 288.686172 -31.463228 3.897236 -0.017309 0.041505 -0.075007 0.996169
1336.799478 288.905026 -31.483311 3.893897 -0.017920 0.037846 -0.075023 0.996302
1336.899333 289.114577 -31.496889 3.895354 -0.018166 0.035522 -0.075298 0.996363
1336.999172 289.318125 -31.516453 3.892368 -0.018775 0.032956 -0.074943 0.996466
1337.099802 289.514823 -31.537367 3.887679 -0.017877 0.032294 -0.074993 0.996501
1337.199634 289.714724 -31.555672 3.884160 -0.016983 0.033368 -0.075378 0.996452
1337.299469 289.919471 -31.570334 3.892648 -0.017275 0.034895 -0.075674 0.996372
1337.399307 290.124793 -31.587407 3.892123 -0.019576 0.034120 -0.075827 0.996345
1337.499155 290.324112 -31.607547 3.880974 -0.023833 0.032557 -0.075793 0.996307
1337.599806 290.511179 -31.623932 3.872182 -0.026784 0.032659 -0.076058 0.996208
1337.699645 290.694266 -31.640026 3.876167 -0.025641 0.033641 -0.075828 0.996223
1337.799480 290.883280 -31.650554 3.879947 -0.022062 0.035510 -0.075635 0.996259
1337.899316 291.067607 -31.662004 3.879530 -0.017773 0.036139 -0.075718 0.996316
1337.999146 291.255049 -31.675235 3.874228 -0.017073 0.034299 -0.075862 0.996382
1338.099785 291.444465 -31.692537 3.873419 -0.016466 0.030948 -0.075854 0.996502
1338.199622 291.620489 -31.708122 3.874460 -0.017611 0.029300 -0.075827 0.996535
1338.299457 291.788383 -31.720610 3.862461 -0.018076 0.028564 -0.075464 0.996575
1338.399315 291.961618 -31.736475 3.857337 -0.017852 0.030907 -0.075608 0.996499
1338.499151 292.116692 -31.746388 3.849043 -0.018177 0.031950 -0.075646 0.996457
1338.599796 292.276151 -31.751432 3.845003 -0.018048 0.030346 -0.075674 0.996507
1338.699628 292.437038 -31.762271 3.845530 -0.017450 0.027759 -0.075613 0.996598
1338.799467 292.588270 -31.778223 3.847291 -0.016285 0.026822 -0.075437 0.996657
1338.899309 292.734347 -31.793306 3.853033 -0.016425 0.027404 -0.075820 0.996610
1338.999166 292.890701 -31.807585 3.849659 -0.017273 0.028030 -0.075754 0.996583
1339.099803 293.041327 -31.816999 3.844580 -0.016844 0.027897 -0.075816 0.996589
1339.199638 293.178552 -31.827829 3.834731 -0.017765 0.026692 -0.075944 0.996596
1339.299491 293.296927 -31.832336 3.831664 -0.018196 0.014901 -0.075938 0.996835
1339.399339 293.425130 -31.837752 3.830656 -0.016963 0.012291 -0.076696 0.996834
1339.499186 293.557985 -31.846135 3.821493 -0.017438 0.019359 -0.076923 0.996697
1339.599836 293.690566 -31.858934 3.817920 -0.016378 0.027684 -0.076931 0.996517
1339.699677 293.824408 -31.873983 3.812656 -0.015492 0.032687 -0.076950 0.996379
1339.799513 293.947983 -31.886591 3.807193 -0.016014 0.033597 -0.077063 0.996331
1339.899358 294.067131 -31.896042 3.782853 -0.016230 0.030975 -0.077086 0.996411
1339.999190 294.187580 -31.907460 3.772018 -0.016643 0.031978 -0.076969 0.996382
1340.099823 294.309074 -31.917614 3.764422 -0.016893 0.033187 -0.076700 0.996359
1340.199672 294.433954 -31.926807 3.753812 -0.015952 0.035464 -0.077096 0.996265
1340.299504 294.546057 -31.929758 3.737717 -0.015878 0.037306 -0.077499 0.996168
1340.399352 294.650830 -31.938609 3.723054 -0.015661 0.036945 -0.077751 0.996165
1340.499196 294.754426 -31.953312 3.717383 -0.015540 0.035779 -0.077754 0.996209
1340.599838 294.861379 -31.964437 3.713420 -0.016212 0.035300 -0.077994 0.996197
1340.699666 294.964667 -31.977279 3.704796 -0.015504 0.038917 -0.077997 0.996073
1340.799510 295.075351 -31.988461 3.691169 -0.015518 0.043092 -0.078212 0.995884
1340.899363 295.184367 -32.000856 3.683082 -0.016180 0.045687 -0.078221 0.995757
1340.999204 295.295962 -32.012745 3.677604 -0.016685 0.045792 -0.078123 0.995752
1341.099456 295.398846 -32.021376 3.678714 -0.018517 0.047952 -0.078250 0.995608
1341.199309 295.496228 -32.032260 3.680195 -0.018702 0.049615 -0.078054 0.995538
1341.299143 295.599119 -32.047768 3.684168 -0.017044 0.049758 -0.078259 0.995545
1341.399782 295.714135 -32.062110 3.685379 -0.015938 0.047324 -0.078357 0.995674
1341.499624 295.836952 -32.076257 3.686982 -0.015711 0.044042 -0.078580 0.995811
1341.599461 295.953501 -32.085411 3.678529 -0.015727 0.042315 -0.078611 0.995883
1341.699299 296.071823 -32.096113 3.673035 -0.016415 0.042203 -0.078630 0.995875
1341.799156 296.198169 -32.115465 3.671222 -0.016313 0.045231 -0.078418 0.995760
1341.899797 296.324241 -32.128553 3.671901 -0.016692 0.047261 -0.078711 0.995637
1341.999646 296.431667 -32.136032 3.675350 -0.016961 0.046178 -0.078409 0.995707
1342.099490 296.531248 -32.143741 3.676921 -0.017378 0.043959 -0.077972 0.995834
1342.199341 296.639231 -32.155715 3.682661 -0.015547 0.041205 -0.077775 0.995998
1342.299193 296.748426 -32.169737 3.672979 -0.014686 0.039134 -0.078085 0.996070
1342.399816 296.863754 -32.185707 3.669348 -0.013305 0.038892 -0.078735 0.996048
1342.499648 296.981140 -32.197474 3.673169 -0.011412 0.037670 -0.079236 0.996079
1342.599487 297.102541 -32.210019 3.679192 -0.011955 0.035342 -0.079237 0.996157
1342.699324 297.219603 -32.221706 3.676186 -0.013929 0.032870 -0.078556 0.996270
1342.799180 297.337340 -32.232791 3.667745 -0.015242 0.032699 -0.078171 0.996287
1342.899813 297.456673 -32.244461 3.657445 -0.015515 0.035028 -0.077624 0.996246
1342.999645 297.565661 -32.255728 3.657381 -0.015059 0.037764 -0.077806 0.996139
1343.099473 297.672277 -32.268368 3.657077 -0.012725 0.037775 -0.077971 0.996158
1343.199317 297.773487 -32.281707 3.660264 -0.011115 0.035832 -0.077989 0.996248
1343.299161 297.876078 -32.294182 3.661225 -0.012461 0.035397 -0.078250 0.996227
1343.399794 297.982031 -32.304754 3.660352 -0.012754 0.037105 -0.078698 0.996126
1343.499622 298.095580 -32.317769 3.649720 -0.014298 0.038854 -0.079416 0.995981
1343.599452 298.212127 -32.339105 3.650601 -0.014425 0.040379 -0.079806 0.995888
1343.699285 298.327035 -32.356912 3.652538 -0.014996 0.040288 -0.080351 0.995839
1343.799117 298.440186 -32.370737 3.651577 -0.014545 0.039114 -0.080367 0.995891
1343.899753 298.535920 -32.377868 3.647663 -0.015222 0.039556 -0.080277 0.995871
1343.999613 298.628381 -32.392169 3.633833 -0.015659 0.041859 -0.080329 0.995766
1344.099452 298.735187 -32.412292 3.619659 -0.015829 0.047851 -0.080459 0.995483
1344.199279 298.846486 -32.430003 3.605333 -0.015999 0.052642 -0.080560 0.995230
1344.299126 298.964664 -32.445219 3.593812 -0.016023 0.051378 -0.080440 0.995305
1344.399763 299.083193 -32.460440 3.586588 -0.016108 0.047240 -0.080411 0.995511
1344.499611 299.206527 -32.476568 3.575953 -0.016579 0.044209 -0.080507 0.995635
1344.599453 299.330672 -32.498445 3.559720 -0.016246 0.043499 -0.080768 0.995651
1344.699310 299.445181 -32.518231 3.539228 -0.014866 0.043527 -0.080973 0.995654
1344.799151 299.568380 -32.539734 3.523061 -0.014198 0.042616 -0.080983 0.995703
1344.899774 299.687770 -32.557981 3.510066 -0.014975 0.040761 -0.081235 0.995749
1344.999621 299.807735 -32.577113 3.502770 -0.015536 0.038042 -0.081269 0.995845
1345.099464 299.920025 -32.593113 3.502962 -0.016043 0.037519 -0.081368 0.995848
1345.199297 300.028876 -32.609670 3.505865 -0.015933 0.038231 -0.081859 0.995783
1345.299136 300.140748 -32.628004 3.501696 -0.016578 0.039121 -0.082217 0.995708
1345.399776 300.251616 -32.649267 3.490334 -0.016277 0.039441 -0.082310 0.995693
1345.499597 300.359489 -32.670493 3.477667 -0.015643 0.037420 -0.082199 0.995790
1345.599428 300.470877 -32.687511 3.461402 -0.015331 0.035032 -0.082058 0.995894
1345.699270 300.586187 -32.703667 3.462257 -0.017006 0.037724 -0.082327 0.995746
1345.799523 300.702096 -32.722149 3.465362 -0.017360 0.038524 -0.082453 0.995699
1345.899363 300.808491 -32.741934 3.466261 -0.017579 0.036070 -0.082192 0.995808
1345.999199 300.914955 -32.760237 3.460662 -0.017174 0.032479 -0.082005 0.995954
1346.099429 301.018560 -32.774258 3.455212 -0.017141 0.030210 -0.082122 0.996017
1346.199268 301.126525 -32.788645 3.453484 -0.017124 0.030860 -0.082245 0.995987
1346.299508 301.242507 -32.805908 3.452089 -0.017105 0.032864 -0.082200 0.995927
1346.399353 301.366056 -32.825647 3.446442 -0.016434 0.036086 -0.082426 0.995808
1346.499187 301.472342 -32.845316 3.438812 -0.016117 0.039171 -0.082481 0.995692
1346.599821 301.574030 -32.860679 3.425596 -0.016412 0.039040 -0.082510 0.995690
1346.699667 301.672705 -32.875402 3.408634 -0.016496 0.035496 -0.082673 0.995808
1346.799512 301.770060 -32.893099 3.396579 -0.017268 0.033397 -0.082510 0.995881
1346.899342 301.869234 -32.912128 3.393494 -0.016735 0.034064 -0.082546 0.995864
1346.999175 301.972172 -32.929820 3.389201 -0.016755 0.036359 -0.082855 0.995757
1347.099821 302.075778 -32.951030 3.377072 -0.015791 0.038498 -0.082861 0.995692
1347.199651 302.179074 -32.963726 3.363157 -0.017938 0.039277 -0.082801 0.995630
1347.299492 302.281473 -32.975011 3.349466 -0.018909 0.038483 -0.082310 0.995684
1347.399333 302.384313 -32.992909 3.346713 -0.020699 0.038083 -0.082423 0.995654
1347.499186 302.478644 -33.009182 3.336444 -0.021566 0.038564 -0.082614 0.995602
1347.599818 302.571506 -33.019676 3.333386 -0.020629 0.039472 -0.082549 0.995591
1347.699676 302.665188 -33.026820 3.331967 -0.017511 0.038602 -0.082736 0.995670
1347.799514 302.764682 -33.037157 3.332627 -0.014817 0.037451 -0.083177 0.995721
1347.899359 302.872450 -33.050172 3.328046 -0.015404 0.035813 -0.083472 0.995747
1347.999199 302.981962 -33.067761 3.318132 -0.016407 0.034848 -0.083350 0.995776
1348.099437 303.079163 -33.080809 3.312468 -0.016239 0.035669 -0.083031 0.995776
1348.199285 303.177253 -33.092489 3.310767 -0.017219 0.035161 -0.082503 0.995821
1348.299123 303.278560 -33.101749 3.317717 -0.018078 0.034518 -0.081840 0.995883
1348.399765 303.379232 -33.110069 3.323268 -0.018298 0.032962 -0.081377 0.995970
1348.499623 303.475704 -33.120254 3.323914 -0.016621 0.032533 -0.081574 0.995997
1348.599463 303.566189 -33.135452 3.319797 -0.015446 0.030767 -0.081954 0.996041
1348.699302 303.657315 -33.149824 3.311772 -0.015797 0.030447 -0.082624 0.995990
1348.799142 303.757917 -33.157497 3.309233 -0.015661 0.032814 -0.083007 0.995885
1348.899779 303.857033 -33.165936 3.310204 -0.014276 0.034371 -0.083241 0.995834
1348.999626 303.956233 -33.175260 3.308539 -0.014082 0.034409 -0.083833 0.995786
1349.099459 304.051770 -33.186091 3.307335 -0.014595 0.033331 -0.084287 0.995777
1349.199297 304.146838 -33.197740 3.307722 -0.014806 0.034649 -0.084653 0.995698
1349.299141 304.243161 -33.207079 3.306830 -0.015228 0.036481 -0.085069 0.995591
1349.399793 304.335219 -33.216577 3.307205 -0.015956 0.038883 -0.085032 0.995491
1349.499623 304.420930 -33.232133 3.303496 -0.015662 0.039759 -0.085132 0.995453
1349.599465 304.511688 -33.248843 3.300898 -0.014660 0.039672 -0.085284 0.995459
1349.699301 304.605370 -33.262152 3.301352 -0.014281 0.038718 -0.085061 0.995521
1349.799136 304.708674 -33.272357 3.304668 -0.015239 0.038718 -0.084825 0.995527
1349.899782 304.807386 -33.284763 3.302557 -0.017116 0.039242 -0.084578 0.995497
1349.999630 304.898039 -33.301447 3.295161 -0.017054 0.040433 -0.084163 0.995485
1350.099460 304.990557 -33.315486 3.291945 -0.017381 0.040946 -0.084185 0.995457
1350.199309 305.084075 -33.331583 3.293982 -0.016784 0.039770 -0.084018 0.995529
1350.299149 305.169010 -33.351383 3.299088 -0.016999 0.038498 -0.083802 0.995593
1350.399788 305.263873 -33.370139 3.301907 -0.018042 0.038367 -0.084010 0.995563
1350.499608 305.356091 -33.386762 3.298801 -0.019659 0.039465 -0.083287 0.995550
1350.599439 305.440557 -33.405009 3.293791 -0.020411 0.042052 -0.082061 0.995531
1350.699286 305.524955 -33.421998 3.282225 -0.020542 0.043646 -0.081485 0.995507
1350.799125 305.629922 -33.436196 3.263882 -0.021275 0.044028 -0.081330 0.995487
1350.899770 305.731406 -33.455300 3.254878 -0.021509 0.043079 -0.081405 0.995517
1350.999626 305.821128 -33.474475 3.248719 -0.020270 0.041170 -0.081430 0.995622
1351.099463 305.911021 -33.491907 3.246382 -0.018842 0.041894 -0.081642 0.995603
1351.199300 306.016778 -33.510189 3.236784 -0.018414 0.044391 -0.081790 0.995490
1351.299128 306.122262 -33.525821 3.222182 -0.017595 0.045798 -0.081624 0.995455
1351.399771 306.235002 -33.537270 3.204791 -0.017550 0.044666 -0.081700 0.995501
1351.499596 306.346442 -33.561909 3.198636 -0.018120 0.042016 -0.081265 0.995642
1351.599437 306.455302 -33.582011 3.192877 -0.017905 0.040788 -0.081142 0.995707
1351.699262 306.568541 -33.597904 3.184719 -0.016927 0.042475 -0.081322 0.995639
1351.799495 306.684821 -33.615091 3.183307 -0.017247 0.044484 -0.081429 0.995537
1351.899337 306.795900 -33.629565 3.186285 -0.017212 0.044959 -0.081634 0.995499
1351.999183 306.905484 -33.645762 3.193456 -0.018847 0.042446 -0.081939 0.995555
1352.099823 307.011239 -33.659857 3.191240 -0.018289 0.039651 -0.082213 0.995658
1352.199665 307.115668 -33.674963 3.186332 -0.015519 0.038652 -0.082503 0.995720
1352.299499 307.220108 -33.688350 3.186161 -0.012252 0.039524 -0.082577 0.995725
1352.399334 307.327579 -33.705260 3.185178 -0.011659 0.042968 -0.082510 0.995595
1352.499170 307.439327 -33.724695 3.182883 -0.013163 0.045663 -0.082350 0.995470
1352.599803 307.559087 -33.748102 3.187667 -0.014496 0.044908 -0.082569 0.995467
1352.699648 307.676016 -33.766875 3.194630 -0.015869 0.042957 -0.082832 0.995511
1352.799483 307.792881 -33.779050 3.189187 -0.017180 0.040949 -0.082969 0.995562
1352.899332 307.907830 -33.795569 3.184627 -0.018344 0.041798 -0.083239 0.995484
1352.999159 308.030736 -33.819519 3.184620 -0.018983 0.042528 -0.082918 0.995467
1353.099798 308.145399 -33.841570 3.186174 -0.016913 0.040230 -0.083009 0.995593
1353.199632 308.249829 -33.863330 3.187428 -0.016750 0.038542 -0.083221 0.995645
1353.299477 308.353199 -33.879379 3.184483 -0.018598 0.038842 -0.083148 0.995606
1353.399320 308.470745 -33.889989 3.183360 -0.019802 0.040854 -0.082680 0.995542
1353.499154 308.586300 -33.906395 3.176304 -0.020165 0.042835 -0.082237 0.995488
1353.599780 308.712684 -33.928462 3.175035 -0.021247 0.044355 -0.081855 0.995430
1353.699620 308.840100 -33.950664 3.176476 -0.023207 0.043556 -0.081924 0.995416
1353.799463 308.956942 -33.965773 3.177153 -0.024149 0.039856 -0.082413 0.995508
1353.899305 309.078901 -33.981373 3.182320 -0.026437 0.036746 -0.081562 0.995640
1353.999150 309.203523 -33.997211 3.184668 -0.026458 0.035370 -0.080337 0.995789
1354.099781 309.330005 -34.011616 3.186144 -0.026387 0.036503 -0.078585 0.995889
1354.199621 309.448721 -34.027896 3.184852 -0.024332 0.038185 -0.075545 0.996114
1354.299452 309.569691 -34.039128 3.184082 -0.026338 0.038671 -0.071692 0.996329
1354.399290 309.697817 -34.046786 3.177004 -0.029795 0.038231 -0.067067 0.996570
1354.499133 309.823165 -34.048195 3.170863 -0.030581 0.038332 -0.062241 0.996856
1354.599758 309.943102 -34.050132 3.168004 -0.028747 0.038841 -0.057921 0.997151
1354.699600 310.055025 -34.055291 3.168795 -0.024111 0.039019 -0.056889 0.997326
1354.799425 310.173208 -34.064744 3.175408 -0.021666 0.038386 -0.056928 0.997405
1354.899261 310.295529 -34.072785 3.180695 -0.018845 0.037526 -0.057279 0.997475
1354.999508 310.418719 -34.077625 3.175704 -0.015912 0.034687 -0.057283 0.997628
1355.099356 310.535679 -34.077053 3.165418 -0.014895 0.032243 -0.056860 0.997750
1355.199190 310.657141 -34.078293 3.165683 -0.017610 0.033490 -0.056074 0.997709
1355.299827 310.774998 -34.078982 3.166461 -0.018631 0.034573 -0.056019 0.997657
1355.399666 310.894987 -34.080600 3.168318 -0.019593 0.029968 -0.056742 0.997747
1355.499500 311.003077 -34.085088 3.165311 -0.022043 0.025438 -0.057693 0.997767
1355.599323 311.112535 -34.091521 3.175267 -0.024239 0.021480 -0.057639 0.997812
1355.699151 311.226868 -34.098013 3.163136 -0.021381 0.014862 -0.057622 0.997999
1355.799792 311.343333 -34.102515 3.152644 -0.018510 0.018664 -0.058414 0.997946
1355.899625 311.452212 -34.111144 3.149582 -0.016700 0.024774 -0.058665 0.997831
1355.999455 311.552684 -34.116748 3.154931 -0.015426 0.024675 -0.059970 0.997776
1356.099296 311.642519 -34.118966 3.154675 -0.017104 0.023707 -0.062091 0.997642
1356.199141 311.725803 -34.120742 3.164948 -0.018617 0.017901 -0.064275 0.997598
1356.299777 311.820486 -34.131969 3.163657 -0.018014 0.004351 -0.064854 0.997723
1356.399621 311.911154 -34.142474 3.164858 -0.018923 0.008760 -0.066123 0.997594
1356.499451 311.995632 -34.148978 3.160128 -0.018255 0.021288 -0.067572 0.997320
1356.599289 312.058584 -34.157184 3.150197 -0.018529 0.024097 -0.069085 0.997148
1356.699134 312.119426 -34.162489 3.149784 -0.018080 0.025988 -0.071049 0.996970
1356.799792 312.175439 -34.163958 3.159110 -0.020470 0.014288 -0.071595 0.997121
1356.899628 312.244075 -34.167870 3.156345 -0.022234 0.011123 -0.071743 0.997113
1356.999471 312.316429 -34.173973 3.142316 -0.022713 0.017364 -0.071437 0.997035
1357.099317 312.382090 -34.182246 3.136985 -0.022417 0.025457 -0.070892 0.996907
1357.199161 312.437852 -34.190517 3.139740 -0.022084 0.026851 -0.070507 0.996905
1357.299807 312.476171 -34.194807 3.151170 -0.020366 0.010267 -0.069944 0.997290
1357.399656 312.522779 -34.195513 3.166936 -0.019162 -0.002678 -0.069992 0.997360
1357.499503 312.566106 -34.194403 3.167687 -0.018499 0.004836 -0.070777 0.997309
1357.599334 312.605370 -34.194868 3.157464 -0.018636 0.017948 -0.071279 0.997121
1357.699176 312.641928 -34.200301 3.144400 -0.018739 0.027900 -0.071511 0.996873
1357.799813 312.676278 -34.207482 3.134965 -0.018809 0.031810 -0.071163 0.996780
1357.899657 312.715873 -34.212461 3.147629 -0.018035 0.034757 -0.071049 0.996704
1357.999496 312.756076 -34.215516 3.155844 -0.018408 0.036261 -0.070835 0.996659
1358.099337 312.805939 -34.219103 3.154617 -0.017899 0.039364 -0.070919 0.996544
1358.199151 312.856752 -34.223939 3.145363 -0.017338 0.044848 -0.070710 0.996337
1358.299792 312.905371 -34.232073 3.137495 -0.017167 0.050563 -0.070839 0.996057
1358.399637 312.948025 -34.239777 3.137216 -0.016515 0.053754 -0.070934 0.995895
1358.499468 312.991037 -34.244642 3.140387 -0.016602 0.054546 -0.071201 0.995831
1358.599319 313.034118 -34.247354 3.138289 -0.016753 0.052688 -0.071581 0.995901
1358.699155 313.074368 -34.252258 3.133190 -0.017460 0.052174 -0.071806 0.995900
1358.799801 313.120476 -34.259581 3.129392 -0.017761 0.054009 -0.072067 0.995778
1358.899648 313.171540 -34.269340 3.127547 -0.017455 0.056250 -0.072307 0.995642
1358.999488 313.226012 -34.277621 3.119304 -0.018387 0.058857 -0.072504 0.995460
1359.099336 313.292499 -34.291835 3.108138 -0.018122 0.061523 -0.072601 0.995297
1359.199169 313.372665 -34.306671 3.097486 -0.017707 0.065236 -0.072789 0.995054
1359.299804 313.461666 -34.319568 3.083185 -0.016502 0.069928 -0.072991 0.994741
1359.399633 313.551312 -34.333859 3.069432 -0.016520 0.074725 -0.073133 0.994382
1359.499469 313.653091 -34.351017 3.056665 -0.016318 0.075997 -0.073058 0.994294
1359.599305 313.750771 -34.366604 3.045831 -0.017212 0.072109 -0.073083 0.994567
1359.699150 313.859004 -34.386203 3.038737 -0.017956 0.068146 -0.073251 0.994821
1359.799784 313.983757 -34.407973 3.028948 -0.017679 0.065618 -0.073248 0.994996
1359.899627 314.110594 -34.425296 3.018011 -0.017632 0.064714 -0.072451 0.995114
1359.999470 314.240489 -34.443347 3.005251 -0.019652 0.062433 -0.071293 0.995306
1360.099307 314.378929 -34.464270 3.000383 -0.023177 0.060087 -0.070336 0.995442
1360.199164 314.510532 -34.483238 3.005531 -0.024200 0.056316 -0.070556 0.995623
1360.299813 314.651455 -34.499032 3.008575 -0.022008 0.051290 -0.071893 0.995850
1360.399645 314.791582 -34.517428 3.010436 -0.016809 0.051581 -0.073786 0.995797
1360.499477 314.928126 -34.535426 3.010100 -0.012978 0.052257 -0.075505 0.995691
1360.599322 315.062532 -34.557349 3.001421 -0.009717 0.047761 -0.076553 0.995874
1360.699151 315.201167 -34.575856 2.993347 -0.008391 0.041633 -0.077442 0.996092
1360.799780 315.345779 -34.592700 2.989691 -0.011845 0.037624 -0.077590 0.996205
1360.899615 315.497597 -34.613361 2.994362 -0.017312 0.035711 -0.077079 0.996235
1360.999455 315.651415 -34.637043 3.000974 -0.020099 0.037317 -0.076502 0.996168
1361.099311 315.798605 -34.660272 3.001964 -0.019732 0.038067 -0.076139 0.996175
1361.199171 315.934713 -34.682008 2.996505 -0.019604 0.038977 -0.076125 0.996143
1361.299815 316.071941 -34.702529 2.986366 -0.019773 0.038311 -0.075701 0.996198
1361.399660 316.209462 -34.716805 2.990349 -0.019114 0.040609 -0.075707 0.996120
1361.499504 316.347780 -34.735729 2.993827 -0.017799 0.041335 -0.075200 0.996152
1361.599350 316.485117 -34.758299 2.993689 -0.017125 0.041922 -0.075115 0.996146
1361.699195 316.625888 -34.784976 2.993018 -0.017206 0.042301 -0.074594 0.996168
1361.799841 316.765960 -34.807679 2.991106 -0.017113 0.040569 -0.073705 0.996308
1361.899694 316.909396 -34.826536 2.985679 -0.017452 0.038068 -0.073222 0.996436
1361.999520 317.051289 -34.843500 2.982104 -0.019533 0.039086 -0.073033 0.996372
1362.099368 317.194324 -34.861739 2.981327 -0.019051 0.042429 -0.072478 0.996285
1362.199212 317.334449 -34.879458 2.978618 -0.019114 0.045515 -0.072682 0.996133
1362.299461 317.471292 -34.897529 2.975331 -0.018579 0.048205 -0.072982 0.995994
1362.399305 317.607229 -34.912632 2.976308 -0.021028 0.048423 -0.073661 0.995885
1362.499148 317.750307 -34.928169 2.980695 -0.024450 0.045389 -0.074149 0.995914
1362.599800 317.906222 -34.944559 2.982133 -0.026411 0.040807 -0.074339 0.996048
1362.699638 318.056588 -34.962267 2.977050 -0.026136 0.037776 -0.074325 0.996176
1362.799473 318.201297 -34.974064 2.967696 -0.024691 0.035945 -0.073873 0.996314
1362.899315 318.335904 -34.982894 2.965483 -0.022780 0.035172 -0.073275 0.996431
1362.999146 318.465888 -34.993423 2.967049 -0.021795 0.034983 -0.072509 0.996516
1363.099783 318.593761 -35.003614 2.962789 -0.019777 0.036024 -0.072538 0.996519
1363.199627 318.723731 -35.009583 2.962329 -0.019746 0.038124 -0.073068 0.996402
1363.299469 318.859310 -35.019618 2.961759 -0.018369 0.039703 -0.073549 0.996332
1363.399299 318.990998 -35.033578 2.956586 -0.016951 0.040592 -0.073496 0.996325
1363.499141 319.113751 -35.046953 2.950446 -0.017876 0.040459 -0.072831 0.996363
1363.599790 319.252999 -35.060908 2.945765 -0.019669 0.038940 -0.071966 0.996453
1363.699635 319.388315 -35.072021 2.947151 -0.021246 0.036587 -0.071727 0.996527
1363.799486 319.530677 -35.084313 2.950157 -0.021073 0.037498 -0.071937 0.996481
1363.899331 319.659505 -35.096870 2.949527 -0.019868 0.038576 -0.072114 0.996452
1363.999188 319.782444 -35.109541 2.945691 -0.018845 0.037022 -0.072345 0.996514
1364.099825 319.910508 -35.120934 2.944383 -0.019785 0.033975 -0.072663 0.996581
1364.199676 320.032715 -35.133214 2.942367 -0.021123 0.034130 -0.072828 0.996537
1364.299502 320.148853 -35.148041 2.940512 -0.022420 0.034851 -0.073031 0.996468
1364.399334 320.271540 -35.160373 2.938549 -0.022761 0.037415 -0.073274 0.996350
1364.499173 320.385331 -35.169020 2.938478 -0.021710 0.038103 -0.073450 0.996334
1364.599811 320.494300 -35.177028 2.936901 -0.019823 0.038486 -0.073080 0.996386
1364.699647 320.610140 -35.187256 2.935037 -0.019348 0.036170 -0.072511 0.996524
1364.799467 320.727099 -35.198140 2.935145 -0.020554 0.034796 -0.072167 0.996573
1364.899315 320.846290 -35.211880 2.929494 -0.021552 0.034873 -0.071893 0.996570
1364.999152 320.969963 -35.229424 2.924761 -0.021151 0.036229 -0.071397 0.996565
1365.099797 321.092011 -35.244089 2.922940 -0.020848 0.036048 -0.071553 0.996567
1365.199628 321.203168 -35.250893 2.923147 -0.020650 0.035890 -0.071603 0.996573
1365.299458 321.312650 -35.255744 2.918551 -0.020780 0.036263 -0.071722 0.996549
1365.399294 321.417605 -35.263460 2.916298 -0.019198 0.036858 -0.071903 0.996545
1365.499150 321.521576 -35.271571 2.911385 -0.017792 0.037534 -0.071990 0.996540
1365.599795 321.629318 -35.283625 2.910290 -0.018238 0.038043 -0.071928 0.996517
1365.699637 321.736645 -35.293659 2.914661 -0.018529 0.037991 -0.071762 0.996526
1365.799479 321.836354 -35.303821 2.915328 -0.018166 0.038551 -0.071753 0.996512
1365.899328 321.939671 -35.311841 2.912745 -0.017880 0.038389 -0.072205 0.996490
1365.999172 322.048297 -35.322704 2.911510 -0.019066 0.036471 -0.072287 0.996534
1366.099808 322.160666 -35.331924 2.910759 -0.018819 0.036739 -0.072830 0.996490
1366.199647 322.268109 -35.343165 2.908523 -0.018584 0.036478 -0.073143 0.996481
1366.299472 322.379506 -35.355069 2.907418 -0.017514 0.036514 -0.073238 0.996492
1366.399309 322.492787 -35.368269 2.904482 -0.017333 0.037307 -0.073199 0.996469
1366.499152 322.600886 -35.381936 2.903709 -0.017862 0.037655 -0.073080 0.996455
1366.599790 322.700398 -35.392733 2.904423 -0.018917 0.037414 -0.072733 0.996470
1366.699630 322.796638 -35.402410 2.906656 -0.018055 0.038528 -0.072385 0.996469
1366.799461 322.894896 -35.416723 2.903247 -0.017817 0.042368 -0.072042 0.996342
1366.899305 322.993580 -35.429075 2.892831 -0.015854 0.049157 -0.071746 0.996085
1366.999136 323.087544 -35.441945 2.881073 -0.016116 0.053827 -0.071487 0.995858
1367.099785 323.172376 -35.453944 2.868787 -0.017215 0.056954 -0.071336 0.995676
1367.199609 323.269346 -35.466012 2.856459 -0.016546 0.061008 -0.071688 0.995422
1367.299453 323.390131 -35.479869 2.844100 -0.015246 0.064261 -0.071836 0.995227
1367.399283 323.518529 -35.497503 2.832125 -0.014867 0.063126 -0.071629 0.995321
1367.499128 323.649409 -35.513527 2.818178 -0.017047 0.058708 -0.071353 0.995576
1367.599765 323.781107 -35.524714 2.797177 -0.017485 0.053730 -0.071188 0.995861
1367.699592 323.917836 -35.540172 2.773029 -0.017505 0.051198 -0.071081 0.996002
1367.799420 324.054865 -35.555215 2.761150 -0.017515 0.051596 -0.071317 0.995964
1367.899267 324.188013 -35.569910 2.747533 -0.015199 0.048357 -0.072283 0.996095
1367.999502 324.319499 -35.584272 2.731965 -0.011102 0.047144 -0.073162 0.996143
1368.099341 324.455575 -35.601947 2.720983 -0.010465 0.049578 -0.074500 0.995933
1368.199175 324.582927 -35.617569 2.715794 -0.011273 0.050251 -0.075460 0.995818
1368.299817 324.697709 -35.631072 2.711103 -0.012886 0.049650 -0.075387 0.995834
1368.399665 324.819649 -35.645111 2.708331 -0.014448 0.049829 -0.074983 0.995834
1368.499507 324.953347 -35.663034 2.707353 -0.015141 0.049007 -0.074714 0.995885
1368.599359 325.090355 -35.679878 2.707597 -0.013128 0.047430 -0.074339 0.996018
1368.699182 325.228187 -35.695452 2.711866 -0.014055 0.046303 -0.074050 0.996080
1368.799834 325.373004 -35.717880 2.712396 -0.018215 0.049259 -0.073952 0.995878
1368.899671 325.525432 -35.740432 2.705766 -0.022806 0.052318 -0.073766 0.995641
1368.999504 325.676200 -35.757131 2.700868 -0.023744 0.051573 -0.074408 0.995610
1369.099347 325.827173 -35.772053 2.701960 -0.021622 0.049736 -0.074851 0.995719
1369.199190 325.984674 -35.790905 2.703383 -0.019711 0.047807 -0.075779 0.995783
1369.299827 326.139269 -35.809266 2.704703 -0.018876 0.046956 -0.076356 0.995795
1369.399668 326.285555 -35.824620 2.702962 -0.018888 0.047552 -0.076714 0.995739
1369.499510 326.429340 -35.840108 2.695174 -0.019851 0.049037 -0.076623 0.995656
1369.599349 326.572485 -35.853200 2.689936 -0.019361 0.047924 -0.075832 0.995780
1369.699182 326.725317 -35.868312 2.690728 -0.018854 0.045192 -0.075026 0.995979
1369.799827 326.883082 -35.886749 2.691492 -0.018856 0.045086 -0.074699 0.996008
1369.899673 327.025769 -35.904245 2.695827 -0.017640 0.046909 -0.074617 0.995952
1369.999516 327.162058 -35.915368 2.697856 -0.017266 0.047356 -0.074848 0.995920
1370.099371 327.300842 -35.924636 2.696402 -0.016893 0.046633 -0.075248 0.995931
1370.199197 327.437990 -35.939082 2.696088 -0.015492 0.045621 -0.075493 0.995982
1370.299838 327.573569 -35.953922 2.693526 -0.015093 0.045143 -0.075645 0.995998
1370.399681 327.713024 -35.968693 2.689516 -0.015653 0.043718 -0.075644 0.996053
1370.499513 327.870447 -35.987026 2.685749 -0.016760 0.043459 -0.075647 0.996046
1370.599352 328.022403 -36.000858 2.683535 -0.015564 0.045370 -0.075801 0.995969
1370.699191 328.170108 -36.013270 2.683611 -0.014087 0.049265 -0.076113 0.995782
1370.799832 328.321045 -36.032110 2.683573 -0.014204 0.052990 -0.076272 0.995577
1370.899658 328.469905 -36.052283 2.682101 -0.014552 0.052980 -0.076670 0.995542
1370.999493 328.620660 -36.068559 2.682192 -0.015717 0.050923 -0.077305 0.995582
1371.099328 328.773245 -36.085128 2.678773 -0.016420 0.048587 -0.077835 0.995646
1371.199178 328.925595 -36.104478 2.671420 -0.015754 0.046784 -0.078249 0.995711
1371.299822 329.095691 -36.125037 2.666868 -0.014341 0.046752 -0.078588 0.995707
1371.399647 329.263637 -36.146829 2.665096 -0.014065 0.048509 -0.078869 0.995605
1371.499484 329.422416 -36.169844 2.660400 -0.013343 0.050922 -0.079086 0.995477
1371.599315 329.566558 -36.188432 2.660148 -0.013064 0.051677 -0.078908 0.995456
1371.699158 329.706880 -36.204805 2.658132 -0.014745 0.050220 -0.078581 0.995533
1371.799795 329.850539 -36.222997 2.648796 -0.016863 0.048799 -0.078275 0.995594
1371.899632 330.004591 -36.245195 2.636532 -0.018173 0.049234 -0.078247 0.995552
1371.999461 330.159190 -36.267608 2.620428 -0.018791 0.047775 -0.078165 0.995618
1372.099295 330.310611 -36.293024 2.608031 -0.018530 0.042938 -0.077803 0.995871
1372.199136 330.471664 -36.320039 2.594319 -0.017871 0.038426 -0.077717 0.996074
1372.299781 330.627451 -36.343238 2.578016 -0.018026 0.035486 -0.077940 0.996163
1372.399637 330.777191 -36.363704 2.560499 -0.017679 0.033161 -0.078114 0.996236
1372.499479 330.931096 -36.383300 2.539508 -0.017300 0.031378 -0.078554 0.996266
1372.599312 331.067014 -36.403410 2.518398 -0.017697 0.031580 -0.078441 0.996261
1372.699147 331.198473 -36.425344 2.499098 -0.017293 0.034289 -0.078524 0.996172
1372.799792 331.330636 -36.443849 2.481034 -0.016534 0.038095 -0.078608 0.996040
1372.899629 331.464734 -36.462000 2.455993 -0.016123 0.041385 -0.078681 0.995910
1372.999463 331.601670 -36.485258 2.432923 -0.016281 0.044539 -0.078499 0.995786
1373.099308 331.730339 -36.506056 2.410162 -0.016385 0.046529 -0.078130 0.995722
1373.199151 331.867564 -36.525229 2.389204 -0.017083 0.046817 -0.078334 0.995681
1373.299802 332.004939 -36.544972 2.368031 -0.017430 0.046569 -0.078430 0.995679
1373.399637 332.134333 -36.565725 2.342367 -0.016514 0.045697 -0.078312 0.995744
1373.499492 332.260738 -36.587638 2.323354 -0.016626 0.045734 -0.078410 0.995733
1373.599331 332.401203 -36.609579 2.302496 -0.016081 0.045484 -0.078121 0.995776
1373.699174 332.538077 -36.625924 2.287629 -0.016850 0.046020 -0.078086 0.995741
1373.799819 332.683513 -36.646422 2.273396 -0.017016 0.048406 -0.077998 0.995632
1373.899661 332.827501 -36.670264 2.265746 -0.017241 0.051859 -0.078063 0.995449
1373.999502 332.977704 -36.695449 2.262144 -0.018029 0.052442 -0.078115 0.995401
1374.099345 333.122003 -36.718347 2.259153 -0.017474 0.050786 -0.078242 0.995487
1374.199190 333.257668 -36.739689 2.252110 -0.018863 0.048764 -0.078408 0.995549
1374.299837 333.404428 -36.761946 2.245828 -0.018430 0.048630 -0.078660 0.995544
1374.399676 333.547826 -36.787186 2.245048 -0.017765 0.049394 -0.078874 0.995502
1374.499510 333.686266 -36.809369 2.245582 -0.017700 0.049559 -0.078984 0.995486
1374.599355 333.816641 -36.829765 2.245380 -0.018786 0.048628 -0.079109 0.995502
1374.699177 333.950984 -36.850001 2.244982 -0.020194 0.047649 -0.079256 0.995510
1374.799828 334.097993 -36.875713 2.242889 -0.019479 0.047414 -0.079608 0.995507
1374.899654 334.236670 -36.900824 2.240362 -0.017970 0.049960 -0.079972 0.995382
1374.999487 334.377088 -36.926641 2.239534 -0.017224 0.052759 -0.080381 0.995218
1375.099320 334.540095 -36.950909 2.242760 -0.017211 0.054672 -0.080283 0.995123
1375.199162 334.713503 -36.971032 2.240587 -0.019359 0.053166 -0.080763 0.995126
1375.299803 334.885333 -36.999136 2.239555 -0.020202 0.050093 -0.081335 0.995222
1375.399630 335.031541 -37.027477 2.239788 -0.021148 0.048450 -0.081394 0.995279
1375.499481 335.174384 -37.055574 2.238865 -0.019372 0.047351 -0.081020 0.995399
1375.599316 335.320299 -37.081177 2.236818 -0.016852 0.048776 -0.080566 0.995412
1375.699163 335.476654 -37.105208 2.232356 -0.016266 0.048819 -0.080625 0.995415
1375.799795 335.632940 -37.129806 2.227405 -0.015130 0.045166 -0.080366 0.995627
1375.899631 335.788496 -37.159809 2.233603 -0.015076 0.042593 -0.079641 0.995799
1375.999471 335.954003 -37.187482 2.238550 -0.017518 0.042556 -0.079553 0.995768
1376.099304 336.126276 -37.213991 2.232692 -0.022414 0.045871 -0.079916 0.995493
1376.199146 336.290127 -37.238686 2.224527 -0.025483 0.044267 -0.080312 0.995460
1376.299778 336.450983 -37.264039 2.220758 -0.021821 0.042250 -0.080567 0.995614
1376.399624 336.603980 -37.289694 2.217289 -0.016234 0.042983 -0.081437 0.995619
1376.499460 336.753917 -37.315768 2.215690 -0.015064 0.044403 -0.082019 0.995527
1376.599307 336.909942 -37.342504 2.211052 -0.019679 0.043937 -0.080701 0.995575
1376.699164 337.077334 -37.366194 2.210959 -0.019861 0.043730 -0.079031 0.995715
1376.799804 337.240941 -37.393842 2.208738 -0.018712 0.041426 -0.078489 0.995878
1376.899630 337.398146 -37.420947 2.208857 -0.021318 0.038530 -0.078440 0.995946
1376.999472 337.564112 -37.451496 2.212427 -0.025574 0.035850 -0.077331 0.996033
1377.099316 337.727920 -37.479301 2.212585 -0.026214 0.035094 -0.076890 0.996077
1377.199159 337.877205 -37.502970 2.208788 -0.026482 0.034820 -0.076353 0.996121
1377.299801 338.024741 -37.524558 2.202832 -0.025641 0.034849 -0.075937 0.996173
1377.399648 338.172007 -37.541533 2.199868 -0.024867 0.035190 -0.075473 0.996216
1377.499486 338.306964 -37.561850 2.198300 -0.025045 0.035201 -0.074727 0.996268
1377.599336 338.435201 -37.583743 2.195784 -0.026076 0.033928 -0.074631 0.996293
1377.699180 338.567389 -37.607415 2.192327 -0.028176 0.033998 -0.075216 0.996189
1377.799829 338.697105 -37.630406 2.186883 -0.029243 0.034842 -0.075446 0.996112
1377.899661 338.829789 -37.649864 2.184985 -0.026693 0.036437 -0.075149 0.996149
1377.999503 338.968276 -37.667517 2.185026 -0.023206 0.037247 -0.075109 0.996209
1378.099338 339.096370 -37.684112 2.183234 -0.024886 0.037261 -0.075137 0.996166
1378.199195 339.228894 -37.702083 2.180461 -0.025596 0.037582 -0.075193 0.996132
1378.299837 339.365447 -37.718009 2.180302 -0.025489 0.037995 -0.074987 0.996134
1378.399685 339.501546 -37.737115 2.181246 -0.026044 0.039611 -0.074978 0.996058
1378.499516 339.640129 -37.755929 2.180323 -0.024110 0.041638 -0.075092 0.996015
1378.599359 339.773857 -37.773089 2.172805 -0.023348 0.042015 -0.075166 0.996012
1378.699188 339.892653 -37.786140 2.167278 -0.023905 0.041640 -0.075208 0.996011
1378.799820 340.018047 -37.799227 2.164627 -0.025705 0.039700 -0.075167 0.996049
1378.899657 340.147331 -37.813394 2.168749 -0.026487 0.038564 -0.075243 0.996067
1378.999495 340.267039 -37.827694 2.175421 -0.028289 0.038369 -0.075661 0.995993
1379.099330 340.384235 -37.840203 2.173775 -0.027353 0.038915 -0.075815 0.995987
1379.199170 340.502819 -37.852036 2.163457 -0.026516 0.039970 -0.075908 0.995960
1379.299818 340.629326 -37.860534 2.155378 -0.027669 0.038686 -0.075757 0.995991
1379.399664 340.758537 -37.870302 2.157676 -0.030922 0.034302 -0.075206 0.996098
1379.499510 340.908361 -37.883790 2.159318 -0.031639 0.032003 -0.075189 0.996153
1379.599350 341.041040 -37.893301 2.161332 -0.030391 0.036046 -0.075630 0.996021
1379.699169 341.165145 -37.900511 2.160144 -0.026719 0.039632 -0.075610 0.995991
1379.799795 341.282035 -37.908267 2.158211 -0.021527 0.043593 -0.075744 0.995941
1379.899641 341.394707 -37.915674 2.154299 -0.020547 0.045512 -0.076083 0.995850
1379.999480 341.520538 -37.919848 2.152025 -0.021882 0.046572 -0.076201 0.995764
1380.099318 341.644460 -37.926049 2.145603 -0.021571 0.044918 -0.075878 0.995871
1380.199170 341.778373 -37.932248 2.142109 -0.022422 0.044445 -0.075773 0.995882
1380.299810 341.914867 -37.942825 2.139438 -0.021461 0.046207 -0.075846 0.995817
1380.399661 342.044283 -37.950933 2.138276 -0.022080 0.049135 -0.075971 0.995654
1380.499498 342.165137 -37.957886 2.138370 -0.022882 0.049191 -0.075871 0.995641
1380.599333 342.287225 -37.969539 2.134641 -0.023163 0.045115 -0.076157 0.995805
1380.699182 342.412667 -37.978296 2.125582 -0.020830 0.041472 -0.076543 0.995986
1380.799826 342.539767 -37.987552 2.120209 -0.018268 0.042451 -0.076533 0.995995
1380.899670 342.663163 -37.992895 2.122237 -0.019197 0.045011 -0.076772 0.995847
1380.999521 342.791044 -38.000458 2.123686 -0.020713 0.045579 -0.076988 0.995774
1381.099375 342.922551 -38.009601 2.121323 -0.021659 0.046098 -0.077146 0.995718
1381.199208 343.054203 -38.019111 2.115959 -0.022353 0.045170 -0.077317 0.995732
1381.299460 343.185271 -38.032243 2.114542 -0.024642 0.044452 -0.077417 0.995702
1381.399300 343.324279 -38.048040 2.107487 -0.026556 0.044809 -0.077520 0.995629
1381.499145 343.460960 -38.061990 2.097362 -0.025152 0.048121 -0.077332 0.995526
1381.599777 343.585834 -38.073644 2.086725 -0.024310 0.049770 -0.076968 0.995494
1381.699619 343.716537 -38.086994 2.080416 -0.023589 0.047599 -0.076113 0.995683
1381.799454 343.848176 -38.093936 2.076505 -0.024259 0.043040 -0.075611 0.995913
1381.899284 343.984094 -38.103457 2.076852 -0.024845 0.042653 -0.075568 0.995918
1381.999127 344.122912 -38.116539 2.068382 -0.023673 0.047094 -0.075750 0.995733
1382.099765 344.260117 -38.130286 2.056219 -0.022417 0.051873 -0.076068 0.995500
1382.199599 344.395767 -38.142414 2.044264 -0.021539 0.052110 -0.076501 0.995474
1382.299438 344.533283 -38.152463 2.041099 -0.021530 0.049502 -0.077026 0.995567
1382.399278 344.667201 -38.161531 2.043190 -0.021899 0.046764 -0.077661 0.995642
1382.499115 344.807091 -38.173313 2.045107 -0.023139 0.046429 -0.078074 0.995597
1382.599754 344.955046 -38.188483 2.047930 -0.021480 0.048532 -0.077919 0.995546
1382.699584 345.105527 -38.204078 2.042959 -0.020340 0.049990 -0.077441 0.995535
1382.799423 345.248350 -38.220307 2.036164 -0.022179 0.048584 -0.077330 0.995574
1382.899261 345.384121 -38.233561 2.030763 -0.023647 0.045222 -0.077270 0.995703
1382.999501 345.514809 -38.244155 2.026964 -0.023079 0.043084 -0.076932 0.995838
1383.099345 345.651502 -38.256997 2.024171 -0.022731 0.041413 -0.076803 0.995927
1383.199171 345.797055 -38.267960 2.024690 -0.022850 0.041656 -0.077401 0.995867
1383.299810 345.942539 -38.282513 2.030428 -0.021687 0.044110 -0.077527 0.995778
1383.399645 346.080571 -38.297870 2.029936 -0.019685 0.044735 -0.077203 0.995817
1383.499479 346.224802 -38.312701 2.025666 -0.019202 0.044756 -0.077244 0.995822
1383.599320 346.374282 -38.329985 2.025878 -0.020364 0.046486 -0.077049 0.995735
1383.699164 346.527326 -38.342912 2.022868 -0.020725 0.045626 -0.076828 0.995784
1383.799807 346.678454 -38.357915 2.018851 -0.021005 0.045805 -0.077044 0.995753
1383.899638 346.820694 -38.373565 2.016842 -0.021071 0.045700 -0.077566 0.995716
1383.999481 346.959150 -38.390008 2.018455 -0.020641 0.044747 -0.078059 0.995730
1384.099323 347.099346 -38.409692 2.018772 -0.020680 0.041308 -0.078572 0.995838
1384.199154 347.237444 -38.427267 2.018456 -0.020544 0.040534 -0.078605 0.995870
1384.299795 347.380420 -38.439163 2.014519 -0.021107 0.042578 -0.078391 0.995789
1384.399637 347.524277 -38.449914 2.013712 -0.022008 0.044258 -0.078369 0.995698
1384.499476 347.671234 -38.468249 2.011719 -0.021718 0.045903 -0.078019 0.995658
1384.599318 347.806496 -38.490054 2.013788 -0.020343 0.044705 -0.077453 0.995785
1384.699154 347.955213 -38.516379 2.017664 -0.019905 0.043654 -0.077235 0.995858
1384.799777 348.106646 -38.537872 2.008802 -0.021480 0.045120 -0.077149 0.995766
1384.899613 348.252984 -38.556786 2.003490 -0.022691 0.048019 -0.077026 0.995614
1384.999461 348.393844 -38.574973 2.000123 -0.022834 0.048978 -0.077177 0.995552
1385.099297 348.534520 -38.594103 2.001243 -0.022447 0.047742 -0.076913 0.995641
1385.199153 348.674537 -38.610375 2.000785 -0.023244 0.047026 -0.076966 0.995653
1385.299781 348.821623 -38.632544 1.998054 -0.022213 0.046768 -0.076990 0.995687
1385.399620 348.961461 -38.656005 1.992474 -0.021195 0.048244 -0.076921 0.995644
1385.499462 349.106777 -38.679408 1.983438 -0.022258 0.051048 -0.076960 0.995478
1385.599286 349.270096 -38.700930 1.969829 -0.024483 0.053671 -0.076942 0.995289
1385.699130 349.431447 -38.722498 1.951867 -0.025785 0.056303 -0.077145 0.995095
1385.799767 349.601114 -38.745582 1.928474 -0.024762 0.059180 -0.077264 0.994945
1385.899614 349.753227 -38.768915 1.907074 -0.021406 0.060405 -0.077425 0.994936
1385.999467 349.902940 -38.792651 1.890911 -0.020313 0.062067 -0.078016 0.994811
1386.099294 350.064682 -38.816029 1.870601 -0.021462 0.060888 -0.077962 0.994864
1386.199137 350.219646 -38.838283 1.846084 -0.026463 0.056927 -0.077709 0.994998
1386.299794 350.369622 -38.857116 1.818557 -0.030394 0.050712 -0.077477 0.995240
1386.399644 350.518473 -38.881672 1.805290 -0.028242 0.049287 -0.077144 0.995400
1386.499489 350.677800 -38.903182 1.802077 -0.023065 0.053002 -0.077315 0.995330
1386.599323 350.852022 -38.924386 1.802266 -0.021419 0.054303 -0.077922 0.995249
1386.699180 351.027230 -38.946023 1.799578 -0.022176 0.054495 -0.078050 0.995212
1386.799824 351.208579 -38.972715 1.798136 -0.023180 0.055697 -0.078747 0.995068
1386.899658 351.382549 -38.998066 1.795504 -0.027939 0.056438 -0.079346 0.994856
1386.999505 351.549327 -39.015164 1.792184 -0.034124 0.054382 -0.079662 0.994752
1387.099340 351.709171 -39.029348 1.791229 -0.033137 0.051449 -0.079579 0.994948
1387.199163 351.884757 -39.048817 1.790261 -0.029503 0.048814 -0.079372 0.995212
1387.299806 352.065416 -39.068898 1.790038 -0.025719 0.044369 -0.079459 0.995518
1387.399645 352.243262 -39.086775 1.789147 -0.026534 0.040257 -0.079673 0.995654
1387.499484 352.418769 -39.102774 1.780318 -0.029410 0.036430 -0.079674 0.995721
1387.599327 352.596948 -39.117611 1.771262 -0.028804 0.036608 -0.079069 0.995780
1387.699187 352.772141 -39.131777 1.768244 -0.026167 0.039716 -0.078447 0.995783
1387.799817 352.945527 -39.146962 1.766954 -0.023626 0.043135 -0.077847 0.995752
1387.899657 353.104837 -39.163999 1.768557 -0.022314 0.046921 -0.077985 0.995600
1387.999511 353.269902 -39.180693 1.767500 -0.022914 0.048418 -0.078359 0.995485
1388.099370 353.435814 -39.195527 1.764300 -0.023246 0.048755 -0.078822 0.995424
1388.199218 353.597600 -39.210644 1.764410 -0.024675 0.049803 -0.078810 0.995339
1388.299453 353.765314 -39.224652 1.760639 -0.024262 0.051816 -0.078771 0.995249
1388.399303 353.937984 -39.241091 1.757495 -0.023507 0.050971 -0.078574 0.995327
1388.499143 354.103816 -39.253636 1.752244 -0.022276 0.047536 -0.078759 0.995511
1388.599784 354.270332 -39.266363 1.751214 -0.022650 0.044271 -0.079024 0.995632
1388.699606 354.442969 -39.284037 1.751403 -0.019905 0.041318 -0.080007 0.995739
1388.799446 354.611100 -39.305661 1.754926 -0.017244 0.040012 -0.082698 0.995622
1388.899290 354.774749 -39.325995 1.756350 -0.018679 0.039666 -0.085317 0.995389
1388.999136 354.931184 -39.347123 1.752011 -0.022391 0.040907 -0.086517 0.995158
1389.099761 355.098264 -39.365509 1.745747 -0.023694 0.042532 -0.086585 0.995054
1389.199600 355.260283 -39.384195 1.736732 -0.023736 0.043545 -0.086407 0.995025
1389.299439 355.422367 -39.405309 1.733056 -0.022867 0.044408 -0.086028 0.995040
1389.399286 355.591061 -39.424693 1.736414 -0.022750 0.044696 -0.085984 0.995033
1389.499139 355.764444 -39.444358 1.739284 -0.022583 0.044080 -0.086150 0.995050
1389.599771 355.935071 -39.465451 1.734043 -0.024072 0.042608 -0.086337 0.995063
1389.699617 356.088138 -39.484899 1.728169 -0.024114 0.041587 -0.086851 0.995061
1389.799452 356.241415 -39.504270 1.723068 -0.024903 0.040113 -0.087124 0.995078
1389.899293 356.393734 -39.525688 1.719324 -0.024717 0.039721 -0.087284 0.995084
1389.999124 356.549078 -39.547998 1.718443 -0.024154 0.040636 -0.087264 0.995063
1390.099768 356.703097 -39.566429 1.722874 -0.021429 0.042702 -0.087571 0.995012
1390.199598 356.853003 -39.587445 1.723261 -0.021028 0.040291 -0.087729 0.995107
1390.299442 357.003116 -39.603068 1.717293 -0.025268 0.036918 -0.088049 0.995111
1390.399295 357.150660 -39.620868 1.706983 -0.028207 0.035122 -0.088158 0.995087
1390.499124 357.301773 -39.643988 1.698612 -0.027190 0.038182 -0.088067 0.995011
1390.599763 357.451589 -39.665129 1.698829 -0.026057 0.040425 -0.087951 0.994963
1390.699588 357.590720 -39.683625 1.703251 -0.024501 0.042041 -0.088026 0.994929
1390.799420 357.728336 -39.704975 1.702074 -0.024308 0.041958 -0.088077 0.994933
1390.899255 357.867403 -39.723472 1.698213 -0.024014 0.041745 -0.088119 0.994945
1390.999491 358.019449 -39.740036 1.692775 -0.024206 0.042964 -0.088417 0.994862
1391.099338 358.173857 -39.755432 1.692280 -0.023506 0.043168 -0.088620 0.994852
1391.199175 358.317298 -39.773431 1.690767 -0.026243 0.042600 -0.088905 0.994783
1391.299797 358.451907 -39.795734 1.691093 -0.027120 0.041713 -0.088816 0.994805
1391.399642 358.584084 -39.815884 1.692433 -0.026481 0.040160 -0.088593 0.994906
1391.499474 358.719594 -39.832239 1.687821 -0.028038 0.039145 -0.088665 0.994897
1391.599313 358.861167 -39.847855 1.680983 -0.027120 0.039046 -0.088739 0.994920
1391.699142 359.010822 -39.861152 1.679941 -0.025345 0.038830 -0.089045 0.994948
1391.799779 359.158220 -39.877904 1.677440 -0.022937 0.038140 -0.089408 0.995000
1391.899609 359.299623 -39.896638 1.675955 -0.019734 0.036408 -0.089425 0.995132
1391.999434 359.438674 -39.912052 1.678474 -0.019537 0.038991 -0.089712 0.995012
1392.099274 359.578254 -39.927257 1.673921 -0.021487 0.040457 -0.089808 0.994905
1392.199504 359.717640 -39.941684 1.669426 -0.023532 0.041980 -0.089585 0.994816
1392.299341 359.849619 -39.957722 1.666490 -0.024295 0.043455 -0.089452 0.994746
1392.399190 359.987194 -39.978804 1.664670 -0.024924 0.044509 -0.089150 0.994711
1392.499837 360.127073 -39.997388 1.659544 -0.026782 0.041894 -0.089841 0.994714
1392.599677 360.261853 -40.015916 1.652993 -0.025944 0.040079 -0.090705 0.994733
1392.699525 360.392920 -40.032191 1.644017 -0.023058 0.043042 -0.091021 0.994651
1392.799374 360.523182 -40.052482 1.633496 -0.022187 0.044026 -0.090117 0.994710
1392.899231 360.654936 -40.070214 1.625658 -0.022562 0.045025 -0.089604 0.994703
1392.999474 360.801074 -40.090781 1.612923 -0.021501 0.044299 -0.088889 0.994824
1393.099303 360.948424 -40.106470 1.597249 -0.021115 0.045368 -0.089035 0.994771
1393.199146 361.092777 -40.128156 1.588864 -0.022336 0.046796 -0.089442 0.994641
1393.299802 361.231821 -40.148261 1.585058 -0.024576 0.046696 -0.089920 0.994550
1393.399634 361.358731 -40.171710 1.577268 -0.024662 0.045845 -0.090020 0.994579
1393.499481 361.491357 -40.191490 1.565261 -0.024251 0.045400 -0.090340 0.994580
1393.599326 361.617876 -40.213264 1.557092 -0.024072 0.045254 -0.090720 0.994556
1393.699166 361.741421 -40.234091 1.547701 -0.024661 0.044240 -0.091259 0.994538
1393.799826 361.872138 -40.255704 1.542024 -0.024549 0.043169 -0.091037 0.994609
1393.899662 362.012937 -40.277645 1.537473 -0.025551 0.044464 -0.091094 0.994521
1393.999518 362.164143 -40.300577 1.534093 -0.025787 0.046681 -0.090948 0.994427
1394.099360 362.300064 -40.327182 1.531446 -0.025547 0.048128 -0.090928 0.994366
1394.199202 362.430364 -40.348968 1.522867 -0.025694 0.047632 -0.090994 0.994380
1394.299438 362.569416 -40.369771 1.517107 -0.023349 0.047602 -0.090673 0.994468
1394.399268 362.710610 -40.388333 1.521203 -0.022829 0.047519 -0.090608 0.994490
1394.499516 362.850713 -40.407078 1.524540 -0.027142 0.048179 -0.090411 0.994368
1394.599356 362.993519 -40.429447 1.517838 -0.032439 0.050172 -0.090073 0.994141
1394.699197 363.141600 -40.450887 1.504374 -0.035052 0.051617 -0.089888 0.993996
1394.799822 363.287846 -40.474901 1.493955 -0.034626 0.050639 -0.089567 0.994090
1394.899660 363.428902 -40.490629 1.483755 -0.033130 0.048220 -0.089648 0.994254
1394.999505 363.564264 -40.501685 1.482947 -0.033269 0.047482 -0.090157 0.994239
1395.099344 363.697437 -40.515688 1.488706 -0.029765 0.046118 -0.090072 0.994422
1395.199192 363.839398 -40.530761 1.492165 -0.030193 0.046720 -0.089827 0.994403
1395.299837 363.989718 -40.541829 1.486505 -0.033110 0.049933 -0.089523 0.994181
1395.399679 364.138864 -40.548650 1.475661 -0.032067 0.049723 -0.089483 0.994229
1395.499522 364.294646 -40.558947 1.464766 -0.028876 0.045941 -0.089116 0.994542
1395.599352 364.455994 -40.568418 1.461657 -0.024314 0.043474 -0.089370 0.994752
1395.699193 364.608068 -40.576418 1.462584 -0.023742 0.046821 -0.089831 0.994573
1395.799834 364.752723 -40.582453 1.464815 -0.028177 0.049828 -0.090292 0.994269
1395.899670 364.896400 -40.587937 1.462180 -0.033198 0.052224 -0.090531 0.993969
1395.999503 365.048052 -40.596988 1.461105 -0.039399 0.052181 -0.090423 0.993755
1396.099346 365.203249 -40.603778 1.455523 -0.041370 0.050775 -0.090368 0.993753
1396.199187 365.356957 -40.606838 1.446801 -0.037024 0.050223 -0.090358 0.993953
1396.299829 365.518673 -40.606628 1.441265 -0.035468 0.052820 -0.090356 0.993875
1396.399681 365.677329 -40.603372 1.439053 -0.039072 0.054116 -0.091115 0.993601
1396.499523 365.828778 -40.599908 1.438088 -0.043329 0.055104 -0.091392 0.993345
1396.599358 365.987242 -40.593406 1.438689 -0.044518 0.053494 -0.091621 0.993359
1396.699192 366.151832 -40.587518 1.433806 -0.043051 0.052009 -0.092212 0.993448
1396.799830 366.328141 -40.577736 1.426214 -0.039940 0.053257 -0.092456 0.993489
1396.899661 366.493619 -40.566095 1.413821 -0.039250 0.055463 -0.092043 0.993434
1396.999506 366.665998 -40.552327 1.407465 -0.040697 0.057249 -0.092128 0.993267
1397.099349 366.840285 -40.530456 1.403886 -0.041016 0.058767 -0.092182 0.993160
1397.199186 367.010944 -40.507687 1.400462 -0.039014 0.058540 -0.092045 0.993267
1397.299810 367.195024 -40.484458 1.402945 -0.034826 0.056410 -0.092213 0.993530
1397.399653 367.364194 -40.465007 1.403666 -0.028581 0.054411 -0.092210 0.993841
1397.499501 367.530959 -40.443486 1.400569 -0.023256 0.054565 -0.092130 0.993979
1397.599344 367.701200 -40.419723 1.393882 -0.021701 0.054401 -0.091810 0.994053
1397.699188 367.865715 -40.398918 1.388073 -0.022188 0.053552 -0.091677 0.994100
1397.799834 368.051730 -40.377792 1.384533 -0.021879 0.050733 -0.091458 0.994275
1397.899673 368.233454 -40.358405 1.379421 -0.021368 0.045802 -0.091027 0.994565
1397.999519 368.405821 -40.341897 1.380808 -0.022350 0.042309 -0.090425 0.994753
1398.099344 368.577939 -40.321654 1.383473 -0.023676 0.042243 -0.090017 0.994762
1398.199187 368.756501 -40.306534 1.381570 -0.021756 0.045986 -0.090640 0.994584
1398.299825 368.945998 -40.292109 1.372685 -0.018325 0.047815 -0.091578 0.994480
1398.399674 369.117843 -40.277052 1.365552 -0.014847 0.046477 -0.093073 0.994463
1398.499510 369.281230 -40.266102 1.363566 -0.014388 0.044452 -0.094931 0.994387
1398.599357 369.448107 -40.258106 1.362487 -0.014842 0.042185 -0.097748 0.994206
1398.699200 369.618807 -40.251868 1.359664 -0.019325 0.040568 -0.099136 0.994059
1398.799443 369.794028 -40.248583 1.354098 -0.020345 0.039027 -0.100549 0.993958
1398.899296 369.969114 -40.246214 1.347999 -0.022482 0.038771 -0.102050 0.993769
1398.999144 370.145579 -40.243430 1.343337 -0.022652 0.039742 -0.104206 0.993503
1399.099776 370.319265 -40.240880 1.337761 -0.020683 0.037340 -0.106210 0.993427
1399.199600 370.481052 -40.241211 1.334625 -0.019593 0.035776 -0.106949 0.993427
1399.299424 370.635384 -40.241724 1.331013 -0.020082 0.038856 -0.107125 0.993283
1399.399266 370.783477 -40.240736 1.323822 -0.019972 0.040494 -0.106689 0.993267
1399.499498 370.932312 -40.238904 1.315868 -0.019997 0.041487 -0.106556 0.993239
1399.599329 371.087196 -40.239574 1.311913 -0.020034 0.042034 -0.106431 0.993229
1399.699155 371.253658 -40.247732 1.312363 -0.018617 0.041083 -0.106032 0.993339
1399.799789 371.408414 -40.252523 1.310297 -0.016847 0.040471 -0.106134 0.993385
1399.899629 371.560655 -40.258517 1.307960 -0.015996 0.041123 -0.106055 0.993381
1399.999464 371.716424 -40.266572 1.304262 -0.013885 0.042205 -0.105735 0.993401
1400.099303 371.870731 -40.277543 1.298567 -0.010532 0.044344 -0.105699 0.993353
1400.199144 372.021182 -40.289079 1.295415 -0.007697 0.046724 -0.106208 0.993216
1400.299793 372.163384 -40.304601 1.291982 -0.007589 0.047584 -0.106688 0.993124
1400.399629 372.306535 -40.324332 1.292161 -0.008458 0.046867 -0.106784 0.993141
1400.499467 372.458060 -40.344819 1.290003 -0.012888 0.044620 -0.106733 0.993202
1400.599306 372.616817 -40.370662 1.289734 -0.018828 0.044379 -0.106545 0.993139
1400.699145 372.762021 -40.394238 1.287488 -0.021346 0.045277 -0.106210 0.993083
1400.799783 372.900745 -40.417957 1.278253 -0.021240 0.044172 -0.105835 0.993175
1400.899616 373.050819 -40.445935 1.273524 -0.020981 0.043165 -0.105847 0.993224
1400.999468 373.195626 -40.475713 1.275435 -0.019237 0.041863 -0.105874 0.993312
1401.099314 373.339825 -40.504287 1.279001 -0.016891 0.039315 -0.106355 0.993407
1401.199153 373.490459 -40.534682 1.275417 -0.017149 0.037327 -0.106771 0.993435
1401.299780 373.636929 -40.564659 1.265789 -0.017359 0.038133 -0.106757 0.993402
1401.399611 373.779262 -40.595971 1.251690 -0.018150 0.040728 -0.106764 0.993284
1401.499446 373.917005 -40.631170 1.239586 -0.019774 0.041651 -0.106685 0.993223
1401.599284 374.063120 -40.666549 1.231412 -0.021693 0.040044 -0.106899 0.993226
1401.699129 374.192561 -40.698403 1.228443 -0.023107 0.038914 -0.107125 0.993215
1401.799772 374.315363 -40.733131 1.230532 -0.024631 0.037594 -0.107035 0.993239
1401.899605 374.445253 -40.767930 1.233657 -0.023463 0.037565 -0.106727 0.993301
1401.999451 374.579366 -40.804509 1.233017 -0.021484 0.038835 -0.106250 0.993348
1402.099289 374.711335 -40.839857 1.228399 -0.020139 0.038953 -0.106041 0.993394
1402.199113 374.842664 -40.871274 1.222374 -0.020910 0.038427 -0.105910 0.993413
1402.299731 374.973660 -40.899853 1.214332 -0.022658 0.037483 -0.106147 0.993385
1402.399576 375.105221 -40.935659 1.211893 -0.023176 0.036737 -0.106202 0.993395
1402.499402 375.244450 -40.974265 1.210463 -0.023098 0.037237 -0.106506 0.993346
1402.599246 375.380345 -41.012834 1.211798 -0.023239 0.038848 -0.106824 0.993247
1402.699481 375.508466 -41.048420 1.212466 -0.023319 0.039308 -0.107220 0.993184
1402.799311 375.629024 -41.081660 1.203145 -0.024129 0.038652 -0.107401 0.993171
1402.899152 375.747492 -41.114605 1.196073 -0.025249 0.038527 -0.107293 0.993160
1402.999796 375.861132 -41.149411 1.196451 -0.025403 0.040310 -0.107476 0.993065
1403.099636 375.982906 -41.183689 1.195495 -0.024796 0.042488 -0.108110 0.992921
1403.199467 376.102216 -41.216714 1.191360 -0.025456 0.042776 -0.108398 0.992861
1403.299301 376.218194 -41.245968 1.188697 -0.023700 0.042087 -0.108671 0.992904
1403.399139 376.335538 -41.277266 1.187166 -0.023523 0.040895 -0.108852 0.992938
1403.499775 376.454730 -41.311862 1.188427 -0.024480 0.039026 -0.108593 0.993018
1403.599628 376.575221 -41.345934 1.187755 -0.025455 0.037748 -0.108671 0.993035
1403.699461 376.699129 -41.380188 1.181027 -0.026232 0.039519 -0.108733 0.992939
1403.799315 376.820175 -41.411711 1.171524 -0.024901 0.041046 -0.108779 0.992906
1403.899148 376.951922 -41.440780 1.165722 -0.025576 0.041174 -0.109075 0.992851
1403.999791 377.078298 -41.473710 1.162336 -0.025847 0.039312 -0.109177 0.992908
1404.099626 377.197548 -41.507913 1.161265 -0.024559 0.039622 -0.109522 0.992891
1404.199466 377.310461 -41.541943 1.164490 -0.024528 0.041519 -0.109447 0.992822
1404.299301 377.423010 -41.574675 1.168440 -0.024749 0.042241 -0.109340 0.992798
1404.399128 377.531097 -41.605928 1.168921 -0.025346 0.043036 -0.109114 0.992774
1404.499761 377.640647 -41.635392 1.163051 -0.025532 0.043618 -0.109196 0.992735
1404.599608 377.752699 -41.667386 1.159508 -0.025317 0.041787 -0.109114 0.992828
1404.699454 377.875533 -41.702472 1.160523 -0.024558 0.038238 -0.109200 0.992980
1404.799298 378.007232 -41.738636 1.157559 -0.025100 0.039923 -0.109805 0.992834
1404.899141 378.136075 -41.771480 1.151213 -0.025764 0.043857 -0.110358 0.992589
1404.999772 378.260855 -41.803554 1.150205 -0.024787 0.046719 -0.110406 0.992478
1405.099626 378.384191 -41.835472 1.151987 -0.026257 0.045743 -0.110078 0.992523
1405.199469 378.506155 -41.866304 1.154838 -0.029560 0.045121 -0.109748 0.992495
1405.299302 378.626396 -41.896472 1.151988 -0.032750 0.044760 -0.109697 0.992416
1405.399150 378.746410 -41.928759 1.149742 -0.033627 0.045449 -0.109937 0.992329
1405.499795 378.865308 -41.959457 1.149087 -0.034864 0.044909 -0.110237 0.992278
1405.599637 378.988477 -41.985445 1.149780 -0.038390 0.044762 -0.110604 0.992114
1405.699478 379.116416 -42.009317 1.149769 -0.040145 0.042645 -0.110293 0.992172
1405.799318 379.241522 -42.029105 1.148373 -0.042036 0.040783 -0.109961 0.992209
1405.899162 379.356781 -42.048320 1.146026 -0.043624 0.041627 -0.110157 0.992083
1405.999801 379.476945 -42.062471 1.146108 -0.042580 0.043286 -0.110595 0.992009
1406.099638 379.601691 -42.076130 1.148100 -0.038538 0.041829 -0.110916 0.992201
1406.199477 379.729406 -42.086561 1.145368 -0.033842 0.037606 -0.110968 0.992535
1406.299316 379.850156 -42.094636 1.139431 -0.028887 0.034403 -0.110961 0.992809
1406.399156 379.971564 -42.097268 1.135211 -0.026083 0.035746 -0.111286 0.992803
1406.499784 380.095183 -42.098468 1.132608 -0.025031 0.038985 -0.112182 0.992607
1406.599632 380.218300 -42.103247 1.130785 -0.023284 0.039550 -0.112903 0.992546
1406.699486 380.341686 -42.109097 1.136023 -0.022601 0.038195 -0.113338 0.992565
1406.799332 380.466207 -42.116900 1.138375 -0.022739 0.036046 -0.113744 0.992596
1406.899178 380.588942 -42.123774 1.136103 -0.022699 0.035530 -0.114130 0.992571
1406.999803 380.705364 -42.132050 1.129805 -0.022137 0.036490 -0.114634 0.992491
1407.099667 380.819951 -42.135023 1.126385 -0.022643 0.038982 -0.115277 0.992310
1407.199526 380.936832 -42.138055 1.118181 -0.022704 0.040013 -0.115310 0.992264
1407.299357 381.059189 -42.144897 1.113228 -0.022194 0.039152 -0.114751 0.992374
1407.399186 381.177292 -42.153967 1.106938 -0.022839 0.040190 -0.114437 0.992354
1407.499816 381.294892 -42.164794 1.096444 -0.024027 0.043288 -0.114218 0.992221
1407.599649 381.403412 -42.174201 1.080577 -0.022647 0.045923 -0.114007 0.992160
1407.699491 381.513576 -42.184333 1.058840 -0.022002 0.047453 -0.114008 0.992102
1407.799331 381.620540 -42.193665 1.037306 -0.022547 0.047274 -0.113850 0.992116
1407.899161 381.723755 -42.202313 1.026245 -0.022553 0.044163 -0.113523 0.992297
1407.999791 381.845262 -42.213259 1.028558 -0.022673 0.042176 -0.113258 0.992411
1408.099625 381.965432 -42.226905 1.035045 -0.020709 0.042508 -0.113285 0.992437
1408.199463 382.081996 -42.242743 1.032795 -0.019389 0.046906 -0.113491 0.992242
1408.299305 382.203164 -42.260276 1.023376 -0.019128 0.048613 -0.112999 0.992221
1408.399142 382.322560 -42.273721 1.011899 -0.023358 0.044010 -0.112351 0.992419
1408.499780 382.449808 -42.287473 1.008720 -0.026977 0.040153 -0.111890 0.992542
1408.599629 382.564431 -42.301224 1.011155 -0.027820 0.041690 -0.112429 0.992395
1408.699465 382.677774 -42.316943 1.013440 -0.023116 0.045195 -0.113764 0.992210
1408.799310 382.790461 -42.332804 1.012745 -0.018513 0.047009 -0.115006 0.992079
1408.899150 382.907434 -42.347195 1.009751 -0.016728 0.043781 -0.115981 0.992145
1408.999795 383.028840 -42.365118 1.010937 -0.018627 0.039932 -0.116354 0.992230
1409.099631 383.157950 -42.380653 1.007221 -0.020464 0.039793 -0.116222 0.992215
1409.199467 383.287209 -42.398152 0.998378 -0.022648 0.043498 -0.115760 0.992066
1409.299296 383.413823 -42.419998 0.997345 -0.026048 0.052816 -0.115207 0.991594
1409.399135 383.538508 -42.439974 1.001849 -0.027322 0.054950 -0.115061 0.991461
1409.499771 383.662812 -42.461854 1.004370 -0.026327 0.051200 -0.115699 0.991614
1409.599608 383.775081 -42.481864 1.003770 -0.022396 0.047923 -0.116484 0.991783
1409.699458 383.886306 -42.503164 0.999657 -0.019906 0.048311 -0.116971 0.991760
1409.799292 384.003028 -42.525875 0.991932 -0.020601 0.050307 -0.117148 0.991626
1409.899140 384.125959 -42.544896 0.986890 -0.022935 0.051658 -0.116897 0.991534
1409.999778 384.261380 -42.564708 0.988428 -0.024483 0.049061 -0.116313 0.991698
1410.099611 384.384626 -42.582476 0.990746 -0.026573 0.045866 -0.115869 0.991849
1410.199445 384.510260 -42.607359 0.991915 -0.025132 0.044986 -0.115521 0.991968
1410.299287 384.637842 -42.631779 0.991821 -0.022988 0.044339 -0.115851 0.992010
1410.399126 384.771784 -42.660090 0.988592 -0.022795 0.044386 -0.116203 0.991971
1410.499768 384.902543 -42.688128 0.985688 -0.023204 0.044600 -0.116551 0.991911
1410.599614 385.029549 -42.713621 0.980122 -0.023865 0.044663 -0.117339 0.991800
1410.699457 385.162655 -42.737547 0.977554 -0.025190 0.044889 -0.117889 0.991692
1410.799294 385.300656 -42.762960 0.976920 -0.025046 0.044040 -0.117796 0.991745
1410.899125 385.433392 -42.788214 0.978578 -0.025431 0.044445 -0.117554 0.991745
1410.999765 385.560232 -42.815997 0.981242 -0.026068 0.047790 -0.117526 0.991577
1411.099612 385.688880 -42.845996 0.979414 -0.026161 0.051469 -0.117388 0.991406
1411.199451 385.822976 -42.872680 0.973436 -0.025185 0.052166 -0.117729 0.991355
1411.299287 385.969250 -42.900024 0.968881 -0.024845 0.050750 -0.117817 0.991426
1411.399115 386.112524 -42.928774 0.966147 -0.024335 0.047827 -0.117562 0.991615
1411.499764 386.245845 -42.958204 0.964740 -0.024754 0.046207 -0.117599 0.991677
1411.599618 386.377953 -42.986970 0.967326 -0.025182 0.047034 -0.117543 0.991634
1411.699473 386.506865 -43.015466 0.968564 -0.026327 0.050042 -0.116995 0.991521
1411.799315 386.641501 -43.043694 0.968332 -0.026932 0.052552 -0.116200 0.991469
1411.899152 386.777172 -43.071116 0.965986 -0.026736 0.053501 -0.114838 0.991582
1411.999798 386.906328 -43.099615 0.963643 -0.027473 0.052341 -0.113086 0.991825
1412.099625 387.035876 -43.128409 0.962063 -0.028243 0.051696 -0.111446 0.992023
1412.199463 387.171085 -43.157639 0.959971 -0.029742 0.051986 -0.108837 0.992254
1412.299305 387.323955 -43.186418 0.958764 -0.029739 0.053944 -0.106027 0.992453
1412.399137 387.487641 -43.213064 0.956180 -0.028619 0.054629 -0.103848 0.992679
1412.499789 387.647662 -43.240261 0.953785 -0.029818 0.055797 -0.101316 0.992841
1412.599621 387.793854 -43.266217 0.949644 -0.029496 0.055972 -0.098797 0.993094
1412.699457 387.946074 -43.291772 0.947583 -0.028701 0.055515 -0.096353 0.993383
1412.799295 388.099013 -43.318073 0.949415 -0.026430 0.055821 -0.094129 0.993642
1412.899134 388.250699 -43.342676 0.950538 -0.023599 0.055917 -0.093176 0.993798
1412.999771 388.406892 -43.366609 0.950294 -0.022487 0.055158 -0.093338 0.993851
1413.099614 388.565783 -43.392937 0.947850 -0.024895 0.054800 -0.093774 0.993772
1413.199453 388.723637 -43.421923 0.947402 -0.026100 0.053993 -0.094162 0.993749
1413.299303 388.873992 -43.451773 0.941425 -0.029210 0.054104 -0.094433 0.993631
1413.399151 389.033046 -43.480736 0.935313 -0.030482 0.055582 -0.094764 0.993479
1413.499791 389.211047 -43.505020 0.932030 -0.029334 0.056738 -0.094955 0.993430
1413.599639 389.390597 -43.530695 0.932370 -0.027779 0.056644 -0.094955 0.993480
1413.699481 389.563447 -43.558103 0.932907 -0.027421 0.057128 -0.095201 0.993439
1413.799320 389.745304 -43.588049 0.931687 -0.026279 0.053667 -0.095084 0.993674
1413.899162 389.926158 -43.619012 0.927005 -0.026162 0.048751 -0.094963 0.993942
1413.999788 390.101254 -43.648433 0.922975 -0.026240 0.045996 -0.095144 0.994054
1414.099619 390.283288 -43.674341 0.921312 -0.024826 0.046964 -0.095012 0.994058
1414.199463 390.464009 -43.702559 0.918169 -0.025281 0.048453 -0.094939 0.993982
1414.299314 390.638304 -43.731725 0.910316 -0.025351 0.050040 -0.094883 0.993907
1414.399146 390.815418 -43.761179 0.891538 -0.027076 0.049341 -0.094922 0.993892
1414.499782 390.995212 -43.788118 0.870966 -0.030286 0.048607 -0.095095 0.993819
1414.599624 391.182340 -43.817404 0.849066 -0.031606 0.047601 -0.095151 0.993822
1414.699474 391.370325 -43.845368 0.836463 -0.032092 0.048381 -0.095435 0.993741
1414.799312 391.548904 -43.872577 0.831623 -0.030271 0.047771 -0.095271 0.993844
1414.899155 391.732444 -43.894337 0.829331 -0.028618 0.045585 -0.095543 0.993969
1414.999795 391.910807 -43.913375 0.826194 -0.030862 0.045571 -0.095083 0.993947
1415.099642 392.085078 -43.931891 0.817382 -0.033455 0.042924 -0.094704 0.994017
1415.199485 392.254716 -43.951439 0.807991 -0.034594 0.040149 -0.094414 0.994121
1415.299309 392.420971 -43.970142 0.802368 -0.034776 0.038546 -0.094777 0.994144
1415.399166 392.594543 -43.986833 0.794332 -0.033819 0.036498 -0.095211 0.994213
1415.499804 392.774539 -44.004466 0.788313 -0.031359 0.034944 -0.095385 0.994333
1415.599641 392.937414 -44.018873 0.784787 -0.028548 0.031839 -0.095637 0.994497
1415.699497 393.108113 -44.035022 0.787699 -0.025714 0.028582 -0.095659 0.994671
1415.799333 393.269646 -44.048702 0.787223 -0.024705 0.024339 -0.095378 0.994837
1415.899170 393.426642 -44.060241 0.782045 -0.026495 0.024680 -0.095228 0.994797
1415.999817 393.582924 -44.070479 0.775453 -0.029158 0.028201 -0.095379 0.994614
1416.099653 393.752360 -44.086277 0.769183 -0.027428 0.031403 -0.095379 0.994567
1416.199489 393.923334 -44.103871 0.762859 -0.025499 0.036354 -0.095830 0.994407
1416.299336 394.082691 -44.117866 0.760131 -0.023450 0.038231 -0.096084 0.994362
1416.399174 394.240339 -44.129386 0.761992 -0.021852 0.038843 -0.096058 0.994377
1416.499823 394.380720 -44.142100 0.768746 -0.021598 0.040741 -0.095821 0.994330
1416.599662 394.526603 -44.158005 0.767396 -0.023815 0.043137 -0.095632 0.994196
1416.699497 394.669910 -44.174274 0.769210 -0.025673 0.043131 -0.096153 0.994100
1416.799341 394.806205 -44.193600 0.768460 -0.025283 0.043231 -0.095983 0.994122
1416.899181 394.944514 -44.213901 0.758990 -0.026358 0.046697 -0.095317 0.994002
1416.999829 395.101155 -44.234859 0.749269 -0.028208 0.046330 -0.094624 0.994034
1417.099683 395.257500 -44.252610 0.748408 -0.027404 0.044437 -0.094549 0.994150
1417.199517 395.405997 -44.268470 0.754510 -0.027263 0.045243 -0.095272 0.994049
1417.299353 395.554057 -44.288148 0.755114 -0.028900 0.046492 -0.096114 0.993864
1417.399186 395.701473 -44.309062 0.747616 -0.027084 0.046241 -0.096562 0.993883
1417.499839 395.846468 -44.331116 0.738738 -0.025569 0.043663 -0.096151 0.994080
1417.599682 395.995199 -44.348612 0.732634 -0.025205 0.041757 -0.095919 0.994193
1417.699527 396.142942 -44.364876 0.726740 -0.029501 0.037388 -0.096168 0.994225
1417.799376 396.291896 -44.382613 0.725186 -0.031799 0.039776 -0.096743 0.994006
1417.899211 396.439402 -44.405356 0.724555 -0.027928 0.045371 -0.096671 0.993889
1417.999442 396.586047 -44.429638 0.724434 -0.025636 0.043704 -0.096528 0.994040
1418.099279 396.733704 -44.450900 0.719116 -0.026828 0.040127 -0.096598 0.994152
1418.199121 396.875288 -44.469565 0.715064 -0.026382 0.038364 -0.096800 0.994214
1418.299769 397.012174 -44.489171 0.715603 -0.027172 0.041835 -0.097022 0.994031
1418.399610 397.147772 -44.508978 0.720365 -0.026868 0.044351 -0.097467 0.993887
1418.499438 397.280248 -44.527508 0.723154 -0.026544 0.045690 -0.097860 0.993796
1418.599278 397.421652 -44.545388 0.719123 -0.028972 0.044157 -0.098186 0.993766
1418.699115 397.551278 -44.563872 0.719190 -0.034518 0.042495 -0.098233 0.993656
1418.799758 397.666509 -44.584470 0.718615 -0.037239 0.039309 -0.098313 0.993681
1418.899587 397.776135 -44.603584 0.715654 -0.036177 0.036762 -0.098583 0.993791
1418.999438 397.902097 -44.619940 0.711284 -0.030683 0.037398 -0.098562 0.993954
1419.099282 398.030972 -44.640120 0.707659 -0.028728 0.040337 -0.098754 0.993879
1419.199133 398.172036 -44.658617 0.709289 -0.030969 0.042297 -0.098772 0.993728
1419.299777 398.317768 -44.675602 0.715066 -0.032088 0.041113 -0.098503 0.993769
1419.399626 398.450935 -44.690588 0.713112 -0.030902 0.038484 -0.098334 0.993929
1419.499461 398.572275 -44.704504 0.705968 -0.032650 0.039753 -0.098269 0.993829
1419.599302 398.697278 -44.715180 0.697284 -0.032412 0.043719 -0.098148 0.993683
1419.699131 398.824300 -44.730647 0.689056 -0.032093 0.046238 -0.097851 0.993608
1419.799764 398.952236 -44.747387 0.686023 -0.030956 0.045363 -0.097605 0.993709
1419.899599 399.076340 -44.760434 0.688198 -0.028467 0.043646 -0.097699 0.993851
1419.999454 399.195042 -44.773904 0.690555 -0.028525 0.042098 -0.097631 0.993923
1420.099316 399.303361 -44.786882 0.688209 -0.028211 0.042382 -0.098170 0.993866
1420.199162 399.414701 -44.799524 0.683499 -0.027435 0.044223 -0.098171 0.993808
1420.299814 399.552161 -44.814631 0.678362 -0.027430 0.044814 -0.098220 0.993777
1420.399653 399.698884 -44.832054 0.680120 -0.027494 0.044713 -0.098324 0.993769
1420.499489 399.821898 -44.843300 0.686428 -0.026564 0.044102 -0.098265 0.993828
1420.599323 399.942818 -44.856599 0.688725 -0.026872 0.044222 -0.098299 0.993811
1420.699166 400.057215 -44.872619 0.683616 -0.027804 0.045240 -0.098482 0.993721
1420.799813 400.183819 -44.892886 0.679426 -0.028608 0.046980 -0.098517 0.993614
1420.899661 400.306943 -44.910584 0.679274 -0.029459 0.046528 -0.098401 0.993622
1420.999511 400.420232 -44.924553 0.679990 -0.029384 0.044528 -0.098441 0.993712
1421.099347 400.536899 -44.938110 0.678090 -0.028723 0.042348 -0.098566 0.993814
1421.199183 400.648695 -44.956014 0.669612 -0.028323 0.040536 -0.098947 0.993863
1421.299822 400.766509 -44.975088 0.661607 -0.027884 0.040757 -0.099346 0.993827
1421.399678 400.882207 -44.991000 0.663442 -0.027842 0.042863 -0.099894 0.993684
1421.499513 400.990215 -45.005385 0.665699 -0.028584 0.043294 -0.100469 0.993587
1421.599348 401.111303 -45.023176 0.671741 -0.029693 0.042605 -0.100710 0.993560
1421.699197 401.236793 -45.045074 0.667220 -0.030140 0.040089 -0.100472 0.993675
1421.799832 401.356776 -45.067687 0.656193 -0.029000 0.038504 -0.100360 0.993783
1421.899674 401.473047 -45.087482 0.646033 -0.028648 0.039039 -0.100359 0.993772
1421.999512 401.585745 -45.105110 0.641612 -0.029093 0.040402 -0.100174 0.993724
1422.099345 401.698866 -45.121822 0.643018 -0.029103 0.043158 -0.100235 0.993601
1422.199205 401.815454 -45.139174 0.648086 -0.028602 0.044150 -0.099979 0.993598
1422.299444 401.935997 -45.158630 0.645259 -0.028766 0.043745 -0.099557 0.993654
1422.399291 402.055592 -45.178332 0.637258 -0.028854 0.043932 -0.099019 0.993696
1422.499124 402.179254 -45.201571 0.630981 -0.028961 0.046096 -0.098662 0.993631
1422.599751 402.307384 -45.222714 0.628365 -0.030255 0.047470 -0.098473 0.993546
1422.699612 402.432331 -45.238635 0.625987 -0.035167 0.045502 -0.099069 0.993417
1422.799453 402.552169 -45.251215 0.627224 -0.038865 0.040515 -0.099773 0.993425
1422.899289 402.665562 -45.268015 0.630075 -0.038829 0.039356 -0.100325 0.993417
1422.999123 402.776929 -45.285727 0.630013 -0.036642 0.041003 -0.100962 0.993369
1423.099757 402.892547 -45.297489 0.625104 -0.033675 0.041659 -0.101320 0.993411
1423.199584 402.997884 -45.306780 0.619934 -0.032207 0.041491 -0.101599 0.993438
1423.299435 403.099731 -45.318678 0.614077 -0.033083 0.040720 -0.101540 0.993447
1423.399277 403.208862 -45.333615 0.611315 -0.035161 0.039608 -0.101361 0.993439
1423.499125 403.322253 -45.341848 0.614425 -0.037249 0.040263 -0.101430 0.993329
1423.599765 403.433817 -45.348570 0.616499 -0.037651 0.041939 -0.101185 0.993270
1423.699614 403.546070 -45.356386 0.611100 -0.035471 0.042798 -0.100809 0.993352
1423.799460 403.652671 -45.364683 0.603452 -0.036445 0.042310 -0.100921 0.993326
1423.899314 403.765551 -45.369141 0.601960 -0.037195 0.041747 -0.101131 0.993301
1423.999151 403.886648 -45.372782 0.600828 -0.037040 0.041943 -0.101244 0.993287
1424.099786 404.008549 -45.375999 0.599927 -0.036403 0.044371 -0.101374 0.993191
1424.199616 404.133932 -45.382844 0.600522 -0.033919 0.046034 -0.101526 0.993188
1424.299464 404.247320 -45.387622 0.601598 -0.030127 0.046015 -0.101291 0.993335
1424.399302 404.354023 -45.386706 0.595674 -0.029190 0.045379 -0.101191 0.993403
1424.499153 404.469136 -45.384774 0.592977 -0.029200 0.045843 -0.101514 0.993348
1424.599806 404.578382 -45.387250 0.594528 -0.029387 0.045872 -0.101643 0.993328
1424.699639 404.682531 -45.393829 0.593605 -0.029576 0.044676 -0.101701 0.993371
1424.799454 404.797943 -45.402107 0.584126 -0.028321 0.043239 -0.102008 0.993440
1424.899301 404.916070 -45.404873 0.577838 -0.026502 0.042261 -0.102011 0.993532
1424.999142 405.024612 -45.406219 0.577654 -0.024667 0.040345 -0.102704 0.993587
1425.099778 405.128293 -45.410948 0.570398 -0.026517 0.038561 -0.103062 0.993573
1425.199620 405.244821 -45.421297 0.565177 -0.028293 0.039283 -0.104038 0.993394
1425.299462 405.360545 -45.429697 0.564618 -0.028355 0.041184 -0.105471 0.993164
1425.399306 405.468530 -45.434645 0.565437 -0.029929 0.042782 -0.106470 0.992944
1425.499130 405.564476 -45.441978 0.564455 -0.027729 0.044644 -0.106659 0.992906
1425.599771 405.667125 -45.452547 0.559683 -0.027823 0.045703 -0.106955 0.992823
1425.699602 405.771559 -45.463366 0.557454 -0.028217 0.046130 -0.106946 0.992793
1425.799449 405.878964 -45.473078 0.560272 -0.028758 0.047484 -0.106900 0.992719
1425.899293 405.999826 -45.482906 0.564162 -0.028666 0.049455 -0.107032 0.992611
1425.999134 406.114918 -45.493580 0.570502 -0.028654 0.050274 -0.106958 0.992578
1426.099769 406.236534 -45.506507 0.569647 -0.027627 0.048087 -0.107735 0.992632
1426.199607 406.356724 -45.524599 0.561377 -0.028400 0.044589 -0.109067 0.992628
1426.299435 406.468416 -45.539054 0.559296 -0.028049 0.043350 -0.110451 0.992539
1426.399290 406.575431 -45.552449 0.559385 -0.030189 0.043476 -0.110736 0.992439
1426.499133 406.681666 -45.564703 0.561215 -0.029478 0.045742 -0.110591 0.992375
1426.599781 406.798148 -45.583728 0.562120 -0.029826 0.047838 -0.110497 0.992276
1426.699621 406.909728 -45.598133 0.558235 -0.029008 0.051533 -0.110026 0.992168
1426.799462 407.020514 -45.612124 0.551953 -0.028202 0.052234 -0.109380 0.992226
1426.899299 407.136292 -45.627559 0.545133 -0.027881 0.052868 -0.109074 0.992235
1426.999126 407.259554 -45.648378 0.538932 -0.027198 0.053463 -0.108732 0.992260
1427.099766 407.379828 -45.668249 0.541274 -0.028418 0.053535 -0.108836 0.992210
1427.199615 407.500783 -45.685663 0.543488 -0.031452 0.050936 -0.109047 0.992232
1427.299446 407.620378 -45.701180 0.544207 -0.033424 0.050016 -0.109331 0.992183
1427.399276 407.746825 -45.718781 0.539036 -0.033209 0.049728 -0.109201 0.992219
1427.499515 407.879109 -45.732508 0.536837 -0.033787 0.049506 -0.109180 0.992213
1427.599355 408.006477 -45.747460 0.538559 -0.034907 0.049628 -0.107939 0.992304
1427.699192 408.124671 -45.761748 0.537581 -0.030805 0.051287 -0.106215 0.992542
1427.799827 408.251992 -45.779463 0.534082 -0.027760 0.054890 -0.105494 0.992516
1427.899674 408.385273 -45.797929 0.535345 -0.027085 0.056111 -0.105912 0.992422
1427.999521 408.523178 -45.814437 0.526925 -0.029123 0.055148 -0.106252 0.992382
1428.099372 408.660168 -45.831530 0.514597 -0.029811 0.053936 -0.106581 0.992392
1428.199216 408.801456 -45.847692 0.514554 -0.030423 0.054751 -0.106849 0.992300
1428.299461 408.933905 -45.861299 0.520350 -0.030679 0.055881 -0.106456 0.992272
1428.399290 409.065484 -45.876932 0.523979 -0.029200 0.055637 -0.106417 0.992334
1428.499139 409.200589 -45.895058 0.523996 -0.027793 0.053806 -0.106628 0.992453
1428.599774 409.346839 -45.917735 0.520231 -0.026040 0.051886 -0.106689 0.992596
1428.699616 409.492633 -45.939338 0.516795 -0.027021 0.051574 -0.106858 0.992568
1428.799458 409.632976 -45.960533 0.515181 -0.029170 0.052903 -0.106956 0.992427
1428.899292 409.766740 -45.979993 0.511673 -0.028917 0.053636 -0.106898 0.992401
1428.999132 409.914898 -45.997814 0.508485 -0.029493 0.054350 -0.107046 0.992329
1429.099744 410.061885 -46.020635 0.507081 -0.028776 0.054722 -0.106950 0.992340
1429.199585 410.200582 -46.043752 0.505450 -0.028331 0.055774 -0.106980 0.992291
1429.299429 410.341401 -46.066440 0.502389 -0.028036 0.056420 -0.107082 0.992252
1429.399274 410.481362 -46.089246 0.500331 -0.027747 0.056845 -0.106855 0.992260
1429.499503 410.629958 -46.113891 0.499313 -0.027960 0.056750 -0.106699 0.992277
1429.599335 410.774690 -46.137357 0.497721 -0.030103 0.055421 -0.106121 0.992351
1429.699176 410.927802 -46.159530 0.492765 -0.033314 0.054751 -0.103957 0.992515
1429.799829 411.088966 -46.181286 0.485026 -0.032610 0.054879 -0.101977 0.992736
1429.899674 411.254863 -46.208017 0.476809 -0.029139 0.054955 -0.101156 0.992924
1429.999512 411.412162 -46.234121 0.470614 -0.030276 0.054946 -0.100541 0.992953
1430.099345 411.569084 -46.258454 0.465761 -0.029583 0.053726 -0.100460 0.993049
1430.199192 411.727627 -46.284005 0.469992 -0.029004 0.053342 -0.100488 0.993084
1430.299824 411.874922 -46.311526 0.477340 -0.028010 0.054956 -0.100395 0.993034
1430.399676 412.026990 -46.336304 0.475022 -0.028673 0.056405 -0.100670 0.992906
1430.499525 412.191829 -46.362210 0.468540 -0.027978 0.056162 -0.100787 0.992928
1430.599374 412.352022 -46.388589 0.461384 -0.027620 0.056430 -0.100676 0.992934
1430.699231 412.518921 -46.418086 0.454121 -0.028652 0.056291 -0.100436 0.992937
1430.799461 412.695894 -46.448377 0.453266 -0.029207 0.056473 -0.100460 0.992908
1430.899307 412.868955 -46.473316 0.456231 -0.029502 0.054974 -0.100088 0.993021
1430.999147 413.046851 -46.500213 0.452191 -0.032515 0.053001 -0.100057 0.993037
1431.099809 413.222931 -46.532541 0.442007 -0.033460 0.051306 -0.100157 0.993084
1431.199654 413.389289 -46.564213 0.433346 -0.035232 0.049293 -0.100026 0.993138
1431.299498 413.543674 -46.589271 0.418750 -0.035335 0.044240 -0.100053 0.993370
1431.399320 413.702938 -46.615016 0.408209 -0.032788 0.041172 -0.099504 0.993644
1431.499159 413.865993 -46.639945 0.397013 -0.030894 0.041088 -0.099643 0.993694
1431.599798 414.046474 -46.665786 0.380986 -0.029261 0.040875 -0.099802 0.993737
1431.699624 414.219233 -46.694024 0.373441 -0.030213 0.040658 -0.099702 0.993727
1431.799459 414.374456 -46.718025 0.361798 -0.031455 0.042083 -0.099936 0.993606
1431.899297 414.529042 -46.743704 0.344472 -0.031418 0.044565 -0.099793 0.993513
1431.999140 414.686353 -46.770153 0.328827 -0.029189 0.045623 -0.099953 0.993517
1432.099786 414.845831 -46.794008 0.320587 -0.028109 0.044008 -0.099872 0.993629
1432.199624 414.989101 -46.816078 0.313794 -0.029448 0.044186 -0.099602 0.993610
1432.299466 415.126846 -46.840412 0.305272 -0.030811 0.046431 -0.099455 0.993480
1432.399301 415.277860 -46.864644 0.294271 -0.032265 0.049629 -0.099614 0.993264
1432.499149 415.437060 -46.888868 0.284119 -0.033084 0.050666 -0.099740 0.993172
1432.599797 415.602422 -46.910887 0.278261 -0.039372 0.048963 -0.100126 0.992989
1432.699653 415.773601 -46.933393 0.273147 -0.045708 0.047456 -0.099987 0.992805
1432.799483 415.931876 -46.952715 0.267825 -0.047975 0.044606 -0.099834 0.992845
1432.899319 416.084763 -46.968909 0.257174 -0.048062 0.042536 -0.099593 0.992956
1432.999162 416.237063 -46.981517 0.239800 -0.045865 0.044238 -0.099675 0.992977
1433.099803 416.404949 -46.996510 0.225682 -0.043804 0.045358 -0.099843 0.993003
1433.199641 416.558736 -47.002523 0.212977 -0.043985 0.045071 -0.100086 0.992984
1433.299475 416.714127 -47.005192 0.202151 -0.043067 0.045129 -0.100647 0.992965
1433.399308 416.862674 -47.005750 0.202845 -0.034863 0.046765 -0.102127 0.993060
1433.499129 417.014428 -47.007530 0.191987 -0.030589 0.037925 -0.101256 0.993667
1433.599770 417.154455 -47.006156 0.188429 -0.029233 0.034979 -0.101095 0.993832
1433.699610 417.280512 -47.004157 0.180259 -0.029628 0.034591 -0.101059 0.993837
1433.799436 417.401083 -47.002815 0.168954 -0.030869 0.035315 -0.100795 0.993801
1433.899287 417.522962 -47.004810 0.162113 -0.030033 0.035059 -0.100686 0.993847
1433.999123 417.657399 -47.005466 0.160167 -0.032041 0.036153 -0.100577 0.993756
1434.099749 417.796939 -47.003617 0.163389 -0.031433 0.038316 -0.100590 0.993693
1434.199581 417.928856 -47.001031 0.163172 -0.031066 0.038079 -0.100680 0.993704
1434.299413 418.066335 -47.003067 0.157849 -0.031266 0.036853 -0.100540 0.993759
1434.399249 418.207071 -47.006703 0.148797 -0.031179 0.036407 -0.100626 0.993769
1434.499486 418.355398 -47.010376 0.136985 -0.030073 0.036886 -0.100824 0.993765
1434.599310 418.502338 -47.013837 0.129718 -0.029134 0.035386 -0.100728 0.993858
1434.699145 418.640332 -47.016533 0.127122 -0.028542 0.033656 -0.101053 0.993902
1434.799789 418.779706 -47.019253 0.125043 -0.027721 0.034272 -0.101821 0.993826
1434.899624 418.900126 -47.019952 0.126753 -0.025794 0.034746 -0.101809 0.993862
1434.999459 419.003716 -47.022841 0.122455 -0.026032 0.033709 -0.101524 0.993921
1435.099310 419.108587 -47.027547 0.120712 -0.027969 0.034782 -0.101195 0.993865
1435.199144 419.211504 -47.033110 0.116317 -0.026861 0.038055 -0.100805 0.993815
1435.299790 419.317485 -47.036412 0.117082 -0.028765 0.038645 -0.101002 0.993719
1435.399630 419.428595 -47.038166 0.117038 -0.030651 0.037683 -0.101518 0.993647
1435.499450 419.547367 -47.044300 0.119734 -0.030623 0.037205 -0.101995 0.993617
1435.599288 419.660001 -47.053764 0.126908 -0.034046 0.037681 -0.103444 0.993338
1435.699128 419.750203 -47.063002 0.115134 -0.026513 0.010034 -0.103342 0.994242
1435.799779 419.838319 -47.069461 0.090283 -0.018655 -0.010232 -0.102175 0.994539
1435.899616 419.930832 -47.073786 0.082673 -0.021553 -0.002511 -0.102207 0.994526
1435.999465 420.027236 -47.082962 0.090684 -0.025844 0.007344 -0.102134 0.994408
1436.099318 420.122160 -47.093679 0.098234 -0.028158 0.015550 -0.101890 0.994275
1436.199151 420.196235 -47.105926 0.097994 -0.028577 0.018439 -0.101672 0.994237
1436.299790 420.262591 -47.116540 0.094690 -0.026989 0.021678 -0.101571 0.994226
1436.399616 420.323934 -47.125449 0.090685 -0.027184 0.026540 -0.101592 0.994100
1436.499449 420.377727 -47.135567 0.083040 -0.026933 0.034272 -0.101668 0.993863
1436.599281 420.420399 -47.144231 0.079503 -0.027021 0.042217 -0.101860 0.993535
1436.699114 420.466632 -47.156115 0.078790 -0.026522 0.051600 -0.101953 0.993096
1436.799740 420.515057 -47.170266 0.079425 -0.025997 0.060605 -0.101975 0.992599
1436.899591 420.576709 -47.183155 0.073278 -0.025623 0.066766 -0.101943 0.992216
1436.999430 420.642131 -47.199231 0.068660 -0.026011 0.070010 -0.101590 0.992019
1437.099276 420.722182 -47.220131 0.065090 -0.026193 0.072678 -0.101320 0.991850
1437.199517 420.807533 -47.243553 0.060980 -0.028538 0.072000 -0.101330 0.991834
1437.299357 420.901902 -47.262133 0.054978 -0.029730 0.071052 -0.101446 0.991855
1437.399185 420.997358 -47.281028 0.042937 -0.027679 0.072891 -0.101291 0.991797
1437.499813 421.094229 -47.304064 0.034727 -0.026017 0.077439 -0.101040 0.991523
1437.599652 421.198395 -47.331307 0.035674 -0.024447 0.082596 -0.100563 0.991195
1437.699498 421.315559 -47.359489 0.040007 -0.024752 0.084669 -0.099820 0.991087
1437.799331 421.440526 -47.389092 0.034169 -0.025682 0.083517 -0.099158 0.991228
1437.899169 421.572259 -47.419172 0.029732 -0.027268 0.082170 -0.099317 0.991282
1437.999806 421.708519 -47.451412 0.022126 -0.028983 0.079106 -0.099801 0.991434
1438.099641 421.848198 -47.483383 0.022110 -0.027337 0.076363 -0.100386 0.991637
1438.199491 422.001396 -47.518237 0.020514 -0.026382 0.072535 -0.100696 0.991919
1438.299330 422.141526 -47.551887 0.019854 -0.026876 0.065921 -0.100612 0.992376
1438.399162 422.282282 -47.584783 0.022288 -0.030425 0.061057 -0.100303 0.992616
1438.499804 422.422764 -47.615423 0.024132 -0.031366 0.058944 -0.100088 0.992736
1438.599653 422.571756 -47.649790 0.019847 -0.031256 0.060010 -0.100106 0.992674
1438.699495 422.738372 -47.687271 0.003875 -0.029446 0.059472 -0.100055 0.992766
1438.799330 422.904184 -47.725554 -0.017624 -0.029658 0.054612 -0.100097 0.993035
1438.899164 423.073850 -47.762634 -0.034475 -0.030167 0.048629 -0.099636 0.993377
1438.999800 423.235398 -47.802407 -0.053868 -0.029746 0.045414 -0.099471 0.993558
1439.099647 423.400111 -47.839338 -0.076748 -0.029799 0.046945 -0.099399 0.993493
1439.199483 423.560554 -47.877104 -0.110791 -0.030431 0.050595 -0.099159 0.993318
1439.299328 423.722460 -47.917097 -0.150034 -0.030187 0.052457 -0.099170 0.993228
1439.399177 423.885952 -47.956139 -0.189460 -0.030557 0.052697 -0.098981 0.993223
1439.499814 424.056221 -47.994846 -0.224333 -0.029430 0.049738 -0.098988 0.993409
1439.599660 424.217387 -48.030215 -0.256096 -0.028026 0.048330 -0.098725 0.993545
1439.699508 424.370311 -48.068140 -0.286627 -0.027901 0.051323 -0.098411 0.993430
1439.799349 424.525731 -48.104737 -0.312696 -0.027974 0.057879 -0.098267 0.993082
1439.899197 424.686222 -48.144129 -0.335631 -0.029999 0.064014 -0.098289 0.992644
1439.999835 424.855074 -48.183164 -0.360021 -0.031605 0.065239 -0.098374 0.992506
1440.099659 425.031412 -48.221240 -0.383313 -0.031805 0.061963 -0.098088 0.992738
1440.199485 425.211243 -48.258397 -0.400597 -0.029302 0.060300 -0.097919 0.992934
1440.299323 425.390880 -48.295602 -0.409393 -0.028993 0.058868 -0.097500 0.993070
1440.399161 425.554951 -48.332259 -0.418385 -0.030327 0.057758 -0.097238 0.993121
1440.499801 425.727176 -48.370043 -0.426423 -0.031858 0.056946 -0.096867 0.993156
1440.599640 425.909114 -48.407730 -0.428971 -0.032290 0.056095 -0.097281 0.993150
1440.699465 426.093361 -48.439190 -0.433635 -0.039823 0.053744 -0.098221 0.992914
1440.799304 426.267429 -48.467398 -0.441006 -0.047730 0.052786 -0.099175 0.992522
1440.899144 426.436562 -48.495813 -0.450729 -0.049826 0.053855 -0.099459 0.992333
1440.999797 426.611881 -48.524464 -0.461185 -0.049556 0.053908 -0.099674 0.992322
1441.099633 426.790693 -48.546985 -0.466960 -0.049779 0.052400 -0.099984 0.992361
1441.199481 426.968273 -48.564546 -0.462560 -0.049309 0.049759 -0.100155 0.992503
1441.299310 427.145835 -48.578397 -0.456487 -0.046371 0.046834 -0.100058 0.992796
1441.399144 427.325232 -48.588991 -0.456728 -0.043499 0.045169 -0.100272 0.992982
1441.499781 427.504318 -48.597091 -0.464938 -0.037208 0.046271 -0.100379 0.993176
1441.599623 427.665915 -48.606804 -0.472033 -0.033110 0.048644 -0.100608 0.993185
1441.699469 427.821707 -48.614640 -0.478140 -0.032487 0.050312 -0.100531 0.993130
1441.799308 427.973411 -48.621873 -0.482881 -0.031404 0.049064 -0.100326 0.993248
1441.899149 428.133617 -48.628496 -0.486351 -0.030704 0.048857 -0.100183 0.993294
1441.999784 428.303187 -48.637555 -0.489143 -0.031296 0.046840 -0.100091 0.993382
1442.099631 428.470224 -48.646785 -0.492699 -0.031432 0.044445 -0.099875 0.993510
1442.199472 428.644645 -48.656167 -0.497227 -0.030941 0.042798 -0.099604 0.993625
1442.299323 428.816307 -48.667098 -0.500879 -0.030015 0.042561 -0.099560 0.993668
1442.399159 428.984013 -48.677804 -0.501464 -0.028431 0.041678 -0.099397 0.993768
1442.499794 429.156409 -48.691480 -0.508714 -0.029579 0.041747 -0.099098 0.993761
1442.599631 429.325689 -48.705998 -0.518596 -0.029929 0.040571 -0.098988 0.993811
1442.699473 429.488629 -48.714941 -0.523661 -0.029465 0.040541 -0.099319 0.993793
1442.799318 429.641831 -48.724307 -0.526929 -0.029779 0.040062 -0.099037 0.993831
1442.899154 429.790827 -48.736175 -0.528072 -0.031290 0.040587 -0.099147 0.993752
1442.999783 429.956913 -48.745831 -0.533232 -0.032972 0.039844 -0.099773 0.993665
1443.099615 430.118287 -48.760908 -0.536435 -0.031499 0.038534 -0.099664 0.993776
1443.199454 430.266945 -48.773436 -0.539775 -0.029270 0.038968 -0.099798 0.993813
1443.299294 430.414465 -48.782211 -0.547880 -0.029340 0.041075 -0.099602 0.993746
1443.399135 430.573302 -48.794471 -0.553424 -0.029981 0.043612 -0.099129 0.993666
1443.499781 430.735442 -48.811107 -0.554326 -0.030904 0.043855 -0.098920 0.993648
1443.599626 430.893004 -48.828452 -0.556189 -0.030693 0.044799 -0.099134 0.993591
1443.699462 431.043171 -48.844742 -0.564079 -0.030517 0.046855 -0.099418 0.993473
1443.799307 431.190212 -48.859228 -0.573232 -0.029968 0.049799 -0.099635 0.993325
1443.899138 431.332704 -48.870543 -0.579121 -0.029983 0.051146 -0.099522 0.993268
1443.999790 431.477542 -48.881401 -0.591346 -0.030040 0.049158 -0.099153 0.993403
1444.099637 431.615156 -48.894151 -0.607902 -0.028570 0.045264 -0.099000 0.993647
1444.199475 431.745432 -48.906693 -0.616442 -0.027489 0.043445 -0.098650 0.993793
1444.299316 431.871541 -48.923985 -0.618782 -0.027100 0.047467 -0.098241 0.993660
1444.399182 431.999532 -48.942244 -0.621559 -0.028546 0.053256 -0.098003 0.993350
1444.499809 432.138767 -48.957805 -0.622108 -0.028486 0.055860 -0.097527 0.993256
1444.599657 432.279381 -48.974030 -0.623513 -0.030516 0.056206 -0.097429 0.993185
1444.699497 432.419785 -48.989863 -0.630514 -0.028889 0.057478 -0.097687 0.993136
1444.799340 432.549930 -49.001440 -0.643193 -0.027835 0.058658 -0.098488 0.993018
1444.899190 432.686882 -49.012431 -0.651396 -0.028864 0.058963 -0.099021 0.992917
1444.999837 432.833106 -49.031775 -0.653925 -0.028190 0.058247 -0.099167 0.992965
1445.099679 432.982936 -49.054856 -0.651258 -0.027214 0.056551 -0.099157 0.993091
1445.199508 433.128864 -49.076763 -0.643756 -0.026599 0.051706 -0.098858 0.993401
1445.299368 433.283362 -49.100287 -0.639393 -0.027177 0.049150 -0.098364 0.993564
1445.399184 433.443160 -49.123880 -0.648218 -0.028165 0.050350 -0.098372 0.993476
1445.499825 433.592634 -49.143714 -0.655065 -0.027152 0.047200 -0.098255 0.993670
1445.599662 433.743686 -49.166350 -0.654823 -0.027128 0.042508 -0.097757 0.993932
1445.699505 433.892305 -49.188966 -0.649930 -0.029976 0.041019 -0.097828 0.993906
1445.799345 434.027445 -49.212611 -0.650675 -0.033646 0.038667 -0.098288 0.993837
1445.899170 434.165947 -49.232576 -0.654249 -0.033193 0.040986 -0.098339 0.993754
1445.999817 434.312315 -49.254979 -0.661956 -0.031309 0.046534 -0.098909 0.993515
1446.099669 434.454687 -49.275530 -0.674616 -0.028981 0.049945 -0.098973 0.993413
1446.199514 434.591122 -49.297201 -0.692014 -0.029151 0.049310 -0.098861 0.993451
1446.299352 434.723516 -49.317587 -0.704527 -0.030925 0.046823 -0.098757 0.993528
1446.399180 434.873307 -49.338372 -0.720812 -0.032371 0.043059 -0.098895 0.993639
1446.499818 435.028592 -49.362383 -0.736097 -0.031357 0.042978 -0.098668 0.993697
1446.599667 435.183080 -49.387753 -0.746065 -0.030554 0.043890 -0.098681 0.993681
1446.699499 435.331237 -49.411124 -0.761794 -0.029697 0.041842 -0.098508 0.993813
1446.799336 435.481327 -49.432920 -0.779375 -0.031336 0.039334 -0.098594 0.993856
1446.899186 435.629314 -49.452687 -0.788778 -0.030861 0.042384 -0.098813 0.993724
1446.999829 435.769248 -49.470525 -0.801210 -0.029807 0.046247 -0.099040 0.993561
1447.099664 435.903538 -49.492390 -0.808280 -0.029699 0.049094 -0.099325 0.993399
1447.199502 436.035845 -49.515997 -0.813575 -0.027816 0.048060 -0.099813 0.993456
1447.299330 436.162044 -49.539084 -0.817526 -0.027567 0.047236 -0.099581 0.993525
1447.399158 436.287324 -49.557549 -0.825295 -0.031194 0.045777 -0.099415 0.993503
1447.499794 436.411086 -49.576879 -0.831022 -0.032854 0.043487 -0.098706 0.993623
1447.599629 436.529006 -49.598001 -0.839774 -0.031894 0.042344 -0.098371 0.993737
1447.699477 436.648288 -49.617674 -0.845077 -0.029724 0.041670 -0.098397 0.993830
1447.799319 436.763636 -49.637508 -0.850080 -0.030129 0.040377 -0.098650 0.993846
1447.899164 436.870681 -49.654672 -0.851476 -0.030721 0.037947 -0.098561 0.993933
1447.999798 436.990172 -49.677515 -0.852356 -0.030898 0.037198 -0.098153 0.993996
1448.099634 437.111113 -49.698663 -0.851642 -0.030709 0.036229 -0.097790 0.994073
1448.199479 437.224964 -49.718995 -0.851447 -0.032042 0.035495 -0.098198 0.994017
1448.299305 437.340671 -49.739514 -0.854351 -0.032171 0.036699 -0.098716 0.993918
1448.399144 437.451391 -49.760972 -0.862963 -0.034151 0.038190 -0.098903 0.993777
1448.499784 437.561403 -49.781334 -0.871085 -0.035127 0.037572 -0.099080 0.993749
1448.599622 437.665769 -49.799282 -0.876441 -0.035321 0.035924 -0.099099 0.993801
1448.699454 437.768736 -49.818574 -0.883944 -0.034015 0.037888 -0.099222 0.993762
1448.799285 437.870592 -49.838944 -0.897506 -0.032447 0.039841 -0.098933 0.993767
1448.899112 437.974028 -49.855862 -0.911061 -0.030971 0.038619 -0.098482 0.993907
1448.999752 438.084703 -49.877747 -0.920640 -0.032650 0.035266 -0.097883 0.994037
1449.099591 438.192209 -49.895717 -0.920989 -0.033122 0.031972 -0.097230 0.994197
1449.199425 438.293210 -49.910907 -0.922311 -0.031784 0.033851 -0.097034 0.994197
1449.299261 438.402496 -49.926176 -0.926076 -0.030416 0.039464 -0.097305 0.994007
1449.399505 438.515698 -49.943202 -0.931050 -0.029446 0.042280 -0.097258 0.993925
1449.499358 438.623087 -49.961577 -0.941832 -0.031773 0.042099 -0.096876 0.993898
1449.599194 438.729951 -49.977345 -0.953217 -0.035355 0.041291 -0.096630 0.993835
1449.699829 438.826114 -49.992425 -0.959238 -0.038616 0.042544 -0.096906 0.993634
1449.799660 438.917963 -50.009403 -0.967397 -0.038549 0.043411 -0.097677 0.993523
1449.899489 439.017314 -50.025107 -0.974323 -0.036858 0.045015 -0.098278 0.993457
1449.999327 439.114068 -50.033986 -0.979553 -0.036543 0.046161 -0.099045 0.993340
1450.099170 439.205825 -50.044387 -0.988915 -0.034326 0.049267 -0.099426 0.993232
1450.199795 439.295566 -50.053357 -0.995237 -0.030807 0.050525 -0.099725 0.993254
1450.299650 439.374379 -50.061921 -0.999292 -0.032576 0.052761 -0.100197 0.993034
1450.399490 439.455300 -50.070569 -1.007014 -0.031644 0.054728 -0.099936 0.992983
1450.499331 439.553018 -50.081002 -1.014610 -0.029249 0.056312 -0.099874 0.992975
1450.599168 439.652650 -50.090167 -1.018271 -0.026877 0.055963 -0.100243 0.993024
1450.699800 439.759193 -50.104812 -1.021656 -0.025400 0.055437 -0.100320 0.993085
1450.799625 439.867465 -50.121466 -1.029742 -0.027448 0.056728 -0.100072 0.992982
1450.899470 439.975379 -50.138422 -1.037963 -0.030430 0.056991 -0.099730 0.992915
1450.999311 440.090433 -50.148914 -1.046963 -0.030508 0.056003 -0.099352 0.993007
1451.099147 440.212951 -50.158646 -1.054134 -0.030495 0.054169 -0.099231 0.993121
1451.199779 440.325837 -50.170420 -1.059259 -0.030773 0.051571 -0.098932 0.993280
1451.299616 440.427210 -50.186097 -1.063674 -0.031348 0.049331 -0.098604 0.993409
1451.399451 440.533197 -50.205378 -1.065399 -0.031787 0.047434 -0.098704 0.993477
1451.499289 440.641234 -50.220979 -1.063633 -0.030458 0.046875 -0.098870 0.993529
1451.599143 440.750496 -50.235510 -1.068435 -0.029377 0.047698 -0.099236 0.993486
1451.699789 440.862433 -50.249698 -1.072513 -0.028070 0.050631 -0.099392 0.993363
1451.799630 440.974986 -50.267153 -1.078317 -0.028614 0.053242 -0.099392 0.993211
1451.899456 441.090029 -50.284985 -1.087361 -0.030579 0.053354 -0.099393 0.993146
1451.999291 441.220148 -50.306964 -1.095600 -0.031762 0.052182 -0.098871 0.993223
1452.099123 441.358363 -50.326102 -1.100879 -0.031226 0.051069 -0.098781 0.993307
1452.199757 441.482852 -50.343250 -1.103866 -0.030719 0.051449 -0.098673 0.993314
1452.299606 441.600614 -50.364207 -1.106426 -0.030387 0.051397 -0.098843 0.993310
1452.399433 441.707161 -50.380875 -1.109902 -0.028636 0.049252 -0.099269 0.993428
1452.499266 441.809712 -50.394082 -1.111635 -0.028005 0.049421 -0.100281 0.993336
1452.599510 441.921503 -50.409932 -1.111119 -0.029633 0.052756 -0.101286 0.993015
1452.699353 442.034002 -50.429019 -1.109635 -0.028987 0.053967 -0.101748 0.992922
1452.799187 442.146300 -50.449514 -1.115526 -0.028956 0.052877 -0.102050 0.992951
1452.899822 442.271644 -50.472164 -1.127374 -0.027850 0.052971 -0.101763 0.993007
1452.999651 442.408188 -50.496431 -1.131560 -0.029094 0.053127 -0.101275 0.993013
1453.099491 442.543046 -50.518453 -1.135310 -0.031469 0.052976 -0.100971 0.992979
1453.199318 442.675091 -50.538801 -1.141250 -0.033597 0.052206 -0.100631 0.992985
1453.299164 442.817408 -50.558776 -1.142182 -0.033157 0.052080 -0.100619 0.993008
1453.399814 442.953059 -50.583223 -1.146398 -0.030659 0.051478 -0.100215 0.993160
1453.499647 443.086366 -50.611088 -1.151662 -0.031395 0.050281 -0.100378 0.993182
1453.599493 443.226452 -50.639055 -1.155940 -0.031286 0.049303 -0.100665 0.993205
1453.699337 443.362393 -50.661319 -1.161219 -0.030751 0.048612 -0.100985 0.993224
1453.799178 443.489281 -50.682571 -1.166531 -0.029490 0.048723 -0.100976 0.993257
1453.899815 443.619268 -50.706398 -1.177561 -0.030082 0.051356 -0.101271 0.993077
1453.999657 443.751162 -50.731712 -1.191034 -0.031572 0.055426 -0.101419 0.992797
1454.099515 443.888571 -50.757167 -1.196520 -0.031282 0.055289 -0.101579 0.992797
1454.199345 444.009473 -50.780291 -1.189131 -0.030758 0.049497 -0.101455 0.993132
1454.299185 444.131398 -50.802812 -1.185929 -0.028707 0.045124 -0.101015 0.993446
1454.399807 444.259235 -50.829783 -1.190848 -0.025894 0.048055 -0.100766 0.993411
1454.499647 444.384499 -50.858105 -1.200043 -0.026341 0.051387 -0.100228 0.993287
1454.599489 444.514882 -50.885675 -1.205048 -0.028683 0.053598 -0.099860 0.993143
1454.699334 444.641721 -50.909013 -1.206305 -0.033805 0.054930 -0.099560 0.992939
1454.799173 444.767732 -50.933245 -1.206602 -0.035053 0.056851 -0.099501 0.992793
1454.899813 444.910545 -50.964641 -1.201768 -0.032326 0.054620 -0.099092 0.993052
1454.999641 445.051114 -50.991946 -1.197973 -0.031193 0.053034 -0.099440 0.993140
1455.099470 445.187039 -51.017068 -1.204699 -0.031722 0.051853 -0.099471 0.993182
1455.199303 445.312547 -51.041639 -1.221578 -0.035499 0.050984 -0.098972 0.993149
1455.299145 445.436961 -51.063423 -1.239410 -0.042516 0.049857 -0.098595 0.992968
1455.399786 445.571651 -51.086240 -1.247558 -0.045927 0.050792 -0.098786 0.992750
1455.499618 445.715221 -51.105337 -1.244531 -0.046006 0.051867 -0.099371 0.992632
1455.599470 445.860001 -51.122969 -1.239514 -0.043157 0.051118 -0.099700 0.992766
1455.699313 446.007879 -51.137414 -1.244095 -0.040062 0.048741 -0.099958 0.992989
1455.799156 446.153577 -51.152314 -1.255067 -0.038307 0.045962 -0.100164 0.993170
1455.899775 446.295839 -51.168383 -1.267042 -0.037913 0.045346 -0.100473 0.993183
1455.999618 446.438778 -51.178567 -1.271247 -0.037956 0.046215 -0.100820 0.993106
1456.099456 446.577746 -51.187059 -1.273181 -0.038156 0.046019 -0.100733 0.993116
1456.199289 446.729051 -51.195899 -1.274494 -0.039755 0.045683 -0.100530 0.993089
1456.299130 446.875327 -51.202415 -1.274252 -0.040716 0.047009 -0.100341 0.993008
1456.399772 447.010093 -51.208782 -1.280305 -0.039390 0.049319 -0.100085 0.992975
1456.499613 447.142632 -51.216929 -1.283079 -0.038338 0.050559 -0.099437 0.993019
1456.599450 447.269374 -51.217821 -1.281400 -0.039922 0.050703 -0.098628 0.993030
1456.699293 447.394633 -51.216789 -1.285436 -0.040316 0.048108 -0.098132 0.993192
1456.799122 447.524796 -51.216805 -1.292436 -0.038677 0.044824 -0.097710 0.993452
1456.899768 447.655824 -51.218909 -1.293538 -0.033727 0.042868 -0.097659 0.993724
1456.999617 447.785699 -51.222131 -1.290934 -0.029579 0.043112 -0.098113 0.993801
1457.099453 447.914490 -51.223904 -1.295358 -0.029813 0.045142 -0.099520 0.993564
1457.199298 448.047725 -51.224812 -1.302421 -0.031165 0.046506 -0.100696 0.993341
1457.299146 448.190781 -51.226610 -1.303883 -0.030373 0.044159 -0.101335 0.993408
1457.399773 448.341291 -51.229380 -1.303699 -0.029942 0.041873 -0.101823 0.993470
1457.499612 448.488417 -51.235249 -1.305287 -0.028561 0.044879 -0.101630 0.993399
1457.599457 448.622014 -51.240871 -1.310480 -0.026861 0.047148 -0.101048 0.993401
1457.699287 448.751618 -51.248052 -1.318926 -0.026791 0.048399 -0.100679 0.993380
1457.799117 448.878606 -51.254597 -1.324398 -0.028523 0.048138 -0.101088 0.993303
1457.899758 449.004625 -51.256690 -1.323673 -0.029643 0.043160 -0.100852 0.993523
1457.999593 449.133708 -51.261386 -1.323843 -0.030842 0.038643 -0.100250 0.993733
1458.099425 449.258836 -51.269531 -1.325844 -0.033318 0.039837 -0.100013 0.993630
1458.199260 449.381942 -51.275286 -1.328144 -0.033348 0.040326 -0.100191 0.993591
1458.299509 449.498580 -51.282493 -1.334260 -0.030816 0.042462 -0.101125 0.993489
1458.399343 449.622595 -51.293384 -1.338834 -0.029547 0.041962 -0.102207 0.993438
1458.499191 449.740588 -51.300312 -1.337980 -0.029619 0.041624 -0.102793 0.993390
1458.599822 449.854722 -51.306220 -1.336212 -0.028072 0.041574 -0.103045 0.993411
1458.699663 449.968832 -51.316925 -1.343204 -0.028349 0.040419 -0.102649 0.993492
1458.799510 450.083877 -51.327290 -1.351181 -0.032429 0.042972 -0.102677 0.993257
1458.899353 450.197148 -51.336375 -1.352414 -0.035675 0.046318 -0.102702 0.992993
1458.999212 450.313211 -51.346145 -1.352664 -0.033892 0.045506 -0.102271 0.993137
1459.099445 450.427429 -51.354228 -1.352779 -0.031963 0.042439 -0.101840 0.993381
1459.199280 450.547169 -51.367190 -1.357663 -0.029605 0.040174 -0.101318 0.993602
1459.299115 450.666504 -51.380322 -1.365478 -0.029815 0.039942 -0.101149 0.993622
1459.399746 450.780774 -51.393857 -1.370944 -0.030879 0.042607 -0.101289 0.993464
1459.499590 450.892473 -51.406929 -1.374414 -0.032720 0.042907 -0.101210 0.993401
1459.599433 450.995148 -51.415942 -1.377516 -0.033143 0.042661 -0.101266 0.993392
1459.699275 451.096569 -51.425005 -1.381824 -0.031886 0.041793 -0.101255 0.993471
1459.799523 451.195969 -51.433667 -1.387760 -0.033378 0.042610 -0.101750 0.993336
1459.899369 451.295063 -51.443260 -1.395923 -0.034714 0.045669 -0.102438 0.993084
1459.999211 451.397793 -51.454078 -1.401524 -0.033345 0.048048 -0.102306 0.993032
1460.099451 451.506270 -51.464992 -1.405677 -0.035025 0.047688 -0.101874 0.993036
1460.199296 451.624862 -51.474190 -1.402238 -0.036389 0.046980 -0.101645 0.993044
1460.299134 451.742575 -51.483720 -1.400996 -0.036491 0.044733 -0.101374 0.993172
1460.399781 451.854750 -51.493360 -1.401205 -0.034565 0.042436 -0.100784 0.993402
1460.499615 451.963132 -51.502902 -1.401754 -0.032606 0.042568 -0.100711 0.993470
1460.599462 452.062748 -51.513102 -1.404861 -0.031415 0.041634 -0.100715 0.993547
1460.699299 452.166056 -51.524387 -1.408799 -0.030981 0.041111 -0.100615 0.993593
1460.799142 452.268897 -51.534212 -1.410738 -0.030625 0.041726 -0.100690 0.993571
1460.899778 452.363631 -51.536971 -1.410506 -0.032009 0.042176 -0.100484 0.993529
1460.999622 452.463987 -51.541300 -1.409905 -0.035551 0.040908 -0.100822 0.993427
1461.099490 452.571121 -51.552182 -1.411831 -0.035425 0.040667 -0.101522 0.993370
1461.199326 452.673320 -51.567562 -1.413958 -0.031873 0.041304 -0.102093 0.993406
1461.299163 452.763244 -51.578241 -1.412337 -0.029871 0.041403 -0.102791 0.993392
1461.399802 452.849969 -51.587063 -1.416622 -0.029002 0.042276 -0.103283 0.993330
1461.499645 452.940796 -51.593002 -1.423058 -0.029765 0.042926 -0.103494 0.993257
1461.599483 453.035381 -51.599897 -1.422620 -0.030080 0.044027 -0.103318 0.993218
1461.699327 453.123688 -51.610088 -1.424204 -0.030193 0.043444 -0.102975 0.993276
1461.799164 453.214697 -51.618922 -1.428382 -0.031521 0.042549 -0.103025 0.993268
1461.899803 453.306436 -51.630595 -1.430085 -0.032415 0.042515 -0.102939 0.993250
1461.999639 453.399527 -51.644802 -1.427850 -0.032854 0.044971 -0.102791 0.993143
1462.099463 453.498607 -51.657869 -1.429586 -0.032951 0.046653 -0.102658 0.993076
1462.199298 453.592120 -51.668545 -1.426441 -0.032000 0.049102 -0.102430 0.993012
1462.299139 453.691253 -51.678457 -1.427376 -0.031435 0.049197 -0.102491 0.993019
1462.399773 453.790928 -51.688423 -1.434080 -0.032076 0.045653 -0.102169 0.993201
1462.499609 453.876121 -51.697026 -1.440462 -0.033502 0.042806 -0.102157 0.993282
1462.599451 453.956716 -51.710426 -1.444411 -0.035303 0.042599 -0.102053 0.993239
1462.699292 454.034149 -51.723304 -1.445526 -0.034281 0.044838 -0.101958 0.993186
1462.799148 454.119021 -51.732421 -1.444469 -0.032154 0.046724 -0.102043 0.993162
1462.899794 454.213904 -51.739974 -1.447728 -0.031328 0.047675 -0.102364 0.993110
1462.999641 454.307875 -51.750768 -1.454144 -0.031013 0.048717 -0.102159 0.993090
1463.099489 454.407280 -51.764616 -1.461995 -0.030798 0.049420 -0.102067 0.993072
1463.199345 454.504452 -51.780451 -1.469343 -0.031164 0.051465 -0.102070 0.992956
1463.299191 454.597613 -51.796187 -1.478387 -0.030980 0.054495 -0.102031 0.992804
1463.399814 454.690083 -51.808476 -1.486273 -0.031043 0.055878 -0.101918 0.992737
1463.499649 454.788495 -51.821465 -1.491402 -0.031210 0.054580 -0.101822 0.992814
1463.599506 454.897798 -51.837118 -1.495880 -0.030560 0.053440 -0.101573 0.992922
1463.699339 455.007444 -51.854846 -1.507968 -0.029906 0.055898 -0.101671 0.992796
1463.799182 455.115993 -51.871637 -1.515844 -0.029350 0.058083 -0.101757 0.992678
1463.899814 455.230001 -51.891808 -1.520042 -0.029825 0.058413 -0.101222 0.992700
1463.999650 455.345619 -51.913237 -1.523786 -0.030875 0.056755 -0.100807 0.992806
1464.099496 455.468666 -51.934760 -1.531776 -0.032720 0.054150 -0.100676 0.992906
1464.199338 455.590775 -51.954216 -1.535723 -0.032243 0.049598 -0.100492 0.993178
1464.299193 455.696802 -51.972824 -1.534675 -0.030715 0.047513 -0.100729 0.993304
1464.399834 455.800724 -51.990386 -1.532805 -0.030454 0.048372 -0.100817 0.993262
1464.499684 455.899332 -52.007257 -1.543184 -0.031403 0.049308 -0.101383 0.993128
1464.599530 455.998115 -52.024469 -1.561715 -0.032499 0.048599 -0.102048 0.993060
1464.699384 456.104242 -52.045236 -1.578681 -0.031251 0.048249 -0.102089 0.993113
1464.799223 456.214699 -52.066548 -1.586322 -0.031017 0.049829 -0.101959 0.993056
1464.899460 456.334179 -52.089607 -1.594314 -0.031394 0.052166 -0.101817 0.992938
1464.999280 456.465729 -52.113416 -1.599705 -0.031170 0.054656 -0.101741 0.992819
1465.099113 456.603185 -52.137441 -1.611626 -0.030197 0.054695 -0.101940 0.992827
1465.199752 456.737166 -52.161076 -1.624158 -0.028902 0.054156 -0.101849 0.992904
1465.299577 456.869109 -52.184291 -1.637863 -0.031073 0.053593 -0.101995 0.992854
1465.399424 456.996598 -52.206292 -1.649769 -0.031758 0.053102 -0.102396 0.992818
1465.499268 457.108241 -52.226691 -1.654567 -0.031893 0.055247 -0.102750 0.992660
1465.599500 457.224329 -52.252541 -1.659507 -0.034748 0.055028 -0.102712 0.992580
1465.699343 457.348404 -52.275292 -1.665011 -0.039075 0.053818 -0.102666 0.992490
1465.799170 457.462915 -52.294299 -1.677509 -0.038932 0.050654 -0.102436 0.992686
1465.899806 457.574635 -52.311917 -1.693517 -0.036502 0.049214 -0.102450 0.992849
1465.999633 457.686133 -52.328547 -1.702675 -0.034940 0.050999 -0.102660 0.992794
1466.099484 457.813444 -52.349390 -1.703272 -0.034101 0.053526 -0.103058 0.992649
1466.199322 457.934676 -52.370046 -1.707271 -0.033665 0.053111 -0.103377 0.992653
1466.299163 458.050628 -52.389352 -1.711658 -0.035006 0.052252 -0.103491 0.992640
1466.399795 458.182482 -52.409173 -1.720810 -0.035404 0.052927 -0.103891 0.992548
1466.499629 458.317757 -52.427901 -1.733441 -0.037181 0.050548 -0.103720 0.992625
1466.599477 458.458052 -52.446560 -1.751249 -0.039797 0.050414 -0.103310 0.992573
1466.699299 458.595828 -52.462485 -1.770637 -0.043463 0.054148 -0.102847 0.992271
1466.799131 458.736027 -52.476081 -1.784929 -0.043496 0.057105 -0.102871 0.992101
1466.899778 458.878231 -52.491619 -1.791877 -0.041276 0.054747 -0.102859 0.992330
1466.999627 459.020801 -52.506940 -1.797723 -0.040809 0.051989 -0.103056 0.992477
1467.099463 459.161594 -52.522615 -1.803209 -0.037836 0.051295 -0.103587 0.992576
1467.199295 459.292258 -52.532218 -1.812845 -0.034886 0.053258 -0.103906 0.992547
1467.299126 459.425715 -52.539589 -1.829976 -0.034121 0.056332 -0.104284 0.992365
1467.399767 459.574655 -52.545638 -1.842158 -0.037026 0.056404 -0.105004 0.992180
1467.499598 459.721988 -52.552331 -1.844987 -0.039407 0.052997 -0.104743 0.992304
1467.599432 459.871791 -52.557126 -1.841069 -0.042242 0.053611 -0.104832 0.992145
1467.699271 460.021212 -52.565382 -1.844580 -0.044523 0.055629 -0.104390 0.991981
1467.799513 460.175903 -52.571211 -1.854229 -0.044722 0.060059 -0.104399 0.991713
1467.899355 460.333179 -52.574456 -1.872761 -0.038999 0.061452 -0.104396 0.991869
1467.999210 460.498929 -52.579907 -1.885337 -0.032680 0.058924 -0.104014 0.992291
1468.099450 460.670134 -52.584313 -1.887312 -0.028933 0.054104 -0.103578 0.992727
1468.199290 460.832282 -52.586193 -1.882702 -0.028906 0.053094 -0.103480 0.992793
1468.299125 460.981849 -52.589454 -1.887087 -0.030592 0.052705 -0.103002 0.992813
1468.399760 461.127948 -52.594023 -1.893386 -0.029780 0.052422 -0.103502 0.992800
1468.499613 461.270515 -52.596919 -1.896687 -0.026097 0.052123 -0.105274 0.992733
1468.599453 461.415620 -52.603368 -1.902156 -0.025543 0.049383 -0.105789 0.992833
1468.699296 461.560595 -52.612733 -1.906525 -0.025119 0.047072 -0.106384 0.992893
1468.799151 461.709164 -52.620344 -1.910468 -0.030217 0.045703 -0.106790 0.992771
1468.899786 461.856532 -52.626071 -1.909670 -0.031645 0.046437 -0.106727 0.992699
1468.999634 462.006779 -52.636909 -1.909599 -0.029455 0.045792 -0.106199 0.992853
1469.099481 462.160571 -52.648346 -1.910719 -0.029495 0.044298 -0.106060 0.992935
1469.199322 462.306772 -52.659938 -1.917302 -0.031093 0.044052 -0.106290 0.992872
1469.299170 462.449318 -52.672285 -1.922952 -0.033774 0.043240 -0.105798 0.992873
1469.399824 462.583502 -52.684337 -1.925454 -0.033952 0.042670 -0.105410 0.992933
1469.499658 462.717826 -52.699297 -1.934132 -0.031523 0.043633 -0.105530 0.992958
1469.599505 462.855370 -52.712595 -1.940261 -0.031287 0.043097 -0.106366 0.992900
1469.699347 462.987368 -52.721684 -1.942074 -0.030137 0.040622 -0.106757 0.992998
1469.799190 463.134319 -52.731385 -1.941447 -0.029660 0.037979 -0.107311 0.993057
1469.899824 463.281430 -52.747848 -1.936629 -0.028390 0.037984 -0.108380 0.992978
1469.999654 463.420499 -52.766885 -1.940468 -0.029341 0.037905 -0.109905 0.992786
1470.099497 463.559892 -52.784047 -1.950027 -0.028439 0.038780 -0.111420 0.992609
1470.199329 463.685693 -52.799303 -1.960065 -0.026633 0.038292 -0.113781 0.992410
1470.299164 463.800894 -52.813195 -1.967108 -0.026590 0.035008 -0.116809 0.992181
1470.399789 463.912534 -52.825876 -1.963087 -0.031292 0.033580 -0.118614 0.991879
1470.499611 464.014727 -52.841720 -1.955176 -0.029717 0.036829 -0.120546 0.991579
1470.599448 464.121432 -52.858466 -1.953020 -0.029273 0.038766 -0.123195 0.991193
1470.699296 464.230858 -52.879619 -1.953735 -0.026214 0.039855 -0.126590 0.990807
1470.799157 464.341809 -52.901893 -1.960820 -0.026711 0.038708 -0.129576 0.990454
1470.899798 464.447065 -52.922917 -1.964830 -0.028706 0.038557 -0.131102 0.990203
1470.999648 464.562731 -52.942185 -1.966194 -0.030166 0.040324 -0.131388 0.990051
1471.099509 464.683650 -52.962995 -1.967843 -0.030248 0.042160 -0.131280 0.989986
1471.199343 464.798402 -52.984074 -1.971658 -0.030441 0.043397 -0.131150 0.989944
1471.299186 464.908873 -53.008153 -1.975381 -0.031017 0.043038 -0.130704 0.990001
1471.399823 465.010308 -53.029666 -1.973967 -0.031675 0.042454 -0.130334 0.990054
1471.499651 465.106675 -53.048959 -1.976408 -0.033169 0.040730 -0.130282 0.990085
1471.599481 465.205448 -53.067498 -1.980677 -0.033120 0.040422 -0.129955 0.990142
1471.699333 465.306526 -53.088892 -1.985604 -0.033798 0.040587 -0.129833 0.990128
1471.799162 465.406435 -53.111308 -1.986717 -0.033309 0.042753 -0.129943 0.990039
1471.899801 465.505360 -53.134429 -1.984910 -0.033391 0.043029 -0.129787 0.990045
1471.999636 465.602275 -53.155067 -1.986409 -0.033608 0.042107 -0.129711 0.990087
1472.099471 465.697694 -53.177534 -1.989534 -0.033424 0.041658 -0.129998 0.990075
1472.199311 465.791568 -53.196481 -1.993201 -0.032826 0.042695 -0.130151 0.990030
1472.299139 465.888028 -53.214408 -1.998005 -0.032578 0.043862 -0.130600 0.989929
1472.399780 465.983816 -53.232809 -1.998799 -0.032414 0.043805 -0.130843 0.989904
1472.499618 466.086148 -53.254236 -1.999305 -0.031972 0.043542 -0.130702 0.989949
1472.599451 466.186440 -53.278444 -1.996533 -0.032386 0.044047 -0.130488 0.989941
1472.699289 466.276725 -53.298945 -1.997981 -0.032060 0.044135 -0.130261 0.989978
1472.799144 466.371672 -53.319517 -2.000327 -0.032656 0.044289 -0.130122 0.989970
1472.899773 466.469725 -53.339969 -2.003358 -0.032965 0.045429 -0.130382 0.989874
1472.999626 466.563490 -53.359977 -2.007278 -0.033230 0.046118 -0.130676 0.989794
1473.099468 466.656088 -53.380561 -2.010785 -0.033715 0.046573 -0.130947 0.989721
1473.199306 466.747255 -53.399063 -2.012641 -0.032299 0.045336 -0.131069 0.989809
1473.299135 466.828778 -53.416974 -2.009320 -0.031521 0.044147 -0.130646 0.989944
1473.399770 466.914288 -53.436422 -2.009351 -0.033064 0.045410 -0.130496 0.989856
1473.499610 467.006812 -53.454695 -2.012254 -0.036708 0.047242 -0.130782 0.989604
1473.599442 467.100873 -53.470167 -2.017359 -0.038489 0.046775 -0.130850 0.989550
1473.699269 467.200410 -53.485503 -2.019973 -0.037275 0.046029 -0.130605 0.989664
1473.799500 467.300012 -53.502203 -2.022536 -0.035871 0.045615 -0.130373 0.989765
1473.899334 467.396055 -53.519457 -2.024261 -0.037149 0.045614 -0.130376 0.989718
1473.999163 467.485400 -53.538180 -2.027006 -0.037246 0.045381 -0.130475 0.989712
1474.099803 467.564691 -53.550655 -2.028716 -0.035069 0.044090 -0.130735 0.989815
1474.199638 467.647978 -53.561834 -2.030328 -0.035765 0.043884 -0.131185 0.989740
1474.299485 467.740447 -53.569002 -2.031191 -0.039159 0.044480 -0.131586 0.989532
1474.399335 467.828106 -53.577037 -2.029611 -0.042234 0.046974 -0.131931 0.989244
1474.499182 467.930982 -53.588709 -2.031979 -0.044746 0.047922 -0.132065 0.989070
1474.599824 468.040211 -53.598893 -2.038321 -0.044018 0.049712 -0.132158 0.989002
1474.699667 468.152764 -53.606638 -2.045057 -0.041650 0.051287 -0.132056 0.989038
1474.799508 468.259351 -53.616035 -2.049903 -0.039501 0.052593 -0.131622 0.989115
1474.899353 468.363175 -53.624532 -2.047570 -0.036386 0.053556 -0.131422 0.989210
1474.999185 468.473390 -53.633171 -2.049299 -0.033356 0.054526 -0.131528 0.989250
1475.099827 468.579442 -53.637171 -2.057052 -0.031169 0.056576 -0.131549 0.989203
1475.199652 468.679877 -53.639620 -2.061420 -0.030639 0.059000 -0.131620 0.989068
1475.299493 468.781414 -53.645568 -2.063210 -0.030935 0.059500 -0.131415 0.989057
1475.399359 468.886151 -53.656279 -2.067687 -0.031035 0.059660 -0.131259 0.989065
1475.499184 469.002654 -53.667878 -2.071162 -0.029846 0.059807 -0.130673 0.989170
1475.599823 469.118614 -53.676907 -2.074214 -0.028378 0.058642 -0.130440 0.989314
1475.699663 469.231454 -53.686047 -2.076041 -0.030351 0.056011 -0.130354 0.989419
1475.799500 469.340085 -53.695516 -2.077987 -0.031435 0.054543 -0.130813 0.989406
1475.899347 469.447930 -53.706830 -2.079920 -0.032187 0.052452 -0.131309 0.989429
1475.999202 469.559331 -53.719392 -2.080523 -0.031582 0.049850 -0.131762 0.989523
1476.099448 469.673120 -53.734093 -2.081492 -0.030048 0.048292 -0.132270 0.989581
1476.199282 469.781171 -53.749224 -2.085295 -0.026992 0.047934 -0.133584 0.989510
1476.299108 469.895370 -53.766149 -2.090211 -0.026820 0.047656 -0.135189 0.989310
1476.399731 470.010286 -53.782948 -2.093869 -0.025316 0.046599 -0.137357 0.989101
1476.499580 470.125981 -53.801591 -2.095071 -0.027087 0.044709 -0.138856 0.988932
1476.599418 470.252700 -53.822867 -2.094031 -0.029635 0.043323 -0.139610 0.988814
1476.699261 470.376648 -53.842909 -2.093782 -0.031412 0.042639 -0.139670 0.988781
1476.799515 470.493866 -53.861085 -2.096946 -0.032060 0.042220 -0.139617 0.988786
1476.899359 470.616804 -53.883476 -2.099629 -0.031807 0.043705 -0.139471 0.988750
1476.999202 470.741832 -53.908016 -2.104445 -0.031374 0.045533 -0.139594 0.988664
1477.099433 470.866470 -53.933444 -2.112087 -0.032617 0.045509 -0.139567 0.988628
1477.199272 470.973050 -53.956977 -2.115210 -0.033658 0.044878 -0.139621 0.988615
1477.299510 471.089356 -53.981533 -2.112032 -0.033462 0.045729 -0.139346 0.988621
1477.399342 471.193623 -54.001087 -2.110952 -0.032286 0.047624 -0.138914 0.988632
1477.499191 471.291486 -54.019754 -2.114774 -0.032954 0.049266 -0.138935 0.988526
1477.599828 471.397638 -54.041976 -2.118528 -0.034169 0.051054 -0.139150 0.988364
1477.699668 471.501248 -54.065169 -2.122336 -0.032632 0.052771 -0.139663 0.988253
1477.799514 471.602794 -54.089596 -2.122618 -0.030720 0.053032 -0.139918 0.988265
1477.899370 471.711164 -54.114409 -2.126874 -0.031023 0.052410 -0.139698 0.988319
1477.999219 471.825008 -54.142961 -2.131870 -0.032604 0.054084 -0.139162 0.988254
1478.099463 471.942270 -54.168886 -2.127728 -0.034403 0.058496 -0.138919 0.987976
1478.199310 472.062927 -54.193184 -2.122893 -0.034358 0.058061 -0.138735 0.988029
1478.299156 472.193937 -54.219118 -2.126250 -0.031900 0.055145 -0.138431 0.988321
1478.399807 472.330874 -54.245272 -2.133847 -0.030403 0.052101 -0.138420 0.988535
1478.499639 472.471816 -54.273233 -2.136894 -0.032551 0.052203 -0.138324 0.988474
1478.599476 472.604421 -54.302682 -2.138937 -0.034569 0.053989 -0.138507 0.988284
1478.699306 472.724184 -54.328075 -2.140048 -0.036358 0.054084 -0.138658 0.988194
1478.799144 472.846248 -54.351897 -2.141396 -0.037371 0.053760 -0.138958 0.988132
1478.899768 472.977899 -54.373822 -2.145196 -0.037932 0.052856 -0.138844 0.988175
1478.999597 473.115616 -54.396650 -2.148604 -0.040474 0.053005 -0.138384 0.988131
1479.099434 473.251644 -54.418246 -2.148031 -0.042520 0.052680 -0.138131 0.988098
1479.199280 473.376120 -54.435940 -2.149760 -0.042292 0.051670 -0.138148 0.988158
1479.299118 473.510618 -54.455701 -2.154923 -0.038879 0.051274 -0.138176 0.988315
1479.399749 473.640695 -54.474721 -2.154927 -0.041253 0.050789 -0.138043 0.988262
1479.499590 473.760884 -54.490284 -2.152308 -0.044630 0.049402 -0.137919 0.988203
1479.599444 473.884992 -54.503661 -2.155322 -0.045983 0.048574 -0.137607 0.988226
1479.699293 474.010478 -54.515617 -2.160973 -0.042231 0.049527 -0.137656 0.988339
1479.799124 474.140052 -54.529160 -2.169226 -0.035311 0.051672 -0.137727 0.988491
1479.899760 474.285684 -54.540992 -2.177510 -0.031710 0.053608 -0.138068 0.988462
1479.999598 474.438437 -54.551933 -2.181441 -0.030236 0.055961 -0.138292 0.988347
1480.099427 474.586682 -54.566139 -2.179485 -0.030625 0.056205 -0.137886 0.988378
1480.199253 474.735086 -54.583831 -2.177590 -0.031715 0.054651 -0.137373 0.988502
1480.299494 474.877598 -54.597949 -2.181320 -0.030747 0.053726 -0.136984 0.988637
1480.399338 475.025650 -54.612019 -2.190782 -0.033252 0.051987 -0.137377 0.988595
1480.499188 475.169026 -54.625613 -2.194327 -0.035469 0.051330 -0.137939 0.988474
1480.599824 475.300600 -54.640264 -2.199323 -0.036287 0.050895 -0.138409 0.988401
1480.699664 475.424631 -54.651925 -2.199891 -0.036687 0.051343 -0.138641 0.988330
1480.799504 475.545224 -54.666318 -2.203153 -0.037451 0.050905 -0.138209 0.988385
1480.899363 475.680195 -54.681318 -2.205145 -0.037347 0.052271 -0.137781 0.988377
1480.999202 475.816259 -54.697894 -2.205014 -0.035312 0.050814 -0.137116 0.988620
1481.099455 475.952440 -54.715508 -2.207311 -0.036321 0.048682 -0.136369 0.988794
1481.199290 476.089484 -54.732620 -2.213930 -0.036747 0.048549 -0.135727 0.988874
1481.299136 476.231326 -54.746433 -2.217263 -0.041992 0.046607 -0.136219 0.988690
1481.399780 476.383017 -54.757148 -2.223203 -0.043902 0.046293 -0.137187 0.988488
1481.499625 476.538723 -54.770248 -2.230939 -0.042447 0.049606 -0.137951 0.988285
1481.599454 476.701519 -54.785141 -2.233229 -0.039576 0.055355 -0.138109 0.988077
1481.699283 476.856094 -54.798300 -2.234811 -0.037361 0.057002 -0.138112 0.988069
1481.799129 477.003931 -54.810649 -2.242894 -0.038031 0.057482 -0.138203 0.988003
1481.899757 477.146517 -54.818383 -2.249028 -0.040604 0.059968 -0.138507 0.987710
1481.999584 477.283268 -54.822107 -2.255733 -0.039781 0.062449 -0.138746 0.987556
1482.099436 477.427234 -54.827778 -2.261128 -0.037254 0.063793 -0.138916 0.987545
1482.199277 477.569861 -54.832052 -2.264221 -0.032190 0.064441 -0.139221 0.987638
1482.299113 477.709727 -54.840655 -2.267157 -0.029792 0.062652 -0.139081 0.987848
1482.399743 477.854023 -54.851531 -2.270277 -0.028924 0.062155 -0.139040 0.987911
1482.499584 478.011975 -54.863767 -2.273647 -0.030907 0.062516 -0.139349 0.987785
1482.599423 478.175984 -54.880906 -2.277322 -0.030780 0.064647 -0.139108 0.987685
1482.699280 478.339458 -54.898785 -2.283816 -0.028624 0.065594 -0.138574 0.987763
1482.799121 478.512543 -54.914760 -2.288408 -0.027695 0.063974 -0.138236 0.987943
1482.899758 478.680971 -54.926887 -2.285364 -0.029464 0.059601 -0.137731 0.988236
1482.999616 478.843721 -54.940773 -2.281380 -0.030931 0.059468 -0.137476 0.988234
1483.099446 479.012354 -54.961378 -2.282807 -0.027843 0.063062 -0.137767 0.988063
1483.199288 479.173463 -54.980031 -2.289546 -0.028012 0.063832 -0.138826 0.987860
1483.299129 479.335498 -55.001175 -2.295388 -0.030110 0.062781 -0.139389 0.987787
1483.399766 479.499777 -55.022050 -2.298001 -0.032193 0.061853 -0.139816 0.987719
1483.499616 479.668783 -55.045639 -2.290339 -0.030342 0.061705 -0.140434 0.987699
1483.599462 479.832046 -55.070768 -2.287085 -0.027839 0.061950 -0.140680 0.987723
1483.699294 480.002170 -55.098015 -2.294870 -0.026405 0.064050 -0.140444 0.987662
1483.799136 480.185642 -55.126894 -2.313155 -0.027185 0.064979 -0.139819 0.987669
1483.899781 480.365128 -55.156236 -2.326154 -0.029596 0.066326 -0.139254 0.987590
1483.999624 480.560026 -55.186628 -2.327524 -0.033410 0.064421 -0.138762 0.987663
1484.099473 480.761173 -55.218616 -2.326484 -0.032877 0.063220 -0.138650 0.987774
1484.199320 480.960175 -55.252473 -2.327022 -0.027494 0.062895 -0.139088 0.987898
1484.299158 481.151754 -55.285303 -2.329272 -0.025038 0.062548 -0.139919 0.987868
1484.399790 481.336961 -55.316725 -2.336988 -0.028194 0.061886 -0.140157 0.987791
1484.499631 481.519207 -55.352366 -2.341681 -0.034069 0.061302 -0.140309 0.987621
1484.599470 481.702404 -55.385425 -2.343497 -0.038536 0.060517 -0.140573 0.987467
1484.699312 481.880403 -55.415400 -2.345679 -0.039730 0.057978 -0.140911 0.987524
1484.799149 482.050917 -55.444388 -2.351921 -0.038669 0.056860 -0.140791 0.987649
1484.899788 482.225074 -55.476751 -2.358746 -0.035939 0.059126 -0.140153 0.987709
1484.999626 482.401023 -55.510002 -2.364774 -0.035834 0.063098 -0.140772 0.987379
1485.099464 482.586227 -55.543655 -2.365307 -0.037419 0.063464 -0.141242 0.987230
1485.199307 482.782307 -55.574464 -2.367875 -0.039462 0.061548 -0.141353 0.987256
1485.299135 482.987443 -55.606013 -2.375130 -0.040074 0.061466 -0.141253 0.987251
1485.399771 483.192464 -55.634384 -2.382345 -0.038531 0.063290 -0.141243 0.987198
1485.499614 483.391914 -55.662056 -2.391708 -0.037553 0.063652 -0.141459 0.987182
1485.599453 483.596524 -55.692091 -2.399347 -0.040493 0.064587 -0.141654 0.986977
1485.699299 483.811246 -55.725048 -2.406450 -0.041827 0.064444 -0.141393 0.986968
1485.799139 484.019904 -55.751367 -2.406977 -0.042564 0.063231 -0.141178 0.987046
1485.899771 484.223214 -55.775845 -2.408899 -0.044595 0.061850 -0.141174 0.987044
1485.999609 484.419483 -55.799326 -2.414043 -0.044962 0.062108 -0.141301 0.986993
1486.099432 484.615517 -55.821836 -2.426107 -0.045599 0.061896 -0.141388 0.986965
1486.199256 484.810063 -55.838465 -2.436936 -0.046433 0.060417 -0.141239 0.987039
1486.299495 485.001093 -55.850088 -2.443197 -0.042406 0.059087 -0.141287 0.987294
1486.399329 485.194431 -55.866991 -2.444092 -0.037305 0.059587 -0.141654 0.987417
1486.499180 485.399218 -55.888550 -2.451890 -0.033713 0.057890 -0.141584 0.987657
1486.599814 485.595015 -55.903426 -2.456996 -0.032269 0.055712 -0.141791 0.987801
1486.699651 485.783558 -55.917258 -2.457049 -0.033501 0.052777 -0.141626 0.987945
1486.799490 485.972681 -55.932652 -2.460797 -0.033316 0.052585 -0.141485 0.987981
1486.899337 486.168636 -55.952040 -2.469485 -0.032190 0.055440 -0.141488 0.987862
1486.999184 486.378381 -55.973608 -2.476620 -0.030906 0.059538 -0.141648 0.987642
1487.099825 486.585955 -55.993520 -2.480647 -0.030248 0.062495 -0.141789 0.987459
1487.199678 486.781592 -56.012209 -2.485171 -0.030136 0.062554 -0.141848 0.987450
1487.299514 486.970487 -56.030311 -2.486358 -0.030640 0.061650 -0.141743 0.987507
1487.399354 487.167760 -56.053493 -2.495508 -0.030690 0.058485 -0.141601 0.987718
1487.499201 487.381420 -56.078398 -2.506739 -0.030646 0.055726 -0.141510 0.987892
1487.599428 487.602636 -56.107464 -2.515762 -0.030999 0.053127 -0.141751 0.987989
1487.699261 487.823868 -56.136658 -2.521853 -0.030406 0.051867 -0.141637 0.988091
1487.799502 488.035127 -56.165558 -2.527249 -0.030503 0.050512 -0.141404 0.988192
1487.899345 488.232905 -56.193675 -2.532384 -0.030811 0.050415 -0.141214 0.988214
1487.999196 488.422049 -56.220510 -2.533677 -0.031143 0.051317 -0.141317 0.988143
1488.099835 488.607912 -56.249487 -2.539305 -0.031973 0.051790 -0.141367 0.988084
1488.199669 488.801524 -56.282092 -2.543162 -0.032091 0.052220 -0.140959 0.988116
1488.299524 488.983696 -56.310852 -2.547828 -0.030947 0.052385 -0.140677 0.988184
1488.399354 489.167007 -56.337837 -2.554305 -0.031656 0.052479 -0.140897 0.988125
1488.499202 489.349706 -56.366091 -2.560570 -0.031424 0.051955 -0.140944 0.988154
1488.599456 489.540866 -56.397433 -2.568309 -0.034352 0.050564 -0.141084 0.988109
1488.699294 489.716525 -56.427806 -2.570309 -0.037421 0.050351 -0.141001 0.988020
1488.799136 489.893411 -56.455134 -2.573095 -0.039481 0.050601 -0.141231 0.987894
1488.899771 490.072217 -56.482554 -2.576927 -0.039698 0.052130 -0.141255 0.987802
1488.999614 490.252440 -56.507992 -2.581833 -0.039655 0.053499 -0.141227 0.987735
1489.099446 490.439235 -56.532701 -2.589946 -0.040369 0.054805 -0.141300 0.987624
1489.199287 490.619006 -56.558993 -2.597928 -0.041670 0.056282 -0.141429 0.987468
1489.299134 490.792366 -56.584567 -2.602971 -0.043789 0.056769 -0.141647 0.987318
1489.399780 490.992100 -56.608965 -2.606785 -0.043280 0.057162 -0.141692 0.987311
1489.499613 491.191969 -56.631983 -2.609677 -0.037577 0.057603 -0.141421 0.987558
1489.599452 491.376398 -56.653059 -2.616712 -0.033198 0.058208 -0.141777 0.987628
1489.699291 491.545669 -56.673529 -2.622806 -0.031500 0.058651 -0.142056 0.987617
1489.799125 491.713892 -56.691746 -2.631654 -0.031436 0.057453 -0.142063 0.987689
1489.899767 491.890735 -56.712513 -2.634704 -0.031667 0.057170 -0.142015 0.987705
1489.999607 492.071157 -56.734273 -2.636906 -0.030832 0.058820 -0.142050 0.987629
1490.099449 492.256495 -56.759270 -2.643796 -0.031126 0.057724 -0.141947 0.987699
1490.199295 492.433003 -56.784578 -2.652779 -0.031039 0.056743 -0.142031 0.987747
1490.299128 492.603747 -56.808037 -2.655982 -0.030886 0.057238 -0.141992 0.987729
1490.399772 492.790742 -56.831954 -2.664244 -0.031711 0.055719 -0.141961 0.987794
1490.499613 492.979099 -56.856227 -2.674118 -0.031608 0.055176 -0.142014 0.987820
1490.599444 493.158888 -56.882784 -2.684074 -0.032872 0.057508 -0.142313 0.987603
1490.699290 493.332451 -56.910260 -2.689547 -0.040073 0.060628 -0.142376 0.987141
1490.799141 493.505907 -56.934841 -2.693444 -0.047986 0.061333 -0.142373 0.986745
1490.899779 493.680788 -56.953209 -2.700969 -0.053301 0.059352 -0.142228 0.986614
1490.999622 493.861626 -56.969748 -2.711151 -0.057195 0.055975 -0.141996 0.986627
1491.099459 494.046272 -56.982591 -2.722273 -0.058097 0.052431 -0.141786 0.986799
1491.199302 494.231876 -56.995754 -2.733072 -0.055789 0.051459 -0.141508 0.987023
1491.299135 494.416185 -57.009526 -2.741249 -0.045257 0.050996 -0.141703 0.987558
1491.399779 494.602715 -57.020148 -2.750494 -0.037355 0.049734 -0.142126 0.987892
1491.499624 494.789860 -57.027547 -2.762378 -0.033742 0.046404 -0.142246 0.988167
1491.599478 494.972572 -57.033157 -2.777405 -0.033736 0.040394 -0.142241 0.988432
1491.699315 495.147595 -57.037936 -2.792368 -0.034302 0.036466 -0.142227 0.988567
1491.799153 495.313727 -57.045733 -2.806640 -0.034607 0.037310 -0.142290 0.988516
1491.899790 495.474571 -57.052931 -2.821678 -0.034497 0.040550 -0.142359 0.988382
1491.999626 495.626677 -57.058475 -2.838680 -0.033659 0.043538 -0.142513 0.988262
1492.099468 495.779689 -57.063475 -2.862925 -0.033324 0.044465 -0.142719 0.988202
1492.199305 495.931885 -57.068762 -2.888152 -0.032191 0.044289 -0.142813 0.988234
1492.299145 496.079224 -57.075164 -2.914273 -0.032739 0.043279 -0.142767 0.988267
1492.399779 496.222738 -57.080866 -2.941998 -0.033757 0.043075 -0.143131 0.988190
1492.499620 496.367256 -57.090552 -2.966824 -0.033106 0.044373 -0.143208 0.988143
1492.599466 496.511710 -57.098913 -2.992779 -0.033317 0.045633 -0.143038 0.988103
1492.699304 496.654854 -57.110739 -3.027453 -0.032677 0.047336 -0.143033 0.988045
1492.799150 496.804800 -57.124416 -3.059343 -0.032536 0.050582 -0.143400 0.987836
1492.899780 496.954470 -57.135978 -3.089724 -0.032093 0.052345 -0.143454 0.987750
1492.999616 497.103077 -57.150982 -3.120121 -0.031645 0.052806 -0.143373 0.987752
1493.099446 497.252232 -57.166683 -3.145769 -0.032254 0.055272 -0.143368 0.987598
1493.199285 497.394201 -57.181790 -3.167983 -0.030731 0.061758 -0.143393 0.987259
1493.299129 497.539043 -57.199290 -3.183286 -0.029750 0.068477 -0.143311 0.986858
1493.399767 497.685982 -57.216954 -3.194528 -0.029628 0.072034 -0.143351 0.986602
1493.499625 497.823282 -57.234990 -3.206157 -0.031517 0.069850 -0.142905 0.986765
1493.599469 497.966067 -57.251593 -3.215676 -0.031985 0.065181 -0.142089 0.987187
1493.699296 498.108923 -57.268120 -3.219738 -0.031383 0.060152 -0.141864 0.987558
1493.799145 498.265556 -57.288608 -3.224406 -0.031538 0.056522 -0.141740 0.987786
1493.899791 498.428667 -57.311735 -3.227165 -0.031855 0.055718 -0.141954 0.987790
1493.999633 498.592957 -57.337336 -3.231123 -0.032772 0.055983 -0.141978 0.987742
1494.099473 498.761755 -57.363127 -3.233669 -0.032279 0.057050 -0.142017 0.987691
1494.199312 498.925800 -57.388724 -3.237038 -0.032568 0.056398 -0.142008 0.987721
1494.299144 499.084845 -57.413944 -3.242220 -0.031482 0.056193 -0.141946 0.987777
1494.399788 499.237613 -57.438374 -3.246745 -0.031765 0.056237 -0.142253 0.987721
1494.499638 499.381472 -57.463246 -3.251366 -0.031092 0.058048 -0.142524 0.987598
1494.599487 499.524223 -57.488409 -3.250195 -0.031280 0.058657 -0.142698 0.987531
1494.699322 499.680519 -57.517689 -3.246467 -0.032589 0.057342 -0.142594 0.987581
1494.799167 499.837877 -57.549899 -3.246662 -0.033329 0.055964 -0.142341 0.987672
1494.899792 499.996039 -57.580707 -3.256494 -0.033381 0.057907 -0.142666 0.987511
1494.999634 500.158185 -57.615545 -3.266364 -0.032339 0.063213 -0.142765 0.987206
1495.099471 500.327643 -57.645827 -3.274064 -0.031317 0.069347 -0.143190 0.986766
1495.199309 500.505521 -57.677487 -3.280092 -0.032832 0.069387 -0.143346 0.986691
1495.299134 500.683284 -57.710153 -3.287286 -0.038578 0.067123 -0.143210 0.986660
1495.399788 500.863937 -57.744624 -3.296680 -0.043327 0.063928 -0.142954 0.986712
1495.499634 501.039437 -57.780062 -3.305281 -0.046913 0.061402 -0.142887 0.986718
1495.599484 501.215323 -57.811882 -3.311116 -0.047759 0.059491 -0.142672 0.986826
1495.699315 501.381310 -57.839037 -3.320008 -0.043877 0.058659 -0.142592 0.987067
1495.799161 501.544232 -57.865581 -3.333385 -0.039077 0.058837 -0.142385 0.987288
1495.899785 501.695869 -57.892684 -3.349775 -0.035542 0.061727 -0.142616 0.987212
1495.999643 501.842334 -57.919102 -3.361626 -0.032328 0.064344 -0.142963 0.987105
1496.099485 502.009950 -57.949122 -3.367064 -0.033247 0.061908 -0.142869 0.987244
1496.199324 502.184498 -57.975212 -3.373164 -0.034695 0.056992 -0.142858 0.987492
1496.299166 502.369572 -58.000148 -3.379539 -0.034758 0.052814 -0.142710 0.987743
1496.399794 502.562522 -58.029767 -3.384146 -0.033753 0.051093 -0.142714 0.987868
1496.499631 502.739277 -58.060944 -3.388674 -0.031917 0.053173 -0.142951 0.987785
1496.599480 502.909336 -58.093796 -3.394643 -0.032854 0.055800 -0.143001 0.987602
1496.699313 503.080684 -58.124324 -3.401181 -0.033310 0.056910 -0.143347 0.987473
1496.799161 503.254735 -58.152174 -3.406834 -0.035696 0.055628 -0.143374 0.987459
1496.899802 503.424517 -58.178708 -3.412678 -0.038216 0.052630 -0.143198 0.987555
1496.999639 503.602409 -58.208544 -3.419717 -0.040303 0.048696 -0.143283 0.987661
1497.099470 503.787760 -58.239721 -3.432787 -0.043512 0.048241 -0.143435 0.987525
1497.199327 503.962888 -58.267084 -3.447084 -0.047963 0.049067 -0.143283 0.987300
1497.299167 504.127628 -58.293637 -3.462733 -0.049929 0.049327 -0.143150 0.987209
1497.399825 504.287236 -58.314657 -3.478807 -0.048334 0.049085 -0.143331 0.987274
1497.499681 504.450531 -58.331761 -3.498030 -0.046876 0.050830 -0.143446 0.987240
1497.599527 504.615790 -58.349921 -3.521320 -0.044763 0.053870 -0.143317 0.987195
1497.699381 504.786458 -58.366634 -3.544735 -0.045591 0.054270 -0.143364 0.987129
1497.799225 504.942250 -58.378940 -3.570633 -0.047870 0.054138 -0.143749 0.986972
1497.899458 505.092529 -58.389282 -3.600056 -0.050168 0.055715 -0.143991 0.986735
1497.999286 505.248790 -58.397671 -3.629408 -0.048257 0.056793 -0.143937 0.986776
1498.099129 505.417055 -58.404635 -3.659723 -0.047734 0.057540 -0.144289 0.986707
1498.199773 505.583559 -58.415148 -3.691444 -0.048205 0.058837 -0.144187 0.986623
1498.299590 505.748192 -58.422948 -3.720700 -0.047679 0.059801 -0.143895 0.986633
1498.399445 505.921789 -58.422520 -3.746361 -0.046988 0.061046 -0.144146 0.986553
1498.499285 506.095280 -58.419609 -3.765676 -0.046595 0.062362 -0.144318 0.986464
1498.599120 506.270398 -58.417575 -3.782052 -0.044212 0.063395 -0.144570 0.986471
1498.699758 506.448328 -58.423434 -3.799362 -0.041827 0.064520 -0.144426 0.986524
1498.799598 506.630525 -58.426731 -3.811154 -0.038379 0.067233 -0.144612 0.986455
1498.899443 506.814724 -58.428620 -3.824857 -0.037780 0.068650 -0.144752 0.986360
1498.999281 506.999779 -58.425453 -3.833504 -0.036262 0.071572 -0.144800 0.986203
1499.099124 507.190168 -58.423750 -3.841743 -0.036273 0.071998 -0.145177 0.986116
1499.199763 507.386969 -58.425450 -3.849620 -0.036040 0.071462 -0.145218 0.986157
1499.299620 507.572556 -58.427332 -3.854974 -0.033657 0.070464 -0.145182 0.986319
1499.399458 507.754310 -58.429759 -3.861772 -0.032155 0.066394 -0.144989 0.986679
1499.499295 507.943306 -58.434825 -3.869003 -0.032649 0.062571 -0.144880 0.986929
1499.599143 508.125642 -58.438800 -3.871621 -0.032998 0.059170 -0.145162 0.987086
1499.699791 508.312131 -58.445056 -3.872000 -0.031067 0.061068 -0.145481 0.986986
1499.799623 508.504216 -58.454782 -3.870125 -0.030542 0.064700 -0.146000 0.986694
1499.899467 508.696523 -58.465434 -3.872147 -0.034534 0.066386 -0.146659 0.986353
1499.999298 508.902005 -58.480004 -3.877229 -0.037189 0.061564 -0.146814 0.986546
1500.099148 509.090267 -58.493518 -3.888846 -0.036539 0.052309 -0.146510 0.987149
1500.199783 509.281414 -58.506455 -3.902061 -0.035414 0.044451 -0.146486 0.987579
1500.299614 509.473142 -58.520090 -3.913068 -0.034624 0.040289 -0.146457 0.987790
1500.399456 509.654222 -58.533248 -3.917266 -0.034324 0.041148 -0.146673 0.987733
1500.499292 509.816871 -58.539831 -3.920059 -0.035863 0.043033 -0.146739 0.987588
1500.599138 509.972202 -58.544957 -3.923665 -0.037261 0.043647 -0.146485 0.987547
1500.699785 510.138549 -58.555915 -3.929466 -0.038010 0.041776 -0.146360 0.987618
1500.799625 510.308758 -58.568192 -3.936506 -0.034816 0.040404 -0.146012 0.987844
1500.899466 510.488233 -58.582164 -3.942422 -0.032143 0.042533 -0.146014 0.987845
1500.999306 510.658956 -58.597176 -3.948319 -0.031179 0.044207 -0.145665 0.987854
1501.099167 510.829223 -58.610225 -3.953553 -0.031680 0.047373 -0.145680 0.987689
1501.199810 511.012389 -58.626253 -3.960404 -0.033548 0.051191 -0.145977 0.987393
1501.299657 511.198922 -58.645003 -3.968263 -0.034523 0.054818 -0.146255 0.987123
1501.399496 511.377300 -58.663769 -3.974589 -0.033282 0.056865 -0.146217 0.987056
1501.499342 511.550169 -58.678802 -3.981098 -0.032484 0.057818 -0.146254 0.987022
1501.599187 511.702529 -58.694641 -3.988419 -0.032055 0.057814 -0.146474 0.987003
1501.699836 511.868034 -58.713476 -3.991575 -0.031785 0.057837 -0.146510 0.987005
1501.799682 512.028416 -58.732136 -3.997696 -0.033329 0.056313 -0.146456 0.987051
1501.899525 512.178528 -58.750137 -4.001748 -0.033770 0.055912 -0.146578 0.987040
1501.999359 512.344001 -58.772368 -4.007249 -0.035026 0.055877 -0.146616 0.986993
1502.099193 512.516393 -58.795676 -4.017226 -0.031773 0.059234 -0.146877 0.986868
1502.199825 512.706529 -58.825752 -4.026929 -0.030179 0.063913 -0.147002 0.986608
1502.299669 512.873106 -58.849768 -4.032827 -0.030306 0.066673 -0.146837 0.986446
1502.399514 513.033711 -58.873964 -4.037163 -0.030862 0.069429 -0.146744 0.986252
1502.499356 513.203652 -58.901071 -4.043274 -0.031418 0.070316 -0.146711 0.986177
1502.599197 513.372769 -58.927792 -4.050033 -0.031257 0.069152 -0.146543 0.986289
1502.699443 513.547224 -58.959124 -4.058501 -0.031172 0.064712 -0.146514 0.986597
1502.799269 513.720235 -58.993869 -4.067277 -0.031746 0.057032 -0.146038 0.987123
1502.899514 513.895551 -59.024513 -4.072904 -0.031790 0.053181 -0.146439 0.987277
1502.999367 514.060400 -59.051090 -4.076666 -0.032139 0.051340 -0.147007 0.987279
1503.099203 514.218720 -59.081118 -4.078978 -0.032002 0.049595 -0.146597 0.987434
1503.199461 514.386450 -59.116134 -4.087741 -0.034479 0.048768 -0.146297 0.987436
1503.299315 514.566003 -59.154711 -4.100514 -0.036167 0.048320 -0.146138 0.987421
1503.399163 514.747311 -59.190435 -4.108285 -0.036923 0.049508 -0.146053 0.987347
1503.499794 514.925449 -59.226363 -4.108734 -0.036583 0.050375 -0.145973 0.987328
1503.599631 515.089503 -59.259219 -4.112811 -0.035284 0.049966 -0.145691 0.987437
1503.699479 515.250716 -59.290002 -4.122682 -0.033994 0.049139 -0.145322 0.987578
1503.799314 515.415595 -59.324050 -4.130196 -0.034607 0.048127 -0.145253 0.987617
1503.899163 515.577421 -59.359166 -4.135093 -0.037848 0.045737 -0.145312 0.987603
1503.999806 515.736618 -59.393379 -4.137133 -0.041950 0.044184 -0.145167 0.987530
1504.099635 515.893424 -59.425485 -4.141382 -0.038932 0.046468 -0.144794 0.987603
1504.199484 516.048246 -59.452778 -4.145859 -0.035477 0.049075 -0.144650 0.987628
1504.299330 516.206624 -59.479867 -4.150154 -0.034942 0.048075 -0.144967 0.987650
1504.399168 516.354931 -59.508788 -4.152540 -0.036616 0.045420 -0.145804 0.987592
1504.499809 516.512392 -59.540081 -4.158284 -0.037504 0.044036 -0.146107 0.987576
1504.599640 516.665782 -59.575617 -4.169238 -0.038230 0.045008 -0.146585 0.987434
1504.699479 516.810663 -59.608607 -4.177446 -0.036074 0.044522 -0.146755 0.987512
1504.799317 516.946168 -59.634866 -4.178189 -0.037410 0.042957 -0.147170 0.987470
1504.899162 517.071864 -59.659040 -4.176600 -0.035429 0.043964 -0.147671 0.987423
1504.999801 517.204096 -59.685798 -4.181273 -0.034108 0.045190 -0.147588 0.987427
1505.099635 517.347935 -59.713016 -4.188563 -0.032765 0.046609 -0.146797 0.987524
1505.199477 517.503667 -59.739815 -4.202537 -0.035966 0.048609 -0.145218 0.987550
1505.299322 517.662633 -59.771949 -4.212492 -0.034720 0.050148 -0.144731 0.987589
1505.399155 517.808316 -59.806392 -4.214208 -0.034388 0.050835 -0.144782 0.987558
1505.499794 517.938200 -59.837761 -4.215930 -0.034530 0.049369 -0.145017 0.987593
1505.599634 518.066934 -59.868843 -4.221810 -0.035647 0.046746 -0.145218 0.987652
1505.699477 518.206498 -59.895997 -4.223805 -0.038698 0.043037 -0.145077 0.987726
1505.799312 518.345398 -59.921762 -4.224331 -0.042907 0.043126 -0.144066 0.987696
1505.899147 518.488467 -59.947341 -4.225050 -0.043401 0.047161 -0.141643 0.987841
1505.999783 518.630568 -59.974806 -4.224874 -0.042417 0.049993 -0.138036 0.988255
1506.099623 518.756964 -60.000277 -4.224284 -0.037835 0.052185 -0.134983 0.988749
1506.199468 518.879227 -60.027193 -4.226155 -0.033610 0.050801 -0.133355 0.989195
1506.299306 519.000097 -60.054500 -4.236155 -0.034741 0.045901 -0.133244 0.989410
1506.399152 519.114180 -60.079133 -4.244589 -0.037731 0.042164 -0.132196 0.989607
1506.499790 519.227961 -60.101560 -4.246541 -0.037496 0.042899 -0.131366 0.989695
1506.599636 519.348077 -60.123480 -4.246493 -0.036870 0.043527 -0.130440 0.989814
1506.699473 519.468814 -60.149689 -4.249198 -0.035357 0.044263 -0.129103 0.990012
1506.799312 519.582602 -60.174736 -4.255394 -0.036713 0.044188 -0.128045 0.990103
1506.899159 519.701096 -60.199467 -4.259797 -0.037630 0.044947 -0.126170 0.990275
1506.999787 519.831846 -60.226746 -4.263374 -0.038635 0.043981 -0.124877 0.990444
1507.099633 519.964830 -60.252879 -4.264253 -0.038426 0.043761 -0.124694 0.990485
1507.199482 520.096129 -60.276382 -4.263521 -0.037606 0.045718 -0.124801 0.990414
1507.299314 520.219301 -60.301921 -4.266030 -0.037425 0.047492 -0.124698 0.990351
1507.399155 520.330293 -60.325480 -4.268676 -0.038197 0.046918 -0.124597 0.990361
1507.499784 520.425753 -60.350434 -4.271288 -0.037974 0.046040 -0.124684 0.990400
1507.599633 520.516830 -60.375099 -4.276795 -0.037361 0.046338 -0.124447 0.990439
1507.699476 520.615819 -60.396561 -4.279857 -0.038479 0.044736 -0.124046 0.990520
1507.799332 520.709567 -60.415369 -4.284329 -0.039197 0.045226 -0.123845 0.990495
1507.899166 520.812250 -60.437036 -4.286847 -0.036999 0.043232 -0.124359 0.990604
1507.999817 520.911034 -60.455360 -4.289739 -0.033770 0.043119 -0.125414 0.990592
1508.099660 521.007019 -60.475085 -4.292309 -0.033556 0.044595 -0.126466 0.990400
1508.199510 521.104174 -60.495029 -4.287376 -0.035350 0.046600 -0.127137 0.990159
1508.299351 521.208440 -60.514371 -4.285839 -0.037186 0.048315 -0.127462 0.989968
1508.399190 521.303518 -60.533421 -4.288603 -0.037750 0.049684 -0.127369 0.989891
1508.499822 521.392226 -60.554917 -4.298140 -0.039180 0.048314 -0.126404 0.990027
1508.599660 521.493298 -60.578842 -4.307922 -0.039609 0.045434 -0.125433 0.990269
1508.699483 521.594802 -60.597243 -4.313286 -0.038743 0.031374 -0.124228 0.991001
1508.799339 521.697761 -60.616477 -4.306705 -0.038152 0.031221 -0.124953 0.990937
1508.899190 521.801327 -60.634171 -4.303834 -0.037468 0.039894 -0.125293 0.990609
1508.999837 521.899924 -60.651233 -4.303273 -0.037939 0.048488 -0.125574 0.990172
1509.099687 521.994797 -60.668974 -4.306692 -0.037525 0.051193 -0.125432 0.990070
1509.199530 522.086611 -60.688203 -4.311600 -0.035772 0.048436 -0.124891 0.990342
1509.299371 522.174200 -60.707369 -4.321846 -0.034425 0.043634 -0.124461 0.990667
1509.399195 522.258492 -60.723908 -4.332412 -0.035258 0.042348 -0.124185 0.990728
1509.499835 522.345127 -60.740206 -4.331655 -0.035167 0.047708 -0.124322 0.990470
1509.599683 522.431680 -60.756440 -4.325500 -0.037967 0.051698 -0.124562 0.990136
1509.699521 522.505310 -60.774762 -4.318330 -0.039689 0.050789 -0.124401 0.990136
1509.799364 522.588261 -60.791288 -4.315086 -0.039875 0.047130 -0.124355 0.990315
1509.899202 522.680577 -60.810751 -4.322798 -0.039516 0.043934 -0.124249 0.990490
1509.999434 522.779530 -60.832209 -4.331987 -0.038194 0.043229 -0.124551 0.990535
1510.099290 522.883258 -60.852059 -4.334546 -0.037572 0.045261 -0.124875 0.990427
1510.199129 522.977342 -60.867133 -4.334572 -0.037452 0.046633 -0.125069 0.990344
1510.299788 523.065118 -60.885041 -4.341717 -0.036271 0.047436 -0.124873 0.990374
1510.399626 523.138643 -60.903749 -4.350128 -0.037819 0.048338 -0.124774 0.990285
1510.499459 523.212077 -60.921490 -4.357664 -0.037651 0.048459 -0.125203 0.990231
1510.599301 523.283455 -60.937231 -4.362889 -0.036156 0.048816 -0.125386 0.990246
1510.699140 523.357802 -60.951738 -4.368824 -0.034471 0.050430 -0.125465 0.990216
1510.799790 523.431842 -60.968284 -4.374945 -0.034154 0.051634 -0.125379 0.990175
1510.899629 523.500318 -60.984225 -4.380747 -0.034722 0.050249 -0.125454 0.990218
1510.999475 523.568766 -61.001861 -4.386951 -0.036065 0.046870 -0.125222 0.990365
1511.099335 523.642266 -61.019679 -4.389920 -0.036404 0.045380 -0.125183 0.990426
1511.199185 523.716264 -61.038361 -4.389339 -0.036572 0.045550 -0.125290 0.990399
1511.299815 523.789405 -61.059388 -4.389189 -0.037556 0.046449 -0.125146 0.990339
1511.399653 523.866347 -61.081076 -4.391323 -0.038268 0.046855 -0.124834 0.990332
1511.499492 523.954306 -61.100278 -4.391196 -0.040798 0.047351 -0.124878 0.990201
1511.599330 524.041541 -61.118500 -4.392093 -0.039875 0.046233 -0.124794 0.990303
1511.699174 524.117389 -61.134973 -4.391137 -0.039845 0.045368 -0.125101 0.990305
1511.799828 524.191061 -61.151509 -4.393478 -0.038922 0.045862 -0.125102 0.990319
1511.899663 524.264268 -61.169449 -4.398716 -0.038143 0.046932 -0.125271 0.990278
1511.999501 524.347555 -61.188408 -4.403336 -0.039444 0.047185 -0.125131 0.990232
1512.099346 524.427623 -61.203667 -4.402052 -0.042508 0.046670 -0.124865 0.990163
1512.199202 524.502905 -61.219131 -4.400013 -0.044302 0.045343 -0.124694 0.990168
1512.299454 524.580838 -61.232068 -4.403294 -0.044242 0.044855 -0.124631 0.990201
1512.399296 524.659353 -61.244687 -4.408472 -0.042838 0.045889 -0.124504 0.990231
1512.499125 524.740891 -61.255387 -4.413648 -0.041706 0.046962 -0.124781 0.990194
1512.599764 524.828963 -61.266484 -4.415851 -0.042051 0.049366 -0.124574 0.990089
1512.699604 524.908073 -61.279694 -4.414019 -0.042599 0.051589 -0.124311 0.989985
1512.799454 524.966097 -61.288214 -4.417452 -0.043972 0.052223 -0.124040 0.989926
1512.899297 525.022164 -61.293042 -4.420496 -0.044680 0.052566 -0.123988 0.989883
1512.999133 525.091429 -61.296115 -4.423032 -0.043521 0.054290 -0.124165 0.989819
1513.099754 525.173940 -61.301570 -4.425782 -0.041035 0.056280 -0.124341 0.989792
1513.199594 525.253346 -61.306571 -4.427239 -0.038178 0.058426 -0.124684 0.989739
1513.299429 525.342791 -61.314945 -4.427304 -0.036269 0.059181 -0.125223 0.989698
1513.399259 525.425877 -61.319785 -4.428720 -0.036452 0.059286 -0.125565 0.989641
1513.499488 525.511042 -61.320810 -4.430101 -0.037544 0.061413 -0.126051 0.989409
1513.599330 525.596713 -61.325765 -4.439339 -0.037679 0.062306 -0.126272 0.989320
1513.699192 525.679063 -61.329857 -4.442920 -0.035407 0.063035 -0.126928 0.989274
1513.799834 525.768556 -61.335434 -4.446526 -0.033563 0.063689 -0.127532 0.989218
1513.899679 525.853772 -61.347390 -4.448909 -0.033269 0.061067 -0.126500 0.989526
1513.999524 525.940667 -61.357046 -4.449056 -0.034886 0.059148 -0.125738 0.989684
1514.099361 526.038394 -61.368240 -4.453222 -0.036670 0.060517 -0.125537 0.989562
1514.199199 526.147917 -61.377745 -4.456720 -0.036301 0.064329 -0.125521 0.989337
1514.299434 526.262562 -61.387609 -4.465711 -0.036554 0.067670 -0.125636 0.989091
1514.399281 526.386918 -61.399441 -4.475178 -0.038515 0.067485 -0.126055 0.988975
1514.499128 526.509772 -61.411477 -4.478093 -0.039278 0.065593 -0.126170 0.989058
1514.599768 526.620950 -61.422192 -4.476880 -0.039473 0.064462 -0.125882 0.989161
1514.699615 526.725453 -61.431958 -4.474172 -0.039486 0.065573 -0.125880 0.989088
1514.799447 526.841852 -61.445621 -4.476655 -0.037901 0.066355 -0.125587 0.989135
1514.899299 526.958448 -61.461241 -4.485785 -0.038403 0.067392 -0.125173 0.989098
1514.999134 527.071361 -61.470108 -4.496501 -0.043229 0.067588 -0.125315 0.988868
1515.099776 527.197030 -61.479110 -4.502672 -0.045921 0.065460 -0.125375 0.988882
1515.199617 527.334773 -61.489526 -4.504555 -0.049515 0.064114 -0.125596 0.988769
1515.299468 527.481985 -61.499530 -4.506008 -0.050580 0.064051 -0.125842 0.988687
1515.399309 527.618075 -61.507916 -4.510786 -0.049243 0.062928 -0.125459 0.988876
1515.499152 527.751619 -61.516677 -4.517787 -0.049899 0.061434 -0.125228 0.988966
1515.599794 527.877170 -61.518663 -4.526834 -0.052361 0.061469 -0.125356 0.988820
1515.699631 527.996673 -61.517203 -4.533288 -0.052308 0.060769 -0.125575 0.988839
1515.799467 528.124362 -61.513404 -4.536095 -0.051556 0.060554 -0.125644 0.988883
1515.899309 528.268841 -61.513178 -4.545244 -0.046789 0.059444 -0.125415 0.989216
1515.999173 528.420905 -61.514932 -4.554475 -0.041381 0.060154 -0.124778 0.989495
1516.099812 528.571026 -61.513951 -4.554975 -0.040737 0.061001 -0.124328 0.989526
1516.199643 528.717376 -61.510779 -4.554983 -0.043494 0.060463 -0.124443 0.989427
1516.299495 528.869729 -61.506463 -4.563991 -0.041009 0.059329 -0.124775 0.989560
1516.399336 529.016709 -61.500309 -4.572886 -0.041697 0.059940 -0.125176 0.989444
1516.499181 529.164713 -61.497645 -4.575486 -0.042699 0.062167 -0.125618 0.989208
1516.599822 529.321153 -61.495661 -4.580817 -0.039971 0.062503 -0.126048 0.989246
1516.699669 529.477936 -61.495879 -4.590282 -0.035497 0.060288 -0.126011 0.989559
1516.799508 529.630792 -61.494092 -4.593991 -0.034314 0.055634 -0.125856 0.989893
1516.899349 529.786832 -61.491099 -4.600930 -0.033146 0.053142 -0.125892 0.990065
1516.999184 529.947818 -61.492844 -4.609888 -0.035163 0.053079 -0.125549 0.990042
1517.099826 530.102503 -61.496806 -4.619157 -0.037263 0.053561 -0.125344 0.989965
1517.199680 530.243591 -61.498637 -4.627878 -0.036680 0.053620 -0.125435 0.989972
1517.299523 530.379341 -61.497925 -4.637281 -0.034225 0.052801 -0.125692 0.990072
1517.399367 530.520780 -61.501252 -4.643909 -0.033488 0.050414 -0.125530 0.990242
1517.499198 530.660316 -61.507081 -4.644124 -0.034296 0.048836 -0.125400 0.990310
1517.599440 530.795498 -61.509850 -4.643089 -0.037954 0.047736 -0.125385 0.990232
1517.699285 530.931238 -61.513618 -4.649241 -0.038604 0.050788 -0.125276 0.990069
1517.799124 531.068999 -61.523671 -4.657158 -0.034454 0.052774 -0.125506 0.990089
1517.899767 531.215257 -61.535103 -4.663783 -0.031773 0.049815 -0.126157 0.990249
1517.999599 531.362764 -61.544314 -4.666699 -0.030425 0.045409 -0.126541 0.990454
1518.099442 531.512676 -61.552061 -4.666189 -0.032193 0.042975 -0.126616 0.990497
1518.199297 531.659278 -61.560007 -4.666545 -0.034702 0.044257 -0.126234 0.990405
1518.299134 531.801383 -61.568559 -4.671443 -0.036822 0.047340 -0.126410 0.990163
1518.399771 531.941513 -61.582268 -4.681859 -0.037212 0.048625 -0.126563 0.990067
1518.499607 532.067366 -61.590284 -4.689002 -0.036466 0.047626 -0.126622 0.990136
1518.599461 532.190323 -61.602177 -4.700170 -0.036406 0.045674 -0.126310 0.990270
1518.699301 532.314666 -61.611104 -4.708392 -0.035437 0.043361 -0.126187 0.990425
1518.799133 532.438310 -61.621737 -4.712647 -0.034999 0.042906 -0.126144 0.990466
1518.899781 532.568642 -61.632348 -4.708969 -0.035341 0.045961 -0.126377 0.990286
1518.999618 532.696942 -61.642533 -4.708397 -0.034637 0.048899 -0.126663 0.990134
1519.099440 532.820955 -61.653379 -4.709717 -0.035555 0.050815 -0.126526 0.990023
1519.199282 532.942694 -61.668959 -4.715165 -0.036285 0.049264 -0.126886 0.990028
1519.299116 533.063457 -61.686907 -4.726470 -0.035421 0.045431 -0.126871 0.990245
1519.399751 533.183762 -61.704832 -4.736218 -0.033294 0.041823 -0.127463 0.990402
1519.499592 533.307125 -61.718361 -4.739307 -0.031795 0.041193 -0.130019 0.990145
1519.599423 533.432395 -61.733627 -4.744377 -0.032797 0.038811 -0.132821 0.989837
1519.699262 533.552508 -61.747495 -4.748733 -0.037402 0.041128 -0.134829 0.989308
1519.799504 533.669317 -61.764774 -4.754020 -0.037800 0.043582 -0.134732 0.989201
1519.899351 533.774745 -61.782100 -4.753582 -0.035333 0.044360 -0.134255 0.989323
1519.999191 533.889358 -61.801413 -4.754599 -0.034126 0.045139 -0.134017 0.989362
1520.099830 534.001877 -61.819798 -4.749863 -0.038836 0.046888 -0.134671 0.989018
1520.199653 534.102810 -61.834942 -4.748675 -0.039022 0.048930 -0.135360 0.988818
1520.299496 534.201262 -61.851548 -4.755254 -0.038054 0.050313 -0.135482 0.988769
1520.399319 534.297400 -61.867314 -4.767638 -0.035280 0.050969 -0.135188 0.988879
1520.499159 534.387151 -61.884826 -4.773944 -0.036078 0.051248 -0.134946 0.988869
1520.599792 534.479233 -61.900686 -4.774291 -0.038119 0.051630 -0.135109 0.988750
1520.699639 534.577720 -61.919006 -4.775434 -0.037241 0.054790 -0.135191 0.988602
1520.799489 534.680789 -61.936470 -4.774937 -0.036542 0.055431 -0.134888 0.988634
1520.899316 534.786387 -61.953238 -4.780115 -0.035286 0.054969 -0.134957 0.988696
1520.999154 534.891037 -61.972384 -4.792710 -0.034063 0.054246 -0.134978 0.988776
1521.099796 534.990266 -61.995910 -4.809540 -0.036151 0.057249 -0.134927 0.988539
1521.199635 535.088862 -62.017216 -4.825602 -0.036870 0.059873 -0.135088 0.988335
1521.299483 535.191420 -62.037335 -4.837180 -0.036276 0.061489 -0.135239 0.988238
1521.399323 535.296966 -62.060185 -4.850314 -0.035984 0.061498 -0.135375 0.988229
1521.499154 535.410606 -62.082508 -4.861792 -0.036150 0.060306 -0.135310 0.988305
1521.599809 535.535255 -62.105454 -4.880192 -0.036153 0.057641 -0.135214 0.988477
1521.699660 535.651764 -62.127100 -4.905922 -0.036718 0.056502 -0.135297 0.988511
1521.799485 535.755109 -62.150130 -4.932664 -0.037106 0.055702 -0.135379 0.988531
1521.899306 535.860832 -62.175873 -4.952108 -0.036386 0.056160 -0.135489 0.988517
1521.999155 535.959334 -62.201249 -4.968556 -0.035855 0.056455 -0.135181 0.988561
1522.099795 536.058331 -62.225863 -4.984849 -0.036196 0.057368 -0.134671 0.988566
1522.199635 536.173093 -62.250168 -5.001568 -0.037039 0.057271 -0.134937 0.988504
1522.299466 536.287739 -62.275372 -5.020518 -0.037207 0.059043 -0.135317 0.988341
1522.399300 536.405171 -62.300564 -5.042468 -0.037429 0.060285 -0.135563 0.988224
1522.499137 536.527701 -62.330297 -5.062142 -0.037782 0.061157 -0.135542 0.988160
1522.599767 536.657968 -62.359829 -5.073382 -0.036442 0.062795 -0.136027 0.988041
1522.699608 536.779790 -62.390333 -5.077116 -0.033472 0.061352 -0.136128 0.988223
1522.799450 536.896257 -62.421547 -5.088165 -0.033599 0.057016 -0.135895 0.988510
1522.899289 537.010373 -62.448138 -5.096466 -0.036194 0.055614 -0.134788 0.988650
1522.999139 537.125815 -62.473167 -5.102026 -0.036982 0.057941 -0.132761 0.988762
1523.099779 537.241486 -62.494855 -5.103713 -0.037097 0.060024 -0.132335 0.988690
1523.199634 537.370383 -62.525585 -5.106199 -0.037558 0.060075 -0.132295 0.988675
1523.299474 537.496956 -62.558885 -5.103426 -0.038296 0.056826 -0.132113 0.988863
1523.399321 537.626253 -62.596388 -5.104836 -0.038488 0.053020 -0.132181 0.989058
1523.499157 537.756668 -62.630847 -5.110489 -0.038103 0.051667 -0.132271 0.989133
1523.599811 537.891819 -62.661707 -5.114780 -0.037393 0.053311 -0.132357 0.989061
1523.699658 538.013179 -62.690792 -5.119487 -0.035487 0.055715 -0.132255 0.989012
1523.799476 538.132963 -62.720121 -5.120502 -0.035738 0.058320 -0.132394 0.988834
1523.899316 538.256722 -62.750411 -5.122876 -0.036381 0.059470 -0.132369 0.988746
1523.999153 538.371041 -62.782156 -5.129277 -0.036880 0.059127 -0.132265 0.988762
1524.099769 538.492416 -62.814209 -5.132019 -0.037728 0.059801 -0.132033 0.988720
1524.199613 538.618186 -62.844173 -5.138327 -0.040411 0.057920 -0.131532 0.988793
1524.299460 538.739408 -62.876810 -5.146880 -0.042402 0.056247 -0.131577 0.988800
1524.399311 538.856286 -62.906763 -5.156465 -0.041943 0.054434 -0.132171 0.988842
1524.499157 538.976191 -62.935229 -5.160414 -0.042778 0.053474 -0.132896 0.988761
1524.599787 539.112768 -62.965451 -5.156955 -0.042180 0.053955 -0.133671 0.988656
1524.699614 539.252319 -62.995097 -5.154921 -0.043093 0.054589 -0.133669 0.988583
1524.799461 539.378194 -63.021250 -5.161899 -0.045958 0.057218 -0.133744 0.988295
1524.899300 539.511397 -63.050678 -5.172303 -0.049210 0.061206 -0.133278 0.987962
1524.999131 539.647643 -63.076256 -5.179443 -0.050621 0.061287 -0.132575 0.987980
1525.099764 539.791760 -63.102667 -5.182956 -0.050115 0.059178 -0.131635 0.988260
1525.199611 539.934718 -63.125349 -5.178167 -0.049545 0.059463 -0.131210 0.988329
1525.299453 540.076792 -63.139786 -5.176273 -0.044440 0.058889 -0.131735 0.988536
1525.399290 540.217884 -63.156692 -5.179310 -0.037759 0.056926 -0.132524 0.988823
1525.499125 540.356039 -63.174327 -5.181545 -0.034551 0.054213 -0.133391 0.988976
1525.599746 540.496574 -63.195777 -5.188573 -0.038539 0.052127 -0.133956 0.988865
1525.699576 540.635164 -63.214989 -5.197131 -0.044706 0.052758 -0.134292 0.988526
1525.799399 540.772064 -63.231308 -5.200268 -0.046385 0.053036 -0.133653 0.988520
1525.899241 540.899268 -63.242328 -5.199671 -0.049176 0.053546 -0.133260 0.988411
1525.999482 541.027625 -63.251087 -5.205796 -0.049082 0.054165 -0.132837 0.988439
1526.099323 541.153408 -63.259815 -5.213774 -0.047468 0.055290 -0.132390 0.988515
1526.199166 541.287649 -63.270217 -5.219188 -0.047176 0.056347 -0.132179 0.988498
1526.299813 541.425455 -63.278475 -5.221209 -0.045042 0.056300 -0.132381 0.988573
1526.399644 541.554899 -63.286843 -5.222950 -0.043496 0.054424 -0.132645 0.988712
1526.499480 541.684247 -63.294748 -5.224345 -0.044751 0.053335 -0.133266 0.988632
1526.599324 541.818131 -63.307104 -5.231378 -0.042930 0.052486 -0.133269 0.988758
1526.699160 541.957921 -63.316508 -5.243166 -0.039286 0.052910 -0.133228 0.988892
1526.799799 542.103672 -63.321818 -5.252201 -0.036218 0.053171 -0.133282 0.988988
1526.899632 542.248075 -63.326621 -5.256801 -0.035964 0.052312 -0.133090 0.989069
1526.999463 542.388780 -63.329901 -5.260664 -0.037393 0.050299 -0.133082 0.989121
1527.099303 542.529327 -63.334325 -5.267088 -0.037696 0.048412 -0.133092 0.989203
1527.199146 542.662144 -63.343213 -5.270203 -0.036084 0.050000 -0.132877 0.989213
1527.299784 542.788356 -63.356850 -5.274655 -0.033888 0.049972 -0.132487 0.989344
1527.399641 542.917693 -63.370425 -5.278879 -0.031876 0.048523 -0.132218 0.989519
1527.499487 543.041806 -63.377013 -5.282091 -0.034237 0.050824 -0.132146 0.989334
1527.599342 543.170887 -63.386199 -5.288370 -0.034958 0.052466 -0.132310 0.989201
1527.699188 543.301766 -63.398445 -5.296934 -0.036003 0.055083 -0.132741 0.988964
1527.799825 543.440746 -63.413489 -5.303677 -0.034085 0.057526 -0.133280 0.988820
1527.899666 543.577962 -63.427504 -5.305171 -0.034228 0.057928 -0.133455 0.988768
1527.999498 543.709337 -63.437653 -5.305567 -0.037140 0.056757 -0.133548 0.988718
1528.099337 543.846455 -63.447154 -5.310859 -0.038308 0.054856 -0.133298 0.988815
1528.199164 543.981821 -63.462883 -5.315055 -0.037645 0.055229 -0.133084 0.988848
1528.299795 544.115326 -63.483396 -5.320530 -0.037471 0.057354 -0.133120 0.988729
1528.399643 544.250615 -63.503075 -5.325343 -0.036724 0.060752 -0.133384 0.988519
1528.499486 544.380902 -63.518664 -5.330429 -0.038915 0.062225 -0.133544 0.988322
1528.599320 544.504524 -63.530713 -5.333680 -0.042869 0.061335 -0.133681 0.988195
1528.699152 544.635315 -63.542441 -5.338578 -0.047986 0.059223 -0.133282 0.988143
1528.799791 544.776776 -63.558856 -5.343347 -0.052684 0.058495 -0.132838 0.988007
1528.899638 544.930131 -63.572652 -5.353682 -0.055612 0.058550 -0.132679 0.987864
1528.999485 545.083064 -63.586357 -5.360380 -0.054325 0.060975 -0.132608 0.987799
1529.099326 545.225535 -63.599633 -5.367151 -0.050289 0.064291 -0.132855 0.987769
1529.199171 545.364828 -63.607226 -5.372603 -0.047191 0.066589 -0.133095 0.987737
1529.299802 545.503966 -63.611899 -5.377874 -0.045818 0.066783 -0.133077 0.987791
1529.399641 545.647322 -63.614446 -5.384115 -0.042928 0.067594 -0.133273 0.987839
1529.499488 545.788874 -63.615164 -5.390730 -0.037896 0.069522 -0.133534 0.987876
1529.599317 545.934961 -63.619023 -5.400167 -0.034287 0.070597 -0.133779 0.987899
1529.699167 546.080330 -63.624125 -5.404796 -0.034425 0.070807 -0.134273 0.987812
1529.799802 546.226832 -63.630075 -5.405542 -0.035967 0.070746 -0.134540 0.987725
1529.899655 546.378581 -63.636191 -5.411626 -0.038274 0.071197 -0.134455 0.987617
1529.999491 546.539198 -63.645915 -5.421115 -0.038428 0.072976 -0.134266 0.987507
1530.099328 546.706981 -63.657797 -5.428771 -0.037553 0.074880 -0.133589 0.987490
1530.199173 546.877239 -63.669183 -5.433215 -0.036360 0.075218 -0.133207 0.987561
1530.299811 547.044272 -63.680766 -5.434596 -0.039745 0.075719 -0.132967 0.987424
1530.399647 547.215509 -63.695827 -5.444700 -0.039291 0.075560 -0.133110 0.987435
1530.499479 547.396276 -63.713255 -5.458923 -0.036446 0.073747 -0.132709 0.987735
1530.599338 547.582262 -63.730407 -5.470799 -0.034824 0.072944 -0.133137 0.987796
1530.699174 547.770110 -63.745998 -5.478247 -0.037571 0.073007 -0.133626 0.987625
1530.799812 547.957103 -63.762077 -5.480230 -0.039394 0.071672 -0.134284 0.987562
1530.899647 548.146566 -63.776632 -5.478644 -0.040851 0.073671 -0.134719 0.987297
1530.999482 548.333818 -63.794825 -5.476800 -0.038451 0.075924 -0.134865 0.987202
1531.099331 548.515673 -63.813550 -5.481588 -0.036804 0.074526 -0.135355 0.987305
1531.199168 548.693134 -63.831764 -5.495305 -0.035798 0.069687 -0.135425 0.987685
1531.299802 548.879650 -63.855796 -5.509409 -0.036623 0.070315 -0.135080 0.987658
1531.399635 549.076047 -63.879636 -5.520643 -0.037948 0.072005 -0.134958 0.987503
1531.499469 549.273102 -63.901014 -5.529911 -0.039790 0.073900 -0.134698 0.987326
1531.599319 549.475382 -63.923035 -5.535866 -0.040697 0.074339 -0.134693 0.987256
1531.699162 549.678941 -63.944495 -5.537242 -0.041109 0.075481 -0.134789 0.987140
1531.799797 549.881132 -63.970937 -5.542529 -0.041780 0.075524 -0.134311 0.987173
1531.899632 550.082314 -63.996361 -5.547200 -0.042138 0.076274 -0.134093 0.987130
1531.999490 550.293278 -64.017656 -5.551906 -0.042513 0.076952 -0.133940 0.987082
1532.099311 550.507277 -64.039287 -5.562345 -0.043133 0.075958 -0.133894 0.987138
1532.199151 550.714180 -64.062494 -5.574089 -0.041596 0.073154 -0.133967 0.987406
1532.299777 550.927551 -64.084522 -5.583009 -0.042352 0.070777 -0.133574 0.987601
1532.399625 551.146140 -64.108393 -5.588501 -0.043311 0.069783 -0.133708 0.987612
1532.499454 551.373939 -64.134718 -5.598002 -0.040055 0.072201 -0.133657 0.987582
1532.599284 551.604367 -64.157728 -5.607953 -0.038698 0.073915 -0.134162 0.987441
1532.699127 551.829617 -64.181298 -5.615353 -0.039141 0.073400 -0.133986 0.987486
1532.799765 552.057192 -64.205815 -5.622535 -0.039212 0.070133 -0.134030 0.987714
1532.899600 552.284364 -64.229001 -5.630907 -0.039400 0.066839 -0.134211 0.987911
1532.999448 552.506068 -64.255459 -5.639673 -0.039460 0.065171 -0.134271 0.988012
1533.099281 552.724559 -64.281050 -5.651969 -0.039332 0.066472 -0.134363 0.987918
1533.199103 552.940513 -64.302486 -5.658151 -0.037215 0.067535 -0.134400 0.987922
1533.299746 553.156379 -64.324856 -5.666700 -0.036039 0.066203 -0.134249 0.988077
1533.399584 553.371330 -64.345966 -5.681699 -0.036749 0.065717 -0.134190 0.988091
1533.499431 553.591255 -64.372253 -5.702460 -0.038259 0.062931 -0.134264 0.988205
1533.599275 553.819178 -64.403364 -5.722800 -0.038484 0.057483 -0.133894 0.988578
1533.699508 554.050250 -64.433076 -5.736643 -0.038448 0.052147 -0.133877 0.988878
1533.799345 554.282216 -64.460219 -5.746317 -0.037917 0.049284 -0.133926 0.989038
1533.899190 554.504263 -64.488982 -5.755918 -0.037885 0.046698 -0.133945 0.989163
1533.999819 554.710023 -64.512221 -5.766796 -0.037786 0.044049 -0.134353 0.989233
1534.099654 554.904266 -64.534404 -5.779990 -0.038145 0.043277 -0.134582 0.989222
1534.199493 555.089847 -64.562102 -5.803745 -0.038704 0.041027 -0.134559 0.989299
1534.299341 555.268404 -64.584178 -5.783355 -0.040134 0.021857 -0.133963 0.989932
1534.399176 555.440987 -64.609928 -5.773283 -0.038801 -0.054917 -0.130828 0.989122
1534.499814 555.612637 -64.633445 -5.761310 -0.037041 -0.098268 -0.128901 0.986081
1534.599656 555.755828 -64.652797 -5.777136 -0.035572 -0.087758 -0.130064 0.986973
1534.699480 555.876191 -64.665574 -5.823311 -0.036739 -0.057899 -0.131285 0.988970
1534.799320 555.962854 -64.673222 -5.869387 -0.037734 -0.024855 -0.132341 0.990174
1534.899166 556.032450 -64.679544 -5.880463 -0.038535 -0.003489 -0.132946 0.990368
1534.999809 556.099658 -64.688595 -5.874163 -0.039485 0.008331 -0.133598 0.990214
1535.099658 556.154263 -64.697375 -5.871748 -0.038284 0.018706 -0.134095 0.990052
1535.199502 556.193206 -64.705530 -5.882698 -0.036803 0.030054 -0.134458 0.989779
1535.299342 556.230214 -64.709509 -5.891307 -0.037513 0.038312 -0.135148 0.989374
1535.399189 556.265856 -64.713929 -5.902864 -0.037831 0.043377 -0.135505 0.989103
1535.499826 556.302775 -64.720114 -5.920090 -0.036925 0.045818 -0.135555 0.989021
1535.599664 556.328851 -64.727643 -5.933115 -0.036649 0.049460 -0.135794 0.988823
1535.699497 556.352781 -64.735333 -5.949420 -0.035456 0.053399 -0.135906 0.988646
1535.799333 556.382893 -64.742593 -5.970653 -0.035116 0.057535 -0.136170 0.988390
1535.899173 556.418819 -64.750085 -5.990935 -0.035344 0.059959 -0.136441 0.988200
1535.999815 556.459467 -64.759033 -6.012035 -0.035889 0.061181 -0.136240 0.988133
1536.099653 556.498443 -64.769120 -6.033479 -0.035920 0.062185 -0.136324 0.988058
1536.199493 556.538385 -64.780518 -6.057825 -0.035507 0.064417 -0.136525 0.987902
1536.299327 556.573250 -64.794818 -6.082178 -0.033841 0.068516 -0.136578 0.987677
1536.399162 556.620932 -64.810248 -6.106915 -0.033434 0.072458 -0.136613 0.987405
1536.499804 556.677641 -64.824961 -6.131028 -0.034031 0.075909 -0.136655 0.987120
1536.599642 556.739430 -64.841469 -6.153133 -0.033851 0.075309 -0.136493 0.987194
1536.699488 556.801046 -64.857829 -6.168602 -0.033609 0.073672 -0.136594 0.987312
1536.799323 556.866966 -64.874495 -6.178464 -0.033885 0.072838 -0.136715 0.987348
1536.899149 556.929348 -64.895182 -6.184279 -0.034119 0.074548 -0.136837 0.987195
1536.999792 557.003376 -64.918444 -6.190986 -0.033720 0.076742 -0.136796 0.987046
1537.099634 557.088816 -64.942861 -6.197861 -0.034021 0.077980 -0.136875 0.986928
1537.199478 557.182090 -64.969205 -6.201524 -0.034044 0.077614 -0.136894 0.986953
1537.299310 557.273696 -64.994521 -6.203295 -0.033388 0.076781 -0.137101 0.987012
1537.399148 557.362339 -65.018979 -6.203073 -0.032861 0.077200 -0.137240 0.986978
1537.499795 557.456485 -65.043874 -6.204044 -0.032941 0.077899 -0.137268 0.986916
1537.599652 557.562073 -65.074255 -6.209677 -0.032613 0.078803 -0.137161 0.986870
1537.699483 557.666928 -65.107379 -6.217429 -0.032824 0.080939 -0.137284 0.986673
1537.799323 557.784581 -65.143750 -6.220652 -0.033077 0.079648 -0.136971 0.986814
1537.899158 557.904792 -65.181148 -6.220314 -0.034039 0.077165 -0.136741 0.987010
1537.999793 558.021684 -65.216025 -6.222040 -0.035767 0.073675 -0.136392 0.987264
1538.099622 558.137791 -65.247792 -6.224317 -0.034940 0.073675 -0.136022 0.987345
1538.199459 558.255711 -65.283450 -6.226291 -0.035254 0.074178 -0.135761 0.987332
1538.299302 558.382471 -65.322581 -6.228942 -0.036496 0.073521 -0.135691 0.987345
1538.399133 558.524821 -65.365329 -6.234623 -0.037556 0.074587 -0.135741 0.987219
1538.499766 558.667725 -65.407320 -6.239064 -0.036749 0.077221 -0.136197 0.986984
1538.599620 558.806839 -65.450641 -6.242558 -0.037080 0.079147 -0.136402 0.986790
1538.699464 558.951670 -65.497061 -6.246933 -0.036272 0.077811 -0.136423 0.986924
1538.799301 559.109681 -65.544454 -6.249633 -0.034725 0.077041 -0.136441 0.987037
1538.899146 559.271022 -65.590508 -6.250260 -0.035405 0.074768 -0.136275 0.987211
1538.999793 559.433093 -65.633053 -6.251859 -0.039900 0.072426 -0.136158 0.987230
1539.099629 559.591926 -65.677998 -6.255476 -0.046599 0.070931 -0.135670 0.987112
1539.199471 559.750785 -65.722497 -6.260813 -0.051379 0.070747 -0.135151 0.986960
1539.299315 559.918221 -65.766632 -6.268748 -0.052784 0.069048 -0.134939 0.987035
1539.399149 560.086694 -65.807131 -6.274230 -0.051690 0.066525 -0.134963 0.987263
1539.499803 560.256717 -65.845461 -6.274197 -0.048116 0.063278 -0.134779 0.987682
1539.599645 560.433858 -65.886523 -6.275777 -0.048081 0.061882 -0.134989 0.987743
1539.699497 560.614736 -65.925629 -6.280755 -0.046191 0.061704 -0.134988 0.987845
1539.799350 560.788108 -65.961225 -6.291358 -0.044412 0.057996 -0.134884 0.988165
1539.899191 560.959025 -65.995528 -6.303011 -0.045870 0.055636 -0.134536 0.988282
1539.999828 561.131351 -66.026531 -6.314373 -0.048392 0.054272 -0.133860 0.988329
1540.099667 561.305669 -66.054611 -6.322540 -0.052485 0.052038 -0.133568 0.988280
1540.199507 561.480743 -66.082117 -6.324453 -0.055960 0.050589 -0.133327 0.988197
1540.299351 561.643659 -66.105858 -6.326313 -0.056163 0.051782 -0.133638 0.988082
1540.399184 561.800765 -66.125866 -6.330188 -0.054127 0.051882 -0.134661 0.988051
1540.499833 561.961739 -66.145387 -6.338011 -0.050047 0.050997 -0.135538 0.988192
1540.599682 562.118303 -66.165857 -6.347835 -0.044438 0.050418 -0.135825 0.988451
1540.699516 562.280805 -66.187542 -6.358477 -0.038239 0.053339 -0.135792 0.988561
1540.799360 562.452423 -66.208103 -6.365025 -0.036322 0.056139 -0.135051 0.988580
1540.899199 562.623965 -66.228234 -6.371461 -0.039877 0.056103 -0.134209 0.988560
1540.999426 562.788951 -66.246617 -6.379637 -0.042437 0.055585 -0.133602 0.988565
1541.099260 562.949887 -66.265441 -6.385241 -0.041634 0.055687 -0.133169 0.988651
1541.199494 563.110040 -66.285122 -6.390422 -0.040906 0.052047 -0.133295 0.988863
1541.299337 563.272250 -66.302881 -6.399316 -0.039613 0.048133 -0.134197 0.988992
1541.399181 563.429594 -66.324788 -6.408857 -0.035761 0.049074 -0.134437 0.989060
1541.499825 563.598648 -66.348831 -6.418762 -0.034210 0.049666 -0.134543 0.989071
1541.599662 563.763857 -66.372472 -6.427666 -0.035243 0.051203 -0.134947 0.988901
1541.699509 563.933641 -66.396047 -6.436566 -0.037104 0.055249 -0.135474 0.988543
1541.799344 564.098406 -66.419304 -6.441592 -0.035585 0.058338 -0.136191 0.988323
1541.899195 564.260532 -66.441901 -6.447265 -0.034209 0.055527 -0.136515 0.988489
1541.999833 564.415448 -66.462598 -6.447509 -0.036289 0.052762 -0.136130 0.988619
1542.099669 564.560201 -66.481982 -6.449526 -0.038081 0.052495 -0.135850 0.988605
1542.199514 564.704853 -66.506978 -6.454948 -0.040849 0.053747 -0.135806 0.988433
1542.299353 564.863764 -66.533358 -6.462584 -0.043205 0.055608 -0.135565 0.988263
1542.399193 565.025773 -66.559252 -6.472384 -0.045139 0.056593 -0.135467 0.988134
1542.499837 565.179438 -66.579731 -6.480289 -0.047831 0.056706 -0.135136 0.988046
1542.599664 565.324018 -66.594343 -6.482339 -0.048104 0.052341 -0.134684 0.988335
1542.699504 565.467497 -66.610085 -6.485743 -0.049166 0.046641 -0.135003 0.988525
1542.799340 565.610258 -66.630656 -6.485680 -0.053923 0.042244 -0.135149 0.988455
1542.899176 565.735614 -66.640672 -6.490214 -0.060033 0.041064 -0.135417 0.988115
1542.999813 565.870611 -66.647909 -6.503154 -0.062983 0.040094 -0.135100 0.988015
1543.099656 566.004183 -66.651676 -6.522431 -0.063985 0.041140 -0.134900 0.987935
1543.199479 566.132464 -66.653207 -6.548033 -0.062032 0.043845 -0.135070 0.987920
1543.299319 566.263278 -66.649908 -6.576409 -0.060171 0.045061 -0.134834 0.988013
1543.399165 566.395487 -66.641038 -6.596974 -0.058305 0.044816 -0.134383 0.988197
1543.499796 566.523925 -66.628359 -6.607548 -0.057169 0.046519 -0.134557 0.988161
1543.599642 566.647983 -66.616256 -6.611667 -0.054649 0.051308 -0.134993 0.988007
1543.699474 566.763230 -66.601348 -6.618697 -0.051257 0.052691 -0.135305 0.988073
1543.799311 566.873046 -66.580831 -6.628895 -0.046431 0.052496 -0.135980 0.988230
1543.899149 566.997348 -66.560362 -6.639379 -0.040915 0.052270 -0.137025 0.988341
1543.999775 567.131277 -66.542985 -6.652094 -0.035133 0.049934 -0.136946 0.988695
1544.099609 567.257031 -66.526795 -6.661630 -0.034765 0.048180 -0.137331 0.988742
1544.199459 567.378220 -66.509528 -6.670868 -0.037449 0.049784 -0.137662 0.988518
1544.299309 567.506692 -66.494671 -6.675476 -0.038216 0.053357 -0.137792 0.988284
1544.399145 567.627973 -66.480372 -6.676746 -0.038445 0.054380 -0.137279 0.988291
1544.499793 567.744842 -66.468159 -6.678985 -0.037536 0.054490 -0.136661 0.988406
1544.599640 567.862851 -66.457738 -6.685707 -0.037319 0.052552 -0.136554 0.988534
1544.699483 567.979709 -66.449041 -6.689817 -0.037852 0.050015 -0.136402 0.988666
1544.799337 568.101547 -66.441771 -6.691184 -0.038097 0.046049 -0.136068 0.988895
1544.899173 568.225095 -66.432642 -6.694076 -0.038034 0.043523 -0.135993 0.989022
1544.999808 568.335730 -66.421019 -6.706568 -0.037617 0.043716 -0.135887 0.989044
1545.099650 568.444415 -66.406812 -6.716107 -0.037600 0.045898 -0.135918 0.988942
1545.199494 568.533921 -66.395269 -6.723627 -0.038235 0.047961 -0.136036 0.988803
1545.299330 568.627099 -66.385406 -6.725819 -0.038090 0.049161 -0.136471 0.988690
1545.399171 568.719115 -66.378443 -6.726060 -0.037319 0.049508 -0.136642 0.988678
1545.499822 568.811553 -66.372640 -6.726739 -0.035898 0.050343 -0.137138 0.988620
1545.599666 568.904518 -66.369061 -6.729326 -0.035260 0.052709 -0.137349 0.988491
1545.699516 569.001027 -66.363553 -6.741088 -0.037280 0.056757 -0.137424 0.988182
1545.799359 569.105389 -66.360268 -6.749904 -0.038663 0.059690 -0.137557 0.987937
1545.899203 569.208922 -66.357513 -6.749363 -0.037754 0.060314 -0.137485 0.987945
1545.999440 569.308272 -66.353497 -6.747860 -0.037752 0.059297 -0.137474 0.988008
1546.099291 569.408946 -66.352236 -6.750354 -0.037494 0.058087 -0.137468 0.988090
1546.199140 569.499264 -66.354144 -6.758332 -0.037240 0.058887 -0.137409 0.988061
1546.299765 569.581953 -66.354347 -6.769009 -0.036868 0.061421 -0.137540 0.987902
1546.399603 569.687315 -66.356714 -6.775000 -0.036229 0.063712 -0.137511 0.987785
1546.499439 569.807851 -66.360374 -6.775439 -0.035815 0.063394 -0.137117 0.987875
1546.599279 569.938320 -66.370894 -6.778283 -0.036444 0.062452 -0.136591 0.987985
1546.699120 570.052706 -66.383674 -6.782910 -0.036143 0.064182 -0.136698 0.987870
1546.799765 570.171669 -66.395613 -6.789768 -0.036190 0.064387 -0.137025 0.987810
1546.899603 570.288982 -66.403085 -6.796580 -0.036300 0.064724 -0.137369 0.987736
1546.999458 570.402254 -66.411284 -6.802787 -0.034269 0.064524 -0.137610 0.987788
1547.099294 570.515349 -66.422709 -6.809659 -0.033980 0.063452 -0.137501 0.987883
1547.199130 570.616239 -66.431547 -6.813388 -0.033712 0.062046 -0.137527 0.987978
1547.299789 570.727869 -66.441160 -6.813337 -0.035240 0.063222 -0.137398 0.987868
1547.399619 570.842049 -66.454932 -6.814999 -0.036624 0.066154 -0.137354 0.987632
1547.499454 570.960369 -66.473450 -6.817351 -0.036539 0.071282 -0.137121 0.987310
1547.599305 571.090646 -66.494607 -6.821423 -0.036588 0.074604 -0.136956 0.987086
1547.699130 571.216500 -66.514931 -6.824418 -0.035684 0.075722 -0.137163 0.987005
1547.799773 571.351313 -66.538809 -6.826578 -0.035710 0.074533 -0.137013 0.987116
1547.899619 571.489875 -66.556482 -6.834168 -0.035615 0.072321 -0.137010 0.987284
1547.999470 571.617674 -66.574567 -6.840262 -0.034439 0.070205 -0.136577 0.987538
1548.099312 571.745463 -66.596857 -6.842925 -0.035749 0.068515 -0.136180 0.987665
1548.199172 571.872987 -66.624209 -6.843599 -0.040284 0.066456 -0.135098 0.987780
1548.299810 572.008310 -66.651827 -6.850858 -0.042747 0.063276 -0.132842 0.988191
1548.399669 572.138572 -66.674833 -6.854253 -0.043621 0.062141 -0.130610 0.988523
1548.499517 572.276319 -66.696717 -6.859279 -0.040219 0.061587 -0.128965 0.988917
1548.599372 572.418532 -66.718915 -6.866850 -0.039528 0.062284 -0.126769 0.989186
1548.699215 572.561901 -66.744605 -6.874903 -0.042086 0.067029 -0.123106 0.989232
1548.799453 572.711606 -66.769710 -6.881104 -0.045118 0.072069 -0.119105 0.989234
1548.899291 572.864778 -66.800045 -6.886536 -0.044714 0.072942 -0.114917 0.989684
1548.999127 573.015600 -66.822684 -6.890806 -0.041224 0.071860 -0.111948 0.990255
1549.099787 573.171778 -66.846044 -6.894771 -0.035453 0.069884 -0.110503 0.990782
1549.199632 573.331579 -66.870480 -6.900453 -0.035774 0.066380 -0.110156 0.991050
1549.299469 573.491444 -66.896769 -6.907934 -0.037730 0.066553 -0.109955 0.990988
1549.399299 573.652354 -66.924774 -6.915489 -0.039532 0.067274 -0.110276 0.990833
1549.499137 573.827724 -66.955513 -6.924118 -0.037353 0.067167 -0.110198 0.990934
1549.599786 574.006686 -66.983002 -6.930487 -0.036522 0.064538 -0.109978 0.991164
1549.699632 574.171190 -67.009759 -6.932663 -0.038161 0.062133 -0.109572 0.991301
1549.799476 574.327971 -67.037828 -6.936210 -0.040105 0.061952 -0.108945 0.991304
1549.899303 574.484914 -67.068007 -6.938029 -0.039352 0.064024 -0.109438 0.991149
1549.999155 574.645883 -67.099039 -6.939159 -0.035457 0.065153 -0.109792 0.991183
1550.099789 574.803990 -67.125482 -6.943269 -0.034679 0.062855 -0.110417 0.991289
1550.199635 574.961809 -67.152391 -6.953615 -0.035871 0.060505 -0.111154 0.991311
1550.299469 575.115946 -67.182825 -6.965014 -0.036111 0.061497 -0.111537 0.991198
1550.399296 575.271709 -67.212857 -6.974288 -0.037458 0.063095 -0.111977 0.990998
1550.499139 575.436014 -67.242780 -6.977541 -0.037932 0.066199 -0.112558 0.990712
1550.599780 575.607970 -67.277606 -6.981273 -0.037866 0.064941 -0.112160 0.990843
1550.699626 575.784567 -67.313069 -6.985253 -0.036941 0.062462 -0.112328 0.991018
1550.799468 575.959762 -67.349638 -6.993274 -0.037949 0.060676 -0.112619 0.991058
1550.899306 576.135792 -67.380734 -7.004939 -0.038766 0.057388 -0.112862 0.991194
1550.999147 576.303053 -67.410221 -7.016308 -0.039460 0.055648 -0.112590 0.991297
1551.099795 576.462286 -67.444065 -7.037596 -0.040825 0.054628 -0.112256 0.991336
1551.199621 576.625545 -67.479878 -7.058746 -0.041267 0.055564 -0.112580 0.991229
1551.299457 576.787684 -67.511566 -7.084007 -0.041034 0.054968 -0.112499 0.991281
1551.399295 576.948050 -67.548533 -7.105323 -0.041310 0.051458 -0.112143 0.991499
1551.499137 577.098107 -67.584819 -7.133568 -0.039611 0.048465 -0.111732 0.991765
1551.599783 577.242222 -67.621657 -7.174953 -0.039762 0.050423 -0.111729 0.991662
1551.699631 577.378471 -67.656643 -7.221772 -0.039991 0.054300 -0.111113 0.991517
1551.799463 577.516918 -67.686020 -7.262783 -0.042125 0.057965 -0.111011 0.991233
1551.899288 577.659550 -67.718012 -7.297004 -0.042746 0.061682 -0.111073 0.990975
1551.999125 577.807693 -67.753369 -7.322640 -0.042106 0.062871 -0.111153 0.990918
1552.099766 577.963016 -67.790325 -7.342792 -0.041472 0.064022 -0.111339 0.990851
1552.199615 578.123606 -67.821992 -7.363325 -0.040757 0.065327 -0.111791 0.990744
1552.299458 578.282645 -67.853192 -7.385799 -0.038890 0.068681 -0.112180 0.990548
1552.399305 578.435760 -67.886399 -7.408640 -0.036264 0.071555 -0.112260 0.990435
1552.499142 578.584316 -67.916414 -7.426742 -0.037445 0.072106 -0.111494 0.990438
1552.599782 578.723044 -67.944550 -7.442329 -0.043335 0.073029 -0.107452 0.990577
1552.699614 578.866798 -67.973993 -7.451907 -0.042249 0.070487 -0.103454 0.991233
1552.799452 579.020691 -68.001619 -7.454669 -0.039737 0.065116 -0.101014 0.991956
1552.899286 579.176294 -68.028990 -7.454769 -0.039408 0.061009 -0.100776 0.992255
1552.999133 579.332656 -68.058704 -7.456626 -0.039012 0.060739 -0.100293 0.992336
1553.099765 579.500861 -68.089585 -7.465175 -0.039855 0.061693 -0.099565 0.992317
1553.199613 579.664302 -68.119147 -7.471502 -0.035932 0.063662 -0.099250 0.992374
1553.299442 579.826369 -68.150717 -7.477248 -0.036884 0.062344 -0.098539 0.992493
1553.399285 579.992101 -68.177301 -7.480833 -0.043338 0.060184 -0.097504 0.992468
1553.499116 580.160423 -68.211428 -7.488693 -0.043099 0.058327 -0.095094 0.992823
1553.599753 580.318192 -68.240381 -7.494795 -0.045574 0.058983 -0.090222 0.993128
1553.699588 580.474344 -68.260953 -7.498991 -0.046493 0.061775 -0.085113 0.993367
1553.799432 580.632251 -68.282687 -7.508179 -0.048508 0.060481 -0.079326 0.993829
1553.899266 580.793724 -68.307315 -7.517368 -0.048043 0.058499 -0.073973 0.994383
1553.999510 580.961914 -68.327536 -7.524224 -0.046071 0.059130 -0.069651 0.994751
1554.099354 581.126965 -68.348474 -7.531725 -0.045748 0.059753 -0.065511 0.995010
1554.199190 581.283566 -68.370261 -7.533466 -0.043352 0.061142 -0.062424 0.995231
1554.299825 581.440706 -68.391335 -7.535278 -0.040550 0.061612 -0.060842 0.995418
1554.399657 581.592891 -68.409554 -7.541741 -0.041564 0.060708 -0.061219 0.995409
1554.499492 581.760221 -68.427837 -7.553070 -0.040338 0.060315 -0.061466 0.995468
1554.599339 581.931544 -68.446815 -7.564975 -0.040027 0.058828 -0.061520 0.995566
1554.699172 582.099605 -68.465874 -7.565556 -0.039429 0.057442 -0.061526 0.995671
1554.799819 582.268028 -68.485191 -7.566777 -0.038080 0.057532 -0.061657 0.995710
1554.899656 582.435259 -68.510006 -7.572706 -0.037140 0.058026 -0.061215 0.995744
1554.999498 582.602273 -68.533890 -7.583718 -0.039457 0.059682 -0.060985 0.995571
1555.099340 582.760009 -68.553118 -7.591757 -0.041150 0.062745 -0.061184 0.995302
1555.199171 582.909481 -68.572620 -7.601116 -0.041353 0.066260 -0.061071 0.995073
1555.299819 583.056424 -68.589092 -7.604994 -0.038580 0.066164 -0.061519 0.995163
1555.399668 583.211176 -68.602657 -7.609276 -0.035759 0.063661 -0.061978 0.995403
1555.499519 583.375800 -68.623279 -7.615222 -0.035406 0.062011 -0.062155 0.995509
1555.599355 583.540265 -68.644625 -7.622153 -0.037272 0.062121 -0.062481 0.995413
1555.699204 583.698717 -68.667944 -7.632160 -0.038969 0.062852 -0.062475 0.995303
1555.799462 583.852613 -68.691742 -7.635180 -0.040936 0.063056 -0.062377 0.995217
1555.899311 584.002784 -68.709447 -7.635450 -0.039400 0.062320 -0.062253 0.995333
1555.999141 584.153780 -68.731105 -7.636318 -0.036476 0.060009 -0.061169 0.995654
1556.099775 584.302883 -68.752445 -7.646915 -0.038819 0.059726 -0.060767 0.995607
1556.199605 584.453801 -68.775010 -7.664927 -0.043567 0.063068 -0.060965 0.995192
1556.299445 584.601001 -68.794726 -7.679900 -0.044377 0.065327 -0.061095 0.995003
1556.399285 584.760673 -68.815506 -7.683902 -0.042955 0.065519 -0.061566 0.995023
1556.499126 584.930956 -68.837251 -7.680995 -0.039838 0.064729 -0.061908 0.995184
1556.599757 585.088639 -68.855854 -7.685887 -0.039114 0.063081 -0.062088 0.995307
1556.699586 585.239362 -68.876409 -7.695336 -0.036652 0.060016 -0.061664 0.995617
1556.799417 585.385813 -68.898051 -7.709654 -0.038070 0.059225 -0.061551 0.995618
1556.899252 585.524678 -68.919146 -7.711008 -0.040900 0.062329 -0.061711 0.995306
1556.999484 585.665231 -68.938428 -7.713545 -0.041415 0.062496 -0.061974 0.995258
1557.099317 585.817210 -68.958363 -7.715872 -0.039212 0.061978 -0.062265 0.995361
1557.199158 585.969075 -68.975057 -7.723558 -0.038716 0.061224 -0.062502 0.995413
1557.299794 586.121450 -68.993132 -7.729333 -0.039788 0.059723 -0.062106 0.995486
1557.399631 586.272490 -69.014196 -7.744204 -0.040484 0.059919 -0.062227 0.995439
1557.499481 586.421174 -69.038411 -7.748189 -0.039375 0.061696 -0.062085 0.995384
1557.599316 586.569043 -69.060618 -7.754249 -0.037369 0.061947 -0.062136 0.995442
1557.699153 586.720511 -69.079655 -7.759388 -0.037352 0.062409 -0.062396 0.995398
1557.799787 586.880552 -69.101300 -7.767485 -0.038209 0.060810 -0.062255 0.995473
1557.899627 587.042155 -69.120344 -7.774690 -0.039487 0.061590 -0.062549 0.995357
1557.999458 587.197599 -69.143371 -7.778668 -0.039826 0.061669 -0.063065 0.995306
1558.099298 587.345457 -69.165172 -7.785891 -0.040007 0.062363 -0.063289 0.995241
1558.199135 587.493692 -69.186089 -7.795193 -0.040746 0.064053 -0.062990 0.995123
1558.299782 587.639043 -69.205351 -7.803743 -0.042581 0.064092 -0.062407 0.995080
1558.399624 587.776887 -69.220932 -7.812086 -0.042421 0.063374 -0.062141 0.995150
1558.499455 587.917641 -69.237160 -7.813313 -0.040129 0.061070 -0.062126 0.995390
1558.599293 588.058293 -69.255153 -7.811491 -0.038349 0.060818 -0.062687 0.995440
1558.699124 588.197794 -69.278290 -7.813034 -0.038353 0.060012 -0.062750 0.995485
1558.799773 588.354487 -69.305841 -7.819498 -0.040545 0.057294 -0.062556 0.995570
1558.899617 588.515545 -69.327366 -7.828925 -0.039843 0.056891 -0.062662 0.995615
1558.999444 588.663012 -69.348036 -7.837307 -0.038710 0.058144 -0.062495 0.995598
1559.099293 588.813468 -69.364178 -7.847521 -0.040979 0.059312 -0.062374 0.995446
1559.199124 588.966855 -69.383205 -7.855219 -0.042808 0.059683 -0.062217 0.995356
1559.299772 589.127143 -69.408260 -7.855782 -0.042731 0.060201 -0.061888 0.995349
1559.399620 589.283400 -69.433221 -7.855915 -0.041926 0.059823 -0.061775 0.995413
1559.499476 589.435621 -69.454320 -7.865809 -0.041667 0.060746 -0.062231 0.995340
1559.599308 589.584361 -69.470153 -7.873014 -0.040187 0.061769 -0.063261 0.995273
1559.699137 589.730088 -69.486999 -7.878625 -0.036858 0.059933 -0.063128 0.995522
1559.799760 589.867248 -69.506176 -7.887737 -0.036497 0.058187 -0.062687 0.995667
1559.899604 590.002016 -69.524614 -7.895514 -0.038647 0.061677 -0.062603 0.995381
1559.999440 590.139472 -69.547269 -7.896501 -0.041224 0.063509 -0.062549 0.995166
1560.099285 590.293554 -69.569166 -7.897398 -0.039177 0.064211 -0.061898 0.995244
1560.199138 590.455582 -69.592061 -7.907999 -0.039298 0.064001 -0.061846 0.995256
1560.299765 590.611278 -69.613010 -7.918165 -0.039230 0.065612 -0.062294 0.995126
1560.399608 590.753439 -69.636367 -7.929532 -0.039023 0.065801 -0.062277 0.995123
1560.499449 590.889919 -69.658378 -7.938690 -0.039426 0.067003 -0.062294 0.995025
1560.599278 591.027598 -69.676303 -7.941835 -0.039837 0.066848 -0.061950 0.995041
1560.699121 591.176912 -69.698107 -7.947775 -0.040574 0.065723 -0.062127 0.995075
1560.799771 591.332024 -69.719837 -7.954435 -0.040449 0.065425 -0.062433 0.995081
1560.899620 591.476376 -69.737347 -7.956213 -0.040189 0.065595 -0.062471 0.995078
1560.999461 591.616984 -69.755659 -7.962169 -0.040599 0.063518 -0.062158 0.995215
1561.099300 591.763667 -69.775908 -7.963480 -0.041293 0.060671 -0.061951 0.995377
1561.199127 591.904169 -69.796299 -7.966838 -0.040887 0.060547 -0.061996 0.995399
1561.299741 592.047683 -69.817510 -7.983467 -0.040118 0.062764 -0.062210 0.995279
1561.399593 592.182750 -69.841232 -8.002272 -0.039661 0.063416 -0.062065 0.995265
1561.499425 592.325990 -69.861888 -8.007190 -0.039576 0.063641 -0.062241 0.995244
1561.599266 592.482787 -69.885969 -8.008286 -0.040631 0.062754 -0.062017 0.995271
1561.699500 592.650113 -69.912552 -8.016050 -0.043587 0.062827 -0.061547 0.995171
1561.799349 592.815463 -69.939994 -8.032662 -0.044979 0.065667 -0.061373 0.994936
1561.899190 592.966160 -69.964141 -8.050310 -0.044430 0.068689 -0.061270 0.994763
1561.999826 593.116590 -69.986786 -8.069400 -0.042490 0.065904 -0.061253 0.995037
1562.099659 593.265925 -70.010435 -8.078354 -0.040593 0.064764 -0.061678 0.995165
1562.199516 593.412433 -70.030152 -8.089080 -0.039913 0.066266 -0.062142 0.995065
1562.299363 593.561081 -70.050609 -8.094694 -0.040446 0.067623 -0.062484 0.994931
1562.399217 593.715600 -70.069495 -8.100671 -0.039771 0.066428 -0.062769 0.995020
1562.499466 593.874686 -70.089795 -8.107978 -0.039259 0.063550 -0.062586 0.995240
1562.599304 594.038117 -70.110091 -8.114788 -0.037485 0.060322 -0.061834 0.995557
1562.699151 594.194971 -70.132017 -8.117281 -0.040765 0.062037 -0.061836 0.995322
1562.799792 594.356615 -70.157708 -8.124764 -0.042289 0.061782 -0.061638 0.995287
1562.899636 594.522050 -70.183121 -8.131283 -0.041994 0.063347 -0.061750 0.995194
1562.999473 594.683488 -70.205223 -8.140098 -0.040840 0.063491 -0.062325 0.995197
1563.099301 594.840939 -70.222698 -8.149528 -0.040524 0.063498 -0.062785 0.995180
1563.199126 594.998662 -70.244555 -8.156982 -0.040264 0.064077 -0.061970 0.995205
1563.299772 595.147443 -70.262575 -8.163179 -0.042659 0.064290 -0.061147 0.995142
1563.399610 595.286514 -70.282662 -8.167893 -0.043758 0.063920 -0.061067 0.995123
1563.499438 595.432711 -70.302314 -8.173735 -0.042833 0.063511 -0.061293 0.995176
1563.599278 595.588228 -70.326227 -8.181681 -0.040492 0.062644 -0.061298 0.995328
1563.699127 595.758018 -70.350596 -8.192766 -0.039469 0.063479 -0.061767 0.995288
1563.799761 595.928662 -70.371003 -8.202731 -0.040467 0.063765 -0.061769 0.995229
1563.899602 596.087749 -70.388878 -8.206398 -0.041188 0.064421 -0.061137 0.995196
1563.999436 596.245859 -70.410746 -8.205746 -0.043190 0.062220 -0.060975 0.995261
1564.099277 596.404838 -70.432840 -8.208519 -0.043532 0.059841 -0.061248 0.995376
1564.199120 596.566949 -70.455887 -8.216028 -0.043401 0.061788 -0.061687 0.995235
1564.299759 596.721906 -70.474431 -8.230582 -0.042335 0.064663 -0.062543 0.995045
1564.399593 596.877172 -70.495462 -8.243825 -0.042580 0.065947 -0.063010 0.994921
1564.499428 597.036667 -70.518418 -8.248698 -0.041872 0.063103 -0.063296 0.995117
1564.599263 597.203861 -70.541560 -8.249866 -0.041332 0.059698 -0.063572 0.995332
1564.699506 597.361865 -70.564550 -8.250271 -0.043287 0.056198 -0.063734 0.995443
1564.799351 597.520315 -70.586413 -8.252788 -0.041535 0.054331 -0.064128 0.995596
1564.899191 597.672002 -70.611364 -8.259083 -0.038730 0.054859 -0.063689 0.995708
1564.999844 597.820651 -70.631250 -8.269690 -0.042126 0.057970 -0.063753 0.995390
1565.099665 597.971099 -70.645984 -8.282377 -0.045414 0.060764 -0.063374 0.995103
1565.199515 598.125387 -70.667415 -8.292205 -0.046211 0.063735 -0.062703 0.994923
1565.299342 598.272813 -70.690035 -8.303924 -0.043175 0.065739 -0.062395 0.994948
1565.399187 598.419547 -70.717375 -8.308083 -0.040756 0.065130 -0.062280 0.995097
1565.499826 598.573583 -70.742778 -8.307537 -0.040916 0.063817 -0.062180 0.995182
1565.599659 598.726853 -70.762238 -8.302054 -0.041493 0.061996 -0.061920 0.995289
1565.699499 598.874959 -70.778309 -8.308078 -0.041633 0.060626 -0.061504 0.995394
1565.799336 599.012151 -70.799930 -8.321787 -0.041689 0.063028 -0.061645 0.995233
1565.899164 599.161098 -70.825412 -8.331446 -0.042675 0.064403 -0.061405 0.995118
1565.999816 599.318533 -70.849980 -8.337479 -0.043386 0.063076 -0.061461 0.995169
1566.099663 599.466276 -70.868649 -8.345494 -0.041914 0.060673 -0.061871 0.995356
1566.199497 599.616699 -70.884280 -8.349900 -0.040665 0.060301 -0.062114 0.995415
1566.299316 599.778775 -70.900357 -8.356774 -0.042309 0.060099 -0.061986 0.995367
1566.399149 599.936796 -70.919506 -8.362146 -0.043125 0.061312 -0.062091 0.995252
1566.499787 600.085132 -70.940174 -8.367842 -0.043301 0.062293 -0.062074 0.995184
1566.599625 600.224298 -70.960198 -8.370981 -0.040247 0.064860 -0.062179 0.995142
1566.699464 600.368093 -70.982124 -8.380108 -0.037814 0.065771 -0.062549 0.995154
1566.799317 600.512199 -71.003650 -8.388105 -0.038513 0.064695 -0.062527 0.995199
1566.899159 600.657417 -71.025617 -8.397305 -0.040045 0.063045 -0.062690 0.995234
1566.999793 600.803819 -71.045796 -8.405259 -0.042677 0.061177 -0.062915 0.995227
1567.099626 600.957915 -71.066446 -8.410770 -0.043060 0.059866 -0.062549 0.995314
1567.199471 601.103341 -71.086712 -8.416580 -0.041347 0.060010 -0.062451 0.995384
1567.299308 601.244332 -71.108178 -8.422422 -0.041868 0.061443 -0.062561 0.995268
1567.399153 601.379759 -71.130183 -8.432014 -0.042305 0.062416 -0.062848 0.995171
1567.499806 601.516816 -71.147622 -8.440586 -0.043247 0.062250 -0.062913 0.995136
1567.599657 601.660481 -71.163422 -8.440726 -0.043164 0.061967 -0.063062 0.995148
1567.699497 601.804671 -71.183133 -8.446500 -0.042778 0.058757 -0.062672 0.995384
1567.799354 601.942976 -71.205795 -8.453941 -0.041765 0.055765 -0.062612 0.995603
1567.899188 602.085605 -71.229734 -8.461220 -0.041957 0.054971 -0.062624 0.995639
1567.999825 602.232448 -71.252758 -8.468835 -0.041597 0.055481 -0.062949 0.995605
1568.099661 602.385272 -71.274731 -8.473522 -0.043096 0.057456 -0.063248 0.995410
1568.199511 602.535011 -71.295675 -8.480722 -0.044509 0.059009 -0.063159 0.995263
1568.299362 602.671575 -71.315118 -8.486629 -0.043330 0.058419 -0.062643 0.995382
1568.399186 602.797371 -71.335262 -8.495702 -0.041054 0.058044 -0.062333 0.995520
1568.499824 602.930788 -71.353780 -8.503647 -0.042501 0.059820 -0.062786 0.995326
1568.599658 603.061903 -71.371385 -8.510117 -0.044899 0.060686 -0.063287 0.995136
1568.699493 603.199093 -71.388194 -8.521085 -0.044650 0.059129 -0.063244 0.995244
1568.799332 603.332650 -71.404993 -8.531066 -0.044219 0.059491 -0.063657 0.995215
1568.899180 603.469037 -71.429333 -8.539354 -0.041372 0.056078 -0.063338 0.995556
1568.999800 603.605641 -71.447959 -8.545189 -0.040966 0.054653 -0.063014 0.995673
1569.099654 603.742829 -71.467076 -8.552579 -0.038669 0.054992 -0.062810 0.995759
1569.199495 603.881711 -71.485868 -8.571134 -0.040351 0.056813 -0.062645 0.995600
1569.299340 604.015384 -71.505103 -8.587805 -0.045372 0.061704 -0.063067 0.995066
1569.399179 604.134834 -71.522665 -8.603845 -0.047808 0.063397 -0.063469 0.994820
1569.499813 604.254131 -71.539367 -8.616598 -0.045381 0.059880 -0.063460 0.995152
1569.599637 604.385560 -71.556399 -8.629155 -0.042490 0.056436 -0.063879 0.995454
1569.699468 604.518850 -71.578383 -8.639727 -0.040690 0.057297 -0.064050 0.995469
1569.799323 604.656136 -71.601900 -8.650367 -0.040961 0.059693 -0.064199 0.995308
1569.899156 604.795746 -71.620958 -8.657587 -0.042659 0.060398 -0.064242 0.995191
1569.999796 604.932346 -71.635667 -8.661259 -0.044121 0.059669 -0.064277 0.995169
1570.099629 605.066162 -71.650864 -8.663023 -0.044955 0.057209 -0.064231 0.995279
1570.199472 605.197505 -71.669451 -8.670163 -0.043924 0.056527 -0.064536 0.995344
1570.299318 605.323977 -71.688989 -8.678522 -0.043119 0.057809 -0.064841 0.995286
1570.399165 605.445668 -71.707211 -8.685908 -0.040310 0.059002 -0.064664 0.995345
1570.499812 605.563198 -71.724649 -8.693465 -0.040075 0.058398 -0.064593 0.995395
1570.599645 605.680190 -71.741347 -8.702223 -0.043214 0.057713 -0.065138 0.995268
1570.699483 605.802609 -71.759629 -8.705567 -0.045268 0.057034 -0.064833 0.995236
1570.799323 605.930791 -71.780395 -8.708253 -0.048817 0.056008 -0.064565 0.995144
1570.899163 606.059606 -71.799004 -8.709687 -0.050579 0.057506 -0.064351 0.994984
1570.999789 606.179907 -71.811772 -8.712141 -0.046621 0.060960 -0.064863 0.994939
1571.099621 606.295357 -71.822718 -8.721605 -0.040677 0.061204 -0.065403 0.995149
1571.199467 606.418048 -71.841416 -8.727588 -0.037994 0.060034 -0.065626 0.995312
1571.299313 606.536308 -71.861273 -8.730135 -0.039649 0.057416 -0.065490 0.995411
1571.399156 606.655428 -71.878560 -8.733823 -0.042359 0.056519 -0.065295 0.995363
1571.499801 606.776853 -71.894822 -8.738681 -0.043082 0.057461 -0.065372 0.995273
1571.599639 606.906362 -71.912239 -8.743570 -0.043450 0.060028 -0.065226 0.995115
1571.699468 607.023999 -71.932890 -8.746044 -0.044840 0.061715 -0.064672 0.994986
1571.799306 607.135623 -71.953977 -8.749034 -0.046131 0.062164 -0.064493 0.994911
1571.899145 607.262021 -71.969951 -8.756289 -0.044727 0.060473 -0.064698 0.995066
1571.999788 607.392496 -71.985575 -8.762481 -0.042882 0.060234 -0.065518 0.995108
1572.099630 607.529433 -72.003178 -8.771259 -0.040597 0.061606 -0.065937 0.995092
1572.199464 607.661292 -72.022055 -8.776519 -0.041728 0.063356 -0.065964 0.994934
1572.299309 607.785516 -72.039469 -8.784252 -0.043038 0.063358 -0.065758 0.994892
1572.399155 607.908953 -72.055636 -8.793758 -0.042949 0.062096 -0.065585 0.994987
1572.499806 608.039501 -72.073083 -8.797491 -0.043172 0.062231 -0.065192 0.994994
1572.599640 608.164932 -72.090042 -8.793583 -0.042746 0.061775 -0.065106 0.995047
1572.699483 608.284972 -72.104122 -8.794115 -0.043238 0.059596 -0.065325 0.995144
1572.799311 608.399275 -72.121649 -8.805140 -0.043847 0.058941 -0.065483 0.995146
1572.899132 608.511941 -72.137875 -8.815794 -0.043014 0.061174 -0.065587 0.995041
1572.999772 608.621426 -72.155078 -8.819893 -0.042436 0.063673 -0.065529 0.994912
1573.099612 608.739665 -72.172225 -8.821795 -0.042394 0.063155 -0.065414 0.994955
1573.199455 608.870247 -72.187366 -8.824367 -0.042415 0.060931 -0.065673 0.995076
1573.299305 609.005668 -72.204252 -8.828238 -0.041229 0.059383 -0.065566 0.995226
1573.399146 609.138945 -72.224956 -8.834546 -0.042241 0.059628 -0.065478 0.995175
1573.499786 609.270783 -72.245196 -8.842273 -0.040600 0.063319 -0.065283 0.995028
1573.599626 609.396378 -72.265106 -8.850348 -0.041431 0.065734 -0.064981 0.994857
1573.699458 609.520826 -72.279336 -8.856656 -0.044099 0.065983 -0.065072 0.994720
1573.799291 609.651260 -72.297639 -8.858162 -0.044880 0.064873 -0.065145 0.994753
1573.899140 609.781963 -72.318552 -8.857003 -0.044583 0.063754 -0.065286 0.994829
1573.999783 609.917980 -72.340254 -8.857791 -0.043638 0.063334 -0.065481 0.994885
1574.099612 610.043027 -72.358581 -8.865094 -0.043323 0.063016 -0.065945 0.994889
1574.199451 610.161762 -72.372935 -8.877450 -0.041808 0.062711 -0.066361 0.994945
1574.299294 610.289076 -72.387637 -8.887689 -0.042621 0.061275 -0.066730 0.994975
1574.399116 610.414739 -72.408685 -8.888292 -0.043333 0.060889 -0.066585 0.994978
1574.499749 610.548028 -72.433179 -8.885706 -0.043896 0.061120 -0.066187 0.994966
1574.599589 610.682206 -72.452440 -8.887755 -0.044775 0.061932 -0.066301 0.994869
1574.699429 610.810501 -72.470615 -8.900874 -0.045218 0.062493 -0.066185 0.994821
1574.799289 610.938256 -72.488812 -8.912494 -0.045275 0.062702 -0.066337 0.994795
1574.899128 611.061063 -72.506603 -8.917750 -0.045053 0.061743 -0.066167 0.994877
1574.999754 611.190533 -72.525377 -8.918483 -0.044294 0.060971 -0.065870 0.994978
1575.099602 611.322675 -72.547694 -8.918740 -0.044231 0.061419 -0.065783 0.994959
1575.199422 611.456167 -72.570392 -8.924851 -0.044346 0.063390 -0.065635 0.994840
1575.299262 611.594575 -72.590369 -8.940829 -0.045204 0.064444 -0.065628 0.994734
1575.399504 611.733077 -72.609329 -8.960659 -0.045117 0.065263 -0.065810 0.994673
1575.499349 611.862059 -72.628190 -8.979384 -0.043877 0.064491 -0.066111 0.994759
1575.599172 611.997874 -72.647164 -8.995602 -0.043651 0.064159 -0.066620 0.994756
1575.699808 612.141257 -72.666717 -9.010199 -0.043771 0.063725 -0.067048 0.994750
1575.799642 612.284282 -72.685087 -9.030384 -0.041618 0.063018 -0.067237 0.994875
1575.899474 612.435090 -72.705787 -9.051145 -0.042089 0.063787 -0.066821 0.994834
1575.999301 612.574249 -72.729040 -9.071723 -0.043450 0.064690 -0.066210 0.994758
1576.099138 612.708583 -72.752082 -9.091296 -0.045152 0.064614 -0.066287 0.994682
1576.199772 612.838632 -72.770685 -9.107141 -0.044349 0.065839 -0.066503 0.994623
1576.299618 612.970044 -72.791895 -9.121145 -0.042448 0.067561 -0.066550 0.994588
1576.399462 613.103094 -72.815144 -9.134505 -0.042840 0.069628 -0.066305 0.994445
1576.499306 613.236990 -72.835980 -9.149557 -0.042198 0.070182 -0.066292 0.994434
1576.599146 613.369945 -72.855781 -9.165000 -0.043209 0.067610 -0.065812 0.994601
1576.699780 613.517284 -72.877731 -9.175948 -0.045076 0.063404 -0.065601 0.994809
1576.799612 613.670844 -72.901534 -9.187213 -0.047651 0.058398 -0.065363 0.995011
1576.899475 613.826107 -72.928281 -9.200200 -0.046988 0.058539 -0.065446 0.995029
1576.999318 613.982495 -72.951016 -9.217923 -0.045421 0.064601 -0.066236 0.994674
1577.099173 614.142536 -72.968876 -9.233308 -0.043782 0.068514 -0.066748 0.994451
1577.199814 614.299765 -72.991870 -9.246528 -0.041378 0.067012 -0.067014 0.994639
1577.299641 614.444030 -73.012878 -9.253235 -0.040895 0.063194 -0.067167 0.994898
1577.399480 614.580983 -73.032641 -9.256043 -0.041922 0.059988 -0.067246 0.995049
1577.499317 614.708368 -73.051961 -9.261786 -0.042890 0.059067 -0.067286 0.995060
1577.599146 614.846887 -73.071359 -9.275376 -0.043711 0.060517 -0.067319 0.994935
1577.699788 614.998798 -73.094927 -9.291781 -0.044030 0.061276 -0.066816 0.994908
1577.799630 615.158437 -73.119023 -9.305872 -0.044614 0.059919 -0.066613 0.994978
1577.899481 615.310842 -73.139657 -9.309114 -0.044540 0.059671 -0.067106 0.994964
1577.999337 615.454050 -73.160045 -9.311146 -0.045095 0.061862 -0.067972 0.994746
1578.099172 615.588752 -73.184009 -9.318649 -0.043804 0.063729 -0.068333 0.994661
1578.199797 615.724152 -73.208040 -9.334045 -0.042145 0.064958 -0.068299 0.994655
1578.299631 615.864953 -73.227522 -9.351562 -0.042697 0.065023 -0.068072 0.994643
1578.399467 616.008522 -73.251189 -9.365667 -0.043563 0.064059 -0.067655 0.994697
1578.499302 616.157150 -73.272325 -9.372782 -0.045376 0.062807 -0.067401 0.994713
1578.599148 616.305413 -73.289708 -9.379751 -0.045307 0.061577 -0.067343 0.994797
1578.699797 616.457867 -73.311337 -9.392766 -0.044827 0.060815 -0.067627 0.994846
1578.799654 616.594995 -73.336186 -9.406256 -0.044053 0.059419 -0.067794 0.994954
1578.899508 616.737990 -73.361446 -9.416729 -0.042735 0.056868 -0.068239 0.995130
1578.999350 616.885106 -73.383676 -9.426509 -0.043252 0.055156 -0.068777 0.995167
1579.099187 617.021415 -73.406676 -9.433779 -0.043991 0.054026 -0.069126 0.995172
1579.199810 617.166247 -73.429392 -9.436970 -0.044205 0.053326 -0.068947 0.995213
1579.299658 617.317791 -73.452384 -9.437365 -0.045890 0.052123 -0.068197 0.995252
1579.399508 617.464055 -73.471060 -9.439928 -0.046455 0.050085 -0.067297 0.995392
1579.499354 617.592813 -73.485868 -9.444096 -0.044827 0.050339 -0.066421 0.995512
1579.599195 617.713787 -73.506091 -9.451246 -0.046272 0.053604 -0.066003 0.995304
1579.699835 617.840080 -73.528409 -9.458617 -0.049042 0.056673 -0.066537 0.994965
1579.799686 617.970587 -73.553317 -9.461897 -0.050318 0.057225 -0.066736 0.994857
1579.899528 618.107062 -73.577366 -9.467120 -0.048206 0.055412 -0.066833 0.995057
1579.999373 618.250299 -73.595602 -9.473228 -0.044975 0.055542 -0.067701 0.995143
1580.099223 618.388344 -73.614183 -9.476693 -0.043938 0.056090 -0.068538 0.995101
1580.199459 618.520363 -73.632325 -9.479425 -0.043882 0.054472 -0.069158 0.995150
1580.299307 618.644735 -73.651026 -9.483854 -0.043409 0.054584 -0.069322 0.995154
1580.399142 618.769274 -73.673667 -9.488040 -0.042795 0.054597 -0.068556 0.995233
1580.499784 618.892838 -73.693684 -9.488110 -0.047464 0.055013 -0.067523 0.995069
1580.599617 619.010638 -73.709381 -9.491266 -0.050411 0.056446 -0.066942 0.994883
1580.699458 619.132994 -73.728347 -9.498423 -0.052165 0.057890 -0.066359 0.994748
1580.799282 619.251277 -73.747917 -9.507618 -0.049992 0.060882 -0.066200 0.994692
1580.899118 619.370128 -73.764964 -9.513680 -0.046355 0.067081 -0.066966 0.994418
1580.999755 619.490513 -73.781099 -9.518463 -0.043631 0.069686 -0.067488 0.994327
1581.099603 619.623287 -73.798808 -9.517485 -0.042653 0.067683 -0.067732 0.994491
1581.199436 619.751644 -73.817206 -9.515999 -0.041050 0.063686 -0.067450 0.994841
1581.299281 619.883795 -73.834013 -9.518676 -0.042273 0.064351 -0.067751 0.994727
1581.399131 620.012917 -73.852730 -9.528162 -0.042357 0.064684 -0.068049 0.994681
1581.499779 620.148360 -73.871642 -9.544425 -0.042439 0.064595 -0.068022 0.994686
1581.599617 620.278471 -73.888512 -9.555227 -0.043856 0.064534 -0.068038 0.994627
1581.699446 620.397367 -73.902558 -9.561441 -0.045081 0.063686 -0.068177 0.994617
1581.799271 620.529810 -73.922871 -9.563613 -0.046091 0.062980 -0.067861 0.994638
1581.899496 620.669632 -73.943116 -9.566275 -0.045625 0.063409 -0.067781 0.994637
1581.999326 620.809566 -73.960862 -9.570533 -0.045305 0.065030 -0.067876 0.994541
1582.099160 620.942996 -73.978536 -9.571867 -0.048225 0.065810 -0.067637 0.994368
1582.199804 621.067995 -73.993903 -9.573434 -0.049915 0.064993 -0.067592 0.994342
1582.299657 621.187473 -74.008893 -9.579252 -0.050387 0.062344 -0.067497 0.994494
1582.399497 621.310689 -74.024436 -9.589626 -0.051923 0.059891 -0.067250 0.994583
1582.499333 621.439332 -74.037758 -9.598583 -0.052382 0.058070 -0.067324 0.994661
1582.599167 621.572993 -74.052472 -9.600841 -0.055386 0.058020 -0.067029 0.994522
1582.699806 621.711825 -74.065030 -9.607747 -0.059594 0.056472 -0.066953 0.994373
1582.799652 621.852507 -74.077092 -9.614562 -0.060023 0.057513 -0.067091 0.994278
1582.899484 621.994507 -74.086410 -9.621378 -0.055743 0.061333 -0.066975 0.994306
1582.999328 622.133148 -74.093858 -9.626900 -0.051890 0.064591 -0.067065 0.994303
1583.099168 622.272856 -74.093797 -9.630532 -0.049966 0.064195 -0.067237 0.994415
1583.199809 622.408625 -74.094377 -9.634607 -0.050613 0.064684 -0.067031 0.994365
1583.299648 622.540754 -74.098175 -9.642628 -0.049536 0.066055 -0.066014 0.994397
1583.399471 622.660884 -74.100123 -9.655444 -0.049742 0.065986 -0.065211 0.994444
1583.499318 622.780653 -74.102647 -9.663372 -0.050271 0.063155 -0.064580 0.994643
1583.599159 622.914469 -74.102621 -9.669238 -0.049748 0.059838 -0.064506 0.994879
1583.699809 623.055483 -74.101706 -9.676372 -0.051442 0.059136 -0.064955 0.994805
1583.799650 623.200620 -74.101726 -9.680429 -0.049593 0.059759 -0.065783 0.994807
1583.899491 623.345989 -74.105859 -9.689189 -0.045492 0.059211 -0.066279 0.995003
1583.999344 623.483856 -74.111122 -9.696310 -0.039234 0.059811 -0.068986 0.995050
1584.099176 623.619772 -74.115225 -9.705124 -0.036773 0.059662 -0.073500 0.994830
1584.199815 623.764090 -74.121926 -9.714865 -0.037838 0.058447 -0.078637 0.994469
1584.299646 623.901026 -74.126435 -9.721927 -0.036245 0.056859 -0.084912 0.994104
1584.399501 624.032722 -74.131671 -9.731342 -0.039255 0.053909 -0.091165 0.993600
1584.499335 624.163047 -74.143122 -9.735567 -0.043976 0.053392 -0.095283 0.993044
1584.599165 624.293436 -74.154307 -9.741012 -0.046897 0.053899 -0.095790 0.992834
1584.699794 624.422332 -74.165784 -9.741373 -0.046613 0.055536 -0.095553 0.992780
1584.799640 624.551806 -74.179100 -9.749866 -0.048082 0.056323 -0.095193 0.992700
1584.899478 624.692111 -74.192456 -9.761627 -0.048052 0.058524 -0.094895 0.992603
1584.999317 624.821315 -74.202335 -9.762390 -0.047277 0.061914 -0.094873 0.992437
1585.099153 624.940731 -74.210983 -9.764220 -0.045934 0.060059 -0.094842 0.992617
1585.199786 625.063928 -74.217019 -9.768127 -0.047196 0.055490 -0.095101 0.992799
1585.299626 625.196832 -74.228532 -9.773856 -0.048717 0.053200 -0.095213 0.992840
1585.399468 625.333636 -74.246309 -9.787946 -0.045290 0.052183 -0.094730 0.993102
1585.499315 625.468898 -74.256488 -9.792938 -0.044696 0.055463 -0.094736 0.992951
1585.599159 625.592432 -74.263900 -9.796558 -0.045838 0.056689 -0.095074 0.992797
1585.699788 625.713708 -74.274860 -9.799619 -0.046903 0.056364 -0.095225 0.992751
1585.799627 625.831459 -74.285738 -9.808004 -0.045696 0.055892 -0.095117 0.992845
1585.899481 625.956221 -74.298473 -9.816331 -0.044522 0.056758 -0.095225 0.992839
1585.999298 626.082670 -74.311020 -9.825571 -0.044201 0.057405 -0.095601 0.992780
1586.099136 626.204178 -74.321435 -9.832915 -0.045084 0.057869 -0.096190 0.992656
1586.199772 626.325747 -74.334890 -9.835929 -0.044741 0.055881 -0.095959 0.992808
1586.299613 626.444104 -74.351023 -9.840457 -0.045722 0.056031 -0.095791 0.992771
1586.399464 626.561351 -74.366504 -9.848394 -0.047164 0.056507 -0.095786 0.992677
1586.499313 626.675115 -74.374336 -9.861195 -0.047136 0.057975 -0.095974 0.992575
1586.599143 626.796688 -74.383728 -9.870942 -0.046979 0.057388 -0.096126 0.992602
1586.699785 626.921311 -74.395394 -9.869387 -0.045672 0.058518 -0.096424 0.992568
1586.799614 627.030956 -74.409140 -9.874162 -0.046611 0.059446 -0.096792 0.992434
1586.899466 627.141985 -74.423974 -9.882584 -0.048099 0.059270 -0.096691 0.992383
1586.999307 627.255779 -74.440693 -9.889974 -0.048422 0.059791 -0.096565 0.992348
1587.099144 627.368304 -74.455288 -9.893447 -0.047233 0.060919 -0.096698 0.992324
1587.199792 627.489567 -74.468677 -9.898005 -0.046474 0.061329 -0.096972 0.992308
1587.299625 627.607734 -74.485401 -9.903040 -0.046218 0.060231 -0.096966 0.992388
1587.399463 627.734036 -74.500701 -9.902669 -0.047074 0.060252 -0.097099 0.992333
1587.499307 627.861552 -74.518278 -9.908826 -0.047674 0.059799 -0.096173 0.992422
1587.599144 627.977866 -74.533645 -9.912819 -0.049717 0.059079 -0.093583 0.992613
1587.699802 628.093933 -74.548347 -9.921772 -0.049819 0.059589 -0.090416 0.992871
1587.799646 628.203529 -74.564231 -9.934021 -0.051244 0.060195 -0.086748 0.993089
1587.899499 628.313682 -74.573657 -9.936310 -0.051671 0.060334 -0.082714 0.993402
1587.999344 628.431234 -74.581404 -9.932270 -0.052377 0.059837 -0.078361 0.993748
1588.099196 628.550934 -74.592595 -9.925669 -0.048653 0.058585 -0.075746 0.994215
1588.199828 628.663074 -74.610023 -9.932532 -0.048500 0.057362 -0.074472 0.994390
1588.299669 628.764470 -74.621930 -9.947459 -0.050785 0.058063 -0.073183 0.994331
1588.399505 628.874678 -74.631192 -9.960089 -0.051888 0.060304 -0.070679 0.994322
1588.499337 628.992201 -74.641861 -9.964169 -0.048666 0.061572 -0.069646 0.994480
1588.599167 629.115457 -74.654998 -9.962051 -0.048094 0.060926 -0.069967 0.994525
1588.699808 629.247509 -74.667436 -9.964406 -0.046590 0.059195 -0.070262 0.994680
1588.799641 629.365069 -74.680092 -9.969548 -0.046308 0.058844 -0.069855 0.994743
1588.899462 629.468590 -74.690311 -9.977496 -0.046053 0.058513 -0.069516 0.994798
1588.999296 629.579916 -74.700952 -9.985655 -0.048166 0.058525 -0.070188 0.994650
1589.099119 629.695902 -74.711633 -9.989265 -0.046080 0.058921 -0.070502 0.994703
1589.199752 629.806892 -74.723155 -9.991925 -0.045319 0.059231 -0.070392 0.994728
1589.299584 629.916322 -74.736691 -10.000529 -0.045653 0.058796 -0.070175 0.994753
1589.399412 630.030069 -74.745859 -10.008858 -0.047556 0.059894 -0.070048 0.994608
1589.499257 630.138060 -74.759546 -10.014045 -0.047437 0.060848 -0.069544 0.994591
1589.599496 630.238161 -74.774590 -10.016690 -0.045902 0.061912 -0.069989 0.994566
1589.699337 630.350453 -74.787925 -10.020466 -0.044354 0.064194 -0.070718 0.994440
1589.799179 630.466269 -74.803150 -10.027160 -0.044541 0.065401 -0.070766 0.994350
1589.899822 630.586491 -74.820726 -10.027853 -0.043031 0.064628 -0.071121 0.994441
1589.999667 630.703807 -74.840013 -10.032254 -0.043093 0.063547 -0.070708 0.994538
1590.099490 630.826492 -74.854259 -10.034674 -0.042840 0.066871 -0.069516 0.994415
1590.199342 630.947373 -74.866570 -10.038671 -0.042279 0.066328 -0.067902 0.994587
1590.299193 631.060997 -74.884194 -10.041537 -0.041887 0.061749 -0.067145 0.994949
1590.399821 631.171234 -74.907088 -10.048530 -0.041945 0.056503 -0.067021 0.995267
1590.499669 631.277654 -74.933443 -10.053774 -0.041692 0.055587 -0.067411 0.995303
1590.599512 631.382555 -74.955421 -10.056261 -0.040632 0.055231 -0.067708 0.995346
1590.699347 631.499429 -74.977284 -10.058061 -0.039443 0.055239 -0.067963 0.995376
1590.799212 631.618968 -75.002433 -10.056515 -0.035284 0.056919 -0.068112 0.995428
1590.899450 631.737450 -75.032763 -10.061522 -0.034098 0.057157 -0.068245 0.995446
1590.999291 631.851092 -75.065998 -10.069946 -0.035470 0.056258 -0.068315 0.995445
1591.099123 631.964613 -75.098027 -10.081273 -0.038960 0.054813 -0.067897 0.995423
1591.199770 632.072044 -75.129357 -10.090961 -0.040983 0.053684 -0.067860 0.995406
1591.299603 632.172625 -75.164745 -10.092849 -0.038129 0.051884 -0.067702 0.995626
1591.399420 632.269601 -75.203085 -10.088314 -0.033402 0.048121 -0.067267 0.996014
1591.499264 632.358168 -75.239628 -10.083217 -0.031622 0.045130 -0.067003 0.996230
1591.599488 632.448717 -75.275508 -10.079831 -0.033976 0.043487 -0.066996 0.996226
1591.699335 632.535838 -75.315086 -10.079824 -0.040740 0.043301 -0.066581 0.996008
1591.799175 632.620284 -75.359113 -10.081570 -0.041012 0.044876 -0.065834 0.995977
1591.899815 632.703705 -75.405481 -10.082623 -0.036735 0.046566 -0.065248 0.996105
1591.999647 632.785947 -75.449922 -10.082987 -0.033258 0.047933 -0.065697 0.996133
1592.099487 632.868372 -75.494022 -10.080638 -0.033000 0.047352 -0.066120 0.996141
1592.199335 632.947565 -75.543039 -10.081865 -0.035300 0.044807 -0.065656 0.996211
1592.299161 633.031378 -75.599339 -10.085480 -0.037503 0.044848 -0.065390 0.996146
1592.399798 633.112225 -75.655579 -10.086626 -0.037478 0.046657 -0.065201 0.996076
1592.499642 633.187758 -75.710154 -10.086919 -0.039282 0.047853 -0.064896 0.995970
1592.599494 633.258568 -75.761922 -10.089775 -0.043786 0.048031 -0.063419 0.995868
1592.699335 633.329321 -75.815313 -10.085762 -0.050451 0.049724 -0.061275 0.995604
1592.799186 633.387586 -75.865522 -10.079971 -0.052681 0.052744 -0.059354 0.995450
1592.899834 633.441002 -75.915993 -10.078791 -0.050669 0.055045 -0.058978 0.995452
1592.999677 633.502788 -75.967179 -10.080783 -0.049976 0.058643 -0.059216 0.995267
1593.099511 633.566378 -76.017486 -10.082336 -0.048691 0.062005 -0.059550 0.995107
1593.199353 633.639632 -76.070837 -10.084370 -0.048640 0.064610 -0.059368 0.994955
1593.299195 633.724704 -76.124323 -10.087439 -0.049018 0.065778 -0.058955 0.994884
1593.399826 633.802742 -76.175099 -10.086987 -0.049378 0.066759 -0.058616 0.994821
1593.499678 633.867662 -76.222292 -10.083444 -0.051053 0.066784 -0.058893 0.994719
1593.599525 633.935895 -76.266609 -10.083605 -0.052067 0.066442 -0.059335 0.994663
1593.699359 634.002004 -76.307733 -10.081110 -0.053495 0.065451 -0.059525 0.994641
1593.799194 634.066068 -76.350645 -10.076797 -0.054382 0.064047 -0.059549 0.994683
1593.899839 634.131082 -76.390116 -10.078149 -0.055785 0.064294 -0.059921 0.994567
1593.999676 634.208804 -76.430982 -10.081152 -0.056181 0.065747 -0.060101 0.994439
1594.099512 634.300163 -76.470942 -10.084183 -0.053838 0.067717 -0.060402 0.994418
1594.199351 634.395750 -76.508599 -10.087642 -0.053213 0.069449 -0.060766 0.994310
1594.299204 634.489155 -76.542968 -10.088228 -0.055371 0.072662 -0.060682 0.993968
1594.399431 634.579040 -76.576769 -10.092139 -0.057124 0.074788 -0.060357 0.993731
1594.499254 634.670310 -76.610083 -10.096328 -0.056723 0.074788 -0.060058 0.993772
1594.599492 634.768441 -76.639401 -10.094967 -0.054639 0.073722 -0.059776 0.993985
1594.699335 634.867706 -76.668997 -10.099265 -0.054528 0.073667 -0.059712 0.993999
1594.799166 634.952921 -76.695145 -10.105988 -0.056639 0.073450 -0.059504 0.993910
1594.899801 635.041106 -76.717588 -10.105897 -0.059151 0.073406 -0.059706 0.993754
1594.999644 635.143558 -76.739500 -10.108633 -0.061001 0.073482 -0.059902 0.993625
1595.099489 635.250108 -76.759999 -10.113320 -0.060992 0.072834 -0.060038 0.993665
1595.199312 635.361893 -76.776479 -10.120005 -0.059821 0.072833 -0.060123 0.993731
1595.299161 635.474150 -76.792414 -10.126155 -0.059893 0.076506 -0.060381 0.993435
1595.399791 635.592520 -76.808150 -10.132182 -0.060799 0.080120 -0.060429 0.993092
1595.499618 635.718302 -76.819600 -10.139846 -0.063949 0.081554 -0.060799 0.992755
1595.599450 635.840382 -76.826903 -10.147403 -0.066443 0.081476 -0.061096 0.992580
1595.699295 635.960221 -76.826484 -10.148837 -0.065496 0.081486 -0.061278 0.992630
1595.799151 636.086123 -76.830063 -10.152430 -0.062934 0.082006 -0.061122 0.992763
1595.899806 636.218744 -76.834613 -10.155744 -0.061435 0.081437 -0.061379 0.992888
1595.999645 636.358699 -76.836982 -10.157703 -0.057430 0.080081 -0.061819 0.993211
1596.099479 636.502196 -76.835712 -10.164137 -0.053133 0.079134 -0.061910 0.993520
1596.199319 636.650682 -76.832582 -10.174927 -0.050699 0.077783 -0.061753 0.993763
1596.299161 636.798310 -76.828962 -10.186521 -0.048953 0.075225 -0.061276 0.994078
1596.399796 636.947235 -76.824775 -10.197329 -0.048429 0.072222 -0.060701 0.994361
1596.499635 637.093789 -76.818556 -10.202301 -0.047354 0.069472 -0.060794 0.994603
1596.599473 637.239586 -76.817834 -10.207118 -0.048145 0.064876 -0.060418 0.994898
1596.699297 637.386208 -76.815079 -10.216963 -0.048085 0.060592 -0.060587 0.995161
1596.799142 637.530573 -76.813447 -10.228705 -0.046032 0.058171 -0.061337 0.995357
1596.899784 637.676058 -76.810867 -10.241721 -0.046479 0.057681 -0.061720 0.995341
1596.999633 637.824693 -76.813174 -10.246987 -0.044383 0.056716 -0.063478 0.995381
1597.099473 637.975423 -76.816876 -10.248467 -0.045338 0.057107 -0.064575 0.995245
1597.199313 638.126802 -76.820051 -10.253606 -0.047177 0.058674 -0.064774 0.995056
1597.299165 638.280004 -76.824700 -10.263789 -0.047926 0.058012 -0.064290 0.995090
1597.399800 638.426472 -76.824697 -10.274617 -0.049506 0.056484 -0.063837 0.995130
1597.499624 638.563112 -76.823285 -10.282779 -0.050843 0.053565 -0.063713 0.995232
1597.599454 638.700910 -76.827649 -10.296390 -0.050456 0.050589 -0.063386 0.995428
1597.699289 638.836710 -76.831714 -10.313054 -0.049000 0.053244 -0.064468 0.995293
1597.799128 638.973305 -76.832627 -10.323542 -0.047704 0.056551 -0.065102 0.995132
1597.899759 639.109253 -76.832960 -10.337132 -0.050317 0.056864 -0.065463 0.994962
1597.999606 639.240731 -76.834641 -10.363326 -0.050441 0.057760 -0.064940 0.994938
1598.099449 639.369696 -76.835926 -10.396038 -0.047524 0.058597 -0.065131 0.995021
1598.199304 639.499861 -76.843390 -10.429345 -0.043711 0.057273 -0.065634 0.995239
1598.299148 639.633865 -76.848434 -10.462505 -0.038881 0.055828 -0.066808 0.995444
1598.399796 639.766604 -76.854647 -10.497433 -0.035352 0.057278 -0.067473 0.995448
1598.499634 639.887852 -76.859380 -10.537218 -0.038539 0.060981 -0.067621 0.995100
1598.599478 640.001899 -76.864081 -10.573477 -0.044207 0.065604 -0.067613 0.994570
1598.699317 640.119046 -76.866400 -10.607074 -0.047162 0.065374 -0.067265 0.994473
1598.799152 640.243507 -76.875213 -10.639801 -0.047375 0.063284 -0.065976 0.994685
1598.899782 640.365637 -76.886333 -10.674692 -0.049098 0.060142 -0.065165 0.994850
1598.999619 640.487039 -76.898533 -10.719047 -0.048230 0.058064 -0.065029 0.995024
1599.099443 640.606604 -76.913061 -10.764419 -0.047991 0.057925 -0.065092 0.995040
1599.199295 640.732794 -76.924544 -10.807191 -0.048169 0.062373 -0.065192 0.994756
1599.299130 640.861171 -76.933086 -10.848351 -0.048060 0.064280 -0.065317 0.994632
1599.399771 640.975502 -76.939879 -10.884962 -0.047786 0.063247 -0.065079 0.994727
1599.499628 641.090838 -76.949669 -10.909262 -0.048379 0.061100 -0.064366 0.994879
1599.599480 641.204609 -76.958890 -10.925878 -0.049868 0.061453 -0.064246 0.994791
1599.699326 641.324233 -76.968673 -10.939992 -0.049641 0.063834 -0.064285 0.994650
1599.799159 641.446175 -76.976658 -10.954680 -0.047597 0.066013 -0.064612 0.994586
1599.899802 641.561917 -76.988323 -10.970924 -0.046792 0.065525 -0.064610 0.994657
1599.999641 641.668208 -76.995426 -10.981189 -0.046365 0.065472 -0.064850 0.994665
1600.099478 641.781755 -77.002916 -10.988463 -0.046180 0.066540 -0.064900 0.994599
1600.199323 641.908351 -77.010163 -10.992727 -0.046234 0.068180 -0.064978 0.994481
1600.299156 642.034306 -77.022096 -10.996926 -0.046699 0.067805 -0.064917 0.994489
1600.399789 642.167743 -77.032153 -11.002441 -0.046944 0.066671 -0.065088 0.994542
1600.499640 642.298977 -77.042515 -11.008623 -0.047463 0.065901 -0.065251 0.994559
1600.599478 642.424344 -77.054276 -11.014154 -0.047952 0.064723 -0.065091 0.994623
1600.699313 642.550265 -77.063226 -11.022821 -0.047471 0.062658 -0.065048 0.994781
1600.799152 642.677915 -77.073807 -11.031400 -0.047585 0.060491 -0.064700 0.994932
1600.899782 642.809866 -77.087450 -11.037498 -0.048281 0.059123 -0.064516 0.994993
1600.999619 642.934085 -77.099788 -11.046328 -0.050602 0.058380 -0.064631 0.994914
1601.099467 643.054719 -77.109853 -11.051860 -0.048225 0.058925 -0.064556 0.995005
1601.199326 643.168608 -77.118739 -11.052555 -0.045003 0.058960 -0.064378 0.995165
1601.299169 643.274911 -77.126271 -11.053684 -0.043154 0.058585 -0.065649 0.995186
1601.399802 643.381693 -77.137173 -11.058924 -0.044007 0.056597 -0.067078 0.995169
1601.499630 643.485145 -77.147069 -11.063973 -0.044199 0.055044 -0.067900 0.995192
1601.599471 643.589445 -77.159691 -11.069670 -0.045767 0.055356 -0.070442 0.994927
1601.699318 643.694561 -77.171210 -11.076104 -0.046034 0.053550 -0.073126 0.994819
1601.799145 643.807165 -77.183635 -11.079596 -0.046521 0.052574 -0.074995 0.994710
1601.899774 643.925050 -77.196737 -11.085478 -0.045257 0.053501 -0.075135 0.994708
1601.999606 644.046399 -77.209960 -11.092690 -0.046807 0.055496 -0.074942 0.994542
1602.099443 644.165575 -77.224004 -11.096730 -0.049434 0.056852 -0.074738 0.994353
1602.199289 644.269003 -77.240148 -11.098055 -0.050350 0.057574 -0.074226 0.994304
1602.299131 644.370123 -77.251558 -11.097661 -0.049529 0.058645 -0.073948 0.994303
1602.399773 644.475524 -77.258026 -11.104930 -0.051163 0.059977 -0.071597 0.994313
1602.499625 644.576155 -77.266877 -11.113673 -0.051078 0.060934 -0.068025 0.994510
1602.599458 644.676240 -77.279813 -11.119903 -0.050105 0.059786 -0.064509 0.994864
1602.699302 644.780218 -77.289237 -11.113569 -0.048950 0.054938 -0.061893 0.995367
1602.799147 644.885289 -77.299103 -11.109928 -0.050513 0.053716 -0.059694 0.995490
1602.899795 644.981052 -77.309676 -11.113595 -0.050426 0.056905 -0.059103 0.995352
1602.999625 645.075145 -77.316570 -11.124125 -0.050602 0.059093 -0.059623 0.995185
1603.099462 645.178828 -77.325278 -11.139731 -0.048756 0.058049 -0.059935 0.995320
1603.199306 645.286976 -77.338529 -11.150059 -0.043900 0.056185 -0.059680 0.995668
1603.299136 645.389997 -77.348705 -11.151912 -0.044170 0.055996 -0.059286 0.995690
1603.399777 645.485236 -77.359857 -11.151222 -0.045597 0.056649 -0.058764 0.995620
1603.499620 645.572834 -77.366245 -11.152450 -0.045660 0.057088 -0.058907 0.995583
1603.599468 645.655146 -77.372598 -11.155393 -0.046265 0.055986 -0.059283 0.995596
1603.699314 645.743558 -77.383272 -11.156231 -0.047724 0.056976 -0.059316 0.995469
1603.799156 645.833551 -77.395387 -11.161180 -0.049815 0.055860 -0.058928 0.995452
1603.899798 645.927715 -77.405915 -11.174019 -0.050499 0.055380 -0.058389 0.995477
1603.999652 646.022185 -77.411933 -11.181051 -0.050829 0.057910 -0.057996 0.995339
1604.099499 646.117148 -77.417869 -11.184675 -0.049168 0.059269 -0.058321 0.995323
1604.199341 646.216620 -77.426432 -11.185491 -0.047990 0.060798 -0.059103 0.995242
1604.299198 646.310793 -77.440302 -11.188071 -0.046176 0.061365 -0.059623 0.995262
1604.399436 646.393376 -77.454564 -11.196402 -0.046066 0.060595 -0.060102 0.995286
1604.499261 646.467285 -77.465920 -11.199617 -0.047090 0.060313 -0.060127 0.995254
1604.599506 646.550321 -77.472510 -11.197422 -0.047503 0.059811 -0.059848 0.995281
1604.699344 646.635937 -77.477376 -11.194814 -0.048408 0.058153 -0.059630 0.995349
1604.799180 646.720849 -77.483691 -11.195685 -0.048635 0.056947 -0.059285 0.995428
1604.899825 646.804084 -77.493773 -11.199651 -0.048536 0.056241 -0.059157 0.995481
1604.999664 646.891216 -77.507166 -11.206634 -0.048607 0.056511 -0.058958 0.995474
1605.099508 646.975863 -77.520054 -11.211291 -0.048517 0.056758 -0.058806 0.995473
1605.199345 647.059307 -77.530197 -11.210571 -0.049272 0.055996 -0.058688 0.995486
1605.299183 647.136759 -77.538938 -11.208944 -0.050933 0.053320 -0.059092 0.995525
1605.399820 647.213171 -77.546835 -11.210744 -0.050783 0.052754 -0.059700 0.995527
1605.499666 647.296707 -77.556410 -11.218970 -0.049994 0.053656 -0.059976 0.995502
1605.599514 647.380468 -77.565266 -11.229026 -0.050546 0.054361 -0.059585 0.995460
1605.699363 647.455995 -77.569869 -11.232117 -0.052293 0.055521 -0.058996 0.995340
1605.799213 647.521810 -77.576320 -11.229430 -0.052297 0.058361 -0.058747 0.995192
1605.899463 647.584221 -77.584704 -11.229080 -0.048884 0.059550 -0.058836 0.995290
1605.999297 647.649128 -77.592348 -11.232858 -0.045420 0.056921 -0.059052 0.995595
1606.099141 647.730489 -77.601708 -11.235556 -0.043551 0.055126 -0.059051 0.995780
1606.199790 647.825182 -77.609291 -11.242987 -0.044094 0.056054 -0.058985 0.995708
1606.299639 647.918609 -77.619198 -11.245976 -0.046553 0.058165 -0.058725 0.995490
1606.399472 648.006828 -77.629347 -11.248063 -0.048510 0.060013 -0.058567 0.995297
1606.499306 648.096298 -77.643778 -11.253105 -0.048284 0.061025 -0.058445 0.995253
1606.599140 648.172255 -77.653649 -11.262188 -0.048397 0.060896 -0.058405 0.995258
1606.699776 648.245458 -77.663097 -11.270755 -0.048524 0.060220 -0.058543 0.995285
1606.799612 648.321580 -77.675473 -11.273326 -0.048140 0.061636 -0.058490 0.995220
1606.899446 648.385640 -77.683650 -11.271257 -0.047484 0.062594 -0.058473 0.995193
1606.999281 648.451285 -77.692111 -11.271228 -0.047609 0.062884 -0.058571 0.995162
1607.099123 648.517176 -77.696931 -11.274488 -0.048131 0.062549 -0.058525 0.995161
1607.199767 648.589895 -77.703805 -11.282615 -0.048798 0.061300 -0.058651 0.995199
1607.299616 648.669525 -77.713495 -11.286621 -0.048615 0.060317 -0.058506 0.995277
1607.399441 648.750800 -77.726805 -11.293802 -0.048732 0.060516 -0.058197 0.995277
1607.499297 648.832342 -77.734809 -11.294451 -0.048975 0.061504 -0.058382 0.995194
1607.599139 648.908834 -77.743749 -11.298134 -0.045874 0.058938 -0.058884 0.995467
1607.699770 648.984164 -77.754983 -11.300235 -0.045331 0.057856 -0.059686 0.995508
1607.799600 649.066532 -77.766252 -11.307457 -0.046049 0.058605 -0.060670 0.995371
1607.899446 649.161124 -77.777964 -11.311731 -0.046331 0.060712 -0.060927 0.995216
1607.999290 649.257584 -77.791931 -11.317848 -0.045447 0.062722 -0.060487 0.995159
1608.099124 649.349489 -77.802821 -11.319502 -0.045556 0.064350 -0.059850 0.995089
1608.199752 649.438470 -77.813967 -11.320670 -0.046722 0.063184 -0.058805 0.995172
1608.299587 649.509418 -77.823035 -11.322486 -0.052327 0.059031 -0.058457 0.995168
1608.399417 649.570104 -77.831093 -11.324443 -0.055417 0.057000 -0.057599 0.995170
1608.499259 649.633823 -77.838764 -11.323454 -0.053865 0.060426 -0.057963 0.995031
1608.599518 649.714647 -77.849988 -11.330861 -0.052146 0.066477 -0.058861 0.994684
1608.699375 649.800926 -77.861167 -11.339259 -0.048506 0.070922 -0.059643 0.994515
1608.799202 649.896251 -77.870669 -11.343355 -0.044151 0.067519 -0.060072 0.994929
1608.899450 649.993008 -77.879320 -11.340251 -0.042840 0.058858 -0.060240 0.995526
1608.999300 650.086261 -77.887300 -11.341029 -0.043391 0.053757 -0.060249 0.995790
1609.099133 650.173604 -77.897354 -11.343565 -0.042759 0.054881 -0.059727 0.995787
1609.199763 650.253742 -77.908843 -11.349967 -0.043356 0.057206 -0.058905 0.995680
1609.299607 650.336031 -77.919567 -11.356088 -0.046291 0.059299 -0.058292 0.995461
1609.399447 650.421927 -77.930543 -11.359475 -0.049719 0.061145 -0.057875 0.995208
1609.499286 650.507265 -77.945501 -11.363144 -0.051501 0.062174 -0.057546 0.995073
1609.599139 650.592671 -77.961691 -11.366553 -0.049563 0.060921 -0.057344 0.995261
1609.699788 650.677802 -77.974105 -11.372151 -0.047890 0.060515 -0.057409 0.995364
1609.799619 650.763065 -77.986997 -11.382659 -0.047907 0.062529 -0.057447 0.995236
1609.899458 650.840470 -77.997888 -11.390761 -0.048414 0.064738 -0.057537 0.995065
1609.999288 650.907747 -78.006034 -11.399589 -0.048865 0.066108 -0.057707 0.994943
1610.099137 650.981903 -78.014909 -11.410136 -0.048584 0.066466 -0.057776 0.994929
1610.199778 651.072890 -78.027558 -11.427462 -0.049068 0.064442 -0.057829 0.995035
1610.299616 651.169762 -78.043932 -11.446082 -0.048871 0.063041 -0.057947 0.995128
1610.399450 651.267931 -78.060258 -11.469374 -0.048367 0.062607 -0.057997 0.995177
1610.499294 651.356495 -78.072221 -11.485185 -0.047758 0.063892 -0.058179 0.995114
1610.599132 651.444336 -78.083056 -11.498259 -0.048102 0.064059 -0.058305 0.995080
1610.699777 651.531170 -78.095129 -11.508176 -0.048845 0.064088 -0.058047 0.995056
1610.799616 651.621321 -78.106493 -11.518542 -0.049269 0.063628 -0.058015 0.995067
1610.899475 651.715537 -78.122436 -11.531863 -0.048654 0.063832 -0.058094 0.995080
1610.999324 651.803278 -78.140084 -11.540010 -0.048269 0.065648 -0.057591 0.995009
1611.099169 651.889984 -78.147908 -11.545770 -0.049113 0.067445 -0.057353 0.994862
1611.199815 651.979119 -78.151314 -11.553456 -0.049915 0.067688 -0.057523 0.994795
1611.299652 652.062394 -78.158690 -11.558858 -0.049286 0.067233 -0.057559 0.994856
1611.399487 652.143818 -78.176322 -11.560770 -0.047614 0.066412 -0.058096 0.994961
1611.499330 652.227245 -78.186119 -11.556500 -0.045984 0.064986 -0.058324 0.995118
1611.599174 652.310962 -78.195936 -11.556065 -0.046607 0.064631 -0.058116 0.995125
1611.699821 652.406747 -78.210322 -11.561374 -0.049354 0.067671 -0.057891 0.994803
1611.799651 652.510326 -78.224713 -11.571382 -0.049032 0.070996 -0.057717 0.994598
1611.899500 652.615535 -78.240124 -11.578989 -0.048100 0.070270 -0.057936 0.994682
1611.999343 652.719698 -78.253434 -11.581638 -0.045887 0.066525 -0.058599 0.995005
1612.099193 652.819433 -78.265091 -11.581145 -0.045816 0.063616 -0.059275 0.995158
1612.199850 652.923833 -78.275869 -11.584652 -0.046007 0.062722 -0.059492 0.995193
1612.299680 653.031358 -78.289408 -11.590996 -0.046497 0.063942 -0.059159 0.995113
1612.399510 653.137841 -78.300241 -11.599061 -0.046892 0.063840 -0.058802 0.995122
1612.499344 653.233930 -78.310265 -11.607455 -0.047615 0.064251 -0.058904 0.995055
1612.599195 653.332282 -78.327405 -11.610942 -0.047149 0.064704 -0.058967 0.995044
1612.699822 653.430205 -78.345695 -11.611851 -0.047913 0.063205 -0.058854 0.995111
1612.799651 653.519031 -78.359276 -11.614027 -0.050617 0.061456 -0.058909 0.995083
1612.899486 653.614911 -78.375030 -11.617798 -0.052207 0.060464 -0.058740 0.995072
1612.999329 653.711422 -78.384978 -11.622288 -0.051024 0.059888 -0.058959 0.995155
1613.099184 653.812424 -78.393290 -11.631057 -0.049980 0.060268 -0.059223 0.995170
1613.199832 653.924615 -78.408393 -11.636389 -0.047586 0.059783 -0.059628 0.995292
1613.299652 654.032564 -78.423927 -11.640407 -0.047799 0.061030 -0.060364 0.995162
1613.399499 654.140497 -78.440285 -11.642979 -0.047479 0.062934 -0.060731 0.995036
1613.499349 654.247030 -78.450390 -11.649246 -0.047328 0.064579 -0.061697 0.994878
1613.599189 654.344731 -78.465280 -11.652083 -0.048222 0.066855 -0.061678 0.994686
1613.699825 654.438430 -78.479514 -11.657962 -0.048100 0.066305 -0.061222 0.994757
1613.799669 654.538305 -78.495011 -11.662794 -0.047604 0.065749 -0.060356 0.994871
1613.899504 654.638982 -78.510030 -11.666770 -0.049523 0.064518 -0.059542 0.994907
1613.999353 654.745848 -78.527159 -11.673901 -0.050765 0.065092 -0.058897 0.994845
1614.099176 654.857624 -78.544201 -11.676642 -0.051624 0.065941 -0.058878 0.994746
1614.199843 654.963471 -78.560029 -11.682908 -0.051004 0.066767 -0.058677 0.994735
1614.299685 655.067180 -78.573691 -11.690438 -0.048745 0.067464 -0.058507 0.994811
1614.399513 655.171105 -78.586394 -11.689150 -0.047703 0.066498 -0.058272 0.994941
1614.499355 655.268996 -78.601034 -11.684720 -0.048501 0.063533 -0.057836 0.995121
1614.599205 655.361538 -78.617611 -11.690700 -0.049628 0.061599 -0.057700 0.995195
1614.699437 655.467338 -78.632198 -11.704182 -0.049874 0.061769 -0.058305 0.995137
1614.799276 655.576548 -78.647789 -11.713274 -0.049150 0.062664 -0.058176 0.995125
1614.899524 655.688431 -78.660198 -11.718479 -0.048867 0.062819 -0.057675 0.995158
1614.999357 655.794448 -78.672914 -11.725970 -0.049746 0.060910 -0.057483 0.995244
1615.099204 655.905475 -78.685807 -11.727150 -0.051108 0.059732 -0.057656 0.995237
1615.199439 656.024172 -78.701195 -11.728169 -0.053172 0.060942 -0.058108 0.995029
1615.299277 656.140360 -78.717204 -11.734430 -0.051173 0.061698 -0.058759 0.995049
1615.399119 656.247147 -78.732744 -11.744758 -0.047244 0.061684 -0.059416 0.995205
1615.499760 656.352060 -78.744521 -11.749315 -0.042333 0.061551 -0.059642 0.995421
1615.599598 656.452572 -78.755730 -11.747388 -0.044522 0.062934 -0.058864 0.995285
1615.699437 656.557364 -78.768625 -11.751100 -0.048361 0.061743 -0.058142 0.995223
1615.799271 656.652932 -78.782911 -11.754979 -0.052095 0.059029 -0.057552 0.995233
1615.899513 656.740373 -78.793233 -11.762180 -0.053705 0.056768 -0.057369 0.995290
1615.999365 656.836546 -78.802125 -11.770278 -0.054120 0.059299 -0.058057 0.995080
1616.099200 656.933784 -78.812934 -11.772887 -0.050149 0.060085 -0.058240 0.995230
1616.199433 657.033832 -78.825423 -11.775429 -0.044315 0.059744 -0.058301 0.995524
1616.299273 657.138060 -78.836690 -11.779023 -0.044822 0.063803 -0.058724 0.995224
1616.399515 657.243506 -78.849170 -11.784298 -0.044114 0.063448 -0.058860 0.995271
1616.499364 657.343488 -78.860809 -11.788735 -0.045588 0.061880 -0.058935 0.995299
1616.599217 657.437967 -78.874377 -11.796637 -0.047511 0.061270 -0.058673 0.995262
1616.699446 657.531121 -78.888723 -11.800614 -0.048525 0.063127 -0.058298 0.995119
1616.799293 657.629065 -78.902261 -11.799741 -0.048914 0.064286 -0.058048 0.995040
1616.899145 657.726498 -78.916348 -11.804160 -0.050021 0.065100 -0.058137 0.994927
1616.999779 657.823445 -78.928498 -11.812859 -0.050068 0.065247 -0.058528 0.994892
1617.099619 657.927437 -78.939247 -11.819055 -0.050647 0.064728 -0.059284 0.994852
1617.199467 658.042141 -78.951035 -11.822591 -0.050272 0.063334 -0.059399 0.994954
1617.299314 658.142725 -78.968059 -11.828617 -0.046144 0.061648 -0.058479 0.995314
1617.399148 658.240002 -78.983323 -11.835622 -0.045931 0.061648 -0.058338 0.995332
1617.499792 658.335599 -78.995690 -11.842689 -0.050516 0.061187 -0.057890 0.995165
1617.599619 658.417626 -79.006586 -11.846484 -0.051735 0.058521 -0.057493 0.995286
1617.699458 658.507317 -79.018830 -11.842717 -0.049005 0.056852 -0.057040 0.995546
1617.799284 658.611006 -79.033471 -11.846132 -0.047832 0.060011 -0.057067 0.995417
1617.899100 658.718916 -79.048508 -11.855887 -0.048101 0.061732 -0.056954 0.995305
1617.999738 658.814320 -79.060196 -11.866574 -0.050020 0.062554 -0.057400 0.995133
1618.099568 658.904280 -79.067108 -11.866444 -0.050357 0.062155 -0.057645 0.995127
1618.199408 658.991074 -79.079429 -11.863499 -0.050120 0.061419 -0.057718 0.995181
1618.299242 659.083319 -79.094850 -11.864275 -0.048320 0.060857 -0.057985 0.995289
1618.399486 659.167894 -79.108957 -11.870779 -0.048429 0.061035 -0.058154 0.995262
1618.499346 659.252464 -79.120363 -11.874521 -0.049160 0.060494 -0.058255 0.995254
1618.599176 659.332860 -79.128847 -11.875423 -0.049776 0.061047 -0.058086 0.995199
1618.699811 659.415756 -79.134151 -11.875496 -0.050663 0.062108 -0.057742 0.995109
1618.799639 659.496907 -79.141437 -11.879883 -0.051722 0.064464 -0.057852 0.994898
1618.899502 659.584696 -79.154732 -11.888532 -0.048669 0.066850 -0.057939 0.994890
1618.999347 659.678495 -79.168357 -11.898045 -0.045046 0.069399 -0.058131 0.994875
1619.099189 659.780259 -79.182781 -11.906587 -0.043813 0.070786 -0.058516 0.994809
1619.199827 659.881320 -79.192768 -11.911125 -0.045446 0.071912 -0.058672 0.994646
1619.299665 659.983287 -79.203971 -11.913583 -0.048006 0.072380 -0.058631 0.994494
1619.399506 660.070102 -79.216033 -11.914837 -0.048371 0.070861 -0.058615 0.994587
1619.499344 660.156687 -79.225349 -11.916940 -0.047537 0.070181 -0.058634 0.994674
1619.599171 660.244574 -79.236662 -11.918737 -0.047060 0.070654 -0.058610 0.994665
1619.699819 660.341688 -79.249825 -11.922655 -0.047107 0.070711 -0.058808 0.994647
1619.799648 660.438933 -79.264237 -11.928211 -0.047812 0.070456 -0.058605 0.994643
1619.899478 660.539856 -79.278762 -11.933835 -0.047331 0.070855 -0.058181 0.994663
1619.999317 660.650009 -79.295945 -11.940622 -0.048255 0.070327 -0.057836 0.994676
1620.099154 660.765238 -79.315189 -11.944904 -0.049261 0.068626 -0.057611 0.994759
1620.199783 660.874886 -79.332090 -11.949658 -0.049443 0.069114 -0.057978 0.994695
1620.299614 660.979738 -79.341931 -11.953511 -0.048654 0.070230 -0.058618 0.994618
1620.399453 661.083012 -79.352555 -11.955189 -0.047776 0.069807 -0.058378 0.994704
1620.499293 661.186273 -79.364916 -11.959575 -0.047071 0.068865 -0.058270 0.994810
1620.599141 661.283635 -79.377871 -11.964608 -0.048070 0.068054 -0.058568 0.994800
1620.699775 661.381036 -79.387169 -11.966022 -0.047684 0.066383 -0.058824 0.994917
1620.799620 661.481812 -79.401099 -11.968506 -0.046938 0.064224 -0.059506 0.995053
1620.899454 661.592751 -79.418395 -11.969412 -0.045235 0.062657 -0.061972 0.995082
1620.999282 661.717474 -79.441465 -11.973084 -0.044591 0.063344 -0.064606 0.994900
1621.099116 661.840791 -79.463360 -11.982995 -0.042778 0.064973 -0.067526 0.994680
1621.199747 661.950986 -79.481477 -11.991183 -0.043269 0.065349 -0.070491 0.994429
1621.299583 662.055910 -79.495620 -11.997108 -0.044985 0.064507 -0.072940 0.994231
1621.399427 662.168092 -79.507978 -11.998644 -0.046180 0.062923 -0.074446 0.994166
1621.499261 662.281643 -79.526816 -11.996781 -0.046074 0.061830 -0.075697 0.994145
1621.599495 662.388950 -79.547199 -11.999837 -0.045563 0.060245 -0.077622 0.994117
1621.699320 662.497103 -79.569184 -12.008003 -0.048119 0.060995 -0.079224 0.993825
1621.799151 662.597357 -79.587490 -12.015569 -0.049210 0.062998 -0.079059 0.993660
1621.899771 662.703628 -79.605883 -12.022830 -0.049508 0.063236 -0.078737 0.993655
1621.999611 662.808065 -79.624054 -12.025848 -0.048481 0.062987 -0.078389 0.993749
1622.099443 662.914108 -79.640232 -12.027955 -0.048574 0.064590 -0.078497 0.993633
1622.199290 663.019743 -79.657962 -12.031058 -0.048019 0.065272 -0.079007 0.993575
1622.299121 663.131736 -79.678977 -12.036141 -0.047244 0.066070 -0.079368 0.993531
1622.399759 663.251755 -79.699815 -12.036702 -0.046275 0.065976 -0.079221 0.993594
1622.499603 663.363003 -79.718100 -12.039955 -0.046493 0.064388 -0.078973 0.993708
1622.599425 663.468614 -79.733858 -12.045738 -0.047320 0.063706 -0.079153 0.993699
1622.699248 663.571096 -79.751834 -12.051055 -0.047268 0.063609 -0.079128 0.993709
1622.799485 663.674920 -79.771209 -12.058400 -0.047055 0.064508 -0.079592 0.993624
1622.899327 663.780956 -79.789076 -12.063407 -0.048238 0.067198 -0.079548 0.993393
1622.999176 663.892617 -79.809508 -12.060591 -0.049286 0.068493 -0.078569 0.993331
1623.099817 663.998026 -79.828792 -12.064769 -0.049757 0.066462 -0.078931 0.993417
1623.199666 664.097558 -79.844768 -12.071542 -0.049799 0.066842 -0.079208 0.993367
1623.299501 664.204955 -79.860676 -12.071917 -0.048627 0.067378 -0.079835 0.993339
1623.399339 664.320202 -79.878773 -12.072214 -0.047418 0.067185 -0.080079 0.993391
1623.499182 664.437740 -79.899290 -12.077600 -0.048233 0.067121 -0.079832 0.993376
1623.599811 664.551328 -79.925597 -12.085933 -0.049403 0.067521 -0.079064 0.993352
1623.699653 664.662063 -79.945787 -12.088977 -0.049454 0.066783 -0.079333 0.993378
1623.799484 664.771965 -79.964491 -12.091753 -0.048074 0.065832 -0.079347 0.993508
1623.899320 664.890921 -79.986888 -12.101999 -0.047572 0.066129 -0.079191 0.993525
1623.999158 665.002719 -80.008038 -12.107845 -0.047684 0.067548 -0.079135 0.993429
1624.099793 665.105981 -80.028775 -12.108101 -0.052797 0.066141 -0.078845 0.993288
1624.199648 665.220588 -80.047387 -12.110467 -0.053637 0.067269 -0.078676 0.993181
1624.299491 665.337098 -80.063507 -12.112472 -0.050815 0.066982 -0.079035 0.993320
1624.399329 665.451495 -80.082257 -12.116155 -0.045935 0.065959 -0.079301 0.993605
1624.499169 665.565602 -80.101571 -12.119654 -0.043478 0.065895 -0.079896 0.993672
1624.599798 665.674625 -80.119038 -12.125208 -0.044389 0.066145 -0.080288 0.993584
1624.699633 665.791137 -80.137225 -12.131141 -0.046646 0.065961 -0.080299 0.993491
1624.799482 665.900454 -80.158067 -12.130907 -0.049639 0.063966 -0.080280 0.993478
1624.899307 666.001601 -80.178873 -12.131480 -0.051540 0.064462 -0.079828 0.993386
1624.999155 666.110180 -80.192546 -12.128877 -0.051139 0.067441 -0.077640 0.993382
1625.099794 666.229282 -80.205422 -12.131984 -0.053842 0.067616 -0.073420 0.993548
1625.199646 666.352489 -80.220088 -12.142750 -0.050292 0.068936 -0.069557 0.993922
1625.299500 666.467251 -80.240037 -12.154138 -0.047311 0.066383 -0.068118 0.994341
1625.399319 666.585517 -80.261122 -12.156492 -0.048346 0.062728 -0.067737 0.994555
1625.499168 666.710330 -80.281943 -12.156918 -0.052397 0.062893 -0.068389 0.994295
1625.599807 666.830076 -80.298631 -12.160227 -0.052919 0.067531 -0.069357 0.993896
1625.699643 666.956290 -80.314398 -12.166407 -0.050576 0.072395 -0.069480 0.993667
1625.799496 667.080564 -80.333895 -12.170555 -0.048593 0.075217 -0.069306 0.993568
1625.899344 667.199099 -80.349314 -12.179778 -0.046595 0.073175 -0.069556 0.993799
1625.999187 667.312228 -80.365764 -12.184771 -0.045260 0.069777 -0.070187 0.994061
1626.099830 667.425868 -80.382279 -12.192821 -0.045346 0.067909 -0.069815 0.994212
1626.199664 667.535690 -80.399179 -12.201079 -0.047552 0.067337 -0.067910 0.994280
1626.299507 667.649545 -80.415289 -12.203059 -0.048039 0.068068 -0.066619 0.994294
1626.399345 667.755333 -80.432434 -12.205672 -0.048003 0.068178 -0.066453 0.994300
1626.499184 667.861653 -80.448087 -12.206723 -0.049252 0.068582 -0.066578 0.994202
1626.599825 667.968610 -80.465328 -12.212242 -0.048412 0.069084 -0.066713 0.994200
1626.699677 668.082338 -80.484063 -12.220217 -0.047580 0.070794 -0.066818 0.994113
1626.799527 668.210800 -80.504158 -12.225575 -0.047481 0.072501 -0.067044 0.993979
1626.899355 668.346496 -80.525496 -12.231120 -0.047518 0.073411 -0.067075 0.993908
1626.999182 668.480932 -80.542577 -12.237091 -0.047414 0.073346 -0.067118 0.993915
1627.099822 668.603463 -80.560315 -12.243339 -0.047744 0.072830 -0.067160 0.993935
1627.199668 668.716076 -80.578031 -12.243137 -0.048722 0.071146 -0.067130 0.994011
1627.299503 668.837608 -80.598453 -12.245806 -0.048726 0.069818 -0.067321 0.994092
1627.399334 668.959585 -80.619339 -12.251710 -0.047667 0.069884 -0.067027 0.994159
1627.499176 669.084421 -80.638033 -12.258284 -0.048993 0.068117 -0.066782 0.994233
1627.599809 669.200046 -80.657642 -12.265379 -0.052381 0.065842 -0.066345 0.994243
1627.699645 669.311795 -80.670891 -12.273468 -0.052700 0.068030 -0.066403 0.994075
1627.799490 669.430079 -80.686269 -12.279800 -0.049069 0.071220 -0.066749 0.994014
1627.899345 669.556994 -80.705437 -12.284220 -0.046004 0.071736 -0.067489 0.994074
1627.999195 669.680207 -80.723322 -12.287328 -0.043378 0.068257 -0.068217 0.994387
1628.099833 669.806018 -80.740386 -12.282831 -0.043596 0.065914 -0.068430 0.994521
1628.199676 669.939224 -80.761132 -12.286437 -0.045590 0.065717 -0.068162 0.994463
1628.299528 670.076754 -80.783039 -12.297810 -0.048717 0.064322 -0.067279 0.994466
1628.399362 670.203108 -80.802227 -12.311732 -0.051199 0.059419 -0.066487 0.994700
1628.499202 670.326586 -80.819161 -12.314566 -0.052165 0.057060 -0.066272 0.994802
1628.599441 670.443107 -80.837291 -12.315982 -0.051578 0.057423 -0.065857 0.994839
1628.699272 670.552051 -80.857558 -12.322988 -0.051989 0.056877 -0.064452 0.994941
1628.799503 670.660917 -80.871483 -12.328946 -0.051528 0.055871 -0.064233 0.995036
1628.899347 670.773377 -80.885902 -12.335083 -0.049236 0.060081 -0.064414 0.994895
1628.999184 670.886321 -80.900530 -12.338165 -0.047050 0.064120 -0.064368 0.994752
1629.099818 670.993117 -80.916873 -12.338542 -0.046834 0.065387 -0.064425 0.994676
1629.199676 671.101709 -80.934237 -12.344126 -0.047896 0.064595 -0.064248 0.994689
1629.299510 671.215293 -80.950757 -12.353552 -0.048539 0.063927 -0.064461 0.994687
1629.399339 671.324605 -80.965832 -12.360314 -0.048546 0.063649 -0.064360 0.994711
1629.499180 671.431543 -80.978581 -12.367195 -0.047590 0.064723 -0.064612 0.994671
1629.599827 671.547296 -80.993236 -12.373539 -0.047243 0.066711 -0.064912 0.994537
1629.699668 671.660792 -81.007503 -12.387063 -0.047605 0.067535 -0.064932 0.994463
1629.799521 671.763870 -81.025744 -12.406011 -0.048438 0.066620 -0.064675 0.994501
1629.899360 671.859045 -81.045312 -12.425904 -0.048690 0.064501 -0.064648 0.994630
1629.999197 671.954266 -81.064496 -12.449699 -0.047923 0.064191 -0.064830 0.994676
1630.099824 672.051914 -81.081325 -12.474695 -0.048048 0.065678 -0.064884 0.994569
1630.199675 672.154255 -81.096949 -12.499465 -0.047283 0.067393 -0.065059 0.994480
1630.299526 672.260495 -81.112659 -12.524522 -0.047762 0.068500 -0.065062 0.994381
1630.399374 672.361825 -81.133887 -12.555960 -0.048764 0.068271 -0.064703 0.994372
1630.499211 672.461552 -81.151236 -12.588351 -0.050060 0.066505 -0.064121 0.994464
1630.599446 672.560862 -81.166037 -12.611908 -0.049579 0.064191 -0.063909 0.994654
1630.699295 672.663557 -81.182329 -12.636030 -0.048068 0.064998 -0.064117 0.994663
1630.799117 672.772817 -81.197229 -12.660801 -0.047211 0.067973 -0.064309 0.994492
1630.899746 672.885735 -81.209725 -12.682903 -0.047658 0.071288 -0.064542 0.994224
1630.999587 672.990735 -81.227481 -12.703133 -0.047941 0.073067 -0.064317 0.994096
1631.099433 673.100664 -81.247540 -12.718570 -0.047800 0.072982 -0.063887 0.994136
1631.199284 673.196003 -81.262412 -12.733639 -0.047605 0.072928 -0.063802 0.994155
1631.299121 673.294668 -81.275248 -12.746837 -0.047184 0.071885 -0.063575 0.994266
1631.399755 673.395248 -81.290277 -12.760491 -0.047811 0.072682 -0.063616 0.994175
1631.499587 673.498505 -81.308957 -12.778317 -0.047886 0.074739 -0.063568 0.994022
1631.599441 673.605470 -81.326086 -12.796807 -0.048519 0.074550 -0.063878 0.993986
1631.699291 673.717245 -81.342456 -12.809155 -0.047704 0.073145 -0.064321 0.994101
1631.799134 673.827471 -81.357302 -12.819954 -0.046539 0.072205 -0.064540 0.994211
1631.899791 673.940416 -81.371847 -12.832447 -0.046449 0.072227 -0.064519 0.994215
1631.999636 674.048185 -81.389287 -12.854848 -0.047389 0.073004 -0.064538 0.994112
1632.099489 674.154558 -81.406640 -12.880383 -0.047805 0.073564 -0.064518 0.994052
1632.199325 674.273263 -81.424166 -12.902405 -0.046940 0.073881 -0.064739 0.994056
1632.299173 674.399270 -81.440425 -12.922416 -0.047442 0.072278 -0.064783 0.994147
1632.399806 674.517257 -81.458034 -12.945580 -0.046673 0.069826 -0.064614 0.994370
1632.499629 674.632106 -81.478009 -12.970287 -0.046643 0.067660 -0.064536 0.994526
1632.599474 674.752504 -81.498271 -12.987728 -0.047141 0.067710 -0.064581 0.994496
1632.699315 674.873145 -81.513684 -13.004250 -0.049331 0.070407 -0.064927 0.994180
1632.799148 674.998635 -81.525403 -13.029030 -0.048410 0.071007 -0.065205 0.994164
1632.899772 675.125268 -81.542161 -13.059332 -0.044983 0.069349 -0.065418 0.994428
1632.999612 675.242548 -81.564125 -13.085758 -0.043748 0.069530 -0.065740 0.994450
1633.099464 675.359270 -81.588657 -13.104682 -0.043557 0.069236 -0.065408 0.994500
1633.199300 675.480724 -81.606327 -13.126601 -0.047527 0.068744 -0.064808 0.994392
1633.299124 675.608796 -81.623852 -13.149107 -0.050788 0.068743 -0.064061 0.994279
1633.399771 675.723981 -81.637672 -13.164035 -0.051088 0.068153 -0.063834 0.994319
1633.499609 675.831601 -81.653194 -13.171912 -0.049978 0.066592 -0.064263 0.994454
1633.599448 675.949555 -81.673144 -13.181818 -0.048979 0.065611 -0.064526 0.994551
1633.699292 676.079873 -81.697371 -13.194301 -0.048145 0.065831 -0.064654 0.994569
1633.799125 676.202133 -81.717580 -13.204088 -0.046559 0.066356 -0.064559 0.994616
1633.899768 676.324062 -81.729911 -13.208175 -0.045757 0.067267 -0.064336 0.994607
1633.999605 676.440290 -81.745024 -13.210982 -0.046171 0.066866 -0.063910 0.994642
1634.099452 676.564210 -81.763527 -13.220801 -0.048146 0.066607 -0.063584 0.994587
1634.199288 676.689237 -81.783489 -13.228038 -0.049654 0.064982 -0.063797 0.994606
1634.299119 676.812714 -81.800681 -13.229535 -0.050482 0.061292 -0.063594 0.994812
1634.399761 676.934821 -81.817154 -13.229049 -0.050679 0.060861 -0.063936 0.994806
1634.499608 677.055002 -81.835382 -13.230140 -0.047101 0.061420 -0.064364 0.994920
1634.599451 677.173644 -81.853939 -13.232486 -0.045847 0.062478 -0.065217 0.994857
1634.699285 677.283668 -81.873064 -13.236741 -0.048765 0.065219 -0.065542 0.994521
1634.799115 677.398967 -81.889644 -13.246335 -0.048494 0.067151 -0.065403 0.994415
1634.899753 677.517054 -81.907336 -13.257118 -0.048749 0.066838 -0.065135 0.994441
1634.999602 677.627629 -81.921349 -13.266753 -0.047476 0.066362 -0.064873 0.994552
1635.099432 677.741228 -81.934448 -13.268961 -0.047294 0.067621 -0.064875 0.994476
1635.199270 677.858714 -81.952630 -13.268892 -0.047132 0.067923 -0.064584 0.994482
1635.299492 677.976990 -81.973288 -13.273950 -0.046741 0.068962 -0.063999 0.994466
1635.399335 678.095192 -81.991979 -13.278451 -0.048601 0.070847 -0.063341 0.994287
1635.499180 678.217362 -82.012976 -13.287909 -0.050825 0.071702 -0.062366 0.994176
1635.599817 678.340529 -82.032955 -13.296163 -0.053140 0.071914 -0.061367 0.994102
1635.699668 678.465025 -82.050577 -13.303758 -0.054157 0.073800 -0.061488 0.993901
1635.799510 678.589071 -82.065165 -13.306695 -0.050297 0.073832 -0.062424 0.994043
1635.899352 678.704426 -82.081337 -13.310818 -0.044061 0.070362 -0.063026 0.994553
1635.999185 678.827305 -82.099353 -13.314430 -0.042310 0.068769 -0.063400 0.994717
1636.099810 678.953132 -82.116649 -13.321732 -0.045284 0.066081 -0.063251 0.994777
1636.199652 679.074599 -82.133591 -13.329003 -0.048317 0.066264 -0.062905 0.994644
1636.299481 679.194219 -82.149067 -13.336444 -0.048544 0.066172 -0.062600 0.994659
1636.399312 679.313880 -82.161022 -13.340181 -0.048197 0.066529 -0.062561 0.994654
1636.499169 679.436626 -82.178151 -13.345398 -0.046293 0.065197 -0.062368 0.994845
1636.599793 679.554237 -82.196715 -13.348145 -0.048233 0.067297 -0.062862 0.994582
1636.699643 679.668505 -82.216967 -13.352507 -0.047973 0.068987 -0.063288 0.994452
1636.799484 679.782312 -82.235549 -13.358855 -0.043852 0.069003 -0.063916 0.994601
1636.899334 679.906128 -82.253785 -13.365457 -0.043289 0.069085 -0.064099 0.994608
1636.999176 680.025149 -82.270226 -13.366799 -0.046721 0.068929 -0.063316 0.994513
1637.099818 680.144872 -82.289357 -13.366916 -0.049992 0.068098 -0.062690 0.994451
1637.199656 680.267436 -82.308453 -13.372887 -0.050398 0.066175 -0.062054 0.994601
1637.299506 680.387938 -82.327524 -13.384628 -0.048871 0.064246 -0.061244 0.994853
1637.399347 680.517971 -82.341744 -13.391587 -0.049185 0.062630 -0.060644 0.994978
1637.499192 680.646729 -82.358786 -13.394872 -0.050896 0.064429 -0.060564 0.994782
1637.599838 680.775420 -82.377534 -13.402590 -0.054337 0.068758 -0.060242 0.994329
1637.699680 680.897275 -82.390604 -13.410444 -0.055526 0.070038 -0.059566 0.994215
1637.799523 681.009303 -82.403035 -13.416374 -0.053787 0.068364 -0.059878 0.994408
1637.899375 681.121350 -82.416077 -13.419546 -0.046455 0.066861 -0.060979 0.994813
1637.999199 681.244479 -82.431357 -13.425852 -0.038991 0.064239 -0.062332 0.995222
1638.099439 681.367998 -82.447946 -13.433691 -0.039586 0.064078 -0.062866 0.995176
1638.199278 681.498026 -82.463777 -13.436970 -0.043078 0.068452 -0.062571 0.994758
1638.299123 681.628278 -82.476620 -13.440815 -0.045794 0.070657 -0.062455 0.994490
1638.399756 681.760734 -82.492070 -13.446888 -0.045219 0.070055 -0.062381 0.994563
1638.499608 681.882387 -82.508967 -13.453827 -0.045943 0.069228 -0.062445 0.994584
1638.599446 682.005127 -82.526781 -13.460286 -0.045842 0.068686 -0.062644 0.994614
1638.699279 682.120614 -82.544994 -13.465406 -0.046145 0.068456 -0.062458 0.994627
1638.799128 682.234756 -82.562054 -13.467365 -0.046753 0.068023 -0.062280 0.994640
1638.899760 682.346413 -82.574810 -13.470292 -0.048158 0.065994 -0.062712 0.994682
1638.999610 682.455034 -82.587848 -13.475046 -0.049381 0.064212 -0.062682 0.994741
1639.099459 682.566155 -82.603999 -13.480588 -0.048158 0.063422 -0.062528 0.994861
1639.199310 682.682905 -82.624664 -13.486971 -0.046391 0.066408 -0.062273 0.994766
1639.299150 682.809328 -82.644692 -13.493907 -0.048735 0.069725 -0.061892 0.994451
1639.399782 682.925068 -82.660654 -13.500397 -0.050474 0.071086 -0.061615 0.994285
1639.499630 683.037419 -82.671590 -13.504956 -0.049015 0.070406 -0.061298 0.994426
1639.599463 683.145297 -82.682832 -13.508037 -0.043678 0.068190 -0.061374 0.994824
1639.699306 683.257353 -82.697814 -13.512075 -0.042943 0.066541 -0.061821 0.994940
1639.799142 683.377057 -82.718222 -13.518767 -0.045831 0.066436 -0.062050 0.994804
1639.899799 683.504515 -82.735919 -13.525458 -0.047969 0.066876 -0.062245 0.994662
1639.999643 683.619574 -82.753507 -13.531310 -0.048025 0.067334 -0.062461 0.994615
1640.099485 683.742035 -82.772287 -13.536424 -0.046916 0.067606 -0.062608 0.994640
1640.199325 683.862502 -82.788494 -13.540635 -0.046140 0.067073 -0.063088 0.994682
1640.299172 683.979839 -82.803527 -13.540848 -0.045290 0.063435 -0.062770 0.994980
1640.399812 684.087876 -82.817300 -13.542071 -0.046250 0.061811 -0.062611 0.995048
1640.499648 684.200177 -82.832570 -13.545444 -0.048045 0.063018 -0.062816 0.994874
1640.599496 684.310296 -82.851105 -13.551414 -0.049331 0.064470 -0.062897 0.994713
1640.699331 684.430934 -82.871698 -13.562186 -0.049443 0.065836 -0.062442 0.994647
1640.799172 684.545153 -82.888121 -13.576310 -0.049239 0.067019 -0.062352 0.994583
1640.899813 684.655553 -82.905843 -13.583789 -0.048954 0.066542 -0.062196 0.994639
1640.999653 684.771678 -82.922815 -13.580859 -0.049172 0.066981 -0.062216 0.994598
1641.099510 684.891424 -82.938727 -13.577646 -0.049546 0.067045 -0.062585 0.994552
1641.199357 685.006224 -82.953398 -13.578843 -0.047762 0.066732 -0.062457 0.994668
1641.299184 685.114726 -82.965638 -13.590869 -0.045732 0.066167 -0.062301 0.994811
1641.399823 685.222727 -82.980736 -13.602897 -0.045770 0.066278 -0.062042 0.994818
1641.499658 685.333149 -82.999940 -13.611735 -0.048650 0.065540 -0.061616 0.994757
1641.599495 685.443029 -83.016860 -13.614035 -0.049575 0.067401 -0.062081 0.994558
1641.699348 685.548729 -83.029927 -13.615927 -0.047455 0.070090 -0.062936 0.994422
1641.799194 685.655834 -83.039079 -13.620647 -0.045572 0.071925 -0.063571 0.994338
1641.899829 685.770842 -83.053399 -13.625668 -0.043562 0.072474 -0.063198 0.994412
1641.999678 685.879465 -83.071137 -13.628562 -0.044181 0.069886 -0.063210 0.994569
1642.099510 685.982293 -83.087927 -13.630956 -0.046239 0.066563 -0.063245 0.994702
1642.199344 686.096117 -83.101753 -13.639997 -0.049158 0.066200 -0.063558 0.994566
1642.299197 686.212590 -83.116248 -13.645925 -0.049373 0.066825 -0.063220 0.994535
1642.399839 686.335932 -83.133410 -13.650859 -0.046688 0.068312 -0.062823 0.994589
1642.499688 686.454598 -83.150061 -13.654501 -0.047311 0.068109 -0.062923 0.994567
1642.599542 686.577868 -83.168204 -13.661920 -0.047997 0.065772 -0.062505 0.994718
1642.699369 686.691900 -83.181895 -13.672119 -0.047719 0.069067 -0.062491 0.994509
1642.799203 686.806773 -83.196511 -13.680100 -0.046209 0.071947 -0.062517 0.994374
1642.899444 686.916747 -83.212336 -13.683805 -0.044917 0.071438 -0.062516 0.994470
1642.999290 687.025542 -83.228765 -13.683573 -0.045005 0.070857 -0.063193 0.994465
1643.099121 687.134018 -83.242775 -13.686654 -0.044207 0.069057 -0.063338 0.994618
1643.199745 687.242352 -83.259118 -13.691821 -0.045209 0.068537 -0.063046 0.994628
1643.299589 687.354844 -83.274088 -13.697390 -0.045882 0.068669 -0.062952 0.994594
1643.399419 687.466849 -83.288000 -13.699110 -0.045539 0.068857 -0.062793 0.994606
1643.499252 687.577776 -83.301544 -13.699367 -0.047708 0.067360 -0.062381 0.994633
1643.599503 687.685210 -83.315658 -13.703612 -0.050070 0.069013 -0.061943 0.994431
1643.699346 687.798592 -83.335685 -13.712219 -0.049185 0.071060 -0.061765 0.994342
1643.799206 687.916744 -83.357461 -13.725915 -0.047333 0.071041 -0.062104 0.994412
1643.899436 688.045286 -83.378226 -13.738266 -0.046996 0.068282 -0.062658 0.994587
1643.999284 688.175083 -83.394960 -13.742814 -0.046482 0.065422 -0.062871 0.994790
1644.099134 688.299959 -83.406842 -13.738005 -0.046406 0.063706 -0.062970 0.994898
1644.199784 688.419014 -83.420964 -13.737087 -0.045478 0.065206 -0.063097 0.994836
1644.299623 688.524523 -83.435905 -13.743288 -0.045110 0.068739 -0.063108 0.994614
1644.399459 688.626508 -83.452207 -13.751052 -0.046857 0.071503 -0.062984 0.994346
1644.499299 688.736049 -83.467940 -13.759749 -0.048097 0.072150 -0.063321 0.994219
1644.599129 688.846203 -83.484820 -13.770420 -0.048035 0.071801 -0.063669 0.994225
1644.699762 688.957055 -83.501938 -13.786575 -0.047157 0.070978 -0.063879 0.994313
1644.799599 689.069812 -83.516625 -13.810614 -0.046863 0.070472 -0.064071 0.994350
1644.899449 689.191196 -83.534050 -13.831999 -0.046090 0.069520 -0.064037 0.994456
1644.999287 689.317001 -83.554575 -13.851958 -0.045831 0.069490 -0.063570 0.994500
1645.099117 689.447040 -83.577681 -13.870480 -0.046632 0.069409 -0.063190 0.994492
1645.199766 689.576743 -83.598958 -13.894078 -0.045859 0.066661 -0.062333 0.994770
1645.299609 689.699713 -83.618628 -13.915944 -0.045782 0.066077 -0.061974 0.994835
1645.399444 689.814418 -83.636434 -13.939321 -0.047974 0.067037 -0.062311 0.994647
1645.499287 689.922028 -83.652176 -13.962422 -0.048932 0.066947 -0.063015 0.994562
1645.599126 690.032108 -83.672846 -13.984750 -0.047792 0.065698 -0.062913 0.994707
1645.699761 690.156062 -83.693646 -14.008563 -0.047942 0.067035 -0.063352 0.994582
1645.799611 690.284870 -83.715465 -14.028165 -0.047502 0.066824 -0.063119 0.994633
1645.899479 690.406416 -83.737590 -14.052946 -0.047016 0.067815 -0.062156 0.994649
1645.999329 690.533109 -83.757533 -14.077876 -0.048451 0.071028 -0.061659 0.994387
1646.099155 690.649735 -83.777656 -14.095672 -0.048717 0.071855 -0.061332 0.994335
1646.199791 690.762698 -83.796219 -14.115749 -0.047938 0.074973 -0.062277 0.994084
1646.299630 690.885200 -83.810521 -14.130988 -0.047614 0.076552 -0.062676 0.993954
1646.399475 691.008149 -83.824624 -14.140026 -0.047698 0.075140 -0.062662 0.994059
1646.499310 691.123974 -83.840615 -14.141856 -0.047968 0.072144 -0.062422 0.994283
1646.599143 691.240165 -83.855950 -14.143599 -0.047851 0.069623 -0.062525 0.994461
1646.699785 691.362288 -83.872463 -14.152223 -0.047139 0.069496 -0.063381 0.994450
1646.799621 691.480787 -83.890194 -14.169097 -0.048142 0.070246 -0.063454 0.994345
1646.899468 691.599266 -83.908777 -14.183985 -0.047606 0.068729 -0.063236 0.994490
1646.999300 691.728311 -83.925640 -14.189822 -0.046274 0.064961 -0.062679 0.994842
1647.099143 691.859128 -83.938189 -14.187699 -0.047348 0.063979 -0.062404 0.994872
1647.199789 691.984479 -83.952409 -14.184613 -0.045678 0.066247 -0.061856 0.994836
1647.299614 692.111195 -83.968968 -14.189974 -0.041911 0.070945 -0.061694 0.994688
1647.399445 692.237617 -83.987194 -14.200910 -0.040399 0.073247 -0.061916 0.994570
1647.499283 692.358687 -84.000650 -14.208870 -0.043212 0.071187 -0.062002 0.994596
1647.599125 692.488063 -84.015436 -14.213546 -0.045499 0.070570 -0.062312 0.994518
1647.699761 692.618326 -84.028781 -14.213628 -0.046059 0.069706 -0.062277 0.994556
1647.799586 692.747235 -84.044390 -14.218725 -0.045662 0.069232 -0.062356 0.994602
1647.899428 692.874312 -84.063073 -14.224809 -0.045186 0.069139 -0.062665 0.994611
1647.999273 692.996795 -84.085374 -14.228473 -0.045622 0.070042 -0.063284 0.994489
1648.099507 693.121609 -84.108746 -14.230204 -0.046103 0.070486 -0.063284 0.994435
1648.199339 693.249115 -84.121844 -14.237356 -0.047250 0.069122 -0.063345 0.994473
1648.299184 693.379829 -84.133812 -14.247518 -0.047948 0.067805 -0.063489 0.994521
1648.399831 693.510881 -84.149026 -14.258420 -0.046033 0.066724 -0.063463 0.994687
1648.499672 693.629936 -84.166866 -14.265514 -0.043852 0.068649 -0.063658 0.994642
1648.599517 693.754514 -84.183730 -14.264743 -0.044728 0.069148 -0.063385 0.994585
1648.699341 693.877035 -84.199268 -14.268945 -0.045911 0.066901 -0.062760 0.994725
1648.799183 694.000410 -84.213051 -14.271212 -0.046820 0.064569 -0.062186 0.994873
1648.899826 694.123813 -84.229096 -14.274124 -0.047463 0.061451 -0.062367 0.995028
1648.999664 694.245812 -84.247030 -14.280361 -0.047674 0.061348 -0.062676 0.995005
1649.099515 694.371877 -84.268057 -14.286796 -0.047414 0.064117 -0.063016 0.994822
1649.199351 694.494199 -84.286191 -14.298390 -0.048439 0.068158 -0.063583 0.994467
1649.299190 694.622578 -84.305108 -14.308920 -0.048844 0.069474 -0.063379 0.994370
1649.399831 694.755611 -84.325340 -14.316221 -0.048481 0.067710 -0.063111 0.994526
1649.499680 694.892220 -84.342501 -14.319892 -0.047372 0.064540 -0.063483 0.994766
1649.599514 695.012994 -84.359016 -14.323235 -0.046840 0.063884 -0.063731 0.994818
1649.699340 695.129937 -84.372548 -14.325693 -0.045618 0.068227 -0.064043 0.994567
1649.799184 695.242385 -84.386302 -14.331972 -0.045103 0.068205 -0.063699 0.994614
1649.899823 695.360233 -84.401751 -14.338115 -0.043927 0.066796 -0.063498 0.994775
1649.999661 695.480250 -84.415947 -14.346451 -0.045106 0.068177 -0.063739 0.994613
1650.099493 695.591922 -84.431563 -14.353237 -0.047009 0.070253 -0.063435 0.994400
1650.199331 695.708165 -84.450152 -14.358371 -0.047242 0.071215 -0.063136 0.994339
1650.299181 695.832454 -84.469465 -14.359175 -0.047373 0.071503 -0.063171 0.994310
1650.399821 695.953637 -84.487645 -14.358559 -0.046581 0.070374 -0.062943 0.994442
1650.499661 696.069616 -84.504415 -14.359812 -0.046755 0.069894 -0.062975 0.994466
1650.599497 696.185350 -84.520798 -14.367424 -0.046254 0.070748 -0.063022 0.994426
1650.699321 696.305915 -84.536056 -14.377783 -0.045985 0.070631 -0.063034 0.994446
1650.799166 696.433766 -84.555547 -14.387774 -0.045495 0.069955 -0.063048 0.994516
1650.899793 696.564215 -84.573844 -14.393092 -0.044581 0.069479 -0.063520 0.994560
1650.999627 696.693337 -84.590757 -14.393114 -0.044541 0.069463 -0.063592 0.994559
1651.099470 696.808249 -84.606746 -14.394068 -0.045879 0.069332 -0.063713 0.994499
1651.199306 696.929514 -84.623652 -14.399603 -0.046931 0.070244 -0.063614 0.994393
1651.299134 697.051945 -84.640633 -14.407467 -0.045608 0.070126 -0.063448 0.994473
1651.399757 697.174991 -84.658602 -14.416370 -0.045720 0.068694 -0.063088 0.994591
1651.499596 697.295024 -84.676102 -14.425642 -0.046670 0.066628 -0.062760 0.994708
1651.599428 697.418705 -84.692928 -14.433944 -0.047576 0.064357 -0.062725 0.994817
1651.699260 697.533130 -84.709806 -14.439585 -0.045407 0.065049 -0.062907 0.994862
1651.799499 697.649707 -84.728171 -14.443295 -0.044664 0.068077 -0.062700 0.994706
1651.899345 697.766124 -84.744106 -14.449677 -0.045137 0.068310 -0.062511 0.994680
1651.999183 697.883425 -84.761926 -14.453567 -0.047578 0.066758 -0.062665 0.994662
1652.099827 698.011287 -84.780688 -14.459261 -0.047834 0.064130 -0.062902 0.994808
1652.199661 698.134867 -84.797615 -14.466863 -0.045112 0.065309 -0.063586 0.994815
1652.299515 698.250637 -84.816020 -14.481562 -0.045154 0.068279 -0.064145 0.994578
1652.399352 698.366130 -84.834676 -14.494426 -0.045352 0.069712 -0.064090 0.994473
1652.499192 698.482006 -84.853091 -14.506407 -0.048170 0.071867 -0.063661 0.994214
1652.599836 698.593203 -84.869633 -14.520289 -0.047808 0.073995 -0.063680 0.994074
1652.699669 698.706854 -84.888855 -14.535206 -0.046710 0.073723 -0.063523 0.994157
1652.799512 698.826433 -84.909573 -14.551445 -0.045265 0.074177 -0.063541 0.994189
1652.899354 698.945275 -84.928655 -14.568224 -0.045494 0.073013 -0.063512 0.994266
1652.999201 699.059261 -84.946012 -14.579160 -0.047543 0.071055 -0.063154 0.994335
1653.099447 699.169053 -84.961338 -14.589184 -0.048655 0.069700 -0.062573 0.994414
1653.199289 699.282779 -84.976325 -14.606803 -0.047201 0.069153 -0.062446 0.994530
1653.299130 699.402127 -84.993680 -14.624515 -0.046907 0.068441 -0.062714 0.994577
1653.399756 699.519298 -85.011242 -14.644095 -0.046184 0.068463 -0.063360 0.994568
1653.499581 699.633545 -85.029531 -14.660065 -0.045016 0.067028 -0.063661 0.994700
1653.599410 699.747636 -85.044259 -14.674285 -0.045758 0.065187 -0.063916 0.994772
1653.699248 699.865644 -85.062308 -14.683377 -0.046146 0.064612 -0.063889 0.994793
1653.799482 699.982350 -85.081103 -14.693290 -0.046039 0.063367 -0.063769 0.994886
1653.899318 700.094437 -85.098259 -14.701815 -0.045921 0.063498 -0.063872 0.994877
1653.999144 700.202737 -85.111064 -14.707125 -0.045777 0.063847 -0.063661 0.994875
1654.099767 700.313014 -85.123377 -14.708571 -0.045918 0.064509 -0.063893 0.994810
1654.199595 700.429538 -85.140114 -14.717112 -0.045176 0.062218 -0.063607 0.995009
1654.299439 700.543806 -85.156031 -14.729006 -0.046005 0.060618 -0.063620 0.995069
1654.399282 700.650833 -85.175360 -14.737821 -0.047776 0.062998 -0.064100 0.994806
1654.499124 700.769980 -85.198392 -14.742029 -0.048003 0.062215 -0.063859 0.994860
1654.599767 700.900874 -85.217320 -14.744432 -0.047678 0.062707 -0.063988 0.994837
1654.699606 701.020379 -85.234027 -14.747296 -0.045025 0.063162 -0.063483 0.994964
1654.799438 701.131221 -85.247504 -14.751525 -0.042165 0.066554 -0.063064 0.994895
1654.899266 701.230358 -85.261960 -14.750336 -0.043652 0.069343 -0.062540 0.994673
1654.999513 701.329946 -85.275620 -14.747151 -0.049090 0.071115 -0.061773 0.994342
1655.099350 701.426765 -85.292580 -14.755852 -0.050985 0.069443 -0.061273 0.994396
1655.199186 701.536923 -85.309672 -14.767038 -0.050624 0.067831 -0.061540 0.994509
1655.299826 701.647817 -85.327129 -14.772651 -0.050994 0.064933 -0.061771 0.994670
1655.399680 701.752880 -85.343462 -14.775356 -0.050101 0.063187 -0.062189 0.994801
1655.499516 701.865146 -85.356127 -14.780422 -0.048492 0.063193 -0.062795 0.994843
1655.599355 701.972115 -85.370540 -14.784468 -0.046379 0.063380 -0.062948 0.994922
1655.699199 702.072753 -85.386241 -14.791944 -0.046114 0.064073 -0.063346 0.994865
1655.799453 702.175012 -85.398756 -14.801167 -0.045668 0.064201 -0.063687 0.994855
1655.899283 702.273386 -85.412184 -14.804690 -0.045723 0.064543 -0.064367 0.994787
1655.999119 702.373926 -85.427582 -14.807997 -0.046083 0.064343 -0.064516 0.994773
1656.099751 702.483210 -85.443465 -14.815594 -0.046227 0.063790 -0.064567 0.994799
1656.199602 702.598402 -85.456956 -14.821738 -0.046436 0.063378 -0.064149 0.994843
1656.299450 702.709336 -85.470046 -14.828806 -0.046384 0.064030 -0.063970 0.994815
1656.399288 702.816966 -85.487679 -14.832444 -0.045464 0.065327 -0.063669 0.994792
1656.499116 702.908753 -85.504650 -14.832685 -0.045999 0.065990 -0.063267 0.994750
1656.599757 703.007884 -85.518158 -14.834918 -0.045447 0.065716 -0.063040 0.994808
1656.699607 703.112618 -85.529384 -14.838038 -0.046752 0.066163 -0.062895 0.994727
1656.799446 703.209690 -85.543652 -14.844086 -0.047156 0.065427 -0.062512 0.994780
1656.899284 703.295910 -85.557216 -14.852526 -0.045503 0.063970 -0.061971 0.994986
1656.999114 703.377611 -85.569881 -14.859593 -0.044733 0.063611 -0.061188 0.995092
1657.099753 703.472479 -85.578486 -14.861303 -0.045482 0.064969 -0.060509 0.995012
1657.199585 703.572684 -85.590194 -14.861092 -0.048268 0.066850 -0.060351 0.994766
1657.299423 703.674104 -85.606126 -14.861707 -0.049681 0.066285 -0.060662 0.994715
1657.399254 703.779771 -85.624392 -14.871900 -0.046708 0.065218 -0.061208 0.994896
1657.499505 703.875479 -85.639658 -14.882613 -0.044721 0.067195 -0.061569 0.994834
1657.599337 703.967879 -85.651082 -14.887279 -0.043471 0.071253 -0.061970 0.994582
1657.699184 704.073318 -85.662245 -14.887222 -0.045274 0.071944 -0.061935 0.994454
1657.799830 704.182215 -85.674814 -14.888447 -0.048418 0.071068 -0.062326 0.994344
1657.899674 704.292431 -85.687771 -14.897849 -0.049273 0.071702 -0.062987 0.994215
1657.999508 704.405623 -85.705914 -14.905400 -0.047780 0.073013 -0.063141 0.994183
1658.099345 704.518400 -85.722993 -14.910192 -0.045772 0.071639 -0.062890 0.994393
1658.199188 704.623482 -85.736812 -14.914821 -0.044899 0.071609 -0.062649 0.994450
1658.299812 704.719717 -85.747455 -14.921451 -0.045451 0.072239 -0.062228 0.994406
1658.399666 704.811004 -85.760410 -14.930690 -0.045894 0.073889 -0.062622 0.994240
1658.499494 704.912095 -85.773386 -14.936681 -0.046032 0.075607 -0.063759 0.994032
1658.599342 705.012623 -85.786989 -14.937554 -0.044955 0.072890 -0.064494 0.994237
1658.699191 705.109788 -85.804267 -14.938603 -0.045308 0.072944 -0.064534 0.994214
1658.799835 705.212234 -85.821564 -14.941948 -0.047716 0.073325 -0.064552 0.994072
1658.899685 705.318029 -85.836918 -14.946373 -0.047570 0.073457 -0.064248 0.994089
1658.999516 705.432021 -85.853398 -14.951571 -0.047797 0.073414 -0.063839 0.994108
1659.099355 705.555555 -85.873147 -14.958013 -0.047591 0.072556 -0.063764 0.994186
1659.199212 705.676189 -85.892157 -14.960385 -0.048646 0.070654 -0.064335 0.994235
1659.299451 705.793549 -85.908549 -14.961838 -0.047836 0.068327 -0.064898 0.994400
1659.399303 705.904712 -85.919529 -14.962511 -0.045316 0.067881 -0.065674 0.994498
1659.499147 706.008567 -85.930534 -14.967824 -0.046492 0.069651 -0.064968 0.994367
1659.599790 706.106179 -85.949732 -14.974978 -0.048708 0.073999 -0.064802 0.993958
1659.699627 706.211000 -85.969221 -14.987129 -0.046541 0.074213 -0.064331 0.994076
1659.799469 706.321847 -85.986077 -14.995780 -0.046526 0.070300 -0.064110 0.994376
1659.899302 706.444860 -86.005915 -14.998757 -0.046826 0.067900 -0.064213 0.994522
1659.999159 706.568193 -86.021092 -14.998152 -0.045853 0.070428 -0.064005 0.994405
1660.099799 706.682472 -86.032245 -14.993415 -0.046653 0.072236 -0.064506 0.994205
1660.199628 706.795787 -86.049544 -14.996560 -0.046402 0.071318 -0.064671 0.994273
1660.299467 706.911068 -86.065178 -15.008762 -0.043983 0.067236 -0.064645 0.994669
1660.399310 707.026687 -86.085136 -15.021528 -0.044735 0.065332 -0.064898 0.994746
1660.499139 707.145362 -86.104045 -15.027081 -0.048481 0.065084 -0.065059 0.994576
1660.599771 707.257692 -86.119883 -15.033014 -0.050345 0.065036 -0.065318 0.994469
1660.699610 707.371805 -86.136840 -15.036347 -0.051083 0.067938 -0.065577 0.994221
1660.799445 707.487618 -86.153719 -15.034431 -0.046765 0.069703 -0.065456 0.994319
1660.899286 707.606086 -86.174863 -15.040936 -0.043325 0.070013 -0.065867 0.994426
1660.999126 707.724985 -86.191241 -15.052160 -0.045531 0.071954 -0.066187 0.994167
1661.099756 707.847040 -86.207139 -15.058004 -0.050069 0.073645 -0.066218 0.993823
1661.199610 707.967542 -86.222991 -15.063815 -0.047467 0.072450 -0.065908 0.994059
1661.299444 708.088309 -86.241992 -15.067978 -0.044486 0.072172 -0.065370 0.994253
1661.399279 708.201912 -86.262665 -15.074160 -0.044553 0.071966 -0.064736 0.994306
1661.499115 708.306713 -86.279618 -15.079525 -0.046468 0.072832 -0.064339 0.994181
1661.599758 708.412752 -86.292582 -15.084208 -0.049358 0.070582 -0.063714 0.994245
1661.699600 708.525740 -86.303367 -15.085595 -0.050235 0.068671 -0.064051 0.994313
1661.799441 708.646595 -86.318032 -15.090663 -0.049071 0.068840 -0.064737 0.994315
1661.899272 708.762393 -86.336038 -15.098494 -0.046351 0.068017 -0.064896 0.994492
1661.999508 708.880773 -86.353728 -15.107765 -0.043967 0.068780 -0.065744 0.994492
1662.099354 709.001939 -86.372318 -15.112939 -0.043804 0.069595 -0.066195 0.994412
1662.199198 709.119307 -86.388997 -15.114812 -0.044611 0.068550 -0.066012 0.994461
1662.299453 709.233668 -86.404452 -15.118896 -0.045175 0.069323 -0.065128 0.994440
1662.399302 709.349692 -86.419626 -15.128000 -0.045942 0.070181 -0.064646 0.994377
1662.499136 709.467323 -86.436315 -15.135417 -0.046251 0.069679 -0.064584 0.994402
1662.599770 709.579775 -86.456256 -15.135702 -0.045306 0.068661 -0.064615 0.994514
1662.699606 709.702400 -86.477461 -15.135194 -0.045636 0.070151 -0.064583 0.994397
1662.799450 709.833826 -86.495855 -15.138867 -0.047057 0.071056 -0.064989 0.994240
1662.899290 709.963230 -86.510450 -15.146658 -0.047202 0.069938 -0.065237 0.994296
1662.999135 710.088122 -86.526790 -15.155516 -0.046548 0.069701 -0.065242 0.994343
1663.099777 710.206797 -86.545622 -15.168136 -0.046135 0.068843 -0.065110 0.994431
1663.199617 710.325090 -86.565024 -15.179818 -0.047917 0.069700 -0.065226 0.994279
1663.299452 710.446252 -86.585029 -15.186424 -0.046879 0.070742 -0.065343 0.994248
1663.399285 710.559193 -86.601899 -15.189726 -0.046754 0.068900 -0.065547 0.994369
1663.499118 710.667562 -86.617440 -15.196309 -0.044561 0.066788 -0.065259 0.994633
1663.599761 710.783055 -86.633587 -15.198848 -0.043645 0.069178 -0.064032 0.994590
1663.699599 710.907349 -86.649692 -15.197439 -0.049542 0.071144 -0.063339 0.994219
1663.799426 711.034382 -86.666486 -15.204018 -0.053448 0.069230 -0.063390 0.994149
1663.899244 711.156986 -86.682260 -15.218447 -0.052846 0.066777 -0.063915 0.994315
1663.999481 711.291172 -86.702571 -15.218696 -0.048044 0.071167 -0.065107 0.994177
1664.099305 711.425468 -86.724236 -15.222349 -0.043143 0.074181 -0.065576 0.994151
1664.199146 711.556346 -86.743060 -15.222512 -0.042452 0.075427 -0.066058 0.994055
1664.299786 711.680613 -86.756141 -15.225054 -0.043025 0.074422 -0.065964 0.994112
1664.399626 711.799655 -86.770582 -15.229803 -0.044151 0.072974 -0.065389 0.994208
1664.499462 711.906583 -86.788618 -15.236214 -0.045756 0.069707 -0.065013 0.994395
1664.599300 712.016602 -86.808586 -15.246980 -0.047044 0.069675 -0.064906 0.994344
1664.699142 712.131431 -86.829575 -15.254307 -0.047310 0.069845 -0.065242 0.994297
1664.799785 712.254137 -86.850024 -15.257928 -0.044166 0.068662 -0.065346 0.994517
1664.899618 712.379349 -86.867904 -15.264713 -0.043323 0.071351 -0.065102 0.994381
1664.999459 712.515155 -86.886069 -15.278946 -0.047140 0.073705 -0.064192 0.994095
1665.099295 712.650048 -86.905784 -15.289730 -0.051064 0.072738 -0.063367 0.994025
1665.199145 712.771084 -86.927011 -15.300854 -0.051047 0.070061 -0.063313 0.994222
1665.299789 712.891835 -86.949144 -15.312045 -0.049320 0.067667 -0.063259 0.994478
1665.399625 713.015311 -86.967899 -15.322435 -0.047591 0.068036 -0.063683 0.994510
1665.499462 713.139015 -86.984777 -15.328384 -0.046054 0.069999 -0.064044 0.994423
1665.599312 713.261863 -87.000938 -15.342791 -0.044089 0.071977 -0.064611 0.994334
1665.699146 713.394560 -87.014963 -15.363101 -0.042624 0.072009 -0.065303 0.994351
1665.799795 713.533108 -87.031760 -15.380854 -0.045320 0.071666 -0.066003 0.994210
1665.899642 713.657519 -87.051465 -15.393826 -0.047386 0.070663 -0.065865 0.994195
1665.999492 713.773522 -87.072857 -15.406701 -0.045784 0.072798 -0.065417 0.994145
1666.099338 713.892434 -87.092973 -15.419718 -0.045840 0.071340 -0.065131 0.994267
1666.199190 714.015884 -87.110253 -15.433764 -0.044502 0.067470 -0.064674 0.994628
1666.299839 714.146425 -87.123539 -15.450093 -0.043878 0.067432 -0.064469 0.994672
1666.399691 714.264540 -87.138519 -15.464676 -0.043386 0.073718 -0.064947 0.994216
1666.499535 714.381477 -87.158710 -15.481091 -0.044377 0.075807 -0.065027 0.994010
1666.599379 714.503268 -87.177899 -15.496029 -0.044834 0.074773 -0.065250 0.994053
1666.699215 714.628634 -87.195305 -15.510547 -0.045022 0.072520 -0.065195 0.994215
1666.799468 714.760669 -87.213627 -15.521732 -0.045156 0.072565 -0.065227 0.994203
1666.899330 714.895221 -87.232653 -15.536202 -0.046137 0.072138 -0.064923 0.994209
1666.999178 715.023501 -87.252511 -15.557849 -0.046908 0.070835 -0.064818 0.994274
1667.099814 715.156359 -87.273085 -15.578178 -0.046304 0.070841 -0.064803 0.994303
1667.199632 715.291535 -87.292124 -15.596696 -0.045172 0.069919 -0.064409 0.994446
1667.299458 715.426662 -87.311629 -15.615238 -0.045807 0.071283 -0.063866 0.994355
1667.399280 715.548494 -87.325127 -15.630081 -0.046332 0.071195 -0.063329 0.994371
1667.499116 715.657714 -87.337029 -15.647026 -0.046783 0.069138 -0.062946 0.994520
1667.599745 715.779596 -87.356996 -15.663506 -0.047937 0.069717 -0.062920 0.994426
1667.699587 715.899635 -87.377537 -15.677759 -0.048418 0.070691 -0.063359 0.994306
1667.799416 716.021133 -87.398021 -15.689442 -0.047127 0.071248 -0.064279 0.994269
1667.899267 716.152732 -87.417981 -15.702430 -0.045933 0.071816 -0.064975 0.994239
1667.999513 716.283326 -87.433196 -15.716659 -0.044858 0.071494 -0.065206 0.994296
1668.099354 716.414357 -87.446571 -15.729972 -0.043829 0.067553 -0.065361 0.994607
1668.199195 716.549628 -87.459686 -15.736262 -0.044616 0.065157 -0.065011 0.994755
1668.299825 716.686168 -87.481351 -15.746747 -0.046525 0.064139 -0.064664 0.994756
1668.399665 716.813298 -87.503596 -15.759254 -0.048156 0.065079 -0.064929 0.994600
1668.499510 716.939289 -87.519508 -15.769409 -0.043956 0.066901 -0.065113 0.994662
1668.599344 717.064066 -87.533193 -15.779298 -0.042244 0.070146 -0.065250 0.994504
1668.699175 717.191123 -87.547853 -15.786459 -0.042791 0.070925 -0.065051 0.994438
1668.799812 717.311105 -87.563201 -15.786220 -0.045808 0.069359 -0.064805 0.994430
1668.899656 717.430527 -87.577772 -15.785689 -0.047832 0.068085 -0.065165 0.994399
1668.999500 717.559886 -87.594935 -15.791702 -0.046988 0.069044 -0.065512 0.994351
1669.099324 717.688332 -87.611644 -15.804376 -0.042953 0.067083 -0.065001 0.994701
1669.199164 717.804861 -87.626544 -15.816028 -0.042482 0.067304 -0.065005 0.994706
1669.299810 717.917760 -87.643017 -15.820200 -0.046214 0.066283 -0.064872 0.994617
1669.399649 718.033041 -87.657254 -15.818669 -0.047140 0.062019 -0.064663 0.994862
1669.499495 718.163402 -87.672865 -15.814279 -0.046437 0.063027 -0.064887 0.994817
1669.599333 718.298460 -87.690950 -15.814775 -0.046243 0.066776 -0.064700 0.994594
1669.699154 718.423916 -87.711568 -15.822111 -0.044257 0.067653 -0.065303 0.994585
1669.799795 718.537327 -87.728217 -15.836292 -0.044341 0.066785 -0.065828 0.994606
1669.899636 718.649874 -87.742436 -15.851117 -0.046503 0.063415 -0.066243 0.994700
1669.999496 718.766207 -87.755685 -15.861591 -0.044672 0.062183 -0.066626 0.994836
1670.099332 718.881693 -87.770804 -15.866116 -0.043263 0.065432 -0.066895 0.994672
1670.199179 718.998642 -87.787875 -15.867778 -0.045381 0.069527 -0.066619 0.994318
1670.299826 719.128022 -87.807453 -15.869731 -0.046919 0.067320 -0.066168 0.994429
1670.399665 719.256743 -87.831191 -15.870492 -0.047191 0.064135 -0.065855 0.994647
1670.499509 719.381251 -87.849034 -15.871360 -0.046733 0.059780 -0.066241 0.994914
1670.599346 719.499709 -87.863080 -15.882976 -0.046455 0.057742 -0.066825 0.995009
1670.699194 719.615616 -87.880117 -15.894827 -0.047170 0.058561 -0.067530 0.994880
1670.799821 719.733826 -87.898091 -15.899833 -0.045338 0.060530 -0.067795 0.994829
1670.899653 719.846954 -87.915821 -15.903144 -0.045065 0.062322 -0.068066 0.994712
1670.999487 719.951607 -87.934294 -15.904514 -0.047175 0.063114 -0.067461 0.994605
1671.099315 720.056677 -87.953283 -15.909663 -0.048890 0.063210 -0.066854 0.994558
1671.199158 720.162829 -87.974902 -15.913518 -0.047841 0.063670 -0.066558 0.994599
1671.299795 720.264052 -87.991645 -15.916418 -0.048116 0.064468 -0.066844 0.994515
1671.399632 720.363277 -88.007294 -15.925120 -0.049142 0.065587 -0.066419 0.994420
1671.499488 720.460703 -88.025144 -15.931287 -0.051073 0.064525 -0.065736 0.994438
1671.599318 720.563890 -88.042955 -15.934632 -0.050193 0.064278 -0.065609 0.994507
1671.699163 720.669323 -88.058460 -15.939852 -0.048134 0.063560 -0.065409 0.994668
1671.799799 720.775189 -88.074375 -15.942968 -0.046815 0.063533 -0.065459 0.994730
1671.899639 720.880764 -88.090508 -15.946410 -0.046719 0.066232 -0.065470 0.994557
1671.999483 720.978607 -88.106512 -15.955357 -0.046723 0.069865 -0.065736 0.994291
1672.099324 721.078494 -88.123090 -15.964901 -0.047756 0.070238 -0.065709 0.994217
1672.199173 721.183335 -88.138328 -15.972005 -0.048887 0.068605 -0.065435 0.994295
1672.299814 721.292992 -88.151111 -15.976413 -0.049183 0.067165 -0.065719 0.994360
1672.399647 721.384164 -88.163243 -15.977978 -0.051324 0.062497 -0.065687 0.994558
1672.499494 721.483813 -88.182390 -15.980265 -0.049193 0.060074 -0.065094 0.994854
1672.599335 721.581704 -88.203480 -15.983706 -0.045983 0.061567 -0.064879 0.994930
1672.699163 721.680645 -88.218585 -15.993194 -0.046963 0.062439 -0.065175 0.994811
1672.799793 721.778917 -88.231989 -15.998020 -0.052391 0.064535 -0.065209 0.994403
1672.899637 721.877269 -88.246115 -15.998674 -0.056473 0.073609 -0.065309 0.993543
1672.999482 721.960636 -88.257150 -15.999667 -0.053791 0.075939 -0.065139 0.993527
1673.099324 722.049982 -88.270739 -16.003664 -0.048972 0.072961 -0.064919 0.994014
1673.199159 722.142723 -88.286806 -16.009247 -0.046364 0.069603 -0.065006 0.994374
1673.299814 722.247450 -88.301136 -16.014662 -0.045549 0.068757 -0.065367 0.994447
1673.399648 722.357058 -88.316178 -16.019682 -0.044417 0.068350 -0.065364 0.994526
1673.499473 722.464312 -88.329678 -16.022922 -0.044152 0.069055 -0.065226 0.994499
1673.599321 722.558255 -88.340516 -16.028809 -0.046650 0.066870 -0.065019 0.994547
1673.699170 722.652331 -88.356280 -16.036113 -0.045446 0.064644 -0.064614 0.994777
1673.799801 722.752655 -88.373872 -16.044151 -0.047102 0.067573 -0.064550 0.994509
1673.899646 722.853660 -88.388932 -16.046314 -0.047861 0.070161 -0.064778 0.994279
1673.999486 722.955427 -88.401655 -16.048228 -0.048026 0.071300 -0.064556 0.994204
1674.099332 723.058883 -88.418203 -16.054534 -0.047871 0.070077 -0.064599 0.994296
1674.199187 723.158053 -88.432952 -16.058887 -0.047163 0.068934 -0.064983 0.994385
1674.299839 723.258522 -88.446923 -16.061958 -0.045606 0.067497 -0.065014 0.994554
1674.399676 723.361639 -88.461727 -16.067148 -0.045129 0.067009 -0.064819 0.994621
1674.499516 723.464918 -88.476562 -16.070234 -0.046627 0.067000 -0.064876 0.994549
1674.599377 723.564294 -88.492015 -16.079022 -0.047916 0.068543 -0.065132 0.994366
1674.699216 723.662507 -88.505916 -16.086120 -0.048138 0.069324 -0.064840 0.994320
1674.799446 723.757985 -88.517407 -16.089455 -0.047215 0.068982 -0.064633 0.994402
1674.899293 723.860834 -88.531275 -16.091129 -0.048864 0.067483 -0.065229 0.994386
1674.999134 723.960884 -88.540649 -16.098643 -0.048927 0.067276 -0.066246 0.994330
1675.099778 724.052141 -88.548248 -16.107540 -0.049063 0.066332 -0.066576 0.994364
1675.199617 724.151471 -88.558956 -16.117182 -0.046341 0.064534 -0.066038 0.994649
1675.299441 724.258427 -88.571008 -16.125463 -0.043474 0.065514 -0.066196 0.994704
1675.399284 724.378697 -88.585145 -16.133163 -0.041404 0.068609 -0.066901 0.994536
1675.499123 724.487567 -88.597151 -16.137217 -0.040229 0.070870 -0.067600 0.994379
1675.599768 724.593210 -88.609033 -16.141771 -0.041081 0.074268 -0.067857 0.994078
1675.699607 724.688584 -88.620289 -16.148039 -0.041490 0.071880 -0.067886 0.994235
1675.799452 724.785577 -88.630449 -16.156912 -0.040815 0.066955 -0.067817 0.994612
1675.899297 724.890189 -88.642657 -16.162952 -0.039890 0.066519 -0.067357 0.994710
1675.999139 724.988753 -88.658224 -16.165083 -0.043091 0.068980 -0.066883 0.994440
1676.099784 725.093578 -88.675266 -16.163549 -0.047013 0.068315 -0.066091 0.994361
1676.199635 725.196280 -88.692465 -16.164725 -0.047509 0.068616 -0.065547 0.994353
1676.299480 725.297768 -88.709893 -16.171506 -0.047935 0.069936 -0.065124 0.994269
1676.399323 725.400360 -88.727136 -16.176718 -0.048954 0.071538 -0.064980 0.994114
1676.499164 725.500932 -88.742791 -16.180779 -0.049082 0.071177 -0.065230 0.994118
1676.599803 725.610773 -88.759462 -16.186104 -0.048594 0.070447 -0.065199 0.994196
1676.699648 725.732560 -88.778509 -16.194279 -0.047506 0.070321 -0.065305 0.994250
1676.799477 725.858802 -88.799450 -16.200601 -0.048736 0.071144 -0.065326 0.994131
1676.899307 725.981163 -88.820874 -16.203999 -0.049118 0.071355 -0.064820 0.994130
1676.999155 726.079702 -88.838215 -16.206479 -0.050101 0.071795 -0.064111 0.994095
1677.099799 726.173604 -88.852550 -16.210997 -0.053072 0.068166 -0.062730 0.994285
1677.199638 726.270859 -88.869472 -16.217458 -0.050363 0.065281 -0.062430 0.994638
1677.299483 726.369920 -88.885741 -16.223770 -0.047233 0.066408 -0.062436 0.994716
1677.399322 726.473737 -88.903238 -16.227683 -0.046356 0.069348 -0.062774 0.994536
1677.499173 726.583176 -88.920239 -16.230769 -0.047133 0.070057 -0.062682 0.994455
1677.599805 726.696064 -88.936234 -16.234661 -0.048517 0.069422 -0.062721 0.994431
1677.699647 726.796471 -88.948837 -16.237873 -0.050058 0.067840 -0.062791 0.994459
1677.799496 726.900987 -88.966795 -16.240647 -0.050044 0.066641 -0.062446 0.994563
1677.899326 727.006443 -88.985728 -16.244748 -0.049066 0.068827 -0.062396 0.994466
1677.999172 727.108849 -89.001118 -16.248129 -0.047315 0.069332 -0.062045 0.994537
1678.099818 727.222233 -89.015338 -16.253932 -0.047610 0.068911 -0.061995 0.994556
1678.199649 727.323894 -89.030409 -16.259945 -0.047499 0.067994 -0.061924 0.994629
1678.299485 727.424704 -89.042001 -16.264802 -0.047943 0.068510 -0.062592 0.994530
1678.399320 727.528547 -89.058115 -16.267014 -0.047142 0.065537 -0.063046 0.994740
1678.499166 727.630256 -89.073162 -16.265874 -0.046178 0.062218 -0.062293 0.995046
1678.599818 727.733253 -89.091159 -16.269150 -0.047280 0.064981 -0.062006 0.994835
1678.699665 727.838068 -89.108088 -16.280829 -0.048373 0.069230 -0.062496 0.994465
1678.799509 727.942200 -89.126134 -16.296213 -0.047408 0.069345 -0.063095 0.994466
1678.899333 728.041356 -89.141787 -16.308353 -0.047835 0.067644 -0.063533 0.994535
1678.999171 728.144872 -89.156837 -16.315319 -0.049910 0.065617 -0.063656 0.994561
1679.099811 728.255164 -89.171779 -16.316810 -0.051442 0.064932 -0.063514 0.994537
1679.199644 728.356858 -89.187449 -16.316384 -0.051770 0.066950 -0.063602 0.994380
1679.299477 728.460093 -89.205069 -16.321441 -0.050827 0.070447 -0.063939 0.994166
1679.399311 728.559446 -89.221147 -16.328112 -0.048383 0.071415 -0.063898 0.994221
1679.499147 728.661448 -89.235097 -16.331692 -0.047014 0.071987 -0.063805 0.994252
1679.599801 728.768029 -89.248922 -16.335294 -0.045588 0.070809 -0.064218 0.994376
1679.699636 728.875684 -89.263049 -16.339555 -0.045767 0.067468 -0.064175 0.994603
1679.799465 728.972568 -89.276481 -16.342076 -0.046438 0.066367 -0.063839 0.994668
1679.899301 729.066896 -89.293874 -16.346387 -0.048104 0.065597 -0.063665 0.994651
1679.999156 729.165321 -89.311689 -16.353415 -0.047629 0.066624 -0.063675 0.994605
1680.099800 729.264676 -89.327206 -16.358679 -0.047566 0.069076 -0.063494 0.994452
1680.199626 729.358001 -89.345364 -16.363177 -0.049429 0.070654 -0.062982 0.994283
1680.299466 729.450730 -89.361080 -16.365523 -0.051040 0.071453 -0.062769 0.994158
1680.399299 729.555624 -89.375319 -16.367508 -0.050340 0.070740 -0.062663 0.994251
1680.499144 729.664796 -89.389377 -16.373776 -0.049206 0.070218 -0.063057 0.994320
1680.599794 729.767553 -89.402911 -16.379909 -0.049127 0.070639 -0.063378 0.994274
1680.699626 729.871038 -89.419290 -16.380142 -0.048053 0.068393 -0.063145 0.994498
1680.799466 729.971538 -89.435051 -16.382795 -0.047652 0.067429 -0.062980 0.994593
1680.899305 730.070657 -89.450893 -16.390866 -0.047927 0.069560 -0.062788 0.994446
1680.999137 730.170118 -89.467156 -16.399903 -0.048856 0.071717 -0.062103 0.994290
1681.099762 730.275629 -89.483827 -16.404599 -0.048280 0.070887 -0.060808 0.994458
1681.199602 730.382580 -89.498948 -16.405238 -0.047702 0.070508 -0.060556 0.994528
1681.299444 730.486390 -89.513777 -16.407337 -0.048245 0.069180 -0.060798 0.994580
1681.399270 730.593695 -89.526448 -16.409841 -0.047512 0.069308 -0.061031 0.994592
1681.499511 730.702584 -89.539302 -16.416826 -0.047297 0.069850 -0.061068 0.994563
1681.599342 730.796523 -89.551444 -16.424935 -0.047147 0.068789 -0.061572 0.994612
1681.699197 730.891508 -89.563995 -16.429938 -0.047219 0.066217 -0.061603 0.994782
1681.799824 730.987886 -89.578008 -16.432827 -0.046670 0.065914 -0.061618 0.994827
1681.899664 731.090547 -89.590851 -16.435681 -0.047594 0.065538 -0.061576 0.994811
1681.999510 731.206550 -89.605650 -16.438197 -0.047867 0.063779 -0.061804 0.994898
1682.099359 731.323558 -89.618957 -16.443821 -0.047481 0.063805 -0.061737 0.994919
1682.199205 731.434454 -89.633941 -16.450041 -0.048280 0.065545 -0.061550 0.994779
1682.299454 731.539091 -89.651049 -16.459016 -0.047163 0.066849 -0.061204 0.994767
1682.399287 731.642903 -89.666651 -16.471716 -0.047645 0.066546 -0.061151 0.994767
1682.499122 731.743604 -89.681601 -16.484766 -0.048164 0.065863 -0.061310 0.994778
1682.599762 731.843234 -89.694384 -16.491116 -0.046862 0.066627 -0.061634 0.994769
1682.699592 731.942424 -89.710608 -16.493472 -0.044771 0.066680 -0.061604 0.994864
1682.799426 732.045905 -89.728506 -16.491784 -0.046759 0.069217 -0.061301 0.994618
1682.899259 732.152995 -89.742157 -16.489972 -0.048582 0.069307 -0.061098 0.994537
1682.999492 732.256490 -89.753645 -16.496286 -0.048691 0.070580 -0.061074 0.994443
1683.099339 732.361193 -89.766929 -16.501216 -0.050449 0.070318 -0.060532 0.994407
1683.199180 732.457120 -89.781172 -16.506588 -0.049011 0.069209 -0.060680 0.994548
1683.299830 732.556771 -89.796727 -16.516338 -0.045795 0.071327 -0.060994 0.994533
1683.399663 732.671181 -89.814612 -16.521922 -0.046530 0.074832 -0.061253 0.994225
1683.499501 732.791317 -89.829983 -16.526703 -0.047556 0.076226 -0.061276 0.994069
1683.599341 732.911312 -89.842249 -16.535042 -0.047202 0.076375 -0.061150 0.994082
1683.699171 733.027830 -89.860479 -16.543752 -0.048062 0.074472 -0.060741 0.994211
1683.799803 733.137536 -89.876646 -16.554342 -0.046620 0.074918 -0.061020 0.994229
1683.899651 733.247186 -89.892439 -16.562622 -0.045402 0.077404 -0.060921 0.994100
1683.999499 733.352167 -89.903620 -16.570640 -0.046351 0.080214 -0.060286 0.993873
1684.099329 733.448378 -89.914039 -16.586194 -0.046472 0.082643 -0.059940 0.993689
1684.199157 733.543513 -89.926054 -16.603291 -0.045800 0.083108 -0.060346 0.993657
1684.299788 733.644164 -89.942256 -16.621206 -0.044046 0.081296 -0.060752 0.993861
1684.399619 733.754557 -89.959598 -16.637216 -0.044683 0.079639 -0.060996 0.993952
1684.499469 733.878477 -89.976038 -16.654085 -0.045436 0.079494 -0.061021 0.993928
1684.599303 734.004716 -89.992633 -16.677932 -0.045530 0.080250 -0.060677 0.993884
1684.699144 734.135744 -90.008992 -16.707459 -0.046103 0.080389 -0.060606 0.993851
1684.799773 734.270259 -90.028011 -16.732046 -0.046839 0.077077 -0.060643 0.994076
1684.899610 734.404231 -90.050551 -16.750749 -0.045928 0.074764 -0.061286 0.994256
1684.999457 734.543532 -90.071555 -16.771084 -0.041443 0.075726 -0.062177 0.994325
1685.099286 734.678522 -90.091087 -16.800159 -0.045455 0.077350 -0.062473 0.994006
1685.199148 734.807525 -90.106267 -16.829883 -0.048554 0.077055 -0.062267 0.993895
1685.299794 734.939541 -90.124349 -16.850949 -0.048206 0.076957 -0.062165 0.993926
1685.399648 735.072012 -90.144650 -16.868346 -0.043198 0.075098 -0.061922 0.994314
1685.499482 735.213129 -90.160624 -16.887935 -0.043199 0.075295 -0.062178 0.994283
1685.599320 735.349393 -90.176167 -16.912784 -0.043683 0.074741 -0.062530 0.994281
1685.699151 735.486863 -90.194437 -16.936040 -0.042998 0.073714 -0.062607 0.994383
1685.799781 735.625088 -90.215134 -16.958677 -0.044528 0.075188 -0.063096 0.994174
1685.899609 735.763747 -90.234975 -16.978409 -0.047792 0.076667 -0.063983 0.993853
1685.999455 735.903597 -90.253259 -16.996596 -0.045251 0.074423 -0.064065 0.994138
1686.099302 736.034394 -90.269102 -17.015826 -0.041903 0.070649 -0.063483 0.994597
1686.199128 736.163349 -90.286367 -17.035295 -0.043711 0.068729 -0.063331 0.994663
1686.299764 736.289797 -90.305804 -17.054698 -0.047292 0.068938 -0.063720 0.994460
1686.399612 736.423627 -90.327694 -17.070740 -0.049140 0.071366 -0.063791 0.994195
1686.499464 736.565553 -90.347837 -17.087166 -0.049395 0.071012 -0.063827 0.994205
1686.599306 736.705348 -90.366185 -17.099970 -0.046375 0.072531 -0.063639 0.994253
1686.699154 736.841721 -90.384857 -17.109934 -0.043621 0.070574 -0.063044 0.994556
1686.799794 736.977266 -90.406208 -17.118152 -0.042772 0.069465 -0.063175 0.994663
1686.899624 737.120776 -90.426431 -17.129250 -0.044106 0.071692 -0.064048 0.994391
1686.999462 737.263985 -90.445243 -17.137880 -0.045797 0.073482 -0.064284 0.994168
1687.099300 737.408736 -90.467198 -17.144447 -0.046754 0.075666 -0.064548 0.993943
1687.199143 737.542537 -90.489079 -17.151257 -0.045672 0.074776 -0.063671 0.994117
1687.299780 737.671495 -90.511378 -17.154788 -0.048156 0.072727 -0.063096 0.994188
1687.399602 737.804605 -90.531229 -17.156338 -0.052939 0.072891 -0.063186 0.993927
1687.499432 737.943364 -90.550978 -17.161585 -0.051501 0.073612 -0.063595 0.993924
1687.599273 738.079903 -90.568851 -17.174432 -0.049912 0.073891 -0.064482 0.993927
1687.699517 738.213669 -90.587687 -17.181316 -0.048181 0.069469 -0.064465 0.994332
1687.799362 738.358296 -90.608542 -17.181547 -0.046944 0.067205 -0.063961 0.994580
1687.899198 738.500181 -90.629227 -17.187739 -0.047906 0.068156 -0.063424 0.994503
1687.999427 738.631202 -90.647041 -17.198918 -0.047861 0.069862 -0.063342 0.994392
1688.099259 738.762366 -90.666294 -17.210681 -0.049401 0.069544 -0.063353 0.994339
1688.199488 738.896736 -90.686562 -17.216565 -0.049936 0.067833 -0.063560 0.994417
1688.299332 739.033018 -90.706001 -17.220248 -0.049312 0.065070 -0.063749 0.994621
1688.399176 739.167697 -90.721685 -17.224921 -0.049245 0.063458 -0.064071 0.994707
1688.499835 739.302372 -90.737150 -17.233781 -0.047876 0.062352 -0.064279 0.994831
1688.599680 739.431898 -90.754111 -17.244615 -0.046900 0.061957 -0.064364 0.994896
1688.699515 739.558851 -90.772109 -17.250345 -0.047930 0.062063 -0.064345 0.994842
1688.799350 739.687100 -90.790616 -17.255786 -0.049555 0.061194 -0.064274 0.994821
1688.899190 739.808878 -90.805387 -17.265564 -0.049489 0.061046 -0.064394 0.994825
1688.999830 739.937046 -90.824136 -17.273502 -0.049096 0.060715 -0.064488 0.994859
1689.099669 740.057018 -90.840556 -17.278818 -0.048408 0.060517 -0.064787 0.994885
1689.199500 740.166569 -90.854664 -17.285186 -0.047654 0.059063 -0.064571 0.995023
1689.299339 740.280671 -90.866880 -17.291802 -0.048301 0.058214 -0.064626 0.995038
1689.399185 740.396890 -90.884432 -17.296432 -0.046708 0.061223 -0.063784 0.994988
1689.499826 740.514904 -90.899059 -17.302843 -0.048491 0.063084 -0.063440 0.994809
1689.599669 740.630161 -90.915251 -17.309532 -0.048788 0.068404 -0.063872 0.994415
1689.699502 740.734958 -90.930543 -17.316640 -0.047876 0.071501 -0.064184 0.994221
1689.799340 740.843042 -90.944685 -17.328539 -0.045400 0.070694 -0.064710 0.994361
1689.899197 740.951386 -90.957425 -17.339579 -0.044296 0.070793 -0.065205 0.994371
1689.999836 741.073896 -90.975792 -17.348396 -0.044828 0.071138 -0.065100 0.994330
1690.099665 741.197783 -90.995275 -17.352538 -0.045941 0.070395 -0.065129 0.994330
1690.199501 741.312914 -91.013539 -17.353039 -0.045279 0.070150 -0.065227 0.994371
1690.299330 741.428849 -91.032086 -17.353820 -0.047082 0.068303 -0.065267 0.994414
1690.399167 741.540635 -91.048144 -17.356640 -0.047467 0.066675 -0.065511 0.994490
1690.499785 741.653855 -91.065423 -17.365326 -0.046967 0.067196 -0.065647 0.994469
1690.599616 741.758081 -91.080228 -17.376543 -0.047912 0.068969 -0.065596 0.994306
1690.699452 741.852036 -91.094253 -17.382977 -0.049542 0.068906 -0.065571 0.994232
1690.799289 741.950063 -91.107914 -17.386254 -0.048641 0.068585 -0.065555 0.994300
1690.899130 742.045571 -91.121925 -17.387826 -0.047682 0.067513 -0.065635 0.994415
1690.999776 742.154043 -91.139592 -17.394978 -0.046554 0.065310 -0.065351 0.994634
1691.099608 742.254985 -91.158625 -17.401043 -0.045852 0.066327 -0.064878 0.994630
1691.199431 742.358073 -91.174105 -17.407043 -0.047686 0.066993 -0.064704 0.994511
1691.299277 742.454599 -91.184637 -17.413532 -0.049863 0.066860 -0.064913 0.994399
1691.399111 742.556169 -91.196596 -17.417851 -0.049395 0.066413 -0.065112 0.994439
1691.499755 742.668063 -91.211708 -17.420097 -0.048173 0.065340 -0.065297 0.994558
1691.599592 742.777864 -91.227219 -17.425842 -0.047386 0.065161 -0.065280 0.994609
1691.699428 742.891914 -91.243290 -17.436314 -0.045060 0.066804 -0.065326 0.994605
1691.799267 743.004955 -91.260111 -17.443603 -0.044720 0.070210 -0.065560 0.994370
1691.899490 743.107299 -91.275904 -17.445510 -0.046361 0.072731 -0.065868 0.994094
1691.999322 743.196455 -91.289934 -17.447601 -0.048422 0.072350 -0.066569 0.993977
1692.099158 743.300165 -91.303251 -17.456644 -0.047342 0.069119 -0.066720 0.994248
1692.199802 743.421272 -91.316767 -17.467331 -0.044855 0.066023 -0.066370 0.994597
1692.299639 743.535373 -91.331675 -17.475639 -0.046503 0.065698 -0.066695 0.994522
1692.399478 743.642094 -91.349917 -17.481176 -0.047541 0.069203 -0.066499 0.994248
1692.499325 743.746091 -91.368001 -17.484012 -0.049521 0.071167 -0.066273 0.994028
1692.599161 743.847519 -91.387525 -17.488636 -0.050152 0.069234 -0.066284 0.994132
1692.699775 743.950193 -91.408330 -17.495993 -0.048891 0.069040 -0.066114 0.994219
1692.799607 744.060262 -91.423813 -17.505582 -0.047516 0.069141 -0.065878 0.994295
1692.899445 744.173525 -91.439918 -17.516723 -0.046803 0.067058 -0.065004 0.994529
1692.999291 744.285355 -91.454792 -17.531174 -0.048668 0.065446 -0.064468 0.994581
1693.099138 744.398682 -91.467614 -17.543900 -0.048632 0.067356 -0.064332 0.994464
1693.199775 744.498672 -91.481642 -17.553894 -0.049785 0.069455 -0.064307 0.994265
1693.299616 744.598834 -91.500077 -17.563149 -0.050146 0.069995 -0.064723 0.994182
1693.399454 744.707336 -91.521169 -17.573354 -0.048282 0.070716 -0.064989 0.994206
1693.499314 744.819703 -91.539623 -17.585567 -0.047959 0.071170 -0.065198 0.994175
1693.599158 744.934684 -91.556886 -17.598676 -0.049690 0.073307 -0.065645 0.993905
1693.699792 745.045316 -91.572844 -17.609984 -0.050779 0.074086 -0.065822 0.993781
1693.799628 745.151800 -91.587802 -17.620765 -0.045818 0.073208 -0.066370 0.994050
1693.899457 745.248874 -91.604623 -17.633077 -0.044794 0.072949 -0.067204 0.994060
1693.999291 745.342206 -91.618301 -17.651578 -0.045316 0.071779 -0.067453 0.994105
1694.099147 745.445953 -91.633134 -17.668255 -0.047561 0.071514 -0.067248 0.994033
1694.199785 745.557253 -91.651285 -17.678931 -0.050491 0.072383 -0.066441 0.993880
1694.299632 745.673847 -91.672979 -17.694633 -0.051393 0.075115 -0.065967 0.993662
1694.399468 745.791558 -91.695772 -17.715114 -0.051529 0.076596 -0.066148 0.993530
1694.499312 745.916830 -91.716876 -17.737148 -0.049918 0.075737 -0.066498 0.993655
1694.599131 746.040805 -91.732403 -17.753338 -0.048978 0.073351 -0.066937 0.993851
1694.699766 746.155909 -91.746764 -17.764164 -0.046869 0.071186 -0.066981 0.994107
1694.799606 746.267299 -91.764046 -17.771684 -0.047157 0.070644 -0.066662 0.994154
1694.899445 746.376429 -91.781305 -17.780266 -0.047849 0.070190 -0.066623 0.994156
1694.999277 746.489416 -91.799089 -17.793200 -0.048394 0.066725 -0.066562 0.994372
1695.099111 746.607993 -91.818138 -17.804662 -0.049182 0.064539 -0.066442 0.994485
1695.199744 746.723920 -91.835760 -17.817033 -0.048864 0.064401 -0.066108 0.994532
1695.299586 746.836985 -91.852083 -17.831706 -0.048213 0.064721 -0.065456 0.994586
1695.399424 746.950301 -91.869506 -17.839541 -0.048413 0.066036 -0.064273 0.994567
1695.499266 747.051413 -91.886399 -17.848752 -0.049873 0.065379 -0.063572 0.994584
1695.599498 747.146102 -91.901727 -17.863521 -0.052776 0.062055 -0.063609 0.994645
1695.699344 747.237952 -91.920188 -17.882749 -0.051859 0.060709 -0.064330 0.994729
1695.799182 747.335103 -91.938501 -17.899489 -0.049129 0.061443 -0.064349 0.994822
1695.899827 747.439236 -91.953386 -17.908553 -0.048652 0.062679 -0.064049 0.994787
1695.999666 747.547284 -91.969081 -17.917296 -0.048842 0.061170 -0.064134 0.994867
1696.099495 747.661078 -91.986378 -17.930816 -0.048824 0.059373 -0.063704 0.995004
1696.199341 747.773307 -92.003687 -17.944345 -0.047858 0.057769 -0.063314 0.995170
1696.299185 747.875862 -92.019576 -17.954924 -0.049978 0.057220 -0.064587 0.995016
1696.399819 747.983037 -92.031271 -17.960827 -0.051634 0.053953 -0.066365 0.994997
1696.499660 748.082559 -92.042804 -17.967634 -0.050954 0.049085 -0.067220 0.995227
1696.599498 748.176126 -92.054989 -17.972179 -0.046366 0.051523 -0.067423 0.995314
1696.699334 748.270377 -92.073299 -17.983804 -0.045121 0.058222 -0.067908 0.994969
1696.799179 748.361420 -92.088702 -17.995961 -0.046767 0.063329 -0.068214 0.994560
1696.899817 748.453974 -92.101497 -18.007277 -0.048606 0.067188 -0.067901 0.994240
1696.999664 748.550932 -92.114365 -18.012480 -0.051195 0.068535 -0.067686 0.994033
1697.099502 748.652919 -92.128160 -18.016530 -0.051150 0.069381 -0.067633 0.993980
1697.199346 748.734882 -92.142840 -18.022643 -0.047696 0.067640 -0.066231 0.994366
1697.299183 748.814178 -92.154419 -18.030674 -0.045782 0.066628 -0.064869 0.994614
1697.399813 748.892837 -92.164266 -18.042278 -0.047905 0.068635 -0.064626 0.994393
1697.499660 748.976651 -92.174890 -18.057330 -0.050393 0.073018 -0.064933 0.993938
1697.599516 749.066506 -92.190371 -18.070411 -0.049376 0.075228 -0.065311 0.993799
1697.699362 749.157202 -92.203212 -18.080503 -0.046186 0.073919 -0.065504 0.994038
1697.799202 749.252972 -92.215862 -18.090678 -0.042853 0.071592 -0.065588 0.994352
1697.899454 749.358230 -92.231683 -18.099633 -0.044414 0.069269 -0.064972 0.994489
1697.999287 749.460623 -92.248463 -18.112296 -0.045957 0.068531 -0.064017 0.994532
1698.099144 749.553572 -92.262464 -18.124767 -0.048154 0.070069 -0.063896 0.994328
1698.199782 749.639890 -92.275228 -18.139964 -0.052037 0.072346 -0.064137 0.993954
1698.299615 749.731403 -92.284960 -18.157424 -0.050289 0.074303 -0.064436 0.993880
1698.399464 749.820929 -92.295326 -18.172195 -0.044330 0.073364 -0.064796 0.994210
1698.499312 749.912274 -92.308793 -18.191351 -0.042723 0.072518 -0.065526 0.994295
1698.599143 750.013266 -92.328576 -18.209222 -0.046043 0.069808 -0.066266 0.994292
1698.699778 750.115517 -92.345653 -18.225379 -0.046379 0.070258 -0.066565 0.994224
1698.799605 750.219241 -92.358258 -18.237886 -0.046548 0.072540 -0.066292 0.994071
1698.899437 750.314696 -92.366961 -18.246710 -0.048913 0.074869 -0.066028 0.993802
1698.999275 750.420084 -92.379495 -18.254642 -0.048744 0.075593 -0.065989 0.993758
1699.099519 750.534448 -92.397181 -18.261457 -0.049686 0.072695 -0.066119 0.993919
1699.199360 750.645220 -92.415828 -18.269984 -0.051604 0.070096 -0.066449 0.993986
1699.299212 750.754846 -92.431869 -18.279100 -0.050043 0.071792 -0.066268 0.993957
1699.399465 750.867228 -92.444244 -18.290216 -0.044178 0.075987 -0.066376 0.993916
1699.499285 750.970177 -92.455283 -18.294220 -0.042736 0.079377 -0.066649 0.993696
1699.599138 751.080057 -92.469611 -18.294096 -0.043666 0.078470 -0.066572 0.993732
1699.699769 751.187019 -92.486236 -18.294779 -0.046818 0.076317 -0.066268 0.993777
1699.799608 751.298053 -92.502241 -18.297455 -0.049317 0.075496 -0.066402 0.993710
1699.899433 751.412948 -92.519167 -18.305616 -0.049552 0.075701 -0.066790 0.993656
1699.999255 751.528939 -92.535567 -18.316130 -0.047397 0.077030 -0.066620 0.993671
1700.099495 751.646679 -92.550659 -18.330858 -0.047127 0.080559 -0.066208 0.993431
1700.199335 751.771452 -92.570110 -18.339942 -0.047684 0.081453 -0.065803 0.993359
1700.299175 751.894746 -92.589760 -18.342414 -0.046934 0.077642 -0.065944 0.993690
1700.399815 752.022428 -92.608757 -18.344676 -0.044951 0.075137 -0.065548 0.994001
1700.499647 752.151385 -92.626559 -18.348008 -0.045303 0.076757 -0.065463 0.993866
1700.599486 752.282806 -92.641903 -18.358099 -0.046050 0.077088 -0.065707 0.993790
1700.699334 752.410719 -92.658784 -18.369290 -0.045185 0.075109 -0.065290 0.994009
1700.799165 752.537650 -92.676515 -18.378901 -0.044890 0.073184 -0.064795 0.994199
1700.899804 752.663631 -92.696474 -18.382958 -0.044447 0.071426 -0.064178 0.994386
1700.999653 752.791456 -92.717204 -18.387116 -0.046459 0.069413 -0.064083 0.994443
1701.099493 752.921014 -92.737009 -18.393300 -0.046419 0.070631 -0.063233 0.994413
1701.199325 753.052956 -92.756598 -18.402092 -0.049334 0.071072 -0.062665 0.994278
1701.299177 753.175932 -92.773150 -18.411726 -0.052424 0.071484 -0.062398 0.994107
1701.399817 753.311992 -92.793031 -18.419857 -0.052035 0.073649 -0.062414 0.993968
1701.499647 753.456334 -92.811582 -18.430338 -0.050436 0.075287 -0.062914 0.993896
1701.599506 753.587127 -92.829587 -18.437707 -0.049637 0.076292 -0.063807 0.993803
1701.699347 753.723516 -92.848229 -18.444834 -0.046358 0.073804 -0.064693 0.994092
1701.799194 753.858567 -92.864317 -18.450148 -0.043655 0.073091 -0.064897 0.994254
1701.899823 754.000696 -92.880410 -18.454045 -0.044954 0.073251 -0.065029 0.994175
1701.999680 754.146206 -92.898110 -18.459456 -0.046537 0.071764 -0.065149 0.994203
1702.099510 754.284848 -92.915811 -18.467103 -0.048798 0.071085 -0.065596 0.994114
1702.199340 754.418964 -92.933276 -18.476981 -0.047388 0.068344 -0.065372 0.994389
1702.299184 754.548944 -92.951623 -18.490797 -0.044291 0.069559 -0.065037 0.994470
1702.399815 754.678815 -92.968621 -18.497868 -0.044689 0.074579 -0.065152 0.994081
1702.499673 754.817467 -92.981273 -18.500091 -0.045535 0.076052 -0.065106 0.993933
1702.599513 754.952037 -92.995975 -18.500910 -0.045321 0.074895 -0.064558 0.994067
1702.699363 755.083477 -93.012505 -18.503012 -0.042773 0.073628 -0.064179 0.994299
1702.799205 755.223440 -93.032156 -18.502452 -0.040750 0.072239 -0.063497 0.994530
1702.899445 755.364611 -93.050825 -18.498246 -0.044702 0.073056 -0.063792 0.994281
1702.999277 755.499576 -93.069064 -18.496433 -0.048138 0.072720 -0.064039 0.994130
1703.099122 755.633874 -93.085181 -18.491576 -0.047667 0.072355 -0.063590 0.994208
1703.199767 755.771932 -93.101264 -18.482727 -0.047666 0.073847 -0.063406 0.994110
1703.299609 755.911158 -93.118844 -18.471285 -0.047405 0.074882 -0.063894 0.994014
1703.399441 756.041137 -93.137221 -18.457870 -0.046075 0.073728 -0.063988 0.994156
1703.499292 756.174449 -93.156733 -18.437661 -0.045437 0.072458 -0.063769 0.994293
1703.599129 756.318035 -93.171923 -18.410115 -0.047511 0.070605 -0.063293 0.994360
