1076.599619 0.055120 0.022260 -0.029700 0.000000 0.000000 0.000000 1.000000
1076.699451 -0.174590 0.053681 -0.033480 -0.000422 -0.000170 -0.000206 1.000000
1076.799291 -0.300057 0.065799 -0.033242 -0.000616 0.000262 -0.000012 1.000000
1076.899122 -0.277049 0.065992 -0.030877 -0.001050 0.000778 -0.000249 0.999999
1076.999753 -0.236735 0.058923 -0.033657 -0.000867 0.000493 -0.000037 1.000000
1077.099596 -0.261396 0.056146 -0.035817 -0.001528 0.000441 0.000012 0.999999
1077.199424 -0.284176 0.065247 -0.036230 -0.001163 0.000200 -0.000142 0.999999
1077.299277 -0.280376 0.070051 -0.033994 -0.000167 0.000355 -0.000059 1.000000
1077.399124 -0.259584 0.064068 -0.027047 -0.000148 0.000800 0.000107 1.000000
1077.499766 -0.259829 0.063917 -0.030570 -0.000296 0.000623 0.000120 1.000000
1077.599611 -0.250970 0.065819 -0.027375 -0.000527 0.000218 0.000100 1.000000
1077.699462 -0.248048 0.070208 -0.024039 -0.000673 -0.000313 -0.000057 1.000000
1077.799299 -0.269515 0.078132 -0.030144 -0.000213 -0.000964 -0.000163 0.999999
1077.899137 -0.302583 0.079467 -0.035375 0.000113 -0.000669 -0.000003 1.000000
1077.999775 -0.297813 0.071557 -0.026976 0.000401 -0.000329 0.000234 1.000000
1078.099610 -0.308620 0.074830 -0.027953 0.000592 -0.000250 0.000053 1.000000
1078.199456 -0.286453 0.078838 -0.031507 0.001107 -0.000699 -0.000075 0.999999
1078.299313 -0.256740 0.077963 -0.026635 0.000849 -0.000717 -0.000096 0.999999
1078.399140 -0.250227 0.078858 -0.025673 -0.000171 -0.000540 -0.000124 1.000000
1078.499767 -0.270425 0.077041 -0.027385 -0.001244 -0.000293 -0.000105 0.999999
1078.599608 -0.303059 0.071299 -0.023467 -0.001530 -0.000540 -0.000038 0.999999
1078.699441 -0.318255 0.077913 -0.024167 -0.000648 -0.000062 -0.000142 1.000000
1078.799270 -0.296376 0.084343 -0.028486 0.000686 0.000783 -0.000002 0.999999
1078.899508 -0.270910 0.088717 -0.026178 0.001104 0.001522 -0.000198 0.999998
1078.999336 -0.249922 0.079804 -0.026463 0.000665 0.000842 -0.000140 0.999999
1079.099187 -0.265805 0.074455 -0.029191 0.000033 0.000493 -0.000172 1.000000
1079.199843 -0.298896 0.083384 -0.025351 -0.000414 0.000386 -0.000266 1.000000
1079.299680 -0.317010 0.088116 -0.025766 -0.000396 0.000160 -0.000100 1.000000
1079.399525 -0.339790 0.089776 -0.032509 -0.001271 -0.000074 -0.000298 0.999999
1079.499364 -0.333567 0.085113 -0.029975 -0.001572 0.000674 -0.000212 0.999999
1079.599203 -0.311065 0.080510 -0.026555 -0.001341 0.001257 -0.000232 0.999998
1079.699437 -0.306451 0.084577 -0.030622 -0.000875 0.000702 -0.000282 0.999999
1079.799279 -0.314498 0.086961 -0.029982 0.000397 -0.000604 -0.000213 1.000000
1079.899116 -0.290565 0.083975 -0.025352 0.000834 -0.001331 -0.000216 0.999999
1079.999750 -0.290940 0.086080 -0.025709 0.000838 -0.001087 -0.000309 0.999999
1080.099590 -0.286120 0.083537 -0.030340 0.000600 -0.000669 -0.000299 1.000000
1080.199443 -0.301065 0.087073 -0.020102 0.000149 0.000139 -0.000400 1.000000
1080.299282 -0.310099 0.092867 -0.024372 0.000394 -0.000474 -0.000402 1.000000
1080.399131 -0.309511 0.092050 -0.028541 0.000355 -0.000400 -0.000220 1.000000
1080.499778 -0.310808 0.082780 -0.028956 0.001200 -0.000412 -0.000075 0.999999
1080.599624 -0.315615 0.084799 -0.025072 0.001933 -0.000551 -0.000198 0.999998
1080.699461 -0.332037 0.091023 -0.021134 0.001357 -0.000442 -0.000255 0.999999
1080.799310 -0.317053 0.088360 -0.016583 0.000536 -0.000039 -0.000277 1.000000
1080.899138 -0.303837 0.087105 -0.017867 -0.000451 -0.000398 -0.000107 1.000000
1080.999784 -0.287672 0.082145 -0.018885 -0.000443 0.000052 0.000308 1.000000
1081.099604 -0.271373 0.079827 -0.029694 -0.000073 -0.000151 0.000334 1.000000
1081.199447 -0.285359 0.084111 -0.022369 0.000862 0.000646 0.000353 0.999999
1081.299295 -0.326337 0.095542 -0.023630 0.001204 0.005799 0.000125 0.999982
1081.399141 -0.353088 0.091237 -0.018100 0.001413 0.014534 0.000251 0.999893
1081.499784 -0.339970 0.086557 -0.015035 0.000773 0.021262 0.000168 0.999774
1081.599610 -0.304032 0.082383 -0.014650 0.000331 0.026359 0.000131 0.999652
1081.699455 -0.241184 0.078309 -0.020788 0.000659 0.030186 0.000112 0.999544
1081.799290 -0.213776 0.080648 -0.016701 0.000510 0.033048 0.000058 0.999454
1081.899123 -0.229664 0.080696 -0.018058 0.000569 0.033546 0.000124 0.999437
1081.999767 -0.241130 0.082878 -0.019919 0.000281 0.032157 0.000188 0.999483
1082.099605 -0.229497 0.086510 -0.015326 -0.000374 0.028338 -0.000016 0.999598
1082.199451 -0.166218 0.086951 -0.017411 0.000095 0.024085 -0.000175 0.999710
1082.299279 -0.078726 0.081640 -0.011197 -0.000587 0.022268 -0.000208 0.999752
1082.399119 -0.011943 0.072391 -0.017342 -0.000083 0.019501 -0.000079 0.999810
1082.499759 0.009089 0.071835 -0.011005 0.000401 0.019903 -0.000156 0.999802
1082.599597 0.042913 0.078996 -0.009428 0.000524 0.021188 -0.000455 0.999775
1082.699442 0.091861 0.078096 -0.019293 0.001112 0.020916 -0.000468 0.999781
1082.799288 0.146501 0.078401 -0.021278 0.000434 0.018289 -0.000594 0.999832
1082.899134 0.208311 0.077283 -0.012407 0.000398 0.014053 -0.000568 0.999901
1082.999780 0.300709 0.075815 -0.002844 -0.000115 0.010488 -0.000675 0.999945
1083.099619 0.367184 0.074004 0.000056 0.000109 0.011158 -0.000499 0.999938
1083.199447 0.409613 0.072562 -0.004615 0.000624 0.014711 -0.000218 0.999892
1083.299294 0.490249 0.066022 -0.005723 0.000261 0.019676 0.000102 0.999806
1083.399128 0.547475 0.073295 -0.007665 0.000808 0.027216 -0.000053 0.999629
1083.499759 0.617121 0.075818 -0.010516 0.001265 0.033741 0.000123 0.999430
1083.599588 0.700493 0.072977 -0.011027 0.001492 0.035619 0.000169 0.999364
1083.699421 0.799075 0.068561 -0.008411 0.001367 0.032926 -0.000091 0.999457
1083.799259 0.880971 0.067711 -0.003295 0.000605 0.027432 -0.000232 0.999623
1083.899504 0.939020 0.071772 0.001047 0.001648 0.025828 -0.000454 0.999665
1083.999342 1.045454 0.072194 -0.000771 0.002121 0.027002 -0.000413 0.999633
1084.099180 1.140939 0.068878 0.000201 0.002568 0.028819 -0.000481 0.999581
1084.199813 1.248611 0.063706 0.011449 0.002453 0.028730 -0.000702 0.999584
1084.299649 1.340185 0.067513 0.015080 0.002120 0.024563 -0.001022 0.999696
1084.399491 1.440975 0.071982 0.011107 0.001637 0.018415 -0.001258 0.999828
1084.499344 1.536407 0.069767 0.002949 0.001899 0.013093 -0.001260 0.999912
1084.599183 1.661243 0.062592 0.001910 0.002788 0.012454 -0.001228 0.999918
1084.699829 1.798399 0.054148 0.015521 0.002766 0.014554 -0.001324 0.999889
1084.799677 1.913906 0.057560 0.017786 0.001765 0.016846 -0.001342 0.999856
1084.899529 2.018384 0.059850 0.019222 0.001254 0.019423 -0.001374 0.999810
1084.999362 2.103545 0.061802 0.021183 0.000986 0.021003 -0.001451 0.999778
1085.099207 2.178396 0.057592 0.023949 0.001588 0.020695 -0.001005 0.999784
1085.199431 2.282458 0.050412 0.026313 0.002013 0.019930 -0.000614 0.999799
1085.299261 2.403746 0.047351 0.025381 0.001909 0.020732 -0.000721 0.999783
1085.399486 2.575608 0.042864 0.030874 0.001893 0.023216 -0.000846 0.999728
1085.499320 2.722431 0.037278 0.038494 0.001785 0.023976 -0.001175 0.999710
1085.599162 2.837757 0.033352 0.038715 0.000646 0.022961 -0.001306 0.999735
1085.699796 2.933576 0.027145 0.039398 0.000176 0.018770 -0.001116 0.999823
1085.799631 3.008441 0.024356 0.048796 0.000329 0.014119 -0.001108 0.999900
1085.899473 3.100968 0.023221 0.051635 0.000391 0.014225 -0.001188 0.999898
1085.999324 3.241553 0.023115 0.049633 -0.000421 0.015443 -0.001244 0.999880
1086.099155 3.370330 0.015391 0.038659 -0.000549 0.018422 -0.001279 0.999829
1086.099155 3.361665 0.018092 0.044984 -0.000629 0.018629 -0.001313 0.999825
1086.199794 3.495643 0.015354 0.051627 -0.000531 0.022800 -0.001546 0.999739
1086.299633 3.625869 0.004820 0.051212 -0.000111 0.024820 -0.001124 0.999691
1086.399470 3.760873 -0.006825 0.045968 0.000335 0.024813 -0.000642 0.999692
1086.499302 3.879015 -0.010902 0.044358 -0.000339 0.022698 -0.000431 0.999742
1086.599130 3.994750 -0.013156 0.051946 -0.001536 0.020323 -0.000137 0.999792
1086.699784 4.114624 -0.017018 0.067481 -0.002234 0.017550 0.000180 0.999843
1086.799619 4.234669 -0.021593 0.086177 -0.003213 0.013966 0.000448 0.999897
1086.899458 4.349041 -0.024677 0.103182 -0.004522 0.010454 0.000602 0.999935
1086.999289 4.476747 -0.028160 0.117284 -0.004255 0.003902 0.000566 0.999983
1087.099143 4.613167 -0.035240 0.111959 -0.005415 -0.027729 0.000362 0.999601
1087.199782 4.738708 -0.038266 0.118456 -0.003352 -0.023648 0.000291 0.999715
1087.299617 4.856377 -0.043594 0.137657 -0.002513 -0.002706 0.000320 0.999993
1087.399460 4.958126 -0.046544 0.165614 -0.002226 0.008807 0.000575 0.999959
1087.499295 5.048584 -0.046266 0.182867 -0.002372 0.014123 0.000802 0.999897
1087.599135 5.145856 -0.047969 0.197557 -0.002604 0.013197 0.001109 0.999909
1087.699770 5.254151 -0.051293 0.209762 -0.002564 0.012252 0.001540 0.999920
1087.799602 5.357578 -0.053107 0.219170 -0.002604 0.011427 0.001860 0.999930
1087.899444 5.452772 -0.052217 0.225065 -0.003182 0.011395 0.001868 0.999928
1087.999279 5.552875 -0.050687 0.235784 -0.003473 0.011825 0.001458 0.999923
1088.099115 5.656840 -0.050646 0.243639 -0.002541 0.012014 0.001715 0.999923
1088.199753 5.768022 -0.052088 0.247919 -0.001070 0.010119 0.001545 0.999947
1088.299594 5.873455 -0.049336 0.255219 -0.000231 0.007401 0.000778 0.999972
1088.399430 5.961304 -0.048361 0.256860 0.001323 0.005211 0.000112 0.999986
1088.499266 6.052998 -0.051457 0.259636 0.002442 0.004088 -0.000392 0.999989
1088.599508 6.144182 -0.052379 0.263799 0.003770 0.005853 -0.001585 0.999975
1088.699333 6.242856 -0.054331 0.262803 0.003138 0.008096 -0.002738 0.999959
1088.799186 6.346608 -0.056577 0.260922 0.002883 0.009077 -0.004211 0.999946
1088.899821 6.448128 -0.059459 0.259355 0.002003 0.008927 -0.005750 0.999942
1088.999653 6.540059 -0.063723 0.258410 0.001751 0.008300 -0.006582 0.999942
1089.099501 6.624804 -0.066757 0.258211 0.002437 0.009198 -0.007946 0.999923
1089.199337 6.710086 -0.071088 0.257820 0.004247 0.010385 -0.008835 0.999898
1089.299182 6.795836 -0.073152 0.259780 0.004954 0.011600 -0.009186 0.999878
1089.399830 6.891134 -0.076994 0.267554 0.003742 0.012191 -0.009075 0.999878
1089.499670 6.990488 -0.086996 0.278912 0.000876 0.012930 -0.008828 0.999877
1089.599514 7.085730 -0.098264 0.284541 -0.001675 0.013162 -0.009214 0.999870
1089.699358 7.174792 -0.105524 0.293028 -0.002281 0.013174 -0.009377 0.999867
1089.799199 7.248612 -0.108731 0.293102 -0.002185 0.012756 -0.009667 0.999870
1089.899441 7.314610 -0.114443 0.293688 0.000454 0.016000 -0.009549 0.999826
1089.999289 7.394705 -0.123439 0.295837 0.002651 0.019585 -0.009440 0.999760
1090.099133 7.484759 -0.134538 0.298592 0.005310 0.021464 -0.009143 0.999714
1090.199779 7.577380 -0.146191 0.299754 0.007802 0.019720 -0.008689 0.999737
1090.299623 7.670658 -0.161354 0.303461 0.012176 0.017568 -0.008551 0.999735
1090.399457 7.764363 -0.176359 0.305040 0.015442 0.017526 -0.008499 0.999691
1090.499304 7.855300 -0.193649 0.306442 0.017571 0.017995 -0.008280 0.999649
1090.599151 7.949766 -0.213940 0.305235 0.017428 0.017033 -0.007858 0.999672
1090.699782 8.036372 -0.235843 0.302431 0.012058 0.014919 -0.007618 0.999787
1090.799603 8.115175 -0.260628 0.297994 0.004627 0.013813 -0.007360 0.999867
1090.899432 8.200157 -0.287795 0.296418 -0.000171 0.013154 -0.006836 0.999890
1090.999268 8.304937 -0.316496 0.297553 -0.002740 0.013303 -0.006562 0.999886
1091.099505 8.419761 -0.345604 0.300864 -0.003443 0.014956 -0.006390 0.999862
1091.199356 8.526407 -0.369756 0.302401 -0.003690 0.017365 -0.006339 0.999822
1091.299197 8.626903 -0.391246 0.303440 -0.003682 0.017745 -0.005766 0.999819
1091.399840 8.720938 -0.417012 0.306931 -0.002756 0.014729 -0.005900 0.999870
1091.499684 8.813161 -0.442293 0.309081 0.000330 0.009328 -0.009093 0.999915
1091.599519 8.897862 -0.471972 0.307506 0.005887 0.006303 -0.015065 0.999849
1091.699356 8.975549 -0.496988 0.311049 0.007096 0.007965 -0.023847 0.999659
1091.799199 9.061407 -0.518297 0.313843 0.007133 0.011409 -0.032962 0.999366
1091.899422 9.158718 -0.542007 0.312523 0.005192 0.014412 -0.039932 0.999085
1091.999261 9.249105 -0.568815 0.313941 -0.000281 0.017014 -0.041129 0.999009
1092.099503 9.336467 -0.593622 0.314381 -0.000397 0.017731 -0.040218 0.999034
1092.199340 9.418635 -0.618070 0.316580 -0.000564 0.017407 -0.038916 0.999091
1092.299186 9.500748 -0.642281 0.318278 -0.001053 0.018154 -0.038089 0.999109
1092.399829 9.589986 -0.665499 0.317894 -0.000378 0.021452 -0.037654 0.999060
1092.499664 9.687634 -0.685536 0.314082 0.001022 0.023808 -0.037707 0.999005
1092.599503 9.793192 -0.705143 0.312197 0.001505 0.022709 -0.037983 0.999019
1092.699343 9.896242 -0.726213 0.315104 0.002073 0.019037 -0.038373 0.999080
1092.799170 9.990959 -0.745836 0.323674 0.003707 0.015776 -0.038867 0.999113
1092.899810 10.093330 -0.766913 0.327569 0.003588 0.016858 -0.039271 0.999080
1092.999651 10.190240 -0.786043 0.325664 0.003831 0.018224 -0.039596 0.999042
1093.099491 10.284543 -0.804336 0.323896 0.003386 0.018665 -0.039953 0.999021
1093.199323 10.381096 -0.820996 0.324807 0.003470 0.017129 -0.040399 0.999031
1093.299162 10.486490 -0.837941 0.326995 0.003835 0.015543 -0.040612 0.999047
1093.399803 10.589311 -0.855087 0.332002 0.004466 0.013826 -0.040735 0.999064
1093.499654 10.681297 -0.871596 0.334680 0.004445 0.014219 -0.041043 0.999046
1093.599494 10.769840 -0.888241 0.336628 0.004880 0.014834 -0.040978 0.999038
1093.699332 10.854858 -0.902530 0.336791 0.005139 0.016834 -0.041166 0.998997
1093.799164 10.949910 -0.916213 0.337856 0.005290 0.017857 -0.041179 0.998978
1093.899816 11.054346 -0.931056 0.338730 0.005730 0.018712 -0.041532 0.998946
1093.999652 11.161854 -0.948029 0.340899 0.005378 0.018103 -0.041770 0.998949
1094.099495 11.277034 -0.964969 0.342474 0.005702 0.016723 -0.041976 0.998962
1094.199344 11.399207 -0.983617 0.343187 0.006072 0.015142 -0.042432 0.998966
1094.299202 11.516962 -1.002599 0.343840 0.006209 0.014627 -0.042557 0.998968
1094.399434 11.622941 -1.018092 0.345327 0.005814 0.014646 -0.043071 0.998948
1094.499278 11.727946 -1.030535 0.349252 0.006595 0.014113 -0.043527 0.998931
1094.599124 11.822181 -1.043602 0.354398 0.007356 0.012525 -0.043592 0.998944
1094.699770 11.916394 -1.058542 0.356955 0.008398 0.009931 -0.043363 0.998975
1094.799611 12.007211 -1.076530 0.359001 0.008444 0.009690 -0.043107 0.998988
1094.899449 12.093474 -1.096146 0.361301 0.007136 0.011474 -0.042793 0.998993
1094.999288 12.182869 -1.115173 0.363286 0.006252 0.014193 -0.042866 0.998960
1095.099141 12.276377 -1.130075 0.368576 0.005604 0.016148 -0.042547 0.998948
1095.199780 12.381677 -1.147145 0.375346 0.004345 0.015682 -0.042512 0.998963
1095.299609 12.478418 -1.161148 0.376648 0.004078 0.012181 -0.042757 0.999003
1095.399438 12.574426 -1.175482 0.374240 0.004456 0.009732 -0.043054 0.999015
1095.499281 12.671262 -1.191014 0.370741 0.004433 0.009555 -0.043100 0.999015
1095.599113 12.774373 -1.210108 0.372688 0.004099 0.011962 -0.043010 0.998995
1095.699747 12.880255 -1.229146 0.374773 0.003794 0.012488 -0.042724 0.999002
1095.799594 12.983535 -1.242213 0.374920 0.003486 0.012497 -0.042937 0.998994
1095.899430 13.082557 -1.250813 0.378091 0.003070 0.010093 -0.043378 0.999003
1095.999263 13.179070 -1.267017 0.381486 0.002915 0.010883 -0.043164 0.999004
1096.099508 13.269536 -1.285428 0.386192 0.002797 0.011490 -0.042777 0.999015
1096.199343 13.345443 -1.302810 0.387464 0.002881 0.012255 -0.042394 0.999022
1096.299184 13.416661 -1.318150 0.387042 0.002369 0.013003 -0.042247 0.999020
1096.399829 13.505046 -1.328954 0.388491 0.001724 0.014947 -0.042179 0.998997
1096.499670 13.603077 -1.340676 0.392137 0.002306 0.014389 -0.042262 0.999000
1096.599522 13.701617 -1.353005 0.395703 0.001248 0.012288 -0.042596 0.999016
1096.699357 13.791617 -1.363986 0.394676 0.001156 0.011246 -0.042843 0.999018
1096.799204 13.869388 -1.374120 0.394097 0.001796 0.011820 -0.042821 0.999011
1096.899443 13.963184 -1.387531 0.398106 0.002747 0.012904 -0.042677 0.999002
1096.999285 14.062972 -1.402109 0.405328 0.003273 0.012485 -0.042443 0.999016
1097.099132 14.153178 -1.412958 0.409513 0.003788 0.011049 -0.042651 0.999022
1097.199782 14.246621 -1.425637 0.406915 0.002330 0.009094 -0.042721 0.999043
1097.299618 14.320978 -1.432340 0.402118 0.002016 0.009011 -0.042723 0.999044
1097.399470 14.392279 -1.437479 0.401955 0.002139 0.011444 -0.042686 0.999021
1097.499309 14.471389 -1.449084 0.401972 0.002372 0.015338 -0.042378 0.998981
1097.599159 14.558876 -1.462279 0.411007 0.003469 0.018488 -0.042228 0.998931
1097.699791 14.659807 -1.474293 0.426877 0.003627 0.018869 -0.042291 0.998921
1097.799638 14.761962 -1.483870 0.441797 0.004036 0.016626 -0.042401 0.998954
1097.899473 14.856471 -1.492046 0.452685 0.003523 0.014576 -0.042678 0.998976
1097.999296 14.942849 -1.501134 0.468540 0.003636 0.015966 -0.042589 0.998958
1098.099139 15.028398 -1.511261 0.487920 0.003220 0.016664 -0.042606 0.998948
1098.199782 15.103080 -1.522972 0.511275 0.003199 0.016554 -0.042545 0.998952
1098.299630 15.175474 -1.533397 0.532365 0.003777 0.015988 -0.042284 0.998971
1098.399477 15.255273 -1.540487 0.552548 0.003722 0.015215 -0.042491 0.998974
1098.499299 15.345133 -1.548767 0.566404 0.003031 0.012010 -0.042452 0.999022
1098.599143 15.445736 -1.560387 0.580180 0.003764 0.010881 -0.042303 0.999038
1098.699778 15.551505 -1.574335 0.588982 0.003144 0.011583 -0.042335 0.999031
1098.799612 15.657546 -1.586780 0.594386 0.003055 0.012996 -0.042346 0.999014
1098.899448 15.744165 -1.597791 0.594773 0.003547 0.014551 -0.042152 0.998999
1098.999289 15.816980 -1.605982 0.599987 0.003506 0.015768 -0.041982 0.998988
1099.099126 15.894556 -1.613873 0.603514 0.003549 0.016184 -0.041950 0.998982
1099.199764 15.972470 -1.623312 0.604901 0.003258 0.016999 -0.041936 0.998970
1099.299615 16.052194 -1.632961 0.603644 0.002727 0.018161 -0.041853 0.998955
1099.399454 16.139214 -1.641458 0.602505 0.002624 0.021918 -0.041812 0.998882
1099.499291 16.228579 -1.650707 0.603599 0.002291 0.024000 -0.041683 0.998840
1099.599137 16.317272 -1.660993 0.602809 0.002826 0.022408 -0.041678 0.998876
1099.699769 16.417585 -1.673742 0.603104 0.002659 0.016865 -0.041737 0.998983
1099.799590 16.513205 -1.685202 0.600664 0.002420 0.015802 -0.041637 0.999005
1099.899429 16.607221 -1.694426 0.597318 0.002333 0.019558 -0.041390 0.998949
1099.999271 16.696021 -1.702449 0.600219 0.003106 0.026772 -0.041109 0.998791
1100.099508 16.784969 -1.713700 0.608140 0.002505 0.029857 -0.040887 0.998714
1100.199355 16.886490 -1.724950 0.616910 0.002722 0.027711 -0.041061 0.998769
1100.299197 17.001476 -1.737244 0.618320 0.003122 0.020565 -0.041062 0.998940
1100.399830 17.108115 -1.748066 0.614279 0.002390 0.015404 -0.041290 0.999026
1100.499669 17.201493 -1.757685 0.609093 0.002551 0.015990 -0.041568 0.999004
1100.599526 17.295310 -1.767971 0.609466 0.002350 0.018942 -0.041607 0.998952
1100.699366 17.397254 -1.776203 0.616357 0.002143 0.021214 -0.041764 0.998900
1100.799204 17.504786 -1.785003 0.628733 0.002571 0.021506 -0.041989 0.998883
1100.899454 17.608161 -1.794506 0.639984 0.003113 0.020750 -0.041883 0.998902
1100.999298 17.717263 -1.804034 0.644986 0.003588 0.018656 -0.041671 0.998951
1101.099136 17.829973 -1.816731 0.651662 0.001292 0.017958 -0.041915 0.998959
1101.199796 17.936857 -1.830453 0.653782 0.001058 0.017559 -0.041879 0.998968
1101.299634 18.033955 -1.839099 0.649667 0.001774 0.018729 -0.042124 0.998935
1101.399459 18.127147 -1.846883 0.651771 0.003087 0.019248 -0.042414 0.998910
1101.499300 18.216931 -1.857531 0.660023 0.003375 0.018012 -0.042816 0.998915
1101.599144 18.315381 -1.871864 0.666762 0.004612 0.016146 -0.043212 0.998925
1101.699789 18.415268 -1.882430 0.667057 0.004797 0.014968 -0.043700 0.998921
1101.799637 18.512068 -1.893427 0.671732 0.004419 0.015910 -0.043985 0.998896
1101.899473 18.620259 -1.905368 0.678886 0.004222 0.017517 -0.044164 0.998862
1101.999312 18.731288 -1.917943 0.689559 0.003634 0.017102 -0.044444 0.998859
1102.099141 18.846721 -1.933751 0.694086 0.002721 0.014742 -0.044605 0.998892
1102.199789 18.960976 -1.948852 0.707154 0.000408 0.000354 -0.044861 0.998993
1102.299637 19.055695 -1.962291 0.712908 -0.003233 -0.040086 -0.045239 0.998166
1102.399474 19.119194 -1.968657 0.727797 -0.002932 -0.043928 -0.045428 0.997997
1102.499318 19.176766 -1.976572 0.735830 -0.001483 -0.026877 -0.045200 0.998615
1102.599162 19.227386 -1.984193 0.741419 -0.000636 -0.008862 -0.044625 0.998964
1102.699783 19.284236 -1.993332 0.743113 0.000630 0.007453 -0.044267 0.998992
1102.799618 19.344099 -2.003239 0.738954 -0.000297 0.010505 -0.044168 0.998969
1102.899459 19.420327 -2.013503 0.738318 -0.000111 0.013335 -0.044298 0.998929
1102.999318 19.502673 -2.021020 0.739254 -0.000332 0.013915 -0.044066 0.998932
1103.099175 19.586552 -2.025659 0.733718 0.000026 0.015949 -0.043584 0.998922
1103.199821 19.674750 -2.035210 0.736752 -0.000282 0.019135 -0.042545 0.998911
1103.299669 19.762947 -2.044769 0.747254 -0.000840 0.023626 -0.041453 0.998861
1103.399512 19.838029 -2.055175 0.759280 -0.000980 0.026290 -0.040798 0.998821
1103.499359 19.910659 -2.064325 0.769843 -0.000117 0.028514 -0.040467 0.998774
1103.599187 19.979681 -2.070990 0.776117 0.001209 0.029195 -0.040127 0.998767
1103.699827 20.052476 -2.075813 0.784357 0.001993 0.031347 -0.040187 0.998698
1103.799682 20.125850 -2.083140 0.785106 0.002222 0.030800 -0.039851 0.998728
1103.899538 20.201313 -2.091139 0.783546 0.002107 0.034926 -0.039633 0.998601
1103.999390 20.281338 -2.099553 0.786596 0.002227 0.039611 -0.039260 0.998441
1104.099226 20.370486 -2.111283 0.797253 0.001360 0.040647 -0.038845 0.998417
1104.199456 20.472508 -2.119208 0.799799 0.001910 0.036549 -0.038498 0.998588
1104.299295 20.582539 -2.125869 0.805989 0.001561 0.031513 -0.038318 0.998767
1104.399131 20.703530 -2.140790 0.808011 0.001346 0.027239 -0.037865 0.998911
1104.499765 20.824166 -2.153694 0.810985 0.000550 0.024816 -0.038138 0.998964
1104.599606 20.934915 -2.164002 0.815697 0.000729 0.024003 -0.038454 0.998972
1104.699454 21.040560 -2.173868 0.818834 0.001246 0.021687 -0.038565 0.999020
1104.799288 21.140611 -2.185196 0.826275 0.001130 0.019017 -0.038580 0.999074
1104.899117 21.240523 -2.196210 0.831987 0.001142 0.016155 -0.038704 0.999119
1104.999748 21.342390 -2.207009 0.838723 0.000917 0.013270 -0.038870 0.999156
1105.099574 21.444802 -2.216696 0.846084 0.000140 0.013146 -0.038626 0.999167
1105.199408 21.550929 -2.227853 0.856814 -0.000998 0.013249 -0.038334 0.999177
1105.299251 21.653025 -2.242582 0.868844 -0.001193 0.013598 -0.037890 0.999189
1105.399499 21.758340 -2.261188 0.885442 -0.001189 0.013524 -0.037421 0.999207
1105.499333 21.853866 -2.275654 0.905908 -0.000178 0.011996 -0.037084 0.999240
1105.599183 21.958224 -2.286574 0.929637 0.001461 0.010024 -0.036711 0.999275
1105.699828 22.072146 -2.295010 0.949333 0.000409 0.006988 -0.036663 0.999303
1105.799673 22.180548 -2.308304 0.965238 -0.000686 0.006300 -0.036858 0.999300
1105.899511 22.287003 -2.322081 0.975635 -0.001837 0.007946 -0.036930 0.999285
1105.999346 22.388603 -2.334157 0.986261 -0.001818 0.011101 -0.036972 0.999253
1106.099190 22.486347 -2.346151 0.995708 -0.001321 0.013153 -0.036990 0.999228
1106.199810 22.594982 -2.359900 1.002387 -0.001640 0.012723 -0.037272 0.999223
1106.299649 22.702849 -2.376097 1.001383 -0.001857 0.011548 -0.037371 0.999233
1106.399484 22.811473 -2.393140 0.999084 -0.002962 0.009908 -0.037495 0.999243
1106.499328 22.924147 -2.410229 0.996490 -0.002363 0.009871 -0.037446 0.999247
1106.599165 23.031398 -2.424473 0.994123 -0.002510 0.012672 -0.037487 0.999214
1106.699816 23.142103 -2.441188 0.991557 -0.001061 0.016502 -0.037404 0.999163
1106.799650 23.237467 -2.454576 0.990794 -0.000418 0.018330 -0.037661 0.999122
1106.899485 23.316874 -2.460324 0.994803 -0.001826 0.018154 -0.038094 0.999108
1106.999320 23.403768 -2.466337 0.998704 -0.001953 0.017046 -0.038392 0.999115
1107.099152 23.507685 -2.476886 0.999534 -0.001782 0.015518 -0.038676 0.999130
1107.199795 23.627925 -2.496796 0.993744 -0.000802 0.014014 -0.038350 0.999166
1107.299632 23.736404 -2.509136 0.997312 -0.000886 0.013877 -0.038292 0.999170
1107.399476 23.842587 -2.517669 1.005480 0.001352 0.013508 -0.038703 0.999159
1107.499328 23.949505 -2.524028 1.010702 0.002653 0.013433 -0.041445 0.999047
1107.599188 24.052057 -2.535540 1.007218 0.001941 0.012253 -0.044651 0.998926
1107.699829 24.165818 -2.557661 1.009049 0.003308 0.011084 -0.047741 0.998793
1107.799675 24.272336 -2.572409 1.004470 0.004682 0.009700 -0.052619 0.998557
1107.899508 24.381031 -2.587888 1.013297 0.006271 0.010825 -0.057864 0.998246
1107.999343 24.493898 -2.600820 1.022984 0.006571 0.011601 -0.062763 0.997939
1108.099187 24.607622 -2.613620 1.027547 0.006941 0.012777 -0.066563 0.997676
1108.199825 24.718481 -2.629301 1.027469 0.004544 0.014182 -0.067811 0.997587
1108.299673 24.824184 -2.645591 1.029901 0.003154 0.014584 -0.068130 0.997565
1108.399512 24.940257 -2.664628 1.033072 -0.000305 0.013817 -0.068144 0.997580
1108.499363 25.043774 -2.679225 1.038959 -0.001558 0.013684 -0.067947 0.997594
1108.599206 25.139614 -2.695769 1.046337 -0.001062 0.014816 -0.068076 0.997570
1108.699448 25.242275 -2.710007 1.041166 0.000844 0.015266 -0.068320 0.997546
1108.799298 25.348465 -2.723335 1.040683 0.001874 0.014146 -0.068489 0.997550
1108.899133 25.458296 -2.739480 1.051050 0.003515 0.012623 -0.068626 0.997556
1108.999762 25.569471 -2.753704 1.058093 0.004620 0.009661 -0.068684 0.997581
1109.099598 25.677924 -2.767587 1.068069 0.002389 0.008930 -0.069141 0.997564
1109.199445 25.787079 -2.781927 1.070840 -0.003283 0.010878 -0.069645 0.997507
1109.299294 25.895643 -2.794684 1.067087 -0.006818 0.014935 -0.069552 0.997443
1109.399137 26.009420 -2.806105 1.059372 -0.006332 0.016486 -0.069382 0.997434
1109.499783 26.122571 -2.815475 1.067119 -0.002980 0.017390 -0.069306 0.997439
1109.599622 26.233183 -2.825322 1.076983 0.000053 0.017265 -0.069506 0.997432
1109.699462 26.342055 -2.833087 1.075352 0.000694 0.015843 -0.070491 0.997386
1109.799289 26.442069 -2.842593 1.069594 0.001975 0.014380 -0.070994 0.997371
1109.899129 26.542128 -2.855465 1.066824 0.002220 0.014730 -0.071301 0.997344
1109.999776 26.640385 -2.868472 1.069022 0.002020 0.015223 -0.071282 0.997338
1110.099613 26.745533 -2.875772 1.073404 0.001375 0.015628 -0.071190 0.997339
1110.199452 26.853956 -2.876264 1.076892 0.001169 0.015851 -0.071198 0.997336
1110.299279 26.964047 -2.888086 1.075734 0.002350 0.015429 -0.071378 0.997327
1110.399115 27.080097 -2.903083 1.078716 0.002353 0.014718 -0.071895 0.997301
1110.499739 27.194506 -2.915545 1.081473 0.000866 0.014750 -0.071595 0.997324
1110.599578 27.306755 -2.922501 1.085851 0.000668 0.015147 -0.069940 0.997436
1110.699406 27.417471 -2.929654 1.089117 0.002914 0.014715 -0.069202 0.997490
1110.799251 27.531646 -2.938489 1.093737 0.002894 0.012781 -0.068940 0.997535
1110.899504 27.636692 -2.947172 1.095295 0.002052 0.010836 -0.068015 0.997623
1110.999333 27.738866 -2.959035 1.095391 0.005025 0.009431 -0.068285 0.997609
1111.099160 27.830292 -2.972141 1.095304 0.004594 0.009357 -0.068929 0.997567
1111.199794 27.930189 -2.983391 1.094334 0.003329 0.010131 -0.069452 0.997528
1111.299644 28.047787 -2.991538 1.098226 0.000869 0.009322 -0.069853 0.997513
1111.399471 28.165800 -3.004926 1.104863 0.000777 0.009414 -0.069490 0.997538
1111.499311 28.282362 -3.018521 1.109172 0.000157 0.011019 -0.069153 0.997545
1111.599152 28.382875 -3.032045 1.109874 -0.000077 0.011571 -0.068848 0.997560
1111.699780 28.487320 -3.045517 1.107798 -0.000267 0.011998 -0.068860 0.997554
1111.799619 28.596285 -3.057411 1.107520 -0.000250 0.013618 -0.068683 0.997546
1111.899455 28.698958 -3.065766 1.109548 0.000705 0.014392 -0.068207 0.997567
1111.999292 28.798003 -3.072619 1.113496 -0.000896 0.013208 -0.067270 0.997647
1112.099114 28.906670 -3.078989 1.120124 -0.005232 0.012858 -0.063334 0.997896
1112.199751 29.014817 -3.085862 1.125130 -0.005938 0.011914 -0.056876 0.998292
1112.299592 29.121518 -3.091120 1.126528 -0.003650 0.011021 -0.051596 0.998601
1112.399421 29.222156 -3.098579 1.127523 -0.000486 0.010891 -0.048899 0.998744
1112.499263 29.318331 -3.104715 1.126268 0.000550 0.009905 -0.048968 0.998751
1112.599498 29.414282 -3.111931 1.130680 0.001899 0.007947 -0.049092 0.998761
1112.699338 29.518839 -3.119269 1.135543 0.002884 0.007276 -0.049538 0.998742
1112.799166 29.614903 -3.129003 1.131876 0.002664 0.007291 -0.049928 0.998723
1112.899793 29.705188 -3.137512 1.139314 0.002155 0.008839 -0.050569 0.998679
1112.999638 29.789781 -3.144916 1.140615 0.001270 0.010908 -0.050929 0.998642
1113.099482 29.882935 -3.154824 1.145207 0.002461 0.015648 -0.050930 0.998577
1113.199309 29.980626 -3.158887 1.144066 0.002677 0.018972 -0.051489 0.998490
1113.299152 30.087555 -3.164000 1.143099 0.003102 0.020115 -0.051515 0.998465
1113.399781 30.202752 -3.172073 1.149046 0.003954 0.020161 -0.051893 0.998441
1113.499627 30.307920 -3.183350 1.152026 0.003744 0.019644 -0.052102 0.998441
1113.599470 30.407083 -3.195768 1.147907 0.002550 0.018976 -0.052283 0.998449
1113.699312 30.506436 -3.207491 1.142351 0.001739 0.018960 -0.052304 0.998450
1113.799163 30.594870 -3.216307 1.145041 0.001901 0.019124 -0.052016 0.998461
1113.899807 30.675358 -3.223115 1.151594 0.001812 0.017615 -0.052062 0.998487
1113.999642 30.760378 -3.232619 1.158502 -0.000371 0.013823 -0.051970 0.998553
1114.099484 30.861506 -3.243583 1.160653 -0.000719 0.010608 -0.051947 0.998593
1114.199327 30.967466 -3.256730 1.160090 -0.001252 0.010579 -0.052013 0.998590
1114.299170 31.076068 -3.271697 1.165074 -0.000704 0.013876 -0.051943 0.998553
1114.399808 31.180487 -3.283383 1.166586 -0.001000 0.017864 -0.051922 0.998491
1114.499659 31.279403 -3.295712 1.163103 -0.000863 0.019532 -0.051503 0.998481
1114.599496 31.387035 -3.308284 1.160613 -0.000314 0.018452 -0.051380 0.998509
1114.699331 31.487361 -3.318818 1.163024 -0.000460 0.016669 -0.051202 0.998549
1114.799168 31.584934 -3.329034 1.168001 -0.001023 0.016075 -0.050727 0.998583
1114.899805 31.680039 -3.343147 1.170836 -0.000650 0.016815 -0.050455 0.998585
1114.999640 31.773306 -3.357798 1.171302 0.000107 0.018693 -0.050096 0.998569
1115.099487 31.873180 -3.373468 1.165126 -0.000522 0.020704 -0.049641 0.998552
1115.199315 31.988494 -3.388830 1.163047 -0.001891 0.023266 -0.049671 0.998493
1115.299162 32.107182 -3.404736 1.170058 -0.002406 0.023195 -0.049510 0.998501
1115.399798 32.215893 -3.418887 1.181890 -0.002081 0.021817 -0.049601 0.998529
1115.499642 32.326885 -3.432999 1.186915 -0.001383 0.021127 -0.049354 0.998557
1115.599477 32.433240 -3.447541 1.183467 -0.002783 0.021440 -0.049198 0.998555
1115.699306 32.528761 -3.465015 1.176666 -0.002565 0.022239 -0.048869 0.998554
1115.799150 32.634824 -3.482625 1.172263 -0.003551 0.021947 -0.048411 0.998580
1115.899793 32.746789 -3.499518 1.174978 -0.003988 0.019477 -0.048040 0.998648
1115.999633 32.858118 -3.514296 1.179448 -0.003618 0.018343 -0.047785 0.998683
1116.099478 32.981277 -3.533803 1.181030 -0.004035 0.019102 -0.047461 0.998682
1116.199313 33.099356 -3.555176 1.187155 -0.003914 0.020912 -0.047151 0.998661
1116.299163 33.218636 -3.572831 1.192510 -0.004397 0.021280 -0.047109 0.998653
1116.399815 33.338133 -3.586657 1.193013 -0.004611 0.020323 -0.046983 0.998678
1116.499661 33.448938 -3.602299 1.195880 -0.004765 0.018094 -0.046883 0.998725
1116.599501 33.550857 -3.621187 1.199652 -0.005186 0.015148 -0.046842 0.998774
1116.699343 33.649217 -3.635531 1.200334 -0.005479 0.014059 -0.046638 0.998798
1116.799177 33.750438 -3.645842 1.200822 -0.007079 0.016349 -0.046341 0.998767
1116.899814 33.870065 -3.652208 1.206666 -0.007091 0.018796 -0.045866 0.998746
1116.999646 33.998424 -3.665130 1.214615 -0.006589 0.018746 -0.045181 0.998781
1117.099471 34.115041 -3.680804 1.216684 -0.005679 0.017164 -0.044646 0.998839
1117.199321 34.230168 -3.695726 1.217158 -0.004018 0.016219 -0.044299 0.998879
1117.299142 34.353214 -3.704619 1.221958 -0.004064 0.016770 -0.044358 0.998867
1117.399783 34.477553 -3.712211 1.225038 -0.003525 0.017853 -0.044632 0.998838
1117.499619 34.596691 -3.719677 1.224540 -0.001964 0.018113 -0.044970 0.998822
1117.599472 34.701198 -3.725347 1.231335 -0.000764 0.017336 -0.045438 0.998816
1117.699319 34.793647 -3.730098 1.236450 -0.000917 0.015315 -0.046035 0.998822
1117.799162 34.896274 -3.735710 1.242349 -0.001077 0.014479 -0.046686 0.998804
1117.899816 35.017003 -3.741001 1.245478 -0.001350 0.014357 -0.047409 0.998771
1117.999653 35.131869 -3.746342 1.248606 -0.000531 0.015928 -0.047874 0.998726
1118.099481 35.242635 -3.752108 1.246829 0.000904 0.016546 -0.048438 0.998689
1118.199327 35.359476 -3.758974 1.245957 0.003096 0.016487 -0.048836 0.998666
1118.299179 35.477803 -3.763627 1.250783 0.004746 0.015565 -0.048954 0.998669
1118.399810 35.608825 -3.768119 1.264049 0.005969 0.015134 -0.049567 0.998638
1118.499656 35.728368 -3.773639 1.279053 0.006280 0.015042 -0.049722 0.998630
1118.599494 35.840402 -3.776441 1.294713 0.006151 0.015406 -0.050054 0.998609
1118.699307 35.959563 -3.782240 1.310676 0.005781 0.016148 -0.050581 0.998573
1118.799161 36.073338 -3.788508 1.328524 0.006125 0.015088 -0.051062 0.998563
1118.899804 36.179667 -3.798381 1.348799 0.006291 0.013217 -0.051610 0.998560
1118.999640 36.280309 -3.811124 1.366092 0.006198 0.011678 -0.051754 0.998572
1119.099468 36.382045 -3.826499 1.375266 0.005234 0.011036 -0.052306 0.998556
1119.199305 36.484166 -3.836058 1.384346 0.003568 0.010948 -0.052675 0.998545
1119.299137 36.600047 -3.843728 1.391632 0.002642 0.013282 -0.052492 0.998530
1119.399767 36.725264 -3.855429 1.401130 0.002054 0.016452 -0.052275 0.998495
1119.499607 36.835356 -3.863256 1.410691 0.001080 0.017786 -0.052180 0.998479
1119.599456 36.947876 -3.875560 1.412350 0.000935 0.017809 -0.051565 0.998510
1119.699303 37.060165 -3.890594 1.411841 0.000843 0.018787 -0.051060 0.998518
1119.799145 37.164527 -3.905486 1.409496 0.000760 0.021544 -0.050256 0.998504
1119.899803 37.276132 -3.918816 1.409475 0.000907 0.023889 -0.049738 0.998476
1119.999672 37.388179 -3.924033 1.413094 0.000778 0.024186 -0.049525 0.998480
1120.099517 37.498334 -3.933212 1.416626 0.001000 0.022990 -0.049309 0.998518
1120.199362 37.623715 -3.944189 1.425514 0.000486 0.020655 -0.049476 0.998562
1120.299199 37.741864 -3.953273 1.435087 0.000101 0.018216 -0.049972 0.998584
1120.399434 37.852289 -3.962897 1.440014 -0.000476 0.015348 -0.050414 0.998610
1120.499283 37.959310 -3.974894 1.442206 -0.002154 0.013428 -0.050826 0.998615
1120.599116 38.064416 -3.986285 1.444156 -0.000274 0.014393 -0.051059 0.998592
1120.699749 38.183739 -3.992603 1.448700 0.001792 0.016096 -0.051661 0.998533
1120.799570 38.303298 -3.998315 1.453915 0.002467 0.016878 -0.052048 0.998499
1120.899421 38.409622 -4.005894 1.465718 0.003387 0.015527 -0.052154 0.998513
1120.999254 38.517278 -4.015695 1.478284 0.004763 0.013354 -0.052075 0.998543
1121.099499 38.627684 -4.023639 1.490596 0.005154 0.012304 -0.052126 0.998551
1121.199330 38.737067 -4.028984 1.502471 0.004216 0.011013 -0.052209 0.998567
1121.299171 38.842910 -4.040268 1.516249 0.002058 0.010396 -0.051952 0.998593
1121.399829 38.948360 -4.055740 1.537106 0.001432 0.010855 -0.051764 0.998599
1121.499658 39.063676 -4.068063 1.562129 0.000742 0.011499 -0.051867 0.998588
1121.599492 39.180851 -4.075085 1.577363 0.000630 0.010502 -0.052194 0.998582
1121.699332 39.295508 -4.085209 1.585634 0.000796 0.011718 -0.052269 0.998564
1121.799184 39.414279 -4.097132 1.588728 0.001034 0.015253 -0.052339 0.998512
1121.899844 39.530462 -4.111212 1.595804 0.000765 0.019726 -0.052201 0.998441
1121.999675 39.639760 -4.121315 1.600374 0.000467 0.021494 -0.052245 0.998403
1122.099514 39.748300 -4.129515 1.603969 0.000236 0.018250 -0.052391 0.998460
1122.199356 39.859579 -4.147637 1.610086 0.000652 0.014321 -0.052113 0.998538
1122.299190 39.963795 -4.162687 1.612201 0.000694 0.011536 -0.052201 0.998570
1122.399818 40.068107 -4.174994 1.619682 -0.000133 0.011457 -0.052184 0.998572
1122.499653 40.174744 -4.186422 1.633989 -0.000033 0.012456 -0.051991 0.998570
1122.599491 40.274166 -4.197599 1.649156 0.000148 0.011683 -0.051763 0.998591
1122.699333 40.374777 -4.203821 1.661503 -0.000331 0.011038 -0.051880 0.998592
1122.799178 40.477887 -4.211122 1.676043 -0.000495 0.011093 -0.051696 0.998601
1122.899810 40.585195 -4.221156 1.684889 -0.001758 0.011270 -0.051715 0.998597
1122.999650 40.693166 -4.233764 1.692407 -0.000689 0.011611 -0.051725 0.998594
1123.099507 40.802464 -4.249937 1.699934 -0.000387 0.014854 -0.051459 0.998565
1123.199357 40.913435 -4.261503 1.705332 -0.000571 0.016922 -0.051358 0.998537
1123.299192 41.017089 -4.267768 1.710698 -0.000602 0.016157 -0.051372 0.998549
1123.399818 41.125159 -4.272773 1.717233 -0.000271 0.014572 -0.051284 0.998578
1123.499652 41.232321 -4.283582 1.721610 0.001253 0.014369 -0.051443 0.998572
1123.599488 41.334871 -4.294418 1.725432 0.001450 0.015692 -0.051527 0.998547
1123.699330 41.429064 -4.299864 1.727502 0.002039 0.018052 -0.051632 0.998501
1123.799161 41.525845 -4.307541 1.725188 0.002993 0.019435 -0.051722 0.998468
1123.899796 41.625418 -4.318588 1.723029 0.002435 0.019649 -0.052043 0.998449
1123.999629 41.721938 -4.329860 1.723534 0.002125 0.018252 -0.052531 0.998450
1124.099469 41.826324 -4.335803 1.724905 0.002200 0.016151 -0.052958 0.998464
1124.199315 41.931167 -4.345880 1.729688 0.002561 0.014338 -0.052984 0.998489
1124.299154 42.036305 -4.356533 1.730768 0.002537 0.013662 -0.053042 0.998496
1124.399803 42.140803 -4.363038 1.731077 0.002784 0.012558 -0.053404 0.998490
1124.499653 42.255169 -4.370951 1.736965 0.002979 0.011041 -0.054295 0.998459
1124.599492 42.362099 -4.382072 1.739029 0.003084 0.009613 -0.054892 0.998441
1124.699323 42.465915 -4.396292 1.735009 0.006388 0.009401 -0.057089 0.998304
1124.799168 42.566107 -4.408401 1.736425 0.006777 0.009992 -0.059869 0.998133
1124.899820 42.663799 -4.421099 1.745336 0.004816 0.010706 -0.061769 0.998021
1124.999652 42.753760 -4.434520 1.753918 0.003862 0.010036 -0.062811 0.997968
1125.099487 42.850269 -4.448581 1.756822 0.002404 0.010026 -0.063100 0.997954
1125.199333 42.955362 -4.461035 1.764389 0.001868 0.011319 -0.063099 0.997941
1125.299164 43.055994 -4.475613 1.782061 0.001613 0.014232 -0.062850 0.997920
1125.399800 43.143017 -4.492226 1.791483 0.001425 0.017006 -0.062610 0.997892
1125.499634 43.219446 -4.504207 1.797186 0.001292 0.019678 -0.062499 0.997850
1125.599465 43.304709 -4.513794 1.801103 0.000659 0.021581 -0.062597 0.997805
1125.699304 43.397312 -4.526812 1.802487 0.000175 0.022120 -0.062810 0.997780
1125.799149 43.496886 -4.543414 1.805245 0.000151 0.020693 -0.062730 0.997816
1125.899780 43.595124 -4.564031 1.805851 -0.000353 0.018780 -0.062437 0.997872
1125.999613 43.696300 -4.580194 1.806935 -0.000094 0.018642 -0.062152 0.997893
1126.099456 43.807169 -4.590906 1.808885 0.000501 0.019084 -0.062192 0.997882
1126.199290 43.926740 -4.606496 1.814065 -0.000834 0.018872 -0.062386 0.997873
1126.299142 44.034561 -4.622541 1.822248 -0.001707 0.019142 -0.062340 0.997870
1126.399785 44.128076 -4.638466 1.824110 -0.000814 0.018235 -0.062718 0.997864
1126.499608 44.213541 -4.649996 1.820323 0.000044 0.018192 -0.063292 0.997829
1126.599447 44.311302 -4.664660 1.818428 0.001482 0.019626 -0.063588 0.997782
1126.699287 44.427927 -4.683274 1.819678 0.001331 0.021407 -0.063944 0.997723
1126.799122 44.541044 -4.701529 1.820904 -0.000575 0.022472 -0.064190 0.997684
1126.899759 44.649615 -4.719012 1.819130 -0.000875 0.022749 -0.064308 0.997670
1126.999620 44.761879 -4.736703 1.818704 -0.000837 0.021176 -0.064379 0.997700
1127.099449 44.878435 -4.751614 1.823011 -0.000533 0.019598 -0.064562 0.997721
1127.199292 44.976468 -4.767191 1.830011 -0.000586 0.020335 -0.064572 0.997706
1127.299138 45.074780 -4.782720 1.832879 -0.000002 0.022273 -0.064607 0.997662
1127.399779 45.170608 -4.797587 1.828312 0.000269 0.023762 -0.064471 0.997637
1127.499618 45.270216 -4.809925 1.821161 -0.000502 0.023079 -0.064713 0.997637
1127.599457 45.381412 -4.823849 1.822420 -0.000408 0.022006 -0.064857 0.997652
1127.699319 45.500667 -4.841616 1.828370 0.000029 0.021769 -0.064859 0.997657
1127.799158 45.622893 -4.859861 1.835724 0.000921 0.024829 -0.064654 0.997598
1127.899794 45.742409 -4.873453 1.840979 0.001049 0.028022 -0.064865 0.997500
1127.999641 45.861200 -4.883771 1.842632 0.000030 0.028057 -0.065074 0.997486
1128.099478 45.977693 -4.902905 1.842377 -0.002586 0.025267 -0.065309 0.997542
1128.199322 46.101119 -4.923062 1.843174 -0.003018 0.022717 -0.065437 0.997594
1128.299162 46.229306 -4.937364 1.842936 -0.000811 0.022257 -0.065813 0.997583
1128.399789 46.351008 -4.948907 1.843614 0.002023 0.022307 -0.066044 0.997565
1128.499643 46.470404 -4.959486 1.845389 0.004007 0.022781 -0.066201 0.997538
1128.599487 46.597605 -4.974511 1.847884 0.003624 0.023044 -0.066416 0.997519
1128.699323 46.728829 -4.990817 1.856745 0.002732 0.023465 -0.066739 0.997491
1128.799174 46.850689 -5.006917 1.856994 0.000908 0.023388 -0.067073 0.997474
1128.899811 46.969853 -5.020736 1.851826 -0.002014 0.023505 -0.067510 0.997440
1128.999638 47.084418 -5.030364 1.852567 -0.001934 0.027413 -0.067629 0.997332
1129.099476 47.203010 -5.041330 1.857870 -0.000578 0.030018 -0.067822 0.997246
1129.199299 47.331490 -5.053996 1.861302 -0.001266 0.028801 -0.067956 0.997272
1129.299148 47.460998 -5.072172 1.868726 -0.001024 0.026285 -0.067988 0.997339
1129.399792 47.595776 -5.093385 1.865664 -0.000255 0.023135 -0.067974 0.997419
1129.499645 47.734445 -5.110376 1.865966 -0.000936 0.021093 -0.067759 0.997478
1129.599481 47.886070 -5.123937 1.871198 -0.000322 0.020666 -0.067641 0.997496
1129.699321 48.036564 -5.138993 1.870318 -0.000375 0.019753 -0.067683 0.997511
1129.799167 48.183122 -5.152858 1.873895 -0.001878 0.019271 -0.067908 0.997504
1129.899804 48.331212 -5.165314 1.880164 -0.004484 0.018118 -0.068265 0.997493
1129.999644 48.485325 -5.178300 1.884320 -0.007746 0.015880 -0.068479 0.997496
1130.099491 48.625803 -5.189708 1.886382 -0.010779 0.013806 -0.068417 0.997503
1130.199330 48.749565 -5.198254 1.887517 -0.011743 0.013923 -0.068115 0.997511
1130.299185 48.874442 -5.208493 1.887826 -0.011355 0.015573 -0.067697 0.997520
1130.399815 49.010390 -5.216029 1.888423 -0.010389 0.016453 -0.067535 0.997527
1130.499660 49.148893 -5.223132 1.888375 -0.010031 0.016428 -0.067180 0.997555
1130.599509 49.283697 -5.227584 1.889368 -0.008241 0.015549 -0.067028 0.997596
1130.699335 49.413827 -5.227438 1.898082 -0.005331 0.016465 -0.066760 0.997619
1130.799188 49.534196 -5.226794 1.905459 -0.003234 0.017953 -0.066697 0.997607
1130.899835 49.664359 -5.229698 1.907643 -0.002060 0.019623 -0.066518 0.997590
1130.999673 49.795985 -5.232922 1.905013 -0.000816 0.020530 -0.065941 0.997612
1131.099521 49.933200 -5.235912 1.901720 -0.000824 0.020672 -0.065895 0.997612
1131.199352 50.073521 -5.237900 1.900315 -0.000977 0.020958 -0.065548 0.997629
1131.299192 50.223448 -5.240367 1.899756 -0.000650 0.021392 -0.065301 0.997636
1131.399829 50.383020 -5.246158 1.906195 -0.001707 0.023298 -0.065253 0.997595
1131.499676 50.527359 -5.251213 1.910796 -0.001410 0.023684 -0.065240 0.997588
1131.599497 50.648994 -5.258233 1.918677 -0.001015 0.021687 -0.065331 0.997627
1131.699338 50.768496 -5.264425 1.916106 -0.000104 0.017893 -0.065510 0.997691
1131.799174 50.885447 -5.268550 1.912308 -0.000896 0.015359 -0.066188 0.997689
1131.899814 51.018543 -5.271343 1.910631 -0.000722 0.013828 -0.066972 0.997659
1131.999663 51.152186 -5.274897 1.915958 -0.001087 0.013650 -0.067253 0.997642
1132.099516 51.290454 -5.281266 1.924893 -0.001533 0.013571 -0.067458 0.997629
1132.199348 51.432579 -5.290073 1.924261 -0.001739 0.012472 -0.068076 0.997601
1132.299186 51.570552 -5.295402 1.925610 -0.002201 0.010364 -0.068104 0.997622
1132.399820 51.711482 -5.305771 1.931832 -0.002457 0.008150 -0.068037 0.997647
1132.499655 51.849458 -5.316467 1.935483 -0.002697 0.006626 -0.067696 0.997680
1132.599498 51.983072 -5.325442 1.936618 -0.002949 0.007318 -0.067651 0.997678
1132.699343 52.114827 -5.333075 1.937055 -0.002736 0.009309 -0.067698 0.997659
1132.799182 52.234759 -5.342085 1.935560 -0.002330 0.009979 -0.067622 0.997658
1132.899821 52.338182 -5.347921 1.937570 -0.001931 0.009180 -0.067885 0.997649
1132.999668 52.426765 -5.354047 1.933144 -0.002306 0.008505 -0.068226 0.997631
1133.099501 52.518711 -5.359894 1.933429 -0.002158 0.008300 -0.068390 0.997622
1133.199351 52.610488 -5.368172 1.937760 -0.001316 0.009627 -0.068241 0.997622
1133.299205 52.706938 -5.377811 1.940836 -0.001376 0.010200 -0.068558 0.997594
1133.399441 52.803717 -5.389095 1.942241 -0.002149 0.008928 -0.069444 0.997544
1133.499281 52.906341 -5.395406 1.946910 -0.003751 0.007084 -0.069997 0.997515
1133.599129 53.014905 -5.405289 1.953047 -0.003382 0.006392 -0.070544 0.997482
1133.699775 53.121413 -5.416814 1.953587 -0.004484 0.006381 -0.070242 0.997500
1133.799613 53.227714 -5.425999 1.953381 -0.004967 0.007935 -0.069927 0.997508
1133.899446 53.324421 -5.434731 1.951244 -0.003914 0.008606 -0.069399 0.997544
1133.999267 53.421276 -5.443159 1.948161 -0.003333 0.009009 -0.068951 0.997574
1134.099507 53.533453 -5.451663 1.948782 -0.003135 0.008372 -0.068898 0.997584
1134.199331 53.651330 -5.461425 1.952395 -0.002758 0.010149 -0.068822 0.997573
1134.299168 53.760269 -5.472692 1.950776 -0.002872 0.012258 -0.068807 0.997551
1134.399803 53.848128 -5.482253 1.947811 -0.004245 0.014802 -0.068648 0.997522
1134.499639 53.927970 -5.487985 1.945500 -0.004680 0.017543 -0.068667 0.997474
1134.599478 54.003610 -5.498724 1.950954 -0.004079 0.020429 -0.068464 0.997436
1134.699318 54.084987 -5.503319 1.954761 -0.002116 0.022979 -0.069109 0.997342
1134.799151 54.171241 -5.509692 1.957896 -0.001022 0.025615 -0.069630 0.997243
1134.899790 54.262466 -5.515637 1.959603 0.000353 0.030085 -0.070087 0.997087
1134.999633 54.363299 -5.526786 1.964362 0.001236 0.033651 -0.070359 0.996953
1135.099485 54.465334 -5.535575 1.967174 0.001200 0.034783 -0.070796 0.996883
1135.199321 54.572988 -5.543053 1.961942 0.000539 0.031909 -0.071316 0.996943
1135.299166 54.685200 -5.554213 1.956636 -0.000439 0.029981 -0.071516 0.996989
1135.399806 54.799366 -5.567334 1.956391 -0.000140 0.032197 -0.071480 0.996922
1135.499654 54.909367 -5.581820 1.961806 0.000497 0.035826 -0.071386 0.996805
1135.599498 55.016986 -5.596102 1.969473 -0.000749 0.034403 -0.071418 0.996853
1135.699329 55.127807 -5.607661 1.973537 -0.000780 0.031674 -0.071090 0.996967
1135.799163 55.243942 -5.624232 1.973611 -0.001076 0.029205 -0.070544 0.997080
1135.899806 55.371182 -5.642926 1.968043 -0.001656 0.028546 -0.070058 0.997133
1135.999644 55.495894 -5.655469 1.964652 -0.001400 0.028352 -0.069583 0.997172
1136.099486 55.621509 -5.667744 1.961895 -0.001469 0.031199 -0.068977 0.997129
1136.199320 55.751497 -5.686095 1.965360 -0.002509 0.032812 -0.068404 0.997115
1136.299168 55.870715 -5.699848 1.968869 -0.005336 0.031455 -0.068205 0.997161
1136.399801 55.992944 -5.714887 1.972624 -0.007135 0.028642 -0.067767 0.997264
1136.499643 56.120347 -5.728842 1.978917 -0.007274 0.027297 -0.067361 0.997329
1136.599494 56.244306 -5.744252 1.984818 -0.006915 0.028826 -0.066937 0.997317
1136.699347 56.366737 -5.755910 1.984909 -0.005209 0.032775 -0.066566 0.997230
1136.799192 56.489253 -5.764146 1.984227 -0.003228 0.034039 -0.066256 0.997217
1136.899836 56.619626 -5.777205 1.992482 -0.002766 0.031710 -0.065959 0.997314
1136.999670 56.754878 -5.791714 2.013243 -0.001867 0.030383 -0.066011 0.997354
1137.099496 56.889548 -5.805546 2.032822 -0.001872 0.029700 -0.066118 0.997368
1137.199343 57.026279 -5.817294 2.042438 -0.000906 0.028005 -0.066384 0.997401
1137.299172 57.170790 -5.828169 2.047226 0.000260 0.028245 -0.066802 0.997366
1137.399814 57.314370 -5.841060 2.056227 0.000837 0.029357 -0.067436 0.997291
1137.499662 57.453268 -5.855012 2.064698 0.000948 0.028360 -0.067933 0.997286
1137.599489 57.590205 -5.866856 2.074747 0.001018 0.026901 -0.068889 0.997261
1137.699322 57.729019 -5.878246 2.084526 0.002356 0.025101 -0.069727 0.997247
1137.799169 57.873984 -5.896762 2.097664 0.002697 0.024629 -0.070078 0.997234
1137.899804 58.026754 -5.915366 2.114927 0.002593 0.024814 -0.070817 0.997177
1137.999652 58.174930 -5.932447 2.133246 0.001098 0.023393 -0.071379 0.997174
1138.099480 58.313240 -5.946464 2.152404 -0.001982 0.023541 -0.072045 0.997122
1138.199326 58.457458 -5.965171 2.178469 -0.002041 0.023734 -0.072201 0.997106
1138.299171 58.605851 -5.986255 2.202089 -0.000857 0.022333 -0.072147 0.997144
1138.399808 58.761417 -6.010290 2.220379 0.000684 0.020888 -0.071459 0.997225
1138.499646 58.917589 -6.031969 2.234729 -0.001228 0.024437 -0.070993 0.997177
1138.599491 59.074197 -6.049531 2.255448 -0.002967 0.028622 -0.070288 0.997112
1138.699331 59.227064 -6.069142 2.279093 -0.005461 0.028833 -0.069510 0.997150
1138.799181 59.379926 -6.090064 2.295002 -0.005915 0.025314 -0.069009 0.997277
1138.899805 59.539260 -6.114355 2.312982 -0.004030 0.023769 -0.068533 0.997358
1138.999639 59.698398 -6.139395 2.320843 -0.001940 0.024714 -0.068389 0.997351
1139.099477 59.853550 -6.157643 2.318976 -0.000986 0.026880 -0.068559 0.997284
1139.199323 59.996460 -6.174537 2.315717 -0.001785 0.026314 -0.068485 0.997303
1139.299171 60.143710 -6.192263 2.317173 -0.003205 0.024471 -0.068160 0.997369
1139.399817 60.289249 -6.211039 2.321445 -0.003311 0.021284 -0.067787 0.997467
1139.499648 60.443052 -6.234195 2.326206 -0.002910 0.019667 -0.067569 0.997516
1139.599493 60.598603 -6.256659 2.334923 -0.002694 0.020742 -0.067452 0.997503
1139.699334 60.754039 -6.278332 2.336650 -0.003175 0.024286 -0.067624 0.997410
1139.799190 60.904974 -6.294070 2.328955 -0.003323 0.028586 -0.068096 0.997264
1139.899837 61.058897 -6.311736 2.322710 -0.003482 0.027910 -0.068549 0.997251
1139.999674 61.209036 -6.335417 2.323655 -0.002529 0.026396 -0.068743 0.997282
1140.099514 61.359623 -6.357273 2.326180 -0.001929 0.026280 -0.069411 0.997240
1140.199350 61.503568 -6.375218 2.328179 -0.000652 0.028191 -0.069654 0.997173
1140.299182 61.644699 -6.395370 2.326466 -0.000451 0.028989 -0.069708 0.997146
1140.399829 61.789840 -6.418816 2.325605 0.000290 0.027906 -0.069418 0.997197
1140.499670 61.934608 -6.439985 2.329310 0.000493 0.026257 -0.068973 0.997273
1140.599508 62.084115 -6.460396 2.333522 0.000085 0.024965 -0.068747 0.997322
1140.699348 62.248973 -6.477375 2.334967 -0.003295 0.025938 -0.068827 0.997286
1140.799182 62.429056 -6.497055 2.343024 -0.007561 0.030455 -0.068743 0.997141
1140.899825 62.606190 -6.520787 2.345603 -0.010848 0.032233 -0.068510 0.997071
1140.999670 62.771545 -6.545039 2.349259 -0.013420 0.030186 -0.068321 0.997116
1141.099500 62.930895 -6.564239 2.346462 -0.015304 0.026165 -0.068800 0.997170
1141.199332 63.079396 -6.580330 2.343186 -0.015599 0.023926 -0.068746 0.997225
1141.299173 63.224081 -6.591954 2.348691 -0.015264 0.024155 -0.068915 0.997213
1141.399800 63.383612 -6.600336 2.357588 -0.013993 0.024894 -0.069038 0.997205
1141.499660 63.543750 -6.607980 2.357537 -0.011435 0.024618 -0.069272 0.997228
1141.599504 63.697705 -6.619641 2.360095 -0.012355 0.024502 -0.069568 0.997200
1141.699348 63.852621 -6.626743 2.363049 -0.012397 0.023441 -0.070195 0.997181
1141.799177 64.019051 -6.631839 2.364856 -0.010307 0.021373 -0.070759 0.997211
1141.899825 64.200139 -6.638713 2.359869 -0.004884 0.023239 -0.070411 0.997235
1141.999659 64.381126 -6.645024 2.352669 -0.002154 0.028497 -0.070328 0.997114
1142.099510 64.551535 -6.648607 2.353239 -0.001626 0.030549 -0.070447 0.997046
1142.199361 64.715048 -6.653996 2.367633 -0.002025 0.029420 -0.070396 0.997083
1142.299205 64.871888 -6.660266 2.383765 -0.002619 0.026396 -0.070173 0.997182
1142.399437 65.029582 -6.668870 2.383456 -0.003105 0.023514 -0.069984 0.997266
1142.499285 65.189838 -6.675359 2.380761 -0.003011 0.021045 -0.069712 0.997341
1142.599128 65.342304 -6.682728 2.387634 -0.001815 0.018899 -0.069695 0.997388
1142.699781 65.504933 -6.690702 2.397255 -0.001323 0.016991 -0.069919 0.997407
1142.799611 65.666315 -6.696570 2.409578 -0.002345 0.015977 -0.070550 0.997378
1142.899459 65.827838 -6.703779 2.424374 -0.003484 0.015556 -0.070698 0.997370
1142.999293 65.997477 -6.712438 2.431731 -0.004385 0.015014 -0.071090 0.997347
1143.099135 66.165372 -6.722112 2.431817 -0.003039 0.015205 -0.071413 0.997326
1143.199767 66.323894 -6.729716 2.427700 -0.001117 0.015472 -0.071505 0.997320
1143.299601 66.484894 -6.733864 2.426750 -0.001119 0.014949 -0.071456 0.997331
1143.399441 66.631977 -6.740529 2.433362 -0.000588 0.013513 -0.071246 0.997367
1143.499276 66.783922 -6.752450 2.440237 -0.001438 0.012025 -0.070908 0.997409
1143.599518 66.945402 -6.762700 2.438803 -0.002686 0.011338 -0.070871 0.997417
1143.699345 67.094992 -6.771873 2.440960 -0.003138 0.011099 -0.070586 0.997439
1143.799178 67.239229 -6.780530 2.446156 -0.002044 0.010961 -0.069921 0.997490
1143.899823 67.383644 -6.786887 2.451219 -0.002497 0.011640 -0.069610 0.997503
1143.999679 67.514193 -6.795776 2.452249 -0.004059 0.012328 -0.069646 0.997487
1144.099524 67.647811 -6.807642 2.455155 -0.004257 0.011790 -0.069652 0.997493
1144.199356 67.787726 -6.820585 2.458291 -0.004391 0.007910 -0.069872 0.997515
1144.299187 67.923284 -6.828743 2.457272 -0.003694 0.007156 -0.070450 0.997483
1144.399827 68.052567 -6.835580 2.451447 -0.002596 0.009125 -0.070855 0.997442
1144.499671 68.189125 -6.843833 2.451663 -0.002322 0.014090 -0.070715 0.997394
1144.599526 68.324171 -6.849260 2.457259 -0.002964 0.017385 -0.070635 0.997346
1144.699371 68.457015 -6.858613 2.458757 -0.004031 0.017289 -0.070282 0.997369
1144.799212 68.597051 -6.872251 2.462481 -0.003720 0.016116 -0.069633 0.997436
1144.899458 68.728624 -6.881187 2.464196 -0.002678 0.014466 -0.069537 0.997471
1144.999301 68.856821 -6.891458 2.463678 -0.002481 0.013913 -0.069201 0.997503
1145.099140 68.985591 -6.903037 2.457847 -0.002445 0.014033 -0.068779 0.997530
1145.199786 69.096395 -6.914857 2.460701 -0.002022 0.013903 -0.068487 0.997553
1145.299634 69.199853 -6.920347 2.466234 -0.002621 0.012597 -0.068532 0.997566
1145.399459 69.318956 -6.928405 2.467627 -0.003583 0.011519 -0.068631 0.997569
1145.499300 69.437819 -6.941670 2.472190 -0.003251 0.012704 -0.068678 0.997553
1145.599153 69.557281 -6.953819 2.473916 -0.002261 0.014226 -0.068854 0.997523
1145.699795 69.670995 -6.966184 2.471082 -0.002303 0.013493 -0.069038 0.997520
1145.799645 69.777150 -6.974967 2.468679 -0.002363 0.011409 -0.069296 0.997528
1145.899491 69.875487 -6.983472 2.472194 -0.002156 0.010422 -0.069567 0.997520
1145.999316 69.967098 -6.991531 2.477866 -0.002831 0.011629 -0.069884 0.997483
1146.099158 70.068542 -6.999953 2.481917 -0.002598 0.012521 -0.070422 0.997435
1146.199796 70.189411 -7.014217 2.489043 -0.001865 0.012780 -0.070730 0.997412
1146.299650 70.321329 -7.031091 2.507358 -0.000731 0.013275 -0.070678 0.997411
1146.399495 70.442245 -7.041515 2.522543 -0.000630 0.013437 -0.070777 0.997401
1146.499327 70.544388 -7.049535 2.533647 -0.000776 0.013850 -0.070631 0.997406
1146.599151 70.643671 -7.062819 2.555794 -0.001018 0.018805 -0.070552 0.997330
1146.699792 70.747556 -7.078693 2.577125 -0.002141 0.022820 -0.070317 0.997261
1146.799635 70.845926 -7.091824 2.594799 -0.002907 0.023058 -0.070223 0.997261
1146.899469 70.937088 -7.101593 2.612550 -0.003808 0.022010 -0.070205 0.997282
1146.999304 71.031379 -7.112321 2.625744 -0.003346 0.022947 -0.070044 0.997274
1147.099158 71.130513 -7.127073 2.638631 -0.004097 0.024744 -0.069801 0.997246
1147.199790 71.235367 -7.139410 2.643782 -0.003943 0.025854 -0.069668 0.997227
1147.299629 71.345145 -7.153219 2.646826 -0.004238 0.026642 -0.069792 0.997197
1147.399475 71.459575 -7.168647 2.652745 -0.003053 0.028130 -0.069709 0.997166
1147.499318 71.586987 -7.182840 2.654457 -0.002934 0.027230 -0.069939 0.997175
1147.599149 71.709851 -7.196260 2.656330 -0.003091 0.024345 -0.070164 0.997234
1147.699796 71.826628 -7.214391 2.651881 -0.002893 0.023603 -0.070232 0.997247
1147.799636 71.944403 -7.225976 2.655995 -0.003035 0.027008 -0.070513 0.997141
1147.899479 72.061909 -7.232969 2.661356 -0.002304 0.029889 -0.070712 0.997046
1147.999318 72.176626 -7.240568 2.660993 -0.002381 0.028302 -0.070489 0.997108
1148.099153 72.292678 -7.258244 2.658340 -0.000496 0.026133 -0.070525 0.997168
1148.199778 72.404624 -7.279195 2.661272 0.003722 0.023443 -0.073882 0.996984
1148.299607 72.512563 -7.301401 2.659376 0.005834 0.020788 -0.079338 0.996614
1148.399434 72.628576 -7.318871 2.655501 0.005690 0.018982 -0.085324 0.996156
1148.499274 72.744475 -7.334522 2.656841 -0.000455 0.019719 -0.087589 0.995961
1148.599513 72.864083 -7.352632 2.660972 -0.000574 0.019756 -0.087540 0.995965
1148.699365 72.986012 -7.374596 2.664980 -0.000754 0.019013 -0.087203 0.996009
1148.799196 73.107732 -7.398038 2.671215 -0.001176 0.018050 -0.086836 0.996058
1148.899835 73.225684 -7.418313 2.666955 -0.001431 0.019383 -0.086686 0.996046
1148.999686 73.346851 -7.435290 2.659928 -0.001825 0.021234 -0.086566 0.996018
1149.099538 73.477891 -7.454947 2.660082 -0.001466 0.022673 -0.086061 0.996031
1149.199383 73.610277 -7.477602 2.662980 -0.001386 0.023658 -0.085746 0.996035
1149.299231 73.733711 -7.503026 2.664111 -0.001486 0.024840 -0.085323 0.996043
1149.399484 73.845106 -7.522233 2.663962 -0.001638 0.024203 -0.085343 0.996056
1149.499331 73.964709 -7.539363 2.665132 -0.001938 0.022908 -0.085739 0.996052
1149.599162 74.086141 -7.555813 2.664591 -0.001828 0.022411 -0.086117 0.996031
1149.699806 74.197796 -7.578961 2.670151 -0.002334 0.022028 -0.086273 0.996025
1149.799638 74.305439 -7.604776 2.674938 -0.002769 0.020372 -0.086449 0.996044
1149.899485 74.426311 -7.628736 2.672519 -0.002672 0.020095 -0.086513 0.996044
1149.999323 74.557606 -7.648031 2.665551 -0.002594 0.022168 -0.086813 0.995975
1150.099166 74.691807 -7.666627 2.665628 -0.002898 0.024456 -0.086744 0.995926
1150.199802 74.819061 -7.685852 2.673419 -0.002952 0.025626 -0.086722 0.995899
1150.299642 74.950498 -7.706569 2.682992 -0.002310 0.024835 -0.086874 0.995907
1150.399476 75.079128 -7.731138 2.690286 -0.002407 0.023257 -0.086774 0.995954
1150.499307 75.194119 -7.753192 2.693956 -0.001609 0.023162 -0.086880 0.995948
1150.599139 75.310473 -7.771398 2.693650 -0.000947 0.025754 -0.086889 0.995885
1150.699785 75.428951 -7.791359 2.692521 -0.000157 0.027615 -0.087035 0.995822
1150.799631 75.551557 -7.810344 2.687948 -0.000380 0.029138 -0.087296 0.995756
1150.899487 75.688071 -7.829926 2.691768 -0.000327 0.029905 -0.087573 0.995709
1150.999321 75.830745 -7.851859 2.698933 -0.001548 0.028101 -0.087577 0.995760
1151.099160 75.970612 -7.869162 2.698241 -0.004604 0.025705 -0.088064 0.995772
1151.199793 76.106745 -7.887584 2.694745 -0.003876 0.027925 -0.088154 0.995708
1151.299626 76.240738 -7.910721 2.693724 -0.000990 0.031548 -0.087688 0.995648
1151.399467 76.377684 -7.939675 2.689531 -0.000185 0.033887 -0.087469 0.995591
1151.499300 76.516670 -7.966285 2.695439 -0.000186 0.033824 -0.087542 0.995586
1151.599136 76.655070 -7.985972 2.699856 0.000087 0.033803 -0.087505 0.995590
1151.699769 76.786985 -8.003433 2.701966 0.000150 0.034165 -0.087453 0.995583
1151.799619 76.931854 -8.026099 2.697217 -0.001412 0.035184 -0.087448 0.995547
1151.899458 77.085210 -8.051702 2.694032 -0.001929 0.035426 -0.087119 0.995566
1151.999297 77.242177 -8.076421 2.695812 -0.001724 0.033316 -0.086939 0.995655
1152.099123 77.393098 -8.097575 2.704254 -0.001347 0.027664 -0.086778 0.995843
1152.199770 77.540050 -8.115607 2.710035 0.000098 0.023744 -0.086531 0.995966
1152.299607 77.694912 -8.139681 2.713261 -0.001015 0.023452 -0.086468 0.995978
1152.399447 77.842634 -8.168005 2.712860 -0.000050 0.027963 -0.086028 0.995900
1152.499284 77.991256 -8.195564 2.711520 -0.000187 0.033270 -0.085937 0.995745
1152.599138 78.146613 -8.219626 2.713674 0.000574 0.035907 -0.085957 0.995651
1152.699783 78.309959 -8.246007 2.714245 0.000190 0.034269 -0.086009 0.995705
1152.799623 78.469961 -8.275065 2.714352 0.000534 0.033918 -0.086271 0.995694
1152.899455 78.621050 -8.302328 2.709843 0.000714 0.034587 -0.086304 0.995668
1152.999286 78.783789 -8.327138 2.713739 -0.000426 0.034526 -0.086086 0.995689
1153.099131 78.948259 -8.349098 2.718766 -0.003134 0.032176 -0.085804 0.995787
1153.199774 79.126486 -8.369240 2.737750 -0.010377 0.030670 -0.085756 0.995790
1153.299607 79.298611 -8.391119 2.742321 -0.016729 0.027167 -0.085549 0.995823
1153.399455 79.455005 -8.408499 2.734336 -0.022153 0.022638 -0.085829 0.995806
1153.499293 79.614437 -8.423434 2.726960 -0.021362 0.021749 -0.086261 0.995806
1153.599131 79.781770 -8.440782 2.727634 -0.016887 0.023455 -0.086596 0.995824
1153.699770 79.958663 -8.449932 2.736765 -0.013503 0.024867 -0.087083 0.995799
1153.799610 80.121623 -8.454834 2.743083 -0.007882 0.024132 -0.087019 0.995883
1153.899435 80.271673 -8.462196 2.741016 -0.001069 0.022445 -0.086825 0.995970
1153.999272 80.433462 -8.465953 2.740691 0.001599 0.019501 -0.087513 0.995971
1154.099529 80.603140 -8.468722 2.737269 0.000541 0.016867 -0.087894 0.995987
1154.199370 80.770062 -8.471883 2.737807 -0.001071 0.016309 -0.087980 0.995988
1154.299215 80.936907 -8.474241 2.740545 -0.001006 0.017456 -0.088429 0.995929
1154.399446 81.104297 -8.475560 2.748819 -0.001031 0.018132 -0.088675 0.995895
1154.499289 81.272105 -8.482283 2.753463 0.003153 0.017585 -0.088622 0.995905
1154.599133 81.436357 -8.494553 2.753026 0.003101 0.015713 -0.088958 0.995907
1154.699784 81.602752 -8.509600 2.756520 0.001578 0.014576 -0.089474 0.995881
1154.799615 81.761248 -8.517491 2.766271 -0.000199 0.014797 -0.089800 0.995850
1154.899431 81.901094 -8.520014 2.772571 -0.001233 0.015187 -0.090208 0.995806
1154.999276 82.040755 -8.526640 2.773493 -0.000797 0.015165 -0.090388 0.995791
1155.099122 82.192296 -8.540229 2.773649 -0.000007 0.014961 -0.090569 0.995778
1155.199771 82.360599 -8.554071 2.781272 -0.000125 0.013740 -0.091226 0.995735
1155.299618 82.520438 -8.565597 2.789510 -0.001242 0.010979 -0.091504 0.995743
1155.399475 82.667274 -8.572413 2.796561 -0.001975 0.008271 -0.091036 0.995811
1155.499311 82.809285 -8.586162 2.792178 -0.001375 0.006133 -0.090648 0.995863
1155.599154 82.946411 -8.600686 2.795377 -0.001528 0.000128 -0.090556 0.995890
1155.699778 83.081392 -8.609746 2.805958 -0.002300 -0.013760 -0.091332 0.995723
1155.799621 83.202453 -8.611856 2.816461 -0.001941 -0.056680 -0.091639 0.994176
1155.899460 83.321129 -8.618444 2.790337 -0.000577 -0.086433 -0.091922 0.992008
1155.999313 83.408350 -8.621611 2.765429 -0.000394 -0.082093 -0.092417 0.992330
1156.099140 83.473492 -8.628959 2.770483 -0.000532 -0.061307 -0.092756 0.993800
1156.199787 83.535192 -8.632645 2.788497 -0.001402 -0.040190 -0.092566 0.994894
1156.299631 83.586341 -8.639803 2.816032 -0.002553 -0.026736 -0.092201 0.995378
1156.399475 83.623470 -8.642557 2.838399 -0.002455 -0.020041 -0.092019 0.995553
1156.499321 83.657813 -8.649934 2.835371 -0.002753 -0.016149 -0.092120 0.995613
1156.599173 83.688733 -8.657649 2.817124 -0.002300 -0.012730 -0.091865 0.995687
1156.699803 83.713205 -8.659326 2.801211 -0.002456 -0.018115 -0.091684 0.995620
1156.799651 83.732500 -8.658904 2.793826 -0.002938 -0.018752 -0.091945 0.995583
1156.899499 83.753193 -8.657055 2.794825 -0.004340 -0.010264 -0.092184 0.995680
1156.999331 83.772626 -8.658785 2.799554 -0.005884 -0.000539 -0.092129 0.995730
1157.099177 83.779118 -8.665003 2.807783 -0.005656 0.005057 -0.091772 0.995751
1157.199812 83.787429 -8.672873 2.811717 -0.004643 0.005092 -0.090878 0.995838
1157.299654 83.785932 -8.675704 2.806417 -0.003832 0.003379 -0.088505 0.996063
1157.399497 83.787853 -8.670631 2.796164 -0.002776 0.003827 -0.082922 0.996545
1157.499346 83.794084 -8.665021 2.789559 -0.003262 0.006100 -0.075892 0.997092
1157.599176 83.797495 -8.663807 2.792285 -0.005700 0.008428 -0.069106 0.997557
1157.699818 83.796778 -8.663176 2.798167 -0.007299 0.009019 -0.062882 0.997954
1157.799660 83.790906 -8.664265 2.803943 -0.006771 0.008889 -0.056818 0.998322
1157.899512 83.785960 -8.663856 2.803780 -0.004854 0.008689 -0.050851 0.998657
1157.999340 83.784612 -8.661980 2.800430 -0.003573 0.008856 -0.046458 0.998875
1158.099182 83.784676 -8.663074 2.802086 -0.005369 0.009718 -0.045697 0.998894
1158.199824 83.788428 -8.667584 2.799008 -0.005361 0.011853 -0.045769 0.998867
1158.299655 83.778821 -8.668573 2.787582 -0.004231 0.021656 -0.045887 0.998703
1158.399502 83.777644 -8.668683 2.781285 -0.002296 0.035271 -0.045933 0.998319
1158.499340 83.784799 -8.667393 2.776645 -0.002393 0.042391 -0.046109 0.998034
1158.599192 83.797591 -8.668076 2.781698 -0.002634 0.043200 -0.046240 0.997992
1158.699823 83.811289 -8.671756 2.787998 -0.002860 0.045565 -0.046247 0.997886
1158.799671 83.838634 -8.678989 2.791065 -0.003055 0.050218 -0.045874 0.997680
1158.899510 83.884276 -8.684112 2.783951 -0.002958 0.054341 -0.045611 0.997476
1158.999354 83.930656 -8.683948 2.772013 -0.001905 0.056792 -0.045477 0.997348
1159.099205 83.973502 -8.686513 2.768950 -0.002100 0.056612 -0.045502 0.997357
1159.199432 84.022599 -8.690734 2.776822 -0.001986 0.052156 -0.045780 0.997587
1159.299267 84.078528 -8.694858 2.788000 -0.001238 0.048651 -0.045680 0.997770
1159.399508 84.147251 -8.702089 2.801824 -0.001228 0.051342 -0.045632 0.997637
1159.499359 84.219394 -8.709568 2.803532 -0.001477 0.054586 -0.045519 0.997470
1159.599196 84.297044 -8.717093 2.796160 -0.001456 0.055548 -0.045173 0.997433
1159.699829 84.389636 -8.727791 2.795832 -0.002088 0.053454 -0.045426 0.997534
1159.799664 84.478577 -8.739901 2.797397 -0.002963 0.048399 -0.045429 0.997790
1159.899510 84.584229 -8.752872 2.800233 -0.002187 0.043856 -0.045292 0.998008
1159.999335 84.692970 -8.764184 2.800057 -0.002754 0.044379 -0.045324 0.997982
1160.099176 84.807043 -8.774142 2.796973 -0.003111 0.047702 -0.045192 0.997834
1160.199819 84.933953 -8.786960 2.797774 -0.002823 0.050942 -0.044943 0.997686
1160.299658 85.056359 -8.801361 2.798496 -0.003029 0.049582 -0.044811 0.997760
1160.399501 85.181268 -8.813267 2.803997 -0.002334 0.046500 -0.044966 0.997903
1160.499345 85.304573 -8.826235 2.803320 -0.002542 0.043729 -0.045007 0.998026
1160.599179 85.430774 -8.838422 2.804674 -0.002819 0.043228 -0.045239 0.998036
1160.699799 85.555691 -8.850232 2.807502 -0.002318 0.041295 -0.045462 0.998110
1160.799645 85.678725 -8.861219 2.811404 -0.001922 0.037955 -0.045611 0.998236
1160.899474 85.814260 -8.872635 2.809283 -0.002898 0.035906 -0.045983 0.998293
1160.999314 85.955491 -8.889981 2.814327 -0.002847 0.036466 -0.045799 0.998281
1161.099158 86.113337 -8.909894 2.817163 -0.002939 0.035159 -0.045807 0.998327
1161.199806 86.276739 -8.928258 2.825044 -0.003074 0.032450 -0.045936 0.998412
1161.299653 86.436665 -8.943175 2.828439 -0.002913 0.030182 -0.046007 0.998481
1161.399495 86.596149 -8.959321 2.829335 -0.002410 0.029177 -0.045919 0.998516
1161.499344 86.748255 -8.972585 2.824487 -0.002024 0.028997 -0.046051 0.998516
1161.599179 86.904483 -8.989720 2.826454 -0.002940 0.027881 -0.045803 0.998557
1161.699829 87.052115 -9.005755 2.828143 -0.003301 0.029248 -0.045835 0.998515
1161.799670 87.193901 -9.022811 2.831832 -0.003045 0.030987 -0.045569 0.998476
1161.899514 87.342049 -9.040393 2.832323 -0.003744 0.029423 -0.045592 0.998520
1161.999359 87.494631 -9.055043 2.835989 -0.003844 0.027320 -0.045906 0.998565
1162.099201 87.645504 -9.072078 2.838120 -0.003448 0.027387 -0.045943 0.998563
1162.199439 87.802361 -9.085273 2.840108 -0.002865 0.027917 -0.046167 0.998539
1162.299272 87.964417 -9.099776 2.844154 -0.002533 0.027815 -0.046407 0.998532
1162.399513 88.130130 -9.116969 2.849697 -0.002709 0.027073 -0.046554 0.998545
1162.499368 88.294993 -9.139986 2.855903 -0.002161 0.026011 -0.046574 0.998574
1162.599202 88.453845 -9.162451 2.856713 -0.003169 0.024515 -0.046874 0.998595
1162.699440 88.610458 -9.178325 2.855987 -0.003932 0.024458 -0.046786 0.998598
1162.799268 88.769168 -9.193583 2.856647 -0.005411 0.024491 -0.046912 0.998584
1162.899515 88.927058 -9.210347 2.862503 -0.005268 0.023006 -0.047058 0.998613
1162.999360 89.073293 -9.232185 2.873393 -0.003819 0.020082 -0.047055 0.998683
1163.099196 89.230387 -9.255427 2.892890 -0.003828 0.017598 -0.047031 0.998731
1163.199843 89.392658 -9.277186 2.917452 -0.003683 0.017297 -0.047034 0.998737
1163.299688 89.559939 -9.295142 2.941766 -0.005575 0.017331 -0.047199 0.998720
1163.399542 89.723638 -9.312760 2.969052 -0.006315 0.016609 -0.047286 0.998723
1163.499387 89.880214 -9.331284 2.986609 -0.006785 0.013378 -0.047285 0.998769
1163.599231 90.037151 -9.353375 2.996670 -0.007736 0.011389 -0.047209 0.998790
1163.699486 90.189891 -9.370713 3.005624 -0.008024 0.012603 -0.047264 0.998771
1163.799316 90.332227 -9.389141 3.018293 -0.008576 0.017153 -0.046880 0.998716
1163.899167 90.471747 -9.403223 3.021534 -0.009114 0.020279 -0.046484 0.998672
1163.999816 90.620350 -9.421292 3.022976 -0.008673 0.021539 -0.046085 0.998668
1164.099652 90.763159 -9.441741 3.026870 -0.008847 0.020451 -0.046281 0.998680
1164.199506 90.904647 -9.466779 3.038943 -0.008108 0.018097 -0.046072 0.998741
1164.299337 91.044832 -9.489318 3.051300 -0.008284 0.015722 -0.045580 0.998803
1164.399185 91.181811 -9.505003 3.060585 -0.007837 0.016555 -0.045179 0.998811
1164.499827 91.310317 -9.513518 3.063854 -0.007683 0.020326 -0.044998 0.998751
1164.599661 91.449447 -9.522007 3.062354 -0.008124 0.024011 -0.045073 0.998662
1164.699492 91.577866 -9.538194 3.071110 -0.007793 0.023612 -0.044680 0.998692
1164.799330 91.706319 -9.555799 3.084242 -0.008414 0.020002 -0.044534 0.998772
1164.899165 91.841275 -9.572755 3.098162 -0.008058 0.016204 -0.044480 0.998846
1164.999799 91.995286 -9.590459 3.115255 -0.007295 0.014063 -0.044248 0.998895
1165.099629 92.144672 -9.602880 3.119914 -0.008066 0.014364 -0.044106 0.998891
1165.199460 92.274580 -9.616787 3.113318 -0.007561 0.016677 -0.044053 0.998861
1165.299298 92.412170 -9.629595 3.108067 -0.007017 0.018150 -0.044238 0.998831
1165.399139 92.545133 -9.645608 3.106071 -0.005138 0.016433 -0.044169 0.998876
1165.499777 92.672164 -9.657499 3.119212 -0.004071 0.013125 -0.044392 0.998920
1165.599613 92.786762 -9.670805 3.139395 -0.004927 0.013939 -0.044587 0.998896
1165.699438 92.898650 -9.682158 3.152981 -0.006554 0.016245 -0.045060 0.998831
1165.799294 93.021709 -9.695173 3.163689 -0.006431 0.017781 -0.045232 0.998798
1165.899130 93.144394 -9.709303 3.176481 -0.005437 0.019472 -0.045287 0.998769
1165.999758 93.270689 -9.720374 3.184837 -0.004724 0.019484 -0.045573 0.998760
1166.099607 93.394224 -9.731326 3.193695 -0.005045 0.018919 -0.045714 0.998763
1166.199445 93.507014 -9.741650 3.206091 -0.004267 0.019740 -0.045869 0.998743
1166.299281 93.621710 -9.756275 3.220315 -0.004301 0.020840 -0.045997 0.998715
1166.399130 93.737722 -9.773494 3.232456 -0.005060 0.022767 -0.045886 0.998674
1166.499778 93.864626 -9.792246 3.242496 -0.006522 0.024773 -0.045816 0.998621
1166.599630 93.983707 -9.804136 3.252454 -0.006637 0.025084 -0.045834 0.998612
1166.699474 94.097265 -9.811712 3.264915 -0.006260 0.025208 -0.046196 0.998595
1166.799301 94.212490 -9.820633 3.277577 -0.005676 0.027427 -0.046117 0.998543
1166.899132 94.329729 -9.832739 3.289018 -0.004981 0.029211 -0.046031 0.998500
1166.999775 94.454004 -9.847261 3.300525 -0.003809 0.029758 -0.046385 0.998473
1167.099621 94.586357 -9.864162 3.314455 -0.003933 0.030181 -0.046621 0.998449
1167.199470 94.722950 -9.879339 3.327971 -0.003177 0.029938 -0.046797 0.998451
1167.299301 94.860675 -9.892745 3.339764 -0.003517 0.029519 -0.047029 0.998451
1167.399130 94.993335 -9.905462 3.354480 -0.003898 0.029512 -0.046921 0.998455
1167.499781 95.131670 -9.920204 3.363876 -0.004293 0.034302 -0.046720 0.998310
1167.599618 95.275011 -9.932775 3.371509 -0.004320 0.037428 -0.046620 0.998202
1167.699474 95.408576 -9.946856 3.382702 -0.003862 0.036491 -0.046630 0.998238
1167.799317 95.534019 -9.961481 3.403286 -0.005590 0.032537 -0.046747 0.998361
1167.899154 95.653346 -9.978394 3.428606 -0.005038 0.029772 -0.046432 0.998465
1167.999789 95.773672 -9.997950 3.454183 -0.005401 0.030192 -0.046386 0.998453
1168.099629 95.907333 -10.014687 3.467720 -0.005685 0.032763 -0.046437 0.998368
1168.199465 96.047157 -10.028577 3.479555 -0.004854 0.034375 -0.046382 0.998320
1168.299317 96.192234 -10.040681 3.493380 -0.005043 0.033866 -0.046645 0.998325
1168.399170 96.345170 -10.057362 3.514059 -0.004890 0.032430 -0.046763 0.998367
1168.499821 96.503119 -10.074258 3.539198 -0.005032 0.032170 -0.046966 0.998366
1168.599680 96.659521 -10.092308 3.564592 -0.005317 0.034254 -0.047326 0.998278
1168.699517 96.804147 -10.111091 3.588359 -0.004869 0.037539 -0.047243 0.998166
1168.799355 96.948221 -10.127098 3.606281 -0.004122 0.038977 -0.047313 0.998111
1168.899196 97.105777 -10.141759 3.611582 -0.004489 0.035462 -0.047307 0.998241
1168.999832 97.271723 -10.156997 3.614921 -0.004676 0.030924 -0.047708 0.998372
1169.099673 97.435888 -10.176139 3.616770 -0.004335 0.029622 -0.047650 0.998415
1169.199516 97.602575 -10.197925 3.618374 -0.004936 0.031367 -0.047511 0.998366
1169.299349 97.764117 -10.212605 3.621081 -0.005430 0.031324 -0.047523 0.998364
1169.399198 97.911864 -10.227660 3.624983 -0.005451 0.030142 -0.047383 0.998407
1169.499440 98.060143 -10.250507 3.627042 -0.004669 0.026845 -0.047227 0.998512
1169.599276 98.217241 -10.272364 3.627754 -0.004779 0.024719 -0.047396 0.998559
1169.699108 98.381611 -10.288452 3.626195 -0.004804 0.022985 -0.047443 0.998598
1169.799748 98.549188 -10.301552 3.623015 -0.004634 0.025142 -0.047367 0.998550
1169.899584 98.712519 -10.316567 3.623111 -0.004460 0.027722 -0.047554 0.998474
1169.999434 98.874334 -10.332936 3.624242 -0.005278 0.028979 -0.047832 0.998421
1170.099275 99.037816 -10.357078 3.627724 -0.004515 0.028391 -0.047705 0.998448
1170.199522 99.205830 -10.375986 3.629685 -0.003765 0.028649 -0.047785 0.998440
1170.299369 99.374596 -10.389742 3.626821 -0.003633 0.030538 -0.047885 0.998379
1170.399204 99.539759 -10.408350 3.625045 -0.003868 0.032400 -0.047915 0.998318
1170.499453 99.694167 -10.428979 3.622337 -0.004218 0.032451 -0.047969 0.998313
1170.599298 99.854674 -10.444871 3.626947 -0.004536 0.032397 -0.048226 0.998301
1170.699136 100.021123 -10.460289 3.629717 -0.004412 0.032249 -0.048188 0.998308
1170.799772 100.195096 -10.480536 3.631541 -0.003722 0.032744 -0.047877 0.998309
1170.899630 100.369847 -10.504523 3.624964 -0.003942 0.033906 -0.048002 0.998264
1170.999475 100.538747 -10.530144 3.620381 -0.003630 0.035645 -0.047808 0.998214
1171.099311 100.708162 -10.551380 3.625465 -0.004640 0.037329 -0.047833 0.998147
1171.199141 100.879333 -10.564168 3.634778 -0.004588 0.039159 -0.047832 0.998077
1171.299777 101.053903 -10.583426 3.639189 -0.004329 0.039049 -0.047464 0.998100
1171.399623 101.228819 -10.603301 3.637874 -0.004519 0.037110 -0.047388 0.998177
1171.499468 101.406128 -10.630948 3.640183 -0.005357 0.035735 -0.047098 0.998236
1171.599303 101.587212 -10.654969 3.641665 -0.004805 0.034438 -0.047111 0.998284
1171.699143 101.777195 -10.679165 3.644444 -0.006274 0.033268 -0.047170 0.998313
1171.799769 101.969481 -10.703151 3.644768 -0.006817 0.030292 -0.046847 0.998419
1171.899624 102.166602 -10.728110 3.650101 -0.006467 0.027262 -0.047053 0.998499
1171.999467 102.364978 -10.751260 3.657628 -0.006518 0.027084 -0.047261 0.998494
1172.099315 102.557834 -10.771186 3.660083 -0.008529 0.029829 -0.047699 0.998380
1172.199159 102.740610 -10.788752 3.665651 -0.010036 0.029364 -0.048068 0.998362
1172.299802 102.915232 -10.810670 3.665718 -0.009439 0.025129 -0.048234 0.998475
1172.399650 103.094079 -10.836908 3.659554 -0.009546 0.019431 -0.048491 0.998589
1172.499482 103.272678 -10.856545 3.659122 -0.009892 0.015215 -0.049024 0.998633
1172.599319 103.452989 -10.868587 3.659705 -0.010930 0.012927 -0.049451 0.998633
1172.699169 103.629815 -10.885235 3.663701 -0.010652 0.012126 -0.049907 0.998623
1172.799811 103.799208 -10.901871 3.667077 -0.007645 0.011363 -0.049940 0.998658
1172.899650 103.966361 -10.921738 3.669765 -0.006679 0.012625 -0.050001 0.998647
1172.999504 104.138457 -10.940692 3.672827 -0.006633 0.012409 -0.050413 0.998629
1173.099341 104.305037 -10.957668 3.669833 -0.006839 0.012367 -0.051078 0.998595
1173.199195 104.476066 -10.975187 3.664347 -0.005564 0.013636 -0.051269 0.998576
1173.299849 104.645144 -10.989907 3.661487 -0.003170 0.014891 -0.051597 0.998552
1173.399693 104.808461 -11.003472 3.663593 -0.002641 0.015032 -0.051504 0.998556
1173.499519 104.968322 -11.018029 3.673823 -0.001940 0.014097 -0.051240 0.998585
1173.599358 105.136108 -11.036821 3.681036 -0.001869 0.012871 -0.051072 0.998610
1173.699199 105.299670 -11.054079 3.683814 -0.004075 0.014560 -0.050776 0.998596
1173.799443 105.453345 -11.073558 3.676829 -0.007290 0.016246 -0.050231 0.998579
1173.899288 105.602123 -11.093979 3.668138 -0.009082 0.017252 -0.049636 0.998577
1173.999126 105.739850 -11.111164 3.666411 -0.009029 0.016560 -0.048845 0.998628
1174.099767 105.884406 -11.122657 3.670075 -0.008959 0.013937 -0.048425 0.998689
1174.199605 106.024351 -11.135810 3.673795 -0.008413 0.010637 -0.048152 0.998748
1174.299456 106.152568 -11.148724 3.675748 -0.007815 0.010129 -0.047896 0.998770
1174.399297 106.285298 -11.164631 3.674599 -0.007778 0.013665 -0.047634 0.998741
1174.499147 106.429654 -11.185696 3.670403 -0.009046 0.017873 -0.047329 0.998678
1174.599775 106.576221 -11.204834 3.664074 -0.009947 0.020306 -0.047067 0.998636
1174.699615 106.717616 -11.219028 3.666202 -0.009089 0.020375 -0.047331 0.998630
1174.799453 106.860269 -11.226658 3.677347 -0.006800 0.019681 -0.047836 0.998638
1174.899302 107.016449 -11.240746 3.683715 -0.003749 0.019628 -0.048327 0.998632
1174.999133 107.171586 -11.254273 3.683326 -0.001892 0.020269 -0.048703 0.998606
1175.099761 107.312932 -11.270784 3.676011 -0.002360 0.020732 -0.049155 0.998573
1175.199600 107.451866 -11.286674 3.677286 -0.005334 0.022543 -0.049900 0.998486
1175.299449 107.585997 -11.301515 3.681185 -0.004751 0.023073 -0.050507 0.998446
1175.399284 107.715668 -11.313046 3.686321 -0.005176 0.021640 -0.051049 0.998448
1175.499135 107.842990 -11.330275 3.686638 -0.004808 0.017762 -0.051006 0.998529
1175.599775 107.966734 -11.345689 3.688647 -0.005329 0.017432 -0.051267 0.998519
1175.699609 108.093926 -11.353807 3.688144 -0.004988 0.019806 -0.051434 0.998468
1175.799444 108.234051 -11.362231 3.691614 -0.005024 0.021735 -0.051618 0.998418
1175.899269 108.370761 -11.378770 3.694182 -0.004462 0.021964 -0.051682 0.998412
1175.999499 108.505601 -11.396832 3.695029 -0.004599 0.022446 -0.051901 0.998389
1176.099339 108.642394 -11.411774 3.693096 -0.004641 0.021660 -0.051754 0.998414
1176.199188 108.773735 -11.425344 3.693184 -0.005415 0.021434 -0.052024 0.998401
1176.299801 108.909271 -11.444534 3.694500 -0.006343 0.021335 -0.051876 0.998405
1176.399643 109.041313 -11.458164 3.697450 -0.005470 0.016390 -0.051544 0.998521
1176.499473 109.176688 -11.471129 3.697018 -0.004034 0.014232 -0.051354 0.998571
1176.599319 109.301077 -11.488382 3.692546 -0.004019 0.013745 -0.050741 0.998609
1176.699163 109.418977 -11.503093 3.694776 -0.005043 0.017127 -0.050570 0.998561
1176.799806 109.546846 -11.517453 3.697777 -0.007567 0.019155 -0.050409 0.998516
1176.899626 109.671198 -11.533670 3.697653 -0.008073 0.021300 -0.049920 0.998493
1176.999469 109.799620 -11.550362 3.700964 -0.008227 0.022466 -0.049736 0.998476
1177.099298 109.921851 -11.568210 3.706553 -0.007296 0.023865 -0.049816 0.998447
1177.199148 110.033502 -11.580191 3.708109 -0.007467 0.024671 -0.050379 0.998397
1177.299796 110.156990 -11.593688 3.702413 -0.007412 0.024748 -0.050867 0.998371
1177.399645 110.279027 -11.602611 3.704558 -0.006390 0.026095 -0.051787 0.998297
1177.499490 110.401898 -11.612886 3.705622 -0.004289 0.026041 -0.052593 0.998267
1177.599334 110.519759 -11.622941 3.702056 -0.003524 0.025266 -0.053360 0.998249
1177.699173 110.639417 -11.634435 3.698617 -0.004729 0.023738 -0.053579 0.998270
1177.799802 110.765569 -11.648353 3.701992 -0.005794 0.024488 -0.053325 0.998260
1177.899638 110.890582 -11.662640 3.707030 -0.006592 0.025825 -0.053692 0.998202
1177.999479 111.010367 -11.674594 3.709218 -0.005419 0.026847 -0.054068 0.998162
1178.099322 111.129220 -11.684789 3.709675 -0.002999 0.026234 -0.054830 0.998147
1178.199162 111.258524 -11.696745 3.708293 0.001372 0.026685 -0.055641 0.998093
1178.299796 111.387144 -11.707292 3.702666 0.001195 0.028425 -0.056272 0.998010
1178.399635 111.506373 -11.721221 3.703404 -0.001572 0.030916 -0.056653 0.997914
1178.499468 111.616073 -11.731855 3.708255 -0.003825 0.033245 -0.056818 0.997824
1178.599318 111.728796 -11.741043 3.722532 -0.003373 0.035005 -0.056546 0.997780
1178.699174 111.845132 -11.749836 3.728416 -0.001281 0.033152 -0.055920 0.997884
1178.799813 111.969622 -11.763098 3.718935 0.000912 0.032114 -0.055346 0.997950
1178.899646 112.090161 -11.780165 3.713976 0.001115 0.034534 -0.054730 0.997903
1178.999485 112.220945 -11.793334 3.716093 -0.000770 0.035570 -0.054934 0.997856
1179.099329 112.356242 -11.806816 3.721707 -0.000920 0.035066 -0.055215 0.997858
1179.199160 112.492034 -11.824053 3.725660 -0.001457 0.035414 -0.055314 0.997840
1179.299808 112.640516 -11.840106 3.737859 -0.000012 0.035452 -0.055331 0.997838
1179.399644 112.790550 -11.857296 3.742541 0.000679 0.034108 -0.055106 0.997898
1179.499484 112.933153 -11.870117 3.741178 -0.000667 0.033494 -0.054930 0.997928
1179.599328 113.070084 -11.883840 3.740380 -0.002134 0.033684 -0.054913 0.997921
1179.699174 113.208424 -11.898067 3.737876 -0.002174 0.033193 -0.054814 0.997942
1179.799820 113.355043 -11.915421 3.739564 -0.001682 0.031181 -0.054879 0.998005
1179.899657 113.502857 -11.933954 3.737522 -0.002511 0.029896 -0.054948 0.998038
1179.999495 113.643433 -11.949430 3.733109 -0.003153 0.032422 -0.055202 0.997944
1180.099324 113.776015 -11.968607 3.734899 -0.002935 0.032925 -0.055139 0.997931
1180.199168 113.904595 -11.987303 3.736226 -0.002109 0.030795 -0.054908 0.998014
1180.299810 114.033784 -12.004058 3.747482 -0.002232 0.027139 -0.054990 0.998116
1180.399648 114.167787 -12.021350 3.769472 -0.002605 0.023406 -0.054881 0.998215
1180.499495 114.304722 -12.030231 3.786534 -0.002010 0.020205 -0.055060 0.998277
1180.599333 114.442695 -12.045000 3.804766 -0.002259 0.018922 -0.054808 0.998315
1180.699180 114.591967 -12.065512 3.820002 -0.005366 0.015735 -0.055077 0.998344
1180.799836 114.747756 -12.085307 3.847994 -0.006517 0.013782 -0.055878 0.998321
1180.899667 114.881731 -12.102472 3.862942 -0.008682 -0.015438 -0.056585 0.998241
1180.999513 114.999453 -12.117622 3.884498 -0.009354 -0.045048 -0.057939 0.997259
1181.099360 115.114495 -12.131820 3.866840 -0.010488 -0.045643 -0.059729 0.997115
1181.199209 115.217407 -12.143069 3.848813 -0.008934 -0.017936 -0.060640 0.997959
1181.299453 115.306053 -12.145419 3.842035 -0.005125 0.007218 -0.060379 0.998136
1181.399285 115.389882 -12.155581 3.852121 -0.001630 0.016836 -0.059201 0.998103
1181.499118 115.454992 -12.175833 3.879698 -0.001383 0.019219 -0.057887 0.998137
1181.599744 115.517915 -12.190127 3.898944 -0.003623 0.018941 -0.057362 0.998167
1181.699572 115.586313 -12.204635 3.899571 -0.005977 0.021051 -0.057227 0.998121
1181.799406 115.654542 -12.218777 3.888105 -0.006448 0.021315 -0.057153 0.998117
1181.899245 115.730911 -12.233407 3.880351 -0.008182 0.022599 -0.057035 0.998083
1181.999484 115.814778 -12.248929 3.878173 -0.009786 0.023812 -0.056617 0.998064
1182.099327 115.903273 -12.267393 3.884362 -0.015659 0.025272 -0.056080 0.997984
1182.199175 115.986384 -12.278060 3.887997 -0.020805 0.024632 -0.055707 0.997926
1182.299816 116.067743 -12.288376 3.886226 -0.022304 0.025716 -0.054977 0.997907
1182.399664 116.152473 -12.299228 3.885462 -0.021563 0.027280 -0.054598 0.997903
1182.499507 116.240508 -12.308711 3.889014 -0.019928 0.028059 -0.054279 0.997933
1182.599330 116.332277 -12.315772 3.891994 -0.018283 0.027736 -0.053858 0.997996
1182.699163 116.419385 -12.319621 3.893125 -0.018046 0.029224 -0.053643 0.997969
1182.799818 116.504643 -12.322776 3.894249 -0.014730 0.031841 -0.053591 0.997946
1182.899650 116.593407 -12.326518 3.894765 -0.011773 0.035530 -0.053347 0.997874
1182.999489 116.688230 -12.329992 3.893220 -0.009959 0.037534 -0.053155 0.997831
1183.099340 116.787555 -12.329739 3.894353 -0.009343 0.039015 -0.053068 0.997785
1183.199181 116.878213 -12.327426 3.896088 -0.010855 0.036796 -0.053254 0.997844
1183.299820 116.977661 -12.327646 3.900155 -0.011310 0.034366 -0.053643 0.997905
1183.399658 117.068759 -12.328914 3.901529 -0.008465 0.035945 -0.053974 0.997859
1183.499505 117.165241 -12.328139 3.897558 -0.007041 0.038986 -0.054208 0.997743
1183.599344 117.274384 -12.324203 3.887052 -0.005914 0.039652 -0.054486 0.997709
1183.699165 117.390101 -12.322428 3.884259 -0.005483 0.039212 -0.054982 0.997702
1183.799789 117.496995 -12.322663 3.887743 -0.004405 0.038205 -0.055338 0.997727
1183.899623 117.606081 -12.329627 3.897603 -0.004691 0.036599 -0.055512 0.997776
1183.999456 117.722929 -12.334405 3.900252 -0.005074 0.034082 -0.056068 0.997832
1184.099299 117.840355 -12.337559 3.896815 -0.005531 0.031126 -0.056301 0.997913
1184.199128 117.957608 -12.343321 3.890115 -0.005399 0.030099 -0.056146 0.997954
1184.299758 118.072494 -12.351610 3.891518 -0.005235 0.030258 -0.056054 0.997955
1184.399617 118.186275 -12.357305 3.896904 -0.004707 0.030941 -0.055902 0.997946
1184.499456 118.310454 -12.360311 3.899465 -0.004903 0.031949 -0.055809 0.997918
1184.599299 118.435084 -12.364833 3.899345 -0.005187 0.032757 -0.055461 0.997910
1184.699139 118.561397 -12.373564 3.900396 -0.005497 0.033207 -0.055372 0.997898
1184.799766 118.685320 -12.381459 3.901100 -0.006277 0.032291 -0.055265 0.997930
1184.899615 118.812538 -12.389352 3.898568 -0.006495 0.030287 -0.055321 0.997988
1184.999459 118.948074 -12.394303 3.898409 -0.007354 0.028944 -0.055522 0.998011
1185.099306 119.088842 -12.402749 3.901867 -0.006338 0.028524 -0.055489 0.998032
1185.199145 119.224252 -12.417993 3.902306 -0.005969 0.027350 -0.055163 0.998085
1185.299770 119.362800 -12.431259 3.902973 -0.006379 0.026905 -0.055285 0.998088
1185.399612 119.492647 -12.440215 3.905445 -0.006946 0.027424 -0.055516 0.998057
1185.499455 119.620220 -12.446160 3.905202 -0.006871 0.026307 -0.055487 0.998089
1185.599285 119.725168 -12.453273 3.901551 -0.006859 0.024920 -0.055517 0.998123
1185.699121 119.845599 -12.460978 3.901058 -0.007077 0.026294 -0.055995 0.998060
1185.799750 119.977094 -12.472298 3.899498 -0.007391 0.027681 -0.056008 0.998019
1185.899589 120.113207 -12.485466 3.896900 -0.007755 0.030160 -0.056089 0.997940
1185.999419 120.249719 -12.499201 3.897286 -0.007564 0.032777 -0.056280 0.997848
1186.099251 120.384787 -12.509928 3.897519 -0.006549 0.032195 -0.056410 0.997867
1186.199501 120.499626 -12.518724 3.901845 -0.004988 0.029841 -0.056604 0.997938
1186.299339 120.618292 -12.524637 3.906615 -0.003793 0.027426 -0.057008 0.997990
1186.399200 120.731726 -12.530692 3.909566 -0.002999 0.024697 -0.057002 0.998064
1186.499443 120.859975 -12.539109 3.913035 -0.003236 0.023662 -0.056645 0.998109
1186.599301 120.986726 -12.550022 3.910934 -0.005824 0.022324 -0.056423 0.998140
1186.699122 121.116248 -12.565998 3.912280 -0.006658 0.021774 -0.056392 0.998149
1186.799758 121.239436 -12.583144 3.913903 -0.006731 0.022775 -0.056275 0.998133
1186.899598 121.354440 -12.592416 3.917788 -0.005990 0.025430 -0.056422 0.998065
1186.999440 121.462981 -12.596575 3.919337 -0.005055 0.026772 -0.056464 0.998033
1187.099294 121.583230 -12.603582 3.919623 -0.004496 0.026016 -0.056437 0.998057
1187.199134 121.706775 -12.617274 3.917560 -0.004428 0.023511 -0.055808 0.998155
1187.299765 121.836927 -12.631779 3.914030 -0.004142 0.022881 -0.055661 0.998179
1187.399618 121.965962 -12.641040 3.915477 -0.004674 0.024234 -0.055461 0.998156
1187.499462 122.088328 -12.646242 3.925534 -0.005158 0.024876 -0.055026 0.998162
1187.599303 122.204257 -12.661371 3.928324 -0.005134 0.023173 -0.055117 0.998198
1187.699160 122.315892 -12.670912 3.925758 -0.006048 0.022972 -0.056101 0.998142
1187.799788 122.438632 -12.678281 3.917893 -0.005862 0.022901 -0.057251 0.998080
1187.899639 122.554510 -12.686374 3.916486 -0.005316 0.024280 -0.058073 0.998003
1187.999483 122.668752 -12.697499 3.919307 -0.003800 0.025307 -0.058398 0.997965
1188.099331 122.770658 -12.709875 3.921752 -0.005460 0.025537 -0.058514 0.997945
1188.199178 122.872558 -12.716950 3.925484 -0.006779 0.025200 -0.058683 0.997936
1188.299810 122.982591 -12.723249 3.927459 -0.006521 0.022478 -0.058358 0.998021
1188.399649 123.094462 -12.732632 3.923247 -0.004486 0.022024 -0.057836 0.998073
1188.499486 123.210269 -12.739574 3.920411 -0.002235 0.022429 -0.057470 0.998093
1188.599342 123.330164 -12.749356 3.923952 0.000459 0.025391 -0.057619 0.998016
1188.699176 123.460622 -12.762211 3.932113 0.002213 0.026656 -0.058185 0.997947
1188.799806 123.594183 -12.776475 3.935338 -0.000717 0.024717 -0.058531 0.997979
1188.899660 123.720371 -12.786383 3.937097 -0.003434 0.021369 -0.058554 0.998050
1188.999504 123.837079 -12.796130 3.934751 -0.005075 0.020218 -0.058483 0.998071
1189.099355 123.949564 -12.809640 3.929684 -0.004250 0.021370 -0.058086 0.998074
1189.199200 124.061000 -12.820908 3.931168 -0.002658 0.027717 -0.058221 0.997915
1189.299434 124.174262 -12.827927 3.936883 -0.003044 0.030733 -0.058414 0.997815
1189.399281 124.279374 -12.832601 3.940332 -0.004495 0.029689 -0.058340 0.997845
1189.499121 124.379161 -12.840444 3.941505 -0.004727 0.027683 -0.058833 0.997873
1189.599776 124.478275 -12.856196 3.940610 -0.004622 0.026109 -0.058926 0.997910
1189.699617 124.574564 -12.874788 3.939997 -0.004327 0.025272 -0.059075 0.997924
1189.799458 124.667967 -12.885864 3.939186 -0.003127 0.024301 -0.059212 0.997945
1189.899285 124.756882 -12.891601 3.938472 -0.003149 0.023919 -0.059344 0.997946
1189.999120 124.862360 -12.899703 3.940034 -0.003313 0.025177 -0.059185 0.997924
1190.099763 124.977795 -12.914664 3.948435 -0.004653 0.025346 -0.059225 0.997912
1190.199599 125.093257 -12.928569 3.946079 -0.006192 0.024832 -0.059676 0.997890
1190.299449 125.208056 -12.940918 3.940672 -0.006204 0.025217 -0.059773 0.997874
1190.399288 125.319542 -12.953536 3.934652 -0.006177 0.026762 -0.059897 0.997827
1190.499129 125.432555 -12.966078 3.930007 -0.005946 0.028875 -0.059920 0.997768
1190.599762 125.545066 -12.980902 3.931821 -0.005814 0.029970 -0.060001 0.997731
1190.699611 125.646597 -12.994830 3.937128 -0.005060 0.027988 -0.060101 0.997787
1190.799443 125.754256 -13.003841 3.939720 -0.003669 0.025845 -0.060544 0.997824
1190.899277 125.855911 -13.013079 3.937268 -0.003760 0.025178 -0.060842 0.997823
1190.999122 125.956149 -13.029918 3.938276 -0.004831 0.027251 -0.060924 0.997759
1191.099755 126.056337 -13.047219 3.940619 -0.006678 0.028568 -0.060869 0.997715
1191.199589 126.163520 -13.059160 3.940791 -0.008172 0.025271 -0.060845 0.997794
1191.299423 126.278529 -13.072835 3.947580 -0.006945 0.024298 -0.060627 0.997841
1191.399257 126.401774 -13.090779 3.952212 -0.006688 0.024149 -0.060693 0.997842
1191.499497 126.526408 -13.108959 3.956916 -0.005844 0.025193 -0.060489 0.997834
1191.599342 126.638224 -13.121832 3.957149 -0.004902 0.028037 -0.060238 0.997778
1191.699196 126.732821 -13.133359 3.956981 -0.006506 0.030443 -0.059842 0.997722
1191.799827 126.827232 -13.144586 3.960221 -0.006508 0.029850 -0.059377 0.997768
1191.899665 126.926201 -13.162324 3.960648 -0.007229 0.028862 -0.059133 0.997807
1191.999496 127.039390 -13.182020 3.958445 -0.007089 0.028483 -0.058752 0.997841
1192.099345 127.162129 -13.194299 3.958782 -0.006756 0.030884 -0.059133 0.997749
1192.199174 127.277938 -13.206560 3.957690 -0.006631 0.032379 -0.059375 0.997688
1192.299801 127.389489 -13.216843 3.956109 -0.006192 0.033694 -0.059655 0.997631
1192.399650 127.495415 -13.227697 3.955959 -0.004864 0.033031 -0.059636 0.997662
1192.499504 127.594646 -13.240020 3.957581 -0.005619 0.031531 -0.059487 0.997715
1192.599358 127.705589 -13.257831 3.965197 -0.006295 0.030349 -0.059138 0.997769
1192.699202 127.811887 -13.274473 3.967438 -0.007555 0.030103 -0.058619 0.997798
1192.799434 127.918215 -13.285979 3.964664 -0.007290 0.031543 -0.058766 0.997747
1192.899269 128.028975 -13.295283 3.958325 -0.005649 0.031839 -0.058975 0.997736
1192.999528 128.152465 -13.312511 3.961958 -0.004038 0.031412 -0.059238 0.997741
1193.099374 128.274714 -13.326318 3.970099 -0.003126 0.030671 -0.059875 0.997730
1193.199202 128.394560 -13.338810 3.973457 -0.002526 0.030020 -0.060423 0.997718
1193.299437 128.520688 -13.351883 3.969637 -0.003258 0.029894 -0.060498 0.997715
1193.399277 128.648415 -13.363571 3.967111 -0.003415 0.029796 -0.060955 0.997690
1193.499101 128.779366 -13.378679 3.967507 -0.003890 0.029698 -0.061096 0.997682
1193.599739 128.913638 -13.394972 3.973257 -0.004603 0.029947 -0.061367 0.997655
1193.699568 129.043115 -13.410113 3.977868 -0.003194 0.032127 -0.061826 0.997565
1193.799411 129.176299 -13.424798 3.976757 -0.001950 0.033409 -0.062175 0.997504
1193.899257 129.308997 -13.443639 3.974579 -0.003622 0.035403 -0.062668 0.997400
1193.999499 129.435636 -13.464692 3.973698 -0.004166 0.035906 -0.062603 0.997384
1194.099333 129.545733 -13.479262 3.977135 -0.003293 0.034784 -0.062449 0.997436
1194.199163 129.652559 -13.494627 3.978700 -0.003986 0.034099 -0.062037 0.997483
1194.299795 129.768255 -13.513022 3.979768 -0.003871 0.034315 -0.061467 0.997512
1194.399625 129.896044 -13.536720 3.982651 -0.005137 0.036264 -0.061336 0.997445
1194.499454 130.025392 -13.555149 3.979708 -0.006397 0.037699 -0.061787 0.997357
1194.599301 130.149417 -13.566628 3.984829 -0.005562 0.037610 -0.062592 0.997315
1194.699148 130.278765 -13.584583 3.990462 -0.003537 0.035924 -0.062245 0.997408
1194.799798 130.416682 -13.600629 3.989345 -0.003949 0.034111 -0.062042 0.997483
1194.899646 130.549780 -13.618739 3.984269 -0.004964 0.037470 -0.062035 0.997358
1194.999487 130.670954 -13.639965 3.984898 -0.004765 0.042692 -0.061933 0.997155
1195.099322 130.793530 -13.659944 3.988679 -0.003862 0.044289 -0.062018 0.997084
1195.199171 130.923594 -13.675813 3.999310 -0.003501 0.041214 -0.061937 0.997223
1195.299805 131.062436 -13.695645 3.996019 -0.005718 0.037359 -0.061516 0.997390
1195.399648 131.202691 -13.718368 3.994591 -0.007483 0.034825 -0.061260 0.997486
1195.499483 131.344540 -13.742911 3.995880 -0.007218 0.033165 -0.061223 0.997547
1195.599329 131.486054 -13.767053 3.997416 -0.007067 0.031878 -0.061330 0.997583
1195.699169 131.632219 -13.785010 4.001123 -0.006225 0.031059 -0.061618 0.997597
1195.799811 131.781562 -13.805390 4.004375 -0.006124 0.030400 -0.061874 0.997602
1195.899652 131.916131 -13.828291 4.005723 -0.009088 0.029119 -0.061970 0.997612
1195.999496 132.053365 -13.842648 4.001148 -0.016363 0.029100 -0.062429 0.997491
1196.099338 132.195465 -13.855098 3.999462 -0.019988 0.028430 -0.062349 0.997449
1196.199181 132.334575 -13.871101 4.000824 -0.018975 0.026993 -0.062193 0.997519
1196.299820 132.478313 -13.889325 4.004350 -0.014950 0.024783 -0.062152 0.997647
1196.399657 132.621441 -13.906511 4.009235 -0.009372 0.023900 -0.062291 0.997728
1196.499494 132.757486 -13.916612 4.007267 -0.005978 0.023149 -0.062330 0.997769
1196.599325 132.893224 -13.921837 4.007103 -0.005196 0.022136 -0.062452 0.997789
1196.699157 133.031459 -13.932847 4.012324 -0.005377 0.021127 -0.062680 0.997796
1196.799793 133.168957 -13.948876 4.008857 -0.006070 0.019280 -0.062602 0.997834
1196.899640 133.300581 -13.959711 3.994765 -0.006985 0.004257 -0.062730 0.997997
1196.999494 133.432839 -13.969805 4.013123 -0.007177 -0.009311 -0.062702 0.997963
1197.099334 133.553078 -13.978389 4.012394 -0.005501 -0.020279 -0.062888 0.997799
1197.199167 133.661212 -13.982870 4.026105 -0.006213 -0.003674 -0.063176 0.997976
1197.299810 133.754669 -13.986380 4.038087 -0.007134 0.014606 -0.063118 0.997874
1197.399662 133.850278 -13.990692 4.040312 -0.006870 0.018946 -0.062884 0.997817
1197.499497 133.947818 -13.999366 4.052718 -0.007473 0.019558 -0.062764 0.997809
1197.599341 134.043096 -14.011566 4.067710 -0.007108 0.019446 -0.062481 0.997831
1197.699196 134.154822 -14.030363 4.080712 -0.007888 0.020451 -0.062426 0.997809
1197.799843 134.265413 -14.040021 4.104209 -0.007377 0.023813 -0.062697 0.997721
1197.899690 134.373150 -14.044176 4.131989 -0.006938 0.027773 -0.063151 0.997593
1197.999548 134.476828 -14.054173 4.149803 -0.005971 0.030347 -0.063274 0.997517
1198.099389 134.572061 -14.062864 4.156921 -0.005246 0.030668 -0.063704 0.997484
1198.199229 134.666761 -14.068150 4.168559 -0.003641 0.031776 -0.063690 0.997457
1198.299466 134.757815 -14.075981 4.176239 -0.002964 0.036788 -0.063662 0.997289
1198.399311 134.853762 -14.090423 4.182465 -0.003319 0.043922 -0.064100 0.996971
1198.499148 134.955465 -14.102899 4.181314 -0.003910 0.048242 -0.064114 0.996768
1198.599785 135.064008 -14.111769 4.184803 -0.004252 0.049535 -0.064404 0.996685
1198.699628 135.178803 -14.124933 4.184992 -0.004013 0.047653 -0.064283 0.996785
1198.799476 135.297108 -14.142531 4.186016 -0.003562 0.047311 -0.064189 0.996809
1198.899318 135.420848 -14.156941 4.188168 -0.003713 0.048517 -0.064435 0.996735
1198.999162 135.554432 -14.172405 4.189069 -0.003631 0.049720 -0.064756 0.996655
1199.099818 135.686772 -14.183760 4.189429 -0.003829 0.049026 -0.064925 0.996678
1199.199675 135.825482 -14.195342 4.191168 -0.004198 0.045699 -0.065180 0.996818
1199.299503 135.965278 -14.213591 4.192486 -0.003641 0.043763 -0.064937 0.996923
1199.399352 136.086890 -14.234625 4.192637 -0.004462 0.042897 -0.064607 0.996978
1199.499200 136.216207 -14.255672 4.193586 -0.004114 0.045701 -0.064530 0.996860
1199.599448 136.368910 -14.276157 4.191581 -0.003818 0.047593 -0.064591 0.996769
1199.699293 136.526732 -14.289214 4.192841 -0.005009 0.045158 -0.065144 0.996841
1199.799129 136.673232 -14.304080 4.197318 -0.005311 0.040344 -0.065813 0.997002
1199.899755 136.827998 -14.326421 4.203736 -0.004083 0.037883 -0.065933 0.997096
1199.999597 136.988034 -14.349116 4.204304 -0.003635 0.035976 -0.065611 0.997190
1200.099434 137.148192 -14.369039 4.203623 -0.005424 0.037152 -0.065704 0.997133
1200.199278 137.297947 -14.388223 4.203136 -0.006833 0.040303 -0.065807 0.996995
1200.299126 137.450490 -14.406676 4.209999 -0.006439 0.043120 -0.065880 0.996875
1200.399767 137.619791 -14.424658 4.215914 -0.004942 0.042072 -0.066287 0.996901
1200.499609 137.784045 -14.444667 4.215790 -0.003606 0.037106 -0.066470 0.997092
1200.599452 137.951417 -14.465478 4.213789 -0.004072 0.033245 -0.066942 0.997195
1200.699285 138.106818 -14.488180 4.210877 -0.004740 0.030869 -0.067070 0.997259
1200.799124 138.258148 -14.510178 4.215173 -0.005220 0.031074 -0.066856 0.997265
1200.899778 138.427904 -14.537801 4.221119 -0.004611 0.032814 -0.066555 0.997232
1200.999599 138.594066 -14.554211 4.229741 -0.004700 0.035572 -0.066692 0.997128
1201.099428 138.746221 -14.572508 4.225819 -0.004105 0.036503 -0.066636 0.997101
1201.199271 138.901257 -14.597505 4.225660 -0.003472 0.038683 -0.066699 0.997017
1201.299517 139.083610 -14.622894 4.226456 -0.003301 0.038865 -0.067002 0.996990
1201.399350 139.263689 -14.644445 4.230220 -0.003772 0.039271 -0.066872 0.996981
1201.499194 139.442512 -14.668116 4.234097 -0.003072 0.039598 -0.066509 0.996995
1201.599821 139.617278 -14.694843 4.235769 -0.003614 0.038846 -0.065860 0.997066
1201.699664 139.784742 -14.717416 4.234888 -0.005242 0.036499 -0.065663 0.997160
1201.799509 139.955129 -14.740120 4.239088 -0.006122 0.037393 -0.065344 0.997143
1201.899340 140.126516 -14.763950 4.240094 -0.006696 0.038354 -0.065106 0.997119
1201.999170 140.296659 -14.787849 4.240409 -0.005242 0.037089 -0.065285 0.997163
1202.099801 140.464605 -14.809676 4.241968 -0.004668 0.033810 -0.065500 0.997269
1202.199620 140.637969 -14.833612 4.250908 -0.003489 0.028836 -0.065711 0.997416
1202.299466 140.811463 -14.856307 4.260543 -0.003800 0.024974 -0.066207 0.997486
1202.399294 140.982807 -14.879948 4.263196 -0.003403 0.024156 -0.066041 0.997519
1202.499135 141.163650 -14.905730 4.262459 -0.003244 0.024555 -0.065666 0.997534
1202.599770 141.340384 -14.928682 4.262342 -0.003484 0.021970 -0.065397 0.997611
1202.699597 141.504688 -14.947819 4.258214 -0.007064 0.019767 -0.065441 0.997636
1202.799446 141.661452 -14.965347 4.253709 -0.009479 0.015589 -0.065291 0.997699
1202.899282 141.824897 -14.981528 4.252863 -0.012512 0.012790 -0.065401 0.997699
1202.999122 141.986873 -15.001277 4.257768 -0.013152 0.011487 -0.065654 0.997690
1203.099754 142.140031 -15.020629 4.256465 -0.011178 0.011297 -0.066890 0.997634
1203.199595 142.277780 -15.038098 4.260596 -0.007223 0.005582 -0.068054 0.997640
1203.299443 142.404739 -15.052812 4.272115 -0.004666 -0.048222 -0.068746 0.996457
1203.399295 142.519016 -15.060345 4.264390 -0.005176 -0.088461 -0.069115 0.993665
1203.499119 142.621701 -15.067911 4.248423 -0.006213 -0.084426 -0.069806 0.993962
1203.599752 142.716315 -15.077108 4.228027 -0.007391 -0.057278 -0.069706 0.995894
1203.699599 142.794676 -15.084632 4.205673 -0.007391 -0.019449 -0.069223 0.997384
1203.799442 142.865628 -15.090896 4.237545 -0.008080 0.004907 -0.068744 0.997590
1203.899289 142.919903 -15.097632 4.278788 -0.006352 0.010098 -0.068616 0.997572
1203.999124 142.970785 -15.105590 4.291040 -0.005964 0.002262 -0.068670 0.997619
1204.099767 143.021323 -15.119787 4.273084 -0.005417 0.001124 -0.068497 0.997636
1204.199600 143.072766 -15.129157 4.264857 -0.005623 0.009214 -0.068710 0.997578
1204.299443 143.123950 -15.135515 4.271126 -0.006218 0.018349 -0.068632 0.997454
1204.399297 143.170531 -15.137567 4.278109 -0.005600 0.022862 -0.068624 0.997365
1204.499139 143.205566 -15.140167 4.280467 -0.005723 0.022874 -0.068477 0.997374
1204.599770 143.234515 -15.143363 4.277426 -0.005972 0.021598 -0.068599 0.997393
1204.699608 143.260727 -15.146268 4.271032 -0.005328 0.020790 -0.068604 0.997413
1204.799450 143.289171 -15.151910 4.266995 -0.004928 0.023068 -0.068645 0.997362
1204.899274 143.324636 -15.159315 4.271891 -0.004079 0.027290 -0.068788 0.997250
1204.999519 143.360843 -15.167414 4.278804 -0.003504 0.030541 -0.068699 0.997164
1205.099357 143.405807 -15.172789 4.284049 -0.003821 0.032111 -0.068845 0.997103
1205.199202 143.455069 -15.178879 4.282445 -0.004492 0.032345 -0.068628 0.997108
1205.299438 143.500443 -15.185856 4.274949 -0.004325 0.031118 -0.068246 0.997174
1205.399276 143.550412 -15.194926 4.273878 -0.004556 0.031087 -0.068349 0.997167
1205.499508 143.598020 -15.208537 4.280905 -0.004944 0.032993 -0.068020 0.997126
1205.599344 143.648472 -15.220108 4.285821 -0.004283 0.036580 -0.067804 0.997019
1205.699181 143.699830 -15.229152 4.288305 -0.004613 0.037784 -0.067810 0.996972
1205.799823 143.755374 -15.239266 4.295506 -0.005068 0.036985 -0.067706 0.997007
1205.899667 143.802171 -15.246159 4.302066 -0.005764 0.036226 -0.067843 0.997021
1205.999503 143.845331 -15.257133 4.312485 -0.005740 0.038611 -0.067383 0.996963
1206.099334 143.904244 -15.271135 4.313049 -0.005804 0.043821 -0.067318 0.996752
1206.199174 143.974151 -15.281761 4.319814 -0.004699 0.047709 -0.067144 0.996591
1206.299808 144.049977 -15.290686 4.332616 -0.005324 0.047977 -0.067267 0.996567
1206.399632 144.122307 -15.303640 4.349344 -0.006134 0.046934 -0.067318 0.996608
1206.499467 144.194406 -15.318309 4.364384 -0.006447 0.044402 -0.067155 0.996733
1206.599314 144.273969 -15.327811 4.374190 -0.010198 0.041845 -0.067240 0.996807
1206.699146 144.348065 -15.336280 4.375156 -0.014376 0.041576 -0.067440 0.996753
1206.799792 144.431437 -15.345662 4.381233 -0.016032 0.045326 -0.067125 0.996586
1206.899640 144.522751 -15.363055 4.383246 -0.016049 0.048374 -0.066920 0.996456
1206.999476 144.615267 -15.366860 4.392647 -0.015876 0.048057 -0.066946 0.996472
1207.099322 144.703576 -15.370476 4.398818 -0.012786 0.044358 -0.066676 0.996706
1207.199159 144.798962 -15.372740 4.392756 -0.011506 0.040706 -0.066779 0.996871
1207.299809 144.903661 -15.375051 4.380085 -0.011677 0.038410 -0.067240 0.996929
1207.399649 145.011873 -15.378138 4.376008 -0.010871 0.035735 -0.067213 0.997039
1207.499492 145.116814 -15.383175 4.383943 -0.010360 0.031807 -0.067297 0.997172
1207.599335 145.227226 -15.384930 4.389868 -0.011731 0.027488 -0.067658 0.997261
1207.699175 145.350635 -15.385328 4.386546 -0.012718 0.025242 -0.067778 0.997300
1207.799815 145.473695 -15.386327 4.379074 -0.013529 0.027655 -0.067876 0.997219
1207.899646 145.597014 -15.386104 4.375789 -0.013411 0.031058 -0.068079 0.997106
1207.999476 145.710435 -15.379242 4.376303 -0.010080 0.033850 -0.067935 0.997064
1208.099317 145.813285 -15.374226 4.379166 -0.007824 0.034113 -0.067932 0.997076
1208.199153 145.907447 -15.372229 4.380757 -0.005894 0.033368 -0.068013 0.997109
1208.299795 146.006995 -15.372632 4.372854 -0.004324 0.030826 -0.068025 0.997198
1208.399621 146.111978 -15.369370 4.368447 -0.004086 0.030526 -0.068127 0.997201
1208.499465 146.222503 -15.364942 4.371484 -0.003918 0.030778 -0.067943 0.997207
1208.599301 146.329519 -15.362432 4.379120 -0.003125 0.030999 -0.067499 0.997233
1208.699130 146.444705 -15.360030 4.381379 -0.003307 0.030459 -0.067439 0.997253
1208.799776 146.561948 -15.354544 4.369761 -0.003493 0.029266 -0.067772 0.997265
1208.899607 146.677511 -15.352410 4.359853 -0.003307 0.028677 -0.068047 0.997264
1208.999444 146.794364 -15.353680 4.360625 -0.002400 0.028269 -0.068382 0.997256
1209.099288 146.914795 -15.354088 4.368688 -0.001248 0.028418 -0.068968 0.997213
1209.199140 147.032530 -15.352426 4.370383 -0.002110 0.029880 -0.069300 0.997146
1209.299781 147.148935 -15.351960 4.366465 -0.001827 0.028869 -0.069455 0.997166
1209.399612 147.271571 -15.350494 4.362620 -0.001177 0.023479 -0.071277 0.997180
1209.499457 147.394100 -15.355310 4.358416 -0.000861 0.017127 -0.072776 0.997201
1209.599283 147.518312 -15.365736 4.360158 0.000361 0.013424 -0.075179 0.997080
1209.699117 147.629832 -15.374989 4.371618 -0.001845 0.013176 -0.077018 0.996941
1209.799754 147.731503 -15.381092 4.366452 -0.003034 0.013041 -0.077909 0.996871
1209.899596 147.820191 -15.381511 4.359157 -0.003400 0.013227 -0.078181 0.996846
1209.999432 147.919677 -15.384029 4.361185 -0.003389 0.015536 -0.078225 0.996809
1210.099256 148.017562 -15.390107 4.364755 -0.004044 0.016646 -0.078146 0.996795
1210.199489 148.106756 -15.398381 4.366314 -0.004614 0.017086 -0.078103 0.996788
1210.299341 148.199646 -15.406799 4.367269 -0.005535 0.017939 -0.078214 0.996760
1210.399174 148.291018 -15.411650 4.363845 -0.005155 0.018729 -0.078329 0.996738
1210.499810 148.382438 -15.415663 4.364850 -0.005218 0.019077 -0.078254 0.996737
1210.599651 148.476400 -15.422712 4.372249 -0.005302 0.019159 -0.078226 0.996737
1210.699499 148.568630 -15.429123 4.372921 -0.005488 0.018462 -0.078394 0.996736
1210.799331 148.661911 -15.436633 4.363121 -0.005282 0.019393 -0.078102 0.996743
1210.899177 148.754165 -15.445582 4.355553 -0.005625 0.021540 -0.078360 0.996677
1210.999805 148.856624 -15.458742 4.362890 -0.004908 0.025426 -0.078304 0.996593
1211.099653 148.952805 -15.467735 4.361104 -0.004696 0.027592 -0.077993 0.996561
1211.199488 149.042706 -15.471879 4.360331 -0.004342 0.028618 -0.078053 0.996529
1211.299312 149.121671 -15.478450 4.364397 -0.004134 0.028309 -0.077940 0.996547
1211.399155 149.210076 -15.484392 4.368282 -0.004802 0.027904 -0.078027 0.996549
1211.499801 149.306672 -15.498471 4.370692 -0.005788 0.027066 -0.078213 0.996552
1211.599642 149.401704 -15.510830 4.366939 -0.005220 0.028321 -0.078107 0.996529
1211.699478 149.492161 -15.520189 4.366249 -0.004329 0.029309 -0.077730 0.996534
1211.799312 149.578145 -15.529751 4.366750 -0.003933 0.028716 -0.077325 0.996585
1211.899143 149.656566 -15.538794 4.369504 -0.004303 0.026032 -0.076938 0.996687
1211.999793 149.737016 -15.546992 4.368886 -0.005344 0.023899 -0.076421 0.996775
1212.099637 149.816216 -15.558977 4.367570 -0.006729 0.023682 -0.075738 0.996824
1212.199469 149.895838 -15.567240 4.367781 -0.008304 0.024538 -0.075522 0.996808
1212.299306 149.981259 -15.577021 4.375623 -0.008420 0.025123 -0.075620 0.996785
1212.399153 150.076960 -15.587409 4.374932 -0.009129 0.025644 -0.076422 0.996704
1212.499791 150.180292 -15.598856 4.374782 -0.008493 0.026150 -0.077562 0.996608
1212.599634 150.274338 -15.609951 4.376941 -0.004813 0.027834 -0.078232 0.996535
1212.699478 150.369792 -15.620605 4.370911 -0.002910 0.028522 -0.078578 0.996496
1212.799327 150.458392 -15.630181 4.362797 -0.002546 0.031402 -0.078831 0.996390
1212.899170 150.550208 -15.640642 4.365391 -0.002171 0.034991 -0.079323 0.996232
1212.999813 150.648740 -15.653220 4.371386 -0.001733 0.034986 -0.079560 0.996214
1213.099643 150.734586 -15.660659 4.381705 -0.002170 0.031157 -0.080432 0.996271
1213.199495 150.818569 -15.671304 4.378123 -0.002107 0.029323 -0.081056 0.996276
1213.299351 150.909115 -15.683320 4.369638 -0.002831 0.028454 -0.081451 0.996267
1213.399192 151.005211 -15.696855 4.362065 -0.003293 0.028720 -0.081782 0.996231
1213.499841 151.108991 -15.707715 4.359283 -0.002555 0.029539 -0.081961 0.996194
1213.599662 151.207336 -15.719663 4.364960 -0.003753 0.032360 -0.081914 0.996107
1213.699508 151.297948 -15.737214 4.366936 -0.004029 0.032942 -0.081480 0.996122
1213.799350 151.392195 -15.754754 4.365762 -0.005390 0.031698 -0.081106 0.996187
1213.899181 151.480630 -15.771144 4.364198 -0.006614 0.029321 -0.080784 0.996278
1213.999831 151.568405 -15.787379 4.363109 -0.007799 0.029214 -0.080459 0.996299
1214.099664 151.670150 -15.800620 4.359083 -0.008408 0.028682 -0.080791 0.996283
1214.199513 151.788523 -15.815167 4.357090 -0.007841 0.028164 -0.080882 0.996295
1214.299354 151.906899 -15.833931 4.358573 -0.006130 0.027362 -0.080892 0.996328
1214.399184 152.024870 -15.852018 4.357717 -0.005043 0.027282 -0.081053 0.996324
1214.499823 152.131714 -15.871212 4.359066 -0.004278 0.027570 -0.080646 0.996352
1214.599664 152.228379 -15.889225 4.361836 -0.004795 0.028951 -0.080157 0.996350
1214.699488 152.321478 -15.906903 4.362602 -0.006648 0.029425 -0.079789 0.996355
1214.799327 152.414901 -15.923043 4.362308 -0.008096 0.028999 -0.079302 0.996396
1214.899160 152.503378 -15.936793 4.363516 -0.007862 0.028357 -0.078865 0.996451
1214.999790 152.596809 -15.951951 4.362978 -0.007421 0.028690 -0.078566 0.996468
1215.099633 152.702603 -15.967317 4.360736 -0.007002 0.029318 -0.078452 0.996462
1215.199475 152.807043 -15.983497 4.356845 -0.005369 0.030944 -0.078490 0.996420
1215.299326 152.912243 -16.001051 4.354643 -0.004456 0.031248 -0.078403 0.996422
1215.399168 153.017889 -16.018620 4.356991 -0.004685 0.029669 -0.078202 0.996485
1215.499802 153.128276 -16.035850 4.364745 -0.005676 0.027220 -0.078193 0.996550
1215.599640 153.241256 -16.054428 4.370006 -0.007016 0.026848 -0.078217 0.996550
1215.699490 153.355224 -16.070057 4.363104 -0.007647 0.027054 -0.078498 0.996518
1215.799343 153.470892 -16.089247 4.355607 -0.007519 0.028390 -0.078724 0.996464
1215.899185 153.585865 -16.111736 4.350944 -0.007419 0.028942 -0.078817 0.996441
1215.999817 153.689647 -16.130669 4.355228 -0.007050 0.029346 -0.078999 0.996418
1216.099659 153.779996 -16.151280 4.357470 -0.007610 0.028840 -0.079054 0.996424
1216.199501 153.875056 -16.173785 4.355597 -0.008717 0.027793 -0.078769 0.996467
1216.299360 153.974434 -16.191270 4.362413 -0.008956 0.027180 -0.078736 0.996485
1216.399214 154.077565 -16.208844 4.364495 -0.009317 0.026534 -0.078352 0.996529
1216.499454 154.181833 -16.226951 4.368601 -0.009039 0.025698 -0.078097 0.996574
1216.599296 154.298369 -16.245517 4.375104 -0.010679 0.023034 -0.078284 0.996608
1216.699121 154.422489 -16.260675 4.375205 -0.013005 0.019669 -0.078729 0.996617
1216.799752 154.546120 -16.282863 4.379684 -0.014929 0.017405 -0.078419 0.996657
1216.899603 154.667880 -16.304910 4.375223 -0.014587 0.016866 -0.078715 0.996648
1216.999442 154.774049 -16.318975 4.369484 -0.013898 0.018129 -0.078905 0.996620
1217.099281 154.879539 -16.336517 4.370325 -0.011725 0.021033 -0.078487 0.996624
1217.199126 154.982566 -16.357646 4.370230 -0.011153 0.023082 -0.078311 0.996599
1217.299762 155.082386 -16.372724 4.367159 -0.010740 0.023527 -0.078537 0.996576
1217.399596 155.180681 -16.381960 4.369745 -0.009760 0.023203 -0.078476 0.996598
1217.499430 155.287573 -16.387993 4.374223 -0.008706 0.023426 -0.078383 0.996610
1217.599270 155.390897 -16.400053 4.368409 -0.007186 0.023801 -0.078028 0.996641
1217.699530 155.490719 -16.416117 4.362285 -0.006857 0.023868 -0.077902 0.996652
1217.799363 155.582535 -16.429882 4.365479 -0.007629 0.023156 -0.077934 0.996660
1217.899214 155.669774 -16.446661 4.366475 -0.008332 0.022655 -0.077568 0.996695
1217.999451 155.767867 -16.464046 4.365359 -0.008603 0.022420 -0.077232 0.996724
1218.099293 155.862870 -16.475548 4.369224 -0.010083 0.022922 -0.077315 0.996692
1218.199136 155.955096 -16.483636 4.379934 -0.009883 0.023623 -0.077031 0.996700
1218.299769 156.056973 -16.493589 4.394769 -0.009863 0.024156 -0.077210 0.996673
1218.399612 156.151550 -16.508660 4.411347 -0.009135 0.024753 -0.077175 0.996668
1218.499444 156.247566 -16.529769 4.429564 -0.008629 0.025933 -0.077452 0.996621
1218.599284 156.334005 -16.545182 4.439037 -0.007943 0.026995 -0.077729 0.996577
1218.699130 156.417838 -16.553656 4.447313 -0.007695 0.028065 -0.078237 0.996510
1218.799767 156.505324 -16.560460 4.459447 -0.007775 0.030249 -0.079077 0.996379
1218.899604 156.591048 -16.573127 4.476994 -0.007026 0.031762 -0.079313 0.996319
1218.999455 156.681980 -16.586218 4.497903 -0.005861 0.031870 -0.079662 0.996295
1219.099288 156.786620 -16.596020 4.511346 -0.006056 0.030341 -0.080346 0.996287
1219.199127 156.894488 -16.608391 4.520580 -0.006017 0.030446 -0.080468 0.996274
1219.299761 156.996028 -16.624094 4.530217 -0.005694 0.031782 -0.080400 0.996240
1219.399587 157.101153 -16.637001 4.541414 -0.006314 0.032472 -0.080541 0.996202
1219.499426 157.204366 -16.659781 4.550160 -0.006923 0.031230 -0.079995 0.996282
1219.599269 157.303874 -16.675813 4.558938 -0.007479 0.030611 -0.079550 0.996333
1219.699512 157.400707 -16.687022 4.563869 -0.007711 0.029699 -0.079111 0.996393
1219.799340 157.501704 -16.698117 4.561237 -0.007827 0.030051 -0.078717 0.996413
1219.899182 157.602705 -16.711651 4.563119 -0.007898 0.032018 -0.078428 0.996374
1219.999822 157.707231 -16.730397 4.571621 -0.007292 0.035681 -0.078590 0.996242
1220.099668 157.816192 -16.742016 4.582306 -0.004792 0.038999 -0.078984 0.996101
1220.199505 157.920209 -16.749401 4.590028 -0.003860 0.038496 -0.079881 0.996053
1220.299342 158.022010 -16.760472 4.593363 -0.003496 0.035042 -0.080227 0.996154
1220.399185 158.127976 -16.773553 4.589446 -0.003621 0.033067 -0.080950 0.996163
1220.499829 158.244072 -16.791787 4.586371 -0.003253 0.033001 -0.081393 0.996130
1220.599658 158.347840 -16.813450 4.589218 -0.003480 0.033970 -0.081037 0.996126
1220.699488 158.456718 -16.831996 4.589116 -0.004253 0.033675 -0.080928 0.996142
1220.799331 158.565896 -16.847467 4.592005 -0.004613 0.032348 -0.080365 0.996230
1220.899159 158.679770 -16.863430 4.589741 -0.004886 0.030193 -0.079910 0.996333
1220.999798 158.789093 -16.884769 4.595309 -0.006048 0.030897 -0.079663 0.996325
1221.099655 158.890015 -16.897307 4.594276 -0.005825 0.032487 -0.079840 0.996261
1221.199499 158.990129 -16.916664 4.584835 -0.006168 0.033331 -0.079809 0.996234
1221.299346 159.102045 -16.930055 4.584020 -0.005974 0.032097 -0.079881 0.996270
1221.399196 159.211626 -16.940346 4.583627 -0.006012 0.030831 -0.080259 0.996279
1221.499831 159.318493 -16.951466 4.585188 -0.005697 0.029890 -0.080358 0.996302
1221.599685 159.419133 -16.968335 4.588548 -0.006063 0.028976 -0.079988 0.996356
1221.699522 159.510265 -16.986732 4.590984 -0.005692 0.029196 -0.079772 0.996369
1221.799371 159.605890 -17.001249 4.588661 -0.005244 0.030190 -0.079754 0.996344
1221.899205 159.693969 -17.013817 4.587699 -0.004515 0.030790 -0.079703 0.996333
1221.999444 159.787270 -17.023337 4.587831 -0.003710 0.031421 -0.079967 0.996295
1222.099290 159.883065 -17.034764 4.585137 -0.003562 0.030488 -0.080520 0.996280
1222.199139 159.978454 -17.048227 4.588820 -0.004091 0.029334 -0.080642 0.996303
1222.299768 160.072313 -17.062941 4.596038 -0.004444 0.027429 -0.080418 0.996374
1222.399601 160.173750 -17.077697 4.602316 -0.005200 0.028483 -0.080277 0.996352
1222.499439 160.285973 -17.093801 4.600305 -0.009342 0.031278 -0.080363 0.996231
1222.599290 160.398285 -17.113787 4.599580 -0.011209 0.034429 -0.080639 0.996086
1222.699136 160.504013 -17.134311 4.596462 -0.009255 0.033464 -0.080835 0.996123
1222.799780 160.615893 -17.148255 4.594531 -0.006644 0.032360 -0.081246 0.996146
1222.899620 160.728184 -17.156076 4.590405 -0.005053 0.032478 -0.081635 0.996120
1222.999467 160.833649 -17.169498 4.593908 -0.005025 0.034528 -0.081839 0.996035
1223.099319 160.943659 -17.186172 4.593121 -0.005148 0.035612 -0.081806 0.995999
1223.199150 161.051169 -17.202859 4.602927 -0.006366 0.036387 -0.081651 0.995976
1223.299792 161.158207 -17.221094 4.609828 -0.007309 0.035621 -0.081814 0.995984
1223.399626 161.262614 -17.236459 4.604204 -0.011805 0.034132 -0.081677 0.996004
1223.499457 161.375948 -17.248512 4.603668 -0.013707 0.034386 -0.081646 0.995974
1223.599289 161.482932 -17.262073 4.609664 -0.013674 0.036061 -0.081409 0.995934
1223.699128 161.582498 -17.275437 4.606729 -0.012558 0.036580 -0.081067 0.995958
1223.799775 161.686188 -17.282672 4.608153 -0.011347 0.036423 -0.081133 0.995973
1223.899608 161.785413 -17.291004 4.614839 -0.010709 0.034943 -0.081276 0.996021
1223.999442 161.875175 -17.302871 4.619448 -0.011227 0.034120 -0.081189 0.996051
1224.099282 161.962278 -17.312525 4.617531 -0.009945 0.034869 -0.081155 0.996042
1224.199126 162.055435 -17.317467 4.613679 -0.007897 0.035377 -0.081297 0.996031
1224.299773 162.153409 -17.319518 4.608244 -0.008651 0.035306 -0.081413 0.996017
1224.399608 162.269918 -17.322735 4.610492 -0.009872 0.035560 -0.081577 0.995984
1224.499441 162.395161 -17.332519 4.612543 -0.009668 0.035053 -0.081645 0.995998
1224.599271 162.520834 -17.350497 4.611234 -0.011326 0.034850 -0.081496 0.996000
1224.699496 162.648517 -17.360726 4.613767 -0.012024 0.036268 -0.081476 0.995943
1224.799340 162.763358 -17.364569 4.614775 -0.010925 0.037481 -0.081447 0.995913
1224.899192 162.873435 -17.365586 4.606167 -0.011057 0.036453 -0.081655 0.995932
1224.999834 162.989638 -17.368172 4.602541 -0.011379 0.034459 -0.081720 0.995994
1225.099677 163.108521 -17.375914 4.593941 -0.011004 0.030963 -0.081632 0.996121
1225.199502 163.230210 -17.382071 4.606212 -0.009482 0.030541 -0.081687 0.996145
1225.299341 163.344347 -17.385778 4.624019 -0.008220 0.032467 -0.081551 0.996106
1225.399171 163.449092 -17.387977 4.625357 -0.007462 0.032340 -0.081184 0.996146
1225.499807 163.559204 -17.390754 4.617544 -0.007014 0.031548 -0.081168 0.996176
1225.599662 163.670048 -17.395034 4.613725 -0.006449 0.031688 -0.081315 0.996164
1225.699510 163.775139 -17.402075 4.609166 -0.005978 0.031615 -0.081457 0.996157
1225.799351 163.885831 -17.409113 4.603129 -0.006654 0.030181 -0.081590 0.996187
1225.899194 163.992014 -17.411870 4.597714 -0.006693 0.031628 -0.081655 0.996136
1225.999840 164.092885 -17.413449 4.605245 -0.006129 0.032879 -0.081553 0.996108
1226.099676 164.186836 -17.417401 4.612314 -0.006528 0.031489 -0.081516 0.996153
1226.199526 164.281394 -17.421635 4.609505 -0.006281 0.029229 -0.081872 0.996194
1226.299378 164.381268 -17.429457 4.604892 -0.006545 0.027137 -0.081974 0.996243
1226.399232 164.491769 -17.438482 4.596907 -0.006618 0.025462 -0.081724 0.996308
1226.499469 164.606865 -17.449728 4.601708 -0.007427 0.025740 -0.081586 0.996306
1226.599306 164.715487 -17.459791 4.601554 -0.008546 0.026023 -0.081170 0.996324
1226.699138 164.819495 -17.468289 4.596948 -0.009361 0.026912 -0.080999 0.996307
1226.799779 164.925751 -17.477004 4.596456 -0.008924 0.027982 -0.080965 0.996284
1226.899600 165.023904 -17.484642 4.598851 -0.007610 0.028846 -0.081040 0.996264
1226.999432 165.123565 -17.489467 4.605311 -0.007633 0.027466 -0.081160 0.996293
1227.099263 165.221522 -17.493955 4.601190 -0.007054 0.026634 -0.081203 0.996317
1227.199516 165.311772 -17.501512 4.592659 -0.007415 0.026692 -0.081062 0.996324
1227.299358 165.404053 -17.514000 4.588089 -0.007907 0.026604 -0.081092 0.996320
1227.399191 165.501983 -17.525088 4.601185 -0.007500 0.011143 -0.081146 0.996612
1227.499831 165.593125 -17.532078 4.611740 -0.007323 0.000320 -0.081042 0.996684
1227.599674 165.662041 -17.537875 4.591634 -0.007551 -0.005697 -0.081579 0.996622
1227.699509 165.724400 -17.540168 4.583606 -0.007006 0.008295 -0.081549 0.996610
1227.799352 165.780048 -17.542235 4.580630 -0.006709 0.022890 -0.081345 0.996401
1227.899196 165.844200 -17.553036 4.584397 -0.007298 0.027241 -0.081233 0.996296
1227.999852 165.912744 -17.564638 4.591556 -0.006972 0.028086 -0.081046 0.996290
1228.099698 165.975822 -17.570291 4.599878 -0.006950 0.027278 -0.081105 0.996308
1228.199517 166.041482 -17.575713 4.598095 -0.006093 0.028807 -0.081063 0.996274
1228.299367 166.108617 -17.578041 4.587136 -0.005260 0.029806 -0.080953 0.996258
1228.399207 166.175322 -17.583337 4.581509 -0.006161 0.031434 -0.080895 0.996208
1228.499449 166.241267 -17.590065 4.580518 -0.006163 0.033010 -0.081013 0.996147
1228.599295 166.297679 -17.598767 4.588551 -0.005985 0.033664 -0.081038 0.996124
1228.699132 166.360284 -17.604162 4.591771 -0.005581 0.034625 -0.081017 0.996096
1228.799770 166.430288 -17.611953 4.591996 -0.005194 0.036365 -0.081174 0.996023
1228.899617 166.497924 -17.617793 4.589822 -0.005349 0.037233 -0.081199 0.995988
1228.999443 166.576058 -17.628410 4.587499 -0.005248 0.037755 -0.081176 0.995971
1229.099290 166.654200 -17.640123 4.589311 -0.005989 0.038200 -0.081233 0.995945
1229.199131 166.734432 -17.644506 4.590092 -0.006029 0.037093 -0.081730 0.995946
1229.299780 166.813559 -17.650201 4.587387 -0.005366 0.034937 -0.081648 0.996034
1229.399626 166.880613 -17.659797 4.582639 -0.004940 0.036350 -0.081447 0.996002
1229.499455 166.951192 -17.674059 4.576229 -0.005806 0.038239 -0.081541 0.995919
1229.599294 167.029282 -17.687900 4.577812 -0.005194 0.040209 -0.081461 0.995852
1229.699141 167.102285 -17.698564 4.584563 -0.005977 0.039197 -0.080694 0.995950
1229.799775 167.179443 -17.709448 4.585213 -0.005425 0.036650 -0.080023 0.996104
1229.899620 167.255839 -17.716164 4.591074 -0.008443 0.034112 -0.079478 0.996217
1229.999478 167.354612 -17.722512 4.593160 -0.009124 0.034050 -0.080005 0.996171
1230.099320 167.451937 -17.735569 4.588129 -0.007494 0.034361 -0.080220 0.996157
1230.199165 167.552753 -17.750638 4.580857 -0.006871 0.032742 -0.080715 0.996176
1230.299814 167.651090 -17.766393 4.591369 -0.005740 0.029616 -0.081302 0.996233
1230.399639 167.738621 -17.779288 4.606387 -0.006350 0.027770 -0.081890 0.996234
1230.499483 167.822486 -17.790305 4.608836 -0.005460 0.027374 -0.082485 0.996201
1230.599315 167.900770 -17.798091 4.605207 -0.004034 0.029063 -0.083621 0.996066
1230.699161 167.985321 -17.804323 4.596474 -0.003521 0.030903 -0.083985 0.995981
1230.799800 168.074538 -17.815539 4.593424 -0.002868 0.034040 -0.083781 0.995898
1230.899644 168.161311 -17.830068 4.592621 -0.002737 0.034698 -0.083569 0.995894
1230.999485 168.254746 -17.848585 4.597956 -0.002861 0.037463 -0.083432 0.995805
1231.099324 168.345057 -17.860301 4.599206 -0.002227 0.039055 -0.083783 0.995716
1231.199159 168.432514 -17.866893 4.592361 -0.001908 0.039384 -0.084004 0.995685
1231.299796 168.529775 -17.881177 4.587001 -0.003007 0.038671 -0.083406 0.995760
1231.399645 168.621036 -17.898107 4.594120 -0.006496 0.037192 -0.082569 0.995870
1231.499490 168.708097 -17.921234 4.602443 -0.009300 0.035980 -0.081804 0.995955
1231.599326 168.802275 -17.938017 4.608964 -0.009200 0.037143 -0.081658 0.995926
1231.699150 168.893196 -17.948976 4.600174 -0.009631 0.038941 -0.080466 0.995950
1231.799782 168.970862 -17.958431 4.596553 -0.009094 0.041556 -0.077899 0.996053
1231.899619 169.062187 -17.972702 4.597573 -0.007041 0.042804 -0.075678 0.996188
1231.999456 169.158788 -17.985001 4.601933 -0.005620 0.041280 -0.074697 0.996336
1232.099281 169.254803 -17.998862 4.600417 -0.006222 0.037582 -0.073822 0.996544
1232.199138 169.354655 -18.016586 4.600058 -0.005429 0.036644 -0.073876 0.996579
1232.299786 169.447734 -18.033263 4.602759 -0.004749 0.037782 -0.074043 0.996528
1232.399629 169.546148 -18.044366 4.602531 -0.004743 0.038591 -0.074119 0.996491
1232.499467 169.650630 -18.053892 4.596446 -0.005670 0.037455 -0.074474 0.996503
1232.599295 169.741199 -18.070368 4.600169 -0.005614 0.037112 -0.074638 0.996504
1232.699134 169.839189 -18.086007 4.599609 -0.005793 0.036824 -0.074644 0.996513
1232.799778 169.941183 -18.100852 4.594627 -0.005978 0.036424 -0.074631 0.996528
1232.899605 170.040478 -18.119968 4.588659 -0.005380 0.037464 -0.074630 0.996493
1232.999457 170.145694 -18.145889 4.583898 -0.005571 0.040111 -0.074545 0.996395
1233.099315 170.264664 -18.157571 4.578691 -0.005208 0.043001 -0.075143 0.996232
1233.199150 170.387072 -18.162976 4.583656 -0.005177 0.045214 -0.075884 0.996078
1233.299794 170.499492 -18.177676 4.595979 -0.004354 0.044349 -0.076082 0.996105
1233.399635 170.619659 -18.202464 4.602481 -0.006831 0.042821 -0.075312 0.996217
1233.499467 170.749603 -18.226591 4.599072 -0.010510 0.044223 -0.072204 0.996354
1233.599315 170.873784 -18.244175 4.592244 -0.012456 0.044479 -0.067834 0.996627
1233.699156 170.993176 -18.255249 4.589213 -0.013215 0.044103 -0.063284 0.996933
1233.799786 171.109669 -18.266595 4.587754 -0.013296 0.042171 -0.058389 0.997314
1233.899637 171.218648 -18.278930 4.595880 -0.014205 0.039671 -0.054904 0.997602
1233.999481 171.323975 -18.290855 4.605675 -0.014855 0.037570 -0.051048 0.997879
1234.099307 171.437786 -18.303465 4.607491 -0.013457 0.037337 -0.046527 0.998128
1234.199162 171.560215 -18.319523 4.605946 -0.008673 0.038382 -0.044597 0.998230
1234.299810 171.685456 -18.331992 4.603652 -0.005712 0.038666 -0.044968 0.998224
1234.399649 171.802486 -18.341056 4.597152 -0.006560 0.036781 -0.045437 0.998268
1234.499487 171.933888 -18.351024 4.599315 -0.006973 0.034159 -0.045942 0.998336
1234.599334 172.061623 -18.360440 4.602576 -0.006215 0.029941 -0.046470 0.998452
1234.699172 172.192278 -18.374448 4.598927 -0.004681 0.025292 -0.046488 0.998588
1234.799820 172.322224 -18.388673 4.601646 -0.004942 0.022888 -0.046410 0.998648
1234.899654 172.449930 -18.403726 4.608516 -0.005559 0.022237 -0.046260 0.998666
1234.999503 172.565889 -18.417069 4.613701 -0.006166 0.022654 -0.045712 0.998679
1235.099333 172.670060 -18.421706 4.605470 -0.007142 0.022296 -0.045549 0.998688
1235.199164 172.762492 -18.425835 4.595392 -0.007252 0.022501 -0.045465 0.998686
1235.299815 172.865492 -18.440460 4.596090 -0.007527 0.023835 -0.045395 0.998656
1235.399672 172.981169 -18.457142 4.600875 -0.007294 0.025666 -0.045190 0.998622
1235.499518 173.092356 -18.468286 4.607930 -0.008077 0.028180 -0.045404 0.998538
1235.599364 173.204132 -18.475052 4.607960 -0.010061 0.029060 -0.045994 0.998468
1235.699220 173.300767 -18.481919 4.605342 -0.008893 0.026305 -0.046376 0.998538
1235.799455 173.392217 -18.489034 4.597133 -0.005304 0.025501 -0.046956 0.998557
1235.899288 173.481297 -18.505080 4.592528 -0.002860 0.029946 -0.046368 0.998471
1235.999132 173.558550 -18.515497 4.599598 -0.005324 0.033857 -0.045607 0.998371
1236.099780 173.643099 -18.524711 4.610289 -0.008125 0.033725 -0.045116 0.998379
1236.199629 173.738768 -18.530658 4.612224 -0.009341 0.032030 -0.044582 0.998448
1236.299467 173.836643 -18.538182 4.613310 -0.009171 0.030176 -0.044286 0.998521
1236.399297 173.937865 -18.551623 4.613359 -0.008836 0.028554 -0.044492 0.998562
1236.499147 174.050480 -18.561621 4.611398 -0.007039 0.030647 -0.045169 0.998484
1236.599800 174.153410 -18.569793 4.606478 -0.006185 0.034054 -0.045771 0.998352
1236.699628 174.256210 -18.581772 4.608152 -0.004261 0.034585 -0.045674 0.998348
1236.799475 174.349657 -18.594762 4.611616 -0.004897 0.035343 -0.045885 0.998309
1236.899300 174.435372 -18.601684 4.607594 -0.006574 0.034797 -0.045683 0.998328
1236.999151 174.514670 -18.605331 4.608075 -0.005967 0.034298 -0.045501 0.998357
1237.099799 174.596827 -18.608007 4.611396 -0.006922 0.031852 -0.045397 0.998437
1237.199645 174.676428 -18.619514 4.616008 -0.006555 0.030608 -0.045194 0.998488
1237.299467 174.761173 -18.631263 4.615056 -0.006442 0.030678 -0.045476 0.998473
1237.399314 174.856113 -18.638639 4.615451 -0.005678 0.031046 -0.046135 0.998437
1237.499150 174.964742 -18.642901 4.620907 -0.004275 0.029301 -0.046468 0.998481
1237.599794 175.068726 -18.652451 4.620048 -0.003525 0.028010 -0.046323 0.998528
1237.699642 175.160968 -18.660751 4.625049 -0.004752 0.029071 -0.046438 0.998487
1237.799478 175.248959 -18.671794 4.626747 -0.005378 0.029460 -0.046508 0.998469
1237.899313 175.332968 -18.684449 4.623586 -0.006423 0.028440 -0.046260 0.998504
1237.999162 175.414464 -18.695702 4.621274 -0.006733 0.027566 -0.046206 0.998529
1238.099807 175.499567 -18.706870 4.621377 -0.006420 0.025754 -0.046366 0.998572
1238.199648 175.587004 -18.717415 4.624827 -0.006991 0.025410 -0.046150 0.998587
1238.299493 175.678172 -18.722396 4.625842 -0.007479 0.026909 -0.046282 0.998538
1238.399351 175.760654 -18.724908 4.623100 -0.007397 0.029117 -0.046504 0.998466
1238.499194 175.842812 -18.730299 4.618406 -0.006690 0.031251 -0.046551 0.998405
1238.599829 175.942074 -18.745138 4.609597 -0.006885 0.032252 -0.046394 0.998379
1238.699675 176.038464 -18.758178 4.613723 -0.008190 0.034362 -0.047068 0.998267
1238.799532 176.126704 -18.769788 4.623323 -0.009852 0.035089 -0.047618 0.998200
1238.899387 176.206055 -18.775927 4.627406 -0.009730 0.035475 -0.048616 0.998140
1238.999221 176.291307 -18.781439 4.623046 -0.007262 0.033483 -0.049257 0.998198
1239.099468 176.383319 -18.785420 4.624864 -0.005658 0.030570 -0.049852 0.998273
1239.199308 176.471795 -18.796345 4.619410 -0.005921 0.018364 -0.049563 0.998585
1239.299149 176.550197 -18.803104 4.621149 -0.005425 0.018465 -0.049054 0.998611
1239.399777 176.622652 -18.814200 4.625349 -0.005925 0.025499 -0.047719 0.998518
1239.499620 176.688389 -18.819109 4.624345 -0.006718 0.029701 -0.047196 0.998421
1239.599466 176.751343 -18.822326 4.627801 -0.007308 0.032204 -0.046795 0.998359
1239.699323 176.831106 -18.828747 4.635695 -0.007641 0.033082 -0.046734 0.998330
1239.799161 176.905553 -18.837667 4.637044 -0.007301 0.032854 -0.046487 0.998352
1239.899791 176.959586 -18.846690 4.635986 -0.006434 0.032677 -0.046235 0.998375
1239.999636 177.024055 -18.855112 4.637515 -0.006422 0.033864 -0.046468 0.998325
1240.099478 177.102085 -18.865624 4.637955 -0.007343 0.033929 -0.046481 0.998316
1240.199315 177.189362 -18.873271 4.637537 -0.006603 0.033384 -0.046438 0.998341
1240.299162 177.282632 -18.877318 4.633175 -0.006859 0.031072 -0.046602 0.998407
1240.399800 177.372279 -18.885044 4.632544 -0.007330 0.030711 -0.046597 0.998415
1240.499662 177.453938 -18.899107 4.635574 -0.007401 0.031272 -0.046155 0.998417
1240.599498 177.537114 -18.908529 4.639008 -0.007203 0.032158 -0.046262 0.998386
1240.699334 177.618285 -18.911092 4.639434 -0.006889 0.032713 -0.046723 0.998348
1240.799162 177.690036 -18.919382 4.638103 -0.006702 0.033803 -0.046579 0.998320
1240.899807 177.759920 -18.934011 4.635578 -0.007577 0.033857 -0.046384 0.998321
1240.999641 177.836067 -18.948332 4.637484 -0.006942 0.032276 -0.046463 0.998374
1241.099485 177.921390 -18.955493 4.641240 -0.006654 0.032687 -0.046329 0.998369
1241.199318 178.006706 -18.963174 4.644838 -0.005695 0.035072 -0.046110 0.998304
1241.299159 178.093505 -18.972378 4.644526 -0.006232 0.036732 -0.045868 0.998253
1241.399809 178.184535 -18.978725 4.646586 -0.006470 0.035581 -0.045582 0.998306
1241.499641 178.267718 -18.985507 4.646415 -0.007888 0.032857 -0.045483 0.998393
1241.599489 178.353292 -18.996348 4.644613 -0.008001 0.031727 -0.045939 0.998408
1241.699328 178.438031 -19.005790 4.644678 -0.006276 0.030529 -0.046108 0.998450
1241.799163 178.520566 -19.011753 4.645178 -0.004165 0.029796 -0.046245 0.998477
1241.899795 178.596523 -19.022932 4.649723 -0.004346 0.031265 -0.046012 0.998442
1241.999644 178.670194 -19.034158 4.656780 -0.005888 0.033911 -0.045831 0.998356
1242.099476 178.742271 -19.041343 4.658351 -0.007311 0.036636 -0.045951 0.998245
1242.199317 178.821996 -19.047261 4.660196 -0.008423 0.034972 -0.045832 0.998301
1242.299161 178.899387 -19.056362 4.663005 -0.007610 0.034323 -0.045609 0.998341
1242.399789 178.975429 -19.065685 4.660761 -0.007491 0.034687 -0.046213 0.998301
1242.499632 179.061829 -19.073418 4.658320 -0.008046 0.034622 -0.046568 0.998283
1242.599484 179.157289 -19.079364 4.657818 -0.007083 0.032698 -0.046841 0.998342
1242.699318 179.252788 -19.084512 4.656686 -0.006860 0.032770 -0.047143 0.998327
1242.799159 179.350122 -19.102209 4.656011 -0.007160 0.032889 -0.047458 0.998306
1242.899806 179.435083 -19.115348 4.659968 -0.007565 0.032821 -0.047654 0.998296
1242.999651 179.523413 -19.118894 4.660232 -0.006904 0.032452 -0.047993 0.998296
1243.099486 179.606333 -19.121881 4.652566 -0.006729 0.033670 -0.048344 0.998240
1243.199337 179.689649 -19.126502 4.649158 -0.005878 0.034213 -0.048519 0.998219
1243.299176 179.771730 -19.132132 4.656387 -0.004032 0.032719 -0.048874 0.998261
1243.399804 179.853557 -19.146567 4.663412 -0.004399 0.033942 -0.048733 0.998225
1243.499663 179.945100 -19.162025 4.664583 -0.005841 0.035284 -0.048414 0.998187
1243.599502 180.040456 -19.168015 4.659986 -0.007122 0.036088 -0.048338 0.998153
1243.699336 180.129286 -19.177791 4.656437 -0.007031 0.034213 -0.047834 0.998244
1243.799177 180.208393 -19.185893 4.659180 -0.006282 0.034845 -0.047672 0.998235
1243.899817 180.284963 -19.195572 4.661693 -0.005018 0.036332 -0.047225 0.998211
1243.999649 180.358357 -19.203616 4.660939 -0.004473 0.037682 -0.047012 0.998173
1244.099487 180.431371 -19.213248 4.663888 -0.005031 0.037788 -0.046685 0.998182
1244.199328 180.509836 -19.218760 4.664030 -0.006746 0.039724 -0.046966 0.998084
1244.299167 180.595086 -19.229222 4.659197 -0.008010 0.040449 -0.047270 0.998031
1244.399801 180.693496 -19.246564 4.659465 -0.008019 0.039449 -0.047655 0.998052
1244.499655 180.795581 -19.258092 4.658669 -0.006579 0.038569 -0.048163 0.998073
1244.599495 180.893346 -19.266349 4.657006 -0.005564 0.037638 -0.048166 0.998114
1244.699335 180.997085 -19.279035 4.656239 -0.006891 0.036767 -0.047918 0.998151
1244.799174 181.096882 -19.290713 4.657549 -0.008670 0.033871 -0.047784 0.998246
1244.899819 181.189321 -19.297788 4.653492 -0.008928 0.031611 -0.048273 0.998294
1244.999658 181.279635 -19.302662 4.655927 -0.006987 0.032390 -0.048663 0.998266
1245.099495 181.365337 -19.314679 4.657450 -0.005905 0.034509 -0.048854 0.998192
1245.199325 181.453401 -19.332585 4.657112 -0.005756 0.035932 -0.048955 0.998138
1245.299178 181.540131 -19.342384 4.653754 -0.006094 0.038550 -0.049385 0.998017
1245.399814 181.632389 -19.345616 4.651441 -0.006276 0.037584 -0.049652 0.998039
1245.499671 181.719014 -19.348931 4.651793 -0.006979 0.036433 -0.049920 0.998064
1245.599510 181.807604 -19.361956 4.648752 -0.005701 0.036688 -0.050109 0.998053
1245.699352 181.909551 -19.377883 4.645243 -0.004979 0.039364 -0.050157 0.997953
1245.799190 182.015496 -19.394759 4.645587 -0.005533 0.041303 -0.049926 0.997883
1245.899813 182.125747 -19.408798 4.648618 -0.005161 0.040597 -0.049549 0.997933
1245.999654 182.236217 -19.416982 4.650191 -0.006795 0.040542 -0.049242 0.997941
1246.099499 182.343850 -19.427259 4.650249 -0.006887 0.042660 -0.049013 0.997863
1246.199345 182.447178 -19.439344 4.649169 -0.007099 0.043918 -0.048912 0.997812
1246.299203 182.542932 -19.455200 4.642349 -0.006825 0.042286 -0.048598 0.997900
1246.399429 182.645910 -19.467528 4.643588 -0.007263 0.041367 -0.048710 0.997930
1246.499270 182.753458 -19.477999 4.646739 -0.007597 0.040621 -0.048916 0.997948
1246.599502 182.868452 -19.492782 4.645745 -0.006960 0.041037 -0.048550 0.997953
1246.699343 182.996278 -19.505913 4.643976 -0.006610 0.043652 -0.047782 0.997882
1246.799162 183.109213 -19.516591 4.639853 -0.007856 0.048803 -0.047324 0.997656
1246.899816 183.226520 -19.531464 4.636618 -0.008921 0.049993 -0.047145 0.997596
1246.999650 183.333224 -19.542028 4.639526 -0.008271 0.043673 -0.048161 0.997850
1247.099509 183.441986 -19.556918 4.647637 -0.004912 0.035892 -0.048954 0.998144
1247.199349 183.566842 -19.568118 4.656366 -0.003963 0.035340 -0.050043 0.998114
1247.299197 183.686636 -19.579736 4.654485 -0.002686 0.037023 -0.050843 0.998017
1247.399823 183.809576 -19.595190 4.643296 -0.003417 0.036549 -0.051024 0.998023
1247.499663 183.937277 -19.606865 4.635430 -0.003592 0.036695 -0.050989 0.998018
1247.599510 184.063955 -19.617269 4.638812 -0.004099 0.036353 -0.050792 0.998039
1247.699356 184.181877 -19.631302 4.638909 -0.005301 0.035448 -0.050503 0.998081
1247.799190 184.301600 -19.642912 4.633779 -0.005578 0.034796 -0.050408 0.998107
1247.899829 184.412899 -19.658668 4.629956 -0.006209 0.036179 -0.050283 0.998060
1247.999671 184.523390 -19.673662 4.629038 -0.005762 0.035610 -0.050260 0.998084
1248.099508 184.640265 -19.686781 4.635649 -0.005624 0.033610 -0.049896 0.998173
1248.199344 184.755705 -19.699527 4.636937 -0.006126 0.030403 -0.049662 0.998284
1248.299183 184.872065 -19.711340 4.636603 -0.007439 0.031017 -0.049798 0.998250
1248.399821 184.990646 -19.726204 4.633904 -0.009690 0.034194 -0.050236 0.998105
1248.499658 185.110685 -19.737293 4.629374 -0.008415 0.036512 -0.050537 0.998019
1248.599495 185.229518 -19.750121 4.628413 -0.006812 0.037019 -0.050631 0.998008
1248.699339 185.335807 -19.761636 4.631799 -0.005208 0.034791 -0.050673 0.998096
1248.799181 185.442406 -19.771779 4.630754 -0.004200 0.032078 -0.050672 0.998191
1248.899831 185.553334 -19.787032 4.631390 -0.004087 0.031218 -0.050703 0.998217
1248.999651 185.665291 -19.802081 4.628852 -0.005186 0.034296 -0.051041 0.998094
1249.099496 185.782181 -19.816305 4.625002 -0.006077 0.034198 -0.051191 0.998085
1249.199345 185.897732 -19.828788 4.623063 -0.006684 0.034193 -0.051274 0.998077
1249.299181 186.002979 -19.837229 4.625880 -0.006355 0.033172 -0.051181 0.998118
1249.399823 186.116467 -19.848369 4.627502 -0.006238 0.034372 -0.051244 0.998075
1249.499662 186.236876 -19.862487 4.626690 -0.005118 0.036081 -0.051543 0.998006
1249.599482 186.356061 -19.877698 4.625239 -0.004816 0.039855 -0.052239 0.997827
1249.699322 186.477577 -19.889274 4.622305 -0.003559 0.041612 -0.052715 0.997736
1249.799164 186.589792 -19.901587 4.615351 -0.004566 0.042726 -0.052887 0.997676
1249.899803 186.696402 -19.911995 4.613727 -0.006138 0.041027 -0.052912 0.997737
1249.999646 186.809017 -19.925065 4.618405 -0.007620 0.039379 -0.052648 0.997807
1250.099490 186.926168 -19.939492 4.623531 -0.007456 0.039663 -0.052855 0.997786
1250.199312 187.043087 -19.954457 4.620027 -0.005900 0.039921 -0.052791 0.997790
1250.299160 187.156725 -19.967659 4.612382 -0.005336 0.039629 -0.052710 0.997809
1250.399806 187.272238 -19.981702 4.611154 -0.005409 0.038989 -0.052732 0.997833
1250.499644 187.392083 -19.995254 4.611716 -0.006895 0.036712 -0.052784 0.997907
1250.599500 187.516848 -20.013765 4.619814 -0.007039 0.033103 -0.052594 0.998042
1250.699348 187.634777 -20.026904 4.626444 -0.007380 0.031578 -0.052959 0.998070
1250.799204 187.753102 -20.040399 4.623810 -0.007144 0.031445 -0.053306 0.998057
1250.899429 187.871163 -20.054394 4.613052 -0.006137 0.032005 -0.053410 0.998041
1250.999266 187.979150 -20.070073 4.603089 -0.006989 0.030664 -0.053302 0.998083
1251.099490 188.090192 -20.084312 4.604507 -0.008663 0.029981 -0.052812 0.998117
1251.199325 188.196868 -20.097591 4.606909 -0.008948 0.030463 -0.052494 0.998116
1251.299165 188.301404 -20.106943 4.614019 -0.006529 0.032833 -0.052151 0.998078
1251.399804 188.418218 -20.122205 4.616927 -0.004818 0.032645 -0.051645 0.998120
1251.499648 188.530201 -20.142121 4.615823 -0.006043 0.032029 -0.051409 0.998146
1251.599493 188.644437 -20.160093 4.618743 -0.008475 0.029347 -0.051043 0.998229
1251.699338 188.761318 -20.174737 4.621074 -0.010725 0.027944 -0.050839 0.998258
1251.799162 188.879493 -20.184482 4.621537 -0.010527 0.030161 -0.050911 0.998192
1251.899785 188.985705 -20.199853 4.620692 -0.006567 0.032520 -0.050639 0.998166
1251.999620 189.086477 -20.212969 4.623196 -0.003936 0.032207 -0.050790 0.998182
1252.099451 189.194790 -20.222341 4.616821 -0.001784 0.031814 -0.051808 0.998149
1252.199292 189.303970 -20.233404 4.612916 -0.000414 0.033045 -0.052642 0.998066
1252.299127 189.417748 -20.245706 4.610854 -0.002393 0.033977 -0.052963 0.998015
1252.399773 189.530589 -20.260320 4.609355 -0.005605 0.036949 -0.052963 0.997897
1252.499621 189.635343 -20.268949 4.605165 -0.007046 0.039919 -0.052753 0.997785
1252.599455 189.738483 -20.275771 4.607394 -0.006823 0.040663 -0.052632 0.997762
1252.699274 189.841020 -20.290119 4.610498 -0.006329 0.039171 -0.052427 0.997836
1252.799516 189.944490 -20.307968 4.609132 -0.005933 0.038644 -0.052165 0.997873
1252.899347 190.051176 -20.326499 4.609462 -0.005927 0.037317 -0.052217 0.997921
1252.999183 190.158326 -20.338444 4.607636 -0.005856 0.038154 -0.052659 0.997866
1253.099819 190.275038 -20.353626 4.604184 -0.006975 0.039116 -0.052568 0.997827
1253.199654 190.388285 -20.368134 4.604471 -0.006338 0.040759 -0.052763 0.997755
1253.299494 190.504311 -20.383282 4.605411 -0.007295 0.040374 -0.052961 0.997753
1253.399325 190.622560 -20.399875 4.605796 -0.006099 0.039364 -0.052778 0.997811
1253.499170 190.738123 -20.413230 4.604984 -0.005189 0.039674 -0.052700 0.997808
1253.599806 190.857775 -20.425123 4.604337 -0.006216 0.041352 -0.052806 0.997729
1253.699639 190.974537 -20.438533 4.602437 -0.007063 0.042562 -0.052549 0.997686
1253.799473 191.084602 -20.451286 4.600839 -0.007474 0.041837 -0.052845 0.997698
1253.899298 191.196508 -20.466384 4.599646 -0.008124 0.040370 -0.053039 0.997743
1253.999138 191.309234 -20.484377 4.596794 -0.006610 0.038981 -0.052965 0.997813
1254.099767 191.426833 -20.501150 4.596191 -0.005120 0.038865 -0.052995 0.997825
1254.199613 191.543117 -20.515335 4.603130 -0.005380 0.036920 -0.053297 0.997881
1254.299456 191.655775 -20.532443 4.608163 -0.007001 0.034771 -0.053293 0.997949
1254.399300 191.777969 -20.542305 4.601073 -0.006300 0.033019 -0.053845 0.997983
1254.499147 191.908169 -20.552434 4.592640 -0.006464 0.035798 -0.054264 0.997864
1254.599781 192.038988 -20.571884 4.597692 -0.005814 0.038466 -0.054007 0.997782
1254.699622 192.162635 -20.588019 4.602332 -0.004989 0.040177 -0.054295 0.997704
1254.799461 192.289261 -20.600467 4.600951 -0.004895 0.039396 -0.054587 0.997720
1254.899299 192.424866 -20.614688 4.604317 -0.005541 0.035937 -0.054169 0.997869
1254.999140 192.555148 -20.629646 4.603187 -0.005572 0.030877 -0.054176 0.998038
1255.099781 192.682646 -20.643729 4.599492 -0.005688 0.029595 -0.054687 0.998049
1255.199615 192.796038 -20.655459 4.596868 -0.004797 0.030239 -0.054602 0.998039
1255.299453 192.900954 -20.665779 4.593771 -0.005230 0.030452 -0.054482 0.998037
1255.399299 192.994889 -20.676075 4.597527 -0.006153 0.030180 -0.054527 0.998037
1255.499157 193.106292 -20.690677 4.599648 -0.006582 0.031057 -0.054596 0.998004
1255.599799 193.225029 -20.705082 4.599759 -0.005828 0.032700 -0.054325 0.997971
1255.699646 193.342811 -20.719427 4.596779 -0.005668 0.033612 -0.054268 0.997944
1255.799491 193.457015 -20.736824 4.600709 -0.005218 0.035525 -0.053969 0.997897
1255.899338 193.567907 -20.751752 4.601117 -0.005313 0.036581 -0.053823 0.997866
1255.999169 193.679962 -20.766475 4.597953 -0.004723 0.036982 -0.053775 0.997857
1256.099821 193.787907 -20.781116 4.592294 -0.005028 0.035787 -0.053655 0.997905
1256.199666 193.899266 -20.794885 4.593158 -0.005720 0.034678 -0.053674 0.997940
1256.299499 194.012774 -20.803909 4.596891 -0.006472 0.033077 -0.053983 0.997973
1256.399345 194.133795 -20.816659 4.600859 -0.006054 0.033477 -0.053914 0.997966
1256.499183 194.242566 -20.833140 4.598227 -0.006134 0.034037 -0.053791 0.997953
1256.599831 194.353800 -20.850929 4.598355 -0.006586 0.033637 -0.054277 0.997937
1256.699677 194.456485 -20.863809 4.604389 -0.006490 0.031971 -0.055131 0.997946
1256.799536 194.559863 -20.874630 4.610586 -0.005846 0.029338 -0.055667 0.998001
1256.899380 194.664078 -20.884776 4.605568 -0.002695 0.030767 -0.056205 0.997941
1256.999223 194.770394 -20.901108 4.595084 -0.002406 0.034479 -0.055925 0.997837
1257.099479 194.883380 -20.918164 4.587802 -0.005676 0.036750 -0.055065 0.997790
1257.199332 195.006071 -20.934258 4.587645 -0.011891 0.034613 -0.054154 0.997862
1257.299170 195.125785 -20.952442 4.587303 -0.014001 0.033350 -0.053363 0.997920
1257.399800 195.239390 -20.969204 4.587506 -0.008931 0.034871 -0.052524 0.997971
1257.499621 195.346181 -20.979582 4.584010 -0.006285 0.036192 -0.052214 0.997960
1257.599456 195.450358 -20.988632 4.585548 -0.004365 0.038016 -0.052292 0.997898
1257.699307 195.556003 -21.003850 4.591791 -0.004972 0.038018 -0.052303 0.997895
1257.799150 195.662858 -21.024484 4.592205 -0.006747 0.036592 -0.053066 0.997898
1257.899787 195.778280 -21.050665 4.596730 -0.008711 0.037764 -0.053874 0.997795
1257.999620 195.895359 -21.064476 4.588164 -0.007795 0.038479 -0.055027 0.997713
1258.099455 196.008711 -21.076353 4.590999 -0.004742 0.038402 -0.055036 0.997734
1258.199308 196.115198 -21.095036 4.592010 -0.006554 0.036207 -0.054904 0.997813
1258.299153 196.215781 -21.111277 4.594941 -0.010352 0.034767 -0.054838 0.997836
1258.399784 196.326553 -21.129744 4.589603 -0.012803 0.033833 -0.054478 0.997860
1258.499632 196.436455 -21.147318 4.585733 -0.011804 0.033347 -0.054470 0.997889
1258.599464 196.547579 -21.159125 4.586357 -0.009798 0.032665 -0.055138 0.997896
1258.699296 196.656921 -21.168949 4.585859 -0.007727 0.031801 -0.055656 0.997914
1258.799135 196.763304 -21.184181 4.586305 -0.006498 0.033349 -0.055717 0.997868
1258.899767 196.878176 -21.200190 4.583390 -0.006491 0.035320 -0.056263 0.997770
1258.999612 196.987256 -21.213950 4.580317 -0.006863 0.038285 -0.056279 0.997657
1259.099441 197.094465 -21.230423 4.573594 -0.008631 0.037961 -0.056331 0.997653
1259.199282 197.212898 -21.243323 4.572530 -0.007232 0.038918 -0.056770 0.997602
1259.299126 197.335859 -21.259101 4.573477 -0.007320 0.037888 -0.056620 0.997650
1259.399771 197.454471 -21.275537 4.577346 -0.009601 0.036447 -0.055985 0.997720
1259.499618 197.575016 -21.287162 4.578115 -0.011568 0.035853 -0.055985 0.997721
1259.599452 197.695737 -21.301507 4.578100 -0.009719 0.034887 -0.056031 0.997772
1259.699302 197.812964 -21.319106 4.575296 -0.005082 0.034674 -0.056120 0.997809
1259.799141 197.913053 -21.331734 4.572410 -0.001633 0.035507 -0.056365 0.997777
1259.899788 198.010647 -21.343413 4.571473 -0.000382 0.036215 -0.056023 0.997772
1259.999622 198.116485 -21.354033 4.567289 -0.002358 0.035928 -0.055997 0.997782
1260.099460 198.229526 -21.363070 4.569892 -0.007466 0.036547 -0.056311 0.997716
1260.199276 198.343088 -21.380832 4.570300 -0.009961 0.034863 -0.056343 0.997753
1260.299516 198.452329 -21.401941 4.572245 -0.009212 0.039246 -0.056200 0.997605
1260.399361 198.551175 -21.410914 4.575370 -0.008652 0.042809 -0.056380 0.997454
1260.499194 198.657578 -21.419625 4.575014 -0.007939 0.043094 -0.056510 0.997440
1260.599822 198.769324 -21.437613 4.573438 -0.006419 0.040734 -0.056686 0.997540
1260.699654 198.887166 -21.456498 4.570473 -0.005748 0.039600 -0.057060 0.997569
1260.799497 199.004668 -21.470611 4.571766 -0.005298 0.038654 -0.057243 0.997598
1260.899340 199.130731 -21.482725 4.575375 -0.004953 0.038777 -0.057202 0.997597
1260.999174 199.245884 -21.495916 4.571766 -0.005304 0.038651 -0.057202 0.997600
1261.099832 199.349613 -21.512975 4.573566 -0.004519 0.039692 -0.056656 0.997594
1261.199682 199.459988 -21.531206 4.566772 -0.004728 0.039814 -0.056615 0.997591
1261.299513 199.579236 -21.550316 4.566977 -0.007036 0.041077 -0.056435 0.997536
1261.399354 199.711360 -21.566443 4.567595 -0.008122 0.041729 -0.056646 0.997489
1261.499188 199.851537 -21.581643 4.571900 -0.007635 0.042223 -0.056772 0.997465
1261.599825 199.986642 -21.597091 4.576549 -0.007312 0.039711 -0.057073 0.997553
1261.699670 200.112623 -21.617096 4.572893 -0.006319 0.037232 -0.057238 0.997646
1261.799505 200.222839 -21.633238 4.570482 -0.007610 0.039824 -0.057828 0.997503
1261.899324 200.340913 -21.644044 4.567873 -0.009102 0.041400 -0.058095 0.997411
1261.999155 200.464388 -21.659800 4.572573 -0.010043 0.040677 -0.057653 0.997457
1262.099791 200.580544 -21.677135 4.571491 -0.008960 0.040131 -0.057551 0.997495
1262.199617 200.696191 -21.693722 4.565995 -0.008536 0.041470 -0.057173 0.997466
1262.299461 200.818155 -21.704788 4.566020 -0.007776 0.041393 -0.056870 0.997493
1262.399292 200.945209 -21.716443 4.569221 -0.010982 0.041145 -0.054027 0.997631
1262.499137 201.081365 -21.730001 4.570408 -0.013802 0.043610 -0.048817 0.997760
1262.599770 201.220895 -21.745627 4.561332 -0.015760 0.043783 -0.042351 0.998019
1262.699621 201.347162 -21.756740 4.558706 -0.014141 0.039815 -0.037436 0.998405
1262.799462 201.463808 -21.763101 4.559509 -0.017937 0.035223 -0.032473 0.998691
1262.899303 201.582509 -21.773155 4.564039 -0.010716 0.035178 -0.030209 0.998867
1262.999141 201.700858 -21.783721 4.564720 -0.008602 0.036577 -0.030235 0.998836
1263.099774 201.823060 -21.794319 4.563290 -0.006571 0.036607 -0.030478 0.998843
1263.199610 201.950144 -21.803787 4.561901 -0.006663 0.035341 -0.030490 0.998888
1263.299436 202.080417 -21.816480 4.558611 -0.008469 0.034166 -0.030482 0.998915
1263.399278 202.223533 -21.826237 4.560158 -0.011209 0.035332 -0.030575 0.998845
1263.499125 202.367997 -21.830344 4.555473 -0.013173 0.036539 -0.030770 0.998772
1263.599770 202.501960 -21.840970 4.558000 -0.010038 0.038170 -0.031091 0.998737
1263.699612 202.632453 -21.856298 4.562070 -0.006507 0.037464 -0.031520 0.998780
1263.799450 202.761384 -21.866559 4.565763 -0.004226 0.037563 -0.032067 0.998771
1263.899282 202.884799 -21.873601 4.570322 -0.004139 0.034673 -0.032368 0.998866
1263.999117 203.003076 -21.879365 4.567656 -0.006468 0.032348 -0.033615 0.998890
1264.099742 203.118644 -21.891584 4.558094 -0.002916 0.030432 -0.037234 0.998839
1264.199581 203.240463 -21.909933 4.551839 0.002012 0.030628 -0.043350 0.998588
1264.299428 203.376474 -21.922091 4.548948 0.002990 0.029536 -0.049036 0.998356
1264.399261 203.502818 -21.937612 4.547257 0.001250 0.031502 -0.052956 0.998099
1264.499499 203.624427 -21.953133 4.551268 -0.003412 0.032497 -0.057130 0.997832
1264.599329 203.754722 -21.970738 4.551368 -0.010492 0.032478 -0.058828 0.997685
1264.699168 203.885721 -21.990659 4.551035 -0.010654 0.037768 -0.059084 0.997481
1264.799809 203.996159 -22.005621 4.542496 -0.011767 0.041888 -0.059194 0.997298
1264.899657 204.107845 -22.020347 4.534689 -0.009898 0.041512 -0.058874 0.997353
1264.999488 204.220045 -22.040499 4.541715 -0.008199 0.037809 -0.058312 0.997548
1265.099325 204.334486 -22.060075 4.550695 -0.006512 0.034819 -0.057436 0.997721
1265.199163 204.451608 -22.074784 4.554296 -0.007062 0.033566 -0.056661 0.997804
1265.299810 204.563371 -22.081839 4.552177 -0.008925 0.034708 -0.056812 0.997742
1265.399654 204.674595 -22.091886 4.552135 -0.009759 0.036970 -0.056562 0.997667
1265.499500 204.788708 -22.109201 4.545971 -0.009169 0.037360 -0.056677 0.997651
1265.599342 204.907671 -22.130373 4.546080 -0.007179 0.036358 -0.057066 0.997682
1265.699199 205.024431 -22.149776 4.546430 -0.006582 0.035177 -0.057266 0.997717
1265.799459 205.138911 -22.167222 4.549178 -0.006393 0.037274 -0.057710 0.997617
1265.899298 205.250664 -22.181891 4.550547 -0.007346 0.040224 -0.058278 0.997463
1265.999135 205.365816 -22.192006 4.543659 -0.007293 0.041237 -0.058639 0.997401
1266.099790 205.490617 -22.208738 4.536171 -0.006715 0.038735 -0.058718 0.997500
1266.199630 205.614388 -22.223134 4.535218 -0.006971 0.036471 -0.058753 0.997582
1266.299473 205.739354 -22.235952 4.538974 -0.006660 0.035523 -0.058740 0.997619
1266.399316 205.857364 -22.253491 4.541228 -0.006978 0.036843 -0.058501 0.997583
1266.499155 205.974153 -22.272147 4.540545 -0.007309 0.038362 -0.058220 0.997540
1266.599798 206.097197 -22.288054 4.540027 -0.006408 0.039272 -0.057953 0.997526
1266.699639 206.209838 -22.302770 4.538697 -0.007419 0.042042 -0.057981 0.997404
1266.799484 206.324029 -22.325210 4.543868 -0.006844 0.042214 -0.057814 0.997411
1266.899305 206.442191 -22.340505 4.540574 -0.006818 0.042752 -0.058004 0.997377
1266.999129 206.569642 -22.356048 4.536245 -0.009449 0.045421 -0.058086 0.997233
1267.099766 206.699104 -22.367733 4.535512 -0.010384 0.046198 -0.058401 0.997170
1267.199611 206.826697 -22.384485 4.534939 -0.009502 0.041974 -0.058340 0.997369
1267.299456 206.947990 -22.406666 4.529801 -0.011235 0.039193 -0.058359 0.997463
1267.399282 207.067942 -22.422598 4.535978 -0.014345 0.037685 -0.058337 0.997482
1267.499123 207.192550 -22.438306 4.538555 -0.011980 0.035851 -0.057994 0.997601
1267.599769 207.321472 -22.452525 4.539086 -0.009361 0.037459 -0.058016 0.997569
1267.699604 207.454038 -22.465134 4.542976 -0.008676 0.040816 -0.058083 0.997439
1267.799450 207.576349 -22.478292 4.552273 -0.008790 0.040217 -0.057846 0.997476
1267.899293 207.698778 -22.491896 4.558422 -0.008227 0.037873 -0.058139 0.997556
1267.999134 207.823050 -22.508631 4.553219 -0.008987 0.035866 -0.058164 0.997622
1268.099763 207.958759 -22.529888 4.550929 -0.010366 0.037275 -0.058027 0.997565
1268.199597 208.087029 -22.539511 4.543742 -0.010269 0.037397 -0.057511 0.997591
1268.299438 208.203764 -22.548026 4.541705 -0.009870 0.036524 -0.057203 0.997645
1268.399281 208.326943 -22.556980 4.545330 -0.009606 0.035344 -0.057391 0.997680
1268.499118 208.450350 -22.564278 4.545599 -0.009179 0.033063 -0.058016 0.997726
1268.599755 208.583243 -22.579210 4.546112 -0.010550 0.031477 -0.058895 0.997712
1268.699608 208.713573 -22.593741 4.548530 -0.010607 0.034158 -0.059468 0.997589
1268.799450 208.836391 -22.601844 4.545729 -0.008539 0.037569 -0.059330 0.997495
1268.899278 208.955813 -22.609369 4.539631 -0.006452 0.040100 -0.059187 0.997420
1268.999127 209.077187 -22.623516 4.541103 -0.007435 0.042608 -0.059085 0.997316
1269.099751 209.205806 -22.632877 4.543037 -0.007997 0.041474 -0.058982 0.997365
1269.199592 209.332398 -22.639128 4.551428 -0.007777 0.042471 -0.059117 0.997317
1269.299424 209.456972 -22.650468 4.557399 -0.007466 0.042827 -0.058896 0.997317
1269.399269 209.571000 -22.663045 4.561264 -0.006155 0.043051 -0.058758 0.997325
1269.499512 209.694093 -22.673840 4.555253 -0.006961 0.040299 -0.058888 0.997427
1269.599357 209.824493 -22.683663 4.549762 -0.008157 0.037617 -0.058841 0.997525
1269.699200 209.949663 -22.693131 4.544785 -0.008363 0.034938 -0.058885 0.997618
1269.799446 210.072790 -22.702502 4.545607 -0.007294 0.034504 -0.059165 0.997625
1269.899290 210.191669 -22.713600 4.546390 -0.008641 0.036283 -0.059744 0.997517
1269.999117 210.311381 -22.725791 4.551853 -0.006168 0.038976 -0.059831 0.997428
1270.099758 210.440451 -22.737536 4.554574 -0.002330 0.037424 -0.059429 0.997528
1270.199594 210.565846 -22.747896 4.541437 -0.002005 0.035171 -0.059309 0.997618
1270.299435 210.690424 -22.757651 4.532914 -0.003539 0.037873 -0.059166 0.997523
1270.399278 210.814550 -22.768323 4.537803 -0.007727 0.042077 -0.058910 0.997346
1270.499131 210.941702 -22.787354 4.542642 -0.009407 0.040408 -0.058044 0.997452
1270.599775 211.068031 -22.799518 4.541254 -0.010032 0.039967 -0.057645 0.997486
1270.699611 211.193659 -22.812437 4.543277 -0.009284 0.041717 -0.057658 0.997421
1270.799448 211.320421 -22.823339 4.545364 -0.008100 0.042034 -0.058111 0.997392
1270.899299 211.447167 -22.838560 4.539963 -0.008316 0.040069 -0.058648 0.997440
1270.999145 211.567044 -22.851923 4.541183 -0.007981 0.040021 -0.059155 0.997414
1271.099780 211.690242 -22.864404 4.537420 -0.006562 0.039135 -0.059297 0.997451
1271.199615 211.821341 -22.873187 4.536959 -0.007442 0.039010 -0.059699 0.997426
1271.299472 211.952450 -22.881657 4.537167 -0.010373 0.037157 -0.059962 0.997455
1271.399319 212.069098 -22.894848 4.533083 -0.009567 0.039836 -0.059818 0.997368
1271.499144 212.186039 -22.910850 4.529372 -0.007899 0.041641 -0.060131 0.997290
1271.599787 212.311937 -22.926877 4.526370 -0.007070 0.040149 -0.060319 0.997346
1271.699636 212.445206 -22.937564 4.525126 -0.007100 0.036800 -0.060208 0.997482
1271.799477 212.577822 -22.945817 4.523718 -0.008024 0.035408 -0.060112 0.997531
1271.899316 212.694523 -22.955848 4.526146 -0.010394 0.034049 -0.059969 0.997565
1271.999154 212.812756 -22.969789 4.528890 -0.011076 0.035156 -0.060225 0.997504
1272.099804 212.933154 -22.986958 4.525379 -0.008226 0.037072 -0.060191 0.997464
1272.199650 213.062927 -23.007372 4.515091 -0.006779 0.036182 -0.060040 0.997517
1272.299514 213.186630 -23.014837 4.516050 -0.007585 0.035675 -0.060105 0.997526
1272.399363 213.307105 -23.024095 4.524172 -0.007314 0.034318 -0.059486 0.997612
1272.499196 213.422835 -23.033697 4.525547 -0.007064 0.036815 -0.059526 0.997523
1272.599847 213.551649 -23.050966 4.522794 -0.006392 0.038166 -0.059615 0.997471
1272.699694 213.685650 -23.068022 4.515273 -0.008589 0.040109 -0.059675 0.997375
1272.799528 213.816595 -23.083844 4.510734 -0.010014 0.038438 -0.059606 0.997431
1272.899370 213.940521 -23.098184 4.514536 -0.010472 0.038230 -0.059999 0.997411
1272.999220 214.060441 -23.107879 4.514977 -0.008916 0.036173 -0.060541 0.997470
1273.099473 214.187383 -23.120297 4.513501 -0.006329 0.036265 -0.060645 0.997480
1273.199315 214.311024 -23.134009 4.512480 -0.005777 0.037343 -0.060636 0.997444
1273.299162 214.432540 -23.148601 4.511764 -0.006783 0.039037 -0.060146 0.997403
1273.399798 214.553185 -23.164349 4.510163 -0.008696 0.039938 -0.059633 0.997383
1273.499631 214.680783 -23.178666 4.511220 -0.009359 0.039980 -0.059539 0.997381
1273.599470 214.818167 -23.191642 4.514710 -0.008796 0.041921 -0.059473 0.997311
1273.699309 214.946617 -23.204302 4.513942 -0.007449 0.042527 -0.059330 0.997304
1273.799150 215.072182 -23.213778 4.513512 -0.007018 0.041177 -0.059296 0.997366
1273.899791 215.200729 -23.227914 4.512981 -0.007110 0.038875 -0.059400 0.997452
1273.999639 215.330260 -23.245234 4.512451 -0.007094 0.038444 -0.059126 0.997485
1274.099489 215.453739 -23.259880 4.506904 -0.007514 0.037643 -0.059220 0.997507
1274.199326 215.582801 -23.277058 4.506464 -0.008134 0.038350 -0.059609 0.997452
1274.299158 215.709340 -23.288941 4.511086 -0.009110 0.038707 -0.060069 0.997402
1274.399804 215.839887 -23.308154 4.511375 -0.008345 0.034330 -0.060034 0.997571
1274.499643 215.977327 -23.325209 4.511051 -0.007914 0.029109 -0.059875 0.997750
1274.599477 216.110660 -23.338619 4.509005 -0.008666 0.030061 -0.059723 0.997725
1274.699314 216.245418 -23.351692 4.502823 -0.009379 0.035407 -0.059376 0.997564
1274.799163 216.375998 -23.367383 4.500276 -0.007909 0.039423 -0.059080 0.997443
1274.899795 216.502208 -23.378530 4.496282 -0.008532 0.041034 -0.059520 0.997347
1274.999636 216.628063 -23.391188 4.498255 -0.009221 0.039596 -0.059712 0.997387
1275.099473 216.754271 -23.403181 4.504050 -0.007337 0.036804 -0.059791 0.997505
1275.199307 216.878335 -23.417650 4.506057 -0.007744 0.035849 -0.059974 0.997526
1275.299147 216.998889 -23.433986 4.500326 -0.009333 0.037111 -0.060142 0.997456
1275.399775 217.120081 -23.448986 4.491532 -0.009687 0.036449 -0.060337 0.997465
1275.499625 217.246715 -23.462889 4.483712 -0.008978 0.035960 -0.060433 0.997484
1275.599469 217.374795 -23.473274 4.485360 -0.009958 0.037041 -0.060854 0.997409
1275.699322 217.498914 -23.485268 4.494311 -0.012367 0.038655 -0.061031 0.997310
1275.799165 217.613529 -23.496347 4.502935 -0.014228 0.040755 -0.060846 0.997213
1275.899800 217.720606 -23.508107 4.501934 -0.014766 0.040764 -0.060873 0.997203
1275.999632 217.835255 -23.522811 4.489054 -0.012946 0.040820 -0.060686 0.997238
1276.099473 217.952688 -23.536027 4.484867 -0.011936 0.040409 -0.060680 0.997268
1276.199326 218.090448 -23.548208 4.486922 -0.010581 0.041313 -0.060723 0.997243
1276.299170 218.222703 -23.561099 4.486353 -0.010376 0.040770 -0.060562 0.997277
1276.399797 218.363271 -23.573866 4.487490 -0.010560 0.041371 -0.060570 0.997250
1276.499649 218.498163 -23.590745 4.491949 -0.011133 0.041167 -0.060470 0.997259
1276.599498 218.629622 -23.605136 4.491002 -0.012414 0.039836 -0.060306 0.997307
1276.699334 218.749257 -23.614509 4.488014 -0.014568 0.038723 -0.060198 0.997329
1276.799172 218.870458 -23.619021 4.485353 -0.019413 0.038725 -0.060201 0.997246
1276.899808 218.988996 -23.626380 4.481438 -0.020046 0.041750 -0.060337 0.997103
1276.999639 219.125901 -23.636809 4.475664 -0.015859 0.044296 -0.060756 0.997043
1277.099481 219.269968 -23.643391 4.476990 -0.013246 0.046564 -0.061142 0.996954
1277.199322 219.420118 -23.651031 4.481004 -0.008657 0.045924 -0.061450 0.997016
1277.299156 219.562366 -23.658843 4.479546 -0.007373 0.045280 -0.061765 0.997036
1277.399790 219.706158 -23.664685 4.477911 -0.006484 0.044247 -0.062019 0.997073
1277.499642 219.834926 -23.671210 4.475325 -0.006427 0.044061 -0.062033 0.997080
1277.599477 219.962443 -23.680456 4.468527 -0.007866 0.042921 -0.061666 0.997143
1277.699314 220.095026 -23.683109 4.459049 -0.008500 0.042737 -0.061269 0.997170
1277.799156 220.237025 -23.685058 4.461886 -0.009920 0.042360 -0.061090 0.997184
1277.899780 220.376957 -23.699092 4.465347 -0.010913 0.041085 -0.060665 0.997253
1277.999625 220.514594 -23.719857 4.464523 -0.012038 0.040749 -0.060292 0.997276
1278.099470 220.653653 -23.728805 4.465650 -0.011743 0.040671 -0.060418 0.997275
1278.199297 220.792804 -23.732487 4.463687 -0.010732 0.040314 -0.060484 0.997297
1278.299126 220.928701 -23.743337 4.462386 -0.009772 0.039098 -0.060236 0.997370
1278.399784 221.067709 -23.758038 4.459130 -0.010533 0.037360 -0.059828 0.997454
1278.499612 221.198585 -23.769048 4.460479 -0.010525 0.037306 -0.060117 0.997438
1278.599452 221.328809 -23.776120 4.463471 -0.011419 0.038615 -0.060599 0.997350
1278.699286 221.459356 -23.786281 4.464680 -0.011363 0.038409 -0.060812 0.997345
1278.799119 221.594752 -23.800102 4.461996 -0.009377 0.039407 -0.060941 0.997319
1278.899771 221.732931 -23.813190 4.460428 -0.011178 0.040031 -0.060736 0.997288
1278.999610 221.874684 -23.824753 4.462385 -0.010867 0.038516 -0.060288 0.997378
1279.099456 222.014572 -23.838432 4.460464 -0.010933 0.035669 -0.059647 0.997522
1279.199295 222.152959 -23.852021 4.456151 -0.011992 0.034100 -0.059026 0.997602
1279.299125 222.287534 -23.863581 4.453452 -0.012245 0.035340 -0.059112 0.997550
1279.399752 222.421987 -23.871938 4.459062 -0.012037 0.037235 -0.059830 0.997441
1279.499599 222.559143 -23.884960 4.457432 -0.013576 0.036071 -0.060150 0.997445
1279.599446 222.702394 -23.897885 4.456662 -0.014198 0.035345 -0.060807 0.997423
1279.699289 222.839158 -23.914573 4.454066 -0.011911 0.034792 -0.061189 0.997449
1279.799125 222.968721 -23.926448 4.447758 -0.009754 0.036039 -0.061611 0.997402
1279.899773 223.097790 -23.932441 4.442778 -0.010424 0.037313 -0.062037 0.997322
1279.999614 223.228812 -23.935435 4.448002 -0.012179 0.042200 -0.061730 0.997126
1280.099465 223.359670 -23.947439 4.451045 -0.012762 0.043569 -0.061560 0.997070
1280.199306 223.489349 -23.968138 4.448538 -0.011746 0.042919 -0.061489 0.997115
1280.299137 223.618155 -23.987252 4.443393 -0.009406 0.045449 -0.061470 0.997029
1280.399769 223.753447 -24.000781 4.445518 -0.009702 0.047965 -0.061419 0.996912
1280.499606 223.887522 -24.007349 4.444247 -0.009644 0.048398 -0.061481 0.996888
1280.599446 224.021974 -24.018594 4.440929 -0.009353 0.047184 -0.061315 0.996959
1280.699265 224.157987 -24.032578 4.442223 -0.008665 0.045109 -0.061305 0.997062
1280.799492 224.292452 -24.049421 4.446457 -0.009343 0.042098 -0.061159 0.997196
1280.899324 224.434019 -24.063102 4.445998 -0.009298 0.041086 -0.061512 0.997217
1280.999169 224.579653 -24.075675 4.444518 -0.008469 0.041542 -0.061782 0.997189
1281.099812 224.724841 -24.090612 4.438146 -0.007825 0.043214 -0.061621 0.997133
1281.199651 224.870169 -24.111073 4.431951 -0.008405 0.045308 -0.061431 0.997047
1281.299487 225.020416 -24.130443 4.427204 -0.008121 0.046163 -0.061314 0.997017
1281.399329 225.174157 -24.146575 4.430615 -0.009172 0.048581 -0.061494 0.996882
1281.499170 225.327037 -24.162933 4.431663 -0.010103 0.050957 -0.061338 0.996764
1281.599813 225.472076 -24.178181 4.429457 -0.011519 0.051582 -0.061294 0.996719
1281.699650 225.611657 -24.194829 4.431403 -0.011403 0.050732 -0.061648 0.996743
1281.799503 225.750887 -24.211776 4.431705 -0.011168 0.046643 -0.061749 0.996939
1281.899343 225.905652 -24.230964 4.428238 -0.010114 0.043623 -0.061854 0.997080
1281.999186 226.059807 -24.248743 4.427999 -0.011600 0.042248 -0.061675 0.997134
1282.099831 226.215900 -24.267902 4.424358 -0.012568 0.041671 -0.061391 0.997164
1282.199674 226.369778 -24.287122 4.424345 -0.012861 0.043794 -0.061250 0.997078
1282.299499 226.512689 -24.306641 4.431571 -0.011550 0.042453 -0.061338 0.997147
1282.399331 226.660937 -24.318484 4.433100 -0.008852 0.040109 -0.061450 0.997265
1282.499179 226.811204 -24.337833 4.422524 -0.007259 0.039410 -0.061395 0.997309
1282.599814 226.967709 -24.355817 4.420146 -0.008656 0.043813 -0.061250 0.997123
1282.699660 227.122595 -24.381052 4.421703 -0.010214 0.043856 -0.061065 0.997118
1282.799507 227.280900 -24.403817 4.424557 -0.011808 0.038861 -0.061068 0.997307
1282.899343 227.443026 -24.418367 4.419250 -0.014164 0.033964 -0.061908 0.997403
1282.999180 227.603888 -24.434132 4.412851 -0.011190 0.036424 -0.062710 0.997304
1283.099814 227.755074 -24.451660 4.400908 -0.008660 0.039225 -0.063223 0.997191
1283.199648 227.904899 -24.468833 4.398823 -0.011055 0.042947 -0.063370 0.997004
1283.299494 228.056489 -24.489146 4.408241 -0.011917 0.045919 -0.063266 0.996869
1283.399344 228.206621 -24.511146 4.413418 -0.010687 0.043866 -0.062866 0.997000
1283.499196 228.357715 -24.528694 4.418426 -0.008994 0.043419 -0.063085 0.997023
1283.599823 228.506670 -24.545032 4.418702 -0.009798 0.042555 -0.063345 0.997036
1283.699669 228.655425 -24.563798 4.410906 -0.010334 0.041908 -0.062986 0.997081
1283.799515 228.799005 -24.580328 4.407659 -0.010853 0.040839 -0.063097 0.997112
1283.899354 228.940366 -24.594880 4.411291 -0.010734 0.038449 -0.063270 0.997198
1283.999192 229.089410 -24.616995 4.419236 -0.010217 0.034853 -0.062969 0.997354
1284.099841 229.241114 -24.641899 4.421490 -0.008663 0.032487 -0.062525 0.997477
1284.199686 229.384574 -24.661059 4.419544 -0.008032 0.031913 -0.062489 0.997503
1284.299534 229.530683 -24.679012 4.418863 -0.008363 0.031434 -0.062640 0.997506
1284.399371 229.676263 -24.700344 4.414529 -0.009053 0.032689 -0.062766 0.997452
1284.499211 229.822463 -24.722505 4.413510 -0.012795 0.034304 -0.062940 0.997346
1284.599451 229.971662 -24.743345 4.415897 -0.014858 0.034458 -0.063068 0.997304
1284.699281 230.115229 -24.759782 4.415827 -0.014460 0.034594 -0.063069 0.997305
1284.799132 230.252906 -24.780345 4.409717 -0.013111 0.036370 -0.062906 0.997270
1284.899769 230.393364 -24.798409 4.401060 -0.012199 0.036863 -0.063075 0.997253
1284.999612 230.534033 -24.820237 4.397113 -0.010445 0.035511 -0.063028 0.997325
1285.099457 230.677133 -24.838776 4.404900 -0.009886 0.031248 -0.063059 0.997472
1285.199304 230.810076 -24.852555 4.409527 -0.008985 0.029517 -0.063256 0.997520
1285.299159 230.938590 -24.868912 4.409425 -0.009764 0.031337 -0.062931 0.997478
1285.399796 231.063916 -24.887321 4.407022 -0.011668 0.033709 -0.062568 0.997403
1285.499622 231.179202 -24.904281 4.404540 -0.011865 0.033033 -0.062282 0.997441
1285.599464 231.301887 -24.920417 4.396084 -0.011541 0.032032 -0.062328 0.997475
1285.699301 231.434971 -24.939217 4.392110 -0.010058 0.031264 -0.062580 0.997499
1285.799152 231.567399 -24.951212 4.400910 -0.009629 0.032050 -0.063252 0.997436
1285.899778 231.692428 -24.969928 4.402374 -0.008980 0.031396 -0.063745 0.997432
1285.999636 231.816068 -24.988952 4.404284 -0.009661 0.033412 -0.063451 0.997379
1286.099474 231.941325 -25.005822 4.403576 -0.010204 0.032670 -0.063316 0.997406
1286.199314 232.061502 -25.024047 4.399280 -0.009611 0.030982 -0.063256 0.997470
1286.299151 232.184010 -25.042915 4.397911 -0.008589 0.031139 -0.062954 0.997494
1286.399786 232.308696 -25.060772 4.400939 -0.011473 0.030671 -0.062906 0.997482
1286.499620 232.423792 -25.068864 4.391257 -0.013999 0.029225 -0.063363 0.997464
1286.599474 232.533370 -25.081623 4.387240 -0.012490 0.030786 -0.063355 0.997438
1286.699309 232.634497 -25.100473 4.387154 -0.011922 0.031669 -0.063563 0.997404
1286.799156 232.738993 -25.117273 4.388641 -0.009514 0.029713 -0.063578 0.997489
1286.899799 232.845755 -25.137171 4.391452 -0.007950 0.029472 -0.063387 0.997522
1286.999623 232.953076 -25.154205 4.398398 -0.008459 0.029556 -0.063149 0.997531
1287.099464 233.066096 -25.167817 4.404019 -0.009264 0.032325 -0.063434 0.997419
1287.199309 233.180673 -25.180466 4.397269 -0.011405 0.036313 -0.063708 0.997243
1287.299155 233.301282 -25.197557 4.388615 -0.012880 0.039014 -0.064238 0.997089
1287.399791 233.409488 -25.207935 4.388492 -0.012488 0.035105 -0.064739 0.997206
1287.499624 233.509075 -25.221940 4.394364 -0.010811 0.031448 -0.065031 0.997329
1287.599470 233.601589 -25.240221 4.397260 -0.009588 0.029996 -0.065067 0.997384
1287.699297 233.693603 -25.255209 4.394228 -0.010225 0.031942 -0.064822 0.997333
1287.799145 233.796521 -25.270797 4.390765 -0.011340 0.035053 -0.064239 0.997254
1287.899784 233.906561 -25.285828 4.392574 -0.011119 0.036836 -0.063739 0.997225
1287.999628 234.016385 -25.300197 4.395246 -0.011647 0.036642 -0.063870 0.997217
1288.099485 234.124460 -25.313761 4.398731 -0.011894 0.036591 -0.064219 0.997194
1288.199316 234.234463 -25.326392 4.396550 -0.013318 0.037559 -0.064829 0.997100
1288.299165 234.337548 -25.342802 4.389245 -0.012280 0.038602 -0.065297 0.997043
1288.399802 234.430020 -25.361460 4.383835 -0.010259 0.039169 -0.065568 0.997026
1288.499653 234.528225 -25.378609 4.387505 -0.008619 0.035749 -0.065329 0.997186
1288.599493 234.632287 -25.393526 4.385827 -0.009732 0.035654 -0.064881 0.997208
1288.699344 234.746100 -25.407418 4.393266 -0.011866 0.041284 -0.064625 0.996985
1288.799176 234.859744 -25.419253 4.393859 -0.009519 0.043801 -0.064548 0.996907
1288.899815 234.964969 -25.439331 4.385372 -0.010141 0.045274 -0.064806 0.996819
1288.999662 235.067419 -25.459938 4.383731 -0.010949 0.046932 -0.065429 0.996693
1289.099496 235.173140 -25.475727 4.385372 -0.012175 0.045863 -0.065732 0.996708
1289.199326 235.272598 -25.488947 4.389236 -0.012946 0.042921 -0.065655 0.996835
1289.299174 235.373947 -25.498046 4.387601 -0.011253 0.040206 -0.065573 0.996974
1289.399816 235.480652 -25.511088 4.385518 -0.010996 0.039853 -0.065238 0.997013
1289.499654 235.589542 -25.528860 4.388112 -0.011334 0.040925 -0.065273 0.996963
1289.599497 235.705941 -25.549490 4.387161 -0.011051 0.040017 -0.065094 0.997015
1289.699344 235.818460 -25.567620 4.382577 -0.011452 0.037227 -0.064768 0.997140
1289.799201 235.918418 -25.580073 4.378746 -0.012577 0.036751 -0.065063 0.997125
1289.899434 236.024100 -25.588056 4.379469 -0.011312 0.040289 -0.065551 0.996971
1289.999260 236.131209 -25.599731 4.380211 -0.009306 0.045016 -0.065808 0.996773
1290.099480 236.246319 -25.617685 4.375943 -0.008764 0.049378 -0.066664 0.996514
1290.199313 236.367791 -25.635135 4.369928 -0.008557 0.049439 -0.067065 0.996486
1290.299163 236.484590 -25.651615 4.369154 -0.008425 0.048841 -0.066696 0.996542
1290.399798 236.599373 -25.666136 4.369776 -0.008333 0.050209 -0.066481 0.996489
1290.499632 236.722073 -25.680372 4.368265 -0.008929 0.053732 -0.066573 0.996294
1290.599460 236.846396 -25.693917 4.366935 -0.008885 0.054372 -0.066151 0.996287
1290.699302 236.969698 -25.715062 4.369829 -0.008124 0.052067 -0.065842 0.996438
1290.799138 237.106514 -25.734504 4.376561 -0.008212 0.050352 -0.066029 0.996513
1290.899781 237.253948 -25.755223 4.381358 -0.008032 0.048329 -0.065462 0.996652
1290.999626 237.401060 -25.773960 4.376144 -0.008886 0.047027 -0.065075 0.996732
1291.099471 237.538822 -25.789490 4.369085 -0.011280 0.045263 -0.064934 0.996799
1291.199320 237.666019 -25.806356 4.370073 -0.009348 0.042967 -0.065380 0.996891
1291.299167 237.784667 -25.824999 4.371067 -0.008336 0.041705 -0.066063 0.996909
1291.399797 237.910330 -25.843935 4.368650 -0.007153 0.040210 -0.066627 0.996942
1291.499640 238.040426 -25.864040 4.367513 -0.009201 0.038235 -0.067241 0.996961
1291.599484 238.179074 -25.880381 4.371597 -0.011523 0.037896 -0.068293 0.996879
1291.699311 238.324686 -25.897140 4.373938 -0.010488 0.035684 -0.069175 0.996911
1291.799149 238.461345 -25.916088 4.368180 -0.007505 0.032466 -0.069811 0.997004
1291.899785 238.585518 -25.940454 4.363583 -0.005472 0.029260 -0.069782 0.997118
1291.999635 238.711263 -25.962353 4.357937 -0.007052 0.027146 -0.070024 0.997151
1292.099478 238.843006 -25.981727 4.353695 -0.011284 0.027440 -0.069782 0.997121
1292.199312 238.975011 -25.996523 4.354766 -0.019218 0.030011 -0.068520 0.997013
1292.299165 239.106844 -26.013908 4.361245 -0.020210 0.030131 -0.065845 0.997170
1292.399812 239.235226 -26.032828 4.363658 -0.017890 0.027387 -0.063994 0.997414
1292.499651 239.362096 -26.052919 4.360773 -0.014484 0.025620 -0.063845 0.997526
1292.599493 239.481810 -26.071194 4.351065 -0.011672 0.026560 -0.064144 0.997519
1292.699330 239.595845 -26.082887 4.351298 -0.009598 0.028239 -0.063131 0.997559
1292.799165 239.709591 -26.094704 4.337303 -0.008002 0.027966 -0.061766 0.997667
1292.899804 239.813543 -26.112476 4.333944 -0.007222 0.013225 -0.061017 0.998023
1292.999652 239.901638 -26.121133 4.354230 -0.013111 -0.031628 -0.061247 0.997535
1293.099493 239.984861 -26.135669 4.367225 -0.015034 -0.058178 -0.061321 0.996308
1293.199341 240.062423 -26.151111 4.362754 -0.015478 -0.040995 -0.061110 0.997169
1293.299182 240.127666 -26.161098 4.332798 -0.014513 -0.013458 -0.061178 0.997931
1293.399818 240.190377 -26.169156 4.314730 -0.011842 0.013512 -0.061413 0.997951
1293.499656 240.252612 -26.177121 4.313979 -0.012285 0.021226 -0.061756 0.997790
1293.599494 240.310542 -26.182109 4.333517 -0.011360 0.014578 -0.062129 0.997897
1293.699316 240.360032 -26.189734 4.350241 -0.010194 0.014712 -0.062542 0.997882
1293.799146 240.395581 -26.197196 4.354598 -0.010466 0.021612 -0.062406 0.997762
1293.899792 240.431890 -26.199484 4.346844 -0.011446 0.026889 -0.062313 0.997629
1293.999633 240.461760 -26.199211 4.339031 -0.011647 0.032050 -0.062431 0.997467
1294.099468 240.485647 -26.208814 4.337851 -0.010997 0.036696 -0.062297 0.997322
1294.199302 240.517024 -26.217689 4.334145 -0.009591 0.042712 -0.062472 0.997086
1294.299134 240.552839 -26.227464 4.332485 -0.008784 0.048292 -0.062184 0.996857
1294.399771 240.594789 -26.235382 4.330211 -0.009815 0.052096 -0.062009 0.996667
1294.499607 240.637884 -26.241949 4.330790 -0.009389 0.055149 -0.062242 0.996492
1294.599432 240.690300 -26.248977 4.340746 -0.009508 0.059685 -0.062734 0.996199
1294.699268 240.743498 -26.258097 4.345943 -0.009066 0.061893 -0.063065 0.996047
1294.799507 240.805512 -26.269521 4.343165 -0.008238 0.063662 -0.063394 0.995922
1294.899361 240.870837 -26.277637 4.332459 -0.008294 0.063077 -0.063614 0.995945
1294.999202 240.943913 -26.287755 4.328847 -0.011627 0.062189 -0.063400 0.995981
1295.099442 241.024969 -26.300369 4.330310 -0.013274 0.061653 -0.063350 0.995997
1295.199282 241.107765 -26.310971 4.337349 -0.014105 0.062277 -0.063428 0.995942
1295.299124 241.199381 -26.325399 4.336870 -0.017071 0.062321 -0.063770 0.995871
1295.399763 241.291222 -26.335530 4.332995 -0.017780 0.060835 -0.063891 0.995942
1295.499591 241.380334 -26.345399 4.329119 -0.012480 0.058934 -0.063874 0.996138
1295.599426 241.478981 -26.355172 4.331399 -0.009892 0.056142 -0.063945 0.996324
1295.699258 241.591152 -26.366142 4.330905 -0.010902 0.053364 -0.063868 0.996471
1295.799496 241.700897 -26.376610 4.328784 -0.011286 0.050755 -0.063281 0.996640
1295.899342 241.807480 -26.388600 4.324210 -0.012554 0.049464 -0.063009 0.996707
1295.999180 241.917255 -26.399922 4.324887 -0.015670 0.048994 -0.062581 0.996713
1296.099826 242.035244 -26.410258 4.326321 -0.018399 0.048004 -0.062675 0.996709
1296.199672 242.164293 -26.419015 4.328514 -0.018451 0.046680 -0.063115 0.996743
1296.299511 242.293035 -26.420855 4.325971 -0.018380 0.045723 -0.063699 0.996752
1296.399361 242.415702 -26.430840 4.325004 -0.017701 0.047146 -0.063779 0.996693
1296.499187 242.532986 -26.440744 4.323512 -0.019074 0.048799 -0.063778 0.996588
1296.599831 242.650116 -26.445060 4.325217 -0.018483 0.048518 -0.063887 0.996606
1296.699676 242.767907 -26.445552 4.329005 -0.020209 0.049147 -0.063763 0.996549
1296.799504 242.883610 -26.447374 4.334481 -0.016772 0.048493 -0.063660 0.996652
1296.899329 243.010001 -26.446714 4.335867 -0.012504 0.045735 -0.063841 0.996833
1296.999165 243.144236 -26.448763 4.332587 -0.010147 0.042978 -0.064130 0.996964
1297.099809 243.270508 -26.451810 4.332508 -0.009520 0.039233 -0.064270 0.997116
1297.199639 243.397614 -26.454818 4.332398 -0.010533 0.034527 -0.064273 0.997279
1297.299475 243.524495 -26.462451 4.335729 -0.010483 0.031781 -0.063724 0.997406
1297.399328 243.659576 -26.474067 4.340660 -0.010768 0.033262 -0.063433 0.997374
1297.499159 243.794712 -26.479848 4.338940 -0.010920 0.033759 -0.063540 0.997348
1297.599787 243.932002 -26.480738 4.330046 -0.011408 0.033513 -0.063843 0.997332
1297.699608 244.061650 -26.479061 4.327711 -0.011115 0.032554 -0.063761 0.997372
1297.799454 244.189428 -26.483631 4.334175 -0.010923 0.031978 -0.063791 0.997391
1297.899299 244.322189 -26.486278 4.330105 -0.010649 0.028390 -0.063649 0.997512
1297.999137 244.441949 -26.488515 4.327141 -0.011289 0.027050 -0.063966 0.997521
1298.099775 244.546776 -26.492343 4.329829 -0.011592 0.027757 -0.063858 0.997506
1298.199603 244.650410 -26.498323 4.328918 -0.010487 0.030676 -0.063454 0.997458
1298.299436 244.754449 -26.501245 4.326095 -0.010118 0.032775 -0.063272 0.997407
1298.399286 244.860142 -26.506788 4.328969 -0.009747 0.034376 -0.063202 0.997361
1298.499120 244.985828 -26.511327 4.335100 -0.010486 0.036394 -0.063397 0.997269
1298.599763 245.112155 -26.514015 4.338541 -0.011240 0.039157 -0.063883 0.997126
1298.699611 245.225315 -26.517701 4.333971 -0.010753 0.039680 -0.064078 0.997098
1298.799447 245.331565 -26.524491 4.330228 -0.010639 0.038981 -0.064151 0.997122
1298.899290 245.442329 -26.533432 4.325647 -0.010967 0.037226 -0.064257 0.997179
1298.999124 245.557882 -26.543631 4.331330 -0.010868 0.038126 -0.064351 0.997140
1299.099774 245.682831 -26.553057 4.331886 -0.010776 0.038374 -0.064357 0.997131
1299.199612 245.804104 -26.561987 4.327544 -0.010010 0.038073 -0.063786 0.997187
1299.299451 245.919452 -26.571458 4.331440 -0.010791 0.037402 -0.063134 0.997246
1299.399287 246.030080 -26.577982 4.331796 -0.012126 0.036107 -0.062526 0.997316
1299.499118 246.138727 -26.578993 4.330384 -0.013257 0.034142 -0.062295 0.997386
1299.599758 246.250898 -26.586546 4.330805 -0.014244 0.032650 -0.062698 0.997397
1299.699581 246.355813 -26.599043 4.329298 -0.012476 0.037543 -0.063199 0.997216
1299.799417 246.463721 -26.613382 4.324685 -0.009371 0.043141 -0.063271 0.997019
1299.899257 246.572944 -26.624730 4.322373 -0.007646 0.045706 -0.063100 0.996931
1299.999497 246.686777 -26.631823 4.323729 -0.007643 0.044501 -0.062279 0.997037
1300.099340 246.802860 -26.635852 4.325615 -0.010963 0.043089 -0.061702 0.997104
1300.199174 246.917830 -26.642361 4.327107 -0.013002 0.043768 -0.061640 0.997054
1300.299825 247.038049 -26.655190 4.321658 -0.011791 0.044692 -0.061559 0.997033
1300.399670 247.162288 -26.667532 4.320326 -0.009716 0.042036 -0.061642 0.997165
1300.499521 247.280239 -26.675277 4.322460 -0.008893 0.040242 -0.061749 0.997240
1300.599356 247.389181 -26.681981 4.326449 -0.010044 0.037100 -0.062276 0.997319
1300.699196 247.504671 -26.691233 4.325854 -0.010563 0.035524 -0.062663 0.997346
1300.799827 247.617466 -26.703885 4.321375 -0.009547 0.034610 -0.063271 0.997350
1300.899664 247.728773 -26.709329 4.325443 -0.008702 0.034033 -0.063834 0.997342
1300.999509 247.844022 -26.718580 4.332429 -0.007833 0.033154 -0.063925 0.997373
1301.099350 247.958118 -26.728562 4.331239 -0.007945 0.031107 -0.064075 0.997429
1301.199184 248.069887 -26.740741 4.322842 -0.008954 0.027676 -0.064074 0.997521
1301.299812 248.183140 -26.753602 4.320668 -0.008450 0.024656 -0.063769 0.997624
1301.399654 248.299278 -26.766469 4.322301 -0.008727 0.023385 -0.063402 0.997676
1301.499486 248.411471 -26.775871 4.324174 -0.009453 0.022601 -0.063196 0.997700
1301.599321 248.523397 -26.791153 4.331186 -0.010669 0.022288 -0.062819 0.997719
1301.699165 248.635395 -26.799752 4.333681 -0.011817 0.018966 -0.063340 0.997742
1301.799808 248.737224 -26.804976 4.347390 -0.010442 0.009940 -0.063751 0.997862
1301.899645 248.819819 -26.818297 4.322488 -0.010292 -0.014124 -0.063423 0.997834
1301.999478 248.899011 -26.830775 4.305500 -0.010979 -0.003094 -0.063856 0.997894
1302.099305 248.973870 -26.835543 4.294601 -0.013587 0.020245 -0.063774 0.997666
1302.199137 249.042934 -26.840394 4.302367 -0.013178 0.028864 -0.063313 0.997489
1302.299780 249.114981 -26.850449 4.314325 -0.011441 0.030773 -0.063343 0.997452
1302.399628 249.191860 -26.859553 4.319589 -0.010507 0.029725 -0.063544 0.997481
1302.499456 249.262756 -26.869720 4.318165 -0.009496 0.032778 -0.064363 0.997343
1302.599295 249.338094 -26.874836 4.311455 -0.007736 0.037996 -0.065206 0.997118
1302.699131 249.412704 -26.879017 4.305893 -0.007972 0.042187 -0.065795 0.996909
1302.799756 249.485877 -26.889021 4.302636 -0.008543 0.045821 -0.065683 0.996751
1302.899599 249.564007 -26.901008 4.300195 -0.008777 0.048979 -0.066023 0.996577
1302.999438 249.655447 -26.914686 4.301612 -0.009699 0.051726 -0.066234 0.996415
1303.099274 249.747746 -26.923459 4.299299 -0.009824 0.054786 -0.066205 0.996252
1303.199498 249.838316 -26.934760 4.297957 -0.009228 0.057089 -0.065679 0.996164
1303.299339 249.923948 -26.949869 4.298579 -0.008159 0.056321 -0.065424 0.996233
1303.399177 250.005454 -26.962527 4.301780 -0.011029 0.051546 -0.065591 0.996453
1303.499811 250.098738 -26.974794 4.309919 -0.010866 0.047755 -0.065410 0.996656
1303.599651 250.203019 -26.989145 4.313990 -0.011024 0.046513 -0.065143 0.996730
1303.699483 250.302347 -27.001013 4.307375 -0.009687 0.048559 -0.065307 0.996636
1303.799324 250.401683 -27.010380 4.293551 -0.008931 0.051110 -0.065357 0.996512
1303.899150 250.504043 -27.027453 4.286497 -0.008962 0.055909 -0.065104 0.996271
1303.999787 250.606696 -27.045873 4.292357 -0.008963 0.057974 -0.064833 0.996170
1304.099641 250.715901 -27.058825 4.298135 -0.009174 0.056610 -0.064781 0.996250
1304.199479 250.841680 -27.066367 4.299732 -0.010674 0.057243 -0.065016 0.996184
1304.299334 250.971884 -27.082050 4.296855 -0.010958 0.058574 -0.064993 0.996105
1304.399187 251.102309 -27.103348 4.291056 -0.009532 0.058355 -0.065698 0.996086
1304.499837 251.236514 -27.123744 4.290989 -0.008145 0.057132 -0.065988 0.996150
1304.599666 251.372093 -27.142935 4.290223 -0.008473 0.055447 -0.065459 0.996278
1304.699509 251.511477 -27.157773 4.293603 -0.009089 0.053962 -0.065409 0.996357
1304.799348 251.648330 -27.171073 4.292966 -0.009412 0.052773 -0.064803 0.996457
1304.899185 251.788527 -27.187400 4.293255 -0.010219 0.052266 -0.064649 0.996486
1304.999829 251.927947 -27.207520 4.292611 -0.010475 0.052823 -0.065443 0.996402
1305.099672 252.071525 -27.231090 4.297793 -0.009198 0.053429 -0.065872 0.996354
1305.199518 252.213547 -27.255312 4.301948 -0.008591 0.051094 -0.066178 0.996462
1305.299347 252.358367 -27.272573 4.297326 -0.008825 0.046421 -0.066332 0.996678
1305.399182 252.507777 -27.290248 4.293448 -0.008435 0.045616 -0.066194 0.996728
1305.499822 252.661703 -27.312268 4.290559 -0.008395 0.046134 -0.065546 0.996747
1305.599650 252.816461 -27.334431 4.290944 -0.010443 0.046784 -0.065463 0.996703
1305.699503 252.964516 -27.352833 4.293293 -0.010582 0.045673 -0.065202 0.996770
1305.799345 253.114974 -27.374443 4.291960 -0.010935 0.044546 -0.065025 0.996829
1305.899191 253.276162 -27.401261 4.290492 -0.010775 0.042363 -0.065095 0.996921
1305.999825 253.436624 -27.421221 4.288708 -0.011220 0.040230 -0.065465 0.996980
1306.099665 253.592992 -27.440140 4.294962 -0.011387 0.038667 -0.065778 0.997020
1306.199504 253.743417 -27.466306 4.296894 -0.011157 0.038771 -0.065738 0.997021
1306.299344 253.887771 -27.495341 4.296149 -0.011096 0.039051 -0.065454 0.997029
1306.399190 254.032988 -27.516349 4.290021 -0.012067 0.036314 -0.065751 0.997102
1306.499837 254.181911 -27.533525 4.284236 -0.013040 0.033367 -0.066064 0.997172
1306.599667 254.333169 -27.554933 4.281525 -0.011771 0.034572 -0.066010 0.997150
1306.699503 254.485762 -27.574917 4.278887 -0.010121 0.036975 -0.066206 0.997069
1306.799342 254.637966 -27.598722 4.283447 -0.009925 0.038683 -0.066091 0.997014
1306.899176 254.790211 -27.627820 4.283013 -0.011050 0.037971 -0.065559 0.997065
1306.999816 254.934566 -27.651333 4.281646 -0.012571 0.037337 -0.065514 0.997074
1307.099636 255.072617 -27.671184 4.276138 -0.012911 0.037939 -0.065368 0.997056
1307.199478 255.208458 -27.688913 4.273819 -0.013311 0.037586 -0.065555 0.997052
1307.299319 255.350014 -27.710600 4.274633 -0.011871 0.036075 -0.065861 0.997106
1307.399154 255.489795 -27.725306 4.283081 -0.009714 0.035550 -0.066375 0.997114
1307.499788 255.623310 -27.738132 4.283246 -0.008217 0.035363 -0.066723 0.997111
1307.599636 255.753753 -27.756040 4.276388 -0.008542 0.034365 -0.066775 0.997139
1307.699468 255.886780 -27.776832 4.272660 -0.008403 0.033129 -0.066836 0.997178
1307.799313 256.009513 -27.792882 4.270297 -0.010799 0.031347 -0.067370 0.997177
1307.899146 256.126795 -27.814164 4.274055 -0.013804 0.030842 -0.067143 0.997171
1307.999777 256.248583 -27.830265 4.274696 -0.016528 0.029370 -0.067413 0.997156
1308.099623 256.380438 -27.842020 4.274000 -0.019389 0.028238 -0.068083 0.997091
1308.199470 256.516250 -27.857211 4.270144 -0.018398 0.026283 -0.067914 0.997175
1308.299318 256.653837 -27.869776 4.265149 -0.016967 0.025328 -0.067908 0.997226
1308.399152 256.775339 -27.880339 4.264104 -0.016685 0.025446 -0.067768 0.997237
1308.499792 256.897742 -27.892200 4.263849 -0.018670 0.025136 -0.067415 0.997234
1308.599640 257.015712 -27.900096 4.269474 -0.018335 0.024164 -0.066905 0.997298
1308.699483 257.124528 -27.901277 4.267715 -0.019099 0.023502 -0.066971 0.997295
1308.799325 257.236689 -27.903427 4.260705 -0.019066 0.022849 -0.066572 0.997338
1308.899161 257.349029 -27.907693 4.246487 -0.015832 0.023042 -0.066049 0.997425
1308.999797 257.452492 -27.905702 4.254951 -0.010751 0.013578 -0.066437 0.997640
1309.099641 257.548843 -27.912147 4.261189 -0.009605 0.002988 -0.066403 0.997742
1309.199488 257.646051 -27.909765 4.267048 -0.010067 -0.009766 -0.066793 0.997668
1309.299323 257.728360 -27.907099 4.289692 -0.008529 -0.009340 -0.067165 0.997662
1309.399178 257.794478 -27.903034 4.272988 -0.008138 -0.022080 -0.067082 0.997470
1309.499815 257.845812 -27.907138 4.248950 -0.008229 -0.026826 -0.066715 0.997377
1309.599649 257.895491 -27.914641 4.226735 -0.008021 -0.018845 -0.066442 0.997580
1309.699487 257.945562 -27.917151 4.229148 -0.007918 -0.007692 -0.066456 0.997728
1309.799315 257.977686 -27.918712 4.242539 -0.009687 0.002437 -0.066207 0.997756
1309.899170 258.003091 -27.916274 4.264010 -0.011739 0.007656 -0.066625 0.997680
1309.999815 258.030317 -27.912586 4.273823 -0.013331 0.011304 -0.067317 0.997579
1310.099655 258.057423 -27.903401 4.267222 -0.011941 0.017232 -0.068127 0.997456
1310.199483 258.081024 -27.908906 4.261580 -0.011805 0.022062 -0.068160 0.997361
1310.299317 258.098455 -27.918585 4.263212 -0.011731 0.023808 -0.068281 0.997313
1310.399144 258.115894 -27.920999 4.271071 -0.011914 0.023722 -0.068282 0.997313
1310.499787 258.137019 -27.920129 4.276235 -0.011817 0.023302 -0.068087 0.997337
1310.599644 258.158057 -27.918150 4.275327 -0.012020 0.021810 -0.068163 0.997363
1310.699490 258.170540 -27.920053 4.269791 -0.012192 0.021124 -0.068343 0.997364
1310.799324 258.177622 -27.922391 4.267131 -0.012711 0.020053 -0.068587 0.997363
1310.899148 258.181755 -27.923527 4.273285 -0.012401 0.020553 -0.068646 0.997352
1310.999779 258.183709 -27.923330 4.285379 -0.012965 0.020038 -0.068545 0.997362
1311.099614 258.182596 -27.926333 4.280402 -0.012866 0.019099 -0.068513 0.997384
1311.199454 258.186295 -27.927383 4.274315 -0.013100 0.023061 -0.068592 0.997292
1311.299279 258.189845 -27.927199 4.274970 -0.013559 0.028169 -0.068624 0.997153
1311.399116 258.188382 -27.922099 4.278912 -0.012760 0.030298 -0.068634 0.997100
1311.499755 258.182748 -27.916511 4.284020 -0.012104 0.028409 -0.068583 0.997167
1311.599586 258.182841 -27.916640 4.284731 -0.012390 0.026994 -0.068563 0.997205
1311.699417 258.183999 -27.920337 4.281049 -0.012204 0.026097 -0.068470 0.997237
1311.799257 258.181570 -27.923771 4.279524 -0.012249 0.026851 -0.068439 0.997219
1311.899499 258.187925 -27.928545 4.271104 -0.011984 0.027745 -0.068260 0.997210
1311.999329 258.198606 -27.933083 4.273606 -0.011920 0.028690 -0.068292 0.997182
1312.099173 258.206965 -27.927399 4.285305 -0.011847 0.029263 -0.068473 0.997153
1312.199818 258.212451 -27.921462 4.283669 -0.011671 0.028557 -0.068544 0.997171
1312.299641 258.208526 -27.919497 4.270467 -0.011607 0.027475 -0.068541 0.997202
1312.399485 258.204293 -27.923533 4.268419 -0.011342 0.027248 -0.068521 0.997213
1312.499325 258.204942 -27.925093 4.278757 -0.012245 0.027528 -0.068686 0.997183
1312.599172 258.204415 -27.923100 4.290433 -0.011957 0.027699 -0.068683 0.997182
1312.699835 258.202613 -27.922658 4.289662 -0.011887 0.027535 -0.068656 0.997189
1312.799677 258.201164 -27.916788 4.286156 -0.010974 0.027475 -0.068818 0.997190
1312.899512 258.199261 -27.917973 4.283984 -0.011462 0.027905 -0.068626 0.997186
1312.999347 258.194111 -27.925761 4.276596 -0.011795 0.027676 -0.068479 0.997199
1313.099208 258.183941 -27.925255 4.273854 -0.012313 0.027472 -0.068516 0.997196
1313.199450 258.181299 -27.919804 4.281079 -0.011761 0.028223 -0.068835 0.997159
1313.299287 258.175324 -27.914853 4.281632 -0.010416 0.029223 -0.069036 0.997132
1313.399136 258.165656 -27.914899 4.273412 -0.010138 0.029773 -0.068658 0.997144
1313.499775 258.161481 -27.917584 4.265382 -0.011296 0.029375 -0.068668 0.997143
1313.599614 258.168686 -27.921585 4.266485 -0.011902 0.027390 -0.068689 0.997191
1313.699450 258.178945 -27.922682 4.275564 -0.011614 0.026129 -0.068648 0.997231
1313.799290 258.182775 -27.918460 4.285238 -0.011564 0.029351 -0.068720 0.997137
1313.899139 258.183808 -27.914384 4.278812 -0.010741 0.038206 -0.068508 0.996861
1313.999793 258.189451 -27.913217 4.261198 -0.009958 0.052388 -0.068579 0.996219
1314.099636 258.203309 -27.916568 4.251684 -0.009846 0.064699 -0.068328 0.995514
1314.199470 258.223349 -27.925371 4.250860 -0.010030 0.071438 -0.068380 0.995048
1314.299315 258.248041 -27.934361 4.249383 -0.008988 0.077521 -0.068498 0.994594
1314.399142 258.278354 -27.939409 4.251593 -0.008149 0.082391 -0.068597 0.994203
1314.499775 258.317289 -27.938290 4.249873 -0.007491 0.085915 -0.069205 0.993868
1314.599605 258.367631 -27.943659 4.250561 -0.006509 0.089025 -0.069387 0.993588
1314.699442 258.434296 -27.952934 4.244910 -0.005323 0.089919 -0.069364 0.993516
1314.799277 258.509878 -27.964340 4.240193 -0.005509 0.092286 -0.069365 0.993298
1314.899118 258.594614 -27.982034 4.235586 -0.006678 0.098126 -0.069295 0.992736
1314.999746 258.702501 -27.999011 4.231984 -0.006976 0.101762 -0.069111 0.992381
1315.099602 258.818555 -28.014643 4.230883 -0.007472 0.099973 -0.068891 0.992574
1315.199432 258.947667 -28.030428 4.235935 -0.007182 0.094599 -0.069068 0.993091
1315.299281 259.084594 -28.050218 4.237010 -0.006736 0.092077 -0.069190 0.993322
1315.399118 259.224831 -28.072143 4.237088 -0.006159 0.089117 -0.069297 0.993589
1315.499765 259.365359 -28.095862 4.235532 -0.004890 0.085481 -0.069063 0.993931
1315.599620 259.514368 -28.121398 4.236998 -0.004811 0.082000 -0.068694 0.994250
1315.699454 259.683599 -28.147165 4.244406 -0.006186 0.078135 -0.068426 0.994573
1315.799283 259.862584 -28.172014 4.244194 -0.009562 0.072161 -0.068340 0.995003
1315.899121 260.049524 -28.195727 4.245390 -0.012185 0.065731 -0.068246 0.995426
1315.999756 260.243554 -28.225363 4.243424 -0.012740 0.061744 -0.067931 0.995696
1316.099606 260.447353 -28.257389 4.237504 -0.011826 0.062404 -0.068225 0.995646
1316.199438 260.640277 -28.283415 4.228192 -0.013539 0.062042 -0.068121 0.995654
1316.299309 260.836556 -28.306748 4.223546 -0.018562 0.055348 -0.068356 0.995952
1316.399131 261.038487 -28.338824 4.228376 -0.020858 0.042471 -0.068118 0.996555
1316.499771 261.239947 -28.371817 4.218779 -0.019383 0.028471 -0.068080 0.997085
1316.599607 261.421098 -28.393219 4.282235 -0.015650 -0.007700 -0.068131 0.997524
1316.699445 261.598119 -28.406757 4.255916 -0.012414 -0.058318 -0.068046 0.995899
1316.799284 261.787935 -28.422235 4.181002 -0.012648 -0.036535 -0.068701 0.996888
1316.899113 261.950479 -28.434941 4.147707 -0.015219 0.000373 -0.068678 0.997523
1316.999750 262.084150 -28.449477 4.151980 -0.017661 -0.034408 -0.067946 0.996939
1317.099608 262.211222 -28.467585 4.229218 -0.014555 -0.069747 -0.067555 0.995168
1317.199441 262.323437 -28.478083 4.268635 -0.015133 -0.065757 -0.067835 0.995412
1317.299295 262.411233 -28.485434 4.230450 -0.011960 -0.026236 -0.068149 0.997258
1317.399126 262.485873 -28.486449 4.204068 -0.012143 0.019439 -0.068004 0.997422
1317.499751 262.554652 -28.493938 4.224172 -0.011804 0.039947 -0.068006 0.996815
1317.599589 262.623549 -28.502997 4.231838 -0.010224 0.042753 -0.068582 0.996677
1317.699437 262.698342 -28.515398 4.238295 -0.007736 0.041176 -0.068994 0.996737
1317.799275 262.776629 -28.525319 4.242021 -0.007237 0.043696 -0.069301 0.996612
1317.899511 262.866376 -28.538674 4.233037 -0.007691 0.046402 -0.069387 0.996480
1317.999356 262.951664 -28.545946 4.229102 -0.007740 0.051122 -0.069422 0.996247
1318.099207 263.029450 -28.556359 4.232763 -0.008826 0.053426 -0.069114 0.996138
1318.199463 263.106055 -28.566685 4.237359 -0.010065 0.055305 -0.069494 0.995997
1318.299296 263.183325 -28.578567 4.252679 -0.011074 0.054942 -0.069726 0.995990
1318.399124 263.262638 -28.585558 4.256267 -0.014231 0.051984 -0.069925 0.996095
1318.499751 263.351868 -28.596664 4.253204 -0.014669 0.050016 -0.070054 0.996181
1318.599602 263.453463 -28.612938 4.240421 -0.015419 0.053409 -0.070150 0.995986
1318.699443 263.553449 -28.628138 4.235549 -0.017317 0.055451 -0.070322 0.995831
1318.799275 263.658964 -28.638487 4.241728 -0.019843 0.053276 -0.069985 0.995927
1318.899505 263.767257 -28.644405 4.244056 -0.019791 0.051768 -0.069710 0.996027
1318.999356 263.882652 -28.650911 4.241046 -0.020006 0.053786 -0.069929 0.995900
1319.099187 263.998129 -28.657120 4.237444 -0.018464 0.055997 -0.069923 0.995808
1319.199844 264.112322 -28.669745 4.230787 -0.014263 0.056474 -0.069967 0.995847
1319.299675 264.229872 -28.679136 4.233334 -0.011417 0.056492 -0.070246 0.995863
1319.399513 264.346176 -28.684157 4.244083 -0.009706 0.053737 -0.070325 0.996028
1319.499348 264.466855 -28.689488 4.248650 -0.010663 0.048903 -0.070417 0.996261
1319.599195 264.594594 -28.693120 4.254717 -0.010262 0.048014 -0.070828 0.996279
1319.699828 264.721980 -28.696554 4.252629 -0.009723 0.049430 -0.071052 0.996200
1319.799649 264.850237 -28.705943 4.242534 -0.010388 0.053065 -0.071090 0.996003
1319.899484 264.989087 -28.717594 4.237024 -0.010392 0.052542 -0.071251 0.996019
1319.999317 265.131472 -28.728355 4.232197 -0.010772 0.048891 -0.071695 0.996169
1320.099162 265.280862 -28.739426 4.238510 -0.011801 0.043104 -0.072341 0.996378
1320.199807 265.431263 -28.749338 4.247408 -0.010520 0.043275 -0.072689 0.996360
1320.299660 265.564120 -28.759157 4.249028 -0.009601 0.041787 -0.072387 0.996455
1320.399504 265.694989 -28.766196 4.242385 -0.007622 0.040955 -0.071828 0.996547
1320.499354 265.825578 -28.780332 4.228285 -0.008131 0.041015 -0.071294 0.996579
1320.599195 265.959911 -28.788215 4.228816 -0.009853 0.038578 -0.071221 0.996666
1320.699830 266.102549 -28.794339 4.227805 -0.011370 0.036727 -0.071617 0.996691
1320.799662 266.241701 -28.803887 4.232930 -0.010523 0.037033 -0.072184 0.996648
1320.899494 266.380533 -28.817850 4.231386 -0.009060 0.039387 -0.072530 0.996547
1320.999332 266.514958 -28.830266 4.233981 -0.008825 0.041011 -0.072731 0.996469
1321.099180 266.640894 -28.843757 4.231676 -0.009259 0.039842 -0.072778 0.996509
1321.199822 266.769899 -28.853207 4.229355 -0.010319 0.037359 -0.072943 0.996583
1321.299658 266.911509 -28.863122 4.221053 -0.010435 0.037200 -0.073093 0.996576
1321.399504 267.057037 -28.880229 4.225454 -0.010750 0.038468 -0.072632 0.996559
1321.499349 267.197024 -28.898447 4.230108 -0.012015 0.039795 -0.072487 0.996503
1321.599178 267.332146 -28.913253 4.227832 -0.011468 0.039710 -0.072463 0.996514
1321.699810 267.463125 -28.932674 4.222773 -0.011759 0.038970 -0.072284 0.996553
1321.799663 267.589808 -28.948470 4.225916 -0.011472 0.036818 -0.072140 0.996649
1321.899495 267.725861 -28.960943 4.228412 -0.010488 0.035417 -0.072356 0.996695
1321.999337 267.868689 -28.980218 4.229559 -0.011022 0.035327 -0.071662 0.996742
1322.099185 268.008168 -28.999613 4.222945 -0.012624 0.038969 -0.071269 0.996616
1322.199829 268.136679 -29.015078 4.218051 -0.013519 0.042056 -0.071519 0.996461
1322.299662 268.264720 -29.031424 4.214032 -0.011776 0.042888 -0.071460 0.996451
1322.399490 268.400851 -29.049255 4.212419 -0.009174 0.041219 -0.071702 0.996532
1322.499331 268.535749 -29.064488 4.216130 -0.009571 0.040422 -0.071573 0.996570
1322.599170 268.660277 -29.077065 4.215865 -0.012368 0.039672 -0.072038 0.996536
1322.699822 268.787725 -29.092869 4.208350 -0.013362 0.040000 -0.072348 0.996487
1322.799639 268.917329 -29.109304 4.200347 -0.012359 0.039991 -0.072688 0.996476
1322.899479 269.047458 -29.127541 4.192697 -0.010697 0.039760 -0.072641 0.996508
1322.999306 269.170192 -29.143403 4.193975 -0.010230 0.039866 -0.072782 0.996498
1323.099151 269.293889 -29.154194 4.204478 -0.010788 0.039843 -0.073119 0.996469
1323.199792 269.424216 -29.162366 4.204147 -0.010924 0.040574 -0.073327 0.996422
1323.299632 269.559101 -29.181790 4.202273 -0.011261 0.041798 -0.072947 0.996396
1323.399481 269.698738 -29.203349 4.200428 -0.009605 0.039839 -0.072729 0.996509
1323.499324 269.833418 -29.225358 4.199398 -0.006899 0.037689 -0.072206 0.996654
1323.599162 269.968179 -29.241091 4.192920 -0.008417 0.040606 -0.072029 0.996540
1323.699808 270.093595 -29.255777 4.191948 -0.009361 0.046911 -0.072031 0.996255
1323.799651 270.220872 -29.270442 4.197878 -0.008868 0.050799 -0.071515 0.996106
1323.899493 270.354254 -29.284177 4.202096 -0.008542 0.049470 -0.071155 0.996201
1323.999318 270.496437 -29.301613 4.200343 -0.010246 0.046557 -0.070966 0.996339
1324.099169 270.634818 -29.318136 4.194289 -0.010284 0.043808 -0.071090 0.996454
1324.199803 270.769030 -29.337564 4.194740 -0.008466 0.042282 -0.071587 0.996502
1324.299655 270.907685 -29.358956 4.192554 -0.007400 0.043319 -0.071983 0.996437
1324.399502 271.048294 -29.375721 4.187105 -0.008262 0.045169 -0.072666 0.996299
1324.499344 271.178551 -29.390383 4.184218 -0.009063 0.046562 -0.073552 0.996163
1324.599189 271.314056 -29.406797 4.180959 -0.009430 0.045790 -0.073705 0.996184
1324.699827 271.458134 -29.425327 4.182559 -0.010889 0.042407 -0.074088 0.996290
1324.799668 271.605489 -29.445018 4.181969 -0.011250 0.039561 -0.074282 0.996389
1324.899507 271.756965 -29.466799 4.180750 -0.011060 0.039501 -0.074296 0.996392
1324.999353 271.898842 -29.490120 4.176387 -0.011273 0.038951 -0.074702 0.996381
1325.099213 272.039490 -29.510731 4.171893 -0.011774 0.038481 -0.074784 0.996387
1325.199470 272.169071 -29.528409 4.167563 -0.012228 0.038331 -0.074617 0.996400
1325.299312 272.300492 -29.546710 4.164806 -0.012861 0.040339 -0.074313 0.996336
1325.399146 272.425850 -29.566251 4.160257 -0.011384 0.044809 -0.074642 0.996138
1325.499771 272.552209 -29.586212 4.155472 -0.008600 0.049192 -0.074407 0.995977
1325.599626 272.690248 -29.609389 4.150778 -0.009486 0.052585 -0.074476 0.995790
1325.699472 272.841923 -29.629817 4.150473 -0.009809 0.053517 -0.074205 0.995758
1325.799304 272.995479 -29.650044 4.150317 -0.008973 0.052114 -0.073957 0.995858
1325.899142 273.143721 -29.669619 4.153469 -0.009444 0.048000 -0.073955 0.996061
1325.999782 273.291369 -29.692622 4.158146 -0.010681 0.045390 -0.074009 0.996167
1326.099619 273.435082 -29.713430 4.157296 -0.010405 0.044631 -0.073875 0.996214
1326.199464 273.577108 -29.734262 4.152318 -0.010242 0.045498 -0.073873 0.996177
1326.299302 273.718736 -29.759395 4.149152 -0.010794 0.045495 -0.073587 0.996192
1326.399135 273.867825 -29.783671 4.148240 -0.010999 0.043643 -0.073753 0.996260
1326.499776 274.017554 -29.806598 4.147890 -0.010920 0.042091 -0.073969 0.996312
1326.599613 274.168652 -29.829711 4.141871 -0.010774 0.041524 -0.074288 0.996314
1326.699462 274.315147 -29.852233 4.133306 -0.011752 0.043880 -0.074570 0.996181
1326.799301 274.463304 -29.873313 4.134049 -0.011489 0.046215 -0.074979 0.996047
1326.899143 274.612350 -29.900266 4.143914 -0.011226 0.046992 -0.074650 0.996039
1326.999785 274.761889 -29.930914 4.158071 -0.012062 0.044208 -0.074502 0.996167
1327.099636 274.916098 -29.957387 4.151472 -0.010594 0.040347 -0.074452 0.996352
1327.199477 275.064349 -29.977275 4.135575 -0.009262 0.039226 -0.074301 0.996421
1327.299320 275.207850 -29.993141 4.123241 -0.012003 0.043059 -0.074789 0.996197
1327.399143 275.354604 -30.013926 4.125502 -0.014281 0.047191 -0.074614 0.995993
1327.499784 275.514047 -30.042038 4.127001 -0.013687 0.048850 -0.074316 0.995944
1327.599624 275.664076 -30.071369 4.128791 -0.013288 0.048342 -0.074405 0.995967
1327.699468 275.809634 -30.099079 4.128228 -0.012759 0.048295 -0.074674 0.995956
1327.799307 275.962363 -30.123908 4.121969 -0.012227 0.047474 -0.075164 0.995965
1327.899162 276.109299 -30.146932 4.118749 -0.012368 0.046971 -0.075219 0.995983
1327.999779 276.255363 -30.164898 4.117948 -0.013426 0.043475 -0.074938 0.996150
1328.099616 276.406721 -30.187677 4.119236 -0.017142 0.041799 -0.074512 0.996196
1328.199463 276.561802 -30.211974 4.119519 -0.019027 0.040463 -0.074404 0.996225
1328.299307 276.712957 -30.238052 4.116633 -0.018700 0.043554 -0.074446 0.996098
1328.399140 276.861760 -30.265084 4.107811 -0.017300 0.047729 -0.074612 0.995919
1328.499784 277.016424 -30.287306 4.100382 -0.016030 0.048236 -0.074654 0.995913
1328.599609 277.166234 -30.300559 4.087754 -0.019020 0.046058 -0.075045 0.995934
1328.699454 277.322726 -30.313324 4.085811 -0.020310 0.041393 -0.075174 0.996104
1328.799303 277.476934 -30.329582 4.098359 -0.019989 0.037877 -0.075308 0.996240
1328.899146 277.631653 -30.348293 4.110505 -0.018813 0.037042 -0.075172 0.996305
1328.999792 277.782477 -30.364094 4.105662 -0.019364 0.039749 -0.075282 0.996182
1329.099637 277.928043 -30.372761 4.097691 -0.019132 0.042132 -0.075472 0.996074
1329.199486 278.069406 -30.384180 4.086162 -0.020644 0.042229 -0.075542 0.996034
1329.299318 278.215766 -30.396835 4.075442 -0.020668 0.039766 -0.075390 0.996147
1329.399174 278.362867 -30.409335 4.070126 -0.021542 0.038293 -0.075003 0.996215
1329.499814 278.510125 -30.418231 4.076637 -0.019192 0.038378 -0.074826 0.996273
1329.599650 278.662749 -30.428005 4.083142 -0.016572 0.039341 -0.075026 0.996267
1329.699493 278.814573 -30.432199 4.092061 -0.015073 0.040505 -0.075306 0.996223
1329.799321 278.957297 -30.438970 4.085750 -0.014956 0.040113 -0.075445 0.996231
1329.899179 279.099970 -30.450568 4.075545 -0.015133 0.038011 -0.075487 0.996307
1329.999818 279.242475 -30.459166 4.075529 -0.013843 0.035806 -0.075332 0.996419
1330.099658 279.379255 -30.465615 4.081112 -0.012831 0.033444 -0.075511 0.996501
1330.199496 279.524331 -30.477851 4.084286 -0.012823 0.031512 -0.075736 0.996547
1330.299342 279.664465 -30.483805 4.085826 -0.013855 0.029630 -0.075695 0.996594
1330.399184 279.800245 -30.484410 4.082379 -0.013908 0.027138 -0.075834 0.996654
1330.499824 279.920835 -30.492116 4.079453 -0.015377 0.021546 -0.075315 0.996808
1330.599679 280.040665 -30.495555 4.077114 -0.013247 0.013628 -0.075534 0.996962
1330.699507 280.160292 -30.497736 4.067693 -0.012609 0.017654 -0.075992 0.996872
1330.799356 280.287459 -30.501170 4.058340 -0.013199 0.024205 -0.075940 0.996731
1330.899201 280.403919 -30.507207 4.060432 -0.011328 0.016004 -0.075492 0.996954
1330.999444 280.517596 -30.517322 4.067127 -0.012091 0.017887 -0.075544 0.996909
1331.099291 280.607638 -30.523933 4.063354 -0.014214 0.000053 -0.075371 0.997054
1331.199134 280.697648 -30.528271 4.053177 -0.012316 -0.002862 -0.075425 0.997071
1331.299779 280.797726 -30.532632 4.049933 -0.012653 0.014471 -0.075768 0.996940
1331.399614 280.889718 -30.538720 4.053694 -0.013390 0.028668 -0.075486 0.996645
1331.499455 280.975191 -30.547617 4.050810 -0.013324 0.034985 -0.075522 0.996441
1331.599298 281.056429 -30.558034 4.050809 -0.014950 0.033416 -0.075481 0.996475
1331.699124 281.126839 -30.569988 4.058773 -0.015336 0.029625 -0.075482 0.996589
1331.799763 281.206449 -30.579326 4.065942 -0.014792 0.030070 -0.075425 0.996588
1331.899598 281.293458 -30.586358 4.065067 -0.014094 0.032285 -0.075262 0.996541
1331.999436 281.373578 -30.588855 4.058208 -0.014609 0.033373 -0.075030 0.996516
1332.099286 281.447575 -30.596524 4.051584 -0.015133 0.031595 -0.075057 0.996564
1332.199126 281.521159 -30.611404 4.047535 -0.015508 0.029760 -0.075069 0.996614
1332.299758 281.590163 -30.619906 4.054202 -0.014350 0.018197 -0.074923 0.996920
1332.399610 281.663777 -30.625968 4.061399 -0.014545 0.013974 -0.074884 0.996988
1332.499447 281.728395 -30.628323 4.065755 -0.015247 0.021653 -0.074972 0.996834
1332.599295 281.780706 -30.632297 4.062773 -0.015063 0.032573 -0.074919 0.996544
1332.699143 281.835906 -30.636429 4.051847 -0.014470 0.039642 -0.075104 0.996282
1332.799796 281.893633 -30.645576 4.043528 -0.013139 0.042801 -0.075122 0.996169
1332.899649 281.958126 -30.647477 4.042040 -0.012022 0.044465 -0.075474 0.996083
1332.999509 282.029984 -30.644414 4.050186 -0.010936 0.051864 -0.075647 0.995725
1333.099355 282.099151 -30.651778 4.050414 -0.010214 0.057839 -0.075518 0.995413
1333.199191 282.165623 -30.663834 4.047255 -0.009487 0.061393 -0.075434 0.995214
1333.299845 282.246087 -30.674351 4.038803 -0.008938 0.063443 -0.075505 0.995085
1333.399693 282.330274 -30.681568 4.025397 -0.009595 0.068218 -0.075387 0.994772
1333.499535 282.414317 -30.684399 4.020897 -0.010289 0.074987 -0.075247 0.994288
1333.599374 282.514996 -30.690822 4.027462 -0.010176 0.081578 -0.075451 0.993755
1333.699208 282.628649 -30.709364 4.034594 -0.010507 0.086845 -0.075422 0.993307
1333.799465 282.750314 -30.732544 4.033736 -0.009203 0.089619 -0.075485 0.993069
1333.899311 282.875246 -30.753162 4.025768 -0.008180 0.089159 -0.075657 0.993106
1333.999151 283.007046 -30.767998 4.013800 -0.007346 0.088411 -0.075811 0.993168
1334.099785 283.150122 -30.782939 4.011832 -0.006168 0.089360 -0.076069 0.993071
1334.199634 283.303488 -30.800052 4.006920 -0.006958 0.093073 -0.075959 0.992733
1334.299477 283.463800 -30.814835 4.000607 -0.007603 0.094997 -0.076135 0.992533
1334.399323 283.634779 -30.837617 3.995300 -0.007856 0.093179 -0.076185 0.992699
1334.499154 283.811502 -30.867179 3.996928 -0.008819 0.089054 -0.076282 0.993062
1334.599791 284.007526 -30.899273 4.000546 -0.008428 0.084535 -0.075874 0.993492
1334.699634 284.201879 -30.933194 4.000401 -0.007598 0.081687 -0.075869 0.993737
1334.799475 284.401475 -30.964304 3.999981 -0.008479 0.080480 -0.076048 0.993815
1334.899329 284.608140 -30.996339 3.993334 -0.010272 0.079168 -0.075952 0.993911
1334.999180 284.819709 -31.029541 3.990431 -0.016207 0.072913 -0.075706 0.994329
1335.099808 285.037054 -31.069479 3.994275 -0.019798 0.058557 -0.075274 0.995245
1335.199638 285.251925 -31.102840 4.000159 -0.020283 0.046264 -0.075077 0.995897
1335.299485 285.467485 -31.130652 4.005469 -0.021489 0.041737 -0.074993 0.996078
1335.399329 285.694599 -31.153372 3.998483 -0.021700 0.041458 -0.075067 0.996080
1335.499168 285.917189 -31.179128 3.988600 -0.021672 0.040711 -0.074848 0.996128
1335.599803 286.132293 -31.207417 3.988690 -0.021949 0.041030 -0.074924 0.996103
1335.699657 286.341168 -31.238549 3.987784 -0.023522 0.041612 -0.074550 0.996071
1335.799496 286.549683 -31.263182 3.995637 -0.024274 0.044781 -0.074522 0.995918
1335.899333 286.765971 -31.287782 3.995036 -0.024763 0.049040 -0.074224 0.995727
1335.999186 286.985079 -31.307853 3.984466 -0.023946 0.054115 -0.074362 0.995474
1336.099814 287.206777 -31.328430 3.981360 -0.020949 0.057969 -0.074238 0.995334
1336.199660 287.421722 -31.347514 3.976282 -0.017054 0.057470 -0.074224 0.995438
1336.299497 287.633944 -31.367226 3.974865 -0.015286 0.054291 -0.074340 0.995637
1336.399325 287.846212 -31.385534 3.970274 -0.014639 0.050266 -0.074578 0.995840
1336.499170 288.054150 -31.404125 3.978324 -0.014831 0.047983 -0.074719 0.995939
1336.599792 288.264839 -31.422376 3.981142 -0.014921 0.045006 -0.074681 0.996080
1336.699640 288.482420 -31.440107 3.977156 -0.015398 0.041264 -0.074561 0.996243
1336.799478 288.701113 -31.457938 3.977522 -0.016093 0.037873 -0.074525 0.996370
1336.899333 288.919036 -31.472342 3.973867 -0.016313 0.035318 -0.074887 0.996433
1336.999172 289.128799 -31.489052 3.964950 -0.016811 0.032612 -0.074508 0.996545
1337.099802 289.332675 -31.510003 3.959565 -0.015944 0.032002 -0.074700 0.996565
1337.199634 289.530338 -31.532099 3.958322 -0.014898 0.033101 -0.074932 0.996528
1337.299469 289.719345 -31.550362 3.965733 -0.015018 0.034478 -0.075146 0.996463
1337.399307 289.909604 -31.567289 3.966608 -0.017573 0.033774 -0.075295 0.996434
1337.499155 290.105764 -31.584167 3.957709 -0.021875 0.032323 -0.075371 0.996391
1337.599806 290.296196 -31.600223 3.953945 -0.024485 0.032512 -0.075464 0.996318
1337.699645 290.485920 -31.613420 3.958657 -0.023873 0.033439 -0.075393 0.996307
1337.799480 290.672822 -31.627243 3.956314 -0.019754 0.035030 -0.075145 0.996361
1337.899316 290.856721 -31.639646 3.952495 -0.015735 0.035749 -0.075165 0.996406
1337.999146 291.048880 -31.654531 3.947844 -0.015073 0.033962 -0.075340 0.996465
1338.099785 291.237229 -31.668437 3.947185 -0.014518 0.030529 -0.075380 0.996582
1338.199622 291.410250 -31.682229 3.945860 -0.015215 0.028769 -0.075322 0.996628
1338.299457 291.569146 -31.695787 3.943053 -0.015958 0.028439 -0.074928 0.996656
1338.399315 291.732168 -31.708211 3.933490 -0.016192 0.030471 -0.075125 0.996577
1338.499151 291.897642 -31.718024 3.925684 -0.016159 0.031556 -0.075165 0.996541
1338.599796 292.061902 -31.727333 3.921969 -0.015893 0.030016 -0.075123 0.996596
1338.699628 292.225798 -31.740773 3.926607 -0.015339 0.027505 -0.075110 0.996678
1338.799467 292.386160 -31.754182 3.930951 -0.014396 0.026713 -0.075018 0.996720
1338.899309 292.539675 -31.764351 3.935096 -0.014321 0.027212 -0.075403 0.996679
1338.999166 292.687701 -31.778070 3.932997 -0.014753 0.027890 -0.075266 0.996664
1339.099803 292.829914 -31.787674 3.929541 -0.014985 0.027839 -0.075356 0.996655
1339.199638 292.964464 -31.795410 3.920551 -0.015515 0.026597 -0.075542 0.996667
1339.299491 293.090622 -31.804587 3.913305 -0.016066 0.014698 -0.075578 0.996902
1339.399339 293.218310 -31.810382 3.905345 -0.014481 0.011940 -0.076268 0.996911
1339.499186 293.358604 -31.819133 3.893727 -0.014891 0.018935 -0.076534 0.996776
1339.599836 293.495830 -31.829511 3.893422 -0.014186 0.027433 -0.076442 0.996596
1339.699677 293.631874 -31.845119 3.893135 -0.013281 0.032416 -0.076517 0.996453
1339.799513 293.750313 -31.856993 3.886524 -0.013850 0.033156 -0.076685 0.996408
1339.899358 293.869813 -31.865575 3.866968 -0.014178 0.030979 -0.076668 0.996474
1339.999190 293.997491 -31.877922 3.855589 -0.014372 0.031818 -0.076515 0.996457
1340.099823 294.122778 -31.890191 3.845696 -0.014659 0.032824 -0.076414 0.996428
1340.199672 294.244910 -31.896815 3.835071 -0.013451 0.035242 -0.076780 0.996334
1340.299504 294.353725 -31.899904 3.816860 -0.013611 0.037132 -0.077062 0.996242
1340.399352 294.454529 -31.913127 3.801029 -0.013234 0.036593 -0.077174 0.996258
1340.499196 294.556983 -31.925287 3.795564 -0.013269 0.035578 -0.077323 0.996283
1340.599838 294.654444 -31.937549 3.789785 -0.013840 0.034848 -0.077427 0.996293
1340.699666 294.754288 -31.951101 3.779373 -0.013150 0.038362 -0.077496 0.996168
1340.799510 294.859570 -31.962218 3.772884 -0.013238 0.042921 -0.077711 0.995964
1340.899363 294.963859 -31.972622 3.764689 -0.013879 0.045535 -0.077661 0.995843
1340.999204 295.071847 -31.981174 3.763272 -0.014097 0.045588 -0.077599 0.995842
1341.099456 295.177749 -31.989109 3.767387 -0.016425 0.047941 -0.077753 0.995684
1341.199309 295.290022 -31.999162 3.767249 -0.016267 0.049461 -0.077683 0.995618
1341.299143 295.397334 -32.017421 3.767360 -0.014827 0.049531 -0.077806 0.995627
1341.399782 295.509604 -32.034133 3.768814 -0.013812 0.047217 -0.077882 0.995748
1341.499624 295.625166 -32.046176 3.768972 -0.013922 0.043907 -0.078107 0.995880
1341.599461 295.740676 -32.054361 3.763519 -0.013893 0.042233 -0.078228 0.995944
1341.699299 295.857033 -32.061360 3.754777 -0.014335 0.041879 -0.078187 0.995956
1341.799156 295.972890 -32.074766 3.749458 -0.014254 0.044987 -0.078139 0.995825
1341.899797 296.094329 -32.089796 3.751921 -0.014626 0.046992 -0.078269 0.995717
1341.999646 296.216106 -32.102862 3.754544 -0.015102 0.045890 -0.077951 0.995786
1342.099490 296.331874 -32.116850 3.763736 -0.015124 0.043715 -0.077394 0.995927
1342.199341 296.440298 -32.127946 3.766021 -0.013576 0.040862 -0.077205 0.996085
1342.299193 296.553436 -32.139732 3.762961 -0.012516 0.039074 -0.077649 0.996136
1342.399816 296.670136 -32.154094 3.763470 -0.011415 0.038953 -0.078246 0.996107
1342.499648 296.789965 -32.166456 3.768707 -0.009298 0.037710 -0.078751 0.996137
1342.599487 296.905965 -32.177779 3.765776 -0.009799 0.035324 -0.078787 0.996217
1342.699324 297.023929 -32.193597 3.759352 -0.012011 0.032671 -0.078107 0.996337
1342.799180 297.137496 -32.204499 3.751615 -0.013239 0.032667 -0.077726 0.996351
1342.899813 297.249969 -32.211333 3.743412 -0.013651 0.034969 -0.077264 0.996304
1342.999645 297.356077 -32.220297 3.746740 -0.012912 0.037786 -0.077347 0.996204
1343.099473 297.464819 -32.233014 3.745904 -0.010387 0.037654 -0.077599 0.996219
1343.199317 297.577548 -32.246999 3.749164 -0.009614 0.035888 -0.077646 0.996288
1343.299161 297.683931 -32.261027 3.744315 -0.010391 0.035294 -0.077907 0.996281
1343.399794 297.790270 -32.273107 3.744690 -0.010819 0.037073 -0.078311 0.996181
1343.499622 297.895557 -32.286805 3.737591 -0.012030 0.038937 -0.078984 0.996042
1343.599452 297.998450 -32.305996 3.737306 -0.012481 0.040399 -0.079468 0.995940
1343.699285 298.102521 -32.319835 3.735173 -0.012837 0.040106 -0.080011 0.995904
1343.799117 298.203457 -32.330676 3.734185 -0.012515 0.039032 -0.080004 0.995951
1343.899753 298.306832 -32.346507 3.731719 -0.013055 0.039475 -0.079740 0.995948
1343.999613 298.414063 -32.361830 3.725629 -0.013915 0.041851 -0.079859 0.995830
1344.099452 298.530480 -32.380401 3.712302 -0.013477 0.047919 -0.080027 0.995549
1344.199279 298.648886 -32.396298 3.692873 -0.013584 0.052533 -0.080078 0.995311
1344.299126 298.765234 -32.411101 3.673971 -0.013864 0.051190 -0.080000 0.995383
1344.399763 298.883142 -32.430998 3.662881 -0.014463 0.047068 -0.079948 0.995582
1344.499611 298.998258 -32.449613 3.652967 -0.014700 0.043891 -0.080016 0.995718
1344.599453 299.109329 -32.469137 3.642734 -0.013623 0.043314 -0.080206 0.995744
1344.699310 299.223250 -32.484702 3.625090 -0.013323 0.043443 -0.080449 0.995722
1344.799151 299.342468 -32.503517 3.608608 -0.012496 0.042361 -0.080476 0.995778
1344.899774 299.464358 -32.522929 3.597682 -0.012651 0.040680 -0.080750 0.995824
1344.999621 299.582055 -32.539176 3.593418 -0.013306 0.038131 -0.080850 0.995908
1345.099464 299.701584 -32.559061 3.590966 -0.014145 0.037502 -0.080965 0.995911
1345.199297 299.817148 -32.578443 3.587294 -0.014097 0.038088 -0.081392 0.995854
1345.299136 299.924318 -32.600220 3.575796 -0.014671 0.038780 -0.081642 0.995799
1345.399776 300.033541 -32.617931 3.569336 -0.014341 0.039361 -0.081830 0.995765
1345.499597 300.149420 -32.636131 3.561377 -0.013598 0.037305 -0.081761 0.995861
1345.599428 300.269724 -32.656603 3.556626 -0.013649 0.035179 -0.081483 0.995960
1345.699270 300.386408 -32.675015 3.554453 -0.014968 0.037651 -0.081694 0.995834
1345.799523 300.500995 -32.693843 3.555648 -0.015791 0.038583 -0.081980 0.995762
1345.899363 300.608470 -32.712231 3.551158 -0.015944 0.036013 -0.081750 0.995874
1345.999199 300.716897 -32.727871 3.547501 -0.014928 0.032486 -0.081547 0.996028
1346.099429 300.814760 -32.741116 3.544130 -0.015369 0.030335 -0.081707 0.996076
1346.199268 300.917907 -32.757976 3.540688 -0.015584 0.030785 -0.081729 0.996057
1346.299508 301.024764 -32.773221 3.536907 -0.015038 0.032730 -0.081619 0.996013
1346.399353 301.142318 -32.787261 3.528209 -0.014829 0.036112 -0.082059 0.995863
1346.499187 301.260181 -32.807877 3.513848 -0.014191 0.038896 -0.081928 0.995778
1346.599821 301.366359 -32.828708 3.502494 -0.014814 0.038898 -0.082046 0.995759
1346.699667 301.463830 -32.846661 3.492792 -0.014536 0.035414 -0.082109 0.995888
1346.799512 301.556784 -32.862698 3.485499 -0.015237 0.033329 -0.082067 0.995953
1346.899342 301.651144 -32.877276 3.481190 -0.014567 0.033907 -0.082087 0.995942
1346.999175 301.753214 -32.894941 3.474032 -0.015108 0.036344 -0.082295 0.995830
1347.099821 301.862532 -32.914111 3.457336 -0.013947 0.038313 -0.082386 0.995766
1347.199651 301.963324 -32.927191 3.440863 -0.016016 0.039085 -0.082275 0.995714
1347.299492 302.057598 -32.939182 3.435649 -0.017264 0.038489 -0.081819 0.995754
1347.399333 302.153632 -32.956117 3.435893 -0.018655 0.038038 -0.081924 0.995738
1347.499186 302.255978 -32.971920 3.426864 -0.019601 0.038502 -0.082160 0.995682
1347.599818 302.357661 -32.981385 3.416784 -0.018820 0.039337 -0.082184 0.995663
1347.699676 302.459741 -32.991021 3.412637 -0.015743 0.038471 -0.082294 0.995741
1347.799514 302.557558 -33.003813 3.413996 -0.013102 0.037341 -0.082724 0.995786
1347.899359 302.660791 -33.014656 3.412306 -0.013374 0.035754 -0.082995 0.995819
1347.999199 302.763208 -33.026840 3.406950 -0.014268 0.034846 -0.083006 0.995837
1348.099437 302.867413 -33.040305 3.403432 -0.014294 0.035688 -0.082661 0.995836
1348.199285 302.968846 -33.054343 3.397746 -0.015016 0.035174 -0.082123 0.995888
1348.299123 303.072846 -33.066118 3.398563 -0.016140 0.034315 -0.081406 0.995959
1348.399765 303.175486 -33.075433 3.402802 -0.016561 0.032865 -0.080921 0.996041
1348.499623 303.276326 -33.086215 3.407482 -0.014450 0.032525 -0.081132 0.996068
1348.599463 303.369998 -33.098047 3.407780 -0.013813 0.030665 -0.081606 0.996097
1348.699302 303.463157 -33.110676 3.400129 -0.013425 0.030386 -0.082236 0.996059
1348.799142 303.552840 -33.122342 3.395986 -0.013241 0.032817 -0.082505 0.995962
1348.899779 303.644565 -33.131103 3.397796 -0.012317 0.034402 -0.082790 0.995897
1348.999626 303.740642 -33.138412 3.398860 -0.011972 0.034475 -0.083403 0.995847
1349.099459 303.831319 -33.148503 3.399080 -0.012476 0.033391 -0.083778 0.995847
1349.199297 303.919700 -33.159046 3.396564 -0.012601 0.034661 -0.084139 0.995771
1349.299141 304.013159 -33.166209 3.391033 -0.013101 0.036394 -0.084690 0.995656
1349.399793 304.108145 -33.176893 3.393994 -0.014043 0.038930 -0.084670 0.995549
1349.499623 304.201043 -33.191228 3.392466 -0.013406 0.039854 -0.084718 0.995517
1349.599465 304.289529 -33.203957 3.389464 -0.012255 0.039656 -0.085002 0.995516
1349.699301 304.372803 -33.219465 3.388751 -0.012150 0.038658 -0.084718 0.995581
1349.799136 304.467414 -33.232706 3.392576 -0.013094 0.038796 -0.084361 0.995594
1349.899782 304.567541 -33.248621 3.390567 -0.015383 0.039199 -0.084069 0.995570
1349.999630 304.668029 -33.262706 3.383960 -0.015265 0.040493 -0.083745 0.995547
1350.099460 304.767795 -33.275639 3.375755 -0.015153 0.040879 -0.083773 0.995531
1350.199309 304.858255 -33.296473 3.373518 -0.014488 0.039484 -0.083460 0.995623
1350.299149 304.943702 -33.317243 3.378152 -0.014571 0.038379 -0.083257 0.995682
1350.399788 305.033428 -33.333831 3.384793 -0.016403 0.038246 -0.083510 0.995638
1350.499608 305.124127 -33.348511 3.388139 -0.017603 0.039500 -0.082830 0.995625
1350.599439 305.214227 -33.362894 3.383001 -0.017857 0.041990 -0.081713 0.995611
1350.699286 305.307424 -33.379254 3.368754 -0.018730 0.043498 -0.081066 0.995583
1350.799125 305.410545 -33.400486 3.355607 -0.018802 0.044180 -0.080767 0.995576
1350.899770 305.506900 -33.421538 3.344404 -0.019274 0.043118 -0.080871 0.995605
1350.999626 305.604980 -33.436274 3.341195 -0.017849 0.041269 -0.080988 0.995700
1351.099463 305.707224 -33.455602 3.333424 -0.016592 0.041794 -0.081134 0.995688
1351.199300 305.820300 -33.476017 3.324668 -0.015934 0.044435 -0.081296 0.995571
1351.299128 305.930742 -33.490848 3.310871 -0.015496 0.045900 -0.081134 0.995525
1351.399771 306.048884 -33.507783 3.296920 -0.015233 0.044745 -0.081102 0.995584
1351.499596 306.163004 -33.525901 3.293256 -0.015571 0.042162 -0.080843 0.995713
1351.599437 306.271790 -33.544845 3.284639 -0.015600 0.040843 -0.080692 0.995780
1351.699262 306.381581 -33.560672 3.280702 -0.014885 0.042823 -0.080847 0.995695
1351.799495 306.488463 -33.576955 3.275326 -0.014929 0.044560 -0.080959 0.995609
1351.899337 306.586623 -33.594053 3.275512 -0.015081 0.045032 -0.081038 0.995579
1351.999183 306.685675 -33.608411 3.282364 -0.017097 0.042484 -0.081479 0.995622
1352.099823 306.793356 -33.618352 3.287483 -0.015980 0.039894 -0.081778 0.995724
1352.199665 306.903270 -33.633711 3.281236 -0.013490 0.038709 -0.082049 0.995785
1352.299499 307.010740 -33.646889 3.275640 -0.010268 0.039620 -0.082086 0.995785
1352.399334 307.118393 -33.662368 3.272005 -0.009413 0.043035 -0.082074 0.995652
1352.499170 307.235345 -33.678803 3.270989 -0.010743 0.045683 -0.081980 0.995528
1352.599803 307.358772 -33.699445 3.276161 -0.012028 0.044927 -0.082186 0.995531
1352.699648 307.489406 -33.716776 3.278970 -0.014083 0.042777 -0.082570 0.995567
1352.799483 307.616904 -33.737137 3.273496 -0.014824 0.040951 -0.082535 0.995636
1352.899332 307.733995 -33.756358 3.276235 -0.016277 0.041994 -0.082837 0.995545
1352.999159 307.842388 -33.775723 3.270634 -0.017260 0.042458 -0.082640 0.995525
1353.099798 307.948486 -33.797481 3.270220 -0.015019 0.040043 -0.082565 0.995668
1353.199632 308.045779 -33.815784 3.275548 -0.014310 0.038539 -0.082930 0.995707
1353.299477 308.153928 -33.831748 3.277330 -0.016606 0.038993 -0.082856 0.995660
1353.399320 308.276807 -33.846105 3.268229 -0.017685 0.040739 -0.082314 0.995616
1353.499154 308.394799 -33.865005 3.256392 -0.018012 0.042658 -0.081892 0.995565
1353.599780 308.520637 -33.885217 3.254778 -0.019520 0.044308 -0.081510 0.995496
1353.699620 308.639951 -33.906230 3.254946 -0.021163 0.043314 -0.081556 0.995502
1353.799463 308.751683 -33.921123 3.265599 -0.022060 0.039926 -0.082039 0.995585
1353.899305 308.870708 -33.937751 3.269797 -0.023685 0.036801 -0.081167 0.995739
1353.999150 308.998418 -33.952155 3.273755 -0.024141 0.035320 -0.080000 0.995876
1354.099781 309.126148 -33.962961 3.273584 -0.023985 0.036584 -0.078272 0.995972
1354.199621 309.242960 -33.977108 3.268634 -0.021910 0.038175 -0.075276 0.996191
1354.299452 309.361732 -33.987348 3.261560 -0.024246 0.038417 -0.071401 0.996413
1354.399290 309.485044 -33.997272 3.251763 -0.027484 0.037967 -0.066779 0.996666
1354.499133 309.610253 -34.004099 3.247299 -0.027816 0.038017 -0.061705 0.996982
1354.599758 309.739454 -34.007322 3.249281 -0.026452 0.038613 -0.057529 0.997246
1354.699600 309.863852 -34.015339 3.257121 -0.021722 0.038855 -0.056391 0.997416
1354.799425 309.991466 -34.021143 3.265574 -0.019953 0.038391 -0.056540 0.997462
1354.899261 310.110050 -34.025954 3.263058 -0.016737 0.037247 -0.056999 0.997539
1354.999508 310.220040 -34.024968 3.257205 -0.013736 0.034554 -0.057046 0.997679
1355.099356 310.326859 -34.025299 3.249913 -0.013186 0.032280 -0.056518 0.997792
1355.199190 310.445503 -34.026106 3.249836 -0.015302 0.033311 -0.055854 0.997766
1355.299827 310.567190 -34.033093 3.252945 -0.016323 0.034418 -0.055692 0.997721
1355.399666 310.692276 -34.039526 3.258155 -0.017299 0.029965 -0.056417 0.997808
1355.499500 310.816178 -34.043096 3.254054 -0.019823 0.025319 -0.057361 0.997836
1355.599323 310.919970 -34.043872 3.261696 -0.021912 0.021407 -0.057358 0.997884
1355.699151 311.024489 -34.051300 3.251851 -0.019273 0.014850 -0.057241 0.998064
1355.799792 311.136336 -34.057570 3.245860 -0.016535 0.018773 -0.058013 0.998002
1355.899625 311.246064 -34.065146 3.244197 -0.015091 0.024967 -0.058343 0.997870
1355.999455 311.351055 -34.069460 3.245383 -0.013295 0.024717 -0.059693 0.997822
1356.099296 311.454698 -34.073263 3.239004 -0.014678 0.023617 -0.061731 0.997705
1356.199141 311.534817 -34.078402 3.249040 -0.016237 0.017958 -0.063895 0.997663
1356.299777 311.616115 -34.087135 3.252866 -0.016312 0.004457 -0.064492 0.997775
1356.399621 311.697551 -34.097145 3.254008 -0.016521 0.008863 -0.065826 0.997655
1356.499451 311.776741 -34.101838 3.249528 -0.015790 0.021283 -0.067227 0.997386
1356.599289 311.842274 -34.106689 3.239556 -0.016047 0.024050 -0.068736 0.997216
1356.699134 311.904582 -34.112050 3.238966 -0.016043 0.026093 -0.070676 0.997029
1356.799792 311.971006 -34.118325 3.247095 -0.018200 0.014245 -0.071305 0.997187
1356.899628 312.051977 -34.126446 3.244922 -0.020472 0.011282 -0.071320 0.997180
1356.999471 312.127709 -34.131690 3.230661 -0.020649 0.017457 -0.071172 0.997098
1357.099317 312.199612 -34.140614 3.226907 -0.019829 0.025492 -0.070500 0.996989
1357.199161 312.260894 -34.147395 3.226155 -0.019746 0.026891 -0.070155 0.996978
1357.299807 312.311483 -34.154390 3.232370 -0.018233 0.010127 -0.069571 0.997359
1357.399656 312.350444 -34.153589 3.243051 -0.017193 -0.002938 -0.069700 0.997416
1357.499503 312.376051 -34.149770 3.253176 -0.016395 0.004993 -0.070485 0.997366
1357.599334 312.404374 -34.150013 3.251084 -0.016535 0.018098 -0.070924 0.997180
1357.699176 312.437897 -34.153326 3.239876 -0.016478 0.028071 -0.071216 0.996930
1357.799813 312.480664 -34.158830 3.230373 -0.016263 0.031942 -0.070873 0.996841
1357.899657 312.527415 -34.163334 3.237633 -0.015906 0.034865 -0.070807 0.996754
1357.999496 312.572868 -34.169574 3.236424 -0.016076 0.036160 -0.070567 0.996722
1358.099337 312.614324 -34.176007 3.233793 -0.015568 0.039283 -0.070510 0.996616
1358.199151 312.651952 -34.181238 3.232980 -0.015174 0.045020 -0.070357 0.996390
1358.299792 312.698737 -34.187482 3.226597 -0.014760 0.050505 -0.070470 0.996125
1358.399637 312.740617 -34.190432 3.224795 -0.014169 0.053763 -0.070580 0.995955
1358.499468 312.784060 -34.194246 3.225661 -0.014170 0.054486 -0.070852 0.995897
1358.599319 312.828749 -34.197135 3.225233 -0.014359 0.052766 -0.071228 0.995960
1358.699155 312.873878 -34.205284 3.223789 -0.014816 0.052245 -0.071360 0.995971
1358.799801 312.928095 -34.215260 3.215662 -0.015565 0.053985 -0.071745 0.995839
1358.899648 312.989127 -34.224533 3.214857 -0.015216 0.056307 -0.071877 0.995707
1358.999488 313.047551 -34.234138 3.213396 -0.015515 0.059178 -0.072047 0.995523
1359.099336 313.125148 -34.248564 3.202753 -0.015244 0.061605 -0.072127 0.995374
1359.199169 313.217224 -34.262216 3.187384 -0.014833 0.065306 -0.072300 0.995132
1359.299804 313.312457 -34.274701 3.168810 -0.014170 0.070094 -0.072580 0.994796
1359.399633 313.407260 -34.287529 3.153155 -0.014500 0.074682 -0.072785 0.994442
1359.499469 313.511754 -34.306962 3.139194 -0.014005 0.076014 -0.072650 0.994358
1359.599305 313.608063 -34.323879 3.129341 -0.015064 0.072012 -0.072689 0.994637
1359.699150 313.703711 -34.343118 3.126957 -0.015575 0.068158 -0.072893 0.994886
1359.799784 313.815927 -34.363815 3.119114 -0.015403 0.065626 -0.072827 0.995064
1359.899627 313.945070 -34.383558 3.106977 -0.015187 0.064778 -0.071989 0.995184
1359.999470 314.073729 -34.400138 3.094496 -0.017403 0.062604 -0.070909 0.995364
1360.099307 314.208814 -34.421197 3.094059 -0.020876 0.060411 -0.069932 0.995502
1360.199164 314.339135 -34.437275 3.095231 -0.021942 0.056406 -0.070118 0.995701
1360.299813 314.473921 -34.452459 3.097483 -0.020211 0.051352 -0.071495 0.995913
1360.399645 314.604759 -34.469700 3.098697 -0.014117 0.051632 -0.073423 0.995863
1360.499477 314.743341 -34.485226 3.096672 -0.010692 0.052262 -0.075168 0.995743
1360.599322 314.884394 -34.505900 3.089370 -0.007399 0.047986 -0.076265 0.995905
1360.699151 315.032861 -34.525070 3.084821 -0.005983 0.041901 -0.077134 0.996122
1360.799780 315.182094 -34.540533 3.079553 -0.009460 0.037846 -0.077429 0.996234
1360.899615 315.333940 -34.556607 3.079852 -0.014660 0.035716 -0.076974 0.996285
1360.999455 315.488265 -34.581491 3.081155 -0.017537 0.037235 -0.076327 0.996233
1361.099311 315.635411 -34.606931 3.081536 -0.017566 0.038124 -0.075969 0.996226
1361.199171 315.774022 -34.630872 3.078563 -0.017336 0.038927 -0.075876 0.996206
1361.299815 315.907076 -34.649744 3.077036 -0.017590 0.038599 -0.075571 0.996238
1361.399660 316.035306 -34.670319 3.082457 -0.016591 0.040832 -0.075288 0.996187
1361.499504 316.168391 -34.693413 3.080836 -0.015395 0.041362 -0.074701 0.996229
1361.599350 316.311940 -34.713672 3.078821 -0.014919 0.042161 -0.074782 0.996197
1361.699195 316.454321 -34.736515 3.073030 -0.014802 0.042204 -0.074249 0.996236
1361.799841 316.595722 -34.757456 3.067889 -0.015047 0.040498 -0.073277 0.996375
1361.899694 316.742086 -34.777509 3.060715 -0.015100 0.037903 -0.072867 0.996507
1361.999520 316.893702 -34.795191 3.053753 -0.017317 0.038910 -0.072705 0.996444
1362.099368 317.036483 -34.811185 3.053181 -0.016738 0.042192 -0.072136 0.996361
1362.199212 317.174497 -34.830892 3.050857 -0.016554 0.045288 -0.072233 0.996222
1362.299461 317.313733 -34.850430 3.049757 -0.016412 0.048058 -0.072588 0.996068
1362.399305 317.453990 -34.868000 3.049252 -0.018629 0.048212 -0.073302 0.995970
1362.499148 317.594210 -34.881184 3.053642 -0.021813 0.045113 -0.073786 0.996014
1362.599800 317.740622 -34.895077 3.059073 -0.024206 0.040869 -0.073967 0.996129
1362.699638 317.882066 -34.908941 3.058069 -0.024031 0.037789 -0.074053 0.996248
1362.799473 318.022214 -34.922755 3.052086 -0.022174 0.035963 -0.073490 0.996401
1362.899315 318.151917 -34.932889 3.048399 -0.020532 0.035214 -0.072941 0.996503
1362.999146 318.282363 -34.942174 3.045012 -0.019538 0.034939 -0.072211 0.996586
1363.099783 318.416399 -34.954225 3.041537 -0.017280 0.036040 -0.072156 0.996592
1363.199627 318.544774 -34.962641 3.038944 -0.017168 0.038027 -0.072697 0.996481
1363.299469 318.668073 -34.969180 3.036849 -0.016481 0.039467 -0.073232 0.996397
1363.399299 318.798709 -34.977120 3.033433 -0.014896 0.040533 -0.073225 0.996380
1363.499141 318.932100 -34.987807 3.031768 -0.015708 0.040516 -0.072571 0.996416
1363.599790 319.078259 -35.001720 3.030720 -0.017768 0.038958 -0.071749 0.996503
1363.699635 319.216584 -35.015661 3.029690 -0.019014 0.036597 -0.071505 0.996587
1363.799486 319.355178 -35.028033 3.027015 -0.019004 0.037477 -0.071663 0.996543
1363.899331 319.479556 -35.043374 3.023226 -0.017763 0.038495 -0.071834 0.996515
1363.999188 319.598027 -35.056493 3.018465 -0.016590 0.036834 -0.072063 0.996582
1364.099825 319.728225 -35.065959 3.019693 -0.017420 0.033860 -0.072399 0.996649
1364.199676 319.854843 -35.076789 3.022228 -0.019267 0.034127 -0.072616 0.996590
1364.299502 319.983234 -35.087105 3.019788 -0.019973 0.034784 -0.072888 0.996533
1364.399334 320.103937 -35.100959 3.017271 -0.020539 0.037305 -0.073055 0.996418
1364.499173 320.218688 -35.110324 3.017143 -0.019398 0.038102 -0.073197 0.996401
1364.599811 320.327272 -35.121387 3.012922 -0.017745 0.038371 -0.072870 0.996445
1364.699647 320.434791 -35.130431 3.006679 -0.017369 0.035910 -0.072323 0.996583
1364.799467 320.549294 -35.142422 3.005375 -0.018547 0.034535 -0.071948 0.996638
1364.899315 320.675213 -35.156096 3.002634 -0.019531 0.034617 -0.071675 0.996636
1364.999152 320.805220 -35.173030 3.003579 -0.019064 0.036264 -0.071231 0.996618
1365.099797 320.932254 -35.187782 3.004265 -0.018336 0.035990 -0.071347 0.996633
1365.199628 321.048556 -35.195088 2.999962 -0.018240 0.035780 -0.071445 0.996636
1365.299458 321.153476 -35.201457 2.994427 -0.018447 0.036129 -0.071532 0.996613
1365.399294 321.252299 -35.209636 2.995796 -0.016934 0.036882 -0.071633 0.996605
1365.499150 321.356619 -35.221982 2.991106 -0.015835 0.037467 -0.071683 0.996598
1365.599795 321.458755 -35.231498 2.992463 -0.016048 0.037963 -0.071586 0.996583
1365.699637 321.554800 -35.238396 2.995272 -0.016449 0.037981 -0.071487 0.996582
1365.799479 321.658474 -35.248396 2.993841 -0.015911 0.038408 -0.071509 0.996573
1365.899328 321.772173 -35.259261 2.989534 -0.015859 0.038327 -0.071853 0.996552
1365.999172 321.883732 -35.271157 2.987697 -0.016537 0.036298 -0.072003 0.996607
1366.099808 321.992376 -35.279936 2.987723 -0.016809 0.036633 -0.072447 0.996558
1366.199647 322.099498 -35.292314 2.988700 -0.016129 0.036449 -0.072777 0.996551
1366.299472 322.201739 -35.303791 2.986808 -0.015398 0.036439 -0.072847 0.996558
1366.399309 322.312835 -35.314464 2.983917 -0.015147 0.037250 -0.072858 0.996531
1366.499152 322.420811 -35.324614 2.983185 -0.015836 0.037682 -0.072771 0.996511
1366.599790 322.521682 -35.335139 2.981261 -0.016632 0.037260 -0.072475 0.996535
1366.699630 322.617636 -35.347252 2.979945 -0.016324 0.038317 -0.072019 0.996533
1366.799461 322.721121 -35.359143 2.978497 -0.015399 0.042232 -0.071829 0.996404
1366.899305 322.833428 -35.375618 2.974913 -0.013751 0.049088 -0.071402 0.996144
1366.999136 322.947420 -35.391844 2.963989 -0.014296 0.053737 -0.071197 0.995911
1367.099785 323.050458 -35.404458 2.952838 -0.015275 0.056958 -0.071040 0.995729
1367.199609 323.150515 -35.416174 2.936341 -0.014371 0.060864 -0.071407 0.995485
1367.299453 323.266307 -35.429204 2.920799 -0.013185 0.064135 -0.071503 0.995289
1367.399283 323.383918 -35.442917 2.904891 -0.012976 0.062992 -0.071380 0.995374
1367.499128 323.505998 -35.459047 2.892095 -0.014960 0.058601 -0.071133 0.995632
1367.599765 323.628924 -35.472853 2.873232 -0.015688 0.053458 -0.070955 0.995922
1367.699592 323.751464 -35.487432 2.852140 -0.015662 0.051008 -0.070706 0.996069
1367.799420 323.876818 -35.501986 2.839002 -0.015431 0.051493 -0.071025 0.996025
1367.899267 324.009577 -35.515002 2.824201 -0.013170 0.048163 -0.071934 0.996159
1367.999502 324.143166 -35.527757 2.809615 -0.008777 0.047037 -0.072926 0.996189
1368.099341 324.275359 -35.542749 2.799558 -0.008515 0.049415 -0.074226 0.995980
1368.199175 324.411839 -35.560132 2.795929 -0.009251 0.050225 -0.075243 0.995857
1368.299817 324.541867 -35.578254 2.786420 -0.010769 0.049368 -0.075124 0.995893
1368.399665 324.668187 -35.595426 2.783332 -0.012614 0.049563 -0.074625 0.995899
1368.499507 324.807685 -35.612143 2.783856 -0.013083 0.048864 -0.074445 0.995941
1368.599359 324.949570 -35.628816 2.786648 -0.010933 0.047217 -0.073998 0.996080
1368.699182 325.092533 -35.643800 2.788933 -0.011904 0.046068 -0.073778 0.996139
1368.799834 325.237984 -35.662314 2.784208 -0.016324 0.048949 -0.073643 0.995949
1368.899671 325.390936 -35.685058 2.777689 -0.020695 0.052004 -0.073511 0.995723
1368.999504 325.532245 -35.702373 2.776623 -0.021581 0.051404 -0.074122 0.995690
1369.099347 325.662595 -35.717151 2.780819 -0.019140 0.049452 -0.074620 0.995801
1369.199190 325.806982 -35.736298 2.784577 -0.017216 0.047661 -0.075446 0.995861
1369.299827 325.956387 -35.753285 2.783417 -0.017014 0.046782 -0.076119 0.995855
1369.399668 326.103320 -35.768446 2.780644 -0.016439 0.047361 -0.076461 0.995811
1369.499510 326.258603 -35.785554 2.774121 -0.017801 0.048897 -0.076252 0.995730
1369.599349 326.417388 -35.796349 2.769182 -0.017166 0.047755 -0.075614 0.995845
1369.699182 326.568802 -35.810575 2.767539 -0.017310 0.045006 -0.074837 0.996029
1369.799827 326.719430 -35.827567 2.769424 -0.016721 0.044947 -0.074490 0.996068
1369.899673 326.855119 -35.845588 2.772669 -0.015505 0.046642 -0.074324 0.996022
1369.999516 326.991578 -35.859374 2.775576 -0.015109 0.047105 -0.074505 0.995993
1370.099371 327.134898 -35.871188 2.775451 -0.014628 0.046483 -0.074882 0.996001
1370.199197 327.277632 -35.883207 2.773502 -0.013396 0.045230 -0.075256 0.996048
1370.299838 327.416858 -35.894064 2.770353 -0.012915 0.045003 -0.075452 0.996050
1370.399681 327.553377 -35.908115 2.766078 -0.013445 0.043567 -0.075440 0.996107
1370.499513 327.708807 -35.927926 2.764994 -0.014501 0.043300 -0.075328 0.996113
1370.599352 327.865324 -35.947038 2.761142 -0.013168 0.045076 -0.075476 0.996041
1370.699191 328.021909 -35.963137 2.757268 -0.012139 0.049052 -0.075715 0.995848
1370.799832 328.185068 -35.981493 2.753700 -0.011801 0.052642 -0.075900 0.995655
1370.899658 328.349660 -35.998682 2.755029 -0.012651 0.052773 -0.076391 0.995600
1370.999493 328.501736 -36.009600 2.757262 -0.013982 0.050715 -0.077104 0.995634
1371.099328 328.646066 -36.026030 2.754449 -0.014418 0.048316 -0.077652 0.995705
1371.199178 328.792088 -36.045075 2.745387 -0.013913 0.046523 -0.078018 0.995769
1371.299822 328.948827 -36.070111 2.740448 -0.012500 0.046417 -0.078353 0.995766
1371.399647 329.112271 -36.092335 2.737597 -0.012054 0.048195 -0.078568 0.995670
1371.499484 329.269513 -36.111524 2.736540 -0.011443 0.050744 -0.078879 0.995526
1371.599315 329.418495 -36.128414 2.733946 -0.011117 0.051349 -0.078667 0.995516
1371.699158 329.564508 -36.144831 2.732645 -0.012163 0.049927 -0.078269 0.995607
1371.799795 329.717069 -36.162940 2.724668 -0.014656 0.048640 -0.078135 0.995648
1371.899632 329.876183 -36.187942 2.711724 -0.016003 0.048982 -0.078063 0.995616
1371.999461 330.026263 -36.212445 2.694994 -0.017000 0.047505 -0.077928 0.995681
1372.099295 330.173871 -36.236842 2.682524 -0.016367 0.042780 -0.077581 0.995933
1372.199136 330.331055 -36.262614 2.668085 -0.015672 0.038192 -0.077422 0.996143
1372.299781 330.483916 -36.283650 2.653889 -0.015584 0.035231 -0.077666 0.996235
1372.399637 330.626651 -36.302376 2.639761 -0.015171 0.032950 -0.077955 0.996297
1372.499479 330.768133 -36.318881 2.621706 -0.015104 0.031336 -0.078306 0.996322
1372.599312 330.907346 -36.340392 2.597535 -0.015198 0.031377 -0.078304 0.996320
1372.699147 331.037030 -36.361116 2.576197 -0.014838 0.034113 -0.078289 0.996236
1372.799792 331.157610 -36.378846 2.554516 -0.014072 0.037791 -0.078428 0.996104
1372.899629 331.280052 -36.396164 2.532613 -0.013956 0.041156 -0.078494 0.995967
1372.999463 331.419416 -36.417700 2.511930 -0.013863 0.044297 -0.078312 0.995848
1373.099308 331.575304 -36.439957 2.490035 -0.014209 0.046342 -0.077983 0.995776
1373.199151 331.724362 -36.462070 2.465173 -0.014798 0.046538 -0.078128 0.995747
1373.299802 331.868598 -36.483431 2.441224 -0.014858 0.046346 -0.078215 0.995748
1373.399637 332.000184 -36.501922 2.417487 -0.014311 0.045445 -0.078160 0.995802
1373.499492 332.122250 -36.523487 2.398229 -0.014145 0.045438 -0.078257 0.995797
1373.599331 332.255617 -36.547876 2.379366 -0.013972 0.045237 -0.077848 0.995840
1373.699174 332.392014 -36.568835 2.363695 -0.014754 0.045765 -0.077772 0.995811
1373.799819 332.545231 -36.589843 2.350081 -0.014660 0.048172 -0.077692 0.995705
1373.899661 332.697290 -36.611557 2.341850 -0.015286 0.051703 -0.077799 0.995510
1373.999502 332.834567 -36.632886 2.337924 -0.015352 0.052195 -0.077814 0.995482
1374.099345 332.971382 -36.651804 2.335265 -0.015311 0.050645 -0.078005 0.995548
1374.199190 333.108934 -36.674774 2.329835 -0.016721 0.048626 -0.078175 0.995613
1374.299837 333.255522 -36.699496 2.323969 -0.016005 0.048502 -0.078436 0.995610
1374.399676 333.395513 -36.722692 2.322225 -0.015308 0.049212 -0.078664 0.995568
1374.499510 333.525951 -36.743538 2.322194 -0.015681 0.049331 -0.078756 0.995549
1374.599355 333.653438 -36.767103 2.325291 -0.016660 0.048519 -0.078893 0.995562
1374.699177 333.788745 -36.787900 2.326730 -0.017737 0.047523 -0.079031 0.995581
1374.799828 333.947032 -36.813313 2.325426 -0.017290 0.047405 -0.079404 0.995565
1374.899654 334.103707 -36.838494 2.320844 -0.016068 0.049827 -0.079724 0.995441
1374.999487 334.259342 -36.863274 2.320373 -0.014588 0.052822 -0.080124 0.995277
1375.099320 334.419379 -36.887057 2.322583 -0.015302 0.054582 -0.080133 0.995171
1375.199162 334.576329 -36.914451 2.324483 -0.016927 0.053270 -0.080391 0.995195
1375.299803 334.738161 -36.940386 2.323676 -0.017535 0.050098 -0.081062 0.995295
1375.399630 334.892284 -36.964439 2.321031 -0.018665 0.048444 -0.081195 0.995345
1375.499481 335.043868 -36.989274 2.318024 -0.016963 0.047288 -0.080778 0.995465
1375.599316 335.200343 -37.014329 2.313980 -0.014747 0.048738 -0.080460 0.995456
1375.699163 335.362289 -37.043184 2.306262 -0.013817 0.048623 -0.080372 0.995482
1375.799795 335.519411 -37.071397 2.300405 -0.013331 0.044951 -0.080223 0.995674
1375.899631 335.670903 -37.098478 2.305948 -0.012557 0.042391 -0.079540 0.995851
1375.999471 335.833252 -37.123476 2.314348 -0.014854 0.042355 -0.079417 0.995830
1376.099304 336.008617 -37.150586 2.310763 -0.019966 0.045750 -0.079747 0.995565
1376.199146 336.169303 -37.175357 2.304057 -0.023441 0.044222 -0.080152 0.995525
1376.299778 336.314318 -37.198804 2.297294 -0.019524 0.042066 -0.080447 0.995679
1376.399624 336.460701 -37.226352 2.293252 -0.013908 0.042835 -0.081141 0.995685
1376.499460 336.614488 -37.252652 2.288090 -0.012773 0.044188 -0.081780 0.995588
1376.599307 336.773903 -37.275851 2.283305 -0.017425 0.043710 -0.080611 0.995634
1376.699164 336.937950 -37.302491 2.281536 -0.017398 0.043359 -0.078775 0.995797
1376.799804 337.094819 -37.330588 2.285822 -0.016519 0.041353 -0.078289 0.995936
1376.899630 337.242511 -37.356307 2.289839 -0.018854 0.038485 -0.078225 0.996014
1376.999472 337.398548 -37.383097 2.290268 -0.023174 0.035632 -0.077175 0.996111
1377.099316 337.548710 -37.407030 2.289532 -0.024232 0.034965 -0.076809 0.996138
1377.199159 337.690085 -37.431611 2.286238 -0.024132 0.034701 -0.076209 0.996196
1377.299801 337.824177 -37.452994 2.279150 -0.023500 0.034632 -0.075804 0.996244
1377.399648 337.966090 -37.475481 2.275915 -0.022908 0.034913 -0.075137 0.996298
1377.499486 338.116580 -37.497287 2.275712 -0.022882 0.035129 -0.074518 0.996338
1377.599336 338.261707 -37.519829 2.274033 -0.023877 0.033756 -0.074451 0.996367
1377.699180 338.398000 -37.541439 2.269051 -0.026118 0.033760 -0.074971 0.996272
1377.799829 338.535361 -37.564589 2.264131 -0.027323 0.034748 -0.075237 0.996185
1377.899661 338.683273 -37.585243 2.263094 -0.024359 0.036323 -0.074908 0.996231
1377.999503 338.828792 -37.605882 2.262298 -0.021272 0.037026 -0.074845 0.996280
1378.099338 338.969106 -37.626022 2.260730 -0.022447 0.037138 -0.074947 0.996243
1378.199195 339.113793 -37.642910 2.261479 -0.023444 0.037567 -0.074918 0.996206
1378.299837 339.261726 -37.660598 2.260835 -0.023612 0.037863 -0.074819 0.996198
1378.399685 339.395605 -37.678866 2.260210 -0.023783 0.039632 -0.074804 0.996127
1378.499516 339.526365 -37.695907 2.256050 -0.021944 0.041486 -0.074853 0.996090
1378.599359 339.651812 -37.712925 2.247868 -0.021093 0.041857 -0.074933 0.996086
1378.699188 339.762495 -37.726902 2.245216 -0.021561 0.041458 -0.074928 0.996093
1378.799820 339.866550 -37.735658 2.244973 -0.023610 0.039660 -0.074983 0.996116
1378.899657 339.975004 -37.746877 2.246121 -0.024525 0.038359 -0.075081 0.996138
1378.999495 340.092914 -37.759304 2.252200 -0.026166 0.038160 -0.075520 0.996070
1379.099330 340.210391 -37.776043 2.251462 -0.025008 0.038775 -0.075573 0.996072
1379.199170 340.334853 -37.789344 2.241102 -0.024141 0.039774 -0.075624 0.996050
1379.299818 340.469181 -37.799086 2.236004 -0.025591 0.038560 -0.075515 0.996070
1379.399664 340.607697 -37.809526 2.240733 -0.028610 0.034338 -0.074973 0.996183
1379.499510 340.749811 -37.820423 2.244962 -0.029427 0.032037 -0.074909 0.996241
1379.599350 340.882872 -37.829866 2.245086 -0.028521 0.036059 -0.075440 0.996090
1379.699169 341.010367 -37.838080 2.242709 -0.024532 0.039596 -0.075314 0.996071
1379.799795 341.126510 -37.844865 2.238639 -0.019233 0.043537 -0.075571 0.996004
1379.899641 341.241821 -37.850276 2.234657 -0.018394 0.045422 -0.075907 0.995910
1379.999480 341.370476 -37.855259 2.231508 -0.019766 0.046439 -0.075957 0.995833
1380.099318 341.502424 -37.863461 2.225818 -0.019623 0.044864 -0.075625 0.995933
1380.199170 341.638849 -37.873778 2.221302 -0.020167 0.044324 -0.075469 0.995958
1380.299810 341.777934 -37.881161 2.218025 -0.019281 0.046056 -0.075571 0.995890
1380.399661 341.911781 -37.887342 2.216016 -0.019872 0.049009 -0.075757 0.995723
1380.499498 342.045693 -37.893844 2.219617 -0.021110 0.049220 -0.075640 0.995696
1380.599333 342.173006 -37.903464 2.216506 -0.020994 0.045036 -0.075913 0.995876
1380.699182 342.287828 -37.914548 2.208420 -0.019094 0.041444 -0.076303 0.996040
1380.799826 342.406079 -37.924896 2.204300 -0.016242 0.042472 -0.076323 0.996046
1380.899670 342.525515 -37.932820 2.207455 -0.017170 0.045113 -0.076497 0.995901
1380.999521 342.649391 -37.939076 2.209446 -0.018874 0.045632 -0.076700 0.995831
1381.099375 342.770261 -37.947123 2.206892 -0.019548 0.046142 -0.076866 0.995781
1381.199208 342.900267 -37.956431 2.201228 -0.020278 0.045213 -0.077047 0.995795
1381.299460 343.028189 -37.967434 2.196134 -0.022576 0.044393 -0.077159 0.995774
1381.399300 343.163852 -37.980774 2.181961 -0.024584 0.044500 -0.077319 0.995709
1381.499145 343.304758 -37.997376 2.174393 -0.023116 0.048041 -0.077039 0.995602
1381.599777 343.445136 -38.011097 2.168502 -0.021810 0.049647 -0.076726 0.995577
1381.699619 343.581316 -38.023150 2.164313 -0.021685 0.047483 -0.075928 0.995746
1381.799454 343.714358 -38.032211 2.161076 -0.022311 0.042999 -0.075376 0.995978
1381.899284 343.850255 -38.040317 2.156851 -0.022810 0.042546 -0.075308 0.995991
1381.999127 343.987697 -38.049592 2.148082 -0.022387 0.047134 -0.075616 0.995771
1382.099765 344.116898 -38.064069 2.134016 -0.020790 0.051760 -0.075859 0.995557
1382.199599 344.246933 -38.076991 2.121666 -0.019170 0.051901 -0.076220 0.995555
1382.299438 344.377432 -38.088150 2.115737 -0.019448 0.049204 -0.076738 0.995647
1382.399278 344.510958 -38.096781 2.118928 -0.020291 0.046568 -0.077426 0.995703
1382.499115 344.655255 -38.107656 2.126253 -0.021234 0.046329 -0.077785 0.995667
1382.599754 344.805552 -38.124229 2.131030 -0.019463 0.048428 -0.077588 0.995618
1382.699584 344.952103 -38.140153 2.126003 -0.018661 0.049854 -0.077182 0.995595
1382.799423 345.094619 -38.153479 2.115181 -0.020288 0.048417 -0.077060 0.995644
1382.899261 345.236751 -38.165981 2.106141 -0.022003 0.045078 -0.077058 0.995764
1382.999501 345.379248 -38.176033 2.104319 -0.021608 0.042989 -0.076678 0.995894
1383.099345 345.519626 -38.187909 2.106302 -0.021126 0.041514 -0.076638 0.995970
1383.199171 345.667040 -38.202290 2.111166 -0.021087 0.041616 -0.077136 0.995928
1383.299810 345.812781 -38.217199 2.113685 -0.019893 0.044092 -0.077270 0.995836
1383.399645 345.950331 -38.230857 2.110043 -0.017970 0.044644 -0.077003 0.995869
1383.499479 346.092404 -38.248771 2.105613 -0.017249 0.044752 -0.076977 0.995879
1383.599320 346.238618 -38.265118 2.105213 -0.018344 0.046365 -0.076798 0.995799
1383.699164 346.395738 -38.280518 2.103133 -0.018666 0.045567 -0.076525 0.995851
1383.799807 346.550437 -38.294600 2.099735 -0.019037 0.045730 -0.076758 0.995819
1383.899638 346.692792 -38.309575 2.099167 -0.019184 0.045672 -0.077307 0.995776
1383.999481 346.829767 -38.322969 2.103754 -0.018879 0.044824 -0.077796 0.995782
1384.099323 346.976537 -38.340642 2.101007 -0.018586 0.041288 -0.078361 0.995896
1384.199154 347.124599 -38.357799 2.095831 -0.018402 0.040411 -0.078420 0.995931
1384.299795 347.264704 -38.372358 2.092126 -0.019395 0.042551 -0.078200 0.995840
1384.399637 347.401050 -38.387405 2.092074 -0.019663 0.044129 -0.078103 0.995774
1384.499476 347.539003 -38.406750 2.090367 -0.020088 0.045771 -0.077701 0.995723
1384.599318 347.679742 -38.427406 2.092940 -0.017785 0.044620 -0.077250 0.995854
1384.699154 347.824854 -38.447218 2.093848 -0.017955 0.043441 -0.077041 0.995919
1384.799777 347.969792 -38.466388 2.089230 -0.019601 0.045078 -0.076882 0.995828
1384.899613 348.110725 -38.486615 2.081262 -0.020668 0.047950 -0.076782 0.995680
1384.999461 348.246718 -38.508701 2.075872 -0.020937 0.048783 -0.076920 0.995623
1385.099297 348.393944 -38.528880 2.077783 -0.020193 0.047660 -0.076700 0.995710
1385.199153 348.546655 -38.547968 2.082646 -0.021156 0.047026 -0.076700 0.995720
1385.299781 348.701713 -38.567776 2.083897 -0.020484 0.046872 -0.076716 0.995740
1385.399620 348.846727 -38.588970 2.078088 -0.019600 0.048321 -0.076711 0.995689
1385.499462 348.986554 -38.610169 2.068124 -0.020902 0.051121 -0.076710 0.995523
1385.599286 349.140387 -38.632000 2.049888 -0.022681 0.053713 -0.076740 0.995345
1385.699130 349.297598 -38.652769 2.027518 -0.023157 0.056216 -0.076897 0.995184
1385.799767 349.461890 -38.676350 2.004006 -0.023207 0.059105 -0.077008 0.995006
1385.899614 349.611003 -38.698160 1.987736 -0.019579 0.060454 -0.077210 0.994988
1385.999467 349.757734 -38.721068 1.972146 -0.018789 0.061968 -0.077810 0.994863
1386.099294 349.913334 -38.744886 1.953255 -0.019246 0.060803 -0.077665 0.994938
1386.199137 350.066855 -38.768500 1.930875 -0.024653 0.056994 -0.077423 0.995063
1386.299794 350.219571 -38.789751 1.901170 -0.028460 0.050802 -0.077108 0.995321
1386.399644 350.370736 -38.811748 1.881360 -0.026273 0.049229 -0.076902 0.995476
1386.499489 350.533712 -38.836405 1.876689 -0.021645 0.052973 -0.076982 0.995389
1386.599323 350.712500 -38.857098 1.879545 -0.019835 0.054320 -0.077631 0.995304
1386.699180 350.897163 -38.879603 1.879860 -0.020436 0.054460 -0.077785 0.995272
1386.799824 351.085292 -38.903452 1.878294 -0.021824 0.055655 -0.078471 0.995122
1386.899658 351.261194 -38.927771 1.876697 -0.025566 0.056338 -0.079105 0.994945
1386.999505 351.431207 -38.948463 1.874650 -0.032218 0.054522 -0.079415 0.994828
1387.099340 351.594018 -38.964701 1.874951 -0.031954 0.051578 -0.079321 0.995001
1387.199163 351.770296 -38.981631 1.872624 -0.027543 0.048809 -0.079235 0.995279
1387.299806 351.951390 -39.000150 1.871848 -0.024017 0.044481 -0.079344 0.995565
1387.399645 352.130170 -39.014571 1.869577 -0.025244 0.040277 -0.079470 0.995703
1387.499484 352.297596 -39.034063 1.862099 -0.027666 0.036378 -0.079450 0.995791
1387.599327 352.473603 -39.050767 1.853974 -0.026574 0.036676 -0.078850 0.995857
1387.699187 352.650653 -39.065110 1.849067 -0.024555 0.039703 -0.078251 0.995840
1387.799817 352.827147 -39.080420 1.847350 -0.022007 0.043178 -0.077686 0.995799
1387.899657 352.983541 -39.092584 1.851298 -0.020558 0.046999 -0.077776 0.995650
1387.999511 353.140471 -39.104693 1.852714 -0.021155 0.048558 -0.078275 0.995524
1388.099370 353.296308 -39.118689 1.850763 -0.021021 0.048896 -0.078705 0.995476
1388.199218 353.461372 -39.132882 1.847725 -0.022881 0.049915 -0.078787 0.995378
1388.299453 353.632482 -39.152555 1.841875 -0.022107 0.051865 -0.078543 0.995315
1388.399303 353.808610 -39.169541 1.836283 -0.021459 0.050878 -0.078416 0.995390
1388.499143 353.981736 -39.180793 1.834550 -0.020332 0.047667 -0.078685 0.995552
1388.599784 354.159703 -39.196541 1.835441 -0.021092 0.044299 -0.078824 0.995680
1388.699606 354.333916 -39.214340 1.837693 -0.018087 0.041481 -0.079783 0.995785
1388.799446 354.504485 -39.234722 1.841292 -0.015204 0.040047 -0.082630 0.995659
1388.899290 354.678230 -39.256299 1.840571 -0.016777 0.039806 -0.085201 0.995427
1388.999136 354.848348 -39.276232 1.834410 -0.020713 0.041154 -0.086438 0.995191
1389.099761 355.017007 -39.293967 1.827093 -0.021880 0.042581 -0.086431 0.995107
1389.199600 355.174857 -39.309565 1.818461 -0.021514 0.043683 -0.086348 0.995074
1389.299439 355.334094 -39.330787 1.816645 -0.020794 0.044558 -0.085976 0.995083
1389.399286 355.489537 -39.350593 1.821231 -0.021244 0.044862 -0.085798 0.995075
1389.499139 355.649673 -39.372378 1.823398 -0.021032 0.044172 -0.086023 0.995091
1389.599771 355.808737 -39.390913 1.818866 -0.022390 0.042750 -0.086230 0.995106
1389.699617 355.956785 -39.408585 1.812253 -0.022182 0.041799 -0.086686 0.995111
1389.799452 356.101529 -39.426739 1.805920 -0.023033 0.040274 -0.086998 0.995128
1389.899293 356.259298 -39.447966 1.803426 -0.022714 0.039826 -0.087118 0.995142
1389.999124 356.418565 -39.469640 1.803467 -0.022130 0.040777 -0.087143 0.995115
1390.099768 356.574703 -39.492382 1.805524 -0.019619 0.042785 -0.087452 0.995056
1390.199598 356.722269 -39.511238 1.806197 -0.019230 0.040387 -0.087613 0.995150
1390.299442 356.868181 -39.528788 1.804517 -0.023671 0.037230 -0.087925 0.995150
1390.399295 357.019379 -39.546134 1.794034 -0.026211 0.035405 -0.087999 0.995146
1390.499124 357.171536 -39.565596 1.783810 -0.025569 0.038239 -0.087945 0.995063
1390.599763 357.314781 -39.584889 1.781526 -0.024183 0.040657 -0.087864 0.995009
1390.699588 357.450676 -39.606848 1.785339 -0.022907 0.042082 -0.087868 0.994979
1390.799420 357.586208 -39.628896 1.786196 -0.022583 0.042093 -0.087913 0.994982
1390.899255 357.727473 -39.646909 1.782662 -0.022240 0.041917 -0.088052 0.994985
1390.999491 357.876675 -39.664519 1.781643 -0.022102 0.043181 -0.088151 0.994925
1391.099338 358.030286 -39.680333 1.778971 -0.022606 0.043274 -0.088441 0.994884
1391.199175 358.174662 -39.699919 1.775755 -0.024682 0.042771 -0.088725 0.994831
1391.299797 358.318481 -39.718552 1.773293 -0.025306 0.041793 -0.088723 0.994857
1391.399642 358.464848 -39.738982 1.777423 -0.024838 0.040330 -0.088489 0.994950
1391.499474 358.612859 -39.755763 1.773746 -0.026323 0.039434 -0.088536 0.994944
1391.599313 358.754163 -39.771116 1.769275 -0.025407 0.039209 -0.088628 0.994968
1391.699142 358.898729 -39.784671 1.764599 -0.023295 0.039006 -0.088952 0.994999
1391.799779 359.044177 -39.803135 1.761843 -0.021163 0.038278 -0.089300 0.995044
1391.899609 359.189652 -39.822594 1.757792 -0.017738 0.036575 -0.089278 0.995177
1391.999434 359.327414 -39.837308 1.754203 -0.017654 0.038927 -0.089586 0.995062
1392.099274 359.464420 -39.851224 1.754763 -0.019376 0.040555 -0.089656 0.994958
1392.199504 359.598364 -39.866362 1.758338 -0.022016 0.042168 -0.089414 0.994858
1392.299341 359.738100 -39.883172 1.761413 -0.022494 0.043871 -0.089274 0.994786
1392.399190 359.874745 -39.903700 1.758646 -0.023106 0.044758 -0.088994 0.994758
1392.499837 360.009893 -39.924200 1.746366 -0.024902 0.042082 -0.089647 0.994773
1392.599677 360.142141 -39.942599 1.733919 -0.024880 0.040138 -0.090528 0.994774
1392.699525 360.277130 -39.957518 1.724643 -0.021528 0.043264 -0.090879 0.994689
1392.799374 360.406115 -39.975283 1.715759 -0.019676 0.044137 -0.089989 0.994770
1392.899231 360.535757 -39.990862 1.710104 -0.020510 0.045203 -0.089506 0.994749
1392.999474 360.680156 -40.010986 1.696149 -0.019459 0.044289 -0.088820 0.994872
1393.099303 360.826962 -40.032238 1.682053 -0.019821 0.045479 -0.088850 0.994809
1393.199146 360.966670 -40.052781 1.671467 -0.021108 0.046803 -0.089278 0.994683
1393.299802 361.101121 -40.071014 1.666486 -0.022626 0.046727 -0.089902 0.994597
1393.399634 361.232889 -40.090794 1.658998 -0.023350 0.045916 -0.089878 0.994620
1393.499481 361.370999 -40.113299 1.647947 -0.022644 0.045505 -0.090282 0.994618
1393.599326 361.506882 -40.135401 1.638532 -0.022497 0.045306 -0.090649 0.994597
1393.699166 361.645265 -40.159607 1.628333 -0.022817 0.044321 -0.091129 0.994591
1393.799826 361.773531 -40.180854 1.623524 -0.023054 0.043334 -0.090943 0.994646
1393.899662 361.917303 -40.201965 1.619862 -0.023732 0.044604 -0.091090 0.994560
1393.999518 362.060615 -40.224778 1.614086 -0.023841 0.046708 -0.090860 0.994482
1394.099360 362.195411 -40.247094 1.611208 -0.023918 0.048233 -0.090926 0.994401
1394.199202 362.328094 -40.270263 1.605201 -0.023844 0.047791 -0.090933 0.994424
1394.299438 362.465338 -40.290083 1.602185 -0.021435 0.047820 -0.090629 0.994505
1394.399268 362.596336 -40.308871 1.602767 -0.020982 0.047567 -0.090523 0.994536
1394.499516 362.733784 -40.331755 1.604144 -0.024966 0.048200 -0.090312 0.994433
1394.599356 362.875388 -40.353235 1.598441 -0.030757 0.050289 -0.090049 0.994191
1394.699197 363.012065 -40.374204 1.586813 -0.033400 0.051727 -0.089765 0.994058
1394.799822 363.149316 -40.393419 1.573646 -0.032642 0.050632 -0.089502 0.994163
1394.899660 363.296947 -40.413059 1.563495 -0.031809 0.048275 -0.089483 0.994309
1394.999505 363.443421 -40.427284 1.561429 -0.031512 0.047492 -0.089971 0.994312
1395.099344 363.594305 -40.440972 1.564433 -0.028229 0.046034 -0.089991 0.994478
1395.199192 363.749696 -40.455739 1.570273 -0.028619 0.046795 -0.089733 0.994454
1395.299837 363.904964 -40.466592 1.567117 -0.031403 0.050000 -0.089448 0.994240
1395.399679 364.055238 -40.475993 1.555197 -0.030310 0.049781 -0.089296 0.994298
1395.499522 364.204698 -40.483524 1.544155 -0.027128 0.045929 -0.089094 0.994594
1395.599352 364.362803 -40.493040 1.536594 -0.022555 0.043460 -0.089283 0.994802
1395.699193 364.513585 -40.500646 1.537880 -0.022128 0.046666 -0.089741 0.994625
1395.799834 364.652669 -40.508379 1.537985 -0.026281 0.049772 -0.090226 0.994330
1395.899670 364.792436 -40.515532 1.540683 -0.031713 0.052175 -0.090376 0.994034
1395.999503 364.937747 -40.520514 1.543323 -0.037406 0.052177 -0.090345 0.993839
1396.099346 365.089114 -40.526197 1.538055 -0.039340 0.050860 -0.090278 0.993839
1396.199187 365.244980 -40.532801 1.528385 -0.035535 0.050307 -0.090236 0.994014
1396.299829 365.401887 -40.533851 1.521865 -0.034098 0.052894 -0.090185 0.993935
1396.399681 365.565701 -40.531900 1.518359 -0.037486 0.054170 -0.090985 0.993671
1396.499523 365.722182 -40.526126 1.517497 -0.041893 0.055154 -0.091301 0.993412
1396.599358 365.884477 -40.516200 1.514849 -0.042850 0.053416 -0.091555 0.993443
1396.699192 366.053898 -40.506017 1.511349 -0.041523 0.051983 -0.092196 0.993516
1396.799830 366.226873 -40.497484 1.505090 -0.038496 0.053381 -0.092362 0.993548
1396.899661 366.391055 -40.488416 1.496947 -0.037312 0.055552 -0.091924 0.993515
1396.999506 366.559020 -40.476289 1.490936 -0.038732 0.057359 -0.092071 0.993344
1397.099349 366.726187 -40.458206 1.484858 -0.039279 0.058715 -0.092026 0.993248
1397.199186 366.893168 -40.432390 1.482619 -0.037259 0.058727 -0.091923 0.993334
1397.299810 367.072614 -40.405516 1.480955 -0.033211 0.056364 -0.092141 0.993595
1397.399653 367.243275 -40.383252 1.483809 -0.027026 0.054494 -0.092149 0.993886
1397.499501 367.405877 -40.364236 1.480889 -0.021457 0.054611 -0.092057 0.994024
1397.599344 367.576036 -40.347422 1.476596 -0.019788 0.054524 -0.091593 0.994106
1397.699188 367.751620 -40.327368 1.468306 -0.020539 0.053436 -0.091538 0.994155
1397.799834 367.942134 -40.303528 1.464824 -0.020219 0.050797 -0.091346 0.994317
1397.899673 368.130794 -40.282357 1.463441 -0.019684 0.045951 -0.090895 0.994605
1397.999519 368.311319 -40.262960 1.467364 -0.020142 0.042463 -0.090341 0.994801
1398.099344 368.491114 -40.244201 1.469662 -0.022116 0.042413 -0.089969 0.994795
1398.199187 368.669459 -40.229870 1.466093 -0.020022 0.046114 -0.090609 0.994617
1398.299825 368.858441 -40.215942 1.456484 -0.016333 0.047946 -0.091513 0.994515
1398.399674 369.027787 -40.201408 1.447843 -0.013176 0.046541 -0.093006 0.994490
1398.499510 369.186433 -40.188729 1.444030 -0.012768 0.044501 -0.094868 0.994413
1398.599357 369.340017 -40.178166 1.439799 -0.012845 0.042180 -0.097696 0.994239
1398.699200 369.502399 -40.172538 1.436959 -0.017960 0.040494 -0.099068 0.994094
1398.799443 369.671685 -40.169991 1.433279 -0.018639 0.039058 -0.100424 0.994003
1398.899296 369.844874 -40.167352 1.426632 -0.020980 0.038710 -0.101945 0.993815
1398.999144 370.018137 -40.163928 1.423390 -0.021212 0.039730 -0.104128 0.993544
1399.099776 370.186104 -40.163708 1.420106 -0.018764 0.037388 -0.105989 0.993487
1399.199600 370.345748 -40.163903 1.415485 -0.018093 0.035830 -0.106809 0.993469
1399.299424 370.500623 -40.162102 1.412428 -0.018498 0.038892 -0.107037 0.993322
1399.399266 370.657584 -40.161420 1.405427 -0.018363 0.040633 -0.106581 0.993304
1399.499498 370.812177 -40.160697 1.395081 -0.018271 0.041492 -0.106444 0.993285
1399.599329 370.971488 -40.166108 1.391627 -0.018602 0.042117 -0.106275 0.993270
1399.699155 371.141944 -40.176337 1.391975 -0.017297 0.041137 -0.105877 0.993377
1399.799789 371.299347 -40.180259 1.389134 -0.015424 0.040445 -0.105991 0.993424
1399.899629 371.445962 -40.181804 1.385627 -0.014463 0.041061 -0.105917 0.993422
1399.999464 371.599757 -40.188721 1.384771 -0.012447 0.042301 -0.105548 0.993436
1400.099303 371.754858 -40.199811 1.378150 -0.009123 0.044410 -0.105543 0.993381
1400.199144 371.907819 -40.215202 1.375546 -0.005896 0.046693 -0.106019 0.993250
1400.299793 372.058872 -40.233062 1.372943 -0.005723 0.047728 -0.106453 0.993155
1400.399629 372.207916 -40.251643 1.374491 -0.006722 0.046941 -0.106690 0.993161
1400.499467 372.354361 -40.272338 1.375014 -0.011048 0.044832 -0.106541 0.993236
1400.599306 372.504694 -40.293394 1.373808 -0.016690 0.044473 -0.106425 0.993185
1400.699145 372.653416 -40.315671 1.366375 -0.019488 0.045178 -0.106083 0.993139
1400.799783 372.798286 -40.341160 1.356768 -0.019573 0.044264 -0.105794 0.993210
1400.899616 372.952815 -40.368790 1.352467 -0.019047 0.043186 -0.105767 0.993270
1400.999468 373.102195 -40.397971 1.351728 -0.017279 0.041818 -0.105857 0.993351
1401.099314 373.248073 -40.428954 1.354742 -0.015020 0.039299 -0.106256 0.993448
1401.199153 373.389420 -40.460112 1.350427 -0.015298 0.037245 -0.106659 0.993480
1401.299780 373.527845 -40.491523 1.341438 -0.015227 0.038004 -0.106664 0.993452
1401.399611 373.665940 -40.521970 1.330992 -0.016368 0.040786 -0.106624 0.993328
1401.499446 373.804032 -40.554859 1.322485 -0.018036 0.041727 -0.106473 0.993276
1401.599284 373.940383 -40.589743 1.316638 -0.019620 0.040191 -0.106764 0.993278
1401.699129 374.071619 -40.620355 1.313900 -0.021371 0.039087 -0.107018 0.993259
1401.799772 374.197485 -40.656977 1.318016 -0.022736 0.037781 -0.106875 0.993294
1401.899605 374.326329 -40.691854 1.318546 -0.021630 0.037718 -0.106637 0.993347
1401.999451 374.464234 -40.725784 1.314562 -0.019670 0.038925 -0.106189 0.993389
1402.099289 374.591134 -40.761937 1.310029 -0.017935 0.039113 -0.105957 0.993439
1402.199113 374.718821 -40.797024 1.304528 -0.019372 0.038533 -0.105752 0.993457
1402.299731 374.847883 -40.828210 1.298171 -0.020725 0.037606 -0.105834 0.993456
1402.399576 374.986453 -40.861165 1.295744 -0.021193 0.036842 -0.106085 0.993448
1402.499402 375.135552 -40.896964 1.292103 -0.021593 0.037387 -0.106351 0.993391
1402.599246 375.274676 -40.936538 1.290431 -0.021342 0.038877 -0.106701 0.993302
1402.699481 375.405821 -40.973723 1.288739 -0.021516 0.039314 -0.106991 0.993249
1402.799311 375.533013 -41.010004 1.282525 -0.022136 0.038784 -0.107222 0.993232
1402.899152 375.643784 -41.041846 1.277699 -0.023262 0.038645 -0.107145 0.993220
1402.999796 375.752261 -41.075511 1.276714 -0.023479 0.040337 -0.107260 0.993135
1403.099636 375.870097 -41.106451 1.274919 -0.023238 0.042609 -0.107936 0.992973
1403.199467 375.993897 -41.140636 1.271872 -0.023561 0.042941 -0.108172 0.992925
1403.299301 376.120215 -41.173683 1.266649 -0.021951 0.042119 -0.108457 0.992966
1403.399139 376.243288 -41.204970 1.262966 -0.021687 0.040927 -0.108675 0.992998
1403.499775 376.359554 -41.237822 1.261323 -0.022904 0.038975 -0.108449 0.993074
1403.599628 376.471083 -41.271116 1.261401 -0.023608 0.037734 -0.108493 0.993100
1403.699461 376.585950 -41.305809 1.257218 -0.024446 0.039634 -0.108568 0.992998
1403.799315 376.704311 -41.338461 1.249697 -0.022989 0.041002 -0.108617 0.992972
1403.899148 376.828348 -41.366655 1.245266 -0.023822 0.041262 -0.108910 0.992909
1403.999791 376.947564 -41.400084 1.243802 -0.023723 0.039432 -0.109004 0.992976
1404.099626 377.068100 -41.434291 1.242034 -0.023067 0.039713 -0.109285 0.992949
1404.199466 377.183007 -41.468724 1.243883 -0.022610 0.041653 -0.109242 0.992885
1404.299301 377.302475 -41.503231 1.247887 -0.023066 0.042403 -0.109102 0.992858
1404.399128 377.416800 -41.533813 1.247971 -0.023871 0.043198 -0.108909 0.992826
1404.499761 377.525111 -41.562496 1.239464 -0.023881 0.043621 -0.108951 0.992802
1404.599608 377.637947 -41.596781 1.234986 -0.023775 0.041815 -0.108910 0.992887
1404.699454 377.763050 -41.633519 1.233587 -0.023087 0.038273 -0.108950 0.993042
1404.799298 377.885804 -41.668901 1.231701 -0.023540 0.039933 -0.109564 0.992898
1404.899141 378.002343 -41.699792 1.227875 -0.024044 0.043829 -0.110114 0.992661
1404.999772 378.128110 -41.731861 1.230555 -0.022953 0.046865 -0.110170 0.992542
1405.099626 378.249184 -41.764193 1.233882 -0.024395 0.045871 -0.109825 0.992592
1405.199469 378.366525 -41.794229 1.234862 -0.027612 0.045123 -0.109541 0.992574
1405.299302 378.486478 -41.823196 1.231414 -0.031259 0.044900 -0.109506 0.992479
1405.399150 378.608981 -41.853739 1.228570 -0.031753 0.045604 -0.109700 0.992410
1405.499795 378.735339 -41.884564 1.227137 -0.032776 0.045021 -0.110058 0.992364
1405.599637 378.861079 -41.910037 1.227536 -0.036504 0.044863 -0.110351 0.992208
1405.699478 378.980972 -41.931881 1.228894 -0.038430 0.042792 -0.110145 0.992250
1405.799318 379.101244 -41.954112 1.227918 -0.040158 0.040802 -0.109786 0.992305
1405.899162 379.222203 -41.974916 1.224748 -0.041575 0.041745 -0.109902 0.992195
1405.999801 379.345203 -41.988077 1.225392 -0.040633 0.043420 -0.110367 0.992110
1406.099638 379.473120 -42.001527 1.226235 -0.036551 0.041840 -0.110664 0.992304
1406.199477 379.601673 -42.013095 1.221371 -0.032064 0.037687 -0.110742 0.992617
1406.299316 379.724886 -42.021208 1.213993 -0.027218 0.034445 -0.110714 0.992882
1406.399156 379.842524 -42.024830 1.212176 -0.024315 0.035881 -0.111019 0.992873
1406.499784 379.957836 -42.024666 1.211555 -0.022844 0.039093 -0.111954 0.992681
1406.599632 380.085709 -42.030079 1.209295 -0.021422 0.039611 -0.112654 0.992613
1406.699486 380.206666 -42.038462 1.211368 -0.020369 0.038196 -0.113034 0.992648
1406.799332 380.336177 -42.045892 1.212287 -0.020522 0.036038 -0.113507 0.992671
1406.899178 380.471480 -42.054897 1.210990 -0.020621 0.035572 -0.113892 0.992642
1406.999803 380.603872 -42.063576 1.206314 -0.020313 0.036483 -0.114429 0.992554
1407.099667 380.726705 -42.066080 1.201464 -0.020512 0.039051 -0.115014 0.992384
1407.199526 380.852515 -42.070007 1.195569 -0.020881 0.040006 -0.115040 0.992335
1407.299357 380.971551 -42.077808 1.191641 -0.020058 0.039361 -0.114531 0.992437
1407.399186 381.083860 -42.087894 1.186216 -0.020652 0.040335 -0.114179 0.992426
1407.499816 381.189578 -42.099993 1.175675 -0.021940 0.043427 -0.113898 0.992300
1407.599649 381.295533 -42.109197 1.156309 -0.020868 0.045991 -0.113663 0.992235
1407.699491 381.401731 -42.115188 1.133982 -0.020071 0.047527 -0.113729 0.992171
1407.799331 381.506877 -42.123529 1.114104 -0.020452 0.047399 -0.113552 0.992190
1407.899161 381.604693 -42.132247 1.105630 -0.020554 0.044285 -0.113186 0.992374
1407.999791 381.710109 -42.141825 1.108385 -0.020520 0.042289 -0.112939 0.992490
1408.099625 381.820235 -42.155098 1.114162 -0.018668 0.042519 -0.112986 0.992511
1408.199463 381.928795 -42.171446 1.112302 -0.017200 0.047036 -0.113118 0.992319
1408.299305 382.046059 -42.188062 1.103826 -0.017438 0.048752 -0.112658 0.992284
1408.399142 382.163208 -42.203130 1.090578 -0.021206 0.044143 -0.111941 0.992507
1408.499780 382.306149 -42.216283 1.086285 -0.025475 0.040255 -0.111600 0.992611
1408.599629 382.437139 -42.227943 1.088266 -0.025967 0.041842 -0.112171 0.992468
1408.699465 382.551510 -42.242826 1.090654 -0.021486 0.045282 -0.113473 0.992276
1408.799310 382.660961 -42.261210 1.093027 -0.016738 0.047233 -0.114696 0.992136
1408.899150 382.773485 -42.278166 1.088808 -0.014849 0.043899 -0.115644 0.992209
1408.999795 382.896179 -42.294141 1.086332 -0.016652 0.040036 -0.116120 0.992288
1409.099631 383.019012 -42.308420 1.082281 -0.018632 0.039788 -0.115866 0.992293
1409.199467 383.140848 -42.324405 1.075970 -0.020642 0.043690 -0.115437 0.992139
1409.299296 383.258322 -42.344317 1.073782 -0.024139 0.052794 -0.114870 0.991683
1409.399135 383.371976 -42.364032 1.077798 -0.025787 0.054956 -0.114732 0.991540
1409.499771 383.500122 -42.387077 1.080942 -0.024115 0.051256 -0.115411 0.991701
1409.599608 383.622876 -42.407625 1.081244 -0.021106 0.047986 -0.116202 0.991841
1409.699458 383.748470 -42.427942 1.076586 -0.017795 0.048361 -0.116667 0.991833
1409.799292 383.877050 -42.450939 1.067210 -0.018717 0.050394 -0.116860 0.991692
1409.899140 384.009548 -42.475167 1.061083 -0.020752 0.051750 -0.116570 0.991616
1409.999778 384.144807 -42.499205 1.061288 -0.022502 0.049026 -0.115990 0.991784
1410.099611 384.259226 -42.520086 1.064514 -0.024447 0.045846 -0.115473 0.991951
1410.199445 384.377386 -42.539853 1.067666 -0.023246 0.045121 -0.115175 0.992048
1410.299287 384.496096 -42.560001 1.066322 -0.020888 0.044311 -0.115473 0.992102
1410.399126 384.618995 -42.585284 1.062700 -0.020987 0.044386 -0.115819 0.992056
1410.499768 384.749863 -42.612593 1.059308 -0.021804 0.044694 -0.116238 0.991976
1410.599614 384.883990 -42.637950 1.055089 -0.021880 0.044697 -0.117082 0.991875
1410.699457 385.024808 -42.662431 1.053692 -0.023228 0.044991 -0.117643 0.991764
1410.799294 385.165439 -42.689853 1.054763 -0.023118 0.044141 -0.117483 0.991824
1410.899125 385.301550 -42.716687 1.054720 -0.023714 0.044528 -0.117307 0.991813
1410.999765 385.436244 -42.744082 1.053654 -0.024491 0.047821 -0.117234 0.991650
1411.099612 385.563865 -42.770945 1.048874 -0.024260 0.051506 -0.117089 0.991488
1411.199451 385.687679 -42.797703 1.042538 -0.023607 0.052096 -0.117424 0.991433
1411.299287 385.813964 -42.823667 1.039088 -0.022687 0.050746 -0.117445 0.991523
1411.399115 385.947398 -42.852673 1.036567 -0.022322 0.047748 -0.117229 0.991705
1411.499764 386.071202 -42.881049 1.035425 -0.022899 0.046046 -0.117331 0.991760
1411.599618 386.200190 -42.909220 1.038094 -0.023135 0.046985 -0.117186 0.991728
1411.699473 386.337984 -42.935104 1.041576 -0.024224 0.050059 -0.116754 0.991603
1411.799315 386.478872 -42.962857 1.038612 -0.024858 0.052468 -0.115880 0.991565
1411.899152 386.612678 -42.990008 1.035667 -0.024581 0.053436 -0.114537 0.991676
1411.999798 386.740773 -43.019340 1.037073 -0.025244 0.052393 -0.112844 0.991909
1412.099625 386.872733 -43.049768 1.034963 -0.025809 0.051671 -0.111171 0.992122
1412.199463 387.008217 -43.078419 1.030626 -0.027750 0.051852 -0.108608 0.992343
1412.299305 387.157746 -43.106187 1.029035 -0.026940 0.053897 -0.105763 0.992564
1412.399137 387.316281 -43.133675 1.027530 -0.026704 0.054628 -0.103551 0.992764
1412.499789 387.478935 -43.160953 1.025655 -0.027805 0.055661 -0.100995 0.992939
1412.599621 387.642852 -43.187237 1.023861 -0.027281 0.056028 -0.098473 0.993187
1412.699457 387.809056 -43.213516 1.020916 -0.026673 0.055468 -0.096062 0.993471
1412.799295 387.969384 -43.241920 1.019976 -0.024353 0.055751 -0.093854 0.993725
1412.899134 388.120532 -43.267579 1.018633 -0.021269 0.055752 -0.092849 0.993891
1412.999771 388.265553 -43.291568 1.019420 -0.020537 0.055084 -0.092993 0.993930
1413.099614 388.418628 -43.317848 1.018689 -0.022801 0.054702 -0.093447 0.993859
1413.199453 388.580786 -43.345874 1.016536 -0.024565 0.053788 -0.093843 0.993829
1413.299303 388.732438 -43.374990 1.010281 -0.026891 0.054000 -0.094099 0.993734
1413.399151 388.899305 -43.402962 1.003252 -0.028417 0.055426 -0.094455 0.993579
1413.499791 389.074296 -43.429006 1.002150 -0.027304 0.056638 -0.094590 0.993529
1413.599639 389.259777 -43.455349 1.001863 -0.025810 0.056507 -0.094699 0.993566
1413.699481 389.440827 -43.484779 1.002652 -0.025494 0.057014 -0.094877 0.993528
1413.799320 389.624270 -43.516894 1.002318 -0.024476 0.053692 -0.094728 0.993753
1413.899162 389.805090 -43.545688 0.999590 -0.023993 0.048722 -0.094619 0.994031
1413.999788 389.979477 -43.571617 0.997181 -0.024343 0.046063 -0.094910 0.994122
1414.099619 390.145518 -43.596752 0.992018 -0.022689 0.046816 -0.094674 0.994148
1414.199463 390.311972 -43.624088 0.987680 -0.023281 0.048334 -0.094591 0.994070
1414.299314 390.481109 -43.653637 0.977773 -0.023121 0.049929 -0.094585 0.993995
1414.399146 390.657216 -43.680379 0.960481 -0.024566 0.049300 -0.094621 0.993988
1414.499782 390.841261 -43.706917 0.942467 -0.028334 0.048542 -0.094750 0.993913
1414.599624 391.028053 -43.735516 0.928994 -0.029447 0.047712 -0.094898 0.993907
1414.699474 391.218185 -43.764263 0.916151 -0.030095 0.048461 -0.095134 0.993829
1414.799312 391.406072 -43.790067 0.908200 -0.028361 0.047812 -0.095066 0.993918
1414.899155 391.599797 -43.811165 0.901185 -0.026223 0.045627 -0.095281 0.994058
1414.999795 391.776811 -43.833114 0.895551 -0.029117 0.045544 -0.094806 0.994027
1415.099642 391.947426 -43.853992 0.886017 -0.031684 0.042846 -0.094445 0.994103
1415.199485 392.120479 -43.876637 0.877614 -0.032660 0.040103 -0.094107 0.994218
1415.299309 392.300702 -43.894628 0.871164 -0.032735 0.038387 -0.094453 0.994250
1415.399166 392.484321 -43.909829 0.863315 -0.032001 0.036661 -0.094935 0.994293
1415.499804 392.655539 -43.927293 0.854682 -0.029247 0.034653 -0.095037 0.994440
1415.599641 392.813264 -43.942783 0.850409 -0.026367 0.031697 -0.095374 0.994587
1415.699497 392.978413 -43.958218 0.849175 -0.023672 0.028228 -0.095338 0.994763
1415.799333 393.140213 -43.969346 0.852382 -0.023026 0.024183 -0.095108 0.994907
1415.899170 393.297757 -43.979526 0.850870 -0.025123 0.024521 -0.094971 0.994861
1415.999817 393.453143 -43.989317 0.845014 -0.027185 0.028007 -0.095094 0.994703
1416.099653 393.619330 -44.006257 0.839818 -0.025911 0.031339 -0.095080 0.994639
1416.199489 393.781838 -44.023082 0.832683 -0.023890 0.036303 -0.095521 0.994478
1416.299336 393.941678 -44.036300 0.828480 -0.021599 0.038145 -0.095824 0.994433
1416.399174 394.093588 -44.048661 0.828125 -0.019640 0.038613 -0.095725 0.994465
1416.499823 394.232966 -44.060101 0.832598 -0.019471 0.040524 -0.095494 0.994414
1416.599662 394.374308 -44.075344 0.834773 -0.022115 0.042989 -0.095361 0.994268
1416.699497 394.513993 -44.090400 0.836847 -0.023940 0.042928 -0.095867 0.994180
1416.799341 394.655701 -44.108426 0.835092 -0.023569 0.042996 -0.095737 0.994198
1416.899181 394.805519 -44.130725 0.827477 -0.024888 0.046474 -0.095049 0.994076
1416.999829 394.958007 -44.153175 0.820006 -0.026159 0.046214 -0.094291 0.994127
1417.099683 395.113468 -44.173819 0.821883 -0.025588 0.044352 -0.094192 0.994236
1417.199517 395.266666 -44.190344 0.826982 -0.025663 0.045164 -0.094941 0.994127
1417.299353 395.423547 -44.205384 0.824772 -0.026875 0.046344 -0.095911 0.993947
1417.399186 395.572316 -44.225782 0.811969 -0.025268 0.046003 -0.096253 0.993972
1417.499839 395.709899 -44.247140 0.796313 -0.023768 0.043263 -0.095968 0.994160
1417.599682 395.842870 -44.269054 0.793294 -0.023272 0.041375 -0.095557 0.994291
1417.699527 395.984662 -44.285671 0.796691 -0.027829 0.037225 -0.095860 0.994309
1417.799376 396.133892 -44.304179 0.797200 -0.029678 0.039548 -0.096364 0.994117
1417.899211 396.278891 -44.325525 0.795018 -0.026340 0.045069 -0.096262 0.993986
1417.999442 396.422500 -44.346034 0.791644 -0.023649 0.043419 -0.096186 0.994135
1418.099279 396.574239 -44.365801 0.783479 -0.024763 0.039892 -0.096320 0.994242
1418.199121 396.726305 -44.383506 0.775548 -0.024570 0.038051 -0.096513 0.994301
1418.299769 396.864302 -44.404560 0.776356 -0.025310 0.041511 -0.096764 0.994119
1418.399610 396.997107 -44.422052 0.783647 -0.024767 0.044114 -0.097190 0.993979
1418.499438 397.126625 -44.440633 0.791654 -0.024136 0.045522 -0.097600 0.993891
1418.599278 397.265176 -44.462056 0.790952 -0.026931 0.043982 -0.097968 0.993852
1418.699115 397.408878 -44.480140 0.784600 -0.032644 0.042270 -0.097952 0.993757
1418.799758 397.542628 -44.499748 0.781663 -0.034737 0.039057 -0.098081 0.993805
1418.899587 397.670968 -44.519132 0.777706 -0.033998 0.036467 -0.098369 0.993900
1418.999438 397.800396 -44.537288 0.776541 -0.028288 0.037174 -0.098366 0.994053
1419.099282 397.928166 -44.552454 0.775420 -0.026550 0.040187 -0.098596 0.993961
1419.199133 398.058504 -44.570027 0.771904 -0.028745 0.041886 -0.098614 0.993828
1419.299777 398.196071 -44.588047 0.772868 -0.029965 0.040662 -0.098268 0.993877
1419.399626 398.321696 -44.604907 0.775762 -0.028485 0.038236 -0.098125 0.994031
1419.499461 398.440750 -44.620222 0.771550 -0.030476 0.039492 -0.098048 0.993931
1419.599302 398.560450 -44.634283 0.765135 -0.030237 0.043321 -0.097868 0.993796
1419.699131 398.681744 -44.647645 0.757693 -0.030022 0.046022 -0.097572 0.993710
1419.799764 398.816995 -44.658625 0.754008 -0.028951 0.045129 -0.097335 0.993806
1419.899599 398.947677 -44.670337 0.755658 -0.026694 0.043486 -0.097444 0.993932
1419.999454 399.073796 -44.686537 0.758863 -0.026364 0.041940 -0.097367 0.994015
1420.099316 399.190593 -44.703249 0.759322 -0.026049 0.042287 -0.097913 0.993955
1420.199162 399.312389 -44.716843 0.754430 -0.025499 0.044096 -0.097959 0.993886
1420.299814 399.451308 -44.730115 0.746694 -0.025290 0.044649 -0.098010 0.993862
1420.399653 399.591767 -44.745991 0.740936 -0.025352 0.044302 -0.098067 0.993870
1420.499489 399.705087 -44.759688 0.745185 -0.024829 0.043859 -0.097981 0.993911
1420.599323 399.820761 -44.772726 0.752678 -0.025039 0.044023 -0.097967 0.993900
1420.699166 399.939911 -44.790449 0.749445 -0.025494 0.044951 -0.098176 0.993826
1420.799813 400.071916 -44.807211 0.741583 -0.026568 0.046649 -0.098269 0.993711
1420.899661 400.199351 -44.825354 0.737610 -0.027440 0.046077 -0.098221 0.993719
1420.999511 400.316333 -44.841717 0.738272 -0.027321 0.044185 -0.098207 0.993809
1421.099347 400.438564 -44.853733 0.739973 -0.026907 0.042028 -0.098350 0.993900
1421.199183 400.556388 -44.868425 0.739452 -0.026009 0.040394 -0.098725 0.993954
1421.299822 400.675628 -44.889745 0.730727 -0.025630 0.040537 -0.099137 0.993917
1421.399678 400.792467 -44.909712 0.730034 -0.025891 0.042668 -0.099695 0.993766
1421.499513 400.898777 -44.925386 0.730856 -0.026595 0.043092 -0.100229 0.993675
1421.599348 401.013800 -44.941512 0.731675 -0.027675 0.042290 -0.100488 0.993654
1421.699197 401.132295 -44.960774 0.729716 -0.028087 0.039836 -0.100239 0.993769
1421.799832 401.254653 -44.984174 0.719177 -0.026818 0.038259 -0.100088 0.993881
1421.899674 401.374844 -45.009250 0.715216 -0.026704 0.038803 -0.100023 0.993870
1421.999512 401.498179 -45.031782 0.715443 -0.026828 0.040435 -0.099767 0.993827
1422.099345 401.613781 -45.044674 0.710850 -0.026832 0.042805 -0.099937 0.993710
1422.199205 401.724884 -45.057692 0.709348 -0.026426 0.043804 -0.099644 0.993707
1422.299444 401.843668 -45.074044 0.703788 -0.026961 0.043481 -0.099330 0.993738
1422.399291 401.960764 -45.094516 0.700684 -0.026887 0.043695 -0.098759 0.993788
1422.499124 402.078154 -45.118296 0.697678 -0.027132 0.045819 -0.098401 0.993721
1422.599751 402.190185 -45.137317 0.694159 -0.028097 0.047142 -0.098212 0.993651
1422.699612 402.301241 -45.154286 0.692668 -0.033322 0.045218 -0.098790 0.993522
1422.799453 402.410904 -45.168090 0.694991 -0.036535 0.040360 -0.099491 0.993548
1422.899289 402.529297 -45.181916 0.695391 -0.037054 0.039098 -0.100077 0.993520
1422.999123 402.655163 -45.197777 0.693661 -0.034211 0.040661 -0.100756 0.993491
1423.099757 402.781031 -45.212973 0.688764 -0.031082 0.041410 -0.101090 0.993529
1423.199584 402.894318 -45.227105 0.682863 -0.030007 0.041154 -0.101414 0.993540
1423.299435 403.000843 -45.240017 0.672191 -0.031129 0.040213 -0.101321 0.993553
1423.399277 403.111352 -45.253586 0.669157 -0.032837 0.039215 -0.101138 0.993557
1423.499125 403.223374 -45.261981 0.675362 -0.035084 0.039886 -0.101179 0.993449
1423.599765 403.331294 -45.262324 0.680525 -0.034936 0.041650 -0.101012 0.993399
1423.699614 403.443639 -45.269343 0.681105 -0.033313 0.042585 -0.100685 0.993448
1423.799460 403.548308 -45.281272 0.676158 -0.034197 0.042243 -0.100667 0.993435
1423.899314 403.654671 -45.286786 0.671666 -0.034763 0.041445 -0.100861 0.993429
1423.999151 403.765476 -45.289107 0.669826 -0.034555 0.041878 -0.100990 0.993405
1424.099786 403.872480 -45.293185 0.666524 -0.034050 0.044100 -0.101053 0.993320
1424.199616 403.988647 -45.297479 0.665534 -0.031659 0.045803 -0.101155 0.993311
1424.299464 404.101520 -45.298850 0.665665 -0.027696 0.045677 -0.101085 0.993443
1424.399302 404.204534 -45.299195 0.661622 -0.026908 0.045160 -0.100886 0.993508
1424.499153 404.319868 -45.299580 0.656865 -0.027163 0.045509 -0.101213 0.993452
1424.599806 404.437528 -45.304443 0.656238 -0.027183 0.045434 -0.101347 0.993441
1424.699639 404.552095 -45.310607 0.655875 -0.027005 0.044402 -0.101386 0.993489
1424.799454 404.672714 -45.318264 0.650275 -0.026001 0.043025 -0.101668 0.993547
1424.899301 404.790121 -45.321142 0.644442 -0.024125 0.041902 -0.101718 0.993638
1424.999142 404.901922 -45.322638 0.644545 -0.022355 0.040102 -0.102376 0.993686
1425.099778 405.015956 -45.331513 0.639142 -0.023980 0.038314 -0.102834 0.993671
1425.199620 405.137039 -45.340428 0.633990 -0.025562 0.039072 -0.103729 0.993509
1425.299462 405.260502 -45.345637 0.630536 -0.025944 0.040897 -0.105213 0.993270
1425.399306 405.369148 -45.350263 0.629980 -0.027070 0.042530 -0.106221 0.993064
1425.499130 405.465709 -45.358576 0.627907 -0.025060 0.044353 -0.106403 0.993017
1425.599771 405.567991 -45.369562 0.622417 -0.025398 0.045400 -0.106660 0.992934
1425.699602 405.668196 -45.380691 0.619386 -0.025776 0.045778 -0.106730 0.992899
1425.799449 405.771425 -45.387357 0.623747 -0.026175 0.047174 -0.106684 0.992828
1425.899293 405.884281 -45.396118 0.628494 -0.026723 0.049111 -0.106811 0.992706
1425.999134 405.994996 -45.410949 0.633593 -0.025962 0.049927 -0.106668 0.992701
1426.099769 406.107291 -45.423901 0.632291 -0.025039 0.047655 -0.107384 0.992759
1426.199607 406.221399 -45.436149 0.625465 -0.025912 0.044275 -0.108808 0.992738
1426.299435 406.327405 -45.449769 0.622208 -0.025673 0.042979 -0.110295 0.992637
1426.399290 406.426465 -45.462430 0.621057 -0.027456 0.043075 -0.110470 0.992566
1426.499133 406.527931 -45.476709 0.622335 -0.027597 0.045321 -0.110406 0.992469
1426.599781 406.637252 -45.491549 0.623417 -0.027237 0.047436 -0.110305 0.992392
1426.699621 406.755314 -45.506863 0.623043 -0.026724 0.051221 -0.109803 0.992273
1426.799462 406.881224 -45.523763 0.616479 -0.025977 0.051930 -0.109104 0.992333
1426.899299 407.010600 -45.540471 0.606500 -0.025605 0.052412 -0.108916 0.992338
1426.999126 407.134789 -45.559973 0.600422 -0.025400 0.053160 -0.108474 0.992352
1427.099766 407.256430 -45.583615 0.601116 -0.025996 0.053160 -0.108488 0.992335
1427.199615 407.377875 -45.600741 0.605341 -0.029102 0.050626 -0.108714 0.992357
1427.299446 407.501923 -45.613266 0.604895 -0.031125 0.049637 -0.109126 0.992300
1427.399276 407.622267 -45.631401 0.602457 -0.030679 0.049414 -0.108965 0.992343
1427.499515 407.746450 -45.646569 0.604686 -0.031240 0.049203 -0.108917 0.992341
1427.599355 407.875864 -45.662848 0.604954 -0.032128 0.049208 -0.107622 0.992453
1427.699192 407.994358 -45.675198 0.601372 -0.028448 0.050954 -0.105968 0.992656
1427.799827 408.121988 -45.690537 0.595353 -0.025713 0.054479 -0.105240 0.992620
1427.899674 408.259868 -45.707353 0.596638 -0.024933 0.055819 -0.105695 0.992518
1427.999521 408.401001 -45.725394 0.597695 -0.027095 0.054931 -0.105972 0.992481
1428.099372 408.529704 -45.742448 0.591234 -0.027684 0.053905 -0.106326 0.992483
1428.199216 408.657303 -45.758439 0.584567 -0.027993 0.054397 -0.106575 0.992421
1428.299461 408.783543 -45.771946 0.586035 -0.028176 0.055602 -0.106201 0.992389
1428.399290 408.920381 -45.788936 0.586829 -0.027430 0.055301 -0.106117 0.992436
1428.499139 409.053014 -45.805727 0.587960 -0.025342 0.053413 -0.106354 0.992569
1428.599774 409.198145 -45.827422 0.588787 -0.023712 0.051638 -0.106401 0.992698
1428.699616 409.347890 -45.851448 0.583669 -0.024687 0.051197 -0.106570 0.992679
1428.799458 409.485971 -45.872535 0.578224 -0.026475 0.052476 -0.106610 0.992562
1428.899292 409.618727 -45.890458 0.575623 -0.026703 0.053261 -0.106640 0.992511
1428.999132 409.761793 -45.908560 0.574697 -0.027174 0.054101 -0.106708 0.992445
1429.099744 409.908946 -45.927372 0.574337 -0.026444 0.054353 -0.106670 0.992456
1429.199585 410.059285 -45.950357 0.573880 -0.025857 0.055453 -0.106662 0.992411
1429.299429 410.196795 -45.974517 0.571124 -0.025172 0.056218 -0.106744 0.992377
1429.399274 410.339597 -45.999327 0.570381 -0.025146 0.056561 -0.106533 0.992381
1429.499503 410.497340 -46.026575 0.565056 -0.025141 0.056436 -0.106393 0.992403
1429.599335 410.657325 -46.052222 0.560081 -0.027413 0.054995 -0.105850 0.992482
1429.699176 410.810842 -46.074602 0.555595 -0.030593 0.054394 -0.103628 0.992656
1429.799829 410.976060 -46.095885 0.547512 -0.029841 0.054432 -0.101703 0.992876
1429.899674 411.140797 -46.121423 0.542668 -0.027062 0.054589 -0.100839 0.993035
1429.999512 411.297978 -46.148024 0.537625 -0.027766 0.054651 -0.100208 0.993076
1430.099345 411.457983 -46.173574 0.536287 -0.026849 0.053410 -0.100155 0.993174
1430.199192 411.627209 -46.199725 0.536481 -0.026111 0.052946 -0.100226 0.993212
1430.299824 411.791891 -46.228956 0.539707 -0.025036 0.054505 -0.100080 0.993170
1430.399676 411.949791 -46.254207 0.538919 -0.025720 0.055998 -0.100408 0.993036
1430.499525 412.111010 -46.278433 0.532231 -0.025339 0.055806 -0.100494 0.993048
1430.599374 412.263290 -46.303349 0.524681 -0.024849 0.055941 -0.100369 0.993065
1430.699231 412.428832 -46.329462 0.520036 -0.025916 0.056001 -0.100231 0.993049
1430.799461 412.605994 -46.360172 0.522569 -0.026458 0.056245 -0.100215 0.993022
1430.899307 412.773324 -46.390229 0.522835 -0.026642 0.054609 -0.099739 0.993157
1430.999147 412.934389 -46.415564 0.517251 -0.029485 0.052612 -0.099799 0.993178
1431.099809 413.102795 -46.444435 0.506708 -0.031071 0.050993 -0.099969 0.993197
1431.199654 413.273933 -46.475584 0.499217 -0.032585 0.048983 -0.099788 0.993268
1431.299498 413.435058 -46.504078 0.490591 -0.032256 0.043960 -0.099739 0.993519
1431.399320 413.594708 -46.529887 0.479412 -0.030206 0.040994 -0.099221 0.993762
1431.499159 413.750968 -46.552566 0.461197 -0.028279 0.040650 -0.099396 0.993815
1431.599798 413.921735 -46.574487 0.446438 -0.026530 0.040691 -0.099585 0.993843
1431.699624 414.100438 -46.602266 0.438694 -0.027606 0.040317 -0.099500 0.993837
1431.799459 414.265770 -46.628540 0.429756 -0.028432 0.041693 -0.099706 0.993736
1431.899297 414.420779 -46.654431 0.414409 -0.028771 0.044223 -0.099561 0.993632
1431.999140 414.572381 -46.680452 0.399871 -0.026816 0.045346 -0.099732 0.993619
1432.099786 414.728491 -46.704685 0.390171 -0.025607 0.043727 -0.099580 0.993738
1432.199624 414.870700 -46.727344 0.381227 -0.026812 0.043893 -0.099350 0.993722
1432.299466 415.008368 -46.752259 0.372331 -0.028267 0.046123 -0.099167 0.993599
1432.399301 415.151821 -46.774127 0.363607 -0.029287 0.049353 -0.099305 0.993401
1432.499149 415.307706 -46.796934 0.353149 -0.030243 0.050354 -0.099491 0.993303
1432.599797 415.469833 -46.817834 0.345415 -0.036702 0.048596 -0.099870 0.993135
1432.699653 415.632559 -46.838431 0.339554 -0.042965 0.047087 -0.099700 0.992974
1432.799483 415.786610 -46.856804 0.335975 -0.045152 0.044247 -0.099648 0.993012
1432.899319 415.932277 -46.872378 0.328486 -0.045380 0.042275 -0.099356 0.993117
1432.999162 416.080199 -46.883043 0.315702 -0.043419 0.044072 -0.099461 0.993116
1433.099803 416.244320 -46.895192 0.296122 -0.041199 0.044935 -0.099662 0.993152
1433.199641 416.406702 -46.903456 0.277578 -0.041167 0.044655 -0.099894 0.993143
1433.299475 416.574528 -46.909554 0.266763 -0.040375 0.044652 -0.100506 0.993114
1433.399308 416.743059 -46.912033 0.270406 -0.032333 0.046498 -0.101913 0.993180
1433.499129 416.899727 -46.912420 0.265142 -0.028248 0.037697 -0.101110 0.993759
1433.599770 417.043457 -46.913572 0.259778 -0.026887 0.034582 -0.100902 0.993932
1433.699610 417.183027 -46.913831 0.250612 -0.027188 0.034231 -0.100814 0.993944
1433.799436 417.328877 -46.914101 0.238634 -0.028280 0.035040 -0.100672 0.993900
1433.899287 417.478323 -46.917352 0.227148 -0.027728 0.034733 -0.100501 0.993944
1433.999123 417.632621 -46.920131 0.224724 -0.029459 0.035837 -0.100458 0.993859
1434.099749 417.781531 -46.920693 0.226153 -0.028885 0.037883 -0.100410 0.993805
1434.199581 417.914654 -46.919962 0.227849 -0.028185 0.037714 -0.100484 0.993824
1434.299413 418.044285 -46.918660 0.222952 -0.028596 0.036409 -0.100431 0.993866
1434.399249 418.166711 -46.917594 0.216365 -0.028428 0.036171 -0.100510 0.993872
1434.499486 418.290280 -46.917102 0.209657 -0.027840 0.036705 -0.100651 0.993855
1434.599310 418.403811 -46.917408 0.202959 -0.027047 0.035129 -0.100605 0.993938
1434.699145 418.513617 -46.917142 0.198469 -0.026277 0.033346 -0.100869 0.993993
1434.799789 418.632783 -46.918704 0.195313 -0.025483 0.033895 -0.101645 0.993916
1434.899624 418.747970 -46.921290 0.196667 -0.023449 0.034396 -0.101571 0.993957
1434.999459 418.860956 -46.926994 0.199063 -0.023350 0.033524 -0.101290 0.994018
1435.099310 418.977803 -46.934027 0.199349 -0.025444 0.034584 -0.100951 0.993964
1435.199144 419.096337 -46.940958 0.193759 -0.024494 0.037872 -0.100614 0.993903
1435.299790 419.201346 -46.943797 0.192801 -0.026715 0.038328 -0.100701 0.993819
1435.399630 419.299886 -46.944406 0.195490 -0.028501 0.037609 -0.101265 0.993740
1435.499450 419.409312 -46.946884 0.197054 -0.028297 0.037060 -0.101839 0.993708
1435.599288 419.529169 -46.953985 0.200692 -0.032477 0.037300 -0.103202 0.993430
1435.699128 419.634484 -46.960371 0.189300 -0.023863 0.009873 -0.103340 0.994311
1435.799779 419.729247 -46.970455 0.162885 -0.016722 -0.010537 -0.102089 0.994579
1435.899616 419.821386 -46.977875 0.153617 -0.019443 -0.002830 -0.102119 0.994578
1435.999465 419.916307 -46.986113 0.164066 -0.023971 0.007129 -0.102027 0.994467
1436.099318 420.001791 -46.997286 0.172197 -0.025800 0.015389 -0.101859 0.994345
1436.199151 420.070699 -47.009988 0.173491 -0.025913 0.018210 -0.101503 0.994331
1436.299790 420.135739 -47.020698 0.169159 -0.024897 0.021426 -0.101409 0.994302
1436.399616 420.197988 -47.026629 0.159177 -0.024548 0.026049 -0.101443 0.994197
1436.499449 420.250475 -47.029084 0.148899 -0.024700 0.034016 -0.101711 0.993925
1436.599281 420.299858 -47.041615 0.149882 -0.025277 0.041972 -0.101748 0.993603
1436.699114 420.342707 -47.059220 0.150912 -0.024016 0.051274 -0.101787 0.993194
1436.799740 420.385658 -47.070561 0.150896 -0.024213 0.060254 -0.101813 0.992682
1436.899591 420.444418 -47.084053 0.145910 -0.023559 0.066552 -0.101789 0.992298
1436.999430 420.509099 -47.100155 0.137584 -0.023682 0.069702 -0.101352 0.992123
1437.099276 420.581591 -47.119314 0.133150 -0.023885 0.072179 -0.101059 0.991971
1437.199517 420.665904 -47.137963 0.132391 -0.026324 0.071684 -0.101157 0.991935
1437.299357 420.750442 -47.156237 0.126576 -0.027033 0.070706 -0.101256 0.991976
1437.399185 420.846834 -47.178553 0.118049 -0.025489 0.072662 -0.101053 0.991897
1437.499813 420.945113 -47.207833 0.108608 -0.023852 0.077048 -0.100765 0.991636
1437.599652 421.044899 -47.239876 0.108371 -0.022112 0.082311 -0.100068 0.991324
1437.699498 421.153663 -47.264342 0.109140 -0.021928 0.084273 -0.099529 0.991217
1437.799331 421.269924 -47.288194 0.109092 -0.023232 0.083241 -0.098777 0.991350
1437.899169 421.391371 -47.311755 0.103791 -0.024724 0.081971 -0.098984 0.991399
1437.999806 421.525109 -47.343383 0.097737 -0.026256 0.078745 -0.099520 0.991567
1438.099641 421.675059 -47.380950 0.095642 -0.024750 0.076042 -0.100085 0.991760
1438.199491 421.829152 -47.419025 0.095723 -0.024285 0.072273 -0.100468 0.992015
1438.299330 421.979927 -47.452362 0.095436 -0.025254 0.065796 -0.100430 0.992445
1438.399162 422.131373 -47.484861 0.098102 -0.028277 0.060734 -0.100082 0.992721
1438.499804 422.286292 -47.521759 0.098219 -0.029166 0.058624 -0.099784 0.992852
1438.599653 422.450146 -47.560074 0.092628 -0.028789 0.059692 -0.099808 0.992797
1438.699495 422.620720 -47.597094 0.078136 -0.026884 0.059209 -0.099769 0.992883
1438.799330 422.777426 -47.632281 0.061053 -0.027471 0.054525 -0.099780 0.993135
1438.899164 422.938617 -47.668139 0.042402 -0.027986 0.048383 -0.099321 0.993484
1438.999800 423.097244 -47.703725 0.021955 -0.027160 0.045154 -0.099261 0.993665
1439.099647 423.256986 -47.740679 -0.004851 -0.027697 0.046611 -0.099157 0.993594
1439.199483 423.419114 -47.779875 -0.039278 -0.028548 0.050360 -0.098957 0.993407
1439.299328 423.579094 -47.820869 -0.075577 -0.028081 0.052281 -0.098948 0.993321
1439.399177 423.731132 -47.856678 -0.114127 -0.028012 0.052451 -0.098747 0.993334
1439.499814 423.892152 -47.888628 -0.149337 -0.027109 0.049396 -0.098919 0.993499
1439.599660 424.056560 -47.929189 -0.180103 -0.025640 0.048075 -0.098463 0.993648
1439.699508 424.218147 -47.967793 -0.212227 -0.025453 0.051068 -0.098213 0.993528
1439.799349 424.380320 -48.006240 -0.238273 -0.025818 0.057636 -0.098034 0.993177
1439.899197 424.550383 -48.044866 -0.260034 -0.027485 0.063764 -0.098114 0.992750
1439.999835 424.721583 -48.083623 -0.283369 -0.028920 0.065027 -0.098167 0.992622
1440.099659 424.898120 -48.121965 -0.308556 -0.028926 0.061642 -0.097875 0.992867
1440.199485 425.069936 -48.156952 -0.326948 -0.027127 0.059867 -0.097734 0.993040
1440.299323 425.244660 -48.192695 -0.336254 -0.026359 0.058692 -0.097251 0.993178
1440.399161 425.408601 -48.229732 -0.337534 -0.028176 0.057634 -0.096996 0.993215
1440.499801 425.582662 -48.269566 -0.342393 -0.029520 0.056951 -0.096656 0.993249
1440.599640 425.753056 -48.306754 -0.348472 -0.030348 0.055848 -0.097065 0.993246
1440.699465 425.925521 -48.338664 -0.356864 -0.037191 0.053526 -0.097989 0.993051
1440.799304 426.093586 -48.367362 -0.366883 -0.045382 0.052517 -0.098884 0.992675
1440.899144 426.253402 -48.391904 -0.371787 -0.047584 0.053737 -0.099176 0.992478
1440.999797 426.422376 -48.415456 -0.379104 -0.046892 0.053791 -0.099422 0.992483
1441.099633 426.603674 -48.438434 -0.381612 -0.047278 0.052253 -0.099769 0.992512
1441.199481 426.793737 -48.457765 -0.380245 -0.046751 0.049746 -0.100010 0.992642
1441.299310 426.986183 -48.475499 -0.375561 -0.043840 0.046730 -0.099812 0.992941
1441.399144 427.170245 -48.488527 -0.377531 -0.041042 0.045075 -0.100049 0.993113
1441.499781 427.346422 -48.496226 -0.385748 -0.034547 0.046194 -0.100186 0.993295
1441.599623 427.511011 -48.505716 -0.400967 -0.030683 0.048204 -0.100321 0.993313
1441.699469 427.676622 -48.514698 -0.408471 -0.029684 0.049958 -0.100305 0.993258
1441.799308 427.846078 -48.526125 -0.413316 -0.029135 0.048752 -0.100037 0.993361
1441.899149 428.017889 -48.535355 -0.414020 -0.027864 0.048478 -0.099913 0.993424
1441.999784 428.189569 -48.543548 -0.412814 -0.029086 0.046653 -0.099844 0.993483
1442.099631 428.359975 -48.550910 -0.412734 -0.028796 0.044293 -0.099666 0.993617
1442.199472 428.534201 -48.561640 -0.415784 -0.028359 0.042723 -0.099332 0.993732
1442.299323 428.703347 -48.573535 -0.423537 -0.027023 0.042310 -0.099258 0.993794
1442.399159 428.873643 -48.585741 -0.427151 -0.025742 0.041448 -0.099122 0.993878
1442.499794 429.048433 -48.599041 -0.432791 -0.026813 0.041590 -0.098823 0.993874
1442.599631 429.218123 -48.612562 -0.437840 -0.027257 0.040506 -0.098769 0.993912
1442.699473 429.372429 -48.620422 -0.442781 -0.026446 0.040374 -0.099018 0.993915
1442.799318 429.530997 -48.627587 -0.443927 -0.027075 0.040013 -0.098905 0.993923
1442.899154 429.690309 -48.637243 -0.443102 -0.028719 0.040645 -0.099011 0.993841
1442.999783 429.840233 -48.648400 -0.443252 -0.029966 0.039937 -0.099554 0.993779
1443.099615 429.989940 -48.664018 -0.448563 -0.028792 0.038549 -0.099487 0.993875
1443.199454 430.133693 -48.677468 -0.461255 -0.026901 0.038705 -0.099562 0.993914
1443.299294 430.277980 -48.687073 -0.468136 -0.026358 0.040942 -0.099341 0.993861
1443.399135 430.420119 -48.695122 -0.474285 -0.027756 0.043403 -0.098876 0.993765
1443.499781 430.578688 -48.707447 -0.474083 -0.028380 0.043608 -0.098714 0.993755
1443.599626 430.742905 -48.726991 -0.473800 -0.028558 0.044638 -0.098888 0.993687
1443.699462 430.898943 -48.748020 -0.479227 -0.027663 0.046731 -0.099124 0.993592
1443.799307 431.051432 -48.761635 -0.489662 -0.027382 0.049761 -0.099433 0.993422
1443.899138 431.196288 -48.773162 -0.500485 -0.027219 0.050925 -0.099250 0.993386
1443.999790 431.338644 -48.783737 -0.512841 -0.027421 0.049029 -0.098952 0.993505
1444.099637 431.473982 -48.796225 -0.525388 -0.025950 0.045226 -0.098739 0.993746
1444.199475 431.603351 -48.811684 -0.532146 -0.025231 0.043390 -0.098373 0.993883
1444.299316 431.730992 -48.829323 -0.537627 -0.024758 0.047333 -0.097961 0.993756
1444.399182 431.857415 -48.845036 -0.543068 -0.026494 0.053009 -0.097627 0.993457
1444.499809 431.997636 -48.860155 -0.541798 -0.026274 0.055797 -0.097189 0.993353
1444.599657 432.144676 -48.877305 -0.544678 -0.028018 0.055858 -0.097114 0.993309
1444.699497 432.279775 -48.894188 -0.549521 -0.026455 0.057394 -0.097307 0.993246
1444.799340 432.418362 -48.907897 -0.559774 -0.025217 0.058554 -0.098100 0.993132
1444.899190 432.566824 -48.924104 -0.567666 -0.026492 0.058901 -0.098543 0.993035
1444.999837 432.719412 -48.943533 -0.568521 -0.025530 0.058175 -0.098772 0.993080
1445.099679 432.869671 -48.961080 -0.563101 -0.023972 0.056755 -0.098865 0.993192
1445.199508 433.010312 -48.981254 -0.554622 -0.024114 0.051764 -0.098461 0.993501
1445.299368 433.160194 -49.005469 -0.557300 -0.025153 0.049086 -0.098001 0.993657
1445.399184 433.319130 -49.027848 -0.571472 -0.025673 0.050190 -0.098049 0.993584
1445.499825 433.472359 -49.043613 -0.581511 -0.024984 0.047045 -0.098069 0.993753
1445.599662 433.624565 -49.066645 -0.578694 -0.025056 0.042404 -0.097408 0.994025
1445.699505 433.775824 -49.091438 -0.569399 -0.027877 0.040875 -0.097578 0.993997
1445.799345 433.910633 -49.112655 -0.564783 -0.031246 0.038640 -0.098143 0.993931
1445.899170 434.039645 -49.132402 -0.569165 -0.030999 0.040884 -0.098153 0.993848
1445.999817 434.167024 -49.152948 -0.581387 -0.028831 0.046397 -0.098614 0.993625
1446.099669 434.295516 -49.171434 -0.597522 -0.026098 0.049828 -0.098760 0.993520
1446.199514 434.433822 -49.190270 -0.614769 -0.026414 0.049113 -0.098677 0.993556
1446.299352 434.568545 -49.208559 -0.627232 -0.028856 0.046623 -0.098553 0.993620
1446.399180 434.715111 -49.229108 -0.640692 -0.030172 0.042868 -0.098744 0.993731
1446.499818 434.865590 -49.254280 -0.651293 -0.029031 0.042972 -0.098473 0.993788
1446.599667 435.012621 -49.277791 -0.661545 -0.028172 0.043709 -0.098550 0.993773
1446.699499 435.159219 -49.302672 -0.673278 -0.027149 0.041873 -0.098343 0.993901
1446.799336 435.302942 -49.324771 -0.688658 -0.028471 0.039487 -0.098422 0.993953
1446.899186 435.450398 -49.346043 -0.703564 -0.028216 0.042215 -0.098586 0.993832
1446.999829 435.598038 -49.365659 -0.716469 -0.027550 0.046228 -0.098760 0.993655
1447.099664 435.730525 -49.385061 -0.724392 -0.027063 0.049096 -0.099139 0.993493
1447.199502 435.856632 -49.406020 -0.732292 -0.025479 0.047911 -0.099652 0.993542
1447.299330 435.979814 -49.430620 -0.738646 -0.024986 0.047062 -0.099336 0.993626
1447.399158 436.105984 -49.454252 -0.742198 -0.028962 0.045712 -0.098991 0.993616
1447.499794 436.229219 -49.471100 -0.747198 -0.030570 0.043371 -0.098472 0.993724
1447.599629 436.353928 -49.487611 -0.754771 -0.029487 0.042270 -0.098102 0.993841
1447.699477 436.487531 -49.508246 -0.763911 -0.027451 0.041573 -0.098177 0.993921
1447.799319 436.618596 -49.535076 -0.770437 -0.027592 0.040269 -0.098351 0.993954
1447.899164 436.729820 -49.558415 -0.770339 -0.028315 0.037930 -0.098164 0.994044
1447.999798 436.833790 -49.577574 -0.766182 -0.028255 0.037152 -0.097851 0.994106
1448.099634 436.948034 -49.594375 -0.768067 -0.028698 0.036095 -0.097474 0.994169
1448.199479 437.066630 -49.612644 -0.769750 -0.029807 0.035373 -0.097966 0.994114
1448.299305 437.179215 -49.631819 -0.776547 -0.029826 0.036557 -0.098511 0.994017
1448.399144 437.286987 -49.653532 -0.780732 -0.031626 0.038177 -0.098678 0.993884
1448.499784 437.393885 -49.676816 -0.787004 -0.032356 0.037546 -0.098780 0.993874
1448.599622 437.498502 -49.696409 -0.793308 -0.033170 0.035839 -0.098842 0.993904
1448.699454 437.613754 -49.714893 -0.804183 -0.031530 0.037712 -0.098935 0.993879
1448.799285 437.725849 -49.733137 -0.817983 -0.029583 0.039719 -0.098703 0.993884
1448.899112 437.820843 -49.748414 -0.828967 -0.028684 0.038494 -0.098250 0.994003
1448.999752 437.914943 -49.765443 -0.835375 -0.030646 0.035168 -0.097676 0.994125
1449.099591 438.006222 -49.782428 -0.833382 -0.030704 0.031985 -0.097048 0.994292
1449.199425 438.102285 -49.797086 -0.835749 -0.029140 0.033709 -0.096832 0.994303
1449.299261 438.209561 -49.813689 -0.843876 -0.027884 0.039387 -0.097073 0.994107
1449.399505 438.322824 -49.833615 -0.850660 -0.027254 0.042146 -0.096999 0.994018
1449.499358 438.431491 -49.849286 -0.857663 -0.029163 0.042149 -0.096609 0.994002
1449.599194 438.532176 -49.863102 -0.867585 -0.032915 0.041198 -0.096426 0.993942
1449.699829 438.629554 -49.878192 -0.879675 -0.036004 0.042310 -0.096680 0.993764
1449.799660 438.728730 -49.894527 -0.888210 -0.035745 0.043319 -0.097400 0.993659
1449.899489 438.828826 -49.909397 -0.892704 -0.034298 0.044910 -0.098100 0.993571
1449.999327 438.927195 -49.922016 -0.896629 -0.033969 0.046059 -0.098768 0.993463
1450.099170 439.027994 -49.932366 -0.903982 -0.031685 0.049171 -0.099233 0.993343
1450.199795 439.123596 -49.942241 -0.912856 -0.028557 0.050390 -0.099477 0.993353
1450.299650 439.210673 -49.950226 -0.919124 -0.029749 0.052657 -0.099972 0.993150
1450.399490 439.307849 -49.960189 -0.925182 -0.029182 0.054691 -0.099682 0.993086
1450.499331 439.410587 -49.972772 -0.932547 -0.026842 0.056329 -0.099649 0.993064
1450.599168 439.511101 -49.986862 -0.937918 -0.023973 0.055845 -0.099893 0.993140
1450.699800 439.610159 -49.999728 -0.941693 -0.022844 0.055252 -0.100034 0.993186
1450.799625 439.719059 -50.015795 -0.945932 -0.024812 0.056706 -0.099811 0.993079
1450.899470 439.835545 -50.030252 -0.951923 -0.027957 0.057049 -0.099412 0.993016
1450.999311 439.956005 -50.039079 -0.965109 -0.027936 0.055785 -0.099145 0.993115
1451.099147 440.078154 -50.053346 -0.975349 -0.027824 0.054102 -0.098953 0.993231
1451.199779 440.199729 -50.073183 -0.981178 -0.028196 0.051501 -0.098578 0.993396
1451.299616 440.310549 -50.088444 -0.985014 -0.029428 0.049152 -0.098383 0.993498
1451.399451 440.426748 -50.102849 -0.985425 -0.029194 0.047371 -0.098402 0.993590
1451.499289 440.546747 -50.118600 -0.987182 -0.027850 0.046603 -0.098634 0.993642
1451.599143 440.666670 -50.133866 -0.991949 -0.026787 0.047683 -0.098973 0.993586
1451.699789 440.778592 -50.149363 -0.993419 -0.025530 0.050537 -0.099140 0.993461
1451.799630 440.887471 -50.168177 -0.998368 -0.026305 0.053149 -0.099100 0.993309
1451.899456 441.000413 -50.186712 -1.005928 -0.027873 0.053321 -0.099134 0.993253
1451.999291 441.116985 -50.202964 -1.016184 -0.029348 0.052128 -0.098615 0.993326
1452.099123 441.232486 -50.213103 -1.024672 -0.028699 0.050830 -0.098743 0.993399
1452.199757 441.344631 -50.230873 -1.025764 -0.028175 0.051381 -0.098492 0.993411
1452.299606 441.453874 -50.252500 -1.022450 -0.027558 0.051391 -0.098659 0.993411
1452.399433 441.564109 -50.272694 -1.020811 -0.026026 0.049293 -0.099048 0.993520
1452.499266 441.673787 -50.290449 -1.024436 -0.025655 0.049448 -0.100026 0.993424
1452.599510 441.786397 -50.304304 -1.030165 -0.026973 0.052629 -0.100992 0.993128
1452.699353 441.896850 -50.324001 -1.033626 -0.026473 0.053831 -0.101461 0.993029
1452.799187 442.017023 -50.346594 -1.039773 -0.026611 0.052825 -0.101682 0.993057
1452.899822 442.146474 -50.368445 -1.049720 -0.025578 0.052904 -0.101471 0.993102
1452.999651 442.284028 -50.388990 -1.054233 -0.026926 0.053010 -0.101050 0.993103
1453.099491 442.430464 -50.409894 -1.057395 -0.029293 0.052872 -0.100776 0.993071
1453.199318 442.566376 -50.428768 -1.060994 -0.030906 0.052064 -0.100526 0.993090
1453.299164 442.700581 -50.450488 -1.059971 -0.030894 0.052133 -0.100371 0.993103
1453.399814 442.838167 -50.477770 -1.063380 -0.028517 0.051501 -0.100011 0.993243
1453.499647 442.978284 -50.508393 -1.068838 -0.028533 0.050353 -0.100134 0.993289
1453.599493 443.117647 -50.534431 -1.074178 -0.028911 0.049269 -0.100472 0.993299
1453.699337 443.250884 -50.558646 -1.081675 -0.028493 0.048541 -0.100644 0.993329
1453.799178 443.374112 -50.578686 -1.083013 -0.026892 0.048812 -0.100759 0.993349
1453.899815 443.493353 -50.599183 -1.089991 -0.027683 0.051541 -0.100978 0.993167
1453.999657 443.611260 -50.620647 -1.104491 -0.029443 0.055480 -0.101122 0.992889
1454.099515 443.733869 -50.643724 -1.111001 -0.028601 0.055421 -0.101343 0.992895
1454.199345 443.858220 -50.669537 -1.112104 -0.028307 0.049347 -0.101238 0.993234
1454.299185 443.992143 -50.696917 -1.108644 -0.026091 0.045145 -0.100781 0.993541
1454.399807 444.141731 -50.725879 -1.105396 -0.023484 0.048222 -0.100473 0.993493
1454.499647 444.283038 -50.752593 -1.109146 -0.024550 0.051549 -0.100003 0.993348
1454.599489 444.414503 -50.776719 -1.114658 -0.025856 0.053797 -0.099638 0.993232
1454.699334 444.535081 -50.799658 -1.123272 -0.031406 0.055048 -0.099298 0.993037
1454.799173 444.669970 -50.827133 -1.130712 -0.032580 0.056839 -0.099222 0.992906
1454.899813 444.820383 -50.857928 -1.132214 -0.030239 0.054444 -0.098904 0.993146
1454.999641 444.961121 -50.884703 -1.125767 -0.028796 0.052938 -0.099280 0.993233
1455.099470 445.089018 -50.910663 -1.126201 -0.029943 0.051793 -0.099214 0.993266
1455.199303 445.220253 -50.933363 -1.134488 -0.033431 0.051109 -0.098751 0.993236
1455.299145 445.356835 -50.956890 -1.152322 -0.040293 0.050008 -0.098430 0.993070
1455.399786 445.509105 -50.979996 -1.165961 -0.044343 0.050797 -0.098637 0.992836
1455.499618 445.649800 -50.998559 -1.168622 -0.043714 0.051837 -0.099140 0.992760
1455.599470 445.789700 -51.017125 -1.166806 -0.040803 0.051091 -0.099506 0.992886
1455.699313 445.917070 -51.033295 -1.168182 -0.038249 0.048724 -0.099700 0.993088
1455.799156 446.046207 -51.044465 -1.178673 -0.036075 0.045878 -0.099981 0.993276
1455.899775 446.184792 -51.057029 -1.187255 -0.035975 0.045340 -0.100348 0.993268
1455.999618 446.320709 -51.067707 -1.191757 -0.035919 0.046124 -0.100619 0.993206
1456.099456 446.453999 -51.074751 -1.191705 -0.036097 0.046043 -0.100497 0.993216
1456.199289 446.588282 -51.080195 -1.193857 -0.037629 0.045659 -0.100265 0.993200
1456.299130 446.720661 -51.084162 -1.194673 -0.038493 0.046958 -0.100132 0.993120
1456.399772 446.861465 -51.092504 -1.200452 -0.037336 0.049314 -0.099900 0.993073
1456.499613 446.998087 -51.103472 -1.203474 -0.035960 0.050592 -0.099170 0.993133
1456.599450 447.134113 -51.107554 -1.203406 -0.037442 0.050681 -0.098425 0.993148
1456.699293 447.267527 -51.104208 -1.208413 -0.038441 0.048006 -0.097915 0.993293
1456.799122 447.407569 -51.104736 -1.216442 -0.036314 0.044745 -0.097493 0.993566
1456.899768 447.536757 -51.107861 -1.216110 -0.031530 0.042758 -0.097460 0.993820
1456.999617 447.662795 -51.110011 -1.213587 -0.027661 0.042969 -0.097968 0.993877
1457.099453 447.790576 -51.109836 -1.214785 -0.027651 0.045130 -0.099322 0.993647
1457.199298 447.927968 -51.110321 -1.223781 -0.028835 0.046380 -0.100541 0.993433
1457.299146 448.057907 -51.111581 -1.229082 -0.028087 0.043984 -0.101168 0.993500
1457.399773 448.189899 -51.109258 -1.229056 -0.028017 0.041762 -0.101680 0.993545
1457.499612 448.332712 -51.114342 -1.228685 -0.025978 0.044763 -0.101484 0.993490
1457.599457 448.476858 -51.121857 -1.233822 -0.024953 0.046979 -0.100946 0.993469
1457.699287 448.623735 -51.130610 -1.239412 -0.024503 0.048368 -0.100556 0.993453
1457.799117 448.766856 -51.141239 -1.243897 -0.026116 0.048130 -0.100941 0.993384
1457.899758 448.915197 -51.150503 -1.248414 -0.027288 0.043031 -0.100592 0.993622
1457.999593 449.060522 -51.156691 -1.251693 -0.028795 0.038515 -0.100083 0.993816
1458.099425 449.195405 -51.163219 -1.252306 -0.031115 0.039767 -0.099868 0.993719
1458.199260 449.316023 -51.170362 -1.251731 -0.031199 0.040303 -0.100020 0.993679
1458.299509 449.424077 -51.178363 -1.258305 -0.028704 0.042326 -0.100918 0.993579
1458.399343 449.541720 -51.187054 -1.265235 -0.027569 0.041881 -0.101982 0.993522
1458.499191 449.662169 -51.194115 -1.267576 -0.027161 0.041403 -0.102652 0.993484
1458.599822 449.787698 -51.201814 -1.267279 -0.025946 0.041361 -0.102842 0.993499
1458.699663 449.907588 -51.211595 -1.274612 -0.025916 0.040144 -0.102497 0.993585
1458.799510 450.020242 -51.223204 -1.279952 -0.029597 0.042723 -0.102451 0.993379
1458.899353 450.127631 -51.237314 -1.283272 -0.032885 0.046069 -0.102351 0.993137
1458.999212 450.233953 -51.241219 -1.285191 -0.031497 0.045079 -0.102071 0.993256
1459.099445 450.344289 -51.248909 -1.285255 -0.029167 0.042104 -0.101576 0.993508
1459.199280 450.455204 -51.258725 -1.284632 -0.027359 0.039935 -0.101041 0.993704
1459.299115 450.566724 -51.272156 -1.289491 -0.027292 0.039816 -0.100970 0.993718
1459.399746 450.678290 -51.283339 -1.295644 -0.028608 0.042459 -0.101093 0.993559
1459.499590 450.790811 -51.294597 -1.298635 -0.030359 0.042701 -0.101037 0.993502
1459.599433 450.898224 -51.305164 -1.304671 -0.030607 0.042522 -0.101021 0.993504
1459.699275 451.004268 -51.315150 -1.312189 -0.029344 0.041458 -0.101089 0.993580
1459.799523 451.108773 -51.324659 -1.316093 -0.030377 0.042443 -0.101560 0.993459
1459.899369 451.208563 -51.333943 -1.319705 -0.032359 0.045573 -0.102219 0.993190
1459.999211 451.305729 -51.344089 -1.324250 -0.030685 0.047866 -0.102172 0.993141
1460.099451 451.408515 -51.352912 -1.328852 -0.032824 0.047510 -0.101666 0.993141
1460.199296 451.520096 -51.358960 -1.328386 -0.033933 0.046782 -0.101584 0.993147
1460.299134 451.625737 -51.365940 -1.329272 -0.034001 0.044547 -0.101198 0.993287
1460.399781 451.736174 -51.377599 -1.331862 -0.032364 0.042144 -0.100647 0.993502
1460.499615 451.850241 -51.390823 -1.331761 -0.030097 0.042385 -0.100486 0.993580
1460.599462 451.957238 -51.404408 -1.331607 -0.028985 0.041336 -0.100429 0.993663
1460.699299 452.065060 -51.417006 -1.332762 -0.028043 0.040954 -0.100450 0.993703
1460.799142 452.171732 -51.425725 -1.335345 -0.028028 0.041506 -0.100548 0.993671
1460.899778 452.265543 -51.426773 -1.336934 -0.029588 0.041897 -0.100217 0.993643
1460.999622 452.357335 -51.429318 -1.337081 -0.033149 0.040700 -0.100633 0.993538
1461.099490 452.456501 -51.440199 -1.339532 -0.032737 0.040401 -0.101334 0.993493
1461.199326 452.558484 -51.456696 -1.341412 -0.029754 0.041056 -0.101921 0.993500
1461.299163 452.646121 -51.469995 -1.342573 -0.027552 0.041101 -0.102557 0.993496
1461.399802 452.736218 -51.477427 -1.345278 -0.027123 0.042000 -0.103090 0.993415
1461.499645 452.827583 -51.482753 -1.351149 -0.027374 0.042690 -0.103260 0.993361
1461.599483 452.924272 -51.492090 -1.354982 -0.027842 0.043613 -0.103004 0.993334
1461.699327 453.019353 -51.502398 -1.354193 -0.028067 0.043094 -0.102789 0.993373
1461.799164 453.118383 -51.514062 -1.353384 -0.028852 0.042406 -0.102694 0.993390
1461.899803 453.224929 -51.524662 -1.356119 -0.030195 0.042301 -0.102710 0.993353
1461.999639 453.323001 -51.534632 -1.355212 -0.030258 0.044771 -0.102646 0.993249
1462.099463 453.418565 -51.545660 -1.358493 -0.030832 0.046466 -0.102521 0.993167
1462.199298 453.510073 -51.558771 -1.357548 -0.030018 0.048813 -0.102281 0.993104
1462.299139 453.596249 -51.570448 -1.359186 -0.029247 0.048886 -0.102280 0.993123
1462.399773 453.685549 -51.581133 -1.361986 -0.029829 0.045374 -0.101983 0.993303
1462.499609 453.769689 -51.590053 -1.366825 -0.031325 0.042567 -0.101954 0.993384
1462.599451 453.857383 -51.600133 -1.371302 -0.032639 0.042289 -0.101927 0.993357
1462.699292 453.945798 -51.612802 -1.372646 -0.032031 0.044583 -0.101719 0.993297
1462.799148 454.037805 -51.621881 -1.372075 -0.029834 0.046496 -0.101874 0.993262
1462.899794 454.128526 -51.630058 -1.374436 -0.028830 0.047391 -0.102204 0.993216
1462.999641 454.221549 -51.643675 -1.381194 -0.028481 0.048477 -0.101880 0.993207
1463.099489 454.310317 -51.657666 -1.388788 -0.028685 0.049224 -0.101885 0.993163
1463.199345 454.401324 -51.672084 -1.397138 -0.028122 0.051167 -0.101826 0.993087
1463.299191 454.495760 -51.687933 -1.408392 -0.028525 0.054175 -0.101736 0.992926
1463.399814 454.599121 -51.701816 -1.417639 -0.028271 0.055434 -0.101697 0.992867
1463.499649 454.711852 -51.714712 -1.416741 -0.028655 0.054455 -0.101583 0.992922
1463.599506 454.825599 -51.728708 -1.414835 -0.028140 0.053376 -0.101373 0.993017
1463.699339 454.938209 -51.743021 -1.424911 -0.027088 0.055752 -0.101521 0.992901
1463.799182 455.052286 -51.762477 -1.438682 -0.026818 0.057890 -0.101553 0.992782
1463.899814 455.165396 -51.784232 -1.447964 -0.027244 0.058216 -0.101010 0.992807
1463.999650 455.270779 -51.804209 -1.454123 -0.028549 0.056471 -0.100633 0.992909
1464.099496 455.385788 -51.825296 -1.459223 -0.030223 0.053877 -0.100536 0.993014
1464.199338 455.502492 -51.840754 -1.459117 -0.029648 0.049380 -0.100353 0.993283
1464.299193 455.607947 -51.859535 -1.457699 -0.028572 0.047359 -0.100573 0.993391
1464.399834 455.711309 -51.881046 -1.459028 -0.028047 0.048165 -0.100657 0.993359
1464.499684 455.812853 -51.899965 -1.469274 -0.028890 0.049090 -0.101230 0.993231
1464.599530 455.919234 -51.917694 -1.483067 -0.029940 0.048563 -0.101862 0.993161
1464.699384 456.024354 -51.937436 -1.498591 -0.028739 0.048128 -0.101821 0.993222
1464.799223 456.131089 -51.957340 -1.508403 -0.028561 0.049677 -0.101742 0.993159
1464.899460 456.241912 -51.979007 -1.521602 -0.029252 0.052031 -0.101637 0.993029
1464.999280 456.360304 -52.000890 -1.530620 -0.028314 0.054246 -0.101505 0.992951
1465.099113 456.491006 -52.024000 -1.538229 -0.027908 0.054481 -0.101752 0.992925
1465.199752 456.625835 -52.046605 -1.548164 -0.026587 0.053930 -0.101681 0.992998
1465.299577 456.771483 -52.073901 -1.559048 -0.028623 0.053441 -0.101755 0.992961
1465.399424 456.912210 -52.100448 -1.572761 -0.029133 0.052923 -0.102147 0.992933
1465.499268 457.034032 -52.121864 -1.582981 -0.029121 0.054964 -0.102478 0.992789
1465.599500 457.163018 -52.147723 -1.589022 -0.032382 0.054792 -0.102442 0.992701
1465.699343 457.288608 -52.167938 -1.593219 -0.037122 0.053635 -0.102451 0.992597
1465.799170 457.410651 -52.185192 -1.602851 -0.036440 0.050527 -0.102292 0.992802
1465.899806 457.534749 -52.206362 -1.616077 -0.033804 0.049035 -0.102238 0.992975
1465.999633 457.664957 -52.225116 -1.624843 -0.032759 0.050967 -0.102496 0.992887
1466.099484 457.793790 -52.248079 -1.629105 -0.031628 0.053307 -0.102773 0.992772
1466.199322 457.917095 -52.269832 -1.634683 -0.031180 0.053007 -0.103105 0.992768
1466.299163 458.038403 -52.294942 -1.639389 -0.032870 0.052044 -0.103201 0.992754
1466.399795 458.166030 -52.316117 -1.648716 -0.033272 0.052758 -0.103586 0.992663
1466.499629 458.308310 -52.335299 -1.660616 -0.035368 0.050338 -0.103370 0.992739
1466.599477 458.456161 -52.346662 -1.677755 -0.037579 0.050200 -0.103140 0.992688
1466.699299 458.599973 -52.356878 -1.696636 -0.040678 0.054078 -0.102749 0.992403
1466.799131 458.736371 -52.371738 -1.708622 -0.041282 0.057022 -0.102722 0.992216
1466.899778 458.865907 -52.390640 -1.713047 -0.039016 0.054710 -0.102652 0.992445
1466.999627 458.990023 -52.410336 -1.720800 -0.038658 0.051934 -0.102800 0.992593
1467.099463 459.110508 -52.420792 -1.730408 -0.035596 0.051157 -0.103401 0.992685
1467.199295 459.229957 -52.427484 -1.741746 -0.032955 0.053094 -0.103660 0.992648
1467.299126 459.363361 -52.432875 -1.757167 -0.031995 0.056155 -0.104030 0.992472
1467.399767 459.505788 -52.438944 -1.765757 -0.034732 0.056288 -0.104762 0.992295
1467.499598 459.653354 -52.442636 -1.766618 -0.037045 0.052841 -0.104549 0.992424
1467.599432 459.798818 -52.450842 -1.761619 -0.040313 0.053571 -0.104539 0.992258
1467.699271 459.936788 -52.461002 -1.764282 -0.042140 0.055515 -0.104050 0.992127
1467.799513 460.084495 -52.464708 -1.776948 -0.042665 0.059886 -0.104113 0.991844
1467.899355 460.232240 -52.466031 -1.792541 -0.036865 0.061364 -0.104100 0.991987
1467.999210 460.384959 -52.468132 -1.804070 -0.030370 0.058902 -0.103726 0.992396
1468.099450 460.544418 -52.471518 -1.808818 -0.026629 0.053884 -0.103332 0.992829
1468.199290 460.705320 -52.475759 -1.807998 -0.026789 0.052828 -0.103148 0.992901
1468.299125 460.869486 -52.479837 -1.811838 -0.028531 0.052505 -0.102721 0.992914
1468.399760 461.037887 -52.488371 -1.818796 -0.027795 0.052199 -0.103181 0.992903
1468.499613 461.191914 -52.492330 -1.821185 -0.023961 0.051935 -0.104932 0.992833
1468.599453 461.342554 -52.496485 -1.826623 -0.023487 0.049162 -0.105555 0.992920
1468.699296 461.495613 -52.504477 -1.831144 -0.023265 0.046894 -0.106119 0.992975
1468.799151 461.639532 -52.511000 -1.833126 -0.028437 0.045514 -0.106632 0.992849
1468.899786 461.779038 -52.520782 -1.834010 -0.029361 0.046194 -0.106449 0.992810
1468.999634 461.929908 -52.533151 -1.832867 -0.027532 0.045641 -0.105924 0.992945
1469.099481 462.084664 -52.547718 -1.834828 -0.027291 0.044020 -0.105792 0.993039
1469.199322 462.230660 -52.558243 -1.841297 -0.028926 0.043903 -0.105989 0.992976
1469.299170 462.376205 -52.570805 -1.849389 -0.031678 0.042968 -0.105391 0.992997
1469.399824 462.513023 -52.579910 -1.852574 -0.031684 0.042325 -0.105150 0.993050
1469.499658 462.644663 -52.589832 -1.857311 -0.029228 0.043551 -0.105327 0.993053
1469.599505 462.775992 -52.601199 -1.865539 -0.029132 0.042862 -0.106074 0.993007
1469.699347 462.911844 -52.615650 -1.867972 -0.028182 0.040313 -0.106451 0.993101
1469.799190 463.054603 -52.629850 -1.868211 -0.027727 0.037702 -0.106921 0.993166
1469.899824 463.190958 -52.642247 -1.863204 -0.026217 0.037724 -0.108048 0.993084
1469.999654 463.313547 -52.651675 -1.866229 -0.027218 0.037606 -0.109766 0.992873
1470.099497 463.443772 -52.662631 -1.875786 -0.026443 0.038475 -0.111309 0.992689
1470.199329 463.566188 -52.681547 -1.881251 -0.024182 0.038213 -0.113452 0.992514
1470.299164 463.684879 -52.700871 -1.887600 -0.025101 0.034839 -0.116601 0.992250
1470.399789 463.810526 -52.717488 -1.887403 -0.028948 0.033320 -0.118366 0.991989
1470.499611 463.925064 -52.732650 -1.881017 -0.027834 0.036528 -0.120296 0.991675
1470.599448 464.044152 -52.752110 -1.880299 -0.026964 0.038518 -0.122886 0.991306
1470.699296 464.167236 -52.775533 -1.880777 -0.024172 0.039650 -0.126190 0.990919
1470.799157 464.286425 -52.799485 -1.885694 -0.024654 0.038604 -0.129350 0.990541
1470.899798 464.403867 -52.820932 -1.889183 -0.026504 0.038423 -0.130854 0.990302
1470.999648 464.517730 -52.839673 -1.887509 -0.027662 0.040242 -0.131154 0.990159
1471.099509 464.619390 -52.857815 -1.889459 -0.027930 0.042017 -0.131000 0.990098
1471.199343 464.714035 -52.874521 -1.896097 -0.028382 0.043226 -0.130912 0.990044
1471.299186 464.811559 -52.892794 -1.898103 -0.028714 0.042963 -0.130586 0.990089
1471.399823 464.910841 -52.913484 -1.898453 -0.029719 0.042247 -0.130217 0.990139
1471.499651 465.004487 -52.938012 -1.900595 -0.031187 0.040553 -0.129877 0.990209
1471.599481 465.101280 -52.960163 -1.907850 -0.031208 0.040131 -0.129661 0.990254
1471.699333 465.204117 -52.981837 -1.912453 -0.031633 0.040279 -0.129500 0.990256
1471.799162 465.303556 -53.000727 -1.911404 -0.031215 0.042547 -0.129679 0.990151
1471.899801 465.400864 -53.021760 -1.910130 -0.031073 0.042776 -0.129505 0.990168
1471.999636 465.504241 -53.043951 -1.911165 -0.031869 0.041852 -0.129462 0.990188
1472.099471 465.613264 -53.064672 -1.912713 -0.031902 0.041539 -0.129776 0.990159
1472.199311 465.712390 -53.087103 -1.914267 -0.030584 0.042570 -0.129931 0.990137
1472.299139 465.809817 -53.106943 -1.919565 -0.030377 0.043742 -0.130298 0.990044
1472.399780 465.902627 -53.125819 -1.922301 -0.030252 0.043663 -0.130537 0.990019
1472.499618 466.002231 -53.147869 -1.922144 -0.029654 0.043458 -0.130382 0.990067
1472.599451 466.097460 -53.168685 -1.922769 -0.030152 0.043802 -0.130131 0.990070
1472.699289 466.194060 -53.188231 -1.925605 -0.030123 0.043918 -0.130061 0.990075
1472.799144 466.292205 -53.207205 -1.925545 -0.030435 0.044162 -0.129906 0.990075
1472.899773 466.386921 -53.229938 -1.927527 -0.030660 0.045215 -0.130101 0.989995
1472.999626 466.478191 -53.251219 -1.929979 -0.031154 0.045996 -0.130446 0.989898
1473.099468 466.565540 -53.269639 -1.932275 -0.031225 0.046447 -0.130747 0.989835
1473.199306 466.656251 -53.286897 -1.936268 -0.030214 0.045207 -0.130801 0.989916
1473.299135 466.751684 -53.307130 -1.936705 -0.029106 0.043959 -0.130489 0.990047
1473.399770 466.850629 -53.330787 -1.935506 -0.030919 0.045242 -0.130179 0.989975
1473.499610 466.954894 -53.351545 -1.936763 -0.034531 0.047099 -0.130525 0.989723
1473.599442 467.059559 -53.369891 -1.940065 -0.036339 0.046606 -0.130572 0.989676
1473.699269 467.158314 -53.386898 -1.941316 -0.035237 0.045930 -0.130253 0.989789
1473.799500 467.251144 -53.400780 -1.940352 -0.033673 0.045649 -0.130117 0.989875
1473.899334 467.336599 -53.415906 -1.948523 -0.034835 0.045415 -0.130086 0.989849
1473.999163 467.422196 -53.435113 -1.961683 -0.035606 0.044945 -0.130133 0.989837
1474.099803 467.499861 -53.448836 -1.962432 -0.033207 0.043874 -0.130416 0.989931
1474.199638 467.575565 -53.456237 -1.955279 -0.033736 0.043769 -0.130905 0.989854
1474.299485 467.655201 -53.460916 -1.949368 -0.036975 0.044344 -0.131313 0.989658
1474.399335 467.740038 -53.469008 -1.946429 -0.040552 0.046899 -0.131619 0.989360
1474.499182 467.824181 -53.476210 -1.951899 -0.042628 0.047813 -0.131851 0.989198
1474.599824 467.912248 -53.484787 -1.960163 -0.042079 0.049611 -0.131906 0.989125
1474.699667 468.010273 -53.494928 -1.966592 -0.039456 0.051259 -0.131655 0.989183
1474.799508 468.113696 -53.504259 -1.970143 -0.037948 0.052413 -0.131325 0.989225
1474.899353 468.216058 -53.510495 -1.971084 -0.034244 0.053358 -0.131146 0.989334
1474.999185 468.324129 -53.515798 -1.972968 -0.031520 0.054345 -0.131276 0.989353
1475.099827 468.442479 -53.519752 -1.977007 -0.029254 0.056594 -0.131223 0.989304
1475.199652 468.551135 -53.523808 -1.979505 -0.028899 0.058939 -0.131310 0.989166
1475.299493 468.663379 -53.531689 -1.982717 -0.029032 0.059387 -0.131152 0.989156
1475.399359 468.780156 -53.541152 -1.985601 -0.028777 0.059695 -0.131022 0.989162
1475.499184 468.887757 -53.554351 -1.988076 -0.027624 0.059795 -0.130368 0.989275
1475.599823 469.004610 -53.565741 -1.991607 -0.026618 0.058575 -0.130083 0.989413
1475.699663 469.121145 -53.576393 -1.995730 -0.027792 0.055921 -0.129961 0.989551
1475.799500 469.239644 -53.585662 -1.997617 -0.029445 0.054534 -0.130477 0.989512
1475.899347 469.353312 -53.593415 -2.001950 -0.030309 0.052292 -0.131058 0.989530
1475.999202 469.459522 -53.603560 -2.001696 -0.029489 0.049821 -0.131483 0.989626
1476.099448 469.575441 -53.619870 -2.000932 -0.027842 0.048202 -0.131981 0.989688
1476.199282 469.689181 -53.639817 -2.003555 -0.025183 0.047904 -0.133247 0.989604
1476.299108 469.809904 -53.657711 -2.006969 -0.024606 0.047693 -0.134895 0.989406
1476.399731 469.935552 -53.675227 -2.011867 -0.023291 0.046574 -0.137079 0.989190
1476.499580 470.055242 -53.693164 -2.010283 -0.024917 0.044799 -0.138531 0.989031
1476.599418 470.183789 -53.712096 -2.006578 -0.027779 0.043507 -0.139383 0.988892
1476.699261 470.312491 -53.733570 -2.011378 -0.029331 0.042618 -0.139356 0.988890
1476.799515 470.439719 -53.756346 -2.018690 -0.029521 0.042214 -0.139253 0.988916
1476.899359 470.562175 -53.783242 -2.023836 -0.029844 0.043673 -0.139129 0.988861
1476.999202 470.675316 -53.802903 -2.027751 -0.029425 0.045496 -0.139391 0.988754
1477.099433 470.787153 -53.824956 -2.028964 -0.030468 0.045576 -0.139293 0.988733
1477.199272 470.882774 -53.843291 -2.029297 -0.031179 0.044941 -0.139384 0.988727
1477.299510 470.988346 -53.865982 -2.028570 -0.031612 0.045646 -0.139081 0.988723
1477.399342 471.095248 -53.887902 -2.029575 -0.030328 0.047578 -0.138624 0.988737
1477.499191 471.201633 -53.908309 -2.031659 -0.030468 0.049355 -0.138602 0.988648
1477.599828 471.317194 -53.933127 -2.037717 -0.031993 0.050979 -0.138849 0.988483
1477.699668 471.428439 -53.956939 -2.039635 -0.030667 0.052773 -0.139355 0.988360
1477.799514 471.544254 -53.979031 -2.041543 -0.028953 0.053093 -0.139676 0.988349
1477.899370 471.654421 -54.004213 -2.044989 -0.029054 0.052456 -0.139421 0.988416
1477.999219 471.765526 -54.030487 -2.046007 -0.030535 0.054279 -0.138928 0.988342
1478.099463 471.877540 -54.057103 -2.038682 -0.031677 0.058712 -0.138650 0.988092
1478.199310 471.995321 -54.083406 -2.038069 -0.032243 0.058206 -0.138477 0.988128
1478.299156 472.119424 -54.108060 -2.042676 -0.029834 0.055230 -0.138195 0.988414
1478.399807 472.250200 -54.138211 -2.053677 -0.028508 0.052177 -0.138092 0.988633
1478.499639 472.375687 -54.163111 -2.057038 -0.030267 0.052216 -0.138004 0.988591
1478.599476 472.491074 -54.187084 -2.055843 -0.032203 0.054061 -0.138148 0.988411
1478.699306 472.597449 -54.207598 -2.056542 -0.034199 0.054119 -0.138429 0.988301
1478.799144 472.710027 -54.226845 -2.059617 -0.035176 0.053669 -0.138745 0.988247
1478.899768 472.830890 -54.250225 -2.061614 -0.035270 0.052921 -0.138540 0.988313
1478.999597 472.963407 -54.274370 -2.059571 -0.038258 0.053101 -0.138117 0.988251
1479.099434 473.090739 -54.294266 -2.058550 -0.040370 0.052775 -0.138022 0.988198
1479.199280 473.216361 -54.314369 -2.062814 -0.039610 0.051729 -0.137827 0.988311
1479.299118 473.358936 -54.335205 -2.071755 -0.036491 0.051341 -0.137897 0.988442
1479.399749 473.500332 -54.354382 -2.075393 -0.039316 0.050706 -0.137802 0.988379
1479.499590 473.623247 -54.366718 -2.069778 -0.042211 0.049417 -0.137706 0.988339
1479.599444 473.744704 -54.378497 -2.067906 -0.043662 0.048663 -0.137390 0.988357
1479.699293 473.869615 -54.390105 -2.073738 -0.039818 0.049597 -0.137465 0.988462
1479.799124 474.006397 -54.404302 -2.087924 -0.033009 0.051606 -0.137584 0.988594
1479.899760 474.162655 -54.423118 -2.100292 -0.029344 0.053531 -0.137762 0.988582
1479.999598 474.325158 -54.436614 -2.101583 -0.028256 0.056000 -0.138064 0.988435
1480.099427 474.476572 -54.448065 -2.097812 -0.028899 0.056231 -0.137645 0.988462
1480.199253 474.619637 -54.465495 -2.092975 -0.029505 0.054651 -0.137114 0.988606
1480.299494 474.754791 -54.480973 -2.100024 -0.028604 0.053740 -0.136640 0.988748
1480.399338 474.894584 -54.497779 -2.111335 -0.031486 0.051953 -0.137020 0.988704
1480.499188 475.026590 -54.515226 -2.118429 -0.033244 0.051183 -0.137476 0.988623
1480.599824 475.156837 -54.526286 -2.119765 -0.034069 0.050889 -0.138099 0.988523
1480.699664 475.286945 -54.535100 -2.118932 -0.034136 0.051289 -0.138294 0.988473
1480.799504 475.423815 -54.548906 -2.121521 -0.034894 0.050839 -0.137962 0.988516
1480.899363 475.569462 -54.567338 -2.128639 -0.034708 0.052137 -0.137506 0.988519
1480.999202 475.707756 -54.585960 -2.129766 -0.032780 0.050731 -0.136822 0.988753
1481.099455 475.850964 -54.604028 -2.132244 -0.034259 0.048562 -0.136044 0.988919
1481.199290 475.992357 -54.622518 -2.136726 -0.034223 0.048475 -0.135433 0.989008
1481.299136 476.131309 -54.633184 -2.140924 -0.039668 0.046504 -0.135974 0.988825
1481.399780 476.276540 -54.644911 -2.153051 -0.041886 0.045976 -0.136937 0.988625
1481.499625 476.423331 -54.657888 -2.156639 -0.040273 0.049566 -0.137654 0.988419
1481.599454 476.573186 -54.669986 -2.156677 -0.037224 0.055194 -0.137800 0.988220
1481.699283 476.717224 -54.678296 -2.150881 -0.035284 0.056895 -0.137788 0.988197
1481.799129 476.863203 -54.689094 -2.161946 -0.035941 0.057483 -0.137891 0.988125
1481.899757 477.006431 -54.695464 -2.170227 -0.038405 0.059677 -0.138280 0.987847
1481.999584 477.145839 -54.704999 -2.173974 -0.037630 0.062466 -0.138427 0.987684
1482.099436 477.293967 -54.712199 -2.177179 -0.034730 0.063865 -0.138512 0.987689
1482.199277 477.434401 -54.719044 -2.181893 -0.030050 0.064447 -0.138847 0.987758
1482.299113 477.582367 -54.728807 -2.185919 -0.027712 0.062674 -0.138695 0.987961
1482.399743 477.730829 -54.743662 -2.190940 -0.026990 0.062016 -0.138537 0.988045
1482.499584 477.886949 -54.752282 -2.193268 -0.029052 0.062542 -0.138940 0.987897
1482.599423 478.046822 -54.763877 -2.200020 -0.028723 0.064533 -0.138692 0.987813
1482.699280 478.223858 -54.782030 -2.207658 -0.026179 0.065449 -0.138158 0.987899
1482.799121 478.406818 -54.799222 -2.209387 -0.025303 0.063985 -0.137911 0.988052
1482.899758 478.582740 -54.810540 -2.204829 -0.027190 0.059563 -0.137525 0.988332
1482.999616 478.741567 -54.826049 -2.201957 -0.028631 0.059344 -0.137200 0.988350
1483.099446 478.903266 -54.847418 -2.206707 -0.025615 0.062790 -0.137469 0.988182
1483.199288 479.066666 -54.869027 -2.219831 -0.025712 0.063622 -0.138491 0.987983
1483.299129 479.235584 -54.889324 -2.227045 -0.027957 0.062504 -0.139084 0.987911
1483.399766 479.398045 -54.909149 -2.224350 -0.030107 0.061619 -0.139455 0.987851
1483.499616 479.556147 -54.930839 -2.216833 -0.028438 0.061439 -0.140065 0.987825
1483.599462 479.718571 -54.957078 -2.210895 -0.026340 0.061731 -0.140298 0.987832
1483.699294 479.900015 -54.985103 -2.219238 -0.024571 0.063818 -0.140134 0.987768
1483.799136 480.076848 -55.015015 -2.233532 -0.025256 0.064939 -0.139389 0.987783
1483.899781 480.257929 -55.042473 -2.249348 -0.027077 0.066210 -0.138870 0.987724
1483.999624 480.450825 -55.067874 -2.256299 -0.030865 0.064105 -0.138495 0.987804
1484.099473 480.648015 -55.098842 -2.255654 -0.030612 0.062937 -0.138413 0.987899
1484.199320 480.841905 -55.134484 -2.253578 -0.025473 0.062679 -0.138769 0.988011
1484.299158 481.030601 -55.168719 -2.254883 -0.023100 0.062296 -0.139601 0.987976
1484.399790 481.218642 -55.204575 -2.265281 -0.026129 0.061532 -0.139755 0.987927
1484.499631 481.399045 -55.239750 -2.270586 -0.031707 0.060928 -0.139876 0.987784
1484.599470 481.580534 -55.271819 -2.272232 -0.036115 0.060250 -0.140230 0.987624
1484.699312 481.756605 -55.302303 -2.273595 -0.037840 0.057664 -0.140536 0.987670
1484.799149 481.937551 -55.330436 -2.277948 -0.036986 0.056632 -0.140467 0.987772
1484.899788 482.124019 -55.364044 -2.287133 -0.033520 0.058837 -0.139844 0.987855
1484.999626 482.308176 -55.400233 -2.290750 -0.033954 0.062926 -0.140266 0.987529
1485.099464 482.483813 -55.433305 -2.290216 -0.035173 0.063287 -0.140848 0.987380
1485.199307 482.674665 -55.459880 -2.294534 -0.037343 0.061316 -0.141059 0.987395
1485.299135 482.870307 -55.484143 -2.303603 -0.037747 0.061244 -0.141026 0.987388
1485.399771 483.066627 -55.506755 -2.311078 -0.036470 0.062910 -0.141130 0.987317
1485.499614 483.257160 -55.535862 -2.320984 -0.035330 0.063327 -0.141232 0.987317
1485.599453 483.449746 -55.571175 -2.327338 -0.038023 0.064237 -0.141276 0.987152
1485.699299 483.654393 -55.607701 -2.331406 -0.039757 0.064199 -0.141076 0.987115
1485.799139 483.872290 -55.636528 -2.331094 -0.040379 0.063030 -0.140796 0.987205
1485.899771 484.081908 -55.657997 -2.332047 -0.042660 0.061572 -0.140860 0.987192
1485.999609 484.280906 -55.680550 -2.337680 -0.042896 0.061897 -0.140973 0.987145
1486.099432 484.474333 -55.702452 -2.349459 -0.043425 0.061648 -0.140973 0.987137
1486.199256 484.672517 -55.721373 -2.361147 -0.044310 0.060257 -0.140831 0.987204
1486.299495 484.872134 -55.732639 -2.366927 -0.040250 0.058891 -0.140965 0.987441
1486.399329 485.069764 -55.747611 -2.368511 -0.034862 0.059332 -0.141316 0.987570
1486.499180 485.266008 -55.766902 -2.375503 -0.030471 0.057686 -0.141323 0.987812
1486.599814 485.465064 -55.781511 -2.384370 -0.030035 0.055335 -0.141506 0.987933
1486.699651 485.661033 -55.796685 -2.385780 -0.031071 0.052438 -0.141358 0.988080
1486.799490 485.849052 -55.816614 -2.387663 -0.030994 0.052274 -0.141094 0.988129
1486.899337 486.044681 -55.834403 -2.392822 -0.029741 0.055222 -0.141156 0.987998
1486.999184 486.263488 -55.853578 -2.398990 -0.028192 0.059394 -0.141361 0.987773
1487.099825 486.480892 -55.869303 -2.409310 -0.028003 0.062018 -0.141661 0.987574
1487.199678 486.690340 -55.892833 -2.415245 -0.027366 0.062361 -0.141578 0.987582
1487.299514 486.897120 -55.921177 -2.417379 -0.028107 0.061252 -0.141359 0.987662
1487.399354 487.098534 -55.945718 -2.422321 -0.028318 0.058229 -0.141316 0.987845
1487.499201 487.298573 -55.967861 -2.432154 -0.028360 0.055449 -0.141216 0.988018
1487.599428 487.500774 -55.990664 -2.434158 -0.028104 0.053021 -0.141350 0.988139
1487.699261 487.698397 -56.015604 -2.438315 -0.028457 0.051698 -0.141349 0.988199
1487.799502 487.892276 -56.042199 -2.442934 -0.027877 0.050416 -0.141077 0.988321
1487.899345 488.087762 -56.071662 -2.447755 -0.028736 0.050367 -0.140920 0.988321
1487.999196 488.283728 -56.094044 -2.453218 -0.028675 0.051167 -0.141094 0.988257
1488.099835 488.481733 -56.119919 -2.466629 -0.029137 0.051483 -0.141290 0.988199
1488.199669 488.688414 -56.153553 -2.471103 -0.029954 0.051968 -0.140730 0.988229
1488.299524 488.880705 -56.188096 -2.471839 -0.028866 0.052153 -0.140394 0.988300
1488.399354 489.072105 -56.217976 -2.477424 -0.028829 0.052202 -0.140698 0.988255
1488.499202 489.247999 -56.244932 -2.483797 -0.028853 0.051655 -0.140769 0.988273
1488.599456 489.423410 -56.270461 -2.489958 -0.031778 0.050305 -0.140872 0.988238
1488.699294 489.588830 -56.296518 -2.494568 -0.035357 0.050091 -0.140872 0.988127
1488.799136 489.760476 -56.324364 -2.498283 -0.037326 0.050244 -0.141028 0.988025
1488.899771 489.936325 -56.354433 -2.501174 -0.037702 0.051822 -0.141182 0.987907
1488.999614 490.121989 -56.380162 -2.505358 -0.037266 0.053089 -0.141198 0.987854
1489.099446 490.314730 -56.405828 -2.510564 -0.038471 0.054601 -0.141187 0.987727
1489.199287 490.499396 -56.430988 -2.519044 -0.039373 0.056023 -0.141356 0.987588
1489.299134 490.679941 -56.456820 -2.529725 -0.041519 0.056403 -0.141459 0.987464
1489.399780 490.865515 -56.480179 -2.538828 -0.040806 0.056640 -0.141586 0.987461
1489.499613 491.051723 -56.504465 -2.536393 -0.035643 0.057308 -0.141229 0.987674
1489.599452 491.239174 -56.522537 -2.537227 -0.031199 0.057973 -0.141684 0.987720
1489.699291 491.402468 -56.543496 -2.541264 -0.029175 0.058269 -0.141802 0.987748
1489.799125 491.561999 -56.562757 -2.551081 -0.029391 0.057149 -0.141794 0.987808
1489.899767 491.737119 -56.583788 -2.563578 -0.029076 0.056727 -0.141780 0.987844
1489.999607 491.916252 -56.605346 -2.571419 -0.028513 0.058305 -0.141827 0.987761
1490.099449 492.101393 -56.627261 -2.576136 -0.028710 0.057265 -0.141714 0.987833
1490.199295 492.284846 -56.652527 -2.580685 -0.028738 0.056342 -0.141822 0.987869
1490.299128 492.474844 -56.677268 -2.584815 -0.028891 0.056714 -0.141818 0.987844
1490.399772 492.670303 -56.700947 -2.593457 -0.029316 0.055269 -0.141850 0.987909
1490.499613 492.852082 -56.727021 -2.599038 -0.029682 0.054762 -0.141795 0.987934
1490.599444 493.033001 -56.754612 -2.610207 -0.030511 0.057139 -0.142202 0.987716
1490.699290 493.210497 -56.780727 -2.613393 -0.037859 0.060245 -0.142241 0.987271
1490.799141 493.388715 -56.802549 -2.617464 -0.046159 0.061013 -0.142225 0.986873
1490.899779 493.552571 -56.822278 -2.623784 -0.051266 0.059091 -0.142046 0.986764
1490.999622 493.727649 -56.838603 -2.635127 -0.054893 0.055517 -0.141827 0.986808
1491.099459 493.909331 -56.848386 -2.648638 -0.055367 0.052073 -0.141776 0.986976
1491.199302 494.090092 -56.864396 -2.659922 -0.053687 0.050958 -0.141324 0.987192
1491.299135 494.279784 -56.882171 -2.667303 -0.043165 0.050652 -0.141527 0.987695
1491.399779 494.465491 -56.890720 -2.676820 -0.034959 0.049184 -0.141994 0.988027
1491.499624 494.646453 -56.897480 -2.688799 -0.031453 0.046003 -0.142149 0.988275
1491.599478 494.820947 -56.902748 -2.702096 -0.031236 0.040069 -0.142026 0.988558
1491.699315 494.987833 -56.908571 -2.715911 -0.032620 0.035949 -0.142028 0.988672
1491.799153 495.154432 -56.916835 -2.729305 -0.032487 0.036828 -0.141980 0.988650
1491.899790 495.315750 -56.922323 -2.739179 -0.032272 0.040213 -0.142142 0.988503
1491.999626 495.472810 -56.928114 -2.758456 -0.031376 0.043230 -0.142296 0.988382
1492.099468 495.638934 -56.932324 -2.788621 -0.030714 0.043907 -0.142528 0.988339
1492.199305 495.797947 -56.938555 -2.817492 -0.030050 0.043828 -0.142543 0.988361
1492.299145 495.943531 -56.947849 -2.837000 -0.030592 0.042956 -0.142470 0.988393
1492.399779 496.084099 -56.951251 -2.863412 -0.031241 0.042594 -0.142953 0.988319
1492.499620 496.223496 -56.960137 -2.890359 -0.030686 0.043812 -0.142901 0.988290
1492.599466 496.366273 -56.971119 -2.919029 -0.030797 0.045104 -0.142758 0.988250
1492.699304 496.513843 -56.982645 -2.947623 -0.030305 0.047017 -0.142795 0.988170
1492.799150 496.665387 -56.995566 -2.978057 -0.030347 0.050154 -0.143051 0.987978
1492.899780 496.819236 -57.007175 -3.007798 -0.030195 0.051856 -0.143129 0.987883
1492.999616 496.966451 -57.019731 -3.034091 -0.029343 0.052565 -0.143062 0.987881
1493.099446 497.120962 -57.035958 -3.064825 -0.029942 0.054864 -0.143054 0.987739
1493.199285 497.268767 -57.052099 -3.090999 -0.028652 0.061384 -0.143078 0.987390
1493.299129 497.414972 -57.067531 -3.110940 -0.027839 0.067878 -0.143112 0.986983
1493.399767 497.560895 -57.080917 -3.119494 -0.027488 0.071556 -0.143149 0.986728
1493.499625 497.705893 -57.093973 -3.125197 -0.029261 0.069500 -0.142783 0.986877
1493.599469 497.848631 -57.107415 -3.129648 -0.029940 0.064886 -0.142101 0.987269
1493.699296 497.979601 -57.128532 -3.137425 -0.028764 0.059713 -0.141682 0.987691
1493.799145 498.116127 -57.151625 -3.144977 -0.028582 0.056084 -0.141543 0.987929
1493.899791 498.265579 -57.174049 -3.149429 -0.029097 0.055254 -0.141769 0.987928
1493.999633 498.421335 -57.198732 -3.148778 -0.030221 0.055651 -0.141765 0.987873
1494.099473 498.584021 -57.222811 -3.147982 -0.029808 0.056715 -0.141789 0.987821
1494.199312 498.756653 -57.247073 -3.151209 -0.030287 0.056083 -0.141917 0.987824
1494.299144 498.930428 -57.276893 -3.156795 -0.029074 0.055851 -0.141719 0.987902
1494.399788 499.093404 -57.305061 -3.166765 -0.029531 0.055830 -0.142004 0.987849
1494.499638 499.251783 -57.332805 -3.171505 -0.028684 0.057623 -0.142321 0.987725
1494.599487 499.410527 -57.359319 -3.167759 -0.029234 0.058367 -0.142481 0.987643
1494.699322 499.569611 -57.386663 -3.162595 -0.029865 0.057016 -0.142470 0.987704
1494.799167 499.731178 -57.420003 -3.162206 -0.030743 0.055648 -0.142117 0.987806
1494.899792 499.885018 -57.448566 -3.171933 -0.030732 0.057616 -0.142420 0.987650
1494.999634 500.037779 -57.481467 -3.180222 -0.029744 0.062946 -0.142580 0.987332
1495.099471 500.192798 -57.509595 -3.194360 -0.029062 0.068878 -0.143008 0.986894
1495.199309 500.351880 -57.539397 -3.200580 -0.030436 0.068896 -0.143021 0.986849
1495.299134 500.514819 -57.568908 -3.200156 -0.035939 0.066911 -0.142970 0.986809
1495.399788 500.694333 -57.607300 -3.204207 -0.041332 0.063606 -0.142700 0.986855
1495.499634 500.871334 -57.646021 -3.215571 -0.044509 0.061213 -0.142578 0.986886
1495.599484 501.043048 -57.675417 -3.227752 -0.045226 0.059008 -0.142430 0.987009
1495.699315 501.209224 -57.700467 -3.238744 -0.041843 0.058301 -0.142387 0.987206
1495.799161 501.368822 -57.724115 -3.249464 -0.036496 0.058613 -0.142162 0.987432
1495.899785 501.525072 -57.752216 -3.266724 -0.032536 0.061180 -0.142367 0.987385
1495.999643 501.683307 -57.783616 -3.275268 -0.029871 0.064083 -0.142665 0.987242
1496.099485 501.862116 -57.813205 -3.286696 -0.030707 0.061428 -0.142646 0.987388
1496.199324 502.047054 -57.839813 -3.291876 -0.032450 0.056593 -0.142685 0.987616
1496.299166 502.230680 -57.866994 -3.297059 -0.032766 0.052548 -0.142444 0.987864
1496.399794 502.420717 -57.897213 -3.299186 -0.031201 0.050721 -0.142496 0.988002
1496.499631 502.597015 -57.928187 -3.303028 -0.029531 0.052811 -0.142757 0.987907
1496.599480 502.764391 -57.957876 -3.309512 -0.029973 0.055427 -0.142766 0.987749
1496.699313 502.930687 -57.984629 -3.313947 -0.030904 0.056644 -0.143222 0.987585
1496.799161 503.096767 -58.009161 -3.319672 -0.032737 0.055308 -0.143264 0.987595
1496.899802 503.265891 -58.042317 -3.329973 -0.036165 0.052177 -0.142973 0.987688
1496.999639 503.443253 -58.074667 -3.339540 -0.037552 0.048193 -0.143061 0.987826
1497.099470 503.616080 -58.105106 -3.349641 -0.041077 0.047899 -0.143200 0.987680
1497.199327 503.790767 -58.131671 -3.360934 -0.045559 0.048656 -0.143062 0.987467
1497.299167 503.966799 -58.158302 -3.374520 -0.047328 0.049008 -0.142883 0.987392
1497.399825 504.148234 -58.180830 -3.393628 -0.045790 0.048613 -0.143077 0.987456
1497.499681 504.322123 -58.203841 -3.412912 -0.044389 0.050551 -0.143141 0.987413
1497.599527 504.483504 -58.224995 -3.435980 -0.042393 0.053483 -0.142890 0.987383
1497.699381 504.633879 -58.237600 -3.460328 -0.042593 0.053734 -0.143092 0.987331
1497.799225 504.783743 -58.244267 -3.484942 -0.044991 0.053819 -0.143524 0.987158
1497.899458 504.941929 -58.253373 -3.511600 -0.047208 0.055407 -0.143726 0.986937
1497.999286 505.105616 -58.264556 -3.542306 -0.045823 0.056389 -0.143621 0.986962
1498.099129 505.278717 -58.276816 -3.572300 -0.045006 0.057164 -0.143952 0.986907
1498.199773 505.445260 -58.287655 -3.603466 -0.045513 0.058482 -0.143765 0.986833
1498.299590 505.620331 -58.292494 -3.632182 -0.045208 0.059563 -0.143586 0.986809
1498.399445 505.796568 -58.292001 -3.657772 -0.044292 0.060717 -0.143790 0.986750
1498.499285 505.975940 -58.293157 -3.681387 -0.043652 0.061898 -0.143869 0.986694
1498.599120 506.157853 -58.296967 -3.704072 -0.041443 0.062753 -0.144193 0.986688
1498.699758 506.331051 -58.299765 -3.715934 -0.038992 0.064181 -0.144056 0.986716
1498.799598 506.500223 -58.302132 -3.725777 -0.036010 0.066703 -0.144112 0.986654
1498.899443 506.668357 -58.297807 -3.736599 -0.035081 0.068134 -0.144373 0.986551
1498.999281 506.842236 -58.297334 -3.740984 -0.033481 0.071322 -0.144321 0.986389
1499.099124 507.012597 -58.297570 -3.752731 -0.033660 0.071634 -0.144602 0.986319
1499.199763 507.197093 -58.295986 -3.761730 -0.033482 0.070977 -0.144718 0.986356
1499.299620 507.380426 -58.296017 -3.770772 -0.030877 0.069844 -0.144670 0.986529
1499.399458 507.570144 -58.300327 -3.781621 -0.030175 0.065858 -0.144511 0.986848
1499.499295 507.768478 -58.306563 -3.783695 -0.030229 0.061930 -0.144383 0.987119
1499.599143 507.963314 -58.309923 -3.779616 -0.029949 0.058760 -0.144705 0.987274
1499.699791 508.156152 -58.316147 -3.776965 -0.028533 0.060627 -0.145037 0.987155
1499.799623 508.345654 -58.325008 -3.777809 -0.028559 0.064283 -0.145581 0.986842
1499.899467 508.541519 -58.338089 -3.781877 -0.032265 0.065926 -0.146137 0.986538
1499.999298 508.740365 -58.352811 -3.787818 -0.035319 0.061207 -0.146361 0.986704
1500.099148 508.930139 -58.362616 -3.799160 -0.033615 0.051814 -0.146166 0.987330
1500.199783 509.134581 -58.377300 -3.810639 -0.033264 0.044081 -0.146029 0.987738
1500.299614 509.333650 -58.392041 -3.821991 -0.032157 0.039910 -0.146107 0.987940
1500.399456 509.516998 -58.402645 -3.826030 -0.031911 0.040641 -0.146359 0.987881
1500.499292 509.677265 -58.409151 -3.827695 -0.033329 0.042717 -0.146422 0.987737
1500.599138 509.842500 -58.419658 -3.828660 -0.034969 0.043359 -0.146110 0.987699
1500.699785 510.015490 -58.430135 -3.834091 -0.035201 0.041496 -0.146098 0.987772
1500.799625 510.190828 -58.447401 -3.843471 -0.032328 0.039993 -0.145619 0.988003
1500.899466 510.371154 -58.461981 -3.852530 -0.029739 0.042118 -0.145576 0.988003
1500.999306 510.537948 -58.472273 -3.858931 -0.029134 0.043715 -0.145333 0.987987
1501.099167 510.705856 -58.483774 -3.863323 -0.029353 0.046976 -0.145276 0.987839
1501.199810 510.887702 -58.499205 -3.867274 -0.031479 0.050830 -0.145578 0.987539
1501.299657 511.066180 -58.520482 -3.876278 -0.031828 0.054429 -0.145823 0.987299
1501.399496 511.235196 -58.536182 -3.886300 -0.031408 0.056300 -0.145788 0.987213
1501.499342 511.411246 -58.549745 -3.890973 -0.029646 0.057459 -0.145872 0.987188
1501.599187 511.576440 -58.568038 -3.893435 -0.029233 0.057504 -0.146030 0.987175
1501.699836 511.749837 -58.590998 -3.899577 -0.029449 0.057338 -0.145928 0.987193
1501.799682 511.911255 -58.611214 -3.905272 -0.031069 0.055955 -0.146059 0.987203
1501.899525 512.073424 -58.629309 -3.907989 -0.031250 0.055592 -0.146149 0.987205
1501.999359 512.236948 -58.645334 -3.909371 -0.032332 0.055638 -0.146270 0.987149
1502.099193 512.390115 -58.664729 -3.918873 -0.029310 0.058973 -0.146459 0.987022
1502.199825 512.565316 -58.696885 -3.935898 -0.027746 0.063420 -0.146515 0.986783
1502.299669 512.727545 -58.722994 -3.945382 -0.027520 0.066204 -0.146344 0.986632
1502.399514 512.887817 -58.750649 -3.949616 -0.028113 0.068967 -0.146087 0.986464
1502.499356 513.061805 -58.774570 -3.954556 -0.028650 0.069806 -0.146294 0.986359
1502.599197 513.227331 -58.799799 -3.957270 -0.028315 0.068678 -0.146033 0.986487
1502.699443 513.392370 -58.827505 -3.961752 -0.028977 0.064311 -0.146014 0.986765
1502.799269 513.556908 -58.858480 -3.967953 -0.029011 0.056746 -0.145692 0.987275
1502.899514 513.722712 -58.889751 -3.975038 -0.028893 0.052804 -0.146071 0.987441
1502.999367 513.888966 -58.924040 -3.987190 -0.029225 0.050666 -0.146486 0.987482
1503.099203 514.053027 -58.956245 -3.991476 -0.029613 0.049091 -0.146147 0.987600
1503.199461 514.217024 -58.987700 -3.995686 -0.031703 0.048354 -0.145860 0.987614
1503.299315 514.396529 -59.021888 -4.008612 -0.033349 0.047823 -0.145708 0.987608
1503.399163 514.580412 -59.054414 -4.014093 -0.034184 0.049017 -0.145742 0.987516
1503.499794 514.768890 -59.090067 -4.016789 -0.034242 0.049905 -0.145655 0.987482
1503.599631 514.955666 -59.128601 -4.023685 -0.032661 0.049331 -0.145220 0.987629
1503.699479 515.136710 -59.166621 -4.030407 -0.031249 0.048850 -0.144886 0.987748
1503.799314 515.302395 -59.202846 -4.038402 -0.032314 0.047585 -0.144800 0.987788
1503.899163 515.470267 -59.234919 -4.043386 -0.035390 0.045296 -0.144984 0.987763
1503.999806 515.627179 -59.263509 -4.047141 -0.039426 0.043677 -0.144884 0.987698
1504.099635 515.773266 -59.291830 -4.054231 -0.036156 0.045899 -0.144519 0.987775
1504.199484 515.914493 -59.314269 -4.057309 -0.032749 0.048585 -0.144440 0.987777
1504.299330 516.060929 -59.341473 -4.057714 -0.032372 0.047678 -0.144731 0.987791
1504.399168 516.212205 -59.371302 -4.060543 -0.033928 0.044791 -0.145495 0.987762
1504.499809 516.367250 -59.408700 -4.063134 -0.034511 0.043553 -0.145789 0.987754
1504.599640 516.521794 -59.446035 -4.070196 -0.035470 0.044611 -0.146187 0.987614
1504.699479 516.674717 -59.477030 -4.078104 -0.033658 0.044085 -0.146426 0.987665
1504.799317 516.820532 -59.500558 -4.087664 -0.034716 0.042413 -0.146866 0.987637
1504.899162 516.963592 -59.527428 -4.092921 -0.032626 0.043286 -0.147335 0.987600
1504.999801 517.114765 -59.554768 -4.093136 -0.031417 0.044757 -0.147350 0.987572
1505.099635 517.261803 -59.583362 -4.095778 -0.030352 0.046183 -0.146462 0.987671
1505.199477 517.400569 -59.612645 -4.102977 -0.033067 0.048261 -0.144836 0.987725
1505.299322 517.538759 -59.642668 -4.111167 -0.031309 0.049804 -0.144381 0.987772
1505.399155 517.681894 -59.674114 -4.118140 -0.032431 0.050291 -0.144481 0.987696
1505.499794 517.829442 -59.706938 -4.124423 -0.032227 0.048986 -0.144696 0.987737
1505.599634 517.968370 -59.736911 -4.131474 -0.032688 0.046258 -0.144945 0.987817
1505.699477 518.094025 -59.766617 -4.131447 -0.036009 0.042547 -0.144670 0.987909
1505.799312 518.220559 -59.787861 -4.128120 -0.040287 0.042743 -0.143711 0.987875
1505.899147 518.348070 -59.809900 -4.130104 -0.040995 0.046649 -0.141387 0.988004
1505.999783 518.477235 -59.838611 -4.131629 -0.039710 0.049478 -0.137685 0.988442
1506.099623 518.597887 -59.870308 -4.138236 -0.035289 0.051528 -0.134458 0.988949
1506.199468 518.717280 -59.896182 -4.143360 -0.030821 0.049998 -0.132935 0.989383
1506.299306 518.832892 -59.918099 -4.144961 -0.032044 0.045495 -0.132881 0.989569
1506.399152 518.947427 -59.939853 -4.147113 -0.034932 0.041676 -0.131779 0.989786
1506.499790 519.060068 -59.961167 -4.142622 -0.035289 0.042321 -0.131037 0.989845
1506.599636 519.181214 -59.985948 -4.146783 -0.034061 0.042934 -0.129999 0.989998
1506.699473 519.301548 -60.012373 -4.155847 -0.032675 0.043695 -0.128657 0.990187
1506.799312 519.412642 -60.034188 -4.162271 -0.033959 0.043664 -0.127708 0.990268
1506.899159 519.527378 -60.056928 -4.164851 -0.034723 0.044484 -0.125981 0.990426
1506.999787 519.652149 -60.084729 -4.169210 -0.035918 0.043408 -0.124548 0.990613
1507.099633 519.776115 -60.113802 -4.169324 -0.035679 0.043147 -0.124309 0.990663
1507.199482 519.897933 -60.138458 -4.173843 -0.035445 0.044945 -0.124362 0.990585
1507.299314 520.030798 -60.162725 -4.177180 -0.034655 0.046833 -0.124351 0.990526
1507.399155 520.154761 -60.183589 -4.181302 -0.035349 0.046198 -0.124245 0.990545
1507.499784 520.271517 -60.207497 -4.184909 -0.035123 0.045342 -0.124420 0.990571
1507.599633 520.387291 -60.237206 -4.185932 -0.034782 0.045620 -0.124158 0.990603
1507.699476 520.495949 -60.262848 -4.187367 -0.035515 0.044099 -0.123781 0.990693
1507.799332 520.597407 -60.284365 -4.189680 -0.036222 0.044632 -0.123523 0.990676
1507.899166 520.697450 -60.305131 -4.198611 -0.034231 0.042534 -0.124030 0.990775
1507.999817 520.791375 -60.324308 -4.213308 -0.031007 0.042068 -0.125070 0.990771
1508.099660 520.884602 -60.341879 -4.212529 -0.030485 0.043903 -0.126099 0.990577
1508.199510 520.986683 -60.357266 -4.200839 -0.032556 0.045874 -0.126875 0.990322
1508.299351 521.095427 -60.377604 -4.191278 -0.034111 0.047699 -0.127173 0.990146
1508.399190 521.194502 -60.398032 -4.192696 -0.034836 0.049067 -0.127060 0.990068
1508.499822 521.292498 -60.424829 -4.201620 -0.036185 0.047838 -0.125980 0.990218
1508.599660 521.390999 -60.447691 -4.214249 -0.036900 0.044869 -0.125129 0.990438
1508.699483 521.492764 -60.466434 -4.224695 -0.035611 0.030685 -0.123883 0.991183
1508.799339 521.598468 -60.485141 -4.225603 -0.035576 0.030391 -0.124686 0.991092
1508.899190 521.696796 -60.507547 -4.222147 -0.034658 0.039182 -0.124850 0.990796
1508.999837 521.780197 -60.522385 -4.209237 -0.034817 0.047959 -0.125107 0.990372
1509.099687 521.853835 -60.536756 -4.208372 -0.034409 0.050648 -0.125113 0.990251
1509.199530 521.930794 -60.551572 -4.216437 -0.033002 0.047752 -0.124486 0.990522
1509.299371 522.007702 -60.565086 -4.228389 -0.031908 0.043009 -0.124097 0.990824
1509.399195 522.087054 -60.580174 -4.235826 -0.032181 0.041815 -0.123896 0.990891
1509.499835 522.178696 -60.598202 -4.239462 -0.032277 0.047052 -0.124038 0.990636
1509.599683 522.278611 -60.619834 -4.234594 -0.035293 0.050982 -0.124133 0.990326
1509.699521 522.372153 -60.640362 -4.228422 -0.036746 0.050135 -0.124084 0.990323
1509.799364 522.455655 -60.659085 -4.227172 -0.037177 0.046338 -0.123918 0.990513
1509.899202 522.535888 -60.675192 -4.228308 -0.036542 0.043330 -0.123922 0.990672
1509.999434 522.616434 -60.692350 -4.236084 -0.035578 0.042592 -0.124133 0.990712
1510.099290 522.702279 -60.708287 -4.241593 -0.034480 0.044541 -0.124592 0.990608
1510.199129 522.788998 -60.722963 -4.244838 -0.034478 0.045843 -0.124697 0.990535
1510.299788 522.875231 -60.740350 -4.250079 -0.033395 0.046719 -0.124504 0.990556
1510.399626 522.958146 -60.760022 -4.256497 -0.034369 0.047635 -0.124430 0.990488
1510.499459 523.048062 -60.779687 -4.263175 -0.034694 0.047882 -0.124820 0.990416
1510.599301 523.138132 -60.801204 -4.270724 -0.033336 0.048081 -0.124964 0.990435
1510.699140 523.220585 -60.819099 -4.280798 -0.031495 0.049690 -0.125065 0.990403
1510.799790 523.296724 -60.834214 -4.287721 -0.030830 0.050866 -0.124965 0.990377
1510.899629 523.370456 -60.849702 -4.292520 -0.031522 0.049430 -0.125006 0.990422
1510.999475 523.446575 -60.868826 -4.296104 -0.033316 0.046165 -0.124764 0.990552
1511.099335 523.519205 -60.889039 -4.301032 -0.033500 0.044593 -0.124752 0.990619
1511.199185 523.592615 -60.906740 -4.298531 -0.033446 0.044910 -0.124842 0.990595
1511.299815 523.670039 -60.926016 -4.299562 -0.034483 0.045712 -0.124747 0.990535
1511.399653 523.745121 -60.945572 -4.303116 -0.035201 0.046103 -0.124483 0.990525
1511.499492 523.827880 -60.962417 -4.303569 -0.037653 0.046604 -0.124589 0.990398
1511.599330 523.908245 -60.981021 -4.299140 -0.037257 0.045560 -0.124513 0.990471
1511.699174 523.982567 -60.996726 -4.296835 -0.037000 0.044701 -0.124756 0.990489
1511.799828 524.053112 -61.013852 -4.301067 -0.036180 0.045088 -0.124717 0.990507
1511.899663 524.128235 -61.032365 -4.309236 -0.035105 0.046209 -0.124931 0.990467
1511.999501 524.219184 -61.051803 -4.315396 -0.036414 0.046453 -0.124854 0.990418
1512.099346 524.308285 -61.070934 -4.316063 -0.039029 0.045880 -0.124491 0.990391
1512.199202 524.382555 -61.083643 -4.311200 -0.041368 0.044588 -0.124354 0.990372
1512.299454 524.456024 -61.096339 -4.305898 -0.040980 0.044290 -0.124387 0.990397
1512.399296 524.529906 -61.110905 -4.310824 -0.039503 0.045214 -0.124163 0.990444
1512.499125 524.604257 -61.126913 -4.318034 -0.038733 0.046276 -0.124225 0.990417
1512.599764 524.682369 -61.139790 -4.322458 -0.039086 0.048739 -0.124112 0.990299
1512.699604 524.758489 -61.148939 -4.320074 -0.039845 0.050904 -0.123864 0.990191
1512.799454 524.833552 -61.156376 -4.318422 -0.040295 0.051721 -0.123615 0.990162
1512.899297 524.895424 -61.160636 -4.321543 -0.041620 0.051825 -0.123521 0.990113
1512.999133 524.956695 -61.161653 -4.326601 -0.040175 0.053637 -0.123820 0.990039
1513.099754 525.024403 -61.164736 -4.331041 -0.037548 0.055643 -0.123984 0.990011
1513.199594 525.105430 -61.173831 -4.328884 -0.035167 0.057897 -0.124191 0.989943
1513.299429 525.186859 -61.182526 -4.325592 -0.033201 0.058654 -0.124824 0.989887
1513.399259 525.269191 -61.183398 -4.327134 -0.033170 0.058739 -0.125195 0.989836
1513.499488 525.364310 -61.185319 -4.331773 -0.034442 0.060729 -0.125597 0.989622
1513.599330 525.455536 -61.192824 -4.340247 -0.034492 0.061872 -0.125769 0.989527
1513.699192 525.544952 -61.196665 -4.343777 -0.032558 0.062491 -0.126481 0.989463
1513.799834 525.636247 -61.200705 -4.347695 -0.030403 0.063019 -0.127043 0.989426
1513.899679 525.725255 -61.212226 -4.349946 -0.030025 0.060487 -0.126152 0.989710
1513.999524 525.818990 -61.225723 -4.349877 -0.031697 0.058571 -0.125308 0.989880
1514.099361 525.918125 -61.236254 -4.352403 -0.033548 0.059920 -0.125057 0.989770
1514.199199 526.014364 -61.243335 -4.354581 -0.033131 0.063767 -0.125094 0.989539
1514.299434 526.123724 -61.252578 -4.360476 -0.033318 0.067152 -0.125177 0.989298
1514.399281 526.247789 -61.264635 -4.370259 -0.035070 0.066976 -0.125568 0.989200
1514.499128 526.366848 -61.275824 -4.374291 -0.035726 0.065129 -0.125712 0.989282
1514.599768 526.479975 -61.287542 -4.377408 -0.035899 0.063913 -0.125348 0.989401
1514.699615 526.592603 -61.300230 -4.377722 -0.036407 0.064969 -0.125409 0.989306
1514.799447 526.710431 -61.313707 -4.379818 -0.034654 0.065724 -0.125160 0.989350
1514.899299 526.828339 -61.328140 -4.389466 -0.035500 0.066765 -0.124686 0.989311
1514.999134 526.945223 -61.337803 -4.396682 -0.039807 0.066962 -0.124808 0.989118
1515.099776 527.079611 -61.350312 -4.400632 -0.042770 0.064859 -0.124835 0.989131
1515.199617 527.218181 -61.360760 -4.400411 -0.046362 0.063566 -0.125089 0.989021
1515.299468 527.355085 -61.367679 -4.401220 -0.047088 0.063536 -0.125390 0.988951
1515.399309 527.491334 -61.377298 -4.408286 -0.046167 0.062317 -0.124932 0.989130
1515.499152 527.626005 -61.383152 -4.415237 -0.047042 0.060830 -0.124757 0.989203
1515.599794 527.748787 -61.385658 -4.421040 -0.049245 0.060992 -0.124886 0.989069
1515.699631 527.875898 -61.385259 -4.429208 -0.048828 0.060177 -0.125135 0.989109
1515.799467 528.010272 -61.384675 -4.433245 -0.048146 0.060024 -0.125145 0.989150
1515.899309 528.143747 -61.381725 -4.442033 -0.043936 0.058841 -0.124815 0.989459
1515.999173 528.284105 -61.383483 -4.452391 -0.038122 0.059599 -0.124333 0.989715
1516.099812 528.432761 -61.382637 -4.453480 -0.037423 0.060366 -0.123855 0.989755
1516.199643 528.568900 -61.375584 -4.453805 -0.040556 0.059813 -0.123952 0.989653
1516.299495 528.704356 -61.368413 -4.459366 -0.037725 0.058768 -0.124283 0.989786
1516.399336 528.845834 -61.360341 -4.467363 -0.038689 0.059370 -0.124668 0.989665
1516.499181 528.993595 -61.355251 -4.473435 -0.039591 0.061416 -0.125163 0.989442
1516.599822 529.143766 -61.354607 -4.476732 -0.036962 0.061897 -0.125476 0.989474
1516.699669 529.296817 -61.358478 -4.482775 -0.032329 0.059825 -0.125480 0.989763
1516.799508 529.444259 -61.357999 -4.490105 -0.031147 0.054785 -0.125382 0.990105
1516.899349 529.597288 -61.354021 -4.498989 -0.030227 0.052387 -0.125367 0.990265
1516.999184 529.761308 -61.353999 -4.502611 -0.031938 0.052504 -0.125017 0.990249
1517.099826 529.913224 -61.354073 -4.509705 -0.034342 0.052948 -0.124852 0.990166
1517.199680 530.062745 -61.356853 -4.518522 -0.033169 0.052923 -0.125037 0.990184
1517.299523 530.205723 -61.361338 -4.526824 -0.031122 0.052365 -0.125085 0.990274
1517.399367 530.350761 -61.365789 -4.536105 -0.029735 0.049687 -0.125066 0.990457
1517.499198 530.494885 -61.368908 -4.540810 -0.030969 0.048136 -0.125006 0.990504
1517.599440 530.634977 -61.370611 -4.541023 -0.034690 0.046911 -0.124932 0.990448
1517.699285 530.773113 -61.377919 -4.546168 -0.035632 0.050139 -0.124797 0.990274
1517.799124 530.913931 -61.388605 -4.553166 -0.031422 0.052027 -0.125035 0.990289
1517.899767 531.055215 -61.398442 -4.559146 -0.027927 0.049001 -0.125652 0.990470
1517.999599 531.196747 -61.403719 -4.558099 -0.027157 0.044815 -0.126181 0.990622
1518.099442 531.339468 -61.407983 -4.554535 -0.029077 0.042455 -0.126235 0.990665
1518.199297 531.475463 -61.416627 -4.552939 -0.031568 0.043685 -0.125866 0.990582
1518.299134 531.619407 -61.429846 -4.561475 -0.033821 0.046699 -0.125939 0.990361
1518.399771 531.769053 -61.445529 -4.574166 -0.034045 0.047954 -0.126036 0.990281
1518.499607 531.907629 -61.457964 -4.584885 -0.033728 0.046942 -0.126034 0.990340
1518.599461 532.037276 -61.466623 -4.592691 -0.033398 0.045003 -0.125908 0.990458
1518.699301 532.178973 -61.475338 -4.598014 -0.032816 0.042740 -0.125749 0.990598
1518.799133 532.319515 -61.485723 -4.601198 -0.031981 0.042258 -0.125732 0.990648
1518.899781 532.453227 -61.492813 -4.599531 -0.032044 0.045301 -0.126111 0.990463
1518.999618 532.576295 -61.506930 -4.601341 -0.031875 0.048298 -0.126077 0.990331
1519.099440 532.686622 -61.520156 -4.606896 -0.032441 0.049972 -0.126006 0.990239
1519.199282 532.795574 -61.534491 -4.612798 -0.032970 0.048423 -0.126424 0.990245
1519.299116 532.910508 -61.547915 -4.620691 -0.032260 0.044761 -0.126508 0.990430
1519.399751 533.023768 -61.566250 -4.626729 -0.030569 0.041211 -0.126955 0.990580
1519.499592 533.135817 -61.581042 -4.629943 -0.028678 0.040392 -0.129590 0.990330
1519.599423 533.253756 -61.600400 -4.636084 -0.029887 0.038217 -0.132190 0.990036
1519.699262 533.370229 -61.616239 -4.639855 -0.034355 0.040270 -0.134146 0.989547
1519.799504 533.488610 -61.626771 -4.645874 -0.034907 0.042903 -0.134253 0.989402
1519.899351 533.606088 -61.639883 -4.644209 -0.032450 0.043599 -0.133837 0.989512
1519.999191 533.737144 -61.662532 -4.642649 -0.030999 0.044512 -0.133521 0.989561
1520.099830 533.860711 -61.683958 -4.641765 -0.035596 0.046094 -0.134199 0.989242
1520.199653 533.961576 -61.703209 -4.641173 -0.035854 0.048255 -0.134833 0.989043
1520.299496 534.051476 -61.716593 -4.654434 -0.034635 0.049467 -0.134984 0.989006
1520.399319 534.146507 -61.732542 -4.662353 -0.031796 0.050200 -0.134642 0.989111
1520.499159 534.241252 -61.750323 -4.663682 -0.032937 0.050610 -0.134349 0.989093
1520.599792 534.340925 -61.770314 -4.664005 -0.034948 0.050920 -0.134478 0.988990
1520.699639 534.439290 -61.785635 -4.661370 -0.033973 0.054180 -0.134699 0.988821
1520.799489 534.535676 -61.800569 -4.661328 -0.033451 0.054942 -0.134387 0.988839
1520.899316 534.632169 -61.817326 -4.666616 -0.032106 0.054375 -0.134545 0.988893
1520.999154 534.733700 -61.835886 -4.681852 -0.031023 0.053629 -0.134403 0.988988
1521.099796 534.834017 -61.860674 -4.697521 -0.032692 0.056705 -0.134337 0.988772
1521.199635 534.935254 -61.881652 -4.712123 -0.033795 0.059245 -0.134572 0.988554
1521.299483 535.044148 -61.898677 -4.724617 -0.033227 0.060935 -0.134779 0.988442
1521.399323 535.149731 -61.919097 -4.735936 -0.032716 0.061014 -0.134874 0.988441
1521.499154 535.251754 -61.939546 -4.749110 -0.032906 0.059699 -0.134870 0.988516
1521.599809 535.372793 -61.966143 -4.770371 -0.033058 0.057086 -0.134722 0.988685
1521.699660 535.490231 -61.992337 -4.793183 -0.033327 0.055891 -0.134726 0.988744
1521.799485 535.609809 -62.018637 -4.818194 -0.034125 0.055144 -0.134764 0.988753
1521.899306 535.728441 -62.040428 -4.839620 -0.033882 0.055458 -0.134996 0.988713
1521.999155 535.831336 -62.065576 -4.861123 -0.032607 0.055704 -0.134578 0.988799
1522.099795 535.933900 -62.089501 -4.874276 -0.032687 0.056764 -0.134259 0.988779
1522.199635 536.047701 -62.113553 -4.889606 -0.033850 0.056715 -0.134428 0.988720
1522.299466 536.157342 -62.140380 -4.912271 -0.034320 0.058324 -0.134757 0.988565
1522.399300 536.276331 -62.169240 -4.933396 -0.034026 0.059624 -0.134966 0.988469
1522.499137 536.385521 -62.194169 -4.955486 -0.034712 0.060507 -0.134972 0.988391
1522.599767 536.495450 -62.221223 -4.966224 -0.033562 0.062021 -0.135492 0.988266
1522.699608 536.606958 -62.250657 -4.968663 -0.030406 0.060643 -0.135489 0.988454
1522.799450 536.718120 -62.277894 -4.973680 -0.030457 0.056497 -0.135386 0.988712
1522.899289 536.836216 -62.305341 -4.981405 -0.033082 0.054925 -0.134258 0.988870
1522.999139 536.948892 -62.329966 -4.990372 -0.033890 0.057219 -0.132308 0.988975
1523.099779 537.071489 -62.358103 -5.001652 -0.034062 0.059029 -0.131774 0.988934
1523.199634 537.196456 -62.390234 -4.997981 -0.034293 0.059457 -0.131744 0.988905
1523.299474 537.326307 -62.420350 -4.991381 -0.035517 0.056117 -0.131618 0.989073
1523.399321 537.459593 -62.451691 -4.989266 -0.035237 0.052306 -0.131738 0.989276
1523.499157 537.598211 -62.482061 -4.995465 -0.035178 0.051066 -0.131969 0.989312
1523.599811 537.732819 -62.515204 -5.003701 -0.033792 0.052599 -0.131882 0.989292
1523.699658 537.847779 -62.549310 -5.011582 -0.032629 0.055019 -0.131809 0.989209
1523.799476 537.962929 -62.582669 -5.010432 -0.032517 0.057672 -0.131905 0.989049
1523.899316 538.087740 -62.610594 -5.011326 -0.033325 0.058786 -0.131891 0.988958
1523.999153 538.198003 -62.637940 -5.011467 -0.033643 0.058681 -0.131794 0.988967
1524.099769 538.318725 -62.665727 -5.013610 -0.034785 0.059206 -0.131593 0.988923
1524.199613 538.445239 -62.695574 -5.020371 -0.037114 0.057291 -0.131104 0.989016
1524.299460 538.578895 -62.732891 -5.028874 -0.039242 0.055749 -0.131123 0.989019
1524.399311 538.709727 -62.772023 -5.044199 -0.038835 0.053807 -0.131593 0.989080
1524.499157 538.837225 -62.805570 -5.058313 -0.039755 0.052481 -0.132248 0.989028
1524.599787 538.976480 -62.831876 -5.057096 -0.039040 0.053095 -0.133165 0.988900
1524.699614 539.118040 -62.855462 -5.046570 -0.040016 0.053963 -0.133180 0.988812
1524.799461 539.255060 -62.881338 -5.047842 -0.043348 0.056539 -0.133254 0.988518
1524.899300 539.394996 -62.910904 -5.060572 -0.046390 0.060429 -0.132828 0.988207
1524.999131 539.526343 -62.939690 -5.071314 -0.047118 0.060515 -0.132075 0.988268
1525.099764 539.662103 -62.966092 -5.077140 -0.047032 0.058457 -0.131083 0.988528
1525.199611 539.808616 -62.986088 -5.070759 -0.046430 0.058675 -0.130688 0.988596
1525.299453 539.953698 -63.001650 -5.065807 -0.041659 0.058226 -0.131280 0.988757
1525.399290 540.092869 -63.019512 -5.068093 -0.034834 0.056211 -0.131948 0.989048
1525.499125 540.221654 -63.034235 -5.070272 -0.031513 0.053517 -0.132895 0.989182
1525.599746 540.350023 -63.052413 -5.077116 -0.035359 0.051454 -0.133487 0.989082
1525.699576 540.479344 -63.070775 -5.087176 -0.042163 0.051981 -0.133824 0.988742
1525.799399 540.609249 -63.086681 -5.089422 -0.043547 0.052348 -0.133168 0.988752
1525.899241 540.736342 -63.099072 -5.089458 -0.045995 0.052732 -0.132772 0.988674
1525.999482 540.873581 -63.108346 -5.095796 -0.046180 0.053354 -0.132398 0.988682
1526.099323 541.005851 -63.118459 -5.104013 -0.044574 0.054467 -0.131855 0.988767
1526.199166 541.147726 -63.129248 -5.108555 -0.043786 0.055635 -0.131694 0.988759
1526.299813 541.293269 -63.138068 -5.109630 -0.042325 0.055582 -0.131930 0.988794
1526.399644 541.426965 -63.149899 -5.109924 -0.040513 0.053748 -0.132138 0.988944
1526.499480 541.560446 -63.158258 -5.113047 -0.041333 0.052618 -0.132727 0.988892
1526.599324 541.693849 -63.164798 -5.119201 -0.039822 0.051873 -0.132833 0.988979
1526.699160 541.836003 -63.171787 -5.129295 -0.036464 0.052278 -0.132907 0.989077
1526.799799 541.976747 -63.180663 -5.141439 -0.033497 0.052385 -0.132772 0.989194
1526.899632 542.117618 -63.187261 -5.145547 -0.033236 0.051635 -0.132570 0.989270
1526.999463 542.257688 -63.191392 -5.146736 -0.034566 0.049580 -0.132663 0.989317
1527.099303 542.395900 -63.193900 -5.150485 -0.034936 0.047778 -0.132655 0.989393
1527.199146 542.523744 -63.201584 -5.154249 -0.033789 0.049229 -0.132315 0.989408
1527.299784 542.646696 -63.214853 -5.161185 -0.030720 0.049245 -0.131928 0.989559
1527.399641 542.774575 -63.226789 -5.167032 -0.029092 0.047732 -0.131764 0.989704
1527.499487 542.909196 -63.234306 -5.169536 -0.030762 0.050024 -0.131715 0.989547
1527.599342 543.047702 -63.244200 -5.170350 -0.032179 0.051865 -0.131788 0.989397
1527.699188 543.190387 -63.259023 -5.175685 -0.033179 0.054510 -0.132257 0.989159
1527.799825 543.332349 -63.273826 -5.185992 -0.031475 0.056773 -0.132758 0.989020
1527.899666 543.467090 -63.286906 -5.189102 -0.031331 0.057228 -0.132979 0.988969
1527.999498 543.594992 -63.298715 -5.193328 -0.033912 0.055994 -0.133058 0.988944
1528.099337 543.725855 -63.309614 -5.196480 -0.035237 0.054196 -0.132706 0.989045
1528.199164 543.859021 -63.324579 -5.201713 -0.034972 0.054444 -0.132586 0.989057
1528.299795 543.988657 -63.344185 -5.211649 -0.034537 0.056490 -0.132603 0.988955
1528.399643 544.121250 -63.365151 -5.220014 -0.033655 0.059729 -0.132789 0.988770
1528.499486 544.255521 -63.380727 -5.221144 -0.035540 0.061516 -0.133039 0.988561
1528.599320 544.384353 -63.391051 -5.222443 -0.039976 0.060494 -0.133219 0.988431
1528.699152 544.520522 -63.405667 -5.225200 -0.045051 0.058279 -0.132736 0.988410
1528.799791 544.647423 -63.421877 -5.231309 -0.050361 0.057749 -0.132268 0.988248
1528.899638 544.776244 -63.437100 -5.240890 -0.052609 0.057586 -0.132037 0.988171
1528.999485 544.919280 -63.450477 -5.243536 -0.051326 0.060193 -0.131954 0.988094
1529.099326 545.068029 -63.458179 -5.246616 -0.047850 0.063716 -0.132350 0.987995
1529.199171 545.206438 -63.463646 -5.254146 -0.044834 0.065793 -0.132495 0.987981
1529.299802 545.342614 -63.466370 -5.260926 -0.042745 0.066068 -0.132493 0.988055
1529.399641 545.482345 -63.467840 -5.266680 -0.040307 0.066774 -0.132760 0.988075
1529.499488 545.625383 -63.470014 -5.274293 -0.034868 0.068711 -0.132950 0.988123
1529.599317 545.773498 -63.475026 -5.281186 -0.031233 0.069842 -0.133191 0.988133
1529.699167 545.929885 -63.483701 -5.286306 -0.032322 0.070047 -0.133671 0.988019
1529.799802 546.088008 -63.490795 -5.288810 -0.033467 0.069944 -0.133937 0.987952
1529.899655 546.249868 -63.496130 -5.297031 -0.034970 0.070359 -0.133870 0.987879
1529.999491 546.409867 -63.504222 -5.304295 -0.036113 0.072252 -0.133703 0.987724
1530.099328 546.577779 -63.514294 -5.311291 -0.034970 0.074076 -0.133155 0.987704
1530.199173 546.746544 -63.525875 -5.314478 -0.033647 0.074476 -0.132672 0.987785
1530.299811 546.909334 -63.539900 -5.314558 -0.037212 0.074904 -0.132385 0.987663
1530.399647 547.080477 -63.554588 -5.323247 -0.036805 0.074875 -0.132486 0.987667
1530.499479 547.257712 -63.571117 -5.335474 -0.033688 0.073010 -0.132166 0.987961
1530.599338 547.431728 -63.584955 -5.345591 -0.031848 0.072279 -0.132585 0.988020
1530.699174 547.612231 -63.599679 -5.356639 -0.035056 0.072282 -0.133087 0.987843
1530.799812 547.801022 -63.615591 -5.365372 -0.036764 0.070747 -0.133754 0.987802
1530.899647 547.994382 -63.632429 -5.362127 -0.037375 0.072801 -0.134113 0.987581
1530.999482 548.184604 -63.650598 -5.356850 -0.035874 0.075116 -0.134298 0.987439
1531.099331 548.373755 -63.670817 -5.359491 -0.033616 0.073701 -0.134793 0.987557
1531.199168 548.564521 -63.690548 -5.377257 -0.032992 0.068746 -0.134889 0.987922
1531.299802 548.756017 -63.713237 -5.392194 -0.033812 0.069421 -0.134506 0.987900
1531.399635 548.948960 -63.736330 -5.400205 -0.035123 0.071206 -0.134371 0.987745
1531.499469 549.141478 -63.757969 -5.407633 -0.037022 0.073075 -0.134148 0.987570
1531.599319 549.332481 -63.777739 -5.412207 -0.037897 0.073505 -0.134129 0.987507
1531.699162 549.528946 -63.799892 -5.416697 -0.038366 0.074628 -0.134242 0.987389
1531.799797 549.730980 -63.825540 -5.429023 -0.039235 0.074547 -0.133731 0.987431
1531.899632 549.947865 -63.850455 -5.429885 -0.039369 0.075428 -0.133545 0.987384
1531.999490 550.171719 -63.874704 -5.430709 -0.039537 0.076154 -0.133379 0.987344
1532.099311 550.383711 -63.896492 -5.439212 -0.040408 0.075165 -0.133343 0.987389
1532.199151 550.598696 -63.922558 -5.448132 -0.038627 0.072454 -0.133321 0.987666
1532.299777 550.821872 -63.946064 -5.458093 -0.039631 0.070077 -0.133021 0.987838
1532.399625 551.046072 -63.969320 -5.465603 -0.040323 0.069019 -0.133091 0.987875
1532.499454 551.269920 -63.992959 -5.474123 -0.036992 0.071500 -0.133077 0.987831
1532.599284 551.487442 -64.017560 -5.483681 -0.036187 0.073135 -0.133513 0.987682
1532.699127 551.694256 -64.038925 -5.487479 -0.036582 0.072838 -0.133324 0.987715
1532.799765 551.893778 -64.055330 -5.491265 -0.036216 0.069411 -0.133478 0.987955
1532.899600 552.109929 -64.074453 -5.500381 -0.036243 0.066078 -0.133659 0.988158
1532.999448 552.344103 -64.099841 -5.510790 -0.036700 0.064508 -0.133749 0.988232
1533.099281 552.579879 -64.129175 -5.523560 -0.036430 0.065813 -0.133817 0.988147
1533.199103 552.805670 -64.159119 -5.534135 -0.034372 0.066701 -0.133685 0.988179
1533.299746 553.029563 -64.186784 -5.545597 -0.033093 0.065291 -0.133557 0.988334
1533.399584 553.246121 -64.206417 -5.558818 -0.034533 0.064799 -0.133512 0.988323
1533.499431 553.469887 -64.228507 -5.574989 -0.035699 0.062193 -0.133569 0.988442
1533.599275 553.692284 -64.254912 -5.593193 -0.036226 0.056663 -0.133308 0.988790
1533.699508 553.915970 -64.281417 -5.607829 -0.035666 0.051341 -0.133326 0.989099
1533.799345 554.136865 -64.308134 -5.621878 -0.035199 0.048428 -0.133423 0.989249
1533.899190 554.356921 -64.335920 -5.629693 -0.035345 0.045904 -0.133479 0.989357
1533.999819 554.580127 -64.363938 -5.640714 -0.034897 0.043244 -0.133875 0.989439
1534.099654 554.792787 -64.390475 -5.652910 -0.035168 0.042420 -0.134052 0.989441
1534.199493 554.993870 -64.416920 -5.689222 -0.036143 0.039976 -0.134024 0.989512
1534.299341 555.182149 -64.441500 -5.663240 -0.037642 0.021095 -0.133495 0.990110
1534.399176 555.351856 -64.467230 -5.651240 -0.036003 -0.055370 -0.130492 0.989247
1534.499814 555.514921 -64.486103 -5.640888 -0.034353 -0.098994 -0.128666 0.986136
1534.599656 555.647941 -64.502413 -5.646126 -0.032708 -0.088388 -0.129796 0.987052
1534.699480 555.749200 -64.515622 -5.677826 -0.034326 -0.058403 -0.130979 0.989068
1534.799320 555.826148 -64.520391 -5.728229 -0.034835 -0.025480 -0.132029 0.990306
1534.899166 555.887584 -64.523572 -5.745873 -0.036150 -0.004186 -0.132568 0.990506
1534.999809 555.949081 -64.529367 -5.743736 -0.036869 0.007679 -0.133166 0.990378
1535.099658 555.999330 -64.537698 -5.744230 -0.035390 0.017906 -0.133688 0.990229
1535.199502 556.035147 -64.547034 -5.750695 -0.034371 0.029483 -0.134072 0.989936
1535.299342 556.071311 -64.551491 -5.764671 -0.034924 0.037452 -0.134726 0.989559
1535.399189 556.115031 -64.555163 -5.785112 -0.034990 0.042243 -0.135144 0.989307
1535.499826 556.153775 -64.561844 -5.796166 -0.034616 0.045176 -0.135080 0.989199
1535.599664 556.191469 -64.571803 -5.805396 -0.033693 0.048517 -0.135287 0.989044
1535.699497 556.231134 -64.580620 -5.819493 -0.032613 0.052721 -0.135460 0.988842
1535.799333 556.267530 -64.588905 -5.844141 -0.033243 0.056650 -0.135708 0.988569
1535.899173 556.305462 -64.594581 -5.866314 -0.033290 0.059100 -0.135925 0.988394
1535.999815 556.340119 -64.605276 -5.887008 -0.033544 0.060417 -0.135619 0.988348
1536.099653 556.385293 -64.620347 -5.909187 -0.033664 0.061329 -0.135745 0.988271
1536.199493 556.431581 -64.632967 -5.933323 -0.033031 0.063527 -0.135969 0.988122
1536.299327 556.470523 -64.647065 -5.957245 -0.032260 0.067718 -0.135997 0.987866
1536.399162 556.520381 -64.662543 -5.982926 -0.031460 0.071611 -0.135975 0.987620
1536.499804 556.584156 -64.678143 -6.009935 -0.031185 0.075063 -0.136049 0.987362
1536.599642 556.645729 -64.691104 -6.032341 -0.031936 0.074387 -0.135936 0.987405
1536.699488 556.708523 -64.707761 -6.047665 -0.031291 0.072719 -0.135997 0.987541
1536.799323 556.780983 -64.726042 -6.053312 -0.031579 0.072062 -0.136125 0.987562
1536.899149 556.853490 -64.748834 -6.056910 -0.031736 0.073762 -0.136250 0.987415
1536.999792 556.920033 -64.769685 -6.066226 -0.031595 0.075892 -0.136180 0.987268
1537.099634 556.979116 -64.788770 -6.076725 -0.031140 0.077053 -0.136279 0.987178
1537.199478 557.044165 -64.810632 -6.081903 -0.031666 0.076585 -0.136310 0.987194
1537.299310 557.131127 -64.833887 -6.079333 -0.030789 0.076069 -0.136544 0.987229
1537.399148 557.224084 -64.858341 -6.070880 -0.030328 0.076394 -0.136756 0.987189
1537.499795 557.318706 -64.884712 -6.069255 -0.030338 0.077176 -0.136687 0.987137
1537.599652 557.425327 -64.915761 -6.076709 -0.030447 0.078023 -0.136571 0.987083
1537.699483 557.537995 -64.951282 -6.086993 -0.030211 0.080183 -0.136685 0.986902
1537.799323 557.662962 -64.985882 -6.094682 -0.030810 0.078898 -0.136428 0.987022
1537.899158 557.788440 -65.013606 -6.101032 -0.030688 0.076021 -0.136375 0.987259
1537.999793 557.912039 -65.052674 -6.104252 -0.033192 0.072766 -0.135866 0.987494
1538.099622 558.032237 -65.093443 -6.099656 -0.032882 0.072793 -0.135424 0.987563
1538.199459 558.160167 -65.134459 -6.097300 -0.033003 0.073250 -0.135242 0.987550
1538.299302 558.294648 -65.177419 -6.104413 -0.034293 0.072471 -0.135153 0.987576
1538.399133 558.426919 -65.209582 -6.110412 -0.035042 0.073648 -0.135163 0.987461
1538.499766 558.552306 -65.241454 -6.110153 -0.034891 0.076347 -0.135767 0.987178
1538.599620 558.684426 -65.283081 -6.107896 -0.034600 0.078504 -0.135831 0.987011
1538.699464 558.824463 -65.333551 -6.111414 -0.033747 0.077089 -0.135906 0.987141
1538.799301 558.975273 -65.384697 -6.117340 -0.032452 0.076209 -0.135936 0.987249
1538.899146 559.136210 -65.431168 -6.120623 -0.033382 0.074012 -0.135770 0.987408
1538.999793 559.298388 -65.473558 -6.120799 -0.037493 0.071662 -0.135641 0.987451
1539.099629 559.453578 -65.516003 -6.123193 -0.043992 0.070192 -0.135104 0.987362
1539.199471 559.619992 -65.561364 -6.131566 -0.048770 0.069821 -0.134705 0.987219
1539.299315 559.792440 -65.605843 -6.142560 -0.050624 0.068074 -0.134483 0.987278
1539.399149 559.969030 -65.647391 -6.150050 -0.049559 0.065550 -0.134467 0.987505
1539.499803 560.141380 -65.686125 -6.149688 -0.046157 0.062331 -0.134318 0.987898
1539.599645 560.308641 -65.723790 -6.148896 -0.045708 0.060883 -0.134466 0.987989
1539.699497 560.471902 -65.758755 -6.157345 -0.043731 0.060595 -0.134566 0.988083
1539.799350 560.643332 -65.793957 -6.170057 -0.042216 0.056929 -0.134488 0.988377
1539.899191 560.817911 -65.828268 -6.178237 -0.043574 0.054635 -0.134091 0.988502
1539.999828 561.002255 -65.864118 -6.182239 -0.045944 0.053417 -0.133466 0.988546
1540.099667 561.179093 -65.895068 -6.186439 -0.049786 0.051204 -0.133085 0.988528
1540.199507 561.349910 -65.919899 -6.188344 -0.053885 0.049767 -0.132897 0.988412
1540.299351 561.516390 -65.944964 -6.196428 -0.053823 0.050829 -0.133177 0.988324
1540.399184 561.684307 -65.966904 -6.208049 -0.051589 0.050869 -0.134236 0.988297
1540.499833 561.857465 -65.987491 -6.213804 -0.047986 0.050024 -0.135053 0.988411
1540.599682 562.031447 -66.008737 -6.220382 -0.042174 0.049536 -0.135364 0.988658
1540.699516 562.201646 -66.031521 -6.227227 -0.035964 0.052425 -0.135290 0.988764
1540.799360 562.375831 -66.053701 -6.235278 -0.034113 0.055090 -0.134465 0.988797
1540.899199 562.549185 -66.075574 -6.241290 -0.037637 0.055065 -0.133661 0.988780
1540.999426 562.711891 -66.093967 -6.250034 -0.040359 0.054721 -0.133002 0.988781
1541.099260 562.865255 -66.111102 -6.252658 -0.039570 0.054726 -0.132619 0.988864
1541.199494 563.010433 -66.128122 -6.255565 -0.038254 0.051242 -0.132710 0.989090
1541.299337 563.163929 -66.144753 -6.266185 -0.037343 0.047173 -0.133635 0.989203
1541.399181 563.318502 -66.163905 -6.274693 -0.033470 0.048236 -0.133906 0.989253
1541.499825 563.475636 -66.184273 -6.283513 -0.031914 0.048878 -0.133983 0.989263
1541.599662 563.630691 -66.207614 -6.290537 -0.033007 0.050406 -0.134463 0.989085
1541.699509 563.793979 -66.229272 -6.299528 -0.034255 0.054332 -0.134952 0.988768
1541.799344 563.962476 -66.253671 -6.302772 -0.033506 0.057537 -0.135634 0.988519
1541.899195 564.129759 -66.271328 -6.308582 -0.032086 0.054792 -0.136069 0.988662
1541.999833 564.286768 -66.291682 -6.313175 -0.034040 0.051839 -0.135644 0.988815
1542.099669 564.435396 -66.315411 -6.318346 -0.035639 0.051536 -0.135413 0.988806
1542.199514 564.576717 -66.340870 -6.323387 -0.038330 0.052821 -0.135344 0.988647
1542.299353 564.726163 -66.365635 -6.330945 -0.041023 0.054536 -0.135139 0.988474
1542.399193 564.882140 -66.390034 -6.339953 -0.042785 0.055626 -0.134978 0.988360
1542.499837 565.031525 -66.410179 -6.345010 -0.045692 0.055686 -0.134623 0.988275
1542.599664 565.174392 -66.424446 -6.348685 -0.046530 0.051181 -0.134256 0.988530
1542.699504 565.312689 -66.442643 -6.350879 -0.047061 0.045565 -0.134501 0.988746
1542.799340 565.457781 -66.464149 -6.351061 -0.051589 0.041228 -0.134714 0.988681
1542.899176 565.601575 -66.477528 -6.355233 -0.057493 0.040152 -0.134962 0.988366
1542.999813 565.761818 -66.485823 -6.367388 -0.060450 0.039116 -0.134683 0.988269
1543.099656 565.910556 -66.488006 -6.387191 -0.061541 0.040122 -0.134504 0.988186
1543.199479 566.046688 -66.488263 -6.416938 -0.059412 0.042796 -0.134719 0.988175
1543.299319 566.177804 -66.486131 -6.445389 -0.058024 0.044009 -0.134432 0.988243
1543.399165 566.302887 -66.478797 -6.460013 -0.055828 0.043848 -0.133941 0.988443
1543.499796 566.428683 -66.467887 -6.469101 -0.054607 0.045643 -0.134082 0.988411
1543.599642 566.552622 -66.453217 -6.473090 -0.052129 0.050316 -0.134568 0.988252
1543.699474 566.667364 -66.437868 -6.481642 -0.048795 0.051790 -0.134899 0.988301
1543.799311 566.776211 -66.417094 -6.491890 -0.043567 0.051558 -0.135508 0.988474
1543.899149 566.897597 -66.397040 -6.503936 -0.038218 0.051311 -0.136491 0.988573
1543.999775 567.027387 -66.381155 -6.515602 -0.032751 0.048962 -0.136420 0.988898
1544.099609 567.151976 -66.364111 -6.522513 -0.032144 0.047220 -0.136834 0.988946
1544.199459 567.272812 -66.345366 -6.529085 -0.035307 0.048869 -0.137140 0.988715
1544.299309 567.397795 -66.330609 -6.531543 -0.035747 0.052492 -0.137193 0.988506
1544.399145 567.520216 -66.315701 -6.538253 -0.035895 0.053297 -0.136800 0.988512
1544.499793 567.642669 -66.303880 -6.539245 -0.035240 0.053618 -0.136213 0.988600
1544.599640 567.759976 -66.292765 -6.550609 -0.035197 0.051344 -0.136033 0.988747
1544.699483 567.879590 -66.286558 -6.552367 -0.035120 0.048975 -0.136008 0.988873
1544.799337 567.991720 -66.277282 -6.551248 -0.035954 0.045065 -0.135679 0.989074
1544.899173 568.101055 -66.264679 -6.554458 -0.036017 0.042344 -0.135536 0.989212
1544.999808 568.199539 -66.250085 -6.564649 -0.035344 0.042796 -0.135452 0.989228
1545.099650 568.295714 -66.238746 -6.566643 -0.035016 0.045022 -0.135358 0.989154
1545.199494 568.387634 -66.227473 -6.572755 -0.035721 0.047035 -0.135456 0.989021
1545.299330 568.476133 -66.216819 -6.579600 -0.036008 0.048172 -0.135926 0.988892
1545.399171 568.572910 -66.211035 -6.585957 -0.034754 0.048462 -0.136100 0.988899
1545.499822 568.665635 -66.205670 -6.587787 -0.033013 0.049350 -0.136639 0.988840
1545.599666 568.766081 -66.200501 -6.588032 -0.032968 0.051705 -0.136806 0.988698
1545.699516 568.871387 -66.195542 -6.596241 -0.034847 0.055835 -0.136965 0.988387
1545.799359 568.983763 -66.193670 -6.607808 -0.036121 0.058541 -0.137001 0.988180
1545.899203 569.096739 -66.191879 -6.612930 -0.035660 0.059187 -0.136939 0.988166
1545.999440 569.204435 -66.190236 -6.615285 -0.035031 0.058088 -0.136843 0.988268
1546.099291 569.313422 -66.192045 -6.617185 -0.034621 0.056885 -0.136882 0.988346
1546.199140 569.426329 -66.195383 -6.620796 -0.034759 0.057786 -0.136908 0.988286
1546.299765 569.531927 -66.197635 -6.623836 -0.034261 0.060519 -0.136969 0.988131
1546.399603 569.638616 -66.198558 -6.629768 -0.033513 0.062614 -0.136943 0.988030
1546.499439 569.751732 -66.201687 -6.636284 -0.032697 0.062313 -0.136573 0.988127
1546.599279 569.859229 -66.206483 -6.643739 -0.033678 0.061246 -0.136110 0.988225
1546.699120 569.963643 -66.215541 -6.647522 -0.034017 0.063094 -0.136175 0.988088
1546.799765 570.078309 -66.226407 -6.652321 -0.033890 0.063276 -0.136512 0.988034
1546.899603 570.183638 -66.234349 -6.652266 -0.033473 0.063648 -0.136833 0.987980
1546.999458 570.287852 -66.242398 -6.652193 -0.031961 0.063578 -0.137032 0.988007
1547.099294 570.401865 -66.257690 -6.657210 -0.031835 0.062600 -0.136833 0.988101
1547.199130 570.511009 -66.268316 -6.667065 -0.031557 0.061004 -0.137006 0.988186
1547.299789 570.626510 -66.276195 -6.673077 -0.033158 0.062178 -0.136837 0.988084
1547.399619 570.740349 -66.288388 -6.677144 -0.033898 0.065106 -0.136724 0.987886
1547.499454 570.854630 -66.305334 -6.677018 -0.034285 0.070153 -0.136579 0.987547
1547.599305 570.978401 -66.325978 -6.677799 -0.034336 0.073522 -0.136406 0.987324
1547.699130 571.099208 -66.343970 -6.678760 -0.033539 0.074641 -0.136595 0.987241
1547.799773 571.222284 -66.362068 -6.678244 -0.033679 0.073518 -0.136534 0.987329
1547.899619 571.352273 -66.381927 -6.691795 -0.032897 0.071063 -0.136386 0.987556
1547.999470 571.477349 -66.403127 -6.699672 -0.032054 0.068929 -0.135978 0.987791
1548.099312 571.609986 -66.425149 -6.697646 -0.033315 0.067568 -0.135676 0.987885
1548.199172 571.750521 -66.450950 -6.695396 -0.038360 0.065382 -0.134551 0.988003
1548.299810 571.893187 -66.480452 -6.700197 -0.040269 0.062292 -0.132274 0.988434
1548.399669 572.033341 -66.502455 -6.705992 -0.041342 0.061018 -0.130166 0.988749
1548.499517 572.173796 -66.528269 -6.712371 -0.037820 0.060606 -0.128383 0.989148
1548.599372 572.311710 -66.550869 -6.720389 -0.037379 0.061118 -0.126096 0.989428
1548.699215 572.452499 -66.572579 -6.725937 -0.040228 0.065988 -0.122801 0.989418
1548.799453 572.601999 -66.597285 -6.730475 -0.042936 0.071009 -0.118487 0.989482
1548.899291 572.751375 -66.620478 -6.736691 -0.042441 0.071866 -0.114376 0.989925
1548.999127 572.905960 -66.647438 -6.746323 -0.039133 0.070624 -0.111372 0.990493
1549.099787 573.075849 -66.675877 -6.754825 -0.033242 0.068557 -0.109940 0.991014
1549.199632 573.245180 -66.701561 -6.760164 -0.033974 0.065174 -0.109625 0.991252
1549.299469 573.413563 -66.731794 -6.762780 -0.035319 0.065378 -0.109328 0.991224
1549.399299 573.571732 -66.756644 -6.768654 -0.037256 0.066106 -0.109719 0.991062
1549.499137 573.732510 -66.781547 -6.776910 -0.035220 0.066018 -0.109726 0.991141
1549.599786 573.893010 -66.804570 -6.785219 -0.034390 0.063371 -0.109457 0.991373
1549.699632 574.052531 -66.834055 -6.786889 -0.036143 0.060921 -0.108985 0.991516
1549.799476 574.213942 -66.863989 -6.786653 -0.037887 0.060883 -0.108452 0.991512
1549.899303 574.377350 -66.894215 -6.788919 -0.037085 0.062791 -0.108924 0.991372
1549.999155 574.541799 -66.921017 -6.790466 -0.033070 0.064021 -0.109383 0.991384
1550.099789 574.708817 -66.949183 -6.795606 -0.032074 0.061695 -0.109922 0.991505
1550.199635 574.870457 -66.977675 -6.805523 -0.033530 0.059433 -0.110700 0.991508
1550.299469 575.024506 -67.009046 -6.817743 -0.033546 0.060299 -0.111036 0.991418
1550.399296 575.182115 -67.040241 -6.825835 -0.035078 0.061936 -0.111453 0.991217
1550.499139 575.340763 -67.064712 -6.824871 -0.035717 0.065101 -0.112142 0.990914
1550.599780 575.508358 -67.097773 -6.826741 -0.035116 0.063953 -0.111789 0.991050
1550.699626 575.682953 -67.134738 -6.831488 -0.034329 0.061389 -0.111933 0.991223
1550.799468 575.849496 -67.169169 -6.839925 -0.035148 0.059492 -0.112167 0.991284
1550.899306 576.014242 -67.203994 -6.853147 -0.036118 0.056202 -0.112331 0.991422
1550.999147 576.171619 -67.234242 -6.864926 -0.037028 0.054434 -0.112091 0.991515
1551.099795 576.326336 -67.265733 -6.882149 -0.037868 0.053436 -0.111862 0.991563
1551.199621 576.482027 -67.295815 -6.902617 -0.038734 0.054394 -0.112106 0.991450
1551.299457 576.648550 -67.329705 -6.928631 -0.038667 0.053824 -0.112026 0.991493
1551.399295 576.811771 -67.366474 -6.953835 -0.038705 0.050188 -0.111637 0.991726
1551.499137 576.964690 -67.404052 -6.982018 -0.037411 0.047313 -0.111260 0.991959
1551.599783 577.115676 -67.437765 -7.023050 -0.037435 0.049229 -0.111360 0.991854
1551.699631 577.264808 -67.471835 -7.069099 -0.037711 0.053126 -0.110755 0.991710
1551.799463 577.416980 -67.502485 -7.108913 -0.039902 0.056719 -0.110601 0.991442
1551.899288 577.566873 -67.538472 -7.141449 -0.040297 0.060641 -0.110650 0.991189
1551.999125 577.725569 -67.574358 -7.165805 -0.040231 0.061916 -0.110758 0.991101
1552.099766 577.878748 -67.608772 -7.186912 -0.039031 0.062871 -0.110953 0.991067
1552.199615 578.023171 -67.640847 -7.207549 -0.038398 0.064234 -0.111330 0.990962
1552.299458 578.174383 -67.673990 -7.231593 -0.036147 0.067511 -0.111601 0.990798
1552.399305 578.316245 -67.705881 -7.252110 -0.034058 0.070419 -0.111760 0.990652
1552.499142 578.451898 -67.735535 -7.269174 -0.035488 0.070941 -0.110909 0.990660
1552.599782 578.586144 -67.763808 -7.280096 -0.040624 0.071999 -0.106821 0.990836
1552.699614 578.735317 -67.790097 -7.285105 -0.039731 0.069492 -0.102937 0.991462
1552.799452 578.903757 -67.817090 -7.290032 -0.037391 0.063970 -0.100553 0.992169
1552.899286 579.068262 -67.843060 -7.294671 -0.037174 0.059932 -0.100380 0.992446
1552.999133 579.228813 -67.876640 -7.301197 -0.036505 0.059473 -0.099810 0.992557
1553.099765 579.391388 -67.909949 -7.305135 -0.037454 0.060648 -0.099058 0.992525
1553.199613 579.559270 -67.940438 -7.306389 -0.033881 0.062688 -0.098755 0.992557
1553.299442 579.719688 -67.967882 -7.313890 -0.034438 0.061201 -0.098093 0.992696
1553.399285 579.873993 -67.995192 -7.321911 -0.041131 0.058997 -0.097007 0.992682
1553.499116 580.040574 -68.023485 -7.329260 -0.040866 0.057181 -0.094608 0.993031
1553.599753 580.209537 -68.050504 -7.336258 -0.043170 0.057771 -0.089929 0.993334
1553.699588 580.374176 -68.074344 -7.340436 -0.043974 0.060498 -0.084618 0.993603
1553.799432 580.535840 -68.099135 -7.344969 -0.045921 0.059353 -0.078830 0.994060
1553.899266 580.694155 -68.125162 -7.354003 -0.045378 0.057314 -0.073597 0.994605
1553.999510 580.859930 -68.145089 -7.361903 -0.043793 0.057861 -0.069226 0.994958
1554.099354 581.021918 -68.164648 -7.371740 -0.043468 0.058453 -0.065051 0.995220
1554.199190 581.179113 -68.183694 -7.373792 -0.040888 0.059844 -0.062022 0.995440
1554.299825 581.345387 -68.205460 -7.375619 -0.037986 0.060278 -0.060398 0.995628
1554.399657 581.508152 -68.224453 -7.383323 -0.039368 0.059329 -0.060733 0.995611
1554.499492 581.664125 -68.244952 -7.391161 -0.037904 0.059031 -0.061008 0.995669
1554.599339 581.820938 -68.260480 -7.399607 -0.037765 0.057591 -0.061042 0.995756
1554.699172 581.979082 -68.277419 -7.399700 -0.036667 0.056153 -0.061148 0.995873
1554.799819 582.148910 -68.299037 -7.400624 -0.035766 0.056235 -0.061154 0.995901
1554.899656 582.321134 -68.319890 -7.405506 -0.034644 0.056817 -0.060814 0.995928
1554.999498 582.485781 -68.340119 -7.413652 -0.037454 0.058536 -0.060731 0.995732
1555.099340 582.641066 -68.359057 -7.424000 -0.038735 0.061538 -0.060702 0.995504
1555.199171 582.790608 -68.378232 -7.433535 -0.039697 0.065037 -0.060725 0.995242
1555.299819 582.941683 -68.396215 -7.439707 -0.036438 0.064935 -0.061095 0.995351
1555.399668 583.093589 -68.413229 -7.444479 -0.033615 0.062316 -0.061507 0.995592
1555.499519 583.249854 -68.434005 -7.450286 -0.032975 0.060713 -0.061710 0.995700
1555.599355 583.411924 -68.456413 -7.459645 -0.035121 0.060737 -0.061943 0.995611
1555.699204 583.568833 -68.478792 -7.467551 -0.037168 0.061612 -0.062004 0.995479
1555.799462 583.728266 -68.501230 -7.470938 -0.039109 0.061740 -0.061926 0.995401
1555.899311 583.886085 -68.520035 -7.469846 -0.037117 0.061041 -0.061759 0.995531
1555.999141 584.043451 -68.542367 -7.470552 -0.034162 0.058648 -0.060733 0.995844
1556.099775 584.193321 -68.562310 -7.482568 -0.036400 0.058349 -0.060322 0.995807
1556.199605 584.332717 -68.579932 -7.501011 -0.040806 0.061647 -0.060650 0.995418
1556.299445 584.476099 -68.600321 -7.517531 -0.041876 0.063806 -0.060660 0.995236
1556.399285 584.617566 -68.617509 -7.517843 -0.040270 0.064138 -0.061157 0.995251
1556.499126 584.762733 -68.635849 -7.517916 -0.037911 0.063245 -0.061576 0.995375
1556.599757 584.919971 -68.658071 -7.520459 -0.036469 0.061747 -0.061619 0.995520
1556.699586 585.076112 -68.680983 -7.527469 -0.034248 0.058623 -0.061324 0.995806
1556.799417 585.233734 -68.703311 -7.541190 -0.035777 0.057700 -0.061119 0.995819
1556.899252 585.387814 -68.723752 -7.546159 -0.038466 0.060842 -0.061297 0.995521
1556.999484 585.548830 -68.745608 -7.547929 -0.039185 0.061052 -0.061526 0.995466
1557.099317 585.718019 -68.766408 -7.547759 -0.036983 0.060655 -0.061897 0.995551
1557.199158 585.890209 -68.784359 -7.553711 -0.036047 0.059943 -0.062071 0.995618
1557.299794 586.053432 -68.803845 -7.561397 -0.037646 0.058265 -0.061795 0.995675
1557.399631 586.206614 -68.823549 -7.572783 -0.038118 0.058807 -0.061914 0.995618
1557.499481 586.353227 -68.847642 -7.578742 -0.037195 0.060470 -0.061690 0.995567
1557.599316 586.492999 -68.868893 -7.587336 -0.034700 0.060426 -0.061794 0.995654
1557.699153 586.631870 -68.887876 -7.588272 -0.034855 0.061141 -0.062071 0.995587
1557.799787 586.782420 -68.909584 -7.592249 -0.035792 0.059631 -0.061806 0.995662
1557.899627 586.936046 -68.927260 -7.598794 -0.037421 0.060304 -0.062179 0.995538
1557.999458 587.091019 -68.945503 -7.608146 -0.037890 0.060360 -0.062721 0.995483
1558.099298 587.237263 -68.965759 -7.615836 -0.037305 0.060972 -0.062953 0.995453
1558.199135 587.377649 -68.986078 -7.621602 -0.038238 0.062849 -0.062665 0.995320
1558.299782 587.522477 -69.006955 -7.629251 -0.039938 0.062886 -0.062023 0.995291
1558.399624 587.666834 -69.028681 -7.640887 -0.040370 0.062070 -0.061678 0.995346
1558.499455 587.811796 -69.047530 -7.647547 -0.038490 0.059608 -0.061666 0.995572
1558.599293 587.963205 -69.066724 -7.643893 -0.036198 0.059470 -0.062215 0.995632
1558.699124 588.104034 -69.086412 -7.640896 -0.036282 0.058667 -0.062324 0.995669
1558.799773 588.249283 -69.109056 -7.645217 -0.038183 0.055938 -0.062141 0.995767
1558.899617 588.406889 -69.131150 -7.655736 -0.037741 0.055492 -0.062214 0.995804
1558.999444 588.559316 -69.152803 -7.669415 -0.036816 0.056796 -0.062086 0.995773
1559.099293 588.707448 -69.168797 -7.682522 -0.038790 0.057885 -0.061997 0.995641
1559.199124 588.864788 -69.190300 -7.690589 -0.041195 0.058311 -0.061775 0.995533
1559.299772 589.027766 -69.215712 -7.687397 -0.040541 0.058740 -0.061437 0.995556
1559.399620 589.187600 -69.237026 -7.684257 -0.039638 0.058402 -0.061396 0.995615
1559.499476 589.342969 -69.259054 -7.689206 -0.039680 0.059499 -0.061820 0.995522
1559.599308 589.497691 -69.279988 -7.699187 -0.037971 0.060347 -0.062721 0.995481
1559.699137 589.641843 -69.296763 -7.708083 -0.034542 0.058499 -0.062729 0.995716
1559.799760 589.774213 -69.315448 -7.718229 -0.034380 0.056762 -0.062301 0.995849
1559.899604 589.906759 -69.333058 -7.723682 -0.036722 0.060363 -0.062103 0.995566
1559.999440 590.045990 -69.358151 -7.724215 -0.038612 0.062067 -0.062047 0.995393
1560.099285 590.181819 -69.378928 -7.723413 -0.037084 0.062779 -0.061309 0.995452
1560.199138 590.317809 -69.393857 -7.733240 -0.037618 0.062592 -0.061447 0.995435
1560.299765 590.459685 -69.412463 -7.746041 -0.037688 0.064068 -0.061750 0.995320
1560.399608 590.604549 -69.435135 -7.756802 -0.037227 0.064286 -0.061834 0.995318
1560.499449 590.758809 -69.459450 -7.759508 -0.037421 0.065662 -0.061853 0.995220
1560.599278 590.913959 -69.483184 -7.761139 -0.037698 0.065461 -0.061470 0.995246
1560.699121 591.072321 -69.500234 -7.766489 -0.038753 0.064409 -0.061770 0.995256
1560.799771 591.229165 -69.519653 -7.774583 -0.038512 0.064166 -0.061947 0.995270
1560.899620 591.368959 -69.539759 -7.778208 -0.038434 0.064264 -0.061976 0.995265
1560.999461 591.507341 -69.558765 -7.782470 -0.038421 0.062230 -0.061813 0.995405
1561.099300 591.648794 -69.578761 -7.784544 -0.039490 0.059290 -0.061533 0.995560
1561.199127 591.796108 -69.600683 -7.786923 -0.039011 0.059190 -0.061560 0.995583
1561.299741 591.940866 -69.624095 -7.801955 -0.038518 0.061479 -0.061704 0.995454
1561.399593 592.077613 -69.647556 -7.820525 -0.037836 0.062151 -0.061586 0.995446
1561.499425 592.220892 -69.669512 -7.832392 -0.037567 0.062127 -0.061753 0.995447
1561.599266 592.373812 -69.690113 -7.832514 -0.039135 0.061338 -0.061543 0.995449
1561.699500 592.533198 -69.712323 -7.835634 -0.041634 0.061490 -0.061205 0.995359
1561.799349 592.692532 -69.740574 -7.849853 -0.043453 0.064343 -0.060889 0.995120
1561.899190 592.848105 -69.763560 -7.869865 -0.042999 0.067345 -0.060976 0.994936
1561.999826 593.002721 -69.789758 -7.889545 -0.040430 0.064448 -0.060828 0.995245
1562.099659 593.163417 -69.815555 -7.899608 -0.038604 0.063369 -0.061264 0.995360
1562.199516 593.324059 -69.834073 -7.904458 -0.038099 0.065028 -0.061816 0.995238
1562.299363 593.478517 -69.851704 -7.908263 -0.038463 0.066419 -0.062098 0.995115
1562.399217 593.634110 -69.873467 -7.913387 -0.038103 0.065107 -0.062401 0.995196
1562.499466 593.786244 -69.897496 -7.926549 -0.037612 0.062193 -0.062105 0.995420
1562.599304 593.934325 -69.916891 -7.935467 -0.035570 0.058843 -0.061388 0.995743
1562.699151 594.082115 -69.935994 -7.937764 -0.038516 0.060561 -0.061416 0.995528
1562.799792 594.245207 -69.956876 -7.942380 -0.039985 0.060318 -0.061211 0.995498
1562.899636 594.412813 -69.982494 -7.946814 -0.040490 0.061944 -0.061360 0.995369
1562.999473 594.571235 -70.005546 -7.953819 -0.039289 0.062137 -0.061877 0.995373
1563.099301 594.727020 -70.025390 -7.963506 -0.038429 0.062047 -0.062328 0.995384
1563.199126 594.889507 -70.045244 -7.973448 -0.038591 0.062593 -0.061619 0.995387
1563.299772 595.039767 -70.064197 -7.981492 -0.040560 0.062733 -0.060742 0.995354
1563.399610 595.189499 -70.083507 -7.987396 -0.041576 0.062436 -0.060705 0.995333
1563.499438 595.335758 -70.105614 -7.991396 -0.040894 0.061942 -0.060859 0.995383
1563.599278 595.487484 -70.128231 -7.992870 -0.038328 0.061366 -0.060875 0.995520
1563.699127 595.641567 -70.150390 -7.999301 -0.037538 0.062157 -0.061411 0.995468
1563.799761 595.796653 -70.168750 -8.009250 -0.038380 0.062405 -0.061336 0.995425
1563.899602 595.945810 -70.187918 -8.015750 -0.039192 0.063008 -0.060674 0.995396
1563.999436 596.100310 -70.208856 -8.016304 -0.041435 0.060868 -0.060525 0.995447
1564.099277 596.266247 -70.231959 -8.018390 -0.042201 0.058556 -0.060790 0.995537
1564.199120 596.441070 -70.256635 -8.022700 -0.041701 0.060374 -0.061189 0.995426
1564.299759 596.610773 -70.277006 -8.035374 -0.039888 0.063287 -0.062021 0.995267
1564.399593 596.780080 -70.299293 -8.046872 -0.040595 0.064732 -0.062572 0.995111
1564.499428 596.942725 -70.322346 -8.048476 -0.039575 0.061926 -0.062838 0.995314
1564.599263 597.106791 -70.345143 -8.051938 -0.040094 0.058453 -0.063126 0.995485
1564.699506 597.266491 -70.367318 -8.056889 -0.041419 0.054870 -0.063351 0.995621
1564.799351 597.425866 -70.391187 -8.063384 -0.039997 0.052964 -0.063647 0.995763
1564.899191 597.577534 -70.412831 -8.061927 -0.036889 0.053752 -0.063290 0.995864
1564.999844 597.721308 -70.430081 -8.072777 -0.039971 0.056663 -0.063384 0.995577
1565.099665 597.875195 -70.446052 -8.084544 -0.043637 0.059476 -0.062958 0.995286
1565.199515 598.022622 -70.469691 -8.092403 -0.044225 0.062538 -0.062201 0.995120
1565.299342 598.165660 -70.497054 -8.106504 -0.041561 0.064467 -0.061818 0.995136
1565.399187 598.313200 -70.525990 -8.115396 -0.039175 0.063779 -0.061766 0.995280
1565.499826 598.470519 -70.549692 -8.112452 -0.039219 0.062525 -0.061667 0.995364
1565.599659 598.617952 -70.567332 -8.098063 -0.039605 0.060829 -0.061350 0.995473
1565.699499 598.763219 -70.582215 -8.095360 -0.039564 0.059605 -0.061006 0.995570
1565.799336 598.905702 -70.600953 -8.107845 -0.039850 0.062042 -0.061213 0.995397
1565.899164 599.054764 -70.625820 -8.125818 -0.041042 0.063283 -0.060977 0.995285
1565.999816 599.211202 -70.651075 -8.140351 -0.041556 0.061732 -0.060969 0.995362
1566.099663 599.365973 -70.668624 -8.150801 -0.040146 0.059398 -0.061488 0.995530
1566.199497 599.515253 -70.685234 -8.150896 -0.039008 0.058939 -0.061563 0.995598
1566.299316 599.668658 -70.702599 -8.150516 -0.040239 0.058879 -0.061503 0.995556
1566.399149 599.817324 -70.718648 -8.156494 -0.041624 0.059995 -0.061697 0.995420
1566.499787 599.958349 -70.737511 -8.164948 -0.041761 0.060963 -0.061566 0.995364
1566.599625 600.099175 -70.757679 -8.166880 -0.038730 0.063619 -0.061737 0.995310
1566.699464 600.249289 -70.775233 -8.173826 -0.036208 0.064651 -0.062268 0.995305
1566.799317 600.404118 -70.796223 -8.179803 -0.036607 0.063513 -0.062123 0.995373
1566.899159 600.556474 -70.820733 -8.189588 -0.038059 0.061820 -0.062304 0.995414
1566.999793 600.709003 -70.844944 -8.199168 -0.040857 0.059932 -0.062539 0.995403
1567.099626 600.859212 -70.864480 -8.203861 -0.041297 0.058634 -0.062233 0.995482
1567.199471 600.999094 -70.883392 -8.203889 -0.039506 0.058983 -0.062085 0.995543
1567.299308 601.133640 -70.903834 -8.213389 -0.039819 0.060251 -0.062093 0.995454
1567.399153 601.272020 -70.925613 -8.223332 -0.040737 0.061246 -0.062421 0.995336
1567.499806 601.416304 -70.945615 -8.227774 -0.041495 0.061229 -0.062529 0.995299
1567.599657 601.563568 -70.963853 -8.229377 -0.041467 0.060825 -0.062438 0.995330
1567.699497 601.709978 -70.980862 -8.233099 -0.040460 0.057717 -0.062325 0.995564
1567.799354 601.855099 -71.004297 -8.241828 -0.039781 0.054516 -0.062147 0.995783
1567.899188 601.998465 -71.028298 -8.251807 -0.040181 0.053802 -0.062184 0.995803
1567.999825 602.138012 -71.047505 -8.262068 -0.039551 0.054161 -0.062578 0.995784
1568.099661 602.282693 -71.064515 -8.264195 -0.041190 0.056256 -0.062962 0.995577
1568.199511 602.431128 -71.085057 -8.264334 -0.042513 0.057986 -0.062846 0.995430
1568.299362 602.566598 -71.104699 -8.266863 -0.041464 0.057396 -0.062324 0.995541
1568.399186 602.689550 -71.127751 -8.273136 -0.038934 0.057030 -0.062021 0.995683
1568.499824 602.818152 -71.154043 -8.287867 -0.040776 0.058725 -0.062224 0.995498
1568.599658 602.952670 -71.179520 -8.305347 -0.043284 0.059399 -0.062540 0.995333
1568.699493 603.093438 -71.194824 -8.314703 -0.042814 0.057983 -0.062701 0.995426
1568.799332 603.236370 -71.204766 -8.317160 -0.042232 0.058421 -0.063211 0.995393
1568.899180 603.374440 -71.221808 -8.318482 -0.039713 0.054961 -0.062935 0.995711
1568.999800 603.521396 -71.242595 -8.327373 -0.038940 0.053540 -0.062568 0.995843
1569.099654 603.659622 -71.263286 -8.338685 -0.036878 0.053806 -0.062390 0.995918
1569.199495 603.795112 -71.286958 -8.363499 -0.038325 0.055409 -0.062138 0.995791
1569.299340 603.931497 -71.306566 -8.379043 -0.043238 0.060447 -0.062708 0.995261
1569.399179 604.058793 -71.322193 -8.389203 -0.045789 0.062212 -0.062982 0.995021
1569.499813 604.173984 -71.335257 -8.397126 -0.043551 0.058777 -0.063074 0.995324
1569.599637 604.299347 -71.351680 -8.412385 -0.040331 0.055242 -0.063447 0.995639
1569.699468 604.423221 -71.373676 -8.425033 -0.038677 0.056033 -0.063590 0.995651
1569.799323 604.553854 -71.394512 -8.429188 -0.038528 0.058706 -0.063818 0.995488
1569.899156 604.680458 -71.408989 -8.435327 -0.040639 0.059323 -0.063863 0.995365
1569.999796 604.807780 -71.422136 -8.442073 -0.041520 0.058474 -0.063927 0.995374
1570.099629 604.936398 -71.439494 -8.441806 -0.042653 0.056074 -0.063816 0.995472
1570.199472 605.072280 -71.462272 -8.450809 -0.041747 0.055343 -0.064088 0.995534
1570.299318 605.211964 -71.486679 -8.457884 -0.040769 0.056492 -0.064389 0.995490
1570.399165 605.349748 -71.503839 -8.469850 -0.038553 0.057682 -0.064238 0.995520
1570.499812 605.485631 -71.520657 -8.482484 -0.037978 0.057139 -0.064103 0.995582
1570.599645 605.607506 -71.535320 -8.493032 -0.041101 0.056288 -0.064752 0.995464
1570.699483 605.723277 -71.552177 -8.489788 -0.043254 0.055803 -0.064443 0.995421
1570.799323 605.840831 -71.571263 -8.484998 -0.046768 0.054874 -0.064284 0.995324
1570.899163 605.968051 -71.592313 -8.485879 -0.048433 0.056350 -0.063922 0.995185
1570.999789 606.099045 -71.609126 -8.491880 -0.044251 0.059797 -0.064386 0.995148
1571.099621 606.222802 -71.623207 -8.503504 -0.038568 0.060115 -0.064962 0.995328
1571.199467 606.339558 -71.641068 -8.512736 -0.035972 0.058775 -0.065158 0.995493
1571.299313 606.456173 -71.661670 -8.515393 -0.037293 0.056182 -0.065054 0.995601
1571.399156 606.580037 -71.679328 -8.519594 -0.040347 0.055218 -0.064773 0.995554
1571.499801 606.704356 -71.691526 -8.523875 -0.040660 0.056111 -0.065046 0.995473
1571.599639 606.830108 -71.706338 -8.526317 -0.041083 0.058767 -0.064885 0.995313
1571.699468 606.952638 -71.726524 -8.528663 -0.042559 0.060478 -0.064271 0.995189
1571.799306 607.072664 -71.747798 -8.535187 -0.044067 0.060796 -0.064143 0.995112
1571.899145 607.195007 -71.768744 -8.539306 -0.042514 0.059238 -0.064310 0.995263
1571.999788 607.316679 -71.784115 -8.544024 -0.040287 0.058976 -0.065103 0.995319
1572.099630 607.439212 -71.799626 -8.551489 -0.038674 0.060318 -0.065495 0.995277
1572.199464 607.564947 -71.812417 -8.555724 -0.039530 0.062103 -0.065646 0.995124
1572.299309 607.691856 -71.831810 -8.560645 -0.041065 0.062236 -0.065281 0.995077
1572.399155 607.823071 -71.851725 -8.569094 -0.040643 0.060961 -0.065134 0.995183
1572.499806 607.953637 -71.870406 -8.574788 -0.040851 0.061048 -0.064775 0.995193
1572.599640 608.080075 -71.888198 -8.572919 -0.040822 0.060517 -0.064635 0.995235
1572.699483 608.200298 -71.900093 -8.572219 -0.041185 0.058466 -0.064842 0.995330
1572.799311 608.310403 -71.914699 -8.578999 -0.041887 0.057719 -0.065039 0.995331
1572.899132 608.420038 -71.930824 -8.585103 -0.040716 0.059983 -0.065178 0.995237
1572.999772 608.541146 -71.947958 -8.592769 -0.040311 0.062436 -0.065177 0.995102
1573.099612 608.660554 -71.968208 -8.601901 -0.040131 0.061853 -0.065016 0.995157
1573.199455 608.791178 -71.988289 -8.602884 -0.040045 0.059676 -0.065028 0.995292
1573.299305 608.929322 -72.004773 -8.597793 -0.039020 0.058387 -0.065147 0.995402
1573.399146 609.063840 -72.021086 -8.599447 -0.039802 0.058659 -0.065014 0.995363
1573.499786 609.191264 -72.039829 -8.610773 -0.038414 0.062118 -0.064784 0.995223
1573.599626 609.309721 -72.056453 -8.620811 -0.039496 0.064662 -0.064561 0.995033
1573.699458 609.422711 -72.074821 -8.625644 -0.041940 0.064894 -0.064557 0.994918
1573.799291 609.542259 -72.094172 -8.629091 -0.042964 0.063692 -0.064590 0.994950
1573.899140 609.668515 -72.112929 -8.629343 -0.042618 0.062541 -0.064717 0.995030
1573.999783 609.802654 -72.129220 -8.634587 -0.041456 0.061939 -0.065024 0.995096
1574.099612 609.935078 -72.145346 -8.640591 -0.040839 0.061787 -0.065550 0.995097
1574.199451 610.065676 -72.163437 -8.651681 -0.039913 0.061358 -0.065911 0.995137
1574.299294 610.196632 -72.182339 -8.657032 -0.040731 0.060106 -0.066299 0.995155
1574.399116 610.325720 -72.201817 -8.654726 -0.041591 0.059793 -0.066211 0.995144
1574.499749 610.459072 -72.223559 -8.650582 -0.041766 0.060055 -0.065812 0.995147
1574.599589 610.587910 -72.243564 -8.655429 -0.042976 0.060754 -0.065797 0.995054
1574.699429 610.716161 -72.262755 -8.667577 -0.043462 0.061477 -0.065692 0.994996
1574.799289 610.852200 -72.282046 -8.679249 -0.043166 0.061533 -0.065892 0.994992
1574.899128 610.990321 -72.301148 -8.684059 -0.043103 0.060593 -0.065725 0.995063
1574.999754 611.126690 -72.320080 -8.682571 -0.041756 0.059885 -0.065437 0.995183
1575.099602 611.253606 -72.337579 -8.685351 -0.041541 0.060172 -0.065417 0.995175
1575.199422 611.377828 -72.359317 -8.692302 -0.042363 0.062209 -0.065228 0.995028
1575.299262 611.502623 -72.377335 -8.705774 -0.042936 0.063306 -0.065189 0.994937
1575.399504 611.633566 -72.397675 -8.725409 -0.042719 0.064087 -0.065410 0.994882
1575.499349 611.761487 -72.415469 -8.748593 -0.041510 0.063285 -0.065720 0.994964
1575.599172 611.899352 -72.434789 -8.767055 -0.041710 0.062856 -0.066270 0.994946
1575.699808 612.041988 -72.456261 -8.784037 -0.041482 0.062436 -0.066604 0.994960
1575.799642 612.181358 -72.477552 -8.804075 -0.039669 0.061670 -0.066655 0.995078
1575.899474 612.328751 -72.495542 -8.822283 -0.039966 0.062499 -0.066412 0.995031
1575.999301 612.474476 -72.516268 -8.839109 -0.041561 0.063545 -0.065806 0.994939
1576.099138 612.618971 -72.537244 -8.857916 -0.042767 0.063358 -0.065900 0.994894
1576.199772 612.754565 -72.561148 -8.876804 -0.042178 0.064511 -0.066008 0.994838
1576.299618 612.883821 -72.586313 -8.894472 -0.040649 0.066204 -0.066039 0.994788
1576.399462 613.015462 -72.609904 -8.904838 -0.040844 0.068429 -0.065837 0.994643
1576.499306 613.154345 -72.627802 -8.918823 -0.040145 0.068906 -0.065815 0.994640
1576.599146 613.294085 -72.645156 -8.933567 -0.041029 0.066336 -0.065377 0.994808
1576.699780 613.449043 -72.664024 -8.944493 -0.042886 0.062219 -0.065239 0.995004
1576.799612 613.601858 -72.689657 -8.953269 -0.045630 0.057290 -0.064930 0.995198
1576.899475 613.753796 -72.713757 -8.966719 -0.044406 0.057297 -0.065150 0.995239
1576.999318 613.900287 -72.736314 -8.987617 -0.042759 0.063380 -0.065811 0.994899
1577.099173 614.038287 -72.754085 -9.003303 -0.041037 0.067053 -0.066301 0.994698
1577.199814 614.186478 -72.771441 -9.013030 -0.039687 0.065870 -0.066664 0.994808
1577.299641 614.329497 -72.794891 -9.019491 -0.038763 0.061897 -0.066724 0.995095
1577.399480 614.466591 -72.817535 -9.019263 -0.039367 0.058620 -0.066733 0.995269
1577.499317 614.603789 -72.838647 -9.023732 -0.040595 0.057909 -0.066834 0.995255
1577.599146 614.746577 -72.853899 -9.042348 -0.041631 0.059270 -0.066857 0.995130
1577.699788 614.899738 -72.873709 -9.063598 -0.041549 0.059772 -0.066497 0.995128
1577.799630 615.057510 -72.899851 -9.071031 -0.042238 0.058801 -0.066143 0.995180
1577.899481 615.200605 -72.922468 -9.067668 -0.042460 0.058539 -0.066735 0.995147
1577.999337 615.338797 -72.941414 -9.068576 -0.042927 0.060616 -0.067537 0.994948
1578.099172 615.480526 -72.961933 -9.084369 -0.041591 0.062406 -0.068010 0.994862
1578.199797 615.630644 -72.985604 -9.107439 -0.039797 0.063561 -0.067995 0.994863
1578.299631 615.778618 -73.008927 -9.122382 -0.040205 0.063754 -0.067652 0.994858
1578.399467 615.929161 -73.033200 -9.130774 -0.041607 0.062797 -0.067316 0.994884
1578.499302 616.077093 -73.052135 -9.132440 -0.043172 0.061646 -0.067055 0.994907
1578.599148 616.225305 -73.070351 -9.141788 -0.043140 0.060193 -0.066864 0.995010
1578.699797 616.367488 -73.094871 -9.159654 -0.043039 0.059442 -0.067149 0.995040
1578.799654 616.509542 -73.121540 -9.179254 -0.041763 0.057865 -0.067403 0.995171
1578.899508 616.654707 -73.145405 -9.185926 -0.040268 0.055616 -0.067866 0.995329
1578.999350 616.793212 -73.164894 -9.189192 -0.041083 0.053764 -0.068403 0.995361
1579.099187 616.924905 -73.182409 -9.195958 -0.041702 0.052630 -0.068850 0.995365
1579.199810 617.064308 -73.204336 -9.202061 -0.042177 0.052032 -0.068582 0.995395
1579.299658 617.213556 -73.229438 -9.214654 -0.043908 0.050330 -0.067915 0.995453
1579.399508 617.358405 -73.244438 -9.212582 -0.044739 0.048605 -0.066973 0.995565
1579.499354 617.489714 -73.263408 -9.210746 -0.042622 0.048808 -0.066030 0.995711
1579.599195 617.619791 -73.283314 -9.216536 -0.043882 0.052126 -0.065750 0.995507
1579.699835 617.751628 -73.306725 -9.227111 -0.046932 0.055218 -0.066229 0.995169
1579.799686 617.881743 -73.332027 -9.243252 -0.048400 0.055404 -0.066365 0.995080
1579.899528 618.011126 -73.361928 -9.249156 -0.046113 0.053791 -0.066311 0.995280
1579.999373 618.149523 -73.377573 -9.243688 -0.042631 0.054091 -0.067360 0.995349
1580.099223 618.291645 -73.389086 -9.242760 -0.041596 0.054353 -0.068268 0.995317
1580.199459 618.426012 -73.407662 -9.246030 -0.041867 0.052938 -0.068806 0.995344
1580.299307 618.549661 -73.430179 -9.254978 -0.041074 0.052936 -0.068888 0.995372
1580.399142 618.677537 -73.458089 -9.257469 -0.040550 0.053031 -0.068147 0.995439
1580.499784 618.807159 -73.478355 -9.255142 -0.045482 0.053489 -0.067110 0.995272
1580.599617 618.931455 -73.493866 -9.256611 -0.048003 0.054976 -0.066488 0.995114
1580.699458 619.044786 -73.514940 -9.267218 -0.050104 0.056252 -0.065695 0.994992
1580.799282 619.162152 -73.537042 -9.279806 -0.048157 0.059237 -0.065627 0.994920
1580.899118 619.282752 -73.558358 -9.283855 -0.044459 0.065615 -0.066236 0.994651
1580.999755 619.410029 -73.565112 -9.284731 -0.041426 0.068194 -0.067158 0.994547
1581.099603 619.546085 -73.576623 -9.282947 -0.040374 0.066234 -0.067335 0.994711
1581.199436 619.678186 -73.594350 -9.285680 -0.038926 0.062004 -0.067124 0.995055
1581.299281 619.801378 -73.614233 -9.287065 -0.040009 0.062715 -0.067319 0.994954
1581.399131 619.918652 -73.638631 -9.288748 -0.039913 0.063333 -0.067491 0.994907
1581.499779 620.042841 -73.659283 -9.301198 -0.040003 0.063096 -0.067450 0.994922
1581.599617 620.171959 -73.668884 -9.313869 -0.041424 0.063066 -0.067553 0.994858
1581.699446 620.297864 -73.679361 -9.324398 -0.042751 0.062213 -0.067741 0.994843
1581.799271 620.431166 -73.699707 -9.326299 -0.043601 0.061577 -0.067427 0.994867
1581.899496 620.568071 -73.722221 -9.329427 -0.043255 0.061839 -0.067277 0.994876
1581.999326 620.701058 -73.742163 -9.333129 -0.043175 0.063459 -0.067364 0.994772
1582.099160 620.832967 -73.758302 -9.337609 -0.045749 0.064101 -0.067177 0.994628
1582.199804 620.970872 -73.772046 -9.339352 -0.047435 0.063342 -0.067189 0.994597
1582.299657 621.104379 -73.788794 -9.341614 -0.047872 0.060815 -0.067056 0.994743
1582.399497 621.233460 -73.804154 -9.346305 -0.049093 0.058386 -0.066846 0.994843
1582.499333 621.368380 -73.821346 -9.354738 -0.050077 0.056685 -0.066822 0.994894
1582.599167 621.504944 -73.836751 -9.362119 -0.052762 0.056373 -0.066515 0.994793
1582.699806 621.637296 -73.856529 -9.365177 -0.056978 0.055092 -0.066266 0.994649
1582.799652 621.765006 -73.866174 -9.367111 -0.057706 0.056108 -0.066540 0.994532
1582.899484 621.892701 -73.872147 -9.370955 -0.053562 0.059918 -0.066332 0.994556
1582.999328 622.025170 -73.870763 -9.379252 -0.049469 0.063121 -0.066547 0.994555
1583.099168 622.158969 -73.866638 -9.386364 -0.047825 0.062853 -0.066731 0.994640
1583.199809 622.293972 -73.868828 -9.389246 -0.048518 0.063250 -0.066459 0.994600
1583.299648 622.429168 -73.873927 -9.396303 -0.046807 0.064644 -0.065486 0.994657
1583.399471 622.565409 -73.880256 -9.406201 -0.046887 0.064482 -0.064702 0.994715
1583.499318 622.696249 -73.882822 -9.416260 -0.048031 0.061695 -0.064111 0.994875
1583.599159 622.829971 -73.886886 -9.425211 -0.047514 0.058260 -0.063861 0.995123
1583.699809 622.970419 -73.883609 -9.430359 -0.048883 0.057645 -0.064466 0.995054
1583.799650 623.111241 -73.882938 -9.433246 -0.047244 0.058296 -0.065169 0.995049
1583.899491 623.253447 -73.885037 -9.438455 -0.043155 0.057833 -0.065781 0.995222
1583.999344 623.388391 -73.890169 -9.449042 -0.037594 0.058262 -0.068443 0.995243
1584.099176 623.528906 -73.891732 -9.457016 -0.034690 0.058212 -0.073156 0.995016
1584.199815 623.672257 -73.897968 -9.463024 -0.035278 0.057090 -0.078207 0.994676
1584.299646 623.815839 -73.906378 -9.471984 -0.033911 0.055428 -0.084503 0.994302
1584.399501 623.943248 -73.915017 -9.480393 -0.036523 0.052489 -0.090533 0.993838
1584.499335 624.068484 -73.921397 -9.489550 -0.041500 0.051902 -0.094850 0.993271
1584.599165 624.198669 -73.929825 -9.494180 -0.044234 0.052403 -0.095343 0.993080
1584.699794 624.325534 -73.938965 -9.495708 -0.044400 0.053956 -0.095167 0.993006
1584.799640 624.449118 -73.950833 -9.499101 -0.045581 0.055001 -0.094818 0.992928
1584.899478 624.576562 -73.967998 -9.502035 -0.045746 0.057136 -0.094420 0.992838
1584.999317 624.703752 -73.976758 -9.502297 -0.044739 0.060545 -0.094417 0.992682
1585.099153 624.833381 -73.983601 -9.509757 -0.043336 0.058738 -0.094518 0.992843
1585.199786 624.969248 -73.991566 -9.518337 -0.045045 0.054127 -0.094740 0.993008
1585.299626 625.113055 -74.002840 -9.523390 -0.046173 0.051681 -0.094807 0.993080
1585.399468 625.255792 -74.017855 -9.533504 -0.042856 0.050902 -0.094331 0.993315
1585.499315 625.385800 -74.031507 -9.539462 -0.042543 0.054061 -0.094291 0.993165
1585.599159 625.503434 -74.041204 -9.540771 -0.043065 0.055465 -0.094615 0.993034
1585.699788 625.623395 -74.049273 -9.544649 -0.044381 0.054907 -0.094826 0.992987
1585.799627 625.746323 -74.061821 -9.553670 -0.042949 0.054509 -0.094679 0.993086
1585.899481 625.862865 -74.076666 -9.564416 -0.042299 0.055167 -0.094741 0.993072
1585.999298 625.977869 -74.088297 -9.568584 -0.042053 0.056092 -0.095031 0.993003
1586.099136 626.099660 -74.102823 -9.571618 -0.042455 0.056560 -0.095541 0.992910
1586.199772 626.224187 -74.110351 -9.574564 -0.042192 0.054578 -0.095480 0.993038
1586.299613 626.341347 -74.120660 -9.583927 -0.043697 0.054557 -0.095374 0.992984
1586.399464 626.459125 -74.134538 -9.593712 -0.044750 0.055103 -0.095311 0.992913
1586.499313 626.580948 -74.141266 -9.606455 -0.044260 0.056515 -0.095677 0.992821
1586.599143 626.698120 -74.152705 -9.612452 -0.044331 0.056095 -0.095772 0.992832
1586.699785 626.819676 -74.169096 -9.611376 -0.043329 0.057019 -0.095978 0.992804
1586.799614 626.935328 -74.184827 -9.614027 -0.043870 0.058106 -0.096352 0.992681
1586.899466 627.056255 -74.200896 -9.619862 -0.045106 0.057991 -0.096258 0.992641
1586.999307 627.168241 -74.217491 -9.627983 -0.045525 0.058410 -0.096077 0.992615
1587.099144 627.277075 -74.229126 -9.633970 -0.044608 0.059618 -0.096252 0.992568
1587.199792 627.397271 -74.240429 -9.639463 -0.044009 0.059911 -0.096488 0.992554
1587.299625 627.513110 -74.255809 -9.647043 -0.043056 0.058799 -0.096654 0.992646
1587.399463 627.624494 -74.273416 -9.651330 -0.044243 0.058541 -0.096603 0.992614
1587.499307 627.741262 -74.288388 -9.645168 -0.044834 0.058473 -0.095745 0.992675
1587.599144 627.861137 -74.295988 -9.640122 -0.046672 0.057930 -0.093403 0.992845
1587.699802 627.982191 -74.312318 -9.651730 -0.047081 0.058131 -0.089979 0.993130
1587.799646 628.092967 -74.328184 -9.668880 -0.048009 0.058938 -0.086468 0.993350
1587.899499 628.198032 -74.344778 -9.678954 -0.048729 0.058923 -0.082242 0.993675
1587.999344 628.308502 -74.354713 -9.675067 -0.049578 0.058431 -0.077892 0.994012
1588.099196 628.422753 -74.364348 -9.668104 -0.045855 0.057035 -0.075324 0.994470
1588.199828 628.540692 -74.376173 -9.669982 -0.045627 0.055782 -0.074054 0.994647
1588.299669 628.659141 -74.391414 -9.684618 -0.048196 0.056587 -0.072600 0.994587
1588.399505 628.783353 -74.403083 -9.702697 -0.048942 0.058650 -0.070339 0.994594
1588.499337 628.905177 -74.415570 -9.708369 -0.045865 0.060009 -0.069220 0.994738
1588.599167 629.032464 -74.428439 -9.704927 -0.044926 0.059295 -0.069567 0.994800
1588.699808 629.158590 -74.438764 -9.702183 -0.043294 0.057728 -0.069801 0.994948
1588.799641 629.276553 -74.446040 -9.707745 -0.043278 0.057217 -0.069600 0.994992
1588.899462 629.388924 -74.456768 -9.711168 -0.043411 0.057149 -0.069155 0.995021
1588.999296 629.499597 -74.472817 -9.713154 -0.044919 0.057221 -0.069697 0.994912
1589.099119 629.610705 -74.488909 -9.719205 -0.043262 0.057539 -0.070106 0.994939
1589.199752 629.720772 -74.502400 -9.726594 -0.042729 0.057773 -0.069940 0.994960
1589.299584 629.829468 -74.513054 -9.736799 -0.043088 0.057351 -0.069722 0.994984
1589.399412 629.945736 -74.520400 -9.739186 -0.044867 0.058668 -0.069513 0.994843
1589.499257 630.051253 -74.530701 -9.745496 -0.044826 0.059279 -0.069144 0.994835
1589.599496 630.155616 -74.534964 -9.746936 -0.043229 0.060553 -0.069827 0.994781
1589.699337 630.272968 -74.552866 -9.752155 -0.041475 0.062727 -0.070458 0.994676
1589.799179 630.395352 -74.575869 -9.761850 -0.041444 0.063880 -0.070394 0.994609
1589.899822 630.517972 -74.594124 -9.765560 -0.040007 0.063012 -0.070825 0.994692
1589.999667 630.633341 -74.607447 -9.772415 -0.039963 0.061938 -0.070509 0.994784
1590.099490 630.739150 -74.628755 -9.764901 -0.039787 0.065464 -0.068756 0.994688
1590.199342 630.850162 -74.639128 -9.758317 -0.039491 0.065102 -0.067513 0.994809
1590.299193 630.960946 -74.652146 -9.765514 -0.039033 0.060280 -0.066855 0.995175
1590.399821 631.072354 -74.671264 -9.776928 -0.039253 0.054994 -0.066581 0.995491
1590.499669 631.190667 -74.697769 -9.784940 -0.038656 0.054234 -0.067063 0.995523
1590.599512 631.306386 -74.723866 -9.793545 -0.037974 0.053582 -0.067395 0.995563
1590.699347 631.428233 -74.746364 -9.797042 -0.036616 0.053691 -0.067609 0.995593
1590.799212 631.541592 -74.771152 -9.785680 -0.032750 0.055664 -0.067793 0.995607
1590.899450 631.648583 -74.798915 -9.787794 -0.031358 0.055717 -0.067830 0.995646
1590.999291 631.758611 -74.830600 -9.798889 -0.032471 0.054703 -0.067977 0.995657
1591.099123 631.874119 -74.865306 -9.810191 -0.036246 0.053438 -0.067545 0.995625
1591.199770 631.988278 -74.898581 -9.819403 -0.038358 0.052224 -0.067433 0.995617
1591.299603 632.088919 -74.933852 -9.818211 -0.034982 0.050500 -0.067299 0.995840
1591.399420 632.179694 -74.972383 -9.813436 -0.030530 0.046720 -0.066839 0.996202
1591.499264 632.265503 -75.010182 -9.819123 -0.029412 0.043403 -0.066579 0.996403
1591.599488 632.355604 -75.049889 -9.809883 -0.031159 0.042107 -0.066452 0.996414
1591.699335 632.448742 -75.086458 -9.809766 -0.037619 0.041616 -0.066252 0.996225
1591.799175 632.540129 -75.121731 -9.820332 -0.038137 0.043109 -0.065545 0.996188
1591.899815 632.627203 -75.162781 -9.826980 -0.033807 0.044756 -0.065067 0.996303
1591.999647 632.706673 -75.214462 -9.817145 -0.030370 0.046490 -0.065245 0.996323
1592.099487 632.781454 -75.265026 -9.812407 -0.030043 0.045724 -0.065676 0.996340
1592.199335 632.854664 -75.318553 -9.811506 -0.032032 0.043251 -0.065204 0.996419
1592.299161 632.929408 -75.369555 -9.812542 -0.034995 0.043391 -0.064908 0.996333
1592.399798 633.015844 -75.418741 -9.813800 -0.034803 0.045149 -0.064833 0.996267
1592.499642 633.098228 -75.469121 -9.816873 -0.036047 0.046224 -0.064675 0.996183
1592.599494 633.172342 -75.521810 -9.818391 -0.040845 0.046652 -0.063132 0.996077
1592.699335 633.238237 -75.572279 -9.819325 -0.047527 0.048046 -0.061112 0.995840
1592.799186 633.294889 -75.622496 -9.809438 -0.050172 0.051383 -0.059168 0.995661
1592.899834 633.348244 -75.674143 -9.804314 -0.047690 0.053835 -0.058717 0.995681
1592.999677 633.406006 -75.727717 -9.812130 -0.046887 0.056934 -0.058825 0.995540
1593.099511 633.468296 -75.779037 -9.815896 -0.045627 0.060508 -0.059237 0.995363
1593.199353 633.541590 -75.834057 -9.814143 -0.045699 0.063143 -0.059000 0.995210
1593.299195 633.622503 -75.885751 -9.813031 -0.046081 0.064445 -0.058625 0.995131
1593.399826 633.708387 -75.935798 -9.811818 -0.046547 0.065333 -0.058233 0.995075
1593.499678 633.788326 -75.985920 -9.812427 -0.048042 0.065286 -0.058566 0.994987
1593.599525 633.858521 -76.030572 -9.814971 -0.048992 0.065032 -0.059000 0.994932
1593.699359 633.928195 -76.075131 -9.823171 -0.051140 0.063668 -0.059196 0.994900
1593.799194 633.992793 -76.117174 -9.820227 -0.051380 0.062363 -0.059215 0.994970
1593.899839 634.060158 -76.158148 -9.814127 -0.053016 0.062723 -0.059467 0.994846
1593.999676 634.133239 -76.195781 -9.808162 -0.053238 0.064292 -0.059826 0.994713
1594.099512 634.205646 -76.238054 -9.805295 -0.051355 0.066316 -0.059910 0.994674
1594.199351 634.291471 -76.278010 -9.806695 -0.050586 0.068170 -0.060126 0.994575
1594.299204 634.384250 -76.309895 -9.815483 -0.052825 0.071239 -0.060282 0.994234
1594.399431 634.483343 -76.339528 -9.820639 -0.054157 0.073353 -0.059991 0.994026
1594.499254 634.577259 -76.374894 -9.821677 -0.054344 0.073486 -0.059627 0.994028
1594.599492 634.667722 -76.410140 -9.817991 -0.052447 0.072437 -0.059159 0.994235
1594.699335 634.761312 -76.434144 -9.823873 -0.051347 0.072200 -0.059350 0.994298
1594.799166 634.861877 -76.459227 -9.832828 -0.053426 0.071951 -0.059089 0.994222
1594.899801 634.967436 -76.483425 -9.833992 -0.056098 0.071921 -0.059252 0.994067
1594.999644 635.071358 -76.505151 -9.834630 -0.057632 0.072063 -0.059530 0.993953
1595.099489 635.175241 -76.526906 -9.847316 -0.058634 0.071199 -0.059693 0.993946
1595.199312 635.290319 -76.544758 -9.851636 -0.056655 0.071264 -0.059755 0.994053
1595.299161 635.403160 -76.559798 -9.862093 -0.057169 0.074816 -0.059989 0.993748
1595.399791 635.516255 -76.575523 -9.868214 -0.058247 0.078496 -0.059972 0.993403
1595.499618 635.631547 -76.587766 -9.868003 -0.060983 0.080122 -0.060239 0.993093
1595.599450 635.753886 -76.593716 -9.872829 -0.063658 0.079999 -0.060692 0.992907
1595.699295 635.875943 -76.596650 -9.876812 -0.062731 0.079951 -0.060742 0.992967
1595.799151 636.004841 -76.601668 -9.878310 -0.059463 0.080654 -0.060569 0.993122
1595.899806 636.137647 -76.609393 -9.883032 -0.058434 0.079852 -0.060770 0.993235
1595.999645 636.276107 -76.614173 -9.887077 -0.055166 0.078594 -0.061206 0.993496
1596.099479 636.421903 -76.605321 -9.892482 -0.050887 0.077715 -0.061455 0.993778
1596.199319 636.576023 -76.598446 -9.899305 -0.047854 0.076287 -0.061254 0.994051
1596.299161 636.727141 -76.594025 -9.907271 -0.045589 0.073866 -0.060808 0.994368
1596.399796 636.868752 -76.592212 -9.917290 -0.045483 0.070770 -0.060214 0.994634
1596.499635 637.012774 -76.588383 -9.921162 -0.044839 0.068061 -0.060270 0.994849
1596.599473 637.159488 -76.585946 -9.928761 -0.045290 0.063507 -0.060017 0.995145
1596.699297 637.309003 -76.583681 -9.943287 -0.045353 0.058917 -0.060193 0.995414
1596.799142 637.460194 -76.578857 -9.954046 -0.043195 0.056700 -0.060998 0.995590
1596.899784 637.614425 -76.579232 -9.965330 -0.043661 0.056184 -0.061343 0.995577
1596.999633 637.761263 -76.580547 -9.965002 -0.041703 0.055352 -0.063087 0.995599
1597.099473 637.910276 -76.583508 -9.965919 -0.042126 0.055677 -0.064212 0.995491
1597.199313 638.060752 -76.584137 -9.973302 -0.043889 0.057218 -0.064423 0.995314
1597.299165 638.203875 -76.583936 -9.984439 -0.045258 0.056577 -0.063995 0.995317
1597.399800 638.342211 -76.583004 -9.992056 -0.046647 0.055104 -0.063591 0.995361
1597.499624 638.471641 -76.588316 -10.001473 -0.047525 0.051969 -0.063232 0.995511
1597.599454 638.609137 -76.594028 -10.013707 -0.047502 0.049088 -0.062991 0.995674
1597.699289 638.742181 -76.596372 -10.031346 -0.045912 0.051725 -0.064107 0.995544
1597.799128 638.877744 -76.598233 -10.041198 -0.044888 0.055018 -0.064597 0.995382
1597.899759 639.012583 -76.592786 -10.054700 -0.047314 0.055404 -0.065089 0.995216
1597.999606 639.145069 -76.594731 -10.083914 -0.047364 0.056214 -0.064560 0.995203
1598.099449 639.272453 -76.595684 -10.115457 -0.044710 0.057068 -0.064672 0.995270
1598.199304 639.401858 -76.600958 -10.148457 -0.040664 0.055709 -0.065219 0.995485
1598.299148 639.535746 -76.610378 -10.180844 -0.035638 0.054228 -0.066290 0.995688
1598.399796 639.675237 -76.618531 -10.210856 -0.032373 0.055865 -0.067000 0.995662
1598.499634 639.810533 -76.619087 -10.248895 -0.035450 0.059601 -0.067220 0.995325
1598.599478 639.941135 -76.619164 -10.284668 -0.040850 0.064173 -0.067298 0.994829
1598.699317 640.065927 -76.626829 -10.321499 -0.043849 0.063908 -0.066856 0.994748
1598.799152 640.185448 -76.640222 -10.356324 -0.044262 0.061866 -0.065502 0.994949
1598.899782 640.297282 -76.651701 -10.391738 -0.045901 0.058703 -0.064780 0.995113
1598.999619 640.406678 -76.659750 -10.430520 -0.045737 0.056734 -0.064633 0.995245
1599.099443 640.519377 -76.670540 -10.474292 -0.045253 0.056555 -0.064622 0.995278
1599.199295 640.646726 -76.687971 -10.521527 -0.045485 0.060801 -0.064609 0.995018
1599.299130 640.773388 -76.694609 -10.563378 -0.044835 0.062816 -0.064868 0.994905
1599.399771 640.895185 -76.697230 -10.597495 -0.045032 0.061822 -0.064703 0.994969
1599.499628 641.014342 -76.709654 -10.617086 -0.045991 0.059819 -0.063938 0.995097
1599.599480 641.131814 -76.722515 -10.627604 -0.047167 0.060113 -0.063693 0.995040
1599.699326 641.253245 -76.731484 -10.637620 -0.046371 0.062679 -0.063831 0.994910
1599.799159 641.380116 -76.737822 -10.658881 -0.044723 0.064484 -0.064156 0.994850
1599.899802 641.499215 -76.744482 -10.679401 -0.043843 0.064289 -0.064290 0.994893
1599.999641 641.607879 -76.754617 -10.692853 -0.043379 0.064049 -0.064430 0.994919
1600.099478 641.713892 -76.761416 -10.701289 -0.042868 0.065099 -0.064456 0.994872
1600.199323 641.836938 -76.770197 -10.706709 -0.043257 0.066661 -0.064525 0.994747
1600.299156 641.958359 -76.778577 -10.711780 -0.044170 0.066197 -0.064571 0.994735
1600.399789 642.091821 -76.785651 -10.714258 -0.043820 0.065244 -0.064782 0.994800
1600.499640 642.227263 -76.796596 -10.714463 -0.044056 0.064509 -0.064891 0.994830
1600.599478 642.353586 -76.810483 -10.721231 -0.045179 0.063166 -0.064708 0.994878
1600.699313 642.474624 -76.820443 -10.730636 -0.044410 0.061103 -0.064582 0.995049
1600.799152 642.591502 -76.833634 -10.736404 -0.044419 0.059067 -0.064222 0.995195
1600.899782 642.712390 -76.843439 -10.738298 -0.045315 0.057703 -0.063977 0.995251
1600.999619 642.831750 -76.851017 -10.745238 -0.047426 0.057022 -0.064242 0.995174
1601.099467 642.951895 -76.862021 -10.747625 -0.045335 0.057575 -0.064091 0.995250
1601.199326 643.067426 -76.872969 -10.751847 -0.042597 0.057634 -0.063953 0.995376
1601.299169 643.184296 -76.884306 -10.753486 -0.040099 0.057275 -0.065179 0.995421
1601.399802 643.312144 -76.895127 -10.756227 -0.040552 0.055419 -0.066664 0.995410
1601.499630 643.432418 -76.905843 -10.763014 -0.041014 0.053661 -0.067535 0.995428
1601.599471 643.544343 -76.919142 -10.771492 -0.043128 0.054000 -0.070024 0.995149
1601.699318 643.650335 -76.938159 -10.780957 -0.043594 0.052266 -0.072628 0.995034
1601.799145 643.760791 -76.951768 -10.787092 -0.043905 0.051271 -0.074612 0.994925
1601.899774 643.872670 -76.960671 -10.779219 -0.041813 0.052387 -0.074716 0.994950
1601.999606 643.976318 -76.970080 -10.785360 -0.043858 0.054264 -0.074457 0.994780
1602.099443 644.079141 -76.979537 -10.803184 -0.046733 0.055297 -0.074311 0.994604
1602.199289 644.183075 -77.002969 -10.810906 -0.047954 0.056112 -0.073731 0.994543
1602.299131 644.296514 -77.027865 -10.802930 -0.046785 0.057310 -0.073130 0.994575
1602.399773 644.411601 -77.033469 -10.803637 -0.048487 0.058684 -0.070943 0.994571
1602.499625 644.522511 -77.032075 -10.809984 -0.048022 0.059594 -0.067599 0.994773
1602.599458 644.619839 -77.040773 -10.820117 -0.047703 0.058379 -0.063962 0.995101
1602.699302 644.706754 -77.053407 -10.818050 -0.046871 0.053407 -0.061132 0.995597
1602.799147 644.806382 -77.059399 -10.807666 -0.047935 0.052388 -0.059260 0.995714
1602.899795 644.902576 -77.067453 -10.806389 -0.047648 0.055601 -0.058610 0.995592
1602.999625 644.999522 -77.077698 -10.812680 -0.047900 0.057873 -0.059169 0.995417
1603.099462 645.101116 -77.096929 -10.836485 -0.046281 0.056590 -0.059215 0.995565
1603.199306 645.204833 -77.105834 -10.847881 -0.041459 0.054803 -0.059190 0.995879
1603.299136 645.300423 -77.111796 -10.853131 -0.041319 0.054485 -0.058720 0.995930
1603.399777 645.391324 -77.120709 -10.859047 -0.043224 0.055031 -0.058196 0.995850
1603.499620 645.482383 -77.128892 -10.866041 -0.043818 0.055324 -0.058333 0.995799
1603.599468 645.569776 -77.139303 -10.865980 -0.043845 0.054396 -0.058649 0.995831
1603.699314 645.668921 -77.149647 -10.854586 -0.044667 0.055502 -0.058726 0.995729
1603.799156 645.765272 -77.151931 -10.857575 -0.047400 0.054480 -0.058683 0.995661
1603.899798 645.863117 -77.157478 -10.878473 -0.047419 0.053695 -0.058060 0.995740
1603.999652 645.958601 -77.171672 -10.893318 -0.047724 0.056093 -0.057569 0.995621
1604.099499 646.045886 -77.186071 -10.892739 -0.046922 0.057598 -0.057676 0.995567
1604.199341 646.133542 -77.198144 -10.881892 -0.045546 0.059334 -0.058543 0.995479
1604.299198 646.223801 -77.201945 -10.883195 -0.043690 0.059862 -0.059164 0.995494
1604.399436 646.309857 -77.203414 -10.892785 -0.043089 0.059228 -0.059721 0.995524
1604.499261 646.393662 -77.211504 -10.900286 -0.044706 0.058838 -0.059762 0.995474
1604.599506 646.479621 -77.226611 -10.897620 -0.044877 0.058369 -0.059391 0.995516
1604.699344 646.567150 -77.240300 -10.894285 -0.045736 0.056561 -0.059239 0.995590
1604.799180 646.660880 -77.254511 -10.882751 -0.045775 0.055699 -0.058626 0.995673
1604.899825 646.751304 -77.263660 -10.887177 -0.045889 0.054991 -0.058565 0.995711
1604.999664 646.832511 -77.274062 -10.902030 -0.046643 0.055114 -0.058397 0.995679
1605.099508 646.904320 -77.278726 -10.908651 -0.045857 0.055365 -0.058245 0.995711
1605.199345 646.977587 -77.286483 -10.898702 -0.045930 0.054734 -0.058216 0.995744
1605.299183 647.050409 -77.293610 -10.893703 -0.048529 0.052039 -0.058694 0.995737
1605.399820 647.126157 -77.301789 -10.894010 -0.048078 0.051498 -0.059355 0.995748
1605.499666 647.213743 -77.313345 -10.905094 -0.047684 0.052388 -0.059554 0.995708
1605.599514 647.304060 -77.324075 -10.916721 -0.047828 0.053227 -0.059123 0.995683
1605.699363 647.386208 -77.335487 -10.926918 -0.049803 0.053974 -0.058481 0.995583
1605.799213 647.460370 -77.348706 -10.929096 -0.049535 0.056830 -0.058073 0.995462
1605.899463 647.527405 -77.353983 -10.922161 -0.046756 0.058156 -0.058288 0.995507
1605.999297 647.596070 -77.356428 -10.918972 -0.042351 0.055695 -0.058516 0.995831
1606.099141 647.669533 -77.364710 -10.920206 -0.040920 0.053812 -0.058454 0.995998
1606.199790 647.749358 -77.382684 -10.933853 -0.041894 0.054568 -0.058193 0.995932
1606.299639 647.823530 -77.388444 -10.946304 -0.043477 0.056401 -0.058096 0.995768
1606.399472 647.905114 -77.391132 -10.954557 -0.046069 0.058239 -0.057960 0.995553
1606.499306 647.991321 -77.402748 -10.953901 -0.045985 0.059398 -0.057768 0.995500
1606.599140 648.069944 -77.414358 -10.953887 -0.046437 0.059443 -0.057811 0.995474
1606.699776 648.145903 -77.423927 -10.960488 -0.046068 0.058675 -0.057896 0.995532
1606.799612 648.219280 -77.432202 -10.969384 -0.045951 0.059990 -0.058041 0.995450
1606.899446 648.290755 -77.443147 -10.971776 -0.044629 0.060962 -0.057869 0.995461
1606.999281 648.364691 -77.451100 -10.975373 -0.045145 0.061171 -0.058001 0.995417
1607.099123 648.437589 -77.463104 -10.978359 -0.046086 0.060823 -0.057833 0.995405
1607.199767 648.519725 -77.472102 -10.978941 -0.046237 0.059790 -0.058076 0.995447
1607.299616 648.599410 -77.481653 -10.981062 -0.046178 0.058709 -0.057973 0.995520
1607.399441 648.678703 -77.491613 -10.985663 -0.046350 0.058996 -0.057581 0.995518
1607.499297 648.755168 -77.496609 -10.987627 -0.046530 0.059954 -0.057802 0.995439
1607.599139 648.825140 -77.502057 -10.988222 -0.043464 0.057536 -0.058276 0.995693
1607.699770 648.898769 -77.515725 -10.985078 -0.042332 0.056451 -0.059046 0.995758
1607.799600 648.981035 -77.527814 -10.988535 -0.043609 0.057352 -0.060228 0.995581
1607.899446 649.080930 -77.542413 -10.999129 -0.043849 0.059189 -0.060380 0.995454
1607.999290 649.180415 -77.551281 -11.004685 -0.043094 0.061322 -0.060063 0.995377
1608.099124 649.266256 -77.556333 -11.012096 -0.043129 0.062922 -0.059415 0.995314
1608.199752 649.346867 -77.571357 -11.009336 -0.044281 0.061800 -0.058176 0.995407
1608.299587 649.420181 -77.580684 -11.015560 -0.050669 0.057490 -0.057943 0.995374
1608.399417 649.496480 -77.592642 -11.014689 -0.053011 0.055455 -0.057068 0.995418
1608.499259 649.580122 -77.604936 -11.011623 -0.051486 0.058852 -0.057408 0.995284
1608.599518 649.657463 -77.618368 -11.013234 -0.049469 0.065007 -0.058188 0.994958
1608.699375 649.731198 -77.628693 -11.025071 -0.046332 0.069408 -0.058941 0.994767
1608.799202 649.816382 -77.635774 -11.032270 -0.042300 0.066026 -0.059319 0.995155
1608.899450 649.904086 -77.635548 -11.023946 -0.040253 0.057570 -0.059766 0.995738
1608.999300 649.991871 -77.645394 -11.015834 -0.041037 0.052459 -0.059567 0.996000
1609.099133 650.082978 -77.657546 -11.023274 -0.040466 0.053372 -0.059189 0.995997
1609.199763 650.170205 -77.667985 -11.038703 -0.040698 0.055802 -0.058447 0.995898
1609.299607 650.254138 -77.680146 -11.050576 -0.044118 0.057777 -0.057722 0.995682
1609.399447 650.340204 -77.689696 -11.053420 -0.047215 0.059532 -0.057312 0.995461
1609.499286 650.426940 -77.706236 -11.041139 -0.048969 0.060889 -0.056921 0.995316
1609.599139 650.512380 -77.717156 -11.038176 -0.046978 0.059658 -0.056892 0.995488
1609.699788 650.589106 -77.727319 -11.052197 -0.045562 0.059092 -0.056838 0.995591
1609.799619 650.665739 -77.737474 -11.073780 -0.045660 0.060925 -0.057020 0.995466
1609.899458 650.743475 -77.744116 -11.081434 -0.045749 0.063235 -0.057168 0.995309
1609.999288 650.822271 -77.755351 -11.082433 -0.046147 0.064662 -0.057350 0.995189
1610.099137 650.902879 -77.770431 -11.088390 -0.046036 0.065054 -0.057327 0.995169
1610.199778 650.989925 -77.782457 -11.104581 -0.046611 0.063052 -0.057386 0.995268
1610.299616 651.074632 -77.792234 -11.122251 -0.046296 0.061740 -0.057576 0.995354
1610.399450 651.162700 -77.807029 -11.148980 -0.045858 0.061211 -0.057611 0.995405
1610.499294 651.251688 -77.818572 -11.165903 -0.045223 0.062579 -0.057843 0.995336
1610.599132 651.344380 -77.836388 -11.181150 -0.045519 0.062512 -0.057741 0.995332
1610.699777 651.444545 -77.852586 -11.191398 -0.046282 0.062609 -0.057607 0.995299
1610.799616 651.545316 -77.868068 -11.197765 -0.046524 0.062265 -0.057312 0.995326
1610.899475 651.642823 -77.877801 -11.206397 -0.045814 0.062613 -0.057617 0.995320
1610.999324 651.724568 -77.881955 -11.222363 -0.045425 0.064043 -0.057383 0.995260
1611.099169 651.796492 -77.890767 -11.228947 -0.046481 0.065907 -0.056999 0.995112
1611.199815 651.870951 -77.905113 -11.231374 -0.047609 0.066325 -0.056995 0.995031
1611.299652 651.952124 -77.918152 -11.230595 -0.046593 0.065928 -0.057064 0.995101
1611.399487 652.040161 -77.932234 -11.231813 -0.044901 0.065129 -0.057632 0.995199
1611.499330 652.138140 -77.940586 -11.235948 -0.043178 0.063574 -0.057777 0.995367
1611.599174 652.237241 -77.946860 -11.236813 -0.043821 0.063248 -0.057664 0.995366
1611.699821 652.338019 -77.962125 -11.242396 -0.046207 0.066254 -0.057388 0.995079
1611.799651 652.446441 -77.982006 -11.252189 -0.047453 0.069709 -0.057226 0.994793
1611.899500 652.551870 -77.996454 -11.262954 -0.045128 0.068728 -0.057447 0.994957
1611.999343 652.653223 -78.008431 -11.264201 -0.043475 0.065115 -0.058138 0.995234
1612.099193 652.753174 -78.018095 -11.264787 -0.042931 0.062052 -0.058841 0.995412
1612.199850 652.849480 -78.029460 -11.261186 -0.043240 0.061325 -0.059060 0.995430
1612.299680 652.941351 -78.043061 -11.263599 -0.044112 0.062553 -0.058628 0.995341
1612.399510 653.036674 -78.055073 -11.273285 -0.044402 0.062339 -0.058156 0.995369
1612.499344 653.133214 -78.067256 -11.283879 -0.044787 0.062804 -0.058321 0.995313
1612.599195 653.234138 -78.082136 -11.290865 -0.044532 0.063143 -0.058420 0.995297
1612.699822 653.339299 -78.101372 -11.291718 -0.045161 0.061784 -0.058332 0.995360
1612.799651 653.438868 -78.117406 -11.293032 -0.047932 0.059990 -0.058399 0.995336
1612.899486 653.541889 -78.134213 -11.293099 -0.049492 0.059026 -0.058114 0.995334
1612.999329 653.641014 -78.146988 -11.297199 -0.048408 0.058513 -0.058394 0.995401
1613.099184 653.739498 -78.153875 -11.307295 -0.047422 0.058796 -0.058632 0.995418
1613.199832 653.850060 -78.166430 -11.313912 -0.045095 0.058353 -0.059074 0.995526
1613.299652 653.956709 -78.179834 -11.317331 -0.045245 0.059565 -0.059825 0.995402
1613.399499 654.051471 -78.192860 -11.319798 -0.044612 0.061413 -0.060199 0.995296
1613.499349 654.150018 -78.206805 -11.328294 -0.044957 0.062883 -0.061039 0.995138
1613.599189 654.251965 -78.219805 -11.329447 -0.045455 0.065417 -0.061125 0.994946
1613.699825 654.351421 -78.231065 -11.333797 -0.045682 0.064792 -0.060821 0.994995
1613.799669 654.452009 -78.247738 -11.335905 -0.045267 0.064312 -0.059781 0.995109
1613.899504 654.555878 -78.264296 -11.339036 -0.046757 0.063117 -0.059002 0.995163
1613.999353 654.672270 -78.284173 -11.344327 -0.048212 0.063747 -0.058336 0.995092
1614.099176 654.794357 -78.300000 -11.351360 -0.049001 0.064452 -0.058370 0.995006
1614.199843 654.903667 -78.312020 -11.360177 -0.048234 0.065247 -0.058242 0.995000
1614.299685 655.004422 -78.324223 -11.365968 -0.046320 0.066097 -0.058034 0.995047
1614.399513 655.111204 -78.340795 -11.362053 -0.045128 0.065100 -0.057686 0.995187
1614.499355 655.217246 -78.360039 -11.358025 -0.045649 0.061963 -0.057297 0.995386
1614.599205 655.321084 -78.380068 -11.362973 -0.047179 0.060232 -0.057191 0.995427
1614.699437 655.428051 -78.401198 -11.378410 -0.047583 0.060342 -0.057583 0.995379
1614.799276 655.532558 -78.415321 -11.387954 -0.046772 0.061272 -0.057397 0.995371
1614.899524 655.627866 -78.414914 -11.394460 -0.045927 0.061222 -0.057269 0.995421
1614.999357 655.717797 -78.421586 -11.397141 -0.047432 0.059627 -0.056915 0.995467
1615.099204 655.818383 -78.437586 -11.398505 -0.048885 0.058229 -0.056998 0.995475
1615.199439 655.932613 -78.456349 -11.400518 -0.050373 0.059417 -0.057563 0.995298
1615.299277 656.051544 -78.471463 -11.406783 -0.048562 0.060205 -0.058128 0.995308
1615.399119 656.165631 -78.486838 -11.421193 -0.045024 0.060122 -0.058859 0.995436
1615.499760 656.269434 -78.505018 -11.431561 -0.040129 0.059848 -0.058872 0.995662
1615.599598 656.370094 -78.518834 -11.437808 -0.042102 0.060981 -0.058191 0.995551
1615.699437 656.477567 -78.530881 -11.440363 -0.045724 0.059779 -0.057500 0.995505
1615.799271 656.590424 -78.543247 -11.435758 -0.049148 0.057411 -0.057003 0.995509
1615.899513 656.697232 -78.556083 -11.431663 -0.051177 0.055250 -0.056731 0.995545
1615.999365 656.799724 -78.567198 -11.435205 -0.051368 0.057711 -0.057412 0.995357
1616.099200 656.898772 -78.576586 -11.441343 -0.047635 0.058640 -0.057693 0.995472
1616.199433 656.995460 -78.591136 -11.456023 -0.042525 0.058148 -0.057443 0.995746
1616.299273 657.098381 -78.590458 -11.455379 -0.041566 0.062274 -0.058432 0.995480
1616.399515 657.190051 -78.603072 -11.455482 -0.041416 0.061944 -0.058074 0.995528
1616.499364 657.275224 -78.617292 -11.462558 -0.043049 0.060231 -0.058376 0.995546
1616.599217 657.366795 -78.631979 -11.471364 -0.044911 0.059659 -0.058046 0.995517
1616.699446 657.465320 -78.653936 -11.482478 -0.046151 0.061396 -0.057549 0.995384
1616.799293 657.564910 -78.664615 -11.486408 -0.046235 0.062413 -0.057496 0.995320
1616.899145 657.663377 -78.667802 -11.480625 -0.047265 0.063540 -0.057640 0.995192
1616.999779 657.761849 -78.681100 -11.483296 -0.047521 0.063646 -0.057991 0.995152
1617.099619 657.862941 -78.701222 -11.503022 -0.047674 0.062659 -0.058448 0.995181
1617.199467 657.975542 -78.706860 -11.515541 -0.046887 0.061303 -0.058855 0.995279
1617.299314 658.089471 -78.718096 -11.518070 -0.043175 0.059682 -0.057998 0.995595
1617.399148 658.192723 -78.731293 -11.518528 -0.043445 0.059782 -0.057731 0.995593
1617.499792 658.284007 -78.747098 -11.516564 -0.047783 0.059494 -0.057403 0.995431
1617.599619 658.362771 -78.761664 -11.519142 -0.048404 0.056695 -0.057012 0.995586
1617.699458 658.446386 -78.779961 -11.511093 -0.046147 0.055289 -0.056379 0.995809
1617.799284 658.541977 -78.789012 -11.515513 -0.044877 0.058303 -0.056521 0.995687
1617.899100 658.640770 -78.799023 -11.527889 -0.045439 0.060048 -0.056388 0.995565
1617.999738 658.739199 -78.808718 -11.536755 -0.047263 0.060988 -0.056858 0.995396
1618.099568 658.834894 -78.819928 -11.537722 -0.047588 0.060427 -0.057091 0.995402
1618.199408 658.922817 -78.839203 -11.535139 -0.047498 0.059645 -0.056869 0.995466
1618.299242 659.015424 -78.851252 -11.536800 -0.045902 0.059250 -0.057398 0.995534
1618.399486 659.103095 -78.865084 -11.541112 -0.045707 0.059358 -0.057498 0.995531
1618.499346 659.186167 -78.886267 -11.544188 -0.045987 0.058808 -0.057222 0.995566
1618.599176 659.273498 -78.893088 -11.549592 -0.047150 0.059232 -0.057541 0.995468
1618.699811 659.361603 -78.893701 -11.550617 -0.047698 0.060325 -0.057112 0.995401
1618.799639 659.449407 -78.903530 -11.557231 -0.049034 0.062604 -0.057059 0.995199
1618.899502 659.538308 -78.912856 -11.561394 -0.046043 0.065105 -0.057176 0.995174
1618.999347 659.626493 -78.923841 -11.567781 -0.042150 0.067699 -0.057462 0.995157
1619.099189 659.720675 -78.939272 -11.574627 -0.041312 0.069107 -0.057768 0.995078
1619.199827 659.812129 -78.954685 -11.576052 -0.042723 0.070302 -0.057854 0.994930
1619.299665 659.911719 -78.968250 -11.581607 -0.045238 0.070612 -0.057780 0.994801
1619.399506 660.004822 -78.977231 -11.583395 -0.045492 0.069233 -0.057903 0.994879
1619.499344 660.097737 -78.983898 -11.583237 -0.044854 0.068551 -0.057937 0.994953
1619.599171 660.192826 -78.993097 -11.583769 -0.043952 0.068980 -0.057894 0.994966
1619.699819 660.292329 -79.002755 -11.587985 -0.044405 0.069151 -0.058252 0.994914
1619.799648 660.388286 -79.017603 -11.603338 -0.045592 0.068633 -0.057991 0.994911
1619.899478 660.484944 -79.031852 -11.609910 -0.044747 0.069010 -0.057593 0.994946
1619.999317 660.584885 -79.051651 -11.605616 -0.045289 0.068733 -0.057122 0.994968
1620.099154 660.680981 -79.070572 -11.604818 -0.046430 0.066955 -0.056964 0.995046
1620.199783 660.782956 -79.082466 -11.608414 -0.046688 0.067532 -0.057453 0.994967
1620.299614 660.887048 -79.095303 -11.613864 -0.046862 0.068758 -0.057866 0.994851
1620.399453 660.996574 -79.113939 -11.617381 -0.045610 0.068248 -0.057446 0.994968
1620.499293 661.109459 -79.124791 -11.619071 -0.044891 0.067427 -0.057549 0.995051
1620.599141 661.218706 -79.135911 -11.616602 -0.045722 0.066739 -0.057686 0.995052
1620.699775 661.321934 -79.143497 -11.616113 -0.045855 0.065070 -0.058034 0.995136
1620.799620 661.425513 -79.154573 -11.622900 -0.044221 0.062849 -0.058870 0.995303
1620.899454 661.527496 -79.168947 -11.632338 -0.043192 0.061144 -0.061334 0.995306
1620.999282 661.644782 -79.191437 -11.638004 -0.042170 0.061757 -0.063785 0.995158
1621.099116 661.763952 -79.213935 -11.645947 -0.040428 0.063435 -0.066957 0.994916
1621.199747 661.870336 -79.234036 -11.652735 -0.040993 0.063723 -0.069751 0.994683
1621.299583 661.984144 -79.245333 -11.662754 -0.042633 0.062815 -0.072409 0.994482
1621.399427 662.103751 -79.260503 -11.658386 -0.043845 0.061355 -0.073823 0.994416
1621.499261 662.222773 -79.282348 -11.653661 -0.043589 0.060305 -0.075048 0.994400
1621.599495 662.336454 -79.303243 -11.656185 -0.042919 0.058782 -0.076997 0.994371
1621.699320 662.436666 -79.316219 -11.668811 -0.045270 0.059425 -0.078706 0.994095
1621.799151 662.529732 -79.330256 -11.691887 -0.045565 0.060929 -0.078543 0.994003
1621.899771 662.632461 -79.347590 -11.698374 -0.046466 0.061419 -0.078210 0.993958
1621.999611 662.733942 -79.366233 -11.690742 -0.045152 0.061303 -0.077955 0.994045
1622.099443 662.826684 -79.382865 -11.678931 -0.045919 0.062998 -0.078003 0.993901
1622.199290 662.922969 -79.402358 -11.685627 -0.045070 0.063675 -0.078405 0.993865
1622.299121 663.037859 -79.425121 -11.695937 -0.044401 0.064427 -0.078768 0.993818
1622.399759 663.164203 -79.443801 -11.700916 -0.043685 0.064302 -0.078705 0.993862
1622.499603 663.280885 -79.461410 -11.700639 -0.043747 0.062796 -0.078394 0.993981
1622.599425 663.383673 -79.476972 -11.699063 -0.044401 0.062074 -0.078516 0.993987
1622.699248 663.483662 -79.487472 -11.699849 -0.044392 0.062225 -0.078869 0.993950
1622.799485 663.586599 -79.511124 -11.706152 -0.044224 0.063113 -0.078953 0.993895
1622.899327 663.698161 -79.530883 -11.722452 -0.045449 0.065568 -0.079074 0.993671
1622.999176 663.806118 -79.552283 -11.736412 -0.045885 0.066359 -0.078044 0.993680
1623.099817 663.917317 -79.570823 -11.732683 -0.046677 0.065027 -0.078275 0.993713
1623.199666 664.031014 -79.588154 -11.730635 -0.046183 0.065223 -0.078691 0.993690
1623.299501 664.141060 -79.602617 -11.731413 -0.045290 0.065490 -0.079403 0.993657
1623.399339 664.250551 -79.623736 -11.736180 -0.044604 0.065351 -0.079446 0.993694
1623.499182 664.363113 -79.646799 -11.740409 -0.045135 0.065402 -0.079245 0.993683
1623.599811 664.472917 -79.670371 -11.741278 -0.046635 0.065946 -0.078619 0.993627
1623.699653 664.591487 -79.687292 -11.741789 -0.047169 0.065298 -0.078878 0.993625
1623.799484 664.702193 -79.708006 -11.741410 -0.045078 0.064211 -0.078715 0.993805
1623.899320 664.820380 -79.733464 -11.746678 -0.044240 0.064814 -0.078548 0.993817
1623.999158 664.934005 -79.751514 -11.761742 -0.045165 0.065828 -0.078694 0.993697
1624.099793 665.043346 -79.770976 -11.770347 -0.050645 0.064567 -0.078288 0.993548
1624.199648 665.150362 -79.792390 -11.778043 -0.050005 0.065321 -0.078088 0.993547
1624.299491 665.257170 -79.807142 -11.779996 -0.048410 0.065124 -0.078430 0.993612
1624.399329 665.365942 -79.818346 -11.777142 -0.043470 0.064180 -0.078861 0.993867
1624.499169 665.475812 -79.836327 -11.774612 -0.040804 0.064125 -0.079363 0.993944
1624.599798 665.587517 -79.856438 -11.776623 -0.041250 0.064476 -0.079798 0.993868
1624.699633 665.706620 -79.875603 -11.785695 -0.044354 0.064222 -0.079749 0.993755
1624.799482 665.826452 -79.888123 -11.783429 -0.046361 0.062520 -0.080026 0.993749
1624.899307 665.933622 -79.906574 -11.784357 -0.048531 0.062957 -0.079421 0.993667
1624.999155 666.043860 -79.933407 -11.800127 -0.049113 0.065206 -0.077047 0.993680
1625.099794 666.162933 -79.946180 -11.801654 -0.050431 0.065864 -0.072939 0.993881
1625.199646 666.275124 -79.954104 -11.806990 -0.047678 0.066952 -0.069072 0.994220
1625.299500 666.390855 -79.970674 -11.809630 -0.044495 0.064584 -0.067781 0.994613
1625.399319 666.510561 -79.995731 -11.807719 -0.045747 0.060993 -0.067201 0.994822
1625.499168 666.633674 -80.018225 -11.805803 -0.049759 0.061156 -0.067963 0.994568
1625.599807 666.751641 -80.035038 -11.809550 -0.050577 0.065893 -0.068871 0.994161
1625.699643 666.866719 -80.048986 -11.819380 -0.047911 0.070822 -0.068975 0.993947
1625.799496 666.988986 -80.065442 -11.826750 -0.045195 0.073411 -0.068757 0.993902
1625.899344 667.108650 -80.087059 -11.832203 -0.043303 0.071481 -0.068954 0.994113
1625.999187 667.221598 -80.105278 -11.839140 -0.042652 0.067922 -0.069596 0.994346
1626.099830 667.331884 -80.118034 -11.843033 -0.042894 0.066152 -0.069292 0.994476
1626.199664 667.437410 -80.130966 -11.847249 -0.045098 0.065758 -0.067447 0.994531
1626.299507 667.553162 -80.145788 -11.853747 -0.045567 0.066185 -0.066080 0.994574
1626.399345 667.684028 -80.164496 -11.856176 -0.044891 0.066607 -0.066029 0.994580
1626.499184 667.810567 -80.188281 -11.864702 -0.046270 0.066604 -0.066084 0.994513
1626.599825 667.928298 -80.210679 -11.877896 -0.045388 0.067038 -0.066205 0.994516
1626.699677 668.038752 -80.237008 -11.883344 -0.045198 0.068862 -0.066079 0.994409
1626.799527 668.152771 -80.245496 -11.885675 -0.044695 0.070573 -0.066495 0.994284
1626.899355 668.277437 -80.249567 -11.879238 -0.044953 0.071817 -0.066802 0.994162
1626.999182 668.404527 -80.269886 -11.881017 -0.044992 0.071651 -0.066632 0.994184
1627.099822 668.520442 -80.296700 -11.889103 -0.045371 0.071115 -0.066585 0.994209
1627.199668 668.639722 -80.320190 -11.894741 -0.045562 0.069318 -0.066560 0.994328
1627.299503 668.772047 -80.341704 -11.902605 -0.046593 0.067916 -0.066803 0.994361
1627.399334 668.899811 -80.362726 -11.915793 -0.045140 0.067814 -0.066361 0.994465
1627.499176 669.025724 -80.381698 -11.928596 -0.045449 0.065732 -0.066171 0.994603
1627.599809 669.143564 -80.400118 -11.927625 -0.049628 0.063772 -0.065809 0.994555
1627.699645 669.259800 -80.411373 -11.912896 -0.050040 0.066499 -0.065870 0.994352
1627.799490 669.383646 -80.428087 -11.916862 -0.046021 0.069398 -0.066175 0.994327
1627.899345 669.504998 -80.448261 -11.926553 -0.043099 0.070023 -0.066916 0.994365
1627.999195 669.621116 -80.467237 -11.928613 -0.040010 0.066631 -0.067522 0.994686
1628.099833 669.749450 -80.482685 -11.925163 -0.040737 0.064294 -0.067890 0.994785
1628.199676 669.885787 -80.497021 -11.934428 -0.042156 0.063756 -0.067664 0.994776
1628.299528 670.018900 -80.515740 -11.943147 -0.045642 0.062457 -0.066784 0.994764
1628.399362 670.139657 -80.532712 -11.951514 -0.048194 0.057767 -0.066144 0.994970
1628.499202 670.260022 -80.554883 -11.959006 -0.049139 0.055129 -0.065817 0.995095
1628.599441 670.371256 -80.572326 -11.960332 -0.048829 0.055650 -0.065360 0.995111
1628.699272 670.482568 -80.595402 -11.969737 -0.049009 0.055127 -0.063955 0.995223
1628.799503 670.591688 -80.611847 -11.974967 -0.048756 0.054060 -0.063624 0.995315
1628.899347 670.704861 -80.626577 -11.976323 -0.046004 0.058282 -0.063781 0.995198
1628.999184 670.812314 -80.643929 -11.981127 -0.044277 0.062272 -0.063654 0.995043
1629.099818 670.919249 -80.656952 -11.987902 -0.043170 0.063329 -0.063811 0.995015
1629.199676 671.029272 -80.671798 -11.995301 -0.044825 0.062682 -0.063685 0.994990
1629.299510 671.142352 -80.681724 -12.000528 -0.045327 0.061964 -0.063926 0.994997
1629.399339 671.251209 -80.693988 -12.001804 -0.045288 0.061845 -0.063971 0.995003
1629.499180 671.354031 -80.706098 -12.014105 -0.044693 0.062692 -0.064222 0.994961
1629.599827 671.461086 -80.723553 -12.019635 -0.044621 0.064695 -0.064401 0.994825
1629.699668 671.571120 -80.738210 -12.026407 -0.044647 0.065640 -0.064487 0.994756
1629.799521 671.681515 -80.760900 -12.045489 -0.045136 0.064823 -0.064160 0.994809
1629.899360 671.782599 -80.793177 -12.071898 -0.045612 0.062471 -0.063788 0.994961
1629.999197 671.886106 -80.817452 -12.100354 -0.045039 0.062069 -0.064066 0.994995
1630.099824 671.994451 -80.820945 -12.121114 -0.044392 0.063773 -0.064397 0.994895
1630.199675 672.102466 -80.826848 -12.150093 -0.044080 0.065232 -0.064536 0.994805
1630.299526 672.202882 -80.836506 -12.174314 -0.044964 0.066431 -0.064638 0.994679
1630.399374 672.302860 -80.861907 -12.203440 -0.045189 0.066425 -0.064196 0.994698
1630.499211 672.405937 -80.886980 -12.233776 -0.046502 0.064525 -0.063678 0.994796
1630.599446 672.505559 -80.909386 -12.264758 -0.046986 0.061923 -0.063268 0.994965
1630.699295 672.608956 -80.927636 -12.297736 -0.044030 0.062616 -0.063524 0.995040
1630.799117 672.715452 -80.939050 -12.322057 -0.044042 0.065687 -0.063667 0.994833
1630.899746 672.821650 -80.948325 -12.332060 -0.044133 0.069341 -0.063844 0.994569
1630.999587 672.919166 -80.960241 -12.345258 -0.043949 0.070969 -0.063700 0.994472
1631.099433 673.027669 -80.981494 -12.357122 -0.044684 0.071089 -0.063234 0.994460
1631.199284 673.127320 -81.002649 -12.378255 -0.044104 0.070766 -0.063129 0.994516
1631.299121 673.231111 -81.015761 -12.396195 -0.044284 0.069842 -0.062919 0.994586
1631.399755 673.334164 -81.027376 -12.411144 -0.044542 0.070582 -0.063007 0.994517
1631.499587 673.438893 -81.043568 -12.430414 -0.044956 0.072465 -0.062948 0.994367
1631.599441 673.554647 -81.065462 -12.445417 -0.045425 0.072602 -0.063198 0.994320
1631.699291 673.665926 -81.075512 -12.450101 -0.044216 0.071129 -0.063837 0.994440
1631.799134 673.777337 -81.085819 -12.453182 -0.043019 0.070326 -0.064093 0.994533
1631.899791 673.890034 -81.108625 -12.467882 -0.042795 0.070258 -0.063815 0.994565
1631.999636 674.008396 -81.129665 -12.493780 -0.044102 0.071016 -0.063899 0.994449
1632.099489 674.119236 -81.146398 -12.524572 -0.044778 0.071608 -0.063970 0.994372
1632.199325 674.234152 -81.158692 -12.549927 -0.043814 0.071702 -0.064166 0.994395
1632.299173 674.350159 -81.178031 -12.564087 -0.044125 0.070404 -0.064115 0.994477
1632.399806 674.464400 -81.199255 -12.579468 -0.043237 0.068079 -0.063875 0.994694
1632.499629 674.567695 -81.216475 -12.600243 -0.043370 0.065828 -0.063853 0.994841
1632.599474 674.680812 -81.228386 -12.629049 -0.043443 0.065595 -0.064134 0.994835
1632.699315 674.802465 -81.242176 -12.648415 -0.046432 0.068420 -0.064294 0.994499
1632.799148 674.925330 -81.255894 -12.668334 -0.045286 0.069164 -0.064474 0.994489
1632.899772 675.050345 -81.281769 -12.693531 -0.041742 0.067471 -0.064616 0.994751
1632.999612 675.167255 -81.296489 -12.720941 -0.040183 0.067556 -0.065107 0.994778
1633.099464 675.281514 -81.308060 -12.745368 -0.040405 0.067025 -0.065024 0.994810
1633.199300 675.401281 -81.330540 -12.761193 -0.043711 0.066835 -0.064078 0.994744
1633.299124 675.535566 -81.355083 -12.786811 -0.047830 0.066580 -0.063424 0.994614
1633.399771 675.663608 -81.376741 -12.805394 -0.048135 0.065923 -0.063209 0.994657
1633.499609 675.775655 -81.391645 -12.810588 -0.047114 0.064641 -0.063626 0.994763
1633.599448 675.889842 -81.408403 -12.817837 -0.046111 0.063567 -0.063911 0.994861
1633.699292 676.019215 -81.428841 -12.825659 -0.044851 0.063811 -0.064065 0.994893
1633.799125 676.144114 -81.449376 -12.835258 -0.043172 0.064441 -0.063915 0.994936
1633.899768 676.262005 -81.463367 -12.845202 -0.042730 0.065180 -0.063659 0.994924
1633.999605 676.374697 -81.474718 -12.847868 -0.043566 0.064839 -0.063296 0.994933
1634.099452 676.500454 -81.489277 -12.849168 -0.044884 0.064857 -0.063044 0.994889
1634.199288 676.630804 -81.507956 -12.846821 -0.046266 0.063251 -0.063227 0.994918
1634.299119 676.760411 -81.532355 -12.853191 -0.047772 0.059449 -0.062990 0.995096
1634.399761 676.886079 -81.551908 -12.850022 -0.047447 0.059143 -0.063293 0.995110
1634.499608 677.012981 -81.574407 -12.859406 -0.043861 0.059423 -0.063745 0.995229
1634.599451 677.129308 -81.591526 -12.870369 -0.043309 0.060423 -0.064528 0.995143
1634.699285 677.238958 -81.607271 -12.881306 -0.046073 0.063046 -0.064912 0.994831
1634.799115 677.356869 -81.626641 -12.885073 -0.045859 0.065186 -0.064718 0.994716
1634.899753 677.477916 -81.643634 -12.888512 -0.045782 0.064767 -0.064473 0.994763
1634.999602 677.600527 -81.659546 -12.884349 -0.044621 0.064763 -0.064197 0.994833
1635.099432 677.725420 -81.676353 -12.886616 -0.044552 0.065815 -0.064081 0.994775
1635.199270 677.846031 -81.692121 -12.897078 -0.044511 0.066021 -0.063841 0.994779
1635.299492 677.960613 -81.708057 -12.912372 -0.043609 0.066942 -0.063421 0.994784
1635.399335 678.073103 -81.729128 -12.925647 -0.046156 0.068533 -0.062639 0.994610
1635.499180 678.186252 -81.741003 -12.922412 -0.047173 0.069669 -0.061803 0.994536
1635.599817 678.297533 -81.759025 -12.916005 -0.050133 0.070007 -0.060645 0.994438
1635.699668 678.411633 -81.776788 -12.922390 -0.051228 0.071787 -0.060911 0.994239
1635.799510 678.524017 -81.801249 -12.928181 -0.046899 0.071927 -0.061655 0.994397
1635.899352 678.646319 -81.814549 -12.938037 -0.040734 0.068414 -0.062353 0.994873
1635.999185 678.774083 -81.826801 -12.948872 -0.039125 0.066610 -0.062832 0.995030
1636.099810 678.906054 -81.842638 -12.950560 -0.042146 0.064169 -0.062655 0.995078
1636.199652 679.031180 -81.859887 -12.949989 -0.045542 0.064385 -0.062330 0.994935
1636.299481 679.150705 -81.879418 -12.954654 -0.045268 0.064240 -0.061965 0.994980
1636.399312 679.270219 -81.900379 -12.956697 -0.044703 0.064640 -0.061898 0.994983
1636.499169 679.387387 -81.914691 -12.958148 -0.043290 0.063493 -0.061729 0.995130
1636.599793 679.506059 -81.925684 -12.959783 -0.044972 0.065561 -0.062396 0.994880
1636.699643 679.619512 -81.938773 -12.966299 -0.044096 0.067175 -0.062674 0.994794
1636.799484 679.736972 -81.962045 -12.975001 -0.040771 0.067203 -0.063293 0.994895
1636.899334 679.860335 -81.983063 -12.987061 -0.040544 0.067127 -0.063426 0.994901
1636.999176 679.984237 -82.002845 -12.992567 -0.043723 0.066989 -0.062612 0.994827
1637.099818 680.107538 -82.021416 -12.991295 -0.046759 0.066137 -0.062131 0.994776
1637.199656 680.226012 -82.035216 -12.996028 -0.046800 0.064093 -0.061464 0.994949
1637.299506 680.347620 -82.047911 -13.002140 -0.045550 0.062311 -0.060868 0.995157
1637.399347 680.467215 -82.070053 -13.005676 -0.045582 0.060642 -0.059986 0.995312
1637.499192 680.597305 -82.091393 -13.008539 -0.047741 0.062548 -0.059938 0.995096
1637.599838 680.728694 -82.110545 -13.019705 -0.050740 0.066698 -0.059648 0.994695
1637.699680 680.849797 -82.123465 -13.023467 -0.052146 0.068315 -0.058903 0.994557
1637.799523 680.967733 -82.132048 -13.030272 -0.050126 0.066585 -0.059173 0.994762
1637.899375 681.081812 -82.145366 -13.044681 -0.043445 0.064569 -0.060309 0.995141
1637.999199 681.200017 -82.158592 -13.052480 -0.035769 0.062168 -0.061775 0.995510
1638.099439 681.324839 -82.174176 -13.062620 -0.037075 0.061830 -0.062264 0.995453
1638.199278 681.452001 -82.192126 -13.059050 -0.039720 0.066327 -0.062018 0.995076
1638.299123 681.581581 -82.206333 -13.051331 -0.042945 0.068733 -0.061755 0.994795
1638.399756 681.698481 -82.217824 -13.058732 -0.042586 0.068019 -0.061774 0.994859
1638.499608 681.815929 -82.232240 -13.067954 -0.043066 0.067233 -0.061933 0.994882
1638.599446 681.936465 -82.248108 -13.077721 -0.043124 0.066676 -0.062002 0.994912
1638.699279 682.056056 -82.264399 -13.086470 -0.043186 0.066256 -0.061947 0.994941
1638.799128 682.169557 -82.287663 -13.085150 -0.043991 0.065889 -0.061655 0.994948
1638.899760 682.272065 -82.304914 -13.088280 -0.045643 0.063929 -0.061913 0.994986
1638.999610 682.373213 -82.312360 -13.097451 -0.046339 0.061962 -0.062061 0.995069
1639.099459 682.485322 -82.321341 -13.104173 -0.045069 0.061320 -0.062116 0.995163
1639.199310 682.611300 -82.336823 -13.111754 -0.043347 0.064006 -0.061831 0.995089
1639.299150 682.746036 -82.355373 -13.117757 -0.046189 0.067491 -0.061483 0.994752
1639.399782 682.873961 -82.376555 -13.121255 -0.047533 0.068870 -0.061086 0.994619
1639.499630 682.998919 -82.399230 -13.119895 -0.046147 0.068391 -0.060635 0.994744
1639.599463 683.110633 -82.415004 -13.129247 -0.041255 0.065827 -0.060808 0.995122
1639.699306 683.226159 -82.427506 -13.133737 -0.040762 0.064469 -0.061161 0.995209
1639.799142 683.349359 -82.438255 -13.134735 -0.043008 0.064438 -0.061508 0.995095
1639.899799 683.473436 -82.453231 -13.140970 -0.045506 0.064687 -0.061741 0.994954
1639.999643 683.597301 -82.475432 -13.148819 -0.045485 0.065348 -0.061902 0.994901
1640.099485 683.719263 -82.501383 -13.160644 -0.044642 0.065288 -0.061955 0.994940
1640.199325 683.827693 -82.518645 -13.154668 -0.043538 0.065179 -0.062432 0.994967
1640.299172 683.931484 -82.529878 -13.151298 -0.041781 0.061284 -0.062150 0.995307
1640.399812 684.033651 -82.538850 -13.154571 -0.043684 0.059656 -0.061981 0.995335
1640.499648 684.150636 -82.555426 -13.165006 -0.045684 0.060868 -0.062231 0.995156
1640.599496 684.270937 -82.571186 -13.174992 -0.046420 0.062114 -0.062376 0.995036
1640.699331 684.391959 -82.592708 -13.182592 -0.046906 0.063657 -0.061869 0.994947
1640.799172 684.507308 -82.609056 -13.189033 -0.046804 0.064838 -0.061849 0.994877
1640.899813 684.618770 -82.628597 -13.194152 -0.046069 0.064314 -0.061605 0.994960
1640.999653 684.724570 -82.648743 -13.192978 -0.046679 0.064759 -0.061570 0.994905
1641.099510 684.831228 -82.665904 -13.193305 -0.047438 0.064832 -0.061799 0.994850
1641.199357 684.940202 -82.677363 -13.198199 -0.044925 0.064363 -0.061878 0.994993
1641.299184 685.051233 -82.698378 -13.204980 -0.043066 0.064059 -0.061413 0.995123
1641.399823 685.167566 -82.707778 -13.211864 -0.043162 0.064101 -0.061452 0.995114
1641.499658 685.288637 -82.720165 -13.218891 -0.045841 0.063349 -0.061064 0.995066
1641.599495 685.399222 -82.732592 -13.226707 -0.046641 0.065194 -0.061577 0.994878
1641.699348 685.511056 -82.743105 -13.235253 -0.045140 0.067832 -0.062512 0.994713
1641.799194 685.629162 -82.758440 -13.235598 -0.042977 0.069838 -0.063082 0.994634
1641.899829 685.747597 -82.776845 -13.236242 -0.040356 0.070306 -0.062692 0.994735
1641.999678 685.848879 -82.787498 -13.235091 -0.040884 0.067737 -0.062778 0.994886
1642.099510 685.957947 -82.799835 -13.238945 -0.043202 0.064424 -0.062885 0.995002
1642.199344 686.074221 -82.820690 -13.249186 -0.046286 0.064034 -0.062959 0.994884
1642.299197 686.186243 -82.837543 -13.257391 -0.046701 0.064574 -0.062641 0.994849
1642.399839 686.303653 -82.853956 -13.263217 -0.044180 0.066158 -0.062358 0.994878
1642.499688 686.415270 -82.868782 -13.264541 -0.044686 0.065791 -0.062375 0.994879
1642.599542 686.524492 -82.886791 -13.276025 -0.045298 0.063478 -0.061954 0.995028
1642.699369 686.637215 -82.903661 -13.284622 -0.044984 0.066765 -0.061882 0.994831
1642.799203 686.752128 -82.916166 -13.290950 -0.042954 0.069636 -0.061943 0.994721
1642.899444 686.861979 -82.932577 -13.298339 -0.042397 0.069048 -0.061877 0.994789
1642.999290 686.974957 -82.953548 -13.294980 -0.042150 0.068653 -0.062446 0.994792
1643.099121 687.093407 -82.969327 -13.297515 -0.041709 0.066869 -0.062696 0.994916
1643.199745 687.204022 -82.982628 -13.305139 -0.042443 0.066048 -0.062429 0.994957
1643.299589 687.316041 -82.993685 -13.312529 -0.042540 0.066265 -0.062241 0.994950
1643.399419 687.428819 -83.011370 -13.315362 -0.042927 0.066466 -0.062082 0.994930
1643.499252 687.544950 -83.026950 -13.312036 -0.045279 0.065069 -0.061799 0.994936
1643.599503 687.662345 -83.044369 -13.317536 -0.046991 0.066637 -0.061288 0.994784
1643.699346 687.776939 -83.065602 -13.330940 -0.045851 0.068430 -0.061089 0.994728
1643.799206 687.889547 -83.085339 -13.338599 -0.044630 0.068749 -0.061371 0.994744
1643.899436 688.005999 -83.099496 -13.344845 -0.044311 0.065990 -0.061988 0.994907
1643.999284 688.129152 -83.115620 -13.343473 -0.043350 0.063186 -0.062264 0.995114
1644.099134 688.252924 -83.130144 -13.342738 -0.043407 0.061367 -0.062277 0.995224
1644.199784 688.374073 -83.140791 -13.348664 -0.042690 0.062821 -0.062525 0.995149
1644.299623 688.492756 -83.157621 -13.363373 -0.042788 0.066218 -0.062511 0.994925
1644.399459 688.606471 -83.175860 -13.379999 -0.044083 0.068814 -0.062318 0.994705
1644.499299 688.721449 -83.191265 -13.386724 -0.045479 0.069346 -0.062810 0.994574
1644.599129 688.825548 -83.207706 -13.383236 -0.045369 0.069322 -0.063097 0.994563
1644.699762 688.933555 -83.227528 -13.387077 -0.044775 0.068668 -0.063220 0.994627
1644.799599 689.049878 -83.250834 -13.406065 -0.043920 0.068308 -0.063220 0.994690
1644.899449 689.162768 -83.265841 -13.431470 -0.043840 0.067257 -0.063334 0.994758
1644.999287 689.282575 -83.277874 -13.454193 -0.043280 0.067414 -0.062962 0.994795
1645.099117 689.397644 -83.295080 -13.472645 -0.043712 0.067011 -0.062455 0.994836
1645.199766 689.515182 -83.321044 -13.494296 -0.042339 0.064509 -0.061378 0.995128
1645.299609 689.639008 -83.341933 -13.521867 -0.042474 0.063439 -0.061342 0.995193
1645.399444 689.763520 -83.358184 -13.554043 -0.044494 0.064279 -0.061750 0.995025
1645.499287 689.875628 -83.372060 -13.574699 -0.046161 0.064451 -0.062342 0.994901
1645.599126 689.986259 -83.389518 -13.587405 -0.044430 0.063249 -0.062293 0.995060
1645.699761 690.101907 -83.406547 -13.615260 -0.045424 0.064476 -0.062811 0.994904
1645.799611 690.223087 -83.426054 -13.638589 -0.044899 0.064179 -0.062563 0.994963
1645.899479 690.342024 -83.449527 -13.663187 -0.044155 0.065315 -0.061703 0.994976
1645.999329 690.471265 -83.466733 -13.690629 -0.045696 0.068383 -0.061103 0.994737
1646.099155 690.595637 -83.484369 -13.701168 -0.045728 0.069374 -0.060975 0.994675
1646.199791 690.714985 -83.507047 -13.712680 -0.045465 0.072676 -0.061757 0.994403
1646.299630 690.837694 -83.530100 -13.728823 -0.045440 0.074078 -0.062003 0.994285
1646.399475 690.965460 -83.543931 -13.741285 -0.044913 0.072770 -0.062154 0.994396
1646.499310 691.086858 -83.560346 -13.749805 -0.045039 0.069642 -0.061700 0.994643
1646.599143 691.221906 -83.579771 -13.762192 -0.045445 0.066874 -0.061849 0.994805
1646.699785 691.356328 -83.595344 -13.771732 -0.044814 0.066872 -0.062772 0.994776
1646.799621 691.484193 -83.609000 -13.784812 -0.045312 0.067619 -0.062955 0.994691
1646.899468 691.602772 -83.625391 -13.796801 -0.044943 0.065975 -0.062749 0.994832
1646.999300 691.722265 -83.642761 -13.795159 -0.043787 0.062439 -0.062164 0.995148
1647.099143 691.845283 -83.657639 -13.787236 -0.044651 0.061535 -0.061779 0.995190
1647.199789 691.967872 -83.672190 -13.787466 -0.042553 0.063505 -0.061212 0.995193
1647.299614 692.096272 -83.685841 -13.802768 -0.040429 0.068369 -0.061188 0.994961
1647.399445 692.222564 -83.700909 -13.815955 -0.037716 0.070507 -0.061335 0.994909
1647.499283 692.348449 -83.717047 -13.816710 -0.040514 0.068703 -0.061380 0.994923
1647.599125 692.473586 -83.735808 -13.812924 -0.043425 0.068003 -0.061605 0.994834
1647.699761 692.594181 -83.752045 -13.820530 -0.043341 0.066822 -0.061535 0.994922
1647.799586 692.714742 -83.765952 -13.826351 -0.043068 0.066576 -0.061583 0.994947
1647.899428 692.838747 -83.779489 -13.834889 -0.042442 0.066366 -0.062004 0.994962
1647.999273 692.960410 -83.797530 -13.840359 -0.043759 0.067215 -0.062622 0.994809
1648.099507 693.082284 -83.820104 -13.839474 -0.043770 0.067837 -0.062681 0.994763
1648.199339 693.208433 -83.842159 -13.841544 -0.044953 0.066425 -0.062625 0.994809
1648.299184 693.342402 -83.853977 -13.841335 -0.045268 0.065332 -0.062802 0.994856
1648.399831 693.470556 -83.864916 -13.856958 -0.043602 0.064097 -0.062830 0.995009
1648.499672 693.590649 -83.885145 -13.871677 -0.041330 0.065852 -0.062827 0.994992
1648.599517 693.707221 -83.906284 -13.866087 -0.042209 0.066519 -0.062493 0.994931
1648.699341 693.824771 -83.918021 -13.864321 -0.043314 0.064460 -0.062001 0.995050
1648.799183 693.946546 -83.925981 -13.861638 -0.044127 0.061971 -0.061545 0.995201
1648.899826 694.079004 -83.935786 -13.862966 -0.045262 0.059016 -0.061805 0.995313
1648.999664 694.209796 -83.957075 -13.869221 -0.045263 0.058979 -0.062096 0.995297
1649.099515 694.344053 -83.983425 -13.883816 -0.045364 0.061429 -0.062438 0.995123
1649.199351 694.468525 -84.000889 -13.900503 -0.045932 0.065515 -0.062970 0.994803
1649.299190 694.600560 -84.013620 -13.907875 -0.046126 0.066909 -0.062958 0.994702
1649.399831 694.729331 -84.030865 -13.909331 -0.045542 0.065079 -0.062548 0.994876
1649.499680 694.845773 -84.046023 -13.904073 -0.044539 0.062085 -0.062906 0.995090
1649.599514 694.955752 -84.065979 -13.905670 -0.044088 0.061397 -0.063129 0.995139
1649.699340 695.063558 -84.085713 -13.915294 -0.043402 0.065471 -0.063387 0.994893
1649.799184 695.184154 -84.100274 -13.924449 -0.042159 0.065580 -0.063005 0.994963
1649.899823 695.311938 -84.115556 -13.934049 -0.041540 0.064090 -0.062823 0.995098
1649.999661 695.426713 -84.124456 -13.933381 -0.042545 0.065592 -0.063043 0.994944
1650.099493 695.533731 -84.134528 -13.936028 -0.044198 0.067598 -0.062924 0.994745
1650.199331 695.646783 -84.152837 -13.940187 -0.044856 0.068736 -0.062562 0.994660
1650.299181 695.762166 -84.176876 -13.947698 -0.044758 0.068673 -0.062480 0.994674
1650.399821 695.883244 -84.195322 -13.948612 -0.044027 0.067620 -0.062336 0.994788
1650.499661 696.013785 -84.210443 -13.947583 -0.044118 0.067334 -0.062438 0.994797
1650.599497 696.130923 -84.224222 -13.950921 -0.044226 0.068141 -0.062412 0.994739
1650.699321 696.257661 -84.242091 -13.962438 -0.043431 0.067929 -0.062393 0.994790
1650.799166 696.398930 -84.264061 -13.966348 -0.043460 0.067622 -0.062490 0.994803
1650.899793 696.530159 -84.286030 -13.971994 -0.041914 0.067041 -0.062780 0.994891
1650.999627 696.655840 -84.299995 -13.986529 -0.042298 0.066582 -0.063014 0.994890
1651.099470 696.773766 -84.307629 -13.992677 -0.044415 0.066667 -0.063246 0.994778
1651.199306 696.890917 -84.324540 -13.996187 -0.044149 0.067330 -0.063062 0.994757
1651.299134 697.012775 -84.347345 -14.000666 -0.043740 0.067227 -0.062810 0.994798
1651.399757 697.135854 -84.368112 -14.005928 -0.043554 0.065928 -0.062495 0.994912
1651.499596 697.254871 -84.389647 -14.009778 -0.044419 0.063879 -0.062102 0.995033
1651.599428 697.369239 -84.403501 -14.029586 -0.044668 0.061062 -0.062122 0.995197
1651.699260 697.483316 -84.413373 -14.038200 -0.042973 0.062165 -0.062318 0.995191
1651.799499 697.602544 -84.433699 -14.036623 -0.041630 0.065120 -0.062004 0.995079
1651.899345 697.723917 -84.458422 -14.037477 -0.042456 0.065650 -0.061772 0.995023
1651.999183 697.845114 -84.475889 -14.036790 -0.044835 0.064039 -0.062073 0.995005
1652.099827 697.983362 -84.490571 -14.044398 -0.045459 0.061332 -0.062342 0.995131
1652.199661 698.110695 -84.507406 -14.049784 -0.042898 0.062712 -0.062871 0.995125
1652.299515 698.221550 -84.526287 -14.060850 -0.042601 0.065708 -0.063544 0.994902
1652.399352 698.322545 -84.538750 -14.075183 -0.043094 0.067121 -0.063499 0.994789
1652.499192 698.410700 -84.551444 -14.091413 -0.045476 0.069044 -0.063074 0.994579
1652.599836 698.511463 -84.568234 -14.108774 -0.045610 0.071021 -0.063013 0.994437
1652.699669 698.618644 -84.588141 -14.126963 -0.044144 0.070785 -0.062923 0.994526
1652.799512 698.732093 -84.614728 -14.139647 -0.043075 0.071181 -0.062719 0.994557
1652.899354 698.850908 -84.630790 -14.147860 -0.043696 0.070382 -0.062934 0.994573
1652.999201 698.981053 -84.643942 -14.153598 -0.045336 0.068409 -0.062588 0.994660
1653.099447 699.109336 -84.664532 -14.167615 -0.046039 0.066869 -0.061877 0.994776
1653.199289 699.232903 -84.682809 -14.184628 -0.044786 0.066561 -0.061746 0.994862
1653.299130 699.347666 -84.699621 -14.204353 -0.044657 0.065741 -0.062050 0.994904
1653.399756 699.457688 -84.717214 -14.223374 -0.044166 0.065765 -0.062681 0.994885
1653.499581 699.577625 -84.735645 -14.243786 -0.042336 0.064033 -0.063001 0.995057
1653.599410 699.696527 -84.754762 -14.247168 -0.043405 0.062572 -0.063122 0.995096
1653.699248 699.816765 -84.767605 -14.249052 -0.043833 0.061992 -0.063280 0.995104
1653.799482 699.939706 -84.779146 -14.262332 -0.043454 0.060674 -0.063286 0.995201
1653.899318 700.059923 -84.802256 -14.276614 -0.042638 0.060679 -0.063142 0.995245
1653.999144 700.171332 -84.825197 -14.287548 -0.043344 0.061094 -0.062935 0.995203
1654.099767 700.282329 -84.847790 -14.293013 -0.043311 0.061518 -0.062968 0.995176
1654.199595 700.391733 -84.859818 -14.295231 -0.042323 0.059351 -0.062862 0.995356
1654.299439 700.503802 -84.866050 -14.301270 -0.043090 0.057826 -0.062962 0.995407
1654.399282 700.611795 -84.872558 -14.302785 -0.045490 0.060269 -0.063431 0.995126
1654.499124 700.730239 -84.888314 -14.302647 -0.045140 0.059721 -0.063425 0.995175
1654.599767 700.858920 -84.911232 -14.305686 -0.044617 0.060194 -0.063284 0.995179
1654.699606 700.964547 -84.936997 -14.319990 -0.042724 0.060342 -0.062691 0.995291
1654.799438 701.070611 -84.957074 -14.327816 -0.039586 0.063817 -0.062329 0.995226
1654.899266 701.179486 -84.965593 -14.334298 -0.040532 0.066298 -0.061964 0.995049
1654.999513 701.291869 -84.968431 -14.324094 -0.045923 0.068269 -0.061301 0.994722
1655.099350 701.402257 -84.983789 -14.321560 -0.048768 0.066994 -0.060707 0.994710
1655.199186 701.502394 -85.008531 -14.327216 -0.048135 0.065227 -0.060948 0.994844
1655.299826 701.598103 -85.032705 -14.330044 -0.048478 0.062337 -0.061172 0.994999
1655.399680 701.687560 -85.044486 -14.335995 -0.047247 0.060472 -0.061554 0.995149
1655.499516 701.791064 -85.051711 -14.345068 -0.045393 0.060571 -0.062091 0.995196
1655.599355 701.897510 -85.063375 -14.357329 -0.043410 0.060384 -0.062355 0.995279
1655.699199 702.006396 -85.080254 -14.358363 -0.044361 0.061477 -0.062736 0.995147
1655.799453 702.115266 -85.097985 -14.363259 -0.042785 0.061371 -0.063023 0.995204
1655.899283 702.222997 -85.113686 -14.367819 -0.042941 0.061643 -0.063661 0.995140
1655.999119 702.333156 -85.128631 -14.372575 -0.043425 0.061559 -0.063910 0.995108
1656.099751 702.440110 -85.145220 -14.375168 -0.043379 0.061114 -0.063807 0.995144
1656.199602 702.544657 -85.159384 -14.371863 -0.043942 0.060817 -0.063394 0.995164
1656.299450 702.641154 -85.168378 -14.376795 -0.043901 0.061559 -0.063336 0.995124
1656.399288 702.739624 -85.182555 -14.386796 -0.042971 0.062620 -0.063021 0.995118
1656.499116 702.839449 -85.200504 -14.397892 -0.043091 0.063042 -0.062619 0.995112
1656.599757 702.937502 -85.211353 -14.399787 -0.043024 0.063018 -0.062451 0.995127
1656.699607 703.037050 -85.222836 -14.395870 -0.044000 0.063406 -0.062271 0.995071
1656.799446 703.134781 -85.238459 -14.394689 -0.044783 0.062706 -0.061806 0.995109
1656.899284 703.235696 -85.254036 -14.396959 -0.042918 0.061384 -0.061382 0.995300
1656.999114 703.335725 -85.268315 -14.405096 -0.041498 0.061073 -0.060509 0.995433
1657.099753 703.438505 -85.278642 -14.416180 -0.042701 0.062139 -0.059857 0.995355
1657.199585 703.538870 -85.292400 -14.422192 -0.045799 0.064109 -0.059632 0.995106
1657.299423 703.633525 -85.310211 -14.423992 -0.046953 0.063489 -0.059961 0.995072
1657.399254 703.729761 -85.329877 -14.428029 -0.044382 0.062470 -0.060429 0.995227
1657.499505 703.830140 -85.338845 -14.432977 -0.042478 0.064566 -0.061003 0.995141
1657.599337 703.928890 -85.345838 -14.429237 -0.040640 0.068733 -0.061294 0.994921
1657.699184 704.030939 -85.363513 -14.435543 -0.042453 0.069304 -0.061168 0.994813
1657.799830 704.135962 -85.375005 -14.439547 -0.045611 0.068466 -0.061737 0.994696
1657.899674 704.245884 -85.386102 -14.447890 -0.046318 0.069142 -0.062357 0.994578
1657.999508 704.348457 -85.405015 -14.460351 -0.045680 0.070031 -0.062377 0.994544
1658.099345 704.452848 -85.426668 -14.460383 -0.042977 0.069049 -0.061977 0.994758
1658.199188 704.548756 -85.436284 -14.462346 -0.042536 0.068871 -0.061958 0.994791
1658.299812 704.646194 -85.445873 -14.469249 -0.042989 0.069551 -0.061515 0.994751
1658.399666 704.739072 -85.454842 -14.483874 -0.043422 0.070926 -0.061948 0.994609
1658.499494 704.841329 -85.461579 -14.489245 -0.044021 0.072830 -0.063236 0.994364
1658.599342 704.941882 -85.481140 -14.481851 -0.042174 0.070256 -0.063775 0.994595
1658.699191 705.047774 -85.501285 -14.478955 -0.042871 0.070286 -0.063807 0.994561
1658.799835 705.162476 -85.523283 -14.485645 -0.045724 0.070638 -0.063851 0.994406
1658.899685 705.271233 -85.533131 -14.496545 -0.045046 0.070725 -0.063515 0.994452
1658.999516 705.380542 -85.546631 -14.504142 -0.045162 0.070530 -0.063112 0.994486
1659.099355 705.486355 -85.570319 -14.508516 -0.045228 0.069785 -0.062968 0.994545
1659.199212 705.592690 -85.584335 -14.506518 -0.046043 0.067869 -0.063714 0.994593
1659.299451 705.700147 -85.597024 -14.502703 -0.044854 0.065561 -0.064244 0.994768
1659.399303 705.818419 -85.599057 -14.507026 -0.043079 0.065041 -0.065309 0.994811
1659.499147 705.932338 -85.617912 -14.516374 -0.043876 0.066890 -0.064330 0.994717
1659.599790 706.045551 -85.642589 -14.527092 -0.046211 0.071212 -0.064132 0.994324
1659.699627 706.154059 -85.666617 -14.538593 -0.044220 0.071363 -0.063699 0.994432
1659.799469 706.263113 -85.683952 -14.542734 -0.044327 0.067468 -0.063339 0.994722
1659.899302 706.378489 -85.695802 -14.539906 -0.045134 0.065093 -0.063587 0.994828
1659.999159 706.498591 -85.710465 -14.534500 -0.043462 0.067699 -0.063331 0.994745
1660.099799 706.614492 -85.725627 -14.534421 -0.044068 0.069390 -0.063817 0.994570
1660.199628 706.731379 -85.745858 -14.542771 -0.044473 0.068532 -0.063951 0.994603
1660.299467 706.847329 -85.765307 -14.552170 -0.041397 0.064481 -0.063827 0.995015
1660.399310 706.972941 -85.780211 -14.561261 -0.042205 0.062637 -0.064262 0.995071
1660.499139 707.101267 -85.794197 -14.567131 -0.046304 0.062188 -0.064472 0.994903
1660.599771 707.216770 -85.810532 -14.573283 -0.047602 0.062182 -0.064675 0.994829
1660.699610 707.327990 -85.826782 -14.578244 -0.048664 0.065193 -0.064933 0.994568
1660.799445 707.442640 -85.843153 -14.584966 -0.044494 0.066611 -0.064905 0.994671
1660.899286 707.557638 -85.861404 -14.596127 -0.041009 0.066913 -0.065379 0.994770
1660.999126 707.671907 -85.884033 -14.601865 -0.043014 0.069150 -0.065439 0.994528
1661.099756 707.787521 -85.905771 -14.601892 -0.047337 0.070573 -0.065354 0.994237
1661.199610 707.895291 -85.921321 -14.604320 -0.045240 0.069503 -0.065239 0.994418
1661.299444 708.005101 -85.933425 -14.604692 -0.042298 0.069303 -0.064637 0.994600
1661.399279 708.122684 -85.945262 -14.604857 -0.042344 0.069363 -0.064041 0.994633
1661.499115 708.245097 -85.961668 -14.616817 -0.043757 0.069874 -0.063690 0.994558
1661.599758 708.374531 -85.982569 -14.625917 -0.046917 0.067786 -0.062989 0.994604
1661.699600 708.500759 -86.003662 -14.629695 -0.048012 0.065774 -0.063256 0.994669
1661.799441 708.627254 -86.020478 -14.635339 -0.046890 0.065899 -0.064059 0.994663
1661.899272 708.750094 -86.038731 -14.642092 -0.044268 0.065013 -0.064259 0.994829
1661.999508 708.871659 -86.054105 -14.649387 -0.042009 0.065890 -0.064874 0.994829
1662.099354 708.982592 -86.067442 -14.656796 -0.041500 0.066446 -0.065531 0.994771
1662.199198 709.093686 -86.079250 -14.655835 -0.042185 0.065704 -0.065450 0.994796
1662.299453 709.200667 -86.095852 -14.655877 -0.042531 0.066340 -0.064420 0.994807
1662.399302 709.307051 -86.111100 -14.662877 -0.043938 0.067320 -0.064052 0.994703
1662.499136 709.423645 -86.132026 -14.672386 -0.044287 0.066715 -0.063832 0.994743
1662.599770 709.545012 -86.149977 -14.674987 -0.043103 0.065686 -0.063979 0.994854
1662.699606 709.672233 -86.170096 -14.672483 -0.043276 0.067168 -0.063918 0.994751
1662.799450 709.795065 -86.181549 -14.676489 -0.044443 0.068103 -0.064359 0.994608
1662.899290 709.910412 -86.200142 -14.691115 -0.045456 0.066853 -0.064513 0.994637
1662.999135 710.032350 -86.219415 -14.703301 -0.044316 0.066394 -0.064452 0.994723
1663.099777 710.157207 -86.236371 -14.708088 -0.043996 0.065880 -0.064559 0.994764
1663.199617 710.278802 -86.254865 -14.711983 -0.046084 0.066730 -0.064561 0.994613
1663.299452 710.403837 -86.275813 -14.715778 -0.044829 0.067837 -0.064623 0.994592
1663.399285 710.525979 -86.295882 -14.731825 -0.044805 0.065598 -0.064809 0.994731
1663.499118 710.640156 -86.312435 -14.740651 -0.042373 0.063703 -0.064464 0.994983
1663.599761 710.757517 -86.329319 -14.735829 -0.041280 0.066172 -0.063311 0.994942
1663.699599 710.870427 -86.339949 -14.733042 -0.047686 0.068061 -0.062653 0.994569
1663.799426 710.985224 -86.352775 -14.728941 -0.051016 0.066279 -0.062727 0.994520
1663.899244 711.102259 -86.370597 -14.742094 -0.050510 0.063894 -0.063175 0.994673
1663.999481 711.228075 -86.390722 -14.741394 -0.045672 0.068092 -0.064317 0.994556
1664.099305 711.346994 -86.411632 -14.751208 -0.041274 0.071222 -0.064901 0.994491
1664.199146 711.468935 -86.431948 -14.750223 -0.040195 0.072384 -0.065189 0.994432
1664.299786 711.591549 -86.447333 -14.752193 -0.041175 0.071462 -0.065164 0.994460
1664.399626 711.719394 -86.464167 -14.760044 -0.042467 0.069799 -0.064548 0.994564
1664.499462 711.840557 -86.480935 -14.764439 -0.043564 0.066648 -0.064158 0.994758
1664.599300 711.961436 -86.498124 -14.771596 -0.045015 0.066651 -0.064101 0.994697
1664.699142 712.083784 -86.513767 -14.782625 -0.045165 0.066762 -0.064570 0.994653
1664.799785 712.216049 -86.529761 -14.788506 -0.041990 0.065557 -0.064740 0.994861
1664.899618 712.348930 -86.549249 -14.791040 -0.041228 0.068430 -0.064458 0.994717
1664.999459 712.475979 -86.571415 -14.801158 -0.044717 0.070718 -0.063522 0.994467
1665.099295 712.605622 -86.596531 -14.814466 -0.049044 0.069512 -0.062661 0.994403
1665.199145 712.733209 -86.615318 -14.825690 -0.048648 0.067085 -0.062641 0.994590
1665.299789 712.857310 -86.636304 -14.836588 -0.047016 0.064630 -0.062585 0.994834
1665.399625 712.977077 -86.655393 -14.845835 -0.045440 0.064986 -0.062944 0.994862
1665.499462 713.100988 -86.670941 -14.854928 -0.043450 0.066807 -0.063341 0.994805
1665.599312 713.220654 -86.687129 -14.870105 -0.041830 0.068774 -0.063852 0.994708
1665.699146 713.348158 -86.704033 -14.889315 -0.040356 0.068843 -0.064527 0.994720
1665.799795 713.481774 -86.722299 -14.905033 -0.043086 0.068403 -0.065173 0.994594
1665.899642 713.606192 -86.739416 -14.916459 -0.045087 0.067575 -0.065129 0.994565
1665.999492 713.724605 -86.756958 -14.930182 -0.043797 0.069496 -0.064678 0.994519
1666.099338 713.853001 -86.772779 -14.943426 -0.043339 0.068142 -0.064509 0.994644
1666.199190 713.987942 -86.794497 -14.955856 -0.042086 0.064298 -0.063928 0.994991
1666.299839 714.125101 -86.813882 -14.976516 -0.041803 0.064087 -0.063732 0.995029
1666.399691 714.235682 -86.831138 -14.990372 -0.041030 0.070358 -0.064067 0.994616
1666.499535 714.347362 -86.848621 -15.000333 -0.042426 0.072778 -0.064211 0.994374
1666.599379 714.463238 -86.862140 -15.003740 -0.042413 0.071915 -0.064457 0.994422
1666.699215 714.585362 -86.876519 -15.011883 -0.043239 0.069846 -0.064469 0.994533
1666.799468 714.706760 -86.895657 -15.032701 -0.043164 0.069316 -0.064412 0.994577
1666.899330 714.820502 -86.913712 -15.054535 -0.043861 0.068940 -0.064194 0.994587
1666.999178 714.945662 -86.933764 -15.078696 -0.043821 0.067611 -0.064035 0.994690
1667.099814 715.088046 -86.954777 -15.096902 -0.044078 0.067607 -0.064049 0.994678
1667.199632 715.227175 -86.972556 -15.115124 -0.042767 0.066531 -0.063755 0.994827
1667.299458 715.363926 -86.984888 -15.134055 -0.043575 0.067972 -0.063235 0.994727
1667.399280 715.488632 -87.001416 -15.140766 -0.044861 0.068178 -0.062626 0.994695
1667.499116 715.611264 -87.021288 -15.151865 -0.044860 0.066176 -0.062133 0.994861
1667.599745 715.739759 -87.042552 -15.168400 -0.045503 0.066562 -0.062319 0.994794
1667.699587 715.865483 -87.066423 -15.191260 -0.045982 0.067387 -0.062521 0.994704
1667.799416 715.989929 -87.094382 -15.207334 -0.044771 0.067961 -0.063315 0.994670
1667.899267 716.118466 -87.106977 -15.217435 -0.043924 0.068570 -0.064262 0.994605
1667.999513 716.250209 -87.118181 -15.222135 -0.042414 0.068355 -0.064425 0.994675
1668.099354 716.374326 -87.125263 -15.228053 -0.040882 0.064548 -0.064528 0.994987
1668.199195 716.495418 -87.135360 -15.239787 -0.042110 0.061835 -0.064411 0.995115
1668.299825 716.619158 -87.159796 -15.254433 -0.043795 0.060828 -0.063886 0.995138
1668.399665 716.743223 -87.183415 -15.268736 -0.046366 0.061897 -0.064195 0.994936
1668.499510 716.872075 -87.201333 -15.277511 -0.041611 0.063614 -0.064428 0.995023
1668.599344 716.998496 -87.214136 -15.285745 -0.040207 0.066805 -0.064420 0.994872
1668.699175 717.118272 -87.226842 -15.289275 -0.040235 0.067738 -0.064313 0.994815
1668.799812 717.240042 -87.244528 -15.289466 -0.043193 0.066085 -0.064023 0.994821
1668.899656 717.364004 -87.259507 -15.288875 -0.045418 0.064815 -0.064342 0.994785
1668.999500 717.497007 -87.269073 -15.290784 -0.044398 0.065873 -0.064870 0.994727
1669.099324 717.624797 -87.287267 -15.308485 -0.041204 0.063807 -0.064279 0.995037
1669.199164 717.743618 -87.309892 -15.324672 -0.039836 0.063914 -0.064109 0.995097
1669.299810 717.866021 -87.325236 -15.330467 -0.043947 0.062838 -0.064155 0.994990
1669.399649 717.992527 -87.342770 -15.323687 -0.045200 0.058669 -0.063880 0.995206
1669.499495 718.119180 -87.357501 -15.311888 -0.044147 0.059735 -0.064066 0.995178
1669.599333 718.247041 -87.370102 -15.306631 -0.043726 0.063525 -0.063974 0.994967
1669.699154 718.367335 -87.387907 -15.309954 -0.042140 0.064597 -0.064561 0.994929
1669.799795 718.481436 -87.403962 -15.330732 -0.042097 0.063591 -0.065136 0.994958
1669.899636 718.592029 -87.421019 -15.352287 -0.044326 0.059886 -0.065514 0.995066
1669.999496 718.709434 -87.434840 -15.365208 -0.042325 0.058856 -0.065823 0.995194
1670.099332 718.824615 -87.449804 -15.370791 -0.041094 0.061949 -0.066149 0.995037
1670.199179 718.943578 -87.470841 -15.372692 -0.044104 0.066037 -0.065742 0.994672
1670.299826 719.076108 -87.489991 -15.370056 -0.044993 0.064006 -0.065269 0.994796
1670.399665 719.206775 -87.506884 -15.371159 -0.045050 0.060690 -0.065088 0.995013
1670.499509 719.329423 -87.520875 -15.367352 -0.044611 0.056433 -0.065578 0.995251
1670.599346 719.446580 -87.540608 -15.370467 -0.044662 0.054569 -0.066141 0.995316
1670.699194 719.558918 -87.561042 -15.382856 -0.044889 0.055305 -0.066691 0.995228
1670.799821 719.677507 -87.579378 -15.393340 -0.042792 0.057070 -0.067031 0.995198
1670.899653 719.793577 -87.593800 -15.397686 -0.042953 0.059101 -0.067315 0.995053
1670.999487 719.907424 -87.610786 -15.399057 -0.044347 0.059674 -0.066768 0.994995
1671.099315 720.014903 -87.627175 -15.402105 -0.046989 0.059905 -0.066177 0.994899
1671.199158 720.120142 -87.652656 -15.410216 -0.045591 0.060016 -0.065716 0.994988
1671.299795 720.210921 -87.672948 -15.407848 -0.045725 0.061121 -0.066029 0.994894
1671.399632 720.310757 -87.686375 -15.408509 -0.046918 0.062415 -0.065704 0.994779
1671.499488 720.415411 -87.697450 -15.415463 -0.048897 0.061209 -0.065161 0.994795
1671.599318 720.518306 -87.718076 -15.420126 -0.048077 0.060954 -0.064728 0.994879
1671.699163 720.617397 -87.736051 -15.423953 -0.045930 0.060326 -0.064577 0.995028
1671.799799 720.717247 -87.750500 -15.426382 -0.044613 0.060198 -0.064788 0.995082
1671.899639 720.825896 -87.766968 -15.434293 -0.043977 0.062815 -0.064681 0.994956
1671.999483 720.934412 -87.783548 -15.444150 -0.044466 0.066403 -0.064919 0.994685
1672.099324 721.044095 -87.798998 -15.451674 -0.045377 0.066891 -0.064889 0.994613
1672.199173 721.145545 -87.816642 -15.454480 -0.046576 0.065405 -0.064631 0.994674
1672.299814 721.243390 -87.831151 -15.450121 -0.047186 0.063962 -0.064817 0.994727
1672.399647 721.335169 -87.842284 -15.449557 -0.048747 0.059347 -0.064921 0.994931
1672.499494 721.434729 -87.856827 -15.451980 -0.046685 0.056841 -0.064342 0.995213
1672.599335 721.529906 -87.877127 -15.460936 -0.043587 0.058337 -0.064149 0.995280
1672.699163 721.620629 -87.894493 -15.472764 -0.045108 0.059350 -0.064351 0.995139
1672.799793 721.715615 -87.903604 -15.486363 -0.050038 0.061100 -0.064502 0.994788
1672.899637 721.813292 -87.922766 -15.488356 -0.053490 0.069928 -0.064497 0.994027
1672.999482 721.902744 -87.936601 -15.483396 -0.051488 0.072526 -0.064180 0.993967
1673.099324 722.002698 -87.946824 -15.475217 -0.046571 0.069844 -0.064158 0.994403
1673.199159 722.110636 -87.961579 -15.481786 -0.044037 0.066211 -0.064284 0.994759
1673.299814 722.217725 -87.973185 -15.491600 -0.043207 0.065385 -0.064609 0.994828
1673.399648 722.326667 -87.993725 -15.499464 -0.042375 0.065125 -0.064669 0.994877
1673.499473 722.438044 -88.012533 -15.504684 -0.042131 0.065668 -0.064381 0.994871
1673.599321 722.526215 -88.026475 -15.506668 -0.044358 0.063610 -0.064124 0.994924
1673.699170 722.613104 -88.036384 -15.517272 -0.044092 0.061196 -0.063771 0.995110
1673.799801 722.712119 -88.052692 -15.525442 -0.044766 0.064067 -0.063610 0.994910
1673.899646 722.810965 -88.066111 -15.528700 -0.045996 0.066772 -0.063920 0.994656
1673.999486 722.908860 -88.079537 -15.525255 -0.045948 0.067850 -0.063811 0.994592
1674.099332 723.009607 -88.093084 -15.528459 -0.045738 0.066683 -0.063911 0.994674
1674.199187 723.111930 -88.105212 -15.528444 -0.045055 0.065626 -0.064232 0.994755
1674.299839 723.210151 -88.122162 -15.531983 -0.043513 0.064169 -0.064185 0.994922
1674.399676 723.313081 -88.143655 -15.536523 -0.042915 0.063681 -0.063898 0.994998
1674.499516 723.422766 -88.161139 -15.545475 -0.043990 0.063531 -0.064002 0.994954
1674.599377 723.516291 -88.174541 -15.553982 -0.046434 0.065118 -0.064173 0.994729
1674.699216 723.606641 -88.182955 -15.561590 -0.045664 0.065852 -0.064010 0.994727
1674.799446 723.705658 -88.193368 -15.568728 -0.045256 0.065311 -0.063814 0.994794
1674.899293 723.807933 -88.202711 -15.567756 -0.046448 0.064031 -0.064420 0.994783
1674.999134 723.910967 -88.214956 -15.569040 -0.046380 0.063770 -0.065439 0.994736
1675.099778 724.014749 -88.225182 -15.573262 -0.046724 0.063042 -0.065789 0.994743
1675.199617 724.115518 -88.240271 -15.581503 -0.043737 0.061128 -0.065192 0.995038
1675.299441 724.213383 -88.256434 -15.598508 -0.041484 0.061896 -0.065227 0.995085
1675.399284 724.328503 -88.265980 -15.610000 -0.039773 0.065151 -0.065968 0.994898
1675.499123 724.440261 -88.274318 -15.616861 -0.038375 0.067302 -0.066688 0.994762
1675.599768 724.546836 -88.284681 -15.615421 -0.038938 0.070813 -0.066986 0.994476
1675.699607 724.645232 -88.298897 -15.611070 -0.039410 0.068446 -0.066896 0.994629
1675.799452 724.744202 -88.306675 -15.612972 -0.038602 0.063699 -0.067013 0.994968
1675.899297 724.851448 -88.314975 -15.618947 -0.037965 0.063304 -0.066581 0.995047
1675.999139 724.959161 -88.330144 -15.627769 -0.041137 0.065685 -0.066158 0.994795
1676.099784 725.062712 -88.349414 -15.625657 -0.044700 0.064991 -0.065371 0.994739
1676.199635 725.162300 -88.371653 -15.623964 -0.045235 0.065377 -0.064733 0.994731
1676.299480 725.267557 -88.389713 -15.631610 -0.045777 0.066613 -0.064271 0.994654
1676.399323 725.377476 -88.404132 -15.638427 -0.047173 0.068199 -0.064228 0.994484
1676.499164 725.489434 -88.418128 -15.645532 -0.046713 0.067724 -0.064403 0.994527
1676.599803 725.593238 -88.434868 -15.649055 -0.046456 0.066995 -0.064444 0.994586
1676.699648 725.695789 -88.455129 -15.653205 -0.045430 0.066848 -0.064410 0.994645
1676.799477 725.802998 -88.475971 -15.657568 -0.046326 0.067555 -0.064445 0.994554
1676.899307 725.909060 -88.494346 -15.661454 -0.047226 0.068035 -0.063948 0.994511
1676.999155 726.004342 -88.511833 -15.663240 -0.048268 0.068367 -0.063286 0.994480
1677.099799 726.099411 -88.527280 -15.669108 -0.051251 0.064822 -0.061808 0.994661
1677.199638 726.195579 -88.542350 -15.674599 -0.048169 0.061809 -0.061537 0.995024
1677.299483 726.302093 -88.552460 -15.673744 -0.044921 0.063152 -0.061741 0.995079
1677.399322 726.419337 -88.569585 -15.674965 -0.044324 0.066018 -0.061964 0.994906
1677.499173 726.531350 -88.587700 -15.677227 -0.044364 0.066709 -0.061982 0.994857
1677.599805 726.643424 -88.608563 -15.682247 -0.046750 0.066107 -0.061850 0.994796
1677.699647 726.741159 -88.628109 -15.692016 -0.047204 0.064264 -0.061829 0.994896
1677.799496 726.842281 -88.650446 -15.691529 -0.047828 0.063311 -0.061359 0.994957
1677.899326 726.939935 -88.658695 -15.693355 -0.046705 0.065402 -0.061630 0.994858
1677.999172 727.040864 -88.665246 -15.696495 -0.045621 0.065999 -0.061304 0.994889
1678.099818 727.153100 -88.677816 -15.701240 -0.045146 0.065543 -0.061141 0.994951
1678.199649 727.258649 -88.692704 -15.707522 -0.045733 0.064662 -0.061183 0.994979
1678.299485 727.362121 -88.711683 -15.720913 -0.046377 0.064868 -0.061777 0.994899
1678.399320 727.472751 -88.727441 -15.723613 -0.045187 0.061977 -0.062256 0.995109
1678.499166 727.582764 -88.748342 -15.716924 -0.043550 0.058757 -0.061421 0.995429
1678.599818 727.685625 -88.761998 -15.714517 -0.044863 0.061524 -0.061153 0.995220
1678.699665 727.781190 -88.776219 -15.722919 -0.045915 0.065784 -0.061705 0.994865
1678.799509 727.881350 -88.790196 -15.737590 -0.044989 0.066139 -0.062259 0.994849
1678.899333 727.982399 -88.803547 -15.748724 -0.045297 0.064305 -0.062771 0.994924
1678.999171 728.085395 -88.818708 -15.755735 -0.047060 0.062185 -0.062990 0.994963
1679.099811 728.202755 -88.842996 -15.760131 -0.049351 0.061513 -0.062639 0.994916
1679.199644 728.315339 -88.863397 -15.764414 -0.049590 0.063519 -0.062711 0.994773
1679.299477 728.427148 -88.879538 -15.769110 -0.048229 0.066885 -0.063185 0.994589
1679.399311 728.535909 -88.894258 -15.775139 -0.046121 0.068041 -0.062969 0.994625
1679.499147 728.645233 -88.906141 -15.775390 -0.044506 0.068621 -0.062960 0.994659
1679.599801 728.744675 -88.918122 -15.771266 -0.043558 0.067509 -0.063342 0.994753
1679.699636 728.840174 -88.931051 -15.776797 -0.043332 0.064089 -0.063320 0.994990
1679.799465 728.931507 -88.946235 -15.782948 -0.044304 0.062795 -0.062964 0.995052
1679.899301 729.017310 -88.960712 -15.787552 -0.046539 0.062232 -0.062869 0.994992
1679.999156 729.103497 -88.970654 -15.792067 -0.046011 0.063242 -0.062977 0.994946
1680.099800 729.197409 -88.987583 -15.795740 -0.045693 0.065650 -0.062699 0.994822
1680.199626 729.296951 -89.007260 -15.798456 -0.048059 0.067313 -0.062142 0.994634
1680.299466 729.401918 -89.024609 -15.802933 -0.048922 0.067907 -0.062084 0.994556
1680.399299 729.510508 -89.042986 -15.804350 -0.048436 0.067296 -0.061813 0.994638
1680.499144 729.617185 -89.057141 -15.810316 -0.047284 0.066751 -0.062251 0.994703
1680.599794 729.720121 -89.071567 -15.817628 -0.047737 0.067199 -0.062466 0.994637
1680.699626 729.832090 -89.086893 -15.821371 -0.046643 0.064744 -0.062357 0.994859
1680.799466 729.937941 -89.102296 -15.828850 -0.045358 0.063750 -0.062158 0.994995
1680.899305 730.037099 -89.115573 -15.829262 -0.046357 0.066037 -0.061964 0.994812
1680.999137 730.139947 -89.134203 -15.827040 -0.046257 0.068389 -0.061185 0.994706
1681.099762 730.244007 -89.152868 -15.837772 -0.046481 0.067253 -0.059866 0.994853
1681.199602 730.348422 -89.168862 -15.850727 -0.045684 0.066847 -0.059735 0.994925
1681.299444 730.454979 -89.179062 -15.856316 -0.046253 0.065477 -0.060041 0.994972
1681.399270 730.568042 -89.188437 -15.857279 -0.045327 0.065543 -0.060262 0.994997
1681.499511 730.677527 -89.204034 -15.857989 -0.045419 0.066117 -0.060272 0.994954
1681.599342 730.771459 -89.218806 -15.850967 -0.045233 0.065381 -0.060705 0.994985
1681.699197 730.863003 -89.231668 -15.851666 -0.045384 0.062814 -0.060860 0.995133
1681.799824 730.967640 -89.242286 -15.856912 -0.044792 0.062476 -0.060784 0.995186
1681.899664 731.078809 -89.254502 -15.869718 -0.045470 0.061913 -0.060868 0.995186
1681.999510 731.193841 -89.273413 -15.880182 -0.046285 0.060133 -0.060939 0.995253
1682.099359 731.305067 -89.287981 -15.888173 -0.045772 0.060051 -0.060963 0.995280
1682.199205 731.406031 -89.300265 -15.892199 -0.045883 0.061662 -0.060716 0.995191
1682.299454 731.500814 -89.313847 -15.887939 -0.045225 0.063255 -0.060439 0.995138
1682.399287 731.599847 -89.322440 -15.893536 -0.045889 0.063049 -0.060478 0.995119
1682.499122 731.701779 -89.342784 -15.905043 -0.046519 0.062360 -0.060377 0.995139
1682.599762 731.800804 -89.360059 -15.918526 -0.044430 0.062948 -0.060729 0.995176
1682.699592 731.903715 -89.380965 -15.930842 -0.043179 0.062871 -0.060703 0.995238
1682.799426 732.009975 -89.395161 -15.929519 -0.045185 0.065539 -0.060383 0.994996
1682.899259 732.113612 -89.407214 -15.925195 -0.047008 0.065557 -0.060239 0.994919
1682.999492 732.213286 -89.420427 -15.923460 -0.047340 0.067013 -0.060030 0.994819
1683.099339 732.312524 -89.437933 -15.919593 -0.048790 0.066849 -0.059558 0.994788
1683.199180 732.413869 -89.445550 -15.923722 -0.047523 0.065779 -0.059914 0.994899
1683.299830 732.519401 -89.451319 -15.935339 -0.044126 0.067801 -0.060297 0.994897
1683.399663 732.625858 -89.468750 -15.946878 -0.044668 0.071089 -0.060313 0.994642
1683.499501 732.733076 -89.489815 -15.949556 -0.046232 0.072702 -0.060434 0.994447
1683.599341 732.848601 -89.507988 -15.950111 -0.045432 0.072822 -0.060225 0.994488
1683.699171 732.968918 -89.519870 -15.953042 -0.046367 0.071135 -0.060047 0.994577
1683.799803 733.082036 -89.533870 -15.967226 -0.045195 0.071340 -0.060080 0.994615
1683.899651 733.193698 -89.550867 -15.980856 -0.044146 0.073896 -0.059937 0.994484
1683.999499 733.297380 -89.568386 -15.998900 -0.043916 0.076208 -0.059330 0.994356
1684.099329 733.388668 -89.579633 -16.015002 -0.044801 0.078963 -0.059013 0.994120
1684.199157 733.493389 -89.587462 -16.030031 -0.043700 0.079264 -0.059494 0.994117
1684.299788 733.611668 -89.599983 -16.042928 -0.042260 0.077572 -0.059958 0.994285
1684.399619 733.739623 -89.620369 -16.054219 -0.042796 0.076072 -0.060159 0.994365
1684.499469 733.870592 -89.639547 -16.071323 -0.043290 0.075818 -0.060112 0.994366
1684.599303 734.001102 -89.656484 -16.100434 -0.044038 0.076481 -0.059870 0.994297
1684.699144 734.133905 -89.676498 -16.128202 -0.044164 0.076782 -0.059652 0.994281
1684.799773 734.263425 -89.694128 -16.146633 -0.045208 0.073458 -0.059737 0.994481
1684.899610 734.384236 -89.712584 -16.159777 -0.044201 0.071271 -0.060361 0.994647
1684.999457 734.510372 -89.728092 -16.174898 -0.039691 0.072177 -0.061362 0.994711
1685.099286 734.644097 -89.742799 -16.207240 -0.042898 0.073860 -0.061581 0.994441
1685.199148 734.774045 -89.761794 -16.244727 -0.046537 0.073315 -0.061411 0.994328
1685.299794 734.907913 -89.780097 -16.267147 -0.046402 0.073302 -0.061290 0.994343
1685.399648 735.048203 -89.800144 -16.284580 -0.041585 0.071258 -0.061075 0.994717
1685.499482 735.190490 -89.815431 -16.294978 -0.041026 0.071655 -0.061283 0.994699
1685.599320 735.322723 -89.827494 -16.310627 -0.041913 0.071317 -0.061816 0.994654
1685.699151 735.446547 -89.845375 -16.335927 -0.041478 0.070107 -0.061686 0.994766
1685.799781 735.576036 -89.866434 -16.364103 -0.042894 0.071481 -0.062326 0.994568
1685.899609 735.715876 -89.887826 -16.382663 -0.045610 0.073143 -0.063138 0.994275
1685.999455 735.856975 -89.905018 -16.399425 -0.043363 0.070778 -0.063315 0.994536
1686.099302 735.993533 -89.919072 -16.418714 -0.039951 0.066935 -0.062580 0.994991
1686.199128 736.137019 -89.934979 -16.435216 -0.041982 0.065154 -0.062501 0.995031
1686.299764 736.269425 -89.957999 -16.464286 -0.045220 0.064986 -0.062921 0.994873
1686.399612 736.401423 -89.980562 -16.475946 -0.047055 0.067466 -0.062960 0.994621
1686.499464 736.537164 -90.005919 -16.487204 -0.047141 0.067311 -0.062921 0.994630
1686.599306 736.675872 -90.024024 -16.497274 -0.045099 0.068731 -0.062887 0.994629
1686.699154 736.816363 -90.038292 -16.508233 -0.041698 0.066860 -0.062132 0.994953
1686.799794 736.960582 -90.056673 -16.516171 -0.041281 0.065804 -0.062300 0.995030
1686.899624 737.099658 -90.080477 -16.523596 -0.041928 0.068122 -0.063033 0.994801
1686.999462 737.233804 -90.098129 -16.532145 -0.043666 0.069733 -0.063425 0.994589
1687.099300 737.372775 -90.118557 -16.538692 -0.044281 0.071873 -0.063673 0.994394
1687.199143 737.513002 -90.143081 -16.545447 -0.043845 0.071103 -0.062775 0.994526
1687.299780 737.640212 -90.164192 -16.547640 -0.046898 0.069023 -0.062190 0.994570
1687.399602 737.773175 -90.183542 -16.545129 -0.051018 0.069291 -0.062272 0.994343
1687.499432 737.913988 -90.197776 -16.550441 -0.049627 0.069914 -0.062796 0.994337
1687.599273 738.056243 -90.215927 -16.560421 -0.048040 0.070362 -0.063593 0.994333
1687.699517 738.190371 -90.235711 -16.570261 -0.046463 0.065907 -0.063664 0.994708
1687.799362 738.326125 -90.259212 -16.574738 -0.044890 0.063357 -0.063079 0.994983
1687.899198 738.454355 -90.275689 -16.577990 -0.045982 0.064424 -0.062574 0.994897
1687.999427 738.580070 -90.292831 -16.584170 -0.045892 0.066249 -0.062481 0.994787
1688.099259 738.713525 -90.311305 -16.592050 -0.047703 0.065906 -0.062561 0.994720
1688.199488 738.855770 -90.329165 -16.593980 -0.047753 0.064268 -0.062755 0.994812
1688.299332 738.994987 -90.345402 -16.595045 -0.047796 0.061682 -0.063011 0.994957
1688.399176 739.127852 -90.358098 -16.598082 -0.047526 0.060016 -0.063411 0.995047
1688.499835 739.253617 -90.377585 -16.607845 -0.045957 0.058812 -0.063491 0.995187
1688.599680 739.383104 -90.400137 -16.621949 -0.044793 0.058402 -0.063461 0.995267
1688.699515 739.515632 -90.418507 -16.632430 -0.046096 0.058307 -0.063520 0.995209
1688.799350 739.648178 -90.435917 -16.639630 -0.047733 0.057548 -0.063469 0.995179
1688.899190 739.776963 -90.454019 -16.643205 -0.047489 0.057449 -0.063395 0.995201
1688.999830 739.904986 -90.467666 -16.649160 -0.046844 0.057052 -0.063689 0.995236
1689.099669 740.027894 -90.477732 -16.652963 -0.046798 0.056845 -0.064020 0.995229
1689.199500 740.138345 -90.493342 -16.659903 -0.045475 0.055457 -0.063792 0.995383
1689.299339 740.247008 -90.515131 -16.667915 -0.046605 0.054528 -0.063707 0.995387
1689.399185 740.360860 -90.532237 -16.667496 -0.044687 0.057625 -0.062776 0.995360
1689.499826 740.477316 -90.543226 -16.672420 -0.046818 0.059520 -0.062728 0.995154
1689.599669 740.588959 -90.554866 -16.677897 -0.047102 0.064814 -0.063068 0.994788
1689.699502 740.699326 -90.567224 -16.687528 -0.046178 0.067887 -0.063376 0.994607
1689.799340 740.812666 -90.584193 -16.695702 -0.043449 0.067243 -0.063831 0.994744
1689.899197 740.927583 -90.604121 -16.705626 -0.042439 0.067275 -0.064249 0.994759
1689.999836 741.047882 -90.623824 -16.710101 -0.042879 0.067643 -0.064195 0.994718
1690.099665 741.158215 -90.637751 -16.716049 -0.043973 0.066835 -0.064212 0.994724
1690.199501 741.258666 -90.648797 -16.720797 -0.043488 0.066428 -0.064385 0.994762
1690.299330 741.364068 -90.664923 -16.719324 -0.045358 0.064811 -0.064352 0.994787
1690.399167 741.468603 -90.681973 -16.719152 -0.045703 0.063038 -0.064703 0.994862
1690.499785 741.586720 -90.706867 -16.724024 -0.044972 0.063665 -0.064771 0.994851
1690.599616 741.695239 -90.719654 -16.736849 -0.046433 0.065333 -0.064719 0.994679
1690.699452 741.796566 -90.732009 -16.743853 -0.047395 0.065410 -0.064815 0.994623
1690.799289 741.903279 -90.744808 -16.747516 -0.046568 0.065001 -0.064787 0.994690
1690.899130 742.009664 -90.757987 -16.749456 -0.045305 0.063793 -0.064837 0.994824
1690.999776 742.115795 -90.777025 -16.750182 -0.044525 0.061874 -0.064478 0.995003
1691.099608 742.211032 -90.795732 -16.755107 -0.044005 0.062716 -0.064076 0.995000
1691.199431 742.307700 -90.811263 -16.761328 -0.045855 0.063469 -0.063895 0.994880
1691.299277 742.408835 -90.825927 -16.768765 -0.047727 0.063318 -0.064007 0.994795
1691.399111 742.512623 -90.834824 -16.776578 -0.047670 0.062810 -0.064288 0.994811
1691.499755 742.621137 -90.848149 -16.779384 -0.046495 0.061714 -0.064444 0.994925
1691.599592 742.732198 -90.864745 -16.785258 -0.045299 0.061430 -0.064411 0.995000
1691.699428 742.842802 -90.879710 -16.793894 -0.043332 0.063122 -0.064485 0.994977
1691.799267 742.955385 -90.898272 -16.795037 -0.042992 0.066665 -0.064563 0.994756
1691.899490 743.067556 -90.911801 -16.798443 -0.044571 0.069195 -0.065106 0.994478
1691.999322 743.167628 -90.924579 -16.799616 -0.046872 0.068836 -0.065821 0.994350
1692.099158 743.276251 -90.941558 -16.811576 -0.045730 0.065476 -0.065849 0.994628
1692.199802 743.397077 -90.958166 -16.820281 -0.043097 0.062407 -0.065490 0.994967
1692.299639 743.507522 -90.973413 -16.828228 -0.044721 0.062097 -0.065862 0.994890
1692.399478 743.616107 -90.982972 -16.830187 -0.045967 0.065680 -0.065848 0.994604
1692.499325 743.714449 -91.004245 -16.830582 -0.047487 0.067784 -0.065362 0.994423
1692.599161 743.809816 -91.022419 -16.835404 -0.048389 0.065665 -0.065547 0.994510
1692.699775 743.908761 -91.042328 -16.848454 -0.047126 0.065335 -0.065326 0.994607
1692.799607 744.016431 -91.059459 -16.856336 -0.045372 0.065404 -0.064948 0.994709
1692.899445 744.126380 -91.071240 -16.865476 -0.045134 0.063468 -0.064276 0.994889
1692.999291 744.232931 -91.085225 -16.875673 -0.046687 0.061875 -0.063685 0.994955
1693.099138 744.336968 -91.096596 -16.886238 -0.047358 0.063780 -0.063482 0.994816
1693.199775 744.444443 -91.113880 -16.895167 -0.048197 0.065987 -0.063512 0.994630
1693.299616 744.554262 -91.132948 -16.903411 -0.048350 0.066541 -0.063904 0.994561
1693.399454 744.663181 -91.154768 -16.914311 -0.046671 0.067064 -0.064134 0.994591
1693.499314 744.780400 -91.175566 -16.925176 -0.046601 0.067724 -0.064446 0.994529
1693.599158 744.899576 -91.192777 -16.934519 -0.047648 0.069818 -0.064671 0.994320
1693.699792 745.005637 -91.204473 -16.948247 -0.049313 0.070648 -0.065026 0.994157
1693.799628 745.108660 -91.211559 -16.962420 -0.044278 0.069563 -0.065720 0.994425
1693.899457 745.201406 -91.226034 -16.972301 -0.042994 0.069387 -0.066396 0.994449
1693.999291 745.291622 -91.240164 -16.989749 -0.043684 0.068288 -0.066745 0.994472
1694.099147 745.398040 -91.256467 -17.008596 -0.046312 0.067906 -0.066526 0.994393
1694.199785 745.516459 -91.281836 -17.019611 -0.048587 0.068750 -0.065571 0.994290
1694.299632 745.637837 -91.307970 -17.029196 -0.049946 0.071581 -0.065052 0.994057
1694.399468 745.753608 -91.328143 -17.044314 -0.050024 0.073077 -0.065311 0.993927
1694.499312 745.877173 -91.341663 -17.063761 -0.048348 0.072329 -0.065748 0.994036
1694.599131 746.003708 -91.358397 -17.086271 -0.046875 0.069651 -0.066130 0.994273
1694.699766 746.121398 -91.377045 -17.097096 -0.045001 0.067681 -0.066059 0.994500
1694.799606 746.234881 -91.391061 -17.100625 -0.045362 0.067260 -0.065896 0.994523
1694.899445 746.337815 -91.404087 -17.104714 -0.046411 0.066677 -0.065953 0.994510
1694.999277 746.437099 -91.426353 -17.122093 -0.046878 0.063092 -0.065647 0.994742
1695.099111 746.548750 -91.447742 -17.130757 -0.047878 0.061024 -0.065583 0.994828
1695.199744 746.667482 -91.466311 -17.142546 -0.047156 0.060847 -0.065183 0.994900
1695.299586 746.782825 -91.482766 -17.158875 -0.046419 0.061052 -0.064578 0.994961
1695.399424 746.882129 -91.499741 -17.165582 -0.046848 0.062570 -0.063264 0.994931
1695.499266 746.976301 -91.510776 -17.175347 -0.048560 0.061697 -0.062729 0.994937
1695.599498 747.076272 -91.529140 -17.191914 -0.051305 0.058423 -0.062642 0.995003
1695.699344 747.183676 -91.547543 -17.209837 -0.050885 0.057121 -0.063423 0.995050
1695.799182 747.293089 -91.566098 -17.227194 -0.047144 0.057821 -0.063503 0.995189
1695.899827 747.399744 -91.583295 -17.229468 -0.046892 0.059149 -0.063116 0.995148
1695.999666 747.503340 -91.599849 -17.237932 -0.047647 0.057770 -0.063197 0.995188
1696.099495 747.613030 -91.609910 -17.254951 -0.046713 0.055684 -0.062886 0.995371
1696.199341 747.719146 -91.624897 -17.269452 -0.046087 0.054138 -0.062514 0.995508
1696.299185 747.817463 -91.635841 -17.276229 -0.047923 0.053662 -0.063894 0.995360
1696.399819 747.926404 -91.651305 -17.282307 -0.050098 0.050213 -0.065668 0.995317
1696.499660 748.026371 -91.668526 -17.285569 -0.049324 0.045574 -0.066418 0.995529
1696.599498 748.121499 -91.690045 -17.291083 -0.044626 0.047783 -0.066454 0.995645
1696.699334 748.216932 -91.705531 -17.302002 -0.043528 0.054541 -0.067031 0.995308
1696.799179 748.310573 -91.711723 -17.317811 -0.045023 0.059595 -0.067388 0.994927
1696.899817 748.401023 -91.718702 -17.327733 -0.046970 0.063492 -0.067147 0.994612
1696.999664 748.500040 -91.734803 -17.331335 -0.049676 0.064899 -0.066842 0.994411
1697.099502 748.602025 -91.754824 -17.337095 -0.049445 0.065554 -0.066718 0.994388
1697.199346 748.691333 -91.771622 -17.341775 -0.046536 0.063994 -0.065360 0.994720
1697.299183 748.773238 -91.785786 -17.348582 -0.044140 0.063002 -0.063904 0.994987
1697.399813 748.850969 -91.794423 -17.361448 -0.046509 0.064873 -0.063641 0.994775
1697.499660 748.931331 -91.807871 -17.378488 -0.048858 0.069233 -0.063887 0.994353
1697.599516 749.010288 -91.820008 -17.390247 -0.047439 0.071373 -0.064304 0.994244
1697.699362 749.095113 -91.830371 -17.389135 -0.043939 0.070460 -0.064548 0.994454
1697.799202 749.191363 -91.837915 -17.390907 -0.041777 0.068161 -0.064634 0.994702
1697.899454 749.293833 -91.848714 -17.406974 -0.042954 0.065606 -0.064203 0.994851
1697.999287 749.391657 -91.864797 -17.426193 -0.043951 0.064843 -0.063147 0.994925
1698.099144 749.481916 -91.880795 -17.437366 -0.046210 0.066434 -0.063012 0.994726
1698.199782 749.569354 -91.895458 -17.447808 -0.050295 0.068780 -0.063329 0.994349
1698.299615 749.656793 -91.905696 -17.468170 -0.048568 0.070337 -0.063567 0.994310
1698.399464 749.749373 -91.914928 -17.481908 -0.042319 0.069793 -0.063985 0.994607
1698.499312 749.848747 -91.928107 -17.500306 -0.040277 0.068626 -0.064602 0.994734
1698.599143 749.951377 -91.944149 -17.512002 -0.043731 0.066401 -0.065386 0.994687
1698.699778 750.046255 -91.961047 -17.530551 -0.044178 0.066399 -0.065801 0.994641
1698.799605 750.156170 -91.972945 -17.540808 -0.045081 0.068937 -0.065553 0.994444
1698.899437 750.266669 -91.981757 -17.547925 -0.047162 0.071401 -0.065305 0.994190
1698.999275 750.381571 -91.995472 -17.560690 -0.047168 0.071676 -0.065202 0.994176
1699.099519 750.502475 -92.015253 -17.566454 -0.047448 0.069031 -0.065285 0.994345
1699.199360 750.621104 -92.036635 -17.570514 -0.049560 0.066546 -0.065712 0.994383
1699.299212 750.732078 -92.051472 -17.583661 -0.047791 0.067942 -0.065460 0.994392
1699.399465 750.829751 -92.066338 -17.594557 -0.041768 0.072295 -0.065510 0.994353
1699.499285 750.923546 -92.075700 -17.600119 -0.041204 0.075630 -0.065786 0.994110
1699.599138 751.026653 -92.091630 -17.598473 -0.042020 0.074656 -0.065553 0.994165
1699.699769 751.130794 -92.110755 -17.590589 -0.044668 0.072701 -0.065277 0.994212
1699.799608 751.245153 -92.125611 -17.592150 -0.048011 0.071863 -0.065552 0.994099
1699.899433 751.362624 -92.136650 -17.601930 -0.047910 0.072008 -0.066041 0.994061
1699.999255 751.484435 -92.153993 -17.614573 -0.045647 0.073341 -0.065702 0.994093
1700.099495 751.607990 -92.173019 -17.628615 -0.044946 0.076917 -0.065315 0.993880
1700.199335 751.733145 -92.195657 -17.633105 -0.045742 0.077949 -0.064841 0.993794
1700.299175 751.857720 -92.216467 -17.637617 -0.045107 0.073836 -0.065009 0.994126
1700.399815 751.991751 -92.233914 -17.637211 -0.043454 0.071529 -0.064704 0.994389
1700.499647 752.119433 -92.249758 -17.635750 -0.043658 0.073373 -0.064517 0.994257
1700.599486 752.238956 -92.264070 -17.651425 -0.044738 0.073210 -0.064783 0.994204
1700.699334 752.359838 -92.279553 -17.666776 -0.044188 0.071458 -0.064444 0.994378
1700.799165 752.481183 -92.292879 -17.674069 -0.042608 0.069370 -0.063877 0.994632
1700.899804 752.602378 -92.308116 -17.674533 -0.042793 0.067734 -0.063393 0.994767
1700.999653 752.732244 -92.331751 -17.676371 -0.044454 0.065671 -0.063180 0.994846
1701.099493 752.861598 -92.354715 -17.680915 -0.044715 0.066978 -0.062305 0.994803
1701.199325 752.995180 -92.370589 -17.687744 -0.047780 0.067406 -0.061861 0.994659
1701.299177 753.127209 -92.388716 -17.701506 -0.050233 0.067722 -0.061507 0.994539
1701.399817 753.269478 -92.404096 -17.710092 -0.050562 0.069850 -0.061669 0.994365
1701.499647 753.416163 -92.425289 -17.720796 -0.049008 0.071476 -0.062106 0.994300
1701.599506 753.549229 -92.444428 -17.728539 -0.048216 0.072428 -0.063038 0.994211
1701.699347 753.681688 -92.466018 -17.731308 -0.044559 0.070091 -0.063741 0.994504
1701.799194 753.807673 -92.480364 -17.730680 -0.041957 0.069490 -0.063980 0.994644
1701.899823 753.949521 -92.492741 -17.732396 -0.043178 0.069611 -0.064231 0.994567
1701.999680 754.094116 -92.510631 -17.739242 -0.045068 0.068005 -0.064284 0.994591
1702.099510 754.217204 -92.526610 -17.746415 -0.047582 0.067389 -0.064720 0.994488
1702.199340 754.339547 -92.545615 -17.757970 -0.046235 0.064690 -0.064503 0.994745
1702.299184 754.473226 -92.562065 -17.769844 -0.042288 0.065726 -0.064216 0.994871
1702.399815 754.609702 -92.572982 -17.775809 -0.042546 0.070804 -0.064375 0.994501
1702.499673 754.746104 -92.584581 -17.779773 -0.042923 0.072191 -0.064146 0.994400
1702.599513 754.886249 -92.595510 -17.784700 -0.043546 0.070851 -0.063850 0.994488
1702.699363 755.023481 -92.618893 -17.778285 -0.040424 0.069986 -0.063331 0.994715
1702.799205 755.156091 -92.646329 -17.775370 -0.038953 0.068488 -0.062499 0.994930
1702.899445 755.308958 -92.669427 -17.776867 -0.042793 0.069001 -0.062933 0.994710
1702.999277 755.451314 -92.685297 -17.783824 -0.046067 0.068584 -0.063172 0.994577
1703.099122 755.590100 -92.700944 -17.782523 -0.045729 0.068026 -0.062616 0.994666
1703.199767 755.727955 -92.714529 -17.765121 -0.046125 0.069987 -0.062471 0.994521
1703.299609 755.867543 -92.735124 -17.740599 -0.045658 0.070984 -0.062932 0.994443
1703.399441 756.004677 -92.760030 -17.715142 -0.044381 0.070212 -0.062875 0.994559
1703.499292 756.144679 -92.779603 -17.696887 -0.043663 0.068739 -0.062789 0.994699
1703.599129 756.295495 -92.794107 -17.683830 -0.045987 0.066669 -0.062270 0.994768
