1076.599619 0.055120 0.022260 -0.029700 0.000000 0.000000 0.000000 1.000000
1076.699451 -0.177793 0.046574 -0.030832 -0.000386 -0.000082 -0.000007 1.000000
1076.799291 -0.305859 0.059485 -0.026240 -0.001185 0.000496 0.000008 0.999999
1076.899122 -0.336672 0.065721 -0.025451 -0.000980 0.000936 -0.000072 0.999999
1076.999753 -0.364711 0.066901 -0.039560 -0.001146 0.000485 0.000070 0.999999
1077.099596 -0.397271 0.069693 -0.047825 -0.001563 0.000384 -0.000002 0.999999
1077.199424 -0.281111 0.058690 -0.033690 -0.001427 0.000416 0.000029 0.999999
1077.299277 -0.236375 0.059019 -0.019284 -0.000404 0.000612 -0.000016 1.000000
1077.399124 -0.266392 0.061178 -0.019783 -0.000387 0.000895 0.000158 1.000000
1077.499766 -0.307032 0.064807 -0.032551 -0.000608 0.000755 0.000201 1.000000
1077.599611 -0.321595 0.066603 -0.036910 -0.000781 0.000194 0.000198 1.000000
1077.699462 -0.312414 0.068393 -0.027583 -0.000725 -0.000279 0.000058 1.000000
1077.799299 -0.287479 0.073421 -0.027361 -0.000548 -0.000870 -0.000091 0.999999
1077.899137 -0.278992 0.075541 -0.035445 -0.000231 -0.000720 0.000019 1.000000
1077.999775 -0.290828 0.068760 -0.028158 0.000056 -0.000240 0.000303 1.000000
1078.099610 -0.308799 0.070477 -0.025083 0.000316 -0.000118 0.000118 1.000000
1078.199456 -0.299189 0.073186 -0.027251 0.000793 -0.000551 0.000020 1.000000
1078.299313 -0.282925 0.075703 -0.030514 0.000457 -0.000745 -0.000054 1.000000
1078.399140 -0.275428 0.077037 -0.032749 -0.000538 -0.000569 -0.000060 1.000000
1078.499767 -0.276194 0.072646 -0.026473 -0.001524 -0.000150 -0.000012 0.999999
1078.599608 -0.296311 0.066198 -0.021460 -0.001888 -0.000513 0.000021 0.999998
1078.699441 -0.319542 0.073592 -0.028718 -0.001072 -0.000118 -0.000080 0.999999
1078.799270 -0.310655 0.079609 -0.030571 0.000311 0.000907 0.000103 1.000000
1078.899508 -0.301615 0.082844 -0.026822 0.000803 0.001580 -0.000059 0.999998
1078.999336 -0.280744 0.079007 -0.022988 0.000441 0.001008 -0.000114 0.999999
1079.099187 -0.278207 0.074599 -0.027239 -0.000255 0.000565 -0.000136 1.000000
1079.199843 -0.291196 0.078461 -0.025985 -0.000772 0.000473 -0.000186 1.000000
1079.299680 -0.315559 0.081587 -0.027844 -0.000639 0.000200 -0.000031 1.000000
1079.399525 -0.341733 0.084338 -0.035184 -0.001667 -0.000052 -0.000219 0.999999
1079.499364 -0.337886 0.080695 -0.033523 -0.001792 0.000665 -0.000128 0.999998
1079.599203 -0.328744 0.079468 -0.028688 -0.001805 0.001322 -0.000169 0.999997
1079.699437 -0.322903 0.081734 -0.028156 -0.001110 0.000851 -0.000169 0.999999
1079.799279 -0.310857 0.080940 -0.029935 0.000112 -0.000566 -0.000129 1.000000
1079.899116 -0.280930 0.080719 -0.025506 0.000509 -0.001208 -0.000183 0.999999
1079.999750 -0.279659 0.082181 -0.026073 0.000681 -0.001055 -0.000223 0.999999
1080.099590 -0.291088 0.080174 -0.030896 0.000206 -0.000585 -0.000234 1.000000
1080.199443 -0.308220 0.082570 -0.023644 -0.000219 0.000158 -0.000318 1.000000
1080.299282 -0.334564 0.089296 -0.024274 0.000037 -0.000316 -0.000302 1.000000
1080.399131 -0.335660 0.089787 -0.031455 -0.000105 -0.000421 -0.000159 1.000000
1080.499778 -0.322740 0.081573 -0.034809 0.000781 -0.000429 -0.000032 1.000000
1080.599624 -0.311848 0.081778 -0.026269 0.001514 -0.000467 -0.000127 0.999999
1080.699461 -0.316085 0.086049 -0.015574 0.000988 -0.000284 -0.000201 0.999999
1080.799310 -0.320295 0.087277 -0.015970 0.000044 -0.000033 -0.000255 1.000000
1080.899138 -0.328169 0.084305 -0.023575 -0.000751 -0.000390 0.000010 1.000000
1080.999784 -0.333673 0.079487 -0.024681 -0.000907 0.000099 0.000412 0.999999
1081.099604 -0.319895 0.079011 -0.025353 -0.000238 0.000071 0.000447 1.000000
1081.199447 -0.303795 0.084550 -0.020414 0.000467 0.000669 0.000425 1.000000
1081.299295 -0.320381 0.090497 -0.028125 0.001031 0.005699 0.000248 0.999983
1081.399141 -0.344868 0.086169 -0.024159 0.000996 0.014585 0.000289 0.999893
1081.499784 -0.360240 0.084510 -0.018090 0.000402 0.021313 0.000267 0.999773
1081.599610 -0.349915 0.085073 -0.017909 -0.000054 0.026367 0.000140 0.999652
1081.699455 -0.298935 0.083879 -0.022889 0.000143 0.030282 0.000137 0.999541
1081.799290 -0.246682 0.080415 -0.021556 -0.000045 0.032989 0.000128 0.999456
1081.899123 -0.211180 0.075268 -0.019989 0.000085 0.033614 0.000140 0.999435
1081.999767 -0.200438 0.077911 -0.020148 -0.000329 0.032217 0.000191 0.999481
1082.099605 -0.208887 0.081017 -0.016451 -0.000481 0.028346 0.000084 0.999598
1082.199451 -0.176967 0.084790 -0.016001 -0.000566 0.024254 -0.000130 0.999706
1082.299279 -0.110737 0.080854 -0.016118 -0.000800 0.022212 -0.000116 0.999753
1082.399119 -0.036860 0.071437 -0.020952 -0.000510 0.019603 -0.000027 0.999808
1082.499759 0.015183 0.069877 -0.015088 -0.000196 0.019865 -0.000116 0.999803
1082.599597 0.053234 0.076232 -0.012400 0.000253 0.021167 -0.000407 0.999776
1082.699442 0.099288 0.075099 -0.019635 0.000789 0.020973 -0.000411 0.999780
1082.799288 0.152720 0.072564 -0.017280 -0.000045 0.018479 -0.000525 0.999829
1082.899134 0.218173 0.069595 -0.013072 -0.000295 0.014045 -0.000462 0.999901
1082.999780 0.291560 0.068114 -0.003747 -0.000515 0.010595 -0.000531 0.999944
1083.099619 0.333268 0.071695 0.000120 -0.000104 0.011255 -0.000411 0.999937
1083.199447 0.383406 0.073459 -0.003180 0.000114 0.014841 -0.000172 0.999890
1083.299294 0.477843 0.064824 -0.004657 -0.000123 0.019770 0.000192 0.999805
1083.399128 0.557762 0.065817 -0.006706 0.000234 0.027307 0.000034 0.999627
1083.499759 0.625791 0.068525 -0.009680 0.000720 0.033848 0.000199 0.999427
1083.599588 0.688546 0.068896 -0.009800 0.001094 0.035738 0.000257 0.999361
1083.699421 0.779369 0.066661 -0.008889 0.000905 0.033001 -0.000018 0.999455
1083.799259 0.850993 0.066754 -0.003177 0.000186 0.027608 -0.000159 0.999619
1083.899504 0.931346 0.065068 0.001358 0.001315 0.025934 -0.000307 0.999663
1083.999342 1.077270 0.061639 0.006174 0.001723 0.027222 -0.000303 0.999628
1084.099180 1.183211 0.063295 0.005572 0.002099 0.028961 -0.000479 0.999578
1084.199813 1.273176 0.062220 0.012533 0.001906 0.028845 -0.000681 0.999582
1084.299649 1.330450 0.065410 0.011982 0.001896 0.024584 -0.000934 0.999696
1084.399491 1.408945 0.068178 0.005466 0.001235 0.018414 -0.001175 0.999829
1084.499344 1.520466 0.063671 0.002060 0.001687 0.013183 -0.001145 0.999911
1084.599183 1.647089 0.059230 0.005557 0.002371 0.012555 -0.001155 0.999918
1084.699829 1.783771 0.056521 0.017009 0.002352 0.014594 -0.001305 0.999890
1084.799677 1.908082 0.056285 0.020526 0.001429 0.017047 -0.001216 0.999853
1084.899529 2.009729 0.054314 0.018584 0.000851 0.019495 -0.001301 0.999809
1084.999362 2.095887 0.055310 0.024083 0.000865 0.021202 -0.001360 0.999774
1085.099207 2.174284 0.053695 0.024022 0.001289 0.020764 -0.000931 0.999783
1085.199431 2.271513 0.049166 0.024303 0.001597 0.019993 -0.000504 0.999799
1085.299261 2.389421 0.046856 0.028441 0.001640 0.020920 -0.000651 0.999780
1085.399486 2.537171 0.041609 0.031382 0.001543 0.023257 -0.000754 0.999728
1085.499320 2.675808 0.036675 0.036076 0.001531 0.024043 -0.001080 0.999709
1085.599162 2.794049 0.032136 0.037094 0.000383 0.023102 -0.001201 0.999732
1085.699796 2.905424 0.027942 0.041146 -0.000151 0.018936 -0.001092 0.999820
1085.799631 3.007904 0.022609 0.051668 -0.000059 0.014223 -0.001042 0.999898
1085.899473 3.116593 0.021025 0.055697 -0.000008 0.014408 -0.001174 0.999896
1085.999324 3.250056 0.017432 0.052426 -0.000640 0.015536 -0.001130 0.999878
1086.099155 3.352144 0.010974 0.046885 -0.001273 0.018859 -0.001197 0.999821
1086.099155 3.345917 0.012743 0.047827 -0.001116 0.018891 -0.001216 0.999820
1086.199794 3.480349 0.009594 0.057588 -0.000978 0.023044 -0.001423 0.999733
1086.299633 3.620523 0.001861 0.053226 -0.000188 0.024880 -0.001042 0.999690
1086.399470 3.751450 -0.005532 0.043687 0.000144 0.024952 -0.000612 0.999688
1086.499302 3.861616 -0.010593 0.047869 -0.000928 0.023084 -0.000367 0.999733
1086.599130 3.972000 -0.014628 0.059374 -0.001774 0.020513 -0.000053 0.999788
1086.699784 4.085467 -0.020015 0.076291 -0.002367 0.017662 0.000290 0.999841
1086.799619 4.211329 -0.025716 0.090981 -0.003691 0.014140 0.000552 0.999893
1086.899458 4.337220 -0.029179 0.103452 -0.004996 0.010537 0.000691 0.999932
1086.999289 4.470534 -0.031302 0.113524 -0.004593 0.004040 0.000609 0.999981
1087.099143 4.602067 -0.037582 0.110139 -0.005475 -0.027565 0.000494 0.999605
1087.199782 4.729460 -0.043552 0.119758 -0.003873 -0.023480 0.000412 0.999717
1087.299617 4.842771 -0.044408 0.139262 -0.002799 -0.002602 0.000331 0.999993
1087.399460 4.941214 -0.045987 0.159976 -0.002700 0.008717 0.000611 0.999958
1087.499295 5.027037 -0.047741 0.183681 -0.002682 0.014229 0.000901 0.999895
1087.599135 5.123531 -0.050901 0.200763 -0.002935 0.013359 0.001217 0.999906
1087.699770 5.227471 -0.048583 0.209532 -0.003296 0.012359 0.001466 0.999917
1087.799602 5.326398 -0.051240 0.216574 -0.003012 0.011532 0.001917 0.999927
1087.899444 5.421874 -0.053392 0.226949 -0.003486 0.011606 0.001957 0.999925
1087.999279 5.532087 -0.054904 0.237354 -0.003885 0.011893 0.001556 0.999921
1088.099115 5.649776 -0.054906 0.247042 -0.002916 0.012154 0.001778 0.999920
1088.199753 5.765640 -0.054077 0.252382 -0.001616 0.010308 0.001580 0.999944
1088.299594 5.867875 -0.051000 0.256619 -0.000475 0.007485 0.000899 0.999971
1088.399430 5.960724 -0.049258 0.258578 0.000866 0.005376 0.000175 0.999985
1088.499266 6.054235 -0.051629 0.260937 0.001942 0.004222 -0.000352 0.999989
1088.599508 6.147466 -0.054283 0.263449 0.002969 0.005984 -0.001544 0.999976
1088.699333 6.244249 -0.056212 0.265919 0.002479 0.008328 -0.002701 0.999959
1088.799186 6.343824 -0.059460 0.264723 0.002395 0.009288 -0.004155 0.999945
1088.899821 6.441173 -0.062613 0.260921 0.001571 0.009045 -0.005665 0.999942
1088.999653 6.526870 -0.063814 0.256640 0.000979 0.008438 -0.006540 0.999943
1089.099501 6.609342 -0.065531 0.256381 0.001823 0.009318 -0.007894 0.999924
1089.199337 6.691409 -0.069050 0.259590 0.003696 0.010567 -0.008825 0.999898
1089.299182 6.775241 -0.071732 0.263835 0.004587 0.011790 -0.009151 0.999878
1089.399830 6.863157 -0.077426 0.269448 0.003079 0.012309 -0.009035 0.999879
1089.499670 6.957943 -0.088674 0.279916 0.000476 0.013091 -0.008746 0.999876
1089.599514 7.048963 -0.100012 0.288603 -0.001917 0.013432 -0.009101 0.999867
1089.699358 7.136788 -0.104780 0.296558 -0.002788 0.013423 -0.009338 0.999862
1089.799199 7.217759 -0.109794 0.294661 -0.002363 0.012802 -0.009618 0.999869
1089.899441 7.289591 -0.117668 0.293537 0.000221 0.016146 -0.009434 0.999825
1089.999289 7.370657 -0.126058 0.294659 0.002275 0.019691 -0.009343 0.999760
1090.099133 7.465595 -0.135689 0.298039 0.004949 0.021556 -0.009068 0.999714
1090.199779 7.563329 -0.147680 0.301395 0.007402 0.019882 -0.008614 0.999738
1090.299623 7.659811 -0.162166 0.301892 0.011964 0.017626 -0.008522 0.999737
1090.399457 7.754755 -0.178037 0.303111 0.015061 0.017571 -0.008441 0.999697
1090.499304 7.847061 -0.196729 0.303668 0.016991 0.018100 -0.008196 0.999658
1090.599151 7.941237 -0.216173 0.301889 0.017026 0.017015 -0.007744 0.999680
1090.699782 8.033153 -0.237460 0.300712 0.011886 0.015004 -0.007553 0.999788
1090.799603 8.121450 -0.263567 0.298903 0.004231 0.013965 -0.007300 0.999867
1090.899432 8.211137 -0.292429 0.296760 -0.000432 0.013243 -0.006750 0.999889
1090.999268 8.303058 -0.321458 0.297469 -0.003061 0.013373 -0.006468 0.999885
1091.099505 8.400644 -0.348718 0.297904 -0.003923 0.015040 -0.006263 0.999860
1091.199356 8.498053 -0.370887 0.299326 -0.004104 0.017431 -0.006217 0.999820
1091.299197 8.600285 -0.393939 0.302981 -0.004287 0.017956 -0.005646 0.999814
1091.399840 8.695456 -0.418850 0.306207 -0.003105 0.014710 -0.005798 0.999870
1091.499684 8.781673 -0.444659 0.308710 0.000283 0.009331 -0.009031 0.999916
1091.599519 8.866271 -0.473051 0.311633 0.005267 0.006701 -0.014989 0.999851
1091.699356 8.952849 -0.499384 0.313530 0.006877 0.008101 -0.023675 0.999663
1091.799199 9.051276 -0.523214 0.312703 0.006942 0.011556 -0.032817 0.999370
1091.899422 9.155639 -0.548089 0.311674 0.004697 0.014619 -0.039798 0.999090
1091.999261 9.247941 -0.574712 0.313640 -0.000575 0.017228 -0.041006 0.999010
1092.099503 9.333486 -0.599064 0.316145 -0.000699 0.017847 -0.040072 0.999037
1092.199340 9.408812 -0.621985 0.317868 -0.001062 0.017553 -0.038835 0.999091
1092.299186 9.486974 -0.644827 0.321401 -0.001439 0.018323 -0.037973 0.999110
1092.399829 9.577499 -0.668751 0.321281 -0.000935 0.021654 -0.037534 0.999060
1092.499664 9.677669 -0.688616 0.317309 0.000529 0.024030 -0.037645 0.999002
1092.599503 9.781207 -0.709742 0.314499 0.001459 0.022862 -0.037861 0.999020
1092.699343 9.879907 -0.729777 0.318440 0.001751 0.019267 -0.038254 0.999081
1092.799170 9.968715 -0.747777 0.324774 0.003149 0.015980 -0.038764 0.999116
1092.899810 10.056952 -0.767092 0.328543 0.003505 0.016992 -0.039138 0.999083
1092.999651 10.142896 -0.784796 0.327998 0.003177 0.018472 -0.039512 0.999043
1093.099491 10.228761 -0.802977 0.325583 0.002900 0.018853 -0.039889 0.999022
1093.199323 10.324261 -0.820173 0.324883 0.002969 0.017281 -0.040315 0.999033
1093.299162 10.426058 -0.836077 0.325433 0.003500 0.015746 -0.040491 0.999050
1093.399803 10.539642 -0.855073 0.329092 0.003941 0.013957 -0.040642 0.999068
1093.499654 10.653545 -0.873741 0.335163 0.003912 0.014404 -0.040923 0.999051
1093.599494 10.760073 -0.889593 0.338508 0.004544 0.014970 -0.040868 0.999042
1093.699332 10.852109 -0.903575 0.339364 0.004783 0.017015 -0.041090 0.998999
1093.799164 10.942173 -0.918262 0.337967 0.005190 0.017983 -0.041055 0.998982
1093.899816 11.033735 -0.933990 0.338639 0.005600 0.018823 -0.041385 0.998950
1093.999652 11.131775 -0.949034 0.341297 0.004937 0.018350 -0.041701 0.998949
1094.099495 11.240022 -0.964646 0.344820 0.005386 0.016878 -0.041885 0.998965
1094.199344 11.351042 -0.981245 0.344293 0.005743 0.015349 -0.042331 0.998969
1094.299202 11.455234 -0.998903 0.345234 0.005832 0.014824 -0.042447 0.998972
1094.399434 11.558012 -1.015768 0.348769 0.005628 0.014963 -0.042909 0.998951
1094.499278 11.666948 -1.030234 0.351351 0.006486 0.014325 -0.043411 0.998934
1094.599124 11.768011 -1.043840 0.353653 0.007242 0.012593 -0.043466 0.998949
1094.699770 11.873887 -1.059627 0.356072 0.007968 0.010116 -0.043239 0.998982
1094.799611 11.969442 -1.075725 0.357624 0.008013 0.009772 -0.043069 0.998992
1094.899449 12.058272 -1.095286 0.361831 0.006804 0.011666 -0.042675 0.998998
1094.999288 12.147787 -1.113094 0.366019 0.005950 0.014469 -0.042823 0.998960
1095.099141 12.242047 -1.128835 0.368338 0.005415 0.016264 -0.042436 0.998952
1095.199780 12.352421 -1.142493 0.375143 0.003834 0.015829 -0.042595 0.998960
1095.299609 12.456733 -1.159859 0.377367 0.003832 0.012458 -0.042665 0.999004
1095.399438 12.559870 -1.178788 0.377866 0.004562 0.009883 -0.042919 0.999019
1095.499281 12.663624 -1.199269 0.377555 0.003938 0.009868 -0.042937 0.999021
1095.599113 12.760133 -1.215926 0.377362 0.003831 0.012148 -0.042864 0.999000
1095.699747 12.862773 -1.228979 0.376894 0.003750 0.012644 -0.042693 0.999001
1095.799594 12.958367 -1.242305 0.376027 0.002991 0.012710 -0.042793 0.998999
1095.899430 13.046120 -1.254934 0.378668 0.002932 0.010256 -0.043164 0.999011
1095.999263 13.140198 -1.270706 0.383687 0.002793 0.011092 -0.042981 0.999010
1096.099508 13.230274 -1.283389 0.391799 0.002532 0.011744 -0.042692 0.999016
1096.199343 13.311661 -1.299305 0.397864 0.003035 0.012649 -0.042305 0.999020
1096.299184 13.385418 -1.315492 0.398181 0.002487 0.013375 -0.042174 0.999018
1096.399829 13.468976 -1.329906 0.396617 0.001754 0.015250 -0.042006 0.998999
1096.499670 13.558967 -1.340313 0.397027 0.002111 0.014707 -0.042135 0.999001
1096.599522 13.650396 -1.351350 0.395954 0.001177 0.012482 -0.042465 0.999019
1096.699357 13.745472 -1.362043 0.397654 0.001183 0.011483 -0.042661 0.999023
1096.799204 13.845158 -1.372704 0.400181 0.001559 0.012097 -0.042762 0.999011
1096.899443 13.941300 -1.385886 0.406068 0.002464 0.013206 -0.042591 0.999002
1096.999285 14.032064 -1.399163 0.410421 0.003115 0.012659 -0.042356 0.999018
1097.099132 14.117951 -1.409739 0.411708 0.003555 0.011276 -0.042542 0.999025
1097.199782 14.205428 -1.420557 0.409440 0.002736 0.009264 -0.042683 0.999042
1097.299618 14.282330 -1.430235 0.406627 0.001800 0.009288 -0.042638 0.999046
1097.399470 14.359000 -1.436897 0.408045 0.001897 0.011641 -0.042591 0.999023
1097.499309 14.440876 -1.447547 0.411150 0.002390 0.015709 -0.042311 0.998978
1097.599159 14.524165 -1.459887 0.419154 0.003651 0.018808 -0.042143 0.998928
1097.699791 14.621787 -1.473329 0.430538 0.003757 0.019050 -0.042204 0.998920
1097.799638 14.723276 -1.485442 0.439489 0.003997 0.016651 -0.042300 0.998958
1097.899473 14.815232 -1.489740 0.455640 0.003278 0.014886 -0.042636 0.998974
1097.999296 14.892070 -1.497085 0.472131 0.003424 0.016136 -0.042501 0.998960
1098.099139 14.969359 -1.508657 0.494110 0.003179 0.016880 -0.042557 0.998946
1098.199782 15.054457 -1.523341 0.520507 0.003278 0.016952 -0.042405 0.998951
1098.299630 15.142812 -1.534330 0.541554 0.003523 0.016319 -0.042190 0.998970
1098.399477 15.237465 -1.540347 0.555020 0.004016 0.015287 -0.042409 0.998975
1098.499299 15.333379 -1.549391 0.567106 0.002688 0.012247 -0.042362 0.999024
1098.599143 15.423856 -1.560218 0.580920 0.003446 0.011091 -0.042244 0.999040
1098.699778 15.510521 -1.573327 0.592948 0.003294 0.011758 -0.042204 0.999034
1098.799612 15.600457 -1.586069 0.597433 0.003003 0.013161 -0.042195 0.999018
1098.899448 15.684993 -1.595924 0.599374 0.003457 0.014785 -0.042027 0.999001
1098.999289 15.764656 -1.603541 0.603838 0.003473 0.015967 -0.041848 0.998990
1099.099126 15.851149 -1.612234 0.608200 0.003728 0.016382 -0.041831 0.998983
1099.199764 15.944334 -1.623677 0.607933 0.003234 0.017125 -0.041827 0.998973
1099.299615 16.035890 -1.633422 0.605481 0.002772 0.018291 -0.041766 0.998956
1099.399454 16.126294 -1.642838 0.603468 0.002569 0.022108 -0.041693 0.998883
1099.499291 16.205005 -1.653710 0.604717 0.002500 0.024167 -0.041488 0.998844
1099.599137 16.280306 -1.663347 0.608052 0.002573 0.022763 -0.041551 0.998874
1099.699769 16.369728 -1.674104 0.608942 0.002491 0.017082 -0.041629 0.998984
1099.799590 16.463366 -1.683625 0.607131 0.002389 0.016121 -0.041501 0.999006
1099.899429 16.563306 -1.692673 0.603648 0.002332 0.019837 -0.041251 0.998949
1099.999271 16.661296 -1.702103 0.605234 0.002797 0.027027 -0.041004 0.998789
1100.099508 16.754992 -1.713647 0.611365 0.002551 0.030034 -0.040768 0.998714
1100.199355 16.853807 -1.725810 0.619895 0.002718 0.027914 -0.040947 0.998768
1100.299197 16.967032 -1.736835 0.623115 0.002732 0.020792 -0.040976 0.998940
1100.399830 17.071803 -1.744894 0.617829 0.002304 0.015573 -0.041250 0.999025
1100.499669 17.165311 -1.755017 0.612290 0.002523 0.016205 -0.041496 0.999004
1100.599526 17.249624 -1.766135 0.611639 0.002092 0.019101 -0.041502 0.998954
1100.699366 17.339815 -1.775210 0.618843 0.002060 0.021440 -0.041619 0.998901
1100.799204 17.441599 -1.783041 0.633439 0.002942 0.021787 -0.041858 0.998882
1100.899454 17.536377 -1.791221 0.643657 0.003028 0.020973 -0.041723 0.998904
1100.999298 17.630460 -1.801351 0.649971 0.003298 0.018937 -0.041500 0.998954
1101.099136 17.743039 -1.812988 0.655775 0.001101 0.018223 -0.041791 0.998960
1101.199796 17.860610 -1.825727 0.657880 0.001168 0.017726 -0.041771 0.998969
1101.299634 17.975365 -1.834599 0.658440 0.001669 0.019178 -0.041989 0.998933
1101.399459 18.082715 -1.846354 0.663029 0.003129 0.019612 -0.042247 0.998910
1101.499300 18.184546 -1.858198 0.668836 0.003255 0.018319 -0.042667 0.998916
1101.599144 18.287314 -1.870285 0.673579 0.004491 0.016475 -0.043133 0.998923
1101.699789 18.388594 -1.880199 0.677154 0.004916 0.015396 -0.043604 0.998918
1101.799637 18.482286 -1.888905 0.680614 0.004455 0.016281 -0.043888 0.998894
1101.899473 18.577319 -1.901469 0.687569 0.004233 0.017926 -0.044032 0.998860
1101.999312 18.680925 -1.915291 0.696728 0.003558 0.017437 -0.044326 0.998859
1102.099141 18.796686 -1.931332 0.700943 0.002369 0.015084 -0.044544 0.998891
1102.199789 18.919706 -1.946856 0.713376 0.000287 0.000689 -0.044768 0.998997
1102.299637 19.007999 -1.955278 0.717616 -0.003088 -0.039824 -0.045173 0.998180
1102.399474 19.073297 -1.962206 0.728391 -0.002978 -0.043885 -0.045326 0.998003
1102.499318 19.136928 -1.972304 0.740049 -0.001749 -0.026563 -0.045153 0.998625
1102.599162 19.195904 -1.982678 0.746445 -0.000755 -0.008608 -0.044492 0.998972
1102.699783 19.257621 -1.992129 0.748076 0.000353 0.007662 -0.044204 0.998993
1102.799618 19.325944 -2.003843 0.747280 0.000054 0.010708 -0.044033 0.998973
1102.899459 19.399005 -2.012884 0.745962 0.000018 0.013702 -0.044147 0.998931
1102.999318 19.471014 -2.018154 0.742837 -0.000308 0.014185 -0.043952 0.998933
1103.099175 19.545313 -2.022542 0.739397 -0.000160 0.016310 -0.043502 0.998920
1103.199821 19.624611 -2.030420 0.738031 -0.000438 0.019367 -0.042479 0.998910
1103.299669 19.696185 -2.041749 0.748664 -0.000724 0.023796 -0.041324 0.998862
1103.399512 19.770311 -2.054150 0.762998 -0.000963 0.026581 -0.040664 0.998819
1103.499359 19.845330 -2.061814 0.773704 -0.000346 0.028722 -0.040320 0.998774
1103.599187 19.926880 -2.067522 0.780826 0.001027 0.029670 -0.040006 0.998758
1103.699827 20.009762 -2.073285 0.787038 0.002053 0.031550 -0.039983 0.998700
1103.799682 20.092690 -2.080828 0.788295 0.002189 0.031059 -0.039732 0.998725
1103.899538 20.180059 -2.090209 0.788688 0.001629 0.035402 -0.039556 0.998589
1103.999390 20.277104 -2.101674 0.791536 0.002188 0.039932 -0.039141 0.998433
1104.099226 20.377700 -2.113808 0.799437 0.001735 0.040822 -0.038737 0.998414
1104.199456 20.483788 -2.119754 0.803369 0.001844 0.036843 -0.038415 0.998581
1104.299295 20.580891 -2.125818 0.807146 0.001291 0.031824 -0.038229 0.998761
1104.399131 20.681251 -2.137050 0.808407 0.001532 0.027457 -0.037752 0.998909
1104.499765 20.784540 -2.149851 0.811985 0.000482 0.025097 -0.038063 0.998960
1104.599606 20.893001 -2.160579 0.813139 0.000433 0.024111 -0.038371 0.998973
1104.699454 21.001022 -2.169547 0.818411 0.001197 0.021891 -0.038494 0.999018
1104.799288 21.109927 -2.182280 0.827192 0.001562 0.019226 -0.038408 0.999076
1104.899117 21.215892 -2.194767 0.834041 0.000949 0.016391 -0.038567 0.999121
1104.999748 21.323347 -2.203901 0.842266 0.000299 0.013589 -0.038851 0.999153
1105.099574 21.428037 -2.214238 0.851596 0.000082 0.013495 -0.038539 0.999166
1105.199408 21.532996 -2.226567 0.857605 -0.000638 0.013505 -0.038187 0.999179
1105.299251 21.640154 -2.241214 0.873470 -0.001224 0.014022 -0.037759 0.999188
1105.399499 21.740030 -2.256849 0.881848 -0.001452 0.013654 -0.037388 0.999206
1105.499333 21.831227 -2.270016 0.900832 0.000015 0.012239 -0.037010 0.999240
1105.599183 21.925716 -2.279625 0.925745 0.001345 0.010198 -0.036663 0.999275
1105.699828 22.028581 -2.290902 0.953719 0.000736 0.007355 -0.036485 0.999307
1105.799673 22.137114 -2.303164 0.975372 -0.000591 0.006672 -0.036747 0.999302
1105.899511 22.245700 -2.317845 0.983526 -0.001800 0.008285 -0.036829 0.999286
1105.999346 22.353781 -2.331168 0.990645 -0.001975 0.011526 -0.036809 0.999254
1106.099190 22.463279 -2.341212 0.995763 -0.001542 0.013425 -0.036925 0.999227
1106.199810 22.576783 -2.356640 0.999161 -0.001818 0.012984 -0.037149 0.999224
1106.299649 22.682444 -2.372421 1.001682 -0.001769 0.011802 -0.037278 0.999234
1106.399484 22.784122 -2.386994 1.000260 -0.002792 0.010153 -0.037420 0.999244
1106.499328 22.888414 -2.402241 0.999231 -0.002787 0.010155 -0.037360 0.999246
1106.599165 22.994269 -2.416827 0.996783 -0.002817 0.012975 -0.037407 0.999212
1106.699816 23.100661 -2.432416 0.994542 -0.001510 0.016825 -0.037383 0.999158
1106.799650 23.206412 -2.447625 0.995357 -0.000574 0.018715 -0.037621 0.999117
1106.899485 23.300088 -2.457533 0.998891 -0.002144 0.018498 -0.037979 0.999105
1106.999320 23.397997 -2.465250 0.999912 -0.002413 0.017282 -0.038288 0.999114
1107.099152 23.505764 -2.475491 0.999709 -0.001835 0.015800 -0.038601 0.999128
1107.199795 23.615435 -2.488235 0.999866 -0.001012 0.014531 -0.038408 0.999156
1107.299632 23.719648 -2.501376 1.000731 -0.001005 0.014141 -0.038259 0.999167
1107.399476 23.826820 -2.513162 1.006188 0.001009 0.013833 -0.038668 0.999156
1107.499328 23.934412 -2.521912 1.009054 0.002611 0.013698 -0.041372 0.999047
1107.599188 24.038994 -2.532741 1.004690 0.001726 0.012450 -0.044616 0.998925
1107.699829 24.153345 -2.552485 1.007997 0.003148 0.011258 -0.047664 0.998795
1107.799675 24.262141 -2.566838 1.005096 0.004630 0.010073 -0.052504 0.998559
1107.899508 24.365680 -2.582232 1.010807 0.006238 0.011076 -0.057820 0.998246
1107.999343 24.477160 -2.595900 1.018320 0.006594 0.011717 -0.062683 0.997943
1108.099187 24.594101 -2.607518 1.023255 0.007000 0.012995 -0.066471 0.997679
1108.199825 24.700270 -2.620228 1.027457 0.004209 0.014496 -0.067824 0.997583
1108.299673 24.799863 -2.638330 1.026866 0.002821 0.014786 -0.068044 0.997569
1108.399512 24.914150 -2.658266 1.026438 -0.000230 0.013936 -0.068070 0.997583
1108.499363 25.022809 -2.675274 1.034154 -0.001663 0.013886 -0.067888 0.997595
1108.599206 25.124555 -2.687910 1.043459 -0.001251 0.015029 -0.068082 0.997566
1108.699448 25.230402 -2.703052 1.045979 0.000614 0.015582 -0.068343 0.997540
1108.799298 25.335413 -2.718126 1.047191 0.001970 0.014441 -0.068413 0.997551
1108.899133 25.446361 -2.733435 1.051881 0.003042 0.012919 -0.068605 0.997556
1108.999762 25.554775 -2.748761 1.056377 0.004452 0.009978 -0.068616 0.997583
1109.099598 25.656035 -2.761772 1.061800 0.002448 0.009201 -0.069029 0.997569
1109.199445 25.759328 -2.775120 1.062028 -0.003208 0.011063 -0.069539 0.997513
1109.299294 25.872760 -2.786394 1.062308 -0.006989 0.015158 -0.069541 0.997439
1109.399137 25.987349 -2.798230 1.057710 -0.006733 0.016692 -0.069351 0.997430
1109.499783 26.098305 -2.809330 1.064288 -0.002923 0.017547 -0.069196 0.997444
1109.599622 26.206899 -2.822256 1.074369 0.000105 0.017557 -0.069431 0.997432
1109.699462 26.310762 -2.828628 1.073732 0.000517 0.016177 -0.070401 0.997387
1109.799289 26.416350 -2.839986 1.067813 0.001577 0.014614 -0.070788 0.997383
1109.899129 26.523194 -2.851713 1.063318 0.002104 0.014907 -0.071271 0.997343
1109.999776 26.624776 -2.860665 1.063934 0.001802 0.015458 -0.071260 0.997336
1110.099613 26.732835 -2.865721 1.068097 0.001410 0.015801 -0.071157 0.997339
1110.199452 26.840456 -2.870317 1.070011 0.000731 0.015984 -0.071098 0.997341
1110.299279 26.947760 -2.884030 1.070884 0.002289 0.015596 -0.071236 0.997335
1110.399115 27.061375 -2.899418 1.072892 0.002146 0.014810 -0.071815 0.997306
1110.499739 27.171469 -2.908362 1.077013 0.000344 0.014953 -0.071605 0.997321
1110.599578 27.279407 -2.912283 1.080234 0.000103 0.015333 -0.069956 0.997432
1110.699406 27.396271 -2.920645 1.083194 0.002721 0.014911 -0.069153 0.997491
1110.799251 27.516819 -2.933406 1.087812 0.002555 0.012967 -0.068898 0.997536
1110.899504 27.629499 -2.942766 1.090260 0.001526 0.011048 -0.067983 0.997624
1110.999333 27.729404 -2.952046 1.089385 0.004945 0.009611 -0.068233 0.997611
1111.099160 27.819718 -2.962864 1.090080 0.004120 0.009515 -0.068926 0.997568
1111.199794 27.917820 -2.972537 1.089790 0.002916 0.010413 -0.069469 0.997526
1111.299644 28.029387 -2.981335 1.093607 0.000898 0.009553 -0.069822 0.997513
1111.399471 28.147340 -2.995973 1.098524 0.000511 0.009609 -0.069449 0.997539
1111.499311 28.261167 -3.008654 1.102611 -0.000330 0.011251 -0.069235 0.997537
1111.599152 28.366777 -3.023003 1.102920 -0.000330 0.011713 -0.068864 0.997557
1111.699780 28.471774 -3.037631 1.103095 -0.000514 0.012260 -0.068844 0.997552
1111.799619 28.579575 -3.047322 1.103306 -0.000235 0.013848 -0.068628 0.997546
1111.899455 28.685982 -3.055104 1.108259 0.000580 0.014604 -0.068234 0.997562
1111.999292 28.794694 -3.064017 1.113775 -0.001385 0.013498 -0.067294 0.997641
1112.099114 28.897770 -3.071311 1.117025 -0.005277 0.013070 -0.063285 0.997896
1112.199751 29.004020 -3.077207 1.118177 -0.006151 0.012039 -0.056873 0.998290
1112.299592 29.108935 -3.082666 1.119237 -0.004146 0.011286 -0.051602 0.998595
1112.399421 29.204667 -3.090164 1.121192 -0.000714 0.011121 -0.048860 0.998743
1112.499263 29.304353 -3.095873 1.123330 0.000193 0.010220 -0.048953 0.998749
1112.599498 29.412460 -3.104050 1.125795 0.001480 0.008204 -0.049136 0.998757
1112.699338 29.526390 -3.113114 1.130073 0.002405 0.007463 -0.049539 0.998741
1112.799166 29.629117 -3.123349 1.130503 0.002427 0.007706 -0.049984 0.998717
1112.899793 29.714021 -3.134009 1.134011 0.001920 0.009021 -0.050493 0.998682
1112.999638 29.796083 -3.140788 1.132342 0.000785 0.011078 -0.050863 0.998644
1113.099482 29.891555 -3.147206 1.135896 0.001900 0.015762 -0.050955 0.998575
1113.199309 29.990855 -3.152254 1.140899 0.002470 0.019269 -0.051391 0.998490
1113.299152 30.085767 -3.159267 1.140672 0.003108 0.020415 -0.051426 0.998463
1113.399781 30.181664 -3.164863 1.143547 0.003454 0.020380 -0.051866 0.998440
1113.499627 30.278285 -3.171141 1.147176 0.003380 0.019882 -0.052116 0.998437
1113.599470 30.383132 -3.183596 1.148103 0.002333 0.019413 -0.052279 0.998441
1113.699312 30.488606 -3.199131 1.140556 0.001465 0.019251 -0.052227 0.998449
1113.799163 30.584626 -3.211922 1.143678 0.001762 0.019459 -0.051980 0.998457
1113.899807 30.682390 -3.220861 1.149060 0.001299 0.017925 -0.052030 0.998484
1113.999642 30.776603 -3.230080 1.156529 -0.000547 0.014089 -0.051940 0.998551
1114.099484 30.877995 -3.241149 1.156602 -0.000905 0.010934 -0.051904 0.998592
1114.199327 30.976815 -3.251494 1.160571 -0.001499 0.010891 -0.051961 0.998589
1114.299170 31.077259 -3.263855 1.167209 -0.000919 0.014278 -0.051951 0.998547
1114.399808 31.180235 -3.277351 1.163768 -0.001052 0.018025 -0.051830 0.998493
1114.499659 31.283875 -3.289887 1.154651 -0.000961 0.019694 -0.051460 0.998480
1114.599496 31.393946 -3.300876 1.153950 -0.000433 0.018771 -0.051394 0.998502
1114.699331 31.497237 -3.312543 1.161397 -0.000840 0.016969 -0.051141 0.998547
1114.799168 31.601531 -3.329031 1.169099 -0.001213 0.016460 -0.050633 0.998581
1114.899805 31.699213 -3.343498 1.172276 -0.000927 0.017140 -0.050396 0.998582
1114.999640 31.799208 -3.354839 1.167301 -0.000468 0.018858 -0.050111 0.998565
1115.099487 31.894112 -3.369146 1.161006 -0.000761 0.021043 -0.049592 0.998548
1115.199315 32.000434 -3.386022 1.160472 -0.002079 0.023470 -0.049592 0.998492
1115.299162 32.113789 -3.400339 1.167717 -0.002889 0.023370 -0.049462 0.998498
1115.399798 32.225195 -3.413863 1.176283 -0.002331 0.022020 -0.049528 0.998527
1115.499642 32.335887 -3.428699 1.180378 -0.001654 0.021299 -0.049320 0.998555
1115.599477 32.445570 -3.443727 1.177255 -0.003221 0.021794 -0.049191 0.998546
1115.699306 32.541089 -3.459663 1.172836 -0.002979 0.022480 -0.048887 0.998547
1115.799150 32.646884 -3.477030 1.169206 -0.004051 0.022242 -0.048402 0.998572
1115.899793 32.752463 -3.495185 1.169969 -0.004319 0.019675 -0.048010 0.998644
1115.999633 32.863431 -3.512147 1.174656 -0.004036 0.018643 -0.047689 0.998680
1116.099478 32.980511 -3.528174 1.177199 -0.004568 0.019448 -0.047454 0.998674
1116.199313 33.096933 -3.544429 1.181125 -0.004495 0.021090 -0.047202 0.998653
1116.299163 33.214540 -3.561966 1.183852 -0.004682 0.021336 -0.047093 0.998652
1116.399815 33.333508 -3.578317 1.189629 -0.005061 0.020774 -0.046958 0.998668
1116.499661 33.441182 -3.596409 1.193060 -0.005103 0.018437 -0.046845 0.998719
1116.599501 33.550265 -3.613084 1.193605 -0.005312 0.015349 -0.046826 0.998771
1116.699343 33.656756 -3.628932 1.193267 -0.005754 0.014273 -0.046580 0.998796
1116.799177 33.765258 -3.640365 1.193047 -0.007731 0.016542 -0.046369 0.998757
1116.899814 33.888811 -3.651290 1.197655 -0.007755 0.018946 -0.045779 0.998742
1116.999646 34.008998 -3.663011 1.202061 -0.007275 0.018835 -0.045107 0.998778
1117.099471 34.121135 -3.676418 1.205871 -0.005766 0.017286 -0.044552 0.998841
1117.199321 34.234397 -3.689493 1.208237 -0.004644 0.016504 -0.044256 0.998873
1117.299142 34.352085 -3.696235 1.214794 -0.004602 0.016930 -0.044345 0.998862
1117.399783 34.468157 -3.702305 1.216473 -0.004076 0.018109 -0.044666 0.998830
1117.499619 34.586285 -3.713972 1.216555 -0.002316 0.018369 -0.044883 0.998821
1117.599472 34.695597 -3.722839 1.218620 -0.001275 0.017401 -0.045352 0.998819
1117.699319 34.800564 -3.728264 1.222849 -0.001304 0.015401 -0.045922 0.998825
1117.799162 34.912023 -3.731912 1.230990 -0.001447 0.014705 -0.046641 0.998802
1117.899816 35.031936 -3.735763 1.238696 -0.001432 0.014552 -0.047341 0.998772
1117.999653 35.149738 -3.739401 1.239398 -0.000663 0.016157 -0.047839 0.998724
1118.099481 35.263099 -3.742517 1.234822 0.000317 0.016755 -0.048482 0.998683
1118.199327 35.376066 -3.749081 1.235403 0.002375 0.016674 -0.048868 0.998663
1118.299179 35.491912 -3.757884 1.239586 0.004248 0.015727 -0.048919 0.998670
1118.399810 35.620357 -3.765947 1.250157 0.005637 0.015198 -0.049463 0.998644
1118.499656 35.742668 -3.771398 1.267420 0.005412 0.015172 -0.049706 0.998634
1118.599494 35.860676 -3.773834 1.284121 0.005821 0.015556 -0.049962 0.998613
1118.699307 35.973972 -3.778116 1.298655 0.005732 0.016256 -0.050482 0.998576
1118.799161 36.081949 -3.782067 1.317968 0.005892 0.015252 -0.051059 0.998562
1118.899804 36.187658 -3.792942 1.338196 0.006122 0.013360 -0.051521 0.998564
1118.999640 36.292804 -3.807684 1.352278 0.005965 0.011753 -0.051642 0.998579
1119.099468 36.392246 -3.820246 1.360575 0.005073 0.011101 -0.052316 0.998556
1119.199305 36.492347 -3.829216 1.372463 0.003364 0.011207 -0.052621 0.998546
1119.299137 36.599568 -3.834533 1.382189 0.002485 0.013546 -0.052475 0.998527
1119.399767 36.718474 -3.845193 1.389026 0.001761 0.016543 -0.052244 0.998496
1119.499607 36.827188 -3.855551 1.393697 0.000623 0.017764 -0.052144 0.998481
1119.599456 36.938279 -3.871370 1.396295 0.000780 0.017916 -0.051470 0.998514
1119.699303 37.054363 -3.888049 1.395666 0.000808 0.018825 -0.050964 0.998523
1119.799145 37.172835 -3.902844 1.395347 0.001102 0.021603 -0.050124 0.998509
1119.899803 37.295651 -3.911915 1.396269 0.000523 0.023997 -0.049781 0.998472
1119.999672 37.412913 -3.918762 1.399514 0.000256 0.024335 -0.049457 0.998480
1120.099517 37.521952 -3.931159 1.404143 0.000664 0.023170 -0.049209 0.998519
1120.199362 37.638255 -3.945095 1.412287 0.000164 0.020822 -0.049386 0.998563
1120.299199 37.744168 -3.951913 1.417337 -0.000270 0.018224 -0.049875 0.998589
1120.399434 37.845690 -3.958303 1.422377 -0.001017 0.015378 -0.050294 0.998616
1120.499283 37.954398 -3.969299 1.428974 -0.002538 0.013506 -0.050702 0.998619
1120.599116 38.068647 -3.981517 1.431580 -0.000517 0.014495 -0.050976 0.998595
1120.699749 38.192109 -3.989008 1.432612 0.001789 0.016080 -0.051588 0.998537
1120.799570 38.317535 -3.995862 1.440973 0.002094 0.017073 -0.051944 0.998502
1120.899421 38.429383 -4.004538 1.447752 0.003364 0.015534 -0.052115 0.998515
1120.999254 38.532995 -4.014940 1.457417 0.004661 0.013288 -0.051934 0.998551
1121.099499 38.637140 -4.021397 1.476177 0.004643 0.012422 -0.052037 0.998557
1121.199330 38.749901 -4.027546 1.493545 0.003787 0.011312 -0.052090 0.998571
1121.299171 38.858838 -4.037933 1.507275 0.002031 0.010533 -0.051825 0.998599
1121.399829 38.965414 -4.051961 1.529056 0.001121 0.011091 -0.051682 0.998601
1121.499658 39.072851 -4.063112 1.553511 0.000514 0.011806 -0.051786 0.998588
1121.599492 39.186383 -4.070375 1.565532 0.000403 0.010652 -0.052103 0.998585
1121.699332 39.296829 -4.079831 1.571458 0.000651 0.011996 -0.052217 0.998563
1121.799184 39.409652 -4.092618 1.572681 0.000867 0.015419 -0.052231 0.998516
1121.899844 39.524704 -4.107161 1.579356 0.000416 0.019818 -0.052118 0.998444
1121.999675 39.635781 -4.118276 1.586175 0.000400 0.021635 -0.052120 0.998406
1122.099514 39.742638 -4.125776 1.589834 0.000120 0.018343 -0.052310 0.998462
1122.199356 39.845429 -4.140661 1.596737 0.000235 0.014545 -0.052057 0.998538
1122.299190 39.949945 -4.155400 1.600260 0.000025 0.011787 -0.052138 0.998570
1122.399818 40.058189 -4.166198 1.608958 -0.000299 0.011704 -0.052126 0.998572
1122.499653 40.161450 -4.174496 1.621072 -0.000338 0.012597 -0.051973 0.998569
1122.599491 40.265561 -4.189140 1.635926 -0.000064 0.011836 -0.051702 0.998592
1122.699333 40.380970 -4.198866 1.650868 -0.000365 0.011351 -0.051802 0.998593
1122.799178 40.489478 -4.208131 1.663938 -0.000853 0.011257 -0.051674 0.998600
1122.899810 40.598567 -4.215839 1.671522 -0.001695 0.011425 -0.051685 0.998597
1122.999650 40.718653 -4.226065 1.675770 -0.001005 0.011794 -0.051627 0.998596
1123.099507 40.833719 -4.241042 1.682471 -0.000301 0.014855 -0.051488 0.998563
1123.199357 40.937891 -4.256667 1.690726 -0.000788 0.017099 -0.051318 0.998536
1123.299192 41.036817 -4.263835 1.699987 -0.000557 0.016332 -0.051299 0.998550
1123.399818 41.141023 -4.270604 1.706430 -0.000458 0.014688 -0.051233 0.998579
1123.499652 41.237691 -4.279620 1.708922 0.000872 0.014554 -0.051416 0.998571
1123.599488 41.330340 -4.286602 1.711294 0.001214 0.015855 -0.051501 0.998546
1123.699330 41.425731 -4.293653 1.708252 0.002081 0.018029 -0.051528 0.998507
1123.799161 41.528505 -4.304942 1.708531 0.002816 0.019579 -0.051605 0.998472
1123.899796 41.632970 -4.316752 1.707881 0.002197 0.019745 -0.052015 0.998449
1123.999629 41.737151 -4.326852 1.709050 0.002234 0.018352 -0.052414 0.998454
1124.099469 41.839768 -4.334447 1.712004 0.002102 0.016352 -0.052793 0.998469
1124.199315 41.943503 -4.344176 1.716076 0.002757 0.014458 -0.052856 0.998494
1124.299154 42.053289 -4.356476 1.717007 0.002477 0.013869 -0.052948 0.998498
1124.399803 42.162674 -4.365209 1.715042 0.002515 0.012643 -0.053196 0.998501
1124.499653 42.270787 -4.371586 1.717387 0.002878 0.011020 -0.054179 0.998466
1124.599492 42.382182 -4.379589 1.720272 0.002888 0.009747 -0.054770 0.998447
1124.699323 42.482877 -4.392031 1.722345 0.006329 0.009636 -0.056986 0.998308
1124.799168 42.577427 -4.405411 1.725157 0.006703 0.010185 -0.059783 0.998137
1124.899820 42.669073 -4.418240 1.732367 0.004784 0.010859 -0.061621 0.998029
1124.999652 42.758986 -4.431367 1.739289 0.003632 0.010165 -0.062678 0.997975
1125.099487 42.857519 -4.444742 1.745175 0.002420 0.010319 -0.063056 0.997954
1125.199333 42.961735 -4.457751 1.752498 0.001769 0.011505 -0.062966 0.997948
1125.299164 43.063521 -4.471059 1.765916 0.001629 0.014311 -0.062824 0.997921
1125.399800 43.155131 -4.487409 1.776413 0.001439 0.017205 -0.062541 0.997893
1125.499634 43.236561 -4.501031 1.786435 0.001198 0.019905 -0.062354 0.997855
1125.599465 43.321851 -4.510662 1.789827 0.000316 0.021734 -0.062558 0.997805
1125.699304 43.408325 -4.522673 1.789078 0.000032 0.022309 -0.062757 0.997779
1125.799149 43.496101 -4.536610 1.791907 -0.000139 0.020906 -0.062662 0.997816
1125.899780 43.597488 -4.556017 1.794868 -0.000635 0.019111 -0.062386 0.997869
1125.999613 43.712376 -4.573506 1.796699 -0.000318 0.018815 -0.062135 0.997890
1126.099456 43.832941 -4.587882 1.800693 0.000495 0.019426 -0.062132 0.997879
1126.199290 43.949401 -4.601976 1.806110 -0.000837 0.019120 -0.062282 0.997875
1126.299142 44.052096 -4.619548 1.806734 -0.001860 0.019248 -0.062245 0.997874
1126.399785 44.144901 -4.634740 1.806391 -0.001294 0.018449 -0.062669 0.997863
1126.499608 44.237892 -4.647217 1.805097 0.000102 0.018386 -0.063183 0.997833
1126.599447 44.337068 -4.662297 1.803314 0.001295 0.019713 -0.063451 0.997789
1126.699287 44.444792 -4.678488 1.806420 0.000858 0.021535 -0.063897 0.997724
1126.799122 44.550130 -4.697483 1.805541 -0.000871 0.022601 -0.064072 0.997689
1126.899759 44.652714 -4.716792 1.802332 -0.001090 0.022826 -0.064173 0.997677
1126.999620 44.766210 -4.733311 1.804801 -0.001110 0.021345 -0.064267 0.997704
1127.099449 44.885219 -4.747381 1.813950 -0.001011 0.019871 -0.064423 0.997724
1127.199292 44.988432 -4.760717 1.821558 -0.001017 0.020570 -0.064559 0.997701
1127.299138 45.089743 -4.776617 1.821065 -0.000343 0.022462 -0.064520 0.997664
1127.399779 45.190192 -4.792564 1.818650 0.000002 0.024112 -0.064432 0.997631
1127.499618 45.299686 -4.806722 1.811311 -0.000758 0.023295 -0.064662 0.997635
1127.599457 45.409724 -4.820945 1.809923 -0.000744 0.022171 -0.064792 0.997652
1127.699319 45.526252 -4.837725 1.816198 -0.000467 0.021959 -0.064796 0.997657
1127.799158 45.652418 -4.852917 1.830155 0.000566 0.025239 -0.064645 0.997589
1127.899794 45.781727 -4.867428 1.838414 0.000911 0.028346 -0.064826 0.997493
1127.999641 45.904608 -4.882178 1.836317 -0.000278 0.028304 -0.064967 0.997486
1128.099478 46.020876 -4.900069 1.831315 -0.002785 0.025529 -0.065265 0.997538
1128.199322 46.137125 -4.918254 1.827795 -0.003763 0.022883 -0.065400 0.997590
1128.299162 46.256787 -4.932410 1.829968 -0.001104 0.022477 -0.065769 0.997581
1128.399789 46.377652 -4.940818 1.834836 0.001528 0.022556 -0.066102 0.997557
1128.499643 46.496907 -4.952620 1.838800 0.003367 0.023061 -0.066168 0.997536
1128.599487 46.622738 -4.970199 1.840024 0.003121 0.023374 -0.066421 0.997513
1128.699323 46.744934 -4.983929 1.843502 0.002456 0.023660 -0.066732 0.997487
1128.799174 46.866686 -4.998047 1.846341 0.000802 0.023689 -0.067061 0.997467
1128.899811 46.993384 -5.011926 1.842045 -0.001909 0.023723 -0.067413 0.997441
1128.999638 47.119871 -5.025274 1.840541 -0.002062 0.027545 -0.067594 0.997330
1129.099476 47.245019 -5.040863 1.845792 -0.001039 0.030200 -0.067760 0.997244
1129.199299 47.383236 -5.056739 1.850861 -0.001312 0.028999 -0.067877 0.997271
1129.299148 47.523245 -5.072674 1.852176 -0.001147 0.026378 -0.067996 0.997336
1129.399792 47.663493 -5.088669 1.855062 -0.000246 0.023406 -0.067916 0.997416
1129.499645 47.800593 -5.106552 1.859071 -0.001079 0.021471 -0.067735 0.997472
1129.599481 47.945579 -5.121102 1.861016 -0.000618 0.020841 -0.067692 0.997488
1129.699321 48.084966 -5.135070 1.859016 -0.000401 0.019993 -0.067662 0.997508
1129.799167 48.223057 -5.150777 1.863598 -0.002266 0.019525 -0.067830 0.997503
1129.899804 48.364371 -5.163273 1.870240 -0.004752 0.018333 -0.068236 0.997489
1129.999644 48.506337 -5.175314 1.873104 -0.007894 0.016094 -0.068403 0.997497
1130.099491 48.633213 -5.183074 1.875472 -0.011096 0.014105 -0.068390 0.997497
1130.199330 48.746252 -5.189846 1.877526 -0.011966 0.014281 -0.068047 0.997508
1130.299185 48.864159 -5.199000 1.879140 -0.011348 0.015857 -0.067667 0.997517
1130.399815 48.993454 -5.208319 1.878137 -0.010408 0.016696 -0.067442 0.997529
1130.499660 49.136518 -5.216380 1.874485 -0.010140 0.016613 -0.067117 0.997555
1130.599509 49.280240 -5.220277 1.879156 -0.008536 0.015932 -0.066960 0.997592
1130.699335 49.419000 -5.221056 1.884007 -0.005375 0.016528 -0.066728 0.997620
1130.799188 49.551665 -5.222302 1.890398 -0.003274 0.018162 -0.066650 0.997606
1130.899835 49.689961 -5.225230 1.895148 -0.002031 0.019828 -0.066443 0.997591
1130.999673 49.825113 -5.227756 1.896406 -0.000977 0.020829 -0.065914 0.997607
1131.099521 49.961466 -5.229030 1.891489 -0.000915 0.020948 -0.065835 0.997610
1131.199352 50.090711 -5.231823 1.889365 -0.001220 0.021140 -0.065490 0.997629
1131.299192 50.227060 -5.235230 1.886350 -0.000606 0.021668 -0.065238 0.997634
1131.399829 50.376187 -5.238992 1.890358 -0.001402 0.023457 -0.065202 0.997595
1131.499676 50.513708 -5.242603 1.900992 -0.001328 0.024001 -0.065195 0.997583
1131.599497 50.637607 -5.246935 1.904390 -0.001082 0.021760 -0.065378 0.997623
1131.699338 50.759554 -5.254964 1.903743 -0.000521 0.018197 -0.065528 0.997685
1131.799174 50.889287 -5.260544 1.897081 -0.001040 0.015612 -0.066179 0.997685
1131.899814 51.031301 -5.266595 1.896608 -0.000733 0.014070 -0.066865 0.997663
1131.999663 51.174588 -5.269974 1.904187 -0.000827 0.013928 -0.067196 0.997642
1132.099516 51.323554 -5.278139 1.909381 -0.001267 0.013686 -0.067339 0.997635
1132.199348 51.469621 -5.284543 1.917360 -0.001866 0.012965 -0.068097 0.997593
1132.299186 51.602988 -5.294357 1.915319 -0.002045 0.010743 -0.068002 0.997625
1132.399820 51.730460 -5.300006 1.915965 -0.002413 0.008397 -0.068058 0.997643
1132.499655 51.847579 -5.309501 1.917884 -0.002869 0.006824 -0.067594 0.997685
1132.599498 51.958873 -5.317416 1.926221 -0.002874 0.007761 -0.067573 0.997680
1132.699343 52.077478 -5.322273 1.925033 -0.002485 0.009592 -0.067604 0.997663
1132.799182 52.197186 -5.327486 1.919452 -0.002187 0.010182 -0.067594 0.997659
1132.899821 52.303158 -5.333333 1.922026 -0.002175 0.009484 -0.067823 0.997650
1132.999668 52.407270 -5.345030 1.918817 -0.002302 0.008723 -0.068153 0.997634
1133.099501 52.522345 -5.354053 1.921131 -0.001899 0.008608 -0.068292 0.997626
1133.199351 52.636226 -5.364124 1.927709 -0.001555 0.009913 -0.068175 0.997623
1133.299205 52.737725 -5.373232 1.929784 -0.001356 0.010489 -0.068496 0.997595
1133.399441 52.847538 -5.382080 1.933535 -0.002396 0.009336 -0.069459 0.997538
1133.499281 52.953617 -5.390465 1.935777 -0.003898 0.007357 -0.069941 0.997516
1133.599129 53.053432 -5.401699 1.940638 -0.003173 0.006661 -0.070467 0.997487
1133.699775 53.152816 -5.413816 1.937741 -0.004474 0.006587 -0.070143 0.997505
1133.799613 53.254327 -5.420853 1.938241 -0.004978 0.008148 -0.069917 0.997507
1133.899446 53.358344 -5.432109 1.938673 -0.003797 0.008853 -0.069225 0.997555
1133.999267 53.457672 -5.444914 1.937939 -0.003308 0.009268 -0.068724 0.997587
1134.099507 53.563885 -5.450458 1.938950 -0.003020 0.008676 -0.068793 0.997589
1134.199331 53.669568 -5.455855 1.943314 -0.002667 0.010516 -0.068762 0.997574
1134.299168 53.758291 -5.467171 1.942352 -0.002927 0.012651 -0.068620 0.997558
1134.399803 53.841631 -5.473579 1.943516 -0.004301 0.015352 -0.068631 0.997515
1134.499639 53.921912 -5.480585 1.938905 -0.004867 0.017942 -0.068591 0.997472
1134.599478 54.002056 -5.493169 1.943124 -0.004111 0.020938 -0.068379 0.997431
1134.699318 54.089822 -5.500371 1.945471 -0.002544 0.023325 -0.069051 0.997337
1134.799151 54.183609 -5.506480 1.947650 -0.000737 0.026002 -0.069553 0.997239
1134.899790 54.285195 -5.514122 1.949930 -0.000115 0.030467 -0.069976 0.997083
1134.999633 54.387402 -5.521706 1.951328 0.001000 0.033895 -0.070281 0.996951
1135.099485 54.490593 -5.535351 1.953257 0.001032 0.035030 -0.070664 0.996884
1135.199321 54.597920 -5.545805 1.951502 0.000780 0.032197 -0.071109 0.996948
1135.299166 54.711584 -5.553248 1.948205 -0.000143 0.030341 -0.071339 0.996991
1135.399806 54.821064 -5.562963 1.948792 -0.000007 0.032534 -0.071367 0.996919
1135.499654 54.929482 -5.575922 1.951101 0.000291 0.036130 -0.071303 0.996800
1135.599498 55.041578 -5.589590 1.957375 -0.000361 0.034753 -0.071328 0.996847
1135.699329 55.152400 -5.605587 1.964488 -0.000746 0.032046 -0.070908 0.996968
1135.799163 55.268631 -5.622452 1.963069 -0.000985 0.029593 -0.070441 0.997076
1135.899806 55.400434 -5.641695 1.954888 -0.001357 0.028834 -0.069928 0.997134
1135.999644 55.523641 -5.653252 1.953449 -0.001896 0.028701 -0.069517 0.997166
1136.099486 55.646988 -5.663704 1.950503 -0.001357 0.031587 -0.068880 0.997124
1136.199320 55.768155 -5.678498 1.951132 -0.002504 0.032889 -0.068323 0.997118
1136.299168 55.885417 -5.693450 1.960127 -0.005694 0.031936 -0.068138 0.997148
1136.399801 56.005609 -5.709189 1.966396 -0.007169 0.029112 -0.067703 0.997255
1136.499643 56.127552 -5.723309 1.967332 -0.007409 0.027513 -0.067309 0.997325
1136.599494 56.253244 -5.737512 1.967821 -0.007040 0.029064 -0.066930 0.997309
1136.699347 56.381287 -5.749496 1.972197 -0.005007 0.033215 -0.066417 0.997226
1136.799192 56.507861 -5.761093 1.971499 -0.002908 0.034375 -0.066116 0.997215
1136.899836 56.648980 -5.774599 1.985370 -0.002368 0.032181 -0.065850 0.997308
1136.999670 56.789706 -5.791190 2.007277 -0.001843 0.030921 -0.065851 0.997349
1137.099496 56.932154 -5.805503 2.027462 -0.001631 0.030062 -0.065971 0.997367
1137.199343 57.071127 -5.814057 2.034791 -0.000694 0.028480 -0.066278 0.997394
1137.299172 57.221027 -5.823466 2.038082 0.000296 0.028651 -0.066758 0.997358
1137.399814 57.365635 -5.837665 2.046614 0.001170 0.029807 -0.067268 0.997289
1137.499662 57.508057 -5.853963 2.054800 0.000477 0.028735 -0.067871 0.997280
1137.599489 57.645488 -5.866329 2.063792 0.001261 0.027280 -0.068762 0.997259
1137.699322 57.782319 -5.876206 2.073049 0.002697 0.025351 -0.069615 0.997248
1137.799169 57.918984 -5.891589 2.087439 0.002956 0.025106 -0.070050 0.997223
1137.899804 58.057987 -5.909699 2.103220 0.002832 0.025140 -0.070700 0.997177
1137.999652 58.201696 -5.926286 2.121236 0.001205 0.023752 -0.071310 0.997171
1138.099480 58.357965 -5.943574 2.143759 -0.002108 0.024031 -0.071954 0.997116
1138.199326 58.516167 -5.963585 2.166470 -0.001861 0.024017 -0.072105 0.997106
1138.299171 58.667635 -5.984929 2.187911 -0.000578 0.022565 -0.072039 0.997146
1138.399808 58.819032 -6.007152 2.204832 0.000447 0.021266 -0.071455 0.997217
1138.499646 58.967126 -6.028826 2.225824 -0.000866 0.024906 -0.070860 0.997175
1138.599491 59.112757 -6.046572 2.244550 -0.003122 0.029001 -0.070208 0.997106
1138.699331 59.261169 -6.065244 2.264779 -0.004983 0.029173 -0.069366 0.997152
1138.799181 59.411791 -6.084714 2.283392 -0.005882 0.025772 -0.068880 0.997275
1138.899805 59.561296 -6.105944 2.298131 -0.004069 0.024019 -0.068424 0.997359
1138.999639 59.706511 -6.127736 2.302594 -0.001532 0.024981 -0.068322 0.997349
1139.099477 59.855925 -6.145938 2.298494 -0.000744 0.027098 -0.068559 0.997279
1139.199323 60.001337 -6.165916 2.296852 -0.001497 0.026555 -0.068395 0.997304
1139.299171 60.144139 -6.186115 2.300876 -0.002830 0.024736 -0.068066 0.997370
1139.399817 60.286851 -6.205633 2.310066 -0.002912 0.021628 -0.067644 0.997471
1139.499648 60.441679 -6.226202 2.316631 -0.002755 0.020075 -0.067478 0.997515
1139.599493 60.603879 -6.246003 2.324945 -0.002587 0.021151 -0.067386 0.997499
1139.699334 60.772484 -6.267892 2.319632 -0.003058 0.024538 -0.067608 0.997405
1139.799190 60.936838 -6.289990 2.307613 -0.003206 0.028842 -0.068022 0.997262
1139.899837 61.098259 -6.311335 2.300349 -0.003138 0.028117 -0.068380 0.997258
1139.999674 61.249842 -6.332853 2.303489 -0.002423 0.026589 -0.068655 0.997283
1140.099514 61.396626 -6.351277 2.308757 -0.001420 0.026370 -0.069287 0.997247
1140.199350 61.542074 -6.368965 2.313418 -0.001217 0.028361 -0.069581 0.997172
1140.299182 61.687708 -6.389899 2.315838 -0.000726 0.029417 -0.069574 0.997143
1140.399829 61.831623 -6.412055 2.317014 0.000452 0.028292 -0.069330 0.997192
1140.499670 61.982532 -6.434666 2.319702 0.000852 0.026721 -0.068893 0.997266
1140.599508 62.131279 -6.453536 2.318613 0.000216 0.025254 -0.068686 0.997319
1140.699348 62.289590 -6.469747 2.316074 -0.003190 0.026209 -0.068755 0.997284
1140.799182 62.460602 -6.491268 2.321014 -0.007533 0.030702 -0.068630 0.997141
1140.899825 62.634501 -6.514308 2.329759 -0.010880 0.032605 -0.068453 0.997062
1140.999670 62.813474 -6.537119 2.340486 -0.013467 0.030702 -0.068327 0.997100
1141.099500 62.991787 -6.561732 2.336762 -0.015466 0.026582 -0.068664 0.997166
1141.199332 63.155707 -6.580450 2.328486 -0.015567 0.024347 -0.068697 0.997219
1141.299173 63.300771 -6.590325 2.328406 -0.015255 0.024568 -0.068801 0.997211
1141.399800 63.442898 -6.597890 2.335365 -0.013806 0.025136 -0.068925 0.997210
1141.499660 63.582879 -6.601050 2.340157 -0.011452 0.024992 -0.069143 0.997228
1141.599504 63.716580 -6.607537 2.339343 -0.012287 0.024712 -0.069421 0.997206
1141.699348 63.860923 -6.615440 2.341079 -0.012526 0.023540 -0.070118 0.997182
1141.799177 64.021676 -6.623040 2.343310 -0.010593 0.021682 -0.070675 0.997207
1141.899825 64.204061 -6.630715 2.339607 -0.004791 0.023504 -0.070370 0.997233
1141.999659 64.394547 -6.635236 2.338302 -0.001965 0.028888 -0.070301 0.997105
1142.099510 64.578752 -6.642372 2.336080 -0.001719 0.030950 -0.070383 0.997038
1142.199361 64.758289 -6.649788 2.346457 -0.002262 0.029608 -0.070256 0.997087
1142.299205 64.928659 -6.655144 2.361813 -0.002745 0.026536 -0.070206 0.997176
1142.399437 65.084136 -6.660635 2.366899 -0.003198 0.023999 -0.069956 0.997256
1142.499285 65.246266 -6.668626 2.365613 -0.003093 0.021473 -0.069678 0.997334
1142.599128 65.410371 -6.676928 2.370480 -0.001693 0.019100 -0.069686 0.997385
1142.699781 65.574360 -6.682752 2.378488 -0.001170 0.017364 -0.069975 0.997397
1142.799611 65.736641 -6.692439 2.387538 -0.002144 0.016116 -0.070476 0.997381
1142.899459 65.895079 -6.699559 2.407391 -0.003421 0.015936 -0.070639 0.997369
1142.999293 66.060638 -6.707444 2.410194 -0.004166 0.015269 -0.071042 0.997348
1143.099135 66.216075 -6.714332 2.407611 -0.002784 0.015471 -0.071385 0.997325
1143.199767 66.365548 -6.720112 2.403922 -0.001019 0.015753 -0.071488 0.997316
1143.299601 66.516212 -6.725471 2.408184 -0.000839 0.015233 -0.071394 0.997332
1143.399441 66.661548 -6.733815 2.414046 -0.000565 0.013752 -0.071155 0.997370
1143.499276 66.814048 -6.745890 2.424666 -0.001405 0.012389 -0.070814 0.997412
1143.599518 66.969148 -6.757367 2.426088 -0.002760 0.011845 -0.070749 0.997420
1143.699345 67.110263 -6.764826 2.424646 -0.003298 0.011572 -0.070445 0.997443
1143.799178 67.253001 -6.772270 2.426604 -0.002279 0.011441 -0.069817 0.997492
1143.899823 67.395050 -6.778927 2.428028 -0.002618 0.011965 -0.069447 0.997510
1143.999679 67.527724 -6.788791 2.431702 -0.003954 0.012691 -0.069555 0.997490
1144.099524 67.666174 -6.801478 2.438917 -0.004235 0.012151 -0.069533 0.997497
1144.199356 67.815798 -6.814947 2.441093 -0.004507 0.008295 -0.069744 0.997520
1144.299187 67.961218 -6.824930 2.440386 -0.003754 0.007479 -0.070288 0.997492
1144.399827 68.099482 -6.830505 2.432013 -0.002629 0.009602 -0.070828 0.997439
1144.499671 68.233027 -6.837802 2.432435 -0.002196 0.014490 -0.070611 0.997396
1144.599526 68.355255 -6.844644 2.437322 -0.003020 0.017676 -0.070485 0.997352
1144.699371 68.482807 -6.854531 2.444924 -0.004183 0.017778 -0.070144 0.997370
1144.799212 68.607336 -6.868129 2.448771 -0.003478 0.016595 -0.069465 0.997440
1144.899458 68.731743 -6.876559 2.446700 -0.002510 0.014829 -0.069359 0.997478
1144.999301 68.860717 -6.884344 2.445180 -0.002193 0.014288 -0.069115 0.997504
1145.099140 68.985915 -6.895360 2.444024 -0.002463 0.014537 -0.068611 0.997535
1145.199786 69.098840 -6.905920 2.447557 -0.001973 0.014409 -0.068388 0.997553
1145.299634 69.211905 -6.915884 2.450306 -0.002412 0.012950 -0.068402 0.997571
1145.399459 69.330987 -6.925759 2.453392 -0.003290 0.011989 -0.068482 0.997575
1145.499300 69.452700 -6.937651 2.454842 -0.003017 0.013125 -0.068608 0.997553
1145.599153 69.577048 -6.949873 2.455821 -0.002157 0.014641 -0.068713 0.997527
1145.699795 69.702717 -6.961583 2.454039 -0.002059 0.013933 -0.068916 0.997523
1145.799645 69.819328 -6.971605 2.454866 -0.002268 0.011923 -0.069169 0.997531
1145.899491 69.927235 -6.982111 2.459590 -0.001971 0.010920 -0.069457 0.997523
1145.999316 70.026321 -6.991695 2.466205 -0.002901 0.012186 -0.069758 0.997485
1146.099158 70.130934 -7.001255 2.470649 -0.002423 0.013147 -0.070191 0.997444
1146.199796 70.244803 -7.014098 2.477561 -0.001597 0.013389 -0.070568 0.997416
1146.299650 70.362078 -7.027726 2.490815 -0.000962 0.013728 -0.070651 0.997406
1146.399495 70.468722 -7.035983 2.509415 -0.000687 0.013931 -0.070655 0.997403
1146.499327 70.563044 -7.046250 2.526363 -0.000714 0.014460 -0.070535 0.997404
1146.599151 70.655790 -7.060703 2.542444 -0.001191 0.019251 -0.070352 0.997336
1146.699792 70.760564 -7.075026 2.562370 -0.002504 0.023279 -0.070183 0.997259
1146.799635 70.868228 -7.087153 2.580287 -0.003073 0.023603 -0.070090 0.997257
1146.899469 70.974976 -7.099770 2.594963 -0.003614 0.022499 -0.070026 0.997285
1146.999304 71.080990 -7.114270 2.606350 -0.003344 0.023315 -0.069856 0.997279
1147.099158 71.190493 -7.129929 2.618534 -0.004365 0.025189 -0.069614 0.997246
1147.199790 71.300430 -7.141655 2.625293 -0.004141 0.026246 -0.069477 0.997230
1147.299629 71.399699 -7.152694 2.627322 -0.003943 0.026891 -0.069648 0.997201
1147.399475 71.502816 -7.164399 2.632466 -0.002956 0.028433 -0.069539 0.997170
1147.499318 71.612401 -7.177191 2.638016 -0.002982 0.027682 -0.069809 0.997172
1147.599149 71.716628 -7.190446 2.639175 -0.002898 0.024816 -0.070043 0.997231
1147.699796 71.830563 -7.209405 2.632110 -0.002585 0.024029 -0.070089 0.997248
1147.799636 71.952293 -7.223733 2.633471 -0.002569 0.027309 -0.070288 0.997150
1147.899479 72.073981 -7.232140 2.640953 -0.002531 0.030233 -0.070501 0.997050
1147.999318 72.199178 -7.243930 2.644308 -0.002347 0.028821 -0.070233 0.997111
1148.099153 72.329080 -7.258298 2.643841 -0.000491 0.026661 -0.070347 0.997166
1148.199778 72.452482 -7.278029 2.642021 0.004092 0.023779 -0.073721 0.996987
1148.299607 72.563683 -7.298404 2.642433 0.006128 0.021250 -0.079259 0.996609
1148.399434 72.678022 -7.318792 2.641916 0.005998 0.019523 -0.085150 0.996159
1148.499274 72.789480 -7.332733 2.640220 -0.000239 0.020126 -0.087491 0.995962
1148.599513 72.896764 -7.350066 2.640470 -0.000246 0.020215 -0.087387 0.995969
1148.699365 73.012673 -7.368847 2.640942 -0.000846 0.019391 -0.087054 0.996014
1148.799196 73.141836 -7.390254 2.648248 -0.001232 0.018384 -0.086776 0.996057
1148.899835 73.269198 -7.411661 2.646260 -0.001214 0.019712 -0.086626 0.996045
1148.999686 73.392946 -7.431549 2.641839 -0.001656 0.021627 -0.086474 0.996018
1149.099538 73.522292 -7.451524 2.639961 -0.001377 0.022966 -0.086034 0.996027
1149.199383 73.645963 -7.474157 2.642299 -0.001270 0.024057 -0.085597 0.996039
1149.299231 73.768631 -7.498312 2.642709 -0.001159 0.025251 -0.085176 0.996045
1149.399484 73.883343 -7.518666 2.643671 -0.001452 0.024613 -0.085237 0.996056
1149.499331 73.994312 -7.536882 2.645518 -0.001286 0.023335 -0.085571 0.996058
1149.599162 74.106236 -7.550097 2.639378 -0.001625 0.022667 -0.086060 0.996031
1149.699806 74.220902 -7.574966 2.640369 -0.002194 0.022159 -0.086134 0.996035
1149.799638 74.334548 -7.600610 2.648862 -0.002429 0.020770 -0.086318 0.996048
1149.899485 74.450394 -7.623937 2.651452 -0.002415 0.020468 -0.086429 0.996045
1149.999323 74.569649 -7.641894 2.652497 -0.002668 0.022719 -0.086626 0.995978
1150.099166 74.698966 -7.663345 2.652150 -0.002703 0.024947 -0.086576 0.995929
1150.199802 74.834310 -7.684575 2.655568 -0.002713 0.026055 -0.086535 0.995904
1150.299642 74.968386 -7.704809 2.658688 -0.002128 0.025251 -0.086660 0.995916
1150.399476 75.089925 -7.725459 2.658640 -0.002292 0.023510 -0.086674 0.995957
1150.499307 75.195972 -7.745164 2.660084 -0.001988 0.023335 -0.086759 0.995954
1150.599139 75.313083 -7.763859 2.664344 -0.001071 0.026101 -0.086714 0.995891
1150.699785 75.441849 -7.784055 2.667013 -0.000153 0.027913 -0.086952 0.995821
1150.799631 75.575460 -7.803774 2.665587 -0.000191 0.029503 -0.087183 0.995755
1150.899487 75.714841 -7.824341 2.667260 -0.000221 0.030134 -0.087441 0.995714
1150.999321 75.857648 -7.844822 2.672394 -0.001821 0.028481 -0.087577 0.995749
1151.099160 76.003151 -7.868093 2.674147 -0.004659 0.026066 -0.087888 0.995778
1151.199793 76.134214 -7.888012 2.671710 -0.003336 0.028325 -0.087929 0.995718
1151.299626 76.267763 -7.908726 2.667123 -0.001148 0.031791 -0.087556 0.995652
1151.399467 76.406343 -7.932441 2.664019 -0.000139 0.034195 -0.087386 0.995587
1151.499300 76.552833 -7.960155 2.670088 0.000008 0.034204 -0.087370 0.995589
1151.599136 76.686580 -7.980695 2.673781 0.000198 0.034041 -0.087390 0.995592
1151.699769 76.825900 -7.996758 2.677644 0.000496 0.034543 -0.087384 0.995576
1151.799619 76.965210 -8.017233 2.674720 -0.000984 0.035501 -0.087366 0.995543
1151.899458 77.108438 -8.042860 2.671305 -0.001385 0.035759 -0.087041 0.995562
1151.999297 77.262454 -8.066896 2.671751 -0.000933 0.033755 -0.086818 0.995652
1152.099123 77.416809 -8.089433 2.681879 -0.000471 0.028166 -0.086662 0.995839
1152.199770 77.573911 -8.113001 2.693168 -0.000130 0.024298 -0.086397 0.995964
1152.299607 77.730897 -8.134756 2.695955 -0.000973 0.024038 -0.086370 0.995973
1152.399447 77.879801 -8.161404 2.689796 0.000354 0.028277 -0.085939 0.995899
1152.499284 78.032087 -8.188614 2.682074 0.000626 0.033634 -0.085821 0.995742
1152.599138 78.187430 -8.212024 2.683396 0.000945 0.036185 -0.085918 0.995644
1152.699783 78.356482 -8.238444 2.684610 0.000631 0.034496 -0.085952 0.995702
1152.799623 78.524870 -8.265693 2.689323 0.000998 0.034234 -0.086255 0.995684
1152.899455 78.683278 -8.295698 2.689571 0.001138 0.034985 -0.086238 0.995660
1152.999286 78.834420 -8.320993 2.691833 0.000145 0.034823 -0.086023 0.995684
1153.099131 78.984568 -8.344470 2.692589 -0.002693 0.032526 -0.085641 0.995791
1153.199774 79.155738 -8.362472 2.703947 -0.010339 0.030831 -0.085746 0.995786
1153.299607 79.332468 -8.381210 2.709550 -0.016180 0.027436 -0.085538 0.995826
1153.399455 79.488644 -8.399941 2.706811 -0.021538 0.022917 -0.085717 0.995823
1153.499293 79.645585 -8.418738 2.702229 -0.020927 0.022083 -0.086062 0.995825
1153.599131 79.807352 -8.433506 2.699929 -0.016860 0.023666 -0.086571 0.995822
1153.699770 79.987698 -8.443377 2.703681 -0.013262 0.025008 -0.087002 0.995806
1153.799610 80.158864 -8.450051 2.712111 -0.007481 0.024343 -0.086914 0.995890
1153.899435 80.323672 -8.456242 2.716309 -0.001112 0.022904 -0.086771 0.995964
1153.999272 80.492536 -8.458620 2.719223 0.001790 0.019943 -0.087460 0.995967
1154.099529 80.662088 -8.464477 2.713638 0.000702 0.017197 -0.087779 0.995991
1154.199370 80.810289 -8.469769 2.711812 -0.000912 0.016795 -0.087857 0.995991
1154.299215 80.963500 -8.472439 2.716781 -0.000892 0.017976 -0.088311 0.995930
1154.399446 81.132335 -8.473991 2.725975 -0.000531 0.018539 -0.088531 0.995901
1154.499289 81.303718 -8.478978 2.726936 0.003356 0.017959 -0.088523 0.995907
1154.599133 81.471489 -8.492131 2.730791 0.003198 0.016186 -0.088749 0.995917
1154.699784 81.649737 -8.505838 2.734490 0.001876 0.015053 -0.089346 0.995885
1154.799615 81.813839 -8.513554 2.741183 0.000088 0.015260 -0.089713 0.995851
1154.899431 81.964144 -8.519050 2.746432 -0.000946 0.015519 -0.090098 0.995812
1154.999276 82.111349 -8.526610 2.750951 -0.000841 0.015768 -0.090288 0.995790
1155.099122 82.261192 -8.539895 2.749923 -0.000003 0.015285 -0.090442 0.995784
1155.199771 82.423687 -8.550193 2.753367 0.000074 0.014048 -0.091163 0.995737
1155.299618 82.568991 -8.557618 2.760617 -0.000512 0.011324 -0.091397 0.995750
1155.399475 82.697955 -8.565430 2.768805 -0.001401 0.008622 -0.090841 0.995827
1155.499311 82.829236 -8.577445 2.770096 -0.001144 0.006541 -0.090486 0.995876
1155.599154 82.964177 -8.593805 2.772224 -0.001120 0.000457 -0.090466 0.995899
1155.699778 83.105107 -8.601288 2.786523 -0.002009 -0.013323 -0.091250 0.995737
1155.799621 83.238126 -8.602739 2.795871 -0.002131 -0.056204 -0.091538 0.994212
1155.899460 83.366700 -8.609735 2.769297 -0.000790 -0.085810 -0.091751 0.992077
1155.999313 83.472215 -8.624206 2.742243 0.000167 -0.081647 -0.092202 0.992387
1156.099140 83.561807 -8.632152 2.741849 -0.000832 -0.060905 -0.092556 0.993843
1156.199787 83.624029 -8.636260 2.752583 -0.001394 -0.039924 -0.092404 0.994920
1156.299631 83.659530 -8.639290 2.779702 -0.002772 -0.026437 -0.092050 0.995399
1156.399475 83.682797 -8.642631 2.803080 -0.001894 -0.019768 -0.091834 0.995576
1156.499321 83.712171 -8.646804 2.806212 -0.002641 -0.015924 -0.091998 0.995628
1156.599173 83.734114 -8.652484 2.798468 -0.002734 -0.012110 -0.091847 0.995696
1156.699803 83.750392 -8.654713 2.781950 -0.002138 -0.017715 -0.091577 0.995638
1156.799651 83.774605 -8.655264 2.775854 -0.002611 -0.018133 -0.091857 0.995604
1156.899499 83.802428 -8.654803 2.774227 -0.004306 -0.009728 -0.092091 0.995694
1156.999331 83.828509 -8.656810 2.778727 -0.005725 -0.000094 -0.092014 0.995741
1157.099177 83.840905 -8.662812 2.782606 -0.005384 0.005475 -0.091605 0.995766
1157.199812 83.851150 -8.666258 2.788070 -0.004572 0.005407 -0.090758 0.995848
1157.299654 83.853946 -8.667140 2.782947 -0.003756 0.003796 -0.088506 0.996061
1157.399497 83.856658 -8.666822 2.774398 -0.002727 0.004288 -0.082888 0.996546
1157.499346 83.859248 -8.666869 2.767376 -0.002855 0.006553 -0.075806 0.997097
1157.599176 83.856559 -8.664587 2.768238 -0.005165 0.008804 -0.068968 0.997567
1157.699818 83.848019 -8.662962 2.776294 -0.007659 0.009523 -0.062806 0.997951
1157.799660 83.836296 -8.663131 2.782351 -0.006414 0.009372 -0.056638 0.998330
1157.899512 83.826768 -8.659469 2.781703 -0.004556 0.009194 -0.050674 0.998663
1157.999340 83.824637 -8.656249 2.775218 -0.003364 0.009224 -0.046353 0.998877
1158.099182 83.821055 -8.658577 2.773760 -0.004997 0.010029 -0.045603 0.998897
1158.199824 83.820123 -8.662635 2.774821 -0.005455 0.012420 -0.045657 0.998865
1158.299655 83.817672 -8.664768 2.767449 -0.004164 0.022215 -0.045811 0.998694
1158.399502 83.821466 -8.665560 2.759517 -0.002078 0.035672 -0.045789 0.998312
1158.499340 83.836882 -8.665570 2.757384 -0.002125 0.042797 -0.045943 0.998025
1158.599192 83.859073 -8.665935 2.756030 -0.002105 0.043348 -0.046104 0.997993
1158.699823 83.880204 -8.671406 2.762749 -0.002947 0.045958 -0.046119 0.997874
1158.799671 83.900806 -8.677383 2.762800 -0.002867 0.050596 -0.045744 0.997667
1158.899510 83.940726 -8.682393 2.759914 -0.002273 0.054798 -0.045446 0.997460
1158.999354 83.986969 -8.684331 2.755295 -0.001576 0.057494 -0.045235 0.997319
1159.099205 84.034805 -8.686453 2.754494 -0.001768 0.057299 -0.045337 0.997326
1159.199432 84.078841 -8.690733 2.755397 -0.001334 0.052644 -0.045567 0.997572
1159.299267 84.137290 -8.693899 2.765821 -0.001256 0.049223 -0.045563 0.997747
1159.399508 84.211065 -8.699208 2.778549 -0.000747 0.051892 -0.045518 0.997615
1159.499359 84.298545 -8.707403 2.777790 -0.000580 0.054929 -0.045359 0.997459
1159.599196 84.377391 -8.720951 2.772318 -0.001507 0.056046 -0.044983 0.997413
1159.699829 84.466636 -8.730613 2.770593 -0.001141 0.053848 -0.045200 0.997525
1159.799664 84.551776 -8.740057 2.768898 -0.001615 0.048533 -0.045120 0.997801
1159.899510 84.645036 -8.747700 2.771933 -0.002267 0.044343 -0.045241 0.997989
1159.999335 84.748089 -8.755876 2.772091 -0.002235 0.044615 -0.045222 0.997978
1160.099176 84.859734 -8.768272 2.771876 -0.002391 0.048051 -0.045052 0.997825
1160.199819 84.977900 -8.783381 2.773835 -0.002077 0.051347 -0.044773 0.997675
1160.299658 85.098300 -8.798910 2.777409 -0.002531 0.050142 -0.044670 0.997739
1160.399501 85.227517 -8.810581 2.779588 -0.002124 0.046996 -0.044873 0.997884
1160.499345 85.360348 -8.820614 2.777278 -0.002164 0.044228 -0.044960 0.998007
1160.599179 85.490101 -8.829710 2.779438 -0.002048 0.043679 -0.045122 0.998024
1160.699799 85.614320 -8.842313 2.779713 -0.001668 0.041666 -0.045286 0.998103
1160.799645 85.744692 -8.855962 2.780398 -0.001498 0.038222 -0.045533 0.998230
1160.899474 85.889392 -8.870359 2.783368 -0.002537 0.036441 -0.045878 0.998279
1160.999314 86.043175 -8.888634 2.792452 -0.002295 0.037096 -0.045735 0.998262
1161.099158 86.195637 -8.907697 2.793589 -0.002614 0.035685 -0.045692 0.998315
1161.199806 86.346738 -8.925210 2.794334 -0.002511 0.032797 -0.045780 0.998410
1161.299653 86.495040 -8.939610 2.796365 -0.002610 0.030634 -0.045870 0.998474
1161.399495 86.649049 -8.953153 2.794580 -0.001985 0.029401 -0.045852 0.998514
1161.499344 86.807329 -8.966808 2.795253 -0.001785 0.029331 -0.045986 0.998510
1161.599179 86.956728 -8.982982 2.799456 -0.002199 0.028328 -0.045713 0.998550
1161.699829 87.109673 -9.002302 2.801254 -0.002593 0.029655 -0.045672 0.998513
1161.799670 87.264908 -9.022053 2.802680 -0.002614 0.031402 -0.045439 0.998470
1161.899514 87.418647 -9.038290 2.802323 -0.002832 0.029794 -0.045427 0.998519
1161.999359 87.579064 -9.052117 2.801504 -0.003502 0.027683 -0.045797 0.998561
1162.099201 87.728531 -9.067337 2.805635 -0.003017 0.027838 -0.045875 0.998555
1162.199439 87.877566 -9.082713 2.808748 -0.002391 0.028335 -0.046099 0.998532
1162.299272 88.037011 -9.100919 2.811187 -0.002172 0.028180 -0.046213 0.998532
1162.399513 88.202278 -9.119395 2.815145 -0.002117 0.027425 -0.046347 0.998547
1162.499368 88.361870 -9.138709 2.821788 -0.001868 0.026358 -0.046501 0.998569
1162.599202 88.515826 -9.158286 2.822456 -0.003018 0.024900 -0.046754 0.998592
1162.699440 88.678829 -9.173062 2.823783 -0.003432 0.024809 -0.046735 0.998593
1162.799268 88.845751 -9.187958 2.822160 -0.004851 0.024912 -0.046901 0.998577
1162.899515 89.012256 -9.207966 2.831871 -0.004627 0.023482 -0.046948 0.998611
1162.999360 89.171665 -9.229195 2.842256 -0.003608 0.020616 -0.047082 0.998672
1163.099196 89.327087 -9.251212 2.860479 -0.003593 0.017992 -0.047056 0.998724
1163.199843 89.478829 -9.270369 2.883570 -0.003539 0.017694 -0.047092 0.998728
1163.299688 89.638566 -9.286640 2.901724 -0.005091 0.017490 -0.047192 0.998720
1163.399542 89.799596 -9.304723 2.926210 -0.006041 0.016712 -0.047338 0.998721
1163.499387 89.958884 -9.327118 2.944976 -0.006431 0.013605 -0.047240 0.998770
1163.599231 90.118464 -9.350279 2.958002 -0.007497 0.011647 -0.047169 0.998791
1163.699486 90.269383 -9.369419 2.967618 -0.007414 0.012804 -0.047142 0.998779
1163.799316 90.410059 -9.382773 2.976819 -0.007646 0.017328 -0.046957 0.998717
1163.899167 90.549582 -9.395517 2.981857 -0.008621 0.020514 -0.046413 0.998674
1163.999816 90.695552 -9.416289 2.983703 -0.009101 0.021936 -0.046044 0.998657
1164.099652 90.831918 -9.438363 2.989395 -0.008729 0.020825 -0.046209 0.998677
1164.199506 90.981109 -9.461255 2.999327 -0.007982 0.018367 -0.046059 0.998738
1164.299337 91.131931 -9.482736 3.012792 -0.008052 0.015963 -0.045534 0.998803
1164.399185 91.274840 -9.497818 3.021289 -0.007746 0.016813 -0.045223 0.998805
1164.499827 91.401503 -9.506614 3.022562 -0.007473 0.020447 -0.045004 0.998750
1164.599661 91.533943 -9.517610 3.021971 -0.007652 0.024318 -0.045010 0.998661
1164.699492 91.660492 -9.534107 3.031242 -0.007954 0.023925 -0.044633 0.998685
1164.799330 91.793841 -9.553827 3.046917 -0.008852 0.020324 -0.044501 0.998763
1164.899165 91.930373 -9.570059 3.062431 -0.007787 0.016544 -0.044351 0.998849
1164.999799 92.077070 -9.585936 3.077865 -0.007165 0.014426 -0.044206 0.998893
1165.099629 92.216504 -9.602188 3.084109 -0.007823 0.014728 -0.043959 0.998894
1165.199460 92.350962 -9.614364 3.080918 -0.007455 0.017139 -0.044010 0.998856
1165.299298 92.485875 -9.626344 3.069619 -0.006789 0.018501 -0.044142 0.998831
1165.399139 92.622745 -9.639134 3.066565 -0.004806 0.016824 -0.044211 0.998869
1165.499777 92.754460 -9.652582 3.082397 -0.004179 0.013579 -0.044331 0.998916
1165.599613 92.874405 -9.666354 3.107637 -0.004633 0.014420 -0.044518 0.998894
1165.699438 92.982143 -9.679871 3.124054 -0.006181 0.016690 -0.044972 0.998830
1165.799294 93.093049 -9.691637 3.130651 -0.006188 0.018212 -0.045154 0.998795
1165.899130 93.210270 -9.704140 3.138229 -0.005524 0.019795 -0.045253 0.998764
1165.999758 93.330264 -9.715633 3.145391 -0.005062 0.019947 -0.045497 0.998752
1166.099607 93.452361 -9.728323 3.153657 -0.004878 0.019211 -0.045594 0.998763
1166.199445 93.568779 -9.739948 3.166112 -0.004313 0.020060 -0.045752 0.998742
1166.299281 93.686122 -9.750328 3.181012 -0.004226 0.021140 -0.045992 0.998709
1166.399130 93.804615 -9.762306 3.192250 -0.004896 0.023069 -0.045874 0.998669
1166.499778 93.934745 -9.779806 3.204995 -0.006586 0.025138 -0.045813 0.998612
1166.599630 94.052282 -9.796102 3.218254 -0.006596 0.025522 -0.045751 0.998605
1166.699474 94.164376 -9.805431 3.229924 -0.006291 0.025633 -0.046169 0.998585
1166.799301 94.282958 -9.816497 3.244483 -0.005201 0.027906 -0.046043 0.998536
1166.899132 94.404022 -9.831353 3.254074 -0.004836 0.029563 -0.045988 0.998493
1166.999775 94.536578 -9.848359 3.265349 -0.004047 0.030295 -0.046276 0.998461
1167.099621 94.667874 -9.861053 3.274870 -0.003990 0.030476 -0.046614 0.998440
1167.199470 94.800646 -9.872224 3.285030 -0.003786 0.030243 -0.046835 0.998438
1167.299301 94.928120 -9.883521 3.299848 -0.003587 0.029878 -0.046940 0.998444
1167.399130 95.057100 -9.897889 3.316362 -0.004186 0.029836 -0.046879 0.998446
1167.499781 95.191702 -9.915466 3.325131 -0.004097 0.034514 -0.046652 0.998306
1167.599618 95.326352 -9.930362 3.330618 -0.004570 0.037798 -0.046472 0.998194
1167.699474 95.454924 -9.942673 3.345148 -0.003968 0.037054 -0.046512 0.998222
1167.799317 95.578899 -9.955807 3.362763 -0.005504 0.032751 -0.046597 0.998362
1167.899154 95.711800 -9.976257 3.389272 -0.005527 0.030211 -0.046262 0.998457
1167.999789 95.852103 -9.998100 3.415084 -0.005722 0.030571 -0.046235 0.998446
1168.099629 96.001834 -10.013071 3.429731 -0.006170 0.033138 -0.046448 0.998352
1168.199465 96.153239 -10.026941 3.440963 -0.004837 0.034671 -0.046296 0.998314
1168.299317 96.299022 -10.041268 3.455723 -0.005006 0.034145 -0.046528 0.998321
1168.399170 96.447175 -10.059974 3.475426 -0.005316 0.032733 -0.046684 0.998359
1168.499821 96.596947 -10.079523 3.503776 -0.005062 0.032618 -0.046788 0.998359
1168.599680 96.747598 -10.094622 3.528735 -0.005149 0.034584 -0.047165 0.998275
1168.699517 96.896515 -10.110126 3.549093 -0.005019 0.037844 -0.047147 0.998158
1168.799355 97.049954 -10.128469 3.561221 -0.004470 0.039240 -0.047162 0.998106
1168.899196 97.205483 -10.144149 3.569879 -0.004645 0.035771 -0.047183 0.998235
1168.999832 97.370065 -10.154399 3.575539 -0.004437 0.031253 -0.047728 0.998361
1169.099673 97.534388 -10.173208 3.580690 -0.004388 0.029916 -0.047532 0.998412
1169.199516 97.692666 -10.195983 3.582036 -0.004956 0.031755 -0.047394 0.998359
1169.299349 97.844847 -10.215686 3.583963 -0.005216 0.031747 -0.047338 0.998361
1169.399198 97.995183 -10.233562 3.586706 -0.005478 0.030459 -0.047213 0.998405
1169.499440 98.155828 -10.254235 3.590746 -0.005582 0.027355 -0.047134 0.998498
1169.599276 98.321960 -10.272421 3.594804 -0.005019 0.025234 -0.047262 0.998551
1169.699108 98.480648 -10.283729 3.584831 -0.005085 0.023226 -0.047404 0.998593
1169.799748 98.641353 -10.294516 3.582578 -0.004824 0.025527 -0.047334 0.998541
1169.899584 98.800222 -10.310900 3.584821 -0.004887 0.028135 -0.047552 0.998460
1169.999434 98.958123 -10.329938 3.586197 -0.005436 0.029314 -0.047822 0.998411
1170.099275 99.113108 -10.355672 3.591113 -0.004668 0.028737 -0.047592 0.998443
1170.199522 99.270117 -10.376086 3.591247 -0.003957 0.029002 -0.047656 0.998435
1170.299369 99.433073 -10.389249 3.588436 -0.003879 0.030927 -0.047763 0.998372
1170.399204 99.597960 -10.402349 3.587543 -0.004167 0.032787 -0.047807 0.998310
1170.499453 99.764686 -10.419297 3.587751 -0.004483 0.032899 -0.048019 0.998294
1170.599298 99.935138 -10.440558 3.594019 -0.004193 0.032871 -0.048065 0.998294
1170.699136 100.110599 -10.466825 3.596576 -0.004830 0.032771 -0.047967 0.998299
1170.799772 100.278820 -10.490183 3.594434 -0.004030 0.033149 -0.047682 0.998304
1170.899630 100.439846 -10.504579 3.594037 -0.003547 0.034650 -0.047838 0.998248
1170.999475 100.600007 -10.517021 3.592256 -0.003984 0.036303 -0.047849 0.998187
1171.099311 100.768732 -10.537004 3.596122 -0.004147 0.037854 -0.047773 0.998132
1171.199141 100.939970 -10.556587 3.608276 -0.005147 0.039911 -0.047795 0.998046
1171.299777 101.108417 -10.576593 3.610711 -0.004834 0.039869 -0.047526 0.998062
1171.399623 101.281790 -10.602370 3.604860 -0.004647 0.037678 -0.047291 0.998159
1171.499468 101.458680 -10.630527 3.601426 -0.005658 0.036165 -0.046983 0.998225
1171.599303 101.637715 -10.652269 3.602417 -0.005509 0.034938 -0.046969 0.998270
1171.699143 101.823923 -10.670369 3.607089 -0.006685 0.033816 -0.047149 0.998293
1171.799769 102.006889 -10.693220 3.612648 -0.007010 0.030883 -0.046800 0.998402
1171.899624 102.195863 -10.718478 3.617553 -0.005881 0.027713 -0.047007 0.998493
1171.999467 102.392460 -10.746102 3.620679 -0.006910 0.027548 -0.047198 0.998482
1172.099315 102.587295 -10.768773 3.623497 -0.008764 0.030429 -0.047529 0.998368
1172.199159 102.778128 -10.787067 3.623368 -0.010217 0.029768 -0.047921 0.998355
1172.299802 102.967935 -10.809005 3.625934 -0.010114 0.025631 -0.048090 0.998463
1172.399650 103.151810 -10.831949 3.622060 -0.009453 0.019895 -0.048407 0.998585
1172.499482 103.331986 -10.849918 3.621962 -0.010416 0.015647 -0.048930 0.998625
1172.599319 103.511974 -10.870813 3.619065 -0.011208 0.013272 -0.049175 0.998639
1172.699169 103.687227 -10.887871 3.624576 -0.011095 0.012643 -0.049657 0.998625
1172.799811 103.857621 -10.901585 3.627481 -0.008062 0.011864 -0.049772 0.998658
1172.899650 104.031595 -10.918968 3.629889 -0.006864 0.013119 -0.049870 0.998646
1172.999504 104.208833 -10.936840 3.626704 -0.007123 0.012687 -0.050356 0.998625
1173.099341 104.384106 -10.955796 3.623567 -0.007347 0.012568 -0.050963 0.998594
1173.199195 104.548629 -10.972049 3.624272 -0.005920 0.014132 -0.051229 0.998569
1173.299849 104.711531 -10.985537 3.625326 -0.003879 0.015397 -0.051512 0.998546
1173.399693 104.875428 -11.000737 3.628360 -0.002687 0.015531 -0.051357 0.998556
1173.499519 105.036507 -11.016066 3.634877 -0.002061 0.014615 -0.051153 0.998582
1173.599358 105.197224 -11.031969 3.642757 -0.002204 0.013439 -0.051000 0.998606
1173.699199 105.347525 -11.048526 3.642653 -0.004254 0.015024 -0.050673 0.998593
1173.799443 105.496394 -11.064842 3.636486 -0.007710 0.016788 -0.050207 0.998568
1173.899288 105.643835 -11.082004 3.629748 -0.009307 0.017742 -0.049607 0.998568
1173.999126 105.785509 -11.102253 3.627031 -0.009144 0.017059 -0.048768 0.998623
1174.099767 105.934082 -11.121778 3.631803 -0.008905 0.014504 -0.048202 0.998693
1174.199605 106.080155 -11.136581 3.634915 -0.008114 0.011168 -0.047942 0.998755
1174.299456 106.212624 -11.150647 3.640167 -0.008227 0.010800 -0.047741 0.998767
1174.399297 106.345710 -11.163108 3.637537 -0.008450 0.014270 -0.047426 0.998737
1174.499147 106.482327 -11.178958 3.631054 -0.009213 0.018405 -0.047191 0.998674
1174.599775 106.634690 -11.197375 3.624265 -0.010372 0.020980 -0.047052 0.998618
1174.699615 106.781140 -11.214481 3.627957 -0.009299 0.020927 -0.047201 0.998623
1174.799453 106.913903 -11.226424 3.644253 -0.006922 0.020448 -0.047655 0.998631
1174.899302 107.048403 -11.237989 3.652704 -0.004020 0.020363 -0.048086 0.998628
1174.999133 107.188005 -11.250048 3.642801 -0.002400 0.020820 -0.048519 0.998602
1175.099761 107.324393 -11.263684 3.631899 -0.002540 0.021416 -0.048989 0.998566
1175.199600 107.457681 -11.278337 3.625110 -0.004949 0.022920 -0.049716 0.998488
1175.299449 107.592727 -11.294443 3.628516 -0.005344 0.023541 -0.050277 0.998444
1175.399284 107.726029 -11.304628 3.642259 -0.005230 0.022244 -0.050938 0.998440
1175.499135 107.860513 -11.320440 3.648629 -0.005244 0.018298 -0.050956 0.998520
1175.599775 107.994917 -11.336817 3.648177 -0.005520 0.017973 -0.051132 0.998515
1175.699609 108.133810 -11.348281 3.645011 -0.005731 0.020501 -0.051265 0.998458
1175.799444 108.275484 -11.356417 3.647188 -0.005473 0.022302 -0.051492 0.998409
1175.899269 108.409328 -11.372698 3.649907 -0.004632 0.022514 -0.051537 0.998407
1175.999499 108.533971 -11.388948 3.652362 -0.004431 0.023013 -0.051764 0.998384
1176.099339 108.660047 -11.405122 3.647432 -0.004826 0.022139 -0.051622 0.998410
1176.199188 108.786966 -11.419718 3.646861 -0.006001 0.022058 -0.051877 0.998392
1176.299801 108.920142 -11.434156 3.650197 -0.006435 0.021851 -0.051845 0.998395
1176.399643 109.048930 -11.447335 3.652475 -0.005363 0.016924 -0.051448 0.998518
1176.499473 109.183431 -11.460763 3.653275 -0.004550 0.014741 -0.051171 0.998571
1176.599319 109.304755 -11.476417 3.651598 -0.004552 0.014460 -0.050640 0.998602
1176.699163 109.420150 -11.492677 3.653487 -0.005458 0.017842 -0.050401 0.998555
1176.799806 109.550325 -11.504796 3.653944 -0.007930 0.019581 -0.050337 0.998509
1176.899626 109.673470 -11.519848 3.653723 -0.008498 0.021893 -0.049858 0.998480
1176.999469 109.798270 -11.538744 3.657523 -0.008573 0.023113 -0.049604 0.998465
1177.099298 109.926218 -11.557537 3.663323 -0.008303 0.024563 -0.049730 0.998426
1177.199148 110.042183 -11.570044 3.663230 -0.008074 0.025304 -0.050226 0.998385
1177.299796 110.156802 -11.580231 3.655081 -0.007832 0.025341 -0.050798 0.998357
1177.399645 110.276135 -11.588931 3.657660 -0.006711 0.026643 -0.051661 0.998287
1177.499490 110.404315 -11.600198 3.661000 -0.004649 0.026663 -0.052508 0.998254
1177.599334 110.522515 -11.613276 3.663092 -0.004298 0.026055 -0.053202 0.998235
1177.699173 110.643464 -11.623792 3.663640 -0.004943 0.024567 -0.053478 0.998255
1177.799802 110.762522 -11.637734 3.662722 -0.006317 0.025129 -0.053178 0.998249
1177.899638 110.878605 -11.649620 3.661360 -0.007354 0.026452 -0.053595 0.998185
1177.999479 111.000185 -11.661989 3.660013 -0.006079 0.027484 -0.053911 0.998149
1178.099322 111.125675 -11.672462 3.660829 -0.003352 0.026825 -0.054742 0.998135
1178.199162 111.259976 -11.683703 3.663588 0.001104 0.027299 -0.055538 0.998083
1178.299796 111.393952 -11.697852 3.661453 0.001015 0.029041 -0.056105 0.998002
1178.399635 111.520599 -11.709691 3.661706 -0.001836 0.031611 -0.056562 0.997897
1178.499468 111.636323 -11.718141 3.665310 -0.004064 0.033925 -0.056797 0.997801
1178.599318 111.753268 -11.729971 3.675442 -0.003878 0.035583 -0.056382 0.997767
1178.699174 111.871419 -11.743698 3.680480 -0.001639 0.033877 -0.055789 0.997866
1178.799813 112.002208 -11.758246 3.675072 -0.000081 0.032871 -0.055235 0.997932
1178.899646 112.133338 -11.773072 3.667642 0.000666 0.035195 -0.054635 0.997886
1178.999485 112.269355 -11.786973 3.672056 -0.001262 0.036235 -0.054798 0.997839
1179.099329 112.406422 -11.799105 3.672906 -0.001444 0.035595 -0.055108 0.997845
1179.199160 112.537041 -11.815430 3.677488 -0.001588 0.035996 -0.055160 0.997827
1179.299808 112.671065 -11.834779 3.688884 -0.000137 0.036016 -0.055069 0.997833
1179.399644 112.808143 -11.849585 3.692812 -0.000216 0.034544 -0.054970 0.997890
1179.499484 112.943243 -11.857293 3.691396 -0.001105 0.034040 -0.054869 0.997913
1179.599328 113.070326 -11.867095 3.691100 -0.002184 0.034256 -0.054841 0.997905
1179.699174 113.195518 -11.881510 3.692578 -0.002641 0.033902 -0.054734 0.997922
1179.799820 113.331548 -11.900130 3.690856 -0.002146 0.031731 -0.054801 0.997991
1179.899657 113.472289 -11.919208 3.691696 -0.002845 0.030488 -0.054885 0.998023
1179.999495 113.617412 -11.936951 3.691670 -0.003853 0.033326 -0.055103 0.997917
1180.099324 113.759205 -11.954227 3.687936 -0.003217 0.033468 -0.055048 0.997917
1180.199168 113.903490 -11.975512 3.687751 -0.002554 0.031584 -0.054808 0.997994
1180.299810 114.050210 -11.989578 3.699263 -0.002829 0.027849 -0.054950 0.998097
1180.399648 114.188123 -11.999852 3.720101 -0.003022 0.024080 -0.054929 0.998195
1180.499495 114.325166 -12.012318 3.734426 -0.001983 0.020688 -0.054946 0.998273
1180.599333 114.461998 -12.033342 3.751821 -0.002448 0.019465 -0.054717 0.998309
1180.699180 114.598586 -12.054241 3.764916 -0.005875 0.016319 -0.054996 0.998336
1180.799836 114.742496 -12.072486 3.795055 -0.007133 0.014353 -0.055789 0.998314
1180.899667 114.872592 -12.086922 3.815345 -0.009253 -0.014707 -0.056479 0.998253
1180.999513 114.993860 -12.102998 3.831351 -0.009647 -0.044481 -0.057820 0.997289
1181.099360 115.111485 -12.120337 3.802319 -0.011043 -0.045405 -0.059574 0.997130
1181.199209 115.217602 -12.133707 3.778196 -0.009398 -0.017823 -0.060482 0.997966
1181.299453 115.309105 -12.137888 3.776182 -0.005429 0.007832 -0.060225 0.998139
1181.399285 115.400131 -12.148462 3.804478 -0.001778 0.017592 -0.058967 0.998103
1181.499118 115.473585 -12.164975 3.840622 -0.001519 0.019904 -0.057712 0.998134
1181.599744 115.543366 -12.181487 3.860438 -0.003804 0.019596 -0.057232 0.998161
1181.699572 115.612084 -12.197789 3.854802 -0.006177 0.021777 -0.057051 0.998115
1181.799406 115.681287 -12.211935 3.839735 -0.006677 0.022030 -0.056994 0.998109
1181.899245 115.759655 -12.224486 3.827558 -0.008645 0.023217 -0.056919 0.998071
1181.999484 115.826904 -12.238357 3.824560 -0.010243 0.024424 -0.056417 0.998056
1182.099327 115.902333 -12.253918 3.833991 -0.015988 0.025835 -0.055988 0.997969
1182.199175 115.989115 -12.265612 3.835523 -0.021047 0.024970 -0.055521 0.997923
1182.299816 116.087890 -12.275869 3.836268 -0.022728 0.026240 -0.054888 0.997889
1182.399664 116.186710 -12.287944 3.838497 -0.021383 0.027887 -0.054506 0.997895
1182.499507 116.279457 -12.297869 3.842775 -0.020010 0.028608 -0.054244 0.997917
1182.599330 116.368293 -12.304816 3.845719 -0.018582 0.028522 -0.053791 0.997972
1182.699163 116.458509 -12.308772 3.845985 -0.018404 0.029881 -0.053528 0.997949
1182.799818 116.554339 -12.312648 3.843932 -0.014801 0.032516 -0.053501 0.997929
1182.899650 116.644972 -12.314436 3.843333 -0.011850 0.036039 -0.053299 0.997858
1182.999489 116.740150 -12.316235 3.843969 -0.009717 0.038184 -0.053167 0.997808
1183.099340 116.851513 -12.316999 3.846101 -0.009707 0.039609 -0.053059 0.997758
1183.199181 116.954042 -12.316484 3.847740 -0.011004 0.037338 -0.053195 0.997825
1183.299820 117.045292 -12.315393 3.852746 -0.011803 0.034997 -0.053701 0.997874
1183.399658 117.140979 -12.315732 3.852763 -0.008762 0.036597 -0.054031 0.997830
1183.499505 117.249481 -12.318373 3.844913 -0.007255 0.039415 -0.054178 0.997727
1183.599344 117.359438 -12.312306 3.837372 -0.006048 0.040439 -0.054548 0.997674
1183.699165 117.461211 -12.303494 3.833906 -0.005180 0.039592 -0.055125 0.997681
1183.799789 117.564631 -12.304544 3.836282 -0.004562 0.038813 -0.055369 0.997701
1183.899623 117.664259 -12.315840 3.837493 -0.004767 0.036844 -0.055483 0.997768
1183.999456 117.769834 -12.323742 3.839011 -0.004985 0.034485 -0.056043 0.997820
1184.099299 117.883859 -12.327942 3.843159 -0.005369 0.031633 -0.056175 0.997905
1184.199128 118.001351 -12.331190 3.845453 -0.005793 0.030882 -0.056124 0.997929
1184.299758 118.113659 -12.333414 3.843065 -0.005295 0.030677 -0.056080 0.997941
1184.399617 118.227981 -12.338885 3.843447 -0.004746 0.031454 -0.055917 0.997929
1184.499456 118.345382 -12.342687 3.844712 -0.004370 0.032453 -0.055768 0.997907
1184.599299 118.466178 -12.347001 3.841036 -0.005490 0.033319 -0.055490 0.997888
1184.699139 118.592644 -12.355788 3.843746 -0.005614 0.033694 -0.055365 0.997882
1184.799766 118.722198 -12.365028 3.849720 -0.006063 0.032865 -0.055258 0.997913
1184.899615 118.868494 -12.375052 3.849617 -0.006497 0.030856 -0.055305 0.997971
1184.999459 119.023647 -12.384060 3.846954 -0.007221 0.029460 -0.055465 0.998000
1185.099306 119.163624 -12.392800 3.850788 -0.006231 0.029125 -0.055388 0.998021
1185.199145 119.299825 -12.406252 3.855087 -0.005422 0.028037 -0.055117 0.998071
1185.299770 119.433721 -12.416580 3.851497 -0.006420 0.027461 -0.055330 0.998070
1185.399612 119.571226 -12.426981 3.853644 -0.006820 0.028018 -0.055421 0.998047
1185.499455 119.701993 -12.435049 3.852430 -0.006468 0.026725 -0.055375 0.998087
1185.599285 119.813189 -12.441473 3.851222 -0.006820 0.025613 -0.055514 0.998106
1185.699121 119.938190 -12.450180 3.847574 -0.006836 0.026697 -0.055979 0.998052
1185.799750 120.078497 -12.464066 3.843690 -0.007982 0.028168 -0.056045 0.997999
1185.899589 120.211248 -12.479637 3.844200 -0.007593 0.030809 -0.056067 0.997923
1185.999419 120.356944 -12.488867 3.844685 -0.007724 0.033379 -0.056344 0.997823
1186.099251 120.505916 -12.496214 3.845159 -0.006230 0.032711 -0.056426 0.997851
1186.199501 120.632065 -12.504755 3.850412 -0.004998 0.030425 -0.056745 0.997912
1186.299339 120.738990 -12.512543 3.852778 -0.003485 0.027837 -0.057060 0.997976
1186.399200 120.852666 -12.521746 3.849603 -0.003157 0.025055 -0.057016 0.998054
1186.499443 120.977345 -12.530957 3.853721 -0.003164 0.024115 -0.056701 0.998095
1186.599301 121.097371 -12.540332 3.854546 -0.005789 0.022810 -0.056495 0.998125
1186.699122 121.214864 -12.552409 3.859512 -0.006646 0.022282 -0.056427 0.998136
1186.799758 121.331750 -12.564158 3.863253 -0.006483 0.023256 -0.056447 0.998114
1186.899598 121.436025 -12.572193 3.862292 -0.006193 0.025852 -0.056502 0.998049
1186.999440 121.536511 -12.579857 3.861507 -0.004958 0.027259 -0.056511 0.998017
1187.099294 121.651261 -12.588801 3.860684 -0.004253 0.026424 -0.056509 0.998043
1187.199134 121.765713 -12.599765 3.860745 -0.003811 0.024002 -0.055880 0.998142
1187.299765 121.887348 -12.611877 3.861977 -0.004583 0.023434 -0.055693 0.998162
1187.399618 122.010156 -12.621832 3.865164 -0.004523 0.024816 -0.055414 0.998145
1187.499462 122.132736 -12.631989 3.873566 -0.004909 0.025384 -0.054983 0.998153
1187.599303 122.247214 -12.643473 3.873046 -0.005432 0.023742 -0.055162 0.998180
1187.699160 122.354515 -12.652777 3.862523 -0.006130 0.023236 -0.056090 0.998136
1187.799788 122.481023 -12.659312 3.853188 -0.005831 0.023222 -0.057243 0.998073
1187.899639 122.610179 -12.668684 3.858155 -0.005288 0.024700 -0.058109 0.997991
1187.999483 122.733188 -12.682673 3.866537 -0.003902 0.025794 -0.058396 0.997953
1188.099331 122.850096 -12.697265 3.868032 -0.005370 0.025993 -0.058540 0.997932
1188.199178 122.964806 -12.704379 3.868564 -0.006593 0.025644 -0.058672 0.997926
1188.299810 123.086796 -12.709258 3.867270 -0.006316 0.022853 -0.058369 0.998013
1188.399649 123.197039 -12.716790 3.862566 -0.004653 0.022530 -0.057871 0.998059
1188.499486 123.311629 -12.725202 3.860281 -0.001978 0.022912 -0.057531 0.998079
1188.599342 123.421201 -12.734661 3.862185 0.000909 0.025779 -0.057668 0.998003
1188.699176 123.542414 -12.747331 3.871870 0.002000 0.027130 -0.058212 0.997934
1188.799806 123.675921 -12.759850 3.876325 -0.000516 0.025113 -0.058596 0.997966
1188.899660 123.804088 -12.770840 3.872850 -0.003348 0.021741 -0.058500 0.998045
1188.999504 123.923432 -12.779137 3.871960 -0.004666 0.020473 -0.058516 0.998066
1189.099355 124.031287 -12.792067 3.870994 -0.003977 0.021870 -0.058177 0.998059
1189.199200 124.137670 -12.803779 3.872346 -0.002424 0.028131 -0.058306 0.997899
1189.299434 124.245866 -12.811239 3.877018 -0.002877 0.031074 -0.058476 0.997801
1189.399281 124.345383 -12.819117 3.877729 -0.004533 0.030066 -0.058305 0.997836
1189.499121 124.451419 -12.830851 3.877491 -0.004462 0.027989 -0.058764 0.997869
1189.599776 124.562801 -12.847109 3.882341 -0.004573 0.026536 -0.058903 0.997901
1189.699617 124.663954 -12.860850 3.884813 -0.004108 0.025738 -0.059089 0.997912
1189.799458 124.770981 -12.869988 3.884090 -0.002971 0.024748 -0.059302 0.997929
1189.899285 124.879663 -12.877524 3.879430 -0.002753 0.024265 -0.059393 0.997936
1189.999120 124.994196 -12.887987 3.876731 -0.003102 0.025576 -0.059258 0.997910
1190.099763 125.106483 -12.903356 3.878905 -0.005047 0.025639 -0.059319 0.997897
1190.199599 125.213166 -12.916939 3.878950 -0.005787 0.025156 -0.059695 0.997883
1190.299449 125.324228 -12.930706 3.877743 -0.005688 0.025497 -0.059792 0.997869
1190.399288 125.425178 -12.943116 3.873346 -0.005660 0.027099 -0.059902 0.997820
1190.499129 125.526092 -12.954009 3.869150 -0.005846 0.029333 -0.059982 0.997751
1190.599762 125.634374 -12.965674 3.869079 -0.005278 0.030336 -0.060030 0.997722
1190.699611 125.734224 -12.978273 3.868700 -0.005190 0.028237 -0.060167 0.997775
1190.799443 125.831297 -12.988058 3.869881 -0.003449 0.026064 -0.060506 0.997822
1190.899277 125.925593 -12.997818 3.869026 -0.003301 0.025402 -0.060846 0.997818
1190.999122 126.022601 -13.012263 3.872389 -0.004669 0.027503 -0.060994 0.997748
1191.099755 126.130588 -13.028317 3.878891 -0.006437 0.028975 -0.060941 0.997700
1191.199589 126.242887 -13.041351 3.881078 -0.007423 0.025741 -0.060882 0.997785
1191.299423 126.356711 -13.057343 3.882711 -0.007280 0.024539 -0.060697 0.997828
1191.399257 126.480088 -13.075101 3.881888 -0.006206 0.024322 -0.060698 0.997840
1191.499497 126.602798 -13.091313 3.881082 -0.005639 0.025352 -0.060604 0.997824
1191.599342 126.705082 -13.104129 3.883474 -0.005093 0.028208 -0.060292 0.997769
1191.699196 126.809047 -13.115103 3.887718 -0.006446 0.030697 -0.059880 0.997713
1191.799827 126.907073 -13.126429 3.892283 -0.006378 0.030146 -0.059493 0.997753
1191.899665 127.005409 -13.145661 3.891599 -0.007117 0.029047 -0.059155 0.997801
1191.999496 127.110336 -13.165286 3.887675 -0.006790 0.028775 -0.058830 0.997830
1192.099345 127.222293 -13.176418 3.885405 -0.006343 0.030967 -0.059215 0.997745
1192.199174 127.334794 -13.186987 3.882569 -0.006359 0.032456 -0.059476 0.997682
1192.299801 127.441516 -13.199424 3.883191 -0.006157 0.033885 -0.059658 0.997625
1192.399650 127.550819 -13.213734 3.883954 -0.005147 0.033232 -0.059694 0.997650
1192.499504 127.663370 -13.228012 3.882681 -0.005640 0.031596 -0.059500 0.997712
1192.599358 127.785553 -13.244131 3.887403 -0.006313 0.030378 -0.059173 0.997765
1192.699202 127.906720 -13.259098 3.891820 -0.007528 0.030228 -0.058733 0.997788
1192.799434 128.021025 -13.271387 3.887986 -0.007451 0.031558 -0.058844 0.997740
1192.899269 128.129919 -13.284808 3.882725 -0.005523 0.031992 -0.058955 0.997733
1192.999528 128.239991 -13.297408 3.883430 -0.004089 0.031489 -0.059364 0.997731
1193.099374 128.350877 -13.309347 3.891605 -0.003711 0.030730 -0.060055 0.997715
1193.199202 128.464947 -13.319405 3.894023 -0.002680 0.030094 -0.060520 0.997710
1193.299437 128.581377 -13.334384 3.889863 -0.003274 0.029934 -0.060487 0.997715
1193.399277 128.702902 -13.348072 3.890919 -0.003462 0.029942 -0.060990 0.997683
1193.499101 128.834776 -13.362755 3.895255 -0.004059 0.029832 -0.061139 0.997675
1193.599739 128.988731 -13.379696 3.891310 -0.005516 0.029976 -0.061474 0.997643
1193.699568 129.137723 -13.396049 3.895080 -0.003251 0.032155 -0.061947 0.997556
1193.799411 129.283100 -13.413116 3.892520 -0.002273 0.033326 -0.062259 0.997501
1193.899257 129.426778 -13.429702 3.890934 -0.003770 0.035409 -0.062819 0.997389
1193.999499 129.555108 -13.450729 3.891686 -0.004519 0.035930 -0.062725 0.997374
1194.099333 129.652592 -13.467820 3.895413 -0.003964 0.034827 -0.062570 0.997425
1194.199163 129.740454 -13.482912 3.898311 -0.003808 0.034108 -0.062103 0.997480
1194.299795 129.838480 -13.495847 3.896779 -0.004567 0.034311 -0.061584 0.997502
1194.399625 129.947958 -13.510498 3.893763 -0.005852 0.036159 -0.061623 0.997427
1194.499454 130.061775 -13.527803 3.892035 -0.007131 0.037719 -0.061976 0.997339
1194.599301 130.181902 -13.545553 3.898215 -0.006278 0.037673 -0.062608 0.997307
1194.699148 130.315761 -13.565592 3.906558 -0.004004 0.035898 -0.062376 0.997399
1194.799798 130.459849 -13.584368 3.897694 -0.004527 0.033868 -0.062143 0.997482
1194.899646 130.609426 -13.604677 3.893256 -0.005446 0.037435 -0.062094 0.997353
1194.999487 130.750743 -13.628062 3.891566 -0.005168 0.042384 -0.061996 0.997163
1195.099322 130.883560 -13.647422 3.901824 -0.004703 0.044148 -0.062129 0.997080
1195.199171 131.012962 -13.661766 3.913950 -0.004121 0.041120 -0.061980 0.997221
1195.299805 131.147880 -13.676846 3.911294 -0.006028 0.037374 -0.061649 0.997380
1195.399648 131.292520 -13.699624 3.910195 -0.007712 0.034874 -0.061365 0.997476
1195.499483 131.431779 -13.724546 3.907835 -0.007837 0.033138 -0.061348 0.997535
1195.599329 131.562863 -13.748568 3.910171 -0.007464 0.031886 -0.061553 0.997566
1195.699169 131.694496 -13.768893 3.914263 -0.006977 0.031046 -0.061725 0.997586
1195.799811 131.826543 -13.788014 3.917466 -0.006807 0.030455 -0.061979 0.997590
1195.899652 131.960089 -13.807054 3.919730 -0.009253 0.029094 -0.062110 0.997602
1195.999496 132.095880 -13.817789 3.914066 -0.016893 0.029016 -0.062651 0.997471
1196.099338 132.242043 -13.833140 3.914980 -0.020167 0.028507 -0.062449 0.997437
1196.199181 132.390418 -13.853640 3.916563 -0.019516 0.027056 -0.062238 0.997504
1196.299820 132.537759 -13.871125 3.921500 -0.015208 0.024862 -0.062301 0.997632
1196.399657 132.684570 -13.885975 3.925021 -0.009693 0.023965 -0.062455 0.997713
1196.499494 132.831987 -13.897936 3.924357 -0.006364 0.023249 -0.062480 0.997755
1196.599325 132.973702 -13.909591 3.920334 -0.005789 0.022105 -0.062550 0.997780
1196.699157 133.109612 -13.921159 3.920832 -0.005973 0.020977 -0.062729 0.997792
1196.799793 133.243994 -13.932337 3.916500 -0.006743 0.019138 -0.062743 0.997823
1196.899640 133.374613 -13.943130 3.906321 -0.007637 0.004303 -0.062823 0.997986
1196.999494 133.490447 -13.951638 3.926309 -0.008021 -0.009357 -0.062785 0.997951
1197.099334 133.597633 -13.962057 3.940833 -0.006036 -0.019912 -0.062904 0.997803
1197.199167 133.703957 -13.965212 3.957919 -0.007180 -0.003589 -0.063256 0.997965
1197.299810 133.803968 -13.968983 3.968682 -0.008043 0.014909 -0.063156 0.997860
1197.399662 133.906592 -13.976933 3.958851 -0.007249 0.019048 -0.062876 0.997813
1197.499497 134.008009 -13.989953 3.955662 -0.007632 0.019390 -0.062680 0.997816
1197.599341 134.112026 -14.010148 3.972588 -0.007776 0.019425 -0.062312 0.997837
1197.699196 134.226488 -14.021759 3.995043 -0.008277 0.020392 -0.062512 0.997802
1197.799843 134.340356 -14.025945 4.018968 -0.007998 0.023679 -0.062712 0.997719
1197.899690 134.442155 -14.028455 4.048828 -0.007514 0.027885 -0.063118 0.997588
1197.999548 134.536053 -14.036807 4.067915 -0.006850 0.030481 -0.063382 0.997500
1198.099389 134.627386 -14.047557 4.075587 -0.005808 0.030877 -0.063804 0.997468
1198.199229 134.720495 -14.059355 4.081887 -0.004438 0.031771 -0.063727 0.997452
1198.299466 134.812454 -14.068855 4.087478 -0.003677 0.036772 -0.063735 0.997282
1198.399311 134.915961 -14.078866 4.095234 -0.004426 0.044012 -0.064129 0.996961
1198.499148 135.024035 -14.087801 4.099129 -0.004637 0.048283 -0.064140 0.996761
1198.599785 135.136937 -14.096016 4.101701 -0.004598 0.049694 -0.064413 0.996675
1198.699628 135.250177 -14.108986 4.099768 -0.004975 0.047701 -0.064447 0.996768
1198.799476 135.370429 -14.126838 4.100462 -0.004238 0.047483 -0.064356 0.996788
1198.899318 135.499631 -14.144217 4.102523 -0.003985 0.048547 -0.064453 0.996731
1198.999162 135.634899 -14.160236 4.102437 -0.004042 0.049791 -0.064847 0.996644
1199.099818 135.771502 -14.173005 4.103075 -0.004365 0.049008 -0.064979 0.996673
1199.199675 135.910856 -14.182787 4.107007 -0.004799 0.045817 -0.065271 0.996804
1199.299503 136.042212 -14.199943 4.108251 -0.004461 0.043801 -0.065064 0.996909
1199.399352 136.162652 -14.222614 4.106553 -0.004953 0.042855 -0.064663 0.996974
1199.499200 136.292422 -14.244156 4.110434 -0.004907 0.045845 -0.064589 0.996846
1199.599448 136.438469 -14.263628 4.107954 -0.004461 0.047673 -0.064673 0.996757
1199.699293 136.587222 -14.276681 4.104859 -0.006077 0.045125 -0.065173 0.996835
1199.799129 136.737475 -14.292475 4.106694 -0.006503 0.040262 -0.065904 0.996992
1199.899755 136.892333 -14.312923 4.113794 -0.004887 0.037863 -0.065963 0.997091
1199.999597 137.049983 -14.334714 4.118573 -0.004998 0.036121 -0.065695 0.997173
1200.099434 137.212504 -14.356460 4.120468 -0.006121 0.037233 -0.065737 0.997123
1200.199278 137.364169 -14.376985 4.118004 -0.007595 0.040276 -0.065858 0.996987
1200.299126 137.519720 -14.395267 4.120596 -0.006835 0.043040 -0.065945 0.996871
1200.399767 137.682250 -14.411241 4.126388 -0.005844 0.042127 -0.066359 0.996889
1200.499609 137.841883 -14.431968 4.129680 -0.004671 0.037201 -0.066533 0.997080
1200.599452 138.007361 -14.453426 4.129400 -0.004944 0.033375 -0.066913 0.997188
1200.699285 138.164284 -14.478733 4.129428 -0.005589 0.031082 -0.066980 0.997254
1200.799124 138.330365 -14.505436 4.128027 -0.006192 0.031056 -0.066783 0.997265
1200.899778 138.505449 -14.527781 4.133234 -0.005747 0.032904 -0.066672 0.997216
1200.999599 138.672140 -14.543006 4.133909 -0.005263 0.035280 -0.066737 0.997133
1201.099428 138.834240 -14.563620 4.134289 -0.005184 0.036635 -0.066674 0.997089
1201.199271 138.991854 -14.585107 4.136596 -0.004710 0.038660 -0.066901 0.996999
1201.299517 139.167881 -14.610841 4.139600 -0.005116 0.038799 -0.067049 0.996982
1201.399350 139.342522 -14.633972 4.142412 -0.004917 0.039232 -0.066895 0.996976
1201.499194 139.517397 -14.658617 4.145128 -0.003891 0.039676 -0.066567 0.996985
1201.599821 139.692746 -14.687466 4.145518 -0.004384 0.038903 -0.065833 0.997062
1201.699664 139.862452 -14.710701 4.147573 -0.006891 0.036667 -0.065736 0.997139
1201.799509 140.034222 -14.731853 4.146854 -0.007543 0.037160 -0.065382 0.997140
1201.899340 140.200609 -14.753129 4.152072 -0.007653 0.038451 -0.065187 0.997103
1201.999170 140.366442 -14.777080 4.153929 -0.006598 0.037174 -0.065304 0.997151
1202.099801 140.528713 -14.800880 4.155610 -0.005567 0.033837 -0.065501 0.997263
1202.199620 140.701665 -14.824688 4.161084 -0.005239 0.028884 -0.065734 0.997405
1202.299466 140.877169 -14.846710 4.166731 -0.005268 0.024934 -0.066231 0.997479
1202.399294 141.049552 -14.869038 4.171625 -0.005022 0.024115 -0.066062 0.997511
1202.499135 141.233035 -14.895062 4.175667 -0.004016 0.024666 -0.065646 0.997530
1202.599770 141.410481 -14.915774 4.173693 -0.004798 0.021980 -0.065435 0.997603
1202.699597 141.576546 -14.935924 4.169285 -0.008693 0.019775 -0.065452 0.997622
1202.799446 141.735043 -14.955435 4.165726 -0.010946 0.015671 -0.065302 0.997682
1202.899282 141.896567 -14.972141 4.168605 -0.014039 0.012936 -0.065374 0.997678
1202.999122 142.056981 -14.991532 4.177657 -0.014631 0.011618 -0.065684 0.997666
1203.099754 142.212531 -15.007975 4.176396 -0.012459 0.011405 -0.066923 0.997615
1203.199595 142.344560 -15.027584 4.175949 -0.008672 0.005536 -0.068077 0.997627
1203.299443 142.459732 -15.038451 4.185816 -0.005767 -0.048221 -0.068706 0.996454
1203.399295 142.566128 -15.048098 4.182283 -0.006359 -0.088215 -0.069025 0.993687
1203.499119 142.669268 -15.054958 4.159956 -0.007163 -0.084531 -0.069689 0.993955
1203.599752 142.754417 -15.058171 4.144103 -0.007826 -0.057153 -0.069678 0.995900
1203.699599 142.822642 -15.065474 4.129287 -0.008798 -0.019001 -0.069180 0.997384
1203.799442 142.888678 -15.074273 4.161005 -0.009430 0.004907 -0.068750 0.997577
1203.899289 142.949878 -15.083080 4.204669 -0.007570 0.010247 -0.068714 0.997555
1203.999124 143.010976 -15.094888 4.216006 -0.006787 0.002676 -0.068599 0.997618
1204.099767 143.068134 -15.100319 4.192451 -0.006644 0.001462 -0.068644 0.997618
1204.199600 143.112899 -15.107602 4.175837 -0.006876 0.009405 -0.068704 0.997569
1204.299443 143.156692 -15.113842 4.178208 -0.007283 0.018360 -0.068730 0.997440
1204.399297 143.197084 -15.116075 4.186338 -0.007417 0.022810 -0.068817 0.997341
1204.499139 143.236535 -15.125248 4.197154 -0.007325 0.022853 -0.068500 0.997362
1204.599770 143.282770 -15.131085 4.196797 -0.007189 0.021628 -0.068600 0.997384
1204.699608 143.326937 -15.133701 4.186848 -0.006663 0.020883 -0.068682 0.997398
1204.799450 143.367626 -15.137733 4.183885 -0.006012 0.023279 -0.068738 0.997345
1204.899274 143.406285 -15.145526 4.186592 -0.005640 0.027344 -0.068873 0.997235
1204.999519 143.443494 -15.158264 4.196297 -0.004764 0.030768 -0.068707 0.997151
1205.099357 143.480871 -15.164630 4.195734 -0.005721 0.032084 -0.068924 0.997089
1205.199202 143.525616 -15.168002 4.192796 -0.005739 0.032431 -0.068639 0.997098
1205.299438 143.574758 -15.174849 4.189158 -0.005968 0.031266 -0.068325 0.997155
1205.399276 143.621297 -15.184340 4.190137 -0.005900 0.031171 -0.068345 0.997157
1205.499508 143.664100 -15.196091 4.197863 -0.006002 0.033155 -0.068039 0.997114
1205.599344 143.704899 -15.206540 4.203623 -0.005803 0.036756 -0.067890 0.996999
1205.699181 143.749394 -15.213077 4.204120 -0.006329 0.037895 -0.067929 0.996950
1205.799823 143.796893 -15.223263 4.209804 -0.006874 0.037083 -0.067765 0.996988
1205.899667 143.845826 -15.232246 4.216098 -0.007356 0.036206 -0.067867 0.997010
1205.999503 143.897569 -15.244631 4.219899 -0.006858 0.038587 -0.067423 0.996954
1206.099334 143.959108 -15.259891 4.226060 -0.007195 0.043887 -0.067331 0.996739
1206.199174 144.023688 -15.266781 4.235308 -0.006470 0.047736 -0.067271 0.996571
1206.299808 144.089072 -15.274048 4.252355 -0.006368 0.048100 -0.067299 0.996552
1206.399632 144.162269 -15.287743 4.269864 -0.007532 0.047103 -0.067373 0.996587
1206.499467 144.248175 -15.304376 4.280975 -0.008355 0.044476 -0.067291 0.996707
1206.599314 144.337559 -15.316102 4.284971 -0.012128 0.041938 -0.067346 0.996774
1206.699146 144.426489 -15.324745 4.289643 -0.016140 0.041669 -0.067564 0.996714
1206.799792 144.511263 -15.339169 4.294641 -0.017584 0.045441 -0.067137 0.996553
1206.899640 144.607126 -15.352526 4.297764 -0.017855 0.048451 -0.067068 0.996411
1206.999476 144.702023 -15.359589 4.303076 -0.017410 0.048041 -0.066995 0.996444
1207.099322 144.794521 -15.361765 4.309402 -0.014812 0.044381 -0.066780 0.996670
1207.199159 144.888288 -15.363857 4.306314 -0.013662 0.040789 -0.066908 0.996831
1207.299809 144.987445 -15.364841 4.299117 -0.013432 0.038511 -0.067254 0.996902
1207.399649 145.094761 -15.368624 4.299702 -0.012720 0.035943 -0.067264 0.997006
1207.499492 145.197166 -15.371454 4.309726 -0.012125 0.032179 -0.067370 0.997135
1207.599335 145.301266 -15.369497 4.310397 -0.013700 0.027681 -0.067820 0.997219
1207.699175 145.408857 -15.368317 4.303191 -0.014444 0.025391 -0.067798 0.997271
1207.799815 145.522353 -15.371182 4.298607 -0.015489 0.027871 -0.067916 0.997181
1207.899646 145.637191 -15.373205 4.294781 -0.014802 0.031132 -0.068124 0.997081
1207.999476 145.747466 -15.369392 4.295125 -0.011881 0.033916 -0.067902 0.997045
1208.099317 145.859326 -15.361587 4.298973 -0.009541 0.034263 -0.067990 0.997052
1208.199153 145.969207 -15.356659 4.299231 -0.007138 0.033332 -0.068122 0.997094
1208.299795 146.079486 -15.355247 4.296347 -0.006040 0.031209 -0.068103 0.997172
1208.399621 146.195161 -15.355412 4.290811 -0.005496 0.030677 -0.068207 0.997184
1208.499465 146.313037 -15.355275 4.291315 -0.005722 0.030956 -0.067962 0.997191
1208.599301 146.425710 -15.351100 4.300174 -0.004983 0.031237 -0.067572 0.997213
1208.699130 146.536647 -15.346676 4.306553 -0.005062 0.030808 -0.067530 0.997229
1208.799776 146.646612 -15.337862 4.297791 -0.005084 0.029567 -0.067877 0.997243
1208.899607 146.756986 -15.335947 4.286807 -0.005574 0.029017 -0.068125 0.997239
1208.999444 146.867060 -15.339065 4.289010 -0.004641 0.028767 -0.068467 0.997228
1209.099288 146.980453 -15.338599 4.296702 -0.003394 0.028799 -0.069113 0.997187
1209.199140 147.099763 -15.340470 4.295840 -0.003762 0.030147 -0.069309 0.997133
1209.299781 147.220724 -15.340479 4.294065 -0.003820 0.029237 -0.069494 0.997146
1209.399612 147.342353 -15.339353 4.288643 -0.003079 0.023771 -0.071337 0.997164
1209.499457 147.461318 -15.340928 4.288791 -0.003012 0.017603 -0.072836 0.997184
1209.599283 147.583388 -15.349566 4.290168 -0.001806 0.013732 -0.075320 0.997063
1209.699117 147.701092 -15.358620 4.295298 -0.003513 0.013332 -0.077065 0.996931
1209.799754 147.810090 -15.366980 4.295939 -0.004864 0.013435 -0.078015 0.996850
1209.899596 147.911868 -15.373483 4.291700 -0.005556 0.013746 -0.078175 0.996829
1209.999432 148.007236 -15.373520 4.288208 -0.005404 0.015882 -0.078310 0.996788
1210.099256 148.096291 -15.375215 4.293437 -0.005732 0.017022 -0.078194 0.996776
1210.199489 148.186980 -15.383648 4.296734 -0.006278 0.017477 -0.078080 0.996774
1210.299341 148.279684 -15.393056 4.292919 -0.007594 0.018159 -0.078328 0.996733
1210.399174 148.374695 -15.398053 4.293845 -0.007007 0.019170 -0.078404 0.996713
1210.499810 148.464955 -15.403048 4.300648 -0.006970 0.019567 -0.078232 0.996719
1210.599651 148.558364 -15.409703 4.305651 -0.006872 0.019513 -0.078185 0.996724
1210.699499 148.658206 -15.416355 4.301948 -0.007320 0.018818 -0.078480 0.996711
1210.799331 148.758137 -15.427180 4.294747 -0.007171 0.019984 -0.078109 0.996719
1210.899177 148.857948 -15.436944 4.292189 -0.007631 0.022044 -0.078427 0.996647
1210.999805 148.965489 -15.448000 4.296039 -0.006936 0.025854 -0.078415 0.996561
1211.099653 149.062138 -15.459001 4.295533 -0.006496 0.027934 -0.077971 0.996543
1211.199488 149.150036 -15.461979 4.293793 -0.006211 0.029046 -0.078123 0.996501
1211.299312 149.226742 -15.466598 4.297909 -0.005933 0.028761 -0.078023 0.996519
1211.399155 149.304581 -15.478142 4.304119 -0.006544 0.028365 -0.077959 0.996531
1211.499801 149.391445 -15.487695 4.306064 -0.007714 0.027536 -0.078171 0.996530
1211.599642 149.482541 -15.495757 4.302522 -0.007233 0.028765 -0.078192 0.996497
1211.699478 149.570311 -15.507433 4.306028 -0.006189 0.029997 -0.077708 0.996506
1211.799312 149.643067 -15.516492 4.307853 -0.005521 0.029243 -0.077306 0.996563
1211.899143 149.710417 -15.524502 4.307116 -0.006322 0.026526 -0.076996 0.996658
1211.999793 149.790807 -15.533523 4.304587 -0.007409 0.024434 -0.076473 0.996745
1212.099637 149.880042 -15.544719 4.301207 -0.008641 0.024102 -0.075769 0.996797
1212.199469 149.978911 -15.550502 4.301053 -0.010035 0.024933 -0.075684 0.996770
1212.299306 150.076033 -15.560955 4.311377 -0.010449 0.025589 -0.075717 0.996746
1212.399153 150.175622 -15.574533 4.317484 -0.011093 0.026236 -0.076459 0.996666
1212.499791 150.280909 -15.586188 4.315535 -0.010484 0.026711 -0.077681 0.996565
1212.599634 150.377693 -15.598288 4.313877 -0.006828 0.028444 -0.078300 0.996501
1212.699478 150.469564 -15.607715 4.306227 -0.004932 0.028989 -0.078660 0.996468
1212.799327 150.563760 -15.617849 4.302631 -0.004024 0.032055 -0.078913 0.996358
1212.899170 150.653342 -15.625836 4.304064 -0.004160 0.035404 -0.079427 0.996203
1212.999813 150.742998 -15.636551 4.312106 -0.003497 0.035509 -0.079730 0.996178
1213.099643 150.825615 -15.647438 4.317573 -0.003893 0.031514 -0.080450 0.996253
1213.199495 150.910582 -15.658071 4.316038 -0.004297 0.029974 -0.081147 0.996242
1213.299351 151.005473 -15.670263 4.307358 -0.004626 0.029071 -0.081530 0.996236
1213.399192 151.108207 -15.681406 4.300301 -0.005107 0.029312 -0.081903 0.996196
1213.499841 151.211881 -15.693664 4.298403 -0.004580 0.030046 -0.082086 0.996162
1213.599662 151.310426 -15.707325 4.302316 -0.005574 0.032828 -0.081985 0.996077
1213.699508 151.410772 -15.724120 4.304821 -0.005777 0.033397 -0.081678 0.996082
1213.799350 151.514507 -15.742799 4.305831 -0.007038 0.032294 -0.081175 0.996152
1213.899181 151.612000 -15.761432 4.303042 -0.008244 0.029748 -0.080818 0.996251
1213.999831 151.696730 -15.776479 4.304690 -0.009660 0.029758 -0.080550 0.996259
1214.099664 151.789722 -15.788758 4.303880 -0.010146 0.029375 -0.080896 0.996238
1214.199513 151.892835 -15.803576 4.304504 -0.009649 0.028827 -0.080993 0.996251
1214.299354 151.996012 -15.820066 4.304590 -0.008179 0.028008 -0.081017 0.996286
1214.399184 152.102049 -15.835176 4.300254 -0.006730 0.027902 -0.081080 0.996294
1214.499823 152.205764 -15.855294 4.301121 -0.006092 0.028174 -0.080719 0.996320
1214.599664 152.307796 -15.875612 4.302701 -0.006787 0.029402 -0.080277 0.996316
1214.699488 152.410184 -15.892554 4.306911 -0.008419 0.030068 -0.079891 0.996314
1214.799327 152.512638 -15.907856 4.312195 -0.009609 0.029769 -0.079305 0.996359
1214.899160 152.615330 -15.920303 4.314342 -0.009544 0.029058 -0.079024 0.996403
1214.999790 152.724925 -15.936147 4.309183 -0.008617 0.029309 -0.078737 0.996427
1215.099633 152.837297 -15.953229 4.305348 -0.008306 0.030083 -0.078572 0.996420
1215.199475 152.945050 -15.972234 4.300845 -0.007108 0.031583 -0.078632 0.996378
1215.299326 153.056586 -15.991430 4.300132 -0.006174 0.031949 -0.078502 0.996383
1215.399168 153.166295 -16.009472 4.303227 -0.006308 0.030402 -0.078295 0.996447
1215.499802 153.272892 -16.025154 4.311192 -0.007082 0.027876 -0.078279 0.996517
1215.599640 153.375467 -16.043174 4.314968 -0.008230 0.027455 -0.078320 0.996516
1215.699490 153.470153 -16.064894 4.309935 -0.009101 0.027751 -0.078397 0.996494
1215.799343 153.573132 -16.078803 4.300011 -0.008403 0.028888 -0.078735 0.996442
1215.899185 153.677834 -16.096086 4.299036 -0.008833 0.029630 -0.078885 0.996404
1215.999817 153.773614 -16.115765 4.311140 -0.008261 0.030299 -0.078996 0.996380
1216.099659 153.872428 -16.139477 4.309746 -0.008936 0.029548 -0.079069 0.996391
1216.199501 153.974210 -16.164791 4.302289 -0.010230 0.028561 -0.078780 0.996430
1216.299360 154.079882 -16.181053 4.303222 -0.010482 0.027751 -0.078770 0.996451
1216.399214 154.194363 -16.195373 4.309951 -0.010417 0.027282 -0.078423 0.996492
1216.499454 154.304019 -16.214940 4.315300 -0.010198 0.026380 -0.078106 0.996544
1216.599296 154.415521 -16.232822 4.318395 -0.011931 0.023593 -0.078349 0.996575
1216.699121 154.522384 -16.250183 4.320193 -0.014691 0.020431 -0.078721 0.996579
1216.799752 154.631228 -16.271722 4.317685 -0.016306 0.017861 -0.078373 0.996631
1216.899603 154.740492 -16.287717 4.317881 -0.016229 0.017500 -0.078749 0.996609
1216.999442 154.841412 -16.300604 4.314602 -0.014915 0.018696 -0.078898 0.996596
1217.099281 154.936766 -16.318339 4.314196 -0.013231 0.021692 -0.078468 0.996593
1217.199126 155.047265 -16.341523 4.316697 -0.012648 0.023885 -0.078350 0.996559
1217.299762 155.155600 -16.354360 4.307786 -0.012024 0.024063 -0.078599 0.996543
1217.399596 155.255048 -16.360855 4.309411 -0.011109 0.023852 -0.078577 0.996561
1217.499430 155.364811 -16.368697 4.316300 -0.010033 0.023995 -0.078424 0.996581
1217.599270 155.473549 -16.382663 4.313532 -0.008694 0.024496 -0.078138 0.996604
1217.699530 155.579392 -16.400237 4.303201 -0.008150 0.024466 -0.077970 0.996622
1217.799363 155.686365 -16.414780 4.303345 -0.008842 0.023671 -0.077973 0.996635
1217.899214 155.787729 -16.435932 4.303502 -0.009448 0.023099 -0.077495 0.996680
1217.999451 155.886350 -16.452494 4.309183 -0.009892 0.023117 -0.077247 0.996695
1218.099293 155.980288 -16.461363 4.316696 -0.011175 0.023624 -0.077368 0.996660
1218.199136 156.066985 -16.468391 4.323934 -0.010951 0.024173 -0.077123 0.996668
1218.299769 156.162451 -16.477290 4.332542 -0.011153 0.024752 -0.077243 0.996643
1218.399612 156.265549 -16.491662 4.343577 -0.010224 0.025225 -0.077305 0.996636
1218.499444 156.358320 -16.507507 4.356046 -0.009447 0.026218 -0.077623 0.996593
1218.599284 156.448785 -16.523947 4.370026 -0.009074 0.027447 -0.077939 0.996539
1218.699130 156.536508 -16.540004 4.384686 -0.008662 0.028578 -0.078315 0.996481
1218.799767 156.624710 -16.549179 4.403149 -0.009054 0.030811 -0.079091 0.996350
1218.899604 156.712202 -16.560542 4.421568 -0.008430 0.032281 -0.079382 0.996286
1218.999455 156.801769 -16.571073 4.438433 -0.007090 0.032531 -0.079759 0.996258
1219.099288 156.903700 -16.581563 4.447846 -0.007103 0.030851 -0.080405 0.996259
1219.199127 157.011020 -16.596117 4.457501 -0.007425 0.031079 -0.080495 0.996243
1219.299761 157.113995 -16.610135 4.469772 -0.006820 0.032379 -0.080467 0.996208
1219.399587 157.214027 -16.620994 4.485611 -0.007391 0.033197 -0.080615 0.996165
1219.499426 157.313697 -16.638334 4.494434 -0.008107 0.031942 -0.080097 0.996242
1219.599269 157.412552 -16.655819 4.499666 -0.008477 0.031184 -0.079643 0.996299
1219.699512 157.515695 -16.671481 4.503456 -0.008185 0.030409 -0.079221 0.996360
1219.799340 157.625677 -16.684095 4.499731 -0.008996 0.030650 -0.078806 0.996378
1219.899182 157.742059 -16.698761 4.501964 -0.008851 0.032589 -0.078568 0.996337
1219.999822 157.857934 -16.715510 4.512259 -0.008051 0.036312 -0.078698 0.996204
1220.099668 157.960265 -16.723961 4.521776 -0.005746 0.039641 -0.079125 0.996060
1220.199505 158.064571 -16.734151 4.530996 -0.004481 0.039236 -0.079922 0.996019
1220.299342 158.163358 -16.747203 4.531841 -0.004456 0.035616 -0.080381 0.996118
1220.399185 158.263292 -16.759854 4.528402 -0.004683 0.033756 -0.081088 0.996124
1220.499829 158.359994 -16.774965 4.526805 -0.004346 0.033635 -0.081499 0.996096
1220.599658 158.451595 -16.792969 4.529972 -0.004852 0.034646 -0.081155 0.996087
1220.699488 158.555966 -16.807309 4.527539 -0.005082 0.034308 -0.081117 0.996101
1220.799331 158.669789 -16.822468 4.529708 -0.005695 0.032894 -0.080532 0.996193
1220.899159 158.786038 -16.839786 4.527718 -0.006074 0.030841 -0.080048 0.996295
1220.999798 158.895750 -16.864455 4.523893 -0.006886 0.031199 -0.079737 0.996304
1221.099655 159.003700 -16.879919 4.526748 -0.006799 0.033039 -0.079948 0.996228
1221.199499 159.115177 -16.891734 4.522952 -0.007327 0.033924 -0.080089 0.996183
1221.299346 159.226699 -16.905182 4.520165 -0.006666 0.032694 -0.080013 0.996235
1221.399196 159.331758 -16.919312 4.520918 -0.006932 0.031456 -0.080371 0.996244
1221.499831 159.429635 -16.931483 4.522011 -0.006533 0.030564 -0.080484 0.996266
1221.599685 159.520759 -16.945218 4.522564 -0.006950 0.029399 -0.080179 0.996323
1221.699522 159.613435 -16.961625 4.523262 -0.007036 0.029789 -0.079960 0.996328
1221.799371 159.706282 -16.976267 4.521992 -0.006241 0.030804 -0.079850 0.996311
1221.899205 159.800878 -16.984421 4.524234 -0.005424 0.031397 -0.079959 0.996289
1221.999444 159.893634 -16.995821 4.525282 -0.004241 0.032017 -0.080118 0.996262
1222.099290 159.985252 -17.012547 4.526144 -0.004600 0.031180 -0.080581 0.996250
1222.199139 160.082904 -17.028395 4.523994 -0.005195 0.029897 -0.080732 0.996274
1222.299768 160.183205 -17.042467 4.523149 -0.005655 0.027865 -0.080551 0.996345
1222.399601 160.285876 -17.054313 4.529122 -0.006615 0.029048 -0.080447 0.996314
1222.499439 160.390934 -17.069369 4.532323 -0.010072 0.031762 -0.080482 0.996199
1222.599290 160.493886 -17.087724 4.535648 -0.012160 0.035072 -0.080765 0.996042
1222.699136 160.588140 -17.105591 4.533911 -0.010174 0.034019 -0.081000 0.996081
1222.799780 160.698922 -17.120098 4.527666 -0.007400 0.032914 -0.081395 0.996111
1222.899620 160.807046 -17.132781 4.524720 -0.006006 0.033128 -0.081670 0.996091
1222.999467 160.920005 -17.147022 4.525879 -0.006048 0.035135 -0.081970 0.995997
1223.099319 161.037334 -17.162076 4.526121 -0.006010 0.036169 -0.081890 0.995967
1223.199150 161.140259 -17.176565 4.535590 -0.006846 0.036886 -0.081751 0.995946
1223.299792 161.243113 -17.193979 4.537913 -0.008312 0.036046 -0.081880 0.995955
1223.399626 161.345043 -17.211728 4.533902 -0.012857 0.034737 -0.081796 0.995961
1223.499457 161.445114 -17.224889 4.534508 -0.014546 0.034988 -0.081744 0.995933
1223.599289 161.536526 -17.235644 4.538623 -0.014620 0.036512 -0.081532 0.995894
1223.699128 161.634276 -17.245199 4.535915 -0.013302 0.037070 -0.081209 0.995919
1223.799775 161.738617 -17.253842 4.534055 -0.012616 0.036863 -0.081224 0.995934
1223.899608 161.850313 -17.263494 4.544174 -0.011886 0.035484 -0.081410 0.995978
1223.999442 161.957539 -17.275590 4.550400 -0.012358 0.034749 -0.081335 0.996004
1224.099282 162.064450 -17.287093 4.543451 -0.010629 0.035279 -0.081321 0.996007
1224.199126 162.173977 -17.296526 4.539731 -0.008952 0.035890 -0.081443 0.995991
1224.299773 162.291521 -17.303902 4.539719 -0.009748 0.035938 -0.081457 0.995981
1224.399608 162.419280 -17.307604 4.538534 -0.011055 0.036038 -0.081700 0.995944
1224.499441 162.540821 -17.316601 4.539144 -0.010952 0.035461 -0.081700 0.995966
1224.599271 162.652517 -17.327195 4.541260 -0.012350 0.035501 -0.081642 0.995953
1224.699496 162.765782 -17.334845 4.543228 -0.013224 0.036967 -0.081708 0.995883
1224.799340 162.886289 -17.338784 4.535914 -0.012149 0.037884 -0.081608 0.995870
1224.899192 162.995909 -17.339945 4.530095 -0.011818 0.037040 -0.081834 0.995887
1224.999834 163.099499 -17.342885 4.528683 -0.012537 0.034975 -0.081973 0.995942
1225.099677 163.202262 -17.351030 4.526505 -0.012070 0.031639 -0.081782 0.996075
1225.199502 163.317542 -17.355104 4.539481 -0.010437 0.031275 -0.081855 0.996099
1225.299341 163.433649 -17.358556 4.553446 -0.009805 0.033071 -0.081677 0.996062
1225.399171 163.540474 -17.360136 4.552005 -0.008182 0.032885 -0.081368 0.996108
1225.499807 163.649088 -17.360344 4.540531 -0.007924 0.032129 -0.081363 0.996135
1225.599662 163.758717 -17.366046 4.534836 -0.007451 0.032182 -0.081508 0.996125
1225.699510 163.869457 -17.374458 4.537930 -0.007051 0.032289 -0.081558 0.996121
1225.799351 163.990228 -17.383267 4.535878 -0.007792 0.030947 -0.081746 0.996142
1225.899194 164.106032 -17.386334 4.532405 -0.007998 0.032302 -0.081883 0.996086
1225.999840 164.216784 -17.387023 4.535796 -0.007284 0.033509 -0.081758 0.996062
1226.099676 164.318924 -17.393838 4.541414 -0.007738 0.032265 -0.081705 0.996104
1226.199526 164.423708 -17.401249 4.538995 -0.007113 0.029901 -0.082059 0.996153
1226.299378 164.529196 -17.409528 4.533275 -0.007163 0.027708 -0.082164 0.996208
1226.399232 164.641291 -17.418177 4.526901 -0.007536 0.026159 -0.081900 0.996269
1226.499469 164.751061 -17.425395 4.528964 -0.008505 0.026388 -0.081754 0.996267
1226.599306 164.853035 -17.433327 4.529124 -0.009580 0.026622 -0.081311 0.996287
1226.699138 164.948577 -17.442779 4.522374 -0.010245 0.027468 -0.081128 0.996272
1226.799779 165.046968 -17.451841 4.522667 -0.009832 0.028644 -0.081115 0.996245
1226.899600 165.132185 -17.458581 4.524934 -0.008637 0.029358 -0.081250 0.996224
1226.999432 165.223494 -17.465433 4.527883 -0.008486 0.028032 -0.081315 0.996258
1227.099263 165.322187 -17.470423 4.526742 -0.007970 0.027259 -0.081292 0.996286
1227.199516 165.417668 -17.476380 4.521656 -0.008219 0.027367 -0.081271 0.996282
1227.299358 165.516565 -17.486466 4.517039 -0.009215 0.027213 -0.081330 0.996273
1227.399191 165.617389 -17.498374 4.523158 -0.008865 0.011698 -0.081255 0.996585
1227.499831 165.701777 -17.506975 4.530684 -0.008263 0.000761 -0.081176 0.996665
1227.599674 165.770666 -17.513332 4.518217 -0.008616 -0.005002 -0.081713 0.996606
1227.699509 165.841067 -17.522183 4.511875 -0.008058 0.008997 -0.081635 0.996589
1227.799352 165.911548 -17.527705 4.512432 -0.007816 0.023520 -0.081441 0.996370
1227.899196 165.973158 -17.529554 4.513824 -0.008376 0.027873 -0.081345 0.996261
1227.999852 166.033758 -17.534652 4.520033 -0.008044 0.028799 -0.081202 0.996249
1228.099698 166.092300 -17.540577 4.528233 -0.007926 0.028063 -0.081252 0.996267
1228.199517 166.153338 -17.545786 4.519070 -0.006873 0.029346 -0.081324 0.996232
1228.299367 166.212299 -17.550235 4.508001 -0.006436 0.030475 -0.081212 0.996210
1228.399207 166.268053 -17.558038 4.502238 -0.006643 0.031930 -0.081021 0.996179
1228.499449 166.330951 -17.566041 4.505707 -0.007178 0.033654 -0.081149 0.996108
1228.599295 166.394828 -17.573813 4.512834 -0.007113 0.034231 -0.081224 0.996082
1228.699132 166.460949 -17.578922 4.513069 -0.006374 0.035141 -0.081249 0.996054
1228.799770 166.532356 -17.583256 4.511531 -0.006176 0.036913 -0.081418 0.995977
1228.899617 166.605573 -17.592125 4.507538 -0.006129 0.037752 -0.081370 0.995950
1228.999443 166.685664 -17.603204 4.506274 -0.006356 0.038302 -0.081320 0.995932
1229.099290 166.762664 -17.613655 4.503729 -0.006646 0.038509 -0.081459 0.995910
1229.199131 166.842909 -17.620537 4.506482 -0.006854 0.037534 -0.081872 0.995912
1229.299780 166.928889 -17.626906 4.505422 -0.006216 0.035527 -0.081729 0.996002
1229.399626 167.017427 -17.635859 4.500104 -0.005560 0.036855 -0.081684 0.995961
1229.499455 167.108704 -17.649748 4.493799 -0.006733 0.038816 -0.081743 0.995874
1229.599294 167.196190 -17.664500 4.491731 -0.006652 0.040704 -0.081699 0.995803
1229.699141 167.280367 -17.677997 4.496685 -0.006251 0.039638 -0.080888 0.995915
1229.799775 167.366169 -17.691942 4.502012 -0.006749 0.037285 -0.080266 0.996053
1229.899620 167.449334 -17.701263 4.510033 -0.009377 0.034704 -0.079707 0.996170
1229.999478 167.539152 -17.708064 4.509559 -0.010410 0.034509 -0.080178 0.996129
1230.099320 167.631795 -17.717449 4.504798 -0.008123 0.034932 -0.080362 0.996120
1230.199165 167.730549 -17.726892 4.498157 -0.007937 0.033379 -0.080997 0.996124
1230.299814 167.821773 -17.742350 4.505368 -0.006570 0.030071 -0.081500 0.996198
1230.399639 167.897637 -17.756743 4.516542 -0.007151 0.028232 -0.082095 0.996199
1230.499483 167.965122 -17.764581 4.519163 -0.006390 0.027842 -0.082783 0.996158
1230.599315 168.033114 -17.769258 4.515513 -0.004964 0.029485 -0.083854 0.996029
1230.699161 168.112491 -17.778356 4.511412 -0.004259 0.031395 -0.084136 0.995950
1230.799800 168.201756 -17.788900 4.510289 -0.003825 0.034613 -0.084001 0.995857
1230.899644 168.289531 -17.802874 4.507810 -0.003705 0.035247 -0.083846 0.995848
1230.999485 168.378496 -17.819292 4.508708 -0.003477 0.037898 -0.083644 0.995769
1231.099324 168.464733 -17.832140 4.505380 -0.003163 0.039432 -0.084050 0.995676
1231.199159 168.558056 -17.844556 4.501126 -0.002897 0.039837 -0.084160 0.995651
1231.299796 168.657747 -17.859610 4.502579 -0.004232 0.039179 -0.083587 0.995721
1231.399645 168.753394 -17.875213 4.513782 -0.007476 0.037960 -0.082723 0.995821
1231.499490 168.848316 -17.893270 4.518309 -0.010465 0.036422 -0.082055 0.995907
1231.599326 168.940715 -17.909586 4.517676 -0.010663 0.037565 -0.081877 0.995877
1231.699150 169.032362 -17.923070 4.511013 -0.010463 0.039517 -0.080680 0.995901
1231.799782 169.109550 -17.934492 4.503985 -0.010198 0.041891 -0.078099 0.996013
1231.899619 169.194158 -17.949010 4.501803 -0.008070 0.043147 -0.075905 0.996148
1231.999456 169.279509 -17.960231 4.506863 -0.007099 0.041753 -0.074872 0.996293
1232.099281 169.369068 -17.971942 4.511049 -0.006959 0.038044 -0.074004 0.996508
1232.199138 169.467817 -17.987752 4.515039 -0.006282 0.037234 -0.074072 0.996538
1232.299786 169.560353 -18.003693 4.514944 -0.005934 0.038267 -0.074292 0.996484
1232.399629 169.664576 -18.019633 4.512082 -0.006043 0.039101 -0.074297 0.996451
1232.499467 169.774196 -18.032897 4.512136 -0.006523 0.038142 -0.074661 0.996458
1232.599295 169.874471 -18.044616 4.508288 -0.006875 0.037460 -0.074922 0.996462
1232.699134 169.974446 -18.059599 4.501172 -0.007083 0.037147 -0.074935 0.996471
1232.799778 170.074877 -18.077914 4.497051 -0.006926 0.036882 -0.074834 0.996490
1232.899605 170.183667 -18.098392 4.496144 -0.006524 0.038042 -0.074887 0.996445
1232.999457 170.294363 -18.119548 4.494787 -0.006694 0.040535 -0.074891 0.996345
1233.099315 170.409621 -18.130806 4.487508 -0.006536 0.043538 -0.075374 0.996183
1233.199150 170.533329 -18.138655 4.490587 -0.006344 0.045798 -0.076216 0.996019
1233.299794 170.647908 -18.158110 4.498244 -0.005509 0.044702 -0.076238 0.996072
1233.399635 170.750329 -18.183118 4.504065 -0.007951 0.043211 -0.075484 0.996179
1233.499467 170.849222 -18.205613 4.505001 -0.011481 0.044593 -0.072319 0.996318
1233.599315 170.964146 -18.217230 4.500688 -0.013619 0.044952 -0.068036 0.996577
1233.699156 171.083774 -18.225488 4.497512 -0.014533 0.044607 -0.063480 0.996880
1233.799786 171.210483 -18.237623 4.496267 -0.014923 0.042819 -0.058669 0.997247
1233.899637 171.336580 -18.256047 4.498888 -0.014750 0.040034 -0.055079 0.997570
1233.999481 171.455796 -18.273175 4.504895 -0.016321 0.037985 -0.051107 0.997837
1234.099307 171.578753 -18.285114 4.505985 -0.014707 0.037742 -0.046666 0.998089
1234.199162 171.701609 -18.297574 4.506108 -0.009506 0.038755 -0.044793 0.998199
1234.299810 171.819482 -18.306780 4.504415 -0.006923 0.039096 -0.045104 0.998193
1234.399649 171.932476 -18.315196 4.501038 -0.007734 0.037370 -0.045625 0.998229
1234.499487 172.061336 -18.325795 4.503644 -0.007870 0.034652 -0.046156 0.998302
1234.599334 172.197226 -18.337974 4.504012 -0.007397 0.030337 -0.046657 0.998423
1234.699172 172.327230 -18.351789 4.497976 -0.006261 0.025768 -0.046724 0.998556
1234.799820 172.449941 -18.366168 4.495958 -0.006031 0.023196 -0.046570 0.998627
1234.899654 172.568205 -18.376985 4.502172 -0.006736 0.022550 -0.046432 0.998644
1234.999503 172.691391 -18.387342 4.511388 -0.007639 0.023018 -0.045987 0.998648
1235.099333 172.807851 -18.398326 4.507432 -0.008323 0.022777 -0.045653 0.998663
1235.199164 172.909894 -18.412729 4.501745 -0.008703 0.023089 -0.045467 0.998661
1235.299815 173.011712 -18.426908 4.498086 -0.008669 0.024256 -0.045444 0.998635
1235.399672 173.106690 -18.436757 4.501008 -0.008323 0.026159 -0.045302 0.998596
1235.499518 173.199809 -18.441030 4.504303 -0.009001 0.028508 -0.045518 0.998516
1235.599364 173.295071 -18.447556 4.505981 -0.011292 0.029516 -0.046096 0.998437
1235.699220 173.381952 -18.457804 4.502971 -0.010191 0.026747 -0.046512 0.998508
1235.799455 173.479900 -18.467605 4.498932 -0.006404 0.025993 -0.047055 0.998534
1235.899288 173.576047 -18.477530 4.493401 -0.004253 0.030406 -0.046595 0.998442
1235.999132 173.660374 -18.489572 4.497237 -0.006710 0.034213 -0.045710 0.998346
1236.099780 173.750955 -18.498447 4.507021 -0.009260 0.034111 -0.045264 0.998350
1236.199629 173.852507 -18.507692 4.508233 -0.010340 0.032433 -0.044678 0.998421
1236.299467 173.952195 -18.518359 4.509127 -0.010246 0.030532 -0.044333 0.998498
1236.399297 174.056387 -18.532214 4.505491 -0.010068 0.028886 -0.044647 0.998534
1236.499147 174.165132 -18.540648 4.502172 -0.007871 0.030899 -0.045331 0.998463
1236.599800 174.273516 -18.546712 4.503807 -0.006974 0.034574 -0.045853 0.998325
1236.699628 174.377401 -18.556838 4.506620 -0.005354 0.035102 -0.045859 0.998317
1236.799475 174.482304 -18.570293 4.513370 -0.005672 0.035820 -0.045980 0.998284
1236.899300 174.578220 -18.580138 4.515815 -0.007462 0.035542 -0.045895 0.998286
1236.999151 174.671990 -18.588337 4.509893 -0.007161 0.034749 -0.045662 0.998327
1237.099799 174.758220 -18.595844 4.507293 -0.007686 0.032218 -0.045426 0.998418
1237.199645 174.834685 -18.604643 4.509140 -0.007366 0.031086 -0.045313 0.998462
1237.299467 174.913585 -18.611712 4.510412 -0.007520 0.031022 -0.045622 0.998449
1237.399314 175.005304 -18.616481 4.514362 -0.006393 0.031511 -0.046232 0.998413
1237.499150 175.107755 -18.619906 4.522467 -0.005095 0.029772 -0.046608 0.998456
1237.599794 175.208671 -18.631433 4.522985 -0.004177 0.028572 -0.046421 0.998505
1237.699642 175.296940 -18.640678 4.520403 -0.005293 0.029386 -0.046595 0.998468
1237.799478 175.392181 -18.649335 4.514897 -0.006136 0.029850 -0.046705 0.998444
1237.899313 175.483477 -18.664486 4.510398 -0.007298 0.028723 -0.046396 0.998483
1237.999162 175.578336 -18.678395 4.508763 -0.007169 0.027625 -0.046412 0.998515
1238.099807 175.670276 -18.687140 4.512150 -0.007192 0.025992 -0.046523 0.998553
1238.199648 175.757432 -18.694608 4.517130 -0.007729 0.025674 -0.046397 0.998563
1238.299493 175.841885 -18.700928 4.525152 -0.008588 0.027422 -0.046468 0.998506
1238.399351 175.923628 -18.706993 4.526362 -0.008163 0.029622 -0.046715 0.998436
1238.499194 176.004290 -18.720755 4.515396 -0.007374 0.031553 -0.046497 0.998393
1238.599829 176.086848 -18.731082 4.508236 -0.007689 0.032802 -0.046438 0.998353
1238.699675 176.178941 -18.738319 4.510537 -0.008692 0.034742 -0.047183 0.998244
1238.799532 176.269299 -18.744593 4.517112 -0.010348 0.035341 -0.047749 0.998180
1238.899387 176.349867 -18.751078 4.519849 -0.010181 0.035885 -0.048731 0.998115
1238.999221 176.427194 -18.757570 4.516794 -0.007826 0.033843 -0.049469 0.998171
1239.099468 176.509164 -18.766858 4.518357 -0.006249 0.030910 -0.049916 0.998255
1239.199308 176.582652 -18.777072 4.512916 -0.006324 0.018675 -0.049630 0.998573
1239.299149 176.662666 -18.783762 4.513243 -0.005953 0.018787 -0.049112 0.998599
1239.399777 176.741756 -18.792813 4.509808 -0.006208 0.025590 -0.047823 0.998509
1239.499620 176.818532 -18.793514 4.513338 -0.007347 0.030056 -0.047316 0.998401
1239.599466 176.891346 -18.799190 4.516280 -0.007765 0.032426 -0.046930 0.998342
1239.699323 176.966066 -18.807057 4.521914 -0.007873 0.033189 -0.046887 0.998318
1239.799161 177.043409 -18.818320 4.524765 -0.007661 0.033152 -0.046584 0.998335
1239.899791 177.116252 -18.832758 4.527288 -0.006584 0.032984 -0.046267 0.998363
1239.999636 177.200343 -18.841732 4.527398 -0.006824 0.034021 -0.046532 0.998314
1240.099478 177.291551 -18.846767 4.525345 -0.007969 0.034131 -0.046722 0.998293
1240.199315 177.379416 -18.853477 4.521019 -0.007654 0.033558 -0.046637 0.998319
1240.299162 177.466109 -18.861960 4.518522 -0.007399 0.031168 -0.046679 0.998396
1240.399800 177.541798 -18.871611 4.521364 -0.008192 0.030916 -0.046740 0.998395
1240.499662 177.614263 -18.888030 4.525805 -0.008220 0.031495 -0.046227 0.998401
1240.599498 177.687102 -18.895327 4.528025 -0.008289 0.032399 -0.046353 0.998365
1240.699334 177.766408 -18.893379 4.527919 -0.007529 0.032944 -0.046855 0.998330
1240.799162 177.846234 -18.901939 4.527260 -0.007353 0.033977 -0.046629 0.998307
1240.899807 177.911539 -18.915054 4.525810 -0.007924 0.034178 -0.046560 0.998299
1240.999641 177.976099 -18.924273 4.521070 -0.007393 0.032404 -0.046701 0.998356
1241.099485 178.049961 -18.933408 4.518208 -0.006928 0.032724 -0.046438 0.998361
1241.199318 178.131458 -18.941254 4.521401 -0.006692 0.035025 -0.046287 0.998292
1241.299159 178.218962 -18.952180 4.530374 -0.006645 0.037034 -0.046006 0.998232
1241.399809 178.310733 -18.957422 4.535469 -0.006916 0.035787 -0.045650 0.998292
1241.499641 178.395635 -18.963265 4.536195 -0.008472 0.033077 -0.045597 0.998376
1241.599489 178.478878 -18.971222 4.536674 -0.008744 0.032088 -0.046093 0.998383
1241.699328 178.557645 -18.980499 4.533260 -0.006646 0.030768 -0.046303 0.998431
1241.799163 178.628334 -18.989002 4.532093 -0.004585 0.030007 -0.046296 0.998466
1241.899795 178.702012 -19.001521 4.535464 -0.004795 0.031505 -0.046125 0.998427
1241.999644 178.782595 -19.014990 4.542245 -0.006196 0.034115 -0.045887 0.998345
1242.099476 178.864367 -19.022094 4.544457 -0.007953 0.036856 -0.046049 0.998227
1242.199317 178.960812 -19.028495 4.545072 -0.009128 0.035154 -0.045880 0.998286
1242.299161 179.056486 -19.035833 4.547750 -0.008628 0.034516 -0.045783 0.998318
1242.399789 179.146776 -19.045689 4.544535 -0.008245 0.034848 -0.046332 0.998284
1242.499632 179.231330 -19.053638 4.542618 -0.008608 0.034803 -0.046760 0.998263
1242.599484 179.323588 -19.062562 4.541477 -0.007794 0.032807 -0.046940 0.998328
1242.699318 179.416407 -19.069208 4.542020 -0.007312 0.032983 -0.047192 0.998314
1242.799159 179.507269 -19.080987 4.542764 -0.007722 0.033172 -0.047590 0.998286
1242.899806 179.586576 -19.091438 4.546700 -0.008030 0.033062 -0.047834 0.998276
1242.999651 179.662296 -19.095597 4.545690 -0.007441 0.032707 -0.048135 0.998277
1243.099486 179.737882 -19.100353 4.539504 -0.006779 0.033898 -0.048392 0.998230
1243.199337 179.812801 -19.108162 4.537189 -0.006278 0.034445 -0.048648 0.998202
1243.299176 179.886639 -19.114114 4.540369 -0.004357 0.032894 -0.048908 0.998252
1243.399804 179.959527 -19.127048 4.547904 -0.004580 0.034144 -0.048742 0.998217
1243.499663 180.039362 -19.136993 4.551249 -0.006245 0.035547 -0.048555 0.998168
1243.599502 180.129388 -19.139779 4.547702 -0.007450 0.036298 -0.048437 0.998139
1243.699336 180.219000 -19.147000 4.544571 -0.007775 0.034487 -0.048049 0.998219
1243.799177 180.309683 -19.160148 4.547972 -0.006572 0.035105 -0.047813 0.998218
1243.899817 180.401785 -19.174496 4.547921 -0.005355 0.036525 -0.047327 0.998197
1243.999649 180.491831 -19.185348 4.546732 -0.004613 0.037937 -0.047108 0.998158
1244.099487 180.585561 -19.195768 4.544860 -0.005564 0.037947 -0.046840 0.998166
1244.199328 180.673593 -19.202447 4.541340 -0.007196 0.039736 -0.047074 0.998075
1244.299167 180.752452 -19.215158 4.540248 -0.007947 0.040664 -0.047303 0.998021
1244.399801 180.839579 -19.229524 4.544440 -0.008408 0.039615 -0.047795 0.998036
1244.499655 180.931971 -19.239042 4.545731 -0.007140 0.038680 -0.048280 0.998059
1244.599495 181.015884 -19.247420 4.545703 -0.006176 0.037897 -0.048202 0.998099
1244.699335 181.106785 -19.256380 4.542207 -0.007021 0.036947 -0.048023 0.998138
1244.799174 181.202251 -19.266661 4.534207 -0.009015 0.033787 -0.047920 0.998239
1244.899819 181.297611 -19.275510 4.532944 -0.009579 0.031759 -0.048352 0.998279
1244.999658 181.384202 -19.283833 4.543973 -0.007391 0.032800 -0.048682 0.998248
1245.099495 181.469307 -19.296734 4.544134 -0.006303 0.034651 -0.048933 0.998181
1245.199325 181.563352 -19.310872 4.543722 -0.006179 0.036186 -0.049032 0.998122
1245.299178 181.660093 -19.320653 4.538609 -0.006481 0.038776 -0.049475 0.998001
1245.399814 181.764358 -19.328056 4.535047 -0.006723 0.037776 -0.049666 0.998029
1245.499671 181.859579 -19.336971 4.536780 -0.007073 0.036567 -0.049925 0.998058
1245.599510 181.948593 -19.349556 4.534117 -0.005927 0.036793 -0.050170 0.998045
1245.699352 182.049188 -19.362314 4.533067 -0.005361 0.039642 -0.050186 0.997938
1245.799190 182.153408 -19.372033 4.535086 -0.005638 0.041495 -0.050028 0.997870
1245.899813 182.264482 -19.385235 4.533907 -0.005897 0.040884 -0.049694 0.997910
1245.999654 182.376294 -19.399248 4.532433 -0.006936 0.040596 -0.049294 0.997935
1246.099499 182.482227 -19.414197 4.531955 -0.007541 0.042825 -0.049045 0.997850
1246.199345 182.578842 -19.425137 4.534157 -0.007358 0.044085 -0.048958 0.997800
1246.299203 182.672447 -19.435239 4.530541 -0.007150 0.042414 -0.048725 0.997886
1246.399429 182.779535 -19.447599 4.530473 -0.007787 0.041635 -0.048818 0.997909
1246.499270 182.887844 -19.458148 4.531438 -0.008265 0.040770 -0.049084 0.997928
1246.599502 183.001682 -19.471293 4.530597 -0.007461 0.041316 -0.048661 0.997933
1246.699343 183.104959 -19.485311 4.528862 -0.006675 0.043736 -0.047861 0.997874
1246.799162 183.203292 -19.496557 4.523471 -0.008020 0.048900 -0.047411 0.997646
1246.899816 183.315521 -19.510587 4.517155 -0.009516 0.050062 -0.047220 0.997584
1246.999650 183.434507 -19.519354 4.517492 -0.008452 0.043607 -0.048276 0.997846
1247.099509 183.551000 -19.532907 4.523090 -0.005883 0.035862 -0.049103 0.998132
1247.199349 183.674960 -19.544783 4.535340 -0.004255 0.035322 -0.050103 0.998110
1247.299197 183.790424 -19.556022 4.539552 -0.003325 0.037083 -0.050926 0.998008
1247.399823 183.900508 -19.567626 4.532234 -0.003981 0.036699 -0.051211 0.998005
1247.499663 184.018259 -19.578230 4.522410 -0.004407 0.036903 -0.051180 0.997998
1247.599510 184.147208 -19.592584 4.518488 -0.004746 0.036403 -0.050912 0.998028
1247.699356 184.267862 -19.609566 4.517144 -0.005880 0.035544 -0.050559 0.998071
1247.799190 184.385430 -19.623947 4.514396 -0.006142 0.034864 -0.050418 0.998101
1247.899829 184.505020 -19.635755 4.516381 -0.006827 0.036324 -0.050414 0.998044
1247.999671 184.627707 -19.648203 4.523025 -0.006448 0.035954 -0.050420 0.998060
1248.099508 184.745067 -19.662384 4.524091 -0.006048 0.033772 -0.049967 0.998161
1248.199344 184.854834 -19.676200 4.518800 -0.006754 0.030449 -0.049751 0.998275
1248.299183 184.967094 -19.688297 4.516648 -0.008327 0.031284 -0.050037 0.998223
1248.399821 185.093450 -19.699912 4.511764 -0.009933 0.034113 -0.050439 0.998095
1248.499658 185.222166 -19.716126 4.512582 -0.009103 0.036519 -0.050641 0.998007
1248.599495 185.347664 -19.731135 4.514556 -0.007153 0.037065 -0.050700 0.998000
1248.699339 185.460392 -19.738896 4.519035 -0.005617 0.034972 -0.050761 0.998083
1248.799181 185.558740 -19.748715 4.513307 -0.004474 0.032032 -0.050752 0.998187
1248.899831 185.658398 -19.761015 4.511739 -0.005004 0.031350 -0.050827 0.998203
1248.999651 185.760411 -19.774771 4.514020 -0.005640 0.034509 -0.051145 0.998079
1249.099496 185.867837 -19.789937 4.513362 -0.006161 0.034282 -0.051339 0.998074
1249.199345 185.984095 -19.804220 4.510335 -0.007182 0.034208 -0.051414 0.998066
1249.299181 186.102150 -19.814088 4.507834 -0.006933 0.033170 -0.051322 0.998107
1249.399823 186.219848 -19.823943 4.504473 -0.006588 0.034342 -0.051380 0.998067
1249.499662 186.337147 -19.836757 4.503737 -0.006126 0.036155 -0.051701 0.997989
1249.599482 186.453664 -19.852612 4.501845 -0.005370 0.039705 -0.052334 0.997826
1249.699322 186.572124 -19.867190 4.499099 -0.003855 0.041447 -0.052768 0.997739
1249.799164 186.687875 -19.878817 4.494921 -0.005053 0.042813 -0.053119 0.997657
1249.899803 186.799625 -19.890133 4.496227 -0.006987 0.041049 -0.053058 0.997723
1249.999646 186.924286 -19.905460 4.501336 -0.008091 0.039427 -0.052729 0.997797
1250.099490 187.046174 -19.919604 4.506331 -0.008341 0.039725 -0.052927 0.997773
1250.199312 187.166261 -19.932920 4.504321 -0.006406 0.040035 -0.052917 0.997775
1250.299160 187.289796 -19.947558 4.496894 -0.006077 0.039740 -0.052835 0.997794
1250.399806 187.406507 -19.964041 4.491583 -0.005964 0.038922 -0.052856 0.997825
1250.499644 187.517459 -19.976752 4.492524 -0.007093 0.036741 -0.052919 0.997897
1250.599500 187.630630 -19.991631 4.496933 -0.007619 0.033080 -0.052741 0.998031
1250.699348 187.743580 -20.003666 4.503035 -0.007742 0.031498 -0.053096 0.998062
1250.799204 187.856826 -20.016438 4.507314 -0.007625 0.031626 -0.053466 0.998040
1250.899429 187.963592 -20.031729 4.498710 -0.006874 0.032064 -0.053562 0.998026
1250.999266 188.073733 -20.047159 4.488252 -0.007470 0.030661 -0.053445 0.998072
1251.099490 188.188659 -20.063486 4.488961 -0.009057 0.030027 -0.052930 0.998106
1251.199325 188.298635 -20.074886 4.490475 -0.009552 0.030456 -0.052655 0.998103
1251.299165 188.407168 -20.083691 4.500761 -0.006922 0.032938 -0.052279 0.998065
1251.399804 188.520892 -20.099547 4.504291 -0.005328 0.032768 -0.051724 0.998109
1251.499648 188.635199 -20.119792 4.502925 -0.006514 0.032200 -0.051553 0.998130
1251.599493 188.753913 -20.137330 4.502171 -0.009008 0.029431 -0.051152 0.998216
1251.699338 188.866291 -20.149023 4.502303 -0.011205 0.027925 -0.050975 0.998247
1251.799162 188.982999 -20.161348 4.499650 -0.011151 0.030158 -0.050995 0.998181
1251.899785 189.095733 -20.174468 4.503036 -0.006786 0.032481 -0.050839 0.998156
1251.999620 189.210098 -20.185983 4.507314 -0.004498 0.032255 -0.051034 0.998166
1252.099451 189.322657 -20.198442 4.505182 -0.001932 0.031918 -0.052011 0.998134
1252.199292 189.436020 -20.208886 4.499246 -0.000824 0.033064 -0.052808 0.998057
1252.299127 189.550658 -20.219932 4.496031 -0.002709 0.033990 -0.053272 0.997998
1252.399773 189.664122 -20.235150 4.491730 -0.005897 0.036979 -0.053211 0.997881
1252.499621 189.773099 -20.249656 4.489854 -0.007077 0.039940 -0.052926 0.997774
1252.599455 189.872845 -20.260935 4.494822 -0.007362 0.040770 -0.052743 0.997748
1252.699274 189.969216 -20.272158 4.498686 -0.006726 0.039317 -0.052518 0.997823
1252.799516 190.072134 -20.285289 4.498611 -0.006160 0.038757 -0.052394 0.997855
1252.899347 190.181099 -20.302122 4.495223 -0.006259 0.037363 -0.052452 0.997905
1252.999183 190.286464 -20.320438 4.492218 -0.006249 0.038261 -0.052715 0.997857
1253.099819 190.393097 -20.335374 4.490262 -0.007574 0.039291 -0.052747 0.997806
1253.199654 190.499880 -20.345067 4.492429 -0.007006 0.040880 -0.052998 0.997733
1253.299494 190.612417 -20.356582 4.494844 -0.007298 0.040425 -0.053145 0.997742
1253.399325 190.730388 -20.373649 4.498029 -0.006262 0.039622 -0.052948 0.997791
1253.499170 190.854213 -20.389894 4.491830 -0.005390 0.039662 -0.052917 0.997796
1253.599806 190.984188 -20.406543 4.487536 -0.006295 0.041296 -0.052900 0.997726
1253.699639 191.098521 -20.418803 4.485932 -0.007479 0.042681 -0.052763 0.997667
1253.799473 191.210382 -20.433573 4.488412 -0.008337 0.041958 -0.052950 0.997680
1253.899298 191.324376 -20.450538 4.489638 -0.008253 0.040434 -0.053089 0.997737
1253.999138 191.440775 -20.462386 4.487807 -0.007310 0.039163 -0.053181 0.997790
1254.099767 191.549058 -20.476495 4.487594 -0.005658 0.039126 -0.053222 0.997800
1254.199613 191.655834 -20.493551 4.486609 -0.005975 0.036926 -0.053436 0.997870
1254.299456 191.766319 -20.509357 4.488584 -0.007004 0.034840 -0.053492 0.997936
1254.399300 191.878747 -20.521179 4.487589 -0.007156 0.033164 -0.054006 0.997964
1254.499147 191.993429 -20.532283 4.483747 -0.007095 0.035923 -0.054293 0.997853
1254.599781 192.124166 -20.550887 4.485040 -0.006400 0.038453 -0.054202 0.997769
1254.699622 192.252024 -20.569867 4.487957 -0.005538 0.040075 -0.054338 0.997703
1254.799461 192.383634 -20.583032 4.489902 -0.005329 0.039643 -0.054684 0.997702
1254.899299 192.520044 -20.595426 4.491187 -0.006022 0.035959 -0.054315 0.997858
1254.999140 192.648119 -20.608981 4.490832 -0.006572 0.031006 -0.054184 0.998028
1255.099781 192.778882 -20.625389 4.489715 -0.006027 0.029750 -0.054778 0.998037
1255.199615 192.902754 -20.641211 4.486632 -0.004925 0.030327 -0.054652 0.998033
1255.299453 193.012370 -20.652013 4.485082 -0.005734 0.030723 -0.054495 0.998025
1255.399299 193.119860 -20.663035 4.484157 -0.006906 0.030339 -0.054672 0.998019
1255.499157 193.233476 -20.674772 4.481564 -0.006868 0.030959 -0.054643 0.998002
1255.599799 193.348846 -20.692883 4.489616 -0.006438 0.032970 -0.054335 0.997958
1255.699646 193.456773 -20.710442 4.491348 -0.005864 0.033768 -0.054234 0.997940
1255.799491 193.570854 -20.724352 4.492341 -0.005627 0.035509 -0.054063 0.997890
1255.899338 193.687079 -20.735462 4.490996 -0.005627 0.036626 -0.053944 0.997856
1255.999169 193.802291 -20.749556 4.484342 -0.004949 0.036956 -0.053877 0.997851
1256.099821 193.913394 -20.767926 4.476920 -0.004960 0.035723 -0.053737 0.997904
1256.199666 194.015785 -20.782021 4.479544 -0.005684 0.034693 -0.053770 0.997934
1256.299499 194.119772 -20.790369 4.484861 -0.006646 0.033128 -0.054071 0.997965
1256.399345 194.235358 -20.799668 4.489479 -0.006588 0.033589 -0.054096 0.997949
1256.499183 194.343344 -20.818319 4.486927 -0.005946 0.033999 -0.053837 0.997953
1256.599831 194.455810 -20.832809 4.487106 -0.006526 0.033658 -0.054349 0.997933
1256.699677 194.566626 -20.843537 4.490623 -0.006902 0.031928 -0.055296 0.997936
1256.799536 194.681751 -20.855360 4.493040 -0.005717 0.029237 -0.055774 0.997999
1256.899380 194.800406 -20.871693 4.489567 -0.003119 0.030750 -0.056230 0.997939
1256.999223 194.914336 -20.890666 4.486429 -0.002324 0.034655 -0.055933 0.997830
1257.099479 195.019319 -20.907162 4.482545 -0.005797 0.036826 -0.055131 0.997783
1257.199332 195.130667 -20.920596 4.482239 -0.012194 0.034798 -0.054212 0.997848
1257.299170 195.238121 -20.936190 4.482903 -0.014309 0.033541 -0.053360 0.997909
1257.399800 195.356828 -20.951180 4.484608 -0.008954 0.035162 -0.052607 0.997956
1257.499621 195.457024 -20.959842 4.481039 -0.006262 0.036350 -0.052360 0.997947
1257.599456 195.552651 -20.968116 4.481878 -0.004838 0.038139 -0.052418 0.997885
1257.699307 195.658918 -20.988317 4.487064 -0.004832 0.038228 -0.052322 0.997887
1257.799150 195.762948 -21.006947 4.488857 -0.007170 0.036759 -0.053170 0.997883
1257.899787 195.870862 -21.028599 4.490281 -0.008452 0.037992 -0.054059 0.997779
1257.999620 195.987620 -21.042276 4.481572 -0.008087 0.038708 -0.055189 0.997693
1258.099455 196.112893 -21.054759 4.483742 -0.005450 0.038552 -0.055160 0.997718
1258.199308 196.230344 -21.075265 4.485958 -0.006774 0.036390 -0.054970 0.997802
1258.299153 196.333403 -21.094250 4.485104 -0.010622 0.034716 -0.055053 0.997823
1258.399784 196.437248 -21.114992 4.481402 -0.012791 0.034030 -0.054533 0.997850
1258.499632 196.544148 -21.133780 4.481386 -0.012176 0.033673 -0.054503 0.997871
1258.599464 196.650379 -21.139017 4.478956 -0.009995 0.032740 -0.055210 0.997888
1258.699296 196.759876 -21.147280 4.479490 -0.007783 0.031966 -0.055771 0.997901
1258.799135 196.870440 -21.168280 4.485300 -0.006621 0.033559 -0.055780 0.997857
1258.899767 196.979697 -21.186396 4.484717 -0.006816 0.035676 -0.056359 0.997750
1258.999612 197.085352 -21.198743 4.478228 -0.007352 0.038470 -0.056377 0.997641
1259.099441 197.196385 -21.210383 4.470015 -0.008781 0.038225 -0.056473 0.997633
1259.199282 197.320450 -21.224037 4.471301 -0.007190 0.039211 -0.056860 0.997586
1259.299126 197.438626 -21.240588 4.474464 -0.007437 0.038145 -0.056726 0.997633
1259.399771 197.556234 -21.259284 4.474123 -0.009848 0.036601 -0.056108 0.997705
1259.499618 197.675360 -21.271171 4.470757 -0.011680 0.035936 -0.056079 0.997711
1259.599452 197.792124 -21.283259 4.470862 -0.009949 0.034987 -0.056178 0.997758
1259.699302 197.903753 -21.299191 4.475131 -0.005268 0.035033 -0.056242 0.997788
1259.799141 198.010464 -21.312714 4.480494 -0.001654 0.035937 -0.056453 0.997757
1259.899788 198.111721 -21.323231 4.478129 -0.000531 0.036547 -0.056144 0.997753
1259.999622 198.223752 -21.335261 4.469502 -0.002935 0.036301 -0.056116 0.997760
1260.099460 198.334526 -21.346897 4.464632 -0.007703 0.036772 -0.056407 0.997701
1260.199276 198.454924 -21.365022 4.465635 -0.010546 0.035163 -0.056449 0.997730
1260.299516 198.571244 -21.386825 4.468917 -0.009242 0.039421 -0.056349 0.997590
1260.399361 198.672339 -21.397036 4.478199 -0.008569 0.043170 -0.056371 0.997439
1260.499194 198.785138 -21.407556 4.481580 -0.007880 0.043357 -0.056490 0.997430
1260.599822 198.900443 -21.423288 4.478131 -0.006710 0.041062 -0.056837 0.997516
1260.699654 199.009004 -21.440375 4.470078 -0.005552 0.039933 -0.057159 0.997551
1260.799497 199.118678 -21.453868 4.462644 -0.005227 0.038701 -0.057370 0.997589
1260.899340 199.232283 -21.466470 4.467674 -0.005616 0.038979 -0.057249 0.997583
1260.999174 199.343761 -21.480115 4.468876 -0.005145 0.038908 -0.057207 0.997591
1261.099832 199.449083 -21.493204 4.470372 -0.004287 0.039894 -0.056829 0.997577
1261.199682 199.566978 -21.508266 4.467003 -0.004679 0.040079 -0.056745 0.997573
1261.299513 199.689541 -21.523770 4.470607 -0.007144 0.041430 -0.056653 0.997508
1261.399354 199.811545 -21.541953 4.470905 -0.007851 0.042114 -0.056824 0.997465
1261.499188 199.945039 -21.560352 4.470056 -0.007550 0.042477 -0.056958 0.997444
1261.599825 200.080197 -21.576602 4.474155 -0.007792 0.040148 -0.057271 0.997521
1261.699670 200.205808 -21.596373 4.473979 -0.006253 0.037615 -0.057341 0.997626
1261.799505 200.327791 -21.612395 4.467613 -0.007287 0.040005 -0.057922 0.997493
1261.899324 200.450772 -21.621991 4.464655 -0.009139 0.041668 -0.058193 0.997394
1261.999155 200.563113 -21.636892 4.467178 -0.009898 0.040916 -0.057769 0.997442
1262.099791 200.678524 -21.658168 4.468060 -0.009152 0.040400 -0.057608 0.997480
1262.199617 200.801381 -21.676559 4.462050 -0.008379 0.041693 -0.057257 0.997453
1262.299461 200.930823 -21.688341 4.462838 -0.007655 0.041773 -0.056946 0.997474
1262.399292 201.057389 -21.700501 4.466743 -0.010872 0.041380 -0.054057 0.997621
1262.499137 201.193060 -21.712984 4.466591 -0.013784 0.043892 -0.048938 0.997742
1262.599770 201.328941 -21.726325 4.460236 -0.015701 0.044213 -0.042420 0.997998
1262.699621 201.455212 -21.736373 4.456141 -0.013926 0.040028 -0.037559 0.998395
1262.799462 201.574294 -21.747712 4.460528 -0.018141 0.035627 -0.032459 0.998673
1262.899303 201.690810 -21.756538 4.462629 -0.010670 0.035472 -0.030302 0.998854
1262.999141 201.808787 -21.765468 4.464530 -0.008148 0.036884 -0.030326 0.998826
1263.099774 201.936164 -21.775193 4.464215 -0.006483 0.036961 -0.030587 0.998827
1263.199610 202.060440 -21.781755 4.465243 -0.006506 0.035797 -0.030613 0.998869
1263.299436 202.185244 -21.793243 4.461029 -0.008235 0.034593 -0.030661 0.998897
1263.399278 202.332145 -21.803318 4.457708 -0.011100 0.035609 -0.030719 0.998832
1263.499125 202.478229 -21.812338 4.454483 -0.012796 0.036946 -0.030909 0.998757
1263.599770 202.616781 -21.824223 4.458395 -0.009652 0.038523 -0.031138 0.998726
1263.699612 202.747735 -21.836823 4.462812 -0.006423 0.037784 -0.031698 0.998762
1263.799450 202.876747 -21.847037 4.464469 -0.004082 0.037848 -0.032156 0.998758
1263.899282 202.995434 -21.852634 4.468291 -0.004187 0.034954 -0.032539 0.998850
1263.999117 203.112924 -21.860900 4.464951 -0.006304 0.032647 -0.033753 0.998877
1264.099742 203.224293 -21.877298 4.457250 -0.002627 0.030802 -0.037273 0.998827
1264.199581 203.336626 -21.893112 4.453197 0.002253 0.030890 -0.043433 0.998576
1264.299428 203.452100 -21.901019 4.456988 0.003312 0.030064 -0.049150 0.998333
1264.399261 203.564075 -21.912892 4.451255 0.001546 0.031769 -0.053034 0.998086
1264.499499 203.682999 -21.930773 4.449610 -0.003002 0.032791 -0.057045 0.997828
1264.599329 203.813562 -21.952270 4.453008 -0.010139 0.032982 -0.058849 0.997670
1264.699168 203.946914 -21.967660 4.454264 -0.010299 0.038145 -0.059197 0.997464
1264.799809 204.069228 -21.982559 4.449709 -0.011411 0.042180 -0.059283 0.997284
1264.899657 204.192982 -21.997157 4.446302 -0.009309 0.042129 -0.058958 0.997328
1264.999488 204.317840 -22.018515 4.450009 -0.007744 0.038224 -0.058467 0.997527
1265.099325 204.443144 -22.037109 4.454738 -0.006380 0.035287 -0.057536 0.997699
1265.199163 204.552064 -22.051429 4.460083 -0.006518 0.034171 -0.056829 0.997778
1265.299810 204.655174 -22.063046 4.459174 -0.008191 0.035260 -0.056839 0.997727
1265.399654 204.763297 -22.076102 4.453945 -0.009820 0.037209 -0.056629 0.997653
1265.499500 204.879644 -22.090340 4.448892 -0.008798 0.037893 -0.056762 0.997630
1265.599342 204.994016 -22.105206 4.449242 -0.006900 0.036890 -0.057174 0.997659
1265.699199 205.106616 -22.123078 4.452270 -0.005743 0.035714 -0.057402 0.997696
1265.799459 205.222053 -22.144835 4.454675 -0.006377 0.037756 -0.057768 0.997595
1265.899298 205.334661 -22.157808 4.455143 -0.006629 0.040640 -0.058414 0.997443
1265.999135 205.454787 -22.174187 4.451722 -0.006635 0.041718 -0.058615 0.997387
1266.099790 205.579860 -22.184136 4.445902 -0.005872 0.039291 -0.058866 0.997475
1266.199630 205.698398 -22.201062 4.445743 -0.006395 0.037009 -0.058755 0.997566
1266.299473 205.817835 -22.218673 4.450870 -0.006088 0.036151 -0.058694 0.997603
1266.399316 205.945601 -22.235562 4.449601 -0.006173 0.037417 -0.058567 0.997563
1266.499155 206.069568 -22.254268 4.446905 -0.006684 0.038949 -0.058261 0.997519
1266.599798 206.193323 -22.270901 4.438226 -0.005790 0.039467 -0.057944 0.997523
1266.699639 206.312716 -22.283955 4.435404 -0.006370 0.042465 -0.058036 0.997391
1266.799484 206.427030 -22.294686 4.440944 -0.006303 0.042427 -0.058149 0.997386
1266.899305 206.543925 -22.317217 4.443842 -0.006280 0.043201 -0.058047 0.997359
1266.999129 206.667097 -22.337023 4.442313 -0.008519 0.045871 -0.058203 0.997214
1267.099766 206.788919 -22.353633 4.439508 -0.009339 0.046644 -0.058501 0.997153
1267.199611 206.913995 -22.368644 4.438128 -0.008817 0.042561 -0.058372 0.997348
1267.299456 207.037811 -22.384472 4.433219 -0.010467 0.039716 -0.058408 0.997448
1267.399282 207.157279 -22.401091 4.440988 -0.012998 0.038228 -0.058301 0.997482
1267.499123 207.278976 -22.414911 4.441491 -0.010616 0.036307 -0.058040 0.997597
1267.599769 207.408585 -22.428118 4.441935 -0.008505 0.038017 -0.058209 0.997544
1267.699604 207.545334 -22.441249 4.447665 -0.008104 0.041226 -0.058185 0.997421
1267.799450 207.670751 -22.458179 4.453952 -0.007962 0.040779 -0.057960 0.997454
1267.899293 207.793529 -22.475452 4.462452 -0.007267 0.038385 -0.058145 0.997543
1267.999134 207.911479 -22.491361 4.464860 -0.007586 0.036553 -0.058207 0.997606
1268.099763 208.039968 -22.504842 4.459000 -0.008959 0.037815 -0.058232 0.997546
1268.199597 208.166094 -22.517035 4.451055 -0.009533 0.038035 -0.057608 0.997569
1268.299438 208.284314 -22.526003 4.449796 -0.008670 0.037162 -0.057254 0.997630
1268.399281 208.410844 -22.533487 4.450460 -0.008411 0.035818 -0.057528 0.997666
1268.499118 208.536651 -22.543331 4.450890 -0.008276 0.033668 -0.058073 0.997710
1268.599755 208.673273 -22.555478 4.452058 -0.009544 0.032100 -0.059010 0.997696
1268.699608 208.808150 -22.570613 4.454558 -0.009476 0.034723 -0.059630 0.997571
1268.799450 208.930675 -22.588194 4.452141 -0.007500 0.038106 -0.059279 0.997486
1268.899278 209.045243 -22.596161 4.447857 -0.005305 0.040833 -0.059217 0.997396
1268.999127 209.161158 -22.601608 4.444070 -0.006653 0.043039 -0.059235 0.997294
1269.099751 209.289161 -22.609185 4.444953 -0.007165 0.041942 -0.059138 0.997343
1269.199592 209.415257 -22.618802 4.450618 -0.006638 0.042914 -0.059156 0.997304
1269.299424 209.546995 -22.632478 4.458588 -0.006718 0.043437 -0.058977 0.997291
1269.399269 209.669206 -22.645363 4.458298 -0.005569 0.043523 -0.058809 0.997304
1269.499512 209.794380 -22.656100 4.453597 -0.006291 0.040768 -0.058984 0.997406
1269.599357 209.923519 -22.667471 4.450609 -0.007050 0.038055 -0.058901 0.997513
1269.699200 210.051112 -22.678260 4.451157 -0.007491 0.035547 -0.058909 0.997602
1269.799446 210.170550 -22.687167 4.450137 -0.006636 0.035081 -0.059146 0.997611
1269.899290 210.291451 -22.694198 4.449180 -0.007481 0.036905 -0.059790 0.997501
1269.999117 210.408018 -22.703393 4.453011 -0.005342 0.039444 -0.059953 0.997407
1270.099758 210.528904 -22.715412 4.450874 -0.001756 0.037925 -0.059483 0.997507
1270.199594 210.651195 -22.730358 4.443699 -0.001114 0.035801 -0.059294 0.997598
1270.299435 210.781642 -22.743563 4.437892 -0.002267 0.038590 -0.059197 0.997498
1270.399278 210.911329 -22.753949 4.442199 -0.006287 0.042505 -0.058929 0.997337
1270.499131 211.036281 -22.766047 4.449684 -0.008140 0.041173 -0.058118 0.997427
1270.599775 211.155675 -22.777579 4.449485 -0.008803 0.040758 -0.057768 0.997459
1270.699611 211.273147 -22.786572 4.452553 -0.008199 0.042575 -0.057912 0.997380
1270.799448 211.391246 -22.800462 4.446087 -0.006809 0.042501 -0.058205 0.997376
1270.899299 211.513675 -22.818395 4.440580 -0.007077 0.040640 -0.058758 0.997420
1270.999145 211.640294 -22.830614 4.441739 -0.007215 0.040742 -0.059319 0.997381
1271.099780 211.771619 -22.840152 4.441430 -0.005789 0.039756 -0.059495 0.997420
1271.199615 211.898193 -22.850513 4.440021 -0.006656 0.039635 -0.059755 0.997404
1271.299472 212.029849 -22.862801 4.440490 -0.009562 0.037861 -0.060069 0.997430
1271.399319 212.153512 -22.876317 4.433840 -0.008665 0.040479 -0.059948 0.997343
1271.499144 212.276498 -22.889574 4.428406 -0.006660 0.042106 -0.060244 0.997273
1271.599787 212.402156 -22.903913 4.427057 -0.006050 0.040828 -0.060408 0.997320
1271.699636 212.534214 -22.917832 4.430857 -0.005858 0.037525 -0.060245 0.997461
1271.799477 212.663714 -22.928114 4.434717 -0.006633 0.036216 -0.060194 0.997507
1271.899316 212.790528 -22.940460 4.436464 -0.009255 0.034828 -0.059958 0.997550
1271.999154 212.915922 -22.954553 4.434878 -0.009819 0.035838 -0.060233 0.997492
1272.099804 213.038542 -22.972075 4.427027 -0.007475 0.037691 -0.060201 0.997446
1272.199650 213.162388 -22.987110 4.420342 -0.005665 0.036918 -0.060258 0.997484
1272.299514 213.287682 -22.996449 4.422770 -0.006450 0.036410 -0.060180 0.997502
1272.399363 213.409642 -23.006396 4.429804 -0.006263 0.035043 -0.059572 0.997589
1272.499196 213.526930 -23.015349 4.432132 -0.005715 0.037489 -0.059667 0.997498
1272.599847 213.652284 -23.030681 4.432762 -0.005074 0.038971 -0.059747 0.997440
1272.699694 213.779283 -23.044703 4.428954 -0.007444 0.041136 -0.059803 0.997334
1272.799528 213.906587 -23.063347 4.419753 -0.008759 0.039169 -0.059701 0.997409
1272.899370 214.037112 -23.078908 4.415420 -0.009121 0.038825 -0.060067 0.997397
1272.999220 214.160007 -23.089696 4.412099 -0.007945 0.036837 -0.060571 0.997452
1273.099473 214.288061 -23.102530 4.418980 -0.004809 0.037083 -0.060670 0.997457
1273.199315 214.405078 -23.112156 4.420573 -0.004711 0.038182 -0.060760 0.997411
1273.299162 214.518227 -23.124224 4.420759 -0.005522 0.039745 -0.060282 0.997375
1273.399798 214.631927 -23.140114 4.416190 -0.007288 0.040862 -0.059840 0.997345
1273.499631 214.754684 -23.154538 4.411179 -0.008100 0.040510 -0.059690 0.997362
1273.599470 214.893949 -23.170592 4.411891 -0.007557 0.042506 -0.059580 0.997290
1273.699309 215.034859 -23.183326 4.411652 -0.006401 0.043169 -0.059511 0.997273
1273.799150 215.166005 -23.194040 4.414372 -0.005770 0.041817 -0.059435 0.997339
1273.899791 215.296702 -23.207175 4.418631 -0.005985 0.039662 -0.059527 0.997420
1273.999639 215.420575 -23.225087 4.420472 -0.005590 0.039207 -0.059231 0.997458
1274.099489 215.543758 -23.241738 4.412325 -0.006413 0.038475 -0.059263 0.997480
1274.199326 215.682079 -23.259725 4.410052 -0.006815 0.039209 -0.059674 0.997424
1274.299158 215.814991 -23.274690 4.410457 -0.007903 0.039376 -0.060114 0.997383
1274.399804 215.950258 -23.286050 4.411344 -0.007190 0.034942 -0.060237 0.997546
1274.499643 216.080651 -23.297023 4.419414 -0.007051 0.030115 -0.060097 0.997713
1274.599477 216.203699 -23.313600 4.418075 -0.006769 0.030879 -0.059863 0.997706
1274.699314 216.332946 -23.331539 4.405202 -0.008003 0.036064 -0.059512 0.997544
1274.799163 216.473279 -23.350775 4.395865 -0.006300 0.039981 -0.059158 0.997428
1274.899795 216.612301 -23.363703 4.395088 -0.007489 0.041779 -0.059540 0.997323
1274.999636 216.750878 -23.373459 4.400126 -0.007489 0.040335 -0.059892 0.997362
1275.099473 216.871957 -23.382900 4.407290 -0.006492 0.037585 -0.059918 0.997474
1275.199307 216.972333 -23.398077 4.407674 -0.006757 0.036639 -0.060050 0.997500
1275.299147 217.080110 -23.414232 4.400473 -0.008212 0.037909 -0.060246 0.997430
1275.399775 217.208748 -23.429011 4.395738 -0.008884 0.037484 -0.060395 0.997431
1275.499625 217.350917 -23.444491 4.392883 -0.008165 0.036995 -0.060544 0.997446
1275.599469 217.477687 -23.457514 4.396302 -0.009126 0.038102 -0.060868 0.997377
1275.699322 217.592622 -23.465059 4.401927 -0.011388 0.039673 -0.061145 0.997275
1275.799165 217.696502 -23.475337 4.401965 -0.012822 0.041562 -0.060926 0.997194
1275.899800 217.807049 -23.488379 4.393109 -0.013978 0.041394 -0.060960 0.997184
1275.999632 217.929146 -23.505939 4.385520 -0.011937 0.041620 -0.060777 0.997212
1276.099473 218.057385 -23.521040 4.384213 -0.010922 0.041105 -0.060692 0.997250
1276.199326 218.192714 -23.529630 4.391215 -0.009645 0.042185 -0.060759 0.997214
1276.299170 218.334069 -23.540156 4.390998 -0.009239 0.041691 -0.060715 0.997241
1276.399797 218.466488 -23.554758 4.390509 -0.010201 0.042446 -0.060660 0.997203
1276.499649 218.591931 -23.567391 4.388203 -0.010509 0.041904 -0.060666 0.997223
1276.599498 218.725046 -23.579368 4.384429 -0.011725 0.040708 -0.060586 0.997264
1276.699334 218.860418 -23.590118 4.381484 -0.013891 0.039568 -0.060420 0.997292
1276.799172 218.986440 -23.599390 4.382488 -0.018664 0.039579 -0.060371 0.997216
1276.899808 219.103503 -23.608249 4.378026 -0.018968 0.042479 -0.060487 0.997084
1276.999639 219.225490 -23.616787 4.374740 -0.015242 0.045266 -0.060906 0.997000
1277.099481 219.362381 -23.621297 4.374792 -0.012259 0.047434 -0.061273 0.996918
1277.199322 219.508943 -23.628148 4.378142 -0.008508 0.046913 -0.061612 0.996961
1277.299156 219.651530 -23.637807 4.378493 -0.006242 0.046189 -0.061962 0.996990
1277.399790 219.788382 -23.643551 4.378753 -0.005170 0.045135 -0.062074 0.997037
1277.499642 219.925934 -23.648630 4.371480 -0.005776 0.044825 -0.062151 0.997043
1277.599477 220.056012 -23.653836 4.364141 -0.007218 0.043891 -0.061863 0.997093
1277.699314 220.187627 -23.660632 4.355190 -0.007698 0.043679 -0.061440 0.997125
1277.799156 220.328594 -23.665456 4.353843 -0.009283 0.043163 -0.061202 0.997148
1277.899780 220.467319 -23.679758 4.357374 -0.010652 0.042019 -0.060856 0.997205
1277.999625 220.608690 -23.699373 4.362816 -0.011313 0.041724 -0.060476 0.997233
1278.099470 220.763260 -23.711103 4.363627 -0.011522 0.041649 -0.060588 0.997227
1278.199297 220.902786 -23.714070 4.356678 -0.010171 0.041175 -0.060625 0.997259
1278.299126 221.041216 -23.724797 4.342994 -0.009397 0.039816 -0.060353 0.997338
1278.399784 221.189681 -23.740810 4.343028 -0.009861 0.038224 -0.060033 0.997416
1278.499612 221.317968 -23.749881 4.344348 -0.010715 0.038088 -0.060319 0.997395
1278.599452 221.442764 -23.758117 4.346620 -0.010929 0.039256 -0.060694 0.997324
1278.699286 221.571792 -23.772189 4.347199 -0.010804 0.039049 -0.060888 0.997322
1278.799119 221.696972 -23.783558 4.344746 -0.009234 0.040123 -0.061105 0.997282
1278.899771 221.821390 -23.790902 4.343188 -0.010649 0.040662 -0.060945 0.997256
1278.999610 221.957663 -23.803480 4.346932 -0.010007 0.039180 -0.060384 0.997356
1279.099456 222.097783 -23.820686 4.345932 -0.010550 0.036485 -0.059707 0.997493
1279.199295 222.231853 -23.833442 4.343390 -0.011466 0.034949 -0.059155 0.997571
1279.299125 222.366480 -23.843509 4.343514 -0.011796 0.036163 -0.059194 0.997522
1279.399752 222.506533 -23.855512 4.344992 -0.011881 0.038019 -0.059875 0.997411
1279.499599 222.649064 -23.869529 4.339119 -0.012993 0.036791 -0.060160 0.997426
1279.599446 222.796590 -23.884344 4.337747 -0.013460 0.036114 -0.060847 0.997403
1279.699289 222.934183 -23.900663 4.335160 -0.011097 0.035541 -0.061217 0.997430
1279.799125 223.059488 -23.914263 4.328626 -0.009342 0.036715 -0.061597 0.997382
1279.899773 223.193085 -23.919817 4.324565 -0.010076 0.038179 -0.062107 0.997288
1279.999614 223.323090 -23.923768 4.328260 -0.011717 0.042818 -0.061777 0.997102
1280.099465 223.451191 -23.935903 4.332068 -0.011801 0.044302 -0.061558 0.997050
1280.199306 223.585471 -23.953749 4.331806 -0.011421 0.043799 -0.061623 0.997073
1280.299137 223.711246 -23.971111 4.325448 -0.009028 0.046252 -0.061544 0.996991
1280.399769 223.843464 -23.984544 4.326644 -0.009353 0.048726 -0.061482 0.996874
1280.499606 223.978329 -23.995104 4.325991 -0.009003 0.049193 -0.061500 0.996853
1280.599446 224.117929 -24.005929 4.316554 -0.008840 0.047733 -0.061377 0.996933
1280.699265 224.261651 -24.018877 4.315651 -0.008288 0.045765 -0.061378 0.997030
1280.799492 224.398895 -24.032290 4.324776 -0.009075 0.042980 -0.061341 0.997150
1280.899324 224.532960 -24.048880 4.325366 -0.009053 0.041853 -0.061516 0.997187
1280.999169 224.674944 -24.063930 4.320867 -0.008154 0.042152 -0.061843 0.997162
1281.099812 224.816204 -24.080454 4.315181 -0.007392 0.043981 -0.061612 0.997103
1281.199651 224.957546 -24.097688 4.308889 -0.007551 0.046158 -0.061493 0.997011
1281.299487 225.106864 -24.114637 4.304449 -0.007726 0.046791 -0.061393 0.996986
1281.399329 225.260795 -24.130495 4.302295 -0.008765 0.049207 -0.061532 0.996853
1281.499170 225.414372 -24.145033 4.301596 -0.009474 0.051497 -0.061419 0.996738
1281.599813 225.561248 -24.164458 4.299033 -0.011267 0.052194 -0.061352 0.996687
1281.699650 225.698466 -24.186956 4.300693 -0.011013 0.051403 -0.061579 0.996717
1281.799503 225.838322 -24.204433 4.302487 -0.011047 0.047191 -0.061678 0.996919
1281.899343 225.992257 -24.217156 4.304473 -0.010227 0.044435 -0.061924 0.997039
1281.999186 226.147063 -24.234252 4.302146 -0.011309 0.042874 -0.061728 0.997108
1282.099831 226.305572 -24.255978 4.297532 -0.012276 0.042396 -0.061344 0.997140
1282.199674 226.454111 -24.273268 4.295657 -0.012435 0.044411 -0.061346 0.997051
1282.299499 226.603864 -24.291203 4.303406 -0.010691 0.043165 -0.061440 0.997120
1282.399331 226.752533 -24.309384 4.305676 -0.008404 0.040761 -0.061415 0.997244
1282.499179 226.896072 -24.328163 4.297886 -0.007083 0.040125 -0.061461 0.997277
1282.599814 227.045347 -24.343298 4.292483 -0.008499 0.044547 -0.061342 0.997086
1282.699660 227.192096 -24.360356 4.292760 -0.009403 0.044406 -0.061223 0.997091
1282.799507 227.340960 -24.383293 4.293434 -0.011449 0.039561 -0.061155 0.997278
1282.899343 227.500992 -24.401006 4.283778 -0.013802 0.034423 -0.061932 0.997391
1282.999180 227.657774 -24.420100 4.279200 -0.010514 0.037052 -0.062795 0.997283
1283.099814 227.806901 -24.441670 4.268612 -0.008350 0.039823 -0.063228 0.997169
1283.199648 227.962583 -24.460859 4.271346 -0.010719 0.043677 -0.063308 0.996980
1283.299494 228.116342 -24.478212 4.280975 -0.011792 0.046612 -0.063301 0.996836
1283.399344 228.275955 -24.499873 4.287753 -0.009957 0.044658 -0.062819 0.996976
1283.499196 228.440699 -24.519706 4.287517 -0.008533 0.044103 -0.063071 0.996998
1283.599823 228.598501 -24.538229 4.285575 -0.009605 0.043313 -0.063264 0.997010
1283.699669 228.751533 -24.559090 4.281196 -0.010053 0.042703 -0.062974 0.997050
1283.799515 228.891802 -24.573753 4.277604 -0.010431 0.041564 -0.063109 0.997086
1283.899354 229.031389 -24.588582 4.275539 -0.010271 0.039047 -0.063216 0.997183
1283.999192 229.171280 -24.608336 4.280512 -0.010097 0.035499 -0.062986 0.997332
1284.099841 229.309971 -24.631249 4.283313 -0.008543 0.033044 -0.062502 0.997461
1284.199686 229.448253 -24.649894 4.284165 -0.007526 0.032444 -0.062522 0.997488
1284.299534 229.595247 -24.668152 4.282545 -0.008039 0.031874 -0.062664 0.997493
1284.399371 229.746047 -24.689025 4.276195 -0.008864 0.033242 -0.062782 0.997434
1284.499211 229.896518 -24.712977 4.276367 -0.012575 0.034971 -0.062914 0.997327
1284.599451 230.043132 -24.733467 4.278235 -0.014935 0.035134 -0.063132 0.997275
1284.699281 230.191510 -24.751649 4.280499 -0.014336 0.035306 -0.063014 0.997285
1284.799132 230.334282 -24.769780 4.274286 -0.012827 0.037059 -0.062967 0.997245
1284.899769 230.480273 -24.787187 4.269324 -0.011600 0.037542 -0.063173 0.997229
1284.999612 230.621037 -24.806249 4.264982 -0.010324 0.036248 -0.063133 0.997293
1285.099457 230.760612 -24.826527 4.263798 -0.009277 0.031683 -0.063158 0.997457
1285.199304 230.887510 -24.843802 4.271404 -0.008598 0.030207 -0.063340 0.997498
1285.299159 231.010941 -24.856271 4.276732 -0.009424 0.032035 -0.062989 0.997455
1285.399796 231.128369 -24.873010 4.276010 -0.011536 0.034505 -0.062695 0.997369
1285.499622 231.251796 -24.892638 4.268060 -0.011533 0.033669 -0.062368 0.997418
1285.599464 231.378427 -24.912574 4.261775 -0.010968 0.032757 -0.062238 0.997463
1285.699301 231.507296 -24.927579 4.255837 -0.009856 0.031979 -0.062610 0.997477
1285.799152 231.639907 -24.937460 4.262461 -0.009422 0.032654 -0.063376 0.997411
1285.899778 231.771482 -24.953119 4.260753 -0.008492 0.031887 -0.063792 0.997418
1285.999636 231.901196 -24.971314 4.263831 -0.009056 0.033947 -0.063595 0.997357
1286.099474 232.028703 -24.991134 4.266100 -0.009722 0.033396 -0.063416 0.997381
1286.199314 232.150627 -25.008643 4.260984 -0.009417 0.031640 -0.063386 0.997443
1286.299151 232.260493 -25.026842 4.260161 -0.008159 0.031781 -0.063039 0.997472
1286.399786 232.375504 -25.045828 4.264370 -0.011199 0.031389 -0.062960 0.997459
1286.499620 232.493578 -25.059665 4.258556 -0.013556 0.030025 -0.063383 0.997445
1286.599474 232.609892 -25.072016 4.251475 -0.012377 0.031528 -0.063455 0.997410
1286.699309 232.724188 -25.084805 4.253368 -0.011346 0.032544 -0.063688 0.997375
1286.799156 232.836953 -25.101555 4.256259 -0.009243 0.030471 -0.063678 0.997462
1286.899799 232.944522 -25.120955 4.258562 -0.007650 0.030193 -0.063544 0.997493
1286.999623 233.051960 -25.139927 4.263401 -0.008138 0.030363 -0.063297 0.997500
1287.099464 233.163562 -25.154357 4.267315 -0.008997 0.033080 -0.063623 0.997385
1287.199309 233.277298 -25.167883 4.259329 -0.010769 0.036998 -0.063854 0.997215
1287.299155 233.392468 -25.182854 4.251708 -0.012494 0.039835 -0.064328 0.997055
1287.399791 233.502214 -25.196196 4.246901 -0.012597 0.035740 -0.064863 0.997174
1287.499624 233.604683 -25.210141 4.250499 -0.010702 0.031978 -0.065130 0.997307
1287.599470 233.705774 -25.228043 4.256436 -0.009615 0.030756 -0.065156 0.997355
1287.699297 233.798833 -25.243344 4.258814 -0.010539 0.032816 -0.064934 0.997294
1287.799145 233.887428 -25.258397 4.252953 -0.011257 0.035757 -0.064321 0.997225
1287.899784 233.986656 -25.274377 4.250004 -0.010911 0.037491 -0.063723 0.997203
1287.999628 234.083017 -25.287853 4.251113 -0.011614 0.037301 -0.063895 0.997192
1288.099485 234.186111 -25.303996 4.251643 -0.011680 0.037059 -0.064187 0.997181
1288.199316 234.296435 -25.318489 4.252923 -0.012889 0.038216 -0.064734 0.997087
1288.299165 234.405512 -25.331248 4.254393 -0.012165 0.039282 -0.065268 0.997020
1288.399802 234.497469 -25.346156 4.253111 -0.009855 0.040066 -0.065677 0.996988
1288.499653 234.591995 -25.361719 4.252833 -0.008152 0.036548 -0.065424 0.997155
1288.599493 234.700418 -25.376620 4.245874 -0.009241 0.036397 -0.065065 0.997174
1288.699344 234.817876 -25.391228 4.252298 -0.011483 0.042092 -0.064654 0.996953
1288.799176 234.929329 -25.409267 4.253578 -0.008986 0.044629 -0.064458 0.996881
1288.899815 235.037586 -25.426100 4.247636 -0.009564 0.045879 -0.064980 0.996785
1288.999662 235.144132 -25.444100 4.246367 -0.010461 0.047647 -0.065569 0.996655
1289.099496 235.246809 -25.458285 4.248308 -0.011873 0.046653 -0.065831 0.996669
1289.199326 235.343874 -25.470552 4.252386 -0.012498 0.043607 -0.065868 0.996797
1289.299174 235.440319 -25.480844 4.251517 -0.010758 0.040903 -0.065678 0.996944
1289.399816 235.548418 -25.498864 4.250448 -0.010685 0.040666 -0.065224 0.996984
1289.499654 235.657157 -25.516439 4.252372 -0.010808 0.041727 -0.065364 0.996930
1289.599497 235.766092 -25.534292 4.250143 -0.010224 0.040725 -0.065207 0.996988
1289.699344 235.876418 -25.549796 4.244689 -0.011024 0.037987 -0.064877 0.997109
1289.799201 235.991053 -25.558310 4.243987 -0.012118 0.037644 -0.065338 0.997079
1289.899434 236.110645 -25.572012 4.244383 -0.010978 0.041082 -0.065589 0.996940
1289.999260 236.221467 -25.588447 4.242232 -0.008909 0.045690 -0.065851 0.996743
1290.099480 236.331377 -25.607423 4.238479 -0.007896 0.050186 -0.066747 0.996476
1290.199313 236.434008 -25.625985 4.234068 -0.007939 0.050192 -0.066991 0.996459
1290.299163 236.538215 -25.641651 4.232825 -0.007651 0.049612 -0.066618 0.996515
1290.399798 236.651999 -25.652562 4.233563 -0.007933 0.050997 -0.066479 0.996452
1290.499632 236.776273 -25.662500 4.232221 -0.008714 0.054566 -0.066609 0.996248
1290.599460 236.897097 -25.677027 4.228110 -0.007815 0.055109 -0.066200 0.996253
1290.699302 237.017448 -25.698566 4.233436 -0.007952 0.052975 -0.065913 0.996386
1290.799138 237.149394 -25.721067 4.239222 -0.007557 0.051118 -0.066032 0.996479
1290.899781 237.287257 -25.739436 4.242913 -0.007406 0.049063 -0.065456 0.996621
1290.999626 237.421379 -25.754029 4.235365 -0.008073 0.047686 -0.065120 0.996705
1291.099471 237.559443 -25.770367 4.232802 -0.010389 0.046076 -0.064921 0.996772
1291.199320 237.690716 -25.787754 4.238538 -0.008513 0.043887 -0.065413 0.996856
1291.299167 237.830719 -25.808771 4.239541 -0.007720 0.042508 -0.066186 0.996872
1291.399797 237.972773 -25.830525 4.234649 -0.006593 0.041016 -0.066731 0.996906
1291.499640 238.110022 -25.849486 4.228108 -0.008498 0.038988 -0.067363 0.996930
1291.599484 238.245413 -25.867052 4.225622 -0.010464 0.038505 -0.068308 0.996866
1291.699311 238.386275 -25.883169 4.229456 -0.009439 0.036394 -0.069177 0.996896
1291.799149 238.516772 -25.902335 4.228916 -0.006678 0.033208 -0.069884 0.996980
1291.899785 238.642361 -25.926750 4.226567 -0.005013 0.029988 -0.069807 0.997097
1291.999635 238.773737 -25.951377 4.221440 -0.006350 0.028031 -0.070027 0.997131
1292.099478 238.902893 -25.971572 4.215984 -0.010554 0.028307 -0.069807 0.997103
1292.199312 239.030567 -25.984408 4.220285 -0.018522 0.030945 -0.068560 0.996995
1292.299165 239.157744 -26.002973 4.229601 -0.019398 0.031028 -0.065794 0.997162
1292.399812 239.282522 -26.024600 4.231003 -0.017012 0.028260 -0.063908 0.997410
1292.499651 239.402367 -26.045461 4.225893 -0.013786 0.026510 -0.063751 0.997518
1292.599493 239.527651 -26.061893 4.215933 -0.010931 0.027500 -0.064096 0.997505
1292.699330 239.654337 -26.074095 4.214164 -0.009014 0.029087 -0.063103 0.997542
1292.799165 239.771409 -26.087223 4.194565 -0.007455 0.028721 -0.061661 0.997656
1292.899804 239.872286 -26.099904 4.190832 -0.006503 0.014064 -0.061127 0.998010
1292.999652 239.959267 -26.109648 4.198922 -0.012478 -0.031076 -0.061346 0.997555
1293.099493 240.039869 -26.123916 4.212630 -0.014870 -0.057524 -0.061357 0.996346
1293.199341 240.121746 -26.135441 4.206295 -0.014954 -0.040453 -0.061329 0.997185
1293.299182 240.191182 -26.145680 4.181688 -0.013658 -0.013004 -0.061349 0.997938
1293.399818 240.252747 -26.154570 4.165258 -0.011178 0.014114 -0.061524 0.997943
1293.499656 240.305692 -26.159890 4.167832 -0.010999 0.021790 -0.061918 0.997783
1293.599494 240.356116 -26.168665 4.199174 -0.010314 0.015406 -0.062177 0.997893
1293.699316 240.407406 -26.179990 4.225801 -0.009745 0.015689 -0.062576 0.997869
1293.799146 240.447096 -26.186581 4.220619 -0.010037 0.022452 -0.062474 0.997744
1293.899792 240.486176 -26.188314 4.204490 -0.010678 0.027619 -0.062344 0.997615
1293.999633 240.520755 -26.189526 4.191975 -0.011224 0.032698 -0.062402 0.997452
1294.099468 240.556260 -26.197219 4.191771 -0.010225 0.037328 -0.062389 0.997301
1294.199302 240.584954 -26.209066 4.193618 -0.008808 0.043444 -0.062458 0.997063
1294.299134 240.617202 -26.218389 4.193785 -0.008144 0.049053 -0.062172 0.996826
1294.399771 240.658296 -26.224962 4.194926 -0.008132 0.052841 -0.062016 0.996642
1294.499607 240.706651 -26.230940 4.198418 -0.008321 0.056030 -0.062221 0.996454
1294.599432 240.756567 -26.236424 4.200585 -0.008552 0.060270 -0.062745 0.996171
1294.699268 240.806717 -26.246273 4.198223 -0.007901 0.062428 -0.063017 0.996027
1294.799507 240.864259 -26.257236 4.195862 -0.007702 0.064382 -0.063483 0.995874
1294.899361 240.928793 -26.265240 4.191825 -0.007339 0.063825 -0.063620 0.995904
1294.999202 241.003845 -26.275848 4.189222 -0.010431 0.062999 -0.063429 0.995941
1295.099442 241.084145 -26.285839 4.192026 -0.012605 0.062493 -0.063463 0.995946
1295.199282 241.167215 -26.295394 4.197352 -0.013715 0.063086 -0.063562 0.995888
1295.299124 241.255664 -26.306448 4.195228 -0.016151 0.062917 -0.063876 0.995842
1295.399763 241.349002 -26.319985 4.192180 -0.016691 0.061759 -0.063973 0.995899
1295.499591 241.448930 -26.335392 4.189433 -0.011624 0.059607 -0.063885 0.996108
1295.599426 241.553478 -26.345078 4.193131 -0.008649 0.056926 -0.064062 0.996283
1295.699258 241.659294 -26.353117 4.195633 -0.009796 0.054230 -0.063949 0.996430
1295.799496 241.765995 -26.366769 4.190800 -0.010513 0.051483 -0.063224 0.996615
1295.899342 241.878663 -26.379584 4.184242 -0.011619 0.050154 -0.062962 0.996687
1295.999180 241.999026 -26.388372 4.184801 -0.014559 0.049773 -0.062695 0.996684
1296.099826 242.116158 -26.398206 4.188233 -0.017350 0.048854 -0.062761 0.996681
1296.199672 242.229978 -26.405243 4.190309 -0.017571 0.047403 -0.063206 0.996719
1296.299511 242.348933 -26.411162 4.188423 -0.017374 0.046498 -0.063631 0.996738
1296.399361 242.468776 -26.421835 4.187024 -0.016449 0.047885 -0.063728 0.996682
1296.499187 242.589082 -26.429057 4.186575 -0.018197 0.049629 -0.063849 0.996559
1296.599831 242.720091 -26.430837 4.190553 -0.017658 0.049474 -0.064038 0.996564
1296.699676 242.854497 -26.433423 4.192730 -0.019061 0.049928 -0.063803 0.996531
1296.799504 242.986865 -26.439861 4.192431 -0.015253 0.049162 -0.063699 0.996641
1296.899329 243.117425 -26.442824 4.194654 -0.010890 0.046484 -0.063901 0.996814
1296.999165 243.244744 -26.443533 4.193168 -0.009191 0.043737 -0.064094 0.996943
1297.099809 243.368690 -26.441870 4.192723 -0.008731 0.040033 -0.064334 0.997087
1297.199639 243.484703 -26.442983 4.192738 -0.009122 0.035118 -0.064242 0.997275
1297.299475 243.604739 -26.444954 4.196573 -0.009448 0.032560 -0.063929 0.997378
1297.399328 243.731243 -26.453518 4.199887 -0.009884 0.033914 -0.063597 0.997350
1297.499159 243.862817 -26.459986 4.196117 -0.010166 0.034512 -0.063669 0.997322
1297.599787 243.999700 -26.461642 4.188556 -0.010238 0.034232 -0.064003 0.997310
1297.699608 244.129517 -26.464646 4.183722 -0.009884 0.033282 -0.063836 0.997356
1297.799454 244.254275 -26.466778 4.187050 -0.009850 0.032569 -0.063877 0.997378
1297.899299 244.379003 -26.468777 4.189864 -0.010106 0.029194 -0.063790 0.997485
1297.999137 244.492619 -26.469618 4.192135 -0.010464 0.027875 -0.064091 0.997500
1298.099775 244.598673 -26.477565 4.191469 -0.010461 0.028512 -0.063832 0.997498
1298.199603 244.712736 -26.484909 4.192173 -0.009703 0.031588 -0.063501 0.997435
1298.299436 244.835904 -26.486668 4.187497 -0.009325 0.033657 -0.063422 0.997376
1298.399286 244.952364 -26.487545 4.186645 -0.008784 0.035277 -0.063403 0.997326
1298.499120 245.067039 -26.490756 4.190242 -0.009545 0.037029 -0.063523 0.997248
1298.599763 245.187683 -26.495015 4.194792 -0.010494 0.039943 -0.064042 0.997092
1298.699611 245.301299 -26.503254 4.193052 -0.009828 0.040434 -0.064202 0.997069
1298.799447 245.409679 -26.511991 4.188043 -0.009803 0.039709 -0.064319 0.997091
1298.899290 245.523009 -26.518617 4.185306 -0.009801 0.038080 -0.064431 0.997147
1298.999124 245.635628 -26.526933 4.189444 -0.010025 0.038880 -0.064547 0.997107
1299.099774 245.743700 -26.536866 4.189667 -0.010053 0.039178 -0.064497 0.997098
1299.199612 245.848132 -26.542836 4.184521 -0.008996 0.038882 -0.063967 0.997154
1299.299451 245.959663 -26.548873 4.183829 -0.009977 0.038066 -0.063338 0.997216
1299.399287 246.066308 -26.553908 4.185332 -0.011598 0.036841 -0.062715 0.997284
1299.499118 246.172688 -26.558534 4.187982 -0.012474 0.034919 -0.062417 0.997361
1299.599758 246.289705 -26.570567 4.191580 -0.013664 0.033486 -0.062804 0.997370
1299.699581 246.414061 -26.585275 4.186606 -0.012028 0.038353 -0.063284 0.997186
1299.799417 246.533683 -26.602087 4.178532 -0.008899 0.043881 -0.063313 0.996989
1299.899257 246.640643 -26.609880 4.173382 -0.007112 0.046516 -0.063138 0.996895
1299.999497 246.750567 -26.613330 4.173683 -0.007008 0.045168 -0.062468 0.997000
1300.099340 246.864807 -26.616045 4.179851 -0.010454 0.043844 -0.061859 0.997067
1300.199174 246.977620 -26.620953 4.179897 -0.012087 0.044501 -0.061867 0.997019
1300.299825 247.090118 -26.635401 4.170687 -0.010741 0.045309 -0.061776 0.997003
1300.399670 247.203430 -26.649725 4.172033 -0.009174 0.042821 -0.061836 0.997125
1300.499521 247.318019 -26.660202 4.171395 -0.008072 0.040834 -0.061858 0.997217
1300.599356 247.427236 -26.665974 4.170433 -0.009246 0.037600 -0.062402 0.997300
1300.699196 247.544499 -26.674903 4.174949 -0.010087 0.036253 -0.062840 0.997314
1300.799827 247.671100 -26.682763 4.174665 -0.009140 0.035383 -0.063513 0.997312
1300.899664 247.785992 -26.693539 4.174986 -0.008143 0.034659 -0.063950 0.997318
1300.999509 247.904846 -26.705238 4.176998 -0.007166 0.033691 -0.064055 0.997352
1301.099350 248.028997 -26.718152 4.180203 -0.007346 0.031776 -0.064173 0.997406
1301.199184 248.148546 -26.729901 4.173680 -0.008162 0.028409 -0.064259 0.997495
1301.299812 248.261843 -26.743166 4.171918 -0.007824 0.025304 -0.063827 0.997609
1301.399654 248.373375 -26.751935 4.171548 -0.008217 0.024061 -0.063525 0.997656
1301.499486 248.496456 -26.763747 4.169779 -0.009058 0.023232 -0.063337 0.997681
1301.599321 248.612202 -26.776651 4.167374 -0.010010 0.022655 -0.063060 0.997702
1301.699165 248.711202 -26.786085 4.177431 -0.011143 0.019649 -0.063559 0.997722
1301.799808 248.799317 -26.792970 4.187577 -0.009695 0.010564 -0.063834 0.997858
1301.899645 248.877294 -26.806129 4.164637 -0.009408 -0.013611 -0.063537 0.997842
1301.999478 248.964292 -26.818422 4.153751 -0.010243 -0.002384 -0.064039 0.997892
1302.099305 249.056236 -26.827487 4.152572 -0.012846 0.021139 -0.063836 0.997654
1302.199137 249.141013 -26.829832 4.151796 -0.012862 0.029586 -0.063457 0.997463
1302.299780 249.216949 -26.838763 4.158504 -0.011030 0.031383 -0.063548 0.997424
1302.399628 249.285333 -26.847129 4.163699 -0.009627 0.030340 -0.063704 0.997461
1302.499456 249.350342 -26.860304 4.154944 -0.008886 0.033224 -0.064569 0.997320
1302.599295 249.415554 -26.869114 4.149910 -0.007248 0.038537 -0.065284 0.997096
1302.699131 249.485916 -26.870504 4.146948 -0.006840 0.042669 -0.065796 0.996897
1302.799756 249.561285 -26.875285 4.145847 -0.007719 0.046338 -0.065944 0.996717
1302.899599 249.640315 -26.885154 4.142861 -0.008061 0.049501 -0.066183 0.996546
1302.999438 249.722399 -26.901044 4.144507 -0.009219 0.052304 -0.066334 0.996383
1303.099274 249.805357 -26.914180 4.143266 -0.008932 0.055378 -0.066252 0.996225
1303.199498 249.898452 -26.928712 4.142017 -0.008449 0.057703 -0.065735 0.996131
1303.299339 249.993257 -26.942804 4.140223 -0.007698 0.056964 -0.065532 0.996193
1303.399177 250.079751 -26.952895 4.138673 -0.010003 0.052068 -0.065615 0.996435
1303.499811 250.168918 -26.962229 4.144802 -0.010205 0.048275 -0.065501 0.996632
1303.599651 250.276202 -26.976352 4.149918 -0.010252 0.047042 -0.065299 0.996704
1303.699483 250.384218 -26.992301 4.144993 -0.009008 0.049026 -0.065405 0.996613
1303.799324 250.486582 -27.007108 4.132957 -0.008514 0.051667 -0.065383 0.996485
1303.899150 250.600577 -27.021835 4.131907 -0.008244 0.056624 -0.065236 0.996228
1303.999787 250.713202 -27.038842 4.137410 -0.007614 0.058553 -0.064955 0.996140
1304.099641 250.816097 -27.053435 4.137873 -0.008856 0.057187 -0.064808 0.996218
1304.199479 250.930082 -27.061981 4.132989 -0.009722 0.057687 -0.065025 0.996167
1304.299334 251.052851 -27.075635 4.131090 -0.009544 0.059163 -0.065086 0.996079
1304.399187 251.175310 -27.093419 4.131234 -0.008841 0.058992 -0.065859 0.996044
1304.499837 251.306875 -27.111648 4.130414 -0.007532 0.057676 -0.066145 0.996113
1304.599666 251.441930 -27.131340 4.126648 -0.007306 0.055938 -0.065572 0.996252
1304.699509 251.575795 -27.148960 4.127486 -0.007624 0.054403 -0.065460 0.996342
1304.799348 251.712990 -27.165700 4.127540 -0.008465 0.053255 -0.064844 0.996437
1304.899185 251.854373 -27.180154 4.128290 -0.009386 0.052883 -0.064742 0.996456
1304.999829 252.000889 -27.197127 4.128135 -0.009084 0.053280 -0.065521 0.996386
1305.099672 252.151664 -27.221105 4.133523 -0.007876 0.053942 -0.065953 0.996332
1305.199518 252.296491 -27.243700 4.135391 -0.007250 0.051583 -0.066294 0.996439
1305.299347 252.439960 -27.263603 4.130574 -0.007309 0.046932 -0.066486 0.996656
1305.399182 252.581589 -27.281317 4.124903 -0.006961 0.046045 -0.066292 0.996713
1305.499822 252.729699 -27.302032 4.121101 -0.007362 0.046641 -0.065699 0.996722
1305.599650 252.880221 -27.323948 4.119642 -0.009054 0.047157 -0.065615 0.996689
1305.699503 253.023676 -27.345681 4.125798 -0.009463 0.046167 -0.065290 0.996753
1305.799345 253.179710 -27.369167 4.122797 -0.009373 0.045066 -0.065131 0.996815
1305.899191 253.339930 -27.392359 4.120326 -0.009567 0.042815 -0.065199 0.996907
1305.999825 253.499029 -27.414246 4.119681 -0.009804 0.040732 -0.065517 0.996972
1306.099665 253.655172 -27.435261 4.123690 -0.009974 0.039141 -0.065664 0.997024
1306.199504 253.804304 -27.461804 4.125750 -0.010073 0.039183 -0.065764 0.997015
1306.299344 253.955634 -27.487323 4.120087 -0.010127 0.039471 -0.065649 0.997010
1306.399190 254.098504 -27.507338 4.115303 -0.011447 0.036712 -0.065805 0.997091
1306.499837 254.237398 -27.525191 4.113250 -0.011750 0.033843 -0.066055 0.997173
1306.599667 254.383622 -27.546883 4.110266 -0.010512 0.034993 -0.066070 0.997146
1306.699503 254.540241 -27.569181 4.105638 -0.008736 0.037351 -0.066260 0.997065
1306.799342 254.696512 -27.593769 4.104298 -0.008726 0.038951 -0.066149 0.997011
1306.899176 254.849102 -27.618235 4.103464 -0.009594 0.038251 -0.065709 0.997059
1306.999816 254.991182 -27.637600 4.105617 -0.011360 0.037726 -0.065714 0.997060
1307.099636 255.129301 -27.658187 4.107239 -0.011706 0.038480 -0.065538 0.997039
1307.199478 255.266393 -27.676783 4.103813 -0.011771 0.037995 -0.065776 0.997041
1307.299319 255.403242 -27.694921 4.103998 -0.010394 0.036642 -0.066125 0.997084
1307.399154 255.551841 -27.714054 4.113430 -0.008639 0.036075 -0.066521 0.997095
1307.499788 255.690504 -27.729820 4.115563 -0.007126 0.036025 -0.066937 0.997081
1307.599636 255.817954 -27.747242 4.102659 -0.007017 0.034687 -0.066864 0.997134
1307.699468 255.947455 -27.768168 4.095572 -0.007032 0.033497 -0.066915 0.997171
1307.799313 256.075453 -27.783181 4.096149 -0.009828 0.031927 -0.067607 0.997153
1307.899146 256.205821 -27.803399 4.098586 -0.012588 0.031231 -0.067293 0.997165
1307.999777 256.336896 -27.819148 4.098727 -0.015304 0.029804 -0.067650 0.997146
1308.099623 256.467703 -27.835415 4.100905 -0.017999 0.028843 -0.068141 0.997096
1308.199470 256.600147 -27.850235 4.092716 -0.017402 0.026709 -0.068125 0.997167
1308.299318 256.726850 -27.862954 4.088583 -0.015875 0.025870 -0.068060 0.997219
1308.399152 256.850655 -27.871688 4.089207 -0.015613 0.026006 -0.067934 0.997229
1308.499792 256.969053 -27.881298 4.095953 -0.017003 0.025731 -0.067572 0.997238
1308.599640 257.080242 -27.883716 4.093477 -0.017289 0.024620 -0.067173 0.997288
1308.699483 257.185054 -27.887362 4.088646 -0.018078 0.024082 -0.067087 0.997293
1308.799325 257.294434 -27.894648 4.083142 -0.017554 0.023249 -0.066630 0.997352
1308.899161 257.402483 -27.898609 4.074558 -0.014399 0.023555 -0.066279 0.997419
1308.999797 257.507054 -27.904138 4.088325 -0.009239 0.014333 -0.066323 0.997653
1309.099641 257.605341 -27.900764 4.089719 -0.008087 0.003372 -0.066665 0.997737
1309.199488 257.701005 -27.900524 4.088626 -0.008636 -0.009247 -0.066854 0.997683
1309.299323 257.799831 -27.901134 4.105588 -0.007550 -0.008846 -0.067250 0.997668
1309.399178 257.881113 -27.897238 4.089257 -0.007331 -0.021763 -0.067276 0.997470
1309.499815 257.941163 -27.902040 4.076111 -0.006868 -0.026282 -0.066927 0.997388
1309.599649 257.994540 -27.908408 4.067288 -0.006606 -0.018111 -0.066682 0.997588
1309.699487 258.038161 -27.907569 4.065242 -0.007044 -0.007209 -0.066629 0.997727
1309.799315 258.067457 -27.907015 4.071391 -0.008372 0.003057 -0.066413 0.997752
1309.899170 258.098689 -27.908262 4.090199 -0.010528 0.008337 -0.066813 0.997675
1309.999815 258.136197 -27.905967 4.100432 -0.011932 0.011955 -0.067542 0.997573
1310.099655 258.165990 -27.905279 4.100671 -0.010487 0.017991 -0.068090 0.997462
1310.199483 258.178084 -27.906404 4.090713 -0.010171 0.022545 -0.068222 0.997364
1310.299317 258.184340 -27.911048 4.081269 -0.010351 0.024216 -0.068389 0.997311
1310.399144 258.195751 -27.916557 4.082191 -0.010551 0.024001 -0.068293 0.997321
1310.499787 258.203163 -27.915931 4.090668 -0.010309 0.023601 -0.068195 0.997340
1310.599644 258.214057 -27.915233 4.098012 -0.010335 0.022182 -0.068101 0.997378
1310.699490 258.229287 -27.915877 4.100302 -0.010858 0.021688 -0.068368 0.997365
1310.799324 258.242208 -27.916969 4.096244 -0.011174 0.020514 -0.068640 0.997368
1310.899148 258.255919 -27.916067 4.097908 -0.010886 0.021063 -0.068812 0.997348
1310.999779 258.267461 -27.916760 4.103215 -0.011357 0.020300 -0.068612 0.997372
1311.099614 258.272402 -27.920330 4.099741 -0.011460 0.019600 -0.068637 0.997383
1311.199454 258.274068 -27.921731 4.098227 -0.011820 0.023537 -0.068781 0.997284
1311.299279 258.273472 -27.921687 4.099236 -0.011926 0.028506 -0.068728 0.997157
1311.399116 258.270803 -27.918643 4.102862 -0.011006 0.030752 -0.068695 0.997103
1311.499755 258.264466 -27.913320 4.104459 -0.010888 0.028748 -0.068630 0.997168
1311.599586 258.263540 -27.912858 4.107229 -0.010811 0.027474 -0.068690 0.997201
1311.699417 258.261851 -27.914937 4.105147 -0.010495 0.026613 -0.068638 0.997231
1311.799257 258.264969 -27.921350 4.103418 -0.010228 0.027263 -0.068468 0.997228
1311.899499 258.270921 -27.922679 4.093159 -0.010542 0.028248 -0.068431 0.997200
1311.999329 258.276595 -27.924308 4.096312 -0.010468 0.029148 -0.068433 0.997175
1312.099173 258.278108 -27.917491 4.106981 -0.010247 0.029595 -0.068618 0.997151
1312.199818 258.275087 -27.908223 4.108079 -0.010136 0.029023 -0.068722 0.997162
1312.299641 258.264237 -27.904114 4.097249 -0.009834 0.027965 -0.068767 0.997192
1312.399485 258.256798 -27.908696 4.091235 -0.009957 0.027684 -0.068705 0.997203
1312.499325 258.255294 -27.914111 4.098901 -0.010429 0.027919 -0.068740 0.997189
1312.599172 258.254625 -27.912305 4.113871 -0.010151 0.028323 -0.068878 0.997171
1312.699835 258.246406 -27.909706 4.114411 -0.009827 0.027984 -0.068886 0.997184
1312.799677 258.242493 -27.906859 4.105805 -0.009313 0.027879 -0.068887 0.997191
1312.899512 258.238515 -27.911532 4.100111 -0.009648 0.028215 -0.068689 0.997192
1312.999347 258.227149 -27.915833 4.091548 -0.009979 0.027919 -0.068625 0.997202
1313.099208 258.219740 -27.915092 4.091359 -0.010328 0.027803 -0.068665 0.997199
1313.199450 258.222708 -27.910324 4.098789 -0.009707 0.028465 -0.068914 0.997169
1313.299287 258.221240 -27.905244 4.102853 -0.008615 0.029521 -0.069055 0.997139
1313.399136 258.219007 -27.908940 4.102227 -0.008041 0.030305 -0.068666 0.997147
1313.499775 258.214438 -27.910273 4.089223 -0.009474 0.029742 -0.068717 0.997148
1313.599614 258.215720 -27.915155 4.084797 -0.010099 0.027658 -0.068732 0.997201
1313.699450 258.220238 -27.914652 4.090242 -0.010114 0.026468 -0.068680 0.997236
1313.799290 258.230600 -27.908392 4.098022 -0.009680 0.029581 -0.068775 0.997147
1313.899139 258.243166 -27.907475 4.091195 -0.008647 0.038358 -0.068591 0.996870
1313.999793 258.261877 -27.909567 4.080764 -0.008199 0.052739 -0.068567 0.996218
1314.099636 258.276883 -27.914043 4.074082 -0.008273 0.065123 -0.068305 0.995502
1314.199470 258.288670 -27.920315 4.074160 -0.007868 0.071795 -0.068304 0.995047
1314.299315 258.306371 -27.921803 4.073415 -0.007233 0.077998 -0.068577 0.994566
1314.399142 258.334432 -27.927117 4.071765 -0.006228 0.082637 -0.068617 0.994195
1314.499775 258.377341 -27.931586 4.068778 -0.005683 0.086318 -0.069142 0.993849
1314.599605 258.432913 -27.938729 4.068264 -0.004797 0.089224 -0.069324 0.993585
1314.699442 258.499280 -27.948133 4.063217 -0.003599 0.090199 -0.069362 0.993499
1314.799277 258.574373 -27.957659 4.056016 -0.003777 0.092658 -0.069410 0.993269
1314.899118 258.662776 -27.972205 4.051400 -0.004844 0.098361 -0.069214 0.992729
1314.999746 258.767795 -27.994285 4.051776 -0.005372 0.102103 -0.068957 0.992366
1315.099602 258.874907 -28.015745 4.053686 -0.005970 0.100282 -0.068687 0.992567
1315.199432 258.995239 -28.025044 4.054085 -0.005121 0.094813 -0.068973 0.993090
1315.299281 259.134441 -28.039199 4.049890 -0.004693 0.092266 -0.069054 0.993326
1315.399118 259.279741 -28.060686 4.050482 -0.003950 0.089339 -0.069181 0.993588
1315.499765 259.432489 -28.087764 4.051907 -0.003207 0.085925 -0.069025 0.993902
1315.599620 259.596321 -28.116662 4.055595 -0.002815 0.082273 -0.068749 0.994232
1315.699454 259.771963 -28.143054 4.059001 -0.004516 0.078434 -0.068511 0.994552
1315.799283 259.950949 -28.164346 4.060157 -0.007343 0.072526 -0.068446 0.994988
1315.899121 260.134421 -28.188963 4.062253 -0.009618 0.066025 -0.068242 0.995435
1315.999756 260.316895 -28.219047 4.058820 -0.010407 0.061935 -0.067967 0.995709
1316.099606 260.507756 -28.246335 4.051339 -0.009859 0.062634 -0.068413 0.995640
1316.199438 260.698029 -28.271516 4.045000 -0.011332 0.062331 -0.068211 0.995657
1316.299309 260.894969 -28.297930 4.037358 -0.016381 0.055492 -0.068417 0.995978
1316.399131 261.096875 -28.328863 4.037268 -0.019113 0.042519 -0.068244 0.996579
1316.499771 261.298226 -28.356192 4.028444 -0.017370 0.028575 -0.068423 0.997096
1316.599607 261.488015 -28.379865 4.101787 -0.013194 -0.007339 -0.068352 0.997547
1316.699445 261.676347 -28.398498 4.072573 -0.009920 -0.057964 -0.068500 0.995916
1316.799284 261.867085 -28.420386 3.998516 -0.010447 -0.036450 -0.068796 0.996910
1316.899113 262.030775 -28.436367 3.969623 -0.012484 0.001173 -0.068782 0.997553
1316.999750 262.177238 -28.446947 3.971848 -0.015738 -0.033877 -0.068188 0.996973
1317.099608 262.310572 -28.461732 4.047182 -0.012399 -0.069190 -0.067951 0.995209
1317.199441 262.420381 -28.476152 4.090489 -0.013087 -0.065520 -0.068087 0.995440
1317.299295 262.509603 -28.492122 4.054181 -0.010227 -0.025484 -0.068249 0.997290
1317.399126 262.580710 -28.498245 4.028820 -0.009730 0.019630 -0.067922 0.997450
1317.499751 262.646228 -28.504154 4.042132 -0.009846 0.040510 -0.068178 0.996802
1317.599589 262.713710 -28.509326 4.055143 -0.007897 0.043324 -0.068605 0.996672
1317.699437 262.780694 -28.518539 4.061535 -0.005910 0.041687 -0.068884 0.996736
1317.799275 262.852286 -28.525109 4.067099 -0.005744 0.044144 -0.069306 0.996602
1317.899511 262.927052 -28.533323 4.053394 -0.005766 0.046975 -0.069425 0.996464
1317.999356 263.003899 -28.536483 4.048430 -0.005542 0.051503 -0.069482 0.996237
1318.099207 263.079328 -28.546002 4.054163 -0.006885 0.053892 -0.069174 0.996124
1318.199463 263.158654 -28.562697 4.057441 -0.008021 0.055742 -0.069375 0.996000
1318.299296 263.239077 -28.576517 4.071275 -0.009064 0.055311 -0.069783 0.995986
1318.399124 263.321743 -28.586006 4.081054 -0.011283 0.052543 -0.069899 0.996105
1318.499751 263.414514 -28.593537 4.078590 -0.012188 0.050551 -0.070001 0.996191
1318.599602 263.523753 -28.614075 4.065010 -0.013056 0.053859 -0.070034 0.996004
1318.699443 263.631327 -28.626315 4.058292 -0.015042 0.055895 -0.070308 0.995844
1318.799275 263.738653 -28.633791 4.058927 -0.017835 0.053653 -0.069997 0.995944
1318.899505 263.848315 -28.637030 4.063256 -0.017838 0.052116 -0.069856 0.996035
1318.999356 263.962507 -28.644259 4.068554 -0.017432 0.054331 -0.069951 0.995917
1319.099187 264.078904 -28.656412 4.066356 -0.015787 0.056400 -0.069878 0.995835
1319.199844 264.193091 -28.666212 4.060660 -0.012428 0.057019 -0.070102 0.995831
1319.299675 264.305199 -28.673685 4.063300 -0.009520 0.057032 -0.070302 0.995849
1319.399513 264.419284 -28.681075 4.065777 -0.007882 0.054185 -0.070346 0.996019
1319.499348 264.537821 -28.684101 4.071385 -0.007976 0.049240 -0.070494 0.996264
1319.599195 264.660946 -28.686888 4.079039 -0.007716 0.048448 -0.070908 0.996276
1319.699828 264.787501 -28.693027 4.083231 -0.007866 0.049856 -0.071062 0.996194
1319.799649 264.917064 -28.697844 4.074568 -0.007708 0.053549 -0.071210 0.995993
1319.899484 265.053349 -28.707448 4.066546 -0.008505 0.053095 -0.071380 0.995999
1319.999317 265.192818 -28.717184 4.065488 -0.008997 0.049545 -0.071819 0.996146
1320.099162 265.334999 -28.730529 4.069832 -0.009904 0.043665 -0.072493 0.996363
1320.199807 265.480601 -28.743704 4.082938 -0.008645 0.044000 -0.072738 0.996343
1320.299660 265.620224 -28.753728 4.084269 -0.007160 0.042479 -0.072560 0.996433
1320.399504 265.757848 -28.761969 4.080641 -0.005532 0.041893 -0.071878 0.996518
1320.499354 265.895460 -28.772078 4.064635 -0.005952 0.041701 -0.071392 0.996558
1320.599195 266.030015 -28.782773 4.058673 -0.008224 0.039093 -0.071181 0.996663
1320.699830 266.169874 -28.790737 4.058232 -0.009527 0.037500 -0.071653 0.996679
1320.799662 266.304158 -28.799080 4.061764 -0.008606 0.037675 -0.072343 0.996631
1320.899494 266.439360 -28.813085 4.059451 -0.007050 0.039864 -0.072653 0.996535
1320.999332 266.570964 -28.825279 4.062802 -0.006838 0.041619 -0.072905 0.996447
1321.099180 266.708484 -28.840447 4.063481 -0.007450 0.040503 -0.072797 0.996496
1321.199822 266.842314 -28.854406 4.062103 -0.008730 0.038053 -0.072918 0.996573
1321.299658 266.974729 -28.864816 4.057965 -0.008424 0.037983 -0.073040 0.996570
1321.399504 267.113161 -28.875079 4.061573 -0.008879 0.039273 -0.072742 0.996538
1321.499349 267.251520 -28.890121 4.061083 -0.009735 0.040396 -0.072593 0.996496
1321.599178 267.390051 -28.908470 4.056693 -0.009835 0.040459 -0.072500 0.996499
1321.699810 267.525313 -28.927270 4.050788 -0.009997 0.039627 -0.072380 0.996539
1321.799663 267.655506 -28.944651 4.055841 -0.009750 0.037509 -0.072212 0.996636
1321.899495 267.788894 -28.959355 4.062739 -0.008923 0.036197 -0.072399 0.996679
1321.999337 267.923466 -28.976032 4.060052 -0.009315 0.035862 -0.071704 0.996738
1322.099185 268.058360 -28.994741 4.056748 -0.010895 0.039814 -0.071346 0.996597
1322.199829 268.185281 -29.010500 4.051565 -0.011496 0.042695 -0.071507 0.996460
1322.299662 268.321131 -29.024611 4.047615 -0.009857 0.043553 -0.071634 0.996431
1322.399490 268.459451 -29.040145 4.045942 -0.007544 0.042003 -0.071786 0.996507
1322.499331 268.594368 -29.055624 4.048930 -0.008082 0.041171 -0.071735 0.996541
1322.599170 268.722664 -29.070700 4.049315 -0.010723 0.040377 -0.072113 0.996521
1322.699822 268.851018 -29.088800 4.044479 -0.011819 0.040740 -0.072389 0.996474
1322.799639 268.982241 -29.105581 4.037870 -0.010906 0.040793 -0.072745 0.996456
1322.899479 269.120043 -29.122734 4.028954 -0.008880 0.040635 -0.072753 0.996482
1322.999306 269.248432 -29.135826 4.029509 -0.008659 0.040613 -0.072921 0.996473
1323.099151 269.377109 -29.144438 4.035953 -0.009467 0.040567 -0.073335 0.996437
1323.199792 269.510552 -29.156496 4.037282 -0.009292 0.041387 -0.073436 0.996398
1323.299632 269.640554 -29.179369 4.035007 -0.009728 0.042603 -0.073048 0.996371
1323.399481 269.765090 -29.198053 4.026256 -0.007755 0.040461 -0.072878 0.996490
1323.499324 269.895426 -29.216691 4.020090 -0.005730 0.038264 -0.072406 0.996624
1323.599162 270.022999 -29.235973 4.016767 -0.006787 0.041252 -0.072034 0.996526
1323.699808 270.151049 -29.249243 4.020540 -0.007733 0.047527 -0.072097 0.996235
1323.799651 270.282285 -29.265493 4.025529 -0.006973 0.051616 -0.071600 0.996073
1323.899493 270.426498 -29.283552 4.025098 -0.006847 0.050081 -0.071226 0.996179
1323.999318 270.577501 -29.302386 4.020949 -0.008535 0.047106 -0.071017 0.996326
1324.099169 270.716062 -29.317978 4.014230 -0.009026 0.044403 -0.071247 0.996429
1324.199803 270.842229 -29.333242 4.015931 -0.006745 0.042822 -0.071552 0.996494
1324.299655 270.972986 -29.353653 4.015412 -0.005386 0.043942 -0.071994 0.996422
1324.399502 271.109004 -29.371261 4.009231 -0.006689 0.045732 -0.072690 0.996283
1324.499344 271.243348 -29.385498 4.004931 -0.007560 0.047092 -0.073620 0.996145
1324.599189 271.373745 -29.404474 4.003530 -0.007980 0.046373 -0.073757 0.996166
1324.699827 271.511380 -29.424823 4.002958 -0.009527 0.043007 -0.074100 0.996277
1324.799668 271.660423 -29.444660 4.000182 -0.009862 0.040095 -0.074304 0.996380
1324.899507 271.811308 -29.463543 3.997565 -0.009964 0.040124 -0.074389 0.996372
1324.999353 271.953459 -29.483664 3.993340 -0.009747 0.039563 -0.074676 0.996375
1325.099213 272.095321 -29.506429 3.992599 -0.010087 0.039173 -0.074834 0.996375
1325.199470 272.225945 -29.528515 3.992611 -0.010671 0.039140 -0.074613 0.996387
1325.299312 272.355588 -29.545766 3.987239 -0.011259 0.041020 -0.074349 0.996325
1325.399146 272.478032 -29.563540 3.979957 -0.009814 0.045450 -0.074626 0.996127
1325.499771 272.611699 -29.581657 3.972806 -0.007425 0.049839 -0.074474 0.995949
1325.599626 272.754936 -29.602799 3.965087 -0.008593 0.053168 -0.074555 0.995761
1325.699472 272.902442 -29.627709 3.965792 -0.008749 0.054152 -0.074235 0.995731
1325.799304 273.053277 -29.647577 3.969674 -0.007559 0.052833 -0.073991 0.995830
1325.899142 273.197344 -29.666944 3.977146 -0.008380 0.048859 -0.073983 0.996027
1325.999782 273.338396 -29.688443 3.980597 -0.009530 0.046088 -0.073988 0.996148
1326.099619 273.477551 -29.710924 3.974740 -0.009191 0.045172 -0.073870 0.996202
1326.199464 273.619395 -29.732596 3.967407 -0.008673 0.046120 -0.073819 0.996167
1326.299302 273.763102 -29.754517 3.960160 -0.009456 0.046087 -0.073716 0.996169
1326.399135 273.920760 -29.776848 3.956273 -0.009587 0.044153 -0.073832 0.996247
1326.499776 274.074158 -29.803819 3.954958 -0.009238 0.042584 -0.073992 0.996306
1326.599613 274.224521 -29.828929 3.950710 -0.009407 0.041960 -0.074278 0.996310
1326.699462 274.373124 -29.850614 3.948362 -0.010467 0.044545 -0.074627 0.996161
1326.799301 274.521497 -29.867653 3.949443 -0.010030 0.046909 -0.075140 0.996019
1326.899143 274.671329 -29.892829 3.955526 -0.010172 0.047561 -0.074731 0.996017
1326.999785 274.818380 -29.922176 3.961234 -0.010410 0.044657 -0.074553 0.996162
1327.099636 274.964023 -29.948292 3.949020 -0.009063 0.040663 -0.074608 0.996342
1327.199477 275.113175 -29.969852 3.935177 -0.007692 0.039628 -0.074413 0.996410
1327.299320 275.266326 -29.992134 3.928287 -0.010443 0.043400 -0.074763 0.996202
1327.399143 275.418404 -30.014878 3.930923 -0.012723 0.047596 -0.074693 0.995989
1327.499784 275.569075 -30.041921 3.936530 -0.012203 0.049415 -0.074270 0.995938
1327.599624 275.713047 -30.069603 3.938558 -0.012078 0.048916 -0.074392 0.995955
1327.699468 275.857002 -30.095999 3.937021 -0.010850 0.048886 -0.074720 0.995946
1327.799307 276.002359 -30.121978 3.929580 -0.010690 0.047911 -0.075107 0.995966
1327.899162 276.145537 -30.145039 3.927578 -0.011038 0.047609 -0.075194 0.995971
1327.999779 276.297660 -30.164665 3.928952 -0.012136 0.044053 -0.074869 0.996146
1328.099616 276.450689 -30.189078 3.926708 -0.015861 0.042237 -0.074430 0.996205
1328.199463 276.607513 -30.210237 3.926812 -0.017352 0.040961 -0.074394 0.996236
1328.299307 276.757317 -30.233959 3.921911 -0.017517 0.044142 -0.074418 0.996096
1328.399140 276.903010 -30.254421 3.916212 -0.015910 0.048325 -0.074755 0.995903
1328.499784 277.053601 -30.276157 3.911716 -0.014774 0.048903 -0.074823 0.995887
1328.599609 277.202771 -30.293962 3.898916 -0.017414 0.046713 -0.075131 0.995927
1328.699454 277.356759 -30.307389 3.889081 -0.018838 0.041806 -0.075295 0.996106
1328.799303 277.514248 -30.326205 3.902408 -0.018472 0.038300 -0.075340 0.996251
1328.899146 277.665457 -30.346750 3.912349 -0.017249 0.037464 -0.075103 0.996322
1328.999792 277.814598 -30.362607 3.909016 -0.017493 0.040217 -0.075280 0.996198
1329.099637 277.960015 -30.371010 3.899754 -0.017530 0.042718 -0.075526 0.996074
1329.199486 278.100070 -30.379537 3.889373 -0.019427 0.042730 -0.075553 0.996036
1329.299318 278.255111 -30.391362 3.879192 -0.019094 0.040367 -0.075431 0.996151
1329.399174 278.406254 -30.405344 3.874959 -0.019601 0.038808 -0.075024 0.996234
1329.499814 278.557775 -30.418522 3.885674 -0.017914 0.038940 -0.074797 0.996277
1329.599650 278.708868 -30.424088 3.894440 -0.014802 0.040008 -0.075116 0.996262
1329.699493 278.858570 -30.430745 3.897762 -0.013541 0.040970 -0.075272 0.996229
1329.799321 278.997492 -30.437758 3.893800 -0.013495 0.040686 -0.075447 0.996228
1329.899179 279.134754 -30.450129 3.883087 -0.013580 0.038686 -0.075463 0.996305
1329.999818 279.276560 -30.455847 3.878211 -0.012263 0.036262 -0.075379 0.996420
1330.099658 279.417720 -30.457502 3.879823 -0.011321 0.033750 -0.075776 0.996489
1330.199496 279.560129 -30.465823 3.883703 -0.011450 0.032001 -0.075974 0.996530
1330.299342 279.699075 -30.481768 3.890268 -0.012481 0.030127 -0.075769 0.996592
1330.399184 279.835838 -30.488077 3.888622 -0.012350 0.027619 -0.075914 0.996655
1330.499824 279.962949 -30.493047 3.886450 -0.013654 0.022162 -0.075419 0.996812
1330.599679 280.083243 -30.495120 3.876106 -0.011632 0.014061 -0.075654 0.996967
1330.699507 280.212582 -30.496708 3.866023 -0.011093 0.017983 -0.076121 0.996875
1330.799356 280.339547 -30.498174 3.859860 -0.011170 0.024810 -0.076036 0.996734
1330.899201 280.454158 -30.506193 3.865197 -0.009726 0.016737 -0.075562 0.996953
1330.999444 280.564344 -30.517435 3.874420 -0.010688 0.018447 -0.075620 0.996909
1331.099291 280.654722 -30.530392 3.876632 -0.012139 0.000809 -0.075365 0.997082
1331.199134 280.740724 -30.542982 3.875091 -0.010704 -0.001867 -0.075256 0.997105
1331.299779 280.836209 -30.548087 3.862782 -0.010840 0.015009 -0.075579 0.996968
1331.399614 280.928042 -30.544762 3.860533 -0.011621 0.029329 -0.075476 0.996648
1331.499455 281.022606 -30.550841 3.857180 -0.011813 0.035703 -0.075428 0.996442
1331.599298 281.105187 -30.560347 3.858287 -0.013246 0.034105 -0.075387 0.996483
1331.699124 281.178604 -30.573382 3.868769 -0.013731 0.030379 -0.075432 0.996594
1331.799763 281.252065 -30.584530 3.880882 -0.013333 0.030920 -0.075370 0.996587
1331.899598 281.331146 -30.592799 3.876597 -0.012517 0.032966 -0.075184 0.996546
1331.999436 281.409456 -30.598947 3.862416 -0.012878 0.033984 -0.074956 0.996524
1332.099286 281.488536 -30.605879 3.855140 -0.013624 0.032236 -0.074933 0.996574
1332.199126 281.564105 -30.615259 3.856133 -0.013632 0.030506 -0.075057 0.996619
1332.299758 281.633514 -30.623140 3.863478 -0.012837 0.018826 -0.074932 0.996928
1332.399610 281.697588 -30.626293 3.871002 -0.012799 0.014642 -0.074924 0.997000
1332.499447 281.771262 -30.633214 3.869941 -0.013475 0.022193 -0.074960 0.996849
1332.599295 281.841939 -30.639170 3.861657 -0.013300 0.033155 -0.074955 0.996547
1332.699143 281.904089 -30.641121 3.855578 -0.012891 0.040333 -0.075121 0.996275
1332.799796 281.963960 -30.646532 3.851509 -0.011531 0.043375 -0.075161 0.996161
1332.899649 282.033528 -30.651661 3.850106 -0.010221 0.045117 -0.075495 0.996073
1332.999509 282.098361 -30.653171 3.852049 -0.009529 0.052303 -0.075548 0.995724
1333.099355 282.159968 -30.661426 3.852783 -0.008805 0.058509 -0.075431 0.995394
1333.199191 282.222755 -30.671367 3.854571 -0.007752 0.062014 -0.075320 0.995199
1333.299845 282.298742 -30.679887 3.847395 -0.007468 0.064173 -0.075470 0.995053
1333.399693 282.386055 -30.686087 3.837463 -0.008118 0.069091 -0.075316 0.994730
1333.499535 282.476673 -30.697028 3.834661 -0.008647 0.075816 -0.075024 0.994258
1333.599374 282.577730 -30.702171 3.834098 -0.008970 0.082191 -0.075252 0.993731
1333.699208 282.686885 -30.717392 3.834369 -0.008622 0.087298 -0.075199 0.993302
1333.799465 282.801428 -30.738714 3.838673 -0.007762 0.090410 -0.075348 0.993020
1333.899311 282.924768 -30.758737 3.832046 -0.006705 0.089722 -0.075491 0.993079
1333.999151 283.058745 -30.773926 3.820293 -0.005837 0.089066 -0.075635 0.993133
1334.099785 283.209968 -30.789756 3.819460 -0.004611 0.090050 -0.075997 0.993023
1334.199634 283.374921 -30.809280 3.811411 -0.005331 0.093779 -0.075772 0.992691
1334.299477 283.538274 -30.826861 3.804133 -0.006228 0.095619 -0.075947 0.992497
1334.399323 283.699466 -30.846647 3.799917 -0.006444 0.093777 -0.076067 0.992662
1334.499154 283.871811 -30.874966 3.803491 -0.007333 0.089755 -0.076176 0.993019
1334.599791 284.055451 -30.909456 3.810968 -0.007094 0.085405 -0.075682 0.993442
1334.699634 284.238136 -30.941542 3.815150 -0.006119 0.082592 -0.075676 0.993687
1334.799475 284.439605 -30.971968 3.812059 -0.006668 0.081285 -0.075846 0.993778
1334.899329 284.657069 -31.002470 3.802638 -0.008648 0.079938 -0.075829 0.993874
1334.999180 284.875240 -31.030445 3.795075 -0.014451 0.073604 -0.075678 0.994307
1335.099808 285.092011 -31.067883 3.793527 -0.018135 0.059197 -0.075323 0.995235
1335.199638 285.309290 -31.104847 3.804679 -0.018313 0.046957 -0.074964 0.995912
1335.299485 285.524801 -31.134750 3.811944 -0.019698 0.042530 -0.075083 0.996075
1335.399329 285.744722 -31.158967 3.809888 -0.020108 0.042223 -0.075056 0.996082
1335.499168 285.962347 -31.185792 3.798145 -0.020118 0.041534 -0.074761 0.996133
1335.599803 286.181836 -31.214742 3.790352 -0.020589 0.041647 -0.074899 0.996108
1335.699657 286.393780 -31.242880 3.793643 -0.022108 0.042427 -0.074588 0.996066
1335.799496 286.611304 -31.263622 3.802587 -0.022937 0.045476 -0.074685 0.995906
1335.899333 286.831758 -31.288161 3.803854 -0.023068 0.049717 -0.074312 0.995728
1335.999186 287.046842 -31.309550 3.792826 -0.022049 0.054987 -0.074488 0.995461
1336.099814 287.263848 -31.330254 3.782362 -0.019092 0.058612 -0.074264 0.995332
1336.199660 287.475416 -31.347313 3.775931 -0.015593 0.058144 -0.074377 0.995412
1336.299497 287.686583 -31.369877 3.776032 -0.013182 0.055093 -0.074302 0.995626
1336.399325 287.892720 -31.390750 3.769167 -0.013087 0.050882 -0.074587 0.995830
1336.499170 288.097051 -31.408004 3.774512 -0.013504 0.048667 -0.074735 0.995924
1336.599792 288.308910 -31.424433 3.777010 -0.013646 0.045484 -0.074665 0.996077
1336.699640 288.526485 -31.441082 3.770749 -0.013906 0.041919 -0.074632 0.996233
1336.799478 288.748529 -31.459409 3.768971 -0.013934 0.038176 -0.074515 0.996391
1336.899333 288.965340 -31.475734 3.767926 -0.014735 0.035807 -0.074841 0.996444
1336.999172 289.175504 -31.494736 3.761644 -0.015116 0.033220 -0.074551 0.996549
1337.099802 289.383796 -31.515450 3.760428 -0.014688 0.032705 -0.074693 0.996562
1337.199634 289.583119 -31.533521 3.758837 -0.013287 0.033752 -0.075010 0.996523
1337.299469 289.770878 -31.551457 3.763319 -0.013389 0.035226 -0.075166 0.996459
1337.399307 289.967864 -31.569804 3.759692 -0.015820 0.034292 -0.075342 0.996442
1337.499155 290.167576 -31.587588 3.749304 -0.020580 0.032853 -0.075399 0.996400
1337.599806 290.355564 -31.603913 3.742911 -0.023149 0.033066 -0.075558 0.996324
1337.699645 290.540392 -31.618425 3.748548 -0.022051 0.033898 -0.075389 0.996334
1337.799480 290.728251 -31.631661 3.745328 -0.018289 0.035570 -0.075144 0.996370
1337.899316 290.915863 -31.645830 3.741088 -0.014101 0.036195 -0.075149 0.996415
1337.999146 291.107298 -31.658636 3.737245 -0.013466 0.034557 -0.075366 0.996466
1338.099785 291.290876 -31.669084 3.741744 -0.013385 0.031170 -0.075420 0.996575
1338.199622 291.460287 -31.675302 3.741865 -0.013988 0.029447 -0.075554 0.996609
1338.299457 291.631077 -31.687526 3.735156 -0.014238 0.029009 -0.075173 0.996647
1338.399315 291.805329 -31.706441 3.726205 -0.014541 0.031195 -0.075311 0.996566
1338.499151 291.975002 -31.720834 3.713776 -0.014681 0.032029 -0.075262 0.996541
1338.599796 292.138763 -31.732069 3.714767 -0.014517 0.030686 -0.075234 0.996588
1338.699628 292.297143 -31.742256 3.718457 -0.014351 0.028066 -0.075171 0.996672
1338.799467 292.444410 -31.752952 3.724942 -0.012980 0.027314 -0.075143 0.996714
1338.899309 292.596264 -31.763706 3.731448 -0.013249 0.027896 -0.075501 0.996667
1338.999166 292.753458 -31.774698 3.725137 -0.013543 0.028407 -0.075537 0.996646
1339.099803 292.899317 -31.788114 3.717402 -0.013386 0.028318 -0.075447 0.996658
1339.199638 293.032907 -31.799110 3.707727 -0.014230 0.027140 -0.075616 0.996666
1339.299491 293.156056 -31.807937 3.703849 -0.014703 0.015257 -0.075710 0.996905
1339.399339 293.285734 -31.813472 3.700486 -0.013532 0.012675 -0.076346 0.996909
1339.499186 293.420495 -31.820911 3.692751 -0.013789 0.019666 -0.076606 0.996772
1339.599836 293.560669 -31.832655 3.688170 -0.012668 0.028016 -0.076493 0.996596
1339.699677 293.693023 -31.848586 3.683453 -0.011866 0.032988 -0.076554 0.996449
1339.799513 293.809846 -31.860907 3.679409 -0.012318 0.033935 -0.076672 0.996403
1339.899358 293.923442 -31.872527 3.657780 -0.012832 0.031456 -0.076629 0.996481
1339.999190 294.041075 -31.883278 3.646750 -0.012698 0.032458 -0.076500 0.996460
1340.099823 294.159334 -31.889252 3.640653 -0.013143 0.033640 -0.076416 0.996422
1340.199672 294.284245 -31.893468 3.628184 -0.012266 0.035930 -0.076872 0.996318
1340.299504 294.395803 -31.901552 3.611291 -0.012156 0.037675 -0.077114 0.996236
1340.399352 294.503779 -31.914542 3.591426 -0.011994 0.037225 -0.077168 0.996251
1340.499196 294.612084 -31.927265 3.583990 -0.012116 0.036066 -0.077449 0.996270
1340.599838 294.720480 -31.938166 3.579549 -0.012806 0.035577 -0.077577 0.996269
1340.699666 294.828482 -31.949381 3.567957 -0.011698 0.038880 -0.077598 0.996158
1340.799510 294.936582 -31.960639 3.561721 -0.011687 0.043463 -0.077789 0.995953
1340.899363 295.043579 -31.970583 3.555092 -0.012436 0.046045 -0.077786 0.995829
1340.999204 295.145456 -31.979964 3.550391 -0.013123 0.046151 -0.077787 0.995815
1341.099456 295.241024 -31.987977 3.554334 -0.014805 0.048470 -0.077838 0.995677
1341.199309 295.341582 -32.002677 3.556868 -0.015044 0.050080 -0.077623 0.995611
1341.299143 295.450791 -32.017455 3.552763 -0.013828 0.050023 -0.077920 0.995608
1341.399782 295.574313 -32.029643 3.551987 -0.012598 0.047651 -0.078039 0.995731
1341.499624 295.694577 -32.041917 3.551184 -0.012516 0.044361 -0.078205 0.995871
1341.599461 295.808660 -32.053431 3.550980 -0.012188 0.042726 -0.078314 0.995938
1341.699299 295.925188 -32.062754 3.547475 -0.013116 0.042465 -0.078316 0.995937
1341.799156 296.043241 -32.078509 3.542407 -0.012770 0.045517 -0.078107 0.995824
1341.899797 296.161332 -32.091809 3.541519 -0.012997 0.047478 -0.078361 0.995709
1341.999646 296.276924 -32.103647 3.544536 -0.013528 0.046489 -0.077984 0.995778
1342.099490 296.384437 -32.115409 3.551796 -0.013397 0.044420 -0.077497 0.995912
1342.199341 296.490339 -32.126273 3.554731 -0.012584 0.041493 -0.077330 0.996062
1342.299193 296.602259 -32.136934 3.549162 -0.011156 0.039703 -0.077752 0.996119
1342.399816 296.722668 -32.148843 3.545227 -0.009602 0.039413 -0.078454 0.996092
1342.499648 296.849652 -32.160190 3.548643 -0.007781 0.038163 -0.078947 0.996118
1342.599487 296.977467 -32.172521 3.549374 -0.008497 0.035817 -0.079001 0.996195
1342.699324 297.090730 -32.188094 3.548472 -0.009966 0.033377 -0.078302 0.996321
1342.799180 297.193818 -32.200230 3.541257 -0.011813 0.033136 -0.077887 0.996341
1342.899813 297.298428 -32.210386 3.531876 -0.012074 0.035557 -0.077340 0.996297
1342.999645 297.412034 -32.219652 3.534168 -0.011408 0.038353 -0.077511 0.996188
1343.099473 297.532138 -32.230405 3.535237 -0.008869 0.038386 -0.077730 0.996196
1343.199317 297.649335 -32.245238 3.538097 -0.007441 0.036433 -0.077745 0.996280
1343.299161 297.754676 -32.261368 3.530674 -0.008862 0.035804 -0.078027 0.996269
1343.399794 297.867151 -32.272879 3.532813 -0.009352 0.037753 -0.078464 0.996158
1343.499622 297.969150 -32.283495 3.524391 -0.010914 0.039486 -0.079128 0.996022
1343.599452 298.069474 -32.298833 3.522696 -0.010614 0.040931 -0.079681 0.995923
1343.699285 298.178099 -32.319488 3.525904 -0.011179 0.040706 -0.080091 0.995893
1343.799117 298.286686 -32.333270 3.523464 -0.010874 0.039551 -0.080097 0.995943
1343.899753 298.390292 -32.345008 3.524636 -0.011638 0.040101 -0.079888 0.995929
1343.999613 298.489956 -32.357195 3.515105 -0.012164 0.042602 -0.080056 0.995805
1344.099452 298.603372 -32.377262 3.494419 -0.012002 0.048302 -0.080124 0.995542
1344.199279 298.721299 -32.394246 3.476701 -0.012150 0.053217 -0.080179 0.995285
1344.299126 298.836674 -32.409480 3.463078 -0.012289 0.051851 -0.080145 0.995358
1344.399763 298.955913 -32.428105 3.454903 -0.012747 0.047621 -0.080081 0.995569
1344.499611 299.072706 -32.447216 3.442585 -0.013021 0.044518 -0.080124 0.995705
1344.599453 299.189268 -32.467902 3.428197 -0.012462 0.043767 -0.080379 0.995725
1344.699310 299.301548 -32.486205 3.412512 -0.011418 0.043958 -0.080548 0.995715
1344.799151 299.420926 -32.503113 3.400843 -0.010908 0.043146 -0.080623 0.995751
1344.899774 299.540670 -32.520003 3.390398 -0.011403 0.041362 -0.080907 0.995798
1344.999621 299.663706 -32.538797 3.386245 -0.011702 0.038801 -0.081011 0.995889
1345.099464 299.779385 -32.557352 3.385434 -0.012634 0.038316 -0.081143 0.995886
1345.199297 299.891871 -32.575721 3.381400 -0.012268 0.038861 -0.081526 0.995838
1345.299136 300.002730 -32.597349 3.367780 -0.013361 0.039530 -0.081816 0.995774
1345.399776 300.123287 -32.619860 3.359097 -0.012559 0.040073 -0.081889 0.995756
1345.499597 300.240636 -32.637369 3.353328 -0.011698 0.038065 -0.081872 0.995847
1345.599428 300.358563 -32.654482 3.349227 -0.011452 0.035888 -0.081668 0.995947
1345.699270 300.470501 -32.672767 3.352153 -0.013110 0.038574 -0.081881 0.995809
1345.799523 300.587558 -32.691468 3.352041 -0.013907 0.039411 -0.082189 0.995740
1345.899363 300.695130 -32.709391 3.350219 -0.014262 0.036936 -0.081913 0.995853
1345.999199 300.796445 -32.725799 3.347625 -0.013791 0.033409 -0.081759 0.995997
1346.099429 300.899210 -32.739969 3.340674 -0.013538 0.031164 -0.081933 0.996058
1346.199268 301.000051 -32.754019 3.331887 -0.013605 0.031523 -0.081916 0.996048
1346.299508 301.103403 -32.769152 3.325756 -0.013253 0.033497 -0.081903 0.995989
1346.399353 301.209308 -32.786132 3.316546 -0.012899 0.036772 -0.082178 0.995856
1346.499187 301.320859 -32.808588 3.307539 -0.012278 0.039563 -0.082076 0.995765
1346.599821 301.429916 -32.825908 3.300313 -0.012815 0.039752 -0.082188 0.995741
1346.699667 301.532178 -32.840604 3.291819 -0.012439 0.036288 -0.082329 0.995867
1346.799512 301.628677 -32.856590 3.281579 -0.013286 0.034179 -0.082207 0.995940
1346.899342 301.725407 -32.875120 3.268425 -0.013056 0.034614 -0.082216 0.995928
1346.999175 301.826970 -32.892503 3.257182 -0.013215 0.036959 -0.082486 0.995819
1347.099821 301.936226 -32.911001 3.245249 -0.012125 0.039128 -0.082541 0.995745
1347.199651 302.033352 -32.922750 3.234125 -0.014261 0.039821 -0.082417 0.995700
1347.299492 302.134195 -32.937249 3.224157 -0.015391 0.039037 -0.081963 0.995752
1347.399333 302.238446 -32.953142 3.219258 -0.016585 0.038702 -0.082052 0.995738
1347.499186 302.336885 -32.967464 3.211850 -0.017758 0.039166 -0.082364 0.995674
1347.599818 302.429110 -32.980115 3.204520 -0.016769 0.040058 -0.082248 0.995665
1347.699676 302.529907 -32.993695 3.199261 -0.013650 0.039103 -0.082395 0.995739
1347.799514 302.635734 -33.006771 3.197628 -0.011118 0.037976 -0.082728 0.995786
1347.899359 302.741037 -33.014244 3.197904 -0.011323 0.036452 -0.083145 0.995806
1347.999199 302.846116 -33.025633 3.189937 -0.012388 0.035478 -0.083085 0.995834
1348.099437 302.944466 -33.037822 3.185054 -0.012336 0.036257 -0.082797 0.995830
1348.199285 303.041358 -33.047484 3.183947 -0.013480 0.035864 -0.082329 0.995868
1348.299123 303.141354 -33.061306 3.186044 -0.014177 0.035115 -0.081584 0.995947
1348.399765 303.249894 -33.074564 3.188583 -0.014546 0.033494 -0.081113 0.996036
1348.499623 303.355517 -33.086573 3.190782 -0.012515 0.033130 -0.081251 0.996064
1348.599463 303.455918 -33.099102 3.189964 -0.011782 0.031352 -0.081725 0.996092
1348.699302 303.547540 -33.109014 3.183382 -0.011481 0.031031 -0.082398 0.996050
1348.799142 303.629976 -33.118123 3.180143 -0.011517 0.033511 -0.082709 0.995944
1348.899779 303.713406 -33.128197 3.180671 -0.010300 0.035030 -0.082884 0.995890
1348.999626 303.800574 -33.136820 3.180064 -0.010052 0.035084 -0.083539 0.995836
1349.099459 303.896151 -33.148123 3.178499 -0.010543 0.033954 -0.083953 0.995835
1349.199297 303.993944 -33.157146 3.177775 -0.010808 0.035312 -0.084294 0.995756
1349.299141 304.094220 -33.164529 3.176316 -0.011557 0.037191 -0.084830 0.995634
1349.399793 304.195257 -33.175875 3.175448 -0.012126 0.039444 -0.084745 0.995548
1349.499623 304.292926 -33.190733 3.172294 -0.011833 0.040431 -0.084875 0.995501
1349.599465 304.389945 -33.208204 3.170426 -0.010241 0.040319 -0.085091 0.995504
1349.699301 304.485144 -33.223514 3.170619 -0.010378 0.039286 -0.084819 0.995567
1349.799136 304.577982 -33.236130 3.169153 -0.011483 0.039302 -0.084520 0.995580
1349.899782 304.665524 -33.248711 3.169446 -0.013038 0.039882 -0.084238 0.995562
1349.999630 304.757926 -33.262462 3.167745 -0.013687 0.041238 -0.083862 0.995530
1350.099460 304.854205 -33.276844 3.160295 -0.013242 0.041520 -0.083854 0.995525
1350.199309 304.949119 -33.294421 3.153673 -0.012510 0.040062 -0.083705 0.995606
1350.299149 305.035853 -33.317533 3.159833 -0.013080 0.038968 -0.083461 0.995663
1350.399788 305.122576 -33.334851 3.163413 -0.014678 0.038888 -0.083610 0.995631
1350.499608 305.211223 -33.347047 3.167752 -0.015656 0.040071 -0.082980 0.995622
1350.599439 305.298076 -33.364496 3.164793 -0.016217 0.042729 -0.081777 0.995602
1350.699286 305.399894 -33.380254 3.149428 -0.016851 0.044230 -0.081259 0.995569
1350.799125 305.503001 -33.395663 3.130787 -0.017356 0.044692 -0.081049 0.995556
1350.899770 305.597150 -33.418378 3.119611 -0.017537 0.043663 -0.081039 0.995600
1350.999626 305.694493 -33.442314 3.116010 -0.015787 0.041852 -0.081003 0.995710
1351.099463 305.790883 -33.459923 3.111617 -0.014965 0.042446 -0.081276 0.995675
1351.199300 305.893221 -33.474946 3.104466 -0.014332 0.045020 -0.081475 0.995555
1351.299128 305.995780 -33.487971 3.094788 -0.013573 0.046647 -0.081297 0.995505
1351.399771 306.106620 -33.504690 3.071930 -0.013405 0.045343 -0.081247 0.995572
1351.499596 306.220880 -33.525525 3.057857 -0.013778 0.042560 -0.080948 0.995714
1351.599437 306.334648 -33.545488 3.049746 -0.013716 0.041314 -0.080838 0.995776
1351.699262 306.448983 -33.561381 3.054080 -0.013061 0.043307 -0.080931 0.995693
1351.799495 306.562915 -33.579205 3.053156 -0.013131 0.045151 -0.081027 0.995602
1351.899337 306.667909 -33.593467 3.057156 -0.013663 0.045640 -0.081271 0.995553
1351.999183 306.769141 -33.606805 3.057448 -0.014987 0.043020 -0.081653 0.995619
1352.099823 306.876609 -33.619662 3.049320 -0.014343 0.040118 -0.081941 0.995726
1352.199665 306.984689 -33.640355 3.047280 -0.011428 0.039305 -0.082054 0.995787
1352.299499 307.098158 -33.657435 3.049410 -0.008280 0.040224 -0.082127 0.995775
1352.399334 307.209011 -33.674699 3.047629 -0.007519 0.043598 -0.082070 0.995644
1352.499170 307.327077 -33.689471 3.047260 -0.009289 0.046226 -0.082110 0.995507
1352.599803 307.442478 -33.706563 3.048651 -0.010216 0.045421 -0.082243 0.995524
1352.699648 307.555457 -33.723884 3.052088 -0.012156 0.043425 -0.082619 0.995560
1352.799483 307.669947 -33.743226 3.049411 -0.013201 0.041614 -0.082576 0.995628
1352.899332 307.786542 -33.760703 3.050193 -0.014619 0.042566 -0.082957 0.995536
1352.999159 307.897783 -33.781059 3.044571 -0.015103 0.043014 -0.082656 0.995535
1353.099798 308.009327 -33.802296 3.048224 -0.013222 0.040713 -0.082636 0.995660
1353.199632 308.124404 -33.822768 3.049145 -0.012901 0.039064 -0.082966 0.995703
1353.299477 308.246993 -33.840888 3.045089 -0.014766 0.039390 -0.082845 0.995674
1353.399320 308.368945 -33.855316 3.037822 -0.015884 0.041206 -0.082366 0.995623
1353.499154 308.488934 -33.871178 3.030751 -0.016591 0.043413 -0.081926 0.995554
1353.599780 308.616060 -33.892381 3.030452 -0.017471 0.044926 -0.081482 0.995508
1353.699620 308.741757 -33.912501 3.031077 -0.019087 0.043927 -0.081627 0.995511
1353.799463 308.856229 -33.928457 3.036898 -0.020293 0.040472 -0.082113 0.995594
1353.899305 308.972841 -33.944802 3.044203 -0.022170 0.037461 -0.081224 0.995745
1353.999150 309.089927 -33.962681 3.046743 -0.022569 0.035976 -0.079956 0.995893
1354.099781 309.205718 -33.976594 3.047982 -0.022013 0.037218 -0.078274 0.995994
1354.199621 309.324258 -33.988682 3.044558 -0.020339 0.038888 -0.075311 0.996194
1354.299452 309.451579 -33.998590 3.036323 -0.022211 0.039032 -0.071415 0.996435
1354.399290 309.580670 -34.006178 3.027915 -0.025528 0.038661 -0.066828 0.996688
1354.499133 309.708025 -34.014548 3.025874 -0.026356 0.038721 -0.061724 0.996994
1354.599758 309.833341 -34.022049 3.030877 -0.024956 0.039526 -0.057427 0.997255
1354.699600 309.953200 -34.026258 3.034833 -0.019884 0.039634 -0.056460 0.997420
1354.799425 310.070183 -34.030456 3.037031 -0.017763 0.038953 -0.056589 0.997479
1354.899261 310.186126 -34.032592 3.040069 -0.015068 0.038038 -0.056994 0.997536
1354.999508 310.295164 -34.035851 3.033698 -0.012327 0.035321 -0.057033 0.997671
1355.099356 310.407518 -34.036128 3.024938 -0.011779 0.032766 -0.056636 0.997788
1355.199190 310.537672 -34.038921 3.026844 -0.012908 0.034045 -0.055769 0.997780
1355.299827 310.660426 -34.043360 3.030547 -0.014313 0.035134 -0.055703 0.997726
1355.399666 310.773918 -34.050285 3.031550 -0.015440 0.030545 -0.056372 0.997823
1355.499500 310.888814 -34.052894 3.029426 -0.018264 0.026142 -0.057405 0.997842
1355.599323 311.005436 -34.054059 3.041768 -0.019680 0.022140 -0.057526 0.997904
1355.699151 311.124830 -34.060490 3.028650 -0.017257 0.015540 -0.057378 0.998082
1355.799792 311.241311 -34.067423 3.020385 -0.014854 0.019401 -0.058103 0.998012
1355.899625 311.348223 -34.074664 3.016018 -0.012864 0.025505 -0.058418 0.997883
1355.999455 311.442167 -34.078834 3.013103 -0.011976 0.025252 -0.059750 0.997822
1356.099296 311.530282 -34.082486 3.008129 -0.013096 0.024243 -0.061782 0.997709
1356.199141 311.613140 -34.088264 3.016497 -0.014105 0.018557 -0.063931 0.997682
1356.299777 311.701032 -34.095581 3.016953 -0.014401 0.004739 -0.064730 0.997788
1356.399621 311.795817 -34.106566 3.020179 -0.014713 0.009305 -0.065852 0.997678
1356.499451 311.883435 -34.114115 3.015694 -0.014234 0.021769 -0.067219 0.997399
1356.599289 311.953257 -34.119021 3.012538 -0.014406 0.024689 -0.068862 0.997217
1356.699134 312.016670 -34.123503 3.010567 -0.014132 0.026592 -0.070737 0.997040
1356.799792 312.085374 -34.125434 3.018170 -0.016725 0.014803 -0.071472 0.997192
1356.899628 312.155709 -34.131360 3.013440 -0.018423 0.011737 -0.071574 0.997196
1356.999471 312.222497 -34.141576 3.002376 -0.019177 0.018090 -0.071182 0.997115
1357.099317 312.289103 -34.151269 3.004032 -0.018377 0.026307 -0.070600 0.996988
1357.199161 312.355135 -34.156813 3.001561 -0.017987 0.027516 -0.070245 0.996988
1357.299807 312.404553 -34.159221 3.006978 -0.016723 0.010786 -0.069799 0.997363
1357.399656 312.434011 -34.159635 3.019743 -0.015629 -0.002112 -0.069813 0.997435
1357.499503 312.460309 -34.157711 3.026938 -0.015186 0.005624 -0.070578 0.997375
1357.599334 312.488575 -34.158398 3.026099 -0.014595 0.018830 -0.071059 0.997188
1357.699176 312.516645 -34.160162 3.014702 -0.015004 0.028797 -0.071271 0.996928
1357.799813 312.547527 -34.163863 3.005550 -0.015244 0.032608 -0.071032 0.996824
1357.899657 312.588091 -34.170928 3.003692 -0.014562 0.035467 -0.070792 0.996754
1357.999496 312.639461 -34.178933 3.002602 -0.014549 0.036678 -0.070565 0.996726
1358.099337 312.692946 -34.186497 3.005298 -0.014112 0.039922 -0.070457 0.996616
1358.199151 312.748535 -34.193175 3.006707 -0.013792 0.045534 -0.070300 0.996391
1358.299792 312.801664 -34.195391 3.005451 -0.013194 0.051271 -0.070500 0.996106
1358.399637 312.848795 -34.198972 3.002604 -0.012816 0.054460 -0.070638 0.995932
1358.499468 312.886884 -34.204758 3.002613 -0.012888 0.055205 -0.070857 0.995874
1358.599319 312.914380 -34.211400 2.996209 -0.013153 0.053391 -0.071164 0.995948
1358.699155 312.947183 -34.220631 2.995005 -0.013495 0.052891 -0.071273 0.995962
1358.799801 312.994191 -34.228798 2.992614 -0.013798 0.054701 -0.071630 0.995835
1358.899648 313.062551 -34.235840 2.993348 -0.013866 0.057160 -0.071878 0.995678
1358.999488 313.134887 -34.244527 2.988348 -0.014441 0.059784 -0.072055 0.995503
1359.099336 313.209191 -34.256410 2.975760 -0.014384 0.062390 -0.072207 0.995332
1359.199169 313.280275 -34.268155 2.965199 -0.013893 0.066148 -0.072321 0.995089
1359.299804 313.358903 -34.281108 2.946908 -0.012986 0.070748 -0.072551 0.994768
1359.399633 313.444793 -34.296497 2.928029 -0.013027 0.075374 -0.072694 0.994417
1359.499469 313.539605 -34.313665 2.912697 -0.012873 0.076548 -0.072612 0.994335
1359.599305 313.638438 -34.329571 2.908916 -0.013305 0.072973 -0.072584 0.994600
1359.699150 313.745586 -34.349841 2.902574 -0.014281 0.068807 -0.072781 0.994869
1359.799784 313.869196 -34.367925 2.894685 -0.013957 0.066389 -0.072824 0.995035
1359.899627 313.996883 -34.386412 2.880245 -0.013875 0.065457 -0.071978 0.995159
1359.999470 314.130878 -34.406459 2.866377 -0.015986 0.063126 -0.070846 0.995359
1360.099307 314.269751 -34.427985 2.860708 -0.019684 0.060862 -0.069912 0.995500
1360.199164 314.402641 -34.447955 2.867307 -0.020041 0.057018 -0.070056 0.995711
1360.299813 314.537742 -34.461391 2.871486 -0.018606 0.052005 -0.071516 0.995909
1360.399645 314.668953 -34.478516 2.869654 -0.012990 0.052232 -0.073378 0.995851
1360.499477 314.804348 -34.499604 2.867598 -0.008932 0.052932 -0.075090 0.995731
1360.599322 314.938994 -34.520450 2.862590 -0.005738 0.048671 -0.076169 0.995890
1360.699151 315.076838 -34.537371 2.858560 -0.004418 0.042593 -0.077084 0.996105
1360.799780 315.226728 -34.554593 2.855983 -0.007887 0.038552 -0.077317 0.996230
1360.899615 315.381895 -34.571025 2.858091 -0.013115 0.036549 -0.076854 0.996286
1360.999455 315.540071 -34.593486 2.860064 -0.015942 0.038027 -0.076278 0.996234
1361.099311 315.684330 -34.621828 2.859599 -0.016045 0.038940 -0.075775 0.996235
1361.199171 315.819461 -34.644906 2.854940 -0.015571 0.039715 -0.075735 0.996215
1361.299815 315.958591 -34.664553 2.848417 -0.015903 0.039275 -0.075342 0.996257
1361.399660 316.092945 -34.683197 2.852834 -0.015043 0.041465 -0.075214 0.996191
1361.499504 316.235236 -34.705627 2.856426 -0.013785 0.042098 -0.074724 0.996220
1361.599350 316.381884 -34.729522 2.854089 -0.013255 0.042874 -0.074579 0.996205
1361.699195 316.525964 -34.750976 2.851918 -0.013190 0.043085 -0.074142 0.996229
1361.799841 316.667015 -34.766224 2.848656 -0.013173 0.041354 -0.073369 0.996360
1361.899694 316.807669 -34.784593 2.841138 -0.013575 0.038865 -0.072804 0.996496
1361.999520 316.940277 -34.800176 2.834249 -0.015716 0.039808 -0.072680 0.996437
1362.099368 317.070400 -34.818857 2.829683 -0.015282 0.043051 -0.072114 0.996350
1362.199212 317.203327 -34.838135 2.825018 -0.015058 0.045999 -0.072254 0.996211
1362.299461 317.341486 -34.854952 2.824067 -0.014527 0.048846 -0.072644 0.996055
1362.399305 317.484656 -34.872159 2.828478 -0.017471 0.049160 -0.073271 0.995946
1362.499148 317.632843 -34.888037 2.831165 -0.020309 0.045933 -0.073809 0.996007
1362.599800 317.779839 -34.903651 2.832896 -0.022641 0.041651 -0.073993 0.996131
1362.699638 317.923622 -34.917817 2.827808 -0.022106 0.038469 -0.074054 0.996267
1362.799473 318.068212 -34.931355 2.822635 -0.020534 0.036790 -0.073498 0.996405
1362.899315 318.206134 -34.941894 2.820277 -0.019293 0.035981 -0.072929 0.996501
1362.999146 318.342707 -34.950130 2.816258 -0.017740 0.035664 -0.072240 0.996592
1363.099783 318.487866 -34.963068 2.812502 -0.015674 0.036855 -0.072218 0.996584
1363.199627 318.619845 -34.971546 2.811410 -0.015982 0.038866 -0.072780 0.996462
1363.299469 318.744896 -34.979320 2.807613 -0.014951 0.040188 -0.073251 0.996391
1363.399299 318.864705 -34.989749 2.800082 -0.012974 0.041191 -0.073190 0.996383
1363.499141 318.986383 -35.000743 2.794020 -0.014183 0.041054 -0.072617 0.996414
1363.599790 319.127676 -35.014687 2.792948 -0.016020 0.039646 -0.071655 0.996512
1363.699635 319.263847 -35.026480 2.796709 -0.017366 0.037293 -0.071429 0.996597
1363.799486 319.396258 -35.037633 2.799905 -0.017321 0.038229 -0.071649 0.996547
1363.899331 319.525089 -35.046535 2.799684 -0.016090 0.039306 -0.071988 0.996501
1363.999188 319.651940 -35.059847 2.791802 -0.015264 0.037730 -0.072090 0.996567
1364.099825 319.780538 -35.072541 2.785055 -0.016110 0.034576 -0.072409 0.996645
1364.199676 319.904383 -35.084313 2.781287 -0.017464 0.034691 -0.072664 0.996600
1364.299502 320.029113 -35.099084 2.778427 -0.018758 0.035396 -0.072830 0.996540
1364.399334 320.156010 -35.115063 2.780103 -0.019357 0.038027 -0.073000 0.996419
1364.499173 320.277392 -35.126613 2.783535 -0.017777 0.038767 -0.073171 0.996407
1364.599811 320.393957 -35.133827 2.784946 -0.016451 0.039305 -0.072784 0.996437
1364.699647 320.509052 -35.142681 2.778165 -0.016041 0.036801 -0.072291 0.996575
1364.799467 320.621062 -35.152017 2.773487 -0.017073 0.035258 -0.071973 0.996637
1364.899315 320.741668 -35.161508 2.768545 -0.017971 0.035538 -0.071746 0.996628
1364.999152 320.860429 -35.176824 2.769043 -0.017633 0.036960 -0.071313 0.996613
1365.099797 320.976155 -35.193752 2.769849 -0.017042 0.036734 -0.071283 0.996634
1365.199628 321.086620 -35.203586 2.765520 -0.016982 0.036484 -0.071421 0.996634
1365.299458 321.197185 -35.208104 2.759507 -0.017065 0.036940 -0.071543 0.996607
1365.399294 321.307683 -35.216277 2.757480 -0.015724 0.037475 -0.071593 0.996606
1365.499150 321.418917 -35.225839 2.756304 -0.014465 0.038249 -0.071752 0.996584
1365.599795 321.530479 -35.236002 2.759406 -0.014115 0.038817 -0.071653 0.996574
1365.699637 321.633977 -35.246958 2.759633 -0.014777 0.038715 -0.071523 0.996578
1365.799479 321.733626 -35.256693 2.753419 -0.014458 0.039123 -0.071546 0.996565
1365.899328 321.838329 -35.266866 2.747929 -0.014586 0.039051 -0.071850 0.996544
1365.999172 321.951173 -35.276728 2.746870 -0.015260 0.037048 -0.072111 0.996591
1366.099808 322.054200 -35.284341 2.747622 -0.015049 0.037225 -0.072540 0.996557
1366.199647 322.150885 -35.293684 2.747117 -0.014603 0.037028 -0.072880 0.996546
1366.299472 322.249182 -35.304654 2.744269 -0.014252 0.037066 -0.072998 0.996541
1366.399309 322.356632 -35.314900 2.738932 -0.013674 0.037832 -0.072940 0.996525
1366.499152 322.463802 -35.325248 2.737789 -0.014387 0.038185 -0.072863 0.996507
1366.599790 322.564610 -35.336535 2.738950 -0.015479 0.037925 -0.072539 0.996524
1366.699630 322.666077 -35.351574 2.740406 -0.014753 0.038988 -0.072115 0.996525
1366.799461 322.770872 -35.365661 2.740286 -0.014164 0.042927 -0.071825 0.996392
1366.899305 322.869967 -35.379155 2.736998 -0.012677 0.049868 -0.071469 0.996115
1366.999136 322.972647 -35.389865 2.724960 -0.012670 0.054507 -0.071284 0.995885
1367.099785 323.072654 -35.399233 2.706963 -0.013711 0.057539 -0.071138 0.995711
1367.199609 323.180571 -35.411282 2.688795 -0.013064 0.061492 -0.071532 0.995455
1367.299453 323.301827 -35.428314 2.675750 -0.011483 0.064778 -0.071588 0.995262
1367.399283 323.421799 -35.445617 2.663846 -0.011498 0.063668 -0.071398 0.995347
1367.499128 323.549261 -35.461902 2.651767 -0.013708 0.059258 -0.071124 0.995611
1367.599765 323.678853 -35.474755 2.629387 -0.014123 0.054206 -0.070974 0.995904
1367.699592 323.805712 -35.488079 2.611900 -0.013784 0.051824 -0.070816 0.996047
1367.799420 323.941073 -35.504026 2.596586 -0.013730 0.052106 -0.071071 0.996015
1367.899267 324.077573 -35.519570 2.580658 -0.012039 0.048821 -0.072068 0.996131
1367.999502 324.215408 -35.534273 2.564215 -0.007307 0.047679 -0.073004 0.996165
1368.099341 324.352452 -35.549431 2.553110 -0.006809 0.050104 -0.074319 0.995952
1368.199175 324.482543 -35.563361 2.549130 -0.007879 0.050810 -0.075267 0.995837
1368.299817 324.608620 -35.576666 2.541713 -0.009273 0.050073 -0.075265 0.995862
1368.399665 324.729144 -35.590729 2.540113 -0.010831 0.050372 -0.074850 0.995863
1368.499507 324.859968 -35.611099 2.537526 -0.011837 0.049520 -0.074556 0.995916
1368.599359 324.997342 -35.631686 2.537192 -0.009513 0.047796 -0.074113 0.996058
1368.699182 325.140663 -35.648263 2.540275 -0.010412 0.046770 -0.073885 0.996115
1368.799834 325.288853 -35.668397 2.539603 -0.014673 0.049752 -0.073696 0.995931
1368.899671 325.440802 -35.687769 2.535371 -0.019355 0.052800 -0.073647 0.995698
1368.999504 325.588461 -35.703886 2.530656 -0.019940 0.052037 -0.074132 0.995690
1369.099347 325.729570 -35.719912 2.528188 -0.018239 0.050020 -0.074736 0.995781
1369.199190 325.866490 -35.736753 2.527985 -0.015957 0.048105 -0.075597 0.995850
1369.299827 326.011949 -35.755537 2.532177 -0.015239 0.047463 -0.076186 0.995847
1369.399668 326.159572 -35.771437 2.534313 -0.015486 0.048042 -0.076546 0.995788
1369.499510 326.305215 -35.785489 2.530900 -0.016374 0.049605 -0.076407 0.995707
1369.599349 326.456655 -35.799020 2.527243 -0.015633 0.048547 -0.075648 0.995829
1369.699182 326.612509 -35.811533 2.525906 -0.015286 0.045803 -0.074918 0.996020
1369.799827 326.769754 -35.828655 2.523600 -0.015233 0.045689 -0.074629 0.996048
1369.899673 326.917073 -35.847790 2.523339 -0.013938 0.047339 -0.074427 0.996005
1369.999516 327.065095 -35.863855 2.522692 -0.013597 0.047741 -0.074618 0.995976
1370.099371 327.212086 -35.875848 2.521989 -0.013355 0.047107 -0.074993 0.995981
1370.199197 327.355400 -35.886929 2.523367 -0.011947 0.045983 -0.075344 0.996025
1370.299838 327.495427 -35.900124 2.524937 -0.011551 0.045775 -0.075556 0.996023
1370.399681 327.640696 -35.915603 2.521222 -0.011890 0.044300 -0.075516 0.996089
1370.499513 327.793371 -35.933019 2.517359 -0.012854 0.044023 -0.075574 0.996085
1370.599352 327.938540 -35.949558 2.513625 -0.011533 0.045876 -0.075602 0.996015
1370.699191 328.088342 -35.966462 2.508563 -0.010855 0.049745 -0.075865 0.995817
1370.799832 328.235526 -35.983903 2.506179 -0.010457 0.053415 -0.076091 0.995614
1370.899658 328.384319 -35.997949 2.508571 -0.010927 0.053505 -0.076548 0.995569
1370.999493 328.534420 -36.010072 2.511262 -0.012154 0.051489 -0.077228 0.995609
1371.099328 328.680761 -36.027764 2.508031 -0.012730 0.049076 -0.077701 0.995687
1371.199178 328.825175 -36.049995 2.499224 -0.012618 0.047314 -0.078072 0.995744
1371.299822 328.977866 -36.071287 2.491200 -0.010986 0.047165 -0.078450 0.995741
1371.399647 329.128522 -36.092247 2.486987 -0.010453 0.048859 -0.078674 0.995647
1371.499484 329.288106 -36.111036 2.486117 -0.010034 0.051481 -0.078914 0.995501
1371.599315 329.443546 -36.128064 2.489192 -0.009562 0.052298 -0.078755 0.995475
1371.699158 329.591979 -36.145960 2.485407 -0.010956 0.050644 -0.078389 0.995575
1371.799795 329.744786 -36.166899 2.478358 -0.013166 0.049453 -0.078155 0.995627
1371.899632 329.906525 -36.191319 2.463762 -0.014667 0.049799 -0.078140 0.995590
1371.999461 330.064082 -36.215043 2.447542 -0.015237 0.048358 -0.078032 0.995661
1372.099295 330.224773 -36.239108 2.432999 -0.014805 0.043591 -0.077674 0.995915
1372.199136 330.387739 -36.263457 2.418196 -0.014251 0.038863 -0.077592 0.996126
1372.299781 330.546214 -36.285718 2.402849 -0.014071 0.036007 -0.077834 0.996217
1372.399637 330.695875 -36.307794 2.388713 -0.013699 0.033728 -0.078053 0.996284
1372.499479 330.842280 -36.328016 2.370533 -0.013450 0.032041 -0.078429 0.996314
1372.599312 330.980687 -36.346358 2.348799 -0.013717 0.032237 -0.078433 0.996304
1372.699147 331.107830 -36.364133 2.325631 -0.013646 0.034812 -0.078503 0.996212
1372.799792 331.227308 -36.381721 2.304074 -0.013019 0.038606 -0.078545 0.996078
1372.899629 331.352267 -36.400277 2.281883 -0.012559 0.041991 -0.078555 0.995946
1372.999463 331.490510 -36.420738 2.260830 -0.012199 0.045120 -0.078487 0.995819
1373.099308 331.638935 -36.444815 2.238265 -0.013086 0.047184 -0.078102 0.995742
1373.199151 331.787692 -36.465196 2.210817 -0.013434 0.047287 -0.078245 0.995721
1373.299802 331.934625 -36.484221 2.183565 -0.013512 0.047021 -0.078358 0.995724
1373.399637 332.079811 -36.505173 2.161687 -0.012758 0.046185 -0.078357 0.995773
1373.499492 332.225080 -36.529669 2.142722 -0.012974 0.046220 -0.078404 0.995765
1373.599331 332.367080 -36.555879 2.125565 -0.012406 0.045896 -0.077991 0.995820
1373.699174 332.505171 -36.576643 2.108146 -0.012979 0.046569 -0.077932 0.995786
1373.799819 332.646092 -36.596668 2.093740 -0.013202 0.048877 -0.077795 0.995683
1373.899661 332.785236 -36.616765 2.084187 -0.013704 0.052394 -0.077909 0.995488
1373.999502 332.920453 -36.639029 2.079515 -0.013877 0.052865 -0.077973 0.995456
1374.099345 333.048883 -36.660371 2.076199 -0.014020 0.051353 -0.078090 0.995524
1374.199190 333.182287 -36.682552 2.067411 -0.015278 0.049178 -0.078214 0.995606
1374.299837 333.333261 -36.704735 2.061137 -0.014879 0.049148 -0.078553 0.995586
1374.399676 333.475379 -36.726482 2.059930 -0.013779 0.049826 -0.078865 0.995544
1374.499510 333.610296 -36.750617 2.061014 -0.013978 0.049889 -0.078791 0.995544
1374.599355 333.736191 -36.772952 2.063041 -0.015471 0.049218 -0.079006 0.995538
1374.699177 333.867526 -36.793176 2.064592 -0.016351 0.048189 -0.079177 0.995561
1374.799828 334.018783 -36.818113 2.062983 -0.015819 0.048062 -0.079511 0.995549
1374.899654 334.160406 -36.841351 2.060102 -0.014548 0.050552 -0.079898 0.995414
1374.999487 334.305446 -36.866650 2.056550 -0.013442 0.053367 -0.080242 0.995255
1375.099320 334.470931 -36.891397 2.058826 -0.013998 0.055280 -0.080214 0.995145
1375.199162 334.637725 -36.917069 2.060419 -0.015314 0.053942 -0.080532 0.995174
1375.299803 334.799658 -36.943039 2.056707 -0.016321 0.050616 -0.081151 0.995282
1375.399630 334.946125 -36.969799 2.055143 -0.017066 0.049047 -0.081288 0.995337
1375.499481 335.095714 -36.995547 2.051518 -0.015385 0.047823 -0.080924 0.995453
1375.599316 335.254420 -37.022246 2.044822 -0.013808 0.049219 -0.080521 0.995441
1375.699163 335.413574 -37.047834 2.036206 -0.012796 0.049129 -0.080517 0.995460
1375.799795 335.568689 -37.074828 2.033820 -0.011246 0.045632 -0.080307 0.995662
1375.899631 335.718936 -37.102256 2.042412 -0.011031 0.042989 -0.079608 0.995838
1375.999471 335.877599 -37.128322 2.050050 -0.013612 0.042945 -0.079486 0.995817
1376.099304 336.045815 -37.155264 2.046225 -0.018777 0.046383 -0.079802 0.995554
1376.199146 336.217702 -37.180688 2.036272 -0.021896 0.044764 -0.080254 0.995528
1376.299778 336.367664 -37.204127 2.025756 -0.017962 0.042601 -0.080473 0.995684
1376.399624 336.523729 -37.231324 2.016507 -0.012454 0.043151 -0.081291 0.995678
1376.499460 336.681783 -37.258057 2.015187 -0.011321 0.044743 -0.081906 0.995571
1376.599307 336.849422 -37.284776 2.017216 -0.015734 0.044304 -0.080615 0.995636
1376.699164 337.013880 -37.311827 2.018441 -0.016388 0.044067 -0.078790 0.995782
1376.799804 337.175674 -37.339493 2.019301 -0.014821 0.041914 -0.078390 0.995931
1376.899630 337.335710 -37.365716 2.018679 -0.017539 0.039029 -0.078365 0.996006
1376.999472 337.492394 -37.392272 2.014912 -0.021809 0.036139 -0.077293 0.996115
1377.099316 337.654088 -37.419729 2.010394 -0.022832 0.035396 -0.076867 0.996151
1377.199159 337.801410 -37.443956 2.006507 -0.022606 0.035109 -0.076328 0.996208
1377.299801 337.941991 -37.465324 2.005999 -0.021771 0.035157 -0.075896 0.996258
1377.399648 338.083539 -37.487321 2.004359 -0.021377 0.035442 -0.075317 0.996300
1377.499486 338.221148 -37.507162 2.002525 -0.021278 0.035568 -0.074743 0.996341
1377.599336 338.359969 -37.525473 2.001001 -0.022467 0.034393 -0.074598 0.996367
1377.699180 338.500751 -37.546364 1.997992 -0.024250 0.034403 -0.075196 0.996280
1377.799829 338.637105 -37.570853 1.991572 -0.025508 0.035248 -0.075447 0.996200
1377.899661 338.776995 -37.593314 1.988434 -0.022977 0.036879 -0.075112 0.996228
1377.999503 338.910472 -37.612857 1.989318 -0.019701 0.037699 -0.074999 0.996276
1378.099338 339.035551 -37.630857 1.987348 -0.020904 0.037626 -0.075151 0.996243
1378.199195 339.162865 -37.646522 1.984639 -0.021560 0.038004 -0.075027 0.996224
1378.299837 339.300270 -37.662742 1.982703 -0.021945 0.038388 -0.074964 0.996205
1378.399685 339.433952 -37.679942 1.982994 -0.022101 0.040044 -0.074915 0.996140
1378.499516 339.567553 -37.695934 1.980736 -0.020396 0.041969 -0.074989 0.996092
1378.599359 339.699693 -37.711964 1.975445 -0.019217 0.042415 -0.075172 0.996083
1378.699188 339.822193 -37.728650 1.971825 -0.020114 0.042033 -0.075070 0.996089
1378.799820 339.937837 -37.744122 1.971846 -0.022112 0.040295 -0.074967 0.996126
1378.899657 340.060406 -37.756104 1.973306 -0.022970 0.039034 -0.075213 0.996138
1378.999495 340.181375 -37.768437 1.974124 -0.024650 0.038636 -0.075579 0.996086
1379.099330 340.304429 -37.782442 1.973481 -0.023605 0.039310 -0.075761 0.996071
1379.199170 340.422677 -37.793946 1.965419 -0.022602 0.040375 -0.075753 0.996052
1379.299818 340.554190 -37.803441 1.958353 -0.023898 0.039030 -0.075676 0.996082
1379.399664 340.688702 -37.813044 1.960585 -0.027040 0.034727 -0.075146 0.996201
1379.499510 340.826908 -37.824780 1.967041 -0.027956 0.032520 -0.075123 0.996252
1379.599350 340.952929 -37.837023 1.969314 -0.026632 0.036594 -0.075526 0.996116
1379.699169 341.070879 -37.844280 1.965907 -0.022746 0.040095 -0.075472 0.996082
1379.799795 341.184777 -37.849789 1.959479 -0.017629 0.043976 -0.075667 0.996007
1379.899641 341.306255 -37.855504 1.954273 -0.016689 0.045847 -0.076032 0.995911
1379.999480 341.430966 -37.859407 1.952043 -0.018183 0.046942 -0.076060 0.995832
1380.099318 341.556586 -37.868422 1.949139 -0.017748 0.045290 -0.075735 0.995941
1380.199170 341.692661 -37.878184 1.947352 -0.018183 0.044910 -0.075616 0.995959
1380.299810 341.826287 -37.887553 1.944760 -0.017498 0.046617 -0.075668 0.995889
1380.399661 341.956542 -37.896190 1.942926 -0.018133 0.049628 -0.075748 0.995726
1380.499498 342.090883 -37.903182 1.942410 -0.019648 0.049684 -0.075688 0.995699
1380.599333 342.220013 -37.911005 1.938905 -0.019446 0.045549 -0.076058 0.995873
1380.699182 342.339972 -37.921124 1.929821 -0.017214 0.041944 -0.076366 0.996048
1380.799826 342.460791 -37.931370 1.926272 -0.014563 0.042958 -0.076429 0.996043
1380.899670 342.584407 -37.940381 1.929299 -0.015393 0.045573 -0.076632 0.995898
1380.999521 342.708494 -37.950364 1.930652 -0.017485 0.046150 -0.076707 0.995832
1381.099375 342.846199 -37.958777 1.927812 -0.017817 0.046682 -0.076941 0.995783
1381.199208 342.985039 -37.966196 1.925680 -0.018373 0.045809 -0.077206 0.995793
1381.299460 343.112461 -37.975893 1.921618 -0.020727 0.045022 -0.077264 0.995778
1381.399300 343.237168 -37.990684 1.914247 -0.022666 0.045306 -0.077409 0.995712
1381.499145 343.362517 -38.008528 1.901595 -0.021501 0.048697 -0.077081 0.995603
1381.599777 343.486412 -38.022002 1.890817 -0.020615 0.050165 -0.076704 0.995578
1381.699619 343.615569 -38.032316 1.885749 -0.019721 0.048128 -0.075996 0.995751
1381.799454 343.753508 -38.037824 1.883564 -0.020670 0.043604 -0.075425 0.995983
1381.899284 343.886393 -38.044215 1.881054 -0.021207 0.043119 -0.075368 0.995997
1381.999127 344.027102 -38.056171 1.871783 -0.020775 0.047657 -0.075653 0.995778
1382.099765 344.168890 -38.070871 1.859071 -0.019159 0.052397 -0.075926 0.995551
1382.199599 344.303055 -38.086293 1.850897 -0.017518 0.052621 -0.076256 0.995545
1382.299438 344.441386 -38.096496 1.847079 -0.017916 0.050089 -0.076856 0.995622
1382.399278 344.580402 -38.106879 1.848179 -0.018394 0.047239 -0.077500 0.995703
1382.499115 344.726021 -38.118904 1.852975 -0.019667 0.046989 -0.077853 0.995663
1382.599754 344.880534 -38.133904 1.853064 -0.018075 0.049069 -0.077703 0.995604
1382.699584 345.027038 -38.148824 1.846802 -0.017049 0.050485 -0.077355 0.995579
1382.799423 345.161820 -38.161537 1.840402 -0.018857 0.049149 -0.077180 0.995626
1382.899261 345.299701 -38.172414 1.838556 -0.020306 0.045980 -0.077242 0.995745
1382.999501 345.438968 -38.184027 1.835811 -0.019951 0.043787 -0.076841 0.995882
1383.099345 345.581463 -38.199567 1.832671 -0.019555 0.042154 -0.076683 0.995972
1383.199171 345.729332 -38.214649 1.831299 -0.019759 0.042323 -0.077243 0.995918
1383.299810 345.873478 -38.228218 1.833639 -0.018628 0.044768 -0.077373 0.995822
1383.399645 346.012807 -38.240376 1.831991 -0.016329 0.045178 -0.077084 0.995867
1383.499479 346.159900 -38.254953 1.827658 -0.015813 0.045339 -0.077151 0.995862
1383.599320 346.308403 -38.271990 1.827703 -0.016531 0.046943 -0.076946 0.995792
1383.699164 346.454824 -38.287914 1.826529 -0.017493 0.046171 -0.076686 0.995832
1383.799807 346.594502 -38.302564 1.821160 -0.017733 0.046356 -0.076952 0.995799
1383.899638 346.728213 -38.313760 1.817531 -0.017996 0.046281 -0.077480 0.995757
1383.999481 346.865542 -38.326445 1.817104 -0.017047 0.045238 -0.078006 0.995780
1384.099323 347.011353 -38.344824 1.815782 -0.017439 0.041727 -0.078516 0.995887
1384.199154 347.158046 -38.364859 1.814060 -0.017268 0.040959 -0.078574 0.995917
1384.299795 347.304235 -38.383723 1.813536 -0.017596 0.043121 -0.078260 0.995845
1384.399637 347.446036 -38.396458 1.812229 -0.018598 0.044697 -0.078263 0.995757
1384.499476 347.588948 -38.412115 1.809321 -0.018828 0.046389 -0.077878 0.995705
1384.599318 347.726858 -38.432339 1.808982 -0.016906 0.045231 -0.077432 0.995828
1384.699154 347.869031 -38.452903 1.809148 -0.016513 0.043927 -0.077216 0.995909
1384.799777 348.011071 -38.474753 1.803208 -0.018015 0.045555 -0.077013 0.995826
1384.899613 348.158099 -38.495639 1.797219 -0.019579 0.048603 -0.076946 0.995657
1384.999461 348.302410 -38.517397 1.793112 -0.019596 0.049407 -0.077110 0.995605
1385.099297 348.450721 -38.537115 1.793867 -0.018678 0.048105 -0.076842 0.995707
1385.199153 348.596729 -38.553392 1.795634 -0.019826 0.047508 -0.076877 0.995711
1385.299781 348.748564 -38.573651 1.795578 -0.018792 0.047354 -0.076817 0.995743
1385.399620 348.886678 -38.597248 1.791753 -0.018018 0.048813 -0.076792 0.995689
1385.499462 349.029284 -38.620945 1.779088 -0.019117 0.051555 -0.076834 0.995527
1385.599286 349.182445 -38.642311 1.759575 -0.021205 0.054101 -0.076826 0.995350
1385.699130 349.339674 -38.662889 1.737866 -0.022319 0.056628 -0.076989 0.995172
1385.799767 349.501352 -38.684568 1.718327 -0.021454 0.059608 -0.077106 0.995008
1385.899614 349.653707 -38.705736 1.702521 -0.018093 0.061006 -0.077321 0.994974
1385.999467 349.807362 -38.728914 1.683355 -0.017381 0.062336 -0.077917 0.994857
1386.099294 349.972649 -38.754628 1.664018 -0.017974 0.061389 -0.077775 0.994917
1386.199137 350.141226 -38.780182 1.639534 -0.023198 0.057435 -0.077517 0.995065
1386.299794 350.304212 -38.804425 1.611812 -0.026987 0.051369 -0.077253 0.995322
1386.399644 350.457390 -38.824256 1.594768 -0.024698 0.049806 -0.077105 0.995472
1386.499489 350.621205 -38.843852 1.591479 -0.019601 0.053493 -0.077295 0.995379
1386.599323 350.790190 -38.866128 1.592745 -0.017939 0.054811 -0.077701 0.995307
1386.699180 350.960481 -38.890728 1.591125 -0.018592 0.054945 -0.077857 0.995276
1386.799824 351.138786 -38.918104 1.586742 -0.020572 0.056215 -0.078619 0.995106
1386.899658 351.311756 -38.941233 1.582180 -0.024504 0.056754 -0.079175 0.994942
1386.999505 351.483849 -38.958617 1.580968 -0.030540 0.054961 -0.079523 0.994848
1387.099340 351.652398 -38.973023 1.579328 -0.030319 0.051826 -0.079468 0.995027
1387.199163 351.829176 -38.990036 1.577634 -0.025767 0.049200 -0.079377 0.995296
1387.299806 352.012784 -39.011252 1.579619 -0.022163 0.044929 -0.079446 0.995580
1387.399645 352.195732 -39.030492 1.577173 -0.023373 0.040600 -0.079634 0.995723
1387.499484 352.368488 -39.046083 1.571500 -0.025869 0.036881 -0.079637 0.995806
1387.599327 352.539228 -39.059040 1.566282 -0.025077 0.037267 -0.079129 0.995852
1387.699187 352.717407 -39.074189 1.562580 -0.022657 0.040292 -0.078375 0.995852
1387.799817 352.896616 -39.090146 1.561337 -0.019838 0.043832 -0.077803 0.995807
1387.899657 353.056029 -39.104514 1.562021 -0.019214 0.047551 -0.077954 0.995637
1387.999511 353.215925 -39.120272 1.559038 -0.019115 0.049007 -0.078323 0.995539
1388.099370 353.381006 -39.134589 1.553813 -0.019371 0.049333 -0.078788 0.995481
1388.199218 353.538395 -39.148343 1.550681 -0.020770 0.050214 -0.078835 0.995406
1388.299453 353.703161 -39.161879 1.549148 -0.020486 0.052404 -0.078747 0.995305
1388.399303 353.869065 -39.178510 1.542538 -0.019750 0.051361 -0.078519 0.995393
1388.499143 354.036372 -39.191904 1.537905 -0.018759 0.047916 -0.078759 0.995565
1388.599784 354.211210 -39.208092 1.540555 -0.018813 0.044846 -0.078987 0.995689
1388.699606 354.392537 -39.229146 1.543309 -0.016135 0.041917 -0.079879 0.995792
1388.799446 354.577867 -39.250818 1.543943 -0.013344 0.040502 -0.082615 0.995669
1388.899290 354.744580 -39.268614 1.543373 -0.015072 0.040237 -0.085299 0.995429
1388.999136 354.900515 -39.285836 1.540789 -0.018743 0.041633 -0.086559 0.995200
1389.099761 355.055559 -39.303111 1.534437 -0.020162 0.043112 -0.086558 0.995109
1389.199600 355.209599 -39.319488 1.526594 -0.019822 0.044131 -0.086480 0.995078
1389.299439 355.369678 -39.343219 1.522264 -0.019241 0.045000 -0.086006 0.995092
1389.399286 355.522212 -39.363569 1.524050 -0.019151 0.045321 -0.085848 0.995093
1389.499139 355.685963 -39.380986 1.526388 -0.019166 0.044624 -0.086157 0.995097
1389.599771 355.845029 -39.399604 1.522786 -0.020232 0.043229 -0.086325 0.995123
1389.699617 356.008485 -39.418446 1.518937 -0.020359 0.042313 -0.086844 0.995115
1389.799452 356.167920 -39.439534 1.515158 -0.020749 0.040909 -0.087189 0.995135
1389.899293 356.325332 -39.464877 1.508856 -0.020889 0.040291 -0.087173 0.995159
1389.999124 356.480158 -39.488971 1.503451 -0.020164 0.041196 -0.087230 0.995132
1390.099768 356.634821 -39.506832 1.504313 -0.017849 0.043195 -0.087507 0.995067
1390.199598 356.781022 -39.524479 1.507385 -0.017077 0.040858 -0.087755 0.995157
1390.299442 356.930788 -39.542880 1.503808 -0.021461 0.037524 -0.087974 0.995184
1390.399295 357.076365 -39.560473 1.496276 -0.024298 0.035847 -0.088160 0.995165
1390.499124 357.224174 -39.579887 1.488663 -0.023173 0.038812 -0.088057 0.995089
1390.599763 357.376367 -39.599892 1.485572 -0.021996 0.041115 -0.087907 0.995037
1390.699588 357.515672 -39.618116 1.490271 -0.020907 0.042660 -0.088057 0.994982
1390.799420 357.655329 -39.638672 1.493184 -0.020849 0.042720 -0.088071 0.994979
1390.899255 357.795997 -39.656606 1.490286 -0.020587 0.042487 -0.088187 0.994984
1390.999491 357.942287 -39.672081 1.484344 -0.020013 0.043669 -0.088414 0.994925
1391.099338 358.097041 -39.692238 1.478554 -0.020560 0.043807 -0.088564 0.994894
1391.199175 358.234902 -39.712150 1.473374 -0.022568 0.043171 -0.088834 0.994854
1391.299797 358.363219 -39.731965 1.474343 -0.023934 0.042328 -0.088778 0.994864
1391.399642 358.500374 -39.749791 1.477047 -0.023373 0.040735 -0.088584 0.994961
1391.499474 358.647403 -39.765458 1.475151 -0.024301 0.039894 -0.088677 0.994965
1391.599313 358.792888 -39.778518 1.469366 -0.023556 0.039732 -0.088700 0.994987
1391.699142 358.941755 -39.794419 1.465545 -0.021937 0.039548 -0.089118 0.994994
1391.799779 359.083580 -39.814343 1.462668 -0.019515 0.038765 -0.089366 0.995053
1391.899609 359.225919 -39.830584 1.456989 -0.015904 0.036998 -0.089486 0.995174
1391.999434 359.371395 -39.845562 1.456106 -0.015795 0.039469 -0.089764 0.995055
1392.099274 359.520006 -39.860567 1.455449 -0.017790 0.041018 -0.089819 0.994954
1392.199504 359.659509 -39.876282 1.454977 -0.020575 0.042672 -0.089575 0.994853
1392.299341 359.791281 -39.893215 1.451691 -0.020653 0.044125 -0.089418 0.994802
1392.399190 359.921000 -39.913803 1.449533 -0.021560 0.045195 -0.089108 0.994762
1392.499837 360.050919 -39.932731 1.444079 -0.023427 0.042574 -0.089800 0.994774
1392.599677 360.182308 -39.950090 1.434210 -0.023176 0.040635 -0.090663 0.994782
1392.699525 360.319054 -39.964640 1.422995 -0.019276 0.043602 -0.091055 0.994704
1392.799374 360.453609 -39.981162 1.410352 -0.017967 0.044516 -0.090194 0.994767
1392.899231 360.593657 -39.999049 1.402124 -0.018952 0.045592 -0.089637 0.994750
1392.999474 360.737248 -40.021788 1.389660 -0.017987 0.044702 -0.088933 0.994871
1393.099303 360.875683 -40.042355 1.377290 -0.017883 0.045960 -0.088976 0.994812
1393.199146 361.006760 -40.060227 1.367847 -0.019157 0.047241 -0.089465 0.994685
1393.299802 361.138723 -40.077834 1.358099 -0.020722 0.047045 -0.089969 0.994617
1393.399634 361.265654 -40.097070 1.348460 -0.020898 0.046167 -0.090072 0.994645
1393.499481 361.402115 -40.119907 1.339554 -0.021000 0.045914 -0.090392 0.994626
1393.599326 361.545553 -40.141064 1.331802 -0.020678 0.045707 -0.090853 0.994600
1393.699166 361.691607 -40.163787 1.323840 -0.021091 0.044743 -0.091430 0.994582
1393.799826 361.830730 -40.188463 1.318455 -0.021150 0.043740 -0.091154 0.994651
1393.899662 361.970866 -40.212899 1.316590 -0.021863 0.045074 -0.091140 0.994577
1393.999518 362.107822 -40.234484 1.308928 -0.022196 0.047170 -0.091035 0.994482
1394.099360 362.235656 -40.256077 1.302404 -0.022263 0.048621 -0.091008 0.994413
1394.199202 362.364680 -40.278069 1.297289 -0.022339 0.048233 -0.091003 0.994431
1394.299438 362.494824 -40.295740 1.293637 -0.019519 0.048204 -0.090784 0.994512
1394.399268 362.626431 -40.314551 1.297000 -0.019374 0.048012 -0.090712 0.994530
1394.499516 362.765049 -40.339792 1.298699 -0.023538 0.048638 -0.090383 0.994440
1394.599356 362.915757 -40.364401 1.290893 -0.028808 0.050606 -0.090090 0.994230
1394.699197 363.064537 -40.385562 1.278905 -0.031300 0.052176 -0.089850 0.994095
1394.799822 363.207821 -40.403567 1.267727 -0.030789 0.051140 -0.089581 0.994189
1394.899660 363.342959 -40.419917 1.260666 -0.029853 0.048834 -0.089689 0.994324
1394.999505 363.485256 -40.433017 1.257337 -0.029892 0.047971 -0.090167 0.994321
1395.099344 363.633770 -40.449851 1.259255 -0.026257 0.046530 -0.090109 0.994498
1395.199192 363.781971 -40.464117 1.261783 -0.026967 0.047193 -0.089847 0.994471
1395.299837 363.938104 -40.475486 1.258317 -0.029321 0.050372 -0.089565 0.994274
1395.399679 364.092796 -40.484000 1.248527 -0.028540 0.050248 -0.089500 0.994309
1395.499522 364.247579 -40.492768 1.239436 -0.025017 0.046410 -0.089213 0.994616
1395.599352 364.401209 -40.500769 1.233646 -0.020700 0.043973 -0.089473 0.994803
1395.699193 364.553137 -40.508921 1.235095 -0.020160 0.047257 -0.089841 0.994630
1395.799834 364.707425 -40.519744 1.235671 -0.024567 0.050411 -0.090292 0.994335
1395.899670 364.859611 -40.530061 1.236653 -0.029812 0.052690 -0.090475 0.994057
1395.999503 365.010534 -40.535993 1.236546 -0.035706 0.052729 -0.090432 0.993865
1396.099346 365.167066 -40.539450 1.229144 -0.037595 0.051305 -0.090412 0.993871
1396.199187 365.317326 -40.539882 1.217971 -0.033992 0.050697 -0.090456 0.994028
1396.299829 365.466246 -40.540443 1.213950 -0.032052 0.053414 -0.090310 0.993964
1396.399681 365.621978 -40.538746 1.212111 -0.035558 0.054652 -0.091136 0.993702
1396.499523 365.775391 -40.534426 1.211439 -0.039967 0.055639 -0.091447 0.993451
1396.599358 365.934820 -40.528867 1.208899 -0.041085 0.053953 -0.091615 0.993483
1396.699192 366.100999 -40.521896 1.203219 -0.039407 0.052510 -0.092221 0.993572
1396.799830 366.277436 -40.512479 1.196243 -0.036647 0.053818 -0.092450 0.993586
1396.899661 366.436322 -40.500799 1.185907 -0.035808 0.055963 -0.092073 0.993533
1396.999506 366.599754 -40.485756 1.179026 -0.036667 0.057708 -0.092073 0.993402
1397.099349 366.769870 -40.468063 1.177393 -0.037568 0.059230 -0.092105 0.993276
1397.199186 366.944151 -40.446182 1.176840 -0.035552 0.059225 -0.092016 0.993359
1397.299810 367.135667 -40.422788 1.176653 -0.031346 0.056881 -0.092171 0.993623
1397.399653 367.312275 -40.399310 1.176671 -0.025004 0.055014 -0.092248 0.993901
1397.499501 367.481416 -40.381197 1.172371 -0.019728 0.055101 -0.092068 0.994031
1397.599344 367.656292 -40.363748 1.166884 -0.018011 0.054950 -0.091704 0.994106
1397.699188 367.821150 -40.342416 1.160898 -0.018818 0.054052 -0.091644 0.994146
1397.799834 367.997325 -40.314510 1.154809 -0.018209 0.051140 -0.091499 0.994324
1397.899673 368.173796 -40.294495 1.150549 -0.018296 0.046242 -0.091039 0.994605
1397.999519 368.340654 -40.281517 1.157639 -0.018390 0.042957 -0.090285 0.994819
1398.099344 368.514422 -40.263944 1.168509 -0.020485 0.042981 -0.089990 0.994804
1398.199187 368.697420 -40.247131 1.165427 -0.017967 0.046660 -0.090618 0.994630
1398.299825 368.895019 -40.233866 1.148748 -0.014862 0.048426 -0.091497 0.994516
1398.399674 369.074740 -40.218372 1.136897 -0.011285 0.047057 -0.093030 0.994487
1398.499510 369.239986 -40.203575 1.129615 -0.010734 0.044910 -0.094986 0.994407
1398.599357 369.396907 -40.192213 1.127107 -0.011216 0.042640 -0.097842 0.994225
1398.699200 369.558452 -40.188179 1.127397 -0.016149 0.040891 -0.099183 0.994098
1398.799443 369.725880 -40.188308 1.126670 -0.016870 0.039565 -0.100522 0.994005
1398.899296 369.893716 -40.185772 1.124412 -0.019379 0.039314 -0.102048 0.993813
1398.999144 370.064818 -40.181690 1.120518 -0.019602 0.040361 -0.104139 0.993550
1399.099776 370.234907 -40.180025 1.112579 -0.017574 0.037845 -0.106107 0.993479
1399.199600 370.400434 -40.180610 1.106695 -0.016204 0.036436 -0.106884 0.993472
1399.299424 370.562287 -40.180080 1.101654 -0.016568 0.039406 -0.107139 0.993325
1399.399266 370.722348 -40.178804 1.093436 -0.016685 0.041028 -0.106718 0.993302
1399.499498 370.876740 -40.178648 1.085845 -0.016650 0.041989 -0.106592 0.993276
1399.599329 371.018623 -40.180240 1.085833 -0.017043 0.042681 -0.106362 0.993265
1399.699155 371.171591 -40.186262 1.089003 -0.015514 0.041751 -0.106061 0.993362
1399.799789 371.330909 -40.192010 1.086002 -0.013498 0.041077 -0.106089 0.993416
1399.899629 371.485408 -40.196244 1.078301 -0.013038 0.041582 -0.106023 0.993408
1399.999464 371.649656 -40.205145 1.074716 -0.010547 0.042806 -0.105717 0.993419
1400.099303 371.811781 -40.215888 1.071512 -0.007154 0.044981 -0.105661 0.993359
1400.199144 371.963848 -40.229240 1.067192 -0.004231 0.047304 -0.106200 0.993210
1400.299793 372.111643 -40.248307 1.063656 -0.003911 0.048156 -0.106525 0.993136
1400.399629 372.247471 -40.267954 1.064812 -0.004913 0.047489 -0.106723 0.993142
1400.499467 372.384148 -40.287150 1.066842 -0.009193 0.045354 -0.106652 0.993219
1400.599306 372.526858 -40.307892 1.063780 -0.015000 0.044935 -0.106513 0.993182
1400.699145 372.671623 -40.330470 1.056517 -0.017951 0.045761 -0.106134 0.993136
1400.799783 372.817879 -40.353850 1.048833 -0.017865 0.044854 -0.105814 0.993213
1400.899616 372.974725 -40.382554 1.046490 -0.017605 0.043842 -0.105882 0.993256
1400.999468 373.126761 -40.417176 1.046438 -0.015746 0.042455 -0.105844 0.993351
1401.099314 373.275940 -40.448995 1.044758 -0.013488 0.039775 -0.106307 0.993446
1401.199153 373.432477 -40.479231 1.040347 -0.013849 0.037884 -0.106701 0.993473
1401.299780 373.584766 -40.506241 1.030893 -0.013714 0.038628 -0.106734 0.993442
1401.399611 373.729088 -40.539225 1.020793 -0.014787 0.041257 -0.106708 0.993324
1401.499446 373.871782 -40.576857 1.011888 -0.016541 0.042340 -0.106562 0.993266
1401.599284 374.014506 -40.612547 1.006210 -0.018223 0.040768 -0.106851 0.993272
1401.699129 374.144285 -40.643126 1.002958 -0.019647 0.039671 -0.107098 0.993262
1401.799772 374.262372 -40.677271 1.001641 -0.021271 0.038244 -0.106979 0.993298
1401.899605 374.385941 -40.711476 1.001914 -0.020085 0.038235 -0.106700 0.993353
1401.999451 374.518016 -40.745027 0.998825 -0.018179 0.039445 -0.106266 0.993389
1402.099289 374.644745 -40.780735 0.994129 -0.016733 0.039579 -0.105966 0.993441
1402.199113 374.773259 -40.815322 0.989863 -0.017699 0.039048 -0.105864 0.993456
1402.299731 374.914022 -40.849720 0.986556 -0.018893 0.038198 -0.105950 0.993458
1402.399576 375.052462 -40.882536 0.982313 -0.019880 0.037433 -0.106145 0.993447
1402.499402 375.187193 -40.917101 0.977504 -0.019999 0.037860 -0.106460 0.993395
1402.599246 375.312405 -40.952235 0.975404 -0.019915 0.039495 -0.106809 0.993295
1402.699481 375.432485 -40.988841 0.976449 -0.020274 0.039915 -0.107174 0.993232
1402.799311 375.554397 -41.024484 0.973673 -0.020428 0.039449 -0.107293 0.993234
1402.899152 375.670062 -41.058767 0.966806 -0.021857 0.039182 -0.107212 0.993223
1402.999796 375.786238 -41.094293 0.964090 -0.022059 0.041007 -0.107368 0.993128
1403.099636 375.910485 -41.126905 0.960463 -0.021921 0.043188 -0.108035 0.992967
1403.199467 376.035862 -41.158988 0.957290 -0.022115 0.043542 -0.108332 0.992915
1403.299301 376.151363 -41.190422 0.954641 -0.020733 0.042758 -0.108518 0.992958
1403.399139 376.266659 -41.222743 0.951900 -0.020283 0.041526 -0.108709 0.992999
1403.499775 376.391633 -41.257100 0.948213 -0.021304 0.039519 -0.108536 0.993078
1403.599628 376.515007 -41.290364 0.945819 -0.022478 0.038344 -0.108552 0.993097
1403.699461 376.635798 -41.323731 0.940650 -0.022771 0.040092 -0.108655 0.993010
1403.799315 376.758183 -41.355485 0.936195 -0.021589 0.041687 -0.108723 0.992963
1403.899148 376.882176 -41.386331 0.933400 -0.022409 0.041878 -0.108943 0.992913
1403.999791 376.999495 -41.421246 0.933360 -0.022417 0.040051 -0.108983 0.992983
1404.099626 377.119150 -41.452955 0.931644 -0.021566 0.040412 -0.109418 0.992940
1404.199466 377.229509 -41.484038 0.930566 -0.021267 0.042308 -0.109385 0.992871
1404.299301 377.340471 -41.517016 0.929692 -0.021385 0.042859 -0.109226 0.992862
1404.399128 377.450168 -41.546921 0.930546 -0.022333 0.043770 -0.109043 0.992822
1404.499761 377.563540 -41.577884 0.928349 -0.022455 0.044413 -0.109067 0.992788
1404.599608 377.682699 -41.612674 0.923896 -0.022195 0.042473 -0.109004 0.992885
1404.699454 377.810233 -41.649431 0.923677 -0.021611 0.038903 -0.109102 0.993034
1404.799298 377.939201 -41.684831 0.923642 -0.021887 0.040731 -0.109667 0.992892
1404.899141 378.063747 -41.715478 0.921885 -0.022579 0.044780 -0.110230 0.992640
1404.999772 378.190691 -41.745993 0.916885 -0.021498 0.047415 -0.110350 0.992528
1405.099626 378.316989 -41.779968 0.915103 -0.022672 0.046465 -0.109974 0.992589
1405.199469 378.436123 -41.811703 0.915550 -0.026193 0.045699 -0.109629 0.992576
1405.299302 378.554067 -41.842304 0.914763 -0.029492 0.045517 -0.109605 0.992494
1405.399150 378.666531 -41.872344 0.914549 -0.030181 0.046259 -0.109843 0.992413
1405.499795 378.782386 -41.900773 0.913543 -0.031240 0.045610 -0.110130 0.992378
1405.599637 378.904203 -41.926746 0.913950 -0.034802 0.045546 -0.110511 0.992221
1405.699478 379.030335 -41.949664 0.914943 -0.036650 0.043488 -0.110236 0.992277
1405.799318 379.159792 -41.972773 0.913770 -0.038420 0.041555 -0.109904 0.992330
1405.899162 379.288373 -41.992061 0.910209 -0.039897 0.042374 -0.110035 0.992222
1405.999801 379.407132 -42.004786 0.911724 -0.039234 0.044198 -0.110495 0.992118
1406.099638 379.521483 -42.015877 0.911984 -0.035095 0.042531 -0.110846 0.992307
1406.199477 379.637502 -42.030338 0.908211 -0.030253 0.038436 -0.110801 0.992638
1406.299316 379.759465 -42.038795 0.902443 -0.025711 0.035234 -0.110804 0.992885
1406.399156 379.881529 -42.041447 0.897706 -0.022909 0.036497 -0.111194 0.992864
1406.499784 380.008287 -42.043753 0.893632 -0.021379 0.039680 -0.112060 0.992679
1406.599632 380.138224 -42.048306 0.890164 -0.019847 0.040252 -0.112734 0.992611
1406.699486 380.267010 -42.054799 0.892623 -0.018873 0.038825 -0.113228 0.992631
1406.799332 380.393015 -42.061219 0.897001 -0.019153 0.036746 -0.113627 0.992659
1406.899178 380.524636 -42.070759 0.894737 -0.019334 0.036244 -0.114003 0.992631
1406.999803 380.660352 -42.078964 0.892243 -0.018570 0.037300 -0.114576 0.992540
1407.099667 380.788199 -42.082134 0.888101 -0.019163 0.039796 -0.115199 0.992360
1407.199526 380.907256 -42.085693 0.880932 -0.019165 0.040791 -0.115237 0.992315
1407.299357 381.018338 -42.091621 0.876587 -0.018436 0.040064 -0.114710 0.992420
1407.399186 381.124767 -42.099512 0.870338 -0.019177 0.041116 -0.114362 0.992403
1407.499816 381.228319 -42.111704 0.860263 -0.020477 0.044120 -0.114025 0.992286
1407.599649 381.335066 -42.122739 0.841704 -0.019366 0.046780 -0.113786 0.992214
1407.699491 381.438224 -42.128909 0.819865 -0.018478 0.048264 -0.113856 0.992152
1407.799331 381.537037 -42.134775 0.800086 -0.018707 0.048121 -0.113710 0.992172
1407.899161 381.637697 -42.145898 0.789193 -0.018817 0.044998 -0.113298 0.992363
1407.999791 381.759461 -42.158291 0.790669 -0.018934 0.042997 -0.113082 0.992474
1408.099625 381.883011 -42.169748 0.796146 -0.016918 0.043248 -0.113149 0.992492
1408.199463 382.002509 -42.185396 0.793501 -0.015641 0.047716 -0.113305 0.992291
1408.299305 382.134113 -42.204142 0.785801 -0.015576 0.049462 -0.112863 0.992256
1408.399142 382.268803 -42.220132 0.772895 -0.019719 0.044849 -0.112184 0.992479
1408.499780 382.403158 -42.234482 0.763622 -0.023922 0.040824 -0.111759 0.992608
1408.599629 382.517243 -42.246999 0.765921 -0.024125 0.042488 -0.112322 0.992470
1408.699465 382.623529 -42.263103 0.771144 -0.019774 0.045977 -0.113602 0.992265
1408.799310 382.734027 -42.276974 0.772961 -0.014992 0.047902 -0.114915 0.992106
1408.899150 382.852270 -42.292730 0.770505 -0.013376 0.044641 -0.115847 0.992173
1408.999795 382.984924 -42.310484 0.768689 -0.015078 0.040695 -0.116310 0.992264
1409.099631 383.110552 -42.328189 0.766102 -0.017103 0.040622 -0.116095 0.992260
1409.199467 383.232516 -42.347440 0.759368 -0.018843 0.044452 -0.115539 0.992129
1409.299296 383.354776 -42.368169 0.756217 -0.022585 0.053563 -0.114989 0.991664
1409.399135 383.470926 -42.386429 0.758703 -0.024090 0.055774 -0.114863 0.991522
1409.499771 383.586759 -42.406794 0.762043 -0.022534 0.052052 -0.115531 0.991683
1409.599608 383.699553 -42.426897 0.763375 -0.019274 0.048793 -0.116320 0.991825
1409.699458 383.822449 -42.446811 0.758821 -0.015877 0.049178 -0.116832 0.991806
1409.799292 383.950802 -42.470400 0.750446 -0.016542 0.051156 -0.116986 0.991677
1409.899140 384.091305 -42.493854 0.743698 -0.018963 0.052500 -0.116737 0.991593
1409.999778 384.232236 -42.517344 0.743517 -0.021013 0.049887 -0.116127 0.991758
1410.099611 384.351077 -42.537394 0.745066 -0.023146 0.046661 -0.115668 0.991921
1410.199445 384.470684 -42.558311 0.742045 -0.021471 0.045682 -0.115399 0.992036
1410.299287 384.596965 -42.580804 0.741282 -0.019020 0.045064 -0.115624 0.992088
1410.399126 384.720329 -42.606116 0.741327 -0.019118 0.045174 -0.116035 0.992033
1410.499768 384.843548 -42.631997 0.737289 -0.020092 0.045318 -0.116389 0.991966
1410.599614 384.968736 -42.657792 0.733684 -0.020135 0.045468 -0.117243 0.991858
1410.699457 385.097335 -42.682805 0.734209 -0.021508 0.045773 -0.117764 0.991753
1410.799294 385.228153 -42.707095 0.736571 -0.021456 0.044957 -0.117638 0.991806
1410.899125 385.358903 -42.731634 0.733972 -0.022018 0.045287 -0.117423 0.991805
1410.999765 385.487187 -42.758636 0.732678 -0.022571 0.048533 -0.117353 0.991647
1411.099612 385.619402 -42.790941 0.730225 -0.022318 0.052319 -0.117181 0.991480
1411.199451 385.752742 -42.817170 0.724801 -0.021929 0.052935 -0.117542 0.991414
1411.299287 385.887679 -42.841574 0.720266 -0.021577 0.051636 -0.117609 0.991482
1411.399115 386.019682 -42.869905 0.716424 -0.020762 0.048551 -0.117321 0.991689
1411.499764 386.153450 -42.899309 0.715253 -0.021368 0.046900 -0.117433 0.991743
1411.599618 386.284850 -42.928536 0.716500 -0.021614 0.047797 -0.117377 0.991701
1411.699473 386.418002 -42.954549 0.717678 -0.023054 0.050806 -0.116854 0.991581
1411.799315 386.559498 -42.982966 0.718642 -0.023442 0.053351 -0.116043 0.991533
1411.899152 386.695072 -43.012905 0.717472 -0.023208 0.054295 -0.114677 0.991646
1411.999798 386.827004 -43.044513 0.714043 -0.023927 0.053051 -0.112919 0.991898
1412.099625 386.961167 -43.072626 0.712589 -0.024617 0.052523 -0.111237 0.992100
1412.199463 387.102785 -43.097866 0.704858 -0.026426 0.052686 -0.108800 0.992315
1412.299305 387.252843 -43.125582 0.703170 -0.025937 0.054602 -0.105885 0.992539
1412.399137 387.410700 -43.152301 0.703172 -0.024977 0.055409 -0.103681 0.992752
1412.499789 387.576958 -43.180363 0.699861 -0.026218 0.056380 -0.101210 0.992920
1412.599621 387.723169 -43.207248 0.698148 -0.026012 0.056770 -0.098641 0.993162
1412.699457 387.874431 -43.230832 0.695752 -0.025332 0.056238 -0.096262 0.993443
1412.799295 388.031455 -43.256397 0.690759 -0.022798 0.056390 -0.093973 0.993715
1412.899134 388.190158 -43.283120 0.686820 -0.019669 0.056359 -0.093038 0.993872
1412.999771 388.343469 -43.309352 0.686668 -0.019266 0.055718 -0.093171 0.993903
1413.099614 388.503654 -43.336381 0.686975 -0.021598 0.055339 -0.093622 0.993834
1413.199453 388.670434 -43.364826 0.687249 -0.023165 0.054534 -0.094015 0.993806
1413.299303 388.827425 -43.393747 0.683375 -0.025449 0.054722 -0.094317 0.993711
1413.399151 388.991670 -43.421091 0.677064 -0.026720 0.056232 -0.094593 0.993567
1413.499791 389.161566 -43.447473 0.673765 -0.025717 0.057349 -0.094812 0.993509
1413.599639 389.336295 -43.475108 0.672431 -0.024469 0.057242 -0.094795 0.993548
1413.699481 389.516886 -43.503524 0.670882 -0.024227 0.057654 -0.095010 0.993510
1413.799320 389.690004 -43.531110 0.668146 -0.023028 0.054309 -0.094941 0.993734
1413.899162 389.860571 -43.560944 0.666959 -0.023086 0.049404 -0.094802 0.994001
1413.999788 390.025792 -43.587817 0.665667 -0.022911 0.046676 -0.095046 0.994114
1414.099619 390.199202 -43.613975 0.665264 -0.021640 0.047650 -0.094837 0.994116
1414.199463 390.381723 -43.644865 0.660172 -0.021526 0.049102 -0.094699 0.994061
1414.299314 390.556770 -43.674543 0.644252 -0.021795 0.050537 -0.094666 0.993987
1414.399146 390.738438 -43.702087 0.621247 -0.023249 0.049836 -0.094766 0.993980
1414.499782 390.915707 -43.727133 0.601142 -0.026909 0.049140 -0.094925 0.993907
1414.599624 391.098659 -43.755439 0.586735 -0.028151 0.048224 -0.095009 0.993909
1414.699474 391.280802 -43.782520 0.580754 -0.028580 0.049062 -0.095310 0.993827
1414.799312 391.463965 -43.808223 0.577465 -0.027139 0.048517 -0.095222 0.993903
1414.899155 391.648518 -43.828857 0.570051 -0.024873 0.046173 -0.095478 0.994049
1414.999795 391.825796 -43.850699 0.562922 -0.027749 0.046302 -0.094957 0.994017
1415.099642 392.005587 -43.873414 0.554625 -0.029829 0.043654 -0.094535 0.994117
1415.199485 392.189370 -43.893324 0.541840 -0.030976 0.040753 -0.094350 0.994222
1415.299309 392.369986 -43.909892 0.532030 -0.031276 0.038923 -0.094730 0.994250
1415.399166 392.543607 -43.926791 0.526172 -0.030322 0.037224 -0.095163 0.994303
1415.499804 392.705916 -43.944458 0.520622 -0.027878 0.035439 -0.095319 0.994425
1415.599641 392.858775 -43.960690 0.515794 -0.025297 0.032370 -0.095537 0.994578
1415.699497 393.017575 -43.977302 0.515226 -0.022696 0.028962 -0.095517 0.994748
1415.799333 393.188775 -43.988579 0.514370 -0.021333 0.024856 -0.095284 0.994911
1415.899170 393.364194 -43.998725 0.512506 -0.023382 0.025148 -0.095199 0.994866
1415.999817 393.526179 -44.010252 0.511164 -0.025861 0.028863 -0.095325 0.994691
1416.099653 393.687598 -44.025068 0.506388 -0.024195 0.032090 -0.095288 0.994638
1416.199489 393.842352 -44.042041 0.497064 -0.022153 0.036874 -0.095721 0.994478
1416.299336 393.997327 -44.056614 0.492040 -0.019837 0.038904 -0.096012 0.994422
1416.399174 394.144451 -44.068280 0.494310 -0.018234 0.039448 -0.095890 0.994443
1416.499823 394.291127 -44.079415 0.499141 -0.018155 0.041270 -0.095700 0.994389
1416.599662 394.440459 -44.094713 0.500600 -0.020632 0.043730 -0.095536 0.994251
1416.699497 394.581743 -44.111373 0.500309 -0.022313 0.043677 -0.096060 0.994166
1416.799341 394.723206 -44.128227 0.499539 -0.021967 0.043837 -0.095948 0.994178
1416.899181 394.867352 -44.146692 0.491789 -0.023318 0.047321 -0.095316 0.994048
1416.999829 395.020892 -44.167398 0.481021 -0.024923 0.046888 -0.094552 0.994103
1417.099683 395.183555 -44.188768 0.478073 -0.024225 0.044958 -0.094428 0.994221
1417.199517 395.340465 -44.206928 0.482791 -0.024251 0.045840 -0.095160 0.994110
1417.299353 395.491690 -44.223693 0.483223 -0.025445 0.047009 -0.096120 0.993933
1417.399186 395.631638 -44.241344 0.475233 -0.023812 0.046770 -0.096552 0.993943
1417.499839 395.766412 -44.259797 0.462840 -0.022549 0.044112 -0.096254 0.994123
1417.599682 395.910999 -44.281430 0.457829 -0.022186 0.042256 -0.095868 0.994249
1417.699527 396.051960 -44.300124 0.458428 -0.026181 0.037996 -0.096132 0.994299
1417.799376 396.196091 -44.318444 0.458302 -0.028535 0.040365 -0.096667 0.994088
1417.899211 396.349570 -44.341544 0.456423 -0.024956 0.045824 -0.096575 0.993957
1417.999442 396.499315 -44.363758 0.453842 -0.022574 0.044234 -0.096475 0.994096
1418.099279 396.650126 -44.384282 0.449888 -0.023635 0.040754 -0.096542 0.994213
1418.199121 396.800867 -44.401618 0.443163 -0.023191 0.038967 -0.096793 0.994271
1418.299769 396.934986 -44.420170 0.443632 -0.024165 0.042390 -0.097018 0.994086
1418.399610 397.067976 -44.440214 0.446344 -0.023029 0.044914 -0.097451 0.993960
1418.499438 397.203226 -44.460548 0.451025 -0.022950 0.046296 -0.097879 0.993856
1418.599278 397.341940 -44.480677 0.448249 -0.025386 0.044755 -0.098220 0.993834
1418.699115 397.474799 -44.500401 0.446898 -0.031120 0.043165 -0.098149 0.993748
1418.799758 397.603338 -44.521809 0.447380 -0.034094 0.039975 -0.098302 0.993769
1418.899587 397.725678 -44.539458 0.443824 -0.032684 0.037404 -0.098549 0.993892
1418.999438 397.849498 -44.555080 0.436574 -0.027320 0.037926 -0.098625 0.994026
1419.099282 397.978798 -44.571381 0.429734 -0.025355 0.040876 -0.098793 0.993945
1419.199133 398.109559 -44.589841 0.427970 -0.027504 0.042683 -0.098803 0.993811
1419.299777 398.244490 -44.608550 0.433057 -0.028642 0.041527 -0.098515 0.993856
1419.399626 398.370544 -44.624426 0.438312 -0.027169 0.039077 -0.098372 0.994011
1419.499461 398.501394 -44.638726 0.434023 -0.028880 0.040404 -0.098264 0.993920
1419.599302 398.629332 -44.651098 0.424056 -0.028893 0.044186 -0.098126 0.993773
1419.699131 398.753453 -44.666365 0.415016 -0.028554 0.046844 -0.097783 0.993695
1419.799764 398.884466 -44.682012 0.411320 -0.027615 0.045965 -0.097544 0.993786
1419.899599 399.013283 -44.695469 0.411679 -0.025269 0.044230 -0.097637 0.993918
1419.999454 399.132790 -44.709097 0.412381 -0.024889 0.042607 -0.097595 0.994002
1420.099316 399.248042 -44.724398 0.412801 -0.024834 0.043029 -0.098092 0.993937
1420.199162 399.365140 -44.739386 0.410566 -0.024286 0.044882 -0.098082 0.993869
1420.299814 399.496508 -44.753032 0.406422 -0.023982 0.045471 -0.098167 0.993841
1420.399653 399.635948 -44.766783 0.402256 -0.023894 0.045207 -0.098266 0.993846
1420.499489 399.757868 -44.778844 0.404497 -0.023337 0.044627 -0.098242 0.993887
1420.599323 399.875239 -44.797578 0.404978 -0.023762 0.044743 -0.098129 0.993883
1420.699166 399.988679 -44.816317 0.401620 -0.024541 0.045761 -0.098305 0.993801
1420.799813 400.107610 -44.832522 0.395994 -0.025241 0.047419 -0.098382 0.993698
1420.899661 400.232671 -44.846708 0.396288 -0.025933 0.046966 -0.098333 0.993706
1420.999511 400.349339 -44.861247 0.400331 -0.026229 0.045104 -0.098383 0.993780
1421.099347 400.466473 -44.875672 0.399781 -0.025546 0.042810 -0.098525 0.993885
1421.199183 400.587255 -44.892679 0.394301 -0.024926 0.041177 -0.098877 0.993935
1421.299822 400.713025 -44.915039 0.388570 -0.024238 0.041381 -0.099283 0.993903
1421.399678 400.829400 -44.932946 0.384607 -0.024387 0.043438 -0.099803 0.993759
1421.499513 400.937679 -44.946642 0.384947 -0.025236 0.043865 -0.100406 0.993659
1421.599348 401.047984 -44.961314 0.388568 -0.026057 0.043096 -0.100626 0.993649
1421.699197 401.159158 -44.981646 0.386668 -0.026656 0.040607 -0.100426 0.993758
1421.799832 401.266969 -45.005541 0.380540 -0.025335 0.039133 -0.100254 0.993869
1421.899674 401.383564 -45.030317 0.371502 -0.025419 0.039626 -0.100243 0.993849
1421.999512 401.517932 -45.051644 0.370266 -0.025619 0.041201 -0.099968 0.993807
1422.099345 401.646172 -45.065178 0.370116 -0.025175 0.043746 -0.100153 0.993691
1422.199205 401.768045 -45.080490 0.368716 -0.025143 0.044743 -0.099860 0.993677
1422.299444 401.891288 -45.099272 0.363905 -0.025501 0.044362 -0.099493 0.993722
1422.399291 402.011162 -45.119703 0.358331 -0.025557 0.044582 -0.098967 0.993763
1422.499124 402.120485 -45.141566 0.352428 -0.025585 0.046658 -0.098604 0.993703
1422.599751 402.225046 -45.160853 0.349205 -0.026742 0.048043 -0.098388 0.993628
1422.699612 402.338323 -45.176220 0.347405 -0.031341 0.046109 -0.099028 0.993522
1422.799453 402.453859 -45.191405 0.348637 -0.035064 0.041129 -0.099653 0.993553
1422.899289 402.569020 -45.206672 0.352668 -0.035587 0.040010 -0.100223 0.993523
1422.999123 402.689792 -45.222835 0.353857 -0.033160 0.041687 -0.100879 0.993472
1423.099757 402.809736 -45.237339 0.348728 -0.029867 0.042356 -0.101269 0.993508
1423.199584 402.927097 -45.249437 0.339962 -0.028426 0.042054 -0.101529 0.993537
1423.299435 403.045572 -45.261494 0.331143 -0.029676 0.041250 -0.101523 0.993535
1423.399277 403.154359 -45.273862 0.330299 -0.031396 0.040208 -0.101356 0.993541
1423.499125 403.265364 -45.283000 0.333287 -0.033808 0.040806 -0.101382 0.993435
1423.599765 403.377363 -45.288334 0.335431 -0.033799 0.042547 -0.101165 0.993385
1423.699614 403.496218 -45.296928 0.334520 -0.031780 0.043474 -0.100832 0.993445
1423.799460 403.601552 -45.306030 0.328760 -0.032686 0.043112 -0.100841 0.993430
1423.899314 403.702439 -45.310035 0.323049 -0.033439 0.042272 -0.101103 0.993415
1423.999151 403.808136 -45.311825 0.322302 -0.033327 0.042752 -0.101187 0.993390
1424.099786 403.912475 -45.314797 0.318977 -0.032837 0.044982 -0.101328 0.993293
1424.199616 404.030111 -45.319095 0.316884 -0.030036 0.046560 -0.101427 0.993299
1424.299464 404.145322 -45.322891 0.316726 -0.026721 0.046491 -0.101290 0.993411
1424.399302 404.261249 -45.324867 0.313712 -0.025415 0.045957 -0.101082 0.993491
1424.499153 404.387354 -45.325031 0.311368 -0.025487 0.046459 -0.101449 0.993428
1424.599806 404.500853 -45.327468 0.312388 -0.025969 0.046391 -0.101592 0.993405
1424.699639 404.607690 -45.334995 0.309630 -0.025562 0.045151 -0.101605 0.993471
1424.799454 404.729040 -45.340833 0.301387 -0.024689 0.043878 -0.101937 0.993516
1424.899301 404.850004 -45.344880 0.295336 -0.022990 0.042884 -0.101926 0.993601
1424.999142 404.958479 -45.351802 0.294963 -0.021420 0.040911 -0.102559 0.993654
1425.099778 405.072839 -45.358716 0.290190 -0.022647 0.039189 -0.103051 0.993646
1425.199620 405.193294 -45.366256 0.285112 -0.024307 0.039936 -0.103959 0.993482
1425.299462 405.305230 -45.370274 0.281508 -0.024737 0.041772 -0.105429 0.993241
1425.399306 405.413727 -45.374666 0.281895 -0.025745 0.043386 -0.106432 0.993039
1425.499130 405.517873 -45.384347 0.280969 -0.024052 0.045272 -0.106587 0.992981
1425.599771 405.620839 -45.395400 0.277080 -0.024129 0.046339 -0.106885 0.992898
1425.699602 405.718224 -45.408393 0.277378 -0.024441 0.046868 -0.106868 0.992867
1425.799449 405.819468 -45.416035 0.281583 -0.024964 0.048153 -0.106836 0.992796
1425.899293 405.930485 -45.422295 0.285856 -0.025289 0.050185 -0.106971 0.992673
1425.999134 406.037070 -45.434260 0.287095 -0.024738 0.050850 -0.106886 0.992662
1426.099769 406.152246 -45.450658 0.283835 -0.024057 0.048607 -0.107555 0.992719
1426.199607 406.271131 -45.466221 0.277978 -0.024604 0.045218 -0.108983 0.992710
1426.299435 406.390092 -45.480727 0.276000 -0.024349 0.044021 -0.110437 0.992609
1426.399290 406.501593 -45.494278 0.276699 -0.026313 0.044064 -0.110668 0.992531
1426.499133 406.609888 -45.509117 0.278753 -0.025922 0.046463 -0.110569 0.992443
1426.599781 406.722413 -45.525627 0.277873 -0.025932 0.048442 -0.110405 0.992367
1426.699621 406.837931 -45.541358 0.273337 -0.025136 0.052192 -0.109897 0.992253
1426.799462 406.950615 -45.555429 0.264823 -0.024254 0.052831 -0.109242 0.992314
1426.899299 407.068820 -45.571853 0.254808 -0.024005 0.053383 -0.108994 0.992318
1426.999126 407.197706 -45.593491 0.252012 -0.023345 0.054070 -0.108578 0.992342
1427.099766 407.317547 -45.613170 0.253128 -0.024735 0.054100 -0.108661 0.992297
1427.199615 407.429644 -45.626859 0.257936 -0.027417 0.051534 -0.108917 0.992335
1427.299446 407.547506 -45.640390 0.259239 -0.029380 0.050628 -0.109333 0.992280
1427.399276 407.673313 -45.659389 0.252629 -0.029308 0.050423 -0.109116 0.992317
1427.499515 407.794561 -45.677596 0.246778 -0.029698 0.050003 -0.108998 0.992339
1427.599355 407.916319 -45.695026 0.246352 -0.030576 0.050042 -0.107758 0.992446
1427.699192 408.039966 -45.709323 0.247107 -0.026655 0.051852 -0.106114 0.992643
1427.799827 408.165394 -45.721605 0.245421 -0.023951 0.055457 -0.105365 0.992597
1427.899674 408.296775 -45.736193 0.246920 -0.023270 0.056684 -0.105783 0.992500
1427.999521 408.427986 -45.752932 0.242443 -0.025341 0.055762 -0.106089 0.992468
1428.099372 408.558361 -45.772241 0.231648 -0.025771 0.054663 -0.106453 0.992479
1428.199216 408.690179 -45.788411 0.231221 -0.026124 0.055484 -0.106720 0.992396
1428.299461 408.835082 -45.804121 0.232832 -0.026530 0.056451 -0.106303 0.992376
1428.399290 408.975461 -45.820904 0.234220 -0.025570 0.056179 -0.106266 0.992420
1428.499139 409.110458 -45.837331 0.232059 -0.023660 0.054287 -0.106510 0.992547
1428.599774 409.253148 -45.859690 0.229141 -0.022052 0.052395 -0.106536 0.992683
1428.699616 409.391392 -45.880397 0.225928 -0.022913 0.052100 -0.106793 0.992651
1428.799458 409.532295 -45.900434 0.222124 -0.024781 0.053286 -0.106816 0.992541
1428.899292 409.673663 -45.920180 0.219301 -0.025381 0.054147 -0.106790 0.992482
1428.999132 409.820361 -45.939942 0.219220 -0.025380 0.054933 -0.106883 0.992428
1429.099744 409.965264 -45.961367 0.219296 -0.024910 0.055313 -0.106801 0.992428
1429.199585 410.108175 -45.982858 0.214128 -0.024517 0.056214 -0.106889 0.992378
1429.299429 410.240524 -46.003971 0.210325 -0.023812 0.057056 -0.106901 0.992346
1429.399274 410.380268 -46.028573 0.207024 -0.023327 0.057346 -0.106727 0.992359
1429.499503 410.532616 -46.054569 0.205614 -0.023959 0.057265 -0.106588 0.992364
1429.599335 410.682400 -46.077630 0.202674 -0.026029 0.055846 -0.106011 0.992454
1429.699176 410.839344 -46.101975 0.197051 -0.029414 0.055237 -0.103841 0.992623
1429.799829 411.001803 -46.124199 0.191225 -0.028390 0.055326 -0.101803 0.992859
1429.899674 411.167826 -46.148161 0.189503 -0.025377 0.055585 -0.101047 0.993003
1429.999512 411.317785 -46.175633 0.187356 -0.026377 0.055716 -0.100381 0.993038
1430.099345 411.472529 -46.199507 0.182729 -0.025634 0.054418 -0.100342 0.993133
1430.199192 411.635392 -46.225681 0.177745 -0.024765 0.053896 -0.100402 0.993177
1430.299824 411.795174 -46.253966 0.177096 -0.023831 0.055339 -0.100237 0.993138
1430.399676 411.949715 -46.278149 0.178148 -0.024471 0.056888 -0.100547 0.993003
1430.499525 412.111627 -46.304633 0.175785 -0.024108 0.056805 -0.100647 0.993007
1430.599374 412.272212 -46.331692 0.173058 -0.023515 0.057025 -0.100535 0.993020
1430.699231 412.443931 -46.360486 0.167524 -0.024698 0.056936 -0.100368 0.993013
1430.799461 412.621955 -46.389234 0.163626 -0.025132 0.057123 -0.100365 0.992992
1430.899307 412.794690 -46.416149 0.164036 -0.025649 0.055672 -0.099883 0.993109
1430.999147 412.961576 -46.442406 0.158906 -0.028286 0.053580 -0.099925 0.993149
1431.099809 413.137369 -46.470789 0.148504 -0.029676 0.051902 -0.100153 0.993174
1431.199654 413.306129 -46.504130 0.141244 -0.031310 0.050006 -0.099982 0.993238
1431.299498 413.464147 -46.531170 0.129025 -0.031324 0.044921 -0.100012 0.993478
1431.399320 413.628287 -46.558189 0.116178 -0.029044 0.041867 -0.099462 0.993736
1431.499159 413.792127 -46.582570 0.099637 -0.026771 0.041560 -0.099586 0.993800
1431.599798 413.963067 -46.604608 0.085434 -0.025162 0.041597 -0.099805 0.993819
1431.699624 414.128018 -46.629614 0.076318 -0.026401 0.041177 -0.099669 0.993818
1431.799459 414.288920 -46.656468 0.066810 -0.027294 0.042609 -0.099885 0.993711
1431.899297 414.445599 -46.683367 0.049606 -0.027220 0.045179 -0.099800 0.993608
1431.999140 414.599991 -46.710964 0.032493 -0.025122 0.046199 -0.099937 0.993603
1432.099786 414.763657 -46.737384 0.022614 -0.024430 0.044614 -0.099770 0.993710
1432.199624 414.905199 -46.759289 0.014781 -0.025521 0.044746 -0.099558 0.993697
1432.299466 415.046886 -46.781859 0.009370 -0.026857 0.047052 -0.099391 0.993573
1432.399301 415.191462 -46.804006 -0.000635 -0.027834 0.050210 -0.099595 0.993371
1432.499149 415.337065 -46.826189 -0.013404 -0.029271 0.051227 -0.099631 0.993274
1432.599797 415.495038 -46.847412 -0.023225 -0.035259 0.049478 -0.100045 0.993126
1432.699653 415.655309 -46.869231 -0.026118 -0.041811 0.048066 -0.099880 0.992958
1432.799483 415.802450 -46.886676 -0.029253 -0.043905 0.045128 -0.099753 0.993018
1432.899319 415.957066 -46.900195 -0.042114 -0.044058 0.043078 -0.099579 0.993120
1432.999162 416.095321 -46.912246 -0.056590 -0.042226 0.044866 -0.099635 0.993115
1433.099803 416.246685 -46.922860 -0.072028 -0.040187 0.045920 -0.099803 0.993134
1433.199641 416.400052 -46.930816 -0.084740 -0.039880 0.045647 -0.100059 0.993133
1433.299475 416.557189 -46.933158 -0.092387 -0.039277 0.045771 -0.100685 0.993089
1433.399308 416.717576 -46.937103 -0.091960 -0.030876 0.047465 -0.102080 0.993163
1433.499129 416.874134 -46.936949 -0.103099 -0.026949 0.038562 -0.101301 0.993743
1433.599770 417.025271 -46.937669 -0.111814 -0.025497 0.035474 -0.101139 0.993913
1433.699610 417.169300 -46.938593 -0.123163 -0.025821 0.035077 -0.101016 0.993931
1433.799436 417.303509 -46.938953 -0.132617 -0.026928 0.035862 -0.100899 0.993885
1433.899287 417.437313 -46.940232 -0.140153 -0.026606 0.035598 -0.100674 0.993926
1433.999123 417.577713 -46.942646 -0.141762 -0.028117 0.036732 -0.100658 0.993845
1434.099749 417.718375 -46.942743 -0.140745 -0.028022 0.038772 -0.100548 0.993781
1434.199581 417.856727 -46.943187 -0.143451 -0.026840 0.038486 -0.100669 0.993813
1434.299413 417.992342 -46.944536 -0.148834 -0.027165 0.037253 -0.100568 0.993861
1434.399249 418.119102 -46.944705 -0.154757 -0.027307 0.036977 -0.100654 0.993859
1434.499486 418.248504 -46.943902 -0.164372 -0.026591 0.037397 -0.100794 0.993849
1434.599310 418.381105 -46.945399 -0.172162 -0.025846 0.035912 -0.100768 0.993926
1434.699145 418.506225 -46.946803 -0.173825 -0.024954 0.034219 -0.101067 0.993978
1434.799789 418.633356 -46.948051 -0.177422 -0.024125 0.034729 -0.101862 0.993899
1434.899624 418.751765 -46.948904 -0.174952 -0.022348 0.035263 -0.101862 0.993922
1434.999459 418.865197 -46.954398 -0.172723 -0.022174 0.034387 -0.101537 0.993990
1435.099310 418.978533 -46.960618 -0.175804 -0.024597 0.035408 -0.101179 0.993934
1435.199144 419.093726 -46.966432 -0.181351 -0.023146 0.038654 -0.100905 0.993875
1435.299790 419.209507 -46.969388 -0.185151 -0.025172 0.039086 -0.101006 0.993799
1435.399630 419.328075 -46.973534 -0.184614 -0.026990 0.038292 -0.101514 0.993730
1435.499450 419.449712 -46.981470 -0.182389 -0.027086 0.037806 -0.102009 0.993696
1435.599288 419.570048 -46.990235 -0.177091 -0.030752 0.038190 -0.103417 0.993429
1435.699128 419.672434 -46.996561 -0.188347 -0.022586 0.010566 -0.103519 0.994315
1435.799779 419.769358 -47.005470 -0.211952 -0.015525 -0.009650 -0.102309 0.994585
1435.899616 419.858626 -47.011075 -0.222825 -0.017823 -0.002015 -0.102393 0.994582
1435.999465 419.942636 -47.018789 -0.210537 -0.022443 0.007962 -0.102299 0.994469
1436.099318 420.019566 -47.029785 -0.202076 -0.024499 0.016243 -0.102021 0.994348
1436.199151 420.083595 -47.038639 -0.204794 -0.024533 0.018896 -0.101798 0.994323
1436.299790 420.147077 -47.047283 -0.205417 -0.023719 0.022395 -0.101705 0.994280
1436.399616 420.202737 -47.054313 -0.210188 -0.023545 0.027054 -0.101742 0.994164
1436.499449 420.251990 -47.058985 -0.220136 -0.023151 0.034834 -0.101889 0.993916
1436.599281 420.303203 -47.070551 -0.223678 -0.023622 0.042883 -0.101993 0.993580
1436.699114 420.358956 -47.091132 -0.225358 -0.022692 0.052071 -0.101906 0.993171
1436.799740 420.412390 -47.106200 -0.224935 -0.022633 0.061169 -0.101921 0.992652
1436.899591 420.468300 -47.120067 -0.232765 -0.022023 0.067438 -0.101907 0.992261
1436.999430 420.530466 -47.132539 -0.239988 -0.022427 0.070520 -0.101516 0.992078
1437.099276 420.597170 -47.149257 -0.243677 -0.022834 0.073035 -0.101234 0.991915
1437.199517 420.674835 -47.168850 -0.244661 -0.024885 0.072511 -0.101246 0.991903
1437.299357 420.757920 -47.189615 -0.245846 -0.025752 0.071630 -0.101379 0.991932
1437.399185 420.845301 -47.213206 -0.254160 -0.023897 0.073635 -0.101116 0.991858
1437.499813 420.949267 -47.239772 -0.263390 -0.022187 0.077997 -0.100890 0.991587
1437.599652 421.066408 -47.263541 -0.267009 -0.020598 0.083208 -0.100385 0.991249
1437.699498 421.193418 -47.293749 -0.267444 -0.021099 0.085202 -0.099703 0.991138
1437.799331 421.319361 -47.323388 -0.270857 -0.022082 0.084065 -0.098972 0.991287
1437.899169 421.452073 -47.352093 -0.271886 -0.023843 0.082940 -0.099228 0.991315
1437.999806 421.591247 -47.385186 -0.278933 -0.025076 0.079725 -0.099659 0.991506
1438.099641 421.730908 -47.418222 -0.280183 -0.023706 0.076997 -0.100241 0.991696
1438.199491 421.880513 -47.450568 -0.281693 -0.023199 0.073193 -0.100625 0.991957
1438.299330 422.022963 -47.484880 -0.282939 -0.023861 0.066694 -0.100567 0.992406
1438.399162 422.164576 -47.519881 -0.281228 -0.026998 0.061636 -0.100184 0.992691
1438.499804 422.314397 -47.555441 -0.280207 -0.027841 0.059504 -0.099968 0.992820
1438.599653 422.476574 -47.592662 -0.283120 -0.027420 0.060682 -0.100000 0.992757
1438.699495 422.644071 -47.629795 -0.297343 -0.026192 0.060297 -0.099964 0.992817
1438.799330 422.805274 -47.663556 -0.317741 -0.026383 0.055422 -0.100038 0.993089
1438.899164 422.958465 -47.698458 -0.339436 -0.026584 0.049207 -0.099576 0.993457
1438.999800 423.117113 -47.736035 -0.362826 -0.026267 0.045947 -0.099390 0.993640
1439.099647 423.270321 -47.771723 -0.385575 -0.026314 0.047545 -0.099367 0.993566
1439.199483 423.435949 -47.811594 -0.414627 -0.027160 0.051446 -0.099126 0.993373
1439.299328 423.606586 -47.849834 -0.454364 -0.026817 0.053227 -0.099191 0.993282
1439.399177 423.771001 -47.887979 -0.498395 -0.026828 0.053269 -0.099036 0.993295
1439.499814 423.940738 -47.925547 -0.537697 -0.025734 0.050316 -0.099015 0.993480
1439.599660 424.102493 -47.964566 -0.568912 -0.024770 0.048932 -0.098664 0.993608
1439.699508 424.262340 -48.002933 -0.599899 -0.024357 0.051851 -0.098404 0.993496
1439.799349 424.423689 -48.040931 -0.624116 -0.024918 0.058566 -0.098231 0.993126
1439.899197 424.594624 -48.081308 -0.646043 -0.026057 0.064584 -0.098206 0.992726
1439.999835 424.769168 -48.119998 -0.668154 -0.028109 0.065940 -0.098311 0.992571
1440.099659 424.941703 -48.158273 -0.692943 -0.028031 0.062612 -0.097991 0.992820
1440.199485 425.116687 -48.192844 -0.715883 -0.025892 0.060724 -0.097876 0.993007
1440.299323 425.293022 -48.231155 -0.724950 -0.024841 0.059545 -0.097409 0.993151
1440.399161 425.464192 -48.270208 -0.728529 -0.026944 0.058515 -0.097145 0.993183
1440.499801 425.626654 -48.308568 -0.732626 -0.028852 0.057705 -0.096788 0.993212
1440.599640 425.802674 -48.345197 -0.735747 -0.029324 0.056909 -0.097169 0.993207
1440.699465 425.976901 -48.375846 -0.746061 -0.036277 0.054383 -0.098134 0.993024
1440.799304 426.143175 -48.400745 -0.759808 -0.044321 0.053358 -0.099073 0.992660
1440.899144 426.306524 -48.423920 -0.773207 -0.046484 0.054263 -0.099532 0.992466
1440.999797 426.470928 -48.450976 -0.775468 -0.046100 0.054687 -0.099607 0.992453
1441.099633 426.645194 -48.476164 -0.771139 -0.046215 0.053199 -0.099908 0.992498
1441.199481 426.826940 -48.496732 -0.766665 -0.046116 0.050571 -0.100137 0.992617
1441.299310 427.013284 -48.510506 -0.767276 -0.042616 0.047459 -0.099973 0.992944
1441.399144 427.184698 -48.520236 -0.769889 -0.040005 0.045972 -0.100188 0.993101
1441.499781 427.352230 -48.528007 -0.777633 -0.033859 0.046982 -0.100350 0.993265
1441.599623 427.518009 -48.537829 -0.788444 -0.029215 0.049192 -0.100516 0.993289
1441.699469 427.685243 -48.548488 -0.795952 -0.028703 0.050825 -0.100423 0.993231
1441.799308 427.863785 -48.560550 -0.799679 -0.027700 0.049679 -0.100207 0.993339
1441.899149 428.028833 -48.567605 -0.803077 -0.026892 0.049421 -0.100071 0.993388
1441.999784 428.193119 -48.572123 -0.804305 -0.027813 0.047470 -0.100032 0.993462
1442.099631 428.359778 -48.579914 -0.804546 -0.027794 0.045171 -0.099843 0.993589
1442.199472 428.527244 -48.591283 -0.808301 -0.027475 0.043548 -0.099468 0.993708
1442.299323 428.697744 -48.602120 -0.815792 -0.026287 0.043173 -0.099501 0.993753
1442.399159 428.866804 -48.612119 -0.822752 -0.024978 0.042240 -0.099359 0.993841
1442.499794 429.048588 -48.628263 -0.828902 -0.025847 0.042335 -0.099044 0.993846
1442.599631 429.221643 -48.644049 -0.839731 -0.026429 0.041176 -0.098967 0.993887
1442.699473 429.386200 -48.652461 -0.850998 -0.025883 0.041018 -0.099252 0.993880
1442.799318 429.547047 -48.656919 -0.855903 -0.026346 0.040318 -0.099174 0.993904
1442.899154 429.696340 -48.668507 -0.849773 -0.028087 0.041224 -0.099110 0.993825
1442.999783 429.852028 -48.680901 -0.846529 -0.029108 0.040486 -0.099742 0.993763
1443.099615 430.003185 -48.694512 -0.848869 -0.027969 0.039165 -0.099709 0.993852
1443.199454 430.146754 -48.709010 -0.856647 -0.025814 0.039551 -0.099819 0.993884
1443.299294 430.294309 -48.717906 -0.863827 -0.026172 0.041849 -0.099579 0.993805
1443.399135 430.441245 -48.726708 -0.869234 -0.026988 0.044337 -0.099014 0.993731
1443.499781 430.594652 -48.739195 -0.873363 -0.027774 0.044451 -0.098913 0.993715
1443.599626 430.748706 -48.756291 -0.877055 -0.027332 0.045402 -0.099125 0.993663
1443.699462 430.894860 -48.773527 -0.883968 -0.027044 0.047499 -0.099361 0.993549
1443.799307 431.041748 -48.788897 -0.892660 -0.027084 0.050433 -0.099665 0.993373
1443.899138 431.186303 -48.801022 -0.902138 -0.026707 0.051628 -0.099415 0.993347
1443.999790 431.324907 -48.811446 -0.912544 -0.026596 0.049825 -0.099179 0.993465
1444.099637 431.464067 -48.822890 -0.925334 -0.024949 0.045953 -0.098933 0.993719
1444.199475 431.589943 -48.837225 -0.933791 -0.024150 0.044099 -0.098613 0.993855
1444.299316 431.718914 -48.856307 -0.939459 -0.023772 0.048070 -0.098211 0.993720
1444.399182 431.850329 -48.872112 -0.944499 -0.025066 0.053892 -0.097898 0.993420
1444.499809 431.989367 -48.886450 -0.944378 -0.025300 0.056520 -0.097453 0.993312
1444.599657 432.127601 -48.902360 -0.943700 -0.026993 0.056778 -0.097357 0.993262
1444.699497 432.267911 -48.920873 -0.950707 -0.025242 0.058111 -0.097539 0.993213
1444.799340 432.417174 -48.939706 -0.962589 -0.024587 0.059333 -0.098275 0.993085
1444.899190 432.569263 -48.956165 -0.971053 -0.025522 0.059645 -0.098793 0.992991
1444.999837 432.724917 -48.974585 -0.975041 -0.024486 0.058903 -0.098989 0.993042
1445.099679 432.874687 -48.990960 -0.973993 -0.023519 0.057295 -0.099114 0.993147
1445.199508 433.026917 -49.007612 -0.981449 -0.023567 0.051889 -0.098777 0.993476
1445.299368 433.185321 -49.037436 -0.975638 -0.023831 0.049525 -0.098187 0.993649
1445.399184 433.349882 -49.060790 -0.972784 -0.024697 0.050953 -0.098295 0.993545
1445.499825 433.508279 -49.076962 -0.974033 -0.023969 0.047847 -0.098335 0.993713
1445.599662 433.653136 -49.100280 -0.976477 -0.024243 0.043218 -0.097705 0.993981
1445.699505 433.799981 -49.128537 -0.982452 -0.027127 0.041578 -0.097789 0.993968
1445.799345 433.933828 -49.152261 -0.989241 -0.030266 0.039088 -0.098234 0.993935
1445.899170 434.065494 -49.169950 -0.990770 -0.030017 0.041427 -0.098322 0.993839
1445.999817 434.203778 -49.187277 -0.992247 -0.028108 0.047093 -0.098867 0.993588
1446.099669 434.345356 -49.206000 -1.001432 -0.025747 0.050571 -0.099008 0.993467
1446.199514 434.471121 -49.224610 -1.014318 -0.025842 0.050009 -0.098831 0.993511
1446.299352 434.593203 -49.243277 -1.029127 -0.028071 0.047444 -0.098826 0.993577
1446.399180 434.732120 -49.263246 -1.046980 -0.028973 0.043681 -0.098978 0.993708
1446.499818 434.876220 -49.286041 -1.060104 -0.028163 0.043714 -0.098761 0.993752
1446.599667 435.023761 -49.311053 -1.070223 -0.027253 0.044504 -0.098735 0.993745
1446.699499 435.171395 -49.335133 -1.083987 -0.026531 0.042527 -0.098555 0.993868
1446.799336 435.314676 -49.357828 -1.098717 -0.027926 0.040063 -0.098612 0.993927
1446.899186 435.455676 -49.377562 -1.114798 -0.027692 0.042968 -0.098834 0.993790
1446.999829 435.595648 -49.396482 -1.126589 -0.026655 0.046888 -0.099009 0.993624
1447.099664 435.725143 -49.416424 -1.132171 -0.026459 0.049783 -0.099293 0.993460
1447.199502 435.857162 -49.436599 -1.136789 -0.024819 0.048769 -0.099878 0.993494
1447.299330 435.991542 -49.460658 -1.144606 -0.024235 0.047867 -0.099605 0.993580
1447.399158 436.114411 -49.484328 -1.152499 -0.027754 0.046373 -0.099251 0.993594
1447.499794 436.241577 -49.505790 -1.157380 -0.029889 0.044173 -0.098673 0.993690
1447.599629 436.362845 -49.523818 -1.162855 -0.028752 0.043066 -0.098359 0.993803
1447.699477 436.482634 -49.541582 -1.169627 -0.026315 0.042354 -0.098438 0.993893
1447.799319 436.599156 -49.563254 -1.174483 -0.026770 0.041050 -0.098569 0.993923
1447.899164 436.716944 -49.587560 -1.176505 -0.027726 0.038766 -0.098412 0.994004
1447.999798 436.834197 -49.608472 -1.176696 -0.027953 0.037903 -0.098096 0.994062
1448.099634 436.951073 -49.627562 -1.178148 -0.027666 0.036910 -0.097719 0.994144
1448.199479 437.071294 -49.644684 -1.176926 -0.028565 0.036219 -0.098191 0.994098
1448.299305 437.183006 -49.662148 -1.180321 -0.029027 0.037427 -0.098786 0.993981
1448.399144 437.294414 -49.684263 -1.191757 -0.031009 0.038838 -0.098903 0.993855
1448.499784 437.405156 -49.706382 -1.203566 -0.031980 0.038192 -0.099092 0.993831
1448.599622 437.509090 -49.726259 -1.208130 -0.032026 0.036526 -0.099195 0.993881
1448.699454 437.610505 -49.743625 -1.209843 -0.030910 0.038686 -0.099244 0.993830
1448.799285 437.721866 -49.763465 -1.219881 -0.029131 0.040666 -0.098979 0.993831
1448.899112 437.829650 -49.781971 -1.234002 -0.027944 0.039429 -0.098508 0.993962
1448.999752 437.934367 -49.800970 -1.243831 -0.029234 0.036060 -0.097916 0.994111
1449.099591 438.034427 -49.816466 -1.248441 -0.029909 0.032700 -0.097393 0.994259
1449.199425 438.133641 -49.832592 -1.253937 -0.028593 0.034448 -0.097112 0.994266
1449.299261 438.239497 -49.848777 -1.256283 -0.026876 0.040212 -0.097307 0.994078
1449.399505 438.352001 -49.867864 -1.262735 -0.026330 0.042903 -0.097259 0.993985
1449.499358 438.465450 -49.886336 -1.271797 -0.028286 0.042782 -0.096859 0.993976
1449.599194 438.576319 -49.902637 -1.280970 -0.032058 0.042058 -0.096603 0.993917
1449.699829 438.681798 -49.917591 -1.289233 -0.035570 0.043192 -0.096934 0.993717
1449.799660 438.775746 -49.931505 -1.296171 -0.035275 0.044105 -0.097672 0.993615
1449.899489 438.866427 -49.943806 -1.303435 -0.033583 0.045719 -0.098355 0.993533
1449.999327 438.965554 -49.956409 -1.309526 -0.032865 0.046880 -0.099034 0.993436
1450.099170 439.070585 -49.970036 -1.315820 -0.030833 0.050027 -0.099473 0.993303
1450.199795 439.163328 -49.981940 -1.323213 -0.027821 0.051294 -0.099728 0.993302
1450.299650 439.244451 -49.989054 -1.328064 -0.029140 0.053497 -0.100262 0.993094
1450.399490 439.330049 -49.996342 -1.335959 -0.028415 0.055498 -0.099916 0.993040
1450.499331 439.429606 -50.007546 -1.342581 -0.026078 0.057217 -0.099819 0.993017
1450.599168 439.531024 -50.019013 -1.348100 -0.023427 0.056655 -0.100174 0.993079
1450.699800 439.634505 -50.032408 -1.354295 -0.022267 0.056154 -0.100335 0.993118
1450.799625 439.748493 -50.046746 -1.361441 -0.024569 0.057510 -0.100146 0.993005
1450.899470 439.866533 -50.060132 -1.368897 -0.027191 0.057761 -0.099746 0.992963
1450.999311 439.985936 -50.072067 -1.378214 -0.027728 0.056711 -0.099456 0.993038
1451.099147 440.100404 -50.089487 -1.382644 -0.026988 0.055033 -0.099085 0.993189
1451.199779 440.223647 -50.105372 -1.391657 -0.027455 0.052302 -0.098855 0.993347
1451.299616 440.334802 -50.118816 -1.399552 -0.028403 0.049992 -0.098681 0.993457
1451.399451 440.450427 -50.132665 -1.403945 -0.028882 0.048044 -0.098745 0.993533
1451.499289 440.563404 -50.151119 -1.402508 -0.027315 0.047540 -0.098894 0.993586
1451.599143 440.677743 -50.169470 -1.402701 -0.026130 0.048520 -0.099166 0.993544
1451.699789 440.795757 -50.185682 -1.406283 -0.025208 0.051357 -0.099414 0.993400
1451.799630 440.911612 -50.205552 -1.413231 -0.025761 0.053925 -0.099324 0.993259
1451.899456 441.029802 -50.221523 -1.422523 -0.027266 0.054125 -0.099378 0.993202
1451.999291 441.145342 -50.234135 -1.431686 -0.028293 0.052892 -0.098914 0.993286
1452.099123 441.258037 -50.245089 -1.436994 -0.028071 0.051738 -0.099035 0.993341
1452.199757 441.377085 -50.266222 -1.439580 -0.027684 0.052261 -0.098735 0.993355
1452.299606 441.494177 -50.291025 -1.439568 -0.027404 0.052210 -0.098887 0.993350
1452.399433 441.603483 -50.310322 -1.441266 -0.025676 0.050113 -0.099349 0.993458
1452.499266 441.715165 -50.323825 -1.445698 -0.024769 0.050231 -0.100362 0.993374
1452.599510 441.833232 -50.341581 -1.449216 -0.026241 0.053435 -0.101236 0.993080
1452.699353 441.952278 -50.358865 -1.450115 -0.026049 0.054659 -0.101795 0.992961
1452.799187 442.068481 -50.378796 -1.456641 -0.026188 0.053506 -0.102066 0.992992
1452.899822 442.193999 -50.401906 -1.465964 -0.025013 0.053700 -0.101759 0.993044
1452.999651 442.325749 -50.424264 -1.471151 -0.025911 0.053815 -0.101412 0.993050
1453.099491 442.453749 -50.442606 -1.473643 -0.028685 0.053717 -0.101118 0.993009
1453.199318 442.586572 -50.461859 -1.479991 -0.030485 0.052980 -0.100795 0.993028
1453.299164 442.718012 -50.485585 -1.480003 -0.030269 0.052855 -0.100660 0.993055
1453.399814 442.845984 -50.511170 -1.482848 -0.027467 0.052300 -0.100329 0.993199
1453.499647 442.975583 -50.539249 -1.485383 -0.028086 0.051134 -0.100409 0.993234
1453.599493 443.115545 -50.567282 -1.490503 -0.028246 0.050184 -0.100710 0.993248
1453.699337 443.247650 -50.586663 -1.495892 -0.027473 0.049472 -0.101045 0.993271
1453.799178 443.380972 -50.606667 -1.499009 -0.025935 0.049675 -0.101037 0.993303
1453.899815 443.505947 -50.631003 -1.509333 -0.027077 0.052378 -0.101247 0.993113
1453.999657 443.620632 -50.655446 -1.525849 -0.028757 0.056388 -0.101426 0.992827
1454.099515 443.752635 -50.679777 -1.535449 -0.028181 0.056146 -0.101617 0.992838
1454.199345 443.884893 -50.705370 -1.536981 -0.027822 0.050021 -0.101525 0.993185
1454.299185 444.016501 -50.732312 -1.533995 -0.025546 0.045785 -0.101015 0.993502
1454.399807 444.165616 -50.760145 -1.530919 -0.023180 0.048948 -0.100778 0.993434
1454.499647 444.306279 -50.788786 -1.534295 -0.023716 0.052323 -0.100292 0.993298
1454.599489 444.434970 -50.811672 -1.537040 -0.025513 0.054572 -0.100021 0.993160
1454.699334 444.564233 -50.836500 -1.544577 -0.030715 0.055841 -0.099567 0.992988
1454.799173 444.697725 -50.864563 -1.554221 -0.031905 0.057575 -0.099465 0.992862
1454.899813 444.842907 -50.893853 -1.553011 -0.029445 0.055338 -0.099194 0.993092
1454.999641 444.988063 -50.922270 -1.549441 -0.028309 0.053706 -0.099516 0.993182
1455.099470 445.126558 -50.948478 -1.553211 -0.029203 0.052514 -0.099525 0.993219
1455.199303 445.254612 -50.971766 -1.565449 -0.032761 0.051775 -0.099048 0.993195
1455.299145 445.384465 -50.993931 -1.581859 -0.039332 0.050733 -0.098695 0.993045
1455.399786 445.527274 -51.016938 -1.592102 -0.043408 0.051550 -0.098906 0.992812
1455.499618 445.676054 -51.037842 -1.594309 -0.042952 0.052591 -0.099416 0.992726
1455.599470 445.825387 -51.058485 -1.592219 -0.040108 0.051808 -0.099740 0.992854
1455.699313 445.955955 -51.071867 -1.594577 -0.037623 0.049499 -0.099990 0.993044
1455.799156 446.084406 -51.084346 -1.601184 -0.035665 0.046813 -0.100265 0.993219
1455.899775 446.224789 -51.097178 -1.611337 -0.035183 0.046154 -0.100597 0.993233
1455.999618 446.362474 -51.106580 -1.617014 -0.035440 0.046967 -0.100938 0.993151
1456.099456 446.488538 -51.114496 -1.619134 -0.035286 0.046783 -0.100747 0.993185
1456.199289 446.626762 -51.121378 -1.617641 -0.036753 0.046561 -0.100587 0.993158
1456.299130 446.763337 -51.123511 -1.615742 -0.037919 0.047867 -0.100438 0.993067
1456.399772 446.895386 -51.127205 -1.618370 -0.036517 0.050314 -0.100242 0.993019
1456.499613 447.036807 -51.139611 -1.626700 -0.035608 0.051298 -0.099436 0.993083
1456.599450 447.169626 -51.144736 -1.633475 -0.036954 0.051384 -0.098724 0.993100
1456.699293 447.301610 -51.144000 -1.637412 -0.037432 0.048880 -0.098189 0.993262
1456.799122 447.440460 -51.145413 -1.643485 -0.035661 0.045490 -0.097756 0.993530
1456.899768 447.579697 -51.145218 -1.644477 -0.030823 0.043501 -0.097782 0.993779
1456.999617 447.710239 -51.145409 -1.643322 -0.026830 0.043767 -0.098313 0.993831
1457.099453 447.847111 -51.148684 -1.646478 -0.027083 0.045852 -0.099652 0.993596
1457.199298 447.982298 -51.151886 -1.652986 -0.028342 0.047252 -0.100854 0.993374
1457.299146 448.114215 -51.152906 -1.657553 -0.027366 0.044851 -0.101492 0.993448
1457.399773 448.253624 -51.152323 -1.656800 -0.027207 0.042534 -0.101966 0.993506
1457.499612 448.391942 -51.155401 -1.659186 -0.025458 0.045606 -0.101775 0.993435
1457.599457 448.524698 -51.160402 -1.667721 -0.024431 0.047691 -0.101255 0.993416
1457.699287 448.658487 -51.167820 -1.676580 -0.024020 0.049011 -0.100863 0.993402
1457.799117 448.781780 -51.176340 -1.681287 -0.025676 0.048750 -0.101254 0.993334
1457.899758 448.917289 -51.182089 -1.676746 -0.026935 0.043914 -0.100959 0.993556
1457.999593 449.059675 -51.188179 -1.673191 -0.027918 0.039433 -0.100392 0.993774
1458.099425 449.192491 -51.195421 -1.672900 -0.030608 0.040674 -0.100174 0.993667
1458.199260 449.312751 -51.202506 -1.680635 -0.030636 0.041039 -0.100372 0.993631
1458.299509 449.434164 -51.209748 -1.692166 -0.028255 0.043150 -0.101312 0.993517
1458.399343 449.555520 -51.220479 -1.702511 -0.026707 0.042591 -0.102325 0.993480
1458.499191 449.672586 -51.227955 -1.702499 -0.026787 0.042185 -0.102977 0.993428
1458.599822 449.786276 -51.232775 -1.697088 -0.025130 0.042163 -0.103218 0.993447
1458.699663 449.902381 -51.239726 -1.698094 -0.025457 0.041086 -0.102867 0.993520
1458.799510 450.010405 -51.250165 -1.702781 -0.029479 0.043697 -0.102863 0.993298
1458.899353 450.123976 -51.264552 -1.709932 -0.032503 0.046939 -0.102695 0.993073
1458.999212 450.240781 -51.274564 -1.714203 -0.031111 0.046112 -0.102418 0.993185
1459.099445 450.353782 -51.283052 -1.714463 -0.028686 0.043032 -0.101930 0.993446
1459.199280 450.470658 -51.294986 -1.715342 -0.026759 0.040845 -0.101353 0.993651
1459.299115 450.590199 -51.307176 -1.721945 -0.026817 0.040577 -0.101299 0.993666
1459.399746 450.716482 -51.318041 -1.727447 -0.027892 0.043366 -0.101451 0.993503
1459.499590 450.837288 -51.329980 -1.733409 -0.030060 0.043520 -0.101387 0.993440
1459.599433 450.952548 -51.341862 -1.740187 -0.030236 0.043318 -0.101430 0.993439
1459.699275 451.070422 -51.354777 -1.747263 -0.028909 0.042389 -0.101464 0.993515
1459.799523 451.187073 -51.367438 -1.752972 -0.030354 0.043220 -0.101963 0.993385
1459.899369 451.287551 -51.376536 -1.758267 -0.032107 0.046364 -0.102572 0.993126
1459.999211 451.378481 -51.383676 -1.761654 -0.030566 0.048686 -0.102549 0.993065
1460.099451 451.478682 -51.392494 -1.764818 -0.032283 0.048335 -0.102077 0.993077
1460.199296 451.585404 -51.398585 -1.764181 -0.033175 0.047564 -0.101912 0.993102
1460.299134 451.682596 -51.405628 -1.763586 -0.033910 0.045390 -0.101519 0.993219
1460.399781 451.779182 -51.418040 -1.762806 -0.031841 0.043152 -0.100977 0.993442
1460.499615 451.883976 -51.430250 -1.762404 -0.029827 0.043234 -0.100838 0.993515
1460.599462 451.983792 -51.444205 -1.768089 -0.028830 0.042197 -0.100737 0.993600
1460.699299 452.079840 -51.451589 -1.771594 -0.027873 0.041769 -0.100801 0.993639
1460.799142 452.186205 -51.458819 -1.773139 -0.028253 0.042359 -0.100855 0.993597
1460.899778 452.297568 -51.464821 -1.773479 -0.029398 0.042702 -0.100523 0.993583
1460.999622 452.403803 -51.471455 -1.772813 -0.032788 0.041574 -0.100981 0.993478
1461.099490 452.498444 -51.479572 -1.774858 -0.032722 0.041314 -0.101680 0.993420
1461.199326 452.594034 -51.493411 -1.778405 -0.029519 0.041869 -0.102265 0.993437
1461.299163 452.689099 -51.505375 -1.776187 -0.027288 0.042019 -0.102932 0.993426
1461.399802 452.786898 -51.512527 -1.775062 -0.026257 0.043033 -0.103514 0.993350
1461.499645 452.873844 -51.516776 -1.782540 -0.026832 0.043648 -0.103676 0.993291
1461.599483 452.964624 -51.526446 -1.788028 -0.027225 0.044588 -0.103448 0.993262
1461.699327 453.062466 -51.536763 -1.794396 -0.027771 0.043933 -0.103193 0.993302
1461.799164 453.169816 -51.550096 -1.797228 -0.028696 0.043163 -0.103129 0.993317
1461.899803 453.273093 -51.561436 -1.796767 -0.029726 0.043101 -0.103095 0.993293
1461.999639 453.369726 -51.571349 -1.793132 -0.029927 0.045625 -0.103057 0.993178
1462.099463 453.460978 -51.583221 -1.792967 -0.030049 0.047327 -0.102842 0.993117
1462.199298 453.556841 -51.596546 -1.794571 -0.029143 0.049691 -0.102652 0.993048
1462.299139 453.648135 -51.607284 -1.798606 -0.028716 0.049745 -0.102674 0.993055
1462.399773 453.736185 -51.618913 -1.802149 -0.029308 0.046235 -0.102344 0.993242
1462.499609 453.820807 -51.627533 -1.804000 -0.031003 0.043483 -0.102274 0.993322
1462.599451 453.924502 -51.638837 -1.808154 -0.032633 0.043248 -0.102252 0.993282
1462.699292 454.030298 -51.656101 -1.811938 -0.031789 0.045430 -0.102077 0.993230
1462.799148 454.132500 -51.667620 -1.811766 -0.029534 0.047449 -0.102171 0.993196
1462.899794 454.238351 -51.676254 -1.816862 -0.028909 0.048296 -0.102609 0.993128
1462.999641 454.340259 -51.688500 -1.827079 -0.028160 0.049200 -0.102270 0.993140
1463.099489 454.427317 -51.702861 -1.835139 -0.028258 0.050072 -0.102190 0.993102
1463.199345 454.504796 -51.716374 -1.837828 -0.028223 0.052095 -0.102201 0.992998
1463.299191 454.590370 -51.728092 -1.843163 -0.028113 0.055153 -0.102192 0.992837
1463.399814 454.677039 -51.739945 -1.850420 -0.027999 0.056539 -0.102041 0.992777
1463.499649 454.767903 -51.753789 -1.855300 -0.028339 0.055325 -0.101938 0.992847
1463.599506 454.865440 -51.768962 -1.857219 -0.027860 0.054226 -0.101691 0.992946
1463.699339 454.965345 -51.785178 -1.865337 -0.026866 0.056792 -0.101832 0.992816
1463.799182 455.076336 -51.802130 -1.877462 -0.026496 0.058809 -0.101869 0.992704
1463.899814 455.190738 -51.822170 -1.887794 -0.027049 0.059017 -0.101306 0.992735
1463.999650 455.292927 -51.843057 -1.894066 -0.027893 0.057373 -0.100904 0.992849
1464.099496 455.400514 -51.862421 -1.899963 -0.029620 0.054720 -0.100774 0.992962
1464.199338 455.522444 -51.881648 -1.901202 -0.029362 0.050201 -0.100595 0.993226
1464.299193 455.631414 -51.898430 -1.896304 -0.028168 0.048342 -0.100884 0.993324
1464.399834 455.731912 -51.916386 -1.897545 -0.027660 0.048985 -0.101001 0.993295
1464.499684 455.835586 -51.932897 -1.912294 -0.028645 0.049979 -0.101590 0.993157
1464.599530 455.945212 -51.951234 -1.930146 -0.029681 0.049309 -0.102196 0.993098
1464.699384 456.055967 -51.974194 -1.942404 -0.028154 0.049094 -0.102203 0.993152
1464.799223 456.171414 -51.999897 -1.947709 -0.028184 0.050571 -0.102063 0.993092
1464.899460 456.297107 -52.024171 -1.953375 -0.028642 0.053038 -0.101941 0.992963
1464.999280 456.421388 -52.045360 -1.964255 -0.027946 0.055298 -0.101849 0.992869
1465.099113 456.547091 -52.065365 -1.978060 -0.027079 0.055440 -0.102074 0.992862
1465.199752 456.681644 -52.088241 -1.992073 -0.026163 0.054857 -0.101965 0.992930
1465.299577 456.814899 -52.114953 -2.004291 -0.028097 0.054323 -0.102071 0.992895
1465.399424 456.949788 -52.141116 -2.016358 -0.028638 0.053842 -0.102509 0.992861
1465.499268 457.072525 -52.164499 -2.022387 -0.028773 0.055993 -0.102784 0.992710
1465.599500 457.188160 -52.188547 -2.027445 -0.031694 0.055764 -0.102782 0.992634
1465.699343 457.302720 -52.209028 -2.034578 -0.036445 0.054556 -0.102709 0.992545
1465.799170 457.426316 -52.229043 -2.043730 -0.036029 0.051531 -0.102479 0.992746
1465.899806 457.559889 -52.250709 -2.058019 -0.033340 0.050080 -0.102525 0.992909
1465.999633 457.679483 -52.271205 -2.070909 -0.032294 0.051741 -0.102729 0.992838
1466.099484 457.811594 -52.292697 -2.075578 -0.030890 0.054208 -0.103080 0.992714
1466.199322 457.939261 -52.313867 -2.080124 -0.030656 0.053845 -0.103409 0.992707
1466.299163 458.056661 -52.332544 -2.083690 -0.032401 0.053009 -0.103534 0.992684
1466.399795 458.178091 -52.350746 -2.093343 -0.032783 0.053589 -0.103932 0.992598
1466.499629 458.307546 -52.369331 -2.105057 -0.034851 0.051274 -0.103699 0.992675
1466.599477 458.438744 -52.385017 -2.121900 -0.036936 0.051132 -0.103419 0.992636
1466.699299 458.572869 -52.398321 -2.138193 -0.040360 0.055018 -0.102985 0.992340
1466.799131 458.719261 -52.412092 -2.154421 -0.040728 0.057899 -0.102942 0.992165
1466.899778 458.867275 -52.429409 -2.162445 -0.038946 0.055472 -0.102953 0.992374
1466.999627 459.011377 -52.448773 -2.167136 -0.038676 0.052893 -0.103122 0.992508
1467.099463 459.151834 -52.462661 -2.174017 -0.035027 0.052043 -0.103734 0.992625
1467.199295 459.284043 -52.472234 -2.184402 -0.031875 0.054127 -0.103978 0.992594
1467.299126 459.424413 -52.479314 -2.200758 -0.031420 0.057115 -0.104374 0.992400
1467.399767 459.571591 -52.483896 -2.214800 -0.034315 0.057205 -0.105086 0.992223
1467.499598 459.717123 -52.491199 -2.217440 -0.036197 0.053687 -0.104812 0.992382
1467.599432 459.870234 -52.499132 -2.211406 -0.039224 0.054457 -0.104820 0.992224
1467.699271 460.020386 -52.504968 -2.209921 -0.041719 0.056526 -0.104479 0.992043
1467.799513 460.170936 -52.509386 -2.222947 -0.042016 0.060816 -0.104511 0.991773
1467.899355 460.327057 -52.512811 -2.240363 -0.036264 0.062386 -0.104497 0.991904
1467.999210 460.483617 -52.516859 -2.251372 -0.029292 0.059958 -0.104125 0.992323
1468.099450 460.641650 -52.522754 -2.258382 -0.026074 0.054849 -0.103619 0.992761
1468.199290 460.788144 -52.523411 -2.257648 -0.026287 0.053866 -0.103488 0.992823
1468.299125 460.921045 -52.523237 -2.260296 -0.027716 0.053452 -0.103081 0.992849
1468.399760 461.062516 -52.527442 -2.264696 -0.027041 0.053228 -0.103581 0.992828
1468.499613 461.209324 -52.533290 -2.264651 -0.023300 0.052987 -0.105269 0.992758
1468.599453 461.353660 -52.538705 -2.269505 -0.022483 0.050215 -0.105855 0.992858
1468.699296 461.508596 -52.548649 -2.276036 -0.022712 0.047809 -0.106417 0.992912
1468.799151 461.659863 -52.557457 -2.278881 -0.027156 0.046613 -0.106883 0.992807
1468.899786 461.806477 -52.565106 -2.281010 -0.028567 0.047192 -0.106735 0.992756
1468.999634 461.964845 -52.578708 -2.281467 -0.026660 0.046578 -0.106214 0.992894
1469.099481 462.131530 -52.591517 -2.284225 -0.026816 0.045050 -0.106190 0.992963
1469.199322 462.287703 -52.602150 -2.291794 -0.028104 0.044850 -0.106381 0.992916
1469.299170 462.435443 -52.615161 -2.298274 -0.031101 0.043943 -0.105740 0.992935
1469.399824 462.579129 -52.628839 -2.302098 -0.030897 0.043387 -0.105445 0.992998
1469.499658 462.722817 -52.639538 -2.309197 -0.028305 0.044421 -0.105663 0.993006
1469.599505 462.858838 -52.653546 -2.314383 -0.028191 0.043910 -0.106456 0.992947
1469.699347 462.983567 -52.666235 -2.316192 -0.027005 0.041366 -0.106808 0.993052
1469.799190 463.113058 -52.677950 -2.315474 -0.026710 0.038798 -0.107315 0.993109
1469.899824 463.251126 -52.690285 -2.316329 -0.025193 0.038583 -0.108471 0.993031
1469.999654 463.380664 -52.703116 -2.321626 -0.026491 0.038597 -0.110101 0.992817
1470.099497 463.511966 -52.714855 -2.331051 -0.025531 0.039378 -0.111674 0.992636
1470.199329 463.639136 -52.732577 -2.334107 -0.023547 0.039127 -0.113902 0.992442
1470.299164 463.760130 -52.750636 -2.334408 -0.023797 0.036003 -0.116996 0.992194
1470.399789 463.878552 -52.767105 -2.334279 -0.028491 0.034336 -0.118726 0.991924
1470.499611 463.995430 -52.785159 -2.330025 -0.026987 0.037615 -0.120617 0.991619
1470.599448 464.112676 -52.806013 -2.333118 -0.026323 0.039545 -0.123203 0.991244
1470.699296 464.238277 -52.828666 -2.341663 -0.023747 0.040426 -0.126555 0.990851
1470.799157 464.359196 -52.850723 -2.346733 -0.023934 0.039434 -0.129731 0.990476
1470.899798 464.465527 -52.869246 -2.344088 -0.025797 0.039327 -0.131219 0.990237
1470.999648 464.564083 -52.888594 -2.338321 -0.027180 0.041241 -0.131434 0.990094
1471.099509 464.670234 -52.908635 -2.339653 -0.027439 0.042984 -0.131299 0.990030
1471.199343 464.767032 -52.926961 -2.347500 -0.027576 0.044226 -0.131177 0.989988
1471.299186 464.862537 -52.946036 -2.356014 -0.028106 0.043822 -0.130774 0.990044
1471.399823 464.966095 -52.966528 -2.353299 -0.029055 0.043321 -0.130486 0.990077
1471.499651 465.063973 -52.988328 -2.356831 -0.030310 0.041546 -0.130234 0.990149
1471.599481 465.160434 -53.009541 -2.361335 -0.030522 0.041134 -0.130012 0.990188
1471.699333 465.260610 -53.029883 -2.365311 -0.030887 0.041377 -0.129828 0.990191
1471.799162 465.354655 -53.049315 -2.364103 -0.030454 0.043623 -0.130003 0.990085
1471.899801 465.454527 -53.072104 -2.364344 -0.030697 0.043764 -0.129817 0.990096
1471.999636 465.552558 -53.094511 -2.366527 -0.031015 0.042840 -0.129736 0.990137
1472.099471 465.655082 -53.114188 -2.369622 -0.030842 0.042465 -0.130095 0.990111
1472.199311 465.759501 -53.134373 -2.372678 -0.029911 0.043496 -0.130208 0.990081
1472.299139 465.862438 -53.155421 -2.373673 -0.029608 0.044838 -0.130611 0.989977
1472.399780 465.955629 -53.175492 -2.376198 -0.029538 0.044701 -0.130875 0.989950
1472.499618 466.057172 -53.196477 -2.377505 -0.029193 0.044459 -0.130766 0.989986
1472.599451 466.161955 -53.217744 -2.380550 -0.029496 0.044785 -0.130554 0.989990
1472.699289 466.264567 -53.238213 -2.383991 -0.029487 0.044881 -0.130336 0.990015
1472.799144 466.363293 -53.260286 -2.383366 -0.029844 0.045163 -0.130199 0.990009
1472.899773 466.455982 -53.282610 -2.386102 -0.030047 0.046203 -0.130465 0.989920
1472.999626 466.550459 -53.305162 -2.387512 -0.030559 0.046957 -0.130719 0.989835
1473.099468 466.644835 -53.324246 -2.391359 -0.030700 0.047433 -0.130976 0.989774
1473.199306 466.733126 -53.341957 -2.393103 -0.029543 0.046209 -0.131105 0.989850
1473.299135 466.821141 -53.360800 -2.390395 -0.028562 0.045021 -0.130732 0.989983
1473.399770 466.913267 -53.379810 -2.392180 -0.030025 0.046142 -0.130505 0.989918
1473.499610 467.016081 -53.400077 -2.395019 -0.033915 0.048119 -0.130862 0.989651
1473.599442 467.120940 -53.413430 -2.398001 -0.035650 0.047726 -0.130921 0.989601
1473.699269 467.222788 -53.429552 -2.399045 -0.034564 0.046907 -0.130632 0.989717
1473.799500 467.324246 -53.450005 -2.401741 -0.032962 0.046536 -0.130428 0.989816
1473.899334 467.415482 -53.469232 -2.409745 -0.034167 0.046402 -0.130370 0.989789
1473.999163 467.491694 -53.485324 -2.423716 -0.034594 0.045897 -0.130505 0.989780
1474.099803 467.562434 -53.495395 -2.424413 -0.032342 0.044815 -0.130812 0.989866
1474.199638 467.638498 -53.502872 -2.414405 -0.032681 0.044691 -0.131233 0.989804
1474.299485 467.729230 -53.510907 -2.408006 -0.036401 0.045370 -0.131663 0.989587
1474.399335 467.816441 -53.520452 -2.406415 -0.039722 0.047822 -0.131906 0.989311
1474.499182 467.906650 -53.528425 -2.414699 -0.041875 0.048840 -0.132163 0.989138
1474.599824 468.003717 -53.539653 -2.423968 -0.041215 0.050528 -0.132148 0.989083
1474.699667 468.113080 -53.552251 -2.429521 -0.038878 0.052209 -0.131919 0.989121
1474.799508 468.221219 -53.558490 -2.432635 -0.036766 0.053372 -0.131689 0.989170
1474.899353 468.317886 -53.560114 -2.430989 -0.033687 0.054384 -0.131506 0.989249
1474.999185 468.423431 -53.564686 -2.433824 -0.030718 0.055317 -0.131649 0.989275
1475.099827 468.541089 -53.572392 -2.439500 -0.028385 0.057507 -0.131584 0.989228
1475.199652 468.655042 -53.579407 -2.443668 -0.027750 0.059905 -0.131654 0.989095
1475.299493 468.762093 -53.586604 -2.445247 -0.028064 0.060383 -0.131535 0.989073
1475.399359 468.876548 -53.598587 -2.449923 -0.028013 0.060659 -0.131273 0.989092
1475.499184 468.989806 -53.611799 -2.452624 -0.027019 0.060740 -0.130647 0.989198
1475.599823 469.104455 -53.622091 -2.457536 -0.025935 0.059532 -0.130403 0.989332
1475.699663 469.215003 -53.628303 -2.462200 -0.027185 0.056808 -0.130369 0.989463
1475.799500 469.328719 -53.636272 -2.466230 -0.028577 0.055327 -0.130832 0.989447
1475.899347 469.439011 -53.646181 -2.465962 -0.029347 0.053354 -0.131396 0.989458
1475.999202 469.540797 -53.657483 -2.465707 -0.029188 0.050735 -0.131849 0.989540
1476.099448 469.648468 -53.671649 -2.464941 -0.027586 0.049196 -0.132328 0.989600
1476.199282 469.757698 -53.689477 -2.467527 -0.024428 0.048893 -0.133596 0.989528
1476.299108 469.870432 -53.706135 -2.471034 -0.024078 0.048609 -0.135389 0.989306
1476.399731 469.983530 -53.721762 -2.475292 -0.022588 0.047552 -0.137471 0.989106
1476.499580 470.100269 -53.740196 -2.475736 -0.024232 0.045691 -0.138924 0.988952
1476.599418 470.218733 -53.759020 -2.473543 -0.027190 0.044375 -0.139697 0.988826
1476.699261 470.332545 -53.781852 -2.474749 -0.028675 0.043603 -0.139718 0.988815
1476.799515 470.448319 -53.805478 -2.479396 -0.029253 0.043198 -0.139529 0.988843
1476.899359 470.568164 -53.824785 -2.483323 -0.029193 0.044658 -0.139524 0.988780
1476.999202 470.685525 -53.844294 -2.487338 -0.028760 0.046538 -0.139674 0.988685
1477.099433 470.805750 -53.867023 -2.494888 -0.029869 0.046482 -0.139668 0.988656
1477.199272 470.920164 -53.888992 -2.498160 -0.030668 0.045865 -0.139741 0.988650
1477.299510 471.042826 -53.912312 -2.498383 -0.030766 0.046595 -0.139550 0.988639
1477.399342 471.143180 -53.934945 -2.499959 -0.029661 0.048416 -0.139005 0.988663
1477.499191 471.239414 -53.954446 -2.502080 -0.029914 0.050212 -0.139011 0.988564
1477.599828 471.353408 -53.979016 -2.506343 -0.031127 0.051893 -0.139259 0.988405
1477.699668 471.468841 -54.003387 -2.509812 -0.030123 0.053629 -0.139754 0.988274
1477.799514 471.587359 -54.027688 -2.510609 -0.028240 0.053967 -0.140081 0.988265
1477.899370 471.704843 -54.053550 -2.512709 -0.028171 0.053372 -0.139774 0.988343
1477.999219 471.817681 -54.080612 -2.515959 -0.029275 0.055150 -0.139273 0.988284
1478.099463 471.930926 -54.106178 -2.513743 -0.031462 0.059518 -0.139048 0.987995
1478.199310 472.037959 -54.132209 -2.512541 -0.031712 0.058971 -0.138852 0.988047
1478.299156 472.157994 -54.156285 -2.518835 -0.029274 0.055955 -0.138596 0.988334
1478.399807 472.289030 -54.183049 -2.520114 -0.027760 0.053189 -0.138569 0.988534
1478.499639 472.421322 -54.211270 -2.522716 -0.030226 0.053230 -0.138356 0.988489
1478.599476 472.560766 -54.242300 -2.527835 -0.031791 0.054868 -0.138516 0.988328
1478.699306 472.686344 -54.267297 -2.525877 -0.033809 0.055129 -0.138728 0.988217
1478.799144 472.811889 -54.285717 -2.522464 -0.034667 0.054962 -0.139064 0.988149
1478.899768 472.947010 -54.310884 -2.528875 -0.034928 0.053741 -0.138888 0.988232
1478.999597 473.078300 -54.335598 -2.534494 -0.037595 0.054067 -0.138448 0.988178
1479.099434 473.212076 -54.352515 -2.530861 -0.039871 0.053878 -0.138384 0.988108
1479.199280 473.337555 -54.373259 -2.534155 -0.039437 0.052840 -0.138230 0.988203
1479.299118 473.470015 -54.395556 -2.543740 -0.036164 0.052291 -0.138270 0.988352
1479.399749 473.593687 -54.418189 -2.546107 -0.038368 0.051738 -0.138034 0.988331
1479.499590 473.714423 -54.432099 -2.543410 -0.041937 0.050372 -0.137984 0.988263
1479.599444 473.835215 -54.440312 -2.544976 -0.043265 0.049514 -0.137738 0.988284
1479.699293 473.958318 -54.451389 -2.549450 -0.039203 0.050523 -0.137720 0.988405
1479.799124 474.089130 -54.464603 -2.557484 -0.032634 0.052727 -0.137869 0.988507
1479.899760 474.239899 -54.480058 -2.565162 -0.028817 0.054612 -0.138085 0.988494
1479.999598 474.393284 -54.493766 -2.570556 -0.027622 0.056928 -0.138324 0.988364
1480.099427 474.544535 -54.508763 -2.571346 -0.028192 0.057122 -0.137862 0.988401
1480.199253 474.684237 -54.522775 -2.572443 -0.028711 0.055565 -0.137417 0.988537
1480.299494 474.819458 -54.537490 -2.575548 -0.027674 0.054618 -0.136995 0.988678
1480.399338 474.963042 -54.550739 -2.581369 -0.030742 0.053029 -0.137402 0.988617
1480.499188 475.096469 -54.564455 -2.589586 -0.032867 0.052087 -0.137970 0.988520
1480.599824 475.225867 -54.578695 -2.592846 -0.033419 0.051829 -0.138484 0.988443
1480.699664 475.359251 -54.593308 -2.591783 -0.033916 0.052332 -0.138602 0.988383
1480.799504 475.496871 -54.608981 -2.593997 -0.034516 0.051910 -0.138263 0.988432
1480.899363 475.641753 -54.625325 -2.600255 -0.034214 0.053168 -0.137848 0.988433
1480.999202 475.781963 -54.644211 -2.603812 -0.032152 0.051667 -0.137110 0.988685
1481.099455 475.921599 -54.661360 -2.607579 -0.033710 0.049487 -0.136385 0.988845
1481.199290 476.059656 -54.679571 -2.611166 -0.033906 0.049503 -0.135776 0.988921
1481.299136 476.204365 -54.693885 -2.612040 -0.039134 0.047510 -0.136202 0.988767
1481.399780 476.355098 -54.705353 -2.619487 -0.041392 0.047248 -0.137190 0.988551
1481.499625 476.515324 -54.718621 -2.627645 -0.039730 0.050556 -0.137937 0.988352
1481.599454 476.677377 -54.732563 -2.629978 -0.036704 0.056298 -0.138071 0.988140
1481.699283 476.831008 -54.745195 -2.631556 -0.034650 0.057940 -0.138070 0.988119
1481.799129 476.977229 -54.756580 -2.641638 -0.035591 0.058380 -0.138187 0.988043
1481.899757 477.115337 -54.762788 -2.649041 -0.037760 0.060824 -0.138547 0.987765
1481.999584 477.253281 -54.768926 -2.653481 -0.036669 0.063392 -0.138649 0.987630
1482.099436 477.399877 -54.775938 -2.654688 -0.033944 0.064805 -0.138817 0.987612
1482.199277 477.538025 -54.780469 -2.657355 -0.029366 0.065502 -0.139177 0.987662
1482.299113 477.677810 -54.789093 -2.664046 -0.027222 0.063638 -0.139039 0.987865
1482.399743 477.822675 -54.800185 -2.672531 -0.025844 0.062948 -0.138971 0.987956
1482.499584 477.979017 -54.810390 -2.675001 -0.027921 0.063524 -0.139324 0.987813
1482.599423 478.138354 -54.824004 -2.676719 -0.028151 0.065534 -0.139056 0.987713
1482.699280 478.304245 -54.842438 -2.685422 -0.025906 0.066342 -0.138559 0.987790
1482.799121 478.475878 -54.860141 -2.688181 -0.024574 0.064920 -0.138210 0.987967
1482.899758 478.647445 -54.874542 -2.687563 -0.026394 0.060325 -0.137657 0.988289
1482.999616 478.812673 -54.887537 -2.681881 -0.027967 0.060364 -0.137477 0.988268
1483.099446 478.980554 -54.906173 -2.681082 -0.024912 0.064033 -0.137726 0.988084
1483.199288 479.145296 -54.924606 -2.692088 -0.024480 0.064706 -0.138835 0.987896
1483.299129 479.318312 -54.949227 -2.703629 -0.027350 0.063629 -0.139360 0.987817
1483.399766 479.497856 -54.974718 -2.705358 -0.029159 0.062700 -0.139751 0.987769
1483.499616 479.668601 -54.999664 -2.698886 -0.027877 0.062496 -0.140383 0.987730
1483.599462 479.837307 -55.023057 -2.697681 -0.025402 0.062628 -0.140669 0.987747
1483.699294 480.006047 -55.049145 -2.705489 -0.023508 0.064843 -0.140453 0.987682
1483.799136 480.176774 -55.076826 -2.721157 -0.024523 0.065759 -0.139756 0.987696
1483.899781 480.346875 -55.104013 -2.732415 -0.026312 0.067236 -0.139261 0.987620
1483.999624 480.529330 -55.130644 -2.736352 -0.030187 0.065105 -0.138816 0.987715
1484.099473 480.719733 -55.159561 -2.735991 -0.029894 0.064007 -0.138752 0.987804
1484.199320 480.911684 -55.193805 -2.735899 -0.024908 0.063718 -0.139079 0.987915
1484.299158 481.096978 -55.228368 -2.736332 -0.022498 0.063391 -0.139912 0.987877
1484.399790 481.282880 -55.263901 -2.742284 -0.025053 0.062801 -0.140136 0.987821
1484.499631 481.470293 -55.299095 -2.746738 -0.031208 0.062159 -0.140274 0.987667
1484.599470 481.662161 -55.334988 -2.751274 -0.035205 0.061338 -0.140503 0.987551
1484.699312 481.852038 -55.366259 -2.754528 -0.037030 0.058863 -0.140847 0.987586
1484.799149 482.035471 -55.393949 -2.761181 -0.035966 0.057781 -0.140844 0.987690
1484.899788 482.218931 -55.426816 -2.768748 -0.033105 0.059975 -0.140105 0.987764
1484.999626 482.390658 -55.459385 -2.771760 -0.033067 0.064088 -0.140690 0.987424
1485.099464 482.566788 -55.493412 -2.772214 -0.034755 0.064385 -0.141158 0.987280
1485.199307 482.748608 -55.521304 -2.775491 -0.036421 0.062535 -0.141345 0.987312
1485.299135 482.941595 -55.546920 -2.783339 -0.037210 0.062367 -0.141355 0.987291
1485.399771 483.134298 -55.571340 -2.793416 -0.035697 0.064101 -0.141413 0.987228
1485.499614 483.324591 -55.603870 -2.801908 -0.034614 0.064516 -0.141392 0.987243
1485.599453 483.526732 -55.639528 -2.809153 -0.037376 0.065421 -0.141513 0.987065
1485.699299 483.737068 -55.671122 -2.814443 -0.038951 0.065341 -0.141331 0.987035
1485.799139 483.947878 -55.694840 -2.815485 -0.039657 0.064162 -0.141215 0.987101
1485.899771 484.157251 -55.715692 -2.818008 -0.042034 0.062771 -0.141155 0.987101
1485.999609 484.357332 -55.739248 -2.824997 -0.042151 0.063021 -0.141241 0.987068
1486.099432 484.556363 -55.766603 -2.837635 -0.042846 0.062791 -0.141259 0.987050
1486.199256 484.755189 -55.787103 -2.847348 -0.043422 0.061390 -0.141141 0.987130
1486.299495 484.952952 -55.801990 -2.853290 -0.039734 0.060008 -0.141183 0.987364
1486.399329 485.157999 -55.816158 -2.856527 -0.034342 0.060492 -0.141635 0.987472
1486.499180 485.367231 -55.834838 -2.863749 -0.030120 0.058797 -0.141583 0.987720
1486.599814 485.571305 -55.850599 -2.870546 -0.029429 0.056608 -0.141830 0.987833
1486.699651 485.766675 -55.866140 -2.871677 -0.030361 0.053663 -0.141671 0.987992
1486.799490 485.955921 -55.885452 -2.873600 -0.030262 0.053538 -0.141449 0.988033
1486.899337 486.151952 -55.906022 -2.882798 -0.028869 0.056355 -0.141425 0.987922
1486.999184 486.356819 -55.925274 -2.891726 -0.027619 0.060520 -0.141639 0.987681
1487.099825 486.560063 -55.941559 -2.899552 -0.026894 0.063298 -0.141889 0.987491
1487.199678 486.752209 -55.962543 -2.903557 -0.026550 0.063513 -0.141829 0.987495
1487.299514 486.945098 -55.986321 -2.902235 -0.027171 0.062568 -0.141609 0.987570
1487.399354 487.137121 -56.009559 -2.911999 -0.027722 0.059295 -0.141533 0.987767
1487.499201 487.334134 -56.030770 -2.921003 -0.027593 0.056569 -0.141466 0.987940
1487.599428 487.539400 -56.057255 -2.928771 -0.027626 0.054003 -0.141618 0.988061
1487.699261 487.747759 -56.085383 -2.931665 -0.027498 0.052914 -0.141588 0.988128
1487.799502 487.957872 -56.112398 -2.934961 -0.027283 0.051590 -0.141343 0.988239
1487.899345 488.154444 -56.140997 -2.941351 -0.027888 0.051518 -0.141205 0.988246
1487.999196 488.345360 -56.169818 -2.946143 -0.028222 0.052282 -0.141159 0.988203
1488.099835 488.531191 -56.192387 -2.956320 -0.028735 0.052696 -0.141478 0.988120
1488.199669 488.727048 -56.222574 -2.963307 -0.029608 0.053150 -0.140975 0.988142
1488.299524 488.918336 -56.254506 -2.965793 -0.028181 0.053216 -0.140633 0.988229
1488.399354 489.110185 -56.286455 -2.972817 -0.028432 0.053383 -0.140858 0.988181
1488.499202 489.295437 -56.316154 -2.976068 -0.028701 0.052869 -0.140939 0.988189
1488.599456 489.488509 -56.347055 -2.980759 -0.031483 0.051612 -0.141071 0.988152
1488.699294 489.664211 -56.374672 -2.987457 -0.034452 0.051294 -0.141006 0.988079
1488.799136 489.848366 -56.401977 -2.993092 -0.036662 0.051486 -0.141221 0.987958
1488.899771 490.021183 -56.429585 -2.997743 -0.037019 0.053078 -0.141285 0.987852
1488.999614 490.196377 -56.457961 -3.000971 -0.036617 0.054448 -0.141208 0.987803
1489.099446 490.382188 -56.481400 -3.010206 -0.037479 0.055758 -0.141355 0.987677
1489.199287 490.557982 -56.505316 -3.019134 -0.038501 0.057219 -0.141428 0.987543
1489.299134 490.736348 -56.528668 -3.025277 -0.040743 0.057677 -0.141653 0.987394
1489.399780 490.930472 -56.552289 -3.031529 -0.040086 0.057951 -0.141741 0.987393
1489.499613 491.117559 -56.576501 -3.034901 -0.034849 0.058405 -0.141400 0.987613
1489.599452 491.303872 -56.598083 -3.040459 -0.030462 0.059132 -0.141854 0.987650
1489.699291 491.478818 -56.617611 -3.045050 -0.028389 0.059466 -0.142045 0.987664
1489.799125 491.656054 -56.638202 -3.050926 -0.028171 0.058390 -0.142086 0.987729
1489.899767 491.851422 -56.659924 -3.060621 -0.028524 0.057996 -0.142038 0.987749
1489.999607 492.033853 -56.683741 -3.067764 -0.028021 0.059567 -0.142073 0.987665
1490.099449 492.218719 -56.708778 -3.075793 -0.028027 0.058507 -0.141913 0.987751
1490.199295 492.395675 -56.734209 -3.084922 -0.027760 0.057517 -0.142093 0.987791
1490.299128 492.571136 -56.758577 -3.086087 -0.028092 0.057931 -0.141972 0.987775
1490.399772 492.751568 -56.781677 -3.092140 -0.028722 0.056511 -0.141946 0.987843
1490.499613 492.933094 -56.806626 -3.100317 -0.028734 0.055932 -0.141919 0.987879
1490.599444 493.112082 -56.834307 -3.112582 -0.029588 0.058353 -0.142334 0.987654
1490.699290 493.290943 -56.859424 -3.123419 -0.036731 0.061335 -0.142449 0.987217
1490.799141 493.472249 -56.881823 -3.127251 -0.045272 0.062021 -0.142356 0.986833
1490.899779 493.644001 -56.902116 -3.128090 -0.050055 0.060280 -0.142251 0.986725
1490.999622 493.820066 -56.919218 -3.138248 -0.054030 0.056767 -0.141947 0.986767
1491.099459 493.998736 -56.932287 -3.150164 -0.054592 0.053324 -0.141791 0.986951
1491.199302 494.181844 -56.943466 -3.163377 -0.052471 0.052293 -0.141548 0.987156
1491.299135 494.364421 -56.956529 -3.173666 -0.042409 0.051819 -0.141711 0.987641
1491.399779 494.544914 -56.970117 -3.185619 -0.034280 0.050415 -0.142067 0.987978
1491.499624 494.726415 -56.977226 -3.194501 -0.030605 0.047184 -0.142309 0.988223
1491.599478 494.900313 -56.980283 -3.205460 -0.030179 0.041312 -0.142288 0.988502
1491.699315 495.076356 -56.984868 -3.220058 -0.031323 0.037199 -0.142265 0.988633
1491.799153 495.249299 -56.997428 -3.236256 -0.031726 0.038028 -0.142173 0.988602
1491.899790 495.418536 -57.010410 -3.252944 -0.031277 0.041264 -0.142236 0.988478
1491.999626 495.585800 -57.013946 -3.267565 -0.030542 0.044493 -0.142474 0.988326
1492.099468 495.747854 -57.014941 -3.295105 -0.029569 0.045230 -0.142718 0.988287
1492.199305 495.904420 -57.022272 -3.322105 -0.028976 0.045132 -0.142720 0.988309
1492.299145 496.042514 -57.032118 -3.349755 -0.029427 0.044023 -0.142647 0.988356
1492.399779 496.176824 -57.038371 -3.373425 -0.030221 0.043864 -0.143092 0.988275
1492.499620 496.318850 -57.044577 -3.397416 -0.029809 0.045143 -0.143138 0.988223
1492.599466 496.465171 -57.053811 -3.427193 -0.029875 0.046348 -0.142913 0.988198
1492.699304 496.610474 -57.067431 -3.461857 -0.029278 0.048178 -0.142880 0.988133
1492.799150 496.750632 -57.079326 -3.494976 -0.029331 0.051325 -0.143240 0.987921
1492.899780 496.892890 -57.089508 -3.526598 -0.028766 0.052967 -0.143326 0.987838
1492.999616 497.035991 -57.103337 -3.556838 -0.028419 0.053518 -0.143107 0.987851
1493.099446 497.181699 -57.117494 -3.583215 -0.028780 0.055968 -0.143248 0.987684
1493.199285 497.331705 -57.133047 -3.599286 -0.027629 0.062630 -0.143221 0.987321
1493.299129 497.481775 -57.149791 -3.616548 -0.026712 0.069331 -0.143165 0.986906
1493.399767 497.634212 -57.167727 -3.629673 -0.026890 0.072734 -0.143190 0.986653
1493.499625 497.783020 -57.182071 -3.641259 -0.028292 0.070737 -0.142838 0.986810
1493.599469 497.938014 -57.197588 -3.654367 -0.028638 0.065888 -0.142156 0.987234
1493.699296 498.077790 -57.215615 -3.661676 -0.028023 0.060731 -0.141817 0.987631
1493.799145 498.227865 -57.239961 -3.664787 -0.027948 0.057256 -0.141698 0.987857
1493.899791 498.381873 -57.262629 -3.666201 -0.028656 0.056423 -0.141870 0.987860
1493.999633 498.532722 -57.285403 -3.667251 -0.029426 0.056744 -0.141912 0.987813
1494.099473 498.694085 -57.309732 -3.666258 -0.028489 0.057914 -0.141905 0.987774
1494.199312 498.852481 -57.333180 -3.668608 -0.029111 0.057293 -0.141996 0.987779
1494.299144 499.008511 -57.357218 -3.676350 -0.028443 0.057051 -0.141908 0.987825
1494.399788 499.150187 -57.381001 -3.686781 -0.028487 0.056990 -0.142188 0.987787
1494.499638 499.284837 -57.408867 -3.690991 -0.027683 0.058744 -0.142473 0.987666
1494.599487 499.425848 -57.437734 -3.688751 -0.028391 0.059478 -0.142480 0.987601
1494.699322 499.582753 -57.464689 -3.680058 -0.028937 0.058212 -0.142541 0.987652
1494.799167 499.743992 -57.493360 -3.679364 -0.030068 0.056835 -0.142321 0.987730
1494.899792 499.912228 -57.524944 -3.692836 -0.029718 0.058599 -0.142536 0.987606
1494.999634 500.086122 -57.560087 -3.712633 -0.028861 0.063806 -0.142707 0.987284
1495.099471 500.260826 -57.591107 -3.721917 -0.028435 0.069964 -0.143150 0.986815
1495.199309 500.432793 -57.623172 -3.730700 -0.029998 0.070090 -0.143258 0.986744
1495.299134 500.603029 -57.653837 -3.728866 -0.035057 0.067909 -0.143175 0.986742
1495.399788 500.777684 -57.688895 -3.732368 -0.040167 0.064700 -0.142844 0.986811
1495.499634 500.954831 -57.725340 -3.740973 -0.043922 0.062284 -0.142834 0.986808
1495.599484 501.122857 -57.756162 -3.753419 -0.044937 0.060188 -0.142616 0.986924
1495.699315 501.282634 -57.783883 -3.765619 -0.040990 0.059383 -0.142475 0.987165
1495.799161 501.444219 -57.811263 -3.777944 -0.035987 0.059649 -0.142320 0.987366
1495.899785 501.602465 -57.839110 -3.788395 -0.032126 0.062545 -0.142519 0.987291
1495.999643 501.762768 -57.864259 -3.796473 -0.029142 0.065227 -0.142871 0.987160
1496.099485 501.940165 -57.893893 -3.806066 -0.029948 0.062720 -0.142812 0.987306
1496.199324 502.119263 -57.922910 -3.815269 -0.031261 0.057809 -0.142793 0.987568
1496.299166 502.306282 -57.950557 -3.823889 -0.031628 0.053679 -0.142658 0.987809
1496.399794 502.488713 -57.979088 -3.831461 -0.030175 0.051739 -0.142677 0.987955
1496.499631 502.671638 -58.009518 -3.835392 -0.028445 0.053943 -0.142853 0.987863
1496.599480 502.853346 -58.041459 -3.839143 -0.029122 0.056582 -0.142968 0.987679
1496.699313 503.030731 -58.071187 -3.843636 -0.029901 0.057793 -0.143351 0.987530
1496.799161 503.193877 -58.097659 -3.852516 -0.032280 0.056419 -0.143409 0.987527
1496.899802 503.357609 -58.127344 -3.861595 -0.035208 0.053376 -0.143109 0.987639
1496.999639 503.536881 -58.158837 -3.871947 -0.037094 0.049342 -0.143253 0.987759
1497.099470 503.720808 -58.188435 -3.882661 -0.040166 0.048954 -0.143488 0.987624
1497.199327 503.905558 -58.213813 -3.897157 -0.044847 0.049679 -0.143389 0.987401
1497.299167 504.079946 -58.239984 -3.906302 -0.046809 0.050284 -0.143137 0.987316
1497.399825 504.245159 -58.261820 -3.925065 -0.044546 0.049824 -0.143337 0.987415
1497.499681 504.403070 -58.280655 -3.949050 -0.043524 0.051489 -0.143455 0.987358
1497.599527 504.556074 -58.302401 -3.973979 -0.041297 0.054506 -0.143225 0.987325
1497.699381 504.707641 -58.316814 -3.997815 -0.042047 0.054938 -0.143288 0.987260
1497.799225 504.860628 -58.324168 -4.021559 -0.044542 0.054860 -0.143769 0.987085
1497.899458 505.018046 -58.334097 -4.049217 -0.046331 0.056372 -0.143922 0.986895
1497.999286 505.174186 -58.347146 -4.078612 -0.044868 0.057536 -0.143771 0.986918
1498.099129 505.340496 -58.359357 -4.108913 -0.043917 0.058188 -0.144094 0.986875
1498.199773 505.507690 -58.368884 -4.141150 -0.044704 0.059624 -0.144045 0.986761
1498.299590 505.674282 -58.371088 -4.171789 -0.044354 0.060574 -0.143820 0.986752
1498.399445 505.843530 -58.370215 -4.198612 -0.043615 0.061767 -0.143971 0.986689
1498.499285 506.016666 -58.370337 -4.219254 -0.042896 0.062960 -0.144071 0.986630
1498.599120 506.201235 -58.369839 -4.238270 -0.040759 0.063999 -0.144456 0.986598
1498.699758 506.382500 -58.372243 -4.253310 -0.038201 0.065195 -0.144339 0.986639
1498.799598 506.558921 -58.373843 -4.265101 -0.035536 0.067836 -0.144483 0.986540
1498.899443 506.735931 -58.373902 -4.276782 -0.034700 0.069296 -0.144620 0.986448
1498.999281 506.926967 -58.377266 -4.284648 -0.032614 0.072269 -0.144526 0.986319
1499.099124 507.115127 -58.376540 -4.291367 -0.033087 0.072760 -0.144886 0.986215
1499.199763 507.293904 -58.376663 -4.300549 -0.032485 0.072084 -0.144986 0.986270
1499.299620 507.470572 -58.375108 -4.308378 -0.030188 0.070991 -0.144936 0.986429
1499.399458 507.657311 -58.379418 -4.319310 -0.029334 0.066953 -0.144760 0.986763
1499.499295 507.857985 -58.387332 -4.327507 -0.029588 0.062998 -0.144641 0.987033
1499.599143 508.051197 -58.391570 -4.329523 -0.029514 0.059649 -0.144947 0.987199
1499.699791 508.243875 -58.395646 -4.330476 -0.027875 0.061583 -0.145356 0.987067
1499.799623 508.429201 -58.400351 -4.327190 -0.027859 0.065354 -0.145888 0.986747
1499.899467 508.615702 -58.413578 -4.324765 -0.031285 0.067056 -0.146463 0.986445
1499.999298 508.818137 -58.429492 -4.330871 -0.034224 0.062269 -0.146557 0.986647
1500.099148 509.004585 -58.442347 -4.345913 -0.033173 0.052896 -0.146420 0.987250
1500.199783 509.203416 -58.458452 -4.360017 -0.032425 0.045008 -0.146303 0.987683
1500.299614 509.401537 -58.471486 -4.371050 -0.031133 0.040888 -0.146330 0.987900
1500.399456 509.588926 -58.482951 -4.375547 -0.031118 0.041593 -0.146561 0.987837
1500.499292 509.755494 -58.490122 -4.375838 -0.032602 0.043676 -0.146650 0.987686
1500.599138 509.911702 -58.498938 -4.378448 -0.034134 0.044361 -0.146316 0.987653
1500.699785 510.085741 -58.510970 -4.384012 -0.034772 0.042539 -0.146290 0.987715
1500.799625 510.267019 -58.522899 -4.391503 -0.031834 0.041052 -0.145995 0.987920
1500.899466 510.458974 -58.536469 -4.400318 -0.029473 0.043220 -0.145979 0.987904
1500.999306 510.631754 -58.550883 -4.408652 -0.028356 0.044754 -0.145615 0.987922
1501.099167 510.802304 -58.566385 -4.416340 -0.028358 0.047894 -0.145576 0.987780
1501.199810 510.983295 -58.585829 -4.421858 -0.030578 0.051807 -0.145736 0.987493
1501.299657 511.164252 -58.604966 -4.427172 -0.031206 0.055505 -0.146060 0.987224
1501.399496 511.338095 -58.619807 -4.434653 -0.030389 0.057428 -0.146133 0.987129
1501.499342 511.514341 -58.635555 -4.442613 -0.029053 0.058473 -0.146060 0.987119
1501.599187 511.677387 -58.653020 -4.449656 -0.028695 0.058418 -0.146285 0.987099
1501.699836 511.842275 -58.673930 -4.454340 -0.028583 0.058414 -0.146251 0.987108
1501.799682 512.000086 -58.692927 -4.460278 -0.030499 0.056847 -0.146281 0.987137
1501.899525 512.158113 -58.709650 -4.465197 -0.030488 0.056509 -0.146424 0.987136
1501.999359 512.328242 -58.728322 -4.468727 -0.031355 0.056549 -0.146489 0.987097
1502.099193 512.484625 -58.750494 -4.476072 -0.028311 0.059916 -0.146724 0.986955
1502.199825 512.647005 -58.776553 -4.490648 -0.026486 0.064455 -0.146830 0.986704
1502.299669 512.797890 -58.803640 -4.503822 -0.027081 0.067024 -0.146554 0.986558
1502.399514 512.948511 -58.828522 -4.509706 -0.027551 0.069774 -0.146413 0.986375
1502.499356 513.110165 -58.851269 -4.511208 -0.027972 0.070814 -0.146511 0.986275
1502.599197 513.273307 -58.876106 -4.510774 -0.027840 0.069667 -0.146329 0.986387
1502.699443 513.439555 -58.905182 -4.516000 -0.028321 0.065293 -0.146284 0.986679
1502.799269 513.604379 -58.937416 -4.526893 -0.028132 0.057545 -0.145950 0.987216
1502.899514 513.775102 -58.968823 -4.537571 -0.028429 0.053631 -0.146312 0.987374
1502.999367 513.948436 -59.001432 -4.548070 -0.028800 0.051675 -0.146752 0.987403
1503.099203 514.121400 -59.036506 -4.549001 -0.028937 0.050047 -0.146381 0.987538
1503.199461 514.289915 -59.068810 -4.552566 -0.031013 0.049288 -0.146153 0.987546
1503.299315 514.461662 -59.104707 -4.561468 -0.032834 0.048885 -0.145970 0.987535
1503.399163 514.625567 -59.137020 -4.568627 -0.033489 0.050048 -0.145931 0.987460
1503.499794 514.797824 -59.170421 -4.572569 -0.033425 0.050886 -0.145880 0.987427
1503.599631 514.955561 -59.206263 -4.581736 -0.031925 0.050291 -0.145444 0.987572
1503.699479 515.123248 -59.240656 -4.588765 -0.030560 0.049770 -0.145065 0.987697
1503.799314 515.297036 -59.275138 -4.596467 -0.031375 0.048577 -0.145024 0.987737
1503.899163 515.478007 -59.309237 -4.600066 -0.034331 0.046246 -0.145187 0.987726
1503.999806 515.653492 -59.342431 -4.604971 -0.038452 0.044739 -0.145071 0.987661
1504.099635 515.814888 -59.375059 -4.611667 -0.035339 0.046942 -0.144719 0.987727
1504.199484 515.976207 -59.403428 -4.613580 -0.032144 0.049705 -0.144558 0.987724
1504.299330 516.132571 -59.431793 -4.616492 -0.031504 0.048644 -0.144873 0.987752
1504.399168 516.283831 -59.463710 -4.620773 -0.032899 0.045858 -0.145614 0.987730
1504.499809 516.434326 -59.496620 -4.626080 -0.034200 0.044587 -0.145930 0.987698
1504.599640 516.581679 -59.529709 -4.637062 -0.034743 0.045436 -0.146394 0.987571
1504.699479 516.730089 -59.560054 -4.642573 -0.032675 0.045158 -0.146554 0.987631
1504.799317 516.875956 -59.588233 -4.645829 -0.033940 0.043435 -0.146975 0.987603
1504.899162 517.016474 -59.615516 -4.649042 -0.031987 0.044447 -0.147512 0.987543
1504.999801 517.157139 -59.641865 -4.653797 -0.030650 0.045698 -0.147438 0.987540
1505.099635 517.292463 -59.664834 -4.658922 -0.029330 0.047169 -0.146731 0.987616
1505.199477 517.426695 -59.692337 -4.666520 -0.032341 0.049246 -0.145033 0.987671
1505.299322 517.568122 -59.723920 -4.676975 -0.030861 0.050764 -0.144545 0.987713
1505.399155 517.700484 -59.757181 -4.683154 -0.031642 0.051245 -0.144625 0.987652
1505.499794 517.819192 -59.787775 -4.687633 -0.031227 0.049856 -0.144722 0.987722
1505.599634 517.942034 -59.812349 -4.690133 -0.032254 0.047395 -0.145114 0.987753
1505.699477 518.069050 -59.836747 -4.690584 -0.035517 0.043480 -0.144944 0.987846
1505.799312 518.202040 -59.860231 -4.686845 -0.039484 0.043831 -0.143919 0.987829
1505.899147 518.343827 -59.886472 -4.687562 -0.040206 0.047791 -0.141598 0.987952
1505.999783 518.492670 -59.918486 -4.697540 -0.038938 0.050355 -0.137897 0.988399
1506.099623 518.622440 -59.947276 -4.701403 -0.034405 0.052616 -0.134762 0.988882
1506.199468 518.741312 -59.975322 -4.707069 -0.030078 0.051020 -0.133142 0.989326
1506.299306 518.867049 -59.997745 -4.707751 -0.031383 0.046498 -0.133133 0.989509
1506.399152 518.993978 -60.023187 -4.713514 -0.034396 0.042553 -0.132017 0.989736
1506.499790 519.114988 -60.046575 -4.713630 -0.034438 0.043267 -0.131178 0.989815
1506.599636 519.234963 -60.070298 -4.716514 -0.033426 0.043847 -0.130226 0.989950
1506.699473 519.351277 -60.096958 -4.720118 -0.031985 0.044779 -0.128879 0.990132
1506.799312 519.458115 -60.119187 -4.726306 -0.033190 0.044605 -0.127914 0.990226
1506.899159 519.566894 -60.142131 -4.729562 -0.034027 0.045424 -0.126149 0.990386
1506.999787 519.685809 -60.170054 -4.732916 -0.034699 0.044580 -0.124716 0.990583
1507.099633 519.810021 -60.194991 -4.733449 -0.034904 0.044285 -0.124482 0.990618
1507.199482 519.943645 -60.220624 -4.737466 -0.034269 0.046098 -0.124641 0.990538
1507.299314 520.082606 -60.246558 -4.743164 -0.033889 0.047869 -0.124552 0.990478
1507.399155 520.211668 -60.270500 -4.749438 -0.034204 0.047127 -0.124529 0.990506
1507.499784 520.324562 -60.294270 -4.751996 -0.034043 0.046375 -0.124661 0.990530
1507.599633 520.431808 -60.320721 -4.753480 -0.033934 0.046659 -0.124366 0.990558
1507.699476 520.540941 -60.345740 -4.756729 -0.034894 0.045070 -0.124014 0.990642
1507.799332 520.637588 -60.368859 -4.761526 -0.035303 0.045556 -0.123736 0.990640
1507.899166 520.736614 -60.388129 -4.767947 -0.033582 0.043557 -0.124232 0.990728
1507.999817 520.829138 -60.406597 -4.776657 -0.030196 0.043177 -0.125328 0.990715
1508.099660 520.924865 -60.425948 -4.774985 -0.029792 0.045045 -0.126294 0.990522
1508.199510 521.026434 -60.445619 -4.764403 -0.031626 0.046979 -0.127048 0.990279
1508.299351 521.130952 -60.464310 -4.761123 -0.033167 0.048658 -0.127378 0.990105
1508.399190 521.240986 -60.483911 -4.767199 -0.033789 0.050072 -0.127348 0.990017
1508.499822 521.345555 -60.509401 -4.778202 -0.035221 0.048733 -0.126225 0.990178
1508.599660 521.447574 -60.531593 -4.788143 -0.036076 0.045895 -0.125393 0.990388
1508.699483 521.540946 -60.550981 -4.793350 -0.034845 0.031701 -0.124106 0.991150
1508.799339 521.634217 -60.568714 -4.792583 -0.034506 0.031445 -0.124860 0.991075
1508.899190 521.722622 -60.586016 -4.785306 -0.034164 0.040406 -0.125111 0.990731
1508.999837 521.812462 -60.604688 -4.781810 -0.034135 0.048841 -0.125351 0.990321
1509.099687 521.891095 -60.619359 -4.786204 -0.033678 0.051455 -0.125245 0.990218
1509.199530 521.975953 -60.635106 -4.790797 -0.032004 0.048768 -0.124750 0.990472
1509.299371 522.061128 -60.654494 -4.798695 -0.030839 0.044091 -0.124258 0.990790
1509.399195 522.148648 -60.670180 -4.807519 -0.031730 0.042787 -0.124042 0.990846
1509.499835 522.235894 -60.682657 -4.811432 -0.031565 0.048035 -0.124295 0.990579
1509.599683 522.328223 -60.701859 -4.806437 -0.034455 0.051996 -0.124380 0.990272
1509.699521 522.417424 -60.722097 -4.799777 -0.035955 0.051228 -0.124240 0.990276
1509.799364 522.506600 -60.743514 -4.797239 -0.036427 0.047370 -0.124164 0.990461
1509.899202 522.600816 -60.762642 -4.802645 -0.035721 0.044295 -0.124109 0.990636
1509.999434 522.700903 -60.783004 -4.811011 -0.034651 0.043614 -0.124428 0.990664
1510.099290 522.789549 -60.799463 -4.815046 -0.034003 0.045615 -0.124722 0.990559
1510.199129 522.879428 -60.816074 -4.818898 -0.033649 0.046806 -0.124887 0.990495
1510.299788 522.967405 -60.832927 -4.820996 -0.032697 0.047920 -0.124799 0.990485
1510.399626 523.050592 -60.851175 -4.828422 -0.033788 0.048732 -0.124652 0.990427
1510.499459 523.128332 -60.868836 -4.838792 -0.034143 0.048852 -0.125024 0.990362
1510.599301 523.205361 -60.886624 -4.847535 -0.032212 0.049093 -0.125224 0.990389
1510.699140 523.284900 -60.905897 -4.854219 -0.030477 0.050730 -0.125267 0.990356
1510.799790 523.359248 -60.921439 -4.854611 -0.030160 0.052157 -0.125217 0.990298
1510.899629 523.427030 -60.935734 -4.859236 -0.031048 0.050616 -0.125248 0.990347
1510.999475 523.492869 -60.953510 -4.866581 -0.032387 0.047261 -0.125024 0.990498
1511.099335 523.561611 -60.973032 -4.872595 -0.032590 0.045706 -0.124965 0.990572
1511.199185 523.632278 -60.992444 -4.874055 -0.032871 0.045870 -0.125001 0.990550
1511.299815 523.711806 -61.012674 -4.873565 -0.033838 0.046752 -0.124901 0.990489
1511.399653 523.791322 -61.031889 -4.873844 -0.034736 0.047225 -0.124724 0.990458
1511.499492 523.872811 -61.047980 -4.872600 -0.036586 0.047733 -0.124786 0.990359
1511.599330 523.962824 -61.066606 -4.873211 -0.036311 0.046603 -0.124669 0.990438
1511.699174 524.048951 -61.085487 -4.876620 -0.036250 0.045614 -0.125002 0.990444
1511.799828 524.130613 -61.105199 -4.882939 -0.035061 0.046066 -0.124990 0.990468
1511.899663 524.199293 -61.122744 -4.885501 -0.033976 0.047285 -0.125150 0.990428
1511.999501 524.269020 -61.138407 -4.886742 -0.035894 0.047519 -0.125010 0.990367
1512.099346 524.351841 -61.154902 -4.884023 -0.038304 0.047052 -0.124754 0.990331
1512.199202 524.438213 -61.171269 -4.881970 -0.040367 0.045719 -0.124558 0.990336
1512.299454 524.519038 -61.184991 -4.885589 -0.040522 0.045171 -0.124517 0.990360
1512.399296 524.590585 -61.199971 -4.892585 -0.038955 0.046201 -0.124354 0.990396
1512.499125 524.665209 -61.213268 -4.898129 -0.037758 0.047242 -0.124463 0.990379
1512.599764 524.743911 -61.224476 -4.898530 -0.038176 0.049784 -0.124379 0.990250
1512.699604 524.817241 -61.233822 -4.896424 -0.039197 0.051950 -0.124040 0.990141
1512.799454 524.883429 -61.240047 -4.899061 -0.039833 0.052632 -0.123875 0.990100
1512.899297 524.942257 -61.241424 -4.901815 -0.040583 0.052915 -0.123846 0.990058
1512.999133 525.007881 -61.245315 -4.903088 -0.039295 0.054778 -0.124011 0.989988
1513.099754 525.088632 -61.253020 -4.906404 -0.036721 0.056625 -0.124127 0.989968
1513.199594 525.181113 -61.263358 -4.909795 -0.034490 0.058844 -0.124445 0.989879
1513.299429 525.280548 -61.272337 -4.907018 -0.032568 0.059648 -0.124969 0.989830
1513.399259 525.364039 -61.274933 -4.909959 -0.032648 0.059796 -0.125403 0.989764
1513.499488 525.443110 -61.275589 -4.913945 -0.033622 0.061571 -0.125773 0.989576
1513.599330 525.521660 -61.281033 -4.921302 -0.033631 0.062777 -0.125989 0.989472
1513.699192 525.606443 -61.289786 -4.924044 -0.031781 0.063436 -0.126589 0.989415
1513.799834 525.706626 -61.296155 -4.925404 -0.029683 0.064123 -0.127163 0.989362
1513.899679 525.810098 -61.304518 -4.928567 -0.029573 0.061510 -0.126318 0.989639
1513.999524 525.909381 -61.316988 -4.933754 -0.031161 0.059493 -0.125462 0.989823
1514.099361 526.004604 -61.327371 -4.934055 -0.032801 0.060955 -0.125255 0.989707
1514.199199 526.103251 -61.333133 -4.935021 -0.032160 0.064872 -0.125281 0.989476
1514.299434 526.198596 -61.342446 -4.942212 -0.032509 0.068101 -0.125411 0.989231
1514.399281 526.301377 -61.351898 -4.953367 -0.034462 0.067905 -0.125764 0.989133
1514.499128 526.410911 -61.361997 -4.963159 -0.035124 0.065966 -0.125875 0.989227
1514.599768 526.522620 -61.373840 -4.964970 -0.035648 0.064726 -0.125598 0.989325
1514.699615 526.630615 -61.383035 -4.957978 -0.035307 0.065919 -0.125668 0.989250
1514.799447 526.748675 -61.394579 -4.954605 -0.033593 0.066817 -0.125373 0.989287
1514.899299 526.870240 -61.411144 -4.963190 -0.035287 0.067855 -0.124916 0.989215
1514.999134 526.993929 -61.424177 -4.977250 -0.039285 0.068007 -0.125053 0.989037
1515.099776 527.127498 -61.437572 -4.987072 -0.042037 0.065841 -0.125045 0.989071
1515.199617 527.265915 -61.448133 -4.989188 -0.045444 0.064547 -0.125291 0.988975
1515.299468 527.401673 -61.454360 -4.985383 -0.046459 0.064508 -0.125492 0.988904
1515.399309 527.535229 -61.460172 -4.988293 -0.045355 0.063475 -0.125205 0.989059
1515.499152 527.674374 -61.468553 -4.998072 -0.045836 0.061854 -0.125035 0.989161
1515.599794 527.809596 -61.473415 -5.008182 -0.048483 0.061945 -0.125123 0.989018
1515.699631 527.942573 -61.473870 -5.016249 -0.048876 0.061271 -0.125342 0.989013
1515.799467 528.081177 -61.473342 -5.019861 -0.047627 0.061077 -0.125342 0.989086
1515.899309 528.215194 -61.470834 -5.027935 -0.042488 0.059833 -0.125102 0.989426
1515.999173 528.343668 -61.470222 -5.036052 -0.037277 0.060664 -0.124511 0.989660
1516.099812 528.480684 -61.468813 -5.036539 -0.037070 0.061391 -0.124098 0.989675
1516.199643 528.627982 -61.463991 -5.039899 -0.039838 0.060834 -0.124160 0.989594
1516.299495 528.780630 -61.456986 -5.048070 -0.037024 0.059743 -0.124574 0.989718
1516.399336 528.936741 -61.451699 -5.056661 -0.037921 0.060380 -0.124862 0.989609
1516.499181 529.078297 -61.447908 -5.060663 -0.038902 0.062509 -0.125401 0.989370
1516.599822 529.216707 -61.446250 -5.067223 -0.036184 0.062833 -0.125730 0.989411
1516.699669 529.368223 -61.448962 -5.074307 -0.031713 0.060788 -0.125676 0.989699
1516.799508 529.515371 -61.445572 -5.080881 -0.030482 0.055763 -0.125603 0.990043
1516.899349 529.668287 -61.442056 -5.088405 -0.029396 0.053389 -0.125617 0.990205
1516.999184 529.825305 -61.440036 -5.093106 -0.031270 0.053435 -0.125311 0.990184
1517.099826 529.977736 -61.441100 -5.099977 -0.033591 0.053946 -0.125101 0.990107
1517.199680 530.127972 -61.445224 -5.112032 -0.032587 0.053811 -0.125211 0.990134
1517.299523 530.274290 -61.448241 -5.123414 -0.030712 0.053181 -0.125411 0.990202
1517.399367 530.421128 -61.454253 -5.128179 -0.029193 0.050783 -0.125314 0.990386
1517.499198 530.574095 -61.459548 -5.127722 -0.030218 0.049208 -0.125249 0.990443
1517.599440 530.724269 -61.465246 -5.126468 -0.034102 0.048063 -0.125183 0.990382
1517.699285 530.871150 -61.471025 -5.132536 -0.034382 0.051219 -0.125038 0.990232
1517.799124 531.015892 -61.479682 -5.144376 -0.030964 0.053113 -0.125285 0.990214
1517.899767 531.155951 -61.490132 -5.154728 -0.027970 0.050064 -0.125911 0.990383
1517.999599 531.297736 -61.499645 -5.158644 -0.026537 0.045693 -0.126330 0.990580
1518.099442 531.442131 -61.505313 -5.156743 -0.028507 0.043225 -0.126432 0.990623
1518.199297 531.574216 -61.513722 -5.151743 -0.030696 0.044667 -0.126053 0.990542
1518.299134 531.701474 -61.523544 -5.156331 -0.032936 0.047645 -0.126120 0.990323
1518.399771 531.839388 -61.534578 -5.166425 -0.033439 0.048962 -0.126330 0.990215
1518.499607 531.977292 -61.547258 -5.178266 -0.032751 0.047966 -0.126317 0.990288
1518.599461 532.107474 -61.558668 -5.186934 -0.032787 0.046019 -0.126073 0.990410
1518.699301 532.248348 -61.569623 -5.196331 -0.031811 0.043647 -0.125984 0.990561
1518.799133 532.382194 -61.580172 -5.200703 -0.031294 0.043231 -0.125983 0.990596
1518.899781 532.517829 -61.592113 -5.198979 -0.031340 0.046187 -0.126176 0.990436
1518.999618 532.640697 -61.604204 -5.201102 -0.030914 0.049151 -0.126308 0.990290
1519.099440 532.754617 -61.616039 -5.201861 -0.031364 0.050968 -0.126250 0.990192
1519.199282 532.870681 -61.628829 -5.205365 -0.032189 0.049546 -0.126625 0.990189
1519.299116 532.985273 -61.642004 -5.215411 -0.031413 0.045711 -0.126656 0.990395
1519.399751 533.107248 -61.659768 -5.225087 -0.029209 0.042146 -0.127203 0.990550
1519.499592 533.224455 -61.676436 -5.228213 -0.027985 0.041389 -0.129766 0.990285
1519.599423 533.334119 -61.694756 -5.233205 -0.028874 0.039218 -0.132441 0.989994
1519.699262 533.443877 -61.708888 -5.232903 -0.033422 0.041408 -0.134425 0.989494
1519.799504 533.559724 -61.720773 -5.239874 -0.033800 0.043904 -0.134492 0.989364
1519.899351 533.677644 -61.735614 -5.242327 -0.031488 0.044658 -0.134015 0.989472
1519.999191 533.804255 -61.759370 -5.244949 -0.030091 0.045477 -0.133646 0.989528
1520.099830 533.924235 -61.781588 -5.244952 -0.034691 0.047053 -0.134352 0.989208
1520.199653 534.025249 -61.798630 -5.247069 -0.035058 0.049002 -0.134986 0.989014
1520.299496 534.115220 -61.810417 -5.251720 -0.033460 0.050554 -0.135183 0.988964
1520.399319 534.208977 -61.825021 -5.259653 -0.031375 0.051304 -0.134872 0.989036
1520.499159 534.312650 -61.844492 -5.262918 -0.032105 0.051612 -0.134571 0.989038
1520.599792 534.414959 -61.862626 -5.261761 -0.033738 0.051921 -0.134723 0.988947
1520.699639 534.509944 -61.878303 -5.261474 -0.033169 0.055120 -0.134917 0.988766
1520.799489 534.610295 -61.896254 -5.263411 -0.032439 0.055857 -0.134531 0.988802
1520.899316 534.718871 -61.913706 -5.271091 -0.031175 0.055259 -0.134679 0.988856
1520.999154 534.822770 -61.935351 -5.280129 -0.030037 0.054635 -0.134603 0.988936
1521.099796 534.926323 -61.956590 -5.295621 -0.031847 0.057630 -0.134592 0.988711
1521.199635 535.038028 -61.978976 -5.311732 -0.032729 0.060277 -0.134811 0.988495
1521.299483 535.152553 -62.002534 -5.326113 -0.032076 0.061921 -0.134841 0.988410
1521.399323 535.257690 -62.022721 -5.342413 -0.031934 0.061947 -0.135053 0.988384
1521.499154 535.364335 -62.041633 -5.354963 -0.031823 0.060641 -0.134998 0.988476
1521.599809 535.473829 -62.064411 -5.375531 -0.032134 0.057964 -0.134901 0.988640
1521.699660 535.581567 -62.087482 -5.397676 -0.032408 0.056831 -0.134925 0.988694
1521.799485 535.687472 -62.112860 -5.419998 -0.032830 0.056189 -0.134958 0.988712
1521.899306 535.793244 -62.137196 -5.441921 -0.032393 0.056432 -0.135075 0.988697
1521.999155 535.896813 -62.161024 -5.463466 -0.031605 0.056658 -0.134790 0.988748
1522.099795 535.998867 -62.185980 -5.477659 -0.031837 0.057761 -0.134390 0.988731
1522.199635 536.112284 -62.207782 -5.491618 -0.032718 0.057702 -0.134599 0.988677
1522.299466 536.221337 -62.232194 -5.512952 -0.032882 0.059335 -0.134942 0.988529
1522.399300 536.338702 -62.260093 -5.539456 -0.032790 0.060457 -0.135136 0.988437
1522.499137 536.463514 -62.289194 -5.558668 -0.033546 0.061570 -0.135202 0.988334
1522.599767 536.585265 -62.319960 -5.569803 -0.032315 0.062949 -0.135607 0.988233
1522.699608 536.703688 -62.351842 -5.573889 -0.029374 0.061546 -0.135690 0.988401
1522.799450 536.822381 -62.381371 -5.579591 -0.029464 0.057481 -0.135519 0.988667
1522.899289 536.939797 -62.406905 -5.586208 -0.031838 0.055989 -0.134425 0.988828
1522.999139 537.051993 -62.430837 -5.594243 -0.032620 0.058236 -0.132429 0.988942
1523.099779 537.160033 -62.456158 -5.603505 -0.033238 0.060120 -0.131817 0.988891
1523.199634 537.273227 -62.484763 -5.600911 -0.033351 0.060433 -0.131892 0.988858
1523.299474 537.388129 -62.516663 -5.593579 -0.034186 0.057060 -0.131786 0.989044
1523.399321 537.516103 -62.548582 -5.596548 -0.033641 0.053199 -0.131900 0.989263
1523.499157 537.644314 -62.575787 -5.603983 -0.033898 0.051947 -0.132094 0.989295
1523.599811 537.776241 -62.606637 -5.611141 -0.032790 0.053549 -0.132057 0.989251
1523.699658 537.901765 -62.641286 -5.614281 -0.031409 0.056118 -0.131975 0.989165
1523.799476 538.022183 -62.674791 -5.616292 -0.031319 0.058617 -0.132028 0.989016
1523.899316 538.153886 -62.703968 -5.618564 -0.032397 0.059772 -0.132070 0.988906
1523.999153 538.277937 -62.734642 -5.621608 -0.032079 0.059576 -0.131986 0.988940
1524.099769 538.409743 -62.766137 -5.624181 -0.033653 0.060163 -0.131792 0.988878
1524.199613 538.541173 -62.799777 -5.631579 -0.036071 0.058252 -0.131177 0.988988
1524.299460 538.668153 -62.832741 -5.643349 -0.037949 0.056580 -0.131272 0.989003
1524.399311 538.788991 -62.865924 -5.654986 -0.037907 0.054785 -0.131801 0.989035
1524.499157 538.907449 -62.898676 -5.665867 -0.038586 0.053592 -0.132443 0.988988
1524.599787 539.041543 -62.925554 -5.657475 -0.037729 0.054178 -0.133284 0.988876
1524.699614 539.176095 -62.949158 -5.647345 -0.038549 0.054922 -0.133329 0.988798
1524.799461 539.316343 -62.976671 -5.654959 -0.041982 0.057538 -0.133402 0.988499
1524.899300 539.457612 -63.009506 -5.671157 -0.045381 0.061542 -0.132971 0.988166
1524.999131 539.586897 -63.039180 -5.681803 -0.046227 0.061533 -0.132134 0.988239
1525.099764 539.731417 -63.062659 -5.686798 -0.046127 0.059468 -0.131259 0.988487
1525.199611 539.864588 -63.079221 -5.683332 -0.045254 0.059545 -0.130888 0.988572
1525.299453 540.002195 -63.092586 -5.677091 -0.040434 0.059145 -0.131462 0.988729
1525.399290 540.144101 -63.112611 -5.678368 -0.033334 0.057288 -0.132095 0.989019
1525.499125 540.280851 -63.131623 -5.681651 -0.030508 0.054459 -0.133085 0.989137
1525.599746 540.415776 -63.152852 -5.688875 -0.033945 0.052455 -0.133629 0.989060
1525.699576 540.550656 -63.170978 -5.698204 -0.040655 0.052997 -0.133939 0.988736
1525.799399 540.683747 -63.189055 -5.701570 -0.042161 0.053309 -0.133240 0.988751
1525.899241 540.821803 -63.200237 -5.703087 -0.044604 0.053701 -0.132903 0.988668
1525.999482 540.966098 -63.210050 -5.710256 -0.045102 0.054382 -0.132433 0.988671
1526.099323 541.099964 -63.221063 -5.717628 -0.042951 0.055429 -0.131975 0.988770
1526.199166 541.233611 -63.230168 -5.721295 -0.042442 0.056667 -0.131816 0.988743
1526.299813 541.375010 -63.239038 -5.724868 -0.041230 0.056450 -0.131973 0.988785
1526.399644 541.514679 -63.250327 -5.726353 -0.039419 0.054728 -0.132326 0.988909
1526.499480 541.649499 -63.260574 -5.728150 -0.040186 0.053668 -0.132833 0.988868
1526.599324 541.783837 -63.269188 -5.734190 -0.038483 0.052831 -0.132977 0.988962
1526.699160 541.921464 -63.273479 -5.745048 -0.034983 0.053183 -0.133024 0.989066
1526.799799 542.063368 -63.279704 -5.756704 -0.032059 0.053479 -0.132897 0.989167
1526.899632 542.202947 -63.287591 -5.760089 -0.031608 0.052620 -0.132680 0.989256
1526.999463 542.336642 -63.293299 -5.762404 -0.033394 0.050517 -0.132754 0.989297
1527.099303 542.477451 -63.297513 -5.765295 -0.033631 0.048839 -0.132755 0.989373
1527.199146 542.613837 -63.303840 -5.772419 -0.031846 0.050241 -0.132530 0.989392
1527.299784 542.732787 -63.315309 -5.780034 -0.029491 0.050242 -0.132087 0.989525
1527.399641 542.854628 -63.325756 -5.784493 -0.027551 0.048693 -0.131897 0.989683
1527.499487 542.979385 -63.335754 -5.786523 -0.029435 0.051024 -0.131754 0.989531
1527.599342 543.105728 -63.345458 -5.788377 -0.030972 0.052731 -0.131835 0.989384
1527.699188 543.231269 -63.355668 -5.792637 -0.031839 0.055500 -0.132362 0.989134
1527.799825 543.371877 -63.369080 -5.802991 -0.029920 0.057755 -0.132898 0.988993
1527.899666 543.513632 -63.384912 -5.809804 -0.029784 0.058208 -0.133079 0.988946
1527.999498 543.645418 -63.397710 -5.809954 -0.032532 0.057031 -0.133157 0.988918
1528.099337 543.780611 -63.408913 -5.811456 -0.033914 0.055224 -0.132826 0.989018
1528.199164 543.907618 -63.422075 -5.813673 -0.033494 0.055545 -0.132667 0.989036
1528.299795 544.034396 -63.440035 -5.823182 -0.033424 0.057599 -0.132754 0.988909
1528.399643 544.166264 -63.461508 -5.832491 -0.032400 0.060877 -0.132890 0.988729
1528.499486 544.300328 -63.479107 -5.838616 -0.034078 0.062558 -0.133084 0.988541
1528.599320 544.432629 -63.490874 -5.843611 -0.038625 0.061399 -0.133255 0.988424
1528.699152 544.564728 -63.503502 -5.846014 -0.043668 0.059315 -0.132815 0.988400
1528.799791 544.697922 -63.518843 -5.848652 -0.048568 0.058804 -0.132366 0.988262
1528.899638 544.828048 -63.529218 -5.859943 -0.051109 0.058593 -0.132213 0.988167
1528.999485 544.967489 -63.541964 -5.865086 -0.050287 0.061157 -0.132118 0.988067
1529.099326 545.107680 -63.553046 -5.868692 -0.046299 0.064575 -0.132462 0.987998
1529.199171 545.245452 -63.561867 -5.875175 -0.043047 0.066811 -0.132661 0.987970
1529.299802 545.390256 -63.565395 -5.880166 -0.041399 0.066995 -0.132636 0.988031
1529.399641 545.536583 -63.564976 -5.889818 -0.039063 0.067683 -0.132857 0.988050
1529.499488 545.687332 -63.567610 -5.898975 -0.033973 0.069584 -0.133092 0.988074
1529.599317 545.848064 -63.574547 -5.906642 -0.029828 0.070856 -0.133297 0.988090
1529.699167 546.009582 -63.582292 -5.911279 -0.030484 0.070976 -0.133854 0.987986
1529.799802 546.168801 -63.591117 -5.912649 -0.031974 0.070986 -0.134043 0.987913
1529.899655 546.330561 -63.600438 -5.918341 -0.033661 0.071313 -0.133943 0.987846
1529.999491 546.487996 -63.610050 -5.927717 -0.034320 0.073203 -0.133748 0.987712
1530.099328 546.649083 -63.617537 -5.936298 -0.033394 0.074991 -0.133189 0.987685
1530.199173 546.808366 -63.626551 -5.941270 -0.032506 0.075395 -0.132687 0.987751
1530.299811 546.973121 -63.638981 -5.943283 -0.035414 0.075735 -0.132455 0.987657
1530.399647 547.133347 -63.656193 -5.948473 -0.034790 0.075830 -0.132442 0.987673
1530.499479 547.308388 -63.670565 -5.959721 -0.032291 0.074012 -0.132292 0.987916
1530.599338 547.488193 -63.682175 -5.974852 -0.030463 0.073087 -0.132672 0.987992
1530.699174 547.670730 -63.696433 -5.985380 -0.033143 0.073114 -0.133164 0.987838
1530.799812 547.858949 -63.714531 -5.990390 -0.035408 0.071672 -0.133839 0.987773
1530.899647 548.052506 -63.733092 -5.985384 -0.036447 0.073792 -0.134229 0.987527
1530.999482 548.241889 -63.752771 -5.978950 -0.034211 0.076167 -0.134409 0.987402
1531.099331 548.427297 -63.771230 -5.983237 -0.032731 0.074737 -0.134848 0.987501
1531.199168 548.613867 -63.790939 -6.001769 -0.031363 0.069817 -0.134905 0.987898
1531.299802 548.810591 -63.812324 -6.018890 -0.032299 0.070430 -0.134656 0.987858
1531.399635 549.005921 -63.836848 -6.030088 -0.033916 0.072220 -0.134438 0.987705
1531.499469 549.208566 -63.861411 -6.037344 -0.035931 0.073984 -0.134189 0.987537
1531.599319 549.410718 -63.885025 -6.041502 -0.036796 0.074521 -0.134174 0.987466
1531.699162 549.614691 -63.904023 -6.044907 -0.036898 0.075561 -0.134347 0.987360
1531.799797 549.824976 -63.922818 -6.051216 -0.037498 0.075716 -0.134000 0.987373
1531.899632 550.036273 -63.948175 -6.056910 -0.038071 0.076537 -0.133681 0.987331
1531.999490 550.244909 -63.974792 -6.064602 -0.038062 0.077087 -0.133474 0.987316
1532.099311 550.444221 -63.997826 -6.073192 -0.039065 0.076038 -0.133415 0.987366
1532.199151 550.647174 -64.019883 -6.080002 -0.037437 0.073425 -0.133538 0.987611
1532.299777 550.856924 -64.040430 -6.087281 -0.038354 0.070978 -0.133080 0.987816
1532.399625 551.085101 -64.062586 -6.093662 -0.038796 0.069937 -0.133292 0.987845
1532.499454 551.321818 -64.088040 -6.101514 -0.035528 0.072501 -0.133281 0.987784
1532.599284 551.558609 -64.115295 -6.114370 -0.034329 0.074124 -0.133677 0.987653
1532.699127 551.781516 -64.141510 -6.124266 -0.035223 0.073628 -0.133453 0.987689
1532.799765 551.997832 -64.162433 -6.129989 -0.034493 0.070321 -0.133575 0.987939
1532.899600 552.223260 -64.183560 -6.136282 -0.035587 0.067060 -0.133763 0.988101
1532.999448 552.450327 -64.210309 -6.146271 -0.035397 0.065367 -0.133863 0.988208
1533.099281 552.664023 -64.236099 -6.159315 -0.035037 0.066643 -0.133937 0.988126
1533.199103 552.874954 -64.259862 -6.170468 -0.032971 0.067649 -0.133875 0.988137
1533.299746 553.095490 -64.282955 -6.177032 -0.031765 0.066406 -0.133757 0.988276
1533.399584 553.317143 -64.305525 -6.193421 -0.032944 0.065803 -0.133649 0.988293
1533.499431 553.537581 -64.330676 -6.213787 -0.033953 0.063090 -0.133772 0.988419
1533.599275 553.758373 -64.359246 -6.233380 -0.034098 0.057591 -0.133447 0.988793
1533.699508 553.984821 -64.387605 -6.249447 -0.034327 0.052194 -0.133451 0.989085
1533.799345 554.210780 -64.413406 -6.261551 -0.033806 0.049298 -0.133552 0.989237
1533.899190 554.431694 -64.441129 -6.268445 -0.033420 0.046791 -0.133620 0.989363
1533.999819 554.643129 -64.467599 -6.276968 -0.033481 0.044187 -0.133939 0.989438
1534.099654 554.851911 -64.492816 -6.287190 -0.033676 0.043524 -0.134213 0.989423
1534.199493 555.050736 -64.521907 -6.314771 -0.034432 0.041183 -0.134135 0.989508
1534.299341 555.247962 -64.547605 -6.293411 -0.036595 0.022146 -0.133590 0.990113
1534.399176 555.424748 -64.570561 -6.284720 -0.034522 -0.054428 -0.130812 0.989310
1534.499814 555.587007 -64.590255 -6.278157 -0.033040 -0.098134 -0.129068 0.986215
1534.599656 555.722434 -64.602659 -6.299085 -0.031723 -0.087678 -0.130192 0.987095
1534.699480 555.828586 -64.616472 -6.329921 -0.033578 -0.057747 -0.131283 0.989092
1534.799320 555.899081 -64.621511 -6.370190 -0.034105 -0.024584 -0.132244 0.990325
1534.899166 555.958231 -64.627484 -6.388573 -0.034913 -0.003377 -0.132845 0.990516
1534.999809 556.012409 -64.637800 -6.388164 -0.035278 0.008331 -0.133305 0.990412
1535.099658 556.063200 -64.646069 -6.383523 -0.034700 0.018870 -0.133817 0.990219
1535.199502 556.105348 -64.653464 -6.391232 -0.032962 0.030318 -0.134205 0.989941
1535.299342 556.143531 -64.655832 -6.403615 -0.033349 0.038351 -0.134874 0.989559
1535.399189 556.187018 -64.660377 -6.423671 -0.033579 0.043252 -0.135252 0.989297
1535.499826 556.229415 -64.667444 -6.436378 -0.033398 0.046049 -0.135227 0.989180
1535.599664 556.264983 -64.675938 -6.443601 -0.032555 0.049563 -0.135465 0.989006
1535.699497 556.303761 -64.687783 -6.461152 -0.031352 0.053492 -0.135520 0.988833
1535.799333 556.343739 -64.699671 -6.486211 -0.030967 0.057570 -0.135690 0.988592
1535.899173 556.383029 -64.707469 -6.511729 -0.031393 0.059947 -0.135882 0.988411
1535.999815 556.421071 -64.714287 -6.534565 -0.032215 0.061220 -0.135745 0.988326
1536.099653 556.458590 -64.723373 -6.555305 -0.031920 0.062158 -0.135860 0.988261
1536.199493 556.499226 -64.736993 -6.576021 -0.031600 0.064418 -0.135999 0.988107
1536.299327 556.544142 -64.749810 -6.596511 -0.030333 0.068661 -0.136158 0.987839
1536.399162 556.588484 -64.762847 -6.622037 -0.029715 0.072600 -0.136144 0.987578
1536.499804 556.647038 -64.777375 -6.650294 -0.030175 0.075850 -0.136198 0.987313
1536.599642 556.712383 -64.793410 -6.676555 -0.030065 0.075315 -0.136016 0.987382
1536.699488 556.776060 -64.809164 -6.692634 -0.030090 0.073636 -0.136236 0.987478
1536.799323 556.839360 -64.828304 -6.696935 -0.030253 0.072971 -0.136239 0.987522
1536.899149 556.904235 -64.850012 -6.700123 -0.030368 0.074587 -0.136339 0.987383
1536.999792 556.976469 -64.870928 -6.709194 -0.030125 0.076822 -0.136305 0.987224
1537.099634 557.051777 -64.891696 -6.718271 -0.029808 0.077993 -0.136403 0.987129
1537.199478 557.137655 -64.917466 -6.722323 -0.030137 0.077622 -0.136433 0.987144
1537.299310 557.232476 -64.942008 -6.723626 -0.029334 0.076868 -0.136647 0.987197
1537.399148 557.325819 -64.965013 -6.722535 -0.029663 0.077205 -0.136889 0.987128
1537.499795 557.423031 -64.991189 -6.722800 -0.029520 0.077952 -0.136812 0.987084
1537.599652 557.535818 -65.023825 -6.729913 -0.028905 0.078811 -0.136708 0.987048
1537.699483 557.645891 -65.060730 -6.734779 -0.028980 0.081128 -0.136788 0.986847
1537.799323 557.765190 -65.092439 -6.742884 -0.029580 0.079684 -0.136564 0.986978
1537.899158 557.889131 -65.121346 -6.748375 -0.030102 0.076853 -0.136493 0.987197
1537.999793 558.008310 -65.159410 -6.751191 -0.032048 0.073707 -0.135996 0.987444
1538.099622 558.117336 -65.200177 -6.746909 -0.031718 0.073704 -0.135530 0.987519
1538.199459 558.233730 -65.239475 -6.745042 -0.031297 0.074261 -0.135356 0.987514
1538.299302 558.361006 -65.277641 -6.750879 -0.032764 0.073406 -0.135274 0.987542
1538.399133 558.486124 -65.312971 -6.757477 -0.033340 0.074603 -0.135264 0.987434
1538.499766 558.619340 -65.349004 -6.759857 -0.033278 0.077334 -0.135816 0.987150
1538.599620 558.759951 -65.393017 -6.762599 -0.033115 0.079162 -0.135940 0.986994
1538.699464 558.903528 -65.440822 -6.763900 -0.032260 0.077980 -0.136039 0.987103
1538.799301 559.059495 -65.491006 -6.767406 -0.031073 0.077072 -0.135985 0.987220
1538.899146 559.221306 -65.535855 -6.768842 -0.031711 0.074856 -0.135881 0.987384
1538.999793 559.386644 -65.580799 -6.772662 -0.036257 0.072448 -0.135708 0.987431
1539.099629 559.548909 -65.625090 -6.775455 -0.042453 0.071115 -0.135244 0.987345
1539.199471 559.713351 -65.671544 -6.784021 -0.047346 0.070733 -0.134750 0.987217
1539.299315 559.884525 -65.718262 -6.797812 -0.049350 0.068785 -0.134499 0.987291
1539.399149 560.052330 -65.757498 -6.802831 -0.048146 0.066421 -0.134578 0.987501
1539.499803 560.219718 -65.793459 -6.803138 -0.044524 0.063178 -0.134406 0.987907
1539.599645 560.384487 -65.827925 -6.805969 -0.044130 0.061634 -0.134654 0.987989
1539.699497 560.546618 -65.865216 -6.807206 -0.042342 0.061537 -0.134624 0.988077
1539.799350 560.702785 -65.901608 -6.813889 -0.040883 0.057958 -0.134497 0.988372
1539.899191 560.875621 -65.934225 -6.825015 -0.041976 0.055618 -0.134208 0.988500
1539.999828 561.058836 -65.967940 -6.833968 -0.044423 0.054364 -0.133614 0.988544
1540.099667 561.239474 -65.996451 -6.842578 -0.048616 0.052054 -0.133251 0.988520
1540.199507 561.418482 -66.024442 -6.848012 -0.051978 0.050589 -0.133045 0.988452
1540.299351 561.590043 -66.052175 -6.853323 -0.052590 0.051672 -0.133337 0.988325
1540.399184 561.764709 -66.075453 -6.859232 -0.049748 0.051787 -0.134311 0.988334
1540.499833 561.936517 -66.095846 -6.865964 -0.046389 0.050818 -0.135190 0.988428
1540.599682 562.115652 -66.119192 -6.871250 -0.040621 0.050518 -0.135413 0.988666
1540.699516 562.304218 -66.143911 -6.879451 -0.034261 0.053435 -0.135368 0.988760
1540.799360 562.486781 -66.166238 -6.886901 -0.032511 0.056167 -0.134637 0.988768
1540.899199 562.657688 -66.187855 -6.894417 -0.036187 0.056098 -0.133783 0.988760
1540.999426 562.809821 -66.205141 -6.902450 -0.038621 0.055706 -0.133164 0.988773
1541.099260 562.965574 -66.221796 -6.908849 -0.038094 0.055691 -0.132744 0.988851
1541.199494 563.108988 -66.237942 -6.914918 -0.036738 0.052075 -0.132899 0.989079
1541.299337 563.265661 -66.256233 -6.924421 -0.036124 0.048131 -0.133744 0.989187
1541.399181 563.427656 -66.277160 -6.933757 -0.031961 0.049123 -0.134016 0.989245
1541.499825 563.587425 -66.297527 -6.940675 -0.030184 0.049761 -0.134199 0.989244
1541.599662 563.749892 -66.320648 -6.950290 -0.031176 0.051162 -0.134526 0.989097
1541.699509 563.912912 -66.338724 -6.955822 -0.032945 0.055327 -0.135208 0.988723
1541.799344 564.073125 -66.363488 -6.957803 -0.031789 0.058550 -0.135770 0.988498
1541.899195 564.231777 -66.389369 -6.962883 -0.030390 0.055767 -0.136185 0.988646
1541.999833 564.385978 -66.412642 -6.969001 -0.032535 0.052779 -0.135650 0.988815
1542.099669 564.532993 -66.434035 -6.973972 -0.034552 0.052522 -0.135384 0.988797
1542.199514 564.682021 -66.454954 -6.980708 -0.036491 0.053761 -0.135453 0.988651
1542.299353 564.837374 -66.479830 -6.986968 -0.039397 0.055648 -0.135210 0.988468
1542.399193 564.996333 -66.503805 -6.993970 -0.040830 0.056635 -0.135023 0.988380
1542.499837 565.149326 -66.522387 -7.000510 -0.044146 0.056755 -0.134745 0.988268
1542.599664 565.295685 -66.539528 -7.008654 -0.044612 0.052204 -0.134344 0.988553
1542.699504 565.437723 -66.559824 -7.011324 -0.045391 0.046547 -0.134625 0.988761
1542.799340 565.583889 -66.579288 -7.011508 -0.050394 0.042266 -0.134852 0.988680
1542.899176 565.731093 -66.590972 -7.012619 -0.055929 0.041089 -0.135152 0.988391
1542.999813 565.886488 -66.596754 -7.022115 -0.058675 0.040261 -0.134885 0.988303
1543.099656 566.035108 -66.602662 -7.044876 -0.060274 0.041114 -0.134581 0.988213
1543.199479 566.173324 -66.604996 -7.076582 -0.058170 0.043797 -0.134832 0.988190
1543.299319 566.307150 -66.603413 -7.106366 -0.056583 0.045075 -0.134570 0.988260
1543.399165 566.437803 -66.596022 -7.124037 -0.054147 0.044767 -0.134101 0.988474
1543.499796 566.562867 -66.585106 -7.130595 -0.053323 0.046610 -0.134173 0.988424
1543.599642 566.681439 -66.573140 -7.133075 -0.050476 0.051314 -0.134633 0.988278
1543.699474 566.795862 -66.556847 -7.140564 -0.047413 0.052810 -0.134964 0.988306
1543.799311 566.909239 -66.536484 -7.151539 -0.042438 0.052516 -0.135564 0.988465
1543.899149 567.036541 -66.516110 -7.168691 -0.036646 0.052155 -0.136616 0.988571
1543.999775 567.160593 -66.496406 -7.181282 -0.031319 0.049932 -0.136506 0.988884
1544.099609 567.276360 -66.480519 -7.190562 -0.030885 0.048036 -0.136857 0.988943
1544.199459 567.390391 -66.460565 -7.193776 -0.033521 0.049820 -0.137257 0.988714
1544.299309 567.508232 -66.443900 -7.195233 -0.034127 0.053479 -0.137345 0.988490
1544.399145 567.621642 -66.425207 -7.196364 -0.034299 0.054292 -0.136941 0.988495
1544.499793 567.729072 -66.412229 -7.199779 -0.033360 0.054511 -0.136358 0.988596
1544.599640 567.837013 -66.406312 -7.207702 -0.033450 0.052464 -0.136056 0.988745
1544.699483 567.951016 -66.397992 -7.212050 -0.033808 0.050015 -0.136048 0.988861
1544.799337 568.068580 -66.384874 -7.213143 -0.034092 0.045952 -0.135847 0.989076
1544.899173 568.187701 -66.370555 -7.216439 -0.034153 0.043339 -0.135690 0.989214
1544.999808 568.301925 -66.359229 -7.225182 -0.033485 0.043752 -0.135574 0.989234
1545.099650 568.410123 -66.349176 -7.229742 -0.033073 0.045960 -0.135586 0.989146
1545.199494 568.505588 -66.343775 -7.236316 -0.034157 0.047939 -0.135657 0.989006
1545.299330 568.598323 -66.336831 -7.244152 -0.034320 0.049009 -0.136068 0.988891
1545.399171 568.698425 -66.328404 -7.246766 -0.033267 0.049501 -0.136303 0.988870
1545.499822 568.798530 -66.320134 -7.247040 -0.031385 0.050349 -0.136768 0.988825
1545.599666 568.886586 -66.311798 -7.249576 -0.031628 0.052626 -0.136978 0.988669
1545.699516 568.989440 -66.307184 -7.259358 -0.033361 0.056819 -0.137113 0.988362
1545.799359 569.100050 -66.305802 -7.271869 -0.034243 0.059624 -0.137125 0.988165
1545.899203 569.211212 -66.306382 -7.276296 -0.033718 0.060164 -0.137132 0.988149
1545.999440 569.313814 -66.306482 -7.277149 -0.033496 0.059040 -0.136951 0.988249
1546.099291 569.415880 -66.305191 -7.276475 -0.033267 0.057882 -0.137016 0.988317
1546.199140 569.513546 -66.304750 -7.277003 -0.033052 0.058833 -0.137032 0.988265
1546.299765 569.611102 -66.304502 -7.282257 -0.032530 0.061530 -0.137109 0.988108
1546.399603 569.720159 -66.309186 -7.292294 -0.031993 0.063595 -0.137056 0.988002
1546.499439 569.836082 -66.313195 -7.300034 -0.031068 0.063313 -0.136701 0.988099
1546.599279 569.952968 -66.319534 -7.306184 -0.031913 0.062287 -0.136212 0.988205
1546.699120 570.059364 -66.330414 -7.307284 -0.031995 0.064095 -0.136271 0.988078
1546.799765 570.170323 -66.341410 -7.309538 -0.031975 0.064301 -0.136547 0.988027
1546.899603 570.279735 -66.348760 -7.310045 -0.031797 0.064686 -0.136896 0.987960
1546.999458 570.393350 -66.354703 -7.312623 -0.030500 0.064628 -0.137142 0.987970
1547.099294 570.511498 -66.366515 -7.321349 -0.029856 0.063548 -0.137155 0.988058
1547.199130 570.617767 -66.378646 -7.333234 -0.029535 0.061989 -0.137048 0.988182
1547.299789 570.738604 -66.392659 -7.342201 -0.031393 0.062991 -0.136941 0.988076
1547.399619 570.863283 -66.406774 -7.345911 -0.032090 0.066040 -0.136887 0.987862
1547.499454 570.982967 -66.425096 -7.341535 -0.032407 0.071145 -0.136634 0.987532
1547.599305 571.109160 -66.445912 -7.343514 -0.032399 0.074376 -0.136374 0.987330
1547.699130 571.231527 -66.463009 -7.347827 -0.031369 0.075542 -0.136656 0.987236
1547.799773 571.355303 -66.479282 -7.348607 -0.031648 0.074426 -0.136579 0.987322
1547.899619 571.481982 -66.498875 -7.355560 -0.031253 0.072230 -0.136497 0.987509
1547.999470 571.602689 -66.519456 -7.361908 -0.030464 0.069959 -0.136056 0.987758
1548.099312 571.732059 -66.543452 -7.362450 -0.031303 0.068471 -0.135801 0.987871
1548.199172 571.872373 -66.570616 -7.360609 -0.035936 0.066456 -0.134637 0.988011
1548.299810 572.012245 -66.595613 -7.365078 -0.038317 0.063331 -0.132502 0.988415
1548.399669 572.144483 -66.617987 -7.371868 -0.039388 0.062019 -0.130277 0.988752
1548.499517 572.284641 -66.643718 -7.378319 -0.036083 0.061523 -0.128509 0.989140
1548.599372 572.431200 -66.669731 -7.383433 -0.035342 0.062281 -0.126190 0.989418
1548.699215 572.576671 -66.695405 -7.391034 -0.037675 0.066958 -0.122768 0.989457
1548.799453 572.723827 -66.718415 -7.397378 -0.041073 0.072021 -0.118545 0.989481
1548.899291 572.870469 -66.740319 -7.404572 -0.040553 0.072788 -0.114405 0.989934
1548.999127 573.021560 -66.764016 -7.410860 -0.037268 0.071734 -0.111455 0.990476
1549.099787 573.179530 -66.789891 -7.417133 -0.031309 0.069565 -0.110073 0.990992
1549.199632 573.335642 -66.811919 -7.422928 -0.031315 0.066152 -0.109794 0.991256
1549.299469 573.491037 -66.836113 -7.424907 -0.033347 0.066417 -0.109579 0.991196
1549.399299 573.643290 -66.863676 -7.433140 -0.035235 0.067074 -0.109848 0.991057
1549.499137 573.805798 -66.892660 -7.443953 -0.033002 0.066947 -0.109875 0.991139
1549.599786 573.979430 -66.923474 -7.451321 -0.032152 0.064369 -0.109513 0.991378
1549.699632 574.145451 -66.952093 -7.453029 -0.034180 0.061947 -0.109084 0.991511
1549.799476 574.308433 -66.978701 -7.451599 -0.035790 0.061888 -0.108559 0.991516
1549.899303 574.474941 -67.006723 -7.454305 -0.035182 0.063780 -0.109049 0.991364
1549.999155 574.638500 -67.037181 -7.458421 -0.031225 0.064979 -0.109402 0.991380
1550.099789 574.802157 -67.063478 -7.462987 -0.030280 0.062780 -0.110043 0.991480
1550.199635 574.968321 -67.093194 -7.472247 -0.031530 0.060492 -0.110746 0.991505
1550.299469 575.132507 -67.124441 -7.485530 -0.031744 0.061363 -0.111133 0.991401
1550.399296 575.295637 -67.153960 -7.499070 -0.033446 0.062875 -0.111612 0.991197
1550.499139 575.464398 -67.183025 -7.502417 -0.033805 0.065965 -0.112203 0.990917
1550.599780 575.645638 -67.219364 -7.504179 -0.033244 0.064780 -0.111844 0.991055
1550.699626 575.819229 -67.253904 -7.506301 -0.032681 0.062403 -0.112026 0.991205
1550.799468 575.981522 -67.285696 -7.513904 -0.033454 0.060411 -0.112392 0.991262
1550.899306 576.141665 -67.319625 -7.530443 -0.034442 0.057122 -0.112455 0.991416
1550.999147 576.294570 -67.350122 -7.539863 -0.035264 0.055442 -0.112199 0.991511
1551.099795 576.445997 -67.381143 -7.556565 -0.036010 0.054473 -0.112006 0.991560
1551.199621 576.598361 -67.412481 -7.576531 -0.036683 0.055386 -0.112251 0.991457
1551.299457 576.750645 -67.447429 -7.600794 -0.037030 0.054899 -0.112098 0.991488
1551.399295 576.908454 -67.486494 -7.624895 -0.036947 0.051310 -0.111695 0.991729
1551.499137 577.059366 -67.522913 -7.657116 -0.035395 0.048163 -0.111385 0.991978
1551.599783 577.209393 -67.557639 -7.695445 -0.035406 0.050288 -0.111365 0.991875
1551.699631 577.356679 -67.588454 -7.737690 -0.035549 0.054275 -0.110827 0.991720
1551.799463 577.503871 -67.620979 -7.779346 -0.037780 0.057793 -0.110641 0.991459
1551.899288 577.651797 -67.655582 -7.812241 -0.038176 0.061671 -0.110654 0.991209
1551.999125 577.805063 -67.692510 -7.840079 -0.037599 0.062852 -0.110793 0.991141
1552.099766 577.963919 -67.726780 -7.864167 -0.036625 0.063871 -0.110921 0.991098
1552.199615 578.114664 -67.755422 -7.885333 -0.036521 0.065212 -0.111412 0.990960
1552.299458 578.269652 -67.787167 -7.905845 -0.034031 0.068558 -0.111733 0.990786
1552.399305 578.421155 -67.822680 -7.924226 -0.031458 0.071585 -0.111763 0.990654
1552.499142 578.562443 -67.856658 -7.943340 -0.033298 0.071929 -0.110879 0.990668
1552.599782 578.701758 -67.886816 -7.961963 -0.038678 0.072893 -0.106802 0.990850
1552.699614 578.845156 -67.911004 -7.971921 -0.037694 0.070391 -0.102913 0.991480
1552.799452 579.001873 -67.933133 -7.975084 -0.035726 0.064966 -0.100570 0.992164
1552.899286 579.165505 -67.956311 -7.975568 -0.034787 0.060886 -0.100467 0.992466
1552.999133 579.324363 -67.989713 -7.976693 -0.034734 0.060563 -0.099951 0.992540
1553.099765 579.484511 -68.024498 -7.982688 -0.035448 0.061629 -0.099136 0.992531
1553.199613 579.646271 -68.055847 -7.986831 -0.031493 0.063562 -0.098808 0.992575
1553.299442 579.810776 -68.083640 -7.994444 -0.032299 0.062226 -0.098128 0.992701
1553.399285 579.980066 -68.111297 -8.004254 -0.039110 0.059911 -0.097129 0.992697
1553.499116 580.151435 -68.140767 -8.012557 -0.038823 0.058091 -0.094664 0.993054
1553.599753 580.317374 -68.168607 -8.016360 -0.041130 0.058841 -0.089983 0.993353
1553.699588 580.483544 -68.193083 -8.021577 -0.042356 0.061457 -0.084721 0.993605
1553.799432 580.648307 -68.219166 -8.028524 -0.044212 0.060275 -0.078907 0.994075
1553.899266 580.807354 -68.243661 -8.039464 -0.043247 0.058164 -0.073603 0.994650
1553.999510 580.965126 -68.263448 -8.044984 -0.041646 0.058817 -0.069303 0.994989
1554.099354 581.129432 -68.283824 -8.050289 -0.041431 0.059516 -0.065173 0.995236
1554.199190 581.293588 -68.302209 -8.053125 -0.039022 0.060833 -0.062091 0.995450
1554.299825 581.464426 -68.323134 -8.060021 -0.036147 0.061131 -0.060521 0.995637
1554.399657 581.632974 -68.344085 -8.068661 -0.037175 0.060388 -0.060855 0.995624
1554.499492 581.797602 -68.362534 -8.075154 -0.035825 0.060073 -0.061148 0.995675
1554.599339 581.954860 -68.380053 -8.080929 -0.035791 0.058618 -0.061198 0.995760
1554.699172 582.104500 -68.397064 -8.082138 -0.034994 0.057150 -0.061222 0.995872
1554.799819 582.250027 -68.414489 -8.085048 -0.033844 0.057190 -0.061319 0.995904
1554.899656 582.401501 -68.434530 -8.091480 -0.032815 0.057737 -0.060929 0.995930
1554.999498 582.559171 -68.453489 -8.102370 -0.035092 0.059342 -0.060792 0.995767
1555.099340 582.715056 -68.470852 -8.109289 -0.037321 0.062545 -0.060871 0.995485
1555.199171 582.868882 -68.489901 -8.116687 -0.037266 0.066011 -0.060843 0.995265
1555.299819 583.020735 -68.508258 -8.123753 -0.034460 0.065837 -0.061235 0.995353
1555.399668 583.178387 -68.528802 -8.126601 -0.031665 0.063472 -0.061588 0.995578
1555.499519 583.342606 -68.551598 -8.134568 -0.031056 0.061644 -0.061772 0.995701
1555.599355 583.506594 -68.575130 -8.146732 -0.033186 0.061676 -0.062032 0.995614
1555.699204 583.670264 -68.596307 -8.155680 -0.034857 0.062556 -0.062077 0.995499
1555.799462 583.833611 -68.619849 -8.161616 -0.036783 0.062573 -0.061961 0.995436
1555.899311 584.003254 -68.641468 -8.160249 -0.035328 0.061897 -0.061792 0.995541
1555.999141 584.169978 -68.664043 -8.161205 -0.031909 0.059548 -0.060742 0.995865
1556.099775 584.323435 -68.686230 -8.174190 -0.034124 0.059167 -0.060399 0.995835
1556.199605 584.465000 -68.705944 -8.190074 -0.038945 0.062673 -0.060599 0.995431
1556.299445 584.609175 -68.723537 -8.205291 -0.039792 0.064871 -0.060725 0.995249
1556.399285 584.755875 -68.741695 -8.210409 -0.038248 0.065016 -0.061209 0.995271
1556.499126 584.904357 -68.757980 -8.208844 -0.035636 0.064159 -0.061701 0.995393
1556.599757 585.050851 -68.779146 -8.209754 -0.034771 0.062699 -0.061692 0.995517
1556.699586 585.190594 -68.801666 -8.218053 -0.032237 0.059485 -0.061369 0.995819
1556.799417 585.336636 -68.822912 -8.233113 -0.033535 0.058710 -0.061169 0.995835
1556.899252 585.487183 -68.843892 -8.238516 -0.036334 0.061760 -0.061363 0.995540
1556.999484 585.643788 -68.864142 -8.241703 -0.036895 0.061988 -0.061573 0.995492
1557.099317 585.798513 -68.879728 -8.240571 -0.034715 0.061518 -0.062043 0.995571
1557.199158 585.959872 -68.897752 -8.246915 -0.034226 0.060856 -0.062164 0.995621
1557.299794 586.117001 -68.918654 -8.257388 -0.035233 0.059000 -0.061811 0.995719
1557.399631 586.278925 -68.944130 -8.270108 -0.035861 0.059534 -0.061962 0.995656
1557.499481 586.435155 -68.968182 -8.273707 -0.034682 0.061266 -0.061784 0.995604
1557.599316 586.581498 -68.988971 -8.283226 -0.032578 0.061264 -0.061845 0.995671
1557.699153 586.736439 -69.008016 -8.286802 -0.032898 0.061941 -0.062126 0.995601
1557.799787 586.899813 -69.027897 -8.291000 -0.033281 0.060429 -0.061919 0.995694
1557.899627 587.060546 -69.046806 -8.297640 -0.034780 0.061164 -0.062264 0.995576
1557.999458 587.205167 -69.067371 -8.304089 -0.035487 0.061277 -0.062776 0.995512
1558.099298 587.337541 -69.091015 -8.311439 -0.035185 0.061917 -0.062983 0.995470
1558.199135 587.469144 -69.111026 -8.316598 -0.036206 0.063763 -0.062652 0.995338
1558.299782 587.614486 -69.128752 -8.325932 -0.037882 0.063735 -0.062072 0.995314
1558.399624 587.758800 -69.147417 -8.336909 -0.037934 0.062949 -0.061726 0.995383
1558.499455 587.910682 -69.166846 -8.343029 -0.035899 0.060529 -0.061736 0.995608
1558.599293 588.053226 -69.185019 -8.339307 -0.033876 0.060418 -0.062279 0.995652
1558.699124 588.199095 -69.208853 -8.339910 -0.034204 0.059504 -0.062330 0.995693
1558.799773 588.354846 -69.234944 -8.345689 -0.036109 0.056886 -0.062125 0.995791
1558.899617 588.514363 -69.252948 -8.351954 -0.035414 0.056508 -0.062335 0.995825
1558.999444 588.670560 -69.273286 -8.362072 -0.034346 0.057774 -0.062185 0.995799
1559.099293 588.820885 -69.292039 -8.375553 -0.036234 0.058809 -0.062002 0.995683
1559.199124 588.974642 -69.314097 -8.386464 -0.038682 0.059214 -0.061845 0.995577
1559.299772 589.143164 -69.339959 -8.388315 -0.038285 0.059640 -0.061506 0.995587
1559.399620 589.303464 -69.362181 -8.386195 -0.037102 0.059341 -0.061449 0.995654
1559.499476 589.455192 -69.382495 -8.390218 -0.037350 0.060385 -0.061885 0.995555
1559.599308 589.598469 -69.401199 -8.396761 -0.035801 0.061345 -0.062829 0.995494
1559.699137 589.741028 -69.418902 -8.405188 -0.032585 0.059457 -0.062791 0.995721
1559.799760 589.880021 -69.438007 -8.418658 -0.032136 0.057691 -0.062323 0.995869
1559.899604 590.015072 -69.457087 -8.425430 -0.034339 0.061246 -0.062225 0.995589
1559.999440 590.147599 -69.475971 -8.427279 -0.037128 0.062996 -0.062126 0.995386
1560.099285 590.286219 -69.496429 -8.424018 -0.034875 0.063840 -0.061468 0.995455
1560.199138 590.426684 -69.515117 -8.432674 -0.035192 0.063540 -0.061460 0.995463
1560.299765 590.571257 -69.536518 -8.444383 -0.035388 0.065153 -0.061834 0.995329
1560.399608 590.709628 -69.558069 -8.453813 -0.035185 0.065362 -0.061904 0.995318
1560.499449 590.852466 -69.578604 -8.462556 -0.035428 0.066606 -0.061909 0.995227
1560.599278 591.002643 -69.599351 -8.463475 -0.035480 0.066412 -0.061515 0.995262
1560.699121 591.156879 -69.618167 -8.467309 -0.036454 0.065504 -0.061796 0.995270
1560.799771 591.306639 -69.638377 -8.475922 -0.036427 0.065094 -0.062085 0.995280
1560.899620 591.453120 -69.657507 -8.479917 -0.036029 0.065220 -0.062124 0.995283
1560.999461 591.597522 -69.678797 -8.487559 -0.036485 0.063177 -0.061880 0.995414
1561.099300 591.746755 -69.700198 -8.489517 -0.037295 0.060265 -0.061602 0.995581
1561.199127 591.891610 -69.721831 -8.490634 -0.036902 0.060245 -0.061633 0.995595
1561.299741 592.038994 -69.743852 -8.506446 -0.035998 0.062372 -0.061852 0.995484
1561.399593 592.182730 -69.769039 -8.524623 -0.035484 0.063086 -0.061634 0.995471
1561.499425 592.330400 -69.793029 -8.534964 -0.035356 0.063198 -0.061811 0.995457
1561.599266 592.479361 -69.812537 -8.537688 -0.036418 0.062185 -0.061599 0.995496
1561.699500 592.634151 -69.834094 -8.542609 -0.039498 0.062422 -0.061160 0.995391
1561.799349 592.787565 -69.857562 -8.556935 -0.040995 0.065253 -0.061026 0.995157
1561.899190 592.934174 -69.879972 -8.573336 -0.040462 0.068304 -0.061040 0.994973
1561.999826 593.088831 -69.902011 -8.590556 -0.038272 0.065574 -0.061046 0.995243
1562.099659 593.243810 -69.927407 -8.603613 -0.036257 0.064371 -0.061404 0.995375
1562.199516 593.404193 -69.949818 -8.612694 -0.035817 0.065998 -0.061870 0.995255
1562.299363 593.564756 -69.971024 -8.615158 -0.036372 0.067404 -0.062180 0.995122
1562.399217 593.721278 -69.994691 -8.620882 -0.035626 0.066111 -0.062414 0.995221
1562.499466 593.878415 -70.018848 -8.632819 -0.034954 0.063198 -0.062099 0.995454
1562.599304 594.034272 -70.035009 -8.643389 -0.033172 0.059878 -0.061519 0.995756
1562.699151 594.190836 -70.053264 -8.647818 -0.036389 0.061588 -0.061524 0.995539
1562.799792 594.352010 -70.075699 -8.653558 -0.037753 0.061379 -0.061319 0.995514
1562.899636 594.508724 -70.098329 -8.656574 -0.037865 0.062930 -0.061520 0.995400
1562.999473 594.660730 -70.121619 -8.663175 -0.037115 0.063109 -0.062012 0.995386
1563.099301 594.819788 -70.143131 -8.671742 -0.036303 0.063090 -0.062389 0.995394
1563.199126 594.978700 -70.165291 -8.678120 -0.035581 0.063681 -0.061698 0.995426
1563.299772 595.127651 -70.183044 -8.684647 -0.038391 0.063976 -0.060833 0.995356
1563.399610 595.270664 -70.199888 -8.691303 -0.039243 0.063527 -0.060783 0.995354
1563.499438 595.425580 -70.222829 -8.699447 -0.038557 0.063050 -0.060954 0.995401
1563.599278 595.579175 -70.249705 -8.705815 -0.036039 0.062327 -0.060904 0.995544
1563.699127 595.741045 -70.274252 -8.713471 -0.035237 0.063144 -0.061452 0.995487
1563.799761 595.904125 -70.291398 -8.722588 -0.035885 0.063417 -0.061408 0.995449
1563.899602 596.061046 -70.308241 -8.728306 -0.036659 0.064001 -0.060746 0.995425
1563.999436 596.212890 -70.327498 -8.728799 -0.038877 0.061818 -0.060590 0.995488
1564.099277 596.372835 -70.351080 -8.733564 -0.039553 0.059429 -0.060859 0.995590
1564.199120 596.530908 -70.376312 -8.742330 -0.039183 0.061240 -0.061285 0.995469
1564.299759 596.688571 -70.397458 -8.751934 -0.037538 0.064279 -0.062040 0.995294
1564.399593 596.836671 -70.418299 -8.759598 -0.038037 0.065718 -0.062507 0.995152
1564.499428 596.992210 -70.437478 -8.765556 -0.037218 0.062769 -0.062884 0.995349
1564.599263 597.159515 -70.456546 -8.768619 -0.037257 0.059390 -0.063204 0.995535
1564.699506 597.325395 -70.480413 -8.770022 -0.038912 0.055914 -0.063405 0.995660
1564.799351 597.493440 -70.508977 -8.775352 -0.037321 0.053979 -0.063716 0.995808
1564.899191 597.657693 -70.534815 -8.782596 -0.034360 0.054500 -0.063382 0.995908
1564.999844 597.815178 -70.555910 -8.791892 -0.037197 0.057682 -0.063417 0.995624
1565.099665 597.973292 -70.574975 -8.802862 -0.041023 0.060523 -0.062853 0.995341
1565.199515 598.124485 -70.596786 -8.810193 -0.041450 0.063441 -0.062205 0.995182
1565.299342 598.274813 -70.621238 -8.822547 -0.038954 0.065467 -0.061871 0.995173
1565.399187 598.420826 -70.645976 -8.832823 -0.036835 0.064780 -0.061787 0.995304
1565.499826 598.572864 -70.667793 -8.833755 -0.036604 0.063410 -0.061744 0.995403
1565.599659 598.715553 -70.684477 -8.827046 -0.036949 0.061578 -0.061449 0.995523
1565.699499 598.866326 -70.700530 -8.830067 -0.037323 0.060292 -0.061167 0.995606
1565.799336 599.013605 -70.720167 -8.837954 -0.037303 0.062845 -0.061356 0.995437
1565.899164 599.154569 -70.746471 -8.846497 -0.038561 0.064136 -0.061003 0.995328
1565.999816 599.292356 -70.768432 -8.857260 -0.038847 0.062685 -0.061109 0.995403
1566.099663 599.434463 -70.786447 -8.867623 -0.037530 0.060370 -0.061519 0.995571
1566.199497 599.585755 -70.804694 -8.872698 -0.036072 0.059849 -0.061718 0.995644
1566.299316 599.746810 -70.822083 -8.875322 -0.037855 0.059785 -0.061595 0.995590
1566.399149 599.916292 -70.840485 -8.881974 -0.039039 0.060917 -0.061735 0.995467
1566.499787 600.072723 -70.858692 -8.892921 -0.038756 0.061798 -0.061717 0.995425
1566.599625 600.224825 -70.877936 -8.896802 -0.035962 0.064427 -0.061830 0.995356
1566.699464 600.381153 -70.898172 -8.900102 -0.033464 0.065602 -0.062334 0.995335
1566.799317 600.528386 -70.922665 -8.910339 -0.034092 0.064285 -0.062127 0.995412
1566.899159 600.670910 -70.944261 -8.919672 -0.035470 0.062718 -0.062422 0.995446
1566.999793 600.809765 -70.964637 -8.925673 -0.037901 0.060899 -0.062671 0.995453
1567.099626 600.951427 -70.982931 -8.932126 -0.038772 0.059488 -0.062282 0.995529
1567.199471 601.091517 -71.002538 -8.935051 -0.037087 0.059790 -0.062200 0.995581
1567.299308 601.229984 -71.025959 -8.939772 -0.037340 0.061246 -0.062163 0.995485
1567.399153 601.369716 -71.046545 -8.946747 -0.037965 0.062252 -0.062539 0.995375
1567.499806 601.519899 -71.068629 -8.956537 -0.038652 0.062064 -0.062532 0.995361
1567.599657 601.671620 -71.089091 -8.962093 -0.038466 0.061649 -0.062527 0.995394
1567.699497 601.821507 -71.105765 -8.968347 -0.038261 0.058564 -0.062371 0.995598
1567.799354 601.965421 -71.123907 -8.973284 -0.037156 0.055418 -0.062282 0.995826
1567.899188 602.103101 -71.143738 -8.981208 -0.037350 0.054740 -0.062437 0.995846
1567.999825 602.236186 -71.164791 -8.991872 -0.037277 0.055073 -0.062690 0.995815
1568.099661 602.371121 -71.185228 -8.995177 -0.038774 0.057114 -0.063024 0.995622
1568.199511 602.501928 -71.203710 -8.994820 -0.040127 0.058900 -0.062926 0.995470
1568.299362 602.631491 -71.221468 -9.001181 -0.038894 0.058088 -0.062445 0.995597
1568.399186 602.759601 -71.243419 -9.009361 -0.036536 0.057786 -0.062107 0.995725
1568.499824 602.899882 -71.269810 -9.015983 -0.038159 0.059712 -0.062369 0.995534
1568.599658 603.041409 -71.291513 -9.025900 -0.040727 0.060487 -0.062741 0.995362
1568.699493 603.188992 -71.308582 -9.035800 -0.040287 0.059001 -0.062872 0.995461
1568.799332 603.327449 -71.320139 -9.044309 -0.039463 0.059404 -0.063353 0.995440
1568.899180 603.466700 -71.341081 -9.051136 -0.037229 0.055998 -0.063061 0.995742
1568.999800 603.609361 -71.362302 -9.060132 -0.036368 0.054497 -0.062680 0.995881
1569.099654 603.746399 -71.383502 -9.072820 -0.034328 0.054691 -0.062483 0.995955
1569.199495 603.881905 -71.402298 -9.092964 -0.035706 0.056389 -0.062307 0.995823
1569.299340 604.015210 -71.420198 -9.105997 -0.040723 0.061427 -0.062813 0.995300
1569.399179 604.137545 -71.436160 -9.116644 -0.042822 0.063183 -0.063069 0.995086
1569.499813 604.258162 -71.452737 -9.130163 -0.041092 0.059677 -0.063176 0.995369
1569.599637 604.382175 -71.472064 -9.143559 -0.037742 0.056212 -0.063509 0.995682
1569.699468 604.504502 -71.494144 -9.159643 -0.035875 0.056979 -0.063738 0.995693
1569.799323 604.632167 -71.513529 -9.170498 -0.036052 0.059336 -0.063975 0.995533
1569.899156 604.764803 -71.527864 -9.173349 -0.037881 0.060118 -0.063941 0.995421
1569.999796 604.897376 -71.541840 -9.174973 -0.039142 0.059445 -0.063964 0.995411
1570.099629 605.033836 -71.563197 -9.178062 -0.040098 0.056915 -0.063867 0.995527
1570.199472 605.168802 -71.584574 -9.189883 -0.039218 0.056206 -0.064269 0.995576
1570.299318 605.296781 -71.604265 -9.199243 -0.038363 0.057443 -0.064493 0.995525
1570.399165 605.426789 -71.620054 -9.209496 -0.035928 0.058627 -0.064314 0.995558
1570.499812 605.557471 -71.634125 -9.214845 -0.035455 0.058123 -0.064271 0.995607
1570.599645 605.679711 -71.651214 -9.219406 -0.038265 0.057398 -0.064918 0.995503
1570.699483 605.794752 -71.673461 -9.220838 -0.040914 0.056743 -0.064529 0.995461
1570.799323 605.919991 -71.691893 -9.218899 -0.044429 0.055885 -0.064360 0.995370
1570.899163 606.048153 -71.709318 -9.222344 -0.045736 0.057291 -0.064098 0.995247
1570.999789 606.169967 -71.725103 -9.230314 -0.041807 0.060689 -0.064445 0.995196
1571.099621 606.289689 -71.738099 -9.238047 -0.035949 0.061091 -0.065104 0.995358
1571.199467 606.410056 -71.756057 -9.245226 -0.033273 0.059727 -0.065299 0.995521
1571.299313 606.525127 -71.776216 -9.248098 -0.034997 0.057143 -0.065202 0.995620
1571.399156 606.651616 -71.793251 -9.250586 -0.037458 0.056241 -0.065032 0.995593
1571.499801 606.781664 -71.809115 -9.253922 -0.038362 0.057211 -0.065113 0.995498
1571.599639 606.913092 -71.825962 -9.259598 -0.038676 0.059780 -0.064966 0.995344
1571.699468 607.035658 -71.848327 -9.266029 -0.039974 0.061396 -0.064371 0.995233
1571.799306 607.146951 -71.868926 -9.272800 -0.041471 0.061741 -0.064184 0.995163
1571.899145 607.266715 -71.883343 -9.275542 -0.039709 0.060221 -0.064443 0.995311
1571.999788 607.383763 -71.898875 -9.275929 -0.037824 0.060053 -0.065196 0.995345
1572.099630 607.507362 -71.915630 -9.280608 -0.036073 0.061418 -0.065601 0.995301
1572.199464 607.634591 -71.932917 -9.289293 -0.037306 0.063121 -0.065662 0.995144
1572.299309 607.763829 -71.949875 -9.298183 -0.038469 0.063172 -0.065430 0.995112
1572.399155 607.895899 -71.967826 -9.309759 -0.038075 0.061867 -0.065235 0.995222
1572.499806 608.027919 -71.986578 -9.313071 -0.038439 0.062060 -0.064858 0.995221
1572.599640 608.146769 -72.002819 -9.307770 -0.038085 0.061558 -0.064761 0.995272
1572.699483 608.265694 -72.019762 -9.311387 -0.039014 0.059331 -0.064917 0.995361
1572.799311 608.380923 -72.038277 -9.323798 -0.039259 0.058573 -0.065099 0.995384
1572.899132 608.495585 -72.051499 -9.331613 -0.038392 0.060863 -0.065338 0.995265
1572.999772 608.615697 -72.065727 -9.334352 -0.037545 0.063391 -0.065251 0.995145
1573.099612 608.739657 -72.085722 -9.333263 -0.037703 0.063027 -0.065060 0.995175
1573.199455 608.862747 -72.107625 -9.334965 -0.037357 0.060714 -0.065073 0.995331
1573.299305 608.989723 -72.124598 -9.340069 -0.036607 0.059222 -0.065273 0.995436
1573.399146 609.117985 -72.140365 -9.344120 -0.037626 0.059604 -0.065052 0.995389
1573.499786 609.248256 -72.156046 -9.354006 -0.036045 0.063124 -0.064902 0.995241
1573.599626 609.370436 -72.172545 -9.362443 -0.037113 0.065599 -0.064603 0.995061
1573.699458 609.493685 -72.189565 -9.368402 -0.039330 0.065819 -0.064704 0.994954
1573.799291 609.618937 -72.208370 -9.371710 -0.040410 0.064672 -0.064748 0.994984
1573.899140 609.746221 -72.226061 -9.373800 -0.039935 0.063395 -0.064993 0.995069
1573.999783 609.875240 -72.246460 -9.377780 -0.038556 0.062864 -0.065185 0.995144
1574.099612 610.009815 -72.266448 -9.381654 -0.038913 0.062856 -0.065621 0.995102
1574.199451 610.137975 -72.285767 -9.389271 -0.037452 0.062480 -0.065982 0.995158
1574.299294 610.272388 -72.303656 -9.395419 -0.038166 0.061173 -0.066364 0.995187
1574.399116 610.397528 -72.321881 -9.399451 -0.038957 0.060721 -0.066301 0.995188
1574.499749 610.517844 -72.340372 -9.400074 -0.039357 0.060925 -0.065868 0.995189
1574.599589 610.643066 -72.361658 -9.403397 -0.040390 0.061680 -0.065834 0.995103
1574.699429 610.773047 -72.385273 -9.406898 -0.040904 0.062626 -0.065675 0.995034
1574.799289 610.900503 -72.401077 -9.416720 -0.040637 0.062602 -0.065940 0.995028
1574.899128 611.030649 -72.417696 -9.424048 -0.040341 0.061633 -0.065821 0.995109
1574.999754 611.167314 -72.437202 -9.428457 -0.039328 0.060812 -0.065519 0.995220
1575.099602 611.305535 -72.457925 -9.432104 -0.039082 0.061220 -0.065439 0.995210
1575.199422 611.443252 -72.478995 -9.437959 -0.039561 0.063178 -0.065341 0.995075
1575.299262 611.579246 -72.497969 -9.449969 -0.040701 0.064393 -0.065338 0.994951
1575.399504 611.715256 -72.519045 -9.468198 -0.040047 0.065187 -0.065524 0.994914
1575.499349 611.846405 -72.541332 -9.492321 -0.039113 0.064292 -0.065742 0.994995
1575.599172 611.988949 -72.559435 -9.512930 -0.038803 0.063929 -0.066349 0.994990
1575.699808 612.125744 -72.577555 -9.531322 -0.038695 0.063364 -0.066719 0.995006
1575.799642 612.255091 -72.598463 -9.551457 -0.037133 0.062683 -0.066713 0.995109
1575.899474 612.395137 -72.620219 -9.569309 -0.037596 0.063448 -0.066376 0.995065
1575.999301 612.531942 -72.640566 -9.586660 -0.039077 0.064462 -0.065850 0.994978
1576.099138 612.668800 -72.658149 -9.603560 -0.040310 0.064376 -0.065919 0.994930
1576.199772 612.815974 -72.676299 -9.617732 -0.039194 0.065664 -0.066175 0.994873
1576.299618 612.954875 -72.699398 -9.631279 -0.038262 0.067541 -0.066155 0.994785
1576.399462 613.094466 -72.723975 -9.646054 -0.038143 0.069578 -0.066026 0.994658
1576.499306 613.238838 -72.746176 -9.664503 -0.037517 0.070023 -0.065975 0.994654
1576.599146 613.378697 -72.766247 -9.681687 -0.038174 0.067446 -0.065515 0.994837
1576.699780 613.523158 -72.786118 -9.692726 -0.040571 0.063209 -0.065368 0.995030
1576.799612 613.669924 -72.807923 -9.700513 -0.043124 0.058333 -0.065148 0.995235
1576.899475 613.819118 -72.830869 -9.711705 -0.042012 0.058451 -0.065306 0.995266
1576.999318 613.962832 -72.854877 -9.726157 -0.040012 0.064579 -0.065962 0.994926
1577.099173 614.106293 -72.879621 -9.743701 -0.038611 0.068318 -0.066286 0.994710
1577.199814 614.259618 -72.897350 -9.758027 -0.036818 0.066951 -0.066714 0.994842
1577.299641 614.405658 -72.916425 -9.768248 -0.036354 0.063043 -0.066895 0.995103
1577.399480 614.541699 -72.937331 -9.771540 -0.036612 0.059687 -0.066874 0.995301
1577.499317 614.675591 -72.955626 -9.775167 -0.037954 0.058934 -0.067018 0.995286
1577.599146 614.823535 -72.975681 -9.788751 -0.038714 0.060383 -0.067028 0.995170
1577.699788 614.977788 -72.999141 -9.805563 -0.039368 0.061079 -0.066551 0.995133
1577.799630 615.131088 -73.025286 -9.818285 -0.039614 0.059832 -0.066284 0.995217
1577.899481 615.278442 -73.047496 -9.819710 -0.039470 0.059572 -0.066752 0.995207
1577.999337 615.417664 -73.065430 -9.823019 -0.040410 0.061726 -0.067656 0.994977
1578.099172 615.554820 -73.084320 -9.835467 -0.039115 0.063498 -0.068149 0.994884
1578.199797 615.692838 -73.108627 -9.849691 -0.037282 0.064891 -0.068053 0.994871
1578.299631 615.836364 -73.132990 -9.862644 -0.037759 0.064974 -0.067719 0.994870
1578.399467 615.986909 -73.157131 -9.875962 -0.038662 0.063943 -0.067362 0.994927
1578.499302 616.138965 -73.177532 -9.884948 -0.040906 0.062731 -0.067090 0.994932
1578.599148 616.287616 -73.197864 -9.896098 -0.040577 0.061347 -0.066906 0.995045
1578.699797 616.433523 -73.220658 -9.910570 -0.039719 0.060590 -0.067212 0.995105
1578.799654 616.575337 -73.244994 -9.921609 -0.038890 0.059239 -0.067477 0.995201
1578.899508 616.720265 -73.265554 -9.929547 -0.037800 0.056800 -0.067957 0.995353
1578.999350 616.865688 -73.283810 -9.938971 -0.038181 0.054937 -0.068561 0.995401
1579.099187 617.007455 -73.304137 -9.948158 -0.039050 0.053842 -0.068954 0.995400
1579.199810 617.156136 -73.328256 -9.951687 -0.039570 0.053311 -0.068759 0.995422
1579.299658 617.306443 -73.352679 -9.953370 -0.040817 0.051936 -0.068134 0.995487
1579.399508 617.450060 -73.375977 -9.958596 -0.041890 0.049895 -0.067027 0.995622
1579.499354 617.581787 -73.393306 -9.967310 -0.040144 0.049960 -0.066168 0.995748
1579.599195 617.701600 -73.411673 -9.974893 -0.041113 0.053344 -0.065751 0.995561
1579.699835 617.823388 -73.432667 -9.978582 -0.044149 0.056420 -0.066281 0.995226
1579.799686 617.953445 -73.453482 -9.978842 -0.045010 0.056990 -0.066469 0.995142
1579.899528 618.086672 -73.477214 -9.983039 -0.043246 0.055221 -0.066564 0.995314
1579.999373 618.214981 -73.494815 -9.991231 -0.039763 0.055316 -0.067494 0.995391
1580.099223 618.349288 -73.510785 -9.994706 -0.038747 0.055856 -0.068390 0.995340
1580.199459 618.479867 -73.530863 -9.998055 -0.038748 0.054312 -0.068951 0.995387
1580.299307 618.609176 -73.552448 -10.003623 -0.038502 0.054352 -0.069019 0.995389
1580.399142 618.750281 -73.574149 -10.007815 -0.037608 0.054429 -0.068375 0.995464
1580.499784 618.886971 -73.593976 -10.010410 -0.042580 0.054745 -0.067348 0.995316
1580.599617 619.010316 -73.612125 -10.014873 -0.044884 0.056151 -0.066687 0.995181
1580.699458 619.132741 -73.632566 -10.022375 -0.046960 0.057581 -0.066078 0.995044
1580.799282 619.249985 -73.652187 -10.029813 -0.045139 0.060531 -0.065985 0.994960
1580.899118 619.368054 -73.670291 -10.030353 -0.041489 0.067008 -0.066580 0.994664
1580.999755 619.496423 -73.680925 -10.032526 -0.038439 0.069578 -0.067308 0.994561
1581.099603 619.634097 -73.696112 -10.039463 -0.037613 0.067334 -0.067541 0.994731
1581.199436 619.763204 -73.715752 -10.044251 -0.036091 0.063381 -0.067327 0.995062
1581.299281 619.891188 -73.734292 -10.047099 -0.037161 0.064001 -0.067590 0.994965
1581.399131 620.021326 -73.754156 -10.055227 -0.037203 0.064266 -0.067830 0.994930
1581.499779 620.148420 -73.773934 -10.063448 -0.037217 0.064445 -0.067751 0.994923
1581.599617 620.273066 -73.792346 -10.073487 -0.038737 0.064271 -0.067692 0.994880
1581.699446 620.398760 -73.804582 -10.084155 -0.040052 0.063312 -0.067917 0.994874
1581.799271 620.525068 -73.821269 -10.087367 -0.040994 0.062740 -0.067653 0.994890
1581.899496 620.657605 -73.840421 -10.088230 -0.040384 0.063096 -0.067560 0.994899
1581.999326 620.791746 -73.856472 -10.087704 -0.040577 0.064876 -0.067675 0.994769
1582.099160 620.919853 -73.876220 -10.095065 -0.043113 0.065373 -0.067369 0.994650
1582.199804 621.047457 -73.893791 -10.099003 -0.044921 0.064575 -0.067364 0.994623
1582.299657 621.174681 -73.910259 -10.101165 -0.045370 0.062168 -0.067268 0.994762
1582.399497 621.301476 -73.926483 -10.106483 -0.046386 0.059609 -0.067036 0.994888
1582.499333 621.437117 -73.941447 -10.114824 -0.047615 0.057927 -0.067048 0.994928
1582.599167 621.572713 -73.956951 -10.118689 -0.050116 0.057784 -0.066705 0.994837
1582.699806 621.706785 -73.973317 -10.122280 -0.054314 0.056422 -0.066466 0.994710
1582.799652 621.844245 -73.989352 -10.132154 -0.054946 0.057310 -0.066597 0.994616
1582.899484 621.981118 -73.994742 -10.139337 -0.051027 0.061140 -0.066500 0.994603
1582.999328 622.118121 -73.985850 -10.145059 -0.046974 0.064422 -0.067006 0.994562
1583.099168 622.250691 -73.984623 -10.147460 -0.045128 0.064064 -0.066878 0.994679
1583.199809 622.387456 -73.991114 -10.151642 -0.045601 0.064480 -0.066665 0.994645
1583.299648 622.521315 -73.999258 -10.155708 -0.044271 0.065997 -0.065634 0.994674
1583.399471 622.653900 -74.002486 -10.169877 -0.044281 0.065825 -0.064891 0.994734
1583.499318 622.791451 -74.002123 -10.182704 -0.045046 0.062988 -0.064361 0.994918
1583.599159 622.930746 -74.005685 -10.190337 -0.044983 0.059594 -0.064097 0.995147
1583.699809 623.069392 -74.005051 -10.195129 -0.046357 0.058968 -0.064681 0.995083
1583.799650 623.213479 -74.003037 -10.195435 -0.044865 0.059707 -0.065489 0.995054
1583.899491 623.349245 -74.004826 -10.201626 -0.040543 0.059190 -0.066037 0.995235
1583.999344 623.476162 -74.010201 -10.213541 -0.034586 0.059602 -0.068693 0.995255
1584.099176 623.606100 -74.011473 -10.222640 -0.031897 0.059502 -0.073335 0.995020
1584.199815 623.748358 -74.008378 -10.232817 -0.032556 0.058341 -0.078739 0.994654
1584.299646 623.893358 -74.021617 -10.238931 -0.030762 0.056744 -0.084787 0.994306
1584.399501 624.026342 -74.036503 -10.247545 -0.033558 0.053686 -0.090749 0.993859
1584.499335 624.159988 -74.036727 -10.250788 -0.038962 0.053386 -0.095373 0.993245
1584.599165 624.295208 -74.047798 -10.256804 -0.042106 0.053795 -0.095654 0.993068
1584.699794 624.427218 -74.063374 -10.261344 -0.041716 0.055439 -0.095388 0.993019
1584.799640 624.553873 -74.076146 -10.269630 -0.042838 0.056237 -0.095007 0.992963
1584.899478 624.684064 -74.086681 -10.276310 -0.042916 0.058531 -0.094756 0.992851
1584.999317 624.806453 -74.093676 -10.278712 -0.042061 0.061721 -0.094707 0.992699
1585.099153 624.926575 -74.101446 -10.277122 -0.040643 0.060098 -0.094778 0.992851
1585.199786 625.054684 -74.113388 -10.283330 -0.042158 0.055449 -0.094843 0.993052
1585.299626 625.183855 -74.124345 -10.292576 -0.043759 0.053034 -0.094986 0.993101
1585.399468 625.313802 -74.136806 -10.302886 -0.040287 0.052219 -0.094602 0.993328
1585.499315 625.446947 -74.149555 -10.309944 -0.039771 0.055433 -0.094526 0.993182
1585.599159 625.577779 -74.160810 -10.311956 -0.040474 0.056689 -0.094834 0.993053
1585.699788 625.711213 -74.173904 -10.312214 -0.041658 0.056404 -0.094956 0.993009
1585.799627 625.841944 -74.183531 -10.322774 -0.040414 0.055854 -0.094956 0.993091
1585.899481 625.971949 -74.194139 -10.336522 -0.039467 0.056621 -0.095050 0.993077
1585.999298 626.098467 -74.206680 -10.345290 -0.039370 0.057397 -0.095375 0.993005
1586.099136 626.219753 -74.218971 -10.348818 -0.039584 0.057860 -0.095965 0.992913
1586.199772 626.340099 -74.231929 -10.352127 -0.039871 0.055892 -0.095735 0.993036
1586.299613 626.458297 -74.244672 -10.359192 -0.041049 0.055922 -0.095697 0.992990
1586.399464 626.567701 -74.254879 -10.370307 -0.042259 0.056408 -0.095700 0.992912
1586.499313 626.681164 -74.261556 -10.382220 -0.041391 0.057767 -0.095908 0.992850
1586.599143 626.799660 -74.274300 -10.385459 -0.041685 0.057586 -0.095934 0.992846
1586.699785 626.913326 -74.292301 -10.383454 -0.040579 0.058387 -0.096159 0.992823
1586.799614 627.024621 -74.307340 -10.391989 -0.040786 0.059298 -0.096609 0.992717
1586.899466 627.142543 -74.322339 -10.405842 -0.042854 0.059103 -0.096430 0.992659
1586.999307 627.264391 -74.334547 -10.411667 -0.042711 0.059692 -0.096435 0.992629
1587.099144 627.384438 -74.343619 -10.413725 -0.041881 0.060776 -0.096636 0.992579
1587.199792 627.502754 -74.360091 -10.414823 -0.041119 0.061315 -0.096734 0.992569
1587.299625 627.619503 -74.380857 -10.419492 -0.040612 0.060244 -0.096854 0.992643
1587.399463 627.734602 -74.398385 -10.420684 -0.041662 0.060087 -0.096884 0.992606
1587.499307 627.849592 -74.414204 -10.420651 -0.042260 0.059819 -0.095936 0.992689
1587.599144 627.969433 -74.422081 -10.415632 -0.044010 0.059363 -0.093499 0.992873
1587.699802 628.087117 -74.431881 -10.425743 -0.044697 0.059691 -0.090343 0.993115
1587.799646 628.196968 -74.448544 -10.444667 -0.045186 0.060296 -0.086729 0.993378
1587.899499 628.296587 -74.465045 -10.456396 -0.046098 0.060234 -0.082526 0.993698
1587.999344 628.407625 -74.477158 -10.454337 -0.047021 0.059715 -0.078150 0.994040
1588.099196 628.534126 -74.490860 -10.448003 -0.043697 0.058248 -0.075486 0.994485
1588.199828 628.658141 -74.505613 -10.451488 -0.043026 0.057019 -0.074208 0.994681
1588.299669 628.777512 -74.515862 -10.459124 -0.045315 0.058042 -0.072914 0.994616
1588.399505 628.901255 -74.524535 -10.469694 -0.046623 0.060234 -0.070475 0.994601
1588.499337 629.017575 -74.534267 -10.473324 -0.043297 0.061546 -0.069477 0.994741
1588.599167 629.136813 -74.546033 -10.475855 -0.042149 0.060782 -0.069884 0.994809
1588.699808 629.258360 -74.558573 -10.482491 -0.040930 0.059075 -0.070057 0.994951
1588.799641 629.374900 -74.567307 -10.489537 -0.040995 0.058649 -0.069808 0.994991
1588.899462 629.484965 -74.580907 -10.491118 -0.040861 0.058498 -0.069350 0.995037
1588.999296 629.596986 -74.592256 -10.499140 -0.042535 0.058378 -0.070026 0.994927
1589.099119 629.709346 -74.603560 -10.502449 -0.040387 0.058740 -0.070471 0.994964
1589.199752 629.811665 -74.616601 -10.506473 -0.040197 0.059082 -0.070227 0.994968
1589.299584 629.913934 -74.630325 -10.518640 -0.040785 0.058696 -0.070016 0.994982
1589.399412 630.022617 -74.635953 -10.528674 -0.042192 0.059625 -0.069860 0.994879
1589.499257 630.131552 -74.643519 -10.540301 -0.041922 0.060249 -0.069550 0.994875
1589.599496 630.243817 -74.652893 -10.538042 -0.040822 0.061796 -0.070065 0.994789
1589.699337 630.356252 -74.675653 -10.537573 -0.038950 0.064047 -0.070656 0.994680
1589.799179 630.470267 -74.699853 -10.542801 -0.038980 0.065080 -0.070573 0.994618
1589.899822 630.599879 -74.716421 -10.543332 -0.037558 0.064471 -0.070971 0.994684
1589.999667 630.723661 -74.725795 -10.540565 -0.037308 0.063672 -0.070706 0.994764
1590.099490 630.841023 -74.735638 -10.545247 -0.037272 0.066717 -0.069391 0.994658
1590.199342 630.951229 -74.754316 -10.557135 -0.036788 0.066105 -0.067721 0.994832
1590.299193 631.052702 -74.774302 -10.566733 -0.036547 0.061343 -0.067104 0.995188
1590.399821 631.153828 -74.797860 -10.570184 -0.036774 0.056260 -0.066830 0.995498
1590.499669 631.269964 -74.821497 -10.571270 -0.036138 0.055343 -0.067270 0.995543
1590.599512 631.390435 -74.844211 -10.568017 -0.035343 0.055072 -0.067601 0.995564
1590.699347 631.507161 -74.862007 -10.572192 -0.033992 0.055031 -0.068001 0.995586
1590.799212 631.622100 -74.889285 -10.573897 -0.030181 0.056817 -0.067986 0.995610
1590.899450 631.739300 -74.919647 -10.580296 -0.028544 0.057012 -0.068108 0.995639
1590.999291 631.849865 -74.953137 -10.584505 -0.030011 0.056238 -0.068156 0.995636
1591.099123 631.961096 -74.982338 -10.592028 -0.033587 0.054697 -0.067893 0.995626
1591.199770 632.070499 -75.007531 -10.602953 -0.035665 0.053580 -0.068010 0.995606
1591.299603 632.167365 -75.047541 -10.605276 -0.032524 0.051804 -0.067572 0.995838
1591.399420 632.260187 -75.089306 -10.602129 -0.028170 0.048142 -0.067185 0.996180
1591.499264 632.357004 -75.126072 -10.594907 -0.026931 0.045249 -0.067070 0.996358
1591.599488 632.454738 -75.162723 -10.591329 -0.028618 0.043471 -0.066878 0.996403
1591.699335 632.554389 -75.203672 -10.598597 -0.035066 0.043043 -0.066647 0.996231
1591.799175 632.648006 -75.244022 -10.601192 -0.035879 0.044739 -0.065829 0.996181
1591.899815 632.736322 -75.289837 -10.602428 -0.031398 0.046508 -0.065346 0.996284
1591.999647 632.823928 -75.338397 -10.604705 -0.027680 0.047720 -0.065690 0.996314
1592.099487 632.909763 -75.388849 -10.604211 -0.027338 0.047129 -0.066038 0.996329
1592.199335 632.981130 -75.438128 -10.602810 -0.029765 0.044708 -0.065604 0.996399
1592.299161 633.048186 -75.487616 -10.602331 -0.032245 0.044788 -0.065352 0.996335
1592.399798 633.118361 -75.541782 -10.604985 -0.032355 0.046536 -0.065133 0.996266
1592.499642 633.193692 -75.596225 -10.609452 -0.033569 0.047581 -0.064897 0.996191
1592.599494 633.275667 -75.651359 -10.610476 -0.038505 0.048005 -0.063374 0.996091
1592.699335 633.356901 -75.704170 -10.607771 -0.044926 0.049582 -0.061273 0.995876
1592.799186 633.424239 -75.754513 -10.603925 -0.047359 0.052586 -0.059347 0.995726
1592.899834 633.479923 -75.806838 -10.606077 -0.045509 0.054854 -0.058904 0.995716
1592.999677 633.532817 -75.858767 -10.607959 -0.044197 0.058424 -0.059146 0.995558
1593.099511 633.589065 -75.909934 -10.610113 -0.043335 0.061793 -0.059404 0.995377
1593.199353 633.652355 -75.959481 -10.611235 -0.043493 0.064388 -0.059253 0.995214
1593.299195 633.719982 -76.008866 -10.610566 -0.043247 0.065730 -0.058850 0.995161
1593.399826 633.796390 -76.061428 -10.610051 -0.043869 0.066646 -0.058463 0.995096
1593.499678 633.875858 -76.108646 -10.612228 -0.045674 0.066532 -0.058882 0.994998
1593.599525 633.947255 -76.153216 -10.614935 -0.046682 0.066297 -0.059150 0.994951
1593.699359 634.021400 -76.196821 -10.613569 -0.048026 0.065181 -0.059398 0.994946
1593.799194 634.095642 -76.238511 -10.611019 -0.048701 0.063772 -0.059513 0.994997
1593.899839 634.167253 -76.278962 -10.610621 -0.050721 0.064088 -0.059820 0.994858
1593.999676 634.244480 -76.322551 -10.612586 -0.050565 0.065533 -0.059949 0.994764
1594.099512 634.327679 -76.365686 -10.617701 -0.048604 0.067386 -0.060152 0.994725
1594.199351 634.415086 -76.403384 -10.618489 -0.047707 0.069349 -0.060504 0.994612
1594.299204 634.499397 -76.434798 -10.620763 -0.050226 0.072366 -0.060512 0.994273
1594.399431 634.588552 -76.463245 -10.619840 -0.051559 0.074560 -0.060231 0.994060
1594.499254 634.686617 -76.495876 -10.620154 -0.051566 0.074700 -0.059879 0.994070
1594.599492 634.778706 -76.530063 -10.620772 -0.049077 0.073661 -0.059434 0.994300
1594.699335 634.870658 -76.557593 -10.626383 -0.048700 0.073554 -0.059585 0.994318
1594.799166 634.963199 -76.581559 -10.637893 -0.050887 0.073257 -0.059471 0.994237
1594.899801 635.067383 -76.604419 -10.641711 -0.053283 0.073197 -0.059552 0.994111
1594.999644 635.168306 -76.623796 -10.641731 -0.055010 0.073324 -0.059847 0.993990
1595.099489 635.267993 -76.646524 -10.651200 -0.055435 0.072461 -0.059913 0.994026
1595.199312 635.379727 -76.669114 -10.657580 -0.054125 0.072530 -0.059960 0.994090
1595.299161 635.496885 -76.689767 -10.667719 -0.054445 0.076123 -0.060135 0.993793
1595.399791 635.623739 -76.705542 -10.679952 -0.055343 0.079451 -0.060204 0.993479
1595.499618 635.751364 -76.717591 -10.682965 -0.058949 0.081234 -0.060439 0.993113
1595.599450 635.875273 -76.719148 -10.682606 -0.060911 0.081278 -0.060899 0.992963
1595.699295 636.000500 -76.721118 -10.681890 -0.060050 0.081211 -0.060937 0.993018
1595.799151 636.120941 -76.723291 -10.682744 -0.057078 0.081960 -0.060829 0.993139
1595.899806 636.244346 -76.727310 -10.691095 -0.055963 0.081111 -0.061148 0.993252
1595.999645 636.378020 -76.731798 -10.701256 -0.052425 0.079671 -0.061584 0.993535
1596.099479 636.520141 -76.727155 -10.707902 -0.047740 0.078771 -0.061735 0.993833
1596.199319 636.675164 -76.718994 -10.709158 -0.044799 0.077641 -0.061638 0.994065
1596.299161 636.822361 -76.713088 -10.717984 -0.042808 0.074921 -0.061157 0.994391
1596.399796 636.965705 -76.714742 -10.727176 -0.042979 0.072013 -0.060517 0.994638
1596.499635 637.117734 -76.715675 -10.733266 -0.042036 0.069197 -0.060492 0.994880
1596.599473 637.272505 -76.712677 -10.738161 -0.042920 0.064767 -0.060321 0.995150
1596.699297 637.420687 -76.705988 -10.748088 -0.042396 0.060386 -0.060516 0.995437
1596.799142 637.568852 -76.702338 -10.763100 -0.040255 0.057923 -0.061259 0.995626
1596.899784 637.717920 -76.703546 -10.774643 -0.040894 0.057485 -0.061657 0.995601
1596.999633 637.859863 -76.707837 -10.776497 -0.038621 0.056537 -0.063356 0.995639
1597.099473 638.003620 -76.714212 -10.782244 -0.039802 0.056866 -0.064371 0.995509
1597.199313 638.147919 -76.708385 -10.788461 -0.041134 0.058379 -0.064761 0.995342
1597.299165 638.296332 -76.705279 -10.802164 -0.042488 0.057773 -0.064327 0.995349
1597.399800 638.441191 -76.704611 -10.815940 -0.043825 0.056133 -0.063953 0.995409
1597.499624 638.579411 -76.706052 -10.820010 -0.044805 0.053148 -0.063811 0.995538
1597.599454 638.719658 -76.712723 -10.822658 -0.044356 0.050534 -0.063475 0.995716
1597.699289 638.857006 -76.720466 -10.835479 -0.042879 0.053027 -0.064465 0.995587
1597.799128 638.990101 -76.724844 -10.848394 -0.042015 0.056461 -0.064981 0.995402
1597.899759 639.131225 -76.727663 -10.875410 -0.044659 0.056376 -0.065298 0.995271
1597.999606 639.265808 -76.730128 -10.905769 -0.044548 0.057467 -0.064821 0.995244
1598.099449 639.394825 -76.726710 -10.934105 -0.041771 0.058270 -0.065025 0.995305
1598.199304 639.529720 -76.726216 -10.963806 -0.038132 0.056944 -0.065557 0.995493
1598.299148 639.660701 -76.732014 -10.999505 -0.032884 0.055324 -0.066675 0.995697
1598.399796 639.789026 -76.741604 -11.036206 -0.029128 0.056871 -0.067367 0.995680
1598.499634 639.913111 -76.744918 -11.075958 -0.032748 0.060630 -0.067611 0.995329
1598.599478 640.032302 -76.745041 -11.114693 -0.038195 0.065153 -0.067640 0.994847
1598.699317 640.153799 -76.750079 -11.147990 -0.041192 0.064892 -0.067181 0.994776
1598.799152 640.282736 -76.763895 -11.177897 -0.041384 0.062926 -0.065874 0.994982
1598.899782 640.409766 -76.773587 -11.209576 -0.043066 0.059832 -0.065163 0.995148
1598.999619 640.532076 -76.775660 -11.251224 -0.042577 0.057885 -0.065238 0.995279
1599.099443 640.644813 -76.789463 -11.299680 -0.042387 0.057579 -0.065066 0.995316
1599.199295 640.763784 -76.806406 -11.346922 -0.042454 0.061841 -0.065025 0.995060
1599.299130 640.888771 -76.818305 -11.387022 -0.041628 0.063904 -0.065250 0.994950
1599.399771 641.012954 -76.826345 -11.421053 -0.042048 0.062848 -0.065022 0.995015
1599.499628 641.138431 -76.835363 -11.442160 -0.042611 0.060869 -0.064341 0.995158
1599.599480 641.252686 -76.842557 -11.453218 -0.043910 0.061248 -0.064122 0.995092
1599.699326 641.372059 -76.847902 -11.462551 -0.043478 0.063787 -0.064253 0.994943
1599.799159 641.498069 -76.856678 -11.479672 -0.041725 0.065763 -0.064549 0.994871
1599.899802 641.613472 -76.869358 -11.501641 -0.040650 0.065441 -0.064568 0.994935
1599.999641 641.718778 -76.879591 -11.519723 -0.040503 0.065094 -0.064746 0.994952
1600.099478 641.828906 -76.885412 -11.528957 -0.040074 0.066168 -0.064829 0.994893
1600.199323 641.955118 -76.889213 -11.530443 -0.040520 0.067931 -0.064988 0.994746
1600.299156 642.079849 -76.899819 -11.527910 -0.041057 0.067468 -0.064909 0.994761
1600.399789 642.208707 -76.910331 -11.528249 -0.041018 0.066463 -0.065072 0.994819
1600.499640 642.340615 -76.922355 -11.537212 -0.041432 0.065710 -0.065194 0.994844
1600.599478 642.466000 -76.935987 -11.550168 -0.041905 0.064303 -0.065063 0.994925
1600.699313 642.589377 -76.947591 -11.561134 -0.041369 0.062336 -0.064897 0.995084
1600.799152 642.715074 -76.954520 -11.571031 -0.041748 0.059992 -0.064696 0.995225
1600.899782 642.839028 -76.965607 -11.570637 -0.042315 0.058808 -0.064411 0.995290
1600.999619 642.960583 -76.975754 -11.570739 -0.043918 0.058157 -0.064652 0.995243
1601.099467 643.082860 -76.990917 -11.572375 -0.042480 0.058757 -0.064508 0.995280
1601.199326 643.201079 -77.001793 -11.581339 -0.039304 0.058627 -0.064295 0.995432
1601.299169 643.314993 -77.008572 -11.586063 -0.037017 0.058383 -0.065643 0.995446
1601.399802 643.434913 -77.018617 -11.587534 -0.037607 0.056506 -0.067079 0.995436
1601.499630 643.555751 -77.030382 -11.588412 -0.038238 0.055006 -0.067947 0.995437
1601.599471 643.669533 -77.041940 -11.596243 -0.039854 0.055142 -0.070524 0.995187
1601.699318 643.772349 -77.057233 -11.603471 -0.040271 0.053582 -0.073136 0.995067
1601.799145 643.870583 -77.069038 -11.609097 -0.040763 0.052528 -0.075090 0.994958
1601.899774 643.974084 -77.078653 -11.606310 -0.039064 0.053650 -0.075220 0.994956
1601.999606 644.083326 -77.087564 -11.615000 -0.041034 0.055342 -0.074897 0.994808
1602.099443 644.192429 -77.098701 -11.626606 -0.043244 0.056600 -0.074752 0.994655
1602.199289 644.302970 -77.116977 -11.629151 -0.044094 0.057450 -0.074316 0.994602
1602.299131 644.408070 -77.137082 -11.629486 -0.043301 0.058386 -0.073816 0.994619
1602.399773 644.514643 -77.144275 -11.633132 -0.044991 0.059902 -0.071548 0.994620
1602.499625 644.620792 -77.149532 -11.645240 -0.045067 0.060621 -0.068070 0.994817
1602.599458 644.721526 -77.159193 -11.655015 -0.044073 0.059334 -0.064528 0.995175
1602.699302 644.816640 -77.168080 -11.646638 -0.043131 0.054709 -0.061845 0.995651
1602.799147 644.915562 -77.179306 -11.637243 -0.044693 0.053408 -0.059693 0.995785
1602.899795 645.012033 -77.190642 -11.640904 -0.044468 0.056639 -0.059050 0.995654
1602.999625 645.104656 -77.206399 -11.656393 -0.044743 0.058721 -0.059467 0.995497
1603.099462 645.218692 -77.220200 -11.672450 -0.042881 0.057785 -0.059719 0.995618
1603.199306 645.332299 -77.229871 -11.677735 -0.037853 0.055938 -0.059493 0.995941
1603.299136 645.437612 -77.236553 -11.670293 -0.038043 0.055872 -0.059119 0.995960
1603.399777 645.530421 -77.242604 -11.675278 -0.039553 0.056344 -0.058746 0.995896
1603.499620 645.610775 -77.252833 -11.687056 -0.039983 0.056667 -0.058694 0.995864
1603.599468 645.688809 -77.262701 -11.693975 -0.040478 0.055632 -0.059136 0.995876
1603.699314 645.780579 -77.269646 -11.689750 -0.041462 0.056695 -0.059222 0.995771
1603.799156 645.878385 -77.275016 -11.689587 -0.044007 0.055665 -0.059083 0.995728
1603.899798 645.976757 -77.280829 -11.703443 -0.044800 0.055135 -0.058582 0.995752
1603.999652 646.072239 -77.295690 -11.714393 -0.044432 0.057477 -0.058060 0.995666
1604.099499 646.162881 -77.310949 -11.722891 -0.043257 0.058858 -0.058150 0.995632
1604.199341 646.252902 -77.320197 -11.725311 -0.042694 0.060345 -0.059027 0.995516
1604.299198 646.337090 -77.331663 -11.729477 -0.040772 0.060781 -0.059423 0.995546
1604.399436 646.425318 -77.331934 -11.735088 -0.040212 0.060148 -0.060192 0.995561
1604.499261 646.513557 -77.337324 -11.732736 -0.040946 0.059943 -0.060177 0.995545
1604.599506 646.596699 -77.348310 -11.721244 -0.041533 0.059627 -0.059777 0.995563
1604.699344 646.682339 -77.357092 -11.720149 -0.042373 0.057961 -0.059750 0.995628
1604.799180 646.768993 -77.370847 -11.728606 -0.042814 0.056541 -0.059161 0.995726
1604.899825 646.860276 -77.381687 -11.739106 -0.042803 0.055906 -0.059203 0.995760
1604.999664 646.953270 -77.388971 -11.752921 -0.043479 0.055946 -0.059102 0.995734
1605.099508 647.042839 -77.399069 -11.754941 -0.042742 0.056269 -0.058813 0.995765
1605.199345 647.127958 -77.412061 -11.740659 -0.042989 0.055682 -0.058716 0.995793
1605.299183 647.202371 -77.422050 -11.732652 -0.044827 0.053085 -0.059158 0.995828
1605.399820 647.274535 -77.426197 -11.732973 -0.044807 0.052564 -0.059886 0.995813
1605.499666 647.352371 -77.433879 -11.743485 -0.044030 0.053499 -0.060122 0.995783
1605.599514 647.436152 -77.441365 -11.755166 -0.044527 0.054228 -0.059670 0.995749
1605.699363 647.515361 -77.461267 -11.764467 -0.046606 0.055131 -0.058711 0.995661
1605.799213 647.585471 -77.481161 -11.773144 -0.046843 0.057736 -0.058418 0.995520
1605.899463 647.660997 -77.481101 -11.770215 -0.042899 0.059081 -0.058783 0.995597
1605.999297 647.740750 -77.481672 -11.763862 -0.039602 0.056729 -0.058899 0.995864
1606.099141 647.819899 -77.490285 -11.757001 -0.037208 0.054915 -0.059017 0.996051
1606.199790 647.901160 -77.505670 -11.764864 -0.038617 0.055771 -0.058694 0.995969
1606.299639 647.975557 -77.513908 -11.777924 -0.040231 0.057671 -0.058578 0.995803
1606.399472 648.045989 -77.516354 -11.785386 -0.042546 0.059643 -0.058455 0.995598
1606.499306 648.128027 -77.526170 -11.789316 -0.042753 0.060663 -0.058320 0.995535
1606.599140 648.210381 -77.537715 -11.792277 -0.043170 0.060555 -0.058292 0.995526
1606.699776 648.301705 -77.548160 -11.794931 -0.042586 0.059907 -0.058409 0.995583
1606.799612 648.383220 -77.557347 -11.799807 -0.042408 0.061283 -0.058553 0.995499
1606.899446 648.451934 -77.569638 -11.806344 -0.041581 0.062236 -0.058368 0.995485
1606.999281 648.518773 -77.579635 -11.811569 -0.041863 0.062457 -0.058473 0.995453
1607.099123 648.580988 -77.589798 -11.814502 -0.042295 0.062075 -0.058357 0.995466
1607.199767 648.641755 -77.595453 -11.815011 -0.043140 0.060958 -0.058433 0.995494
1607.299616 648.712500 -77.604929 -11.815405 -0.043097 0.060015 -0.058395 0.995555
1607.399441 648.788690 -77.616145 -11.818984 -0.043070 0.060260 -0.058008 0.995565
1607.499297 648.872454 -77.623931 -11.821978 -0.043267 0.061275 -0.058132 0.995487
1607.599139 648.957224 -77.628381 -11.826764 -0.040305 0.058715 -0.058682 0.995733
1607.699770 649.043922 -77.638248 -11.828437 -0.039614 0.057725 -0.059661 0.995761
1607.799600 649.137969 -77.654670 -11.834428 -0.040374 0.058452 -0.060605 0.995631
1607.899446 649.229630 -77.668711 -11.839158 -0.040556 0.060445 -0.060775 0.995494
1607.999290 649.314819 -77.678187 -11.845126 -0.040030 0.062528 -0.060426 0.995408
1608.099124 649.398248 -77.685774 -11.851677 -0.039974 0.064097 -0.059761 0.995350
1608.199752 649.482544 -77.692685 -11.855753 -0.041658 0.062800 -0.058908 0.995415
1608.299587 649.560621 -77.701252 -11.861563 -0.047264 0.058583 -0.058492 0.995446
1608.399417 649.625377 -77.719868 -11.854029 -0.050069 0.056707 -0.057462 0.995477
1608.499259 649.703526 -77.731117 -11.849320 -0.048468 0.060111 -0.057890 0.995332
1608.599518 649.782472 -77.739490 -11.860909 -0.045937 0.066053 -0.058732 0.995026
1608.699375 649.864871 -77.751339 -11.876874 -0.043038 0.070602 -0.059407 0.994803
1608.799202 649.959594 -77.763337 -11.883844 -0.039313 0.067057 -0.059814 0.995179
1608.899450 650.054782 -77.772965 -11.862598 -0.036496 0.058961 -0.059978 0.995788
1608.999300 650.141380 -77.776027 -11.853047 -0.037810 0.053685 -0.060189 0.996025
1609.099133 650.225705 -77.785812 -11.864996 -0.037477 0.054580 -0.059562 0.996026
1609.199763 650.307325 -77.792843 -11.883191 -0.037662 0.057015 -0.058827 0.995927
1609.299607 650.388531 -77.807221 -11.904632 -0.040923 0.058730 -0.058090 0.995742
1609.399447 650.476724 -77.821210 -11.904387 -0.043825 0.060611 -0.057702 0.995528
1609.499286 650.563781 -77.831837 -11.891409 -0.045646 0.061968 -0.057501 0.995374
1609.599139 650.652369 -77.848471 -11.888027 -0.043878 0.060705 -0.057243 0.995547
1609.699788 650.736244 -77.861730 -11.901120 -0.042615 0.060198 -0.057262 0.995631
1609.799619 650.815241 -77.872057 -11.920503 -0.042169 0.062106 -0.057427 0.995523
1609.899458 650.897449 -77.883295 -11.929745 -0.042630 0.064407 -0.057465 0.995355
1609.999288 650.972648 -77.891979 -11.936604 -0.043449 0.065713 -0.057659 0.995223
1610.099137 651.049287 -77.900776 -11.946712 -0.043162 0.065902 -0.057773 0.995217
1610.199778 651.133876 -77.918586 -11.958677 -0.043618 0.064142 -0.057628 0.995320
1610.299616 651.224303 -77.929557 -11.973305 -0.043133 0.062782 -0.057912 0.995412
1610.399450 651.313544 -77.941730 -11.996213 -0.042377 0.062309 -0.057977 0.995470
1610.499294 651.397839 -77.953128 -12.012866 -0.041896 0.063673 -0.058130 0.995395
1610.599132 651.488637 -77.970425 -12.029383 -0.042838 0.063713 -0.058058 0.995357
1610.699777 651.583409 -77.982704 -12.042363 -0.043367 0.063799 -0.057984 0.995333
1610.799616 651.683527 -77.994165 -12.051210 -0.043523 0.063436 -0.057843 0.995357
1610.899475 651.782887 -78.004085 -12.058374 -0.042674 0.063727 -0.058089 0.995361
1610.999324 651.875018 -78.015227 -12.066689 -0.042312 0.065426 -0.057624 0.995293
1611.099169 651.952966 -78.024996 -12.075872 -0.043317 0.067159 -0.057343 0.995151
1611.199815 652.027146 -78.035532 -12.080853 -0.044580 0.067557 -0.057421 0.995064
1611.299652 652.106370 -78.050436 -12.079528 -0.043316 0.067206 -0.057432 0.995143
1611.399487 652.191215 -78.066258 -12.080056 -0.041730 0.066281 -0.058021 0.995238
1611.499330 652.283482 -78.075836 -12.081736 -0.040355 0.064807 -0.058161 0.995384
1611.599174 652.376230 -78.087325 -12.079182 -0.040968 0.064645 -0.057831 0.995388
1611.699821 652.474403 -78.098668 -12.084289 -0.042947 0.067581 -0.057733 0.995116
1611.799651 652.581050 -78.111497 -12.096487 -0.043395 0.070890 -0.057517 0.994878
1611.899500 652.684971 -78.123770 -12.108100 -0.041733 0.070071 -0.057772 0.994993
1611.999343 652.795481 -78.139317 -12.112273 -0.040542 0.066413 -0.058505 0.995250
1612.099193 652.906644 -78.155165 -12.108293 -0.040250 0.063442 -0.059166 0.995417
1612.199850 653.005248 -78.165415 -12.110323 -0.040327 0.062566 -0.059458 0.995452
1612.299680 653.095102 -78.175516 -12.115765 -0.040726 0.063808 -0.059085 0.995379
1612.399510 653.177945 -78.184631 -12.122997 -0.040936 0.063675 -0.058646 0.995405
1612.499344 653.263564 -78.197557 -12.134367 -0.041843 0.064074 -0.058637 0.995342
1612.599195 653.366287 -78.215928 -12.141069 -0.041509 0.064362 -0.058755 0.995330
1612.699822 653.472640 -78.233339 -12.143854 -0.042218 0.062943 -0.058753 0.995391
1612.799651 653.575344 -78.244604 -12.147622 -0.044843 0.061161 -0.058838 0.995383
1612.899486 653.679757 -78.256161 -12.148711 -0.046640 0.060226 -0.058715 0.995364
1612.999329 653.786766 -78.268714 -12.151433 -0.045171 0.059687 -0.058952 0.995450
1613.099184 653.892157 -78.284872 -12.159956 -0.044289 0.060021 -0.059015 0.995466
1613.199832 654.002792 -78.299697 -12.163993 -0.041930 0.059665 -0.059596 0.995555
1613.299652 654.108140 -78.312854 -12.167965 -0.042190 0.060901 -0.060278 0.995428
1613.399499 654.205937 -78.327322 -12.171636 -0.041799 0.062717 -0.060636 0.995310
1613.499349 654.307048 -78.345465 -12.181092 -0.041501 0.064264 -0.061291 0.995184
1613.599189 654.413710 -78.359127 -12.186496 -0.042277 0.066565 -0.061511 0.994987
1613.699825 654.520861 -78.367559 -12.188462 -0.042350 0.066152 -0.061162 0.995032
1613.799669 654.624774 -78.377298 -12.188175 -0.042266 0.065686 -0.060336 0.995117
1613.899504 654.731381 -78.393205 -12.192306 -0.043569 0.064340 -0.059498 0.995200
1613.999353 654.835423 -78.412035 -12.201520 -0.045037 0.064967 -0.058823 0.995134
1614.099176 654.932390 -78.430852 -12.207734 -0.046136 0.065714 -0.058743 0.995039
1614.199843 655.033279 -78.448121 -12.210960 -0.045235 0.066705 -0.058583 0.995024
1614.299685 655.133337 -78.463655 -12.214023 -0.042979 0.067370 -0.058276 0.995097
1614.399513 655.240175 -78.474772 -12.221865 -0.042331 0.066143 -0.058149 0.995214
1614.499355 655.345100 -78.486824 -12.222451 -0.043050 0.063137 -0.057729 0.995403
1614.599205 655.444806 -78.500939 -12.223518 -0.043631 0.061372 -0.057664 0.995492
1614.699437 655.552283 -78.517888 -12.234103 -0.044670 0.061597 -0.058199 0.995401
1614.799276 655.663708 -78.536014 -12.247962 -0.043512 0.062268 -0.058039 0.995420
1614.899524 655.773794 -78.548903 -12.259574 -0.042977 0.062388 -0.057627 0.995460
1614.999357 655.881456 -78.561923 -12.262941 -0.044029 0.060685 -0.057396 0.995532
1615.099204 655.988009 -78.575252 -12.258596 -0.045436 0.059422 -0.057490 0.995540
1615.199439 656.101860 -78.588153 -12.254513 -0.047096 0.060777 -0.058086 0.995346
1615.299277 656.211718 -78.603387 -12.263969 -0.045374 0.061379 -0.058573 0.995361
1615.399119 656.316408 -78.617436 -12.281306 -0.041192 0.061282 -0.059386 0.995500
1615.499760 656.414756 -78.632955 -12.292256 -0.036628 0.061045 -0.059483 0.995688
1615.599598 656.514078 -78.653196 -12.290283 -0.038850 0.062424 -0.058507 0.995576
1615.699437 656.616598 -78.667072 -12.284537 -0.042532 0.061284 -0.057774 0.995539
1615.799271 656.724647 -78.676723 -12.286518 -0.045795 0.058594 -0.057364 0.995580
1615.899513 656.830548 -78.677602 -12.290185 -0.047646 0.056418 -0.057321 0.995621
1615.999365 656.936392 -78.686447 -12.294745 -0.048141 0.059006 -0.057994 0.995408
1616.099200 657.038877 -78.698910 -12.299388 -0.044243 0.059893 -0.058311 0.995518
1616.199433 657.128236 -78.722986 -12.311733 -0.038945 0.059393 -0.058031 0.995785
1616.299273 657.228150 -78.738085 -12.330197 -0.038261 0.063077 -0.058482 0.995559
1616.399515 657.326220 -78.746430 -12.334955 -0.038252 0.062838 -0.058552 0.995570
1616.499364 657.423113 -78.754458 -12.327381 -0.039701 0.061482 -0.058679 0.995591
1616.599217 657.520743 -78.765110 -12.327294 -0.041764 0.060784 -0.058487 0.995560
1616.699446 657.615202 -78.779831 -12.335368 -0.042256 0.062635 -0.058145 0.995445
1616.799293 657.707726 -78.798474 -12.346504 -0.043428 0.063654 -0.057741 0.995353
1616.899145 657.802969 -78.809757 -12.345512 -0.044003 0.064824 -0.057922 0.995242
1616.999779 657.899029 -78.821523 -12.349777 -0.044636 0.064856 -0.058325 0.995188
1617.099619 657.992756 -78.830217 -12.354782 -0.045011 0.064310 -0.059024 0.995166
1617.199467 658.091762 -78.834971 -12.360246 -0.043286 0.062691 -0.059223 0.995334
1617.299314 658.193894 -78.846130 -12.361040 -0.040011 0.061430 -0.058505 0.995592
1617.399148 658.304074 -78.865084 -12.371484 -0.039949 0.061149 -0.058224 0.995628
1617.499792 658.412628 -78.881411 -12.383331 -0.044669 0.060615 -0.057863 0.995481
1617.599619 658.514314 -78.900022 -12.380817 -0.045317 0.058181 -0.057377 0.995625
1617.699458 658.614217 -78.917822 -12.374201 -0.042828 0.056494 -0.056854 0.995862
1617.799284 658.713302 -78.928618 -12.380225 -0.041612 0.059559 -0.057002 0.995727
1617.899100 658.807279 -78.938433 -12.400263 -0.042332 0.061164 -0.056748 0.995614
1617.999738 658.891515 -78.944147 -12.409120 -0.043846 0.062132 -0.057297 0.995457
1618.099568 658.978253 -78.952553 -12.402115 -0.044285 0.061724 -0.057516 0.995450
1618.199408 659.065475 -78.972618 -12.400773 -0.044548 0.060843 -0.057378 0.995501
1618.299242 659.157433 -78.985126 -12.400712 -0.042547 0.060491 -0.058005 0.995573
1618.399486 659.242717 -78.997527 -12.410293 -0.042589 0.060451 -0.057941 0.995578
1618.499346 659.328915 -79.015463 -12.408506 -0.043293 0.060212 -0.057810 0.995569
1618.599176 659.420806 -79.018965 -12.412018 -0.043722 0.060419 -0.057942 0.995530
1618.699811 659.512264 -79.026909 -12.420730 -0.044640 0.061394 -0.057538 0.995453
1618.799639 659.591405 -79.040901 -12.428256 -0.045851 0.063858 -0.057512 0.995245
1618.899502 659.675964 -79.054335 -12.434945 -0.043057 0.066274 -0.057628 0.995205
1618.999347 659.772913 -79.065790 -12.439229 -0.038899 0.068840 -0.057879 0.995187
1619.099189 659.870011 -79.074681 -12.438835 -0.038270 0.070424 -0.058226 0.995081
1619.199827 659.967801 -79.085785 -12.438149 -0.039529 0.071658 -0.058381 0.994934
1619.299665 660.061898 -79.098623 -12.438661 -0.042106 0.072064 -0.058301 0.994804
1619.399506 660.153112 -79.109798 -12.445301 -0.043168 0.070616 -0.058421 0.994855
1619.499344 660.242632 -79.119157 -12.453469 -0.041796 0.069726 -0.058463 0.994974
1619.599171 660.334842 -79.129666 -12.467485 -0.040991 0.069866 -0.058376 0.995003
1619.699819 660.428108 -79.137895 -12.472965 -0.041644 0.070125 -0.058703 0.994938
1619.799648 660.522731 -79.146885 -12.477453 -0.041833 0.069738 -0.058640 0.994961
1619.899478 660.627099 -79.163174 -12.474276 -0.041944 0.070418 -0.058103 0.994940
1619.999317 660.738504 -79.186324 -12.476378 -0.042744 0.069876 -0.057597 0.994974
1620.099154 660.845396 -79.206810 -12.479771 -0.043356 0.068232 -0.057432 0.995071
1620.199783 660.947868 -79.221692 -12.481726 -0.043617 0.068824 -0.057791 0.994998
1620.299614 661.051197 -79.231026 -12.492822 -0.043418 0.069726 -0.058328 0.994913
1620.399453 661.156265 -79.241089 -12.501278 -0.042750 0.069228 -0.058164 0.994986
1620.499293 661.256263 -79.255397 -12.500824 -0.041717 0.068489 -0.058030 0.995089
1620.599141 661.356868 -79.277514 -12.498395 -0.042374 0.067665 -0.058116 0.995112
1620.699775 661.465154 -79.287697 -12.499841 -0.042147 0.065913 -0.058555 0.995214
1620.799620 661.574157 -79.292442 -12.502824 -0.040837 0.063963 -0.059502 0.995339
1620.899454 661.678579 -79.304132 -12.506717 -0.040085 0.062273 -0.061824 0.995336
1620.999282 661.790128 -79.330052 -12.509943 -0.038608 0.063037 -0.064339 0.995187
1621.099116 661.900376 -79.354842 -12.522114 -0.036834 0.064532 -0.067368 0.994957
1621.199747 662.011307 -79.374496 -12.532240 -0.037792 0.065012 -0.070187 0.994695
1621.299583 662.127646 -79.387255 -12.534673 -0.039261 0.064260 -0.072688 0.994508
1621.399427 662.245049 -79.395908 -12.530797 -0.040195 0.062728 -0.074324 0.994447
1621.499261 662.352189 -79.411940 -12.529189 -0.040340 0.061571 -0.075616 0.994416
1621.599495 662.459433 -79.435667 -12.537978 -0.039105 0.059831 -0.077462 0.994430
1621.699320 662.558802 -79.456586 -12.548146 -0.042172 0.060680 -0.079088 0.994125
1621.799151 662.657285 -79.476928 -12.559752 -0.043169 0.062485 -0.078809 0.993993
1621.899771 662.759792 -79.487333 -12.569017 -0.043747 0.062839 -0.078682 0.993955
1621.999611 662.869529 -79.497632 -12.572341 -0.042396 0.062475 -0.078513 0.994050
1622.099443 662.979632 -79.521659 -12.568426 -0.042315 0.064059 -0.078414 0.993960
1622.199290 663.091597 -79.548733 -12.573188 -0.042079 0.064912 -0.078762 0.993887
1622.299121 663.202217 -79.569063 -12.583883 -0.040971 0.065484 -0.079228 0.993859
1622.399759 663.313988 -79.581715 -12.584472 -0.040240 0.065449 -0.079174 0.993896
1622.499603 663.428595 -79.600362 -12.586056 -0.040422 0.063894 -0.078863 0.994014
1622.599425 663.544727 -79.617837 -12.585021 -0.041281 0.063295 -0.078994 0.994007
1622.699248 663.655301 -79.632912 -12.586961 -0.041614 0.063349 -0.079237 0.993970
1622.799485 663.764941 -79.650961 -12.594400 -0.041030 0.064255 -0.079539 0.993912
1622.899327 663.870103 -79.665979 -12.603373 -0.042163 0.066881 -0.079572 0.993689
1622.999176 663.970438 -79.682156 -12.608475 -0.043012 0.067916 -0.078728 0.993649
1623.099817 664.070311 -79.703475 -12.607633 -0.043605 0.066260 -0.079013 0.993713
1623.199666 664.173884 -79.728350 -12.605977 -0.043370 0.066601 -0.079153 0.993689
1623.299501 664.280873 -79.746944 -12.609427 -0.042057 0.066972 -0.079843 0.993665
1623.399339 664.391254 -79.765384 -12.616752 -0.041056 0.066680 -0.079986 0.993715
1623.499182 664.503323 -79.780782 -12.620427 -0.042386 0.066808 -0.079781 0.993668
1623.599811 664.619518 -79.803456 -12.628263 -0.043762 0.067163 -0.079162 0.993633
1623.699653 664.731598 -79.829320 -12.627129 -0.043616 0.066553 -0.079168 0.993680
1623.799484 664.841803 -79.849457 -12.629980 -0.041514 0.065473 -0.079298 0.993832
1623.899320 664.960531 -79.869737 -12.637624 -0.041405 0.066000 -0.079139 0.993814
1623.999158 665.080372 -79.885127 -12.649138 -0.042011 0.067154 -0.079249 0.993703
1624.099793 665.198270 -79.902612 -12.654443 -0.047047 0.065742 -0.078942 0.993596
1624.199648 665.313706 -79.927027 -12.658741 -0.047598 0.066778 -0.078587 0.993529
1624.299491 665.425232 -79.944193 -12.662535 -0.045881 0.066483 -0.079105 0.993588
1624.399329 665.529495 -79.960947 -12.665061 -0.040285 0.065491 -0.079362 0.993876
1624.499169 665.636599 -79.979484 -12.663940 -0.037515 0.065474 -0.079918 0.993941
1624.599798 665.747119 -80.001008 -12.663300 -0.038146 0.065803 -0.080227 0.993870
1624.699633 665.864072 -80.018311 -12.673031 -0.041002 0.065484 -0.080274 0.993774
1624.799482 665.979626 -80.029931 -12.678481 -0.043723 0.063519 -0.080476 0.993769
1624.899307 666.087762 -80.051669 -12.680436 -0.045492 0.064146 -0.079843 0.993701
1624.999155 666.198881 -80.076658 -12.690410 -0.046289 0.066508 -0.077612 0.993685
1625.099794 666.316722 -80.090618 -12.689277 -0.047902 0.067157 -0.073339 0.993890
1625.199646 666.422343 -80.097876 -12.693592 -0.044670 0.068178 -0.069585 0.994241
1625.299500 666.533083 -80.117586 -12.697274 -0.041477 0.065941 -0.068064 0.994635
1625.399319 666.652170 -80.142782 -12.695014 -0.042570 0.062314 -0.067653 0.994851
1625.499168 666.777932 -80.161420 -12.699155 -0.046370 0.062285 -0.068432 0.994629
1625.599807 666.906402 -80.175995 -12.712296 -0.047449 0.066963 -0.069385 0.994208
1625.699643 667.037281 -80.200178 -12.724107 -0.045132 0.071927 -0.069260 0.993978
1625.799496 667.169027 -80.220005 -12.726092 -0.042385 0.074543 -0.069100 0.993917
1625.899344 667.283551 -80.234261 -12.724543 -0.040356 0.072686 -0.069461 0.994114
1625.999187 667.392107 -80.249453 -12.725120 -0.039151 0.069282 -0.070119 0.994359
1626.099830 667.504394 -80.269283 -12.731729 -0.039641 0.067473 -0.069693 0.994494
1626.199664 667.622093 -80.286218 -12.748130 -0.041922 0.066880 -0.067894 0.994565
1626.299507 667.734435 -80.300451 -12.755716 -0.042550 0.067484 -0.066556 0.994588
1626.399345 667.846472 -80.314819 -12.755056 -0.042205 0.067774 -0.066418 0.994592
1626.499184 667.967436 -80.332537 -12.754032 -0.043201 0.067996 -0.066503 0.994529
1626.599825 668.081915 -80.352318 -12.762376 -0.042605 0.068394 -0.066642 0.994518
1626.699677 668.189658 -80.373915 -12.776555 -0.041866 0.070037 -0.066748 0.994428
1626.799527 668.306094 -80.390921 -12.785529 -0.041829 0.071661 -0.067040 0.994294
1626.899355 668.427431 -80.408009 -12.778447 -0.041100 0.072958 -0.067043 0.994230
1626.999182 668.549369 -80.425302 -12.774033 -0.041766 0.072881 -0.066980 0.994212
1627.099822 668.666985 -80.442191 -12.782032 -0.042317 0.072247 -0.067128 0.994225
1627.199668 668.784323 -80.461860 -12.792649 -0.042533 0.070500 -0.067017 0.994349
1627.299503 668.905709 -80.484655 -12.803004 -0.043236 0.069113 -0.067267 0.994399
1627.399334 669.030811 -80.504810 -12.814041 -0.041888 0.069066 -0.066901 0.994485
1627.499176 669.160219 -80.520662 -12.817180 -0.043067 0.067276 -0.066833 0.994561
1627.599809 669.283543 -80.541238 -12.811391 -0.046257 0.065344 -0.066253 0.994586
1627.699645 669.406472 -80.558399 -12.806666 -0.046493 0.067845 -0.066362 0.994400
1627.799490 669.531926 -80.575499 -12.817512 -0.043441 0.070684 -0.066712 0.994317
1627.899345 669.662413 -80.596619 -12.836067 -0.039979 0.071078 -0.067413 0.994387
1627.999195 669.784274 -80.616854 -12.837931 -0.037014 0.067967 -0.067966 0.994681
1628.099833 669.909385 -80.635420 -12.835377 -0.038149 0.065317 -0.068334 0.994791
1628.199676 670.035082 -80.647994 -12.841680 -0.039878 0.064988 -0.068140 0.994758
1628.299528 670.157916 -80.666009 -12.850297 -0.042586 0.063571 -0.067312 0.994794
1628.399362 670.276913 -80.684660 -12.851609 -0.045290 0.059143 -0.066508 0.995001
1628.499202 670.390256 -80.705857 -12.840977 -0.046211 0.056875 -0.066197 0.995112
1628.599441 670.500395 -80.729674 -12.846232 -0.045646 0.057005 -0.065631 0.995168
1628.699272 670.613838 -80.746576 -12.860754 -0.046119 0.056542 -0.064428 0.995251
1628.799503 670.732184 -80.762130 -12.877787 -0.045907 0.055459 -0.064019 0.995348
1628.899347 670.846706 -80.776580 -12.891117 -0.043228 0.059431 -0.064212 0.995227
1628.999184 670.955623 -80.789566 -12.897603 -0.041208 0.063252 -0.064281 0.995072
1629.099818 671.068395 -80.802694 -12.892259 -0.040950 0.064660 -0.064400 0.994985
1629.199676 671.178302 -80.810975 -12.885599 -0.041843 0.064109 -0.064404 0.994983
1629.299510 671.285243 -80.828706 -12.892759 -0.042444 0.063359 -0.064379 0.995007
1629.399339 671.389132 -80.848568 -12.902463 -0.042619 0.063154 -0.064366 0.995014
1629.499180 671.494447 -80.868129 -12.912949 -0.041970 0.064355 -0.064444 0.994959
1629.599827 671.604374 -80.888623 -12.921220 -0.041583 0.066061 -0.064735 0.994845
1629.699668 671.716109 -80.898688 -12.930574 -0.041948 0.067001 -0.064823 0.994761
1629.799521 671.825575 -80.906650 -12.947548 -0.042223 0.066170 -0.064717 0.994812
1629.899360 671.934989 -80.920700 -12.972720 -0.042494 0.063885 -0.064694 0.994951
1629.999197 672.032072 -80.938797 -13.002778 -0.042175 0.063449 -0.064911 0.994978
1630.099824 672.125342 -80.963191 -13.026249 -0.041910 0.065102 -0.064817 0.994889
1630.199675 672.222099 -80.986502 -13.057388 -0.041110 0.066477 -0.064934 0.994824
1630.299526 672.326926 -81.004741 -13.085910 -0.041984 0.067579 -0.064859 0.994718
1630.399374 672.434568 -81.018834 -13.111102 -0.042755 0.067668 -0.064538 0.994700
1630.499211 672.540201 -81.030124 -13.138387 -0.043800 0.065809 -0.064087 0.994808
1630.599446 672.644551 -81.052959 -13.174154 -0.044368 0.063049 -0.063659 0.994989
1630.699295 672.757809 -81.077197 -13.205608 -0.041541 0.063941 -0.063862 0.995041
1630.799117 672.868185 -81.091650 -13.224276 -0.041485 0.067215 -0.064162 0.994809
1630.899746 672.972189 -81.096962 -13.239598 -0.041034 0.070465 -0.064387 0.994588
1630.999587 673.079511 -81.108076 -13.251819 -0.041325 0.072309 -0.064187 0.994456
1631.099433 673.182445 -81.128110 -13.269150 -0.041759 0.072334 -0.063745 0.994465
1631.199284 673.274419 -81.149938 -13.292257 -0.041438 0.072088 -0.063557 0.994508
1631.299121 673.370155 -81.164789 -13.303848 -0.040975 0.071155 -0.063430 0.994603
1631.399755 673.474410 -81.175954 -13.310229 -0.041762 0.072118 -0.063456 0.994499
1631.499587 673.581730 -81.191732 -13.324607 -0.041846 0.074076 -0.063402 0.994355
1631.599441 673.686384 -81.212720 -13.346061 -0.042211 0.073959 -0.063624 0.994334
1631.699291 673.798113 -81.225928 -13.362539 -0.041558 0.072471 -0.064262 0.994430
1631.799134 673.922487 -81.239280 -13.371716 -0.040588 0.071616 -0.064541 0.994514
1631.899791 674.041125 -81.254685 -13.383069 -0.040238 0.071528 -0.064420 0.994542
1631.999636 674.152494 -81.275141 -13.404600 -0.041133 0.072335 -0.064396 0.994449
1632.099489 674.257313 -81.294319 -13.432239 -0.041934 0.072832 -0.064399 0.994379
1632.199325 674.371865 -81.307291 -13.453093 -0.041185 0.073258 -0.064630 0.994364
1632.299173 674.494281 -81.324572 -13.471733 -0.041341 0.071712 -0.064621 0.994471
1632.399806 674.611628 -81.345005 -13.492156 -0.040567 0.069393 -0.064404 0.994681
1632.499629 674.726023 -81.364314 -13.513927 -0.040577 0.067156 -0.064408 0.994834
1632.599474 674.841169 -81.377102 -13.538790 -0.040741 0.067045 -0.064644 0.994820
1632.699315 674.955013 -81.391171 -13.564329 -0.043234 0.069456 -0.064812 0.994538
1632.799148 675.071378 -81.410007 -13.589848 -0.042340 0.070250 -0.064944 0.994512
1632.899772 675.194566 -81.435383 -13.611765 -0.039092 0.068800 -0.065080 0.994738
1632.999612 675.315701 -81.449516 -13.636755 -0.037638 0.068808 -0.065665 0.994755
1633.099464 675.433535 -81.465312 -13.656936 -0.037387 0.068516 -0.065290 0.994809
1633.199300 675.556101 -81.479180 -13.672461 -0.041011 0.068166 -0.064682 0.994730
1633.299124 675.682008 -81.502411 -13.697689 -0.044494 0.068027 -0.063943 0.994638
1633.399771 675.797210 -81.525904 -13.719806 -0.045189 0.067269 -0.063699 0.994673
1633.499609 675.911229 -81.545725 -13.725712 -0.044019 0.065947 -0.064032 0.994793
1633.599448 676.033756 -81.562656 -13.735794 -0.043320 0.064805 -0.064359 0.994878
1633.699292 676.165044 -81.576513 -13.748588 -0.041944 0.065040 -0.064609 0.994905
1633.799125 676.293712 -81.593734 -13.755637 -0.040176 0.065739 -0.064531 0.994937
1633.899768 676.413125 -81.611966 -13.760637 -0.039594 0.066506 -0.064174 0.994933
1633.999605 676.521084 -81.629954 -13.761767 -0.040268 0.066093 -0.063718 0.994962
1634.099452 676.636057 -81.648402 -13.765020 -0.042429 0.066201 -0.063431 0.994884
1634.199288 676.764723 -81.669056 -13.773724 -0.043892 0.064355 -0.063523 0.994936
1634.299119 676.889181 -81.682914 -13.780422 -0.044445 0.060619 -0.063496 0.995147
1634.399761 677.013037 -81.697080 -13.782559 -0.044809 0.060117 -0.063781 0.995143
1634.499608 677.137493 -81.716779 -13.784422 -0.041297 0.060707 -0.064278 0.995227
1634.599451 677.260871 -81.740867 -13.788129 -0.040114 0.061708 -0.065017 0.995166
1634.699285 677.379217 -81.756879 -13.798482 -0.043372 0.064348 -0.065453 0.994834
1634.799115 677.493523 -81.773802 -13.805067 -0.042912 0.066427 -0.065247 0.994731
1634.899753 677.610634 -81.795351 -13.809775 -0.042757 0.066125 -0.064950 0.994777
1634.999602 677.726619 -81.813748 -13.810291 -0.041749 0.065941 -0.064623 0.994853
1635.099432 677.838742 -81.831846 -13.816590 -0.041273 0.066836 -0.064441 0.994825
1635.199270 677.959572 -81.848316 -13.828185 -0.041654 0.067093 -0.064284 0.994802
1635.299492 678.079918 -81.863781 -13.838482 -0.040760 0.068217 -0.063792 0.994794
1635.399335 678.197476 -81.877387 -13.851104 -0.042165 0.069605 -0.063202 0.994677
1635.499180 678.315557 -81.901888 -13.846651 -0.044557 0.070914 -0.062000 0.994556
1635.599817 678.429360 -81.921408 -13.844442 -0.047088 0.071222 -0.061007 0.994479
1635.699668 678.546482 -81.936333 -13.853431 -0.048540 0.073037 -0.061278 0.994261
1635.799510 678.657485 -81.950962 -13.862411 -0.044251 0.073048 -0.062144 0.994406
1635.899352 678.772168 -81.966892 -13.876904 -0.038342 0.069418 -0.062800 0.994870
1635.999185 678.893100 -81.981320 -13.879903 -0.035977 0.067762 -0.063256 0.995044
1636.099810 679.017463 -82.001208 -13.882138 -0.038815 0.065152 -0.062997 0.995128
1636.199652 679.141839 -82.021121 -13.887473 -0.042035 0.065207 -0.062630 0.995017
1636.299481 679.267702 -82.038854 -13.888066 -0.042454 0.065450 -0.062362 0.995000
1636.399312 679.384485 -82.049500 -13.888386 -0.041765 0.065765 -0.062366 0.995008
1636.499169 679.504837 -82.064068 -13.893283 -0.040294 0.064553 -0.062132 0.995163
1636.599793 679.627428 -82.078644 -13.903245 -0.042212 0.066477 -0.062759 0.994917
1636.699643 679.752732 -82.101485 -13.912889 -0.041716 0.068189 -0.063095 0.994801
1636.799484 679.878113 -82.125341 -13.922059 -0.037725 0.068135 -0.063679 0.994927
1636.899334 680.005353 -82.143625 -13.927955 -0.037550 0.068208 -0.063843 0.994918
1636.999176 680.129322 -82.157374 -13.931709 -0.040806 0.067979 -0.063160 0.994849
1637.099818 680.249011 -82.171772 -13.931817 -0.044154 0.067129 -0.062630 0.994797
1637.199656 680.367289 -82.192661 -13.933397 -0.044008 0.065195 -0.061862 0.994980
1637.299506 680.473775 -82.208986 -13.937428 -0.042811 0.063507 -0.061235 0.995181
1637.399347 680.593679 -82.226480 -13.942301 -0.043003 0.061814 -0.060523 0.995322
1637.499192 680.718428 -82.248926 -13.948997 -0.045124 0.063614 -0.060227 0.995133
1637.599838 680.847361 -82.268423 -13.957655 -0.048184 0.067955 -0.059957 0.994719
1637.699680 680.972071 -82.279970 -13.963059 -0.049508 0.069333 -0.059299 0.994598
1637.799523 681.090248 -82.288333 -13.968854 -0.047752 0.067705 -0.059537 0.994782
1637.899375 681.207440 -82.300919 -13.980347 -0.040665 0.065807 -0.060801 0.995148
1637.999199 681.327987 -82.317978 -13.986422 -0.032831 0.063393 -0.062081 0.995515
1638.099439 681.454157 -82.338163 -13.990374 -0.034011 0.063347 -0.062543 0.995449
1638.199278 681.579183 -82.353774 -13.996033 -0.037169 0.067481 -0.062356 0.995076
1638.299123 681.699615 -82.363743 -14.004984 -0.039891 0.069554 -0.062101 0.994844
1638.399756 681.826789 -82.374797 -14.014196 -0.039609 0.068957 -0.062156 0.994893
1638.499608 681.954473 -82.389825 -14.016821 -0.039655 0.068243 -0.062306 0.994931
1638.599446 682.080367 -82.413380 -14.020413 -0.040027 0.067664 -0.062306 0.994956
1638.699279 682.196518 -82.432360 -14.026773 -0.040411 0.067404 -0.062232 0.994963
1638.799128 682.311430 -82.448166 -14.028330 -0.041198 0.067107 -0.062049 0.994962
1638.899760 682.429623 -82.460217 -14.033782 -0.042402 0.064994 -0.062489 0.995024
1638.999610 682.536788 -82.477337 -14.031010 -0.043950 0.063538 -0.062407 0.995056
1639.099459 682.647547 -82.488425 -14.035270 -0.042201 0.062602 -0.062494 0.995186
1639.199310 682.763431 -82.505177 -14.043176 -0.040599 0.065465 -0.062192 0.995087
1639.299150 682.878754 -82.524123 -14.057641 -0.043516 0.068720 -0.061770 0.994771
1639.399782 683.002144 -82.544048 -14.066163 -0.044707 0.070040 -0.061360 0.994651
1639.499630 683.135093 -82.562408 -14.063880 -0.042972 0.069605 -0.061011 0.994779
1639.599463 683.260601 -82.573039 -14.067410 -0.037881 0.067175 -0.061227 0.995140
1639.699306 683.371755 -82.589347 -14.071494 -0.037761 0.065743 -0.061486 0.995224
1639.799142 683.477343 -82.609114 -14.079690 -0.040459 0.065571 -0.061757 0.995113
1639.899799 683.589197 -82.623504 -14.087510 -0.042676 0.065876 -0.062098 0.994979
1639.999643 683.703904 -82.637014 -14.092338 -0.042244 0.066519 -0.062270 0.994944
1640.099485 683.813942 -82.653155 -14.098028 -0.040903 0.066544 -0.062390 0.994991
1640.199325 683.926140 -82.668677 -14.101461 -0.040754 0.066155 -0.062952 0.994987
1640.299172 684.048296 -82.687041 -14.103628 -0.039440 0.062302 -0.062509 0.995317
1640.399812 684.168595 -82.704106 -14.112414 -0.040397 0.060530 -0.062494 0.995389
1640.499648 684.284956 -82.724071 -14.118428 -0.042557 0.061795 -0.062547 0.995218
1640.599496 684.403224 -82.741176 -14.120487 -0.043612 0.063318 -0.062773 0.995062
1640.699331 684.523707 -82.756965 -14.121863 -0.043517 0.064940 -0.062293 0.994992
1640.799172 684.643231 -82.773114 -14.130183 -0.043881 0.066096 -0.062161 0.994908
1640.899813 684.752411 -82.789521 -14.142590 -0.043289 0.065534 -0.062088 0.994976
1640.999653 684.854139 -82.808487 -14.141317 -0.043712 0.066000 -0.061988 0.994933
1641.099510 684.960174 -82.830356 -14.142281 -0.044197 0.066031 -0.062233 0.994894
1641.199357 685.078453 -82.846096 -14.142404 -0.041570 0.065558 -0.062128 0.995045
1641.299184 685.200125 -82.857987 -14.148693 -0.039738 0.065293 -0.062047 0.995142
1641.399823 685.316513 -82.868862 -14.159283 -0.040148 0.065254 -0.061847 0.995141
1641.499658 685.427055 -82.883699 -14.169980 -0.042800 0.064557 -0.061458 0.995100
1641.599495 685.533881 -82.901783 -14.179849 -0.043608 0.066380 -0.061970 0.994913
1641.699348 685.638666 -82.916166 -14.186224 -0.041945 0.068983 -0.062758 0.994758
1641.799194 685.751781 -82.931556 -14.188728 -0.039880 0.070893 -0.063226 0.994679
1641.899829 685.868860 -82.945111 -14.191045 -0.037961 0.071287 -0.062889 0.994747
1641.999678 685.980136 -82.955102 -14.186717 -0.038206 0.068979 -0.063206 0.994880
1642.099510 686.086440 -82.965951 -14.188103 -0.039953 0.065506 -0.063191 0.995048
1642.199344 686.198666 -82.980428 -14.194337 -0.043735 0.065320 -0.063539 0.994879
1642.299197 686.311653 -83.000010 -14.203734 -0.043350 0.065781 -0.063074 0.994895
1642.399839 686.427231 -83.022945 -14.213906 -0.040910 0.067277 -0.062641 0.994925
1642.499688 686.535799 -83.039673 -14.221869 -0.041391 0.066825 -0.062665 0.994934
1642.599542 686.657400 -83.056850 -14.226258 -0.042344 0.064750 -0.062263 0.995057
1642.699369 686.778520 -83.068941 -14.230022 -0.042174 0.068088 -0.062250 0.994842
1642.799203 686.886035 -83.082162 -14.237017 -0.039997 0.070931 -0.062327 0.994728
1642.899444 686.987772 -83.101887 -14.244163 -0.039401 0.070229 -0.062182 0.994811
1642.999290 687.092957 -83.120738 -14.247699 -0.039091 0.069689 -0.062788 0.994823
1643.099121 687.201871 -83.137721 -14.246303 -0.038914 0.068172 -0.062917 0.994927
1643.199745 687.311020 -83.151878 -14.247935 -0.039318 0.067499 -0.062717 0.994970
1643.299589 687.429956 -83.164153 -14.254163 -0.040058 0.067614 -0.062556 0.994942
1643.399419 687.557212 -83.179393 -14.258666 -0.039622 0.067781 -0.062407 0.994958
1643.499252 687.683362 -83.192623 -14.262692 -0.041997 0.066292 -0.062153 0.994977
1643.599503 687.802654 -83.213749 -14.270661 -0.043938 0.067809 -0.061578 0.994826
1643.699346 687.921821 -83.234086 -14.282591 -0.042846 0.069771 -0.061487 0.994744
1643.799206 688.026041 -83.250784 -14.292544 -0.041153 0.069950 -0.061812 0.994783
1643.899436 688.135597 -83.268112 -14.295900 -0.041350 0.067290 -0.062312 0.994927
1643.999284 688.255533 -83.278904 -14.294055 -0.041026 0.064545 -0.062752 0.995094
1644.099134 688.375908 -83.291564 -14.294146 -0.040441 0.062624 -0.062795 0.995238
1644.199784 688.497995 -83.309883 -14.301926 -0.039105 0.064072 -0.062829 0.995198
1644.299623 688.614648 -83.330504 -14.320083 -0.039419 0.067396 -0.062827 0.994966
1644.399459 688.726003 -83.347506 -14.337958 -0.042119 0.069922 -0.062642 0.994692
1644.499299 688.836132 -83.358414 -14.340378 -0.042280 0.070596 -0.063093 0.994609
1644.599129 688.948951 -83.372301 -14.335356 -0.042345 0.070627 -0.063465 0.994581
1644.699762 689.064058 -83.391155 -14.341510 -0.041886 0.069841 -0.063618 0.994646
1644.799599 689.178739 -83.413384 -14.364560 -0.041225 0.069455 -0.063634 0.994700
1644.899449 689.288215 -83.430980 -14.387198 -0.040324 0.068510 -0.063646 0.994801
1644.999287 689.398665 -83.446981 -14.410501 -0.039710 0.068536 -0.063215 0.994852
1645.099117 689.523716 -83.461222 -14.433763 -0.040807 0.068143 -0.062976 0.994849
1645.199766 689.645236 -83.480735 -14.458339 -0.040062 0.065637 -0.061996 0.995110
1645.299609 689.770152 -83.500876 -14.483750 -0.039590 0.064665 -0.061784 0.995205
1645.399444 689.895346 -83.520712 -14.508191 -0.041647 0.065629 -0.062125 0.995037
1645.499287 690.013290 -83.539410 -14.527984 -0.043169 0.065861 -0.062795 0.994915
1645.599126 690.128387 -83.559904 -14.542717 -0.040743 0.064510 -0.062743 0.995109
1645.699761 690.243268 -83.585109 -14.567056 -0.042212 0.065977 -0.062931 0.994940
1645.799611 690.356463 -83.598462 -14.592007 -0.041793 0.065515 -0.062896 0.994990
1645.899479 690.470317 -83.612957 -14.610091 -0.040276 0.066937 -0.062052 0.995011
1645.999329 690.589635 -83.624153 -14.639327 -0.042194 0.069730 -0.061549 0.994771
1646.099155 690.712628 -83.643298 -14.660631 -0.042836 0.070715 -0.061372 0.994685
1646.199791 690.829860 -83.669502 -14.680357 -0.042251 0.073674 -0.062057 0.994453
1646.299630 690.953515 -83.693881 -14.693865 -0.041593 0.075384 -0.062361 0.994333
1646.399475 691.078389 -83.711435 -14.697971 -0.041959 0.074069 -0.062447 0.994411
1646.499310 691.201550 -83.723878 -14.701231 -0.041897 0.070985 -0.062121 0.994659
1646.599143 691.322957 -83.742228 -14.713559 -0.042362 0.068211 -0.062236 0.994826
1646.699785 691.445456 -83.754867 -14.725596 -0.041672 0.068235 -0.063223 0.994792
1646.799621 691.568406 -83.771780 -14.743807 -0.042006 0.068853 -0.063244 0.994734
1646.899468 691.688070 -83.794011 -14.754185 -0.042322 0.067467 -0.062946 0.994834
1646.999300 691.814985 -83.808655 -14.753997 -0.040919 0.063718 -0.062415 0.995173
1647.099143 691.944500 -83.820485 -14.749630 -0.041573 0.062742 -0.062151 0.995225
1647.199789 692.076874 -83.835605 -14.752710 -0.039219 0.064697 -0.061583 0.995230
1647.299614 692.208197 -83.854919 -14.765763 -0.036687 0.069652 -0.061412 0.995003
1647.399445 692.332495 -83.874778 -14.778977 -0.034802 0.071745 -0.061584 0.994912
1647.499283 692.456589 -83.887882 -14.789855 -0.037150 0.069561 -0.061733 0.994973
1647.599125 692.584082 -83.902849 -14.778651 -0.039569 0.069231 -0.061904 0.994892
1647.699761 692.710502 -83.918720 -14.774336 -0.040881 0.068284 -0.061876 0.994906
1647.799586 692.834470 -83.929720 -14.777301 -0.040163 0.068040 -0.061973 0.994946
1647.899428 692.957032 -83.945781 -14.795636 -0.039325 0.067652 -0.062350 0.994982
1647.999273 693.081059 -83.963347 -14.807757 -0.039876 0.068422 -0.063016 0.994865
1648.099507 693.203490 -83.982091 -14.806702 -0.040099 0.069088 -0.063176 0.994800
1648.199339 693.329288 -83.996663 -14.801170 -0.041699 0.067902 -0.063182 0.994816
1648.299184 693.459963 -84.014491 -14.802989 -0.042145 0.066507 -0.063231 0.994888
1648.399831 693.585477 -84.035522 -14.819448 -0.040665 0.065457 -0.063169 0.995023
1648.499672 693.714353 -84.057145 -14.838779 -0.038906 0.067142 -0.063294 0.994973
1648.599517 693.844461 -84.069699 -14.837991 -0.039436 0.067753 -0.063106 0.994923
1648.699341 693.971564 -84.080453 -14.837067 -0.040595 0.065663 -0.062470 0.995057
1648.799183 694.099419 -84.088825 -14.833787 -0.041098 0.063259 -0.061978 0.995223
1648.899826 694.226341 -84.107066 -14.836935 -0.042332 0.060133 -0.062207 0.995350
1648.999664 694.351461 -84.137043 -14.841231 -0.041987 0.060207 -0.062405 0.995348
1649.099515 694.474016 -84.160997 -14.852383 -0.042138 0.062701 -0.062671 0.995171
1649.199351 694.584802 -84.174707 -14.870564 -0.042816 0.066745 -0.063231 0.994844
1649.299190 694.706448 -84.185733 -14.885155 -0.043208 0.067907 -0.063156 0.994753
1649.399831 694.831147 -84.202021 -14.885548 -0.043237 0.066319 -0.062789 0.994882
1649.499680 694.958687 -84.216479 -14.882232 -0.041583 0.063099 -0.063310 0.995129
1649.599514 695.083593 -84.232917 -14.879787 -0.040930 0.062543 -0.063583 0.995174
1649.699340 695.204977 -84.252410 -14.889038 -0.040329 0.066718 -0.063771 0.994915
1649.799184 695.322598 -84.267830 -14.902815 -0.039660 0.066712 -0.063426 0.994964
1649.899823 695.439285 -84.282358 -14.908223 -0.038403 0.065411 -0.063241 0.995112
1649.999661 695.551527 -84.294763 -14.910859 -0.039599 0.066758 -0.063366 0.994967
1650.099493 695.654909 -84.312911 -14.919084 -0.041667 0.068643 -0.063058 0.994774
1650.199331 695.764059 -84.328108 -14.924180 -0.041882 0.069828 -0.062856 0.994695
1650.299181 695.881712 -84.340390 -14.923077 -0.041855 0.070052 -0.062926 0.994676
1650.399821 696.000147 -84.358143 -14.919933 -0.040965 0.069035 -0.062681 0.994800
1650.499661 696.123316 -84.373985 -14.926429 -0.041183 0.068360 -0.062836 0.994828
1650.599497 696.241884 -84.392814 -14.939266 -0.040851 0.069158 -0.062867 0.994784
1650.699321 696.370538 -84.414960 -14.947283 -0.040453 0.069220 -0.062716 0.994806
1650.799166 696.507988 -84.440392 -14.954777 -0.039880 0.068395 -0.062745 0.994884
1650.899793 696.645138 -84.453488 -14.957688 -0.039490 0.068035 -0.063304 0.994889
1650.999627 696.771578 -84.464190 -14.967067 -0.039563 0.067772 -0.063437 0.994896
1651.099470 696.882587 -84.474444 -14.981200 -0.041170 0.067423 -0.063582 0.994845
1651.199306 696.994700 -84.490439 -14.988568 -0.040259 0.068224 -0.063512 0.994832
1651.299134 697.113474 -84.513553 -14.984748 -0.040465 0.068429 -0.063230 0.994828
1651.399757 697.232111 -84.538243 -14.975092 -0.040319 0.067376 -0.062745 0.994936
1651.499596 697.344467 -84.559074 -14.985433 -0.041499 0.064891 -0.062461 0.995071
1651.599428 697.467268 -84.569958 -15.010941 -0.042027 0.062440 -0.062532 0.995201
1651.699260 697.591988 -84.584738 -15.020063 -0.039883 0.063415 -0.062573 0.995225
1651.799499 697.719057 -84.601374 -15.020038 -0.038967 0.066191 -0.062374 0.995093
1651.899345 697.845789 -84.625170 -15.021160 -0.039817 0.066725 -0.062168 0.995036
1651.999183 697.972488 -84.643491 -15.018574 -0.042103 0.065289 -0.062457 0.995019
1652.099827 698.092669 -84.658237 -15.026900 -0.042220 0.062429 -0.062785 0.995177
1652.199661 698.203622 -84.679781 -15.036804 -0.039922 0.063795 -0.063139 0.995163
1652.299515 698.317880 -84.700416 -15.051502 -0.040111 0.066726 -0.063765 0.994924
1652.399352 698.430383 -84.714010 -15.066256 -0.040495 0.068137 -0.063768 0.994812
1652.499192 698.538558 -84.724047 -15.075578 -0.042545 0.070270 -0.063424 0.994600
1652.599836 698.651321 -84.740446 -15.092336 -0.042497 0.072201 -0.063334 0.994470
1652.699669 698.771899 -84.763048 -15.107194 -0.041140 0.072168 -0.063264 0.994534
1652.799512 698.890174 -84.786546 -15.122586 -0.040149 0.072431 -0.063171 0.994561
1652.899354 699.011079 -84.801836 -15.133294 -0.040412 0.071651 -0.063314 0.994598
1652.999201 699.129807 -84.814848 -15.143352 -0.041910 0.069560 -0.062991 0.994705
1653.099447 699.247983 -84.833606 -15.158658 -0.042988 0.067972 -0.062353 0.994809
1653.199289 699.367238 -84.852620 -15.177978 -0.041975 0.067575 -0.062240 0.994886
1653.299130 699.483889 -84.871313 -15.197394 -0.041695 0.066693 -0.062535 0.994939
1653.399756 699.604491 -84.887625 -15.212121 -0.040688 0.066937 -0.063119 0.994927
1653.499581 699.725738 -84.905288 -15.228064 -0.039600 0.065344 -0.063448 0.995056
1653.599410 699.841691 -84.926345 -15.240485 -0.040621 0.063686 -0.063608 0.995112
1653.699248 699.957683 -84.939832 -15.245807 -0.040401 0.063099 -0.063647 0.995156
1653.799482 700.075872 -84.949463 -15.257245 -0.040060 0.061864 -0.063748 0.995241
1653.899318 700.184954 -84.964269 -15.273552 -0.040366 0.061714 -0.063821 0.995233
1653.999144 700.291757 -84.989532 -15.279913 -0.040633 0.062297 -0.063372 0.995215
1654.099767 700.396407 -85.012135 -15.285292 -0.040199 0.062530 -0.063483 0.995210
1654.199595 700.505031 -85.024333 -15.289242 -0.039001 0.060437 -0.063339 0.995397
1654.299439 700.616778 -85.035967 -15.293022 -0.040587 0.059015 -0.063334 0.995419
1654.399282 700.728198 -85.048034 -15.297769 -0.042669 0.061391 -0.063819 0.995157
1654.499124 700.842973 -85.067189 -15.300845 -0.042440 0.060803 -0.063751 0.995207
1654.599767 700.968553 -85.086629 -15.303603 -0.041963 0.061241 -0.063701 0.995204
1654.699606 701.086188 -85.104849 -15.309639 -0.039413 0.061678 -0.063227 0.995311
1654.799438 701.200496 -85.122278 -15.316249 -0.036599 0.064964 -0.062827 0.995235
1654.899266 701.312110 -85.135016 -15.324715 -0.038161 0.067506 -0.062355 0.995037
1654.999513 701.421480 -85.151340 -15.323175 -0.043092 0.069132 -0.061479 0.994778
1655.099350 701.530605 -85.168644 -15.320209 -0.045732 0.068012 -0.061118 0.994760
1655.199186 701.637692 -85.189311 -15.324861 -0.045496 0.066359 -0.061259 0.994874
1655.299826 701.747411 -85.208266 -15.331486 -0.045762 0.063348 -0.061545 0.995040
1655.399680 701.848768 -85.217344 -15.339055 -0.044456 0.061516 -0.062097 0.995180
1655.499516 701.955124 -85.228591 -15.343605 -0.042368 0.061703 -0.062458 0.995237
1655.599355 702.054491 -85.243592 -15.347775 -0.041220 0.061795 -0.062746 0.995261
1655.699199 702.149272 -85.261936 -15.351297 -0.040999 0.062584 -0.063139 0.995196
1655.799453 702.260033 -85.277290 -15.364016 -0.040081 0.062574 -0.063411 0.995217
1655.899283 702.373879 -85.290522 -15.367697 -0.040385 0.062934 -0.064074 0.995140
1655.999119 702.482519 -85.302539 -15.374087 -0.040322 0.062646 -0.064380 0.995141
1656.099751 702.587598 -85.313660 -15.383604 -0.040616 0.061950 -0.064349 0.995174
1656.199602 702.691610 -85.333083 -15.384315 -0.041389 0.061790 -0.063897 0.995181
1656.299450 702.792371 -85.353475 -15.383682 -0.041305 0.062465 -0.063574 0.995163
1656.399288 702.889486 -85.365179 -15.386072 -0.040450 0.063818 -0.063502 0.995117
1656.499116 702.985416 -85.376246 -15.389976 -0.040460 0.064327 -0.063073 0.995111
1656.599757 703.088051 -85.384655 -15.393946 -0.040277 0.064220 -0.062851 0.995140
1656.699607 703.183137 -85.394211 -15.399314 -0.041482 0.064499 -0.062793 0.995076
1656.799446 703.276007 -85.413610 -15.405500 -0.041883 0.063809 -0.062301 0.995135
1656.899284 703.374104 -85.433508 -15.413213 -0.040698 0.062284 -0.061731 0.995316
1656.999114 703.474234 -85.450726 -15.414365 -0.039397 0.062194 -0.060854 0.995428
1657.099753 703.579208 -85.460011 -15.414602 -0.040119 0.063348 -0.060207 0.995366
1657.199585 703.681733 -85.472193 -15.418714 -0.043062 0.065297 -0.059995 0.995129
1657.299423 703.784897 -85.488293 -15.424453 -0.044474 0.064569 -0.060324 0.995095
1657.399254 703.884593 -85.504461 -15.435122 -0.041668 0.063481 -0.060917 0.995250
1657.499505 703.980347 -85.514169 -15.441416 -0.039620 0.065748 -0.061391 0.995158
1657.599337 704.073603 -85.523095 -15.443522 -0.038213 0.069586 -0.061656 0.994935
1657.699184 704.175775 -85.542183 -15.446147 -0.039732 0.070354 -0.061539 0.994829
1657.799830 704.287845 -85.558008 -15.445101 -0.042931 0.069591 -0.062020 0.994720
1657.899674 704.395043 -85.568795 -15.450930 -0.044385 0.070354 -0.062653 0.994563
1657.999508 704.497631 -85.584717 -15.466000 -0.043034 0.071222 -0.062772 0.994553
1658.099345 704.594161 -85.600019 -15.471852 -0.040573 0.069954 -0.062571 0.994759
1658.199188 704.692691 -85.609875 -15.473839 -0.039854 0.069930 -0.062404 0.994800
1658.299812 704.794204 -85.619547 -15.476639 -0.040361 0.070618 -0.062012 0.994756
1658.399666 704.894213 -85.631616 -15.486544 -0.040772 0.072214 -0.062354 0.994603
1658.499494 704.995995 -85.642129 -15.495062 -0.041369 0.073919 -0.063644 0.994371
1658.599342 705.095710 -85.661147 -15.494597 -0.039564 0.071379 -0.064153 0.994597
1658.699191 705.196056 -85.678799 -15.499320 -0.040232 0.071115 -0.064345 0.994577
1658.799835 705.302692 -85.695412 -15.508607 -0.043121 0.071463 -0.064388 0.994428
1658.899685 705.415157 -85.709403 -15.510439 -0.042820 0.071860 -0.064026 0.994436
1658.999516 705.526518 -85.727659 -15.511173 -0.042391 0.071543 -0.063567 0.994507
1659.099355 705.639310 -85.747156 -15.512448 -0.042262 0.070919 -0.063550 0.994558
1659.199212 705.754744 -85.760081 -15.512353 -0.043303 0.069050 -0.064190 0.994604
1659.299451 705.874706 -85.777715 -15.513780 -0.042505 0.066725 -0.064654 0.994767
1659.399303 705.987558 -85.787346 -15.521337 -0.040552 0.066140 -0.065569 0.994828
1659.499147 706.088904 -85.804694 -15.528537 -0.041018 0.067822 -0.064686 0.994753
1659.599790 706.189863 -85.826005 -15.530857 -0.043345 0.072395 -0.064500 0.994344
1659.699627 706.295716 -85.845634 -15.536710 -0.041779 0.072639 -0.064037 0.994423
1659.799469 706.406162 -85.860626 -15.538063 -0.041757 0.068848 -0.063782 0.994710
1659.899302 706.527209 -85.876613 -15.543665 -0.042048 0.066392 -0.063985 0.994852
1659.999159 706.654867 -85.895872 -15.550073 -0.040906 0.068862 -0.063658 0.994752
1660.099799 706.781393 -85.913038 -15.553620 -0.041624 0.070481 -0.064117 0.994580
1660.199628 706.908613 -85.929599 -15.560374 -0.041263 0.069510 -0.064435 0.994643
1660.299467 707.029216 -85.946634 -15.564822 -0.038151 0.065598 -0.064227 0.995046
1660.399310 707.148047 -85.961945 -15.568123 -0.039750 0.063809 -0.064660 0.995072
1660.499139 707.258590 -85.976873 -15.566902 -0.043545 0.063608 -0.064846 0.994914
1660.599771 707.364867 -85.990882 -15.579803 -0.045386 0.063466 -0.065131 0.994822
1660.699610 707.470405 -86.012144 -15.590778 -0.045952 0.066284 -0.065315 0.994600
1660.799445 707.579603 -86.032914 -15.595820 -0.041423 0.067840 -0.065150 0.994705
1660.899286 707.694042 -86.049082 -15.600733 -0.038436 0.068249 -0.065618 0.994766
1660.999126 707.818833 -86.065320 -15.607171 -0.040044 0.070325 -0.065840 0.994543
1661.099756 707.943054 -86.082768 -15.611371 -0.044785 0.071885 -0.065773 0.994234
1661.199610 708.060399 -86.095913 -15.616836 -0.042128 0.070745 -0.065687 0.994437
1661.299444 708.174841 -86.113463 -15.624079 -0.039472 0.070338 -0.065073 0.994616
1661.399279 708.298817 -86.132413 -15.626887 -0.039484 0.070349 -0.064496 0.994652
1661.499115 708.425474 -86.153067 -15.633611 -0.041085 0.071155 -0.064084 0.994556
1661.599758 708.536715 -86.174476 -15.642068 -0.044299 0.068832 -0.063400 0.994626
1661.699600 708.649664 -86.188553 -15.645875 -0.045097 0.066822 -0.063753 0.994704
1661.799441 708.769455 -86.198120 -15.651130 -0.043887 0.067009 -0.064468 0.994700
1661.899272 708.882077 -86.213772 -15.658878 -0.041861 0.066150 -0.064632 0.994834
1661.999508 708.997116 -86.236138 -15.664607 -0.039015 0.067057 -0.065263 0.994848
1662.099354 709.122099 -86.253565 -15.669428 -0.038608 0.067788 -0.065859 0.994775
1662.199198 709.246647 -86.265047 -15.670021 -0.039507 0.066894 -0.065764 0.994806
1662.299453 709.357363 -86.281537 -15.674060 -0.039964 0.067551 -0.064800 0.994807
1662.399302 709.463797 -86.300360 -15.680768 -0.040799 0.068467 -0.064301 0.994743
1662.499136 709.578526 -86.319002 -15.688098 -0.041142 0.067970 -0.064187 0.994770
1662.599770 709.690349 -86.333399 -15.693634 -0.040306 0.066780 -0.064321 0.994876
1662.699606 709.807689 -86.350725 -15.689374 -0.040523 0.068434 -0.064289 0.994757
1662.799450 709.936594 -86.367697 -15.692216 -0.041953 0.069356 -0.064680 0.994609
1662.899290 710.064823 -86.382326 -15.701379 -0.042160 0.068098 -0.064963 0.994668
1662.999135 710.187882 -86.402248 -15.713909 -0.041464 0.067769 -0.064911 0.994723
1663.099777 710.310960 -86.419532 -15.727490 -0.040828 0.067019 -0.064882 0.994802
1663.199617 710.429576 -86.438395 -15.737976 -0.042845 0.067799 -0.064986 0.994658
1663.299452 710.540858 -86.455114 -15.736360 -0.041945 0.069025 -0.065099 0.994605
1663.399285 710.660112 -86.476936 -15.744436 -0.041794 0.066921 -0.065223 0.994747
1663.499118 710.780803 -86.494305 -15.751496 -0.039222 0.065005 -0.064916 0.994998
1663.599761 710.901127 -86.508679 -15.750035 -0.038829 0.067410 -0.063714 0.994931
1663.699599 711.020663 -86.523423 -15.750667 -0.044231 0.069400 -0.063054 0.994611
1663.799426 711.141521 -86.540174 -15.755726 -0.048144 0.067412 -0.063087 0.994564
1663.899244 711.265450 -86.558105 -15.768772 -0.047900 0.065038 -0.063644 0.994698
1663.999481 711.392987 -86.575147 -15.772486 -0.042866 0.069272 -0.064836 0.994565
1664.099305 711.520810 -86.595321 -15.775319 -0.038076 0.072530 -0.065179 0.994506
1664.199146 711.638518 -86.618456 -15.772073 -0.037246 0.073593 -0.065471 0.994440
1664.299786 711.761147 -86.635915 -15.774242 -0.038095 0.072647 -0.065509 0.994475
1664.399626 711.891867 -86.653034 -15.781925 -0.039649 0.071104 -0.064935 0.994563
1664.499462 712.014238 -86.671845 -15.791820 -0.040843 0.067755 -0.064548 0.994774
1664.599300 712.122515 -86.686911 -15.797338 -0.042039 0.067932 -0.064494 0.994715
1664.699142 712.242984 -86.702122 -15.801370 -0.042490 0.068126 -0.064891 0.994657
1664.799785 712.373476 -86.720643 -15.807558 -0.039312 0.066883 -0.065032 0.994863
1664.899618 712.504598 -86.741212 -15.814693 -0.038532 0.069603 -0.064779 0.994723
1664.999459 712.630882 -86.760240 -15.822937 -0.042146 0.072151 -0.063959 0.994448
1665.099295 712.756107 -86.781977 -15.836441 -0.046161 0.070850 -0.062959 0.994427
1665.199145 712.870967 -86.802386 -15.850431 -0.045868 0.068278 -0.062953 0.994621
1665.299789 712.988807 -86.822624 -15.858074 -0.044000 0.065910 -0.062958 0.994865
1665.399625 713.109047 -86.842267 -15.866478 -0.042562 0.066238 -0.063262 0.994886
1665.499462 713.231552 -86.855204 -15.872190 -0.041057 0.068241 -0.063805 0.994780
1665.599312 713.349707 -86.869954 -15.884972 -0.038847 0.070312 -0.064280 0.994694
1665.699146 713.472815 -86.889043 -15.905344 -0.037332 0.070280 -0.064862 0.994716
1665.799795 713.615128 -86.908255 -15.923439 -0.040045 0.069927 -0.065622 0.994585
1665.899642 713.746078 -86.924643 -15.938208 -0.042048 0.068960 -0.065519 0.994577
1665.999492 713.873423 -86.944351 -15.955192 -0.040668 0.070882 -0.065033 0.994531
1666.099338 714.002875 -86.966070 -15.969658 -0.040790 0.069499 -0.064774 0.994641
1666.199190 714.128330 -86.988290 -15.980648 -0.039305 0.065651 -0.064210 0.994999
1666.299839 714.264567 -87.005805 -15.998475 -0.038821 0.065512 -0.064019 0.995039
1666.399691 714.389646 -87.020450 -16.011060 -0.038339 0.071869 -0.064457 0.994591
1666.499535 714.506522 -87.035467 -16.023195 -0.039323 0.074179 -0.064630 0.994371
1666.599379 714.620884 -87.051498 -16.033140 -0.039183 0.073020 -0.064819 0.994450
1666.699215 714.741423 -87.069677 -16.048462 -0.040069 0.070946 -0.064815 0.994565
1666.799468 714.865226 -87.085368 -16.069074 -0.040599 0.070592 -0.064811 0.994569
1666.899330 714.988980 -87.103768 -16.086586 -0.041270 0.070183 -0.064574 0.994586
1666.999178 715.114237 -87.126080 -16.104235 -0.041311 0.069047 -0.064422 0.994674
1667.099814 715.252707 -87.146433 -16.120295 -0.041210 0.068974 -0.064495 0.994678
1667.199632 715.388874 -87.171451 -16.138190 -0.039763 0.067925 -0.063919 0.994846
1667.299458 715.521506 -87.190651 -16.157208 -0.040398 0.069403 -0.063399 0.994752
1667.399280 715.650594 -87.201814 -16.168417 -0.041261 0.069452 -0.062935 0.994743
1667.499116 715.771645 -87.209388 -16.185011 -0.041988 0.067448 -0.062580 0.994873
1667.599745 715.900569 -87.225601 -16.201844 -0.042627 0.067862 -0.062566 0.994818
1667.699587 716.018084 -87.250809 -16.220021 -0.043038 0.068808 -0.062930 0.994713
1667.799416 716.135029 -87.279902 -16.231557 -0.041650 0.069406 -0.063751 0.994678
1667.899267 716.259012 -87.297374 -16.242639 -0.040116 0.070015 -0.064663 0.994639
1667.999513 716.385170 -87.305061 -16.255072 -0.039795 0.069643 -0.064886 0.994664
1668.099354 716.510629 -87.311178 -16.264091 -0.038316 0.065947 -0.065032 0.994964
1668.199195 716.641339 -87.322622 -16.272432 -0.038937 0.063238 -0.064816 0.995130
1668.299825 716.771200 -87.348718 -16.286858 -0.040783 0.062103 -0.064294 0.995161
1668.399665 716.897851 -87.374569 -16.298898 -0.042762 0.063328 -0.064618 0.994980
1668.499510 717.024114 -87.389280 -16.306865 -0.038572 0.065069 -0.064797 0.995027
1668.599344 717.153536 -87.400693 -16.313025 -0.037000 0.068271 -0.064907 0.994865
1668.699175 717.285665 -87.416571 -16.316285 -0.037345 0.069384 -0.064732 0.994787
1668.799812 717.417221 -87.434777 -16.318601 -0.039827 0.067522 -0.064433 0.994838
1668.899656 717.540625 -87.449733 -16.324081 -0.042345 0.066131 -0.064814 0.994803
1668.999500 717.662036 -87.464612 -16.335832 -0.041539 0.066996 -0.065243 0.994751
1669.099324 717.787277 -87.480260 -16.348545 -0.037623 0.065112 -0.064722 0.995066
1669.199164 717.910129 -87.499531 -16.354643 -0.036771 0.065416 -0.064585 0.995087
1669.299810 718.032940 -87.518105 -16.359586 -0.040443 0.064239 -0.064483 0.995028
1669.399649 718.153373 -87.534676 -16.352980 -0.042274 0.060245 -0.064317 0.995212
1669.499495 718.275737 -87.546670 -16.346957 -0.040992 0.061166 -0.064551 0.995194
1669.599333 718.398258 -87.561892 -16.351229 -0.040891 0.064790 -0.064332 0.994983
1669.699154 718.516869 -87.574631 -16.358034 -0.039020 0.065813 -0.065092 0.994942
1669.799795 718.632572 -87.594515 -16.375027 -0.038735 0.064802 -0.065515 0.994992
1669.899636 718.756686 -87.616446 -16.394287 -0.041591 0.061182 -0.065907 0.995079
1669.999496 718.881809 -87.634530 -16.401839 -0.039162 0.060278 -0.066153 0.995217
1670.099332 718.998845 -87.647927 -16.406710 -0.038060 0.063229 -0.066496 0.995054
1670.199179 719.116801 -87.659919 -16.410253 -0.039666 0.067413 -0.066204 0.994736
1670.299826 719.236109 -87.672721 -16.410954 -0.041526 0.065227 -0.065815 0.994831
1670.399665 719.355150 -87.694712 -16.409847 -0.041631 0.062016 -0.065559 0.995049
1670.499509 719.470848 -87.714894 -16.407893 -0.041089 0.057772 -0.065945 0.995302
1670.599346 719.593584 -87.733744 -16.412809 -0.041580 0.055870 -0.066534 0.995351
1670.699194 719.711206 -87.749559 -16.424405 -0.041462 0.056699 -0.067171 0.995266
1670.799821 719.828084 -87.766879 -16.437125 -0.039371 0.058445 -0.067459 0.995230
1670.899653 719.941055 -87.785045 -16.439081 -0.039784 0.060482 -0.067687 0.995077
1670.999487 720.049424 -87.805251 -16.435759 -0.041505 0.061255 -0.067140 0.994996
1671.099315 720.152188 -87.824536 -16.437392 -0.043520 0.061329 -0.066467 0.994951
1671.199158 720.255588 -87.844076 -16.444981 -0.042683 0.061568 -0.066147 0.994993
1671.299795 720.362479 -87.860314 -16.450389 -0.042612 0.062524 -0.066472 0.994915
1671.399632 720.471474 -87.874755 -16.459601 -0.043937 0.063650 -0.066096 0.994811
1671.499488 720.577779 -87.891901 -16.460721 -0.045861 0.062613 -0.065528 0.994828
1671.599318 720.679582 -87.910829 -16.462510 -0.045142 0.062350 -0.065222 0.994897
1671.699163 720.776930 -87.928601 -16.467847 -0.042822 0.061630 -0.065124 0.995051
1671.799799 720.868119 -87.943100 -16.470881 -0.041520 0.061674 -0.065124 0.995104
1671.899639 720.969261 -87.955166 -16.478465 -0.040717 0.064129 -0.065154 0.994980
1671.999483 721.073111 -87.966103 -16.490260 -0.041611 0.067847 -0.065472 0.994675
1672.099324 721.171219 -87.981559 -16.501224 -0.042612 0.068190 -0.065439 0.994612
1672.199173 721.279406 -88.004716 -16.504819 -0.043424 0.066695 -0.065125 0.994698
1672.299814 721.382008 -88.023946 -16.501303 -0.043987 0.065241 -0.065250 0.994762
1672.399647 721.481074 -88.036711 -16.499531 -0.045999 0.060629 -0.065262 0.994962
1672.499494 721.583926 -88.051314 -16.503594 -0.044007 0.058065 -0.064679 0.995243
1672.599335 721.684970 -88.067470 -16.506399 -0.040145 0.059703 -0.064612 0.995314
1672.699163 721.785630 -88.083077 -16.515759 -0.042108 0.060726 -0.064831 0.995156
1672.799793 721.890528 -88.097999 -16.528650 -0.047232 0.062566 -0.064901 0.994808
1672.899637 721.983759 -88.116986 -16.532159 -0.051016 0.071567 -0.064851 0.994017
1672.999482 722.076677 -88.132781 -16.531380 -0.048021 0.074086 -0.064571 0.994000
1673.099324 722.179681 -88.147288 -16.527231 -0.043190 0.071227 -0.064445 0.994439
1673.199159 722.290577 -88.164757 -16.535328 -0.041073 0.067626 -0.064604 0.994769
1673.299814 722.400583 -88.178715 -16.544618 -0.039975 0.066679 -0.064858 0.994862
1673.399648 722.499686 -88.190376 -16.551280 -0.039023 0.066372 -0.065052 0.994907
1673.499473 722.597595 -88.201794 -16.553523 -0.039346 0.067142 -0.064791 0.994860
1673.599321 722.690889 -88.213866 -16.558328 -0.041276 0.064951 -0.064638 0.994937
1673.699170 722.787102 -88.234083 -16.571644 -0.040705 0.062424 -0.064214 0.995150
1673.799801 722.883065 -88.252077 -16.578335 -0.041650 0.065531 -0.064114 0.994917
1673.899646 722.976066 -88.260319 -16.578411 -0.042567 0.068059 -0.064383 0.994691
1673.999486 723.076994 -88.269415 -16.575109 -0.042959 0.069297 -0.064196 0.994601
1674.099332 723.177413 -88.282973 -16.581298 -0.042841 0.068129 -0.064292 0.994681
1674.199187 723.279784 -88.299930 -16.585194 -0.042297 0.066985 -0.064643 0.994759
1674.299839 723.373464 -88.318262 -16.587572 -0.040458 0.065499 -0.064631 0.994935
1674.399676 723.473883 -88.336662 -16.597384 -0.039697 0.064786 -0.064365 0.995030
1674.499516 723.578422 -88.350105 -16.602039 -0.041260 0.064842 -0.064462 0.994956
1674.599377 723.679154 -88.361510 -16.611457 -0.042806 0.066391 -0.064747 0.994770
1674.699216 723.779381 -88.374374 -16.623023 -0.042939 0.067075 -0.064443 0.994738
1674.799446 723.884586 -88.383028 -16.627120 -0.042144 0.066669 -0.064364 0.994805
1674.899293 723.989313 -88.399490 -16.623919 -0.043676 0.065438 -0.064963 0.994781
1674.999134 724.092757 -88.408650 -16.622725 -0.043572 0.065365 -0.066009 0.994722
1675.099778 724.191364 -88.416041 -16.624975 -0.043221 0.064512 -0.066323 0.994772
1675.199617 724.288659 -88.429487 -16.637514 -0.040831 0.062633 -0.065676 0.995036
1675.299441 724.390245 -88.444268 -16.659736 -0.038507 0.063258 -0.065754 0.995084
1675.399284 724.492858 -88.451661 -16.673045 -0.036322 0.066341 -0.066583 0.994910
1675.499123 724.591443 -88.463360 -16.672744 -0.034742 0.068632 -0.067103 0.994776
1675.599768 724.696052 -88.479456 -16.668493 -0.036138 0.072079 -0.067390 0.994463
1675.699607 724.797599 -88.492572 -16.666729 -0.036332 0.069826 -0.067382 0.994617
1675.799452 724.899326 -88.499120 -16.669064 -0.035318 0.065144 -0.067457 0.994967
1675.899297 725.004998 -88.510357 -16.681081 -0.034843 0.064521 -0.066968 0.995057
1675.999139 725.111750 -88.526945 -16.689512 -0.037719 0.066961 -0.066502 0.994822
1676.099784 725.222511 -88.546880 -16.691809 -0.041188 0.066192 -0.065722 0.994788
1676.199635 725.333187 -88.564784 -16.690774 -0.041998 0.066595 -0.065204 0.994761
1676.299480 725.441789 -88.582015 -16.691365 -0.042228 0.067939 -0.064726 0.994692
1676.399323 725.551284 -88.601093 -16.695241 -0.043164 0.069528 -0.064602 0.994550
1676.499164 725.656725 -88.622249 -16.700847 -0.043374 0.069232 -0.064713 0.994554
1676.599803 725.763765 -88.638678 -16.709903 -0.043056 0.068375 -0.064855 0.994618
1676.699648 725.872428 -88.653591 -16.718650 -0.042171 0.068247 -0.064853 0.994665
1676.799477 725.979825 -88.671085 -16.724253 -0.043004 0.068865 -0.064831 0.994588
1676.899307 726.086344 -88.689437 -16.725105 -0.043858 0.069233 -0.064359 0.994556
1676.999155 726.191746 -88.708311 -16.722938 -0.044783 0.069791 -0.063737 0.994516
1677.099799 726.290080 -88.728329 -16.727520 -0.047377 0.066088 -0.062190 0.994746
1677.199638 726.387134 -88.744520 -16.735411 -0.044644 0.063202 -0.061964 0.995074
1677.299483 726.483308 -88.751703 -16.743436 -0.041775 0.064309 -0.062185 0.995114
1677.399322 726.585388 -88.767606 -16.744925 -0.040843 0.067309 -0.062324 0.994946
1677.499173 726.688384 -88.785856 -16.746060 -0.041134 0.068075 -0.062290 0.994884
1677.599805 726.804245 -88.805765 -16.749958 -0.043153 0.067350 -0.062215 0.994852
1677.699647 726.906970 -88.821072 -16.756413 -0.044807 0.065716 -0.062342 0.994881
1677.799496 727.015214 -88.842289 -16.759199 -0.044490 0.064564 -0.061889 0.994998
1677.899326 727.119366 -88.854375 -16.762072 -0.043796 0.066808 -0.062045 0.994871
1677.999172 727.221721 -88.861543 -16.764193 -0.042338 0.067281 -0.061731 0.994922
1678.099818 727.332794 -88.875691 -16.768924 -0.042151 0.066906 -0.061649 0.994960
1678.199649 727.433292 -88.897038 -16.775001 -0.042180 0.065988 -0.061504 0.995029
1678.299485 727.536875 -88.916170 -16.783173 -0.042222 0.066253 -0.062150 0.994970
1678.399320 727.643037 -88.932726 -16.786727 -0.041817 0.063395 -0.062522 0.995150
1678.499166 727.750188 -88.947454 -16.780016 -0.040321 0.060241 -0.061877 0.995448
1678.599818 727.859653 -88.962235 -16.775688 -0.041699 0.062997 -0.061554 0.995241
1678.699665 727.956616 -88.976260 -16.785948 -0.042896 0.067282 -0.062138 0.994873
1678.799509 728.048078 -88.992252 -16.804675 -0.041525 0.067453 -0.062609 0.994890
1678.899333 728.147397 -89.011067 -16.822780 -0.042308 0.065671 -0.063108 0.994945
1678.999171 728.257298 -89.027973 -16.832668 -0.043976 0.063508 -0.063219 0.995006
1679.099811 728.369972 -89.043647 -16.829336 -0.045941 0.062851 -0.063085 0.994967
1679.199644 728.463791 -89.057560 -16.827278 -0.046107 0.064901 -0.063099 0.994827
1679.299477 728.566739 -89.072613 -16.831759 -0.045351 0.068400 -0.063513 0.994601
1679.399311 728.674903 -89.092902 -16.842155 -0.043232 0.069462 -0.063369 0.994631
1679.499147 728.784434 -89.112731 -16.849873 -0.041909 0.069791 -0.063193 0.994676
1679.599801 728.890784 -89.125219 -16.849449 -0.040311 0.068756 -0.063687 0.994782
1679.699636 728.992575 -89.137355 -16.849606 -0.040271 0.065478 -0.063585 0.995011
1679.799465 729.085743 -89.150474 -16.853361 -0.041235 0.064000 -0.063311 0.995086
1679.899301 729.176660 -89.166347 -16.859161 -0.042927 0.063499 -0.063166 0.995055
1679.999156 729.279406 -89.179351 -16.865687 -0.042480 0.064555 -0.063308 0.994998
1680.099800 729.390211 -89.196573 -16.876313 -0.042278 0.066801 -0.063041 0.994875
1680.199626 729.499055 -89.217352 -16.879492 -0.044863 0.068587 -0.062576 0.994669
1680.299466 729.600932 -89.236303 -16.879258 -0.045657 0.069364 -0.062376 0.994592
1680.399299 729.706988 -89.250824 -16.879937 -0.045047 0.068571 -0.062276 0.994681
1680.499144 729.808965 -89.265530 -16.886187 -0.043772 0.068044 -0.062552 0.994757
1680.599794 729.906088 -89.277569 -16.894503 -0.044373 0.068533 -0.062891 0.994675
1680.699626 730.000083 -89.289132 -16.901233 -0.043480 0.066111 -0.062754 0.994887
1680.799466 730.098917 -89.302884 -16.896620 -0.042325 0.065322 -0.062583 0.995000
1680.899305 730.193985 -89.320346 -16.896502 -0.042306 0.067530 -0.062374 0.994867
1680.999137 730.290382 -89.342494 -16.904081 -0.043505 0.069678 -0.061537 0.994719
1681.099762 730.386886 -89.359088 -16.917700 -0.043482 0.068518 -0.060204 0.994882
1681.199602 730.495233 -89.372321 -16.926296 -0.042446 0.068191 -0.060118 0.994954
1681.299444 730.608557 -89.380486 -16.925322 -0.042675 0.066974 -0.060401 0.995010
1681.399270 730.722994 -89.390544 -16.921393 -0.042387 0.067093 -0.060625 0.995001
1681.499511 730.831748 -89.406279 -16.921710 -0.042403 0.067757 -0.060649 0.994954
1681.599342 730.934216 -89.422830 -16.926359 -0.042196 0.066771 -0.061112 0.995001
1681.699197 731.040204 -89.438542 -16.932874 -0.042137 0.064243 -0.061232 0.995162
1681.799824 731.143164 -89.455138 -16.940936 -0.041608 0.063779 -0.061090 0.995223
1681.899664 731.242447 -89.467952 -16.952001 -0.042263 0.063198 -0.061066 0.995234
1681.999510 731.343906 -89.477419 -16.958002 -0.042858 0.061505 -0.061367 0.995296
1682.099359 731.448792 -89.489702 -16.962112 -0.042678 0.061508 -0.061346 0.995305
1682.199205 731.553602 -89.510924 -16.963892 -0.042033 0.063141 -0.060878 0.995259
1682.299454 731.653138 -89.522883 -16.972896 -0.042161 0.064429 -0.060755 0.995178
1682.399287 731.755742 -89.529128 -16.985684 -0.042598 0.064202 -0.060849 0.995169
1682.499122 731.857203 -89.543784 -16.992319 -0.043266 0.063664 -0.060865 0.995174
1682.599762 731.967631 -89.561005 -16.999274 -0.041381 0.064237 -0.061254 0.995193
1682.699592 732.074710 -89.580970 -17.002126 -0.039833 0.064398 -0.061283 0.995244
1682.799426 732.178392 -89.602965 -17.006307 -0.041606 0.066866 -0.060847 0.995035
1682.899259 732.284463 -89.615929 -16.999269 -0.043786 0.067239 -0.060634 0.994930
1682.999492 732.388589 -89.631139 -16.999483 -0.043585 0.068484 -0.060450 0.994865
1683.099339 732.492096 -89.648685 -17.000683 -0.045538 0.068248 -0.059906 0.994826
1683.199180 732.594053 -89.652510 -17.004816 -0.043786 0.067193 -0.060306 0.994953
1683.299830 732.699814 -89.656050 -17.014893 -0.040338 0.069282 -0.060666 0.994933
1683.399663 732.802549 -89.675075 -17.022773 -0.040852 0.072711 -0.060742 0.994663
1683.499501 732.904003 -89.701455 -17.031975 -0.042548 0.073970 -0.060801 0.994496
1683.599341 733.010503 -89.718266 -17.036825 -0.042294 0.074245 -0.060621 0.994497
1683.699171 733.118554 -89.725090 -17.037260 -0.042739 0.072509 -0.060396 0.994620
1683.799803 733.227154 -89.736065 -17.048556 -0.041376 0.072745 -0.060477 0.994655
1683.899651 733.341830 -89.753565 -17.062304 -0.040556 0.075242 -0.060331 0.994512
1683.999499 733.452084 -89.772614 -17.081466 -0.040367 0.077640 -0.059758 0.994370
1684.099329 733.558858 -89.787568 -17.101668 -0.040786 0.080123 -0.059312 0.994183
1684.199157 733.666765 -89.798076 -17.115802 -0.040463 0.080715 -0.059843 0.994116
1684.299788 733.785623 -89.809443 -17.126731 -0.038693 0.078962 -0.060293 0.994300
1684.399619 733.920932 -89.827376 -17.137258 -0.039085 0.077516 -0.060586 0.994381
1684.499469 734.051216 -89.850744 -17.155754 -0.040128 0.077260 -0.060486 0.994365
1684.599303 734.169061 -89.868864 -17.183695 -0.040420 0.077999 -0.060173 0.994315
1684.699144 734.294263 -89.889780 -17.219196 -0.040899 0.077991 -0.059945 0.994309
1684.799773 734.418448 -89.902213 -17.240855 -0.041929 0.074908 -0.060138 0.994492
1684.899610 734.543547 -89.915620 -17.252740 -0.040704 0.072608 -0.060811 0.994672
1684.999457 734.671347 -89.931901 -17.269187 -0.035970 0.073356 -0.061747 0.994742
1685.099286 734.804219 -89.950525 -17.294298 -0.039573 0.075139 -0.062002 0.994457
1685.199148 734.932513 -89.972789 -17.330210 -0.043390 0.074763 -0.061714 0.994344
1685.299794 735.068330 -89.992053 -17.351170 -0.042797 0.074800 -0.061605 0.994373
1685.399648 735.204770 -90.008914 -17.370315 -0.038030 0.072772 -0.061493 0.994724
1685.499482 735.340739 -90.023058 -17.383357 -0.037618 0.072972 -0.061661 0.994715
1685.599320 735.475032 -90.037277 -17.399911 -0.038119 0.072737 -0.062109 0.994685
1685.699151 735.608193 -90.055185 -17.423601 -0.037359 0.071567 -0.062055 0.994802
1685.799781 735.738251 -90.074210 -17.454255 -0.039486 0.072886 -0.062696 0.994584
1685.899609 735.869803 -90.093836 -17.474997 -0.042498 0.074575 -0.063527 0.994282
1685.999455 736.008773 -90.108529 -17.492216 -0.039652 0.072212 -0.063650 0.994566
1686.099302 736.158477 -90.127311 -17.510607 -0.036612 0.068402 -0.063018 0.994992
1686.199128 736.304286 -90.144785 -17.528107 -0.038349 0.066527 -0.062947 0.995058
1686.299764 736.435960 -90.165116 -17.550940 -0.041336 0.066574 -0.063326 0.994912
1686.399612 736.562875 -90.187754 -17.565399 -0.043595 0.068892 -0.063403 0.994652
1686.499464 736.692562 -90.213290 -17.576182 -0.043793 0.068902 -0.063326 0.994648
1686.599306 736.824561 -90.227914 -17.591680 -0.040782 0.070075 -0.063304 0.994695
1686.699154 736.965116 -90.237379 -17.599404 -0.037791 0.068447 -0.062632 0.994969
1686.799794 737.111255 -90.260674 -17.608506 -0.037488 0.067293 -0.062710 0.995055
1686.899624 737.251141 -90.287725 -17.619943 -0.038455 0.069494 -0.063503 0.994816
1686.999462 737.394503 -90.311872 -17.625734 -0.040188 0.071301 -0.063754 0.994604
1687.099300 737.537532 -90.330220 -17.634489 -0.040920 0.073427 -0.063969 0.994405
1687.199143 737.667795 -90.349969 -17.641338 -0.040592 0.072560 -0.063170 0.994533
1687.299780 737.799554 -90.373268 -17.647102 -0.043656 0.070444 -0.062504 0.994598
1687.399602 737.934473 -90.388449 -17.647157 -0.047584 0.070555 -0.062745 0.994395
1687.499432 738.074901 -90.403538 -17.647763 -0.045923 0.071424 -0.063292 0.994376
1687.599273 738.217838 -90.426660 -17.659302 -0.044615 0.071731 -0.063940 0.994372
1687.699517 738.358448 -90.450122 -17.668868 -0.042591 0.067335 -0.064041 0.994762
1687.799362 738.491433 -90.471056 -17.673431 -0.041349 0.064793 -0.063504 0.995017
1687.899198 738.630551 -90.490689 -17.678181 -0.042657 0.065848 -0.062908 0.994931
1687.999427 738.769911 -90.504446 -17.685191 -0.041913 0.067618 -0.062905 0.994844
1688.099259 738.905539 -90.520915 -17.696258 -0.043945 0.067269 -0.063033 0.994772
1688.199488 739.041735 -90.542534 -17.703683 -0.044193 0.065477 -0.063213 0.994869
1688.299332 739.170711 -90.558970 -17.704221 -0.043875 0.062959 -0.063490 0.995028
1688.399176 739.294500 -90.573461 -17.703612 -0.043787 0.061325 -0.063751 0.995117
1688.499835 739.417150 -90.587317 -17.709368 -0.042574 0.060243 -0.064015 0.995219
1688.599680 739.548186 -90.611678 -17.720377 -0.041674 0.059867 -0.063834 0.995291
1688.699515 739.681851 -90.634224 -17.732373 -0.042830 0.059822 -0.063830 0.995245
1688.799350 739.819603 -90.652882 -17.742826 -0.044387 0.058912 -0.063860 0.995229
1688.899190 739.952070 -90.669658 -17.749116 -0.043768 0.058814 -0.063790 0.995267
1688.999830 740.076292 -90.680512 -17.753148 -0.043556 0.058470 -0.064129 0.995275
1689.099669 740.191215 -90.692977 -17.756021 -0.043137 0.058336 -0.064423 0.995282
1689.199500 740.304203 -90.709950 -17.761011 -0.042403 0.056978 -0.064183 0.995408
1689.299339 740.413186 -90.727917 -17.769343 -0.043207 0.055983 -0.064127 0.995433
1689.399185 740.527919 -90.746832 -17.770191 -0.041399 0.059120 -0.063322 0.995380
1689.499826 740.645561 -90.763549 -17.776887 -0.043190 0.060963 -0.062935 0.995217
1689.599669 740.765748 -90.774462 -17.788010 -0.043189 0.066157 -0.063415 0.994855
1689.699502 740.877422 -90.787345 -17.798504 -0.042347 0.069162 -0.063674 0.994670
1689.799340 740.982820 -90.800415 -17.805811 -0.040028 0.068567 -0.064247 0.994771
1689.899197 741.087790 -90.816206 -17.811769 -0.038728 0.068635 -0.064650 0.994791
1689.999836 741.209287 -90.834759 -17.817559 -0.039455 0.069066 -0.064638 0.994734
1690.099665 741.325636 -90.850947 -17.825939 -0.040608 0.068202 -0.064681 0.994744
1690.199501 741.438611 -90.866119 -17.829897 -0.040088 0.067825 -0.064814 0.994782
1690.299330 741.553300 -90.879852 -17.826885 -0.041818 0.066335 -0.064817 0.994811
1690.399167 741.664485 -90.891241 -17.828859 -0.041861 0.064383 -0.065397 0.994900
1690.499785 741.784008 -90.914685 -17.837939 -0.041868 0.065013 -0.065339 0.994862
1690.599616 741.898090 -90.935295 -17.850760 -0.042671 0.066785 -0.065214 0.994719
1690.699452 742.000693 -90.949875 -17.855874 -0.043827 0.066693 -0.065277 0.994671
1690.799289 742.098108 -90.960444 -17.857493 -0.043219 0.066445 -0.065256 0.994715
1690.899130 742.190609 -90.973379 -17.858901 -0.041955 0.065306 -0.065280 0.994843
1690.999776 742.298387 -90.992298 -17.867725 -0.041169 0.063118 -0.064972 0.995038
1691.099608 742.401349 -91.012564 -17.883955 -0.040575 0.063799 -0.064518 0.995048
1691.199431 742.504307 -91.029070 -17.886305 -0.042753 0.064769 -0.064342 0.994906
1691.299277 742.605920 -91.042988 -17.885683 -0.044285 0.064697 -0.064464 0.994835
1691.399111 742.714183 -91.055345 -17.885424 -0.043812 0.064236 -0.064595 0.994878
1691.499755 742.829071 -91.066284 -17.889371 -0.043256 0.063137 -0.064970 0.994948
1691.599592 742.946675 -91.078939 -17.895091 -0.041442 0.062926 -0.064977 0.995038
1691.699428 743.057668 -91.096403 -17.903669 -0.040053 0.064798 -0.064952 0.994976
1691.799267 743.164504 -91.117145 -17.908635 -0.039624 0.068172 -0.065024 0.994764
1691.899490 743.266900 -91.130334 -17.912024 -0.041157 0.070663 -0.065467 0.994498
1691.999322 743.357494 -91.139860 -17.916282 -0.042823 0.070222 -0.066247 0.994408
1692.099158 743.463574 -91.153369 -17.924189 -0.041874 0.067009 -0.066343 0.994663
1692.199802 743.578900 -91.169141 -17.933841 -0.039451 0.063857 -0.066003 0.994992
1692.299639 743.688021 -91.184939 -17.941821 -0.041051 0.063514 -0.066350 0.994926
1692.399478 743.792179 -91.199973 -17.947376 -0.042368 0.067049 -0.066266 0.994645
1692.499325 743.897929 -91.220312 -17.949775 -0.043832 0.069138 -0.065854 0.994466
1692.599161 744.002268 -91.238479 -17.955137 -0.044905 0.067123 -0.065902 0.994553
1692.699775 744.100911 -91.257885 -17.964911 -0.043294 0.066758 -0.065775 0.994657
1692.799607 744.213177 -91.276429 -17.974736 -0.041894 0.066830 -0.065365 0.994739
1692.899445 744.331957 -91.289975 -17.984995 -0.041451 0.064869 -0.064772 0.994926
1692.999291 744.443301 -91.301942 -17.994685 -0.043493 0.063325 -0.064180 0.994977
1693.099138 744.542689 -91.313392 -18.006508 -0.043613 0.065198 -0.063945 0.994866
1693.199775 744.637814 -91.327527 -18.017996 -0.044636 0.067242 -0.063995 0.994681
1693.299616 744.737263 -91.348563 -18.027124 -0.045203 0.067939 -0.064398 0.994582
1693.399454 744.849057 -91.377145 -18.039010 -0.042906 0.068438 -0.064474 0.994645
1693.499314 744.974568 -91.394284 -18.049641 -0.042944 0.069105 -0.064954 0.994566
1693.599158 745.093808 -91.408250 -18.062978 -0.044295 0.071010 -0.065110 0.994362
1693.699792 745.200535 -91.420339 -18.076331 -0.045213 0.071843 -0.065414 0.994241
1693.799628 745.305348 -91.433388 -18.086548 -0.040389 0.070956 -0.066022 0.994472
1693.899457 745.408564 -91.450735 -18.100613 -0.039491 0.070661 -0.066858 0.994473
1693.999291 745.510185 -91.465482 -18.120895 -0.039863 0.069488 -0.067176 0.994520
1694.099147 745.613848 -91.482027 -18.131796 -0.042125 0.069399 -0.066813 0.994457
1694.199785 745.721150 -91.500800 -18.142410 -0.045056 0.070111 -0.066025 0.994331
1694.299632 745.826615 -91.523292 -18.154631 -0.046427 0.072962 -0.065494 0.994098
1694.399468 745.937768 -91.541354 -18.173895 -0.046136 0.074447 -0.065766 0.993984
1694.499312 746.055388 -91.556874 -18.195830 -0.043836 0.073539 -0.066160 0.994129
1694.599131 746.171749 -91.573251 -18.212049 -0.043415 0.071192 -0.066560 0.994292
1694.699766 746.284658 -91.593309 -18.220309 -0.041307 0.069090 -0.066431 0.994539
1694.799606 746.402024 -91.609091 -18.223986 -0.041735 0.068747 -0.066274 0.994555
1694.899445 746.514664 -91.623042 -18.231637 -0.042406 0.068059 -0.066369 0.994568
1694.999277 746.625843 -91.642868 -18.246058 -0.043350 0.064727 -0.066118 0.994766
1695.099111 746.744922 -91.663910 -18.261160 -0.043547 0.062345 -0.066047 0.994914
1695.199744 746.862055 -91.686011 -18.277602 -0.043500 0.062107 -0.065650 0.994958
1695.299586 746.970859 -91.704396 -18.294426 -0.042510 0.062385 -0.065017 0.995025
1695.399424 747.082111 -91.721948 -18.299541 -0.042772 0.063787 -0.063754 0.995006
1695.499266 747.183966 -91.730697 -18.309333 -0.044385 0.062956 -0.063300 0.995017
1695.599498 747.285942 -91.744766 -18.320839 -0.047539 0.059855 -0.063340 0.995061
1695.699344 747.393211 -91.763725 -18.339747 -0.047060 0.058428 -0.064036 0.995124
1695.799182 747.502829 -91.788688 -18.357798 -0.043617 0.059143 -0.064021 0.995239
1695.899827 747.608988 -91.809541 -18.362756 -0.043294 0.060415 -0.063584 0.995205
1695.999666 747.718850 -91.822772 -18.369968 -0.043445 0.059075 -0.063795 0.995265
1696.099495 747.828176 -91.833238 -18.385309 -0.043119 0.057137 -0.063391 0.995418
1696.199341 747.935998 -91.842244 -18.400968 -0.042559 0.055620 -0.063175 0.995542
1696.299185 748.032713 -91.854686 -18.408072 -0.044481 0.055135 -0.064411 0.995406
1696.399819 748.125718 -91.870066 -18.415435 -0.046430 0.051677 -0.066185 0.995386
1696.499660 748.220288 -91.889476 -18.417299 -0.045603 0.047059 -0.066932 0.995603
1696.599498 748.322116 -91.908621 -18.423853 -0.040697 0.049250 -0.067039 0.995703
1696.699334 748.424541 -91.922250 -18.437967 -0.039278 0.055883 -0.067511 0.995378
1696.799179 748.514798 -91.928792 -18.454330 -0.041395 0.060939 -0.067929 0.994967
1696.899817 748.596917 -91.937211 -18.460837 -0.042961 0.065021 -0.067669 0.994660
1696.999664 748.684977 -91.954205 -18.463138 -0.045833 0.066331 -0.067269 0.994472
1697.099502 748.780651 -91.972829 -18.468619 -0.045521 0.067069 -0.067156 0.994444
1697.199346 748.872319 -91.987218 -18.474817 -0.042480 0.065435 -0.065861 0.994774
1697.299183 748.962486 -91.998461 -18.479412 -0.040023 0.064543 -0.064493 0.995024
1697.399813 749.052289 -92.008956 -18.493624 -0.042474 0.066374 -0.064172 0.994823
1697.499660 749.141640 -92.022834 -18.517727 -0.044755 0.070484 -0.064470 0.994421
1697.599516 749.222231 -92.033036 -18.533257 -0.043357 0.072726 -0.064903 0.994293
1697.699362 749.313758 -92.051096 -18.531512 -0.040138 0.071867 -0.065020 0.994483
1697.799202 749.417611 -92.064361 -18.532134 -0.037280 0.069402 -0.065098 0.994764
1697.899454 749.522639 -92.074229 -18.544973 -0.038203 0.066909 -0.064587 0.994933
1697.999287 749.617049 -92.089497 -18.565907 -0.039818 0.066130 -0.063578 0.994987
1698.099144 749.698881 -92.104923 -18.580050 -0.042216 0.067715 -0.063454 0.994789
1698.199782 749.778583 -92.114971 -18.593011 -0.046095 0.069998 -0.063802 0.994437
1698.299615 749.871996 -92.126684 -18.614162 -0.044497 0.071648 -0.063967 0.994382
1698.399464 749.966840 -92.140183 -18.627381 -0.038246 0.071061 -0.064350 0.994659
1698.499312 750.056624 -92.151560 -18.640900 -0.036688 0.070118 -0.065043 0.994740
1698.599143 750.153069 -92.166543 -18.652656 -0.039589 0.067662 -0.065797 0.994749
1698.699778 750.259098 -92.179392 -18.671129 -0.040129 0.067803 -0.066321 0.994683
1698.799605 750.374442 -92.195156 -18.684742 -0.040738 0.070282 -0.065946 0.994511
1698.899437 750.480189 -92.208243 -18.693296 -0.043572 0.072799 -0.065665 0.994228
1698.999275 750.582617 -92.224197 -18.706836 -0.043382 0.073129 -0.065579 0.994218
1699.099519 750.692464 -92.241133 -18.711297 -0.043485 0.070373 -0.065640 0.994408
1699.199360 750.793827 -92.254838 -18.714585 -0.045725 0.067894 -0.066138 0.994447
1699.299212 750.902240 -92.271802 -18.726462 -0.044270 0.069346 -0.065809 0.994435
1699.399465 751.013486 -92.288999 -18.738371 -0.037968 0.073628 -0.065899 0.994381
1699.499285 751.129460 -92.300889 -18.746393 -0.036780 0.076884 -0.066163 0.994162
1699.599138 751.251180 -92.313133 -18.742351 -0.037553 0.076046 -0.066067 0.994204
1699.699769 751.358338 -92.326819 -18.735081 -0.040984 0.074176 -0.065847 0.994225
1699.799608 751.466660 -92.341987 -18.737401 -0.043826 0.073195 -0.066027 0.994164
1699.899433 751.574223 -92.360896 -18.749814 -0.044034 0.073442 -0.066414 0.994111
1699.999255 751.677286 -92.381908 -18.764163 -0.041310 0.074628 -0.066043 0.994164
1700.099495 751.794851 -92.394863 -18.777783 -0.041607 0.078235 -0.065691 0.993898
1700.199335 751.925480 -92.411818 -18.784265 -0.041210 0.079128 -0.065272 0.993871
1700.299175 752.054451 -92.431001 -18.790091 -0.041102 0.075102 -0.065400 0.994180
1700.399815 752.182748 -92.447598 -18.786925 -0.039329 0.072971 -0.065170 0.994425
1700.499647 752.311611 -92.467186 -18.781895 -0.039685 0.074746 -0.065007 0.994290
1700.599486 752.433471 -92.482278 -18.797763 -0.040215 0.074603 -0.065259 0.994263
1700.699334 752.554249 -92.498937 -18.815700 -0.039749 0.072766 -0.064885 0.994442
1700.799165 752.673791 -92.514087 -18.826110 -0.038641 0.070685 -0.064376 0.994669
1700.899804 752.797265 -92.535883 -18.828150 -0.039382 0.069079 -0.063741 0.994793
1700.999653 752.925760 -92.559592 -18.827715 -0.040344 0.067039 -0.063581 0.994905
1701.099493 753.054605 -92.577972 -18.828170 -0.040524 0.068394 -0.062669 0.994863
1701.199325 753.186047 -92.587043 -18.835485 -0.043480 0.068730 -0.062421 0.994731
1701.299177 753.321747 -92.604305 -18.852262 -0.046618 0.069139 -0.061984 0.994588
1701.399817 753.464392 -92.625716 -18.865013 -0.046219 0.071117 -0.062102 0.994459
1701.499647 753.608435 -92.649655 -18.877813 -0.044530 0.072813 -0.062520 0.994388
1701.599506 753.740407 -92.672752 -18.887213 -0.043490 0.073566 -0.063327 0.994327
1701.699347 753.874611 -92.690694 -18.884697 -0.040070 0.071430 -0.064196 0.994571
1701.799194 754.010070 -92.701327 -18.881646 -0.037387 0.070765 -0.064482 0.994704
1701.899823 754.151415 -92.710273 -18.886139 -0.039252 0.070939 -0.064756 0.994602
1701.999680 754.295005 -92.730264 -18.901240 -0.040643 0.069131 -0.064739 0.994675
1702.099510 754.423721 -92.751477 -18.911681 -0.043133 0.068515 -0.065194 0.994583
1702.199340 754.556820 -92.773793 -18.919778 -0.042024 0.065927 -0.064902 0.994824
1702.299184 754.695613 -92.791994 -18.926492 -0.038536 0.067055 -0.064683 0.994904
1702.399815 754.834779 -92.809201 -18.926789 -0.038413 0.072297 -0.064644 0.994545
1702.499673 754.975091 -92.828540 -18.936174 -0.039253 0.073451 -0.064412 0.994442
1702.599513 755.113603 -92.837757 -18.944237 -0.039397 0.072268 -0.064239 0.994534
1702.699363 755.251744 -92.851264 -18.940590 -0.036970 0.071347 -0.063632 0.994733
1702.799205 755.380087 -92.868436 -18.932154 -0.034171 0.069893 -0.062944 0.994980
1702.899445 755.515424 -92.893483 -18.933319 -0.038585 0.070329 -0.063229 0.994770
1702.999277 755.651802 -92.914918 -18.937015 -0.042214 0.070141 -0.063516 0.994617
1703.099122 755.790457 -92.924079 -18.936741 -0.041710 0.069528 -0.063194 0.994702
1703.199767 755.923715 -92.937002 -18.921410 -0.041642 0.071293 -0.062921 0.994598
1703.299609 756.054708 -92.954600 -18.898781 -0.041611 0.072371 -0.063394 0.994491
1703.399441 756.194070 -92.976975 -18.874367 -0.039913 0.071664 -0.063442 0.994609
1703.499292 756.342587 -93.001613 -18.858571 -0.039353 0.070075 -0.063217 0.994759
1703.599129 756.493655 -93.020519 -18.845857 -0.041271 0.068015 -0.062734 0.994854
