1076.599619 0.055120 0.022260 -0.029700 0.000000 0.000000 0.000000 1.000000
1076.699451 -0.000012 0.032100 -0.032930 -0.000408 -0.000425 -0.000130 1.000000
1076.799291 -0.056476 0.038441 -0.029470 -0.000808 0.000143 -0.000077 1.000000
1076.899122 -0.078958 0.036866 -0.016080 -0.000841 0.000937 -0.000006 0.999999
1076.999753 -0.093789 0.036295 -0.020308 -0.001015 0.000520 0.000011 0.999999
1077.099596 -0.123497 0.036939 -0.033490 -0.001277 0.000239 0.000084 0.999999
1077.199424 -0.123349 0.043165 -0.034884 -0.001179 0.000180 -0.000028 0.999999
1077.299277 -0.125947 0.049751 -0.028290 -0.000184 0.000341 0.000015 1.000000
1077.399124 -0.103997 0.042000 -0.020932 -0.000010 0.000647 0.000223 1.000000
1077.499766 -0.097126 0.041649 -0.020103 -0.000243 0.000674 0.000184 1.000000
1077.599611 -0.071537 0.040210 -0.019410 -0.000500 0.000144 0.000216 1.000000
1077.699462 -0.069956 0.044654 -0.018847 -0.000797 -0.000367 0.000030 1.000000
1077.799299 -0.082478 0.052253 -0.024188 -0.000213 -0.001018 -0.000066 0.999999
1077.899137 -0.103584 0.053707 -0.030085 0.000227 -0.000814 0.000061 1.000000
1077.999775 -0.111553 0.045658 -0.020114 0.000275 -0.000380 0.000349 1.000000
1078.099610 -0.125484 0.047954 -0.017734 0.000546 -0.000249 0.000152 1.000000
1078.199456 -0.119254 0.051879 -0.018429 0.001150 -0.000613 0.000094 0.999999
1078.299313 -0.102200 0.053842 -0.020188 0.000732 -0.000784 0.000015 0.999999
1078.399140 -0.077658 0.056050 -0.026381 -0.000463 -0.000713 -0.000043 1.000000
1078.499767 -0.095752 0.049809 -0.021973 -0.001355 -0.000255 0.000090 0.999999
1078.599608 -0.125616 0.042468 -0.014225 -0.001715 -0.000578 0.000081 0.999998
1078.699441 -0.149093 0.051603 -0.017745 -0.000722 -0.000171 -0.000022 1.000000
1078.799270 -0.119910 0.055688 -0.022860 0.000507 0.000746 0.000219 1.000000
1078.899508 -0.094218 0.056562 -0.019769 0.000855 0.001472 0.000024 0.999999
1078.999336 -0.088435 0.052441 -0.020232 0.000480 0.000794 -0.000024 1.000000
1079.099187 -0.105164 0.049341 -0.020819 -0.000047 0.000524 -0.000007 1.000000
1079.199843 -0.115307 0.057823 -0.018696 -0.000557 0.000297 -0.000159 1.000000
1079.299680 -0.110396 0.057777 -0.021813 -0.000495 0.000036 0.000024 1.000000
1079.399525 -0.117391 0.057332 -0.029799 -0.001319 -0.000228 -0.000160 0.999999
1079.499364 -0.138397 0.056340 -0.026282 -0.001728 0.000556 -0.000092 0.999998
1079.599203 -0.141823 0.054453 -0.019186 -0.001522 0.001214 -0.000093 0.999998
1079.699437 -0.139285 0.058223 -0.021551 -0.001027 0.000708 -0.000143 0.999999
1079.799279 -0.145639 0.058959 -0.025458 0.000135 -0.000682 -0.000058 1.000000
1079.899116 -0.131759 0.059095 -0.024013 0.000642 -0.001440 -0.000100 0.999999
1079.999750 -0.123405 0.059401 -0.019519 0.000776 -0.001099 -0.000155 0.999999
1080.099590 -0.111515 0.055728 -0.024245 0.000477 -0.000778 -0.000156 1.000000
1080.199443 -0.103691 0.057197 -0.019098 -0.000086 -0.000051 -0.000253 1.000000
1080.299282 -0.110391 0.061360 -0.020094 0.000215 -0.000507 -0.000235 1.000000
1080.399131 -0.126228 0.062228 -0.022782 0.000266 -0.000514 -0.000080 1.000000
1080.499778 -0.144797 0.055082 -0.023610 0.001067 -0.000518 0.000077 0.999999
1080.599624 -0.147105 0.055381 -0.019465 0.001838 -0.000633 -0.000012 0.999998
1080.699461 -0.152531 0.059106 -0.012596 0.001122 -0.000412 -0.000043 0.999999
1080.799310 -0.144771 0.060409 -0.009688 0.000346 -0.000080 -0.000135 1.000000
1080.899138 -0.139087 0.059642 -0.013593 -0.000277 -0.000531 0.000107 1.000000
1080.999784 -0.133635 0.053322 -0.015285 -0.000620 -0.000017 0.000527 1.000000
1081.099604 -0.121459 0.051511 -0.021259 -0.000011 -0.000151 0.000516 1.000000
1081.199447 -0.131611 0.058662 -0.012754 0.000651 0.000642 0.000517 0.999999
1081.299295 -0.162676 0.067552 -0.013491 0.001200 0.005747 0.000352 0.999983
1081.399141 -0.182613 0.061455 -0.009570 0.001558 0.014455 0.000439 0.999894
1081.499784 -0.180375 0.058744 -0.004736 0.000445 0.021342 0.000322 0.999772
1081.599610 -0.136458 0.055259 -0.007527 0.000203 0.026271 0.000277 0.999655
1081.699455 -0.071300 0.050443 -0.013557 0.000397 0.030203 0.000290 0.999544
1081.799290 -0.048614 0.053922 -0.010828 0.000634 0.032923 0.000216 0.999458
1081.899123 -0.045980 0.053210 -0.011752 0.000538 0.033435 0.000257 0.999441
1081.999767 -0.048203 0.055798 -0.014060 -0.000037 0.032047 0.000291 0.999486
1082.099605 -0.039178 0.058396 -0.007625 -0.000512 0.028295 0.000135 0.999599
1082.199451 0.013960 0.058294 -0.007701 -0.000299 0.024089 -0.000041 0.999710
1082.299279 0.091813 0.053421 -0.003868 -0.000810 0.022194 -0.000056 0.999753
1082.399119 0.162163 0.044196 -0.008910 -0.000370 0.019538 0.000083 0.999809
1082.499759 0.204184 0.043101 -0.002243 -0.000074 0.019902 -0.000012 0.999802
1082.599597 0.242470 0.047837 -0.002485 0.000530 0.021069 -0.000250 0.999778
1082.699442 0.281656 0.047228 -0.015548 0.000741 0.020801 -0.000315 0.999783
1082.799288 0.343139 0.046485 -0.010958 0.000179 0.018404 -0.000437 0.999831
1082.899134 0.420063 0.044530 -0.003685 -0.000207 0.013953 -0.000413 0.999903
1082.999780 0.515605 0.040408 0.005141 -0.000351 0.010430 -0.000452 0.999945
1083.099619 0.581252 0.041926 0.011868 -0.000079 0.011228 -0.000364 0.999937
1083.199447 0.625793 0.038842 0.006531 0.000185 0.014730 -0.000029 0.999891
1083.299294 0.674178 0.037651 0.000671 0.000112 0.019599 0.000252 0.999808
1083.399128 0.745536 0.043701 -0.000928 0.000471 0.027195 0.000090 0.999630
1083.499759 0.829952 0.043926 -0.002044 0.000889 0.033687 0.000254 0.999432
1083.599588 0.916921 0.038932 -0.001712 0.001325 0.035589 0.000334 0.999366
1083.699421 0.993358 0.037280 0.001056 0.001078 0.032936 0.000067 0.999457
1083.799259 1.075558 0.038925 0.011679 0.000498 0.027604 -0.000079 0.999619
1083.899504 1.156400 0.038729 0.014832 0.001282 0.025911 -0.000270 0.999663
1083.999342 1.255703 0.037759 0.008973 0.001714 0.027041 -0.000245 0.999633
1084.099180 1.342356 0.039334 0.003162 0.002473 0.028706 -0.000366 0.999585
1084.199813 1.438483 0.037642 0.017199 0.002167 0.028715 -0.000584 0.999585
1084.299649 1.532798 0.039786 0.026860 0.002197 0.024543 -0.000863 0.999696
1084.399491 1.626056 0.042794 0.019157 0.001369 0.018246 -0.001114 0.999832
1084.499344 1.739988 0.038990 0.008469 0.001878 0.012978 -0.001127 0.999913
1084.599183 1.851818 0.036166 0.008584 0.002708 0.012388 -0.001134 0.999919
1084.699829 1.960531 0.031640 0.024063 0.002415 0.014546 -0.001223 0.999891
1084.799677 2.066701 0.033731 0.025042 0.001692 0.016790 -0.001191 0.999857
1084.899529 2.169952 0.033179 0.028651 0.001272 0.019451 -0.001216 0.999809
1084.999362 2.290320 0.029496 0.032840 0.000887 0.021028 -0.001256 0.999778
1085.099207 2.383272 0.025168 0.036358 0.001424 0.020794 -0.000869 0.999782
1085.199431 2.468250 0.023194 0.029434 0.001779 0.019756 -0.000437 0.999803
1085.299261 2.576484 0.022034 0.033844 0.001976 0.020811 -0.000559 0.999781
1085.399486 2.733347 0.017714 0.037674 0.001454 0.023085 -0.000734 0.999732
1085.499320 2.889254 0.009816 0.046540 0.001478 0.023996 -0.001032 0.999710
1085.599162 3.010475 0.005246 0.046755 0.000581 0.022963 -0.001144 0.999735
1085.699796 3.111986 0.000001 0.050918 -0.000032 0.018891 -0.000998 0.999821
1085.799631 3.208285 -0.005461 0.055107 0.000230 0.013942 -0.000957 0.999902
1085.899473 3.307233 -0.004721 0.060836 0.000023 0.014321 -0.001101 0.999897
1085.999324 3.436738 -0.004182 0.059805 -0.000496 0.015422 -0.001094 0.999880
1086.099155 3.558912 -0.013977 0.053846 -0.001045 0.018633 -0.001122 0.999825
1086.099155 3.554183 -0.013127 0.057666 -0.000769 0.018741 -0.001105 0.999823
1086.199794 3.679675 -0.010369 0.068036 -0.000383 0.022974 -0.001409 0.999735
1086.299633 3.825233 -0.021604 0.059113 0.000106 0.024716 -0.001006 0.999694
1086.399470 3.958932 -0.034185 0.044695 -0.000217 0.024855 -0.000632 0.999691
1086.499302 4.079109 -0.039833 0.042734 -0.000791 0.022584 -0.000382 0.999745
1086.599130 4.191218 -0.042769 0.060375 -0.001535 0.020240 -0.000028 0.999794
1086.699784 4.305046 -0.046910 0.087941 -0.002474 0.017667 0.000331 0.999841
1086.799619 4.425676 -0.050283 0.110020 -0.003538 0.014040 0.000562 0.999895
1086.899458 4.539400 -0.052633 0.120146 -0.004591 0.010428 0.000715 0.999935
1086.999289 4.663964 -0.056497 0.125170 -0.004482 0.003990 0.000708 0.999982
1087.099143 4.788973 -0.062275 0.114340 -0.005204 -0.027766 0.000481 0.999601
1087.199782 4.908978 -0.067157 0.126832 -0.003671 -0.023650 0.000464 0.999713
1087.299617 5.029181 -0.070208 0.150539 -0.002759 -0.002644 0.000471 0.999993
1087.399460 5.141966 -0.074172 0.179546 -0.002488 0.008732 0.000690 0.999959
1087.499295 5.246866 -0.076412 0.199644 -0.002467 0.014207 0.000986 0.999896
1087.599135 5.359437 -0.078280 0.207052 -0.002892 0.013239 0.001222 0.999907
1087.699770 5.469108 -0.077568 0.207550 -0.002939 0.011907 0.001513 0.999924
1087.799602 5.563773 -0.081944 0.221368 -0.002028 0.011272 0.002014 0.999932
1087.899444 5.649554 -0.085243 0.234917 -0.003375 0.011423 0.002066 0.999927
1087.999279 5.737731 -0.084066 0.245456 -0.003630 0.011677 0.001631 0.999924
1088.099115 5.841253 -0.081381 0.255175 -0.002477 0.011980 0.001881 0.999923
1088.199753 5.952214 -0.080590 0.262158 -0.001299 0.010333 0.001691 0.999944
1088.299594 6.052137 -0.077803 0.262329 -0.000219 0.007216 0.001016 0.999973
1088.399430 6.141320 -0.076883 0.263682 0.001005 0.005162 0.000312 0.999986
1088.499266 6.224074 -0.075384 0.270545 0.002680 0.004174 -0.000302 0.999988
1088.599508 6.311877 -0.077821 0.277452 0.003649 0.005901 -0.001437 0.999975
1088.699333 6.411459 -0.080075 0.276810 0.002994 0.008220 -0.002601 0.999958
1088.799186 6.514391 -0.083849 0.273302 0.002811 0.009165 -0.004052 0.999946
1088.899821 6.617628 -0.086654 0.269767 0.002220 0.008957 -0.005572 0.999942
1088.999653 6.716568 -0.089989 0.266154 0.001577 0.008313 -0.006471 0.999943
1089.099501 6.814707 -0.094555 0.266577 0.002098 0.009223 -0.007795 0.999925
1089.199337 6.901192 -0.099765 0.267645 0.003870 0.010439 -0.008685 0.999900
1089.299182 6.982847 -0.102675 0.271134 0.005075 0.011620 -0.008998 0.999879
1089.399830 7.074383 -0.106374 0.278589 0.003308 0.012234 -0.008899 0.999880
1089.499670 7.167830 -0.114770 0.288054 0.000565 0.012988 -0.008667 0.999878
1089.599514 7.264668 -0.125236 0.293730 -0.001583 0.013111 -0.009057 0.999872
1089.699358 7.353786 -0.136289 0.301963 -0.002319 0.013235 -0.009123 0.999868
1089.799199 7.432932 -0.137098 0.305286 -0.002133 0.012780 -0.009510 0.999871
1089.899441 7.499689 -0.142420 0.308006 0.000216 0.016176 -0.009397 0.999825
1089.999289 7.581353 -0.151189 0.308931 0.002710 0.019599 -0.009258 0.999761
1090.099133 7.679581 -0.162965 0.308475 0.005098 0.021532 -0.009014 0.999715
1090.199779 7.780338 -0.175601 0.308787 0.007733 0.019729 -0.008545 0.999739
1090.299623 7.884021 -0.190364 0.312388 0.012088 0.017548 -0.008471 0.999737
1090.399457 7.983440 -0.208605 0.317028 0.015378 0.017598 -0.008316 0.999692
1090.499304 8.063666 -0.226290 0.318365 0.017226 0.018065 -0.008119 0.999655
1090.599151 8.143509 -0.243782 0.317526 0.017253 0.017057 -0.007676 0.999676
1090.699782 8.229096 -0.264311 0.313987 0.011943 0.015004 -0.007435 0.999788
1090.799603 8.312288 -0.289253 0.309786 0.004416 0.013897 -0.007178 0.999868
1090.899432 8.400606 -0.316346 0.306796 -0.000148 0.013212 -0.006718 0.999890
1090.999268 8.501215 -0.345924 0.307623 -0.002958 0.013354 -0.006425 0.999886
1091.099505 8.608157 -0.374507 0.309072 -0.003650 0.014999 -0.006216 0.999862
1091.199356 8.705741 -0.397565 0.308548 -0.003908 0.017321 -0.006198 0.999823
1091.299197 8.798727 -0.417946 0.307995 -0.004096 0.017696 -0.005617 0.999819
1091.399840 8.887286 -0.441509 0.311455 -0.002909 0.014616 -0.005771 0.999872
1091.499684 8.974771 -0.466082 0.317109 0.000644 0.009202 -0.008976 0.999917
1091.599519 9.058395 -0.496654 0.317799 0.005736 0.006374 -0.014923 0.999852
1091.699356 9.139126 -0.524407 0.315944 0.007230 0.007782 -0.023612 0.999665
1091.799199 9.236912 -0.549125 0.319186 0.007793 0.011525 -0.032760 0.999366
1091.899422 9.342870 -0.572224 0.320653 0.004938 0.014491 -0.039799 0.999090
1091.999261 9.442833 -0.598835 0.322966 -0.000156 0.016937 -0.040942 0.999018
1092.099503 9.530392 -0.622219 0.324718 -0.000058 0.017691 -0.040004 0.999043
1092.199340 9.611123 -0.645533 0.327446 -0.000786 0.017426 -0.038794 0.999095
1092.299186 9.694047 -0.669137 0.329510 -0.001299 0.018201 -0.037929 0.999114
1092.399829 9.788611 -0.691443 0.331023 -0.000802 0.021562 -0.037572 0.999061
1092.499664 9.893478 -0.713435 0.324084 0.001005 0.023789 -0.037601 0.999009
1092.599503 9.994241 -0.733355 0.320622 0.001480 0.022652 -0.037890 0.999024
1092.699343 10.085950 -0.752210 0.324159 0.002144 0.019122 -0.038224 0.999084
1092.799170 10.173017 -0.771972 0.330080 0.003526 0.015640 -0.038698 0.999122
1092.899810 10.247880 -0.790491 0.336655 0.003571 0.016905 -0.039150 0.999084
1092.999651 10.330634 -0.809003 0.340668 0.003572 0.018413 -0.039452 0.999045
1093.099491 10.417348 -0.826754 0.338584 0.002954 0.018810 -0.039834 0.999025
1093.199323 10.519539 -0.842537 0.336402 0.003452 0.017212 -0.040281 0.999034
1093.299162 10.630490 -0.859509 0.335687 0.003575 0.015692 -0.040490 0.999050
1093.399803 10.743803 -0.878990 0.340490 0.004122 0.013901 -0.040584 0.999071
1093.499654 10.851866 -0.896952 0.345266 0.004177 0.014296 -0.040888 0.999053
1093.599494 10.953982 -0.915281 0.348112 0.004618 0.014882 -0.040796 0.999046
1093.699332 11.049735 -0.930823 0.348557 0.004950 0.016930 -0.041002 0.999003
1093.799164 11.143675 -0.944634 0.349976 0.005109 0.017936 -0.041005 0.998985
1093.899816 11.237877 -0.957448 0.352348 0.005545 0.018822 -0.041348 0.998952
1093.999652 11.339650 -0.972314 0.353301 0.005268 0.018193 -0.041619 0.998954
1094.099495 11.450127 -0.989303 0.353986 0.005413 0.016841 -0.041849 0.998967
1094.199344 11.562184 -1.006288 0.353991 0.005985 0.015265 -0.042294 0.998971
1094.299202 11.661446 -1.023348 0.355232 0.006026 0.014729 -0.042452 0.998972
1094.399434 11.755369 -1.037851 0.358393 0.005770 0.014856 -0.042939 0.998951
1094.499278 11.870443 -1.052139 0.360549 0.006382 0.014180 -0.043401 0.998937
1094.599124 11.979277 -1.067687 0.361998 0.007191 0.012500 -0.043468 0.998951
1094.699770 12.084317 -1.083976 0.363302 0.008334 0.009881 -0.043193 0.998983
1094.799611 12.184878 -1.101993 0.366423 0.008365 0.009637 -0.043001 0.998994
1094.899449 12.284210 -1.121860 0.371227 0.006455 0.011534 -0.042662 0.999002
1094.999288 12.376194 -1.138589 0.372581 0.005767 0.014272 -0.042774 0.998966
1095.099141 12.472312 -1.150201 0.376629 0.005545 0.016079 -0.042490 0.998952
1095.199780 12.568162 -1.167893 0.383438 0.004358 0.015661 -0.042492 0.998965
1095.299609 12.653517 -1.180699 0.385099 0.004190 0.012220 -0.042627 0.999008
1095.399438 12.738098 -1.195502 0.382389 0.004902 0.009612 -0.042908 0.999021
1095.499281 12.825222 -1.213929 0.379407 0.004335 0.009582 -0.042914 0.999023
1095.599113 12.913458 -1.233222 0.378836 0.004100 0.011915 -0.042832 0.999003
1095.699747 13.011439 -1.249503 0.380296 0.004044 0.012421 -0.042593 0.999007
1095.799594 13.112199 -1.259860 0.383409 0.003403 0.012460 -0.042788 0.999001
1095.899430 13.217284 -1.270793 0.389943 0.002955 0.010216 -0.043200 0.999010
1095.999263 13.322222 -1.286474 0.393496 0.002784 0.010986 -0.043010 0.999010
1096.099508 13.417384 -1.304414 0.394388 0.002908 0.011426 -0.042667 0.999020
1096.199343 13.507638 -1.321317 0.395736 0.002908 0.012306 -0.042344 0.999023
1096.299184 13.604553 -1.335331 0.396818 0.002371 0.013098 -0.042313 0.999016
1096.399829 13.705050 -1.352813 0.400845 0.001837 0.015052 -0.042036 0.999001
1096.499670 13.797709 -1.366954 0.402113 0.002276 0.014365 -0.042125 0.999007
1096.599522 13.888572 -1.378788 0.405201 0.001154 0.012364 -0.042462 0.999021
1096.699357 13.975529 -1.388409 0.408128 0.001431 0.011402 -0.042645 0.999024
1096.799204 14.060300 -1.400209 0.405115 0.001674 0.011881 -0.042622 0.999019
1096.899443 14.147827 -1.413287 0.408924 0.002645 0.012982 -0.042480 0.999009
1096.999285 14.241065 -1.423124 0.416186 0.003087 0.012525 -0.042375 0.999019
1097.099132 14.329084 -1.431492 0.417996 0.003898 0.011041 -0.042574 0.999025
1097.199782 14.418010 -1.443337 0.415293 0.002597 0.009052 -0.042634 0.999046
1097.299618 14.490321 -1.455115 0.411520 0.001810 0.009113 -0.042521 0.999052
1097.399470 14.556684 -1.462494 0.412302 0.001887 0.011487 -0.042535 0.999027
1097.499309 14.640668 -1.473989 0.417121 0.002300 0.015521 -0.042271 0.998983
1097.599159 14.739303 -1.484797 0.426514 0.003160 0.018600 -0.042153 0.998933
1097.699791 14.844938 -1.495958 0.441804 0.003616 0.018995 -0.042191 0.998922
1097.799638 14.943245 -1.505939 0.453798 0.003941 0.016727 -0.042253 0.998959
1097.899473 15.038236 -1.515762 0.464413 0.003246 0.014629 -0.042577 0.998981
1097.999296 15.122165 -1.525703 0.479496 0.003597 0.016011 -0.042453 0.998964
1098.099139 15.198211 -1.536360 0.499291 0.003270 0.016735 -0.042448 0.998953
1098.199782 15.273589 -1.548906 0.523206 0.003177 0.016655 -0.042349 0.998959
1098.299630 15.346447 -1.559096 0.545511 0.003656 0.016090 -0.042092 0.998977
1098.399477 15.428795 -1.565500 0.564339 0.003497 0.015264 -0.042338 0.998981
1098.499299 15.510360 -1.570959 0.577564 0.002966 0.012084 -0.042334 0.999026
1098.599143 15.601273 -1.578843 0.590163 0.003594 0.010951 -0.042232 0.999041
1098.699778 15.704606 -1.593374 0.598339 0.002935 0.011609 -0.042196 0.999038
1098.799612 15.806601 -1.608921 0.601429 0.002766 0.012964 -0.042180 0.999022
1098.899448 15.898176 -1.621876 0.604119 0.003587 0.014607 -0.042000 0.999004
1098.999289 15.988446 -1.631596 0.608986 0.003460 0.015744 -0.041767 0.998997
1099.099126 16.077891 -1.638991 0.610703 0.003793 0.016002 -0.041788 0.998991
1099.199764 16.166116 -1.647599 0.613718 0.003149 0.016976 -0.041811 0.998976
1099.299615 16.248891 -1.657156 0.614978 0.002577 0.018255 -0.041727 0.998959
1099.399454 16.333193 -1.665643 0.615099 0.002444 0.022007 -0.041686 0.998885
1099.499291 16.418839 -1.676619 0.613688 0.002401 0.023946 -0.041512 0.998848
1099.599137 16.503138 -1.688103 0.612539 0.002414 0.022490 -0.041506 0.998882
1099.699769 16.590105 -1.699632 0.610962 0.002794 0.016839 -0.041588 0.998989
1099.799590 16.681764 -1.709194 0.609634 0.002545 0.015814 -0.041497 0.999010
1099.899429 16.777683 -1.716557 0.609273 0.001960 0.019713 -0.041245 0.998953
1099.999271 16.872046 -1.725563 0.612047 0.002598 0.026852 -0.041009 0.998795
1100.099508 16.965551 -1.736953 0.617813 0.002374 0.029772 -0.040785 0.998721
1100.199355 17.061920 -1.749665 0.626874 0.002701 0.027824 -0.040902 0.998772
1100.299197 17.168585 -1.762558 0.631136 0.002822 0.020714 -0.040882 0.998945
1100.399830 17.280793 -1.772648 0.625329 0.002380 0.015435 -0.041149 0.999031
1100.499669 17.378454 -1.782390 0.620227 0.002388 0.016109 -0.041420 0.999009
1100.599526 17.470704 -1.792042 0.618281 0.002316 0.018987 -0.041457 0.998957
1100.699366 17.569267 -1.799619 0.624173 0.002312 0.021216 -0.041559 0.998908
1100.799204 17.672545 -1.807897 0.636678 0.002606 0.021500 -0.041875 0.998888
1100.899454 17.773549 -1.817747 0.645321 0.002896 0.020719 -0.041694 0.998911
1100.999298 17.873041 -1.828479 0.653470 0.003129 0.018739 -0.041511 0.998957
1101.099136 17.986579 -1.841233 0.659188 0.001291 0.017963 -0.041727 0.998967
1101.199796 18.107679 -1.854855 0.666327 0.001251 0.017666 -0.041730 0.998972
1101.299634 18.222064 -1.864452 0.666710 0.001767 0.018977 -0.041947 0.998938
1101.399459 18.323706 -1.872562 0.666058 0.003075 0.019340 -0.042275 0.998914
1101.499300 18.411209 -1.883551 0.669901 0.003689 0.018031 -0.042551 0.998925
1101.599144 18.500447 -1.896065 0.676117 0.004738 0.016238 -0.043049 0.998930
1101.699789 18.589686 -1.907081 0.682246 0.004833 0.015207 -0.043538 0.998924
1101.799637 18.679738 -1.916097 0.684398 0.004393 0.016004 -0.043861 0.998900
1101.899473 18.785424 -1.927186 0.690013 0.004383 0.017639 -0.044013 0.998866
1101.999312 18.906036 -1.939858 0.701650 0.003688 0.017269 -0.044318 0.998861
1102.099141 19.026905 -1.957245 0.711679 0.002422 0.014933 -0.044526 0.998894
1102.199789 19.143345 -1.973665 0.725834 0.000047 0.000460 -0.044778 0.998997
1102.299637 19.226148 -1.986470 0.731871 -0.003043 -0.039843 -0.045022 0.998186
1102.399474 19.283082 -1.993392 0.739596 -0.002974 -0.043931 -0.045221 0.998006
1102.499318 19.345841 -2.001285 0.744069 -0.001874 -0.026835 -0.045042 0.998623
1102.599162 19.414278 -2.008209 0.746035 -0.000853 -0.008854 -0.044460 0.998972
1102.699783 19.493370 -2.017773 0.751366 0.000867 0.007447 -0.044154 0.998997
1102.799618 19.566834 -2.028971 0.752140 -0.000159 0.010530 -0.044066 0.998973
1102.899459 19.644647 -2.039927 0.755182 0.000142 0.013463 -0.044147 0.998934
1102.999318 19.721404 -2.048120 0.753241 -0.000336 0.014056 -0.043917 0.998936
1103.099175 19.785600 -2.052337 0.748909 -0.000297 0.016218 -0.043428 0.998925
1103.199821 19.858579 -2.059167 0.747691 -0.000057 0.019186 -0.042407 0.998916
1103.299669 19.938951 -2.069916 0.758180 -0.000817 0.023619 -0.041293 0.998868
1103.399512 20.012346 -2.080588 0.771898 -0.000857 0.026428 -0.040621 0.998825
1103.499359 20.081855 -2.088123 0.783252 -0.000342 0.028564 -0.040306 0.998779
1103.599187 20.156949 -2.095534 0.788201 0.001083 0.029350 -0.039928 0.998771
1103.699827 20.242981 -2.100769 0.796615 0.002078 0.031460 -0.039977 0.998703
1103.799682 20.327162 -2.108511 0.797045 0.002497 0.030934 -0.039650 0.998732
1103.899538 20.412210 -2.115889 0.798235 0.001496 0.035266 -0.039514 0.998595
1103.999390 20.506295 -2.125264 0.799599 0.002341 0.039597 -0.039081 0.998448
1104.099226 20.607255 -2.139019 0.809500 0.001997 0.040684 -0.038687 0.998421
1104.199456 20.716800 -2.147293 0.817789 0.001975 0.036814 -0.038338 0.998585
1104.299295 20.826473 -2.154887 0.817639 0.001405 0.031619 -0.038211 0.998768
1104.399131 20.930416 -2.167298 0.822933 0.001194 0.027383 -0.037726 0.998912
1104.499765 21.034558 -2.179679 0.826007 0.000915 0.025036 -0.037974 0.998965
1104.599606 21.139016 -2.188910 0.827956 0.000651 0.024079 -0.038350 0.998974
1104.699454 21.238228 -2.197369 0.828723 0.001363 0.021690 -0.038437 0.999025
1104.799288 21.341067 -2.210142 0.837309 0.001278 0.019080 -0.038410 0.999079
1104.899117 21.444194 -2.221645 0.844346 0.001504 0.016252 -0.038528 0.999124
1104.999748 21.544058 -2.232199 0.851601 0.000865 0.013385 -0.038693 0.999161
1105.099574 21.638872 -2.242717 0.860046 0.000479 0.013275 -0.038389 0.999175
1105.199408 21.743810 -2.253658 0.869476 -0.000811 0.013387 -0.038153 0.999182
1105.299251 21.855276 -2.266650 0.878452 -0.001153 0.013651 -0.037762 0.999193
1105.399499 21.964030 -2.280588 0.893934 -0.001250 0.013596 -0.037423 0.999206
1105.499333 22.062251 -2.295055 0.916934 0.000221 0.012103 -0.036932 0.999244
1105.599183 22.161269 -2.309384 0.942129 0.001473 0.010082 -0.036576 0.999279
1105.699828 22.262672 -2.320804 0.963779 0.000783 0.007117 -0.036459 0.999309
1105.799673 22.363775 -2.332053 0.980844 -0.000350 0.006466 -0.036698 0.999305
1105.899511 22.477136 -2.344578 0.990075 -0.002046 0.008058 -0.036827 0.999287
1105.999346 22.586338 -2.357109 0.997878 -0.001891 0.011259 -0.036821 0.999257
1106.099190 22.690684 -2.369928 1.005231 -0.000876 0.013185 -0.036824 0.999234
1106.199810 22.804025 -2.385835 1.009490 -0.001686 0.012752 -0.037093 0.999229
1106.299649 22.920538 -2.399942 1.011345 -0.001858 0.011538 -0.037260 0.999237
1106.399484 23.029770 -2.414000 1.010487 -0.002721 0.009927 -0.037382 0.999248
1106.499328 23.130307 -2.430722 1.007587 -0.002702 0.009885 -0.037352 0.999250
1106.599165 23.232504 -2.446241 1.003469 -0.002141 0.012633 -0.037385 0.999219
1106.699816 23.342124 -2.461502 1.003406 -0.001222 0.016682 -0.037318 0.999163
1106.799650 23.443494 -2.474857 1.002644 -0.000417 0.018388 -0.037590 0.999124
1106.899485 23.539987 -2.484392 1.005329 -0.001746 0.018243 -0.037947 0.999112
1106.999320 23.635139 -2.491419 1.008033 -0.002163 0.017017 -0.038282 0.999120
1107.099152 23.744178 -2.502012 1.008997 -0.001694 0.015483 -0.038561 0.999135
1107.199795 23.857671 -2.517415 1.012625 -0.000897 0.014410 -0.038365 0.999159
1107.299632 23.965552 -2.532752 1.013935 -0.000635 0.013994 -0.038178 0.999173
1107.399476 24.076390 -2.543975 1.019944 0.001275 0.013644 -0.038568 0.999162
1107.499328 24.185438 -2.552043 1.018261 0.002396 0.013490 -0.041290 0.999053
1107.599188 24.290521 -2.563566 1.016801 0.001969 0.012291 -0.044550 0.998930
1107.699829 24.405857 -2.584262 1.018751 0.003382 0.011092 -0.047614 0.998798
1107.799675 24.512216 -2.600823 1.021568 0.005002 0.009869 -0.052334 0.998568
1107.899508 24.621029 -2.612336 1.028580 0.006506 0.011077 -0.057771 0.998247
1107.999343 24.731012 -2.622799 1.035421 0.006432 0.011619 -0.062668 0.997946
1108.099187 24.834623 -2.636722 1.036393 0.007182 0.012837 -0.066469 0.997680
1108.199825 24.931969 -2.654918 1.037503 0.004436 0.014314 -0.067688 0.997594
1108.299673 25.031813 -2.670648 1.041579 0.003107 0.014727 -0.067992 0.997572
1108.399512 25.145119 -2.686928 1.046199 -0.000215 0.013955 -0.068012 0.997587
1108.499363 25.252134 -2.701170 1.051732 -0.001560 0.013791 -0.067857 0.997599
1108.599206 25.353348 -2.717885 1.056757 -0.000790 0.014797 -0.067953 0.997578
1108.699448 25.463874 -2.734715 1.053820 0.001037 0.015306 -0.068169 0.997556
1108.799298 25.568131 -2.747204 1.053921 0.002009 0.014250 -0.068377 0.997556
1108.899133 25.673305 -2.758856 1.064007 0.003330 0.012648 -0.068640 0.997556
1108.999762 25.778399 -2.774812 1.070751 0.004639 0.009729 -0.068537 0.997590
1109.099598 25.884824 -2.792250 1.080631 0.002339 0.009058 -0.068975 0.997575
1109.199445 25.997233 -2.806424 1.082127 -0.003355 0.010986 -0.069510 0.997515
1109.299294 26.109917 -2.817662 1.074721 -0.006819 0.014855 -0.069432 0.997453
1109.399137 26.225974 -2.829383 1.065094 -0.007013 0.016369 -0.069317 0.997436
1109.499783 26.338969 -2.839105 1.074897 -0.002904 0.017441 -0.069106 0.997453
1109.599622 26.442144 -2.847441 1.087323 -0.000069 0.017272 -0.069421 0.997438
1109.699462 26.546835 -2.854720 1.084668 0.000504 0.015782 -0.070385 0.997395
1109.799289 26.649573 -2.868345 1.083290 0.002046 0.014581 -0.070764 0.997384
1109.899129 26.753777 -2.881415 1.081400 0.002470 0.014768 -0.071167 0.997352
1109.999776 26.858833 -2.892100 1.082520 0.001718 0.015398 -0.071202 0.997342
1110.099613 26.970211 -2.897056 1.084671 0.001295 0.015694 -0.071062 0.997348
1110.199452 27.082839 -2.900635 1.089973 0.001045 0.015994 -0.071031 0.997345
1110.299279 27.188546 -2.913528 1.089503 0.002319 0.015544 -0.071239 0.997335
1110.399115 27.302572 -2.930815 1.094607 0.002132 0.014867 -0.071769 0.997308
1110.499739 27.423466 -2.943113 1.095186 0.000439 0.014803 -0.071455 0.997334
1110.599578 27.538994 -2.947146 1.095968 0.000386 0.015212 -0.069819 0.997444
1110.699406 27.647481 -2.952573 1.099098 0.002717 0.014804 -0.069088 0.997497
1110.799251 27.756595 -2.963126 1.104255 0.002467 0.012805 -0.068780 0.997547
1110.899504 27.857232 -2.971975 1.107971 0.001613 0.010965 -0.067838 0.997635
1110.999333 27.955471 -2.983680 1.109813 0.004971 0.009526 -0.068097 0.997621
1111.099160 28.052152 -2.993335 1.109738 0.004712 0.009404 -0.068845 0.997572
1111.199794 28.155281 -3.003954 1.108394 0.002975 0.010336 -0.069338 0.997535
1111.299644 28.266720 -3.014164 1.111008 0.000783 0.009451 -0.069721 0.997521
1111.399471 28.382507 -3.025499 1.115177 0.000692 0.009480 -0.069460 0.997539
1111.499311 28.505420 -3.039613 1.118708 -0.000164 0.011021 -0.069117 0.997548
1111.599152 28.617662 -3.054691 1.119405 -0.000609 0.011564 -0.068824 0.997562
1111.699780 28.726974 -3.067385 1.118405 -0.000428 0.012014 -0.068811 0.997557
1111.799619 28.826996 -3.079016 1.118592 -0.000326 0.013676 -0.068571 0.997552
1111.899455 28.929253 -3.088110 1.122639 0.000463 0.014423 -0.068140 0.997571
1111.999292 29.033572 -3.095345 1.127928 -0.001451 0.013377 -0.067209 0.997648
1112.099114 29.139767 -3.101917 1.136423 -0.005392 0.013031 -0.063165 0.997903
1112.199751 29.242447 -3.108614 1.141928 -0.005933 0.012054 -0.056765 0.998297
1112.299592 29.339389 -3.110226 1.139654 -0.004390 0.011198 -0.051526 0.998599
1112.399421 29.436591 -3.118248 1.138060 -0.000754 0.010951 -0.048822 0.998747
1112.499263 29.534117 -3.127178 1.139314 0.000163 0.010124 -0.048860 0.998754
1112.599498 29.634581 -3.133936 1.146016 0.001297 0.008127 -0.049018 0.998764
1112.699338 29.738999 -3.140554 1.151767 0.002460 0.007448 -0.049494 0.998744
1112.799166 29.840910 -3.152765 1.150065 0.002365 0.007558 -0.049814 0.998727
1112.899793 29.939103 -3.162943 1.151371 0.001650 0.008937 -0.050460 0.998685
1112.999638 30.035691 -3.171215 1.152114 0.000923 0.011028 -0.050837 0.998646
1113.099482 30.127748 -3.180679 1.153626 0.002076 0.015595 -0.050852 0.998582
1113.199309 30.226511 -3.183719 1.156172 0.002339 0.019041 -0.051401 0.998494
1113.299152 30.326732 -3.187405 1.158806 0.002967 0.020339 -0.051388 0.998467
1113.399781 30.426778 -3.192861 1.160344 0.003351 0.020064 -0.051824 0.998449
1113.499627 30.522948 -3.203639 1.160167 0.003268 0.019640 -0.052053 0.998446
1113.599470 30.617720 -3.215407 1.156614 0.002418 0.019054 -0.052172 0.998453
1113.699312 30.716365 -3.225894 1.155464 0.001625 0.019133 -0.052206 0.998452
1113.799163 30.806720 -3.235200 1.160217 0.001678 0.019295 -0.051944 0.998462
1113.899807 30.889500 -3.243437 1.164792 0.001371 0.017783 -0.051987 0.998489
1113.999642 30.978601 -3.255406 1.171496 -0.000911 0.013961 -0.051878 0.998555
1114.099484 31.078200 -3.267034 1.171194 -0.001056 0.010732 -0.051805 0.998599
1114.199327 31.185667 -3.278316 1.176005 -0.001536 0.010766 -0.051884 0.998594
1114.299170 31.294984 -3.288603 1.183499 -0.000859 0.014149 -0.051943 0.998549
1114.399808 31.402831 -3.303472 1.181125 -0.000970 0.017877 -0.051757 0.998499
1114.499659 31.514416 -3.319904 1.177146 -0.000706 0.019802 -0.051367 0.998483
1114.599496 31.619726 -3.331703 1.170487 -0.000243 0.018442 -0.051282 0.998514
1114.699331 31.717929 -3.340143 1.170541 -0.000704 0.016751 -0.051093 0.998553
1114.799168 31.814006 -3.353423 1.173649 -0.001250 0.016042 -0.050609 0.998589
1114.899805 31.911490 -3.366538 1.176712 -0.001351 0.016832 -0.050363 0.998588
1114.999640 32.005969 -3.383708 1.178247 -0.000391 0.018629 -0.049958 0.998578
1115.099487 32.099875 -3.400408 1.177128 -0.000953 0.020845 -0.049443 0.998559
1115.199315 32.206499 -3.414346 1.177026 -0.001870 0.023332 -0.049475 0.998501
1115.299162 32.320348 -3.428134 1.181938 -0.002562 0.023167 -0.049352 0.998509
1115.399798 32.430174 -3.440894 1.189590 -0.001934 0.021783 -0.049403 0.998539
1115.499642 32.547320 -3.456156 1.194990 -0.001606 0.021094 -0.049207 0.998565
1115.599477 32.658089 -3.473317 1.194014 -0.002566 0.021542 -0.048994 0.998563
1115.699306 32.754838 -3.488905 1.187840 -0.003304 0.022256 -0.048792 0.998555
1115.799150 32.852021 -3.506054 1.184482 -0.003627 0.022001 -0.048244 0.998587
1115.899793 32.960479 -3.523035 1.186848 -0.004082 0.019597 -0.047881 0.998652
1115.999633 33.070201 -3.540176 1.190958 -0.004021 0.018461 -0.047570 0.998689
1116.099478 33.187041 -3.556947 1.192048 -0.004614 0.019221 -0.047358 0.998682
1116.199313 33.297696 -3.575335 1.196855 -0.004130 0.020951 -0.046976 0.998668
1116.299163 33.410175 -3.593536 1.200166 -0.004765 0.021253 -0.046935 0.998660
1116.399815 33.520479 -3.609892 1.202323 -0.005096 0.020509 -0.046767 0.998682
1116.499661 33.630895 -3.624606 1.206671 -0.005127 0.018250 -0.046752 0.998727
1116.599501 33.742905 -3.638919 1.210699 -0.004860 0.015203 -0.046732 0.998780
1116.699343 33.851313 -3.655758 1.210765 -0.005731 0.014077 -0.046474 0.998804
1116.799177 33.966861 -3.668813 1.212318 -0.007176 0.016478 -0.046230 0.998769
1116.899814 34.092044 -3.679542 1.216227 -0.007547 0.018868 -0.045649 0.998751
1116.999646 34.219435 -3.690950 1.221650 -0.007065 0.018753 -0.044956 0.998788
1117.099471 34.342099 -3.705150 1.224534 -0.005708 0.017181 -0.044481 0.998846
1117.199321 34.456098 -3.719112 1.230214 -0.004514 0.016405 -0.044134 0.998881
1117.299142 34.572159 -3.728550 1.235722 -0.004786 0.016931 -0.044203 0.998868
1117.399783 34.693613 -3.733849 1.237155 -0.004044 0.018007 -0.044543 0.998837
1117.499619 34.815817 -3.742510 1.232070 -0.001786 0.018172 -0.044771 0.998830
1117.599472 34.924007 -3.750219 1.232880 -0.000620 0.017176 -0.045236 0.998828
1117.699319 35.011872 -3.755360 1.236727 -0.000800 0.015174 -0.045838 0.998833
1117.799162 35.106962 -3.760863 1.246384 -0.001162 0.014402 -0.046478 0.998815
1117.899816 35.216259 -3.766894 1.257005 -0.001402 0.014449 -0.047174 0.998781
1117.999653 35.327551 -3.769468 1.261257 -0.000576 0.016098 -0.047631 0.998735
1118.099481 35.436823 -3.772300 1.256324 0.000762 0.016548 -0.048274 0.998697
1118.199327 35.560584 -3.780826 1.253385 0.002218 0.016559 -0.048642 0.998677
1118.299179 35.689271 -3.786108 1.256347 0.004617 0.015507 -0.048807 0.998677
1118.399810 35.826550 -3.792217 1.269472 0.005500 0.015171 -0.049365 0.998650
1118.499656 35.951967 -3.799403 1.286938 0.005947 0.015075 -0.049530 0.998641
1118.599494 36.061730 -3.804202 1.304572 0.005857 0.015580 -0.049860 0.998618
1118.699307 36.168554 -3.809128 1.319574 0.005613 0.016183 -0.050302 0.998587
1118.799161 36.268546 -3.813316 1.334470 0.005687 0.015104 -0.050860 0.998575
1118.899804 36.364299 -3.821276 1.353085 0.006335 0.013175 -0.051323 0.998575
1118.999640 36.455566 -3.832753 1.371473 0.005997 0.011722 -0.051481 0.998587
1119.099468 36.558550 -3.847689 1.384238 0.004783 0.011144 -0.052057 0.998571
1119.199305 36.672499 -3.854782 1.394310 0.003354 0.011010 -0.052504 0.998554
1119.299137 36.787440 -3.861320 1.402101 0.002480 0.013374 -0.052355 0.998536
1119.399767 36.907278 -3.873428 1.410239 0.001542 0.016522 -0.052074 0.998505
1119.499607 37.018234 -3.882555 1.419370 0.000714 0.017861 -0.052007 0.998487
1119.599456 37.132667 -3.897552 1.419123 0.000824 0.017828 -0.051337 0.998522
1119.699303 37.251858 -3.914161 1.417539 0.000782 0.018782 -0.050850 0.998529
1119.799145 37.365698 -3.929383 1.421183 0.000389 0.021746 -0.050059 0.998509
1119.899803 37.475269 -3.940918 1.426383 0.000573 0.024220 -0.049570 0.998477
1119.999672 37.577990 -3.946392 1.427438 0.000262 0.024393 -0.049296 0.998486
1120.099517 37.674975 -3.955466 1.427692 0.000609 0.023199 -0.049101 0.998524
1120.199362 37.781604 -3.964957 1.433206 0.000139 0.020786 -0.049283 0.998569
1120.299199 37.893821 -3.972887 1.439768 -0.000420 0.018182 -0.049726 0.998597
1120.399434 38.011575 -3.980241 1.448659 -0.000914 0.015479 -0.050175 0.998620
1120.499283 38.132805 -3.993934 1.454702 -0.002546 0.013557 -0.050605 0.998623
1120.599116 38.249103 -4.007206 1.459146 -0.000497 0.014612 -0.050882 0.998598
1120.699749 38.371340 -4.015614 1.462897 0.001796 0.016286 -0.051433 0.998542
1120.799570 38.493251 -4.021624 1.467910 0.002302 0.017023 -0.051799 0.998510
1120.899421 38.607731 -4.027895 1.471879 0.003514 0.015511 -0.051998 0.998521
1120.999254 38.713307 -4.036817 1.482739 0.004431 0.013372 -0.051893 0.998553
1121.099499 38.826527 -4.045164 1.496250 0.004907 0.012331 -0.051922 0.998563
1121.199330 38.940319 -4.051446 1.511888 0.003753 0.011169 -0.051980 0.998579
1121.299171 39.048558 -4.058789 1.529827 0.001723 0.010546 -0.051859 0.998597
1121.399829 39.153990 -4.073524 1.548524 0.001199 0.010837 -0.051580 0.998609
1121.499658 39.265278 -4.090532 1.575047 0.000696 0.011686 -0.051605 0.998599
1121.599492 39.378897 -4.097936 1.593271 0.000218 0.010712 -0.052004 0.998589
1121.699332 39.490717 -4.105903 1.599037 0.000760 0.011924 -0.052052 0.998573
1121.799184 39.609273 -4.117896 1.600482 0.001093 0.015443 -0.052041 0.998525
1121.899844 39.721692 -4.133598 1.602762 0.000531 0.019799 -0.051986 0.998451
1121.999675 39.825589 -4.144020 1.608074 0.000200 0.021614 -0.052016 0.998412
1122.099514 39.928489 -4.150159 1.615732 0.000178 0.018443 -0.052154 0.998469
1122.199356 40.043973 -4.165497 1.622592 0.000139 0.014653 -0.051949 0.998542
1122.299190 40.150862 -4.181169 1.628060 0.000331 0.011865 -0.052017 0.998576
1122.399818 40.255257 -4.191691 1.635390 -0.000143 0.011721 -0.051967 0.998580
1122.499653 40.362721 -4.203182 1.648821 -0.000273 0.012666 -0.051831 0.998576
1122.599491 40.465869 -4.217059 1.665467 -0.000305 0.012006 -0.051555 0.998598
1122.699333 40.570505 -4.225084 1.678038 -0.000590 0.011400 -0.051665 0.998599
1122.799178 40.669150 -4.233200 1.688108 -0.000911 0.011285 -0.051512 0.998608
1122.899810 40.774533 -4.239088 1.693269 -0.002028 0.011382 -0.051564 0.998603
1122.999650 40.886325 -4.247648 1.703201 -0.001147 0.011889 -0.051543 0.998599
1123.099507 40.993938 -4.262660 1.709472 -0.000708 0.015006 -0.051376 0.998566
1123.199357 41.102243 -4.277925 1.716970 -0.001228 0.017079 -0.051233 0.998540
1123.299192 41.214904 -4.286442 1.724256 -0.000869 0.016367 -0.051213 0.998553
1123.399818 41.320765 -4.291201 1.729503 -0.000596 0.014699 -0.051177 0.998581
1123.499652 41.421657 -4.300134 1.731926 0.000378 0.014516 -0.051330 0.998576
1123.599488 41.517386 -4.309142 1.733860 0.000939 0.015835 -0.051399 0.998552
1123.699330 41.620145 -4.316780 1.739596 0.001614 0.018236 -0.051439 0.998508
1123.799161 41.723598 -4.326921 1.742855 0.002597 0.019796 -0.051595 0.998468
1123.899796 41.826752 -4.341047 1.738957 0.001904 0.019804 -0.051887 0.998455
1123.999629 41.931932 -4.353414 1.735340 0.001989 0.018349 -0.052304 0.998461
1124.099469 42.040093 -4.359494 1.736437 0.001613 0.016413 -0.052789 0.998470
1124.199315 42.142741 -4.366353 1.740663 0.002225 0.014488 -0.052802 0.998497
1124.299154 42.241244 -4.375252 1.742397 0.002307 0.013845 -0.052909 0.998501
1124.399803 42.335602 -4.381546 1.737472 0.002323 0.012649 -0.053238 0.998499
1124.499653 42.433489 -4.388387 1.740517 0.002671 0.010991 -0.054183 0.998467
1124.599492 42.530753 -4.397899 1.740864 0.002759 0.009659 -0.054709 0.998452
1124.699323 42.639294 -4.414013 1.742133 0.005927 0.009591 -0.056850 0.998319
1124.799168 42.750201 -4.431315 1.748918 0.006492 0.010182 -0.059574 0.998151
1124.899820 42.852375 -4.445571 1.754477 0.004645 0.010710 -0.061450 0.998042
1124.999652 42.942709 -4.456632 1.761177 0.003355 0.010056 -0.062548 0.997986
1125.099487 43.035668 -4.466801 1.768604 0.002023 0.010256 -0.062892 0.997966
1125.199333 43.136478 -4.479489 1.778145 0.001513 0.011482 -0.062837 0.997957
1125.299164 43.236705 -4.494015 1.791491 0.001111 0.014286 -0.062679 0.997931
1125.399800 43.322967 -4.509423 1.800573 0.001191 0.017150 -0.062402 0.997903
1125.499634 43.400080 -4.520991 1.806819 0.000657 0.019775 -0.062288 0.997862
1125.599465 43.475894 -4.532898 1.813025 0.000310 0.021764 -0.062389 0.997815
1125.699304 43.569550 -4.546350 1.817914 -0.000160 0.022413 -0.062607 0.997787
1125.799149 43.680152 -4.561415 1.819556 -0.000179 0.020832 -0.062581 0.997822
1125.899780 43.793512 -4.581510 1.820697 -0.000950 0.019069 -0.062262 0.997877
1125.999613 43.907527 -4.599088 1.819871 -0.000232 0.018897 -0.061990 0.997898
1126.099456 44.017096 -4.612640 1.821255 0.000180 0.019281 -0.061983 0.997891
1126.199290 44.125321 -4.626310 1.825213 -0.001279 0.019066 -0.062168 0.997883
1126.299142 44.219012 -4.642984 1.832636 -0.001450 0.019373 -0.062068 0.997883
1126.399785 44.305060 -4.656894 1.833424 -0.001491 0.018329 -0.062484 0.997877
1126.499608 44.397510 -4.670340 1.834055 -0.000041 0.018518 -0.063004 0.997841
1126.599447 44.493292 -4.686105 1.831284 0.000684 0.019804 -0.063318 0.997797
1126.699287 44.596849 -4.703378 1.828986 0.000892 0.021491 -0.063669 0.997739
1126.799122 44.707566 -4.719940 1.825620 -0.000811 0.022524 -0.063987 0.997696
1126.899759 44.814425 -4.734469 1.824061 -0.001088 0.022791 -0.064123 0.997681
1126.999620 44.933975 -4.753968 1.827829 -0.001360 0.021337 -0.064146 0.997711
1127.099449 45.054094 -4.770614 1.834592 -0.001142 0.019789 -0.064296 0.997734
1127.199292 45.164902 -4.787584 1.844301 -0.000822 0.020572 -0.064349 0.997715
1127.299138 45.276971 -4.802751 1.845588 -0.000762 0.022513 -0.064430 0.997668
1127.399779 45.386851 -4.818008 1.839897 -0.000213 0.023940 -0.064328 0.997642
1127.499618 45.489909 -4.832348 1.832502 -0.000931 0.023253 -0.064455 0.997649
1127.599457 45.604495 -4.848111 1.832130 -0.000781 0.022136 -0.064648 0.997662
1127.699319 45.725341 -4.863190 1.841211 -0.000555 0.022033 -0.064702 0.997661
1127.799158 45.842112 -4.879676 1.848881 0.000755 0.025127 -0.064466 0.997603
1127.899794 45.948393 -4.894142 1.849994 0.000989 0.028040 -0.064592 0.997517
1127.999641 46.053318 -4.904685 1.850662 -0.000326 0.028179 -0.064873 0.997496
1128.099478 46.163928 -4.920961 1.851669 -0.002911 0.025451 -0.065129 0.997548
1128.199322 46.289571 -4.937307 1.853298 -0.003227 0.022873 -0.065238 0.997602
1128.299162 46.421163 -4.952395 1.851929 -0.001211 0.022308 -0.065704 0.997589
1128.399789 46.554915 -4.964583 1.854870 0.001629 0.022457 -0.065938 0.997570
1128.499643 46.688109 -4.978604 1.856651 0.003567 0.022976 -0.066030 0.997547
1128.599487 46.813967 -4.993775 1.855646 0.003300 0.023084 -0.066273 0.997529
1128.699323 46.942027 -5.010858 1.864862 0.002700 0.023544 -0.066530 0.997503
1128.799174 47.067468 -5.025751 1.866660 0.000416 0.023533 -0.066869 0.997484
1128.899811 47.193647 -5.039149 1.860445 -0.002273 0.023524 -0.067332 0.997451
1128.999638 47.321394 -5.050705 1.863703 -0.002276 0.027601 -0.067426 0.997340
1129.099476 47.440098 -5.064636 1.869674 -0.000834 0.030160 -0.067606 0.997256
1129.199299 47.570046 -5.077655 1.870204 -0.001405 0.028871 -0.067770 0.997282
1129.299148 47.700193 -5.094050 1.871292 -0.001080 0.026112 -0.067789 0.997357
1129.399792 47.831133 -5.109504 1.873104 -0.000505 0.023282 -0.067867 0.997423
1129.499645 47.964583 -5.126732 1.878710 -0.001341 0.021387 -0.067641 0.997480
1129.599481 48.110538 -5.140681 1.883660 -0.000972 0.020781 -0.067569 0.997498
1129.699321 48.255769 -5.156258 1.881726 -0.000399 0.019958 -0.067578 0.997514
1129.799167 48.397760 -5.171036 1.883293 -0.002403 0.019359 -0.067713 0.997514
1129.899804 48.536655 -5.181858 1.889775 -0.004694 0.018326 -0.068098 0.997499
1129.999644 48.676113 -5.193172 1.895099 -0.007901 0.016046 -0.068300 0.997504
1130.099491 48.804815 -5.202143 1.896363 -0.011231 0.013937 -0.068286 0.997505
1130.199330 48.928069 -5.208326 1.896537 -0.012112 0.014086 -0.068013 0.997511
1130.299185 49.055377 -5.219273 1.896477 -0.011583 0.015713 -0.067568 0.997524
1130.399815 49.203218 -5.230535 1.895896 -0.010721 0.016537 -0.067379 0.997533
1130.499660 49.360383 -5.241226 1.894299 -0.010178 0.016458 -0.066997 0.997565
1130.599509 49.507079 -5.246138 1.897958 -0.008447 0.015683 -0.066861 0.997603
1130.699335 49.651147 -5.245937 1.900296 -0.005603 0.016266 -0.066645 0.997628
1130.799188 49.779910 -5.244429 1.910018 -0.003265 0.018014 -0.066577 0.997613
1130.899835 49.917039 -5.248300 1.919994 -0.002066 0.019792 -0.066349 0.997598
1130.999673 50.054355 -5.252433 1.922309 -0.001175 0.020737 -0.065790 0.997617
1131.099521 50.188321 -5.253311 1.914040 -0.001055 0.020745 -0.065765 0.997619
1131.199352 50.314729 -5.256654 1.906545 -0.000793 0.020948 -0.065389 0.997640
1131.299192 50.446240 -5.260671 1.910423 -0.000677 0.021660 -0.065102 0.997643
1131.399829 50.599318 -5.264949 1.916121 -0.001935 0.023442 -0.065078 0.997603
1131.499676 50.737686 -5.267781 1.918674 -0.001669 0.023736 -0.065089 0.997596
1131.599497 50.858313 -5.271367 1.920730 -0.001808 0.021559 -0.065286 0.997632
1131.699338 50.978547 -5.278165 1.921157 -0.000804 0.018027 -0.065389 0.997697
1131.799174 51.101951 -5.284300 1.917926 -0.001039 0.015404 -0.066070 0.997696
1131.899814 51.242521 -5.287824 1.918257 -0.001037 0.013822 -0.066833 0.997668
1131.999663 51.381443 -5.293322 1.923803 -0.001084 0.013672 -0.067039 0.997656
1132.099516 51.508717 -5.301319 1.927913 -0.001470 0.013516 -0.067202 0.997647
1132.199348 51.640256 -5.308347 1.927987 -0.002211 0.012497 -0.067896 0.997612
1132.299186 51.771250 -5.312105 1.929224 -0.002464 0.010401 -0.067918 0.997634
1132.399820 51.900975 -5.317056 1.935193 -0.002641 0.008178 -0.067944 0.997652
1132.499655 52.027770 -5.327583 1.942090 -0.003024 0.006679 -0.067506 0.997692
1132.599498 52.157693 -5.338163 1.946646 -0.003557 0.007456 -0.067461 0.997688
1132.699343 52.284111 -5.345745 1.945314 -0.002811 0.009345 -0.067579 0.997666
1132.799182 52.412604 -5.352925 1.943996 -0.002719 0.010228 -0.067525 0.997661
1132.899821 52.529357 -5.358377 1.943869 -0.002231 0.009274 -0.067711 0.997659
1132.999668 52.634423 -5.365950 1.942351 -0.002496 0.008634 -0.068082 0.997639
1133.099501 52.734985 -5.376234 1.941540 -0.001965 0.008468 -0.068250 0.997630
1133.199351 52.827425 -5.387078 1.943789 -0.001530 0.009557 -0.067970 0.997640
1133.299205 52.923083 -5.394996 1.950227 -0.001374 0.010391 -0.068337 0.997607
1133.399441 53.016772 -5.400909 1.954894 -0.002444 0.009145 -0.069391 0.997545
1133.499281 53.123198 -5.408934 1.957830 -0.004152 0.007195 -0.069835 0.997524
1133.599129 53.234787 -5.421359 1.958491 -0.003313 0.006427 -0.070415 0.997492
1133.699775 53.356106 -5.435746 1.956748 -0.004654 0.006384 -0.070072 0.997511
1133.799613 53.470879 -5.445337 1.957519 -0.005107 0.007969 -0.069753 0.997519
1133.899446 53.580285 -5.453186 1.958553 -0.004041 0.008642 -0.069213 0.997556
1133.999267 53.681294 -5.462034 1.959493 -0.003502 0.009105 -0.068772 0.997585
1134.099507 53.774393 -5.469193 1.958995 -0.003401 0.008440 -0.068720 0.997594
1134.199331 53.855991 -5.478312 1.959298 -0.002609 0.010204 -0.068594 0.997589
1134.299168 53.941511 -5.489547 1.952275 -0.003313 0.012314 -0.068511 0.997569
1134.399803 54.025635 -5.493799 1.947037 -0.004213 0.014808 -0.068518 0.997531
1134.499639 54.110354 -5.499225 1.953886 -0.004783 0.017652 -0.068459 0.997486
1134.599478 54.203293 -5.512321 1.966775 -0.004600 0.020777 -0.068218 0.997443
1134.699318 54.305412 -5.519243 1.968205 -0.002740 0.023142 -0.068944 0.997348
1134.799151 54.415388 -5.526843 1.965120 -0.001162 0.025719 -0.069488 0.997251
1134.899790 54.520359 -5.534655 1.964425 0.000378 0.030202 -0.069934 0.997094
1134.999633 54.621503 -5.546445 1.965444 0.000854 0.033605 -0.070171 0.996968
1135.099485 54.717772 -5.558396 1.971022 0.000510 0.034798 -0.070666 0.996893
1135.199321 54.824328 -5.566119 1.965864 0.000056 0.031898 -0.071077 0.996961
1135.299166 54.937512 -5.570489 1.962562 -0.000316 0.030001 -0.071340 0.997001
1135.399806 55.050361 -5.582580 1.963999 -0.000456 0.032204 -0.071306 0.996934
1135.499654 55.155422 -5.598073 1.970649 0.000197 0.035983 -0.071216 0.996812
1135.599498 55.265921 -5.613570 1.977241 -0.000891 0.034524 -0.071257 0.996860
1135.699329 55.378027 -5.625249 1.980488 -0.000924 0.031684 -0.070959 0.996975
1135.799163 55.487657 -5.641079 1.978161 -0.001162 0.029181 -0.070447 0.997088
1135.899806 55.615165 -5.659875 1.970685 -0.001831 0.028456 -0.069945 0.997143
1135.999644 55.740529 -5.673328 1.968780 -0.001965 0.028340 -0.069435 0.997182
1136.099486 55.871586 -5.687089 1.965268 -0.001849 0.031199 -0.068802 0.997141
1136.199320 55.992470 -5.702957 1.968895 -0.002707 0.032752 -0.068267 0.997126
1136.299168 56.109021 -5.717356 1.975506 -0.005688 0.031522 -0.068034 0.997169
1136.399801 56.220701 -5.730625 1.979459 -0.007112 0.028663 -0.067605 0.997275
1136.499643 56.334277 -5.743020 1.985055 -0.007228 0.027259 -0.067188 0.997342
1136.599494 56.455879 -5.756090 1.990276 -0.007212 0.028907 -0.066872 0.997317
1136.699347 56.589014 -5.770634 1.990754 -0.005688 0.032898 -0.066363 0.997237
1136.799192 56.723312 -5.781896 1.991387 -0.003444 0.034050 -0.066064 0.997228
1136.899836 56.858190 -5.796187 2.001289 -0.002582 0.031845 -0.065728 0.997326
1136.999670 56.991390 -5.810134 2.022909 -0.002168 0.030573 -0.065819 0.997361
1137.099496 57.122915 -5.825242 2.043263 -0.002251 0.029884 -0.065887 0.997377
1137.199343 57.260189 -5.833937 2.051429 -0.001101 0.028202 -0.066192 0.997408
1137.299172 57.406906 -5.841574 2.052344 -0.000196 0.028353 -0.066715 0.997369
1137.399814 57.548096 -5.853139 2.062125 0.000523 0.029478 -0.067253 0.997300
1137.499662 57.691826 -5.870029 2.072469 0.000599 0.028480 -0.067863 0.997288
1137.599489 57.838340 -5.885098 2.085965 0.000761 0.027065 -0.068726 0.997268
1137.699322 57.993705 -5.898691 2.098563 0.002284 0.025323 -0.069487 0.997259
1137.799169 58.138220 -5.918323 2.108220 0.002712 0.024703 -0.069836 0.997249
1137.899804 58.278847 -5.935857 2.119143 0.002631 0.024803 -0.070544 0.997197
1137.999652 58.423739 -5.948103 2.135698 0.001134 0.023401 -0.071278 0.997181
1138.099480 58.570605 -5.964659 2.158537 -0.002021 0.023639 -0.071841 0.997134
1138.199326 58.719009 -5.984180 2.186784 -0.001973 0.023698 -0.072003 0.997121
1138.299171 58.863360 -6.004976 2.210464 -0.000840 0.022358 -0.071953 0.997157
1138.399808 59.013613 -6.027279 2.228588 0.000349 0.020991 -0.071363 0.997229
1138.499646 59.170746 -6.049791 2.246526 -0.001482 0.024648 -0.070820 0.997183
1138.599491 59.322560 -6.068476 2.264910 -0.003649 0.028800 -0.070158 0.997113
1138.699331 59.467795 -6.085330 2.286755 -0.005540 0.029017 -0.069406 0.997151
1138.799181 59.611560 -6.106362 2.305947 -0.006203 0.025538 -0.068759 0.997287
1138.899805 59.760789 -6.128578 2.320815 -0.004147 0.023901 -0.068372 0.997365
1138.999639 59.905979 -6.149350 2.325800 -0.001643 0.024771 -0.068201 0.997363
1139.099477 60.049124 -6.167015 2.324048 -0.001211 0.026993 -0.068439 0.997289
1139.199323 60.189677 -6.185432 2.318346 -0.001828 0.026377 -0.068359 0.997310
1139.299171 60.340125 -6.206999 2.314651 -0.003328 0.024267 -0.067932 0.997389
1139.399817 60.498633 -6.226561 2.321982 -0.003382 0.021325 -0.067569 0.997481
1139.499648 60.655712 -6.246558 2.336157 -0.003097 0.019883 -0.067420 0.997522
1139.599493 60.817281 -6.269293 2.345335 -0.002984 0.020808 -0.067306 0.997511
1139.699334 60.979313 -6.291371 2.343550 -0.003514 0.024348 -0.067550 0.997413
1139.799190 61.141935 -6.311417 2.332127 -0.003829 0.028646 -0.067959 0.997269
1139.899837 61.305276 -6.329182 2.326083 -0.003506 0.027921 -0.068397 0.997261
1139.999674 61.460412 -6.351385 2.329579 -0.002932 0.026557 -0.068636 0.997284
1140.099514 61.616003 -6.371583 2.334474 -0.002093 0.026261 -0.069245 0.997252
1140.199350 61.757328 -6.391027 2.334745 -0.001024 0.028203 -0.069500 0.997183
1140.299182 61.894514 -6.409191 2.334894 -0.001017 0.029094 -0.069581 0.997151
1140.399829 62.028539 -6.430170 2.338403 -0.000032 0.028127 -0.069327 0.997197
1140.499670 62.168713 -6.451787 2.340040 0.000605 0.026393 -0.068866 0.997277
1140.599508 62.314799 -6.469831 2.338301 -0.000315 0.024974 -0.068683 0.997326
1140.699348 62.469132 -6.485373 2.340381 -0.003641 0.026129 -0.068747 0.997285
1140.799182 62.642391 -6.506767 2.346533 -0.007894 0.030471 -0.068646 0.997144
1140.899825 62.814386 -6.532908 2.353155 -0.011416 0.032403 -0.068398 0.997066
1140.999670 62.980445 -6.558138 2.360003 -0.013637 0.030428 -0.068215 0.997113
1141.099500 63.144894 -6.579150 2.355718 -0.015841 0.026305 -0.068605 0.997171
1141.199332 63.304812 -6.594131 2.347510 -0.016029 0.024041 -0.068631 0.997224
1141.299173 63.456616 -6.603001 2.350114 -0.015525 0.024206 -0.068773 0.997218
1141.399800 63.612542 -6.610965 2.359662 -0.014098 0.024871 -0.068900 0.997214
1141.499660 63.764296 -6.618932 2.362951 -0.012175 0.024747 -0.069139 0.997226
1141.599504 63.905223 -6.627575 2.361849 -0.012882 0.024454 -0.069449 0.997202
1141.699348 64.054051 -6.634383 2.364951 -0.012925 0.023443 -0.070091 0.997181
1141.799177 64.216505 -6.637349 2.364664 -0.010688 0.021317 -0.070735 0.997210
1141.899825 64.395825 -6.646124 2.363388 -0.005143 0.023397 -0.070370 0.997233
1141.999659 64.576669 -6.654517 2.358625 -0.002443 0.028637 -0.070226 0.997117
1142.099510 64.743379 -6.659065 2.362481 -0.002249 0.030791 -0.070353 0.997044
1142.199361 64.915671 -6.663190 2.370227 -0.002465 0.029399 -0.070300 0.997090
1142.299205 65.084486 -6.669722 2.381792 -0.003226 0.026245 -0.070156 0.997186
1142.399437 65.248371 -6.675930 2.383377 -0.003196 0.023410 -0.069893 0.997275
1142.499285 65.413541 -6.682967 2.384328 -0.003414 0.021059 -0.069650 0.997343
1142.599128 65.580098 -6.692127 2.398042 -0.002393 0.018914 -0.069629 0.997391
1142.699781 65.748913 -6.703315 2.406643 -0.001829 0.017098 -0.069838 0.997410
1142.799611 65.915238 -6.709800 2.412397 -0.003007 0.015881 -0.070481 0.997382
1142.899459 66.063890 -6.716902 2.417617 -0.003646 0.015251 -0.070511 0.997388
1142.999293 66.218858 -6.724608 2.424165 -0.004704 0.014970 -0.070925 0.997358
1143.099135 66.367590 -6.729564 2.427027 -0.003276 0.015081 -0.071342 0.997332
1143.199767 66.519684 -6.733394 2.427911 -0.001783 0.015429 -0.071459 0.997323
1143.299601 66.680554 -6.742130 2.431087 -0.001497 0.014906 -0.071322 0.997341
1143.399441 66.833042 -6.751756 2.437020 -0.001035 0.013543 -0.071039 0.997381
1143.499276 66.984686 -6.766126 2.435881 -0.001779 0.011824 -0.070710 0.997425
1143.599518 67.142024 -6.773426 2.433042 -0.003163 0.011298 -0.070725 0.997427
1143.699345 67.294424 -6.779273 2.442334 -0.003757 0.011171 -0.070479 0.997444
1143.799178 67.441135 -6.785232 2.450734 -0.002887 0.011023 -0.069879 0.997490
1143.899823 67.580180 -6.796716 2.453047 -0.002646 0.011523 -0.069377 0.997520
1143.999679 67.716924 -6.807196 2.451332 -0.004612 0.012315 -0.069471 0.997497
1144.099524 67.853680 -6.817097 2.451095 -0.004642 0.011597 -0.069524 0.997502
1144.199356 68.001070 -6.829771 2.455763 -0.004412 0.007846 -0.069737 0.997525
1144.299187 68.144562 -6.841086 2.457732 -0.004033 0.007148 -0.070241 0.997496
1144.399827 68.275987 -6.847004 2.453559 -0.002974 0.009170 -0.070735 0.997449
1144.499671 68.408291 -6.854333 2.453425 -0.002746 0.014058 -0.070569 0.997404
1144.599526 68.539866 -6.860645 2.457671 -0.003452 0.017301 -0.070506 0.997355
1144.699371 68.669844 -6.868703 2.460641 -0.004555 0.017332 -0.070161 0.997375
1144.799212 68.797615 -6.879346 2.463249 -0.004125 0.016143 -0.069557 0.997439
1144.899458 68.923152 -6.886255 2.461760 -0.002818 0.014325 -0.069444 0.997479
1144.999301 69.039743 -6.895062 2.462293 -0.002376 0.013760 -0.069081 0.997513
1145.099140 69.154327 -6.906816 2.461226 -0.003023 0.014068 -0.068672 0.997536
1145.199786 69.268736 -6.921544 2.462675 -0.002198 0.013830 -0.068351 0.997563
1145.299634 69.387762 -6.931895 2.466769 -0.003212 0.012555 -0.068371 0.997576
1145.399459 69.507607 -6.940907 2.469954 -0.003517 0.011500 -0.068409 0.997585
1145.499300 69.623098 -6.947805 2.471352 -0.003515 0.012711 -0.068574 0.997559
1145.599153 69.740228 -6.957910 2.474736 -0.002502 0.014240 -0.068753 0.997529
1145.699795 69.854331 -6.970866 2.473259 -0.002569 0.013479 -0.068956 0.997525
1145.799645 69.956377 -6.982078 2.472165 -0.002621 0.011454 -0.069166 0.997536
1145.899491 70.061698 -6.993336 2.476240 -0.002548 0.010461 -0.069446 0.997528
1145.999316 70.175396 -7.002592 2.480354 -0.003045 0.011623 -0.069786 0.997490
1146.099158 70.294281 -7.013084 2.484750 -0.002797 0.012594 -0.070170 0.997452
1146.199796 70.423400 -7.026148 2.495465 -0.002454 0.012939 -0.070593 0.997418
1146.299650 70.546303 -7.040958 2.509318 -0.001478 0.013257 -0.070637 0.997413
1146.399495 70.650384 -7.054049 2.527562 -0.001091 0.013524 -0.070568 0.997415
1146.499327 70.748041 -7.064122 2.544672 -0.001130 0.014009 -0.070479 0.997414
1146.599151 70.849528 -7.072759 2.564156 -0.001673 0.018937 -0.070429 0.997336
1146.699792 70.951837 -7.083862 2.581455 -0.002612 0.022933 -0.070225 0.997264
1146.799635 71.056758 -7.100283 2.598461 -0.003298 0.023163 -0.070054 0.997269
1146.899469 71.154934 -7.113480 2.613904 -0.004403 0.022045 -0.070061 0.997289
1146.999304 71.252406 -7.124612 2.628472 -0.003534 0.022977 -0.069868 0.997285
1147.099158 71.358326 -7.139291 2.639273 -0.004606 0.024667 -0.069687 0.997253
1147.199790 71.471143 -7.152179 2.644890 -0.004644 0.025874 -0.069535 0.997233
1147.299629 71.580754 -7.164829 2.646420 -0.004281 0.026482 -0.069641 0.997211
1147.399475 71.690117 -7.181819 2.648674 -0.003374 0.027946 -0.069496 0.997185
1147.499318 71.804199 -7.193758 2.651692 -0.003171 0.027052 -0.069851 0.997186
1147.599149 71.917082 -7.206480 2.656253 -0.003157 0.024302 -0.070008 0.997245
1147.699796 72.039130 -7.224330 2.655607 -0.002841 0.023635 -0.070106 0.997255
1147.799636 72.150809 -7.235117 2.660581 -0.002979 0.026981 -0.070356 0.997153
1147.899479 72.266743 -7.239782 2.666338 -0.002720 0.029973 -0.070589 0.997051
1147.999318 72.388433 -7.250503 2.667632 -0.002933 0.028505 -0.070340 0.997111
1148.099153 72.510697 -7.270692 2.663850 -0.001086 0.026250 -0.070369 0.997175
1148.199778 72.618803 -7.289458 2.659170 0.003759 0.023240 -0.073738 0.997000
1148.299607 72.719120 -7.306319 2.661667 0.005716 0.020883 -0.079395 0.996608
1148.399434 72.830558 -7.326008 2.660560 0.005561 0.019009 -0.085179 0.996169
1148.499274 72.948901 -7.345843 2.661703 -0.000380 0.019699 -0.087377 0.995980
1148.599513 73.081635 -7.362321 2.659601 -0.000896 0.019707 -0.087485 0.995970
1148.699365 73.210566 -7.383310 2.663972 -0.001467 0.018961 -0.087118 0.996016
1148.799196 73.343096 -7.407344 2.669010 -0.001550 0.017982 -0.086761 0.996066
1148.899835 73.466847 -7.428992 2.668364 -0.001897 0.019341 -0.086615 0.996052
1148.999686 73.577219 -7.445256 2.663836 -0.001853 0.021173 -0.086463 0.996028
1149.099538 73.690342 -7.463598 2.661368 -0.001671 0.022534 -0.085970 0.996041
1149.199383 73.811741 -7.484587 2.662734 -0.001872 0.023558 -0.085636 0.996046
1149.299231 73.931520 -7.508095 2.660689 -0.002215 0.024723 -0.085244 0.996051
1149.399484 74.043245 -7.529199 2.662858 -0.002184 0.024167 -0.085269 0.996062
1149.499331 74.158027 -7.549647 2.665452 -0.001875 0.022909 -0.085580 0.996066
1149.599162 74.285672 -7.568183 2.665269 -0.001937 0.022325 -0.085913 0.996051
1149.699806 74.413719 -7.589456 2.669557 -0.002745 0.021908 -0.086190 0.996034
1149.799638 74.542225 -7.615593 2.677693 -0.003182 0.020479 -0.086303 0.996053
1149.899485 74.672330 -7.643004 2.675787 -0.003244 0.020036 -0.086363 0.996057
1149.999323 74.794124 -7.665365 2.671379 -0.003173 0.022230 -0.086523 0.995997
1150.099166 74.915751 -7.681883 2.674268 -0.003180 0.024576 -0.086570 0.995938
1150.199802 75.031473 -7.701716 2.675074 -0.003193 0.025574 -0.086502 0.995918
1150.299642 75.149674 -7.721149 2.681754 -0.002678 0.024715 -0.086594 0.995934
1150.399476 75.267297 -7.742520 2.684629 -0.002968 0.023043 -0.086576 0.995974
1150.499307 75.386825 -7.760907 2.689521 -0.002196 0.022986 -0.086738 0.995964
1150.599139 75.516277 -7.780306 2.692229 -0.001544 0.025700 -0.086691 0.995902
1150.699785 75.656255 -7.799902 2.691031 -0.000666 0.027456 -0.086967 0.995833
1150.799631 75.798990 -7.824085 2.687029 -0.000849 0.028999 -0.087131 0.995774
1150.899487 75.932772 -7.847832 2.690081 -0.000723 0.029664 -0.087323 0.995738
1150.999321 76.054894 -7.865681 2.697190 -0.002216 0.028044 -0.087461 0.995771
1151.099160 76.179808 -7.882512 2.697957 -0.005044 0.025640 -0.087857 0.995790
1151.199793 76.310087 -7.899005 2.695519 -0.004042 0.027912 -0.087986 0.995722
1151.299626 76.443062 -7.916734 2.691167 -0.001498 0.031430 -0.087625 0.995656
1151.399467 76.578189 -7.943551 2.687801 -0.000436 0.033801 -0.087417 0.995598
1151.499300 76.717869 -7.969289 2.691956 -0.000515 0.033710 -0.087451 0.995598
1151.599136 76.858568 -7.991606 2.699775 -0.000689 0.033774 -0.087472 0.995594
1151.699769 77.003041 -8.011045 2.701608 0.000118 0.034118 -0.087363 0.995592
1151.799619 77.156477 -8.032446 2.696699 -0.001329 0.035008 -0.087371 0.995560
1151.899458 77.315678 -8.060210 2.694161 -0.001999 0.035380 -0.087004 0.995578
1151.999297 77.470720 -8.083305 2.695299 -0.001333 0.033187 -0.086859 0.995667
1152.099123 77.622578 -8.104345 2.703260 -0.001080 0.027581 -0.086705 0.995852
1152.199770 77.783105 -8.127250 2.713679 -0.000270 0.023670 -0.086343 0.995984
1152.299607 77.936535 -8.149551 2.718224 -0.000947 0.023583 -0.086327 0.995987
1152.399447 78.080530 -8.176572 2.717335 -0.000447 0.027996 -0.085908 0.995910
1152.499284 78.235081 -8.205315 2.710219 0.000054 0.033161 -0.085804 0.995760
1152.599138 78.387575 -8.227537 2.708539 0.000141 0.035827 -0.085935 0.995656
1152.699783 78.546071 -8.252643 2.710620 0.000255 0.034131 -0.085962 0.995714
1152.799623 78.707214 -8.281339 2.714707 0.000581 0.033816 -0.086199 0.995704
1152.899455 78.866357 -8.307190 2.716310 0.000395 0.034650 -0.086322 0.995664
1152.999286 79.019582 -8.335906 2.723007 -0.000086 0.034686 -0.085957 0.995695
1153.099131 79.177754 -8.360171 2.724993 -0.002822 0.032218 -0.085579 0.995806
1153.199774 79.350958 -8.381785 2.729527 -0.010366 0.030356 -0.085588 0.995814
1153.299607 79.527098 -8.398017 2.731872 -0.016522 0.026864 -0.085508 0.995838
1153.399455 79.692972 -8.411344 2.733516 -0.022280 0.022540 -0.085811 0.995807
1153.499293 79.852045 -8.427234 2.732242 -0.021298 0.021782 -0.086224 0.995810
1153.599131 80.012611 -8.443511 2.731845 -0.016855 0.023311 -0.086635 0.995825
1153.699770 80.184860 -8.454097 2.736324 -0.013552 0.024682 -0.087062 0.995805
1153.799610 80.354338 -8.458933 2.741788 -0.007823 0.023998 -0.087003 0.995888
1153.899435 80.512592 -8.468044 2.740101 -0.001103 0.022366 -0.086818 0.995972
1153.999272 80.678451 -8.473769 2.743433 0.001444 0.019546 -0.087456 0.995976
1154.099529 80.851129 -8.479364 2.740639 0.000140 0.016794 -0.087773 0.995999
1154.199370 81.011812 -8.483639 2.742431 -0.001284 0.016352 -0.087811 0.996002
1154.299215 81.174670 -8.485748 2.746522 -0.001079 0.017522 -0.088358 0.995934
1154.399446 81.336710 -8.485545 2.756138 -0.000847 0.018136 -0.088540 0.995907
1154.499289 81.501641 -8.488564 2.756128 0.003349 0.017575 -0.088573 0.995909
1154.599133 81.665606 -8.503619 2.756670 0.002706 0.015702 -0.088781 0.995924
1154.699784 81.845084 -8.516872 2.759104 0.001371 0.014535 -0.089435 0.995886
1154.799615 82.014252 -8.526261 2.763951 -0.000230 0.014610 -0.089728 0.995859
1154.899431 82.161443 -8.532333 2.773144 -0.000965 0.015121 -0.090118 0.995816
1154.999276 82.302006 -8.539882 2.778389 -0.001310 0.015212 -0.090294 0.995798
1155.099122 82.447906 -8.548537 2.777588 -0.000610 0.014844 -0.090545 0.995782
1155.199771 82.605403 -8.562314 2.781220 -0.000263 0.013569 -0.091105 0.995749
1155.299618 82.752880 -8.572847 2.785124 -0.001096 0.010896 -0.091281 0.995765
1155.399475 82.891895 -8.580861 2.791935 -0.001937 0.008063 -0.090849 0.995830
1155.499311 83.028992 -8.591131 2.793946 -0.001583 0.006078 -0.090545 0.995873
1155.599154 83.173222 -8.608792 2.800714 -0.001439 0.000076 -0.090443 0.995901
1155.699778 83.314120 -8.618377 2.818438 -0.002442 -0.013655 -0.091213 0.995735
1155.799621 83.444133 -8.627381 2.828542 -0.002757 -0.056497 -0.091409 0.994206
1155.899460 83.563450 -8.626633 2.803967 -0.000871 -0.086209 -0.091832 0.992035
1155.999313 83.652603 -8.639111 2.781338 -0.000678 -0.081874 -0.092110 0.992377
1156.099140 83.734967 -8.646094 2.774146 -0.000791 -0.061375 -0.092522 0.993817
1156.199787 83.806689 -8.651820 2.787692 -0.001498 -0.040396 -0.092424 0.994899
1156.299631 83.863579 -8.652369 2.813889 -0.002480 -0.026728 -0.092063 0.995391
1156.399475 83.893619 -8.654668 2.831649 -0.002449 -0.020340 -0.091895 0.995558
1156.499321 83.915391 -8.661263 2.829483 -0.003214 -0.016421 -0.091942 0.995624
1156.599173 83.937948 -8.669631 2.815386 -0.002772 -0.012933 -0.091744 0.995695
1156.699803 83.961338 -8.672001 2.801684 -0.002754 -0.018305 -0.091585 0.995625
1156.799651 83.980641 -8.671374 2.802278 -0.003044 -0.018710 -0.091865 0.995591
1156.899499 83.997840 -8.670576 2.802769 -0.004718 -0.010216 -0.091996 0.995696
1156.999331 84.021590 -8.671883 2.803999 -0.005797 -0.000714 -0.092009 0.995741
1157.099177 84.035180 -8.679495 2.814027 -0.005651 0.005102 -0.091579 0.995769
1157.199812 84.038320 -8.682403 2.817218 -0.004877 0.005129 -0.090786 0.995845
1157.299654 84.036638 -8.681991 2.808660 -0.004249 0.003245 -0.088463 0.996065
1157.399497 84.040426 -8.678920 2.801287 -0.003206 0.003799 -0.082884 0.996547
1157.499346 84.048215 -8.675775 2.796806 -0.003483 0.006223 -0.075867 0.997092
1157.599176 84.052262 -8.672839 2.801758 -0.005902 0.008493 -0.069102 0.997556
1157.699818 84.044212 -8.671668 2.806374 -0.007289 0.009068 -0.062829 0.997957
1157.799660 84.038221 -8.672217 2.808533 -0.006837 0.008882 -0.056833 0.998321
1157.899512 84.030970 -8.671412 2.806103 -0.004741 0.008594 -0.050655 0.998668
1157.999340 84.023080 -8.669556 2.803492 -0.003763 0.008883 -0.046393 0.998877
1158.099182 84.016971 -8.674043 2.804361 -0.005420 0.009580 -0.045543 0.998902
1158.199824 84.015208 -8.678882 2.803713 -0.005658 0.011911 -0.045602 0.998873
1158.299655 84.007062 -8.678445 2.794354 -0.004483 0.021642 -0.045773 0.998707
1158.399502 84.000945 -8.676514 2.786846 -0.002664 0.035307 -0.045809 0.998322
1158.499340 84.004356 -8.674314 2.783303 -0.002515 0.042321 -0.045936 0.998044
1158.599192 84.024601 -8.675050 2.787886 -0.002749 0.043239 -0.046131 0.997995
1158.699823 84.050283 -8.677942 2.793566 -0.003185 0.045554 -0.046154 0.997890
1158.799671 84.085051 -8.686805 2.797990 -0.003491 0.050279 -0.045802 0.997678
1158.899510 84.122964 -8.690971 2.789888 -0.002856 0.054392 -0.045530 0.997477
1158.999354 84.152384 -8.690134 2.781440 -0.002456 0.056944 -0.045390 0.997342
1159.099205 84.194020 -8.691118 2.782958 -0.002074 0.056856 -0.045425 0.997346
1159.199432 84.240716 -8.695415 2.789116 -0.001831 0.052333 -0.045702 0.997582
1159.299267 84.290399 -8.700708 2.796474 -0.001580 0.048734 -0.045577 0.997770
1159.399508 84.355601 -8.705951 2.807393 -0.001390 0.051416 -0.045589 0.997635
1159.499359 84.446687 -8.714068 2.809215 -0.001086 0.054554 -0.045418 0.997477
1159.599196 84.548299 -8.722391 2.803572 -0.001742 0.055687 -0.045132 0.997426
1159.699829 84.656498 -8.736976 2.801997 -0.001717 0.053378 -0.045290 0.997545
1159.799664 84.759093 -8.748396 2.804220 -0.002415 0.048131 -0.045308 0.997810
1159.899510 84.866816 -8.759107 2.807612 -0.002034 0.043944 -0.045297 0.998005
1159.999335 84.964930 -8.768930 2.805618 -0.003200 0.044216 -0.045352 0.997987
1160.099176 85.063517 -8.779142 2.802105 -0.002936 0.047606 -0.045098 0.997843
1160.199819 85.179516 -8.793351 2.801414 -0.002453 0.050861 -0.044856 0.997695
1160.299658 85.298791 -8.808293 2.805971 -0.003088 0.049621 -0.044700 0.997763
1160.399501 85.421104 -8.820492 2.812907 -0.002257 0.046560 -0.044865 0.997905
1160.499345 85.553387 -8.827014 2.813212 -0.002889 0.043919 -0.045059 0.998014
1160.599179 85.680527 -8.839901 2.812700 -0.002818 0.043258 -0.045138 0.998040
1160.699799 85.815493 -8.854020 2.812954 -0.002041 0.041310 -0.045348 0.998115
1160.799645 85.953512 -8.870752 2.814223 -0.002444 0.037829 -0.045559 0.998242
1160.899474 86.085480 -8.883723 2.814898 -0.003157 0.035971 -0.045871 0.998295
1160.999314 86.214725 -8.898561 2.820521 -0.002910 0.036414 -0.045728 0.998286
1161.099158 86.359853 -8.917487 2.826720 -0.002891 0.035321 -0.045686 0.998327
1161.199806 86.516026 -8.934459 2.830680 -0.002873 0.032367 -0.045805 0.998422
1161.299653 86.674288 -8.947569 2.834760 -0.003182 0.030240 -0.045983 0.998479
1161.399495 86.825667 -8.962331 2.834214 -0.002202 0.029127 -0.045828 0.998522
1161.499344 86.970683 -8.973929 2.835793 -0.002146 0.029075 -0.046008 0.998516
1161.599179 87.116617 -8.990134 2.840168 -0.003109 0.028025 -0.045752 0.998555
1161.699829 87.263744 -9.008472 2.842194 -0.003357 0.029459 -0.045712 0.998515
1161.799670 87.414166 -9.025889 2.837183 -0.003341 0.030951 -0.045531 0.998478
1161.899514 87.571916 -9.042805 2.834837 -0.003681 0.029373 -0.045562 0.998523
1161.999359 87.729067 -9.057171 2.836888 -0.004149 0.027360 -0.045860 0.998564
1162.099201 87.877661 -9.072909 2.845583 -0.003193 0.027482 -0.045913 0.998562
1162.199439 88.036157 -9.089479 2.853603 -0.002915 0.028040 -0.046086 0.998540
1162.299272 88.201517 -9.108581 2.857078 -0.003075 0.027955 -0.046258 0.998534
1162.399513 88.364960 -9.124167 2.860460 -0.002468 0.027195 -0.046475 0.998546
1162.499368 88.528814 -9.146767 2.859468 -0.002701 0.026002 -0.046526 0.998575
1162.599202 88.687319 -9.169393 2.858451 -0.003610 0.024477 -0.046768 0.998599
1162.699440 88.845921 -9.183135 2.860050 -0.004441 0.024494 -0.046717 0.998598
1162.799268 89.013980 -9.197460 2.864583 -0.005502 0.024566 -0.046916 0.998582
1162.899515 89.182445 -9.214911 2.872822 -0.004660 0.023037 -0.046958 0.998620
1162.999360 89.330404 -9.236446 2.882129 -0.004078 0.020160 -0.047062 0.998680
1163.099196 89.480644 -9.258513 2.899632 -0.003975 0.017637 -0.046998 0.998731
1163.199843 89.637611 -9.278318 2.925885 -0.004017 0.017411 -0.047092 0.998731
1163.299688 89.798617 -9.299313 2.945190 -0.005225 0.017300 -0.047062 0.998728
1163.399542 89.957710 -9.317060 2.966558 -0.006594 0.016302 -0.047237 0.998729
1163.499387 90.120540 -9.337887 2.984078 -0.007005 0.013227 -0.047152 0.998776
1163.599231 90.282971 -9.357406 2.999992 -0.007687 0.011454 -0.047196 0.998790
1163.699486 90.437479 -9.375803 3.009496 -0.007720 0.012407 -0.047162 0.998780
1163.799316 90.579727 -9.391114 3.023296 -0.007924 0.017106 -0.046849 0.998724
1163.899167 90.715966 -9.405689 3.025665 -0.008794 0.020206 -0.046436 0.998678
1163.999816 90.858861 -9.425426 3.026750 -0.009093 0.021607 -0.046037 0.998665
1164.099652 91.001140 -9.447861 3.031969 -0.009077 0.020472 -0.046214 0.998681
1164.199506 91.144383 -9.473340 3.044521 -0.008197 0.018011 -0.046001 0.998745
1164.299337 91.286965 -9.494299 3.056123 -0.008114 0.015570 -0.045497 0.998810
1164.399185 91.434886 -9.506791 3.068866 -0.008172 0.016625 -0.045243 0.998804
1164.499827 91.571539 -9.514566 3.066499 -0.007644 0.020235 -0.045049 0.998751
1164.599661 91.715235 -9.528705 3.070292 -0.008078 0.024128 -0.045042 0.998661
1164.699492 91.847462 -9.549073 3.081428 -0.008299 0.023698 -0.044625 0.998688
1164.799330 91.976812 -9.565602 3.095494 -0.008547 0.020147 -0.044486 0.998770
1164.899165 92.099214 -9.581870 3.108536 -0.008336 0.016304 -0.044300 0.998850
1164.999799 92.227146 -9.595507 3.118975 -0.007567 0.014070 -0.044056 0.998901
1165.099629 92.360917 -9.610252 3.125504 -0.008209 0.014454 -0.043955 0.998895
1165.199460 92.492969 -9.623660 3.125682 -0.007633 0.016856 -0.043889 0.998865
1165.299298 92.634651 -9.636555 3.117236 -0.007088 0.018166 -0.044073 0.998838
1165.399139 92.768033 -9.650568 3.112346 -0.005405 0.016441 -0.044078 0.998878
1165.499777 92.894605 -9.664922 3.119570 -0.004116 0.013078 -0.044155 0.998931
1165.599613 93.017970 -9.678820 3.142288 -0.005326 0.013929 -0.044417 0.998902
1165.699438 93.138583 -9.688625 3.161401 -0.006509 0.016336 -0.044917 0.998836
1165.799294 93.253361 -9.700049 3.174493 -0.006891 0.017947 -0.045131 0.998796
1165.899130 93.366133 -9.714039 3.187288 -0.005773 0.019497 -0.045169 0.998772
1165.999758 93.483333 -9.726523 3.193276 -0.004714 0.019616 -0.045399 0.998765
1166.099607 93.610841 -9.738024 3.195749 -0.005409 0.018912 -0.045560 0.998768
1166.199445 93.723677 -9.749880 3.206606 -0.004122 0.019655 -0.045659 0.998755
1166.299281 93.835515 -9.761684 3.221227 -0.004271 0.020745 -0.045925 0.998720
1166.399130 93.957761 -9.777398 3.235359 -0.005193 0.022741 -0.045737 0.998681
1166.499778 94.090212 -9.794449 3.247739 -0.006761 0.024740 -0.045643 0.998628
1166.599630 94.216301 -9.809591 3.263718 -0.006725 0.025176 -0.045646 0.998618
1166.699474 94.338076 -9.821126 3.275660 -0.006420 0.025314 -0.046035 0.998598
1166.799301 94.460366 -9.832386 3.289109 -0.006064 0.027632 -0.045953 0.998543
1166.899132 94.581305 -9.845524 3.298227 -0.004883 0.029273 -0.045935 0.998503
1166.999775 94.700996 -9.860030 3.309615 -0.004311 0.029965 -0.046196 0.998474
1167.099621 94.824298 -9.875032 3.321172 -0.004132 0.030281 -0.046433 0.998454
1167.199470 94.950823 -9.885590 3.335195 -0.003410 0.030008 -0.046672 0.998454
1167.299301 95.077188 -9.895915 3.345904 -0.003354 0.029501 -0.046890 0.998459
1167.399130 95.199155 -9.909833 3.360417 -0.004152 0.029631 -0.046747 0.998459
1167.499781 95.325022 -9.924876 3.370041 -0.004450 0.034258 -0.046522 0.998320
1167.599618 95.456616 -9.937127 3.377664 -0.004591 0.037560 -0.046465 0.998203
1167.699474 95.597896 -9.949692 3.390877 -0.004208 0.036611 -0.046471 0.998240
1167.799317 95.740756 -9.964984 3.410507 -0.005797 0.032529 -0.046565 0.998369
1167.899154 95.873127 -9.986098 3.434846 -0.005750 0.029855 -0.046226 0.998468
1167.999789 96.003429 -10.007356 3.458770 -0.005579 0.030204 -0.046207 0.998460
1168.099629 96.142778 -10.021552 3.469956 -0.005723 0.032715 -0.046356 0.998373
1168.199465 96.298373 -10.034716 3.482831 -0.005066 0.034361 -0.046250 0.998326
1168.299317 96.457163 -10.051847 3.499683 -0.005029 0.033828 -0.046490 0.998333
1168.399170 96.616781 -10.068170 3.523118 -0.004964 0.032411 -0.046655 0.998373
1168.499821 96.768964 -10.084327 3.551580 -0.005079 0.032276 -0.046838 0.998368
1168.599680 96.921288 -10.103835 3.580421 -0.005066 0.034486 -0.047143 0.998280
1168.699517 97.075622 -10.122175 3.601384 -0.005030 0.037685 -0.047104 0.998166
1168.799355 97.228758 -10.141416 3.614803 -0.004630 0.039029 -0.047121 0.998116
1168.899196 97.379566 -10.154215 3.618455 -0.005155 0.035611 -0.047142 0.998240
1168.999832 97.530902 -10.165178 3.617389 -0.004549 0.030893 -0.047604 0.998378
1169.099673 97.678175 -10.182098 3.619346 -0.004184 0.029527 -0.047467 0.998428
1169.199516 97.829690 -10.201592 3.622662 -0.005099 0.031346 -0.047360 0.998373
1169.299349 97.980566 -10.219955 3.626553 -0.004988 0.031379 -0.047286 0.998376
1169.399198 98.135199 -10.236874 3.629169 -0.005814 0.030070 -0.047245 0.998414
1169.499440 98.293496 -10.258505 3.630634 -0.005291 0.026923 -0.047076 0.998514
1169.599276 98.458271 -10.281677 3.632844 -0.005166 0.024767 -0.047155 0.998567
1169.699108 98.612415 -10.294841 3.625444 -0.005245 0.022846 -0.047294 0.998606
1169.799748 98.760112 -10.304611 3.623243 -0.005158 0.025063 -0.047250 0.998555
1169.899584 98.919952 -10.319668 3.622297 -0.004950 0.027725 -0.047436 0.998477
1169.999434 99.087945 -10.334306 3.622951 -0.005716 0.028797 -0.047664 0.998432
1170.099275 99.254966 -10.356014 3.628337 -0.004830 0.028207 -0.047663 0.998453
1170.199522 99.421335 -10.377681 3.634421 -0.004368 0.028766 -0.047653 0.998440
1170.299369 99.586531 -10.394304 3.633319 -0.003943 0.030534 -0.047787 0.998383
1170.399204 99.748795 -10.412170 3.630906 -0.004376 0.032442 -0.047805 0.998320
1170.499453 99.913023 -10.432625 3.630269 -0.004349 0.032646 -0.047830 0.998312
1170.599298 100.077733 -10.450124 3.631789 -0.004597 0.032381 -0.048051 0.998309
1170.699136 100.253111 -10.468460 3.633615 -0.004878 0.032286 -0.047953 0.998316
1170.799772 100.416449 -10.491746 3.630859 -0.004065 0.032627 -0.047684 0.998321
1170.899630 100.576974 -10.508836 3.629806 -0.003804 0.034055 -0.047844 0.998267
1170.999475 100.756318 -10.532026 3.626134 -0.004123 0.035657 -0.047628 0.998220
1171.099311 100.937945 -10.554633 3.628880 -0.004952 0.037309 -0.047699 0.998152
1171.199141 101.117809 -10.573552 3.637787 -0.005178 0.039131 -0.047617 0.998085
1171.299777 101.295781 -10.593106 3.640655 -0.004968 0.039018 -0.047385 0.998102
1171.399623 101.466727 -10.611857 3.641579 -0.004820 0.036993 -0.047221 0.998188
1171.499468 101.639036 -10.636384 3.641904 -0.005665 0.035554 -0.046987 0.998246
1171.599303 101.820247 -10.658988 3.642691 -0.005386 0.034361 -0.047011 0.998289
1171.699143 102.002880 -10.681289 3.641439 -0.006609 0.033119 -0.047076 0.998320
1171.799769 102.187586 -10.706805 3.642665 -0.006603 0.030151 -0.046725 0.998431
1171.899624 102.370762 -10.733675 3.645804 -0.006661 0.027018 -0.046895 0.998512
1171.999467 102.554979 -10.756560 3.651794 -0.006626 0.026844 -0.047113 0.998507
1172.099315 102.740304 -10.777771 3.660422 -0.008881 0.029790 -0.047446 0.998390
1172.199159 102.931413 -10.795849 3.665021 -0.010232 0.029230 -0.047849 0.998374
1172.299802 103.129048 -10.817645 3.665508 -0.010195 0.025075 -0.048063 0.998477
1172.399650 103.323643 -10.842659 3.655347 -0.009429 0.019140 -0.048324 0.998604
1172.499482 103.511164 -10.863247 3.651992 -0.010651 0.014963 -0.048930 0.998633
1172.599319 103.692541 -10.883428 3.659595 -0.011170 0.012731 -0.049146 0.998648
1172.699169 103.872186 -10.895077 3.664219 -0.011053 0.012072 -0.049732 0.998628
1172.799811 104.041845 -10.910240 3.663633 -0.008156 0.011110 -0.049710 0.998669
1172.899650 104.206157 -10.927941 3.666958 -0.007054 0.012413 -0.049864 0.998654
1172.999504 104.369701 -10.949628 3.671929 -0.007314 0.012290 -0.050229 0.998635
1173.099341 104.535142 -10.965897 3.665251 -0.007437 0.011982 -0.050907 0.998604
1173.199195 104.698370 -10.980396 3.661278 -0.006112 0.013472 -0.051127 0.998583
1173.299849 104.862950 -10.994249 3.661747 -0.003599 0.014821 -0.051433 0.998560
1173.399693 105.023863 -11.007834 3.667258 -0.002698 0.014923 -0.051361 0.998565
1173.499519 105.172624 -11.023673 3.675819 -0.002356 0.014025 -0.051079 0.998593
1173.599358 105.329521 -11.042304 3.684378 -0.002328 0.012859 -0.050870 0.998620
1173.699199 105.491647 -11.060650 3.683834 -0.004468 0.014483 -0.050573 0.998605
1173.799443 105.650010 -11.077027 3.675139 -0.007939 0.016115 -0.050137 0.998581
1173.899288 105.803224 -11.092839 3.668770 -0.009298 0.017162 -0.049537 0.998582
1173.999126 105.949236 -11.111970 3.666164 -0.009305 0.016330 -0.048760 0.998634
1174.099767 106.099636 -11.127897 3.669740 -0.008929 0.013722 -0.048236 0.998702
1174.199605 106.244420 -11.140978 3.674331 -0.008542 0.010502 -0.047986 0.998756
1174.299456 106.378892 -11.157334 3.678884 -0.008400 0.010045 -0.047780 0.998772
1174.399297 106.514030 -11.177229 3.677111 -0.007724 0.013477 -0.047356 0.998757
1174.499147 106.653169 -11.194446 3.668916 -0.009328 0.017667 -0.047121 0.998689
1174.599775 106.803115 -11.212437 3.662744 -0.010281 0.020129 -0.046900 0.998644
1174.699615 106.945673 -11.228034 3.665267 -0.009682 0.020255 -0.047124 0.998637
1174.799453 107.090410 -11.243311 3.675201 -0.007250 0.019475 -0.047432 0.998658
1174.899302 107.239726 -11.253840 3.684541 -0.004054 0.019493 -0.048052 0.998646
1174.999133 107.394894 -11.262764 3.690430 -0.002435 0.020221 -0.048538 0.998614
1175.099761 107.541518 -11.280070 3.688763 -0.002721 0.020871 -0.048970 0.998578
1175.199600 107.675591 -11.296249 3.684793 -0.005057 0.022463 -0.049635 0.998502
1175.299449 107.807889 -11.311954 3.682145 -0.005425 0.022999 -0.050249 0.998457
1175.399284 107.942653 -11.324504 3.684523 -0.005360 0.021508 -0.050827 0.998461
1175.499135 108.072959 -11.339313 3.684508 -0.005085 0.017593 -0.050844 0.998539
1175.599775 108.199411 -11.353116 3.682592 -0.005685 0.017129 -0.051099 0.998531
1175.699609 108.327926 -11.361750 3.683485 -0.005523 0.019520 -0.051210 0.998482
1175.799444 108.462600 -11.369766 3.692036 -0.005473 0.021654 -0.051407 0.998428
1175.899269 108.590804 -11.382149 3.698761 -0.004872 0.021886 -0.051582 0.998417
1175.999499 108.715279 -11.398747 3.699046 -0.004622 0.022293 -0.051773 0.998399
1176.099339 108.841819 -11.415405 3.693102 -0.004917 0.021495 -0.051603 0.998424
1176.199188 108.972699 -11.430242 3.691892 -0.005686 0.021292 -0.051848 0.998412
1176.299801 109.105825 -11.446839 3.698087 -0.006717 0.021301 -0.051793 0.998408
1176.399643 109.231737 -11.461614 3.700656 -0.005803 0.016291 -0.051361 0.998530
1176.499473 109.359473 -11.475533 3.699767 -0.004515 0.014055 -0.051139 0.998582
1176.599319 109.482723 -11.488269 3.698741 -0.004161 0.013747 -0.050583 0.998617
1176.699163 109.603364 -11.501237 3.700992 -0.005498 0.017084 -0.050405 0.998568
1176.799806 109.731232 -11.514896 3.697840 -0.008128 0.018925 -0.050286 0.998522
1176.899626 109.865222 -11.529898 3.697426 -0.008702 0.021154 -0.049770 0.998499
1176.999469 109.988762 -11.547923 3.704783 -0.008338 0.022434 -0.049579 0.998483
1177.099298 110.106473 -11.565625 3.710826 -0.007997 0.023716 -0.049728 0.998449
1177.199148 110.227615 -11.579631 3.712834 -0.008132 0.024637 -0.050225 0.998401
1177.299796 110.355626 -11.589041 3.710575 -0.007838 0.024771 -0.050878 0.998367
1177.399645 110.491346 -11.603688 3.709587 -0.006416 0.025985 -0.051618 0.998308
1177.499490 110.623022 -11.617111 3.707743 -0.004488 0.025932 -0.052478 0.998275
1177.599334 110.736390 -11.627735 3.703516 -0.004241 0.025165 -0.053159 0.998260
1177.699173 110.848282 -11.635964 3.703400 -0.005118 0.023678 -0.053419 0.998278
1177.799802 110.965002 -11.648215 3.705965 -0.006088 0.024345 -0.053200 0.998268
1177.899638 111.079520 -11.660361 3.709659 -0.007145 0.025707 -0.053551 0.998209
1177.999479 111.189922 -11.670890 3.713410 -0.005692 0.026812 -0.053935 0.998168
1178.099322 111.312751 -11.681591 3.713606 -0.003128 0.026131 -0.054690 0.998156
1178.199162 111.436290 -11.691923 3.710954 0.000959 0.026562 -0.055526 0.998103
1178.299796 111.564790 -11.701927 3.706116 0.000881 0.028321 -0.056162 0.998020
1178.399635 111.692946 -11.716577 3.707666 -0.002036 0.030896 -0.056502 0.997922
1178.499468 111.820675 -11.730131 3.712466 -0.004011 0.033095 -0.056749 0.997832
1178.599318 111.939683 -11.742630 3.725227 -0.003744 0.034899 -0.056381 0.997792
1178.699174 112.056972 -11.754545 3.729913 -0.001780 0.033133 -0.055735 0.997894
1178.799813 112.184043 -11.765510 3.716877 0.000322 0.031936 -0.055223 0.997963
1178.899646 112.317610 -11.781991 3.713391 0.000832 0.034351 -0.054560 0.997919
1178.999485 112.446284 -11.797128 3.715079 -0.001168 0.035284 -0.054702 0.997878
1179.099329 112.574333 -11.804967 3.721578 -0.001214 0.034963 -0.055148 0.997865
1179.199160 112.703978 -11.815591 3.728902 -0.001551 0.035252 -0.055217 0.997851
1179.299808 112.842388 -11.838215 3.742367 -0.000084 0.035392 -0.055058 0.997856
1179.399644 112.976205 -11.853237 3.742133 -0.000112 0.033738 -0.054937 0.997920
1179.499484 113.111616 -11.862452 3.738520 -0.000901 0.033281 -0.054795 0.997942
1179.599328 113.246608 -11.876470 3.737203 -0.002515 0.033467 -0.054778 0.997934
1179.699174 113.386033 -11.893521 3.740304 -0.002724 0.033167 -0.054700 0.997948
1179.799820 113.530238 -11.911397 3.742555 -0.002352 0.031101 -0.054777 0.998011
1179.899657 113.676312 -11.930531 3.741615 -0.003090 0.029727 -0.054847 0.998047
1179.999495 113.818622 -11.947220 3.738710 -0.003800 0.032450 -0.054998 0.997952
1180.099324 113.959333 -11.965647 3.738118 -0.003460 0.032826 -0.055020 0.997940
1180.199168 114.103473 -11.981136 3.743760 -0.002569 0.030870 -0.054872 0.998013
1180.299810 114.250727 -11.999691 3.753344 -0.002769 0.027128 -0.054894 0.998120
1180.399648 114.392186 -12.017525 3.773523 -0.002869 0.023411 -0.054752 0.998221
1180.499495 114.523956 -12.029484 3.789360 -0.002230 0.020064 -0.054920 0.998287
1180.599333 114.659162 -12.041457 3.810505 -0.003036 0.018950 -0.054787 0.998314
1180.699180 114.798031 -12.063349 3.826069 -0.005750 0.015723 -0.054992 0.998346
1180.799836 114.940311 -12.081151 3.851354 -0.007364 0.013661 -0.055759 0.998324
1180.899667 115.066547 -12.095464 3.863293 -0.009310 -0.015497 -0.056475 0.998240
1180.999513 115.180187 -12.110076 3.889548 -0.009848 -0.045055 -0.057772 0.997264
1181.099360 115.293044 -12.122385 3.868757 -0.011142 -0.045798 -0.059660 0.997105
1181.199209 115.394994 -12.137086 3.847686 -0.009066 -0.018388 -0.060548 0.997955
1181.299453 115.480793 -12.145552 3.848037 -0.005352 0.007415 -0.060105 0.998150
1181.399285 115.564051 -12.156568 3.867538 -0.002061 0.017131 -0.058902 0.998115
1181.499118 115.638387 -12.170771 3.889709 -0.001775 0.019258 -0.057787 0.998142
1181.599744 115.707907 -12.186963 3.903862 -0.003627 0.018853 -0.057187 0.998179
1181.699572 115.774916 -12.198712 3.903602 -0.005883 0.021049 -0.057076 0.998131
1181.799406 115.845547 -12.211622 3.891753 -0.006799 0.021199 -0.056978 0.998127
1181.899245 115.926237 -12.224299 3.881685 -0.008266 0.022441 -0.056998 0.998088
1181.999484 115.999312 -12.237908 3.875142 -0.010345 0.023569 -0.056548 0.998068
1182.099327 116.074359 -12.257173 3.880719 -0.016289 0.025056 -0.056025 0.997982
1182.199175 116.156505 -12.270450 3.885668 -0.021600 0.024297 -0.055554 0.997926
1182.299816 116.240604 -12.280604 3.888123 -0.022711 0.025560 -0.054858 0.997909
1182.399664 116.328403 -12.289083 3.891124 -0.021157 0.027065 -0.054436 0.997926
1182.499507 116.414919 -12.295256 3.890886 -0.020051 0.027803 -0.054258 0.997938
1182.599330 116.508067 -12.301825 3.892048 -0.018396 0.027638 -0.053843 0.997997
1182.699163 116.607915 -12.309500 3.894653 -0.017967 0.029043 -0.053539 0.997982
1182.799818 116.707501 -12.315680 3.899580 -0.014990 0.031900 -0.053565 0.997942
1182.899650 116.812685 -12.322009 3.899703 -0.011834 0.035346 -0.053245 0.997886
1182.999489 116.911711 -12.323549 3.898008 -0.009907 0.037430 -0.053102 0.997838
1183.099340 117.008820 -12.326008 3.898610 -0.009708 0.038947 -0.052956 0.997790
1183.199181 117.096708 -12.320175 3.902785 -0.011230 0.036713 -0.053165 0.997847
1183.299820 117.189539 -12.313246 3.907418 -0.011801 0.034267 -0.053745 0.997897
1183.399658 117.281383 -12.316055 3.910290 -0.008735 0.036036 -0.053996 0.997852
1183.499505 117.376647 -12.323380 3.905141 -0.007267 0.038944 -0.054067 0.997751
1183.599344 117.475619 -12.320743 3.890918 -0.006232 0.039635 -0.054436 0.997711
1183.699165 117.576234 -12.317851 3.888781 -0.005323 0.039085 -0.054832 0.997716
1183.799789 117.690802 -12.317652 3.895814 -0.004772 0.038355 -0.055125 0.997731
1183.899623 117.799981 -12.320876 3.896152 -0.004842 0.036191 -0.055451 0.997794
1183.999456 117.912841 -12.322303 3.898206 -0.005313 0.033884 -0.056027 0.997840
1184.099299 118.030492 -12.328959 3.896958 -0.005612 0.030943 -0.056178 0.997925
1184.199128 118.149758 -12.337148 3.894546 -0.005597 0.030011 -0.056067 0.997960
1184.299758 118.274506 -12.344903 3.895191 -0.005710 0.030036 -0.056019 0.997961
1184.399617 118.399480 -12.351661 3.899489 -0.004568 0.030728 -0.055791 0.997959
1184.499456 118.521375 -12.353887 3.899415 -0.004854 0.031706 -0.055746 0.997930
1184.599299 118.643260 -12.360155 3.897323 -0.005421 0.032693 -0.055377 0.997915
1184.699139 118.766860 -12.369485 3.901496 -0.005658 0.033231 -0.055243 0.997904
1184.799766 118.898990 -12.377403 3.906177 -0.006405 0.032193 -0.055170 0.997937
1184.899615 119.036627 -12.384107 3.905549 -0.006632 0.030239 -0.055220 0.997994
1184.999459 119.168310 -12.388502 3.904404 -0.006724 0.028859 -0.055367 0.998026
1185.099306 119.296063 -12.396882 3.906959 -0.006361 0.028454 -0.055376 0.998040
1185.199145 119.421886 -12.413323 3.913983 -0.006141 0.027494 -0.055045 0.998086
1185.299770 119.540010 -12.420940 3.912522 -0.006643 0.026889 -0.055243 0.998089
1185.399612 119.660172 -12.427738 3.913000 -0.006695 0.027375 -0.055384 0.998067
1185.499455 119.784143 -12.435286 3.912986 -0.007039 0.026233 -0.055378 0.998096
1185.599285 119.897591 -12.440097 3.910259 -0.007000 0.024976 -0.055571 0.998118
1185.699121 120.022722 -12.449622 3.907021 -0.007698 0.026249 -0.055973 0.998057
1185.799750 120.160688 -12.461690 3.904119 -0.007853 0.027571 -0.055967 0.998021
1185.899589 120.296552 -12.474771 3.904298 -0.007746 0.030170 -0.056024 0.997943
1185.999419 120.435945 -12.485439 3.906112 -0.007231 0.032714 -0.056250 0.997854
1186.099251 120.578633 -12.494734 3.906181 -0.006222 0.032113 -0.056292 0.997878
1186.199501 120.711849 -12.504658 3.909257 -0.005166 0.029872 -0.056643 0.997934
1186.299339 120.841229 -12.512955 3.911791 -0.004093 0.027415 -0.057032 0.997987
1186.399200 120.968466 -12.522584 3.911912 -0.003206 0.024575 -0.056936 0.998070
1186.499443 121.103467 -12.534851 3.915792 -0.003000 0.023506 -0.056588 0.998116
1186.599301 121.235278 -12.548424 3.915844 -0.006413 0.022247 -0.056405 0.998139
1186.699122 121.366030 -12.562860 3.916762 -0.006973 0.021675 -0.056364 0.998151
1186.799758 121.491766 -12.578228 3.918718 -0.006906 0.022587 -0.056208 0.998140
1186.899598 121.605471 -12.585287 3.923092 -0.006227 0.025402 -0.056382 0.998067
1186.999440 121.715614 -12.587490 3.926566 -0.005212 0.026751 -0.056450 0.998033
1187.099294 121.825383 -12.594663 3.923618 -0.004543 0.025826 -0.056401 0.998064
1187.199134 121.935249 -12.610164 3.921015 -0.004316 0.023429 -0.055755 0.998160
1187.299765 122.060250 -12.622518 3.923420 -0.004506 0.022874 -0.055631 0.998179
1187.399618 122.176800 -12.625666 3.929908 -0.004421 0.024343 -0.055455 0.998155
1187.499462 122.295520 -12.632686 3.929762 -0.005364 0.024646 -0.055043 0.998165
1187.599303 122.409841 -12.646533 3.919394 -0.005497 0.022834 -0.055136 0.998203
1187.699160 122.514753 -12.658289 3.914101 -0.006149 0.022581 -0.056061 0.998153
1187.799788 122.633053 -12.669932 3.914946 -0.006108 0.022697 -0.057125 0.998090
1187.899639 122.751632 -12.680368 3.923077 -0.005392 0.024127 -0.057910 0.998016
1187.999483 122.874380 -12.690299 3.935501 -0.004269 0.025391 -0.058356 0.997964
1188.099331 123.004691 -12.700805 3.938593 -0.005841 0.025648 -0.058466 0.997943
1188.199178 123.130035 -12.711370 3.934757 -0.006744 0.025136 -0.058587 0.997943
1188.299810 123.255013 -12.718709 3.933134 -0.006453 0.022474 -0.058230 0.998029
1188.399649 123.368065 -12.730135 3.933394 -0.004763 0.022205 -0.057748 0.998073
1188.499486 123.471812 -12.739950 3.931867 -0.002507 0.022499 -0.057357 0.998097
1188.599342 123.584072 -12.747526 3.934847 0.000299 0.025356 -0.057562 0.998020
1188.699176 123.699693 -12.754217 3.939161 0.001817 0.026628 -0.058137 0.997952
1188.799806 123.821086 -12.766025 3.945118 -0.000738 0.024722 -0.058459 0.997983
1188.899660 123.931898 -12.774772 3.942926 -0.003775 0.021335 -0.058470 0.998054
1188.999504 124.037631 -12.786809 3.940424 -0.005067 0.020048 -0.058361 0.998081
1189.099355 124.140276 -12.800507 3.937071 -0.004269 0.021343 -0.058047 0.998077
1189.199200 124.249121 -12.810163 3.938985 -0.002681 0.027767 -0.058178 0.997916
1189.299434 124.361711 -12.815834 3.944853 -0.003071 0.030674 -0.058341 0.997821
1189.399281 124.477413 -12.824681 3.947755 -0.004687 0.029638 -0.058259 0.997850
1189.499121 124.601120 -12.837382 3.951649 -0.005009 0.027699 -0.058696 0.997879
1189.599776 124.726988 -12.855118 3.954351 -0.005106 0.026181 -0.058786 0.997914
1189.699617 124.845455 -12.870754 3.955527 -0.004322 0.025299 -0.059045 0.997925
1189.799458 124.955374 -12.878773 3.952409 -0.003343 0.024308 -0.059251 0.997942
1189.899285 125.057223 -12.884893 3.949035 -0.003127 0.023922 -0.059338 0.997946
1189.999120 125.160745 -12.894391 3.948757 -0.003709 0.025218 -0.059260 0.997917
1190.099763 125.265962 -12.909576 3.947021 -0.004933 0.025043 -0.059294 0.997914
1190.199599 125.372042 -12.925862 3.945067 -0.006582 0.024629 -0.059624 0.997895
1190.299449 125.481636 -12.938025 3.946501 -0.006574 0.025131 -0.059803 0.997872
1190.399288 125.593761 -12.950151 3.945698 -0.006277 0.026664 -0.059863 0.997831
1190.499129 125.702231 -12.962364 3.942716 -0.006101 0.028844 -0.059848 0.997772
1190.599762 125.811733 -12.976466 3.943087 -0.005886 0.029924 -0.059940 0.997736
1190.699611 125.908890 -12.988019 3.942975 -0.005765 0.027973 -0.060097 0.997784
1190.799443 126.010360 -12.996317 3.945587 -0.004270 0.025784 -0.060520 0.997825
1190.899277 126.115491 -13.005885 3.944131 -0.003923 0.025139 -0.060838 0.997823
1190.999122 126.226550 -13.022747 3.946295 -0.005284 0.027160 -0.060990 0.997755
1191.099755 126.337547 -13.039284 3.950216 -0.006660 0.028535 -0.060856 0.997716
1191.199589 126.449650 -13.055676 3.953521 -0.007944 0.025333 -0.060773 0.997798
1191.299423 126.567003 -13.070935 3.955950 -0.007522 0.024227 -0.060601 0.997840
1191.399257 126.685621 -13.085691 3.957614 -0.006866 0.024021 -0.060686 0.997844
1191.499497 126.793025 -13.100435 3.961049 -0.005971 0.025146 -0.060494 0.997834
1191.599342 126.888672 -13.110969 3.961099 -0.005061 0.027897 -0.060241 0.997781
1191.699196 126.990229 -13.123339 3.962502 -0.006621 0.030355 -0.059858 0.997723
1191.799827 127.083021 -13.137236 3.966773 -0.006564 0.029761 -0.059330 0.997773
1191.899665 127.187346 -13.154126 3.969809 -0.007662 0.028811 -0.059139 0.997804
1191.999496 127.300856 -13.172581 3.966182 -0.007204 0.028497 -0.058769 0.997839
1192.099345 127.420989 -13.185737 3.967276 -0.006741 0.030752 -0.059119 0.997754
1192.199174 127.534892 -13.197973 3.965290 -0.006757 0.032333 -0.059402 0.997687
1192.299801 127.636554 -13.209799 3.965168 -0.006552 0.033718 -0.059637 0.997629
1192.399650 127.739376 -13.221333 3.963860 -0.005353 0.033041 -0.059597 0.997661
1192.499504 127.844363 -13.232788 3.963919 -0.005762 0.031479 -0.059489 0.997716
1192.599358 127.961404 -13.250553 3.969635 -0.006960 0.030232 -0.059112 0.997769
1192.699202 128.078562 -13.263816 3.971826 -0.007931 0.030038 -0.058668 0.997794
1192.799434 128.187580 -13.278414 3.971992 -0.007479 0.031463 -0.058730 0.997750
1192.899269 128.283968 -13.291747 3.969911 -0.005933 0.031906 -0.058873 0.997738
1192.999528 128.389339 -13.302527 3.971370 -0.004260 0.031351 -0.059281 0.997740
1193.099374 128.506122 -13.314195 3.977295 -0.003643 0.030645 -0.059929 0.997725
1193.199202 128.628593 -13.325738 3.979455 -0.002347 0.029953 -0.060386 0.997723
1193.299437 128.766347 -13.341460 3.976997 -0.003338 0.029883 -0.060554 0.997712
1193.399277 128.909318 -13.357044 3.978068 -0.003612 0.029866 -0.060939 0.997688
1193.499101 129.048382 -13.372585 3.980583 -0.004219 0.029723 -0.061094 0.997680
1193.599739 129.182885 -13.388421 3.984500 -0.004953 0.029985 -0.061359 0.997653
1193.699568 129.304231 -13.400942 3.984980 -0.003022 0.032127 -0.061868 0.997563
1193.799411 129.439220 -13.418029 3.980659 -0.001988 0.033283 -0.062132 0.997511
1193.899257 129.572735 -13.438144 3.978991 -0.003514 0.035336 -0.062603 0.997407
1193.999499 129.693579 -13.456455 3.980478 -0.004327 0.035944 -0.062607 0.997381
1194.099333 129.798555 -13.470337 3.986389 -0.003640 0.034763 -0.062503 0.997433
1194.199163 129.901581 -13.485355 3.990368 -0.004414 0.034099 -0.062043 0.997481
1194.299795 130.027018 -13.503141 3.992231 -0.004212 0.034450 -0.061495 0.997504
1194.399625 130.153096 -13.530312 3.992670 -0.005402 0.036231 -0.061303 0.997447
1194.499454 130.279136 -13.549408 3.989237 -0.006778 0.037694 -0.061706 0.997359
1194.599301 130.402688 -13.561468 3.994250 -0.005578 0.037690 -0.062470 0.997319
1194.699148 130.538516 -13.575853 4.000132 -0.003875 0.035858 -0.062305 0.997405
1194.799798 130.678675 -13.593868 3.995398 -0.004004 0.034076 -0.062049 0.997483
1194.899646 130.811447 -13.614821 3.988317 -0.005405 0.037479 -0.062012 0.997357
1194.999487 130.934764 -13.635833 3.987244 -0.004569 0.042469 -0.061887 0.997169
1195.099322 131.057569 -13.654508 3.995095 -0.004010 0.044275 -0.061994 0.997086
1195.199171 131.188075 -13.671242 4.003416 -0.003668 0.041020 -0.061841 0.997236
1195.299805 131.329330 -13.689643 4.001323 -0.005834 0.037274 -0.061473 0.997395
1195.399648 131.469326 -13.708874 4.003271 -0.007600 0.034935 -0.061248 0.997482
1195.499483 131.606907 -13.731185 4.004747 -0.007600 0.033150 -0.061283 0.997541
1195.599329 131.753026 -13.756813 4.004893 -0.007200 0.031858 -0.061347 0.997582
1195.699169 131.911939 -13.778254 4.009557 -0.006422 0.031033 -0.061635 0.997596
1195.799811 132.065090 -13.796055 4.015938 -0.006365 0.030546 -0.061986 0.997589
1195.899652 132.203866 -13.816769 4.012506 -0.009285 0.029026 -0.062120 0.997603
1195.999496 132.347104 -13.835570 4.008218 -0.016213 0.029069 -0.062465 0.997492
1196.099338 132.490358 -13.849363 4.006354 -0.019924 0.028402 -0.062387 0.997449
1196.199181 132.626765 -13.864727 4.006499 -0.019130 0.026886 -0.062222 0.997517
1196.299820 132.761472 -13.879711 4.011233 -0.015085 0.024745 -0.062170 0.997645
1196.399657 132.895022 -13.891278 4.016246 -0.009562 0.023888 -0.062438 0.997717
1196.499494 133.023921 -13.900144 4.017047 -0.006404 0.023203 -0.062493 0.997755
1196.599325 133.160286 -13.908931 4.014583 -0.005772 0.022089 -0.062543 0.997781
1196.699157 133.297790 -13.923129 4.013350 -0.005742 0.020853 -0.062799 0.997792
1196.799793 133.430621 -13.941153 4.008368 -0.006532 0.019234 -0.062589 0.997833
1196.899640 133.558219 -13.951637 3.996546 -0.007197 0.004178 -0.062691 0.997998
1196.999494 133.678343 -13.961229 4.018628 -0.007835 -0.009325 -0.062651 0.997961
1197.099334 133.797437 -13.965168 4.028316 -0.006260 -0.020034 -0.062887 0.997800
1197.199167 133.908006 -13.969451 4.040189 -0.006406 -0.003674 -0.063256 0.997970
1197.299810 134.009212 -13.972794 4.047400 -0.007652 0.014644 -0.063157 0.997867
1197.399662 134.117241 -13.979132 4.041248 -0.007387 0.018821 -0.062932 0.997813
1197.499497 134.218542 -13.992904 4.050851 -0.007649 0.019387 -0.062651 0.997818
1197.599341 134.315499 -14.005106 4.071769 -0.007821 0.019497 -0.062460 0.997826
1197.699196 134.423675 -14.020142 4.088679 -0.007792 0.020308 -0.062433 0.997812
1197.799843 134.530092 -14.028063 4.114369 -0.007273 0.023854 -0.062731 0.997719
1197.899690 134.636296 -14.035139 4.140800 -0.007240 0.027892 -0.063110 0.997590
1197.999548 134.735263 -14.046848 4.156779 -0.006237 0.030287 -0.063305 0.997515
1198.099389 134.834433 -14.056415 4.169078 -0.005234 0.030834 -0.063655 0.997482
1198.199229 134.930944 -14.063325 4.182288 -0.004311 0.031837 -0.063626 0.997457
1198.299466 135.024523 -14.071820 4.189840 -0.003235 0.036887 -0.063618 0.997287
1198.399311 135.123566 -14.081568 4.197872 -0.003302 0.044091 -0.064098 0.996964
1198.499148 135.225560 -14.090512 4.196693 -0.003617 0.048357 -0.064100 0.996765
1198.599785 135.338270 -14.099784 4.195138 -0.004138 0.049513 -0.064385 0.996687
1198.699628 135.465122 -14.114552 4.194993 -0.004806 0.047827 -0.064389 0.996767
1198.799476 135.586911 -14.131377 4.200214 -0.003921 0.047579 -0.064292 0.996789
1198.899318 135.707741 -14.147725 4.204047 -0.003692 0.048753 -0.064444 0.996723
1198.999162 135.842251 -14.164745 4.201619 -0.003442 0.049765 -0.064763 0.996653
1199.099818 135.977523 -14.176472 4.200651 -0.004383 0.049110 -0.065003 0.996666
1199.199675 136.104705 -14.189702 4.199495 -0.003881 0.045614 -0.065079 0.996829
1199.299503 136.236110 -14.207415 4.200815 -0.004282 0.043771 -0.064907 0.996922
1199.399352 136.361727 -14.226112 4.203667 -0.004281 0.042870 -0.064602 0.996981
1199.499200 136.498020 -14.247004 4.208141 -0.004355 0.045846 -0.064527 0.996853
1199.599448 136.658427 -14.268077 4.208572 -0.004016 0.047626 -0.064645 0.996763
1199.699293 136.818691 -14.282383 4.202311 -0.005053 0.045090 -0.065111 0.996846
1199.799129 136.974719 -14.300059 4.203938 -0.005738 0.040424 -0.065891 0.996991
1199.899755 137.133508 -14.322137 4.209966 -0.004601 0.037939 -0.065958 0.997090
1199.999597 137.286466 -14.340996 4.214130 -0.003470 0.035943 -0.065612 0.997192
1200.099434 137.440160 -14.360385 4.215181 -0.005226 0.037219 -0.065719 0.997130
1200.199278 137.593347 -14.380860 4.214460 -0.006925 0.040287 -0.065834 0.996993
1200.299126 137.750503 -14.401179 4.217500 -0.006552 0.042976 -0.065940 0.996876
1200.399767 137.911204 -14.419058 4.225170 -0.005052 0.042121 -0.066235 0.996902
1200.499609 138.073862 -14.438139 4.225074 -0.003783 0.037137 -0.066488 0.997089
1200.599452 138.226893 -14.461366 4.223183 -0.003970 0.033167 -0.066792 0.997208
1200.699285 138.377629 -14.481396 4.220265 -0.004894 0.030849 -0.067051 0.997261
1200.799124 138.531977 -14.502853 4.224719 -0.004981 0.030968 -0.066837 0.997271
1200.899778 138.702283 -14.524340 4.226582 -0.004846 0.032741 -0.066628 0.997229
1200.999599 138.875125 -14.544519 4.221751 -0.004782 0.034939 -0.066724 0.997148
1201.099428 139.047119 -14.570427 4.221601 -0.004552 0.036319 -0.066591 0.997109
1201.199271 139.207268 -14.594947 4.232090 -0.003661 0.038639 -0.066702 0.997018
1201.299517 139.386209 -14.620454 4.238264 -0.003674 0.038807 -0.067009 0.996991
1201.399350 139.555230 -14.638950 4.238682 -0.003480 0.039173 -0.066857 0.996987
1201.499194 139.716616 -14.660122 4.238867 -0.003177 0.039537 -0.066506 0.996997
1201.599821 139.890757 -14.689011 4.239963 -0.004216 0.038779 -0.065858 0.997066
1201.699664 140.064317 -14.713475 4.239238 -0.005076 0.036437 -0.065623 0.997166
1201.799509 140.236155 -14.736533 4.238656 -0.006169 0.037055 -0.065223 0.997163
1201.899340 140.400828 -14.758407 4.241452 -0.006111 0.038174 -0.065089 0.997130
1201.999170 140.563831 -14.781843 4.245762 -0.005295 0.036969 -0.065173 0.997175
1202.099801 140.728304 -14.805514 4.249041 -0.004779 0.033699 -0.065433 0.997276
1202.199620 140.905303 -14.828319 4.255306 -0.003891 0.028695 -0.065697 0.997419
1202.299466 141.078114 -14.848832 4.263672 -0.004021 0.024947 -0.066201 0.997486
1202.399294 141.246968 -14.872200 4.271930 -0.003536 0.024248 -0.066014 0.997518
1202.499135 141.420576 -14.898636 4.270039 -0.002647 0.024517 -0.065581 0.997543
1202.599770 141.592872 -14.919406 4.269176 -0.003374 0.021848 -0.065347 0.997618
1202.699597 141.761008 -14.937264 4.264759 -0.007202 0.019714 -0.065447 0.997635
1202.799446 141.928681 -14.954971 4.263345 -0.009362 0.015524 -0.065358 0.997697
1202.899282 142.098114 -14.972313 4.264217 -0.012434 0.012840 -0.065395 0.997699
1202.999122 142.253326 -14.992905 4.268904 -0.013297 0.011441 -0.065666 0.997687
1203.099754 142.401471 -15.012019 4.267673 -0.011052 0.011346 -0.066837 0.997638
1203.199595 142.544399 -15.027961 4.269734 -0.007392 0.005477 -0.068124 0.997634
1203.299443 142.677185 -15.040032 4.279841 -0.004636 -0.048313 -0.068776 0.996451
1203.399295 142.796296 -15.053447 4.273384 -0.005454 -0.088590 -0.069094 0.993654
1203.499119 142.906592 -15.061630 4.257446 -0.006618 -0.084490 -0.069726 0.993960
1203.599752 143.001990 -15.069891 4.234478 -0.007085 -0.057312 -0.069635 0.995900
1203.699599 143.080541 -15.073068 4.220577 -0.006911 -0.019430 -0.069282 0.997384
1203.799442 143.144839 -15.083361 4.252769 -0.008144 0.005034 -0.068737 0.997589
1203.899289 143.193854 -15.087906 4.291173 -0.006712 0.010115 -0.068657 0.997566
1203.999124 143.239532 -15.096727 4.299171 -0.006412 0.002385 -0.068687 0.997615
1204.099767 143.291043 -15.106956 4.279064 -0.005704 0.001172 -0.068495 0.997634
1204.199600 143.334614 -15.111555 4.271146 -0.005987 0.009147 -0.068749 0.997574
1204.299443 143.370530 -15.116641 4.279387 -0.006411 0.018329 -0.068698 0.997449
1204.399297 143.402237 -15.123059 4.279696 -0.005649 0.022554 -0.068624 0.997372
1204.499139 143.434376 -15.129751 4.284798 -0.006058 0.022791 -0.068509 0.997372
1204.599770 143.470169 -15.134094 4.285108 -0.005755 0.021505 -0.068555 0.997399
1204.699608 143.507743 -15.136165 4.278647 -0.005193 0.020655 -0.068614 0.997416
1204.799450 143.548722 -15.144183 4.273894 -0.004948 0.022979 -0.068624 0.997366
1204.899274 143.591896 -15.153321 4.277284 -0.004197 0.027220 -0.068719 0.997256
1204.999519 143.625231 -15.160815 4.282958 -0.003945 0.030347 -0.068679 0.997169
1205.099357 143.666829 -15.164807 4.287864 -0.004369 0.032025 -0.068845 0.997104
1205.199202 143.719554 -15.167901 4.286506 -0.004343 0.032203 -0.068641 0.997112
1205.299438 143.781283 -15.174858 4.281788 -0.004735 0.031107 -0.068305 0.997168
1205.399276 143.836472 -15.186347 4.280915 -0.004556 0.031045 -0.068359 0.997167
1205.499508 143.885641 -15.200354 4.285399 -0.004815 0.032891 -0.068014 0.997130
1205.599344 143.934312 -15.213219 4.294335 -0.004427 0.036584 -0.067825 0.997016
1205.699181 143.974407 -15.221995 4.299388 -0.004682 0.037861 -0.067789 0.996970
1205.799823 144.025580 -15.228063 4.307163 -0.005244 0.037007 -0.067738 0.997003
1205.899667 144.070196 -15.231990 4.313623 -0.005498 0.036258 -0.067854 0.997021
1205.999503 144.123507 -15.245299 4.317171 -0.006156 0.038550 -0.067481 0.996957
1206.099334 144.178195 -15.260586 4.320685 -0.006294 0.043875 -0.067342 0.996745
1206.199174 144.243994 -15.270922 4.327897 -0.005089 0.047665 -0.067215 0.996586
1206.299808 144.313732 -15.279701 4.345222 -0.005018 0.047899 -0.067256 0.996573
1206.399632 144.386877 -15.293703 4.363957 -0.006149 0.047031 -0.067318 0.996604
1206.499467 144.453694 -15.306993 4.377452 -0.006579 0.044476 -0.067168 0.996728
1206.599314 144.522994 -15.316198 4.384406 -0.010463 0.041922 -0.067232 0.996801
1206.699146 144.599254 -15.323804 4.380640 -0.014826 0.041476 -0.067490 0.996747
1206.799792 144.686800 -15.334065 4.387287 -0.015768 0.045286 -0.067113 0.996592
1206.899640 144.782600 -15.348571 4.389766 -0.016280 0.048367 -0.066997 0.996447
1206.999476 144.880052 -15.355014 4.396834 -0.015885 0.047968 -0.066900 0.996479
1207.099322 144.986597 -15.359663 4.402964 -0.012502 0.044322 -0.066692 0.996710
1207.199159 145.092854 -15.364600 4.397327 -0.012147 0.040628 -0.066889 0.996859
1207.299809 145.195122 -15.368045 4.386941 -0.011572 0.038324 -0.067215 0.996935
1207.399649 145.302122 -15.374313 4.386870 -0.011031 0.035802 -0.067248 0.997033
1207.499492 145.404074 -15.378685 4.394862 -0.010839 0.031850 -0.067251 0.997169
1207.599335 145.513636 -15.378992 4.395470 -0.012217 0.027414 -0.067653 0.997257
1207.699175 145.618130 -15.378611 4.386790 -0.012907 0.025156 -0.067709 0.997304
1207.799815 145.724221 -15.376077 4.381217 -0.014104 0.027636 -0.067780 0.997218
1207.899646 145.832560 -15.372025 4.378666 -0.013224 0.030949 -0.068077 0.997112
1207.999476 145.943692 -15.367449 4.383606 -0.010210 0.033798 -0.067888 0.997068
1208.099317 146.056761 -15.365722 4.389720 -0.007765 0.034119 -0.067845 0.997082
1208.199153 146.171230 -15.366958 4.389684 -0.005540 0.033258 -0.067976 0.997117
1208.299795 146.279672 -15.366736 4.380649 -0.004335 0.030819 -0.067978 0.997201
1208.399621 146.381168 -15.363130 4.376445 -0.004172 0.030488 -0.068043 0.997208
1208.499465 146.483636 -15.357856 4.374225 -0.003930 0.030630 -0.067832 0.997219
1208.599301 146.591170 -15.352023 4.378549 -0.003158 0.030807 -0.067461 0.997241
1208.699130 146.711441 -15.348468 4.381732 -0.003776 0.030342 -0.067433 0.997255
1208.799776 146.832360 -15.348499 4.375690 -0.003975 0.029238 -0.067693 0.997270
1208.899607 146.944728 -15.348102 4.371521 -0.003914 0.028755 -0.067985 0.997264
1208.999444 147.058891 -15.346874 4.371259 -0.002682 0.028328 -0.068329 0.997257
1209.099288 147.176215 -15.343473 4.370491 -0.001863 0.028323 -0.068980 0.997214
1209.199140 147.291343 -15.342042 4.369309 -0.002572 0.029763 -0.069299 0.997149
1209.299781 147.407175 -15.345214 4.367163 -0.002005 0.028717 -0.069381 0.997175
1209.399612 147.525117 -15.345360 4.367185 -0.001325 0.023382 -0.071189 0.997188
1209.499457 147.642313 -15.348171 4.367101 -0.001475 0.017069 -0.072713 0.997206
1209.599283 147.756733 -15.353341 4.366468 -0.000034 0.013321 -0.075212 0.997079
1209.699117 147.872510 -15.363568 4.367386 -0.002094 0.012859 -0.076968 0.996948
1209.799754 147.983811 -15.369021 4.363386 -0.003056 0.012827 -0.077973 0.996868
1209.899596 148.089220 -15.370583 4.357402 -0.003987 0.013118 -0.078246 0.996840
1209.999432 148.188484 -15.375138 4.359616 -0.003461 0.015345 -0.078190 0.996814
1210.099256 148.283862 -15.383112 4.363861 -0.004195 0.016439 -0.078149 0.996797
1210.199489 148.371032 -15.394621 4.369365 -0.004922 0.017005 -0.078013 0.996795
1210.299341 148.457882 -15.399296 4.372683 -0.005603 0.017810 -0.078228 0.996761
1210.399174 148.547392 -15.403509 4.373336 -0.005308 0.018778 -0.078256 0.996742
1210.499810 148.644095 -15.409125 4.374208 -0.005441 0.019123 -0.078174 0.996741
1210.599651 148.742386 -15.417908 4.373312 -0.005501 0.018977 -0.078083 0.996751
1210.699499 148.835540 -15.424120 4.372556 -0.005597 0.018369 -0.078296 0.996745
1210.799331 148.924798 -15.431332 4.367725 -0.005498 0.019461 -0.078034 0.996746
1210.899177 149.024670 -15.441007 4.369227 -0.006169 0.021622 -0.078302 0.996676
1210.999805 149.130662 -15.454166 4.377120 -0.005348 0.025532 -0.078215 0.996595
1211.099653 149.231676 -15.464825 4.367968 -0.004995 0.027420 -0.077871 0.996574
1211.199488 149.330806 -15.468430 4.356686 -0.004606 0.028468 -0.077966 0.996539
1211.299312 149.415489 -15.470572 4.359225 -0.004090 0.028126 -0.077932 0.996553
1211.399155 149.488627 -15.480350 4.367236 -0.005304 0.027636 -0.077983 0.996557
1211.499801 149.569328 -15.493461 4.373293 -0.006179 0.026916 -0.078031 0.996568
1211.599642 149.659327 -15.506531 4.374834 -0.005304 0.028237 -0.078038 0.996536
1211.699478 149.741535 -15.522290 4.372058 -0.005170 0.029246 -0.077495 0.996550
1211.799312 149.821636 -15.528359 4.372434 -0.003995 0.028585 -0.077129 0.996603
1211.899143 149.902327 -15.533106 4.372535 -0.004701 0.025942 -0.076875 0.996692
1211.999793 149.989067 -15.539465 4.370817 -0.005730 0.023832 -0.076376 0.996778
1212.099637 150.070329 -15.549095 4.368173 -0.007307 0.023506 -0.075728 0.996825
1212.199469 150.147460 -15.562726 4.372558 -0.008758 0.024451 -0.075397 0.996815
1212.299306 150.228000 -15.570749 4.378085 -0.009057 0.025034 -0.075560 0.996786
1212.399153 150.323371 -15.579411 4.383948 -0.009634 0.025713 -0.076300 0.996707
1212.499791 150.428119 -15.591879 4.379585 -0.008854 0.026077 -0.077485 0.996613
1212.599634 150.525204 -15.603292 4.380048 -0.005482 0.027814 -0.078172 0.996537
1212.699478 150.615533 -15.614538 4.375429 -0.003635 0.028511 -0.078478 0.996501
1212.799327 150.695864 -15.623585 4.370744 -0.002748 0.031441 -0.078755 0.996394
1212.899170 150.790222 -15.633603 4.373118 -0.002712 0.034884 -0.079189 0.996245
1212.999813 150.887415 -15.643804 4.382706 -0.002005 0.035044 -0.079552 0.996212
1213.099643 150.988611 -15.654362 4.391976 -0.002618 0.031134 -0.080276 0.996283
1213.199495 151.091006 -15.664835 4.386303 -0.002604 0.029331 -0.081031 0.996276
1213.299351 151.185998 -15.676853 4.374127 -0.003402 0.028355 -0.081446 0.996269
1213.399192 151.281942 -15.689198 4.366964 -0.003493 0.028655 -0.081749 0.996235
1213.499841 151.382236 -15.699657 4.364646 -0.003124 0.029518 -0.081959 0.996194
1213.599662 151.476743 -15.714016 4.368288 -0.003976 0.032222 -0.081819 0.996118
1213.699508 151.573108 -15.730765 4.372827 -0.004645 0.032897 -0.081452 0.996123
1213.799350 151.674240 -15.747630 4.372923 -0.005863 0.031693 -0.081090 0.996185
1213.899181 151.771124 -15.766862 4.370957 -0.007658 0.029154 -0.080753 0.996278
1213.999831 151.861984 -15.782822 4.371269 -0.008261 0.029072 -0.080437 0.996301
1214.099664 151.957606 -15.796492 4.368201 -0.008727 0.028603 -0.080828 0.996279
1214.199513 152.062060 -15.811502 4.362594 -0.008276 0.028015 -0.080814 0.996301
1214.299354 152.157632 -15.827989 4.364660 -0.007055 0.027271 -0.080840 0.996329
1214.399184 152.258633 -15.841332 4.367229 -0.005743 0.027255 -0.081018 0.996323
1214.499823 152.368367 -15.859246 4.371717 -0.005105 0.027649 -0.080645 0.996346
1214.599664 152.474410 -15.880515 4.370667 -0.005928 0.028846 -0.080133 0.996349
1214.699488 152.577237 -15.899806 4.372007 -0.007337 0.029487 -0.079740 0.996352
1214.799327 152.673671 -15.914770 4.374180 -0.008659 0.029013 -0.079268 0.996393
1214.899160 152.761211 -15.925705 4.373877 -0.008229 0.028299 -0.078815 0.996454
1214.999790 152.852802 -15.939147 4.375219 -0.008062 0.028721 -0.078605 0.996459
1215.099633 152.949891 -15.954053 4.374260 -0.007212 0.029401 -0.078448 0.996459
1215.199475 153.049499 -15.972565 4.371319 -0.006188 0.030993 -0.078449 0.996417
1215.299326 153.147339 -15.992486 4.369725 -0.005419 0.031398 -0.078321 0.996419
1215.399168 153.252881 -16.012900 4.370304 -0.005464 0.029733 -0.078125 0.996485
1215.499802 153.364679 -16.030398 4.374765 -0.006454 0.027123 -0.078069 0.996558
1215.599640 153.476863 -16.043925 4.383861 -0.007435 0.026901 -0.078203 0.996547
1215.699490 153.583885 -16.058915 4.383043 -0.008347 0.027240 -0.078402 0.996515
1215.799343 153.697931 -16.078982 4.376434 -0.007825 0.028560 -0.078609 0.996466
1215.899185 153.808850 -16.098425 4.366417 -0.007774 0.028988 -0.078732 0.996444
1215.999817 153.913209 -16.116815 4.365428 -0.007628 0.029303 -0.078970 0.996417
1216.099659 154.008438 -16.137923 4.366765 -0.008482 0.028851 -0.079017 0.996420
1216.199501 154.107154 -16.162647 4.366817 -0.009391 0.027794 -0.078752 0.996462
1216.299360 154.211664 -16.180239 4.371556 -0.009568 0.026975 -0.078761 0.996483
1216.399214 154.322795 -16.198202 4.376630 -0.010328 0.026557 -0.078368 0.996517
1216.499454 154.427320 -16.218065 4.381553 -0.009573 0.025661 -0.078038 0.996574
1216.599296 154.541216 -16.240499 4.387227 -0.011481 0.023016 -0.078161 0.996609
1216.699121 154.658491 -16.254138 4.386193 -0.013827 0.019722 -0.078628 0.996613
1216.799752 154.779517 -16.275092 4.392296 -0.015792 0.017373 -0.078332 0.996651
1216.899603 154.898478 -16.294435 4.388237 -0.015337 0.016894 -0.078650 0.996641
1216.999442 155.018323 -16.306888 4.382858 -0.014494 0.018130 -0.078885 0.996613
1217.099281 155.131286 -16.326244 4.380126 -0.012415 0.020945 -0.078451 0.996621
1217.199126 155.240485 -16.349662 4.381615 -0.012074 0.023152 -0.078282 0.996589
1217.299762 155.338976 -16.364200 4.378491 -0.011887 0.023447 -0.078529 0.996565
1217.399596 155.430137 -16.373720 4.379379 -0.010726 0.023100 -0.078435 0.996594
1217.499430 155.523765 -16.378826 4.389436 -0.009485 0.023451 -0.078292 0.996610
1217.599270 155.624033 -16.389192 4.386363 -0.008112 0.023862 -0.078036 0.996632
1217.699530 155.738317 -16.405819 4.378043 -0.007995 0.023900 -0.077879 0.996644
1217.799363 155.846848 -16.423770 4.376876 -0.008265 0.023101 -0.077869 0.996662
1217.899214 155.940808 -16.440428 4.375570 -0.009162 0.022626 -0.077544 0.996690
1217.999451 156.038322 -16.455629 4.376331 -0.009674 0.022404 -0.077238 0.996714
1218.099293 156.137191 -16.468229 4.384938 -0.010861 0.023025 -0.077301 0.996683
1218.199136 156.233246 -16.478020 4.397200 -0.010913 0.023595 -0.076992 0.996693
1218.299769 156.342957 -16.487880 4.410132 -0.010640 0.024184 -0.077143 0.996670
1218.399612 156.442846 -16.502931 4.420854 -0.010293 0.024653 -0.077176 0.996659
1218.499444 156.531644 -16.524500 4.432930 -0.009490 0.025638 -0.077386 0.996626
1218.599284 156.613424 -16.540613 4.446404 -0.009099 0.026885 -0.077700 0.996573
1218.699130 156.704229 -16.547976 4.460817 -0.009027 0.028067 -0.078303 0.996494
1218.799767 156.793176 -16.553939 4.478499 -0.008833 0.030249 -0.079056 0.996372
1218.899604 156.885952 -16.569104 4.500081 -0.008170 0.031894 -0.079285 0.996308
1218.999455 156.979519 -16.582238 4.513604 -0.007092 0.031907 -0.079638 0.996288
1219.099288 157.082319 -16.593142 4.520740 -0.006887 0.030220 -0.080271 0.996291
1219.199127 157.181775 -16.605012 4.530692 -0.006863 0.030372 -0.080421 0.996274
1219.299761 157.275671 -16.614442 4.539721 -0.006659 0.031637 -0.080429 0.996236
1219.399587 157.368742 -16.627403 4.553171 -0.007064 0.032381 -0.080546 0.996200
1219.499426 157.465724 -16.647497 4.568843 -0.008108 0.031458 -0.080007 0.996265
1219.599269 157.554888 -16.664518 4.578619 -0.008388 0.030645 -0.079501 0.996328
1219.699512 157.650173 -16.677210 4.580497 -0.008239 0.029693 -0.079161 0.996385
1219.799340 157.749749 -16.686928 4.574607 -0.008783 0.030076 -0.078790 0.996399
1219.899182 157.864026 -16.705628 4.577090 -0.008794 0.032012 -0.078377 0.996371
1219.999822 157.982165 -16.722868 4.586422 -0.007746 0.035667 -0.078536 0.996243
1220.099668 158.092523 -16.736625 4.594673 -0.005748 0.039023 -0.079001 0.996094
1220.199505 158.202294 -16.746517 4.602243 -0.004526 0.038524 -0.079830 0.996054
1220.299342 158.308968 -16.757263 4.603821 -0.004154 0.034833 -0.080204 0.996161
1220.399185 158.408819 -16.769403 4.604371 -0.004532 0.033100 -0.080917 0.996161
1220.499829 158.513502 -16.786464 4.603332 -0.004016 0.033023 -0.081387 0.996127
1220.599658 158.613055 -16.806018 4.600561 -0.004428 0.033871 -0.081038 0.996126
1220.699488 158.714370 -16.822984 4.600296 -0.005333 0.033607 -0.080952 0.996137
1220.799331 158.823352 -16.840343 4.605911 -0.005714 0.032296 -0.080299 0.996231
1220.899159 158.945757 -16.855939 4.608114 -0.005904 0.030259 -0.079849 0.996330
1220.999798 159.062959 -16.875988 4.611529 -0.007090 0.030896 -0.079670 0.996317
1221.099655 159.177855 -16.896272 4.611261 -0.006774 0.032497 -0.079651 0.996270
1221.199499 159.296751 -16.913219 4.600754 -0.006988 0.033287 -0.079791 0.996231
1221.299346 159.411323 -16.924221 4.599371 -0.006849 0.032166 -0.079833 0.996266
1221.399196 159.515238 -16.933210 4.600462 -0.007363 0.030860 -0.080242 0.996270
1221.499831 159.604215 -16.943137 4.601987 -0.006565 0.029928 -0.080346 0.996296
1221.599685 159.679163 -16.958346 4.604984 -0.006689 0.028909 -0.080012 0.996352
1221.699522 159.754892 -16.975220 4.608656 -0.006977 0.029297 -0.079749 0.996360
1221.799371 159.835077 -16.983589 4.606682 -0.006081 0.030238 -0.079828 0.996331
1221.899205 159.916935 -16.991496 4.601780 -0.005606 0.030694 -0.079758 0.996326
1221.999444 160.020314 -17.005142 4.599259 -0.004554 0.031336 -0.080046 0.996288
1222.099290 160.129237 -17.025425 4.601135 -0.004482 0.030544 -0.080424 0.996283
1222.199139 160.230343 -17.039625 4.607145 -0.005078 0.029384 -0.080600 0.996300
1222.299768 160.340566 -17.053943 4.611323 -0.005846 0.027363 -0.080422 0.996368
1222.399601 160.451996 -17.067866 4.613004 -0.006510 0.028428 -0.080295 0.996344
1222.499439 160.578264 -17.084644 4.613391 -0.010288 0.031294 -0.080354 0.996222
1222.599290 160.702201 -17.106039 4.616003 -0.012599 0.034430 -0.080697 0.996064
1222.699136 160.808485 -17.125311 4.616132 -0.010404 0.033509 -0.080888 0.996105
1222.799780 160.914415 -17.140122 4.613670 -0.007730 0.032316 -0.081304 0.996135
1222.899620 161.013483 -17.154950 4.610297 -0.006116 0.032551 -0.081495 0.996123
1222.999467 161.110393 -17.166044 4.608247 -0.006625 0.034521 -0.081844 0.996025
1223.099319 161.222299 -17.177766 4.605018 -0.006330 0.035547 -0.081770 0.995997
1223.199150 161.323098 -17.188595 4.619565 -0.007206 0.036378 -0.081662 0.995970
1223.299792 161.422387 -17.205811 4.623460 -0.008377 0.035451 -0.081833 0.995980
1223.399626 161.518838 -17.224536 4.621823 -0.013008 0.034192 -0.081683 0.995987
1223.499457 161.622308 -17.238845 4.619549 -0.014948 0.034346 -0.081700 0.995953
1223.599289 161.722440 -17.248364 4.626439 -0.014542 0.036026 -0.081433 0.995921
1223.699128 161.829416 -17.259931 4.625181 -0.013411 0.036681 -0.081070 0.995943
1223.799775 161.937627 -17.269487 4.621047 -0.012607 0.036342 -0.081182 0.995957
1223.899608 162.050526 -17.279487 4.627823 -0.012158 0.034861 -0.081278 0.996007
1223.999442 162.163038 -17.289364 4.632783 -0.012387 0.033998 -0.081348 0.996029
1224.099282 162.260474 -17.300004 4.632509 -0.010527 0.034754 -0.081230 0.996034
1224.199126 162.362385 -17.308821 4.628836 -0.009104 0.035303 -0.081376 0.996016
1224.299773 162.472326 -17.316379 4.627247 -0.009844 0.035354 -0.081457 0.996001
1224.399608 162.577432 -17.320361 4.628732 -0.010655 0.035545 -0.081579 0.995976
1224.499441 162.687211 -17.327150 4.632680 -0.010960 0.035114 -0.081593 0.995987
1224.599271 162.806135 -17.338381 4.636220 -0.012413 0.035057 -0.081598 0.995971
1224.699496 162.932833 -17.347153 4.635528 -0.012744 0.036396 -0.081553 0.995923
1224.799340 163.058689 -17.352831 4.631259 -0.012318 0.037472 -0.081506 0.995892
1224.899192 163.175202 -17.358792 4.624421 -0.012359 0.036597 -0.081603 0.995916
1224.999834 163.292649 -17.364049 4.619983 -0.012270 0.034484 -0.081749 0.995981
1225.099677 163.412180 -17.370631 4.610777 -0.012349 0.031003 -0.081698 0.996098
1225.199502 163.530307 -17.371985 4.623408 -0.010573 0.030576 -0.081755 0.996127
1225.299341 163.644109 -17.372853 4.640465 -0.009578 0.032494 -0.081622 0.996087
1225.399171 163.748793 -17.377634 4.642300 -0.008514 0.032314 -0.081242 0.996134
1225.499807 163.852663 -17.380662 4.636982 -0.007849 0.031614 -0.081203 0.996165
1225.599662 163.957145 -17.384705 4.631376 -0.007415 0.031822 -0.081364 0.996149
1225.699510 164.061172 -17.394624 4.624969 -0.007117 0.031617 -0.081423 0.996153
1225.799351 164.177850 -17.400121 4.622754 -0.007799 0.030282 -0.081568 0.996177
1225.899194 164.288729 -17.399863 4.622028 -0.008077 0.031761 -0.081779 0.996112
1225.999840 164.391472 -17.404318 4.627745 -0.007454 0.032910 -0.081534 0.996099
1226.099676 164.481394 -17.410135 4.629234 -0.007776 0.031546 -0.081535 0.996141
1226.199526 164.570090 -17.413896 4.626681 -0.007506 0.029331 -0.081922 0.996179
1226.299378 164.659383 -17.420338 4.620999 -0.007620 0.027132 -0.082011 0.996233
1226.399232 164.765651 -17.425410 4.614156 -0.007633 0.025403 -0.081845 0.996292
1226.499469 164.880496 -17.436331 4.616644 -0.008660 0.025723 -0.081593 0.996296
1226.599306 164.988452 -17.447838 4.619862 -0.009557 0.026033 -0.081219 0.996310
1226.699138 165.094614 -17.457446 4.615293 -0.010567 0.026960 -0.080990 0.996294
1226.799779 165.205424 -17.466617 4.612796 -0.010537 0.027947 -0.081011 0.996266
1226.899600 165.315720 -17.476563 4.614682 -0.009006 0.028807 -0.081055 0.996253
1226.999432 165.418488 -17.484644 4.618139 -0.008454 0.027306 -0.081154 0.996292
1227.099263 165.507950 -17.487896 4.617982 -0.008246 0.026716 -0.081186 0.996307
1227.199516 165.587703 -17.492517 4.610907 -0.008527 0.026720 -0.081141 0.996308
1227.299358 165.668896 -17.503469 4.607432 -0.008921 0.026589 -0.081111 0.996310
1227.399191 165.761617 -17.510823 4.612152 -0.008834 0.010929 -0.081151 0.996603
1227.499831 165.846872 -17.520268 4.625637 -0.008451 0.000279 -0.081058 0.996673
1227.599674 165.923736 -17.526874 4.612058 -0.008694 -0.005632 -0.081540 0.996616
1227.699509 165.988259 -17.531518 4.603831 -0.008191 0.008309 -0.081506 0.996605
1227.799352 166.048060 -17.536309 4.594302 -0.007525 0.022656 -0.081324 0.996402
1227.899196 166.107923 -17.543031 4.597203 -0.008633 0.027148 -0.081310 0.996282
1227.999852 166.162389 -17.552414 4.606877 -0.008499 0.028136 -0.081029 0.996278
1228.099698 166.212228 -17.557382 4.621019 -0.008084 0.027410 -0.081028 0.996302
1228.199517 166.278535 -17.561163 4.617958 -0.007192 0.028783 -0.081137 0.996261
1228.299367 166.348674 -17.567000 4.603400 -0.006618 0.029862 -0.080946 0.996249
1228.399207 166.422091 -17.575229 4.590736 -0.007261 0.031227 -0.080858 0.996210
1228.499449 166.503782 -17.583293 4.592775 -0.007396 0.032996 -0.080986 0.996142
1228.599295 166.581454 -17.588887 4.604350 -0.007190 0.033674 -0.081106 0.996111
1228.699132 166.652351 -17.595174 4.610886 -0.006487 0.034601 -0.081077 0.996086
1228.799770 166.719253 -17.601085 4.613044 -0.006404 0.036421 -0.081226 0.996009
1228.899617 166.786523 -17.611410 4.611689 -0.006159 0.037319 -0.081196 0.995980
1228.999443 166.862715 -17.621662 4.605525 -0.006632 0.037788 -0.081178 0.995961
1229.099290 166.936859 -17.631017 4.604274 -0.006963 0.038190 -0.081292 0.995934
1229.199131 167.015463 -17.634741 4.603337 -0.007273 0.037013 -0.081738 0.995940
1229.299780 167.093164 -17.640846 4.601165 -0.006417 0.035010 -0.081607 0.996029
1229.399626 167.167951 -17.650907 4.596920 -0.006034 0.036253 -0.081508 0.995995
1229.499455 167.242186 -17.666055 4.590436 -0.007213 0.038165 -0.081591 0.995909
1229.599294 167.322252 -17.678534 4.589873 -0.006929 0.040069 -0.081547 0.995840
1229.699141 167.402878 -17.690103 4.594754 -0.006605 0.039091 -0.080676 0.995952
1229.799775 167.495136 -17.701891 4.600324 -0.006691 0.036605 -0.080057 0.996095
1229.899620 167.588494 -17.715072 4.607635 -0.009708 0.034134 -0.079519 0.996201
1229.999478 167.683124 -17.722000 4.607407 -0.010587 0.033998 -0.079969 0.996161
1230.099320 167.772591 -17.729060 4.605440 -0.008896 0.034433 -0.080275 0.996138
1230.199165 167.864705 -17.742496 4.598067 -0.008129 0.032826 -0.080694 0.996165
1230.299814 167.957315 -17.756656 4.605927 -0.006971 0.029475 -0.081283 0.996231
1230.399639 168.036540 -17.769828 4.616018 -0.007426 0.027700 -0.081930 0.996225
1230.499483 168.108992 -17.777618 4.614371 -0.006661 0.027195 -0.082650 0.996185
1230.599315 168.177169 -17.785066 4.613798 -0.005639 0.028928 -0.083669 0.996058
1230.699161 168.250752 -17.793055 4.611249 -0.004673 0.030773 -0.084006 0.995979
1230.799800 168.343000 -17.802195 4.608028 -0.003951 0.033883 -0.083829 0.995896
1230.899644 168.440859 -17.818512 4.603900 -0.004058 0.034531 -0.083641 0.995889
1230.999485 168.537974 -17.836496 4.605882 -0.004160 0.037226 -0.083502 0.995803
1231.099324 168.625858 -17.847253 4.604650 -0.003210 0.038813 -0.083883 0.995714
1231.199159 168.729818 -17.856008 4.602173 -0.002921 0.039194 -0.084078 0.995684
1231.299796 168.844542 -17.864571 4.599779 -0.004250 0.038451 -0.083712 0.995739
1231.399645 168.940342 -17.883842 4.604655 -0.007470 0.037038 -0.082676 0.995860
1231.499490 169.016531 -17.909376 4.612062 -0.010362 0.035744 -0.081877 0.995947
1231.599326 169.107752 -17.928631 4.617221 -0.010461 0.036890 -0.081728 0.995917
1231.699150 169.198226 -17.938414 4.614642 -0.010556 0.038880 -0.080585 0.995933
1231.799782 169.275673 -17.950866 4.608673 -0.010262 0.041288 -0.077905 0.996053
1231.899619 169.367405 -17.963172 4.605304 -0.008246 0.042552 -0.075794 0.996181
1231.999456 169.473542 -17.973009 4.608060 -0.007256 0.041057 -0.074782 0.996328
1232.099281 169.575301 -17.989062 4.610643 -0.007219 0.037455 -0.073892 0.996537
1232.199138 169.673449 -18.006012 4.608227 -0.006517 0.036360 -0.073949 0.996578
1232.299786 169.769607 -18.019992 4.597901 -0.006281 0.037109 -0.074335 0.996523
1232.399629 169.871320 -18.035132 4.602789 -0.006024 0.038389 -0.074166 0.996489
1232.499467 169.974860 -18.047481 4.608698 -0.006764 0.037272 -0.074592 0.996494
1232.599295 170.069131 -18.062375 4.612249 -0.006946 0.036836 -0.074751 0.996497
1232.699134 170.168718 -18.078112 4.605336 -0.007263 0.036348 -0.074819 0.996508
1232.799778 170.281834 -18.094019 4.601511 -0.007296 0.036244 -0.074780 0.996514
1232.899605 170.392112 -18.111938 4.600249 -0.006337 0.037346 -0.074752 0.996482
1232.999457 170.503186 -18.134157 4.599477 -0.006587 0.039919 -0.074809 0.996377
1233.099315 170.621602 -18.143711 4.598608 -0.006700 0.043051 -0.075272 0.996211
1233.199150 170.740546 -18.149942 4.596078 -0.006766 0.045228 -0.076182 0.996045
1233.299794 170.848859 -18.169036 4.605530 -0.005670 0.044010 -0.076295 0.996097
1233.399635 170.950057 -18.194964 4.612472 -0.007670 0.042618 -0.075393 0.996213
1233.499467 171.058427 -18.221795 4.613166 -0.011643 0.044066 -0.072180 0.996350
1233.599315 171.164386 -18.237017 4.610372 -0.013290 0.044379 -0.067887 0.996617
1233.699156 171.268591 -18.241446 4.608729 -0.014416 0.044110 -0.063326 0.996913
1233.799786 171.383130 -18.249174 4.608030 -0.014842 0.042282 -0.058419 0.997286
1233.899637 171.502517 -18.263579 4.612223 -0.015507 0.039661 -0.054935 0.997581
1233.999481 171.620446 -18.279443 4.621321 -0.016161 0.037587 -0.051101 0.997855
1234.099307 171.737028 -18.296408 4.626043 -0.014676 0.037375 -0.046533 0.998109
1234.199162 171.852672 -18.311139 4.621670 -0.009653 0.038238 -0.044648 0.998224
1234.299810 171.978983 -18.318055 4.613961 -0.007117 0.038438 -0.045045 0.998220
1234.399649 172.106787 -18.327083 4.605615 -0.008171 0.036626 -0.045486 0.998260
1234.499487 172.241321 -18.340079 4.612629 -0.008125 0.034068 -0.046020 0.998326
1234.599334 172.371772 -18.349633 4.619891 -0.007492 0.029899 -0.046567 0.998439
1234.699172 172.490490 -18.361801 4.615599 -0.006081 0.025208 -0.046603 0.998577
1234.799820 172.623668 -18.376741 4.616957 -0.006556 0.022867 -0.046525 0.998634
1234.899654 172.754586 -18.390725 4.618747 -0.006738 0.022101 -0.046347 0.998658
1234.999503 172.879951 -18.403406 4.620651 -0.007928 0.022399 -0.045886 0.998664
1235.099333 172.998155 -18.413165 4.614867 -0.008254 0.022102 -0.045594 0.998681
1235.199164 173.101747 -18.426057 4.604577 -0.008547 0.022311 -0.045414 0.998683
1235.299815 173.203960 -18.439320 4.603871 -0.008831 0.023446 -0.045328 0.998658
1235.399672 173.291140 -18.450299 4.609327 -0.008510 0.025500 -0.045171 0.998618
1235.499518 173.374961 -18.454757 4.616274 -0.009342 0.027831 -0.045433 0.998536
1235.599364 173.455665 -18.461791 4.618442 -0.011295 0.028844 -0.045936 0.998464
1235.699220 173.542172 -18.474309 4.615745 -0.010168 0.026106 -0.046266 0.998536
1235.799455 173.645131 -18.486555 4.614616 -0.006736 0.025494 -0.046849 0.998554
1235.899288 173.750176 -18.500298 4.610370 -0.004397 0.029940 -0.046372 0.998466
1235.999132 173.836877 -18.510605 4.613199 -0.007168 0.033660 -0.045466 0.998373
1236.099780 173.928881 -18.517104 4.622412 -0.009669 0.033589 -0.045050 0.998373
1236.199629 174.027660 -18.524742 4.625502 -0.010692 0.032042 -0.044492 0.998439
1236.299467 174.132886 -18.533652 4.624165 -0.010324 0.029888 -0.044191 0.998523
1236.399297 174.233821 -18.542777 4.623054 -0.010234 0.028376 -0.044609 0.998549
1236.499147 174.348081 -18.555002 4.619806 -0.008291 0.030358 -0.045130 0.998485
1236.599800 174.462317 -18.566975 4.618978 -0.007075 0.033864 -0.045649 0.998358
1236.699628 174.576376 -18.578190 4.619851 -0.005954 0.034532 -0.045698 0.998340
1236.799475 174.684771 -18.587039 4.626252 -0.006122 0.035263 -0.045950 0.998302
1236.899300 174.773989 -18.595716 4.623825 -0.007939 0.034755 -0.045774 0.998315
1236.999151 174.852630 -18.602569 4.624399 -0.007361 0.034226 -0.045509 0.998350
1237.099799 174.934399 -18.608271 4.629685 -0.008468 0.031878 -0.045381 0.998425
1237.199645 175.014420 -18.618792 4.631025 -0.007628 0.030454 -0.045231 0.998483
1237.299467 175.091216 -18.629049 4.631593 -0.007828 0.030596 -0.045436 0.998468
1237.399314 175.177075 -18.633623 4.635169 -0.006593 0.031024 -0.046106 0.998433
1237.499150 175.265535 -18.635543 4.642094 -0.005423 0.029280 -0.046414 0.998478
1237.599794 175.350172 -18.644574 4.639546 -0.004632 0.027992 -0.046293 0.998525
1237.699642 175.438423 -18.654018 4.638213 -0.005870 0.028922 -0.046413 0.998486
1237.799478 175.534168 -18.664144 4.640298 -0.006472 0.029485 -0.046516 0.998461
1237.899313 175.623745 -18.677128 4.636176 -0.007782 0.028338 -0.046233 0.998498
1237.999162 175.710502 -18.690080 4.634139 -0.007796 0.027320 -0.046180 0.998529
1238.099807 175.802520 -18.699381 4.634190 -0.007779 0.025572 -0.046354 0.998567
1238.199648 175.895137 -18.709802 4.640433 -0.008151 0.025329 -0.046146 0.998580
1238.299493 175.986024 -18.716088 4.641140 -0.008721 0.026865 -0.046278 0.998529
1238.399351 176.072349 -18.721097 4.638112 -0.008574 0.028977 -0.046514 0.998460
1238.499194 176.157835 -18.728384 4.636887 -0.007842 0.031231 -0.046504 0.998399
1238.599829 176.247771 -18.739227 4.635222 -0.007817 0.032346 -0.046358 0.998370
1238.699675 176.344910 -18.749620 4.639374 -0.009346 0.034400 -0.047095 0.998254
1238.799532 176.439350 -18.760282 4.641915 -0.010825 0.034882 -0.047658 0.998196
1238.899387 176.515818 -18.767366 4.643692 -0.011008 0.035488 -0.048620 0.998126
1238.999221 176.589373 -18.772094 4.642279 -0.008101 0.033455 -0.049358 0.998188
1239.099468 176.668983 -18.776240 4.644027 -0.006788 0.030502 -0.049890 0.998266
1239.199308 176.751855 -18.785644 4.638976 -0.007161 0.018297 -0.049590 0.998576
1239.299149 176.824300 -18.793838 4.636556 -0.006523 0.018347 -0.048932 0.998612
1239.399777 176.902571 -18.803085 4.636152 -0.007115 0.025290 -0.047764 0.998513
1239.499620 176.981295 -18.808485 4.633533 -0.008001 0.029479 -0.047200 0.998418
1239.599466 177.055345 -18.814370 4.639051 -0.008546 0.032064 -0.046857 0.998350
1239.699323 177.135366 -18.819190 4.652605 -0.008785 0.032952 -0.046806 0.998322
1239.799161 177.218212 -18.829354 4.657412 -0.008700 0.032801 -0.046545 0.998340
1239.899791 177.285934 -18.842661 4.655326 -0.007535 0.032634 -0.046164 0.998372
1239.999636 177.352917 -18.852914 4.652391 -0.007800 0.033578 -0.046469 0.998325
1240.099478 177.435657 -18.863338 4.653299 -0.008503 0.033854 -0.046465 0.998310
1240.199315 177.514242 -18.870789 4.651291 -0.008039 0.033215 -0.046365 0.998340
1240.299162 177.594111 -18.874047 4.646233 -0.008242 0.030872 -0.046508 0.998407
1240.399800 177.666770 -18.878004 4.647178 -0.008673 0.030583 -0.046583 0.998408
1240.499662 177.730716 -18.888768 4.651846 -0.008797 0.031171 -0.046170 0.998408
1240.599498 177.801961 -18.895363 4.656564 -0.008689 0.031985 -0.046276 0.998379
1240.699334 177.876562 -18.898692 4.658407 -0.008199 0.032624 -0.046772 0.998339
1240.799162 177.959211 -18.909929 4.658316 -0.007817 0.033691 -0.046583 0.998315
1240.899807 178.040269 -18.924926 4.654346 -0.008745 0.033779 -0.046397 0.998314
1240.999641 178.131964 -18.940015 4.648452 -0.008037 0.032011 -0.046425 0.998376
1241.099485 178.228775 -18.950269 4.650371 -0.007534 0.032485 -0.046295 0.998371
1241.199318 178.323200 -18.960521 4.660388 -0.007121 0.034951 -0.046043 0.998302
1241.299159 178.409395 -18.967687 4.667662 -0.007800 0.036824 -0.045909 0.998236
1241.399809 178.492333 -18.973911 4.669388 -0.007753 0.035515 -0.045495 0.998303
1241.499641 178.568325 -18.982363 4.664274 -0.009205 0.032659 -0.045411 0.998392
1241.599489 178.646549 -18.993363 4.660770 -0.009251 0.031642 -0.045845 0.998404
1241.699328 178.728391 -19.002891 4.662427 -0.007527 0.030475 -0.046046 0.998446
1241.799163 178.807281 -19.009263 4.664919 -0.005370 0.029641 -0.046138 0.998481
1241.899795 178.889563 -19.021062 4.667563 -0.005675 0.031171 -0.045962 0.998441
1241.999644 178.972259 -19.032720 4.667520 -0.007157 0.033624 -0.045746 0.998361
1242.099476 179.047510 -19.038695 4.670474 -0.008305 0.036459 -0.045873 0.998247
1242.199317 179.135673 -19.045684 4.670565 -0.009681 0.034672 -0.045709 0.998306
1242.299161 179.225503 -19.056477 4.673374 -0.009080 0.034043 -0.045601 0.998338
1242.399789 179.308195 -19.063966 4.674544 -0.009047 0.034624 -0.046170 0.998292
1242.499632 179.400617 -19.070592 4.675309 -0.009103 0.034354 -0.046613 0.998281
1242.599484 179.495392 -19.078483 4.673003 -0.008566 0.032488 -0.046781 0.998340
1242.699318 179.591555 -19.084051 4.675297 -0.008026 0.032654 -0.047170 0.998321
1242.799159 179.679420 -19.096685 4.673832 -0.008601 0.032815 -0.047520 0.998294
1242.899806 179.760230 -19.108956 4.676061 -0.009245 0.032742 -0.047694 0.998282
1242.999651 179.836114 -19.114612 4.679081 -0.008195 0.032360 -0.047943 0.998292
1243.099486 179.899454 -19.119875 4.674320 -0.007441 0.033627 -0.048200 0.998244
1243.199337 179.964582 -19.124619 4.671142 -0.007528 0.034145 -0.048462 0.998213
1243.299176 180.038118 -19.125321 4.674288 -0.005592 0.032637 -0.048826 0.998258
1243.399804 180.118108 -19.136628 4.680912 -0.005734 0.033851 -0.048766 0.998220
1243.499663 180.191260 -19.150767 4.684390 -0.007191 0.035239 -0.048374 0.998182
1243.599502 180.272046 -19.157418 4.683150 -0.008344 0.036070 -0.048262 0.998148
1243.699336 180.357901 -19.164971 4.682736 -0.008896 0.034265 -0.047825 0.998228
1243.799177 180.445179 -19.177628 4.685154 -0.008047 0.034878 -0.047596 0.998225
1243.899817 180.528892 -19.188134 4.687453 -0.006393 0.036346 -0.047146 0.998206
1243.999649 180.621978 -19.199308 4.682254 -0.005928 0.037662 -0.046913 0.998171
1244.099487 180.722694 -19.209179 4.679381 -0.006572 0.037675 -0.046699 0.998177
1244.199328 180.822580 -19.216284 4.674500 -0.008173 0.039435 -0.046935 0.998086
1244.299167 180.915644 -19.230934 4.673981 -0.009324 0.040388 -0.047186 0.998026
1244.399801 181.012414 -19.245289 4.676374 -0.009222 0.039342 -0.047646 0.998047
1244.499655 181.113049 -19.254689 4.678446 -0.008047 0.038431 -0.048154 0.998068
1244.599495 181.205033 -19.262199 4.677756 -0.007431 0.037546 -0.048136 0.998107
1244.699335 181.295820 -19.273443 4.675332 -0.007919 0.036623 -0.047907 0.998149
1244.799174 181.386309 -19.284978 4.670873 -0.010127 0.033539 -0.047777 0.998243
1244.899819 181.469075 -19.292875 4.669253 -0.010415 0.031506 -0.048222 0.998285
1244.999658 181.557606 -19.302304 4.681213 -0.008437 0.032514 -0.048517 0.998257
1245.099495 181.646000 -19.314481 4.685023 -0.007044 0.034465 -0.048793 0.998189
1245.199325 181.743387 -19.326737 4.681884 -0.007416 0.035893 -0.048923 0.998130
1245.299178 181.833435 -19.332850 4.676794 -0.007483 0.038493 -0.049382 0.998010
1245.399814 181.928711 -19.338933 4.672792 -0.007745 0.037627 -0.049544 0.998033
1245.499671 182.015810 -19.348111 4.673155 -0.008307 0.036406 -0.049814 0.998060
1245.599510 182.105278 -19.362825 4.674848 -0.007287 0.036747 -0.050112 0.998041
1245.699352 182.198160 -19.374746 4.669014 -0.006694 0.039418 -0.050183 0.997939
1245.799190 182.298118 -19.390500 4.666926 -0.006956 0.041175 -0.049905 0.997881
1245.899813 182.413079 -19.402047 4.669367 -0.006387 0.040587 -0.049512 0.997928
1245.999654 182.527172 -19.412312 4.671475 -0.008406 0.040536 -0.049212 0.997930
1246.099499 182.634282 -19.425716 4.672576 -0.008481 0.042632 -0.048922 0.997856
1246.199345 182.736919 -19.438146 4.670758 -0.008490 0.043832 -0.048918 0.997804
1246.299203 182.843152 -19.453113 4.666010 -0.008670 0.042226 -0.048560 0.997890
1246.399429 182.953617 -19.464874 4.668416 -0.008968 0.041466 -0.048753 0.997909
1246.499270 183.066225 -19.475963 4.672220 -0.009251 0.040565 -0.048917 0.997936
1246.599502 183.183260 -19.490071 4.669813 -0.008753 0.041115 -0.048501 0.997938
1246.699343 183.297693 -19.503948 4.665575 -0.007902 0.043542 -0.047720 0.997880
1246.799162 183.402003 -19.515580 4.661346 -0.009746 0.048717 -0.047349 0.997642
1246.899816 183.510792 -19.526687 4.658619 -0.010623 0.049946 -0.047142 0.997582
1246.999650 183.625067 -19.537430 4.662881 -0.009504 0.043619 -0.048098 0.997844
1247.099509 183.742268 -19.552687 4.671331 -0.006883 0.035797 -0.048950 0.998136
1247.199349 183.867613 -19.566384 4.677245 -0.005656 0.035253 -0.050025 0.998110
1247.299197 183.990170 -19.578671 4.675102 -0.004449 0.036941 -0.050789 0.998016
1247.399823 184.104513 -19.592505 4.666196 -0.005170 0.036535 -0.051032 0.998015
1247.499663 184.217569 -19.602365 4.659783 -0.005226 0.036680 -0.050997 0.998011
1247.599510 184.341111 -19.613343 4.661207 -0.006098 0.036374 -0.050774 0.998029
1247.699356 184.468243 -19.623775 4.658325 -0.007021 0.035425 -0.050597 0.998066
1247.799190 184.585720 -19.636401 4.654923 -0.007178 0.034803 -0.050429 0.998095
1247.899829 184.699108 -19.651782 4.652833 -0.008241 0.036188 -0.050317 0.998043
1247.999671 184.812186 -19.665156 4.653231 -0.007586 0.035616 -0.050320 0.998069
1248.099508 184.928335 -19.682812 4.659194 -0.007165 0.033558 -0.049832 0.998168
1248.199344 185.044584 -19.699073 4.658718 -0.007748 0.030391 -0.049633 0.998275
1248.299183 185.158241 -19.711468 4.657138 -0.009548 0.031033 -0.049791 0.998232
1248.399821 185.279457 -19.720314 4.652617 -0.011399 0.034097 -0.050312 0.998086
1248.499658 185.398754 -19.731426 4.650667 -0.009925 0.036366 -0.050517 0.998012
1248.599495 185.511286 -19.740413 4.650911 -0.008725 0.036949 -0.050695 0.997992
1248.699339 185.631904 -19.754217 4.657223 -0.007093 0.034799 -0.050678 0.998083
1248.799181 185.751942 -19.768757 4.659922 -0.005596 0.032208 -0.050623 0.998183
1248.899831 185.873100 -19.786150 4.654885 -0.005484 0.031145 -0.050730 0.998212
1248.999651 185.982825 -19.800487 4.649928 -0.006244 0.034197 -0.051032 0.998092
1249.099496 186.091062 -19.813679 4.647126 -0.007713 0.034153 -0.051204 0.998074
1249.199345 186.204648 -19.826295 4.645408 -0.008313 0.034061 -0.051298 0.998068
1249.299181 186.308703 -19.835771 4.648527 -0.007716 0.033038 -0.051182 0.998113
1249.399823 186.417598 -19.846366 4.651042 -0.008039 0.034356 -0.051226 0.998064
1249.499662 186.532038 -19.858066 4.648962 -0.006666 0.036051 -0.051474 0.998001
1249.599482 186.650060 -19.871314 4.645254 -0.006460 0.039687 -0.052235 0.997825
1249.699322 186.769961 -19.886119 4.637463 -0.005307 0.041385 -0.052698 0.997738
1249.799164 186.886482 -19.899488 4.633060 -0.006096 0.042615 -0.052950 0.997669
1249.899803 187.001955 -19.910065 4.633991 -0.007889 0.040857 -0.052957 0.997729
1249.999646 187.118190 -19.923323 4.641994 -0.009224 0.039339 -0.052679 0.997794
1250.099490 187.238642 -19.938378 4.651727 -0.008951 0.039678 -0.052824 0.997775
1250.199312 187.355036 -19.954082 4.648664 -0.007424 0.039948 -0.052792 0.997779
1250.299160 187.471807 -19.968989 4.638263 -0.006708 0.039643 -0.052633 0.997804
1250.399806 187.584085 -19.984103 4.631905 -0.007149 0.038893 -0.052682 0.997828
1250.499644 187.696566 -19.995480 4.634463 -0.008281 0.036689 -0.052718 0.997901
1250.599500 187.801324 -20.011602 4.639298 -0.008623 0.032950 -0.052571 0.998036
1250.699348 187.907013 -20.020708 4.645603 -0.008726 0.031392 -0.052988 0.998063
1250.799204 188.019525 -20.034272 4.648363 -0.008462 0.031537 -0.053309 0.998044
1250.899429 188.129287 -20.050184 4.641610 -0.007710 0.032004 -0.053293 0.998036
1250.999266 188.240591 -20.066890 4.630070 -0.008378 0.030624 -0.053189 0.998080
1251.099490 188.360664 -20.077961 4.626582 -0.010104 0.029893 -0.052850 0.998104
1251.199325 188.481006 -20.090186 4.629344 -0.010408 0.030352 -0.052432 0.998109
1251.299165 188.605305 -20.101750 4.635564 -0.007988 0.032719 -0.052179 0.998070
1251.399804 188.729017 -20.118476 4.643928 -0.006322 0.032691 -0.051679 0.998109
1251.499648 188.837964 -20.141761 4.646907 -0.007851 0.032122 -0.051395 0.998131
1251.599493 188.937863 -20.159986 4.649061 -0.009967 0.029378 -0.050954 0.998219
1251.699338 189.039960 -20.170474 4.646133 -0.012101 0.027907 -0.050797 0.998246
1251.799162 189.150422 -20.179800 4.639878 -0.012242 0.029941 -0.050774 0.998186
1251.899785 189.255300 -20.189719 4.644300 -0.008179 0.032429 -0.050677 0.998155
1251.999620 189.357716 -20.198175 4.649104 -0.005418 0.032184 -0.050863 0.998172
1252.099451 189.466851 -20.205836 4.643700 -0.003178 0.031757 -0.051913 0.998142
1252.199292 189.584082 -20.218996 4.636365 -0.001989 0.032957 -0.052720 0.998063
1252.299127 189.708180 -20.236370 4.637218 -0.003897 0.033967 -0.053087 0.998004
1252.399773 189.828912 -20.253519 4.639393 -0.007345 0.037065 -0.053055 0.997876
1252.499621 189.935536 -20.266365 4.637201 -0.008582 0.040060 -0.052769 0.997766
1252.599455 190.035737 -20.272181 4.638879 -0.007857 0.040726 -0.052691 0.997749
1252.699274 190.141330 -20.286092 4.640172 -0.007645 0.039263 -0.052470 0.997821
1252.799516 190.240568 -20.301615 4.638328 -0.007284 0.038693 -0.052206 0.997860
1252.899347 190.347972 -20.316381 4.635554 -0.007420 0.037285 -0.052309 0.997907
1252.999183 190.463111 -20.330334 4.634835 -0.007390 0.038175 -0.052694 0.997853
1253.099819 190.585005 -20.343656 4.633229 -0.008284 0.039183 -0.052717 0.997806
1253.199654 190.703801 -20.356605 4.632113 -0.008050 0.040708 -0.052925 0.997736
1253.299494 190.812381 -20.371256 4.634485 -0.008737 0.040440 -0.053120 0.997731
1253.399325 190.923306 -20.390247 4.637066 -0.007421 0.039470 -0.052852 0.997794
1253.499170 191.038779 -20.405990 4.634367 -0.006514 0.039653 -0.052738 0.997800
1253.599806 191.160341 -20.419872 4.630145 -0.007614 0.041253 -0.052894 0.997719
1253.699639 191.274467 -20.431547 4.626957 -0.008578 0.042494 -0.052620 0.997673
1253.799473 191.385472 -20.442414 4.628725 -0.009399 0.041881 -0.052952 0.997674
1253.899298 191.491660 -20.457875 4.630505 -0.009487 0.040474 -0.053033 0.997727
1253.999138 191.601444 -20.477136 4.626328 -0.008143 0.038998 -0.053013 0.997799
1254.099767 191.710062 -20.493837 4.621669 -0.006907 0.038860 -0.053030 0.997813
1254.199613 191.818554 -20.511091 4.621800 -0.006866 0.036843 -0.053252 0.997878
1254.299456 191.938589 -20.526619 4.627141 -0.007976 0.034749 -0.053278 0.997943
1254.399300 192.063418 -20.535533 4.628869 -0.007734 0.033061 -0.053794 0.997975
1254.499147 192.187655 -20.544025 4.624847 -0.008052 0.035875 -0.054204 0.997853
1254.599781 192.319296 -20.559516 4.623369 -0.007081 0.038341 -0.054126 0.997773
1254.699622 192.455082 -20.582716 4.626465 -0.006181 0.040058 -0.054282 0.997703
1254.799461 192.589216 -20.600375 4.627447 -0.006218 0.039550 -0.054616 0.997704
1254.899299 192.723020 -20.617247 4.630617 -0.006684 0.035884 -0.054085 0.997869
1254.999140 192.849201 -20.628958 4.629346 -0.007166 0.030851 -0.054120 0.998032
1255.099781 192.968886 -20.638881 4.629517 -0.007194 0.029727 -0.054624 0.998038
1255.199615 193.074091 -20.649514 4.629626 -0.005913 0.030411 -0.054501 0.998033
1255.299453 193.171709 -20.662909 4.625791 -0.006377 0.030512 -0.054327 0.998037
1255.399299 193.264768 -20.670977 4.624646 -0.008074 0.030244 -0.054506 0.998023
1255.499157 193.372156 -20.683674 4.622691 -0.007649 0.030897 -0.054500 0.998006
1255.599799 193.481449 -20.696784 4.626539 -0.007303 0.032688 -0.054281 0.997964
1255.699646 193.594929 -20.710453 4.628015 -0.007175 0.033600 -0.054262 0.997935
1255.799491 193.715586 -20.726961 4.631489 -0.006347 0.035570 -0.053988 0.997888
1255.899338 193.841865 -20.745058 4.630152 -0.006220 0.036512 -0.053804 0.997864
1255.999169 193.953685 -20.757595 4.622547 -0.005834 0.036854 -0.053823 0.997853
1256.099821 194.060999 -20.772940 4.615305 -0.005991 0.035673 -0.053646 0.997905
1256.199666 194.168340 -20.790102 4.616279 -0.006639 0.034564 -0.053668 0.997938
1256.299499 194.274963 -20.799104 4.626235 -0.007800 0.033110 -0.053974 0.997963
1256.399345 194.381848 -20.809028 4.630545 -0.007271 0.033502 -0.053960 0.997954
1256.499183 194.495107 -20.824982 4.627064 -0.007083 0.034011 -0.053794 0.997948
1256.599831 194.622096 -20.844210 4.621251 -0.007332 0.033474 -0.054239 0.997940
1256.699677 194.744152 -20.858956 4.621099 -0.008039 0.031769 -0.055105 0.997943
1256.799536 194.855094 -20.869387 4.621808 -0.006694 0.029004 -0.055612 0.998009
1256.899380 194.960571 -20.879952 4.620943 -0.003825 0.030564 -0.056163 0.997946
1256.999223 195.056214 -20.896294 4.617288 -0.003517 0.034301 -0.055872 0.997842
1257.099479 195.153637 -20.911065 4.620505 -0.006842 0.036708 -0.055058 0.997785
1257.199332 195.267963 -20.924298 4.626385 -0.013183 0.034778 -0.054117 0.997842
1257.299170 195.384124 -20.943000 4.621135 -0.014945 0.033369 -0.053280 0.997910
1257.399800 195.499561 -20.957704 4.613794 -0.009759 0.034804 -0.052524 0.997965
1257.499621 195.606187 -20.966564 4.609424 -0.007251 0.036189 -0.052222 0.997953
1257.599456 195.708090 -20.975707 4.610697 -0.005404 0.037903 -0.052315 0.997896
1257.699307 195.814221 -20.997286 4.620686 -0.005902 0.038001 -0.052202 0.997896
1257.799150 195.914582 -21.015962 4.622524 -0.007989 0.036578 -0.053126 0.997886
1257.899787 196.032422 -21.036503 4.622058 -0.009490 0.037746 -0.053953 0.997785
1257.999620 196.157396 -21.053428 4.612920 -0.008904 0.038442 -0.055022 0.997705
1258.099455 196.279381 -21.064909 4.617602 -0.005949 0.038456 -0.055040 0.997726
1258.199308 196.392775 -21.083656 4.620585 -0.007897 0.036284 -0.054917 0.997800
1258.299153 196.497600 -21.100877 4.620332 -0.011455 0.034676 -0.054803 0.997829
1258.399784 196.604632 -21.117174 4.612280 -0.013695 0.033705 -0.054508 0.997850
1258.499632 196.708386 -21.136846 4.612158 -0.012855 0.033369 -0.054489 0.997874
1258.599464 196.815405 -21.150818 4.613364 -0.010773 0.032683 -0.055080 0.997889
1258.699296 196.922689 -21.163108 4.615310 -0.008900 0.031854 -0.055573 0.997907
1258.799135 197.035728 -21.179687 4.617288 -0.007759 0.033409 -0.055669 0.997860
1258.899767 197.157713 -21.194705 4.614530 -0.007468 0.035452 -0.056214 0.997761
1258.999612 197.274926 -21.208154 4.612348 -0.007918 0.038482 -0.056275 0.997642
1259.099441 197.372662 -21.219229 4.605257 -0.009608 0.038117 -0.056403 0.997634
1259.199282 197.476978 -21.232101 4.605736 -0.008152 0.039090 -0.056715 0.997592
1259.299126 197.589339 -21.248807 4.606056 -0.008212 0.037950 -0.056587 0.997642
1259.399771 197.703859 -21.265222 4.609648 -0.010869 0.036566 -0.055989 0.997702
1259.499618 197.824076 -21.277528 4.607007 -0.012638 0.035922 -0.055909 0.997709
1259.599452 197.954649 -21.292785 4.606681 -0.010724 0.034931 -0.055988 0.997763
1259.699302 198.078439 -21.311768 4.607860 -0.005853 0.034877 -0.056035 0.997802
1259.799141 198.186569 -21.323510 4.607493 -0.002895 0.035687 -0.056360 0.997768
1259.899788 198.283797 -21.336964 4.603736 -0.001112 0.036286 -0.055930 0.997774
1259.999622 198.378466 -21.345942 4.598462 -0.003535 0.036013 -0.055996 0.997775
1260.099460 198.482963 -21.351556 4.600595 -0.008939 0.036659 -0.056371 0.997697
1260.199276 198.598278 -21.367823 4.603337 -0.011200 0.035011 -0.056358 0.997734
1260.299516 198.719512 -21.393801 4.603737 -0.010181 0.039353 -0.056241 0.997589
1260.399361 198.833060 -21.409704 4.608339 -0.009576 0.042846 -0.056355 0.997445
1260.499194 198.940718 -21.416667 4.609234 -0.008796 0.043153 -0.056411 0.997436
1260.599822 199.050512 -21.429031 4.609556 -0.007673 0.040961 -0.056756 0.997518
1260.699654 199.160222 -21.446918 4.611918 -0.006900 0.040015 -0.057039 0.997546
1260.799497 199.271250 -21.463831 4.604002 -0.006009 0.038690 -0.057119 0.997599
1260.899340 199.385462 -21.476972 4.604910 -0.006193 0.038883 -0.057103 0.997592
1260.999174 199.498381 -21.489193 4.604947 -0.006027 0.038864 -0.057117 0.997593
1261.099832 199.608432 -21.505262 4.607134 -0.005313 0.039757 -0.056672 0.997587
1261.199682 199.722940 -21.520761 4.600415 -0.005775 0.039910 -0.056629 0.997581
1261.299513 199.840948 -21.536712 4.596073 -0.008102 0.041078 -0.056603 0.997518
1261.399354 199.966497 -21.554180 4.598166 -0.009074 0.041773 -0.056671 0.997477
1261.499188 200.095530 -21.572084 4.602743 -0.008932 0.042280 -0.056751 0.997453
1261.599825 200.225154 -21.589893 4.607786 -0.008859 0.039888 -0.057021 0.997536
1261.699670 200.351911 -21.605896 4.608816 -0.007198 0.037423 -0.057223 0.997634
1261.799505 200.475074 -21.619509 4.601800 -0.008667 0.039834 -0.057819 0.997494
1261.899324 200.602768 -21.633615 4.597740 -0.010169 0.041451 -0.057961 0.997406
1261.999155 200.723976 -21.650280 4.598145 -0.011037 0.040664 -0.057582 0.997451
1262.099791 200.839090 -21.668734 4.598779 -0.010065 0.040143 -0.057529 0.997486
1262.199617 200.957094 -21.684496 4.595665 -0.009299 0.041513 -0.057160 0.997458
1262.299461 201.082904 -21.695719 4.595533 -0.009270 0.041395 -0.056866 0.997480
1262.399292 201.208152 -21.705970 4.596799 -0.012111 0.041158 -0.054021 0.997618
1262.499137 201.338961 -21.722545 4.599290 -0.014883 0.043754 -0.048705 0.997743
1262.599770 201.466316 -21.736455 4.592275 -0.016915 0.044010 -0.042296 0.997992
1262.699621 201.587823 -21.744764 4.591114 -0.015125 0.039914 -0.037392 0.998389
1262.799462 201.713698 -21.747851 4.597136 -0.018765 0.035479 -0.032456 0.998667
1262.899303 201.837029 -21.758406 4.599181 -0.011337 0.035340 -0.030271 0.998852
1262.999141 201.956711 -21.769958 4.597884 -0.009213 0.036699 -0.030213 0.998827
1263.099774 202.083568 -21.781386 4.594438 -0.007734 0.036812 -0.030498 0.998827
1263.199610 202.210948 -21.793305 4.591374 -0.007561 0.035445 -0.030491 0.998878
1263.299436 202.339215 -21.806391 4.586539 -0.009163 0.034234 -0.030469 0.998907
1263.399278 202.473452 -21.817413 4.585712 -0.011883 0.035266 -0.030464 0.998843
1263.499125 202.617547 -21.818981 4.579872 -0.014082 0.036563 -0.030783 0.998758
1263.599770 202.754309 -21.827682 4.587358 -0.010924 0.038299 -0.031067 0.998724
1263.699612 202.891062 -21.835914 4.592663 -0.007285 0.037562 -0.031663 0.998766
1263.799450 203.029647 -21.847509 4.595929 -0.004950 0.037659 -0.032183 0.998760
1263.899282 203.168842 -21.860092 4.599088 -0.005058 0.034772 -0.032494 0.998854
1263.999117 203.298673 -21.871971 4.596068 -0.007100 0.032394 -0.033672 0.998883
1264.099742 203.412382 -21.884177 4.587224 -0.003422 0.030589 -0.037303 0.998830
1264.199581 203.517870 -21.899759 4.582313 0.001314 0.030607 -0.043327 0.998591
1264.299428 203.630447 -21.909878 4.584560 0.002249 0.029790 -0.048913 0.998356
1264.399261 203.742294 -21.920533 4.582094 0.000644 0.031509 -0.052941 0.998100
1264.499499 203.863121 -21.937961 4.580161 -0.004270 0.032435 -0.056983 0.997839
1264.599329 203.992231 -21.955836 4.581578 -0.010980 0.032668 -0.058757 0.997677
1264.699168 204.109885 -21.972514 4.584545 -0.011424 0.037841 -0.059129 0.997467
1264.799809 204.216718 -21.988368 4.576868 -0.012587 0.041896 -0.059226 0.997286
1264.899657 204.333660 -22.006572 4.569914 -0.010458 0.041749 -0.058803 0.997341
1264.999488 204.451269 -22.025978 4.578518 -0.009029 0.038064 -0.058364 0.997529
1265.099325 204.567327 -22.042110 4.586023 -0.007023 0.035069 -0.057461 0.997707
1265.199163 204.675605 -22.055982 4.587271 -0.007883 0.033812 -0.056687 0.997788
1265.299810 204.790292 -22.067442 4.587722 -0.009860 0.034933 -0.056769 0.997727
1265.399654 204.911352 -22.082585 4.587124 -0.010857 0.037133 -0.056511 0.997652
1265.499500 205.036640 -22.097337 4.578847 -0.010056 0.037501 -0.056673 0.997638
1265.599342 205.153895 -22.112809 4.579024 -0.008141 0.036477 -0.057093 0.997669
1265.699199 205.267621 -22.133057 4.580756 -0.007027 0.035368 -0.057182 0.997712
1265.799459 205.380896 -22.152069 4.583939 -0.007296 0.037410 -0.057712 0.997605
1265.899298 205.496292 -22.164155 4.583921 -0.008227 0.040301 -0.058421 0.997444
1265.999135 205.621136 -22.181554 4.574970 -0.007965 0.041226 -0.058560 0.997400
1266.099790 205.746341 -22.195340 4.566682 -0.007370 0.038812 -0.058691 0.997494
1266.199630 205.869480 -22.209049 4.568849 -0.007701 0.036683 -0.058717 0.997571
1266.299473 205.989108 -22.222298 4.573435 -0.007365 0.035598 -0.058755 0.997610
1266.399316 206.101899 -22.235650 4.575625 -0.007667 0.037035 -0.058577 0.997566
1266.499155 206.215338 -22.255273 4.572497 -0.008204 0.038436 -0.058289 0.997526
1266.599798 206.335194 -22.272625 4.570163 -0.007167 0.039334 -0.057946 0.997519
1266.699639 206.456622 -22.290340 4.565119 -0.008485 0.042100 -0.058034 0.997390
1266.799484 206.577470 -22.308669 4.567433 -0.007489 0.041995 -0.057910 0.997410
1266.899305 206.702070 -22.328627 4.571548 -0.007898 0.042972 -0.058048 0.997357
1266.999129 206.822697 -22.343422 4.569306 -0.010238 0.045487 -0.058066 0.997223
1267.099766 206.944805 -22.357710 4.567634 -0.010863 0.046239 -0.058365 0.997165
1267.199611 207.068859 -22.370768 4.568129 -0.010884 0.042278 -0.058279 0.997345
1267.299456 207.193312 -22.389462 4.559397 -0.011957 0.039334 -0.058317 0.997451
1267.399282 207.321566 -22.405336 4.561095 -0.014804 0.037698 -0.058369 0.997473
1267.499123 207.446241 -22.421868 4.562712 -0.012590 0.035899 -0.058008 0.997591
1267.599769 207.573571 -22.439679 4.567177 -0.010015 0.037539 -0.058020 0.997559
1267.699604 207.703932 -22.454187 4.570754 -0.009924 0.040664 -0.058061 0.997435
1267.799450 207.828760 -22.469693 4.578393 -0.009482 0.040352 -0.057892 0.997462
1267.899293 207.954643 -22.480506 4.586498 -0.009208 0.037792 -0.058167 0.997549
1267.999134 208.078982 -22.490998 4.587245 -0.009743 0.036101 -0.058310 0.997598
1268.099763 208.211892 -22.511142 4.587114 -0.011078 0.037507 -0.058083 0.997545
1268.199597 208.346173 -22.531902 4.577964 -0.011038 0.037571 -0.057436 0.997581
1268.299438 208.472492 -22.542317 4.573311 -0.010597 0.036596 -0.057195 0.997636
1268.399281 208.593244 -22.542399 4.580167 -0.010129 0.035571 -0.057543 0.997658
1268.499118 208.709683 -22.548665 4.578381 -0.009941 0.033124 -0.058019 0.997716
1268.599755 208.840169 -22.563778 4.576588 -0.011303 0.031617 -0.058883 0.997700
1268.699608 208.968209 -22.580219 4.575578 -0.011474 0.034203 -0.059523 0.997575
1268.799450 209.089276 -22.595633 4.573192 -0.009329 0.037557 -0.059196 0.997496
1268.899278 209.208416 -22.605267 4.571107 -0.007223 0.040220 -0.059064 0.997417
1268.999127 209.336508 -22.609032 4.572704 -0.008095 0.042679 -0.059195 0.997301
1269.099751 209.462395 -22.616124 4.573640 -0.009038 0.041537 -0.059060 0.997349
1269.199592 209.578811 -22.625825 4.581506 -0.008535 0.042548 -0.059035 0.997312
1269.299424 209.697286 -22.638530 4.583506 -0.008698 0.043047 -0.058953 0.997294
1269.399269 209.810411 -22.650420 4.580962 -0.007569 0.042999 -0.058733 0.997319
1269.499512 209.936027 -22.660032 4.575944 -0.007969 0.040320 -0.058909 0.997417
1269.599357 210.073003 -22.669172 4.575349 -0.009132 0.037551 -0.058908 0.997515
1269.699200 210.203403 -22.677488 4.576694 -0.009295 0.035068 -0.058964 0.997601
1269.799446 210.330026 -22.686922 4.578353 -0.008247 0.034647 -0.059160 0.997613
1269.899290 210.456146 -22.697016 4.575456 -0.009809 0.036469 -0.059812 0.997495
1269.999117 210.573992 -22.710720 4.572938 -0.007425 0.038814 -0.059932 0.997420
1270.099758 210.694266 -22.721188 4.572723 -0.003610 0.037460 -0.059450 0.997522
1270.199594 210.819245 -22.733277 4.566210 -0.003061 0.035207 -0.059301 0.997614
1270.299435 210.949085 -22.744790 4.561300 -0.004386 0.037988 -0.059198 0.997514
1270.399278 211.072521 -22.755762 4.565503 -0.008695 0.042120 -0.058896 0.997337
1270.499131 211.196924 -22.766239 4.567559 -0.010109 0.040456 -0.058227 0.997432
1270.599775 211.325528 -22.775401 4.566549 -0.010881 0.040158 -0.057815 0.997460
1270.699611 211.452064 -22.786921 4.572801 -0.010251 0.041977 -0.057954 0.997384
1270.799448 211.573505 -22.805629 4.572452 -0.009096 0.042131 -0.058155 0.997377
1270.899299 211.694653 -22.824695 4.568959 -0.009257 0.040309 -0.058712 0.997418
1270.999145 211.817052 -22.835465 4.568763 -0.009244 0.040232 -0.059357 0.997383
1271.099780 211.936987 -22.842570 4.570282 -0.007515 0.039535 -0.059518 0.997416
1271.199615 212.059759 -22.850293 4.571451 -0.008694 0.039287 -0.059798 0.997399
1271.299472 212.191253 -22.860548 4.566036 -0.011725 0.037388 -0.060136 0.997421
1271.399319 212.322174 -22.874548 4.559629 -0.010604 0.040094 -0.059998 0.997337
1271.499144 212.454275 -22.891579 4.556195 -0.008515 0.041674 -0.060249 0.997277
1271.599787 212.581332 -22.907455 4.553854 -0.008273 0.040358 -0.060461 0.997320
1271.699636 212.703463 -22.916595 4.556736 -0.008174 0.037125 -0.060335 0.997454
1271.799477 212.821924 -22.922675 4.560527 -0.008704 0.035792 -0.060314 0.997500
1271.899316 212.941341 -22.932862 4.560669 -0.011362 0.034266 -0.060073 0.997541
1271.999154 213.061663 -22.949289 4.559146 -0.012152 0.035345 -0.060321 0.997479
1272.099804 213.181565 -22.968223 4.552320 -0.009114 0.037244 -0.060306 0.997443
1272.199650 213.311575 -22.990083 4.543263 -0.007907 0.036360 -0.060188 0.997493
1272.299514 213.442160 -23.000366 4.549123 -0.008662 0.035996 -0.060172 0.997501
1272.399363 213.568977 -23.004942 4.554295 -0.008343 0.034503 -0.059582 0.997592
1272.499196 213.687554 -23.013701 4.555784 -0.007639 0.036976 -0.059668 0.997504
1272.599847 213.809266 -23.029004 4.549131 -0.007480 0.038387 -0.059740 0.997448
1272.699694 213.938044 -23.048194 4.540377 -0.009831 0.040335 -0.059786 0.997348
1272.799528 214.061814 -23.059763 4.532999 -0.010854 0.038440 -0.059842 0.997408
1272.899370 214.187535 -23.070580 4.540568 -0.011583 0.038391 -0.060214 0.997380
1272.999220 214.318446 -23.087225 4.543945 -0.009917 0.036380 -0.060608 0.997449
1273.099473 214.453033 -23.102133 4.545651 -0.007255 0.036474 -0.060719 0.997462
1273.199315 214.581965 -23.113354 4.540004 -0.006962 0.037488 -0.060830 0.997420
1273.299162 214.709569 -23.128137 4.537197 -0.007856 0.039172 -0.060334 0.997378
1273.399798 214.824499 -23.145837 4.534114 -0.009291 0.040185 -0.059816 0.997357
1273.499631 214.941496 -23.159011 4.536891 -0.010191 0.040026 -0.059699 0.997362
1273.599470 215.072503 -23.167116 4.539324 -0.010036 0.042052 -0.059718 0.997279
1273.699309 215.202597 -23.179312 4.537974 -0.008387 0.042505 -0.059599 0.997282
1273.799150 215.326579 -23.191029 4.540816 -0.008334 0.041419 -0.059535 0.997332
1273.899791 215.449387 -23.205465 4.545038 -0.007956 0.039196 -0.059704 0.997415
1273.999639 215.570832 -23.222767 4.544288 -0.008013 0.038630 -0.059409 0.997454
1274.099489 215.697928 -23.241083 4.535819 -0.008573 0.037907 -0.059330 0.997482
1274.199326 215.832252 -23.258977 4.535300 -0.009156 0.038662 -0.059777 0.997421
1274.299158 215.962308 -23.270315 4.534129 -0.009896 0.038744 -0.060300 0.997379
1274.399804 216.100053 -23.282019 4.535049 -0.009384 0.034349 -0.060309 0.997544
1274.499643 216.234971 -23.296430 4.544203 -0.008747 0.029482 -0.060081 0.997720
1274.599477 216.368406 -23.312107 4.544546 -0.009411 0.030341 -0.059927 0.997697
1274.699314 216.503634 -23.328495 4.533634 -0.010100 0.035415 -0.059644 0.997540
1274.799163 216.638223 -23.344139 4.524120 -0.008921 0.039593 -0.059348 0.997412
1274.899795 216.772811 -23.356468 4.518141 -0.009502 0.041099 -0.059721 0.997323
1274.999636 216.903037 -23.367816 4.525296 -0.009882 0.039804 -0.060044 0.997353
1275.099473 217.024588 -23.383048 4.532289 -0.008709 0.036968 -0.059925 0.997480
1275.199307 217.136448 -23.397538 4.534366 -0.008719 0.036063 -0.060101 0.997503
1275.299147 217.247012 -23.412898 4.532056 -0.010451 0.037445 -0.060323 0.997422
1275.399775 217.376753 -23.423828 4.525222 -0.010232 0.036699 -0.060504 0.997441
1275.499625 217.507056 -23.442626 4.521033 -0.009985 0.036502 -0.060573 0.997446
1275.599469 217.635883 -23.454668 4.522945 -0.010832 0.037577 -0.060918 0.997376
1275.699322 217.752330 -23.462037 4.522031 -0.013413 0.038828 -0.061313 0.997273
1275.799165 217.873651 -23.474306 4.529042 -0.015338 0.041023 -0.060978 0.997178
1275.899800 217.991287 -23.487858 4.529379 -0.015718 0.041110 -0.061043 0.997164
1275.999632 218.106842 -23.502124 4.524959 -0.014220 0.041299 -0.060969 0.997184
1276.099473 218.231958 -23.517570 4.518971 -0.012695 0.040569 -0.060846 0.997242
1276.199326 218.368649 -23.529912 4.516730 -0.011338 0.041510 -0.060901 0.997216
1276.299170 218.504426 -23.541133 4.514011 -0.011636 0.040970 -0.060798 0.997241
1276.399797 218.645688 -23.554826 4.516047 -0.011665 0.041671 -0.060750 0.997215
1276.499649 218.777049 -23.569556 4.526145 -0.012770 0.041533 -0.060672 0.997212
1276.599498 218.902488 -23.581544 4.522563 -0.013731 0.040030 -0.060627 0.997263
1276.699334 219.031022 -23.592478 4.511990 -0.015886 0.038855 -0.060474 0.997287
1276.799172 219.163006 -23.603626 4.509678 -0.020836 0.039000 -0.060378 0.997196
1276.899808 219.289731 -23.611896 4.509730 -0.021176 0.041980 -0.060600 0.997054
1276.999639 219.419893 -23.619933 4.502220 -0.017527 0.044587 -0.060978 0.996989
1277.099481 219.549337 -23.625853 4.502473 -0.014755 0.046664 -0.061397 0.996913
1277.199322 219.686726 -23.634042 4.505685 -0.009700 0.046000 -0.061651 0.996990
1277.299156 219.826425 -23.638443 4.504359 -0.008438 0.045507 -0.062034 0.997000
1277.399790 219.962856 -23.641981 4.505831 -0.007180 0.044325 -0.062185 0.997054
1277.499642 220.092015 -23.646905 4.503421 -0.007553 0.044139 -0.062263 0.997055
1277.599477 220.224110 -23.653153 4.496476 -0.008720 0.043146 -0.061951 0.997108
1277.699314 220.361295 -23.661719 4.487924 -0.009283 0.042971 -0.061539 0.997136
1277.799156 220.502786 -23.668757 4.489517 -0.010697 0.042505 -0.061235 0.997161
1277.899780 220.651454 -23.682315 4.490901 -0.012026 0.041269 -0.060960 0.997214
1277.999625 220.797665 -23.697420 4.495728 -0.012780 0.041089 -0.060585 0.997235
1278.099470 220.936141 -23.709381 4.495025 -0.013336 0.040927 -0.060716 0.997226
1278.199297 221.062705 -23.716082 4.493053 -0.011757 0.040515 -0.060741 0.997262
1278.299126 221.188791 -23.724603 4.488826 -0.010695 0.039293 -0.060497 0.997337
1278.399784 221.330567 -23.741690 4.488691 -0.010904 0.037596 -0.060086 0.997425
1278.499612 221.466454 -23.754530 4.488627 -0.011682 0.037495 -0.060313 0.997407
1278.599452 221.599920 -23.761525 4.487176 -0.012226 0.038657 -0.060811 0.997326
1278.699286 221.734355 -23.774347 4.486930 -0.012111 0.038464 -0.060996 0.997323
1278.799119 221.874308 -23.787856 4.485933 -0.010651 0.039588 -0.061127 0.997288
1278.899771 222.015984 -23.800247 4.486883 -0.012193 0.040176 -0.060932 0.997259
1278.999610 222.152852 -23.813480 4.488660 -0.011533 0.038548 -0.060365 0.997365
1279.099456 222.284108 -23.825825 4.489733 -0.011707 0.035905 -0.059745 0.997499
1279.199295 222.413061 -23.834554 4.488628 -0.012637 0.034370 -0.059252 0.997571
1279.299125 222.542795 -23.841489 4.487219 -0.013376 0.035589 -0.059269 0.997518
1279.399752 222.678003 -23.850530 4.490587 -0.013251 0.037527 -0.060053 0.997401
1279.499599 222.816226 -23.867240 4.488018 -0.014564 0.036373 -0.060310 0.997410
1279.599446 222.954859 -23.882553 4.486027 -0.015084 0.035572 -0.060957 0.997392
1279.699289 223.088483 -23.898022 4.478703 -0.012694 0.034834 -0.061347 0.997428
1279.799125 223.226820 -23.909828 4.472750 -0.010987 0.036168 -0.061771 0.997374
1279.899773 223.363471 -23.918568 4.468559 -0.011540 0.037499 -0.062141 0.997296
1279.999614 223.504298 -23.926806 4.476927 -0.012918 0.042426 -0.061807 0.997102
1280.099465 223.634955 -23.938784 4.478608 -0.013660 0.043686 -0.061720 0.997043
1280.199306 223.764229 -23.954557 4.477979 -0.013060 0.043264 -0.061666 0.997073
1280.299137 223.882251 -23.969587 4.472909 -0.010643 0.045698 -0.061684 0.996992
1280.399769 224.009929 -23.979667 4.474893 -0.010567 0.048131 -0.061600 0.996884
1280.499606 224.144626 -23.991534 4.473839 -0.010531 0.048607 -0.061668 0.996857
1280.599446 224.282499 -24.008641 4.469304 -0.009927 0.047286 -0.061350 0.996946
1280.699265 224.424660 -24.021535 4.469805 -0.010038 0.045386 -0.061463 0.997026
1280.799492 224.573315 -24.034261 4.474433 -0.010156 0.042349 -0.061446 0.997160
1280.899324 224.726222 -24.051407 4.475944 -0.010014 0.041321 -0.061596 0.997195
1280.999169 224.876638 -24.069937 4.474474 -0.009207 0.041748 -0.061875 0.997168
1281.099812 225.019242 -24.086115 4.470101 -0.008899 0.043562 -0.061764 0.997100
1281.199651 225.158866 -24.104159 4.463962 -0.009416 0.045675 -0.061547 0.997014
1281.299487 225.291770 -24.119497 4.462293 -0.008961 0.046451 -0.061441 0.996989
1281.399329 225.426113 -24.133774 4.462404 -0.009944 0.048888 -0.061610 0.996853
1281.499170 225.566951 -24.147207 4.459864 -0.011427 0.051138 -0.061485 0.996732
1281.599813 225.712723 -24.161942 4.456133 -0.012815 0.051865 -0.061504 0.996676
1281.699650 225.860096 -24.179256 4.460044 -0.012477 0.051042 -0.061804 0.996704
1281.799503 226.006641 -24.197737 4.459424 -0.012508 0.046755 -0.061890 0.996909
1281.899343 226.163824 -24.219547 4.457067 -0.011618 0.043854 -0.062000 0.997045
1281.999186 226.325734 -24.238895 4.455019 -0.012934 0.042440 -0.061857 0.997098
1282.099831 226.483658 -24.259807 4.459259 -0.013799 0.042088 -0.061421 0.997129
1282.199674 226.638234 -24.279503 4.458615 -0.014236 0.044129 -0.061333 0.997040
1282.299499 226.777839 -24.295114 4.462297 -0.012502 0.042712 -0.061517 0.997113
1282.399331 226.913887 -24.309659 4.462164 -0.010055 0.040354 -0.061527 0.997239
1282.499179 227.067668 -24.326329 4.454811 -0.008395 0.039733 -0.061533 0.997279
1282.599814 227.226750 -24.342610 4.454920 -0.009503 0.044142 -0.061450 0.997088
1282.699660 227.381012 -24.365784 4.452715 -0.010955 0.043915 -0.061260 0.997095
1282.799507 227.533534 -24.388116 4.456103 -0.012588 0.039187 -0.061267 0.997272
1282.899343 227.696326 -24.403924 4.448108 -0.015497 0.034280 -0.061997 0.997367
1282.999180 227.854092 -24.421741 4.439970 -0.012452 0.036554 -0.062871 0.997274
1283.099814 228.003936 -24.440831 4.425434 -0.009565 0.039441 -0.063388 0.997163
1283.199648 228.151489 -24.456089 4.424766 -0.012145 0.043186 -0.063576 0.996968
1283.299494 228.297091 -24.471935 4.440462 -0.013148 0.046248 -0.063489 0.996824
1283.399344 228.443414 -24.492083 4.445385 -0.011651 0.044135 -0.063019 0.996968
1283.499196 228.593901 -24.511221 4.444597 -0.010604 0.043542 -0.063317 0.996987
1283.599823 228.743005 -24.531078 4.443322 -0.010809 0.042786 -0.063436 0.997010
1283.699669 228.890575 -24.550861 4.438083 -0.011169 0.042087 -0.063172 0.997052
1283.799515 229.042909 -24.565572 4.435883 -0.011932 0.041055 -0.063293 0.997079
1283.899354 229.199480 -24.578293 4.435910 -0.011766 0.038625 -0.063486 0.997166
1283.999192 229.357475 -24.601967 4.444590 -0.011259 0.034991 -0.063178 0.997325
1284.099841 229.507773 -24.630761 4.450297 -0.009881 0.032674 -0.062659 0.997451
1284.199686 229.646424 -24.651198 4.450284 -0.009373 0.032146 -0.062637 0.997474
1284.299534 229.787325 -24.665666 4.445688 -0.009784 0.031643 -0.062833 0.997474
1284.399371 229.926026 -24.681086 4.437419 -0.010621 0.032727 -0.063060 0.997416
1284.499211 230.068027 -24.704655 4.438349 -0.013990 0.034523 -0.063130 0.997310
1284.599451 230.213951 -24.725510 4.440745 -0.016400 0.034664 -0.063324 0.997256
1284.699281 230.363531 -24.742597 4.441055 -0.015936 0.034790 -0.063367 0.997256
1284.799132 230.508261 -24.761918 4.438417 -0.014770 0.036624 -0.063258 0.997216
1284.899769 230.647978 -24.781665 4.433240 -0.012914 0.037170 -0.063327 0.997217
1284.999612 230.783752 -24.801271 4.426655 -0.011884 0.035730 -0.063327 0.997282
1285.099457 230.924243 -24.818597 4.431486 -0.010997 0.031512 -0.063325 0.997435
1285.199304 231.049139 -24.836938 4.439829 -0.009926 0.029843 -0.063488 0.997487
1285.299159 231.172800 -24.854268 4.439841 -0.010838 0.031579 -0.063070 0.997450
1285.399796 231.298415 -24.871880 4.433977 -0.012875 0.033923 -0.062783 0.997367
1285.499622 231.418852 -24.890839 4.428959 -0.012780 0.033168 -0.062432 0.997416
1285.599464 231.543242 -24.908101 4.421772 -0.012884 0.032195 -0.062464 0.997445
1285.699301 231.670216 -24.923344 4.416003 -0.011326 0.031432 -0.062734 0.997471
1285.799152 231.800633 -24.934724 4.423700 -0.010536 0.032129 -0.063490 0.997410
1285.899778 231.924484 -24.948225 4.429702 -0.010171 0.031575 -0.063961 0.997401
1285.999636 232.048546 -24.968061 4.432993 -0.010622 0.033567 -0.063700 0.997348
1286.099474 232.172719 -24.985021 4.430465 -0.011165 0.032803 -0.063573 0.997375
1286.199314 232.302400 -25.005563 4.423169 -0.010717 0.031107 -0.063496 0.997440
1286.299151 232.430144 -25.029303 4.420878 -0.009887 0.031393 -0.063123 0.997463
1286.399786 232.554146 -25.048556 4.420602 -0.012665 0.030681 -0.063090 0.997456
1286.499620 232.663456 -25.059915 4.418562 -0.015246 0.029382 -0.063502 0.997433
1286.599474 232.764731 -25.069087 4.416395 -0.013817 0.031044 -0.063493 0.997404
1286.699309 232.865281 -25.078434 4.416031 -0.012965 0.031813 -0.063864 0.997367
1286.799156 232.968139 -25.098151 4.419518 -0.011029 0.029955 -0.063764 0.997454
1286.899799 233.075936 -25.119228 4.422608 -0.009164 0.029745 -0.063625 0.997488
1286.999623 233.188479 -25.138497 4.426854 -0.009764 0.029705 -0.063378 0.997500
1287.099464 233.304042 -25.150997 4.431030 -0.010811 0.032580 -0.063737 0.997376
1287.199309 233.419820 -25.167582 4.426878 -0.012839 0.036568 -0.063887 0.997204
1287.299155 233.532775 -25.181933 4.420322 -0.014285 0.039337 -0.064533 0.997038
1287.399791 233.643939 -25.193392 4.418475 -0.014020 0.035294 -0.064986 0.997163
1287.499624 233.747355 -25.207779 4.420206 -0.012194 0.031600 -0.065242 0.997294
1287.599470 233.848423 -25.224599 4.418142 -0.010990 0.029972 -0.065306 0.997355
1287.699297 233.944127 -25.239915 4.417813 -0.012017 0.032176 -0.065148 0.997284
1287.799145 234.041090 -25.251889 4.413914 -0.012805 0.035188 -0.064552 0.997212
1287.899784 234.144426 -25.267528 4.412469 -0.012332 0.036837 -0.064046 0.997191
1287.999628 234.236853 -25.282371 4.415211 -0.013493 0.036733 -0.064101 0.997176
1288.099485 234.332235 -25.299010 4.418753 -0.013480 0.036606 -0.064417 0.997160
1288.199316 234.436898 -25.313027 4.418489 -0.014633 0.037674 -0.065016 0.997065
1288.299165 234.545196 -25.324329 4.416083 -0.013891 0.038744 -0.065492 0.997004
1288.399802 234.646116 -25.341389 4.410033 -0.011762 0.039334 -0.065838 0.996985
1288.499653 234.749410 -25.360379 4.406323 -0.009878 0.035715 -0.065560 0.997160
1288.599493 234.855068 -25.377556 4.407698 -0.010992 0.035861 -0.065148 0.997170
1288.699344 234.960295 -25.393476 4.418015 -0.013097 0.041363 -0.064816 0.996954
1288.799176 235.061482 -25.406623 4.421969 -0.010532 0.043990 -0.064658 0.996882
1288.899815 235.165435 -25.419318 4.412200 -0.010933 0.045304 -0.065070 0.996792
1288.999662 235.271869 -25.436279 4.409122 -0.011792 0.047043 -0.065709 0.996660
1289.099496 235.381735 -25.453441 4.406477 -0.013398 0.045898 -0.065990 0.996674
1289.199326 235.491327 -25.469646 4.412473 -0.014079 0.042960 -0.065945 0.996799
1289.299174 235.592960 -25.483367 4.415332 -0.012215 0.040339 -0.065733 0.996947
1289.399816 235.696857 -25.497887 4.413025 -0.012262 0.039999 -0.065393 0.996982
1289.499654 235.806439 -25.514756 4.413546 -0.012387 0.041026 -0.065443 0.996936
1289.599497 235.915706 -25.531859 4.413022 -0.011854 0.040131 -0.065267 0.996990
1289.699344 236.025865 -25.545881 4.408343 -0.012528 0.037354 -0.065125 0.997099
1289.799201 236.132723 -25.555638 4.404494 -0.013602 0.036871 -0.065365 0.997087
1289.899434 236.247647 -25.565920 4.403542 -0.012780 0.040357 -0.065806 0.996934
1289.999260 236.358857 -25.581407 4.403304 -0.010330 0.045081 -0.066060 0.996743
1290.099480 236.480507 -25.600269 4.401212 -0.009696 0.049524 -0.066977 0.996477
1290.199313 236.597844 -25.618748 4.396010 -0.009899 0.049501 -0.067287 0.996456
1290.299163 236.710244 -25.636140 4.397366 -0.009771 0.049024 -0.066941 0.996504
1290.399798 236.823362 -25.651802 4.399700 -0.009393 0.050500 -0.066632 0.996455
1290.499632 236.946680 -25.663816 4.394771 -0.010168 0.053892 -0.066831 0.996256
1290.599460 237.068693 -25.681142 4.387174 -0.009709 0.054383 -0.066315 0.996268
1290.699302 237.186955 -25.699577 4.393436 -0.009349 0.052314 -0.066120 0.996396
1290.799138 237.313108 -25.720895 4.402265 -0.009019 0.050510 -0.066147 0.996490
1290.899781 237.451418 -25.737471 4.405686 -0.009208 0.048338 -0.065686 0.996626
1290.999626 237.588981 -25.755929 4.398329 -0.010013 0.047067 -0.065253 0.996708
1291.099471 237.729612 -25.773152 4.392954 -0.012333 0.045365 -0.065072 0.996773
1291.199320 237.860852 -25.790802 4.393057 -0.010386 0.042991 -0.065558 0.996868
1291.299167 237.990971 -25.810473 4.396162 -0.009940 0.041796 -0.066215 0.996880
1291.399797 238.125832 -25.827754 4.399840 -0.008219 0.040469 -0.066879 0.996906
1291.499640 238.259750 -25.844682 4.399288 -0.010408 0.038393 -0.067549 0.996923
1291.599484 238.392712 -25.860937 4.397739 -0.012357 0.038020 -0.068476 0.996851
1291.699311 238.534080 -25.880557 4.397849 -0.011275 0.035807 -0.069371 0.996884
1291.799149 238.671577 -25.901555 4.394053 -0.008511 0.032674 -0.069969 0.996978
1291.899785 238.800689 -25.923102 4.386075 -0.006668 0.029296 -0.070037 0.997092
1291.999635 238.929441 -25.944764 4.383987 -0.008287 0.027313 -0.070215 0.997123
1292.099478 239.059690 -25.964135 4.380578 -0.012453 0.027684 -0.069985 0.997086
1292.199312 239.190326 -25.981233 4.380611 -0.020497 0.030095 -0.068729 0.996971
1292.299165 239.321537 -26.000172 4.387402 -0.021276 0.030312 -0.066020 0.997131
1292.399812 239.442653 -26.018759 4.389281 -0.018989 0.027486 -0.064156 0.997381
1292.499651 239.556478 -26.036635 4.388808 -0.015640 0.025825 -0.064006 0.997493
1292.599493 239.677670 -26.055245 4.384109 -0.013080 0.026942 -0.064270 0.997483
1292.699330 239.804541 -26.072101 4.382232 -0.010922 0.028445 -0.063224 0.997534
1292.799165 239.921085 -26.087122 4.365344 -0.009245 0.028228 -0.061805 0.997646
1292.899804 240.020143 -26.098787 4.366889 -0.008504 0.013660 -0.061192 0.997996
1292.999652 240.108465 -26.105547 4.387787 -0.014130 -0.031296 -0.061371 0.997524
1293.099493 240.190896 -26.116225 4.393727 -0.016112 -0.058088 -0.061404 0.996291
1293.199341 240.278265 -26.133297 4.384146 -0.016811 -0.041017 -0.061288 0.997135
1293.299182 240.346623 -26.144520 4.355755 -0.015104 -0.013366 -0.061436 0.997907
1293.399818 240.412747 -26.148246 4.332830 -0.013311 0.013537 -0.061691 0.997915
1293.499656 240.473172 -26.150730 4.331183 -0.012592 0.021115 -0.062115 0.997766
1293.599494 240.524865 -26.161347 4.360447 -0.012324 0.014771 -0.062281 0.997873
1293.699316 240.569839 -26.174131 4.386810 -0.011276 0.015015 -0.062693 0.997856
1293.799146 240.606256 -26.181519 4.389444 -0.011954 0.021944 -0.062637 0.997724
1293.899792 240.634559 -26.182730 4.376680 -0.012418 0.027008 -0.062487 0.997603
1293.999633 240.667039 -26.186551 4.362447 -0.012718 0.032058 -0.062596 0.997443
1294.099468 240.700587 -26.194963 4.358666 -0.012177 0.036713 -0.062496 0.997295
1294.199302 240.739956 -26.199623 4.357435 -0.010771 0.042818 -0.062714 0.997054
1294.299134 240.773213 -26.205803 4.357960 -0.009977 0.048424 -0.062474 0.996821
1294.399771 240.810983 -26.214716 4.358774 -0.010397 0.052120 -0.062281 0.996643
1294.499607 240.861915 -26.223004 4.361282 -0.010414 0.055346 -0.062520 0.996454
1294.599432 240.917679 -26.231606 4.365491 -0.010772 0.059743 -0.062989 0.996166
1294.699268 240.968733 -26.239159 4.363425 -0.009907 0.061760 -0.063331 0.996031
1294.799507 241.023982 -26.250792 4.362659 -0.009085 0.063726 -0.063659 0.995894
1294.899361 241.084480 -26.260791 4.355660 -0.009374 0.063211 -0.063830 0.995913
1294.999202 241.158343 -26.270381 4.354291 -0.012312 0.062339 -0.063620 0.995949
1295.099442 241.235918 -26.281018 4.355924 -0.014213 0.061778 -0.063632 0.995958
1295.199282 241.315123 -26.291622 4.360400 -0.015380 0.062307 -0.063716 0.995902
1295.299124 241.407418 -26.303422 4.357420 -0.018184 0.062366 -0.064089 0.995828
1295.399763 241.508171 -26.313879 4.355437 -0.018408 0.060984 -0.064170 0.995904
1295.499591 241.607472 -26.326463 4.354367 -0.013920 0.059088 -0.064174 0.996091
1295.599426 241.701029 -26.336792 4.357221 -0.010374 0.056156 -0.064261 0.996298
1295.699258 241.802586 -26.350260 4.355424 -0.012089 0.053451 -0.064121 0.996436
1295.799496 241.913900 -26.357826 4.351138 -0.012365 0.050793 -0.063531 0.996610
1295.899342 242.027677 -26.366292 4.347570 -0.013527 0.049558 -0.063348 0.996668
1295.999180 242.143553 -26.379504 4.347826 -0.016393 0.049051 -0.062838 0.996683
1296.099826 242.267756 -26.391573 4.346705 -0.019146 0.048079 -0.062953 0.996674
1296.199672 242.389864 -26.400023 4.348639 -0.019642 0.046669 -0.063464 0.996699
1296.299511 242.506849 -26.404287 4.349200 -0.018964 0.045839 -0.063912 0.996722
1296.399361 242.623283 -26.412301 4.352347 -0.018336 0.047266 -0.063980 0.996663
1296.499187 242.744397 -26.418686 4.348893 -0.019997 0.048786 -0.064097 0.996550
1296.599831 242.867663 -26.420307 4.349305 -0.019801 0.048671 -0.064295 0.996547
1296.699676 242.991582 -26.423312 4.352748 -0.020830 0.049254 -0.064112 0.996509
1296.799504 243.112525 -26.427772 4.356144 -0.017657 0.048588 -0.063955 0.996613
1296.899329 243.228945 -26.429265 4.357331 -0.013305 0.045764 -0.064105 0.996804
1296.999165 243.357980 -26.431583 4.352375 -0.011244 0.042992 -0.064398 0.996934
1297.099809 243.485008 -26.431417 4.347315 -0.010919 0.039068 -0.064555 0.997089
1297.199639 243.608676 -26.432832 4.351788 -0.010924 0.034483 -0.064496 0.997262
1297.299475 243.732027 -26.442381 4.353660 -0.011761 0.031650 -0.063958 0.997381
1297.399328 243.866482 -26.453106 4.359321 -0.012012 0.033165 -0.063747 0.997343
1297.499159 244.000348 -26.457140 4.357610 -0.011933 0.033707 -0.063827 0.997320
1297.599787 244.137964 -26.460268 4.351003 -0.012306 0.033560 -0.064089 0.997304
1297.699608 244.265273 -26.459320 4.347065 -0.011914 0.032479 -0.064026 0.997348
1297.799454 244.395124 -26.461623 4.354034 -0.011910 0.032040 -0.064099 0.997358
1297.899299 244.520661 -26.467108 4.355538 -0.011536 0.028462 -0.063834 0.997488
1297.999137 244.638345 -26.470629 4.356163 -0.012156 0.027145 -0.064149 0.997497
1298.099775 244.756472 -26.474335 4.349111 -0.012626 0.027687 -0.064150 0.997476
1298.199603 244.872156 -26.478714 4.341171 -0.011902 0.030586 -0.063714 0.997428
1298.299436 244.980535 -26.478464 4.338909 -0.010842 0.032836 -0.063575 0.997378
1298.399286 245.085413 -26.482736 4.345185 -0.010816 0.034424 -0.063534 0.997327
1298.499120 245.199923 -26.484062 4.351018 -0.011515 0.036176 -0.063832 0.997238
1298.599763 245.318699 -26.487084 4.357486 -0.011930 0.039124 -0.064277 0.997094
1298.699611 245.432256 -26.496485 4.355627 -0.011553 0.039687 -0.064367 0.997070
1298.799447 245.547986 -26.506642 4.353109 -0.011715 0.039041 -0.064487 0.997086
1298.899290 245.664332 -26.513984 4.344495 -0.011605 0.037156 -0.064641 0.997149
1298.999124 245.780005 -26.524338 4.346640 -0.011633 0.037976 -0.064689 0.997115
1299.099774 245.888779 -26.531045 4.350864 -0.011739 0.038431 -0.064662 0.997098
1299.199612 245.997085 -26.540857 4.354441 -0.011004 0.038335 -0.064152 0.997143
1299.299451 246.108790 -26.549598 4.350620 -0.011795 0.037309 -0.063500 0.997214
1299.399287 246.213909 -26.552342 4.348711 -0.013332 0.036086 -0.062907 0.997278
1299.499118 246.323160 -26.554498 4.350593 -0.014617 0.034294 -0.062619 0.997341
1299.599758 246.443779 -26.562680 4.353440 -0.015236 0.032635 -0.063095 0.997357
1299.699581 246.555007 -26.578899 4.350438 -0.013530 0.037608 -0.063446 0.997185
1299.799417 246.671682 -26.595022 4.343243 -0.010525 0.043204 -0.063551 0.996987
1299.899257 246.790485 -26.607379 4.339589 -0.008642 0.045651 -0.063396 0.996906
1299.999497 246.910727 -26.613884 4.343259 -0.008473 0.044561 -0.062641 0.997005
1300.099340 247.018041 -26.615569 4.352923 -0.011988 0.043293 -0.062002 0.997065
1300.199174 247.129645 -26.619813 4.350705 -0.013449 0.043815 -0.062041 0.997021
1300.299825 247.243437 -26.633131 4.342193 -0.012500 0.044719 -0.061923 0.997000
1300.399670 247.357542 -26.646517 4.333180 -0.010652 0.041986 -0.061972 0.997137
1300.499521 247.467299 -26.654424 4.331427 -0.009400 0.040122 -0.062017 0.997224
1300.599356 247.579973 -26.658696 4.333613 -0.010885 0.036817 -0.062652 0.997297
1300.699196 247.692080 -26.670669 4.337331 -0.011428 0.035350 -0.062980 0.997323
1300.799827 247.808378 -26.679091 4.338681 -0.010694 0.034625 -0.063646 0.997314
1300.899664 247.926622 -26.686691 4.348290 -0.009404 0.034039 -0.064220 0.997311
1300.999509 248.047551 -26.696333 4.353014 -0.008582 0.033097 -0.064299 0.997345
1301.099350 248.162680 -26.708378 4.349960 -0.008702 0.031095 -0.064444 0.997399
1301.199184 248.284511 -26.718703 4.338035 -0.009732 0.027619 -0.064556 0.997484
1301.299812 248.403037 -26.733898 4.332733 -0.009274 0.024625 -0.064135 0.997594
1301.399654 248.517827 -26.749284 4.331330 -0.009785 0.023126 -0.063663 0.997655
1301.499486 248.631695 -26.760600 4.335246 -0.010379 0.022528 -0.063527 0.997672
1301.599321 248.741132 -26.770984 4.339549 -0.011374 0.021881 -0.063213 0.997695
1301.699165 248.842206 -26.778470 4.351242 -0.012051 0.018968 -0.063692 0.997717
1301.799808 248.935689 -26.781300 4.368979 -0.011231 0.009906 -0.064090 0.997832
1301.899645 249.016137 -26.792608 4.342612 -0.011128 -0.014182 -0.063854 0.997796
1301.999478 249.096622 -26.803250 4.328455 -0.011846 -0.002937 -0.064219 0.997861
1302.099305 249.177148 -26.812771 4.319429 -0.014920 0.020433 -0.064156 0.997619
1302.199137 249.252374 -26.819326 4.321694 -0.014338 0.028793 -0.063768 0.997446
1302.299780 249.324506 -26.828929 4.329966 -0.012521 0.030677 -0.063831 0.997411
1302.399628 249.402826 -26.837582 4.335460 -0.011230 0.029689 -0.064002 0.997445
1302.499456 249.474741 -26.850302 4.334159 -0.010306 0.032728 -0.064738 0.997312
1302.599295 249.548720 -26.860302 4.329464 -0.008825 0.038068 -0.065567 0.997083
1302.699131 249.629264 -26.866118 4.320640 -0.008507 0.042025 -0.066025 0.996896
1302.799756 249.699961 -26.873506 4.315181 -0.009307 0.045568 -0.066062 0.996731
1302.899599 249.770497 -26.883196 4.310166 -0.009799 0.048833 -0.066256 0.996559
1302.999438 249.852654 -26.893146 4.311550 -0.010884 0.051465 -0.066638 0.996390
1303.099274 249.942221 -26.904488 4.312729 -0.010223 0.054612 -0.066513 0.996237
1303.199498 250.036058 -26.921582 4.311054 -0.010202 0.056860 -0.065909 0.996152
1303.299339 250.128708 -26.939240 4.310335 -0.009043 0.056155 -0.065676 0.996219
1303.399177 250.212691 -26.949067 4.310585 -0.011615 0.051227 -0.065834 0.996447
1303.499811 250.303498 -26.958076 4.317023 -0.011758 0.047494 -0.065741 0.996636
1303.599651 250.406107 -26.969556 4.325238 -0.011620 0.046298 -0.065487 0.996711
1303.699483 250.505034 -26.983442 4.322412 -0.010408 0.048441 -0.065653 0.996612
1303.799324 250.611816 -26.995819 4.306365 -0.009791 0.050910 -0.065631 0.996496
1303.899150 250.732219 -27.012019 4.298418 -0.009721 0.055669 -0.065537 0.996249
1303.999787 250.844310 -27.030978 4.303073 -0.009565 0.057763 -0.065161 0.996156
1304.099641 250.954001 -27.044422 4.306899 -0.010310 0.056371 -0.065137 0.996230
1304.199479 251.067316 -27.052210 4.308739 -0.011085 0.056982 -0.065372 0.996171
1304.299334 251.191548 -27.070179 4.305788 -0.011347 0.058276 -0.065264 0.996100
1304.399187 251.320579 -27.091341 4.302532 -0.010477 0.058089 -0.066052 0.996069
1304.499837 251.452691 -27.111408 4.302524 -0.009037 0.056833 -0.066325 0.996137
1304.599666 251.587612 -27.131887 4.301204 -0.009032 0.055136 -0.065695 0.996274
1304.699509 251.721167 -27.147076 4.306087 -0.009521 0.053686 -0.065617 0.996354
1304.799348 251.859205 -27.159260 4.306528 -0.010500 0.052584 -0.065125 0.996435
1304.899185 251.998503 -27.175801 4.307093 -0.010760 0.052119 -0.064972 0.996467
1304.999829 252.136938 -27.197296 4.305313 -0.011143 0.052528 -0.065685 0.996395
1305.099672 252.277649 -27.218092 4.310756 -0.010393 0.053183 -0.066213 0.996333
1305.199518 252.422069 -27.240549 4.310678 -0.008861 0.050691 -0.066487 0.996459
1305.299347 252.571947 -27.262467 4.309795 -0.009360 0.046285 -0.066631 0.996660
1305.399182 252.733536 -27.281830 4.308669 -0.009052 0.045466 -0.066500 0.996709
1305.499822 252.891050 -27.301571 4.303541 -0.009367 0.045919 -0.065916 0.996724
1305.599650 253.040864 -27.322770 4.302009 -0.010914 0.046534 -0.065853 0.996684
1305.699503 253.180310 -27.344545 4.301101 -0.011132 0.045346 -0.065481 0.996761
1305.799345 253.325400 -27.365383 4.303482 -0.011627 0.044365 -0.065314 0.996810
1305.899191 253.483740 -27.386491 4.303921 -0.011441 0.042068 -0.065423 0.996905
1305.999825 253.636044 -27.410330 4.302229 -0.011759 0.039967 -0.065700 0.996969
1306.099665 253.788671 -27.434802 4.308061 -0.011920 0.038400 -0.065884 0.997017
1306.199504 253.942545 -27.462187 4.308291 -0.012063 0.038488 -0.065899 0.997011
1306.299344 254.093576 -27.488502 4.304497 -0.011925 0.038744 -0.065746 0.997013
1306.399190 254.237689 -27.506194 4.299070 -0.012691 0.035975 -0.065994 0.997091
1306.499837 254.386937 -27.524081 4.295874 -0.013855 0.033091 -0.066193 0.997162
1306.599667 254.536706 -27.546141 4.293051 -0.012413 0.034246 -0.066242 0.997138
1306.699503 254.688583 -27.568235 4.286009 -0.011057 0.036524 -0.066410 0.997062
1306.799342 254.842492 -27.591889 4.287997 -0.010546 0.038214 -0.066275 0.997014
1306.899176 254.989786 -27.615283 4.294740 -0.011255 0.037687 -0.065905 0.997050
1306.999816 255.126659 -27.637291 4.296565 -0.013351 0.037082 -0.065834 0.997052
1307.099636 255.256826 -27.661033 4.292184 -0.013796 0.037694 -0.065542 0.997042
1307.199478 255.387407 -27.675801 4.289084 -0.013289 0.037301 -0.065840 0.997044
1307.299319 255.524632 -27.691445 4.294933 -0.012047 0.036049 -0.066278 0.997077
1307.399154 255.670898 -27.709828 4.306123 -0.010182 0.035444 -0.066657 0.997094
1307.499788 255.814498 -27.727462 4.303572 -0.008717 0.035210 -0.067005 0.997093
1307.599636 255.944493 -27.744965 4.291264 -0.009114 0.034149 -0.067073 0.997122
1307.699468 256.077606 -27.763549 4.284474 -0.009111 0.032932 -0.067189 0.997155
1307.799313 256.203058 -27.780929 4.285693 -0.011470 0.031213 -0.067725 0.997150
1307.899146 256.330738 -27.804778 4.287633 -0.014377 0.030505 -0.067330 0.997161
1307.999777 256.459668 -27.816136 4.290307 -0.016825 0.029111 -0.067828 0.997130
1308.099623 256.592036 -27.829271 4.294347 -0.019998 0.028229 -0.068367 0.997060
1308.199470 256.713483 -27.844246 4.288773 -0.019054 0.026071 -0.068331 0.997140
1308.299318 256.837240 -27.857925 4.276999 -0.017708 0.024971 -0.068156 0.997205
1308.399152 256.960660 -27.867467 4.276249 -0.017350 0.025273 -0.068168 0.997203
1308.499792 257.084322 -27.872058 4.286517 -0.019196 0.025140 -0.067775 0.997199
1308.599640 257.199064 -27.880005 4.291760 -0.018997 0.024099 -0.067337 0.997258
1308.699483 257.306465 -27.886869 4.287580 -0.019675 0.023410 -0.067139 0.997275
1308.799325 257.423981 -27.892762 4.284283 -0.019511 0.022819 -0.066777 0.997316
1308.899161 257.545899 -27.895348 4.269856 -0.016005 0.023014 -0.066426 0.997398
1308.999797 257.659089 -27.891548 4.268298 -0.011738 0.013380 -0.066820 0.997606
1309.099641 257.757572 -27.895853 4.273427 -0.010205 0.002678 -0.066741 0.997715
1309.199488 257.847194 -27.898365 4.281995 -0.010857 -0.009869 -0.067011 0.997644
1309.299323 257.934792 -27.900439 4.309019 -0.009390 -0.009490 -0.067328 0.997642
1309.399178 258.012898 -27.896992 4.292438 -0.009091 -0.022250 -0.067278 0.997445
1309.499815 258.079368 -27.904225 4.266954 -0.008530 -0.027150 -0.067002 0.997347
1309.599649 258.132572 -27.910012 4.253175 -0.008511 -0.019051 -0.066637 0.997559
1309.699487 258.173953 -27.907003 4.254718 -0.008475 -0.007820 -0.066626 0.997711
1309.799315 258.205168 -27.908608 4.261156 -0.010331 0.002298 -0.066420 0.997736
1309.899170 258.225919 -27.910690 4.280495 -0.012279 0.007486 -0.066739 0.997667
1309.999815 258.249151 -27.905788 4.291534 -0.013906 0.011283 -0.067552 0.997555
1310.099655 258.272742 -27.896874 4.294393 -0.012572 0.017379 -0.068351 0.997431
1310.199483 258.293003 -27.899369 4.283724 -0.012422 0.021871 -0.068399 0.997341
1310.299317 258.313649 -27.906559 4.280380 -0.012353 0.023650 -0.068591 0.997288
1310.399144 258.331859 -27.912757 4.285287 -0.012464 0.023525 -0.068486 0.997297
1310.499787 258.341887 -27.915796 4.290380 -0.012237 0.023049 -0.068325 0.997322
1310.599644 258.348496 -27.916218 4.292556 -0.012483 0.021582 -0.068233 0.997358
1310.699490 258.354957 -27.916903 4.290979 -0.012821 0.021012 -0.068424 0.997353
1310.799324 258.360612 -27.917831 4.285786 -0.013496 0.019797 -0.068704 0.997349
1310.899148 258.369619 -27.917656 4.291828 -0.013226 0.020373 -0.068808 0.997334
1310.999779 258.376171 -27.917069 4.301255 -0.013543 0.019725 -0.068777 0.997345
1311.099614 258.386002 -27.920085 4.298388 -0.013645 0.018977 -0.068646 0.997367
1311.199454 258.383530 -27.920447 4.293623 -0.013830 0.022832 -0.068809 0.997273
1311.299279 258.376937 -27.921269 4.292548 -0.013974 0.027902 -0.068757 0.997145
1311.399116 258.374390 -27.915920 4.296916 -0.013279 0.030063 -0.068859 0.997085
1311.499755 258.376998 -27.909789 4.299809 -0.013193 0.028084 -0.068805 0.997148
1311.599586 258.386918 -27.909692 4.301597 -0.013198 0.026835 -0.068801 0.997182
1311.699417 258.397091 -27.916364 4.297208 -0.012827 0.025883 -0.068693 0.997220
1311.799257 258.400797 -27.917798 4.292431 -0.012804 0.026515 -0.068697 0.997203
1311.899499 258.400366 -27.923996 4.286686 -0.012822 0.027570 -0.068484 0.997189
1311.999329 258.400159 -27.924035 4.290874 -0.012903 0.028449 -0.068564 0.997158
1312.099173 258.397904 -27.917722 4.301301 -0.012390 0.028956 -0.068682 0.997141
1312.199818 258.394957 -27.907289 4.300034 -0.012118 0.028294 -0.068903 0.997148
1312.299641 258.386813 -27.903030 4.289325 -0.012437 0.027343 -0.068921 0.997170
1312.399485 258.376024 -27.910193 4.281475 -0.012302 0.026919 -0.068768 0.997194
1312.499325 258.376195 -27.915286 4.284623 -0.012997 0.027103 -0.068861 0.997173
1312.599172 258.381675 -27.913131 4.296424 -0.012263 0.027414 -0.068996 0.997165
1312.699835 258.379398 -27.910239 4.303059 -0.012119 0.027256 -0.068877 0.997179
1312.799677 258.369542 -27.905336 4.305936 -0.011702 0.027352 -0.069020 0.997172
1312.899512 258.360906 -27.907471 4.302051 -0.012111 0.027661 -0.068854 0.997170
1312.999347 258.360574 -27.910778 4.298485 -0.012401 0.027547 -0.068827 0.997171
1313.099208 258.360845 -27.908621 4.300435 -0.012980 0.027508 -0.068922 0.997158
1313.199450 258.372985 -27.908059 4.299225 -0.012127 0.027951 -0.069093 0.997145
1313.299287 258.377389 -27.906110 4.294778 -0.011134 0.028900 -0.069231 0.997120
1313.399136 258.375207 -27.903073 4.286140 -0.011006 0.029534 -0.069055 0.997115
1313.499775 258.375480 -27.907581 4.278552 -0.012089 0.029104 -0.068921 0.997124
1313.599614 258.375927 -27.915180 4.281515 -0.012544 0.026937 -0.068892 0.997182
1313.699450 258.373300 -27.922458 4.294346 -0.012152 0.025942 -0.068598 0.997233
1313.799290 258.374303 -27.914560 4.300401 -0.012035 0.029015 -0.068887 0.997130
1313.899139 258.378536 -27.910220 4.293752 -0.011317 0.037909 -0.068728 0.996851
1313.999793 258.391814 -27.907437 4.275038 -0.010715 0.052187 -0.068734 0.996212
1314.099636 258.407096 -27.910568 4.276961 -0.010796 0.064674 -0.068543 0.995491
1314.199470 258.425449 -27.916302 4.274092 -0.010654 0.071346 -0.068555 0.995036
1314.299315 258.447479 -27.926913 4.265672 -0.008651 0.077210 -0.068562 0.994617
1314.399142 258.483456 -27.927669 4.268653 -0.007685 0.082179 -0.068869 0.994205
1314.499775 258.526962 -27.928292 4.270179 -0.007959 0.085848 -0.069354 0.993860
1314.599605 258.575995 -27.933178 4.274352 -0.007224 0.088836 -0.069612 0.993585
1314.699442 258.634694 -27.943787 4.265196 -0.005746 0.089557 -0.069665 0.993526
1314.799277 258.707178 -27.954395 4.256142 -0.006003 0.091993 -0.069637 0.993304
1314.899118 258.797202 -27.969028 4.252248 -0.007466 0.098010 -0.069587 0.992722
1314.999746 258.900549 -27.986347 4.247096 -0.007055 0.101223 -0.069392 0.992416
1315.099602 259.014596 -28.007434 4.252291 -0.008051 0.099830 -0.069123 0.992568
1315.199432 259.143518 -28.027480 4.254621 -0.007623 0.094207 -0.069191 0.993116
1315.299281 259.289771 -28.048134 4.254012 -0.006630 0.091642 -0.069327 0.993354
1315.399118 259.439245 -28.071163 4.254490 -0.006134 0.088859 -0.069414 0.993604
1315.499765 259.586713 -28.097383 4.250689 -0.005831 0.085225 -0.069134 0.993943
1315.599620 259.741946 -28.118502 4.252386 -0.005691 0.081664 -0.068951 0.994256
1315.699454 259.904937 -28.140026 4.252230 -0.006729 0.077629 -0.068695 0.994590
1315.799283 260.079727 -28.165468 4.252865 -0.009490 0.071747 -0.068577 0.995017
1315.899121 260.254377 -28.191755 4.258420 -0.012792 0.065353 -0.068412 0.995432
1315.999756 260.444065 -28.222636 4.255367 -0.012862 0.061281 -0.068142 0.995709
1316.099606 260.644075 -28.251167 4.249910 -0.012263 0.062001 -0.068516 0.995646
1316.199438 260.838074 -28.274511 4.241189 -0.014217 0.061723 -0.068350 0.995649
1316.299309 261.039838 -28.298379 4.234719 -0.019040 0.054930 -0.068596 0.995949
1316.399131 261.238752 -28.328269 4.237372 -0.021248 0.042063 -0.068442 0.996542
1316.499771 261.440633 -28.361441 4.234569 -0.019688 0.028109 -0.068476 0.997062
1316.599607 261.638814 -28.388022 4.311296 -0.015582 -0.007636 -0.068384 0.997508
1316.699445 261.821158 -28.419050 4.280889 -0.012028 -0.058512 -0.067985 0.995896
1316.799284 262.006564 -28.436514 4.200857 -0.012986 -0.036908 -0.068727 0.996868
1316.899113 262.161513 -28.443827 4.146559 -0.014955 -0.000501 -0.068675 0.997527
1316.999750 262.295426 -28.448130 4.155567 -0.018119 -0.034856 -0.068017 0.996910
1317.099608 262.424848 -28.460828 4.242695 -0.014621 -0.070028 -0.067835 0.995129
1317.199441 262.539398 -28.477207 4.284724 -0.015366 -0.066424 -0.067959 0.995356
1317.299295 262.628750 -28.481298 4.248639 -0.012249 -0.026495 -0.068393 0.997231
1317.399126 262.698278 -28.485492 4.225476 -0.011538 0.018984 -0.068269 0.997420
1317.499751 262.762277 -28.488353 4.241695 -0.012362 0.039576 -0.068210 0.996809
1317.599589 262.833109 -28.498564 4.253523 -0.010503 0.042465 -0.068682 0.996679
1317.699437 262.908877 -28.509885 4.259943 -0.008387 0.040949 -0.069266 0.996722
1317.799275 262.987974 -28.523146 4.266661 -0.008415 0.043558 -0.069506 0.996595
1317.899511 263.072903 -28.536427 4.251943 -0.008417 0.046250 -0.069561 0.996469
1317.999356 263.159678 -28.541369 4.243844 -0.007892 0.050919 -0.069610 0.996243
1318.099207 263.239580 -28.551653 4.248545 -0.009052 0.053171 -0.069333 0.996134
1318.199463 263.316902 -28.564431 4.251364 -0.010178 0.054858 -0.069680 0.996008
1318.299296 263.391297 -28.574394 4.260009 -0.011036 0.054226 -0.069946 0.996015
1318.399124 263.466971 -28.584766 4.268228 -0.014169 0.051657 -0.070075 0.996103
1318.499751 263.557096 -28.597731 4.265351 -0.014479 0.049518 -0.070120 0.996204
1318.599602 263.650519 -28.611022 4.253290 -0.015584 0.052932 -0.070358 0.995995
1318.699443 263.753233 -28.622950 4.250476 -0.017383 0.055001 -0.070577 0.995837
1318.799275 263.862428 -28.631093 4.252895 -0.020390 0.052882 -0.070229 0.995920
1318.899505 263.970500 -28.640720 4.263085 -0.020629 0.051455 -0.069949 0.996009
1318.999356 264.087829 -28.647597 4.264918 -0.020380 0.053693 -0.070099 0.995885
1319.099187 264.204456 -28.656349 4.256420 -0.018446 0.055613 -0.070098 0.995818
1319.199844 264.319353 -28.664594 4.248821 -0.014739 0.056201 -0.070307 0.995832
1319.299675 264.437942 -28.670776 4.254570 -0.011334 0.056345 -0.070521 0.995853
1319.399513 264.551749 -28.680860 4.264313 -0.010505 0.053425 -0.070565 0.996020
1319.499348 264.674042 -28.685723 4.265811 -0.010414 0.048365 -0.070637 0.996274
1319.599195 264.804076 -28.690973 4.272842 -0.009957 0.047639 -0.070945 0.996292
1319.699828 264.935913 -28.693774 4.271032 -0.010245 0.049042 -0.071278 0.996197
1319.799649 265.067137 -28.701151 4.261161 -0.010081 0.052675 -0.071332 0.996010
1319.899484 265.194031 -28.707787 4.251603 -0.010953 0.052107 -0.071538 0.996016
1319.999317 265.327013 -28.718620 4.245113 -0.011405 0.048527 -0.071997 0.996158
1320.099162 265.464501 -28.731869 4.252341 -0.012333 0.042678 -0.072611 0.996370
1320.199807 265.609761 -28.747789 4.263537 -0.010989 0.042821 -0.072786 0.996367
1320.299660 265.748870 -28.755999 4.272502 -0.009716 0.041616 -0.072618 0.996444
1320.399504 265.884187 -28.764226 4.269357 -0.007830 0.040878 -0.071928 0.996541
1320.499354 266.023484 -28.770347 4.260525 -0.008382 0.040842 -0.071514 0.996568
1320.599195 266.167186 -28.777958 4.255790 -0.010723 0.038366 -0.071454 0.996648
1320.699830 266.309366 -28.793502 4.249075 -0.011959 0.036601 -0.071734 0.996680
1320.799662 266.449689 -28.810529 4.250418 -0.010884 0.036942 -0.072398 0.996632
1320.899494 266.583928 -28.823103 4.247734 -0.009500 0.039035 -0.072700 0.996544
1320.999332 266.714560 -28.828280 4.251806 -0.009324 0.040773 -0.073045 0.996451
1321.099180 266.851352 -28.841315 4.251230 -0.009871 0.039567 -0.072935 0.996503
1321.199822 266.985569 -28.857604 4.251569 -0.010923 0.037152 -0.073023 0.996578
1321.299658 267.126565 -28.870571 4.246737 -0.010948 0.037030 -0.073168 0.996572
1321.399504 267.268408 -28.886606 4.246780 -0.011128 0.038127 -0.072771 0.996558
1321.499349 267.406538 -28.900039 4.249094 -0.011608 0.039390 -0.072649 0.996512
1321.599178 267.548720 -28.917510 4.244952 -0.012365 0.039481 -0.072536 0.996507
1321.699810 267.684136 -28.938908 4.241897 -0.011939 0.038646 -0.072351 0.996559
1321.799663 267.810540 -28.951132 4.247109 -0.012029 0.036591 -0.072414 0.996631
1321.899495 267.939513 -28.960893 4.250921 -0.011033 0.035342 -0.072582 0.996675
1321.999337 268.075127 -28.974091 4.249630 -0.011363 0.034976 -0.071922 0.996732
1322.099185 268.211437 -28.995720 4.243195 -0.013583 0.038750 -0.071497 0.996595
1322.199829 268.339113 -29.015930 4.239268 -0.014059 0.041692 -0.071695 0.996456
1322.299662 268.462467 -29.030282 4.234660 -0.012543 0.042566 -0.071731 0.996436
1322.399490 268.596916 -29.044107 4.233083 -0.010016 0.040995 -0.071943 0.996516
1322.499331 268.736286 -29.060712 4.236579 -0.010095 0.040097 -0.071826 0.996560
1322.599170 268.873015 -29.078514 4.239590 -0.013370 0.039436 -0.072175 0.996522
1322.699822 269.003803 -29.099391 4.240192 -0.013753 0.039958 -0.072414 0.996479
1322.799639 269.134063 -29.114842 4.234107 -0.013211 0.039855 -0.072825 0.996461
1322.899479 269.274967 -29.133013 4.226307 -0.011088 0.039801 -0.072739 0.996495
1322.999306 269.396389 -29.144456 4.223943 -0.011060 0.039704 -0.073011 0.996479
1323.099151 269.521980 -29.152214 4.228076 -0.011406 0.039667 -0.073410 0.996447
1323.199792 269.648483 -29.168491 4.227541 -0.011618 0.040475 -0.073335 0.996418
1323.299632 269.776672 -29.187769 4.224629 -0.011776 0.041630 -0.073108 0.996385
1323.399481 269.901465 -29.204480 4.222098 -0.010124 0.039588 -0.072871 0.996504
1323.499324 270.023936 -29.220480 4.219823 -0.007801 0.037451 -0.072420 0.996640
1323.599162 270.149227 -29.237023 4.214357 -0.008570 0.040204 -0.072171 0.996545
1323.699808 270.288965 -29.252505 4.215150 -0.010097 0.046600 -0.072208 0.996249
1323.799651 270.429064 -29.270170 4.220492 -0.009422 0.050566 -0.071743 0.996096
1323.899493 270.572567 -29.285215 4.216144 -0.008696 0.049069 -0.071330 0.996207
1323.999318 270.713410 -29.300878 4.213784 -0.010814 0.046113 -0.071129 0.996342
1324.099169 270.856763 -29.319568 4.211644 -0.011200 0.043550 -0.071300 0.996441
1324.199803 270.998404 -29.340307 4.208818 -0.009410 0.041740 -0.071730 0.996506
1324.299655 271.132743 -29.360467 4.209537 -0.007536 0.042936 -0.072181 0.996438
1324.399502 271.263691 -29.375250 4.208444 -0.008469 0.044847 -0.072842 0.996299
1324.499344 271.399897 -29.389365 4.203269 -0.009970 0.046167 -0.073723 0.996160
1324.599189 271.536304 -29.409540 4.199310 -0.010157 0.045306 -0.073803 0.996191
1324.699827 271.671079 -29.428730 4.198116 -0.011582 0.042043 -0.074198 0.996290
1324.799668 271.810143 -29.448244 4.197027 -0.011555 0.039100 -0.074378 0.996396
1324.899507 271.960917 -29.468371 4.195559 -0.011456 0.039107 -0.074484 0.996389
1324.999353 272.105640 -29.487060 4.195817 -0.012019 0.038626 -0.074852 0.996374
1325.099213 272.242763 -29.502057 4.192257 -0.011971 0.038148 -0.075129 0.996372
1325.199470 272.372332 -29.520953 4.191383 -0.012423 0.038079 -0.074869 0.996389
1325.299312 272.502535 -29.540807 4.186020 -0.013193 0.040061 -0.074604 0.996321
1325.399146 272.630470 -29.561519 4.181308 -0.011773 0.044496 -0.074893 0.996129
1325.499771 272.766645 -29.583054 4.176173 -0.009074 0.048846 -0.074686 0.995969
1325.599626 272.910366 -29.605080 4.169221 -0.010387 0.052256 -0.074732 0.995779
1325.699472 273.066038 -29.630054 4.163997 -0.010787 0.053048 -0.074483 0.995752
1325.799304 273.214017 -29.650830 4.165025 -0.009411 0.051689 -0.074139 0.995863
1325.899142 273.356944 -29.666873 4.172556 -0.010034 0.047684 -0.074221 0.996051
1325.999782 273.504694 -29.687830 4.182563 -0.011567 0.045073 -0.074173 0.996159
1326.099619 273.648065 -29.709218 4.183667 -0.011003 0.044335 -0.074131 0.996202
1326.199464 273.786467 -29.731187 4.177086 -0.010857 0.045197 -0.074110 0.996166
1326.299302 273.924729 -29.755464 4.168853 -0.011154 0.045106 -0.073848 0.996186
1326.399135 274.071092 -29.780301 4.166831 -0.011882 0.043279 -0.074016 0.996247
1326.499776 274.228493 -29.802825 4.167111 -0.011410 0.041738 -0.074247 0.996301
1326.599613 274.376536 -29.829073 4.160169 -0.011378 0.040978 -0.074358 0.996324
1326.699462 274.525163 -29.852851 4.153626 -0.012494 0.043542 -0.074767 0.996172
1326.799301 274.678902 -29.867810 4.160154 -0.012053 0.046010 -0.075309 0.996025
1326.899143 274.832478 -29.894395 4.168178 -0.011718 0.046678 -0.074907 0.996029
1326.999785 274.985630 -29.923508 4.174793 -0.012654 0.043644 -0.074717 0.996169
1327.099636 275.134288 -29.949410 4.168352 -0.011305 0.039854 -0.074842 0.996335
1327.199477 275.269178 -29.970370 4.155194 -0.009773 0.038887 -0.074503 0.996414
1327.299320 275.408825 -29.987112 4.155202 -0.012262 0.042836 -0.075074 0.996182
1327.399143 275.551620 -30.010621 4.158982 -0.014760 0.047020 -0.074906 0.995972
1327.499784 275.708633 -30.037604 4.162964 -0.014308 0.048862 -0.074556 0.995916
1327.599624 275.855972 -30.066752 4.160471 -0.013889 0.048212 -0.074597 0.995951
1327.699468 276.011162 -30.096467 4.158379 -0.013109 0.048217 -0.074887 0.995939
1327.799307 276.169966 -30.122881 4.153300 -0.012711 0.047352 -0.075342 0.995952
1327.899162 276.328399 -30.142008 4.148430 -0.013285 0.046865 -0.075514 0.995954
1327.999779 276.479304 -30.159175 4.151607 -0.013824 0.043405 -0.075169 0.996130
1328.099616 276.624962 -30.180974 4.153976 -0.017694 0.041676 -0.074841 0.996167
1328.199463 276.767880 -30.205581 4.152623 -0.019470 0.040275 -0.074617 0.996208
1328.299307 276.912593 -30.230969 4.141759 -0.019507 0.043302 -0.074652 0.996078
1328.399140 277.066580 -30.256076 4.130784 -0.018190 0.047409 -0.074904 0.995897
1328.499784 277.225193 -30.275138 4.125670 -0.016547 0.047972 -0.075050 0.995888
1328.599609 277.378225 -30.290187 4.116964 -0.019253 0.045832 -0.075364 0.995916
1328.699454 277.536437 -30.305238 4.112485 -0.020700 0.040977 -0.075447 0.996092
1328.799303 277.690477 -30.317728 4.120626 -0.020621 0.037561 -0.075633 0.996215
1328.899146 277.837938 -30.338634 4.132811 -0.019588 0.036665 -0.075466 0.996281
1328.999792 277.982686 -30.357568 4.129808 -0.019870 0.039470 -0.075532 0.996164
1329.099637 278.126908 -30.370779 4.124834 -0.019774 0.041868 -0.075681 0.996056
1329.199486 278.270010 -30.379887 4.110640 -0.021893 0.041917 -0.075757 0.996004
1329.299318 278.425950 -30.389240 4.104927 -0.021582 0.039606 -0.075700 0.996110
1329.399174 278.577109 -30.402381 4.101870 -0.022219 0.038108 -0.075270 0.996187
1329.499814 278.725860 -30.412177 4.107116 -0.019948 0.038093 -0.075111 0.996248
1329.599650 278.880679 -30.422161 4.110368 -0.017271 0.039023 -0.075362 0.996243
1329.699493 279.031229 -30.429768 4.114619 -0.015691 0.040080 -0.075480 0.996218
1329.799321 279.173033 -30.438873 4.109382 -0.015500 0.039799 -0.075657 0.996219
1329.899179 279.319685 -30.447272 4.101364 -0.015676 0.037671 -0.075799 0.996288
1329.999818 279.463436 -30.454883 4.104075 -0.014710 0.035534 -0.075682 0.996390
1330.099658 279.595480 -30.460422 4.109368 -0.013459 0.033219 -0.075824 0.996477
1330.199496 279.730225 -30.473728 4.112175 -0.013370 0.031215 -0.076041 0.996526
1330.299342 279.865193 -30.482622 4.112456 -0.014665 0.029264 -0.075943 0.996575
1330.399184 280.000498 -30.487889 4.110601 -0.014541 0.026850 -0.076058 0.996636
1330.499824 280.126578 -30.495194 4.115550 -0.016012 0.021475 -0.075480 0.996787
1330.599679 280.255876 -30.497379 4.108156 -0.013763 0.013333 -0.075679 0.996948
1330.699507 280.384645 -30.492535 4.091942 -0.013220 0.017234 -0.076324 0.996846
1330.799356 280.505668 -30.496731 4.079418 -0.013840 0.023855 -0.076191 0.996712
1330.899201 280.617941 -30.507012 4.083410 -0.011792 0.015745 -0.075687 0.996938
1330.999444 280.727378 -30.515089 4.095520 -0.012755 0.017484 -0.075872 0.996883
1331.099291 280.820922 -30.523640 4.102285 -0.014689 0.000060 -0.075550 0.997034
1331.199134 280.917545 -30.533069 4.095975 -0.013179 -0.002899 -0.075569 0.997049
1331.299779 281.013372 -30.539696 4.087622 -0.013004 0.014359 -0.075795 0.996935
1331.399614 281.102795 -30.542914 4.082421 -0.013804 0.028411 -0.075693 0.996631
1331.499455 281.190531 -30.547475 4.073962 -0.014127 0.034717 -0.075716 0.996425
1331.599298 281.276449 -30.555519 4.074304 -0.015812 0.033208 -0.075714 0.996451
1331.699124 281.356348 -30.569614 4.074647 -0.015937 0.029049 -0.075660 0.996583
1331.799763 281.437915 -30.583828 4.087900 -0.015134 0.029612 -0.075646 0.996580
1331.899598 281.519288 -30.590941 4.092542 -0.014854 0.032039 -0.075409 0.996527
1331.999436 281.594989 -30.590354 4.087350 -0.015329 0.033172 -0.075260 0.996494
1332.099286 281.667787 -30.597513 4.082168 -0.015651 0.031363 -0.075269 0.996547
1332.199126 281.744818 -30.609464 4.083265 -0.016012 0.029665 -0.075316 0.996590
1332.299758 281.815982 -30.620496 4.087355 -0.015089 0.017998 -0.075157 0.996895
1332.399610 281.881692 -30.627176 4.088316 -0.015050 0.013690 -0.075162 0.996964
1332.499447 281.942930 -30.631201 4.090327 -0.015777 0.021325 -0.075174 0.996818
1332.599295 282.001226 -30.631910 4.091351 -0.015519 0.032408 -0.075194 0.996521
1332.699143 282.063648 -30.637611 4.081202 -0.015217 0.039439 -0.075354 0.996260
1332.799796 282.127478 -30.642857 4.077331 -0.013976 0.042619 -0.075455 0.996140
1332.899649 282.195618 -30.647720 4.075868 -0.012509 0.044384 -0.075709 0.996063
1332.999509 282.264404 -30.650797 4.078395 -0.011791 0.051522 -0.075813 0.995720
1333.099355 282.338045 -30.660507 4.076238 -0.010885 0.057596 -0.075712 0.995405
1333.199191 282.407026 -30.672883 4.073015 -0.009962 0.061018 -0.075642 0.995217
1333.299845 282.480468 -30.679931 4.067202 -0.009651 0.063163 -0.075691 0.995082
1333.399693 282.563091 -30.681790 4.057268 -0.010246 0.068000 -0.075686 0.994758
1333.499535 282.652491 -30.687148 4.053352 -0.010730 0.074682 -0.075498 0.994287
1333.599374 282.745669 -30.696806 4.050815 -0.010934 0.081135 -0.075648 0.993768
1333.699208 282.848387 -30.714625 4.054478 -0.011205 0.086428 -0.075620 0.993321
1333.799465 282.968255 -30.731114 4.058744 -0.009925 0.089447 -0.075892 0.993046
1333.899311 283.093157 -30.754978 4.050343 -0.009109 0.088769 -0.075918 0.993113
1333.999151 283.225076 -30.775177 4.042004 -0.008136 0.088062 -0.076035 0.993175
1334.099785 283.363977 -30.788136 4.039118 -0.007003 0.088989 -0.076288 0.993082
1334.199634 283.519222 -30.799469 4.033378 -0.007499 0.092691 -0.076333 0.992736
1334.299477 283.687000 -30.820352 4.032620 -0.008431 0.094866 -0.076333 0.992523
1334.399323 283.858003 -30.849294 4.028839 -0.008689 0.092891 -0.076286 0.992712
1334.499154 284.035270 -30.877229 4.028511 -0.009571 0.088776 -0.076507 0.993063
1334.599791 284.226555 -30.907943 4.032993 -0.008995 0.084319 -0.076000 0.993496
1334.699634 284.418395 -30.939671 4.037985 -0.008466 0.081739 -0.076008 0.993715
1334.799475 284.620853 -30.971705 4.031613 -0.008766 0.080206 -0.076156 0.993826
1334.899329 284.835909 -31.007229 4.023922 -0.011190 0.078967 -0.076094 0.993906
1334.999180 285.047501 -31.034171 4.017399 -0.017120 0.072532 -0.075985 0.994320
1335.099808 285.260901 -31.066652 4.021929 -0.020444 0.058316 -0.075616 0.995220
1335.199638 285.478766 -31.100966 4.031884 -0.020773 0.045977 -0.075307 0.995883
1335.299485 285.698257 -31.133266 4.040671 -0.022087 0.041554 -0.075302 0.996050
1335.399329 285.925937 -31.161727 4.035246 -0.022608 0.041323 -0.075218 0.996054
1335.499168 286.144717 -31.181347 4.021623 -0.022580 0.040491 -0.075215 0.996089
1335.599803 286.364045 -31.207041 4.018973 -0.022901 0.040825 -0.075329 0.996059
1335.699657 286.577809 -31.238537 4.022792 -0.024360 0.041398 -0.074857 0.996037
1335.799496 286.793215 -31.260064 4.030048 -0.025489 0.044560 -0.074974 0.995863
1335.899333 287.004861 -31.285518 4.024686 -0.025374 0.048631 -0.074655 0.995700
1335.999186 287.213104 -31.304855 4.013774 -0.024366 0.053906 -0.074841 0.995439
1336.099814 287.424605 -31.328395 4.009809 -0.021315 0.057717 -0.074642 0.995310
1336.199660 287.639428 -31.348880 4.007974 -0.017731 0.057154 -0.074543 0.995421
1336.299497 287.853903 -31.368722 4.004125 -0.015555 0.053948 -0.074681 0.995626
1336.399325 288.063267 -31.388465 4.001231 -0.015142 0.049992 -0.074920 0.995821
1336.499170 288.272502 -31.406726 4.004070 -0.015551 0.047593 -0.074935 0.995931
1336.599792 288.494652 -31.426837 4.010349 -0.015736 0.044698 -0.074949 0.996061
1336.699640 288.713260 -31.444057 4.007415 -0.015971 0.041074 -0.074872 0.996219
1336.799478 288.926053 -31.461901 4.004596 -0.016452 0.037377 -0.074828 0.996360
1336.899333 289.133659 -31.476067 4.000833 -0.016724 0.034832 -0.075106 0.996427
1336.999172 289.346749 -31.495797 3.994886 -0.017405 0.032316 -0.074737 0.996528
1337.099802 289.553656 -31.515688 3.993425 -0.016311 0.031696 -0.074985 0.996547
1337.199634 289.753294 -31.536233 3.993694 -0.015308 0.032796 -0.075222 0.996510
1337.299469 289.947936 -31.553020 4.004028 -0.015609 0.034343 -0.075414 0.996439
1337.399307 290.144611 -31.570550 3.999144 -0.017911 0.033473 -0.075636 0.996413
1337.499155 290.338821 -31.588781 3.985073 -0.022498 0.031944 -0.075615 0.996371
1337.599806 290.522593 -31.604918 3.976100 -0.025161 0.032043 -0.075861 0.996286
1337.699645 290.710034 -31.622272 3.979159 -0.024296 0.032887 -0.075585 0.996301
1337.799480 290.894543 -31.634944 3.977654 -0.020309 0.034520 -0.075349 0.996353
1337.899316 291.078936 -31.645804 3.976685 -0.016225 0.035187 -0.075411 0.996399
1337.999146 291.271738 -31.657922 3.982274 -0.015589 0.033696 -0.075626 0.996445
1338.099785 291.464239 -31.675388 3.985589 -0.015868 0.030365 -0.075624 0.996548
1338.199622 291.638909 -31.691195 3.980252 -0.016002 0.028512 -0.075574 0.996604
1338.299457 291.810055 -31.703105 3.967483 -0.016528 0.027972 -0.075263 0.996634
1338.399315 291.978814 -31.714939 3.957491 -0.016086 0.030092 -0.075342 0.996574
1338.499151 292.147530 -31.722414 3.947942 -0.016569 0.031118 -0.075409 0.996529
1338.599796 292.310576 -31.731507 3.947266 -0.016796 0.029626 -0.075462 0.996567
1338.699628 292.472249 -31.746137 3.954970 -0.015853 0.027112 -0.075380 0.996660
1338.799467 292.625803 -31.758920 3.957864 -0.014901 0.026243 -0.075367 0.996699
1338.899309 292.774773 -31.773528 3.962366 -0.015168 0.026719 -0.075674 0.996659
1338.999166 292.931862 -31.786419 3.960878 -0.014976 0.027386 -0.075577 0.996651
1339.099803 293.081745 -31.796889 3.951427 -0.015524 0.027161 -0.075641 0.996644
1339.199638 293.215804 -31.806203 3.941463 -0.016133 0.026111 -0.075786 0.996652
1339.299491 293.331897 -31.812451 3.939284 -0.016727 0.014206 -0.075823 0.996880
1339.399339 293.459020 -31.817583 3.935018 -0.015313 0.011519 -0.076560 0.996881
1339.499186 293.593789 -31.826268 3.924059 -0.015753 0.018464 -0.076805 0.996751
1339.599836 293.723433 -31.836742 3.919921 -0.014779 0.026848 -0.076745 0.996580
1339.699677 293.853476 -31.849676 3.915225 -0.013877 0.031795 -0.076845 0.996439
1339.799513 293.975989 -31.867103 3.909662 -0.014404 0.032756 -0.076884 0.996398
1339.899358 294.097017 -31.877553 3.891082 -0.014831 0.030291 -0.076908 0.996468
1339.999190 294.217845 -31.888610 3.879240 -0.015157 0.031250 -0.076788 0.996442
1340.099823 294.337622 -31.895737 3.873677 -0.015541 0.032505 -0.076640 0.996408
1340.199672 294.460686 -31.902218 3.861995 -0.014610 0.034647 -0.076964 0.996325
1340.299504 294.572168 -31.912127 3.841714 -0.014242 0.036448 -0.077210 0.996247
1340.399352 294.668877 -31.923730 3.823004 -0.013875 0.036034 -0.077420 0.996251
1340.499196 294.770969 -31.932891 3.817230 -0.014152 0.034946 -0.077615 0.996270
1340.599838 294.873156 -31.942277 3.813157 -0.014826 0.034447 -0.077769 0.996266
1340.699666 294.977280 -31.955789 3.805118 -0.013880 0.037791 -0.077726 0.996162
1340.799510 295.089254 -31.967186 3.794381 -0.014433 0.042246 -0.078000 0.995953
1340.899363 295.195174 -31.980667 3.788247 -0.015064 0.044869 -0.077939 0.995834
1340.999204 295.300877 -31.992624 3.788098 -0.014978 0.044997 -0.077851 0.995836
1341.099456 295.408880 -31.998093 3.795943 -0.017007 0.047404 -0.078017 0.995679
1341.199309 295.515886 -32.009998 3.801287 -0.017186 0.049134 -0.077863 0.995604
1341.299143 295.625756 -32.025298 3.799952 -0.015787 0.049149 -0.077983 0.995617
1341.399782 295.746869 -32.037447 3.798690 -0.014634 0.046753 -0.078204 0.995733
1341.499624 295.871688 -32.048772 3.793199 -0.014434 0.043425 -0.078440 0.995868
1341.599461 295.987152 -32.062615 3.783920 -0.014516 0.041539 -0.078448 0.995947
1341.699299 296.098654 -32.073980 3.779124 -0.015260 0.041418 -0.078420 0.995943
1341.799156 296.210809 -32.088058 3.777437 -0.015060 0.044382 -0.078243 0.995832
1341.899797 296.330619 -32.101484 3.783524 -0.015294 0.046526 -0.078498 0.995711
1341.999646 296.448107 -32.110679 3.793239 -0.015679 0.045646 -0.078193 0.995769
1342.099490 296.559678 -32.123181 3.797906 -0.015947 0.043465 -0.077681 0.995903
1342.199341 296.667600 -32.134681 3.799378 -0.014526 0.040614 -0.077468 0.996061
1342.299193 296.783622 -32.147908 3.791064 -0.013214 0.038645 -0.077865 0.996127
1342.399816 296.909225 -32.159276 3.787183 -0.012445 0.038398 -0.078553 0.996092
1342.499648 297.022501 -32.170293 3.789012 -0.010224 0.037072 -0.079103 0.996124
1342.599487 297.132727 -32.177324 3.791224 -0.010540 0.034847 -0.079136 0.996199
1342.699324 297.244879 -32.190412 3.788169 -0.012504 0.032115 -0.078521 0.996317
1342.799180 297.346324 -32.205705 3.780488 -0.014103 0.032069 -0.078070 0.996332
1342.899813 297.453246 -32.216562 3.768175 -0.014468 0.034275 -0.077551 0.996294
1342.999645 297.568815 -32.228938 3.772477 -0.013584 0.037259 -0.077586 0.996197
1343.099473 297.687744 -32.242397 3.775252 -0.011159 0.037140 -0.077830 0.996212
1343.199317 297.806650 -32.254077 3.777815 -0.009927 0.035360 -0.077934 0.996282
1343.299161 297.917702 -32.265352 3.774045 -0.011158 0.034701 -0.078149 0.996275
1343.399794 298.027129 -32.277213 3.775547 -0.011259 0.036537 -0.078582 0.996174
1343.499622 298.136226 -32.294606 3.767810 -0.012958 0.038436 -0.079217 0.996032
1343.599452 298.238876 -32.313027 3.764989 -0.012911 0.039827 -0.079773 0.995933
1343.699285 298.345032 -32.329468 3.768799 -0.013214 0.039778 -0.080256 0.995893
1343.799117 298.459299 -32.343354 3.769226 -0.013105 0.038617 -0.080231 0.995942
1343.899753 298.558334 -32.353517 3.763036 -0.013666 0.038866 -0.080093 0.995936
1343.999613 298.654517 -32.366494 3.754064 -0.014324 0.041399 -0.080220 0.995814
1344.099452 298.758991 -32.386744 3.738529 -0.014299 0.047337 -0.080298 0.995544
1344.199279 298.874844 -32.405467 3.716519 -0.014586 0.051930 -0.080284 0.995312
1344.299126 298.993497 -32.422602 3.700209 -0.014561 0.050561 -0.080205 0.995389
1344.399763 299.109789 -32.439153 3.693887 -0.014930 0.046503 -0.080175 0.995584
1344.499611 299.226866 -32.459100 3.684911 -0.015488 0.043402 -0.080205 0.995713
1344.599453 299.346940 -32.478796 3.672784 -0.014337 0.042768 -0.080483 0.995735
1344.699310 299.460835 -32.496166 3.654639 -0.013796 0.042779 -0.080657 0.995728
1344.799151 299.579943 -32.513508 3.639618 -0.012906 0.041886 -0.080719 0.995773
1344.899774 299.702478 -32.528946 3.630160 -0.013306 0.040144 -0.081049 0.995812
1344.999621 299.829383 -32.551617 3.621893 -0.014169 0.037488 -0.081032 0.995905
1345.099464 299.940872 -32.570446 3.619954 -0.014283 0.036984 -0.081136 0.995914
1345.199297 300.047593 -32.589987 3.618588 -0.014634 0.037572 -0.081524 0.995855
1345.299136 300.152568 -32.609261 3.607918 -0.015247 0.038288 -0.081857 0.995792
1345.399776 300.264840 -32.626594 3.599295 -0.014887 0.038747 -0.082084 0.995761
1345.499597 300.387586 -32.645965 3.594406 -0.014057 0.036763 -0.081985 0.995856
1345.599428 300.509823 -32.665501 3.587472 -0.013857 0.034607 -0.081711 0.995959
1345.699270 300.628984 -32.685367 3.595610 -0.015318 0.037363 -0.081981 0.995815
1345.799523 300.743015 -32.701734 3.594092 -0.016391 0.038051 -0.082273 0.995748
1345.899363 300.853750 -32.721676 3.588548 -0.016517 0.035505 -0.082011 0.995862
1345.999199 300.959807 -32.739530 3.583094 -0.015586 0.032039 -0.081779 0.996013
1346.099429 301.062261 -32.750081 3.577694 -0.016235 0.029857 -0.081994 0.996053
1346.199268 301.169308 -32.769025 3.570613 -0.015685 0.030216 -0.081920 0.996057
1346.299508 301.278719 -32.782943 3.563210 -0.015231 0.032019 -0.081945 0.996006
1346.399353 301.392416 -32.797189 3.554899 -0.015183 0.035426 -0.082300 0.995862
1346.499187 301.496608 -32.819468 3.544685 -0.014504 0.038220 -0.082165 0.995780
1346.599821 301.595148 -32.839236 3.538282 -0.014693 0.038400 -0.082284 0.995760
1346.699667 301.697131 -32.856318 3.531409 -0.014729 0.034967 -0.082364 0.995880
1346.799512 301.800793 -32.871391 3.523590 -0.015451 0.032938 -0.082329 0.995941
1346.899342 301.908746 -32.887100 3.512245 -0.015233 0.033349 -0.082312 0.995932
1346.999175 302.013723 -32.900412 3.501623 -0.015618 0.035769 -0.082664 0.995813
1347.099821 302.124793 -32.915097 3.484247 -0.014303 0.037711 -0.082788 0.995751
1347.199651 302.226896 -32.929782 3.472370 -0.016581 0.038651 -0.082700 0.995687
1347.299492 302.325345 -32.952246 3.469892 -0.017596 0.037831 -0.082109 0.995750
1347.399333 302.426722 -32.969536 3.467882 -0.019032 0.037554 -0.082226 0.995724
1347.499186 302.522102 -32.982762 3.458725 -0.019861 0.037959 -0.082475 0.995672
1347.599818 302.615093 -32.989069 3.449218 -0.019139 0.038822 -0.082447 0.995655
1347.699676 302.712710 -32.995062 3.443952 -0.016258 0.037933 -0.082622 0.995726
1347.799514 302.809471 -33.005062 3.445360 -0.013000 0.036800 -0.083054 0.995781
1347.899359 302.915697 -33.019866 3.444455 -0.014008 0.035128 -0.083317 0.995805
1347.999199 303.026276 -33.038226 3.435847 -0.014747 0.034187 -0.083262 0.995832
1348.099437 303.128460 -33.051369 3.430773 -0.014606 0.034959 -0.082924 0.995835
1348.199285 303.225687 -33.062881 3.426834 -0.015417 0.034491 -0.082407 0.995882
1348.299123 303.329198 -33.073045 3.433288 -0.016927 0.033846 -0.081691 0.995939
1348.399765 303.430537 -33.079894 3.437667 -0.016815 0.032328 -0.081313 0.996022
1348.499623 303.523786 -33.087967 3.438794 -0.015005 0.031864 -0.081479 0.996053
1348.599463 303.620525 -33.100735 3.435848 -0.014615 0.030121 -0.081973 0.996072
1348.699302 303.713559 -33.117830 3.427901 -0.014329 0.029744 -0.082559 0.996039
1348.799142 303.809339 -33.130228 3.426027 -0.013968 0.032227 -0.082861 0.995942
1348.899779 303.897796 -33.140601 3.427186 -0.012697 0.033774 -0.083037 0.995893
1348.999626 303.983936 -33.146520 3.428171 -0.012426 0.033804 -0.083665 0.995843
1349.099459 304.075115 -33.155534 3.426916 -0.013026 0.032749 -0.084110 0.995833
1349.199297 304.170604 -33.165976 3.427989 -0.013173 0.034052 -0.084421 0.995761
1349.299141 304.274578 -33.176644 3.423869 -0.014139 0.035862 -0.084923 0.995642
1349.399793 304.368564 -33.187438 3.425177 -0.014483 0.038305 -0.084972 0.995541
1349.499623 304.460413 -33.200923 3.422842 -0.014299 0.039237 -0.085027 0.995503
1349.599465 304.552946 -33.216247 3.423185 -0.012959 0.039187 -0.085255 0.995504
1349.699301 304.644146 -33.228680 3.425508 -0.012363 0.038160 -0.084994 0.995574
1349.799136 304.740690 -33.241856 3.424221 -0.014037 0.038103 -0.084693 0.995579
1349.899782 304.827628 -33.253401 3.419941 -0.015136 0.038576 -0.084397 0.995570
1349.999630 304.911367 -33.270282 3.413881 -0.015875 0.039916 -0.084031 0.995537
1350.099460 305.004422 -33.288906 3.414547 -0.015580 0.040394 -0.083856 0.995537
1350.199309 305.100188 -33.307622 3.421373 -0.015446 0.039329 -0.083779 0.995588
1350.299149 305.198794 -33.325156 3.420903 -0.015088 0.037945 -0.083587 0.995664
1350.399788 305.292308 -33.339179 3.417076 -0.016947 0.037721 -0.083858 0.995619
1350.499608 305.385110 -33.354183 3.410704 -0.018334 0.038782 -0.083172 0.995611
1350.599439 305.477433 -33.370465 3.405767 -0.018739 0.041311 -0.082068 0.995594
1350.699286 305.577363 -33.385058 3.398813 -0.019091 0.042912 -0.081506 0.995566
1350.799125 305.686045 -33.399108 3.384067 -0.019804 0.043398 -0.081347 0.995544
1350.899770 305.779189 -33.422937 3.377196 -0.019831 0.042398 -0.081308 0.995589
1350.999626 305.868893 -33.446158 3.371054 -0.018410 0.040527 -0.081265 0.995698
1351.099463 305.964563 -33.465052 3.367362 -0.017289 0.041288 -0.081531 0.995665
1351.199300 306.070502 -33.483242 3.355706 -0.016405 0.043703 -0.081614 0.995570
1351.299128 306.183150 -33.499010 3.337733 -0.016142 0.045117 -0.081422 0.995527
1351.399771 306.299440 -33.512209 3.320810 -0.015873 0.044013 -0.081517 0.995573
1351.499596 306.403653 -33.531066 3.318702 -0.016351 0.041421 -0.081193 0.995703
1351.599437 306.510654 -33.547549 3.318455 -0.016123 0.040192 -0.081078 0.995767
1351.699262 306.625033 -33.566857 3.311864 -0.015614 0.042037 -0.081225 0.995686
1351.799495 306.733396 -33.583364 3.307526 -0.015744 0.043840 -0.081276 0.995603
1351.899337 306.836666 -33.597026 3.309003 -0.015852 0.044394 -0.081556 0.995553
1351.999183 306.946725 -33.612420 3.314454 -0.017494 0.041783 -0.081826 0.995617
1352.099823 307.051098 -33.630096 3.306329 -0.016993 0.038832 -0.082107 0.995722
1352.199665 307.158994 -33.645754 3.302635 -0.013976 0.037969 -0.082331 0.995783
1352.299499 307.265753 -33.656778 3.300664 -0.010501 0.038683 -0.082469 0.995787
1352.399334 307.374668 -33.672614 3.302140 -0.010011 0.042238 -0.082359 0.995657
1352.499170 307.488895 -33.689996 3.301931 -0.011553 0.044963 -0.082225 0.995532
1352.599803 307.614940 -33.710278 3.308707 -0.012795 0.044283 -0.082523 0.995523
1352.699648 307.743649 -33.728677 3.313880 -0.014500 0.042234 -0.082870 0.995559
1352.799483 307.856365 -33.747735 3.306782 -0.015689 0.040282 -0.082803 0.995628
1352.899332 307.960649 -33.762754 3.296942 -0.017045 0.040925 -0.083280 0.995540
1352.999159 308.068612 -33.783127 3.295473 -0.017628 0.041692 -0.082911 0.995528
1353.099798 308.172262 -33.804421 3.299430 -0.015629 0.039378 -0.082868 0.995660
1353.199632 308.282416 -33.823610 3.302969 -0.015112 0.037640 -0.083267 0.995702
1353.299477 308.401215 -33.841393 3.300495 -0.016982 0.038005 -0.083116 0.995670
1353.399320 308.532382 -33.856243 3.300747 -0.018345 0.040085 -0.082632 0.995605
1353.499154 308.667474 -33.871369 3.291658 -0.018795 0.042143 -0.082345 0.995535
1353.599780 308.790737 -33.894855 3.285097 -0.019912 0.043487 -0.081834 0.995498
1353.699620 308.903999 -33.915854 3.287708 -0.021530 0.042677 -0.081859 0.995497
1353.799463 309.014591 -33.931902 3.291952 -0.022643 0.039025 -0.082400 0.995577
1353.899305 309.131912 -33.950336 3.301239 -0.024247 0.036042 -0.081484 0.995728
1353.999150 309.254425 -33.965047 3.309962 -0.025195 0.034761 -0.080259 0.995849
1354.099781 309.377699 -33.978623 3.311521 -0.025306 0.035904 -0.078446 0.995950
1354.199621 309.500467 -33.992036 3.301097 -0.022948 0.037407 -0.075542 0.996176
1354.299452 309.625897 -34.002578 3.292966 -0.024917 0.037653 -0.071560 0.996414
1354.399290 309.757085 -34.008677 3.284009 -0.028319 0.037335 -0.067127 0.996643
1354.499133 309.888908 -34.018321 3.277363 -0.028974 0.037239 -0.062062 0.996956
1354.599758 310.015540 -34.023703 3.286925 -0.027693 0.038093 -0.057745 0.997220
1354.699600 310.130242 -34.028064 3.288883 -0.023048 0.038240 -0.056759 0.997389
1354.799425 310.245586 -34.033510 3.290913 -0.020558 0.037363 -0.056769 0.997476
1354.899261 310.356418 -34.041770 3.289643 -0.017799 0.036560 -0.057143 0.997538
1354.999508 310.471182 -34.043758 3.287041 -0.014812 0.033827 -0.057197 0.997680
1355.099356 310.593485 -34.045737 3.283701 -0.014308 0.031490 -0.056786 0.997787
1355.199190 310.714988 -34.048473 3.290011 -0.015793 0.032716 -0.055913 0.997775
1355.299827 310.831775 -34.049274 3.293170 -0.017063 0.033844 -0.055981 0.997712
1355.399666 310.951007 -34.050200 3.291169 -0.018129 0.029238 -0.056654 0.997801
1355.499500 311.073557 -34.053227 3.281210 -0.020988 0.024497 -0.057564 0.997821
1355.599323 311.191022 -34.060317 3.287560 -0.022601 0.020532 -0.057552 0.997875
1355.699151 311.301318 -34.067322 3.277170 -0.020037 0.013958 -0.057532 0.998045
1355.799792 311.415870 -34.073147 3.274801 -0.017374 0.017871 -0.058273 0.997989
1355.899625 311.516853 -34.079971 3.275743 -0.016062 0.023976 -0.058604 0.997864
1355.999455 311.609672 -34.084312 3.278778 -0.014415 0.023855 -0.059898 0.997815
1356.099296 311.697104 -34.087657 3.272268 -0.015437 0.022896 -0.061979 0.997695
1356.199141 311.779074 -34.091581 3.279418 -0.017458 0.017019 -0.064121 0.997644
1356.299777 311.869057 -34.098818 3.284372 -0.017116 0.003627 -0.064824 0.997743
1356.399621 311.958850 -34.106327 3.283356 -0.017409 0.007912 -0.066078 0.997631
1356.499451 312.044212 -34.111749 3.278711 -0.016909 0.020368 -0.067583 0.997362
1356.599289 312.114106 -34.120536 3.270797 -0.017624 0.023221 -0.069006 0.997190
1356.699134 312.177758 -34.128177 3.273497 -0.017077 0.025326 -0.070963 0.997011
1356.799792 312.240253 -34.133911 3.280392 -0.019653 0.013420 -0.071527 0.997155
1356.899628 312.309363 -34.138463 3.274989 -0.021191 0.010285 -0.071636 0.997153
1356.999471 312.379976 -34.146288 3.258044 -0.021826 0.016481 -0.071377 0.997074
1357.099317 312.441310 -34.150998 3.257956 -0.021148 0.024661 -0.070805 0.996961
1357.199161 312.503007 -34.156872 3.258373 -0.021150 0.025935 -0.070392 0.996958
1357.299807 312.547738 -34.163420 3.273776 -0.019485 0.009414 -0.069900 0.997319
1357.399656 312.582233 -34.166607 3.292739 -0.017903 -0.003371 -0.069844 0.997392
1357.499503 312.618588 -34.166596 3.298072 -0.017421 0.004309 -0.070645 0.997340
1357.599334 312.655756 -34.166344 3.289374 -0.017838 0.017308 -0.071145 0.997156
1357.699176 312.691311 -34.167694 3.276274 -0.017712 0.027376 -0.071448 0.996911
1357.799813 312.721217 -34.170593 3.265885 -0.017652 0.031109 -0.071162 0.996823
1357.899657 312.755741 -34.176975 3.263263 -0.016939 0.033826 -0.071042 0.996756
1357.999496 312.801957 -34.185250 3.268272 -0.017518 0.035239 -0.070741 0.996718
1358.099337 312.851127 -34.196204 3.269550 -0.017173 0.038432 -0.070620 0.996615
1358.199151 312.901271 -34.196688 3.268349 -0.016020 0.043956 -0.070599 0.996407
1358.299792 312.951520 -34.201674 3.263865 -0.015757 0.049632 -0.070732 0.996135
1358.399637 312.992924 -34.204151 3.261480 -0.015630 0.052974 -0.070855 0.995956
1358.499468 313.032657 -34.206133 3.262698 -0.015604 0.053713 -0.071166 0.995895
1358.599319 313.072856 -34.214963 3.262351 -0.015744 0.051990 -0.071404 0.995967
1358.699155 313.117516 -34.221836 3.259017 -0.016350 0.051424 -0.071617 0.995972
1358.799801 313.170679 -34.230803 3.255343 -0.016849 0.053206 -0.071915 0.995848
1358.899648 313.229225 -34.239703 3.255700 -0.016490 0.055633 -0.072188 0.995702
1358.999488 313.292164 -34.251062 3.249583 -0.017150 0.058266 -0.072305 0.995531
1359.099336 313.366347 -34.262980 3.237683 -0.017104 0.060758 -0.072492 0.995370
1359.199169 313.440505 -34.274710 3.225589 -0.015674 0.064520 -0.072655 0.995145
1359.299804 313.517559 -34.288537 3.211385 -0.015420 0.069256 -0.072847 0.994816
1359.399633 313.606259 -34.305989 3.197376 -0.015462 0.073997 -0.072992 0.994463
1359.499469 313.708619 -34.320643 3.178246 -0.014966 0.075053 -0.072893 0.994399
1359.599305 313.804555 -34.335210 3.168255 -0.015860 0.071184 -0.072868 0.994672
1359.699150 313.904577 -34.354927 3.166507 -0.017178 0.067470 -0.073139 0.994889
1359.799784 314.018874 -34.375438 3.159682 -0.016558 0.064916 -0.073072 0.995074
1359.899627 314.135750 -34.390427 3.149857 -0.016399 0.063980 -0.072333 0.995191
1359.999470 314.266949 -34.409215 3.136806 -0.018634 0.061788 -0.071194 0.995373
1360.099307 314.408132 -34.432797 3.129674 -0.022016 0.059404 -0.070187 0.995520
1360.199164 314.549575 -34.451488 3.129903 -0.023039 0.055430 -0.070446 0.995708
1360.299813 314.697705 -34.466313 3.135851 -0.021047 0.050524 -0.071812 0.995915
1360.399645 314.843417 -34.486020 3.136354 -0.015277 0.050674 -0.073657 0.995878
1360.499477 314.983954 -34.506837 3.134745 -0.011997 0.051364 -0.075350 0.995761
1360.599322 315.113151 -34.529592 3.131018 -0.008245 0.047074 -0.076413 0.995930
1360.699151 315.246236 -34.549239 3.126768 -0.007485 0.040982 -0.077213 0.996144
1360.799780 315.392983 -34.564994 3.122494 -0.010794 0.036980 -0.077468 0.996250
1360.899615 315.551903 -34.582763 3.123647 -0.016195 0.034954 -0.076916 0.996293
1360.999455 315.707127 -34.604955 3.123712 -0.018967 0.036331 -0.076444 0.996231
1361.099311 315.845674 -34.628844 3.125571 -0.018990 0.037257 -0.076036 0.996228
1361.199171 315.977579 -34.652729 3.124225 -0.018777 0.038114 -0.075942 0.996207
1361.299815 316.116335 -34.674373 3.122504 -0.018702 0.037713 -0.075605 0.996249
1361.399660 316.256891 -34.692488 3.123360 -0.017551 0.039824 -0.075395 0.996204
1361.499504 316.403958 -34.711467 3.124586 -0.016316 0.040613 -0.074956 0.996226
1361.599350 316.540799 -34.731149 3.119112 -0.016075 0.041118 -0.074935 0.996211
1361.699195 316.679344 -34.754547 3.114775 -0.016093 0.041296 -0.074408 0.996243
1361.799841 316.821003 -34.775440 3.118560 -0.015829 0.039837 -0.073523 0.996372
1361.899694 316.969364 -34.798317 3.114069 -0.016089 0.037275 -0.072940 0.996510
1361.999520 317.112101 -34.814808 3.106735 -0.018577 0.038161 -0.072860 0.996439
1362.099368 317.259427 -34.829758 3.101095 -0.017916 0.041478 -0.072393 0.996352
1362.199212 317.401161 -34.848021 3.097827 -0.017504 0.044485 -0.072509 0.996221
1362.299461 317.539300 -34.868888 3.097536 -0.017470 0.047241 -0.072829 0.996072
1362.399305 317.676309 -34.885664 3.105208 -0.019957 0.047671 -0.073498 0.995955
1362.499148 317.817443 -34.900402 3.111847 -0.022813 0.044577 -0.073997 0.996001
1362.599800 317.964048 -34.915296 3.116957 -0.025200 0.040160 -0.074170 0.996118
1362.699638 318.105411 -34.932006 3.109883 -0.025287 0.037011 -0.074199 0.996236
1362.799473 318.245424 -34.943726 3.101068 -0.023496 0.035261 -0.073681 0.996381
1362.899315 318.381222 -34.954383 3.096210 -0.021920 0.034464 -0.073074 0.996490
1362.999146 318.519955 -34.964928 3.094691 -0.020535 0.034170 -0.072322 0.996584
1363.099783 318.658126 -34.975250 3.094334 -0.018419 0.035312 -0.072382 0.996582
1363.199627 318.792140 -34.981891 3.094723 -0.018761 0.037416 -0.072895 0.996461
1363.299469 318.928405 -34.989897 3.090452 -0.017690 0.038703 -0.073452 0.996390
1363.399299 319.062210 -35.002231 3.081250 -0.016215 0.039712 -0.073435 0.996377
1363.499141 319.198377 -35.015967 3.073076 -0.017203 0.039558 -0.072728 0.996418
1363.599790 319.336160 -35.028868 3.073789 -0.018814 0.038084 -0.071868 0.996509
1363.699635 319.460382 -35.040114 3.079217 -0.020438 0.035792 -0.071614 0.996580
1363.799486 319.591771 -35.049480 3.083383 -0.020456 0.036740 -0.071876 0.996527
1363.899331 319.711576 -35.062366 3.082224 -0.019062 0.037768 -0.072027 0.996505
1363.999188 319.834527 -35.074111 3.076436 -0.018058 0.036201 -0.072243 0.996566
1364.099825 319.968756 -35.087138 3.075180 -0.018890 0.033230 -0.072534 0.996633
1364.199676 320.094803 -35.100398 3.073172 -0.020467 0.033351 -0.072756 0.996582
1364.299502 320.216662 -35.114459 3.068887 -0.021792 0.033994 -0.072942 0.996518
1364.399334 320.337261 -35.125626 3.066936 -0.022079 0.036536 -0.073173 0.996405
1364.499173 320.456086 -35.135574 3.069826 -0.020674 0.037354 -0.073345 0.996392
1364.599811 320.562536 -35.146576 3.068897 -0.019458 0.037702 -0.072924 0.996435
1364.699647 320.675588 -35.156138 3.065296 -0.018747 0.035289 -0.072408 0.996574
1364.799467 320.788193 -35.161703 3.062181 -0.020102 0.033822 -0.072137 0.996618
1364.899315 320.906554 -35.173129 3.057526 -0.021235 0.034007 -0.071940 0.996603
1364.999152 321.030468 -35.188859 3.053771 -0.020619 0.035394 -0.071446 0.996603
1365.099797 321.154523 -35.202665 3.052679 -0.019809 0.035178 -0.071525 0.996621
1365.199628 321.276232 -35.213401 3.052979 -0.019930 0.035018 -0.071603 0.996619
1365.299458 321.396208 -35.223181 3.051446 -0.020086 0.035516 -0.071682 0.996593
1365.399294 321.504600 -35.234685 3.047003 -0.018685 0.035988 -0.071733 0.996599
1365.499150 321.609590 -35.245534 3.046516 -0.017510 0.036792 -0.071837 0.996584
1365.599795 321.704659 -35.252025 3.049845 -0.017677 0.037390 -0.071729 0.996566
1365.699637 321.801074 -35.258224 3.052133 -0.018196 0.037226 -0.071661 0.996568
1365.799479 321.898180 -35.267381 3.050056 -0.017493 0.037695 -0.071691 0.996561
1365.899328 321.996016 -35.276537 3.043426 -0.017566 0.037591 -0.072052 0.996537
1365.999172 322.097502 -35.285767 3.040466 -0.018466 0.035577 -0.072223 0.996583
1366.099808 322.202520 -35.295190 3.039726 -0.018095 0.035795 -0.072722 0.996545
1366.199647 322.313117 -35.307447 3.039222 -0.017641 0.035542 -0.073020 0.996541
1366.299472 322.423413 -35.319547 3.040325 -0.016796 0.035670 -0.073102 0.996545
1366.399309 322.533061 -35.330959 3.040837 -0.016753 0.036536 -0.073076 0.996516
1366.499152 322.640473 -35.340670 3.039314 -0.017244 0.036777 -0.073015 0.996503
1366.599790 322.750233 -35.350249 3.037230 -0.017985 0.036530 -0.072719 0.996521
1366.699630 322.851394 -35.363190 3.038002 -0.017603 0.037618 -0.072263 0.996520
1366.799461 322.951309 -35.377665 3.037509 -0.016770 0.041493 -0.072003 0.996400
1366.899305 323.041734 -35.391483 3.031597 -0.015564 0.048296 -0.071722 0.996133
1366.999136 323.129284 -35.403672 3.022934 -0.016094 0.053108 -0.071501 0.995896
1367.099785 323.223717 -35.416894 3.010649 -0.016701 0.056179 -0.071240 0.995736
1367.199609 323.331595 -35.429794 2.995147 -0.016159 0.060208 -0.071613 0.995483
1367.299453 323.447178 -35.442445 2.982112 -0.014679 0.063548 -0.071723 0.995290
1367.399283 323.569483 -35.457763 2.965213 -0.014703 0.062242 -0.071594 0.995381
1367.499128 323.702628 -35.475122 2.949559 -0.016489 0.057826 -0.071302 0.995641
1367.599765 323.837420 -35.491163 2.930403 -0.017287 0.052744 -0.071110 0.995923
1367.699592 323.962253 -35.504724 2.913254 -0.017108 0.050455 -0.070957 0.996056
1367.799420 324.083152 -35.518003 2.904150 -0.016843 0.050854 -0.071215 0.996021
1367.899267 324.207721 -35.528446 2.884801 -0.014908 0.047412 -0.072210 0.996150
1367.999502 324.341888 -35.542956 2.867040 -0.010484 0.046210 -0.073136 0.996196
1368.099341 324.479598 -35.559479 2.857783 -0.009799 0.048776 -0.074440 0.995984
1368.199175 324.611849 -35.577152 2.854644 -0.010694 0.049446 -0.075396 0.995870
1368.299817 324.738390 -35.591563 2.848097 -0.012193 0.048689 -0.075412 0.995888
1368.399665 324.868365 -35.605721 2.843590 -0.013639 0.048921 -0.074877 0.995899
1368.499507 325.009374 -35.625610 2.842288 -0.014633 0.048022 -0.074749 0.995938
1368.599359 325.156245 -35.645494 2.846362 -0.012724 0.046495 -0.074283 0.996071
1368.699182 325.305977 -35.663383 2.850733 -0.013420 0.045443 -0.073997 0.996132
1368.799834 325.454451 -35.684363 2.844902 -0.017640 0.048160 -0.073846 0.995950
1368.899671 325.607833 -35.706447 2.838326 -0.021950 0.051238 -0.073724 0.995720
1368.999504 325.748408 -35.721995 2.837842 -0.022840 0.050720 -0.074296 0.995684
1369.099347 325.886074 -35.736267 2.842189 -0.020807 0.048700 -0.074866 0.995786
1369.199190 326.027314 -35.754480 2.845439 -0.018635 0.046866 -0.075698 0.995854
1369.299827 326.169870 -35.771019 2.845351 -0.018186 0.046107 -0.076392 0.995845
1369.399668 326.311665 -35.787066 2.844194 -0.017978 0.046591 -0.076641 0.995807
1369.499510 326.450143 -35.801639 2.839727 -0.019225 0.048234 -0.076560 0.995712
1369.599349 326.597510 -35.814166 2.839154 -0.018560 0.047202 -0.075801 0.995832
1369.699182 326.747308 -35.826731 2.835346 -0.018421 0.044329 -0.075069 0.996022
1369.799827 326.899956 -35.843427 2.835050 -0.018091 0.044242 -0.074702 0.996060
1369.899673 327.042589 -35.861681 2.836698 -0.016765 0.045956 -0.074587 0.996014
1369.999516 327.181461 -35.877883 2.841530 -0.016686 0.046492 -0.074749 0.995978
1370.099371 327.324225 -35.891929 2.845232 -0.016364 0.045849 -0.075068 0.995989
1370.199197 327.467768 -35.905139 2.842153 -0.015018 0.044624 -0.075382 0.996043
1370.299838 327.615108 -35.916846 2.837670 -0.014073 0.044185 -0.075592 0.996060
1370.399681 327.765777 -35.929744 2.830457 -0.014741 0.042781 -0.075675 0.996105
1370.499513 327.919354 -35.947657 2.828873 -0.016048 0.042535 -0.075610 0.996101
1370.599352 328.070330 -35.968272 2.825525 -0.014686 0.044409 -0.075632 0.996038
1370.699191 328.225154 -35.986055 2.820779 -0.013794 0.048177 -0.075874 0.995857
1370.799832 328.376360 -36.005968 2.818096 -0.013909 0.051889 -0.076086 0.995653
1370.899658 328.533769 -36.022634 2.820313 -0.013692 0.052014 -0.076515 0.995617
1370.999493 328.690207 -36.033577 2.821793 -0.015143 0.049866 -0.077314 0.995644
1371.099328 328.840097 -36.049306 2.821190 -0.016142 0.047515 -0.077765 0.995708
1371.199178 328.989498 -36.069497 2.814235 -0.015256 0.045833 -0.078179 0.995768
1371.299822 329.148935 -36.093096 2.810017 -0.014040 0.045678 -0.078504 0.995768
1371.399647 329.310679 -36.116203 2.807089 -0.013502 0.047493 -0.078754 0.995671
1371.499484 329.471639 -36.135625 2.804852 -0.013013 0.050096 -0.078961 0.995533
1371.599315 329.625374 -36.150989 2.803514 -0.012754 0.050737 -0.078823 0.995515
1371.699158 329.774012 -36.168724 2.802288 -0.013880 0.049219 -0.078545 0.995598
1371.799795 329.920694 -36.191464 2.796033 -0.016507 0.047924 -0.078214 0.995647
1371.899632 330.075671 -36.217774 2.784845 -0.017896 0.048355 -0.078106 0.995611
1371.999461 330.224828 -36.240695 2.766365 -0.018179 0.046808 -0.078005 0.995688
1372.099295 330.377683 -36.262554 2.750705 -0.018099 0.042001 -0.077694 0.995928
1372.199136 330.530430 -36.284061 2.739510 -0.016975 0.037578 -0.077590 0.996132
1372.299781 330.676245 -36.304531 2.727081 -0.016470 0.034630 -0.077878 0.996225
1372.399637 330.817151 -36.323660 2.712500 -0.016576 0.032336 -0.078087 0.996284
1372.499479 330.959262 -36.343539 2.693149 -0.016423 0.030550 -0.078477 0.996312
1372.599312 331.091844 -36.362428 2.674243 -0.016577 0.030797 -0.078436 0.996305
1372.699147 331.223659 -36.383705 2.654387 -0.016342 0.033512 -0.078494 0.996217
1372.799792 331.355383 -36.402801 2.630331 -0.015506 0.037121 -0.078550 0.996098
1372.899629 331.483497 -36.423303 2.604633 -0.015293 0.040471 -0.078561 0.995970
1372.999463 331.631800 -36.446571 2.581984 -0.014691 0.043595 -0.078426 0.995858
1373.099308 331.774329 -36.466998 2.560161 -0.015397 0.045603 -0.078139 0.995780
1373.199151 331.914836 -36.486805 2.536716 -0.016345 0.045836 -0.078274 0.995743
1373.299802 332.059479 -36.509894 2.514008 -0.015975 0.045570 -0.078301 0.995760
1373.399637 332.192621 -36.529669 2.493084 -0.015271 0.044762 -0.078278 0.995809
1373.499492 332.325259 -36.551812 2.470565 -0.016089 0.044738 -0.078362 0.995791
1373.599331 332.470844 -36.575458 2.451135 -0.015105 0.044429 -0.078063 0.995843
1373.699174 332.614772 -36.595411 2.434423 -0.015997 0.045035 -0.077927 0.995813
1373.799819 332.763873 -36.616151 2.418955 -0.016149 0.047332 -0.077836 0.995711
1373.899661 332.912407 -36.639285 2.410376 -0.016458 0.050780 -0.077941 0.995528
1373.999502 333.061105 -36.663431 2.407820 -0.016983 0.051419 -0.077997 0.995482
1374.099345 333.198296 -36.684026 2.405276 -0.016520 0.049751 -0.078170 0.995561
1374.199190 333.332894 -36.706159 2.398656 -0.017760 0.047736 -0.078311 0.995627
1374.299837 333.472454 -36.726426 2.395761 -0.017723 0.047697 -0.078589 0.995608
1374.399676 333.610708 -36.748610 2.393314 -0.016603 0.048323 -0.078857 0.995576
1374.499510 333.741840 -36.772611 2.396377 -0.016554 0.048534 -0.078849 0.995567
1374.599355 333.871492 -36.794425 2.397461 -0.018082 0.047750 -0.079014 0.995565
1374.699177 334.015040 -36.817005 2.398350 -0.018896 0.046717 -0.079188 0.995585
1374.799828 334.172130 -36.842965 2.393788 -0.018307 0.046459 -0.079526 0.995581
1374.899654 334.319270 -36.867490 2.389757 -0.016983 0.048941 -0.079923 0.995454
1374.999487 334.462707 -36.893209 2.389196 -0.016047 0.051893 -0.080290 0.995291
1375.099320 334.613146 -36.914816 2.393439 -0.016706 0.053698 -0.080289 0.995184
1375.199162 334.770268 -36.935630 2.394737 -0.018231 0.052287 -0.080650 0.995203
1375.299803 334.930194 -36.962571 2.392092 -0.018914 0.049076 -0.081249 0.995305
1375.399630 335.077426 -36.991158 2.387662 -0.019987 0.047403 -0.081270 0.995364
1375.499481 335.237176 -37.020898 2.388380 -0.018166 0.046371 -0.080841 0.995482
1375.599316 335.391710 -37.043920 2.387565 -0.016237 0.047898 -0.080543 0.995467
1375.699163 335.554426 -37.068951 2.382777 -0.014894 0.047719 -0.080550 0.995496
1375.799795 335.714527 -37.094701 2.377844 -0.013851 0.044226 -0.080367 0.995687
1375.899631 335.866335 -37.122277 2.384656 -0.013848 0.041562 -0.079676 0.995858
1375.999471 336.020298 -37.151187 2.390589 -0.016182 0.041546 -0.079489 0.995838
1376.099304 336.178068 -37.176575 2.387461 -0.021219 0.044899 -0.079875 0.995567
1376.199146 336.336714 -37.199927 2.378035 -0.024483 0.043239 -0.080228 0.995537
1376.299778 336.494799 -37.222428 2.369753 -0.020684 0.041106 -0.080582 0.995685
1376.399624 336.656428 -37.249322 2.364522 -0.015246 0.041865 -0.081332 0.995691
1376.499460 336.813630 -37.278813 2.363015 -0.013954 0.043310 -0.081904 0.995601
1376.599307 336.972386 -37.304535 2.363202 -0.018434 0.042915 -0.080660 0.995647
1376.699164 337.133480 -37.330314 2.366633 -0.018467 0.042701 -0.078965 0.995791
1376.799804 337.289063 -37.355647 2.368568 -0.017664 0.040513 -0.078429 0.995940
1376.899630 337.435307 -37.378331 2.367682 -0.020212 0.037660 -0.078368 0.996008
1376.999472 337.593196 -37.404570 2.363763 -0.024281 0.034699 -0.077448 0.996097
1377.099316 337.747863 -37.432842 2.361790 -0.025350 0.034014 -0.076917 0.996135
1377.199159 337.892344 -37.457479 2.359259 -0.025184 0.033764 -0.076405 0.996187
1377.299801 338.032809 -37.479947 2.358171 -0.024393 0.033763 -0.075977 0.996239
1377.399648 338.177921 -37.501547 2.357350 -0.024062 0.034109 -0.075333 0.996284
1377.499486 338.319337 -37.521110 2.356991 -0.023681 0.034207 -0.074726 0.996336
1377.599336 338.461520 -37.543883 2.354379 -0.025168 0.032964 -0.074548 0.996355
1377.699180 338.601377 -37.567645 2.350792 -0.026947 0.033024 -0.075147 0.996261
1377.799829 338.735926 -37.591872 2.344379 -0.028093 0.033832 -0.075356 0.996187
1377.899661 338.884900 -37.613348 2.342012 -0.025573 0.035423 -0.075032 0.996224
1377.999503 339.032505 -37.633838 2.342199 -0.022224 0.036245 -0.074970 0.996279
1378.099338 339.173187 -37.653320 2.341228 -0.023772 0.036285 -0.075065 0.996235
1378.199195 339.314550 -37.670501 2.342140 -0.024559 0.036698 -0.075074 0.996200
1378.299837 339.454743 -37.688850 2.341288 -0.024600 0.037014 -0.074923 0.996198
1378.399685 339.593219 -37.705271 2.340033 -0.024797 0.038694 -0.074919 0.996130
1378.499516 339.725931 -37.719686 2.337032 -0.023073 0.040591 -0.075103 0.996082
1378.599359 339.846315 -37.734820 2.330968 -0.021766 0.041071 -0.075168 0.996087
1378.699188 339.952302 -37.750476 2.326710 -0.022739 0.040607 -0.075076 0.996091
1378.799820 340.063151 -37.762916 2.325459 -0.024708 0.038740 -0.075107 0.996116
1378.899657 340.187415 -37.773237 2.330844 -0.025213 0.037688 -0.075309 0.996129
1378.999495 340.311118 -37.785796 2.334887 -0.027198 0.037283 -0.075679 0.996064
1379.099330 340.427504 -37.801449 2.331262 -0.025992 0.037840 -0.075860 0.996061
1379.199170 340.555054 -37.813463 2.324178 -0.024818 0.038902 -0.075866 0.996050
1379.299818 340.692968 -37.823207 2.318726 -0.026311 0.037715 -0.075734 0.996067
1379.399664 340.831414 -37.834658 2.321274 -0.029760 0.033364 -0.075130 0.996171
1379.499510 340.977093 -37.845377 2.325378 -0.030320 0.031115 -0.075204 0.996221
1379.599350 341.106086 -37.855916 2.326734 -0.028821 0.035134 -0.075618 0.996101
1379.699169 341.231046 -37.864446 2.322672 -0.025308 0.038652 -0.075579 0.996069
1379.799795 341.342181 -37.871157 2.318045 -0.020136 0.042562 -0.075728 0.996016
1379.899641 341.450500 -37.875434 2.318468 -0.019212 0.044643 -0.076089 0.995916
1379.999480 341.575931 -37.879952 2.316283 -0.020463 0.045579 -0.076131 0.995845
1380.099318 341.704551 -37.888673 2.310518 -0.020447 0.043956 -0.075750 0.995948
1380.199170 341.833072 -37.895081 2.302222 -0.020913 0.043393 -0.075713 0.995965
1380.299810 341.957292 -37.903310 2.298804 -0.020337 0.045116 -0.075787 0.995895
1380.399661 342.089053 -37.909958 2.300488 -0.020546 0.048162 -0.075900 0.995740
1380.499498 342.216548 -37.915048 2.305039 -0.022149 0.048303 -0.075850 0.995702
1380.599333 342.344033 -37.924699 2.303587 -0.021854 0.044171 -0.076188 0.995875
1380.699182 342.468153 -37.938791 2.296774 -0.020150 0.040622 -0.076435 0.996043
1380.799826 342.595247 -37.951149 2.291389 -0.017101 0.041633 -0.076488 0.996054
1380.899670 342.725500 -37.956640 2.292264 -0.017678 0.044073 -0.076791 0.995916
1380.999521 342.860712 -37.963300 2.295559 -0.020041 0.044812 -0.076914 0.995829
1381.099375 342.992501 -37.972624 2.292876 -0.020298 0.045251 -0.077064 0.995792
1381.199208 343.122349 -37.987635 2.289207 -0.020900 0.044398 -0.077163 0.995810
1381.299460 343.258274 -37.998490 2.286022 -0.023287 0.043649 -0.077341 0.995777
1381.399300 343.394011 -38.012076 2.275955 -0.024767 0.043778 -0.077452 0.995727
1381.499145 343.522203 -38.024810 2.266167 -0.023747 0.047246 -0.077217 0.995611
1381.599777 343.644087 -38.036586 2.260258 -0.022748 0.048926 -0.076902 0.995578
1381.699619 343.766757 -38.046410 2.255006 -0.022317 0.046817 -0.076125 0.995749
1381.799454 343.900111 -38.053644 2.254038 -0.022870 0.042291 -0.075587 0.995979
1381.899284 344.037702 -38.064169 2.253323 -0.023456 0.041894 -0.075529 0.995987
1381.999127 344.174861 -38.076934 2.242858 -0.022563 0.046328 -0.075694 0.995799
1382.099765 344.308463 -38.090328 2.227481 -0.021307 0.051033 -0.076047 0.995569
1382.199599 344.447571 -38.105060 2.216388 -0.020121 0.051239 -0.076289 0.995565
1382.299438 344.584582 -38.115696 2.216358 -0.020272 0.048638 -0.076909 0.995645
1382.399278 344.718347 -38.123358 2.221719 -0.020813 0.045972 -0.077616 0.995705
1382.499115 344.867492 -38.133339 2.228252 -0.021915 0.045727 -0.078013 0.995662
1382.599754 345.022532 -38.147965 2.229669 -0.020058 0.047693 -0.077857 0.995621
1382.699584 345.170726 -38.163281 2.219934 -0.019250 0.049112 -0.077459 0.995599
1382.799423 345.311997 -38.176929 2.206966 -0.021526 0.047667 -0.077342 0.995632
1382.899261 345.456250 -38.190099 2.199989 -0.022706 0.044364 -0.077323 0.995760
1382.999501 345.593535 -38.202098 2.203559 -0.022306 0.042341 -0.076927 0.995888
1383.099345 345.731755 -38.216678 2.206029 -0.021510 0.040684 -0.076802 0.995984
1383.199171 345.874179 -38.228684 2.208730 -0.022058 0.040967 -0.077356 0.995917
1383.299810 346.023516 -38.242225 2.210266 -0.020613 0.043350 -0.077506 0.995836
1383.399645 346.164327 -38.255987 2.207242 -0.018475 0.043869 -0.077204 0.995878
1383.499479 346.299088 -38.271361 2.202921 -0.017996 0.043989 -0.077248 0.995878
1383.599320 346.439954 -38.288066 2.199571 -0.018761 0.045487 -0.077078 0.995810
1383.699164 346.578092 -38.304035 2.198413 -0.019570 0.044725 -0.076848 0.995847
1383.799807 346.719220 -38.316404 2.195596 -0.019948 0.045003 -0.077023 0.995813
1383.899638 346.858323 -38.327641 2.192765 -0.020105 0.044755 -0.077530 0.995782
1383.999481 346.991603 -38.340185 2.197693 -0.019407 0.043997 -0.078088 0.995786
1384.099323 347.126402 -38.359404 2.198509 -0.019449 0.040364 -0.078614 0.995898
1384.199154 347.267808 -38.379108 2.195569 -0.019573 0.039652 -0.078635 0.995922
1384.299795 347.409501 -38.395357 2.194585 -0.020034 0.041717 -0.078424 0.995845
1384.399637 347.559242 -38.408303 2.192081 -0.020992 0.043379 -0.078308 0.995764
1384.499476 347.712361 -38.423991 2.190518 -0.021097 0.045048 -0.077999 0.995712
1384.599318 347.857072 -38.444876 2.187246 -0.019146 0.043841 -0.077576 0.995838
1384.699154 347.996157 -38.467285 2.187751 -0.018366 0.042455 -0.077286 0.995935
1384.799777 348.140354 -38.489994 2.184481 -0.020254 0.044227 -0.077144 0.995833
1384.899613 348.285148 -38.509671 2.178981 -0.022039 0.047135 -0.077084 0.995666
1384.999461 348.426637 -38.530552 2.176919 -0.022070 0.048011 -0.077179 0.995616
1385.099297 348.579375 -38.550937 2.177473 -0.021202 0.046844 -0.076915 0.995711
1385.199153 348.726719 -38.569027 2.177773 -0.021875 0.046145 -0.076952 0.995726
1385.299781 348.882825 -38.589207 2.177469 -0.021243 0.046010 -0.076954 0.995746
1385.399620 349.024084 -38.610259 2.172854 -0.019874 0.047302 -0.076944 0.995714
1385.499462 349.168735 -38.632421 2.162074 -0.021434 0.050153 -0.076975 0.995540
1385.599286 349.323926 -38.654367 2.147052 -0.023253 0.052796 -0.077017 0.995359
1385.699130 349.479415 -38.675554 2.128090 -0.024317 0.055378 -0.077134 0.995185
1385.799767 349.635288 -38.698184 2.109265 -0.024153 0.058370 -0.077256 0.995008
1385.899614 349.779395 -38.718263 2.091325 -0.020418 0.059651 -0.077487 0.994998
1385.999467 349.924000 -38.740020 2.073939 -0.019150 0.061137 -0.078092 0.994886
1386.099294 350.074414 -38.764170 2.054453 -0.020359 0.060071 -0.077939 0.994938
1386.199137 350.234525 -38.789089 2.032958 -0.025146 0.056179 -0.077663 0.995078
1386.299794 350.401004 -38.813571 2.005528 -0.028809 0.050066 -0.077382 0.995327
1386.399644 350.560122 -38.834231 1.988634 -0.027092 0.048488 -0.077250 0.995463
1386.499489 350.724318 -38.854698 1.982324 -0.022095 0.052201 -0.077415 0.995386
1386.599323 350.894662 -38.877308 1.983599 -0.020447 0.053492 -0.077899 0.995315
1386.699180 351.068206 -38.901159 1.981529 -0.021133 0.053572 -0.078007 0.995288
1386.799824 351.257155 -38.929924 1.981056 -0.022378 0.054912 -0.078686 0.995134
1386.899658 351.423870 -38.952696 1.978358 -0.026349 0.055490 -0.079332 0.994954
1386.999505 351.590751 -38.971256 1.976511 -0.033179 0.053605 -0.079600 0.994831
1387.099340 351.760293 -38.985659 1.977046 -0.032178 0.050611 -0.079516 0.995028
1387.199163 351.934191 -39.001021 1.975423 -0.028556 0.047972 -0.079431 0.995276
1387.299806 352.114238 -39.021239 1.975202 -0.024893 0.043530 -0.079545 0.995569
1387.399645 352.295588 -39.042054 1.971584 -0.025575 0.039275 -0.079629 0.995722
1387.499484 352.478716 -39.059218 1.965762 -0.028000 0.035551 -0.079699 0.995791
1387.599327 352.656554 -39.075765 1.959906 -0.027391 0.035753 -0.079088 0.995850
1387.699187 352.828028 -39.088767 1.956743 -0.025091 0.038869 -0.078439 0.995845
1387.799817 352.996590 -39.101961 1.956573 -0.022325 0.042426 -0.077894 0.995808
1387.899657 353.154793 -39.116170 1.958074 -0.020838 0.046137 -0.078015 0.995666
1387.999511 353.314411 -39.132508 1.956771 -0.022074 0.047573 -0.078402 0.995541
1388.099370 353.479943 -39.150763 1.954087 -0.021753 0.048049 -0.078751 0.995498
1388.199218 353.641627 -39.166356 1.951876 -0.023584 0.048932 -0.078881 0.995403
1388.299453 353.815057 -39.181192 1.948535 -0.022830 0.050977 -0.078710 0.995332
1388.399303 353.990561 -39.196661 1.942659 -0.021827 0.050031 -0.078541 0.995415
1388.499143 354.172828 -39.210221 1.938899 -0.021232 0.046610 -0.078804 0.995574
1388.599784 354.344866 -39.223593 1.939074 -0.021229 0.043357 -0.079056 0.995701
1388.699606 354.518372 -39.241408 1.944167 -0.018454 0.040540 -0.079929 0.995805
1388.799446 354.682079 -39.261613 1.948523 -0.015989 0.039132 -0.082736 0.995675
1388.899290 354.842175 -39.280376 1.948592 -0.016955 0.038850 -0.085356 0.995448
1388.999136 355.004998 -39.301241 1.944146 -0.021395 0.040180 -0.086496 0.995212
1389.099761 355.171175 -39.319323 1.937707 -0.022651 0.041782 -0.086661 0.995104
1389.199600 355.332480 -39.337617 1.928704 -0.022142 0.042717 -0.086436 0.995095
1389.299439 355.494129 -39.358836 1.922608 -0.021481 0.043563 -0.086064 0.995105
1389.399286 355.655588 -39.379875 1.925798 -0.021732 0.043792 -0.085979 0.995097
1389.499139 355.813457 -39.397729 1.929141 -0.021447 0.043187 -0.086154 0.995114
1389.599771 355.968034 -39.418825 1.926919 -0.022743 0.041742 -0.086353 0.995130
1389.699617 356.121352 -39.436688 1.925239 -0.022565 0.040908 -0.086832 0.995127
1389.799452 356.279677 -39.456621 1.920180 -0.023440 0.039381 -0.087173 0.995138
1389.899293 356.441467 -39.479944 1.914985 -0.023203 0.038887 -0.087202 0.995161
1389.999124 356.604834 -39.503080 1.913397 -0.022682 0.039834 -0.087266 0.995130
1390.099768 356.758543 -39.524308 1.915927 -0.020085 0.041880 -0.087587 0.995073
1390.199598 356.905123 -39.543246 1.919193 -0.019493 0.039509 -0.087801 0.995163
1390.299442 357.053619 -39.558435 1.915160 -0.023766 0.036190 -0.088035 0.995176
1390.399295 357.194564 -39.576321 1.905023 -0.026437 0.034425 -0.088120 0.995164
1390.499124 357.338069 -39.595503 1.895304 -0.025730 0.037372 -0.088033 0.995084
1390.599763 357.478477 -39.612017 1.894391 -0.024657 0.039640 -0.088061 0.995021
1390.699588 357.620911 -39.632343 1.901657 -0.023033 0.041245 -0.088069 0.994994
1390.799420 357.766374 -39.657633 1.900425 -0.022914 0.041195 -0.088096 0.994996
1390.899255 357.912095 -39.680383 1.898749 -0.022456 0.041003 -0.088075 0.995016
1390.999491 358.061829 -39.695443 1.893830 -0.022398 0.042266 -0.088367 0.994939
1391.099338 358.210856 -39.707551 1.891182 -0.022588 0.042285 -0.088673 0.994906
1391.199175 358.355855 -39.723925 1.889603 -0.024503 0.041919 -0.088925 0.994854
1391.299797 358.495214 -39.744926 1.888178 -0.025324 0.040871 -0.088880 0.994881
1391.399642 358.630749 -39.767310 1.890375 -0.025178 0.039372 -0.088587 0.994971
1391.499474 358.773026 -39.783902 1.891015 -0.025997 0.038591 -0.088724 0.994969
1391.599313 358.910752 -39.796026 1.884900 -0.025874 0.038264 -0.088878 0.994971
1391.699142 359.054949 -39.808001 1.878736 -0.024103 0.038035 -0.089130 0.995002
1391.799779 359.201221 -39.830625 1.877017 -0.021307 0.037407 -0.089412 0.995064
1391.899609 359.345340 -39.852026 1.879164 -0.018483 0.035700 -0.089434 0.995181
1391.999434 359.486744 -39.867303 1.881866 -0.017853 0.038263 -0.089661 0.995077
1392.099274 359.633438 -39.880955 1.877241 -0.019544 0.039642 -0.089798 0.994979
1392.199504 359.776485 -39.896962 1.873428 -0.022382 0.041296 -0.089531 0.994876
1392.299341 359.919827 -39.915868 1.869544 -0.022987 0.042779 -0.089406 0.994811
1392.399190 360.054915 -39.936544 1.867432 -0.023270 0.043814 -0.089082 0.994788
1392.499837 360.188151 -39.955612 1.863856 -0.025554 0.041201 -0.089808 0.994778
1392.599677 360.315900 -39.971494 1.857323 -0.024831 0.039375 -0.090660 0.994793
1392.699525 360.443746 -39.985254 1.847196 -0.021485 0.042289 -0.091058 0.994715
1392.799374 360.569004 -40.003835 1.836353 -0.020780 0.043207 -0.090121 0.994776
1392.899231 360.698520 -40.020487 1.827197 -0.020927 0.044241 -0.089616 0.994773
1392.999474 360.840097 -40.038068 1.812061 -0.020028 0.043361 -0.088977 0.994888
1393.099303 360.990452 -40.061163 1.800877 -0.019922 0.044601 -0.088976 0.994835
1393.199146 361.137749 -40.082368 1.794963 -0.020511 0.046014 -0.089481 0.994714
1393.299802 361.265215 -40.100270 1.789467 -0.023008 0.045796 -0.090077 0.994615
1393.399634 361.390323 -40.118249 1.781500 -0.023229 0.045043 -0.090041 0.994648
1393.499481 361.522116 -40.139340 1.770360 -0.022828 0.044717 -0.090418 0.994638
1393.599326 361.654976 -40.161421 1.763161 -0.022693 0.044550 -0.090753 0.994618
1393.699166 361.794525 -40.186947 1.755116 -0.023044 0.043553 -0.091280 0.994606
1393.799826 361.927541 -40.211980 1.749536 -0.023313 0.042499 -0.091077 0.994663
1393.899662 362.062049 -40.232117 1.745738 -0.024003 0.043754 -0.091121 0.994589
1393.999518 362.207241 -40.254113 1.741423 -0.024333 0.046022 -0.090940 0.994495
1394.099360 362.342088 -40.276131 1.736579 -0.024141 0.047393 -0.090998 0.994430
1394.199202 362.477113 -40.302125 1.730791 -0.024440 0.046945 -0.090995 0.994444
1394.299438 362.617930 -40.325235 1.724814 -0.021669 0.046979 -0.090640 0.994539
1394.399268 362.755602 -40.346718 1.726774 -0.021558 0.046703 -0.090541 0.994563
1394.499516 362.898395 -40.365238 1.729989 -0.025611 0.047395 -0.090377 0.994450
1394.599356 363.035771 -40.383561 1.723353 -0.031309 0.049385 -0.090081 0.994216
1394.699197 363.177063 -40.404168 1.712526 -0.033519 0.050835 -0.089798 0.994097
1394.799822 363.321963 -40.426100 1.700350 -0.032664 0.049875 -0.089529 0.994198
1394.899660 363.468709 -40.446640 1.691882 -0.032369 0.047490 -0.089576 0.994320
1394.999505 363.611211 -40.461311 1.690482 -0.031922 0.046705 -0.090066 0.994328
1395.099344 363.751263 -40.473976 1.695507 -0.028102 0.045328 -0.090083 0.994505
1395.199192 363.895350 -40.486485 1.699259 -0.028862 0.045949 -0.089802 0.994480
1395.299837 364.039552 -40.495289 1.696764 -0.031853 0.049228 -0.089579 0.994252
1395.399679 364.182836 -40.502386 1.686601 -0.030674 0.049026 -0.089434 0.994312
1395.499522 364.331455 -40.512662 1.675314 -0.027378 0.045113 -0.089129 0.994621
1395.599352 364.484651 -40.521004 1.670396 -0.022875 0.042712 -0.089354 0.994821
1395.699193 364.640753 -40.529450 1.673723 -0.022387 0.045990 -0.089806 0.994645
1395.799834 364.794904 -40.538662 1.674546 -0.026546 0.049131 -0.090254 0.994352
1395.899670 364.937902 -40.545499 1.669793 -0.031881 0.051312 -0.090502 0.994062
1395.999503 365.089962 -40.550676 1.666943 -0.037250 0.051230 -0.090437 0.993886
1396.099346 365.247383 -40.555601 1.664158 -0.039917 0.050006 -0.090387 0.993849
1396.199187 365.400472 -40.557479 1.657881 -0.035082 0.049425 -0.090363 0.994063
1396.299829 365.549782 -40.559513 1.656200 -0.034246 0.052031 -0.090349 0.993960
1396.399681 365.701116 -40.557124 1.656055 -0.037684 0.053415 -0.091071 0.993697
1396.499523 365.853850 -40.550645 1.655709 -0.042041 0.054467 -0.091444 0.993430
1396.599358 366.016108 -40.543816 1.654164 -0.043243 0.052739 -0.091659 0.993452
1396.699192 366.191685 -40.538346 1.646610 -0.041819 0.051238 -0.092194 0.993542
1396.799830 366.373174 -40.528502 1.639720 -0.038870 0.052542 -0.092474 0.993568
1396.899661 366.535912 -40.519628 1.630867 -0.038087 0.054780 -0.092038 0.993518
1396.999506 366.711608 -40.505593 1.626220 -0.039139 0.056600 -0.092100 0.993369
1397.099349 366.890459 -40.485107 1.621580 -0.039197 0.058006 -0.092141 0.993282
1397.199186 367.068930 -40.463252 1.617948 -0.037579 0.057902 -0.092086 0.993356
1397.299810 367.254707 -40.436131 1.617323 -0.033135 0.055610 -0.092274 0.993627
1397.399653 367.419241 -40.416039 1.617954 -0.026978 0.053654 -0.092270 0.993921
1397.499501 367.579675 -40.395566 1.613567 -0.021884 0.053740 -0.092154 0.994053
1397.599344 367.750275 -40.376443 1.605820 -0.020215 0.053585 -0.091776 0.994131
1397.699188 367.917606 -40.355758 1.600480 -0.020619 0.052639 -0.091695 0.994181
1397.799834 368.090989 -40.332117 1.596609 -0.020609 0.049859 -0.091463 0.994346
1397.899673 368.271185 -40.308806 1.595930 -0.019398 0.045011 -0.091074 0.994637
1397.999519 368.450006 -40.291733 1.602693 -0.020250 0.041633 -0.090458 0.994824
1398.099344 368.636877 -40.275990 1.608173 -0.021940 0.041674 -0.090050 0.994823
1398.199187 368.824610 -40.263581 1.604379 -0.019795 0.045233 -0.090637 0.994659
1398.299825 369.006732 -40.246093 1.591546 -0.016403 0.047153 -0.091706 0.994534
1398.399674 369.174722 -40.229618 1.580184 -0.013308 0.045705 -0.093139 0.994514
1398.499510 369.331218 -40.219705 1.575719 -0.012689 0.043560 -0.094897 0.994453
1398.599357 369.494801 -40.212175 1.576705 -0.013031 0.041411 -0.097751 0.994264
1398.699200 369.664030 -40.206465 1.575031 -0.018312 0.039658 -0.099177 0.994111
1398.799443 369.837755 -40.203702 1.575406 -0.018787 0.038288 -0.100539 0.994019
1398.899296 370.013889 -40.200846 1.568057 -0.021222 0.038000 -0.102054 0.993826
1398.999144 370.194996 -40.196086 1.562455 -0.021078 0.038909 -0.104211 0.993570
1399.099776 370.373881 -40.196056 1.558862 -0.018778 0.036641 -0.106202 0.993492
1399.199600 370.537580 -40.199549 1.554252 -0.017956 0.035046 -0.106896 0.993490
1399.299424 370.693313 -40.198086 1.550001 -0.018264 0.038027 -0.107172 0.993345
1399.399266 370.847063 -40.198105 1.537859 -0.018374 0.039583 -0.106716 0.993331
1399.499498 370.999022 -40.196367 1.531512 -0.018170 0.040679 -0.106533 0.993311
1399.599329 371.154041 -40.198366 1.530622 -0.018234 0.041210 -0.106395 0.993302
1399.699155 371.314943 -40.205251 1.533033 -0.016775 0.040277 -0.105985 0.993410
1399.799789 371.463025 -40.210321 1.531482 -0.015610 0.039638 -0.106101 0.993442
1399.899629 371.611146 -40.213210 1.524813 -0.014445 0.040105 -0.105993 0.993453
1399.999464 371.763878 -40.221869 1.525535 -0.012258 0.041496 -0.105726 0.993453
1400.099303 371.917091 -40.233517 1.521355 -0.009038 0.043639 -0.105691 0.993400
1400.199144 372.069165 -40.246318 1.517490 -0.005782 0.045838 -0.106129 0.993278
1400.299793 372.214292 -40.262564 1.514265 -0.005771 0.046883 -0.106607 0.993179
1400.399629 372.350549 -40.281985 1.511891 -0.006743 0.045957 -0.106735 0.993202
1400.499467 372.497265 -40.302356 1.514889 -0.011038 0.043926 -0.106611 0.993269
1400.599306 372.646338 -40.324177 1.512556 -0.016886 0.043485 -0.106513 0.993216
1400.699145 372.797719 -40.347812 1.503951 -0.020012 0.044236 -0.106094 0.993170
1400.799783 372.944958 -40.371653 1.494600 -0.019598 0.043294 -0.105830 0.993248
1400.899616 373.095118 -40.399880 1.492083 -0.019329 0.042289 -0.105855 0.993294
1400.999468 373.249921 -40.432684 1.494533 -0.017494 0.041010 -0.105930 0.993374
1401.099314 373.402431 -40.462927 1.495424 -0.015079 0.038327 -0.106329 0.993478
1401.199153 373.551474 -40.491238 1.490600 -0.015647 0.036331 -0.106798 0.993494
1401.299780 373.691049 -40.520559 1.486325 -0.015270 0.037257 -0.106733 0.993472
1401.399611 373.827088 -40.552398 1.476924 -0.016503 0.039914 -0.106760 0.993346
1401.499446 373.961112 -40.588860 1.468970 -0.018345 0.040958 -0.106566 0.993292
1401.599284 374.090831 -40.622275 1.459545 -0.020172 0.039329 -0.106850 0.993292
1401.699129 374.216383 -40.653033 1.455578 -0.021483 0.038139 -0.107077 0.993287
1401.799772 374.343507 -40.685170 1.459182 -0.022995 0.036966 -0.107089 0.993296
1401.899605 374.468303 -40.723505 1.461364 -0.021860 0.036800 -0.106658 0.993374
1401.999451 374.604984 -40.759218 1.458457 -0.020274 0.038081 -0.106262 0.993402
1402.099289 374.742246 -40.792966 1.451307 -0.018575 0.038138 -0.106090 0.993451
1402.199113 374.877213 -40.823319 1.443894 -0.019600 0.037572 -0.105944 0.993469
1402.299731 375.010781 -40.856149 1.440340 -0.020766 0.036717 -0.106062 0.993464
1402.399576 375.143490 -40.893150 1.438586 -0.021610 0.035959 -0.106155 0.993464
1402.499402 375.274514 -40.931228 1.435455 -0.021519 0.036403 -0.106432 0.993420
1402.599246 375.400604 -40.966851 1.435022 -0.021678 0.037992 -0.106841 0.993313
1402.699481 375.519320 -41.000827 1.437666 -0.021981 0.038542 -0.107217 0.993245
1402.799311 375.645584 -41.035335 1.431181 -0.022410 0.037966 -0.107332 0.993245
1402.899152 375.765380 -41.069672 1.423774 -0.023611 0.037696 -0.107279 0.993233
1402.999796 375.886637 -41.104014 1.419814 -0.023657 0.039468 -0.107475 0.993142
1403.099636 376.015054 -41.139058 1.418511 -0.023543 0.041695 -0.108083 0.992988
1403.199467 376.141824 -41.172800 1.415379 -0.024022 0.042000 -0.108382 0.992931
1403.299301 376.265286 -41.204243 1.414069 -0.022150 0.041227 -0.108602 0.992983
1403.399139 376.385919 -41.236921 1.412629 -0.022325 0.040107 -0.108773 0.993006
1403.499775 376.505324 -41.268989 1.410692 -0.022963 0.038090 -0.108604 0.993090
1403.599628 376.626319 -41.299635 1.407163 -0.024308 0.036831 -0.108669 0.993098
1403.699461 376.748567 -41.334659 1.399572 -0.024751 0.038579 -0.108762 0.993011
1403.799315 376.863076 -41.368125 1.393075 -0.023414 0.040143 -0.108714 0.992986
1403.899148 376.985528 -41.398177 1.390765 -0.023783 0.040218 -0.109043 0.992938
1403.999791 377.108645 -41.429758 1.391460 -0.023879 0.038496 -0.109177 0.992990
1404.099626 377.235443 -41.463136 1.391430 -0.023616 0.038821 -0.109464 0.992952
1404.199466 377.354179 -41.496964 1.389576 -0.023053 0.040718 -0.109503 0.992885
1404.299301 377.468957 -41.531211 1.390250 -0.023020 0.041318 -0.109344 0.992878
1404.399128 377.580366 -41.563631 1.391488 -0.023820 0.042153 -0.109086 0.992852
1404.499761 377.690402 -41.595033 1.387380 -0.023643 0.042726 -0.109126 0.992828
1404.599608 377.802665 -41.627497 1.386950 -0.023726 0.040945 -0.109082 0.992906
1404.699454 377.918540 -41.659751 1.387774 -0.023124 0.037350 -0.109161 0.993053
1404.799298 378.035612 -41.695050 1.387136 -0.023333 0.039140 -0.109734 0.992916
1404.899141 378.151870 -41.727877 1.382822 -0.024328 0.043115 -0.110272 0.992668
1404.999772 378.278968 -41.760567 1.379029 -0.023361 0.045836 -0.110311 0.992565
1405.099626 378.409432 -41.792487 1.377294 -0.024300 0.044809 -0.110052 0.992618
1405.199469 378.538943 -41.824300 1.380379 -0.027627 0.044197 -0.109701 0.992597
1405.299302 378.664716 -41.853822 1.382283 -0.030984 0.044013 -0.109661 0.992511
1405.399150 378.785485 -41.884199 1.383066 -0.031541 0.044725 -0.109897 0.992435
1405.499795 378.896948 -41.914507 1.380374 -0.033020 0.043974 -0.110193 0.992388
1405.599637 379.019905 -41.941149 1.378083 -0.036439 0.043899 -0.110595 0.992227
1405.699478 379.140340 -41.965388 1.378037 -0.037999 0.041825 -0.110261 0.992295
1405.799318 379.264148 -41.986129 1.379736 -0.039957 0.040008 -0.109934 0.992329
1405.899162 379.381783 -42.003261 1.378494 -0.041733 0.040865 -0.110158 0.992196
1405.999801 379.502076 -42.015446 1.379556 -0.040427 0.042502 -0.110578 0.992135
1406.099638 379.630710 -42.028339 1.379567 -0.036802 0.041013 -0.110872 0.992306
1406.199477 379.757519 -42.041939 1.374597 -0.031892 0.036716 -0.110849 0.992647
1406.299316 379.877744 -42.050191 1.368612 -0.027165 0.033566 -0.110936 0.992889
1406.399156 379.996107 -42.055187 1.367755 -0.024011 0.034923 -0.111220 0.992892
1406.499784 380.113585 -42.057297 1.365936 -0.023005 0.038180 -0.112081 0.992699
1406.599632 380.227581 -42.056928 1.365386 -0.021079 0.038708 -0.112813 0.992638
1406.699486 380.348863 -42.059868 1.365518 -0.020454 0.037168 -0.113398 0.992643
1406.799332 380.472395 -42.067834 1.366297 -0.020960 0.035144 -0.113689 0.992673
1406.899178 380.595563 -42.079715 1.366226 -0.020752 0.034674 -0.114100 0.992647
1406.999803 380.715992 -42.087850 1.365362 -0.020152 0.035664 -0.114606 0.992566
1407.099667 380.830561 -42.092136 1.363285 -0.020703 0.038225 -0.115122 0.992400
1407.199526 380.956851 -42.097372 1.356771 -0.020900 0.039208 -0.115169 0.992352
1407.299357 381.089543 -42.103118 1.347551 -0.019837 0.038343 -0.114691 0.992463
1407.399186 381.218090 -42.112313 1.339914 -0.020691 0.039412 -0.114413 0.992436
1407.499816 381.336422 -42.122362 1.329353 -0.021844 0.042440 -0.114147 0.992317
1407.599649 381.445847 -42.132986 1.314480 -0.020556 0.045167 -0.113946 0.992247
1407.699491 381.547045 -42.140097 1.294888 -0.019766 0.046647 -0.113945 0.992194
1407.799331 381.646550 -42.147010 1.276334 -0.020546 0.046580 -0.113841 0.992194
1407.899161 381.740505 -42.156746 1.264098 -0.020163 0.043403 -0.113395 0.992397
1407.999791 381.856898 -42.167967 1.261511 -0.020313 0.041328 -0.113169 0.992508
1408.099625 381.982254 -42.182649 1.265258 -0.018153 0.041525 -0.113199 0.992538
1408.199463 382.104980 -42.199139 1.267021 -0.017403 0.046182 -0.113342 0.992330
1408.299305 382.232143 -42.215895 1.262863 -0.017342 0.047832 -0.112895 0.992303
1408.399142 382.354727 -42.231630 1.254277 -0.021376 0.043362 -0.112228 0.992506
1408.499780 382.492120 -42.243951 1.244634 -0.024954 0.039302 -0.111822 0.992637
1408.599629 382.612554 -42.257136 1.244459 -0.025914 0.040849 -0.112394 0.992485
1408.699465 382.725075 -42.273257 1.244551 -0.021537 0.044369 -0.113685 0.992292
1408.799310 382.839569 -42.290628 1.244534 -0.016800 0.046182 -0.114972 0.992152
1408.899150 382.965020 -42.306294 1.245686 -0.014703 0.043011 -0.115901 0.992220
1408.999795 383.091231 -42.320607 1.247151 -0.016529 0.039173 -0.116378 0.992295
1409.099631 383.220831 -42.337065 1.241817 -0.018464 0.038846 -0.116168 0.992298
1409.199467 383.350346 -42.358391 1.233615 -0.020795 0.042758 -0.115637 0.992153
1409.299296 383.470373 -42.383311 1.232587 -0.023959 0.051994 -0.115006 0.991714
1409.399135 383.585698 -42.401868 1.239254 -0.025538 0.054189 -0.114961 0.991562
1409.499771 383.696872 -42.422475 1.243522 -0.024092 0.050420 -0.115678 0.991714
1409.599608 383.799883 -42.439123 1.241712 -0.020382 0.047144 -0.116450 0.991868
1409.699458 383.911418 -42.460730 1.236007 -0.017665 0.047509 -0.116824 0.991858
1409.799292 384.034207 -42.482760 1.228117 -0.018175 0.049496 -0.117061 0.991724
1409.899140 384.167339 -42.505584 1.223383 -0.020489 0.050823 -0.116777 0.991645
1409.999778 384.307348 -42.529241 1.224925 -0.022425 0.048234 -0.116160 0.991805
1410.099611 384.428349 -42.549774 1.225272 -0.024371 0.044902 -0.115695 0.991970
1410.199445 384.550821 -42.571658 1.226748 -0.023227 0.044109 -0.115318 0.992077
1410.299287 384.674871 -42.592351 1.227335 -0.020784 0.043520 -0.115709 0.992112
1410.399126 384.804695 -42.617580 1.225029 -0.020827 0.043556 -0.116004 0.992075
1410.499768 384.931402 -42.644994 1.220300 -0.021413 0.043683 -0.116463 0.992003
1410.599614 385.050149 -42.669893 1.214767 -0.021685 0.043777 -0.117251 0.991900
1410.699457 385.171708 -42.692332 1.215597 -0.023265 0.044081 -0.117807 0.991785
1410.799294 385.302853 -42.717553 1.221378 -0.023206 0.043398 -0.117670 0.991833
1410.899125 385.442043 -42.746390 1.220182 -0.023531 0.043596 -0.117433 0.991844
1410.999765 385.580218 -42.775472 1.216507 -0.024051 0.046785 -0.117350 0.991696
1411.099612 385.718041 -42.805956 1.211826 -0.024076 0.050643 -0.117258 0.991517
1411.199451 385.854779 -42.832353 1.206647 -0.023182 0.051220 -0.117594 0.991469
1411.299287 386.002565 -42.858786 1.207508 -0.022545 0.050010 -0.117636 0.991540
1411.399115 386.139171 -42.886300 1.209633 -0.022246 0.047077 -0.117430 0.991715
1411.499764 386.272730 -42.915336 1.208577 -0.022779 0.045383 -0.117559 0.991767
1411.599618 386.401681 -42.945197 1.205707 -0.023408 0.046241 -0.117391 0.991732
1411.699473 386.531529 -42.973112 1.207656 -0.024166 0.049243 -0.116862 0.991632
1411.799315 386.669095 -43.003032 1.207165 -0.024946 0.051760 -0.116019 0.991584
1411.899152 386.811776 -43.033305 1.204449 -0.024564 0.052664 -0.114678 0.991702
1411.999798 386.947049 -43.063396 1.203357 -0.025129 0.051453 -0.112984 0.991945
1412.099625 387.081801 -43.090704 1.203437 -0.025914 0.050920 -0.111253 0.992148
1412.199463 387.219639 -43.117842 1.199807 -0.027520 0.051110 -0.108678 0.992381
1412.299305 387.359484 -43.143604 1.198348 -0.027288 0.053052 -0.105911 0.992584
1412.399137 387.507255 -43.170468 1.198655 -0.026340 0.053878 -0.103691 0.992800
1412.499789 387.660128 -43.195960 1.196409 -0.027554 0.054923 -0.101165 0.992970
1412.599621 387.810679 -43.219938 1.193141 -0.027123 0.055227 -0.098683 0.993215
1412.699457 387.966266 -43.247073 1.191097 -0.026569 0.054656 -0.096212 0.993504
1412.799295 388.118914 -43.273262 1.192349 -0.024521 0.055042 -0.094059 0.993741
1412.899134 388.277223 -43.299082 1.191189 -0.021266 0.054964 -0.093084 0.993912
1412.999771 388.435125 -43.325757 1.192278 -0.020557 0.054326 -0.093179 0.993954
1413.099614 388.596038 -43.354548 1.192544 -0.023004 0.054042 -0.093606 0.993875
1413.199453 388.750339 -43.380511 1.191769 -0.024251 0.053107 -0.094037 0.993855
1413.299303 388.899539 -43.408047 1.187033 -0.026735 0.053301 -0.094330 0.993754
1413.399151 389.062536 -43.435920 1.178668 -0.028427 0.054794 -0.094651 0.993595
1413.499791 389.237570 -43.462042 1.176463 -0.026997 0.055908 -0.094791 0.993559
1413.599639 389.425873 -43.488570 1.178037 -0.025775 0.055806 -0.094859 0.993591
1413.699481 389.608636 -43.516308 1.178146 -0.025503 0.056288 -0.095105 0.993547
1413.799320 389.784885 -43.547165 1.175001 -0.024599 0.052895 -0.094934 0.993773
1413.899162 389.964488 -43.577276 1.171971 -0.023989 0.047933 -0.094817 0.994051
1413.999788 390.145493 -43.605581 1.165762 -0.024095 0.045114 -0.095049 0.994158
1414.099619 390.323022 -43.633544 1.164369 -0.022910 0.046037 -0.094882 0.994160
1414.199463 390.494844 -43.660234 1.161674 -0.023120 0.047491 -0.094779 0.994096
1414.299314 390.667113 -43.690149 1.156284 -0.023030 0.049148 -0.094742 0.994021
1414.399146 390.840489 -43.714974 1.137865 -0.024410 0.048484 -0.094832 0.994012
1414.499782 391.020164 -43.741600 1.115960 -0.028497 0.047652 -0.095024 0.993925
1414.599624 391.199884 -43.770563 1.095256 -0.029415 0.046681 -0.095068 0.993941
1414.699474 391.384259 -43.796691 1.086036 -0.029516 0.047654 -0.095349 0.993864
1414.799312 391.559709 -43.822944 1.082008 -0.028318 0.046898 -0.095261 0.993944
1414.899155 391.739790 -43.847282 1.077662 -0.026173 0.044684 -0.095426 0.994089
1414.999795 391.921254 -43.869971 1.071431 -0.028990 0.044635 -0.094991 0.994054
1415.099642 392.104953 -43.891921 1.063688 -0.031129 0.042041 -0.094521 0.994148
1415.199485 392.285550 -43.912749 1.054495 -0.032253 0.039347 -0.094271 0.994246
1415.299309 392.456554 -43.929571 1.047223 -0.032509 0.037465 -0.094594 0.994279
1415.399166 392.629310 -43.942830 1.039435 -0.031822 0.035701 -0.095107 0.994318
1415.499804 392.791425 -43.956826 1.030754 -0.029358 0.033826 -0.095335 0.994437
1415.599641 392.944975 -43.973798 1.027688 -0.026520 0.030885 -0.095575 0.994589
1415.699497 393.104481 -43.989755 1.030363 -0.024212 0.027514 -0.095503 0.994754
1415.799333 393.268743 -44.003063 1.033663 -0.022888 0.023360 -0.095258 0.994915
1415.899170 393.433824 -44.013442 1.030338 -0.024735 0.023664 -0.095194 0.994870
1415.999817 393.592919 -44.024360 1.023391 -0.027045 0.027072 -0.095294 0.994713
1416.099653 393.760086 -44.038020 1.018007 -0.025615 0.030502 -0.095309 0.994651
1416.199489 393.928693 -44.056259 1.013475 -0.023526 0.035375 -0.095707 0.994503
1416.299336 394.095015 -44.076139 1.010411 -0.021436 0.037315 -0.095976 0.994453
1416.399174 394.260185 -44.088269 1.012115 -0.019849 0.037874 -0.095945 0.994468
1416.499823 394.402413 -44.095454 1.014834 -0.019579 0.039714 -0.095752 0.994420
1416.599662 394.544013 -44.110304 1.016911 -0.021846 0.042185 -0.095551 0.994290
1416.699497 394.678689 -44.127401 1.015953 -0.023472 0.042002 -0.095982 0.994219
1416.799341 394.815023 -44.140925 1.013266 -0.023449 0.042119 -0.095946 0.994219
1416.899181 394.961765 -44.161975 1.007801 -0.024612 0.045637 -0.095262 0.994101
1416.999829 395.115275 -44.187340 1.001252 -0.026236 0.045401 -0.094538 0.994139
1417.099683 395.267688 -44.206835 1.002934 -0.025313 0.043435 -0.094435 0.994261
1417.199517 395.416162 -44.217044 1.006458 -0.025455 0.044251 -0.095214 0.994147
1417.299353 395.570856 -44.235061 1.005474 -0.027106 0.045491 -0.096174 0.993955
1417.399186 395.725892 -44.256084 0.995011 -0.025134 0.045183 -0.096567 0.993983
1417.499839 395.881941 -44.279706 0.980383 -0.023877 0.042415 -0.096203 0.994171
1417.599682 396.033206 -44.302890 0.972862 -0.023290 0.040564 -0.095880 0.994293
1417.699527 396.173224 -44.320379 0.973883 -0.027840 0.036413 -0.096107 0.994315
1417.799376 396.310523 -44.335844 0.981363 -0.030056 0.038743 -0.096694 0.994106
1417.899211 396.444439 -44.354411 0.987355 -0.026468 0.044436 -0.096604 0.993978
1417.999442 396.586855 -44.378542 0.984530 -0.023815 0.042818 -0.096411 0.994135
1418.099279 396.740853 -44.400135 0.977041 -0.024689 0.039166 -0.096559 0.994250
1418.199121 396.886979 -44.416844 0.970404 -0.024531 0.037520 -0.096771 0.994297
1418.299769 397.028940 -44.437304 0.970780 -0.025449 0.040928 -0.097015 0.994115
1418.399610 397.164643 -44.457198 0.975772 -0.024819 0.043389 -0.097402 0.993989
1418.499438 397.299939 -44.477073 0.979494 -0.024373 0.044746 -0.097857 0.993895
1418.599278 397.436490 -44.496118 0.978410 -0.026725 0.043275 -0.098151 0.993871
1418.699115 397.567859 -44.514364 0.974795 -0.032692 0.041555 -0.098204 0.993761
1418.799758 397.690634 -44.533629 0.972706 -0.035179 0.038382 -0.098336 0.993790
1418.899587 397.817770 -44.550778 0.970238 -0.034176 0.035789 -0.098635 0.993892
1418.999438 397.944808 -44.569180 0.963033 -0.028782 0.036321 -0.098615 0.994046
1419.099282 398.077137 -44.587861 0.958138 -0.026816 0.039244 -0.098790 0.993973
1419.199133 398.215204 -44.607064 0.961058 -0.029261 0.041185 -0.098844 0.993820
1419.299777 398.353632 -44.624271 0.967952 -0.029992 0.040082 -0.098527 0.993874
1419.399626 398.481630 -44.639376 0.968744 -0.028766 0.037508 -0.098390 0.994025
1419.499461 398.604794 -44.652349 0.961902 -0.030508 0.038811 -0.098283 0.993933
1419.599302 398.725666 -44.665883 0.952618 -0.030520 0.042629 -0.098114 0.993793
1419.699131 398.843808 -44.681260 0.944513 -0.030104 0.045242 -0.097794 0.993722
1419.799764 398.964398 -44.693025 0.942276 -0.028872 0.044397 -0.097553 0.993820
1419.899599 399.086708 -44.704585 0.945755 -0.026735 0.042655 -0.097682 0.993944
1419.999454 399.209453 -44.719612 0.944373 -0.026380 0.040960 -0.097612 0.994031
1420.099316 399.332631 -44.735191 0.945255 -0.026369 0.041437 -0.098135 0.993960
1420.199162 399.448160 -44.747946 0.943767 -0.025364 0.043299 -0.098161 0.993905
1420.299814 399.576799 -44.763199 0.939586 -0.025412 0.043856 -0.098211 0.993874
1420.399653 399.714577 -44.778582 0.936529 -0.025527 0.043653 -0.098326 0.993869
1420.499489 399.840278 -44.792294 0.937064 -0.024874 0.043034 -0.098240 0.993921
1420.599323 399.966634 -44.809005 0.940221 -0.024757 0.043204 -0.098215 0.993919
1420.699166 400.088662 -44.825969 0.935133 -0.025822 0.044084 -0.098400 0.993835
1420.799813 400.212894 -44.846364 0.929932 -0.027038 0.045763 -0.098423 0.993724
1420.899661 400.341057 -44.864522 0.929800 -0.027370 0.045346 -0.098314 0.993745
1420.999511 400.453692 -44.878360 0.933462 -0.027640 0.043434 -0.098383 0.993816
1421.099347 400.564872 -44.889259 0.933001 -0.027052 0.041227 -0.098556 0.993909
1421.199183 400.682007 -44.904465 0.928045 -0.026668 0.039496 -0.098918 0.993954
1421.299822 400.797670 -44.927128 0.922077 -0.025818 0.039787 -0.099269 0.993930
1421.399678 400.905638 -44.944772 0.921759 -0.025988 0.041830 -0.099773 0.993791
1421.499513 401.006519 -44.959820 0.926194 -0.026963 0.042317 -0.100342 0.993687
1421.599348 401.119600 -44.975058 0.930030 -0.027736 0.041547 -0.100629 0.993669
1421.699197 401.241112 -44.995899 0.924910 -0.028410 0.039016 -0.100443 0.993772
1421.799832 401.367932 -45.021517 0.912040 -0.027144 0.037379 -0.100251 0.993889
1421.899674 401.488865 -45.044652 0.906845 -0.026768 0.037987 -0.100246 0.993877
1421.999512 401.606465 -45.063842 0.907275 -0.027201 0.039557 -0.099960 0.993833
1422.099345 401.722210 -45.077578 0.908656 -0.027060 0.042096 -0.100176 0.993710
1422.199205 401.842279 -45.092762 0.907820 -0.026809 0.043085 -0.099835 0.993709
1422.299444 401.963200 -45.109333 0.900851 -0.027004 0.042659 -0.099529 0.993753
1422.399291 402.083379 -45.132734 0.895084 -0.027305 0.042938 -0.098904 0.993795
1422.499124 402.203403 -45.157868 0.891285 -0.027290 0.045048 -0.098608 0.993732
1422.599751 402.322660 -45.179374 0.889058 -0.028163 0.046396 -0.098337 0.993672
1422.699612 402.441856 -45.191267 0.889270 -0.033381 0.044468 -0.098974 0.993535
1422.799453 402.560084 -45.207535 0.886821 -0.036901 0.039455 -0.099615 0.993558
1422.899289 402.678117 -45.224956 0.890209 -0.037242 0.038240 -0.100132 0.993541
1422.999123 402.797195 -45.242251 0.894922 -0.034539 0.040082 -0.100892 0.993489
1423.099757 402.917740 -45.253753 0.888970 -0.031798 0.040626 -0.101214 0.993526
1423.199584 403.035969 -45.264243 0.878156 -0.030025 0.040301 -0.101533 0.993562
1423.299435 403.154876 -45.279623 0.868312 -0.031047 0.039506 -0.101437 0.993572
1423.399277 403.264973 -45.293194 0.866811 -0.032964 0.038442 -0.101313 0.993565
1423.499125 403.372728 -45.300706 0.873297 -0.035361 0.039110 -0.101340 0.993454
1423.599765 403.483386 -45.307432 0.877655 -0.034921 0.040852 -0.101135 0.993420
1423.699614 403.596978 -45.315270 0.874159 -0.032626 0.041667 -0.100729 0.993505
1423.799460 403.701363 -45.323197 0.866188 -0.034405 0.041303 -0.100875 0.993446
1423.899314 403.809303 -45.327858 0.862108 -0.034840 0.040570 -0.101030 0.993445
1423.999151 403.920889 -45.329748 0.863237 -0.034664 0.040928 -0.101138 0.993426
1424.099786 404.039672 -45.333926 0.863740 -0.034108 0.043312 -0.101260 0.993331
1424.199616 404.158292 -45.338088 0.868368 -0.031452 0.045083 -0.101388 0.993327
1424.299464 404.270111 -45.341355 0.868160 -0.027847 0.044878 -0.101237 0.993459
1424.399302 404.380789 -45.341461 0.858859 -0.026737 0.044234 -0.101063 0.993536
1424.499153 404.490857 -45.340365 0.854806 -0.026941 0.044758 -0.101391 0.993474
1424.599806 404.599149 -45.343560 0.856506 -0.027130 0.044677 -0.101548 0.993457
1424.699639 404.707221 -45.349474 0.855851 -0.027288 0.043513 -0.101611 0.993497
1424.799454 404.820216 -45.356087 0.849540 -0.026155 0.042211 -0.101890 0.993556
1424.899301 404.932231 -45.358968 0.843692 -0.024010 0.041146 -0.101932 0.993650
1424.999142 405.045297 -45.362584 0.841405 -0.022339 0.039216 -0.102570 0.993701
1425.099778 405.156493 -45.370432 0.836576 -0.024266 0.037457 -0.102997 0.993680
1425.199620 405.272613 -45.381675 0.833193 -0.025777 0.038225 -0.103926 0.993516
1425.299462 405.392262 -45.389063 0.832377 -0.025976 0.040105 -0.105324 0.993289
1425.399306 405.506079 -45.391744 0.833891 -0.027337 0.041724 -0.106399 0.993072
1425.499130 405.607546 -45.398892 0.829055 -0.025547 0.043509 -0.106566 0.993025
1425.599771 405.711196 -45.408561 0.824501 -0.025335 0.044645 -0.106822 0.992952
1425.699602 405.822588 -45.422253 0.824154 -0.026005 0.045132 -0.106843 0.992911
1425.799449 405.930788 -45.433301 0.830398 -0.026056 0.046535 -0.106786 0.992851
1425.899293 406.046447 -45.441474 0.838775 -0.026372 0.048527 -0.106922 0.992732
1425.999134 406.161828 -45.450570 0.841894 -0.026299 0.049281 -0.106852 0.992705
1426.099769 406.279168 -45.461247 0.835931 -0.025156 0.046922 -0.107669 0.992760
1426.199607 406.391899 -45.476470 0.827799 -0.025766 0.043556 -0.108966 0.992756
1426.299435 406.497423 -45.493955 0.824685 -0.025601 0.042274 -0.110417 0.992656
1426.399290 406.594136 -45.507733 0.828041 -0.027564 0.042360 -0.110689 0.992569
1426.499133 406.692157 -45.520964 0.832099 -0.027200 0.044751 -0.110523 0.992493
1426.599781 406.795634 -45.535102 0.835654 -0.027599 0.046865 -0.110420 0.992396
1426.699621 406.908031 -45.549579 0.832692 -0.026534 0.050560 -0.109980 0.992292
1426.799462 407.023211 -45.565458 0.827039 -0.025929 0.051306 -0.109250 0.992351
1426.899299 407.145740 -45.582618 0.816458 -0.025653 0.051803 -0.108998 0.992360
1426.999126 407.271871 -45.601339 0.811906 -0.024985 0.052471 -0.108670 0.992378
1427.099766 407.393138 -45.621912 0.810110 -0.026005 0.052500 -0.108727 0.992344
1427.199615 407.511272 -45.640611 0.812643 -0.028442 0.049857 -0.108946 0.992389
1427.299446 407.634785 -45.653586 0.814765 -0.030846 0.049027 -0.109344 0.992315
1427.399276 407.759599 -45.670438 0.811675 -0.030900 0.048778 -0.109160 0.992346
1427.499515 407.887592 -45.687380 0.810774 -0.031104 0.048406 -0.109061 0.992368
1427.599355 408.016527 -45.703775 0.810333 -0.032173 0.048519 -0.107813 0.992465
1427.699192 408.142813 -45.716848 0.809570 -0.028273 0.050289 -0.106125 0.992678
1427.799827 408.274504 -45.732689 0.808383 -0.025641 0.053930 -0.105423 0.992633
1427.899674 408.406696 -45.749192 0.810035 -0.024585 0.055160 -0.105810 0.992551
1427.999521 408.536599 -45.766427 0.809459 -0.026365 0.054244 -0.106146 0.992520
1428.099372 408.665162 -45.782711 0.802334 -0.027442 0.053257 -0.106469 0.992509
1428.199216 408.803461 -45.798084 0.797592 -0.027689 0.053746 -0.106772 0.992444
1428.299461 408.946991 -45.814097 0.794736 -0.027928 0.054875 -0.106320 0.992424
1428.399290 409.091832 -45.829283 0.795782 -0.027035 0.054598 -0.106363 0.992459
1428.499139 409.234627 -45.849911 0.797180 -0.025389 0.052846 -0.106538 0.992579
1428.599774 409.375732 -45.870975 0.796961 -0.023589 0.050907 -0.106614 0.992716
1428.699616 409.512140 -45.892261 0.795756 -0.024435 0.050544 -0.106864 0.992687
1428.799458 409.646853 -45.913230 0.794249 -0.026693 0.051902 -0.106815 0.992564
1428.899292 409.777504 -45.933296 0.791281 -0.026709 0.052650 -0.106793 0.992527
1428.999132 409.926291 -45.953199 0.786343 -0.027103 0.053371 -0.106931 0.992463
1429.099744 410.068462 -45.971354 0.782072 -0.026408 0.053534 -0.106854 0.992481
1429.199585 410.210727 -45.991216 0.783492 -0.025986 0.054844 -0.106901 0.992416
1429.299429 410.351673 -46.013671 0.785373 -0.025600 0.055534 -0.106974 0.992380
1429.399274 410.487644 -46.037293 0.783826 -0.024877 0.055802 -0.106828 0.992399
1429.499503 410.629880 -46.063063 0.780310 -0.025510 0.055744 -0.106663 0.992404
1429.599335 410.779526 -46.087230 0.773082 -0.027639 0.054279 -0.106099 0.992488
1429.699176 410.938883 -46.110410 0.764840 -0.030728 0.053600 -0.103926 0.992664
1429.799829 411.101328 -46.134002 0.757040 -0.030052 0.053710 -0.101878 0.992891
1429.899674 411.259978 -46.157888 0.755683 -0.026984 0.053882 -0.101071 0.993052
1429.999512 411.411703 -46.183596 0.759110 -0.027843 0.054060 -0.100446 0.993083
1430.099345 411.569290 -46.209367 0.757905 -0.027330 0.052840 -0.100339 0.993173
1430.199192 411.728729 -46.235023 0.759250 -0.026507 0.052490 -0.100372 0.993211
1430.299824 411.879517 -46.259278 0.760581 -0.025455 0.053913 -0.100324 0.993167
1430.399676 412.040903 -46.285211 0.757678 -0.026115 0.055401 -0.100639 0.993036
1430.499525 412.209588 -46.312817 0.748787 -0.025741 0.055128 -0.100715 0.993053
1430.599374 412.368349 -46.339312 0.741774 -0.024941 0.055325 -0.100615 0.993073
1430.699231 412.535482 -46.367099 0.736707 -0.026150 0.055284 -0.100433 0.993062
1430.799461 412.714090 -46.395622 0.738308 -0.026707 0.055436 -0.100433 0.993039
1430.899307 412.889140 -46.423753 0.743552 -0.027143 0.054059 -0.099972 0.993150
1430.999147 413.064021 -46.451714 0.736280 -0.029925 0.051947 -0.100002 0.993180
1431.099809 413.239923 -46.482825 0.723990 -0.031303 0.050273 -0.100201 0.993203
1431.199654 413.405833 -46.514223 0.717483 -0.032885 0.048340 -0.100026 0.993266
1431.299498 413.563520 -46.542862 0.707438 -0.032824 0.043345 -0.099955 0.993505
1431.399320 413.715092 -46.567266 0.696656 -0.030459 0.040226 -0.099472 0.993760
1431.499159 413.866031 -46.587984 0.681679 -0.028582 0.040044 -0.099622 0.993808
1431.599798 414.032762 -46.610772 0.664417 -0.026890 0.039872 -0.099780 0.993847
1431.699624 414.193603 -46.637330 0.655716 -0.027865 0.039581 -0.099698 0.993840
1431.799459 414.355621 -46.663240 0.649412 -0.028836 0.040999 -0.099885 0.993736
1431.899297 414.521071 -46.691664 0.632150 -0.028761 0.043497 -0.099794 0.993641
1431.999140 414.683094 -46.717192 0.614715 -0.026800 0.044521 -0.099950 0.993635
1432.099786 414.858411 -46.744125 0.605995 -0.025673 0.043003 -0.099824 0.993744
1432.199624 415.016185 -46.768983 0.597689 -0.026811 0.043116 -0.099567 0.993735
1432.299466 415.162031 -46.793031 0.588430 -0.028106 0.045372 -0.099417 0.993613
1432.399301 415.312904 -46.818637 0.579476 -0.029431 0.048530 -0.099542 0.993413
1432.499149 415.472240 -46.842393 0.569923 -0.030525 0.049578 -0.099633 0.993319
1432.599797 415.636012 -46.862148 0.566089 -0.037162 0.047966 -0.100110 0.993124
1432.699653 415.799842 -46.882616 0.561620 -0.043022 0.046426 -0.099992 0.992973
1432.799483 415.955436 -46.901623 0.558632 -0.045419 0.043593 -0.099859 0.993008
1432.899319 416.102462 -46.916695 0.546910 -0.045547 0.041614 -0.099587 0.993114
1432.999162 416.243164 -46.929451 0.530117 -0.043843 0.043252 -0.099707 0.993109
1433.099803 416.396486 -46.939718 0.511468 -0.041355 0.044277 -0.099884 0.993153
1433.199641 416.548625 -46.948132 0.497937 -0.041420 0.043954 -0.100068 0.993146
1433.299475 416.703716 -46.952401 0.490401 -0.040672 0.044011 -0.100616 0.993119
1433.399308 416.851346 -46.950634 0.493825 -0.032664 0.045816 -0.102123 0.993179
1433.499129 417.003770 -46.951471 0.485310 -0.028688 0.036882 -0.101242 0.993764
1433.599770 417.147171 -46.952007 0.483167 -0.026941 0.033989 -0.101052 0.993935
1433.699610 417.288002 -46.952048 0.473845 -0.027170 0.033581 -0.101019 0.993946
1433.799436 417.426369 -46.950808 0.463772 -0.028442 0.034375 -0.100886 0.993897
1433.899287 417.566186 -46.955009 0.453696 -0.027947 0.034077 -0.100687 0.993942
1433.999123 417.708992 -46.959018 0.450437 -0.029850 0.035177 -0.100584 0.993858
1434.099749 417.845210 -46.959764 0.451754 -0.029224 0.037205 -0.100493 0.993812
1434.199581 417.967127 -46.955425 0.451860 -0.028508 0.037011 -0.100617 0.993828
1434.299413 418.097639 -46.956009 0.445830 -0.028699 0.035639 -0.100596 0.993875
1434.399249 418.233963 -46.955992 0.438606 -0.028657 0.035348 -0.100631 0.993883
1434.499486 418.378955 -46.956305 0.427820 -0.027747 0.035819 -0.100823 0.993872
1434.599310 418.527550 -46.959745 0.421830 -0.026802 0.034294 -0.100763 0.993958
1434.699145 418.673184 -46.966163 0.422685 -0.026004 0.032771 -0.101001 0.994006
1434.799789 418.807915 -46.971475 0.420015 -0.025430 0.033191 -0.101812 0.993925
1434.899624 418.930857 -46.972994 0.419123 -0.023169 0.033636 -0.101813 0.993965
1434.999459 419.033959 -46.977529 0.416525 -0.023383 0.032647 -0.101466 0.994028
1435.099310 419.133097 -46.981208 0.412022 -0.025531 0.033579 -0.101066 0.993985
1435.199144 419.238972 -46.986268 0.409845 -0.024726 0.036996 -0.100768 0.993914
1435.299790 419.345591 -46.986388 0.412468 -0.026670 0.037577 -0.100936 0.993825
1435.399630 419.452445 -46.989546 0.415917 -0.028245 0.036671 -0.101444 0.993764
1435.499450 419.560918 -46.996136 0.418363 -0.027954 0.036226 -0.101960 0.993736
1435.599288 419.672654 -47.005303 0.425862 -0.031661 0.036641 -0.103327 0.993468
1435.699128 419.775613 -47.013357 0.413956 -0.024279 0.009100 -0.103352 0.994307
1435.799779 419.863252 -47.021125 0.389265 -0.016314 -0.011316 -0.102168 0.994569
1435.899616 419.954921 -47.024170 0.381135 -0.019299 -0.003486 -0.102290 0.994561
1435.999465 420.050946 -47.029721 0.388825 -0.023659 0.006345 -0.102195 0.994463
1436.099318 420.146433 -47.042514 0.393736 -0.025544 0.014441 -0.101971 0.994355
1436.199151 420.220364 -47.058948 0.394676 -0.026013 0.017431 -0.101687 0.994324
1436.299790 420.283410 -47.071006 0.393659 -0.025056 0.020675 -0.101524 0.994303
1436.399616 420.343165 -47.073048 0.388970 -0.024886 0.025509 -0.101704 0.994176
1436.499449 420.393732 -47.074660 0.380827 -0.024492 0.033334 -0.101884 0.993936
1436.599281 420.434228 -47.086732 0.375690 -0.024628 0.041186 -0.101918 0.993635
1436.699114 420.474980 -47.105029 0.373475 -0.024198 0.050379 -0.101905 0.993223
1436.799740 420.526721 -47.120084 0.372102 -0.023641 0.059482 -0.101967 0.992726
1436.899591 420.592963 -47.131057 0.365527 -0.023701 0.065545 -0.101980 0.992342
1436.999430 420.660734 -47.146993 0.358272 -0.023612 0.068832 -0.101456 0.992175
1437.099276 420.733724 -47.164859 0.355047 -0.024365 0.071430 -0.101279 0.991991
1437.199517 420.815723 -47.188751 0.352772 -0.026049 0.070799 -0.101247 0.991997
1437.299357 420.912827 -47.212489 0.347372 -0.027017 0.069886 -0.101306 0.992030
1437.399185 421.013280 -47.235192 0.340542 -0.025499 0.071823 -0.101139 0.991949
1437.499813 421.110550 -47.259174 0.332827 -0.023648 0.076289 -0.100880 0.991687
1437.599652 421.219087 -47.288581 0.328965 -0.022199 0.081372 -0.100196 0.991386
1437.699498 421.336170 -47.314479 0.330191 -0.022710 0.083491 -0.099668 0.991252
1437.799331 421.459864 -47.342062 0.327344 -0.023490 0.082271 -0.098942 0.991408
1437.899169 421.592722 -47.368477 0.324123 -0.024788 0.081103 -0.099114 0.991456
1437.999806 421.735682 -47.400398 0.318061 -0.026441 0.077961 -0.099676 0.991609
1438.099641 421.876141 -47.437110 0.317190 -0.025374 0.075226 -0.100229 0.991792
1438.199491 422.021829 -47.472565 0.316750 -0.024204 0.071377 -0.100584 0.992070
1438.299330 422.163886 -47.504648 0.316783 -0.025354 0.064904 -0.100552 0.992489
1438.399162 422.309358 -47.536819 0.319031 -0.028347 0.059902 -0.100182 0.992760
1438.499804 422.460852 -47.569399 0.321918 -0.029315 0.057810 -0.099975 0.992876
1438.599653 422.620889 -47.608620 0.316736 -0.028880 0.058872 -0.099977 0.992827
1438.699495 422.781574 -47.646798 0.300013 -0.027537 0.058346 -0.099952 0.992898
1438.799330 422.944885 -47.681759 0.280202 -0.027575 0.053518 -0.100013 0.993163
1438.899164 423.100970 -47.718135 0.264315 -0.027852 0.047449 -0.099528 0.993512
1438.999800 423.244857 -47.752905 0.247714 -0.027594 0.044303 -0.099380 0.993680
1439.099647 423.391581 -47.787690 0.225894 -0.027977 0.045895 -0.099339 0.993601
1439.199483 423.545133 -47.824181 0.190702 -0.028679 0.049590 -0.099089 0.993428
1439.299328 423.703278 -47.862163 0.154286 -0.028024 0.051415 -0.099114 0.993352
1439.399177 423.867458 -47.902045 0.116340 -0.028131 0.051684 -0.098903 0.993356
1439.499814 424.027358 -47.938667 0.080906 -0.027337 0.048714 -0.098958 0.993522
1439.599660 424.190541 -47.974979 0.046983 -0.026000 0.047223 -0.098648 0.993661
1439.699508 424.345989 -48.013350 0.015590 -0.025839 0.050234 -0.098359 0.993546
1439.799349 424.510579 -48.052418 -0.010427 -0.026099 0.056836 -0.098177 0.993202
1439.899197 424.680606 -48.090918 -0.031399 -0.027637 0.062892 -0.098222 0.992791
1439.999835 424.856293 -48.131745 -0.051066 -0.029152 0.064330 -0.098238 0.992654
1440.099659 425.026282 -48.170553 -0.071850 -0.029655 0.060990 -0.097937 0.992879
1440.199485 425.198200 -48.207302 -0.088804 -0.027024 0.059374 -0.097804 0.993065
1440.299323 425.378259 -48.245910 -0.102009 -0.026406 0.057900 -0.097314 0.993217
1440.399161 425.553028 -48.281414 -0.109612 -0.028101 0.056816 -0.097075 0.993257
1440.499801 425.731032 -48.316699 -0.115351 -0.029207 0.056081 -0.096763 0.993297
1440.599640 425.921351 -48.354755 -0.118916 -0.030323 0.055094 -0.097168 0.993279
1440.699465 426.112338 -48.389797 -0.126155 -0.037703 0.052684 -0.098134 0.993062
1440.799304 426.290062 -48.422006 -0.133595 -0.045280 0.051767 -0.099035 0.992704
1440.899144 426.460052 -48.451235 -0.139093 -0.047646 0.052983 -0.099319 0.992501
1440.999797 426.637783 -48.475801 -0.145412 -0.047360 0.053023 -0.099604 0.992484
1441.099633 426.813953 -48.496048 -0.149832 -0.047626 0.051607 -0.099889 0.992517
1441.199481 426.997146 -48.514858 -0.148819 -0.047381 0.048901 -0.100072 0.992648
1441.299310 427.183179 -48.532188 -0.146114 -0.044044 0.045836 -0.099921 0.992963
1441.399144 427.368377 -48.543312 -0.144430 -0.041336 0.044280 -0.100216 0.993120
1441.499781 427.553854 -48.553737 -0.147953 -0.035031 0.045508 -0.100309 0.993297
1441.599623 427.720291 -48.564341 -0.156962 -0.030738 0.047656 -0.100453 0.993324
1441.699469 427.877013 -48.574507 -0.165582 -0.030077 0.049256 -0.100368 0.993275
1441.799308 428.033798 -48.579601 -0.173620 -0.029049 0.048009 -0.100210 0.993383
1441.899149 428.185447 -48.582678 -0.178287 -0.028335 0.047763 -0.100125 0.993424
1441.999784 428.345868 -48.587654 -0.181267 -0.029209 0.045752 -0.100037 0.993502
1442.099631 428.498545 -48.594789 -0.176873 -0.028810 0.043471 -0.099881 0.993632
1442.199472 428.662980 -48.605310 -0.176752 -0.028684 0.041913 -0.099521 0.993738
1442.299323 428.824256 -48.617182 -0.179377 -0.027656 0.041677 -0.099490 0.993781
1442.399159 428.991377 -48.629371 -0.184088 -0.026101 0.040757 -0.099272 0.993883
1442.499794 429.163221 -48.643346 -0.196102 -0.027238 0.040765 -0.098985 0.993880
1442.599631 429.331208 -48.655923 -0.212771 -0.027889 0.039343 -0.098931 0.993925
1442.699473 429.496708 -48.666390 -0.222224 -0.027249 0.039421 -0.099188 0.993914
1442.799318 429.657055 -48.677133 -0.219800 -0.027453 0.038856 -0.098922 0.993957
1442.899154 429.814707 -48.686683 -0.211324 -0.028865 0.039642 -0.099039 0.993875
1442.999783 429.980396 -48.697933 -0.212849 -0.030568 0.038767 -0.099673 0.993795
1443.099615 430.141517 -48.713399 -0.217085 -0.029422 0.037592 -0.099595 0.993882
1443.199454 430.292541 -48.725416 -0.224199 -0.027096 0.037933 -0.099756 0.993919
1443.299294 430.444580 -48.735470 -0.233585 -0.026831 0.039988 -0.099519 0.993870
1443.399135 430.597130 -48.745697 -0.236237 -0.027937 0.042682 -0.098998 0.993779
1443.499781 430.749629 -48.758219 -0.238084 -0.028534 0.042781 -0.098835 0.993774
1443.599626 430.899326 -48.774141 -0.239334 -0.028612 0.043725 -0.099016 0.993713
1443.699462 431.040828 -48.792746 -0.247987 -0.027956 0.045732 -0.099298 0.993613
1443.799307 431.186900 -48.807673 -0.257617 -0.027863 0.048678 -0.099620 0.993444
1443.899138 431.328360 -48.816707 -0.264620 -0.027870 0.050018 -0.099445 0.993394
1443.999790 431.476239 -48.829482 -0.274005 -0.027787 0.048149 -0.099062 0.993527
1444.099637 431.625473 -48.842622 -0.287456 -0.026557 0.044320 -0.098911 0.993754
1444.199475 431.760184 -48.857390 -0.297901 -0.025405 0.042389 -0.098625 0.993897
1444.299316 431.887902 -48.876435 -0.301769 -0.024795 0.046389 -0.098187 0.993777
1444.399182 432.011831 -48.891418 -0.306640 -0.026506 0.052115 -0.097929 0.993474
1444.499809 432.150073 -48.905730 -0.308142 -0.026355 0.054745 -0.097416 0.993387
1444.599657 432.290784 -48.921284 -0.310335 -0.028258 0.054934 -0.097343 0.993332
1444.699497 432.422077 -48.938379 -0.314972 -0.026371 0.056376 -0.097508 0.993287
1444.799340 432.554250 -48.955841 -0.320830 -0.025392 0.057615 -0.098230 0.993170
1444.899190 432.689046 -48.972962 -0.327223 -0.026377 0.057963 -0.098639 0.993084
1444.999837 432.832334 -48.988339 -0.327332 -0.025811 0.057186 -0.098883 0.993119
1445.099679 432.978954 -49.004757 -0.326760 -0.024567 0.055576 -0.099003 0.993230
1445.199508 433.128752 -49.024672 -0.320033 -0.024904 0.050762 -0.098662 0.993513
1445.299368 433.284704 -49.047692 -0.318658 -0.024780 0.048164 -0.098190 0.993693
1445.399184 433.445877 -49.071474 -0.326644 -0.025815 0.049323 -0.098241 0.993604
1445.499825 433.608710 -49.092873 -0.335467 -0.024985 0.046139 -0.098228 0.993780
1445.599662 433.769200 -49.116415 -0.334654 -0.025088 0.041536 -0.097633 0.994039
1445.699505 433.929293 -49.141246 -0.334115 -0.027785 0.039812 -0.097767 0.994024
1445.799345 434.079762 -49.164583 -0.335008 -0.031586 0.037555 -0.098246 0.993952
1445.899170 434.220771 -49.186869 -0.339077 -0.031042 0.039856 -0.098278 0.993876
1445.999817 434.362252 -49.207691 -0.341959 -0.029131 0.045469 -0.098802 0.993641
1446.099669 434.505100 -49.226652 -0.350515 -0.026607 0.049033 -0.098986 0.993524
1446.199514 434.633948 -49.246840 -0.363130 -0.026702 0.048382 -0.098780 0.993574
1446.299352 434.756229 -49.263908 -0.376020 -0.028909 0.045890 -0.098716 0.993636
1446.399180 434.891131 -49.282334 -0.394792 -0.030246 0.041966 -0.098935 0.993748
1446.499818 435.031407 -49.304353 -0.410394 -0.029274 0.042033 -0.098695 0.993799
1446.599667 435.169303 -49.330088 -0.418468 -0.028352 0.042866 -0.098619 0.993797
1446.699499 435.309786 -49.353901 -0.431196 -0.027478 0.040906 -0.098498 0.993916
1446.799336 435.446984 -49.373778 -0.444765 -0.029086 0.038458 -0.098609 0.993957
1446.899186 435.583903 -49.393348 -0.455910 -0.028403 0.041376 -0.098731 0.993848
1446.999829 435.717534 -49.411788 -0.469265 -0.027783 0.045353 -0.098931 0.993672
1447.099664 435.849636 -49.432666 -0.478974 -0.027562 0.048115 -0.099296 0.993512
1447.199502 435.974627 -49.454948 -0.483201 -0.025818 0.047126 -0.099762 0.993559
1447.299330 436.101708 -49.478794 -0.487895 -0.025210 0.046175 -0.099490 0.993647
1447.399158 436.229201 -49.501426 -0.492474 -0.029167 0.044785 -0.099115 0.993640
1447.499794 436.356786 -49.522080 -0.497843 -0.030718 0.042469 -0.098589 0.993747
1447.599629 436.486568 -49.541542 -0.504826 -0.029535 0.041370 -0.098222 0.993865
1447.699477 436.625417 -49.563754 -0.511938 -0.027540 0.040738 -0.098276 0.993944
1447.799319 436.758950 -49.587192 -0.518552 -0.027550 0.039416 -0.098479 0.993977
1447.899164 436.879556 -49.609511 -0.517788 -0.028192 0.037066 -0.098325 0.994064
1447.999798 437.001217 -49.630066 -0.516737 -0.028695 0.036304 -0.097992 0.994111
1448.099634 437.122998 -49.648192 -0.520690 -0.028573 0.035167 -0.097653 0.994188
1448.199479 437.233235 -49.664322 -0.521790 -0.029433 0.034454 -0.098146 0.994140
1448.299305 437.330190 -49.684392 -0.524006 -0.030126 0.035682 -0.098657 0.994025
1448.399144 437.429487 -49.705982 -0.533413 -0.031583 0.037119 -0.098767 0.993916
1448.499784 437.527535 -49.723315 -0.540666 -0.032812 0.036519 -0.099005 0.993875
1448.599622 437.625305 -49.741793 -0.541815 -0.032879 0.035008 -0.099090 0.993919
1448.699454 437.720798 -49.758004 -0.549177 -0.031506 0.036883 -0.099106 0.993894
1448.799285 437.830379 -49.777984 -0.561043 -0.029987 0.038912 -0.098878 0.993886
1448.899112 437.931890 -49.796816 -0.574512 -0.029042 0.037695 -0.098391 0.994009
1448.999752 438.034713 -49.815892 -0.580887 -0.030545 0.034397 -0.097808 0.994142
1449.099591 438.132371 -49.830571 -0.583205 -0.031080 0.031034 -0.097222 0.994293
1449.199425 438.226230 -49.844625 -0.585838 -0.029219 0.032818 -0.097012 0.994313
1449.299261 438.329704 -49.860426 -0.587438 -0.027721 0.038630 -0.097188 0.994130
1449.399505 438.449330 -49.882716 -0.597508 -0.027214 0.041210 -0.097192 0.994040
1449.499358 438.572023 -49.904682 -0.607907 -0.029165 0.041114 -0.096679 0.994038
1449.599194 438.691804 -49.920158 -0.619559 -0.033032 0.040236 -0.096536 0.993967
1449.699829 438.799762 -49.935495 -0.625857 -0.036207 0.041455 -0.096820 0.993779
1449.799660 438.903059 -49.950586 -0.632109 -0.036200 0.042385 -0.097593 0.993664
1449.899489 438.999425 -49.964846 -0.638314 -0.034691 0.044032 -0.098220 0.993585
1449.999327 439.100193 -49.976998 -0.644267 -0.033936 0.045160 -0.098939 0.993489
1450.099170 439.199571 -49.988917 -0.650699 -0.031969 0.048301 -0.099336 0.993367
1450.199795 439.296977 -49.999509 -0.659029 -0.028854 0.049557 -0.099615 0.993372
1450.299650 439.384567 -50.007072 -0.664949 -0.030185 0.051760 -0.100130 0.993169
1450.399490 439.467536 -50.015147 -0.673203 -0.029283 0.053735 -0.099836 0.993120
1450.499331 439.558012 -50.024792 -0.679103 -0.027093 0.055392 -0.099748 0.993100
1450.599168 439.651389 -50.034509 -0.681502 -0.024588 0.054941 -0.100089 0.993156
1450.699800 439.747682 -50.046981 -0.685022 -0.023380 0.054479 -0.100218 0.993198
1450.799625 439.857484 -50.064322 -0.691577 -0.025037 0.055775 -0.100045 0.993103
1450.899470 439.964619 -50.077112 -0.700279 -0.028251 0.056010 -0.099671 0.993041
1450.999311 440.072441 -50.083940 -0.709248 -0.028656 0.055019 -0.099383 0.993114
1451.099147 440.187295 -50.096489 -0.718155 -0.028111 0.053145 -0.099158 0.993254
1451.199779 440.293838 -50.111318 -0.725239 -0.028102 0.050495 -0.098862 0.993422
1451.299616 440.383147 -50.123817 -0.728900 -0.029340 0.048235 -0.098656 0.993519
1451.399451 440.486633 -50.141643 -0.730615 -0.029728 0.046357 -0.098599 0.993602
1451.499289 440.591857 -50.157556 -0.731740 -0.028390 0.045653 -0.098811 0.993653
1451.599143 440.704226 -50.172984 -0.736821 -0.027282 0.046570 -0.099116 0.993611
1451.699789 440.818514 -50.188928 -0.740138 -0.025898 0.049480 -0.099303 0.993489
1451.799630 440.940977 -50.207754 -0.745103 -0.026782 0.052115 -0.099236 0.993337
1451.899456 441.059449 -50.225696 -0.751180 -0.028449 0.052228 -0.099313 0.993277
1451.999291 441.178094 -50.240714 -0.757201 -0.029514 0.051158 -0.098810 0.993352
1452.099123 441.306954 -50.253733 -0.762224 -0.029349 0.050074 -0.098944 0.993399
1452.199757 441.437939 -50.274589 -0.765477 -0.028601 0.050453 -0.098619 0.993434
1452.299606 441.555112 -50.298074 -0.769276 -0.028064 0.050341 -0.098836 0.993433
1452.399433 441.666790 -50.317535 -0.771788 -0.026770 0.048248 -0.099235 0.993533
1452.499266 441.781544 -50.335298 -0.773566 -0.025907 0.048395 -0.100219 0.993450
1452.599510 441.904119 -50.351288 -0.773192 -0.027241 0.051749 -0.101194 0.993146
1452.699353 442.024288 -50.369224 -0.773434 -0.027267 0.052883 -0.101673 0.993037
1452.799187 442.140726 -50.391156 -0.775541 -0.026661 0.051962 -0.101913 0.993078
1452.899822 442.265583 -50.414093 -0.789124 -0.025681 0.051929 -0.101645 0.993132
1452.999651 442.390572 -50.431515 -0.797043 -0.027101 0.052019 -0.101290 0.993126
1453.099491 442.524874 -50.449181 -0.804769 -0.029645 0.051834 -0.101033 0.993089
1453.199318 442.660389 -50.466302 -0.810061 -0.031445 0.051027 -0.100732 0.993107
1453.299164 442.799604 -50.490680 -0.808686 -0.031379 0.050930 -0.100639 0.993123
1453.399814 442.936075 -50.519280 -0.809487 -0.028336 0.050388 -0.100270 0.993279
1453.499647 443.064821 -50.550933 -0.812905 -0.029056 0.049183 -0.100297 0.993316
1453.599493 443.204762 -50.579787 -0.819101 -0.029312 0.048224 -0.100624 0.993323
1453.699337 443.338399 -50.598819 -0.824183 -0.028394 0.047511 -0.100934 0.993352
1453.799178 443.461327 -50.616115 -0.828287 -0.027464 0.047669 -0.100921 0.993372
1453.899815 443.583216 -50.636779 -0.838061 -0.027827 0.050332 -0.101210 0.993201
1453.999657 443.709215 -50.663361 -0.848468 -0.029659 0.054570 -0.101359 0.992909
1454.099515 443.835115 -50.689190 -0.856166 -0.029028 0.054181 -0.101534 0.992931
1454.199345 443.955543 -50.714258 -0.855614 -0.028557 0.048291 -0.101405 0.993262
1454.299185 444.081542 -50.739479 -0.856034 -0.026756 0.043883 -0.100938 0.993564
1454.399807 444.222993 -50.763562 -0.854629 -0.023660 0.046967 -0.100744 0.993521
1454.499647 444.365672 -50.791959 -0.854682 -0.025035 0.050452 -0.100202 0.993372
1454.599489 444.506720 -50.821482 -0.856051 -0.026376 0.052681 -0.099836 0.993258
1454.699334 444.649998 -50.848895 -0.863199 -0.031477 0.053996 -0.099488 0.993074
1454.799173 444.795303 -50.876632 -0.869914 -0.032908 0.055767 -0.099414 0.992937
1454.899813 444.942863 -50.905488 -0.870799 -0.030403 0.053488 -0.099087 0.993175
1454.999641 445.086227 -50.932670 -0.866183 -0.028962 0.051841 -0.099426 0.993271
1455.099470 445.220102 -50.958716 -0.870949 -0.029902 0.050716 -0.099413 0.993303
1455.199303 445.347125 -50.981757 -0.878401 -0.033620 0.050015 -0.098996 0.993261
1455.299145 445.477527 -51.005006 -0.894096 -0.039945 0.048931 -0.098656 0.993115
1455.399786 445.616543 -51.026552 -0.902962 -0.044051 0.049758 -0.098829 0.992883
1455.499618 445.751220 -51.044076 -0.904463 -0.043348 0.050809 -0.099398 0.992804
1455.599470 445.887423 -51.061710 -0.901518 -0.040916 0.050000 -0.099690 0.992919
1455.699313 446.012622 -51.077381 -0.904408 -0.037999 0.047701 -0.099904 0.993126
1455.799156 446.143628 -51.092127 -0.912164 -0.036108 0.044943 -0.100149 0.993301
1455.899775 446.285034 -51.105871 -0.921953 -0.035585 0.044260 -0.100493 0.993316
1455.999618 446.426265 -51.117105 -0.924963 -0.036303 0.045208 -0.100808 0.993215
1456.099456 446.559265 -51.123889 -0.926713 -0.035799 0.044951 -0.100699 0.993256
1456.199289 446.698616 -51.129983 -0.926456 -0.037671 0.044697 -0.100499 0.993218
1456.299130 446.836649 -51.134367 -0.925230 -0.038379 0.045990 -0.100316 0.993151
1456.399772 446.972575 -51.139411 -0.929622 -0.037670 0.048342 -0.100189 0.993079
1456.499613 447.110151 -51.149143 -0.933147 -0.036362 0.049529 -0.099369 0.993152
1456.599450 447.248872 -51.154437 -0.934868 -0.037898 0.049693 -0.098645 0.993158
1456.699293 447.375141 -51.151151 -0.938952 -0.038054 0.047069 -0.098145 0.993330
1456.799122 447.503437 -51.152407 -0.945546 -0.036303 0.043730 -0.097726 0.993589
1456.899768 447.635463 -51.156320 -0.946908 -0.031834 0.041757 -0.097627 0.993837
1456.999617 447.768241 -51.158330 -0.946367 -0.027280 0.041899 -0.098131 0.993917
1457.099453 447.907844 -51.159746 -0.948466 -0.027747 0.044033 -0.099521 0.993673
1457.199298 448.051650 -51.160613 -0.955592 -0.029009 0.045347 -0.100724 0.993457
1457.299146 448.197551 -51.161824 -0.958029 -0.028312 0.043023 -0.101416 0.993510
1457.399773 448.337207 -51.163137 -0.955625 -0.027788 0.040847 -0.101863 0.993571
1457.499612 448.480962 -51.170407 -0.957846 -0.026567 0.043732 -0.101644 0.993504
1457.599457 448.616291 -51.177368 -0.962465 -0.025299 0.046000 -0.101083 0.993492
1457.699287 448.750420 -51.184071 -0.969510 -0.025172 0.047397 -0.100750 0.993463
1457.799117 448.882739 -51.190313 -0.976672 -0.026634 0.047003 -0.101143 0.993404
1457.899758 449.010480 -51.194451 -0.974341 -0.027711 0.042092 -0.100829 0.993627
1457.999593 449.139143 -51.199777 -0.972977 -0.029096 0.037606 -0.100286 0.993822
1458.099425 449.256089 -51.206216 -0.972543 -0.031363 0.038852 -0.100017 0.993732
1458.199260 449.371876 -51.212416 -0.973532 -0.031333 0.039304 -0.100201 0.993697
1458.299509 449.490846 -51.218914 -0.982278 -0.029117 0.041411 -0.101152 0.993582
1458.399343 449.617646 -51.229139 -0.990913 -0.027638 0.040869 -0.102228 0.993537
1458.499191 449.745086 -51.239237 -0.992341 -0.027485 0.040447 -0.102799 0.993499
1458.599822 449.863430 -51.247511 -0.989815 -0.026205 0.040463 -0.103000 0.993512
1458.699663 449.979597 -51.256887 -0.990386 -0.026335 0.039371 -0.102601 0.993594
1458.799510 450.096422 -51.268661 -0.998367 -0.030649 0.041809 -0.102637 0.993367
1458.899353 450.209370 -51.281460 -1.006312 -0.033394 0.045024 -0.102519 0.993150
1458.999212 450.318391 -51.286340 -1.006271 -0.032147 0.044361 -0.102245 0.993249
1459.099445 450.429269 -51.291265 -1.003096 -0.029682 0.041292 -0.101859 0.993498
1459.199280 450.541019 -51.301551 -1.003260 -0.027676 0.039092 -0.101248 0.993708
1459.299115 450.653340 -51.315950 -1.009091 -0.027447 0.038907 -0.101133 0.993733
1459.399746 450.768187 -51.329067 -1.018484 -0.028846 0.041484 -0.101279 0.993574
1459.499590 450.878129 -51.338960 -1.025503 -0.030906 0.041721 -0.101286 0.993502
1459.599433 450.980804 -51.349470 -1.030656 -0.031078 0.041443 -0.101254 0.993511
1459.699275 451.094209 -51.358435 -1.033963 -0.029535 0.040648 -0.101272 0.993589
1459.799523 451.202171 -51.368893 -1.038506 -0.030944 0.041380 -0.101794 0.993463
1459.899369 451.303934 -51.378546 -1.045708 -0.032793 0.044579 -0.102458 0.993197
1459.999211 451.402626 -51.387656 -1.051262 -0.031448 0.046811 -0.102397 0.993144
1460.099451 451.504078 -51.396599 -1.056249 -0.033074 0.046449 -0.101937 0.993155
1460.199296 451.612707 -51.403374 -1.054546 -0.034420 0.045672 -0.101816 0.993158
1460.299134 451.715540 -51.413233 -1.051431 -0.034702 0.043525 -0.101389 0.993288
1460.399781 451.819196 -51.423120 -1.049055 -0.032710 0.041250 -0.100800 0.993513
1460.499615 451.931181 -51.434920 -1.050946 -0.030805 0.041337 -0.100721 0.993578
1460.599462 452.040549 -51.449070 -1.049082 -0.029319 0.040475 -0.100612 0.993670
1460.699299 452.150622 -51.462833 -1.054558 -0.028772 0.039925 -0.100645 0.993705
1460.799142 452.258654 -51.473987 -1.057250 -0.028660 0.040583 -0.100644 0.993681
1460.899778 452.359121 -51.477807 -1.056886 -0.029922 0.040953 -0.100367 0.993657
1460.999622 452.452197 -51.479046 -1.055688 -0.033496 0.039745 -0.100815 0.993546
1461.099490 452.546636 -51.487152 -1.057395 -0.033535 0.039478 -0.101498 0.993486
1461.199326 452.643959 -51.502941 -1.059865 -0.029838 0.040149 -0.102108 0.993515
1461.299163 452.736668 -51.515040 -1.060913 -0.028063 0.040091 -0.102776 0.993500
1461.399802 452.825001 -51.523707 -1.061665 -0.026979 0.041185 -0.103298 0.993431
1461.499645 452.913023 -51.530566 -1.065385 -0.027680 0.041891 -0.103399 0.993372
1461.599483 453.001959 -51.538273 -1.069381 -0.027969 0.042762 -0.103174 0.993350
1461.699327 453.096279 -51.548237 -1.074897 -0.028479 0.042105 -0.102971 0.993385
1461.799164 453.194034 -51.557329 -1.076747 -0.029444 0.041349 -0.102922 0.993393
1461.899803 453.284540 -51.568292 -1.077220 -0.030351 0.041245 -0.102881 0.993375
1461.999639 453.372573 -51.576761 -1.072715 -0.030779 0.043797 -0.102800 0.993261
1462.099463 453.466459 -51.587849 -1.071939 -0.031136 0.045473 -0.102692 0.993185
1462.199298 453.562285 -51.602170 -1.068511 -0.030364 0.047971 -0.102419 0.993120
1462.299139 453.655642 -51.614697 -1.069604 -0.029491 0.048106 -0.102418 0.993140
1462.399773 453.748051 -51.623741 -1.075079 -0.030022 0.044588 -0.102140 0.993317
1462.499609 453.834004 -51.634128 -1.080310 -0.031645 0.041703 -0.102103 0.993395
1462.599451 453.923351 -51.644656 -1.085702 -0.033236 0.041487 -0.102071 0.993356
1462.699292 454.018886 -51.659073 -1.086062 -0.032260 0.043675 -0.101968 0.993305
1462.799148 454.116165 -51.673626 -1.078694 -0.029981 0.045795 -0.101931 0.993285
1462.899794 454.217303 -51.681997 -1.085987 -0.029306 0.046543 -0.102367 0.993225
1462.999641 454.322902 -51.691945 -1.096916 -0.028869 0.047628 -0.102085 0.993215
1463.099489 454.429196 -51.706337 -1.107010 -0.028584 0.048379 -0.102029 0.993193
1463.199345 454.524534 -51.720245 -1.116289 -0.028677 0.050143 -0.102033 0.993103
1463.299191 454.620280 -51.737884 -1.124417 -0.028908 0.053315 -0.101944 0.992940
1463.399814 454.712412 -51.753175 -1.130657 -0.028629 0.054567 -0.101787 0.992896
1463.499649 454.809807 -51.766319 -1.130728 -0.028954 0.053474 -0.101751 0.992950
1463.599506 454.907830 -51.780443 -1.128468 -0.028618 0.052402 -0.101467 0.993046
1463.699339 455.014542 -51.794752 -1.137393 -0.027810 0.054993 -0.101665 0.992908
1463.799182 455.123820 -51.811570 -1.150698 -0.027426 0.056974 -0.101652 0.992809
1463.899814 455.241291 -51.831772 -1.159103 -0.027670 0.057285 -0.101186 0.992831
1463.999650 455.351761 -51.851652 -1.164416 -0.028789 0.055648 -0.100806 0.992931
1464.099496 455.457991 -51.870109 -1.171513 -0.030239 0.052926 -0.100691 0.993049
1464.199338 455.564084 -51.889418 -1.172045 -0.030025 0.048423 -0.100493 0.993305
1464.299193 455.664992 -51.906413 -1.167804 -0.028543 0.046527 -0.100716 0.993417
1464.399834 455.772505 -51.923086 -1.167007 -0.028245 0.047297 -0.100900 0.993370
1464.499684 455.882818 -51.943054 -1.178459 -0.029586 0.048184 -0.101369 0.993241
1464.599530 455.999828 -51.964445 -1.196227 -0.030727 0.047623 -0.102055 0.993163
1464.699384 456.119082 -51.989182 -1.213156 -0.029122 0.047209 -0.101995 0.993237
1464.799223 456.235419 -52.014563 -1.222603 -0.029259 0.048728 -0.101821 0.993178
1464.899460 456.353716 -52.035571 -1.229576 -0.029591 0.051130 -0.101784 0.993051
1464.999280 456.468750 -52.054485 -1.234884 -0.028960 0.053474 -0.101653 0.992960
1465.099113 456.588221 -52.075972 -1.244112 -0.028259 0.053649 -0.101819 0.992953
1465.199752 456.716369 -52.099007 -1.257780 -0.027271 0.053047 -0.101805 0.993015
1465.299577 456.840446 -52.121284 -1.271183 -0.029039 0.052429 -0.101911 0.992986
1465.399424 456.966972 -52.143220 -1.282447 -0.029453 0.052060 -0.102343 0.992949
1465.499268 457.083787 -52.165448 -1.288279 -0.029408 0.054138 -0.102676 0.992805
1465.599500 457.207035 -52.192313 -1.293065 -0.032550 0.053899 -0.102658 0.992722
1465.699343 457.331921 -52.214411 -1.298327 -0.037185 0.052731 -0.102642 0.992623
1465.799170 457.456238 -52.235093 -1.308368 -0.036797 0.049709 -0.102445 0.992814
1465.899806 457.584501 -52.254869 -1.322039 -0.034607 0.048259 -0.102378 0.992971
1465.999633 457.707673 -52.273019 -1.334350 -0.033038 0.050015 -0.102606 0.992914
1466.099484 457.834647 -52.292018 -1.334582 -0.031777 0.052504 -0.102953 0.992791
1466.199322 457.951461 -52.312235 -1.336364 -0.031593 0.052207 -0.103331 0.992773
1466.299163 458.062288 -52.332972 -1.344020 -0.033207 0.051153 -0.103439 0.992764
1466.399795 458.196960 -52.356234 -1.355781 -0.033468 0.051773 -0.103736 0.992692
1466.499629 458.335518 -52.374227 -1.367810 -0.035402 0.049475 -0.103657 0.992751
1466.599477 458.471127 -52.389354 -1.381847 -0.037841 0.049345 -0.103281 0.992706
1466.699299 458.608668 -52.400510 -1.399226 -0.041274 0.053066 -0.102933 0.992414
1466.799131 458.751803 -52.414601 -1.413325 -0.041775 0.056027 -0.102857 0.992238
1466.899778 458.902085 -52.432672 -1.422314 -0.039839 0.053717 -0.102831 0.992448
1466.999627 459.043114 -52.451733 -1.425633 -0.038978 0.050948 -0.103040 0.992607
1467.099463 459.180630 -52.466824 -1.433707 -0.035997 0.050184 -0.103603 0.992699
1467.199295 459.309659 -52.475135 -1.443273 -0.033395 0.052290 -0.103890 0.992652
1467.299126 459.440958 -52.481820 -1.457987 -0.032491 0.055260 -0.104186 0.992490
1467.399767 459.596269 -52.487272 -1.469730 -0.035038 0.055354 -0.105003 0.992312
1467.499598 459.749295 -52.493308 -1.469990 -0.037396 0.051884 -0.104726 0.992442
1467.599432 459.900423 -52.500843 -1.465601 -0.040396 0.052648 -0.104755 0.992282
1467.699271 460.039296 -52.511883 -1.469588 -0.042890 0.054540 -0.104238 0.992129
1467.799513 460.180040 -52.515756 -1.481439 -0.042894 0.058914 -0.104314 0.991871
1467.899355 460.318836 -52.514787 -1.496187 -0.037134 0.060449 -0.104353 0.992007
1467.999210 460.461842 -52.515544 -1.505580 -0.030980 0.058020 -0.103899 0.992411
1468.099450 460.611479 -52.517658 -1.508165 -0.026978 0.053030 -0.103514 0.992847
1468.199290 460.762846 -52.518329 -1.506921 -0.026799 0.051947 -0.103345 0.992927
1468.299125 460.911284 -52.520378 -1.511420 -0.028549 0.051564 -0.102975 0.992936
1468.399760 461.065866 -52.528378 -1.517898 -0.028220 0.051266 -0.103412 0.992916
1468.499613 461.217690 -52.534589 -1.518530 -0.024353 0.051088 -0.105134 0.992846
1468.599453 461.375906 -52.543005 -1.522526 -0.023909 0.048293 -0.105662 0.992941
1468.699296 461.539429 -52.552622 -1.526401 -0.023450 0.045917 -0.106272 0.992999
1468.799151 461.707232 -52.562212 -1.532269 -0.028515 0.044646 -0.106723 0.992877
1468.899786 461.861956 -52.571429 -1.531901 -0.029920 0.045340 -0.106581 0.992819
1468.999634 462.007682 -52.581391 -1.530387 -0.027695 0.044697 -0.106114 0.992963
1469.099481 462.167981 -52.594449 -1.535272 -0.028050 0.043090 -0.105986 0.993037
1469.199322 462.314507 -52.605665 -1.540795 -0.029259 0.042905 -0.106159 0.992992
1469.299170 462.451430 -52.618122 -1.547552 -0.032181 0.042099 -0.105587 0.992997
1469.399824 462.579472 -52.628495 -1.548695 -0.031925 0.041457 -0.105298 0.993063
1469.499658 462.708315 -52.640208 -1.552748 -0.029474 0.042682 -0.105431 0.993073
1469.599505 462.841958 -52.651260 -1.561075 -0.029621 0.041955 -0.106260 0.993011
1469.699347 462.978319 -52.663279 -1.563823 -0.028485 0.039392 -0.106646 0.993108
1469.799190 463.118244 -52.673935 -1.563834 -0.027852 0.036881 -0.107172 0.993166
1469.899824 463.260353 -52.688414 -1.559806 -0.026396 0.036707 -0.108360 0.993083
1469.999654 463.395065 -52.702033 -1.563505 -0.027594 0.036694 -0.109903 0.992881
1470.099497 463.537744 -52.717067 -1.571604 -0.026535 0.037615 -0.111553 0.992692
1470.199329 463.668440 -52.734827 -1.577408 -0.024574 0.037242 -0.113676 0.992515
1470.299164 463.788840 -52.754889 -1.581678 -0.024988 0.034033 -0.116802 0.992257
1470.399789 463.907319 -52.771421 -1.582309 -0.029402 0.032389 -0.118568 0.991982
1470.499611 464.008254 -52.787101 -1.578492 -0.028065 0.035593 -0.120438 0.991685
1470.599448 464.117277 -52.805616 -1.577292 -0.027509 0.037525 -0.123040 0.991310
1470.699296 464.238340 -52.826356 -1.575675 -0.024368 0.038782 -0.126450 0.990915
1470.799157 464.364246 -52.849055 -1.584217 -0.024831 0.037538 -0.129550 0.990551
1470.899798 464.482236 -52.869218 -1.586583 -0.026989 0.037404 -0.131035 0.990304
1470.999648 464.588843 -52.889769 -1.582951 -0.027968 0.039292 -0.131291 0.990170
1471.099509 464.689763 -52.907632 -1.580944 -0.027952 0.041128 -0.131175 0.990111
1471.199343 464.787249 -52.926188 -1.585750 -0.028669 0.042371 -0.131060 0.990054
1471.299186 464.888540 -52.946655 -1.589444 -0.028964 0.042057 -0.130655 0.990112
1471.399823 464.987762 -52.966902 -1.591853 -0.029458 0.041351 -0.130387 0.990162
1471.499651 465.090142 -52.988161 -1.595323 -0.031205 0.039603 -0.130211 0.990204
1471.599481 465.198227 -53.013655 -1.598577 -0.031484 0.039302 -0.129859 0.990253
1471.699333 465.313637 -53.040580 -1.604778 -0.031682 0.039499 -0.129656 0.990265
1471.799162 465.416002 -53.063153 -1.605398 -0.031287 0.041659 -0.129774 0.990174
1471.899801 465.507468 -53.081088 -1.605816 -0.031563 0.041827 -0.129606 0.990180
1471.999636 465.599090 -53.098989 -1.605269 -0.032169 0.040967 -0.129564 0.990202
1472.099471 465.687294 -53.113938 -1.606429 -0.031827 0.040637 -0.129930 0.990179
1472.199311 465.775667 -53.131046 -1.607705 -0.030849 0.041641 -0.130160 0.990138
1472.299139 465.866096 -53.151297 -1.611850 -0.030849 0.042809 -0.130485 0.990045
1472.399780 465.956413 -53.172654 -1.613992 -0.030480 0.042728 -0.130740 0.990026
1472.499618 466.064898 -53.196067 -1.614587 -0.030079 0.042523 -0.130639 0.990061
1472.599451 466.172685 -53.219746 -1.617919 -0.030336 0.042867 -0.130443 0.990064
1472.699289 466.278104 -53.243145 -1.621240 -0.030634 0.042867 -0.130121 0.990097
1472.799144 466.381426 -53.265800 -1.622683 -0.030811 0.043138 -0.130018 0.990094
1472.899773 466.483574 -53.286393 -1.624873 -0.030944 0.044164 -0.130228 0.990016
1472.999626 466.583037 -53.306286 -1.623531 -0.031453 0.045005 -0.130583 0.989916
1473.099468 466.675867 -53.325871 -1.624127 -0.031537 0.045552 -0.130832 0.989855
1473.199306 466.766560 -53.343394 -1.625788 -0.030379 0.044293 -0.130999 0.989926
1473.299135 466.849453 -53.361354 -1.626378 -0.029559 0.043061 -0.130611 0.990057
1473.399770 466.932089 -53.379078 -1.626049 -0.031023 0.044344 -0.130378 0.989986
1473.499610 467.023070 -53.394792 -1.627390 -0.034922 0.046204 -0.130855 0.989708
1473.599442 467.121251 -53.411339 -1.631003 -0.036741 0.045726 -0.130828 0.989668
1473.699269 467.219380 -53.429724 -1.635302 -0.035660 0.044924 -0.130534 0.989783
1473.799500 467.308424 -53.446536 -1.637053 -0.034244 0.044510 -0.130349 0.989876
1473.899334 467.401323 -53.465508 -1.643588 -0.035114 0.044434 -0.130276 0.989859
1473.999163 467.493904 -53.483909 -1.652631 -0.035502 0.043997 -0.130304 0.989861
1474.099803 467.577248 -53.495392 -1.651218 -0.033310 0.042880 -0.130676 0.989937
1474.199638 467.662536 -53.505040 -1.645668 -0.033891 0.042754 -0.131095 0.989868
1474.299485 467.754581 -53.512403 -1.642580 -0.037485 0.043348 -0.131512 0.989657
1474.399335 467.835896 -53.519193 -1.642517 -0.040579 0.045841 -0.131888 0.989372
1474.499182 467.929909 -53.529768 -1.649486 -0.043186 0.046760 -0.132046 0.989198
1474.599824 468.032684 -53.541597 -1.656640 -0.042169 0.048560 -0.132100 0.989148
1474.699667 468.139039 -53.551216 -1.660482 -0.039729 0.050167 -0.131893 0.989196
1474.799508 468.235304 -53.556703 -1.660472 -0.037981 0.051473 -0.131546 0.989244
1474.899353 468.333688 -53.560410 -1.659309 -0.034166 0.052374 -0.131392 0.989356
1474.999185 468.435521 -53.564692 -1.663708 -0.031866 0.053335 -0.131526 0.989364
1475.099827 468.551828 -53.570631 -1.667572 -0.029623 0.055661 -0.131461 0.989314
1475.199652 468.665310 -53.578112 -1.670742 -0.029287 0.057956 -0.131526 0.989184
1475.299493 468.772673 -53.586290 -1.672165 -0.029380 0.058423 -0.131358 0.989176
1475.399359 468.881520 -53.598154 -1.677192 -0.028738 0.058708 -0.131173 0.989202
1475.499184 468.989313 -53.607284 -1.679362 -0.028161 0.058838 -0.130598 0.989287
1475.599823 469.103410 -53.620125 -1.681709 -0.026918 0.057711 -0.130314 0.989426
1475.699663 469.222371 -53.630314 -1.686064 -0.028077 0.054868 -0.130169 0.989574
1475.799500 469.340152 -53.637632 -1.688625 -0.029780 0.053495 -0.130687 0.989531
1475.899347 469.459335 -53.645792 -1.692820 -0.030420 0.051397 -0.131244 0.989549
1475.999202 469.567711 -53.659077 -1.693183 -0.029604 0.048716 -0.131674 0.989653
1476.099448 469.683631 -53.676313 -1.694475 -0.028480 0.047121 -0.132168 0.989697
1476.199282 469.794492 -53.694476 -1.694551 -0.025343 0.046918 -0.133408 0.989626
1476.299108 469.907404 -53.711580 -1.696754 -0.024867 0.046636 -0.135147 0.989415
1476.399731 470.034218 -53.729983 -1.698500 -0.023464 0.045609 -0.137217 0.989212
1476.499580 470.164507 -53.749090 -1.699316 -0.025296 0.043751 -0.138720 0.989041
1476.599418 470.294684 -53.771244 -1.701569 -0.027824 0.042340 -0.139455 0.988932
1476.699261 470.417073 -53.791512 -1.703375 -0.029704 0.041521 -0.139460 0.988911
1476.799515 470.535988 -53.810837 -1.703542 -0.029717 0.041284 -0.139466 0.988919
1476.899359 470.646432 -53.830929 -1.706976 -0.029960 0.042642 -0.139346 0.988872
1476.999202 470.746015 -53.851533 -1.708146 -0.029674 0.044590 -0.139486 0.988775
1477.099433 470.847271 -53.873091 -1.714579 -0.030407 0.044510 -0.139480 0.988757
1477.199272 470.938777 -53.892882 -1.716790 -0.031766 0.043925 -0.139522 0.988734
1477.299510 471.042746 -53.915882 -1.716262 -0.031704 0.044661 -0.139306 0.988734
1477.399342 471.153132 -53.936551 -1.714453 -0.030534 0.046542 -0.138780 0.988758
1477.499191 471.273972 -53.959706 -1.714438 -0.030666 0.048372 -0.138832 0.988658
1477.599828 471.396776 -53.986613 -1.718659 -0.032107 0.050024 -0.138998 0.988507
1477.699668 471.515193 -54.010666 -1.721984 -0.030808 0.051850 -0.139522 0.988381
1477.799514 471.624566 -54.033739 -1.725222 -0.028960 0.052076 -0.139813 0.988383
1477.899370 471.737088 -54.059375 -1.729684 -0.029154 0.051423 -0.139554 0.988449
1477.999219 471.858247 -54.086362 -1.733885 -0.030757 0.053238 -0.139039 0.988376
1478.099463 471.977628 -54.111599 -1.728430 -0.031967 0.057623 -0.138834 0.988121
1478.199310 472.099496 -54.137311 -1.726028 -0.032802 0.057061 -0.138630 0.988155
1478.299156 472.225154 -54.161285 -1.732330 -0.030440 0.054066 -0.138446 0.988425
1478.399807 472.351194 -54.194597 -1.737641 -0.028748 0.051139 -0.138220 0.988663
1478.499639 472.479698 -54.219861 -1.737506 -0.031047 0.051300 -0.138203 0.988587
1478.599476 472.602457 -54.243570 -1.738162 -0.032506 0.053046 -0.138371 0.988425
1478.699306 472.718951 -54.263957 -1.734054 -0.034535 0.053281 -0.138555 0.988317
1478.799144 472.832841 -54.283317 -1.731301 -0.035530 0.053024 -0.138944 0.988241
1478.899768 472.953499 -54.309062 -1.738970 -0.035415 0.051859 -0.138705 0.988341
1478.999597 473.086097 -54.333245 -1.743715 -0.038283 0.052145 -0.138294 0.988276
1479.099434 473.227936 -54.354945 -1.745208 -0.040495 0.051861 -0.138111 0.988229
1479.199280 473.364886 -54.373986 -1.745101 -0.039800 0.050826 -0.138054 0.988319
1479.299118 473.505713 -54.393729 -1.752117 -0.036794 0.050377 -0.138110 0.988450
1479.399749 473.639740 -54.416956 -1.752736 -0.039384 0.049833 -0.137920 0.988405
1479.499590 473.765199 -54.428919 -1.750068 -0.042777 0.048503 -0.137891 0.988334
1479.599444 473.894546 -54.442124 -1.752458 -0.043957 0.047696 -0.137527 0.988372
1479.699293 474.019912 -54.453843 -1.757363 -0.039813 0.048631 -0.137643 0.988486
1479.799124 474.152883 -54.464844 -1.767078 -0.033380 0.050706 -0.137794 0.988599
1479.899760 474.294241 -54.478537 -1.778595 -0.029612 0.052494 -0.138040 0.988591
1479.999598 474.441360 -54.491567 -1.778818 -0.028095 0.055190 -0.138235 0.988461
1480.099427 474.581715 -54.506330 -1.777584 -0.028656 0.055119 -0.137784 0.988512
1480.199253 474.714780 -54.520629 -1.771102 -0.029684 0.053692 -0.137298 0.988628
1480.299494 474.846145 -54.534694 -1.776513 -0.028586 0.052705 -0.136852 0.988775
1480.399338 474.981732 -54.552957 -1.787772 -0.031601 0.050985 -0.137137 0.988734
1480.499188 475.119605 -54.572204 -1.796154 -0.033169 0.050153 -0.137600 0.988661
1480.599824 475.255474 -54.583111 -1.797867 -0.034182 0.049878 -0.138245 0.988550
1480.699664 475.392188 -54.591567 -1.795271 -0.034909 0.050290 -0.138463 0.988474
1480.799504 475.533232 -54.604303 -1.796689 -0.035321 0.049901 -0.138141 0.988524
1480.899363 475.679700 -54.622386 -1.799862 -0.035231 0.051259 -0.137709 0.988518
1480.999202 475.824278 -54.642027 -1.800692 -0.033002 0.049840 -0.137007 0.988765
1481.099455 475.962202 -54.661600 -1.804567 -0.034400 0.047614 -0.136256 0.988931
1481.199290 476.100050 -54.679044 -1.812086 -0.034658 0.047547 -0.135600 0.989015
1481.299136 476.248143 -54.691875 -1.819201 -0.040030 0.045451 -0.136105 0.988841
1481.399780 476.396780 -54.700529 -1.829125 -0.042137 0.045021 -0.137120 0.988633
1481.499625 476.543145 -54.713807 -1.831736 -0.040330 0.048576 -0.137837 0.988441
1481.599454 476.689575 -54.730046 -1.829350 -0.037354 0.054215 -0.137918 0.988253
1481.699283 476.834329 -54.740465 -1.834079 -0.035740 0.055745 -0.137998 0.988216
1481.799129 476.975025 -54.749573 -1.842401 -0.036125 0.056298 -0.138063 0.988162
1481.899757 477.117108 -54.756138 -1.847597 -0.038477 0.058874 -0.138438 0.987871
1481.999584 477.268777 -54.766808 -1.848332 -0.037208 0.061411 -0.138558 0.987748
1482.099436 477.424289 -54.780244 -1.849157 -0.034607 0.062892 -0.138523 0.987754
1482.199277 477.567153 -54.785871 -1.854167 -0.029584 0.063441 -0.139010 0.987814
1482.299113 477.710972 -54.789366 -1.862509 -0.027803 0.061575 -0.138827 0.988009
1482.399743 477.853381 -54.799530 -1.870524 -0.027038 0.060979 -0.138730 0.988081
1482.499584 478.013069 -54.810686 -1.872157 -0.028923 0.061398 -0.139069 0.987954
1482.599423 478.182652 -54.824844 -1.872751 -0.028609 0.063529 -0.138904 0.987852
1482.699280 478.359793 -54.845814 -1.876754 -0.026240 0.064513 -0.138351 0.987931
1482.799121 478.539285 -54.862116 -1.880280 -0.025646 0.062946 -0.138082 0.988086
1482.899758 478.706165 -54.876767 -1.880456 -0.027049 0.058457 -0.137494 0.988406
1482.999616 478.868877 -54.889897 -1.879329 -0.028887 0.058308 -0.137299 0.988390
1483.099446 479.025022 -54.905082 -1.881566 -0.025639 0.061806 -0.137609 0.988224
1483.199288 479.183715 -54.923145 -1.887083 -0.025607 0.062730 -0.138688 0.988016
1483.299129 479.346431 -54.944319 -1.892268 -0.028197 0.061513 -0.139235 0.987945
1483.399766 479.510791 -54.969052 -1.895914 -0.030142 0.060556 -0.139637 0.987890
1483.499616 479.682109 -54.994840 -1.892720 -0.028355 0.060369 -0.140213 0.987872
1483.599462 479.847430 -55.019274 -1.887853 -0.026424 0.060675 -0.140482 0.987869
1483.699294 480.011307 -55.043700 -1.892221 -0.024321 0.062815 -0.140304 0.987815
1483.799136 480.184886 -55.071425 -1.904280 -0.025142 0.063840 -0.139644 0.987822
1483.899781 480.364768 -55.101933 -1.914842 -0.026691 0.065246 -0.139005 0.987779
1483.999624 480.557700 -55.133561 -1.920946 -0.031344 0.063149 -0.138585 0.987838
1484.099473 480.755111 -55.162234 -1.924653 -0.030582 0.061877 -0.138506 0.987954
1484.199320 480.946419 -55.193994 -1.924765 -0.025719 0.061625 -0.138911 0.988051
1484.299158 481.135005 -55.228385 -1.926108 -0.023094 0.061200 -0.139692 0.988032
1484.399790 481.327110 -55.264408 -1.933357 -0.025752 0.060579 -0.139931 0.987971
1484.499631 481.509961 -55.302902 -1.934729 -0.031749 0.059939 -0.139973 0.987829
1484.599470 481.697449 -55.335115 -1.934367 -0.036115 0.059332 -0.140322 0.987667
1484.699312 481.881003 -55.363337 -1.937440 -0.037422 0.056745 -0.140682 0.987719
1484.799149 482.063955 -55.392713 -1.945201 -0.036416 0.055552 -0.140614 0.987834
1484.899788 482.250008 -55.426885 -1.958212 -0.033962 0.057691 -0.139944 0.987894
1484.999626 482.426487 -55.461103 -1.961544 -0.034114 0.061688 -0.140492 0.987569
1485.099464 482.598456 -55.492180 -1.955501 -0.035575 0.062407 -0.141052 0.987393
1485.199307 482.784309 -55.519824 -1.956485 -0.037334 0.060337 -0.141154 0.987442
1485.299135 482.971943 -55.545485 -1.963971 -0.038157 0.060151 -0.141172 0.987419
1485.399771 483.163443 -55.567150 -1.975115 -0.036476 0.061887 -0.141276 0.987360
1485.499614 483.348313 -55.596372 -1.983521 -0.035609 0.062307 -0.141360 0.987354
1485.599453 483.548339 -55.632953 -1.989698 -0.038124 0.063269 -0.141368 0.987197
1485.699299 483.766033 -55.669411 -1.996772 -0.039667 0.063075 -0.141219 0.987170
1485.799139 483.984565 -55.698015 -1.996454 -0.040674 0.061900 -0.141012 0.987233
1485.899771 484.193964 -55.718098 -1.996480 -0.043000 0.060500 -0.141079 0.987212
1485.999609 484.394457 -55.739549 -2.001937 -0.043035 0.060778 -0.141124 0.987187
1486.099432 484.592476 -55.762039 -2.015129 -0.043608 0.060520 -0.141137 0.987176
1486.199256 484.789604 -55.779344 -2.026638 -0.044413 0.059088 -0.141158 0.987224
1486.299495 484.984919 -55.794756 -2.032094 -0.040946 0.057649 -0.141106 0.987466
1486.399329 485.175995 -55.808499 -2.030588 -0.035197 0.058222 -0.141449 0.987605
1486.499180 485.366488 -55.826780 -2.033839 -0.031152 0.056590 -0.141439 0.987837
1486.599814 485.563124 -55.841624 -2.037726 -0.030707 0.054412 -0.141650 0.987943
1486.699651 485.757903 -55.856775 -2.038648 -0.031453 0.051459 -0.141491 0.988101
1486.799490 485.947576 -55.877458 -2.043832 -0.031268 0.051218 -0.141241 0.988155
1486.899337 486.144201 -55.897258 -2.052493 -0.030587 0.054170 -0.141245 0.988018
1486.999184 486.354001 -55.917332 -2.059658 -0.028851 0.058250 -0.141380 0.987819
1487.099825 486.564372 -55.930757 -2.069915 -0.028419 0.060940 -0.141727 0.987619
1487.199678 486.766879 -55.952312 -2.074586 -0.028077 0.061228 -0.141651 0.987622
1487.299514 486.968789 -55.979760 -2.072102 -0.028610 0.060235 -0.141465 0.987695
1487.399354 487.168623 -56.005511 -2.075455 -0.029481 0.057216 -0.141356 0.987864
1487.499201 487.374861 -56.025630 -2.084159 -0.028601 0.054387 -0.141300 0.988058
1487.599428 487.579554 -56.052046 -2.087750 -0.028678 0.051910 -0.141430 0.988170
1487.699261 487.795166 -56.078905 -2.094257 -0.028603 0.050722 -0.141423 0.988235
1487.799502 488.005870 -56.104457 -2.099454 -0.028655 0.049340 -0.141220 0.988333
1487.899345 488.207295 -56.135636 -2.106386 -0.028490 0.049263 -0.141027 0.988369
1487.999196 488.398986 -56.161287 -2.111847 -0.028908 0.049927 -0.141113 0.988311
1488.099835 488.589287 -56.187125 -2.115050 -0.029804 0.050531 -0.141345 0.988221
1488.199669 488.779116 -56.217656 -2.119651 -0.030001 0.051011 -0.140807 0.988267
1488.299524 488.958362 -56.250863 -2.122897 -0.028890 0.051031 -0.140457 0.988349
1488.399354 489.149943 -56.279676 -2.125586 -0.029094 0.051278 -0.140794 0.988282
1488.499202 489.339092 -56.309068 -2.128647 -0.029514 0.050733 -0.140781 0.988299
1488.599456 489.534345 -56.338109 -2.134666 -0.032118 0.049403 -0.140991 0.988256
1488.699294 489.707665 -56.363724 -2.140980 -0.035364 0.049176 -0.140984 0.988157
1488.799136 489.875075 -56.389213 -2.143969 -0.037788 0.049338 -0.141136 0.988038
1488.899771 490.050332 -56.418846 -2.146376 -0.037749 0.050987 -0.141202 0.987946
1488.999614 490.228621 -56.447216 -2.149583 -0.037631 0.052228 -0.141169 0.987890
1489.099446 490.417251 -56.473886 -2.155302 -0.038340 0.053661 -0.141241 0.987776
1489.199287 490.607018 -56.501325 -2.165335 -0.039772 0.055037 -0.141282 0.987638
1489.299134 490.796352 -56.525650 -2.174780 -0.041856 0.055480 -0.141521 0.987493
1489.399780 490.990396 -56.548827 -2.182755 -0.041529 0.055721 -0.141531 0.987491
1489.499613 491.183289 -56.570467 -2.184869 -0.035439 0.056295 -0.141301 0.987729
1489.599452 491.359774 -56.589631 -2.186715 -0.031336 0.056943 -0.141708 0.987772
1489.699291 491.516623 -56.613607 -2.188892 -0.029952 0.057278 -0.141842 0.987777
1489.799125 491.682970 -56.633866 -2.193721 -0.029392 0.056299 -0.141842 0.987850
1489.899767 491.862477 -56.653433 -2.199036 -0.029268 0.055926 -0.141765 0.987886
1489.999607 492.049719 -56.673711 -2.206884 -0.028915 0.057453 -0.141917 0.987787
1490.099449 492.252824 -56.696936 -2.216364 -0.029149 0.056378 -0.141857 0.987850
1490.199295 492.438477 -56.723554 -2.217008 -0.028837 0.055671 -0.141934 0.987889
1490.299128 492.621443 -56.746268 -2.219106 -0.029098 0.055976 -0.141895 0.987869
1490.399772 492.803745 -56.771443 -2.228872 -0.029890 0.054450 -0.141837 0.987939
1490.499613 492.972006 -56.799706 -2.238724 -0.029566 0.053872 -0.141773 0.987990
1490.599444 493.149125 -56.826758 -2.255497 -0.030805 0.056050 -0.142218 0.987767
1490.699290 493.321367 -56.851709 -2.263714 -0.038011 0.059128 -0.142251 0.987332
1490.799141 493.489211 -56.870379 -2.264466 -0.046042 0.059927 -0.142235 0.986944
1490.899779 493.657859 -56.890769 -2.264826 -0.051421 0.058059 -0.142042 0.986818
1490.999622 493.826894 -56.907029 -2.273161 -0.054924 0.054565 -0.141872 0.986853
1491.099459 494.010188 -56.923169 -2.286332 -0.055532 0.051073 -0.141675 0.987034
1491.199302 494.197956 -56.935278 -2.295809 -0.053617 0.050197 -0.141408 0.987223
1491.299135 494.393465 -56.949467 -2.307082 -0.043531 0.049654 -0.141511 0.987732
1491.399779 494.579944 -56.960162 -2.318798 -0.035368 0.048245 -0.141911 0.988070
1491.499624 494.768688 -56.969054 -2.326750 -0.031714 0.045091 -0.142117 0.988314
1491.599478 494.948929 -56.975870 -2.335839 -0.031460 0.039174 -0.142018 0.988588
1491.699315 495.123893 -56.981080 -2.348214 -0.032690 0.035079 -0.142049 0.988698
1491.799153 495.291021 -56.990176 -2.366459 -0.032585 0.035916 -0.142034 0.988673
1491.899790 495.446955 -57.000585 -2.384041 -0.032438 0.039069 -0.142013 0.988561
1491.999626 495.600283 -57.003546 -2.404574 -0.031535 0.042047 -0.142270 0.988432
1492.099468 495.750702 -57.004142 -2.425995 -0.030715 0.043053 -0.142571 0.988371
1492.199305 495.902424 -57.007805 -2.448621 -0.030204 0.042959 -0.142569 0.988391
1492.299145 496.045312 -57.016828 -2.473984 -0.030869 0.041851 -0.142509 0.988426
1492.399779 496.192019 -57.025177 -2.501110 -0.031649 0.041711 -0.142831 0.988361
1492.499620 496.331888 -57.037250 -2.530062 -0.030786 0.042757 -0.142872 0.988338
1492.599466 496.476984 -57.048252 -2.554328 -0.030923 0.044172 -0.142656 0.988303
1492.699304 496.626793 -57.055956 -2.582196 -0.030383 0.046025 -0.142732 0.988224
1492.799150 496.776251 -57.065253 -2.609987 -0.030783 0.049262 -0.143109 0.988001
1492.899780 496.933605 -57.078601 -2.641316 -0.030113 0.051011 -0.143128 0.987930
1492.999616 497.084410 -57.094551 -2.674530 -0.029665 0.051522 -0.143005 0.987935
1493.099446 497.222385 -57.108456 -2.704793 -0.030205 0.053767 -0.143063 0.987790
1493.199285 497.368875 -57.124032 -2.726522 -0.028797 0.060456 -0.143053 0.987447
1493.299129 497.517009 -57.140445 -2.742306 -0.027956 0.067013 -0.143082 0.987044
1493.399767 497.663441 -57.155169 -2.750961 -0.027844 0.070513 -0.143112 0.986799
1493.499625 497.797509 -57.167919 -2.757937 -0.029617 0.068502 -0.142706 0.986947
1493.599469 497.939566 -57.184478 -2.767916 -0.029808 0.063866 -0.141977 0.987358
1493.699296 498.076093 -57.203539 -2.777462 -0.029214 0.058576 -0.141620 0.987755
1493.799145 498.232570 -57.223399 -2.783242 -0.029012 0.054978 -0.141652 0.987963
1493.899791 498.395775 -57.248724 -2.783791 -0.029966 0.054314 -0.141682 0.987967
1493.999633 498.555498 -57.276645 -2.782939 -0.030689 0.054550 -0.141698 0.987929
1494.099473 498.722266 -57.304135 -2.782880 -0.030169 0.055689 -0.141782 0.987870
1494.199312 498.893332 -57.329268 -2.784493 -0.030460 0.055079 -0.141790 0.987894
1494.299144 499.060200 -57.354880 -2.790858 -0.029476 0.054845 -0.141678 0.987953
1494.399788 499.219102 -57.377892 -2.802472 -0.029786 0.054779 -0.142045 0.987894
1494.499638 499.364782 -57.403721 -2.803663 -0.028951 0.056636 -0.142314 0.987776
1494.599487 499.512264 -57.434965 -2.801779 -0.029828 0.057333 -0.142278 0.987715
1494.699322 499.670457 -57.462090 -2.797061 -0.030520 0.055913 -0.142394 0.987758
1494.799167 499.824138 -57.488659 -2.797323 -0.031507 0.054500 -0.142197 0.987835
1494.899792 499.984930 -57.518578 -2.805646 -0.031325 0.056541 -0.142428 0.987692
1494.999634 500.144308 -57.553243 -2.817021 -0.030086 0.061797 -0.142524 0.987402
1495.099471 500.308863 -57.589524 -2.826939 -0.029643 0.067706 -0.142868 0.986978
1495.199309 500.474597 -57.618674 -2.830813 -0.031127 0.067886 -0.143023 0.986898
1495.299134 500.626597 -57.645142 -2.833445 -0.036611 0.065656 -0.142909 0.986877
1495.399788 500.791834 -57.676646 -2.838859 -0.042094 0.062516 -0.142705 0.986892
1495.499634 500.964754 -57.709484 -2.850234 -0.045457 0.060015 -0.142760 0.986890
1495.599484 501.143494 -57.744716 -2.859342 -0.045399 0.058035 -0.142426 0.987059
1495.699315 501.314001 -57.777583 -2.871602 -0.042410 0.057130 -0.142322 0.987260
1495.799161 501.476752 -57.802940 -2.886158 -0.037155 0.057359 -0.142161 0.987481
1495.899785 501.619106 -57.827931 -2.898866 -0.033509 0.060197 -0.142355 0.987415
1495.999643 501.767284 -57.852577 -2.907249 -0.030590 0.062754 -0.142679 0.987304
1496.099485 501.939825 -57.882315 -2.914498 -0.031520 0.060316 -0.142625 0.987434
1496.199324 502.113020 -57.907652 -2.918918 -0.033153 0.055453 -0.142637 0.987664
1496.299166 502.297998 -57.936991 -2.920953 -0.033279 0.051451 -0.142409 0.987909
1496.399794 502.498722 -57.968542 -2.922592 -0.031698 0.049717 -0.142382 0.988054
1496.499631 502.694302 -58.002234 -2.927767 -0.030378 0.051780 -0.142635 0.987953
1496.599480 502.880838 -58.033487 -2.934158 -0.030830 0.054429 -0.142671 0.987791
1496.699313 503.055324 -58.060754 -2.940236 -0.031510 0.055633 -0.143113 0.987639
1496.799161 503.217713 -58.086514 -2.946930 -0.033456 0.054229 -0.143191 0.987642
1496.899802 503.373389 -58.114198 -2.954405 -0.036901 0.051159 -0.142954 0.987717
1496.999639 503.543622 -58.142838 -2.961027 -0.038529 0.047224 -0.143068 0.987834
1497.099470 503.722172 -58.172518 -2.972013 -0.041652 0.046877 -0.143245 0.987699
1497.199327 503.891134 -58.202375 -2.987072 -0.046358 0.047481 -0.143024 0.987492
1497.299167 504.058396 -58.228936 -2.998620 -0.048053 0.047960 -0.142817 0.987418
1497.399825 504.230247 -58.247794 -3.014510 -0.046519 0.047630 -0.143199 0.987452
1497.499681 504.387478 -58.266445 -3.037054 -0.045087 0.049302 -0.143149 0.987444
1497.599527 504.539243 -58.283798 -3.060487 -0.043000 0.052313 -0.143031 0.987399
1497.699381 504.702896 -58.299219 -3.085586 -0.043559 0.052723 -0.143079 0.987346
1497.799225 504.867516 -58.310006 -3.111493 -0.046005 0.052635 -0.143560 0.987169
1497.899458 505.028424 -58.321485 -3.136489 -0.047898 0.054189 -0.143791 0.986962
1497.999286 505.186105 -58.333947 -3.162751 -0.046612 0.055357 -0.143586 0.986988
1498.099129 505.352424 -58.347841 -3.193396 -0.045647 0.056037 -0.143904 0.986949
1498.199773 505.517760 -58.352897 -3.223608 -0.046157 0.057464 -0.143940 0.986838
1498.299590 505.679256 -58.354788 -3.253870 -0.045682 0.058506 -0.143648 0.986841
1498.399445 505.829624 -58.352607 -3.277846 -0.045435 0.059539 -0.143824 0.986765
1498.499285 505.989567 -58.348953 -3.300859 -0.044712 0.060731 -0.143988 0.986702
1498.599120 506.170396 -58.349854 -3.322385 -0.042351 0.061637 -0.144272 0.986708
1498.699758 506.356094 -58.357179 -3.336408 -0.039839 0.063004 -0.144164 0.986742
1498.799598 506.540553 -58.361520 -3.343688 -0.036329 0.065616 -0.144199 0.986702
1498.899443 506.731743 -58.362309 -3.353912 -0.036189 0.067090 -0.144366 0.986584
1498.999281 506.919822 -58.361543 -3.358699 -0.034230 0.070143 -0.144365 0.986442
1499.099124 507.098403 -58.360397 -3.367838 -0.034154 0.070543 -0.144711 0.986365
1499.199763 507.287866 -58.361725 -3.378643 -0.033994 0.069883 -0.144772 0.986409
1499.299620 507.478014 -58.361366 -3.387702 -0.031996 0.068817 -0.144795 0.986547
1499.399458 507.674081 -58.365755 -3.397185 -0.030897 0.064730 -0.144533 0.986897
1499.499295 507.873396 -58.374389 -3.401419 -0.030978 0.060885 -0.144456 0.987150
1499.599143 508.064853 -58.378296 -3.402618 -0.030790 0.057468 -0.144748 0.987318
1499.699791 508.255778 -58.384781 -3.399876 -0.029767 0.059522 -0.145042 0.987185
1499.799623 508.448162 -58.389551 -3.395785 -0.029089 0.063175 -0.145627 0.986892
1499.899467 508.639911 -58.402950 -3.395659 -0.032889 0.064886 -0.146282 0.986565
1499.999298 508.827294 -58.415673 -3.401294 -0.035901 0.060024 -0.146388 0.986752
1500.099148 508.998855 -58.428382 -3.412872 -0.034490 0.050668 -0.146153 0.987361
1500.199783 509.187076 -58.442017 -3.427253 -0.033853 0.042855 -0.146029 0.987772
1500.299614 509.381676 -58.451416 -3.434919 -0.033007 0.038841 -0.146189 0.987943
1500.399456 509.578940 -58.461191 -3.437571 -0.032660 0.039599 -0.146440 0.987887
1500.499292 509.754559 -58.469563 -3.438203 -0.033916 0.041605 -0.146472 0.987757
1500.599138 509.920611 -58.481164 -3.442166 -0.035748 0.042171 -0.146125 0.987720
1500.699785 510.107379 -58.494660 -3.448676 -0.035960 0.040293 -0.146100 0.987795
1500.799625 510.289400 -58.512799 -3.458931 -0.032855 0.038856 -0.145629 0.988030
1500.899466 510.465635 -58.526639 -3.466636 -0.030446 0.040923 -0.145598 0.988028
1500.999306 510.618022 -58.534778 -3.470731 -0.029693 0.042641 -0.145347 0.988015
1501.099167 510.764316 -58.542369 -3.473422 -0.029977 0.045712 -0.145379 0.987865
1501.199810 510.927808 -58.556991 -3.476058 -0.032466 0.049721 -0.145602 0.987559
1501.299657 511.099868 -58.573472 -3.484500 -0.032516 0.053210 -0.145912 0.987330
1501.399496 511.278266 -58.595437 -3.492602 -0.031572 0.055264 -0.145878 0.987253
1501.499342 511.461777 -58.612229 -3.499847 -0.030902 0.056276 -0.145849 0.987221
1501.599187 511.629475 -58.628107 -3.506880 -0.030408 0.056192 -0.146053 0.987211
1501.699836 511.810291 -58.648564 -3.509537 -0.029690 0.056243 -0.146077 0.987227
1501.799682 511.980244 -58.671616 -3.513793 -0.031914 0.054743 -0.146124 0.987235
1501.899525 512.148708 -58.692320 -3.517931 -0.032372 0.054349 -0.146144 0.987239
1501.999359 512.324484 -58.714341 -3.521434 -0.033431 0.054425 -0.146241 0.987185
1502.099193 512.484078 -58.733378 -3.531531 -0.030355 0.057711 -0.146477 0.987063
1502.199825 512.649824 -58.757996 -3.543708 -0.027990 0.062290 -0.146572 0.986840
1502.299669 512.800528 -58.784409 -3.558232 -0.028467 0.064853 -0.146327 0.986698
1502.399514 512.955098 -58.811794 -3.564669 -0.029090 0.067624 -0.146178 0.986515
1502.499356 513.119252 -58.831495 -3.565106 -0.029381 0.068645 -0.146373 0.986407
1502.599197 513.292184 -58.859119 -3.562587 -0.029312 0.067476 -0.146143 0.986524
1502.699443 513.452251 -58.887605 -3.565532 -0.029575 0.063084 -0.146098 0.986814
1502.799269 513.612304 -58.919412 -3.572522 -0.029832 0.055515 -0.145750 0.987312
1502.899514 513.780136 -58.950224 -3.577526 -0.030496 0.051683 -0.146096 0.987449
1502.999367 513.949668 -58.982289 -3.587581 -0.030214 0.049679 -0.146569 0.987490
1503.099203 514.121721 -59.014100 -3.594595 -0.030368 0.047939 -0.146144 0.987634
1503.199461 514.289330 -59.043640 -3.598130 -0.032252 0.047139 -0.145991 0.987636
1503.299315 514.466358 -59.078794 -3.609993 -0.034132 0.046738 -0.145916 0.987603
1503.399163 514.648888 -59.119557 -3.616751 -0.035166 0.047867 -0.145660 0.987550
1503.499794 514.825753 -59.154777 -3.622050 -0.035100 0.048536 -0.145648 0.987522
1503.599631 514.996390 -59.188870 -3.630341 -0.034082 0.048050 -0.145368 0.987622
1503.699479 515.164213 -59.223073 -3.634056 -0.032230 0.047536 -0.144881 0.987781
1503.799314 515.329539 -59.253210 -3.639175 -0.033299 0.046405 -0.144926 0.987793
1503.899163 515.493296 -59.283185 -3.641726 -0.036161 0.044088 -0.145110 0.987771
1503.999806 515.652218 -59.317875 -3.643868 -0.040229 0.042492 -0.144913 0.987713
1504.099635 515.800081 -59.345228 -3.652058 -0.036987 0.044671 -0.144533 0.987799
1504.199484 515.954295 -59.369355 -3.653707 -0.033795 0.047572 -0.144493 0.987784
1504.299330 516.115649 -59.397930 -3.655938 -0.033516 0.046454 -0.144801 0.987801
1504.399168 516.275501 -59.434005 -3.659463 -0.034804 0.043676 -0.145500 0.987781
1504.499809 516.439123 -59.472119 -3.661739 -0.035902 0.042366 -0.145829 0.987750
1504.599640 516.592871 -59.506239 -3.667465 -0.036188 0.043484 -0.146249 0.987629
1504.699479 516.742037 -59.536861 -3.676248 -0.034572 0.042929 -0.146432 0.987684
1504.799317 516.883188 -59.560553 -3.684415 -0.035573 0.041187 -0.146889 0.987655
1504.899162 517.023934 -59.588005 -3.688531 -0.033352 0.042189 -0.147455 0.987606
1504.999801 517.167249 -59.616712 -3.689048 -0.032262 0.043542 -0.147316 0.987604
1505.099635 517.305205 -59.642838 -3.693635 -0.030885 0.044914 -0.146499 0.987708
1505.199477 517.443768 -59.671178 -3.700521 -0.033702 0.046971 -0.144871 0.987760
1505.299322 517.573856 -59.699359 -3.706585 -0.032444 0.048631 -0.144338 0.987800
1505.399155 517.702342 -59.730360 -3.711417 -0.033236 0.049094 -0.144416 0.987739
1505.499794 517.829391 -59.760411 -3.717976 -0.032879 0.047688 -0.144669 0.987783
1505.599634 517.958903 -59.790736 -3.723029 -0.033862 0.045161 -0.144914 0.987833
1505.699477 518.094911 -59.819507 -3.725083 -0.036660 0.041289 -0.144704 0.987933
1505.799312 518.235064 -59.841631 -3.722858 -0.040888 0.041468 -0.143823 0.987888
1505.899147 518.368274 -59.867482 -3.723961 -0.041712 0.045401 -0.141321 0.988042
1505.999783 518.498856 -59.896668 -3.728210 -0.040466 0.048148 -0.137685 0.988477
1506.099623 518.616922 -59.923128 -3.728903 -0.035881 0.050421 -0.134628 0.988962
1506.199468 518.732487 -59.947494 -3.733995 -0.031587 0.048788 -0.133031 0.989406
1506.299306 518.847221 -59.970324 -3.736325 -0.032769 0.044243 -0.132894 0.989600
1506.399152 518.965808 -59.995101 -3.740741 -0.035641 0.040358 -0.131914 0.989798
1506.499790 519.092640 -60.019948 -3.741019 -0.035804 0.041059 -0.131080 0.989874
1506.599636 519.224096 -60.046731 -3.742643 -0.034902 0.041782 -0.130092 0.990006
1506.699473 519.351120 -60.072319 -3.744596 -0.033225 0.042576 -0.128751 0.990205
1506.799312 519.479114 -60.094753 -3.751390 -0.034512 0.042484 -0.127769 0.990292
1506.899159 519.607949 -60.120220 -3.757413 -0.035702 0.043136 -0.125880 0.990464
1506.999787 519.738403 -60.149878 -3.759724 -0.036595 0.042335 -0.124556 0.990633
1507.099633 519.873038 -60.176571 -3.760073 -0.036269 0.041947 -0.124343 0.990689
1507.199482 519.998617 -60.199241 -3.758049 -0.035666 0.043938 -0.124513 0.990603
1507.299314 520.117742 -60.223791 -3.762743 -0.035448 0.045689 -0.124407 0.990545
1507.399155 520.232182 -60.242534 -3.771079 -0.036048 0.044934 -0.124434 0.990554
1507.499784 520.347235 -60.269603 -3.774914 -0.035995 0.044225 -0.124462 0.990585
1507.599633 520.450346 -60.298407 -3.775234 -0.035365 0.044473 -0.124207 0.990628
1507.699476 520.544749 -60.322890 -3.773323 -0.036586 0.042954 -0.123810 0.990701
1507.799332 520.628010 -60.341192 -3.776303 -0.037042 0.043424 -0.123546 0.990696
1507.899166 520.717657 -60.359651 -3.784087 -0.035080 0.041436 -0.124045 0.990790
1507.999817 520.807814 -60.379255 -3.796014 -0.031759 0.040957 -0.125130 0.990786
1508.099660 520.900387 -60.398036 -3.793568 -0.031212 0.042863 -0.126126 0.990596
1508.199510 521.006049 -60.414551 -3.782538 -0.033271 0.044773 -0.126882 0.990348
1508.299351 521.121191 -60.432812 -3.778063 -0.034525 0.046465 -0.127253 0.990180
1508.399190 521.230678 -60.454013 -3.781988 -0.035550 0.047885 -0.127168 0.990087
1508.499822 521.324134 -60.479566 -3.792708 -0.036585 0.046493 -0.126062 0.990257
1508.599660 521.426464 -60.503102 -3.800245 -0.037536 0.043718 -0.125208 0.990456
1508.699483 521.525510 -60.521517 -3.804981 -0.035947 0.029548 -0.123958 0.991196
1508.799339 521.633446 -60.539936 -3.803296 -0.036102 0.029322 -0.124692 0.991105
1508.899190 521.734387 -60.560847 -3.795755 -0.035296 0.038268 -0.125017 0.990788
1508.999837 521.826000 -60.578137 -3.789565 -0.035592 0.046830 -0.125252 0.990380
1509.099687 521.898756 -60.594131 -3.794221 -0.035089 0.049395 -0.125122 0.990290
1509.199530 521.974829 -60.611523 -3.801719 -0.033770 0.046629 -0.124564 0.990540
1509.299371 522.053036 -60.628014 -3.811261 -0.032417 0.041909 -0.124084 0.990856
1509.399195 522.130958 -60.639899 -3.817821 -0.032791 0.040689 -0.123880 0.990920
1509.499835 522.215176 -60.654090 -3.824670 -0.032826 0.045761 -0.124133 0.990666
1509.599683 522.311947 -60.671449 -3.815374 -0.036029 0.049940 -0.124204 0.990344
1509.699521 522.404074 -60.691505 -3.806938 -0.037216 0.049101 -0.124152 0.990349
1509.799364 522.490911 -60.713257 -3.805911 -0.037648 0.045246 -0.124031 0.990531
1509.899202 522.589949 -60.735235 -3.810856 -0.037141 0.042099 -0.123907 0.990704
1509.999434 522.690117 -60.755169 -3.818864 -0.036098 0.041436 -0.124282 0.990724
1510.099290 522.783815 -60.771118 -3.822603 -0.035447 0.043459 -0.124581 0.990623
1510.199129 522.864961 -60.787445 -3.825646 -0.034859 0.044695 -0.124727 0.990571
1510.299788 522.945725 -60.803755 -3.831362 -0.033851 0.045554 -0.124598 0.990583
1510.399626 523.023322 -60.819553 -3.837943 -0.035265 0.046513 -0.124533 0.990497
1510.499459 523.089680 -60.838663 -3.845120 -0.035495 0.046656 -0.124837 0.990444
1510.599301 523.162867 -60.858726 -3.853247 -0.033631 0.046840 -0.125001 0.990480
1510.699140 523.231868 -60.877431 -3.858259 -0.031946 0.048551 -0.125065 0.990445
1510.799790 523.304400 -60.890921 -3.861112 -0.031735 0.049835 -0.125019 0.990394
1510.899629 523.380844 -60.903844 -3.862844 -0.032518 0.048459 -0.125077 0.990429
1510.999475 523.456328 -60.921632 -3.869159 -0.033775 0.045040 -0.124851 0.990577
1511.099335 523.530030 -60.941715 -3.874398 -0.033899 0.043581 -0.124835 0.990640
1511.199185 523.610266 -60.961867 -3.877901 -0.034386 0.043691 -0.124866 0.990615
1511.299815 523.692062 -60.984070 -3.874666 -0.035184 0.044642 -0.124762 0.990557
1511.399653 523.774218 -61.000473 -3.874552 -0.036095 0.045072 -0.124616 0.990523
1511.499492 523.860012 -61.017903 -3.874601 -0.038146 0.045560 -0.124651 0.990420
1511.599330 523.952747 -61.038583 -3.874804 -0.037665 0.044466 -0.124557 0.990500
1511.699174 524.036773 -61.060661 -3.876657 -0.037837 0.043525 -0.124765 0.990509
1511.799828 524.113626 -61.079925 -3.883126 -0.036722 0.043965 -0.124747 0.990534
1511.899663 524.184144 -61.094916 -3.888668 -0.035478 0.045034 -0.124939 0.990507
1511.999501 524.260973 -61.110626 -3.891570 -0.037204 0.045309 -0.124856 0.990441
1512.099346 524.337741 -61.127553 -3.889542 -0.039650 0.044778 -0.124543 0.990410
1512.199202 524.412036 -61.142341 -3.886961 -0.041745 0.043413 -0.124429 0.990399
1512.299454 524.496794 -61.157768 -3.884287 -0.041511 0.043107 -0.124288 0.990440
1512.399296 524.582443 -61.172033 -3.891190 -0.040221 0.044111 -0.124181 0.990462
1512.499125 524.663348 -61.183424 -3.894781 -0.039064 0.045194 -0.124360 0.990437
1512.599764 524.734321 -61.194204 -3.897637 -0.039752 0.047614 -0.124211 0.990315
1512.699604 524.807227 -61.205651 -3.895500 -0.040382 0.049764 -0.123920 0.990221
1512.799454 524.876839 -61.214592 -3.894998 -0.041262 0.050579 -0.123677 0.990173
1512.899297 524.930501 -61.218985 -3.896551 -0.041899 0.050820 -0.123564 0.990148
1512.999133 524.991188 -61.216984 -3.902639 -0.040758 0.052581 -0.123900 0.990062
1513.099754 525.063079 -61.218712 -3.904463 -0.038049 0.054536 -0.124055 0.990045
1513.199594 525.146098 -61.225382 -3.905099 -0.036021 0.056745 -0.124337 0.989961
1513.299429 525.236202 -61.236010 -3.904355 -0.033914 0.057398 -0.124921 0.989924
1513.399259 525.325285 -61.243142 -3.908908 -0.034001 0.057531 -0.125257 0.989871
1513.499488 525.420347 -61.249791 -3.912995 -0.034878 0.059475 -0.125628 0.989679
1513.599330 525.515149 -61.257729 -3.918182 -0.035182 0.060720 -0.125773 0.989574
1513.699192 525.613612 -61.259129 -3.923275 -0.032958 0.061184 -0.126518 0.989527
1513.799834 525.705059 -61.257914 -3.926332 -0.031062 0.061816 -0.127131 0.989470
1513.899679 525.787643 -61.269166 -3.926261 -0.030634 0.059292 -0.126176 0.989760
1513.999524 525.868945 -61.283693 -3.923745 -0.032346 0.057533 -0.125282 0.989923
1514.099361 525.961434 -61.296327 -3.922259 -0.033758 0.058836 -0.125130 0.989819
1514.199199 526.060768 -61.305382 -3.926939 -0.033587 0.062627 -0.125090 0.989597
1514.299434 526.173430 -61.314023 -3.937130 -0.033886 0.065954 -0.125243 0.989351
1514.399281 526.290142 -61.322283 -3.946252 -0.035681 0.065771 -0.125657 0.989248
1514.499128 526.406724 -61.331907 -3.952713 -0.036118 0.063894 -0.125725 0.989346
1514.599768 526.520899 -61.343034 -3.948451 -0.036706 0.062818 -0.125422 0.989432
1514.699615 526.633200 -61.354450 -3.949464 -0.036872 0.063824 -0.125539 0.989347
1514.799447 526.751618 -61.368294 -3.951501 -0.035082 0.064616 -0.125243 0.989398
1514.899299 526.879414 -61.386788 -3.961890 -0.036077 0.065643 -0.124748 0.989357
1514.999134 527.002251 -61.399279 -3.969839 -0.040772 0.065755 -0.124867 0.989152
1515.099776 527.125499 -61.406360 -3.973541 -0.043290 0.063763 -0.124960 0.989164
1515.199617 527.255163 -61.412112 -3.973382 -0.046775 0.062418 -0.125235 0.989056
1515.299468 527.391010 -61.418139 -3.977620 -0.047688 0.062221 -0.125512 0.988990
1515.399309 527.522838 -61.428128 -3.980564 -0.046847 0.061237 -0.125078 0.989147
1515.499152 527.654278 -61.438079 -3.987375 -0.047441 0.059648 -0.124845 0.989245
1515.599794 527.785568 -61.442378 -3.993837 -0.050223 0.059782 -0.124935 0.989088
1515.699631 527.916051 -61.443823 -3.999632 -0.049806 0.059057 -0.125165 0.989124
1515.799467 528.045957 -61.439495 -4.000595 -0.048958 0.058946 -0.125176 0.989171
1515.899309 528.177624 -61.434445 -4.009172 -0.044399 0.057783 -0.124983 0.989479
1515.999173 528.315164 -61.432295 -4.018853 -0.038782 0.058504 -0.124473 0.989737
1516.099812 528.460451 -61.433231 -4.023962 -0.038365 0.059149 -0.123953 0.989780
1516.199643 528.612010 -61.432665 -4.026344 -0.040902 0.058598 -0.124071 0.989697
1516.299495 528.765333 -61.425155 -4.029076 -0.038598 0.057638 -0.124438 0.989800
1516.399336 528.920223 -61.422815 -4.033060 -0.038985 0.058291 -0.124750 0.989707
1516.499181 529.067944 -61.419049 -4.037981 -0.039864 0.060356 -0.125230 0.989488
1516.599822 529.215709 -61.417956 -4.044405 -0.037537 0.060711 -0.125567 0.989514
1516.699669 529.366629 -61.419510 -4.051584 -0.033170 0.058663 -0.125551 0.989796
1516.799508 529.513726 -61.416729 -4.055976 -0.031867 0.053840 -0.125450 0.990125
1516.899349 529.661904 -61.413284 -4.063146 -0.031065 0.051298 -0.125412 0.990291
1516.999184 529.818170 -61.410669 -4.064172 -0.032543 0.051568 -0.125121 0.990266
1517.099826 529.971469 -61.412025 -4.071703 -0.034768 0.051968 -0.124937 0.990192
1517.199680 530.118175 -61.414550 -4.083239 -0.033976 0.051894 -0.125034 0.990212
1517.299523 530.257804 -61.418132 -4.095988 -0.032140 0.051105 -0.125204 0.990292
1517.399367 530.397395 -61.420975 -4.099278 -0.030850 0.048801 -0.125224 0.990447
1517.499198 530.544520 -61.425602 -4.098690 -0.031528 0.047217 -0.125042 0.990526
1517.599440 530.693307 -61.430725 -4.099095 -0.035730 0.045930 -0.125022 0.990446
1517.699285 530.837636 -61.438403 -4.105636 -0.036202 0.049181 -0.124869 0.990292
1517.799124 530.986770 -61.449184 -4.114549 -0.032032 0.051000 -0.125094 0.990315
1517.899767 531.126454 -61.457477 -4.121395 -0.029358 0.047998 -0.125712 0.990470
1517.999599 531.262494 -61.460068 -4.121382 -0.027998 0.043741 -0.126247 0.990638
1518.099442 531.398388 -61.467927 -4.115866 -0.029712 0.041365 -0.126282 0.990686
1518.199297 531.538909 -61.477124 -4.113707 -0.032473 0.042636 -0.125928 0.990591
1518.299134 531.678119 -61.489459 -4.124409 -0.034415 0.045579 -0.125981 0.990387
1518.399771 531.818619 -61.502473 -4.140289 -0.034794 0.046745 -0.126128 0.990301
1518.499607 531.954685 -61.515964 -4.150488 -0.034263 0.045745 -0.126104 0.990369
1518.599461 532.092611 -61.525404 -4.151686 -0.034007 0.044007 -0.125950 0.990476
1518.699301 532.231467 -61.536764 -4.152384 -0.033207 0.041726 -0.125740 0.990629
1518.799133 532.368790 -61.546292 -4.155808 -0.032407 0.041267 -0.125737 0.990675
1518.899781 532.503411 -61.556027 -4.161204 -0.032605 0.044116 -0.126042 0.990507
1518.999618 532.625444 -61.566821 -4.166622 -0.032456 0.047153 -0.126169 0.990356
1519.099440 532.745987 -61.578258 -4.170106 -0.032650 0.048922 -0.126063 0.990277
1519.199282 532.868873 -61.594164 -4.172706 -0.033424 0.047385 -0.126485 0.990272
1519.299116 532.988140 -61.608646 -4.180212 -0.033015 0.043600 -0.126523 0.990455
1519.399751 533.106348 -61.626415 -4.187197 -0.030515 0.040014 -0.127033 0.990621
1519.499592 533.215453 -61.640780 -4.185404 -0.028841 0.039384 -0.129587 0.990366
1519.599423 533.332957 -61.659420 -4.182205 -0.030180 0.037443 -0.132297 0.990043
1519.699262 533.448086 -61.678282 -4.189297 -0.034681 0.039428 -0.134230 0.989558
1519.799504 533.562528 -61.688690 -4.200265 -0.034978 0.041913 -0.134371 0.989426
1519.899351 533.678250 -61.703177 -4.201244 -0.032722 0.042714 -0.133886 0.989535
1519.999191 533.798446 -61.724536 -4.203094 -0.031367 0.043475 -0.133532 0.989593
1520.099830 533.911980 -61.743170 -4.199329 -0.036016 0.045021 -0.134226 0.989272
1520.199653 534.005111 -61.759541 -4.197219 -0.036239 0.047177 -0.134886 0.989074
1520.299496 534.086469 -61.771509 -4.204120 -0.034824 0.048579 -0.135078 0.989030
1520.399319 534.174126 -61.786962 -4.215589 -0.032419 0.049082 -0.134715 0.989137
1520.499159 534.269244 -61.805637 -4.221357 -0.033170 0.049460 -0.134476 0.989126
1520.599792 534.369342 -61.823776 -4.219182 -0.035108 0.049893 -0.134602 0.989020
1520.699639 534.470769 -61.839897 -4.218068 -0.034336 0.053069 -0.134735 0.988864
1520.799489 534.571363 -61.856407 -4.219804 -0.033942 0.053643 -0.134360 0.988897
1520.899316 534.679259 -61.871678 -4.225623 -0.032349 0.053216 -0.134667 0.988932
1520.999154 534.791147 -61.893021 -4.236138 -0.031305 0.052481 -0.134515 0.989025
1521.099796 534.890694 -61.916993 -4.251786 -0.033388 0.055527 -0.134472 0.988797
1521.199635 534.993972 -61.938312 -4.267059 -0.033838 0.058166 -0.134714 0.988597
1521.299483 535.100303 -61.958078 -4.282722 -0.033499 0.059671 -0.134854 0.988500
1521.399323 535.202031 -61.978281 -4.291758 -0.033199 0.059881 -0.134912 0.988489
1521.499154 535.309737 -62.001387 -4.304110 -0.033166 0.058510 -0.134862 0.988579
1521.599809 535.422750 -62.026078 -4.323140 -0.033578 0.055898 -0.134745 0.988732
1521.699660 535.535296 -62.049555 -4.345793 -0.033679 0.054779 -0.134757 0.988790
1521.799485 535.646530 -62.073292 -4.368842 -0.034368 0.054084 -0.134818 0.988796
1521.899306 535.751908 -62.097505 -4.391302 -0.033783 0.054299 -0.134970 0.988784
1521.999155 535.854939 -62.120468 -4.412459 -0.033171 0.054572 -0.134650 0.988833
1522.099795 535.962162 -62.143674 -4.427496 -0.033215 0.055616 -0.134284 0.988823
1522.199635 536.089294 -62.167843 -4.441372 -0.034403 0.055556 -0.134519 0.988754
1522.299466 536.202248 -62.195308 -4.463932 -0.034540 0.057126 -0.134851 0.988615
1522.399300 536.316469 -62.221543 -4.487942 -0.034342 0.058381 -0.135087 0.988516
1522.499137 536.428008 -62.248691 -4.506769 -0.034920 0.059477 -0.135060 0.988434
1522.599767 536.547750 -62.277291 -4.514985 -0.033802 0.060952 -0.135548 0.988316
1522.699608 536.668276 -62.311090 -4.520764 -0.030377 0.059341 -0.135551 0.988525
1522.799450 536.785563 -62.342882 -4.525639 -0.031019 0.055324 -0.135407 0.988758
1522.899289 536.905009 -62.368344 -4.533495 -0.033497 0.053857 -0.134299 0.988909
1522.999139 537.022307 -62.389701 -4.542162 -0.034600 0.056040 -0.132410 0.989004
1523.099779 537.138909 -62.412258 -4.547286 -0.034145 0.058087 -0.131895 0.988971
1523.199634 537.258606 -62.443703 -4.544064 -0.035021 0.058454 -0.131801 0.988931
1523.299474 537.369784 -62.479353 -4.537849 -0.035795 0.054965 -0.131605 0.989130
1523.399321 537.500684 -62.512551 -4.536318 -0.035345 0.051281 -0.131770 0.989322
1523.499157 537.635559 -62.541550 -4.540031 -0.035366 0.050067 -0.131961 0.989358
1523.599811 537.775680 -62.574355 -4.547475 -0.034365 0.051520 -0.131908 0.989326
1523.699658 537.905345 -62.606104 -4.554986 -0.033038 0.054065 -0.131830 0.989245
1523.799476 538.029680 -62.637666 -4.557840 -0.033070 0.056574 -0.131948 0.989088
1523.899316 538.162600 -62.667646 -4.557707 -0.034055 0.057772 -0.131992 0.988980
1523.999153 538.282758 -62.697493 -4.559159 -0.033959 0.057572 -0.131856 0.989013
1524.099769 538.400717 -62.727641 -4.561362 -0.034962 0.058083 -0.131699 0.988969
1524.199613 538.522522 -62.760412 -4.569906 -0.037814 0.056121 -0.131125 0.989054
1524.299460 538.650581 -62.795263 -4.582529 -0.040112 0.054467 -0.131185 0.989047
1524.399311 538.769211 -62.832244 -4.594524 -0.039528 0.052621 -0.131645 0.989110
1524.499157 538.888799 -62.862167 -4.601325 -0.040100 0.051461 -0.132279 0.989063
1524.599787 539.022558 -62.886781 -4.592359 -0.039523 0.052193 -0.133177 0.988928
1524.699614 539.163425 -62.912649 -4.581842 -0.040274 0.052870 -0.133216 0.988856
1524.799461 539.307374 -62.938024 -4.585768 -0.043836 0.055579 -0.133301 0.988544
1524.899300 539.445626 -62.968314 -4.598682 -0.046988 0.059567 -0.132862 0.988226
1524.999131 539.574651 -62.997968 -4.611693 -0.047991 0.059466 -0.132082 0.988289
1525.099764 539.712336 -63.025050 -4.617142 -0.047814 0.057474 -0.131124 0.988543
1525.199611 539.848701 -63.041970 -4.609369 -0.047177 0.057645 -0.130806 0.988606
1525.299453 539.985366 -63.053130 -4.605313 -0.042243 0.057097 -0.131375 0.988785
1525.399290 540.119956 -63.071611 -4.604661 -0.035446 0.055210 -0.132001 0.989076
1525.499125 540.251523 -63.090119 -4.606765 -0.032051 0.052495 -0.132939 0.989214
1525.599746 540.380707 -63.109061 -4.614172 -0.035776 0.050448 -0.133519 0.989115
1525.699576 540.511564 -63.129064 -4.621861 -0.042763 0.051023 -0.133855 0.988762
1525.799399 540.640590 -63.142857 -4.626254 -0.043835 0.051283 -0.133232 0.988786
1525.899241 540.776409 -63.152747 -4.629244 -0.046298 0.051596 -0.132874 0.988706
1525.999482 540.920473 -63.162767 -4.636427 -0.046964 0.052195 -0.132418 0.988704
1526.099323 541.064776 -63.174483 -4.643048 -0.045067 0.053402 -0.131967 0.988788
1526.199166 541.209994 -63.184102 -4.645800 -0.044211 0.054541 -0.131816 0.988785
1526.299813 541.345968 -63.194854 -4.646476 -0.042707 0.054443 -0.131980 0.988834
1526.399644 541.476407 -63.206878 -4.646443 -0.041014 0.052660 -0.132168 0.988977
1526.499480 541.600712 -63.216155 -4.646880 -0.042129 0.051540 -0.132804 0.988904
1526.599324 541.729863 -63.220760 -4.652770 -0.040354 0.050798 -0.132903 0.989003
1526.699160 541.869478 -63.224111 -4.666218 -0.037006 0.051063 -0.132937 0.989116
1526.799799 542.015397 -63.232473 -4.675370 -0.033953 0.051385 -0.132823 0.989224
1526.899632 542.157782 -63.240730 -4.677805 -0.033990 0.050563 -0.132570 0.989299
1526.999463 542.301237 -63.247383 -4.678143 -0.035334 0.048509 -0.132636 0.989346
1527.099303 542.443928 -63.253113 -4.680794 -0.035498 0.046799 -0.132655 0.989420
1527.199146 542.581708 -63.262711 -4.686190 -0.033548 0.048221 -0.132360 0.989459
1527.299784 542.709732 -63.273199 -4.692984 -0.031302 0.048242 -0.132033 0.989576
1527.399641 542.830129 -63.282551 -4.700625 -0.029234 0.046593 -0.131795 0.989750
1527.499487 542.949914 -63.290161 -4.703112 -0.031070 0.048913 -0.131677 0.989598
1527.599342 543.079659 -63.301079 -4.706198 -0.032800 0.050666 -0.131833 0.989433
1527.699188 543.209960 -63.311544 -4.710045 -0.033568 0.053336 -0.132307 0.989203
1527.799825 543.344118 -63.322514 -4.717830 -0.031821 0.055654 -0.132921 0.989051
1527.899666 543.478018 -63.338756 -4.717975 -0.031853 0.056106 -0.133030 0.989010
1527.999498 543.614405 -63.351789 -4.719795 -0.034538 0.054948 -0.133093 0.988976
1528.099337 543.752674 -63.363915 -4.726747 -0.035541 0.053145 -0.132825 0.989075
1528.199164 543.893216 -63.377076 -4.730155 -0.035339 0.053418 -0.132644 0.989092
1528.299795 544.033943 -63.398104 -4.735923 -0.035236 0.055592 -0.132673 0.988972
1528.399643 544.166538 -63.418870 -4.745638 -0.034443 0.058664 -0.132842 0.988800
1528.499486 544.297992 -63.434718 -4.749659 -0.036243 0.060408 -0.133140 0.988590
1528.599320 544.425780 -63.446422 -4.749572 -0.040630 0.059476 -0.133217 0.988466
1528.699152 544.555901 -63.460854 -4.754259 -0.045304 0.057271 -0.132795 0.988450
1528.799791 544.694996 -63.475338 -4.760822 -0.050968 0.056638 -0.132369 0.988268
1528.899638 544.834927 -63.486549 -4.770020 -0.053118 0.056564 -0.132173 0.988185
1528.999485 544.972893 -63.496550 -4.775043 -0.051898 0.059081 -0.132134 0.988108
1529.099326 545.112548 -63.508519 -4.776996 -0.047823 0.062477 -0.132441 0.988063
1529.199171 545.257100 -63.518381 -4.781983 -0.045123 0.064744 -0.132628 0.988019
1529.299802 545.399989 -63.525253 -4.788600 -0.042971 0.064866 -0.132555 0.988117
1529.399641 545.545557 -63.525820 -4.797346 -0.040889 0.065669 -0.132830 0.988115
1529.499488 545.684916 -63.525340 -4.811924 -0.035696 0.067242 -0.133129 0.988171
1529.599317 545.832988 -63.529370 -4.813675 -0.031781 0.068722 -0.133254 0.988185
1529.699167 545.983506 -63.534140 -4.812532 -0.031981 0.069049 -0.133840 0.988077
1529.799802 546.138664 -63.543311 -4.812169 -0.033542 0.068812 -0.134080 0.988009
1529.899655 546.299771 -63.552769 -4.818735 -0.035518 0.069369 -0.133938 0.987921
1529.999491 546.471087 -63.564089 -4.827495 -0.036133 0.071235 -0.133751 0.987791
1530.099328 546.641358 -63.574519 -4.837352 -0.035541 0.073059 -0.133165 0.987758
1530.199173 546.803337 -63.582584 -4.843321 -0.033921 0.073303 -0.132718 0.987857
1530.299811 546.964559 -63.593078 -4.846924 -0.037226 0.073682 -0.132466 0.987744
1530.399647 547.133688 -63.606286 -4.850051 -0.037049 0.073740 -0.132618 0.987726
1530.499479 547.308124 -63.623441 -4.861514 -0.034007 0.071887 -0.132308 0.988013
1530.599338 547.483102 -63.639552 -4.875589 -0.032790 0.070966 -0.132635 0.988077
1530.699174 547.660989 -63.654417 -4.883856 -0.035360 0.071073 -0.133164 0.987910
1530.799812 547.844197 -63.670577 -4.886052 -0.037376 0.069647 -0.133826 0.987848
1530.899647 548.030274 -63.686761 -4.879855 -0.038286 0.071717 -0.134180 0.987617
1530.999482 548.213028 -63.705732 -4.873578 -0.036536 0.074105 -0.134393 0.987478
1531.099331 548.404070 -63.722488 -4.876524 -0.034501 0.072689 -0.134845 0.987595
1531.199168 548.597185 -63.741292 -4.897201 -0.033786 0.067691 -0.134968 0.987958
1531.299802 548.802142 -63.767075 -4.913994 -0.034699 0.068311 -0.134643 0.987928
1531.399635 548.999786 -63.793853 -4.927135 -0.035730 0.070054 -0.134444 0.987796
1531.499469 549.196777 -63.819328 -4.934776 -0.038115 0.071816 -0.134160 0.987619
1531.599319 549.398462 -63.838421 -4.936720 -0.038491 0.072312 -0.134211 0.987561
1531.699162 549.593537 -63.853843 -4.937345 -0.039017 0.073424 -0.134351 0.987439
1531.799797 549.786713 -63.871302 -4.943623 -0.039691 0.073480 -0.133992 0.987457
1531.899632 549.980465 -63.896045 -4.949534 -0.040205 0.074225 -0.133659 0.987426
1531.999490 550.186411 -63.923092 -4.950665 -0.040268 0.075038 -0.133510 0.987382
1532.099311 550.401595 -63.950754 -4.957691 -0.040986 0.073932 -0.133371 0.987455
1532.199151 550.622524 -63.976026 -4.968629 -0.039444 0.071092 -0.133502 0.987708
1532.299777 550.848534 -63.997121 -4.980714 -0.040591 0.068682 -0.133060 0.987892
1532.399625 551.075781 -64.016468 -4.984528 -0.041291 0.067759 -0.133220 0.987905
1532.499454 551.314299 -64.042098 -4.991676 -0.037746 0.070193 -0.133240 0.987874
1532.599284 551.552798 -64.069805 -4.997750 -0.036460 0.071981 -0.133737 0.987727
1532.699127 551.790399 -64.099023 -5.004007 -0.037045 0.071594 -0.133414 0.987777
1532.799765 552.017309 -64.121403 -5.011947 -0.037027 0.068187 -0.133556 0.987999
1532.899600 552.248720 -64.142770 -5.019431 -0.037122 0.064930 -0.133818 0.988180
1532.999448 552.479073 -64.165858 -5.030149 -0.037743 0.063212 -0.133913 0.988255
1533.099281 552.694371 -64.194111 -5.041693 -0.036970 0.064564 -0.133918 0.988196
1533.199103 552.907146 -64.217691 -5.046592 -0.035119 0.065618 -0.133884 0.988198
1533.299746 553.111874 -64.238763 -5.051466 -0.033655 0.064290 -0.133794 0.988349
1533.399584 553.319934 -64.260955 -5.061415 -0.034941 0.063899 -0.133632 0.988351
1533.499431 553.537900 -64.286443 -5.082638 -0.036208 0.061109 -0.133707 0.988472
1533.599275 553.756929 -64.313064 -5.104760 -0.036631 0.055513 -0.133423 0.988825
1533.699508 553.978662 -64.338948 -5.122301 -0.036441 0.050149 -0.133472 0.989112
1533.799345 554.205141 -64.367547 -5.132996 -0.035677 0.047272 -0.133461 0.989283
1533.899190 554.418928 -64.393829 -5.139794 -0.035757 0.044662 -0.133555 0.989389
1533.999819 554.626813 -64.417845 -5.146594 -0.035525 0.042133 -0.133938 0.989456
1534.099654 554.833329 -64.442314 -5.153014 -0.036087 0.041473 -0.134176 0.989431
1534.199493 555.040572 -64.474184 -5.175400 -0.036252 0.039214 -0.134089 0.989529
1534.299341 555.232130 -64.495338 -5.156428 -0.038338 0.020227 -0.133596 0.990087
1534.399176 555.398913 -64.514346 -5.149176 -0.037457 -0.056640 -0.130583 0.989109
1534.499814 555.562459 -64.533470 -5.138383 -0.034938 -0.099985 -0.128710 0.986010
1534.599656 555.695588 -64.553355 -5.153496 -0.033408 -0.089625 -0.129847 0.986910
1534.699480 555.806922 -64.568527 -5.188325 -0.035816 -0.059600 -0.130878 0.988957
1534.799320 555.893804 -64.577223 -5.242322 -0.035954 -0.026675 -0.132037 0.990233
1534.899166 555.963173 -64.582800 -5.256799 -0.037348 -0.005325 -0.132616 0.990449
1534.999809 556.022707 -64.588271 -5.252370 -0.037469 0.006480 -0.133201 0.990359
1535.099658 556.064538 -64.596030 -5.246726 -0.036623 0.016705 -0.133743 0.990198
1535.199502 556.098853 -64.606198 -5.252196 -0.034776 0.028305 -0.134102 0.989953
1535.299342 556.142576 -64.611165 -5.264530 -0.035584 0.036367 -0.134823 0.989562
1535.399189 556.183786 -64.611320 -5.285506 -0.035850 0.041174 -0.135190 0.989315
1535.499826 556.221708 -64.616077 -5.302206 -0.035158 0.043899 -0.135160 0.989226
1535.599664 556.246115 -64.624607 -5.311396 -0.034608 0.047359 -0.135374 0.989057
1535.699497 556.275348 -64.636999 -5.321357 -0.033582 0.051510 -0.135549 0.988861
1535.799333 556.310991 -64.646372 -5.339790 -0.033359 0.055616 -0.135744 0.988619
1535.899173 556.349696 -64.651534 -5.363660 -0.033489 0.057993 -0.135952 0.988449
1535.999815 556.391029 -64.659702 -5.388569 -0.034133 0.059331 -0.135770 0.988373
1536.099653 556.436483 -64.672782 -5.410439 -0.034208 0.060217 -0.135865 0.988304
1536.199493 556.493910 -64.688547 -5.431982 -0.033762 0.062541 -0.136049 0.988149
1536.299327 556.545444 -64.703511 -5.457769 -0.031773 0.066626 -0.136172 0.987931
1536.399162 556.597471 -64.719041 -5.483125 -0.032003 0.070583 -0.136128 0.987655
1536.499804 556.652424 -64.734704 -5.509454 -0.031906 0.073962 -0.136178 0.987404
1536.599642 556.710030 -64.750485 -5.533697 -0.031990 0.073400 -0.136018 0.987466
1536.699488 556.772453 -64.766266 -5.547397 -0.031756 0.071698 -0.136111 0.987585
1536.799323 556.838341 -64.784086 -5.555330 -0.032110 0.070896 -0.136228 0.987616
1536.899149 556.901162 -64.805402 -5.560624 -0.032244 0.072567 -0.136305 0.987479
1536.999792 556.970710 -64.825248 -5.567556 -0.032174 0.074804 -0.136329 0.987311
1537.099634 557.035570 -64.845006 -5.572378 -0.032162 0.076042 -0.136437 0.987202
1537.199478 557.111282 -64.868705 -5.574738 -0.032296 0.075656 -0.136375 0.987236
1537.299310 557.202702 -64.893841 -5.577770 -0.031332 0.074802 -0.136647 0.987295
1537.399148 557.292986 -64.916642 -5.576244 -0.031558 0.075256 -0.136860 0.987223
1537.499795 557.389425 -64.942468 -5.576762 -0.031326 0.075930 -0.136813 0.987186
1537.599652 557.492456 -64.975636 -5.577586 -0.030699 0.076974 -0.136642 0.987148
1537.699483 557.600766 -65.011461 -5.584425 -0.030946 0.079067 -0.136746 0.986961
1537.799323 557.722026 -65.043493 -5.593138 -0.031478 0.077648 -0.136586 0.987079
1537.899158 557.840944 -65.072337 -5.598737 -0.031861 0.074863 -0.136510 0.987292
1537.999793 557.959776 -65.111847 -5.599553 -0.033885 0.071764 -0.135883 0.987541
1538.099622 558.077510 -65.149385 -5.595289 -0.033515 0.071722 -0.135520 0.987607
1538.199459 558.202108 -65.188038 -5.595443 -0.033644 0.072207 -0.135382 0.987586
1538.299302 558.340740 -65.229908 -5.603939 -0.034726 0.071314 -0.135229 0.987634
1538.399133 558.474641 -65.265741 -5.607948 -0.035266 0.072596 -0.135266 0.987517
1538.499766 558.606602 -65.301180 -5.607389 -0.035395 0.075289 -0.135853 0.987230
1538.599620 558.750610 -65.344390 -5.611404 -0.035287 0.077261 -0.136005 0.987060
1538.699464 558.897749 -65.394391 -5.613372 -0.034547 0.075886 -0.135993 0.987195
1538.799301 559.058647 -65.446526 -5.616699 -0.033031 0.075130 -0.135978 0.987307
1538.899146 559.219563 -65.496102 -5.617721 -0.033580 0.072804 -0.135802 0.987487
1538.999793 559.380709 -65.539255 -5.618272 -0.038010 0.070487 -0.135724 0.987505
1539.099629 559.538481 -65.580529 -5.619539 -0.044991 0.069069 -0.135234 0.987379
1539.199471 559.696660 -65.623684 -5.624268 -0.049153 0.068827 -0.134717 0.987268
1539.299315 559.858850 -65.668800 -5.633934 -0.051365 0.067066 -0.134499 0.987306
1539.399149 560.021032 -65.707334 -5.641426 -0.049491 0.064406 -0.134540 0.987574
1539.499803 560.188493 -65.743134 -5.643578 -0.046608 0.061248 -0.134444 0.987928
1539.599645 560.354519 -65.782404 -5.646194 -0.046560 0.059680 -0.134548 0.988012
1539.699497 560.521130 -65.818849 -5.649074 -0.044055 0.059596 -0.134595 0.988125
1539.799350 560.692414 -65.856401 -5.653955 -0.042817 0.056012 -0.134471 0.988406
1539.899191 560.865635 -65.889877 -5.666064 -0.044102 0.053614 -0.134122 0.988530
1539.999828 561.045245 -65.924637 -5.675369 -0.046377 0.052307 -0.133410 0.988592
1540.099667 561.220845 -65.954704 -5.679708 -0.050340 0.050118 -0.133124 0.988551
1540.199507 561.395452 -65.980248 -5.679459 -0.054181 0.048705 -0.132937 0.988443
1540.299351 561.565278 -66.006401 -5.680957 -0.054310 0.049867 -0.133190 0.988344
1540.399184 561.727850 -66.025823 -5.686679 -0.052104 0.049947 -0.134275 0.988312
1540.499833 561.887936 -66.043022 -5.697062 -0.048283 0.048932 -0.135202 0.988430
1540.599682 562.055604 -66.065557 -5.704097 -0.042810 0.048478 -0.135382 0.988680
1540.699516 562.219815 -66.087206 -5.708828 -0.036711 0.051454 -0.135316 0.988784
1540.799360 562.383201 -66.107086 -5.711645 -0.034905 0.054243 -0.134565 0.988803
1540.899199 562.552392 -66.124999 -5.717211 -0.038217 0.054214 -0.133783 0.988788
1540.999426 562.720543 -66.144957 -5.728792 -0.040928 0.053659 -0.133101 0.988802
1541.099260 562.879482 -66.165287 -5.735228 -0.039851 0.053747 -0.132698 0.988895
1541.199494 563.033992 -66.185045 -5.740381 -0.039401 0.050191 -0.132743 0.989094
1541.299337 563.186575 -66.200650 -5.746890 -0.038012 0.046212 -0.133703 0.989213
1541.399181 563.335119 -66.217837 -5.756049 -0.034115 0.047156 -0.133954 0.989277
1541.499825 563.492261 -66.237494 -5.762953 -0.032462 0.047813 -0.134018 0.989292
1541.599662 563.648509 -66.257628 -5.772121 -0.033422 0.049278 -0.134561 0.989115
1541.699509 563.802518 -66.277536 -5.778431 -0.034944 0.053376 -0.135151 0.988769
1541.799344 563.958835 -66.305611 -5.783138 -0.033984 0.056438 -0.135636 0.988566
1541.899195 564.117443 -66.327209 -5.785229 -0.032947 0.053671 -0.136083 0.988694
1541.999833 564.276167 -66.346501 -5.787982 -0.034597 0.050750 -0.135753 0.988837
1542.099669 564.432168 -66.366004 -5.791075 -0.036108 0.050583 -0.135454 0.988833
1542.199514 564.586565 -66.392045 -5.797454 -0.039224 0.051788 -0.135427 0.988655
1542.299353 564.748627 -66.419343 -5.806251 -0.042242 0.053597 -0.135175 0.988469
1542.399193 564.917641 -66.446310 -5.815204 -0.043678 0.054627 -0.135009 0.988373
1542.499837 565.083482 -66.469255 -5.820365 -0.046228 0.054785 -0.134702 0.988290
1542.599664 565.232057 -66.481528 -5.819537 -0.047025 0.050493 -0.134380 0.988525
1542.699504 565.365567 -66.497909 -5.819058 -0.047249 0.044757 -0.134633 0.988756
1542.799340 565.504509 -66.518724 -5.822817 -0.052182 0.040267 -0.134768 0.988683
1542.899176 565.649394 -66.532472 -5.829601 -0.058412 0.039156 -0.135091 0.988335
1542.999813 565.800809 -66.538041 -5.841467 -0.061308 0.038204 -0.134807 0.988235
1543.099656 565.938666 -66.539557 -5.860420 -0.062271 0.039130 -0.134638 0.988162
1543.199479 566.068491 -66.541362 -5.888913 -0.060416 0.041847 -0.134836 0.988139
1543.299319 566.204943 -66.540580 -5.916666 -0.058639 0.043124 -0.134521 0.988234
1543.399165 566.333969 -66.534018 -5.932044 -0.056578 0.042922 -0.133985 0.988435
1543.499796 566.465195 -66.520690 -5.947806 -0.055638 0.044513 -0.134200 0.988389
1543.599642 566.588083 -66.506984 -5.950742 -0.052863 0.049256 -0.134672 0.988252
1543.699474 566.705096 -66.489940 -5.957971 -0.049607 0.050821 -0.134950 0.988304
1543.799311 566.819851 -66.472188 -5.965988 -0.044558 0.050525 -0.135567 0.988475
1543.899149 566.940763 -66.451123 -5.975653 -0.038742 0.050243 -0.136658 0.988584
1543.999775 567.061499 -66.431708 -5.984058 -0.033707 0.048015 -0.136526 0.988898
1544.099609 567.180704 -66.416488 -5.993856 -0.033185 0.046215 -0.136859 0.988955
1544.199459 567.298135 -66.397618 -6.000082 -0.035779 0.047903 -0.137250 0.988730
1544.299309 567.420408 -66.383985 -5.996708 -0.036457 0.051730 -0.137251 0.988512
1544.399145 567.541879 -66.365988 -6.004727 -0.036628 0.052398 -0.136862 0.988525
1544.499793 567.667487 -66.354400 -6.010364 -0.035912 0.052619 -0.136253 0.988624
1544.599640 567.788435 -66.342972 -6.018388 -0.035632 0.050611 -0.136207 0.988745
1544.699483 567.904807 -66.335571 -6.019428 -0.036211 0.048046 -0.136093 0.988868
1544.799337 568.018927 -66.324463 -6.016739 -0.036285 0.044139 -0.135801 0.989087
1544.899173 568.137432 -66.315076 -6.018273 -0.036440 0.041540 -0.135664 0.989213
1544.999808 568.247638 -66.303717 -6.029038 -0.035981 0.041947 -0.135624 0.989218
1545.099650 568.350467 -66.296536 -6.032991 -0.035852 0.044256 -0.135438 0.989147
1545.199494 568.452679 -66.286821 -6.043186 -0.036037 0.046130 -0.135574 0.989036
1545.299330 568.558796 -66.277137 -6.050432 -0.036473 0.047286 -0.136077 0.988897
1545.399171 568.661599 -66.267738 -6.049796 -0.035597 0.047732 -0.136275 0.988880
1545.499822 568.754544 -66.260701 -6.048879 -0.033751 0.048546 -0.136796 0.988833
1545.599666 568.845860 -66.255587 -6.051718 -0.034048 0.050796 -0.136875 0.988699
1545.699516 568.955021 -66.250412 -6.063624 -0.035727 0.054968 -0.137103 0.988385
1545.799359 569.068946 -66.249522 -6.074077 -0.036442 0.057751 -0.137181 0.988189
1545.899203 569.171942 -66.248318 -6.076998 -0.035942 0.058386 -0.137109 0.988180
1545.999440 569.268987 -66.247771 -6.079659 -0.035823 0.057179 -0.136966 0.988275
1546.099291 569.366740 -66.249355 -6.079702 -0.035414 0.056044 -0.136957 0.988356
1546.199140 569.454672 -66.245437 -6.083155 -0.035749 0.056945 -0.137030 0.988282
1546.299765 569.538936 -66.243429 -6.086779 -0.035056 0.059638 -0.137103 0.988138
1546.399603 569.635974 -66.244200 -6.092539 -0.034454 0.061800 -0.137104 0.988026
1546.499439 569.746239 -66.245895 -6.100371 -0.033901 0.061313 -0.136753 0.988125
1546.599279 569.863153 -66.253199 -6.107121 -0.034378 0.060442 -0.136249 0.988231
1546.699120 569.973384 -66.268479 -6.109837 -0.034679 0.062166 -0.136238 0.988115
1546.799765 570.094657 -66.279284 -6.113033 -0.034841 0.062372 -0.136584 0.988049
1546.899603 570.214520 -66.287210 -6.111164 -0.034179 0.062839 -0.136979 0.987988
1546.999458 570.327787 -66.296717 -6.113952 -0.032727 0.062724 -0.137133 0.988023
1547.099294 570.442187 -66.312086 -6.119140 -0.032476 0.061780 -0.136935 0.988118
1547.199130 570.550330 -66.320105 -6.130061 -0.032308 0.060171 -0.137070 0.988204
1547.299789 570.665481 -66.329264 -6.139602 -0.033677 0.061105 -0.136926 0.988121
1547.399619 570.777130 -66.341220 -6.143807 -0.034853 0.064117 -0.136907 0.987892
1547.499454 570.894619 -66.359995 -6.140903 -0.035129 0.069222 -0.136656 0.987573
1547.599305 571.024390 -66.382427 -6.140298 -0.034958 0.072500 -0.136462 0.987370
1547.699130 571.149384 -66.400078 -6.141537 -0.033808 0.073689 -0.136715 0.987287
1547.799773 571.276934 -66.416816 -6.142952 -0.033912 0.072513 -0.136657 0.987379
1547.899619 571.409708 -66.434623 -6.149911 -0.033405 0.070486 -0.136582 0.987553
1547.999470 571.533929 -66.455813 -6.158740 -0.032527 0.068068 -0.136141 0.987813
1548.099312 571.666151 -66.479611 -6.161293 -0.034022 0.066595 -0.135864 0.987901
1548.199172 571.808452 -66.507167 -6.160519 -0.038794 0.064538 -0.134749 0.988015
1548.299810 571.948812 -66.533198 -6.163193 -0.041007 0.061412 -0.132478 0.988431
1548.399669 572.076857 -66.555212 -6.168183 -0.041963 0.060170 -0.130317 0.988755
1548.499517 572.210670 -66.581394 -6.174170 -0.038250 0.059688 -0.128506 0.989172
1548.599372 572.352569 -66.608570 -6.181444 -0.037730 0.060197 -0.126248 0.989451
1548.699215 572.500551 -66.628010 -6.184550 -0.040293 0.065169 -0.122823 0.989466
1548.799453 572.652256 -66.652733 -6.188225 -0.043276 0.070148 -0.118599 0.989515
1548.899291 572.804949 -66.678552 -6.192894 -0.042689 0.070988 -0.114430 0.989972
1548.999127 572.965294 -66.704259 -6.197822 -0.039533 0.069949 -0.111576 0.990502
1549.099787 573.125227 -66.732262 -6.207401 -0.033814 0.067842 -0.110081 0.991028
1549.199632 573.285325 -66.758081 -6.211706 -0.034056 0.064447 -0.109756 0.991282
1549.299469 573.447698 -66.785528 -6.216734 -0.036039 0.064598 -0.109466 0.991234
1549.399299 573.607671 -66.809001 -6.221995 -0.037803 0.065404 -0.109904 0.991067
1549.499137 573.762390 -66.834206 -6.230915 -0.035480 0.065159 -0.109862 0.991174
1549.599786 573.922144 -66.862559 -6.238124 -0.034703 0.062540 -0.109540 0.991406
1549.699632 574.086845 -66.895581 -6.238833 -0.036431 0.060150 -0.108999 0.991551
1549.799476 574.253024 -66.924988 -6.237600 -0.038433 0.060045 -0.108512 0.991536
1549.899303 574.421125 -66.952737 -6.240925 -0.037832 0.061967 -0.108976 0.991389
1549.999155 574.588079 -66.979780 -6.241910 -0.033600 0.063221 -0.109400 0.991416
1550.099789 574.745397 -67.006797 -6.250107 -0.032873 0.060845 -0.109949 0.991528
1550.199635 574.902779 -67.036241 -6.261482 -0.034113 0.058533 -0.110699 0.991542
1550.299469 575.057670 -67.066143 -6.271583 -0.034039 0.059437 -0.111131 0.991443
1550.399296 575.216001 -67.095101 -6.279255 -0.035813 0.061042 -0.111552 0.991235
1550.499139 575.376107 -67.124381 -6.282722 -0.036527 0.064075 -0.112134 0.990952
1550.599780 575.547775 -67.157596 -6.284184 -0.035750 0.062903 -0.111766 0.991097
1550.699626 575.723988 -67.188777 -6.284498 -0.035319 0.060558 -0.112064 0.991225
1550.799468 575.904049 -67.224962 -6.291473 -0.035965 0.058702 -0.112361 0.991280
1550.899306 576.076585 -67.264726 -6.304111 -0.036763 0.055320 -0.112353 0.991446
1550.999147 576.245980 -67.297773 -6.318268 -0.037765 0.053612 -0.112196 0.991520
1551.099795 576.401251 -67.327488 -6.338027 -0.038771 0.052618 -0.111950 0.991562
1551.199621 576.556153 -67.357808 -6.356511 -0.039377 0.053484 -0.112199 0.991464
1551.299457 576.709588 -67.389724 -6.375549 -0.039630 0.053154 -0.112068 0.991486
1551.399295 576.866618 -67.426621 -6.392836 -0.039592 0.049630 -0.111729 0.991709
1551.499137 577.012820 -67.464075 -6.424764 -0.037940 0.046474 -0.111321 0.991972
1551.599783 577.152900 -67.497737 -6.471374 -0.038021 0.048353 -0.111404 0.991870
1551.699631 577.294374 -67.529569 -6.517375 -0.038091 0.052361 -0.110808 0.991730
1551.799463 577.436871 -67.560443 -6.557583 -0.040368 0.055953 -0.110609 0.991466
1551.899288 577.586055 -67.596923 -6.585497 -0.040943 0.059823 -0.110694 0.991207
1551.999125 577.742864 -67.634000 -6.608480 -0.040275 0.061121 -0.110793 0.991144
1552.099766 577.898255 -67.670149 -6.629742 -0.039942 0.062147 -0.110856 0.991087
1552.199615 578.051452 -67.700683 -6.652695 -0.039111 0.063448 -0.111402 0.990976
1552.299458 578.198501 -67.730509 -6.675523 -0.037211 0.066709 -0.111707 0.990801
1552.399305 578.341251 -67.760090 -6.695059 -0.034269 0.069664 -0.111860 0.990687
1552.499142 578.484243 -67.789608 -6.711651 -0.035821 0.070086 -0.111023 0.990696
1552.599782 578.632085 -67.822824 -6.724923 -0.041097 0.071129 -0.106920 0.990868
1552.699614 578.786606 -67.851078 -6.731847 -0.040559 0.068654 -0.103004 0.991480
1552.799452 578.952962 -67.877322 -6.737329 -0.037839 0.063140 -0.100599 0.992200
1552.899286 579.119883 -67.902849 -6.744079 -0.037922 0.059066 -0.100460 0.992462
1552.999133 579.289004 -67.934707 -6.748868 -0.037497 0.058641 -0.099958 0.992554
1553.099765 579.453008 -67.967417 -6.752811 -0.037789 0.059792 -0.099236 0.992547
1553.199613 579.612054 -67.996926 -6.753862 -0.034406 0.061752 -0.098843 0.992589
1553.299442 579.769559 -68.027322 -6.760016 -0.035067 0.060412 -0.098097 0.992722
1553.399285 579.931950 -68.056465 -6.766749 -0.041654 0.058122 -0.097093 0.992703
1553.499116 580.105926 -68.086819 -6.772285 -0.041630 0.056411 -0.094631 0.993041
1553.599753 580.266166 -68.113304 -6.776575 -0.043852 0.057008 -0.089984 0.993343
1553.699588 580.419160 -68.134172 -6.782093 -0.044583 0.059720 -0.084654 0.993619
1553.799432 580.568816 -68.157973 -6.789240 -0.046774 0.058463 -0.078885 0.994068
1553.899266 580.727726 -68.182178 -6.799110 -0.046278 0.056434 -0.073643 0.994611
1553.999510 580.894863 -68.203426 -6.802812 -0.044403 0.057166 -0.069211 0.994972
1554.099354 581.063516 -68.222909 -6.810676 -0.044204 0.057700 -0.065198 0.995222
1554.199190 581.230978 -68.243527 -6.813897 -0.041497 0.059036 -0.062072 0.995460
1554.299825 581.405177 -68.266671 -6.817691 -0.038723 0.059509 -0.060494 0.995640
1554.399657 581.566320 -68.284276 -6.822371 -0.040025 0.058695 -0.060762 0.995621
1554.499492 581.727490 -68.302136 -6.830436 -0.038454 0.058284 -0.061177 0.995682
1554.599339 581.893320 -68.321026 -6.840071 -0.038399 0.056822 -0.061132 0.995771
1554.699172 582.045202 -68.337874 -6.842669 -0.037613 0.055321 -0.061223 0.995880
1554.799819 582.195793 -68.358632 -6.842007 -0.036235 0.055448 -0.061211 0.995925
1554.899656 582.349772 -68.377621 -6.843033 -0.035462 0.056027 -0.060879 0.995940
1554.999498 582.499515 -68.395603 -6.853500 -0.037641 0.057549 -0.060788 0.995779
1555.099340 582.651474 -68.413430 -6.862169 -0.039597 0.060764 -0.060778 0.995513
1555.199171 582.806219 -68.436195 -6.872984 -0.040024 0.064217 -0.060700 0.995284
1555.299819 582.959233 -68.455354 -6.882183 -0.037192 0.064009 -0.061114 0.995382
1555.399668 583.117825 -68.472482 -6.886405 -0.034378 0.061484 -0.061556 0.995615
1555.499519 583.279516 -68.497152 -6.891691 -0.033727 0.059851 -0.061592 0.995734
1555.599355 583.442742 -68.516942 -6.901048 -0.035699 0.059836 -0.062068 0.995637
1555.699204 583.594438 -68.537911 -6.906189 -0.037354 0.060681 -0.061984 0.995530
1555.799462 583.750767 -68.556742 -6.905610 -0.039561 0.060923 -0.061999 0.995429
1555.899311 583.915764 -68.577540 -6.905164 -0.037587 0.060215 -0.061806 0.995561
1555.999141 584.074368 -68.600736 -6.911366 -0.034738 0.057704 -0.060778 0.995876
1556.099775 584.226071 -68.622810 -6.923930 -0.036820 0.057392 -0.060403 0.995842
1556.199605 584.375889 -68.640277 -6.940833 -0.041596 0.060767 -0.060751 0.995433
1556.299445 584.534054 -68.661405 -6.954868 -0.042479 0.063031 -0.060812 0.995251
1556.399285 584.693466 -68.683407 -6.959922 -0.040861 0.063156 -0.061211 0.995286
1556.499126 584.851427 -68.699343 -6.955861 -0.038761 0.062430 -0.061737 0.995384
1556.599757 585.012748 -68.723218 -6.958970 -0.037002 0.060814 -0.061684 0.995554
1556.699586 585.162873 -68.749710 -6.969187 -0.035278 0.057672 -0.061270 0.995829
1556.799417 585.309455 -68.771172 -6.980903 -0.036611 0.056845 -0.061163 0.995835
1556.899252 585.466296 -68.793251 -6.980960 -0.038927 0.060103 -0.061351 0.995544
1556.999484 585.627132 -68.811563 -6.980358 -0.039720 0.060322 -0.061525 0.995489
1557.099317 585.788867 -68.827582 -6.986562 -0.037372 0.059644 -0.062077 0.995586
1557.199158 585.946978 -68.844547 -6.997566 -0.036766 0.058977 -0.062224 0.995640
1557.299794 586.099763 -68.867282 -7.004379 -0.038185 0.057296 -0.061713 0.995716
1557.399631 586.252177 -68.891246 -7.011378 -0.038669 0.057848 -0.061916 0.995653
1557.499481 586.399277 -68.915230 -7.011578 -0.037537 0.059446 -0.061748 0.995613
1557.599316 586.541885 -68.934839 -7.021306 -0.035348 0.059552 -0.061773 0.995685
1557.699153 586.689460 -68.952035 -7.026592 -0.035505 0.060224 -0.062082 0.995620
1557.799787 586.841393 -68.969800 -7.031975 -0.036477 0.058661 -0.061903 0.995689
1557.899627 586.985444 -68.985486 -7.036408 -0.038031 0.059448 -0.062295 0.995560
1557.999458 587.126498 -69.004936 -7.039676 -0.038304 0.059511 -0.062804 0.995513
1558.099298 587.257522 -69.027788 -7.043834 -0.037962 0.060226 -0.063042 0.995468
1558.199135 587.402496 -69.051871 -7.052711 -0.038696 0.061821 -0.062598 0.995370
1558.299782 587.561824 -69.073378 -7.063482 -0.040814 0.061977 -0.061996 0.995314
1558.399624 587.714408 -69.091178 -7.074831 -0.040721 0.061093 -0.061733 0.995389
1558.499455 587.870093 -69.107198 -7.081338 -0.038572 0.058688 -0.061816 0.995614
1558.599293 588.027045 -69.124518 -7.077804 -0.036751 0.058555 -0.062366 0.995656
1558.699124 588.178528 -69.149086 -7.073535 -0.036381 0.057796 -0.062369 0.995714
1558.799773 588.336433 -69.176899 -7.078216 -0.038766 0.055046 -0.062263 0.995786
1558.899617 588.493324 -69.199063 -7.084952 -0.038237 0.054820 -0.062320 0.995816
1558.999444 588.641573 -69.220085 -7.096701 -0.037303 0.056057 -0.062095 0.995796
1559.099293 588.783908 -69.233987 -7.109953 -0.039153 0.057085 -0.062067 0.995669
1559.199124 588.931296 -69.252709 -7.116183 -0.041435 0.057553 -0.061811 0.995565
1559.299772 589.085209 -69.276779 -7.112020 -0.041113 0.058014 -0.061518 0.995570
1559.399620 589.238558 -69.298998 -7.108570 -0.040207 0.057677 -0.061460 0.995630
1559.499476 589.394255 -69.321304 -7.114604 -0.040197 0.058694 -0.061883 0.995545
1559.599308 589.549708 -69.339281 -7.125516 -0.038558 0.059614 -0.062924 0.995490
1559.699137 589.706530 -69.360546 -7.133550 -0.035319 0.057792 -0.062783 0.995726
1559.799760 589.849714 -69.380431 -7.142571 -0.034880 0.056082 -0.062366 0.995866
1559.899604 589.983007 -69.400652 -7.148666 -0.036842 0.059548 -0.062152 0.995607
1559.999440 590.112236 -69.419493 -7.147403 -0.039283 0.061388 -0.062093 0.995406
1560.099285 590.252955 -69.438103 -7.149256 -0.037652 0.062012 -0.061489 0.995468
1560.199138 590.404091 -69.457547 -7.161893 -0.037597 0.061733 -0.061480 0.995488
1560.299765 590.556331 -69.477810 -7.172104 -0.038085 0.063383 -0.061900 0.995339
1560.399608 590.704876 -69.500281 -7.179326 -0.037575 0.063592 -0.061977 0.995341
1560.499449 590.847978 -69.522896 -7.182152 -0.037759 0.064947 -0.061921 0.995250
1560.599278 590.985905 -69.544024 -7.183233 -0.037729 0.064675 -0.061546 0.995292
1560.699121 591.126528 -69.561743 -7.189687 -0.039309 0.063698 -0.061844 0.995275
1560.799771 591.275645 -69.580136 -7.198730 -0.038941 0.063293 -0.062096 0.995300
1560.899620 591.420543 -69.601032 -7.203243 -0.038247 0.063364 -0.062055 0.995325
1560.999461 591.568147 -69.624234 -7.206746 -0.038675 0.061387 -0.061779 0.995449
1561.099300 591.728034 -69.648158 -7.211265 -0.039671 0.058355 -0.061550 0.995607
1561.199127 591.880590 -69.668368 -7.217103 -0.039222 0.058161 -0.061602 0.995633
1561.299741 592.027302 -69.689563 -7.230045 -0.038314 0.060553 -0.061795 0.995513
1561.399593 592.173830 -69.716119 -7.246087 -0.038078 0.061256 -0.061629 0.995490
1561.499425 592.324023 -69.740188 -7.252681 -0.037933 0.061403 -0.061752 0.995478
1561.599266 592.484186 -69.761510 -7.254627 -0.039194 0.060421 -0.061602 0.995499
1561.699500 592.644607 -69.785022 -7.261429 -0.041870 0.060679 -0.061201 0.995399
1561.799349 592.806126 -69.811720 -7.276911 -0.043151 0.063484 -0.060992 0.995182
1561.899190 592.950540 -69.834449 -7.293049 -0.042990 0.066495 -0.060918 0.994997
1561.999826 593.098923 -69.853469 -7.305138 -0.041076 0.063938 -0.060973 0.995242
1562.099659 593.245256 -69.877989 -7.319294 -0.038770 0.062448 -0.061339 0.995407
1562.199516 593.392284 -69.897587 -7.329338 -0.038628 0.064244 -0.061895 0.995264
1562.299363 593.542761 -69.919269 -7.334281 -0.039012 0.065511 -0.062161 0.995149
1562.399217 593.691588 -69.937855 -7.335969 -0.038193 0.064308 -0.062463 0.995241
1562.499466 593.843247 -69.958330 -7.341079 -0.037718 0.061432 -0.062219 0.995456
1562.599304 594.000827 -69.978304 -7.349416 -0.035663 0.058075 -0.061503 0.995778
1562.699151 594.163510 -70.000368 -7.354773 -0.038734 0.059795 -0.061514 0.995560
1562.799792 594.333533 -70.024365 -7.362994 -0.040500 0.059595 -0.061295 0.995516
1562.899636 594.502589 -70.047429 -7.369329 -0.040738 0.061145 -0.061525 0.995398
1562.999473 594.655577 -70.069329 -7.374527 -0.039406 0.061378 -0.061990 0.995408
1563.099301 594.807512 -70.089501 -7.381350 -0.038909 0.061284 -0.062407 0.995407
1563.199126 594.966055 -70.110839 -7.390308 -0.038505 0.061783 -0.061697 0.995436
1563.299772 595.120354 -70.128363 -7.398875 -0.040763 0.061950 -0.060906 0.995385
1563.399610 595.262613 -70.144741 -7.402769 -0.041737 0.061694 -0.060839 0.995365
1563.499438 595.412257 -70.168458 -7.407131 -0.041201 0.061206 -0.060899 0.995413
1563.599278 595.558319 -70.196443 -7.408086 -0.038472 0.060564 -0.060864 0.995564
1563.699127 595.715852 -70.217582 -7.414905 -0.037862 0.061282 -0.061491 0.995505
1563.799761 595.881143 -70.232389 -7.425990 -0.038658 0.061637 -0.061462 0.995454
1563.899602 596.044413 -70.251617 -7.431423 -0.038783 0.062139 -0.060713 0.995464
1563.999436 596.211074 -70.274106 -7.432253 -0.041133 0.060091 -0.060630 0.995500
1564.099277 596.372654 -70.298376 -7.436446 -0.042059 0.057623 -0.060947 0.995588
1564.199120 596.530257 -70.322120 -7.445442 -0.041381 0.059481 -0.061353 0.995482
1564.299759 596.685292 -70.340714 -7.456163 -0.039948 0.062445 -0.062135 0.995311
1564.399593 596.834725 -70.361868 -7.460002 -0.040520 0.063997 -0.062655 0.995157
1564.499428 596.977747 -70.382026 -7.462263 -0.039717 0.060932 -0.062846 0.995369
1564.599263 597.135240 -70.401406 -7.465062 -0.039881 0.057657 -0.063225 0.995534
1564.699506 597.297030 -70.423263 -7.467742 -0.041331 0.054118 -0.063352 0.995665
1564.799351 597.465914 -70.453926 -7.476651 -0.039931 0.052061 -0.063686 0.995811
1564.899191 597.625757 -70.481268 -7.485505 -0.036806 0.052607 -0.063268 0.995929
1564.999844 597.783450 -70.501319 -7.493002 -0.039739 0.055680 -0.063388 0.995642
1565.099665 597.941940 -70.519072 -7.496909 -0.043432 0.058660 -0.062859 0.995350
1565.199515 598.092535 -70.538690 -7.504620 -0.044096 0.061636 -0.062166 0.995184
1565.299342 598.233774 -70.559826 -7.518260 -0.041507 0.063599 -0.061899 0.995189
1565.399187 598.385556 -70.589335 -7.530673 -0.039263 0.062848 -0.061789 0.995334
1565.499826 598.544131 -70.614896 -7.531365 -0.039050 0.061605 -0.061714 0.995425
1565.599659 598.695564 -70.632800 -7.521093 -0.039302 0.059716 -0.061375 0.995551
1565.699499 598.850817 -70.648892 -7.517013 -0.039782 0.058641 -0.061071 0.995615
1565.799336 598.993483 -70.666276 -7.523481 -0.039590 0.061151 -0.061283 0.995458
1565.899164 599.139029 -70.689905 -7.538145 -0.040651 0.062285 -0.061070 0.995358
1565.999816 599.290546 -70.715505 -7.552204 -0.041467 0.060909 -0.061077 0.995410
1566.099663 599.437197 -70.736309 -7.561635 -0.039550 0.058564 -0.061448 0.995605
1566.199497 599.594364 -70.756454 -7.563596 -0.038672 0.058116 -0.061608 0.995656
1566.299316 599.762823 -70.773612 -7.569227 -0.039958 0.057888 -0.061468 0.995627
1566.399149 599.923540 -70.790072 -7.572048 -0.041135 0.059086 -0.061702 0.995495
1566.499787 600.067268 -70.806217 -7.581975 -0.041493 0.060045 -0.061695 0.995423
1566.599625 600.201376 -70.826452 -7.585879 -0.038033 0.062525 -0.061860 0.995398
1566.699464 600.341097 -70.847893 -7.588939 -0.036057 0.063726 -0.062235 0.995372
1566.799317 600.488547 -70.869674 -7.590393 -0.036098 0.062587 -0.062081 0.995453
1566.899159 600.635261 -70.889896 -7.597237 -0.037424 0.060925 -0.062312 0.995492
1566.999793 600.776984 -70.908389 -7.605627 -0.040486 0.059113 -0.062585 0.995465
1567.099626 600.917550 -70.925499 -7.613503 -0.041222 0.057746 -0.062281 0.995534
1567.199471 601.055262 -70.945884 -7.616484 -0.039355 0.058000 -0.062162 0.995602
1567.299308 601.196124 -70.970522 -7.623654 -0.039515 0.059312 -0.062115 0.995521
1567.399153 601.333342 -70.995153 -7.631688 -0.040236 0.060361 -0.062396 0.995412
1567.499806 601.472650 -71.014696 -7.639292 -0.040964 0.060190 -0.062508 0.995385
1567.599657 601.623440 -71.033231 -7.640455 -0.041129 0.059791 -0.062465 0.995405
1567.699497 601.771666 -71.049247 -7.643817 -0.040604 0.056758 -0.062303 0.995615
1567.799354 601.909846 -71.067950 -7.650380 -0.039803 0.053631 -0.062161 0.995829
1567.899188 602.049449 -71.090100 -7.660488 -0.039694 0.052899 -0.062279 0.995865
1567.999825 602.184328 -71.110254 -7.668344 -0.039422 0.053371 -0.062604 0.995830
1568.099661 602.324450 -71.128400 -7.671296 -0.041204 0.055324 -0.062979 0.995628
1568.199511 602.473572 -71.146972 -7.671349 -0.042649 0.057148 -0.062919 0.995468
1568.299362 602.609766 -71.167486 -7.677114 -0.041268 0.056354 -0.062333 0.995608
1568.399186 602.740809 -71.190242 -7.684015 -0.039046 0.056104 -0.062050 0.995730
1568.499824 602.876309 -71.216860 -7.692230 -0.040302 0.057815 -0.062328 0.995564
1568.599658 603.010423 -71.239418 -7.700799 -0.043066 0.058671 -0.062664 0.995377
1568.699493 603.151740 -71.256082 -7.710257 -0.042643 0.057204 -0.062772 0.995474
1568.799332 603.291557 -71.269169 -7.719561 -0.042178 0.057524 -0.063175 0.995450
1568.899180 603.430714 -71.287750 -7.727233 -0.039251 0.054131 -0.062968 0.995773
1568.999800 603.577005 -71.307078 -7.738668 -0.038874 0.052545 -0.062632 0.995894
1569.099654 603.720873 -71.325903 -7.750356 -0.036915 0.052790 -0.062428 0.995969
1569.199495 603.861677 -71.347798 -7.772550 -0.038158 0.054408 -0.062205 0.995848
1569.299340 603.997510 -71.367959 -7.787275 -0.042936 0.059383 -0.062716 0.995338
1569.399179 604.124621 -71.384837 -7.801112 -0.045929 0.061188 -0.063156 0.995067
1569.499813 604.242031 -71.402135 -7.807214 -0.043069 0.057787 -0.063130 0.995400
1569.599637 604.369319 -71.420865 -7.815991 -0.040428 0.054309 -0.063394 0.995689
1569.699468 604.486851 -71.439508 -7.826510 -0.038498 0.055159 -0.063628 0.995704
1569.799323 604.616274 -71.457453 -7.833756 -0.038140 0.057645 -0.063932 0.995558
1569.899156 604.749167 -71.474581 -7.844705 -0.040501 0.058285 -0.063877 0.995431
1569.999796 604.880336 -71.490024 -7.852378 -0.041884 0.057447 -0.063905 0.995420
1570.099629 605.006549 -71.511367 -7.850920 -0.042529 0.055112 -0.063750 0.995535
1570.199472 605.139489 -71.529053 -7.855530 -0.041566 0.054348 -0.064180 0.995590
1570.299318 605.274016 -71.546323 -7.863305 -0.040823 0.055534 -0.064524 0.995533
1570.399165 605.405966 -71.562695 -7.873928 -0.038250 0.056752 -0.064322 0.995580
1570.499812 605.539265 -71.579901 -7.880387 -0.037338 0.056330 -0.064248 0.995643
1570.599645 605.665602 -71.601802 -7.890581 -0.041013 0.055488 -0.064780 0.995511
1570.699483 605.793606 -71.628234 -7.890529 -0.043111 0.054803 -0.064358 0.995488
1570.799323 605.918137 -71.642603 -7.890409 -0.046999 0.053928 -0.064290 0.995364
1570.899163 606.036669 -71.654655 -7.892146 -0.047862 0.055367 -0.064034 0.995260
1570.999789 606.157779 -71.668895 -7.897242 -0.043935 0.058681 -0.064474 0.995223
1571.099621 606.277359 -71.684178 -7.905606 -0.038400 0.059091 -0.065040 0.995391
1571.199467 606.395045 -71.701857 -7.912554 -0.035789 0.057802 -0.065315 0.995546
1571.299313 606.509282 -71.722878 -7.914177 -0.037490 0.055266 -0.065065 0.995644
1571.399156 606.635280 -71.741808 -7.914848 -0.039760 0.054348 -0.064903 0.995617
1571.499801 606.762801 -71.756115 -7.922075 -0.040846 0.055242 -0.065063 0.995513
1571.599639 606.885771 -71.771393 -7.927267 -0.040910 0.057774 -0.064915 0.995377
1571.699468 607.003173 -71.793046 -7.934408 -0.042232 0.059367 -0.064299 0.995268
1571.799306 607.125557 -71.811313 -7.939097 -0.043736 0.059821 -0.064257 0.995178
1571.899145 607.252670 -71.828706 -7.942049 -0.042076 0.058276 -0.064432 0.995330
1571.999788 607.373145 -71.846318 -7.942371 -0.039845 0.058057 -0.065168 0.995387
1572.099630 607.494532 -71.862335 -7.950255 -0.038348 0.059365 -0.065575 0.995342
1572.199464 607.621497 -71.878586 -7.954531 -0.039144 0.061203 -0.065649 0.995195
1572.299309 607.750110 -71.897765 -7.958025 -0.040907 0.061357 -0.065353 0.995134
1572.399155 607.877215 -71.915191 -7.964682 -0.040298 0.060087 -0.065212 0.995245
1572.499806 608.012082 -71.931743 -7.972007 -0.040716 0.060116 -0.064870 0.995249
1572.599640 608.140262 -71.951596 -7.974374 -0.040379 0.059430 -0.064740 0.995312
1572.699483 608.260954 -71.966862 -7.976381 -0.040983 0.057367 -0.064931 0.995396
1572.799311 608.374257 -71.983674 -7.984506 -0.041604 0.056636 -0.065095 0.995401
1572.899132 608.488795 -71.996907 -7.990234 -0.040527 0.058984 -0.065249 0.995299
1572.999772 608.605969 -72.007942 -7.994207 -0.039846 0.061395 -0.065338 0.995175
1573.099612 608.726921 -72.027025 -8.002256 -0.039450 0.060818 -0.065177 0.995237
1573.199455 608.853453 -72.052060 -8.004116 -0.039704 0.058622 -0.065101 0.995364
1573.299305 608.991583 -72.074322 -7.999907 -0.038692 0.057339 -0.065158 0.995475
1573.399146 609.128806 -72.089631 -8.002060 -0.039685 0.057531 -0.065122 0.995427
1573.499786 609.258528 -72.103735 -8.009561 -0.038154 0.061155 -0.064831 0.995290
1573.599626 609.381897 -72.121073 -8.017840 -0.039045 0.063672 -0.064616 0.995111
1573.699458 609.504281 -72.139070 -8.024622 -0.041594 0.063967 -0.064652 0.994987
1573.799291 609.623183 -72.158717 -8.031357 -0.042464 0.062688 -0.064717 0.995027
1573.899140 609.734969 -72.177003 -8.033266 -0.042581 0.061384 -0.064868 0.995093
1573.999783 609.855712 -72.197365 -8.036066 -0.041027 0.060890 -0.065032 0.995178
1574.099612 609.986832 -72.213757 -8.038963 -0.040915 0.060724 -0.065633 0.995154
1574.199451 610.117751 -72.229831 -8.045059 -0.039218 0.060451 -0.065971 0.995216
1574.299294 610.249368 -72.245395 -8.051664 -0.040557 0.059095 -0.066373 0.995217
1574.399116 610.376636 -72.266224 -8.055953 -0.041337 0.058612 -0.066235 0.995223
1574.499749 610.511512 -72.290475 -8.055645 -0.041626 0.058872 -0.065778 0.995226
1574.599589 610.653318 -72.311251 -8.058592 -0.042542 0.059696 -0.065881 0.995131
1574.699429 610.799358 -72.332867 -8.063979 -0.043101 0.060530 -0.065710 0.995068
1574.799289 610.937391 -72.347600 -8.073392 -0.042873 0.060684 -0.066020 0.995048
1574.899128 611.066602 -72.365000 -8.084508 -0.042735 0.059421 -0.065875 0.995140
1574.999754 611.196017 -72.385313 -8.086376 -0.041835 0.058754 -0.065531 0.995240
1575.099602 611.326419 -72.406919 -8.084081 -0.041194 0.059336 -0.065469 0.995237
1575.199422 611.453117 -72.428729 -8.084679 -0.041997 0.061405 -0.065274 0.995090
1575.299262 611.584589 -72.446599 -8.098800 -0.042741 0.062396 -0.065286 0.994996
1575.399504 611.723878 -72.468556 -8.118535 -0.042762 0.063157 -0.065399 0.994940
1575.499349 611.846692 -72.488740 -8.140770 -0.041907 0.062416 -0.065662 0.995006
1575.599172 611.967448 -72.504560 -8.159923 -0.041318 0.061875 -0.066303 0.995022
1575.699808 612.105828 -72.520303 -8.176946 -0.041043 0.061414 -0.066695 0.995035
1575.799642 612.246173 -72.541491 -8.195769 -0.039826 0.060752 -0.066741 0.995122
1575.899474 612.386067 -72.563823 -8.211005 -0.039722 0.061583 -0.066352 0.995102
1575.999301 612.526705 -72.587353 -8.228598 -0.041231 0.062551 -0.065783 0.995018
1576.099138 612.672273 -72.607262 -8.249597 -0.042627 0.062384 -0.065853 0.994965
1576.199772 612.814151 -72.625954 -8.267954 -0.041918 0.063597 -0.066135 0.994899
1576.299618 612.947996 -72.647964 -8.284574 -0.040801 0.065342 -0.066092 0.994835
1576.399462 613.080912 -72.671610 -8.294027 -0.040410 0.067484 -0.065908 0.994721
1576.499306 613.219573 -72.691300 -8.306258 -0.039739 0.068048 -0.065925 0.994708
1576.599146 613.361470 -72.710630 -8.325555 -0.040886 0.065259 -0.065499 0.994877
1576.699780 613.506470 -72.731785 -8.335717 -0.043254 0.061230 -0.065286 0.995047
1576.799612 613.653825 -72.757617 -8.342237 -0.045202 0.056294 -0.065010 0.995270
1576.899475 613.803259 -72.781220 -8.355084 -0.044135 0.056318 -0.065189 0.995304
1576.999318 613.952962 -72.800755 -8.371243 -0.042935 0.062546 -0.065985 0.994932
1577.099173 614.109025 -72.819872 -8.388861 -0.040705 0.066153 -0.066378 0.994767
1577.199814 614.263337 -72.838862 -8.401687 -0.039113 0.064835 -0.066751 0.994892
1577.299641 614.400658 -72.863619 -8.410598 -0.038457 0.060918 -0.066779 0.995164
1577.399480 614.534834 -72.886143 -8.410016 -0.038960 0.057751 -0.066817 0.995330
1577.499317 614.673014 -72.905048 -8.413110 -0.040221 0.056908 -0.066929 0.995321
1577.599146 614.818571 -72.918698 -8.429638 -0.041441 0.058278 -0.067004 0.995187
1577.699788 614.967716 -72.936953 -8.453443 -0.041301 0.058708 -0.066623 0.995193
1577.799630 615.119826 -72.965015 -8.464206 -0.041902 0.057604 -0.066211 0.995260
1577.899481 615.274171 -72.991831 -8.460794 -0.042062 0.057469 -0.066759 0.995224
1577.999337 615.422617 -73.010379 -8.458347 -0.042702 0.059665 -0.067606 0.995011
1578.099172 615.568317 -73.030336 -8.466915 -0.041133 0.061463 -0.068139 0.994931
1578.199797 615.713513 -73.052091 -8.486001 -0.039585 0.062795 -0.068058 0.994916
1578.299631 615.845659 -73.072755 -8.503406 -0.040366 0.062821 -0.067767 0.994903
1578.399467 615.990378 -73.097661 -8.518988 -0.041112 0.061747 -0.067396 0.994965
1578.499302 616.141788 -73.121660 -8.526069 -0.042790 0.060581 -0.067121 0.994984
1578.599148 616.286407 -73.137541 -8.532499 -0.043239 0.059167 -0.067067 0.995054
1578.699797 616.425642 -73.156842 -8.545295 -0.042403 0.058467 -0.067294 0.995116
1578.799654 616.568348 -73.182454 -8.556929 -0.041680 0.057075 -0.067509 0.995212
1578.899508 616.719339 -73.204614 -8.563242 -0.040282 0.054649 -0.068030 0.995371
1578.999350 616.867770 -73.226621 -8.572167 -0.040806 0.052772 -0.068494 0.995419
1579.099187 617.003669 -73.249852 -8.581704 -0.041536 0.051599 -0.068871 0.995424
1579.199810 617.143819 -73.275497 -8.586539 -0.042119 0.051159 -0.068634 0.995439
1579.299658 617.287616 -73.299394 -8.591312 -0.043305 0.049563 -0.067960 0.995515
1579.399508 617.427609 -73.316510 -8.594045 -0.044448 0.047761 -0.066968 0.995620
1579.499354 617.563414 -73.329745 -8.597140 -0.042723 0.047851 -0.066096 0.995749
1579.599195 617.694797 -73.348343 -8.599777 -0.043779 0.051280 -0.065729 0.995557
1579.699835 617.824964 -73.373055 -8.608379 -0.046815 0.054263 -0.066305 0.995222
1579.799686 617.954276 -73.397354 -8.622849 -0.048529 0.054465 -0.066561 0.995112
1579.899528 618.083809 -73.426555 -8.622240 -0.046063 0.053038 -0.066517 0.995309
1579.999373 618.214428 -73.442866 -8.620453 -0.042664 0.053039 -0.067383 0.995402
1580.099223 618.346383 -73.456588 -8.615744 -0.041286 0.053619 -0.068273 0.995369
1580.199459 618.481531 -73.475394 -8.621242 -0.041784 0.052045 -0.068871 0.995391
1580.299307 618.614806 -73.495390 -8.627035 -0.041381 0.052327 -0.068989 0.995384
1580.399142 618.754689 -73.518344 -8.629373 -0.040532 0.052340 -0.068297 0.995466
1580.499784 618.885100 -73.539879 -8.632235 -0.045400 0.052616 -0.067263 0.995312
1580.599617 619.006369 -73.557132 -8.638254 -0.047836 0.054011 -0.066673 0.995163
1580.699458 619.125993 -73.576731 -8.647716 -0.049723 0.055404 -0.066014 0.995038
1580.799282 619.241476 -73.602390 -8.656543 -0.048136 0.058342 -0.065757 0.994965
1580.899118 619.360526 -73.622249 -8.656438 -0.044157 0.064810 -0.066378 0.994708
1580.999755 619.492859 -73.629273 -8.658664 -0.041318 0.067350 -0.067264 0.994602
1581.099603 619.630119 -73.639854 -8.659877 -0.040388 0.065291 -0.067486 0.994762
1581.199436 619.758089 -73.656158 -8.661600 -0.038600 0.061210 -0.067281 0.995106
1581.299281 619.886855 -73.675093 -8.665093 -0.040081 0.061858 -0.067530 0.994991
1581.399131 620.016554 -73.704713 -8.667655 -0.040169 0.062445 -0.067615 0.994945
1581.499779 620.151116 -73.723816 -8.681229 -0.039924 0.062279 -0.067691 0.994960
1581.599617 620.280849 -73.738932 -8.691000 -0.041317 0.062276 -0.067622 0.994908
1581.699446 620.403063 -73.750079 -8.696459 -0.042735 0.061381 -0.067849 0.994888
1581.799271 620.532044 -73.766996 -8.700550 -0.043525 0.060625 -0.067558 0.994920
1581.899496 620.663498 -73.787659 -8.701878 -0.043268 0.061044 -0.067412 0.994916
1581.999326 620.795644 -73.801958 -8.705370 -0.043197 0.062691 -0.067627 0.994802
1582.099160 620.925618 -73.821005 -8.711984 -0.045481 0.063160 -0.067351 0.994689
1582.199804 621.051339 -73.837635 -8.710774 -0.047523 0.062513 -0.067363 0.994634
1582.299657 621.177024 -73.856227 -8.712177 -0.047947 0.060010 -0.067175 0.994780
1582.399497 621.313028 -73.869821 -8.718025 -0.048963 0.057503 -0.067013 0.994890
1582.499333 621.451307 -73.883535 -8.723565 -0.050206 0.055961 -0.067024 0.994915
1582.599167 621.591213 -73.902849 -8.728237 -0.052524 0.055683 -0.066639 0.994837
1582.699806 621.732790 -73.921080 -8.738506 -0.057312 0.054107 -0.066434 0.994673
1582.799652 621.871383 -73.926277 -8.746647 -0.057716 0.055149 -0.066909 0.994561
1582.899484 622.007787 -73.930373 -8.747230 -0.053606 0.059179 -0.066568 0.994582
1582.999328 622.140597 -73.927422 -8.752228 -0.049323 0.062294 -0.066974 0.994586
1583.099168 622.272056 -73.929283 -8.757162 -0.047403 0.061902 -0.066926 0.994707
1583.199809 622.401979 -73.931467 -8.762105 -0.048173 0.062329 -0.066833 0.994650
1583.299648 622.532367 -73.932227 -8.767989 -0.046850 0.063709 -0.065885 0.994689
1583.399471 622.666849 -73.940089 -8.778777 -0.046980 0.063671 -0.064878 0.994751
1583.499318 622.798079 -73.946613 -8.785632 -0.047766 0.060877 -0.064313 0.994925
1583.599159 622.930408 -73.953181 -8.792701 -0.047519 0.057424 -0.064088 0.995157
1583.699809 623.069384 -73.948121 -8.795622 -0.049054 0.056916 -0.064655 0.995075
1583.799650 623.206266 -73.937958 -8.796734 -0.047190 0.057551 -0.065559 0.995069
1583.899491 623.342060 -73.942017 -8.807168 -0.043068 0.057005 -0.066015 0.995258
1583.999344 623.475657 -73.948579 -8.821633 -0.037435 0.057330 -0.068742 0.995282
1584.099176 623.610640 -73.948913 -8.829374 -0.034040 0.057402 -0.073415 0.995066
1584.199815 623.746798 -73.953667 -8.837119 -0.035582 0.056061 -0.078483 0.994702
1584.299646 623.886957 -73.962815 -8.846833 -0.033538 0.054427 -0.084626 0.994360
1584.399501 624.022667 -73.971475 -8.853029 -0.036253 0.051449 -0.090937 0.993866
1584.499335 624.160322 -73.979857 -8.858590 -0.041620 0.051090 -0.095152 0.993279
1584.599165 624.295336 -73.990451 -8.863782 -0.044473 0.051552 -0.095658 0.993083
1584.699794 624.429809 -74.001689 -8.867934 -0.044394 0.053037 -0.095399 0.993033
1584.799640 624.556838 -74.011882 -8.871435 -0.045453 0.054008 -0.095079 0.992964
1584.899478 624.686863 -74.020810 -8.881702 -0.045422 0.056008 -0.094859 0.992875
1584.999317 624.812347 -74.036187 -8.878668 -0.044683 0.059528 -0.094646 0.992725
1585.099153 624.937198 -74.047483 -8.873981 -0.043528 0.057796 -0.094651 0.992878
1585.199786 625.066511 -74.058498 -8.876864 -0.044922 0.053343 -0.094804 0.993050
1585.299626 625.193948 -74.064035 -8.890088 -0.046325 0.050789 -0.094993 0.993102
1585.399468 625.330768 -74.076282 -8.901087 -0.042907 0.050048 -0.094515 0.993338
1585.499315 625.459473 -74.087870 -8.906253 -0.042593 0.053193 -0.094480 0.993192
1585.599159 625.583769 -74.101638 -8.907879 -0.043258 0.054467 -0.094866 0.993057
1585.699788 625.712206 -74.112785 -8.912501 -0.044843 0.054014 -0.095038 0.992995
1585.799627 625.835973 -74.121471 -8.920557 -0.043182 0.053602 -0.094967 0.993098
1585.899481 625.957699 -74.132165 -8.929929 -0.042216 0.054380 -0.095005 0.993094
1585.999298 626.082702 -74.142989 -8.940997 -0.042049 0.055063 -0.095419 0.993023
1586.099136 626.197971 -74.153520 -8.947627 -0.042791 0.055498 -0.095980 0.992913
1586.199772 626.321250 -74.167876 -8.944835 -0.042743 0.053702 -0.095773 0.993034
1586.299613 626.445377 -74.186298 -8.947737 -0.043768 0.053670 -0.095607 0.993007
1586.399464 626.565798 -74.196774 -8.959087 -0.045128 0.054245 -0.095708 0.992905
1586.499313 626.684244 -74.203888 -8.970874 -0.044588 0.055687 -0.095840 0.992837
1586.599143 626.798688 -74.211744 -8.980720 -0.044562 0.055219 -0.095982 0.992851
1586.699785 626.917372 -74.225726 -8.980278 -0.043214 0.056039 -0.096272 0.992836
1586.799614 627.035094 -74.243946 -8.981564 -0.044138 0.057136 -0.096597 0.992702
1586.899466 627.151207 -74.261666 -8.983381 -0.045507 0.057176 -0.096551 0.992642
1586.999307 627.265691 -74.276829 -8.991142 -0.046103 0.057532 -0.096369 0.992611
1587.099144 627.378084 -74.288928 -8.994236 -0.044789 0.058792 -0.096511 0.992584
1587.199792 627.494763 -74.302074 -9.001338 -0.044186 0.059065 -0.096762 0.992570
1587.299625 627.610695 -74.320694 -9.013468 -0.043156 0.057899 -0.096780 0.992683
1587.399463 627.728276 -74.340911 -9.016454 -0.044621 0.057640 -0.096805 0.992631
1587.499307 627.847793 -74.353103 -9.015734 -0.045297 0.057438 -0.095964 0.992693
1587.599144 627.964170 -74.364252 -9.013322 -0.046867 0.056771 -0.093400 0.992903
1587.699802 628.084708 -74.376571 -9.019932 -0.047188 0.057189 -0.090201 0.993160
1587.799646 628.195715 -74.395197 -9.029383 -0.048311 0.058059 -0.086578 0.993378
1587.899499 628.305037 -74.409569 -9.033151 -0.048998 0.058088 -0.082449 0.993694
1587.999344 628.422292 -74.419804 -9.029608 -0.050257 0.057599 -0.078037 0.994016
1588.099196 628.541264 -74.430430 -9.030433 -0.046248 0.056088 -0.075459 0.994495
1588.199828 628.653851 -74.446524 -9.036947 -0.046022 0.054860 -0.074162 0.994672
1588.299669 628.763823 -74.458679 -9.049914 -0.048537 0.055695 -0.072800 0.994607
1588.399505 628.880999 -74.467373 -9.062218 -0.048667 0.057718 -0.070460 0.994653
1588.499337 628.996413 -74.475476 -9.064988 -0.046269 0.059046 -0.069487 0.994758
1588.599167 629.116235 -74.487175 -9.062748 -0.045473 0.058420 -0.069730 0.994815
1588.699808 629.243518 -74.499533 -9.060910 -0.044093 0.056910 -0.069977 0.994947
1588.799641 629.364306 -74.510756 -9.066279 -0.043996 0.056415 -0.069755 0.994995
1588.899462 629.474677 -74.522454 -9.070886 -0.044080 0.056212 -0.069283 0.995036
1588.999296 629.586415 -74.534950 -9.073524 -0.045467 0.056336 -0.069889 0.994924
1589.099119 629.706060 -74.549584 -9.081304 -0.043518 0.056552 -0.070345 0.994967
1589.199752 629.820174 -74.564520 -9.091803 -0.043394 0.056755 -0.070090 0.994979
1589.299584 629.928048 -74.576369 -9.105344 -0.043926 0.056377 -0.069911 0.994990
1589.399412 630.035253 -74.581659 -9.115886 -0.045714 0.057346 -0.069789 0.994862
1589.499257 630.145196 -74.593829 -9.121130 -0.044829 0.058102 -0.069306 0.994893
1589.599496 630.256007 -74.606766 -9.119408 -0.044055 0.059422 -0.069823 0.994813
1589.699337 630.368412 -74.621748 -9.116257 -0.042081 0.061768 -0.070569 0.994703
1589.799179 630.477693 -74.638937 -9.121640 -0.041982 0.062909 -0.070484 0.994642
1589.899822 630.605418 -74.653558 -9.127165 -0.040685 0.062020 -0.070978 0.994716
1589.999667 630.724936 -74.664906 -9.133484 -0.040896 0.061071 -0.070790 0.994780
1590.099490 630.841315 -74.679557 -9.133749 -0.040285 0.064315 -0.069334 0.994703
1590.199342 630.955306 -74.694081 -9.135766 -0.040070 0.063831 -0.067735 0.994853
1590.299193 631.065113 -74.713830 -9.135653 -0.039610 0.059206 -0.067078 0.995202
1590.399821 631.182131 -74.740506 -9.135605 -0.039569 0.054224 -0.066830 0.995504
1590.499669 631.297283 -74.765583 -9.146253 -0.039166 0.053028 -0.067239 0.995557
1590.599512 631.408161 -74.789320 -9.161042 -0.038203 0.052469 -0.067511 0.995605
1590.699347 631.518043 -74.807323 -9.167930 -0.037364 0.052550 -0.067813 0.995612
1590.799212 631.632306 -74.830051 -9.155885 -0.033449 0.054506 -0.068009 0.995633
1590.899450 631.745872 -74.859139 -9.155501 -0.031919 0.054593 -0.068027 0.995677
1590.999291 631.856594 -74.894968 -9.164352 -0.032849 0.053565 -0.068099 0.995698
1591.099123 631.963892 -74.927641 -9.173342 -0.036673 0.052282 -0.067729 0.995658
1591.199770 632.067452 -74.958070 -9.181197 -0.039120 0.051156 -0.067667 0.995627
1591.299603 632.160779 -74.991657 -9.180274 -0.035662 0.049424 -0.067483 0.995857
1591.399420 632.254499 -75.033328 -9.177591 -0.031497 0.045683 -0.066925 0.996214
1591.499264 632.351346 -75.070938 -9.178865 -0.029335 0.042440 -0.066797 0.996432
1591.599488 632.448543 -75.113039 -9.168328 -0.031894 0.041089 -0.066617 0.996422
1591.699335 632.545767 -75.150967 -9.169496 -0.038080 0.040627 -0.066392 0.996239
1591.799175 632.642338 -75.191926 -9.179623 -0.038899 0.042121 -0.065612 0.996197
1591.899815 632.740928 -75.235409 -9.187343 -0.034244 0.043776 -0.065080 0.996331
1591.999647 632.831338 -75.280658 -9.182918 -0.030324 0.045255 -0.065536 0.996362
1592.099487 632.918060 -75.328401 -9.175605 -0.030607 0.044688 -0.065904 0.996355
1592.199335 632.988154 -75.380281 -9.170129 -0.032521 0.042247 -0.065483 0.996428
1592.299161 633.053377 -75.431334 -9.170660 -0.035533 0.042414 -0.065198 0.996337
1592.399798 633.124180 -75.485166 -9.174216 -0.035403 0.044110 -0.064973 0.996283
1592.499642 633.191320 -75.537184 -9.175379 -0.036569 0.045319 -0.064713 0.996203
1592.599494 633.259640 -75.589408 -9.174750 -0.041444 0.045656 -0.063255 0.996091
1592.699335 633.333499 -75.640253 -9.171209 -0.048263 0.047276 -0.061142 0.995840
1592.799186 633.402115 -75.693843 -9.168340 -0.050537 0.050288 -0.059250 0.995694
1592.899834 633.461870 -75.750341 -9.169095 -0.048562 0.052521 -0.058744 0.995707
1592.999677 633.517514 -75.803613 -9.173178 -0.047279 0.055897 -0.058959 0.995572
1593.099511 633.583483 -75.853601 -9.173868 -0.046402 0.059486 -0.059287 0.995386
1593.199353 633.656534 -75.902011 -9.170963 -0.045784 0.062101 -0.059125 0.995265
1593.299195 633.730009 -75.952384 -9.173763 -0.046683 0.063266 -0.058719 0.995173
1593.399826 633.802227 -76.000579 -9.172254 -0.047581 0.064268 -0.058448 0.995083
1593.499678 633.876214 -76.048782 -9.170839 -0.048783 0.064260 -0.058753 0.995007
1593.599525 633.945906 -76.095450 -9.172352 -0.049640 0.064002 -0.059175 0.994956
1593.699359 634.017004 -76.139388 -9.176449 -0.051473 0.062635 -0.059341 0.994940
1593.799194 634.087416 -76.178160 -9.173850 -0.051910 0.061387 -0.059454 0.994989
1593.899839 634.156320 -76.216439 -9.169107 -0.053783 0.061737 -0.059786 0.994848
1593.999676 634.236033 -76.251531 -9.161839 -0.053513 0.063418 -0.060129 0.994736
1594.099512 634.323789 -76.294060 -9.158303 -0.051537 0.065404 -0.060253 0.994704
1594.199351 634.412403 -76.338938 -9.158949 -0.050965 0.067265 -0.060500 0.994594
1594.299204 634.503180 -76.372418 -9.171967 -0.053186 0.070315 -0.060562 0.994263
1594.399431 634.598172 -76.403247 -9.177417 -0.054528 0.072438 -0.060169 0.994062
1594.499254 634.691701 -76.433492 -9.177812 -0.054558 0.072520 -0.059941 0.994068
1594.599492 634.778940 -76.464717 -9.170378 -0.052721 0.071449 -0.059526 0.994270
1594.699335 634.866777 -76.493425 -9.175411 -0.052063 0.071261 -0.059585 0.994314
1594.799166 634.955036 -76.519042 -9.181211 -0.053951 0.071072 -0.059462 0.994235
1594.899801 635.048482 -76.543179 -9.179638 -0.056316 0.071105 -0.059541 0.994096
1594.999644 635.149576 -76.564102 -9.182469 -0.058181 0.071087 -0.059772 0.993976
1595.099489 635.256156 -76.582651 -9.186721 -0.059540 0.070605 -0.059941 0.993920
1595.199312 635.373511 -76.596456 -9.198617 -0.057156 0.070360 -0.060129 0.994066
1595.299161 635.483980 -76.613617 -9.210599 -0.057927 0.073882 -0.060263 0.993758
1595.399791 635.604375 -76.633087 -9.215691 -0.058866 0.077474 -0.060332 0.993425
1595.499618 635.728632 -76.649251 -9.213995 -0.061826 0.079289 -0.060553 0.993088
1595.599450 635.856155 -76.653457 -9.218954 -0.063705 0.079123 -0.060978 0.992957
1595.699295 635.986368 -76.651261 -9.223876 -0.063262 0.078976 -0.061074 0.992991
1595.799151 636.113741 -76.656915 -9.229757 -0.060415 0.079690 -0.060897 0.993122
1595.899806 636.241301 -76.668731 -9.230572 -0.059280 0.078954 -0.061021 0.993241
1595.999645 636.379666 -76.672847 -9.235175 -0.055115 0.077546 -0.061575 0.993558
1596.099479 636.526186 -76.664333 -9.241218 -0.050677 0.076659 -0.061812 0.993848
1596.199319 636.679034 -76.653797 -9.247662 -0.047995 0.075326 -0.061668 0.994092
1596.299161 636.824111 -76.652181 -9.252728 -0.045844 0.072887 -0.061065 0.994413
1596.399796 636.969735 -76.651192 -9.263780 -0.045927 0.069851 -0.060605 0.994655
1596.499635 637.125143 -76.651797 -9.269906 -0.045215 0.067011 -0.060578 0.994885
1596.599473 637.278152 -76.652670 -9.274236 -0.046079 0.062574 -0.060174 0.995158
1596.699297 637.428234 -76.646197 -9.284491 -0.046012 0.058175 -0.060502 0.995408
1596.799142 637.576724 -76.642023 -9.297304 -0.043583 0.055739 -0.061123 0.995619
1596.899784 637.723530 -76.638993 -9.309073 -0.044127 0.055312 -0.061627 0.995588
1596.999633 637.868178 -76.642480 -9.312435 -0.041658 0.054321 -0.063380 0.995639
1597.099473 638.008322 -76.647499 -9.314828 -0.042808 0.054742 -0.064404 0.995501
1597.199313 638.158055 -76.649347 -9.318049 -0.044436 0.056315 -0.064707 0.995323
1597.299165 638.306680 -76.652366 -9.327685 -0.045005 0.055688 -0.064106 0.995371
1597.399800 638.453460 -76.655271 -9.342575 -0.047058 0.053962 -0.063650 0.995401
1597.499624 638.591319 -76.655037 -9.345846 -0.048642 0.051144 -0.063446 0.995486
1597.599454 638.726540 -76.654889 -9.355493 -0.047691 0.048290 -0.063318 0.995683
1597.699289 638.856897 -76.658422 -9.367708 -0.046101 0.050966 -0.064304 0.995561
1597.799128 638.995602 -76.666627 -9.383866 -0.045190 0.054092 -0.064794 0.995406
1597.899759 639.132686 -76.662733 -9.401362 -0.048091 0.054368 -0.065287 0.995223
1597.999606 639.264696 -76.667799 -9.431828 -0.047473 0.055311 -0.064727 0.995237
1598.099449 639.391876 -76.667877 -9.462004 -0.045292 0.056093 -0.064946 0.995281
1598.199304 639.519100 -76.667527 -9.489456 -0.041466 0.054815 -0.065417 0.995488
1598.299148 639.650056 -76.672144 -9.516158 -0.036455 0.053480 -0.066561 0.995681
1598.399796 639.782914 -76.679081 -9.551239 -0.032910 0.054856 -0.067289 0.995681
1598.499634 639.909559 -76.681608 -9.596545 -0.036145 0.058606 -0.067534 0.995338
1598.599478 640.029836 -76.685785 -9.634692 -0.041897 0.063156 -0.067527 0.994835
1598.699317 640.152142 -76.689632 -9.667035 -0.044842 0.062915 -0.067193 0.994744
1598.799152 640.276042 -76.697557 -9.695625 -0.044633 0.060885 -0.065950 0.994963
1598.899782 640.395917 -76.711111 -9.732219 -0.046484 0.057575 -0.064986 0.995139
1598.999619 640.519982 -76.721624 -9.771081 -0.046078 0.055761 -0.064982 0.995261
1599.099443 640.636213 -76.735437 -9.816105 -0.045499 0.055614 -0.064997 0.995295
1599.199295 640.757344 -76.750535 -9.865372 -0.045750 0.059648 -0.064938 0.995054
1599.299130 640.886821 -76.759149 -9.906509 -0.045123 0.061762 -0.065093 0.994943
1599.399771 641.010060 -76.763187 -9.936938 -0.045669 0.060888 -0.064943 0.994982
1599.499628 641.117762 -76.773919 -9.957002 -0.046241 0.058836 -0.064231 0.995125
1599.599480 641.227209 -76.786218 -9.972578 -0.047660 0.059038 -0.063957 0.995064
1599.699326 641.346924 -76.792876 -9.984014 -0.046735 0.061595 -0.064081 0.994945
1599.799159 641.476262 -76.800074 -10.004354 -0.045398 0.063435 -0.064387 0.994872
1599.899802 641.592210 -76.810150 -10.021642 -0.044336 0.063169 -0.064442 0.994933
1599.999641 641.694880 -76.818926 -10.028855 -0.044106 0.063141 -0.064669 0.994930
1600.099478 641.802218 -76.824446 -10.035266 -0.043457 0.064137 -0.064732 0.994891
1600.199323 641.930477 -76.831091 -10.041349 -0.043934 0.065764 -0.064822 0.994758
1600.299156 642.067132 -76.841960 -10.045139 -0.044307 0.065396 -0.064806 0.994767
1600.399789 642.203334 -76.854992 -10.049517 -0.044487 0.064258 -0.064949 0.994823
1600.499640 642.336744 -76.865923 -10.053296 -0.044624 0.063541 -0.065083 0.994854
1600.599478 642.458316 -76.877268 -10.061230 -0.045572 0.062186 -0.064957 0.994905
1600.699313 642.578749 -76.884124 -10.070496 -0.044727 0.060244 -0.064922 0.995065
1600.799152 642.695351 -76.893384 -10.079948 -0.044863 0.057838 -0.064552 0.995226
1600.899782 642.815251 -76.903412 -10.081609 -0.045623 0.056571 -0.064340 0.995278
1600.999619 642.936068 -76.914083 -10.084193 -0.047465 0.056054 -0.064572 0.995206
1601.099467 643.059501 -76.926220 -10.086833 -0.045624 0.056566 -0.064425 0.995273
1601.199326 643.177513 -76.938390 -10.091053 -0.042896 0.056518 -0.064238 0.995409
1601.299169 643.296862 -76.948288 -10.096514 -0.040953 0.056205 -0.065490 0.995427
1601.399802 643.415156 -76.954763 -10.096986 -0.040938 0.054304 -0.067023 0.995431
1601.499630 643.524715 -76.967095 -10.100642 -0.041243 0.052740 -0.067747 0.995454
1601.599471 643.628580 -76.978327 -10.101448 -0.043053 0.053010 -0.070394 0.995179
1601.699318 643.734730 -76.996828 -10.111422 -0.043725 0.051220 -0.072981 0.995057
1601.799145 643.846489 -77.013753 -10.120560 -0.044269 0.050144 -0.074786 0.994954
1601.899774 643.961211 -77.022903 -10.119143 -0.042281 0.051360 -0.075040 0.994959
1601.999606 644.076588 -77.031318 -10.129594 -0.044235 0.053058 -0.074780 0.994805
1602.099443 644.191139 -77.044475 -10.140040 -0.046826 0.054272 -0.074539 0.994639
1602.199289 644.297206 -77.065255 -10.139391 -0.047795 0.055206 -0.074037 0.994579
1602.299131 644.400599 -77.089781 -10.130262 -0.046444 0.056326 -0.073395 0.994627
1602.399773 644.506291 -77.096328 -10.140088 -0.048803 0.057534 -0.071220 0.994603
1602.499625 644.607256 -77.095864 -10.151627 -0.048469 0.058505 -0.067864 0.994798
1602.599458 644.702993 -77.100088 -10.156167 -0.047557 0.057341 -0.064264 0.995148
1602.699302 644.794602 -77.114247 -10.149324 -0.047136 0.052444 -0.061412 0.995619
1602.799147 644.894034 -77.123920 -10.139058 -0.048120 0.051333 -0.059512 0.995745
1602.899795 644.990869 -77.134210 -10.132752 -0.047649 0.054701 -0.058814 0.995630
1602.999625 645.095958 -77.146543 -10.146312 -0.048280 0.056798 -0.059383 0.995448
1603.099462 645.207176 -77.168169 -10.173666 -0.046385 0.055477 -0.059388 0.995612
1603.199306 645.314371 -77.174156 -10.185781 -0.041142 0.053687 -0.059374 0.995942
1603.299136 645.419932 -77.178670 -10.185499 -0.041455 0.053522 -0.058969 0.995962
1603.399777 645.516087 -77.188868 -10.188027 -0.043012 0.053951 -0.058503 0.995900
1603.499620 645.602879 -77.198252 -10.192158 -0.043685 0.054393 -0.058572 0.995843
1603.599468 645.681235 -77.205284 -10.192212 -0.043821 0.053448 -0.058920 0.995867
1603.699314 645.770804 -77.208783 -10.188229 -0.045137 0.054387 -0.059124 0.995745
1603.799156 645.858842 -77.215971 -10.191344 -0.047666 0.053360 -0.058854 0.995699
1603.899798 645.949871 -77.224827 -10.211109 -0.047403 0.052662 -0.058356 0.995778
1603.999652 646.039227 -77.234033 -10.220791 -0.048573 0.055138 -0.057837 0.995618
1604.099499 646.127980 -77.245348 -10.222308 -0.046978 0.056585 -0.058114 0.995597
1604.199341 646.221965 -77.256447 -10.220227 -0.045902 0.058093 -0.058948 0.995512
1604.299198 646.315114 -77.278569 -10.223301 -0.044184 0.058622 -0.059124 0.995548
1604.399436 646.404393 -77.291807 -10.234471 -0.044442 0.057943 -0.059588 0.995548
1604.499261 646.493360 -77.286318 -10.235627 -0.044790 0.057738 -0.059976 0.995521
1604.599506 646.585745 -77.288450 -10.230286 -0.045190 0.057170 -0.059534 0.995563
1604.699344 646.676429 -77.296715 -10.225871 -0.045913 0.055476 -0.059505 0.995627
1604.799180 646.764646 -77.312807 -10.227456 -0.045968 0.054260 -0.059073 0.995717
1604.899825 646.845012 -77.324024 -10.232571 -0.046680 0.053692 -0.059009 0.995719
1604.999664 646.923323 -77.333197 -10.242832 -0.047040 0.053847 -0.058873 0.995702
1605.099508 647.007155 -77.343186 -10.245759 -0.046388 0.054172 -0.058645 0.995728
1605.199345 647.083606 -77.354172 -10.235170 -0.046400 0.053443 -0.058541 0.995773
1605.299183 647.158446 -77.362960 -10.226999 -0.048133 0.050957 -0.058935 0.995798
1605.399820 647.235777 -77.366243 -10.223118 -0.048156 0.050509 -0.059662 0.995776
1605.499666 647.319095 -77.372401 -10.228670 -0.047375 0.051555 -0.059908 0.995745
1605.599514 647.409532 -77.382749 -10.241935 -0.048260 0.052135 -0.059513 0.995696
1605.699363 647.494803 -77.399449 -10.255598 -0.050229 0.053004 -0.058764 0.995598
1605.799213 647.571639 -77.413107 -10.259881 -0.049534 0.055764 -0.058443 0.995500
1605.899463 647.641431 -77.416688 -10.261220 -0.046787 0.056939 -0.058608 0.995557
1605.999297 647.713278 -77.420249 -10.252007 -0.042571 0.054592 -0.058838 0.995864
1606.099141 647.793936 -77.429639 -10.246104 -0.041052 0.052766 -0.058835 0.996027
1606.199790 647.873606 -77.436055 -10.254727 -0.041824 0.053693 -0.058836 0.995945
1606.299639 647.952707 -77.445528 -10.274074 -0.043496 0.055324 -0.058543 0.995801
1606.399472 648.026959 -77.450868 -10.287688 -0.045904 0.057199 -0.058485 0.995591
1606.499306 648.098882 -77.463485 -10.283382 -0.046288 0.058443 -0.058189 0.995518
1606.599140 648.167631 -77.474852 -10.283090 -0.046342 0.058323 -0.058191 0.995522
1606.699776 648.248826 -77.481828 -10.287908 -0.046086 0.057588 -0.058401 0.995565
1606.799612 648.330444 -77.492733 -10.294134 -0.045755 0.059013 -0.058419 0.995495
1606.899446 648.406109 -77.509792 -10.297712 -0.044972 0.059833 -0.058151 0.995498
1606.999281 648.477853 -77.522540 -10.298035 -0.045205 0.060231 -0.058247 0.995458
1607.099123 648.546541 -77.528340 -10.300091 -0.045974 0.059873 -0.058244 0.995444
1607.199767 648.618721 -77.535822 -10.301627 -0.046296 0.058780 -0.058283 0.995492
1607.299616 648.696239 -77.540281 -10.304065 -0.046296 0.057767 -0.058270 0.995552
1607.399441 648.779553 -77.550325 -10.309582 -0.046129 0.057967 -0.057992 0.995565
1607.499297 648.860627 -77.557946 -10.309674 -0.046970 0.059106 -0.058063 0.995454
1607.599139 648.939928 -77.570492 -10.314523 -0.043737 0.056465 -0.058482 0.995730
1607.699770 649.023164 -77.583508 -10.314598 -0.042446 0.055293 -0.059468 0.995793
1607.799600 649.116721 -77.596341 -10.316734 -0.043862 0.056298 -0.060472 0.995615
1607.899446 649.206375 -77.602477 -10.324018 -0.044081 0.058239 -0.060782 0.995475
1607.999290 649.290805 -77.613054 -10.333805 -0.043236 0.060099 -0.060311 0.995430
1608.099124 649.372899 -77.623545 -10.341632 -0.043203 0.061716 -0.059674 0.995371
1608.199752 649.454177 -77.633145 -10.341352 -0.044507 0.060542 -0.058729 0.995442
1608.299587 649.525915 -77.640826 -10.342727 -0.050537 0.056313 -0.058317 0.995427
1608.399417 649.593436 -77.654171 -10.339201 -0.053115 0.054303 -0.057456 0.995454
1608.499259 649.668728 -77.665076 -10.339856 -0.051565 0.057609 -0.057762 0.995332
1608.599518 649.751129 -77.675844 -10.351485 -0.050078 0.063707 -0.058668 0.994983
1608.699375 649.842797 -77.687139 -10.363033 -0.045760 0.068196 -0.059334 0.994854
1608.799202 649.939959 -77.698935 -10.364232 -0.042545 0.064788 -0.059681 0.995204
1608.899450 650.041144 -77.708545 -10.349904 -0.040167 0.056414 -0.060035 0.995791
1608.999300 650.135607 -77.718436 -10.346859 -0.041369 0.051210 -0.060057 0.996022
1609.099133 650.215125 -77.732914 -10.354737 -0.040902 0.052178 -0.059498 0.996024
1609.199763 650.290487 -77.740945 -10.366871 -0.041031 0.054673 -0.058769 0.995928
1609.299607 650.367208 -77.748257 -10.379007 -0.044057 0.056578 -0.058031 0.995736
1609.399447 650.451915 -77.757998 -10.382462 -0.047530 0.058330 -0.057547 0.995503
1609.499286 650.544432 -77.774582 -10.378393 -0.049529 0.059595 -0.057295 0.995345
1609.599139 650.633388 -77.798480 -10.382509 -0.047674 0.058135 -0.056924 0.995544
1609.699788 650.719239 -77.811133 -10.383013 -0.045777 0.057954 -0.056968 0.995641
1609.799619 650.797875 -77.810712 -10.398027 -0.046148 0.059784 -0.057283 0.995497
1609.899458 650.868220 -77.815154 -10.416122 -0.046651 0.061828 -0.057402 0.995342
1609.999288 650.939237 -77.827101 -10.425731 -0.047099 0.063349 -0.057545 0.995217
1610.099137 651.017469 -77.843399 -10.431695 -0.046580 0.063582 -0.057554 0.995226
1610.199778 651.106355 -77.858240 -10.436855 -0.047168 0.061832 -0.057648 0.995303
1610.299616 651.196078 -77.872797 -10.451466 -0.046987 0.060402 -0.057664 0.995399
1610.399450 651.287309 -77.884770 -10.471799 -0.046208 0.059983 -0.057794 0.995453
1610.499294 651.372881 -77.888786 -10.492124 -0.045566 0.061258 -0.058078 0.995388
1610.599132 651.458138 -77.900446 -10.510126 -0.045989 0.061326 -0.058115 0.995363
1610.699777 651.542565 -77.912597 -10.524127 -0.046976 0.061463 -0.057912 0.995320
1610.799616 651.637066 -77.930012 -10.530920 -0.047072 0.060965 -0.057740 0.995356
1610.899475 651.736649 -77.944330 -10.536691 -0.046439 0.061307 -0.058003 0.995349
1610.999324 651.825283 -77.955114 -10.542923 -0.045611 0.063036 -0.057521 0.995308
1611.099169 651.912038 -77.966642 -10.552469 -0.046880 0.064783 -0.057170 0.995157
1611.199815 651.997248 -77.981309 -10.557396 -0.047607 0.065201 -0.057166 0.995095
1611.299652 652.081051 -78.001394 -10.560010 -0.046785 0.064678 -0.057014 0.995177
1611.399487 652.169024 -78.012975 -10.557774 -0.045234 0.063993 -0.057816 0.995247
1611.499330 652.265780 -78.017974 -10.560107 -0.043727 0.062434 -0.057934 0.995406
1611.599174 652.360451 -78.020356 -10.565026 -0.044286 0.062008 -0.057892 0.995411
1611.699821 652.459008 -78.033685 -10.568266 -0.046262 0.065128 -0.057604 0.995138
1611.799651 652.561171 -78.052570 -10.571763 -0.047082 0.068634 -0.057415 0.994875
1611.899500 652.655693 -78.063846 -10.577634 -0.045586 0.067702 -0.057775 0.994988
1611.999343 652.752736 -78.078215 -10.578598 -0.043756 0.064040 -0.058351 0.995279
1612.099193 652.851540 -78.091550 -10.571706 -0.042884 0.061285 -0.058977 0.995453
1612.199850 652.953111 -78.102396 -10.575558 -0.043782 0.060312 -0.059237 0.995458
1612.299680 653.055912 -78.115393 -10.587022 -0.044301 0.061443 -0.058919 0.995385
1612.399510 653.156276 -78.126883 -10.598538 -0.044738 0.061235 -0.058463 0.995405
1612.499344 653.254217 -78.141608 -10.609672 -0.045405 0.061595 -0.058525 0.995349
1612.599195 653.356884 -78.161444 -10.612625 -0.045033 0.061999 -0.058578 0.995338
1612.699822 653.460363 -78.178354 -10.612180 -0.045877 0.060579 -0.058530 0.995389
1612.799651 653.558326 -78.190478 -10.611062 -0.048564 0.058906 -0.058614 0.995357
1612.899486 653.656149 -78.204430 -10.607367 -0.050068 0.058018 -0.058400 0.995347
1612.999329 653.748753 -78.212711 -10.612513 -0.049005 0.057489 -0.058767 0.995409
1613.099184 653.844935 -78.223880 -10.627336 -0.047920 0.057681 -0.058851 0.995446
1613.199832 653.952828 -78.239226 -10.633584 -0.045592 0.057289 -0.059333 0.995550
1613.299652 654.061146 -78.256053 -10.635302 -0.045619 0.058465 -0.060004 0.995440
1613.399499 654.167258 -78.271757 -10.631904 -0.045200 0.060438 -0.060420 0.995316
1613.499349 654.272333 -78.286067 -10.637358 -0.045147 0.061997 -0.061098 0.995181
1613.599189 654.377195 -78.295584 -10.640668 -0.045933 0.064387 -0.061374 0.994976
1613.699825 654.483345 -78.305765 -10.646668 -0.046153 0.063838 -0.060933 0.995029
1613.799669 654.588433 -78.320093 -10.652680 -0.045432 0.063208 -0.060079 0.995154
1613.899504 654.688974 -78.338154 -10.656938 -0.046892 0.061947 -0.059250 0.995215
1613.999353 654.789574 -78.357588 -10.661739 -0.048399 0.062593 -0.058597 0.995141
1614.099176 654.890344 -78.372573 -10.665417 -0.049388 0.063320 -0.058598 0.995047
1614.199843 654.988275 -78.380194 -10.669668 -0.048881 0.064268 -0.058514 0.995016
1614.299685 655.085252 -78.392531 -10.674659 -0.046726 0.064980 -0.058257 0.995088
1614.399513 655.198184 -78.415328 -10.674171 -0.045822 0.063993 -0.057829 0.995219
1614.499355 655.307702 -78.437891 -10.667365 -0.046005 0.061084 -0.057381 0.995419
1614.599205 655.419198 -78.454449 -10.672078 -0.047726 0.059212 -0.057393 0.995451
1614.699437 655.534728 -78.467114 -10.689853 -0.048144 0.059299 -0.057854 0.995399
1614.799276 655.644521 -78.478939 -10.705124 -0.047033 0.059962 -0.057797 0.995416
1614.899524 655.747736 -78.489585 -10.709484 -0.046540 0.060234 -0.057347 0.995448
1614.999357 655.843972 -78.501324 -10.710678 -0.047798 0.058476 -0.057107 0.995507
1615.099204 655.949793 -78.513962 -10.710349 -0.048938 0.057073 -0.057289 0.995523
1615.199439 656.058358 -78.527079 -10.712637 -0.050857 0.058322 -0.057841 0.995322
1615.299277 656.169458 -78.545079 -10.720124 -0.048463 0.059061 -0.058341 0.995369
1615.399119 656.281081 -78.558886 -10.736012 -0.045183 0.058901 -0.059133 0.995486
1615.499760 656.381586 -78.572409 -10.742728 -0.040157 0.058773 -0.059268 0.995701
1615.599598 656.485481 -78.584705 -10.746443 -0.042524 0.059923 -0.058523 0.995578
1615.699437 656.599963 -78.595766 -10.753857 -0.046283 0.058639 -0.057951 0.995521
1615.799271 656.712372 -78.610787 -10.753787 -0.049503 0.056295 -0.057382 0.995534
1615.899513 656.819015 -78.623447 -10.745775 -0.051093 0.054067 -0.057186 0.995588
1615.999365 656.917601 -78.629280 -10.744460 -0.051639 0.056661 -0.057872 0.995376
1616.099200 657.012622 -78.642718 -10.750796 -0.048522 0.057588 -0.057990 0.995473
1616.199433 657.097390 -78.660567 -10.763498 -0.042332 0.057054 -0.057769 0.995799
1616.299273 657.189821 -78.665189 -10.776514 -0.041973 0.060797 -0.058568 0.995546
1616.399515 657.283098 -78.679221 -10.779001 -0.041922 0.060578 -0.058403 0.995571
1616.499364 657.370456 -78.690233 -10.771835 -0.043512 0.059241 -0.058601 0.995572
1616.599217 657.460614 -78.707306 -10.773764 -0.045568 0.058599 -0.058161 0.995544
1616.699446 657.569405 -78.723392 -10.780373 -0.046193 0.060300 -0.057872 0.995430
1616.799293 657.680802 -78.734517 -10.789752 -0.046461 0.061316 -0.057667 0.995367
1616.899145 657.792987 -78.744389 -10.796158 -0.048023 0.062362 -0.057829 0.995219
1616.999779 657.898659 -78.763939 -10.801045 -0.048171 0.062516 -0.058054 0.995189
1617.099619 658.000739 -78.772343 -10.804162 -0.048368 0.061820 -0.058925 0.995172
1617.199467 658.095089 -78.773856 -10.808376 -0.047574 0.060458 -0.059095 0.995284
1617.299314 658.176585 -78.780523 -10.815249 -0.043439 0.058685 -0.058368 0.995622
1617.399148 658.271082 -78.796392 -10.817546 -0.043491 0.058949 -0.058081 0.995620
1617.499792 658.371487 -78.816161 -10.823491 -0.048503 0.058353 -0.057675 0.995448
1617.599619 658.468741 -78.830606 -10.823278 -0.049297 0.055850 -0.057389 0.995569
1617.699458 658.566479 -78.848201 -10.817212 -0.046292 0.054156 -0.056756 0.995843
1617.799284 658.672911 -78.858005 -10.823150 -0.045623 0.057236 -0.056852 0.995696
1617.899100 658.772799 -78.869952 -10.835723 -0.046045 0.059008 -0.056622 0.995586
1617.999738 658.861958 -78.884395 -10.842477 -0.047608 0.059916 -0.057134 0.995429
1618.099568 658.943652 -78.897434 -10.843962 -0.048059 0.059309 -0.057262 0.995436
1618.199408 659.028984 -78.914377 -10.843028 -0.048093 0.058565 -0.057234 0.995480
1618.299242 659.117294 -78.923023 -10.839802 -0.045955 0.058124 -0.057767 0.995577
1618.399486 659.202142 -78.934558 -10.843371 -0.046050 0.058243 -0.057720 0.995568
1618.499346 659.293697 -78.943827 -10.842694 -0.046900 0.057941 -0.057884 0.995536
1618.599176 659.379411 -78.954048 -10.846247 -0.047433 0.058173 -0.057797 0.995503
1618.699811 659.461283 -78.961892 -10.852520 -0.048374 0.059303 -0.057419 0.995413
1618.799639 659.544135 -78.970111 -10.858815 -0.049534 0.061719 -0.057485 0.995205
1618.899502 659.634979 -78.985887 -10.867646 -0.046400 0.064031 -0.057548 0.995206
1618.999347 659.727737 -79.001958 -10.872832 -0.042679 0.066676 -0.057668 0.995192
1619.099189 659.827382 -79.013656 -10.876065 -0.041382 0.068004 -0.058052 0.995135
1619.199827 659.921175 -79.022015 -10.867107 -0.042785 0.069457 -0.058247 0.994963
1619.299665 660.013449 -79.026631 -10.870126 -0.045900 0.069823 -0.058342 0.994794
1619.399506 660.110845 -79.037830 -10.880548 -0.046481 0.068218 -0.058331 0.994878
1619.499344 660.205594 -79.049877 -10.889539 -0.045522 0.067493 -0.058319 0.994973
1619.599171 660.299780 -79.063254 -10.894253 -0.044818 0.067791 -0.058247 0.994989
1619.699819 660.396280 -79.070591 -10.897695 -0.045196 0.068001 -0.058684 0.994932
1619.799648 660.493218 -79.073793 -10.902314 -0.045766 0.067697 -0.058654 0.994928
1619.899478 660.595740 -79.085909 -10.906794 -0.045015 0.068076 -0.058175 0.994965
1619.999317 660.698840 -79.113311 -10.908760 -0.045989 0.067587 -0.057510 0.994992
1620.099154 660.799686 -79.140919 -10.907601 -0.046871 0.065983 -0.057346 0.995068
1620.199783 660.902146 -79.157141 -10.913185 -0.047145 0.066374 -0.057796 0.995003
1620.299614 661.006449 -79.165963 -10.920951 -0.046978 0.067477 -0.058229 0.994912
1620.399453 661.112550 -79.182617 -10.925528 -0.045941 0.066989 -0.057757 0.995021
1620.499293 661.224780 -79.190768 -10.923839 -0.045031 0.066222 -0.057893 0.995106
1620.599141 661.332190 -79.209394 -10.916584 -0.045978 0.065699 -0.057866 0.995099
1620.699775 661.426706 -79.210408 -10.908895 -0.045784 0.064015 -0.058577 0.995176
1620.799620 661.527421 -79.213563 -10.912899 -0.044761 0.061912 -0.059533 0.995298
1620.899454 661.627998 -79.235299 -10.929388 -0.044031 0.060029 -0.061646 0.995318
1620.999282 661.742379 -79.264661 -10.941141 -0.042106 0.060566 -0.064212 0.995206
1621.099116 661.858119 -79.288586 -10.949094 -0.040369 0.062237 -0.067152 0.994981
1621.199747 661.973804 -79.303794 -10.952443 -0.041197 0.062616 -0.070119 0.994719
1621.299583 662.089336 -79.319671 -10.953067 -0.042957 0.061876 -0.072472 0.994522
1621.399427 662.205570 -79.331244 -10.949963 -0.043819 0.060350 -0.074019 0.994464
1621.499261 662.310868 -79.346943 -10.956207 -0.043856 0.058999 -0.075355 0.994443
1621.599495 662.411427 -79.364700 -10.961461 -0.042621 0.057521 -0.077369 0.994429
1621.699320 662.510257 -79.379975 -10.968452 -0.045844 0.058329 -0.079053 0.994106
1621.799151 662.607111 -79.395930 -10.985295 -0.046129 0.059798 -0.078875 0.994020
1621.899771 662.718906 -79.413784 -10.991826 -0.047352 0.060396 -0.078586 0.993949
1621.999611 662.832823 -79.428203 -10.987178 -0.045678 0.060219 -0.078394 0.994053
1622.099443 662.940591 -79.449317 -10.978636 -0.045949 0.061914 -0.078405 0.993936
1622.199290 663.052990 -79.473799 -10.985373 -0.045775 0.062661 -0.078696 0.993874
1622.299121 663.172743 -79.495183 -11.000351 -0.044567 0.063133 -0.079266 0.993853
1622.399759 663.290285 -79.513342 -11.007303 -0.044426 0.063024 -0.079077 0.993882
1622.499603 663.406322 -79.531740 -11.003213 -0.044136 0.061592 -0.078814 0.994005
1622.599425 663.522123 -79.547951 -10.993117 -0.044980 0.061176 -0.078960 0.993982
1622.699248 663.623985 -79.556246 -10.993062 -0.045195 0.061090 -0.079257 0.993954
1622.799485 663.719704 -79.571864 -11.007245 -0.044521 0.061889 -0.079596 0.993908
1622.899327 663.818318 -79.593966 -11.019445 -0.045634 0.064507 -0.079473 0.993700
1622.999176 663.921281 -79.611279 -11.017576 -0.046824 0.065729 -0.078730 0.993624
1623.099817 664.019815 -79.632558 -11.015306 -0.046987 0.063940 -0.078795 0.993728
1623.199666 664.127847 -79.656067 -11.023472 -0.047171 0.064112 -0.079115 0.993683
1623.299501 664.234544 -79.681758 -11.037583 -0.046679 0.064231 -0.079628 0.993657
1623.399339 664.350816 -79.701497 -11.037763 -0.044993 0.064325 -0.079896 0.993708
1623.499182 664.467466 -79.712682 -11.035683 -0.045875 0.064331 -0.079733 0.993680
1623.599811 664.577195 -79.726503 -11.033758 -0.046873 0.064686 -0.079029 0.993666
1623.699653 664.689174 -79.747536 -11.035985 -0.047293 0.064035 -0.079171 0.993677
1623.799484 664.804784 -79.775300 -11.032816 -0.045916 0.063172 -0.079072 0.993805
1623.899320 664.916715 -79.802789 -11.036317 -0.045231 0.063837 -0.078988 0.993801
1623.999158 665.024545 -79.823163 -11.054620 -0.045740 0.064636 -0.078992 0.993725
1624.099793 665.133348 -79.838253 -11.064183 -0.050260 0.063248 -0.078682 0.993621
1624.199648 665.242225 -79.851296 -11.060121 -0.050849 0.064564 -0.078478 0.993523
1624.299491 665.357612 -79.867815 -11.056803 -0.049321 0.064196 -0.078950 0.993586
1624.399329 665.474307 -79.895191 -11.057143 -0.043645 0.063308 -0.079067 0.993899
1624.499169 665.591301 -79.914598 -11.061307 -0.041037 0.063173 -0.079780 0.993962
1624.599798 665.707081 -79.927680 -11.067776 -0.041749 0.063518 -0.080212 0.993876
1624.699633 665.826874 -79.946624 -11.076397 -0.044502 0.063159 -0.080071 0.993790
1624.799482 665.953922 -79.962169 -11.073861 -0.047129 0.061378 -0.080305 0.993762
1624.899307 666.056798 -79.986170 -11.075886 -0.049035 0.061785 -0.079586 0.993702
1624.999155 666.156550 -80.008753 -11.089270 -0.049811 0.064161 -0.077416 0.993685
1625.099794 666.266039 -80.019925 -11.092120 -0.051475 0.064755 -0.073202 0.993881
1625.199646 666.378032 -80.028574 -11.093145 -0.048035 0.065962 -0.069450 0.994243
1625.299500 666.500600 -80.047856 -11.092493 -0.044857 0.063555 -0.067928 0.994653
1625.399319 666.627804 -80.077596 -11.087343 -0.046048 0.060065 -0.067372 0.994853
1625.499168 666.757359 -80.095201 -11.090292 -0.050236 0.060145 -0.068293 0.994583
1625.599807 666.875025 -80.109146 -11.106744 -0.050630 0.064633 -0.069197 0.994219
1625.699643 666.988735 -80.124087 -11.119805 -0.048600 0.069564 -0.069356 0.993976
1625.799496 667.110917 -80.145831 -11.118884 -0.045673 0.072321 -0.069018 0.993942
1625.899344 667.230705 -80.165723 -11.116451 -0.043878 0.070424 -0.069297 0.994139
1625.999187 667.336726 -80.181692 -11.119476 -0.043130 0.066941 -0.069972 0.994365
1626.099830 667.444853 -80.198381 -11.125764 -0.043335 0.065129 -0.069536 0.994507
1626.199664 667.555166 -80.215636 -11.135527 -0.045163 0.064675 -0.067617 0.994588
1626.299507 667.672931 -80.230273 -11.144741 -0.045957 0.065077 -0.066423 0.994606
1626.399345 667.795666 -80.247595 -11.146821 -0.045779 0.065426 -0.066229 0.994604
1626.499184 667.914885 -80.263433 -11.147848 -0.046806 0.065704 -0.066383 0.994528
1626.599825 668.029340 -80.281081 -11.153947 -0.046329 0.066094 -0.066472 0.994518
1626.699677 668.142187 -80.306411 -11.175968 -0.045589 0.067412 -0.066433 0.994467
1626.799527 668.267554 -80.318862 -11.180484 -0.045373 0.069387 -0.066925 0.994308
1626.899355 668.395141 -80.338352 -11.172637 -0.045256 0.070476 -0.066826 0.994243
1626.999182 668.521652 -80.357463 -11.172881 -0.045514 0.070415 -0.066811 0.994237
1627.099822 668.640123 -80.373348 -11.179825 -0.045899 0.069774 -0.066920 0.994257
1627.199668 668.754450 -80.396860 -11.178905 -0.045887 0.068240 -0.066797 0.994372
1627.299503 668.867264 -80.420155 -11.181213 -0.046465 0.066937 -0.066940 0.994424
1627.399334 668.978152 -80.435497 -11.193546 -0.045984 0.066776 -0.066825 0.994465
1627.499176 669.093287 -80.446080 -11.201860 -0.046816 0.065053 -0.066576 0.994557
1627.599809 669.211407 -80.458663 -11.200985 -0.050187 0.062952 -0.066261 0.994549
1627.699645 669.338183 -80.479554 -11.191868 -0.050352 0.065564 -0.066132 0.994381
1627.799490 669.473155 -80.499330 -11.201839 -0.046662 0.068316 -0.066628 0.994342
1627.899345 669.610298 -80.522990 -11.210053 -0.043948 0.068875 -0.067252 0.994385
1627.999195 669.735759 -80.540583 -11.207911 -0.040663 0.065686 -0.067918 0.994695
1628.099833 669.853017 -80.559172 -11.208090 -0.041379 0.062993 -0.068238 0.994818
1628.199676 669.981010 -80.579999 -11.211641 -0.043328 0.062949 -0.067839 0.994765
1628.299528 670.110563 -80.600301 -11.222234 -0.046134 0.061347 -0.066963 0.994798
1628.399362 670.234890 -80.618688 -11.235859 -0.048791 0.056730 -0.066256 0.994993
1628.499202 670.359619 -80.629374 -11.239138 -0.049823 0.054133 -0.066172 0.995092
1628.599441 670.475947 -80.639069 -11.234320 -0.048918 0.054684 -0.065868 0.995127
1628.699272 670.595809 -80.658958 -11.237519 -0.049522 0.054115 -0.064468 0.995220
1628.799503 670.712362 -80.681794 -11.248394 -0.049175 0.053082 -0.064073 0.995318
1628.899347 670.822966 -80.699244 -11.261757 -0.046563 0.057174 -0.064363 0.995199
1628.999184 670.924391 -80.716680 -11.275171 -0.045124 0.060958 -0.064186 0.995052
1629.099818 671.028741 -80.731319 -11.274536 -0.044327 0.062287 -0.064183 0.995006
1629.199676 671.138190 -80.743288 -11.268370 -0.045686 0.061802 -0.064131 0.994978
1629.299510 671.245036 -80.754764 -11.272814 -0.046076 0.060897 -0.064291 0.995005
1629.399339 671.353510 -80.768831 -11.276797 -0.045992 0.060838 -0.064262 0.995015
1629.499180 671.462173 -80.782725 -11.290695 -0.045206 0.061818 -0.064508 0.994974
1629.599827 671.569166 -80.801110 -11.300840 -0.045069 0.063650 -0.064672 0.994854
1629.699668 671.676992 -80.814097 -11.311627 -0.045515 0.064514 -0.064836 0.994768
1629.799521 671.782464 -80.829618 -11.324337 -0.045779 0.063679 -0.064623 0.994823
1629.899360 671.888738 -80.852407 -11.351609 -0.046252 0.061328 -0.064551 0.994954
1629.999197 671.989882 -80.874180 -11.381992 -0.045756 0.060770 -0.064636 0.995005
1630.099824 672.089151 -80.890562 -11.399379 -0.045193 0.062685 -0.064691 0.994909
1630.199675 672.194689 -80.910284 -11.425781 -0.044591 0.064111 -0.064797 0.994838
1630.299526 672.292162 -80.928124 -11.458499 -0.045704 0.065069 -0.064902 0.994719
1630.399374 672.389156 -80.946672 -11.487561 -0.046525 0.065177 -0.064445 0.994703
1630.499211 672.499986 -80.959935 -11.510813 -0.047384 0.063436 -0.064052 0.994801
1630.599446 672.610669 -80.981106 -11.532958 -0.047470 0.060899 -0.063591 0.994984
1630.699295 672.723284 -81.001079 -11.569827 -0.045346 0.061539 -0.063911 0.995024
1630.799117 672.838324 -81.018629 -11.599568 -0.045297 0.064644 -0.064065 0.994819
1630.899746 672.942537 -81.027758 -11.610770 -0.044944 0.068143 -0.064237 0.994590
1630.999587 673.049863 -81.037770 -11.622041 -0.044839 0.069764 -0.064100 0.994492
1631.099433 673.154078 -81.056762 -11.631683 -0.045598 0.070039 -0.063679 0.994465
1631.199284 673.250812 -81.077139 -11.647589 -0.045030 0.069921 -0.063481 0.994512
1631.299121 673.348571 -81.087189 -11.657825 -0.044695 0.068982 -0.063461 0.994594
1631.399755 673.448733 -81.096617 -11.665989 -0.044811 0.069829 -0.063441 0.994531
1631.499587 673.548828 -81.115914 -11.682990 -0.045382 0.071837 -0.063356 0.994367
1631.599441 673.653525 -81.136843 -11.708048 -0.046246 0.071644 -0.063577 0.994327
1631.699291 673.768535 -81.150093 -11.726774 -0.045191 0.070052 -0.064214 0.994448
1631.799134 673.880219 -81.162580 -11.734640 -0.044175 0.069171 -0.064489 0.994538
1631.899791 673.997362 -81.178989 -11.740766 -0.043934 0.069288 -0.064299 0.994553
1631.999636 674.107309 -81.193475 -11.759849 -0.045061 0.069926 -0.064485 0.994445
1632.099489 674.211333 -81.211530 -11.786672 -0.045441 0.070492 -0.064392 0.994394
1632.199325 674.332185 -81.229404 -11.804558 -0.044424 0.070934 -0.064540 0.994399
1632.299173 674.459814 -81.247796 -11.822850 -0.044827 0.069469 -0.064616 0.994479
1632.399806 674.577070 -81.269751 -11.847939 -0.044506 0.066951 -0.064369 0.994683
1632.499629 674.685376 -81.285264 -11.870477 -0.044015 0.064927 -0.064368 0.994839
1632.599474 674.797158 -81.300015 -11.888369 -0.044269 0.064910 -0.064601 0.994813
1632.699315 674.916258 -81.317224 -11.907857 -0.047344 0.067442 -0.064746 0.994494
1632.799148 675.033281 -81.333351 -11.931606 -0.046125 0.068182 -0.064954 0.994487
1632.899772 675.155795 -81.360715 -11.962434 -0.042541 0.066419 -0.064970 0.994765
1632.999612 675.274278 -81.379704 -11.989634 -0.041128 0.066511 -0.065552 0.994780
1633.099464 675.385803 -81.392524 -12.009511 -0.041087 0.066152 -0.065275 0.994824
1633.199300 675.503464 -81.407835 -12.024699 -0.044916 0.065801 -0.064400 0.994739
1633.299124 675.635152 -81.424243 -12.048545 -0.048422 0.065738 -0.063863 0.994613
1633.399771 675.765917 -81.444633 -12.064609 -0.048889 0.065046 -0.063613 0.994652
1633.499609 675.887116 -81.466788 -12.069569 -0.047727 0.063772 -0.063975 0.994768
1633.599448 676.005335 -81.487305 -12.079550 -0.046862 0.062589 -0.064251 0.994866
1633.699292 676.128966 -81.502350 -12.089585 -0.045282 0.062894 -0.064526 0.994902
1633.799125 676.253407 -81.514354 -12.099688 -0.044052 0.063451 -0.064631 0.994915
1633.899768 676.375608 -81.530276 -12.101455 -0.043220 0.064396 -0.064133 0.994923
1633.999605 676.491352 -81.550172 -12.101282 -0.043747 0.063952 -0.063803 0.994950
1634.099452 676.614177 -81.571858 -12.104805 -0.045853 0.063916 -0.063491 0.994877
1634.199288 676.744317 -81.593998 -12.113294 -0.047931 0.062239 -0.063584 0.994880
1634.299119 676.873068 -81.610648 -12.117311 -0.048389 0.058475 -0.063372 0.995100
1634.399761 676.998862 -81.626375 -12.121685 -0.048402 0.057909 -0.063728 0.995109
1634.499608 677.118909 -81.645243 -12.131022 -0.045501 0.058335 -0.064199 0.995191
1634.599451 677.237294 -81.665583 -12.135989 -0.043889 0.059364 -0.064944 0.995154
1634.699285 677.351125 -81.682060 -12.139759 -0.046966 0.062101 -0.065382 0.994818
1634.799115 677.465544 -81.697481 -12.140451 -0.046307 0.064169 -0.065268 0.994725
1634.899753 677.580891 -81.715655 -12.142413 -0.045969 0.063931 -0.064957 0.994777
1634.999602 677.689625 -81.737834 -12.149182 -0.045750 0.063584 -0.064495 0.994839
1635.099432 677.800011 -81.752601 -12.158186 -0.045292 0.064599 -0.064403 0.994800
1635.199270 677.918088 -81.770385 -12.174225 -0.045201 0.064632 -0.064218 0.994814
1635.299492 678.035879 -81.792741 -12.185902 -0.044709 0.065554 -0.063588 0.994817
1635.399335 678.159649 -81.813439 -12.187412 -0.046640 0.067508 -0.062984 0.994636
1635.499180 678.289428 -81.826737 -12.180498 -0.048222 0.068657 -0.062124 0.994536
1635.599817 678.418987 -81.844284 -12.183693 -0.050899 0.068830 -0.061034 0.994458
1635.699668 678.544053 -81.863453 -12.192417 -0.052441 0.070711 -0.061233 0.994234
1635.799510 678.656621 -81.883699 -12.196825 -0.048096 0.070800 -0.062011 0.994399
1635.899352 678.770958 -81.902191 -12.207977 -0.041969 0.067149 -0.062621 0.994891
1635.999185 678.890223 -81.913866 -12.209645 -0.040112 0.065483 -0.063142 0.995046
1636.099810 679.013570 -81.924023 -12.209645 -0.042291 0.063052 -0.063044 0.995119
1636.199652 679.135429 -81.936902 -12.209329 -0.045959 0.063378 -0.062686 0.994958
1636.299481 679.252931 -81.957348 -12.216502 -0.046336 0.063201 -0.062377 0.994971
1636.399312 679.366136 -81.981894 -12.216441 -0.045660 0.063679 -0.062234 0.994981
1636.499169 679.476833 -81.997586 -12.217378 -0.044309 0.062504 -0.061985 0.995132
1636.599793 679.595013 -82.006528 -12.221275 -0.045719 0.064469 -0.062702 0.994898
1636.699643 679.719674 -82.022162 -12.230001 -0.045263 0.066053 -0.063048 0.994793
1636.799484 679.851070 -82.043686 -12.239886 -0.041848 0.065997 -0.063626 0.994909
1636.899334 679.984643 -82.065641 -12.248926 -0.041148 0.066077 -0.063831 0.994920
1636.999176 680.110042 -82.086595 -12.248477 -0.044317 0.065961 -0.063028 0.994843
1637.099818 680.236359 -82.102656 -12.245179 -0.047902 0.065226 -0.062604 0.994752
1637.199656 680.354057 -82.120904 -12.250068 -0.047746 0.063098 -0.061840 0.994945
1637.299506 680.464888 -82.136703 -12.256443 -0.046567 0.061447 -0.061097 0.995150
1637.399347 680.581193 -82.154971 -12.262666 -0.046685 0.059617 -0.060352 0.995301
1637.499192 680.697713 -82.171324 -12.268093 -0.048822 0.061512 -0.060292 0.995087
1637.599838 680.825746 -82.191777 -12.277920 -0.052053 0.065750 -0.059967 0.994671
1637.699680 680.949219 -82.205960 -12.283975 -0.053482 0.067120 -0.059277 0.994546
1637.799523 681.071533 -82.213690 -12.296174 -0.051108 0.065219 -0.059567 0.994780
1637.899375 681.190203 -82.227321 -12.302792 -0.044555 0.063627 -0.060681 0.995130
1637.999199 681.308817 -82.244063 -12.308904 -0.036774 0.060957 -0.062003 0.995534
1638.099439 681.433009 -82.260327 -12.312974 -0.037694 0.061021 -0.062579 0.995459
1638.199278 681.563491 -82.275959 -12.313693 -0.040651 0.065292 -0.062267 0.995092
1638.299123 681.691098 -82.290497 -12.308871 -0.043670 0.067604 -0.062074 0.994821
1638.399756 681.818996 -82.299665 -12.312271 -0.043109 0.067089 -0.062182 0.994874
1638.499608 681.945170 -82.315495 -12.318815 -0.043878 0.066263 -0.062325 0.994887
1638.599446 682.069879 -82.337918 -12.329344 -0.043451 0.065628 -0.062290 0.994950
1638.699279 682.188323 -82.350728 -12.340071 -0.043951 0.065228 -0.062300 0.994953
1638.799128 682.312124 -82.365755 -12.343455 -0.044782 0.064881 -0.062195 0.994946
1638.899760 682.436319 -82.378100 -12.346954 -0.046364 0.062785 -0.062610 0.994982
1638.999610 682.539649 -82.396762 -12.355534 -0.047455 0.060880 -0.062438 0.995059
1639.099459 682.642345 -82.416450 -12.355376 -0.045975 0.060269 -0.062435 0.995166
1639.199310 682.755994 -82.434362 -12.357880 -0.044493 0.063099 -0.062175 0.995074
1639.299150 682.874307 -82.450595 -12.364040 -0.046995 0.066590 -0.061697 0.994762
1639.399782 682.991980 -82.468198 -12.373680 -0.048483 0.067862 -0.061231 0.994633
1639.499630 683.108766 -82.482583 -12.374415 -0.046468 0.067336 -0.060935 0.994783
1639.599463 683.225680 -82.498220 -12.378275 -0.042053 0.064910 -0.061082 0.995132
1639.699306 683.338650 -82.515582 -12.382232 -0.040979 0.063352 -0.061317 0.995263
1639.799142 683.448153 -82.532316 -12.386002 -0.043730 0.063330 -0.061625 0.995128
1639.899799 683.570002 -82.545005 -12.392132 -0.046207 0.063636 -0.062004 0.994973
1639.999643 683.696889 -82.559550 -12.399184 -0.046077 0.064248 -0.062282 0.994922
1640.099485 683.815462 -82.581750 -12.408239 -0.044744 0.064193 -0.062352 0.994982
1640.199325 683.921971 -82.596274 -12.410708 -0.044176 0.063899 -0.062876 0.994993
1640.299172 684.030636 -82.609724 -12.405115 -0.043329 0.060263 -0.062580 0.995276
1640.399812 684.144325 -82.627267 -12.402266 -0.044024 0.058595 -0.062335 0.995361
1640.499648 684.266049 -82.648200 -12.412941 -0.046332 0.059614 -0.062436 0.995189
1640.599496 684.393504 -82.663728 -12.421314 -0.047680 0.061211 -0.062622 0.995017
1640.699331 684.521856 -82.682636 -12.425406 -0.047596 0.062760 -0.062190 0.994951
1640.799172 684.638070 -82.700057 -12.432375 -0.047655 0.063930 -0.062101 0.994880
1640.899813 684.740278 -82.717088 -12.440810 -0.047305 0.063425 -0.061927 0.994939
1640.999653 684.840998 -82.735423 -12.441943 -0.047621 0.063825 -0.061938 0.994898
1641.099510 684.957676 -82.747807 -12.442878 -0.047934 0.063852 -0.062283 0.994860
1641.199357 685.066627 -82.759427 -12.443347 -0.045711 0.063466 -0.062321 0.994987
1641.299184 685.172409 -82.770976 -12.445435 -0.043355 0.063140 -0.062077 0.995128
1641.399823 685.276557 -82.782222 -12.455571 -0.044006 0.062987 -0.061933 0.995118
1641.499658 685.389442 -82.803876 -12.466564 -0.046651 0.062354 -0.061346 0.995074
1641.599495 685.499178 -82.822182 -12.472053 -0.047422 0.064255 -0.061915 0.994881
1641.699348 685.605769 -82.826682 -12.474628 -0.045623 0.066882 -0.062886 0.994731
1641.799194 685.715840 -82.836565 -12.472541 -0.043960 0.068918 -0.063366 0.994637
1641.899829 685.835034 -82.857504 -12.473361 -0.041570 0.069496 -0.062964 0.994725
1641.999678 685.943642 -82.877249 -12.474854 -0.042080 0.066762 -0.063039 0.994886
1642.099510 686.048688 -82.891646 -12.479341 -0.044415 0.063467 -0.063054 0.994999
1642.199344 686.166209 -82.908156 -12.488970 -0.047112 0.062994 -0.063368 0.994885
1642.299197 686.286151 -82.922952 -12.497251 -0.047358 0.063614 -0.062926 0.994862
1642.399839 686.402718 -82.938462 -12.502569 -0.044966 0.065172 -0.062573 0.994895
1642.499688 686.519543 -82.957427 -12.504073 -0.045367 0.064847 -0.062550 0.994899
1642.599542 686.641636 -82.972919 -12.511550 -0.045998 0.062657 -0.062232 0.995030
1642.699369 686.767509 -82.991065 -12.517650 -0.046221 0.065926 -0.062166 0.994813
1642.799203 686.886181 -83.005795 -12.524797 -0.043663 0.068756 -0.062255 0.994731
1642.899444 686.997434 -83.020097 -12.528232 -0.043225 0.068317 -0.062236 0.994782
1642.999290 687.102309 -83.031664 -12.527640 -0.042942 0.067586 -0.063014 0.994795
1643.099121 687.207163 -83.047618 -12.529038 -0.042619 0.066105 -0.063132 0.994901
1643.199745 687.311377 -83.063945 -12.538839 -0.043260 0.065196 -0.062827 0.994953
1643.299589 687.422281 -83.080809 -12.546222 -0.043588 0.065473 -0.062655 0.994931
1643.399419 687.535398 -83.095044 -12.545125 -0.043824 0.065748 -0.062500 0.994912
1643.499252 687.655614 -83.109479 -12.545866 -0.045764 0.064113 -0.062197 0.994951
1643.599503 687.779705 -83.131110 -12.553883 -0.048154 0.065653 -0.061602 0.994774
1643.699346 687.895259 -83.152319 -12.563153 -0.047055 0.067675 -0.061445 0.994701
1643.799206 688.007301 -83.168930 -12.574101 -0.045214 0.067869 -0.061784 0.994752
1643.899436 688.128075 -83.184756 -12.581326 -0.045431 0.065153 -0.062417 0.994885
1643.999284 688.249951 -83.198430 -12.582157 -0.044651 0.062208 -0.062674 0.995092
1644.099134 688.369453 -83.210376 -12.575489 -0.044606 0.060566 -0.062797 0.995188
1644.199784 688.483138 -83.225388 -12.579306 -0.043534 0.061939 -0.062830 0.995149
1644.299623 688.593593 -83.241614 -12.595588 -0.043490 0.065209 -0.062899 0.994937
1644.399459 688.704483 -83.256653 -12.609269 -0.045486 0.068005 -0.062796 0.994667
1644.499299 688.821008 -83.274969 -12.617365 -0.046457 0.068413 -0.063022 0.994580
1644.599129 688.930421 -83.293522 -12.616174 -0.046282 0.068346 -0.063424 0.994567
1644.699762 689.039929 -83.311651 -12.621879 -0.045716 0.067702 -0.063617 0.994625
1644.799599 689.154291 -83.329867 -12.638586 -0.045831 0.067385 -0.063709 0.994636
1644.899449 689.276750 -83.342625 -12.664874 -0.043847 0.066253 -0.063748 0.994799
1644.999287 689.395718 -83.363258 -12.693107 -0.043833 0.066300 -0.063257 0.994827
1645.099117 689.513546 -83.384037 -12.714974 -0.044846 0.065926 -0.062860 0.994832
1645.199766 689.632961 -83.407945 -12.735476 -0.043933 0.063334 -0.061852 0.995105
1645.299609 689.754756 -83.424738 -12.758222 -0.043789 0.062434 -0.061615 0.995182
1645.399444 689.871889 -83.436553 -12.777746 -0.045669 0.063556 -0.062125 0.994995
1645.499287 689.981034 -83.452363 -12.798730 -0.046946 0.063710 -0.062776 0.994885
1645.599126 690.095721 -83.474265 -12.816932 -0.045619 0.062407 -0.062763 0.995030
1645.699761 690.219846 -83.500477 -12.846399 -0.046288 0.063724 -0.062929 0.994905
1645.799611 690.340127 -83.517079 -12.869710 -0.045693 0.063242 -0.062980 0.994960
1645.899479 690.454234 -83.541143 -12.886858 -0.044950 0.064597 -0.061894 0.994975
1645.999329 690.574796 -83.555127 -12.910012 -0.046782 0.067660 -0.061468 0.994714
1646.099155 690.694773 -83.567864 -12.923274 -0.046686 0.068593 -0.061291 0.994665
1646.199791 690.809686 -83.587057 -12.939087 -0.046465 0.071841 -0.062092 0.994397
1646.299630 690.929310 -83.612231 -12.955259 -0.046296 0.073271 -0.062293 0.994288
1646.399475 691.052663 -83.627086 -12.964409 -0.045962 0.071911 -0.062531 0.994387
1646.499310 691.179262 -83.646054 -12.966355 -0.046003 0.068861 -0.062025 0.994633
1646.599143 691.309661 -83.657910 -12.973067 -0.046470 0.066146 -0.062317 0.994777
1646.699785 691.436951 -83.669043 -12.980870 -0.045229 0.066095 -0.063141 0.994786
1646.799621 691.556534 -83.682974 -12.993113 -0.046095 0.067003 -0.063245 0.994679
1646.899468 691.675246 -83.706317 -13.004477 -0.046197 0.065507 -0.063066 0.994785
1646.999300 691.803523 -83.728673 -13.009539 -0.044608 0.061824 -0.062425 0.995134
1647.099143 691.935086 -83.741519 -13.014476 -0.045322 0.060662 -0.062226 0.995185
1647.199789 692.075697 -83.757777 -13.021923 -0.043857 0.062602 -0.061544 0.995173
1647.299614 692.203321 -83.773978 -13.026525 -0.040808 0.067569 -0.061478 0.994982
1647.399445 692.320033 -83.789302 -13.032892 -0.038824 0.069631 -0.061629 0.994910
1647.499283 692.437361 -83.805729 -13.029552 -0.041131 0.067895 -0.061648 0.994936
1647.599125 692.557013 -83.818314 -13.026491 -0.044046 0.067195 -0.061951 0.994840
1647.699761 692.672832 -83.829317 -13.030910 -0.044317 0.066216 -0.061959 0.994893
1647.799586 692.793269 -83.845346 -13.041147 -0.044098 0.065844 -0.061929 0.994929
1647.899428 692.928047 -83.864179 -13.055834 -0.043209 0.065497 -0.062387 0.994963
1647.999273 693.058660 -83.882228 -13.060397 -0.044805 0.066415 -0.063004 0.994792
1648.099507 693.188553 -83.904442 -13.052124 -0.044579 0.067129 -0.063129 0.994747
1648.199339 693.320873 -83.924344 -13.048556 -0.045582 0.065918 -0.063034 0.994788
1648.299184 693.446219 -83.937901 -13.053029 -0.046324 0.064499 -0.063231 0.994835
1648.399831 693.570779 -83.954275 -13.069254 -0.044136 0.063374 -0.063138 0.995012
1648.499672 693.687746 -83.970584 -13.090231 -0.042673 0.065120 -0.063277 0.994954
1648.599517 693.808587 -83.987263 -13.091741 -0.043281 0.065599 -0.062976 0.994916
1648.699341 693.938026 -84.002582 -13.086569 -0.044802 0.063758 -0.062350 0.995008
1648.799183 694.066684 -84.013548 -13.081643 -0.045234 0.061156 -0.061960 0.995176
1648.899826 694.184313 -84.028940 -13.080205 -0.046198 0.058085 -0.062034 0.995311
1648.999664 694.302163 -84.047025 -13.086645 -0.046032 0.058068 -0.062465 0.995292
1649.099515 694.430571 -84.066743 -13.097246 -0.045721 0.060679 -0.062761 0.995132
1649.199351 694.559366 -84.081779 -13.111777 -0.046557 0.064740 -0.063380 0.994799
1649.299190 694.685139 -84.095164 -13.123539 -0.046978 0.065970 -0.063300 0.994703
1649.399831 694.807497 -84.117932 -13.126535 -0.046590 0.064159 -0.062859 0.994868
1649.499680 694.931513 -84.139812 -13.126089 -0.045348 0.060976 -0.063202 0.995103
1649.599514 695.050988 -84.158516 -13.121360 -0.044553 0.060576 -0.063448 0.995148
1649.699340 695.174685 -84.171230 -13.129317 -0.043997 0.064678 -0.063805 0.994892
1649.799184 695.295398 -84.183074 -13.138156 -0.043791 0.064847 -0.063419 0.994915
1649.899823 695.421675 -84.202052 -13.148406 -0.042226 0.063228 -0.063160 0.995103
1649.999661 695.536443 -84.216209 -13.152554 -0.043499 0.064636 -0.063338 0.994946
1650.099493 695.639771 -84.225961 -13.156831 -0.045330 0.066721 -0.063292 0.994730
1650.199331 695.747191 -84.245769 -13.159795 -0.045705 0.067797 -0.062791 0.994672
1650.299181 695.865090 -84.268558 -13.160171 -0.045728 0.068025 -0.062794 0.994655
1650.399821 695.987725 -84.285262 -13.158879 -0.044606 0.066931 -0.062685 0.994787
1650.499661 696.115208 -84.304482 -13.165883 -0.045399 0.066335 -0.062632 0.994794
1650.599497 696.242185 -84.319932 -13.174742 -0.044715 0.067146 -0.062739 0.994764
1650.699321 696.369783 -84.338713 -13.184934 -0.044550 0.067069 -0.062680 0.994781
1650.799166 696.495025 -84.360347 -13.182628 -0.043823 0.066573 -0.062737 0.994843
1650.899793 696.616721 -84.374478 -13.184032 -0.043150 0.066191 -0.063185 0.994869
1650.999627 696.741278 -84.389015 -13.192137 -0.043143 0.065883 -0.063364 0.994879
1651.099470 696.853564 -84.405281 -13.196732 -0.044532 0.065828 -0.063339 0.994822
1651.199306 696.963282 -84.425619 -13.200690 -0.044835 0.066633 -0.063255 0.994761
1651.299134 697.081139 -84.445039 -13.202879 -0.044694 0.066607 -0.062944 0.994788
1651.399757 697.200285 -84.458422 -13.210395 -0.044451 0.065165 -0.062745 0.994907
1651.499596 697.316735 -84.471685 -13.220094 -0.045395 0.062938 -0.062430 0.995028
1651.599428 697.437680 -84.484956 -13.239977 -0.045647 0.060313 -0.062415 0.995180
1651.699260 697.558389 -84.502921 -13.243513 -0.043638 0.061390 -0.062679 0.995188
1651.799499 697.679343 -84.526389 -13.242829 -0.042678 0.064220 -0.062285 0.995075
1651.899345 697.805210 -84.548042 -13.243580 -0.043179 0.064790 -0.062068 0.995030
1651.999183 697.934508 -84.566830 -13.245572 -0.045875 0.063225 -0.062269 0.994998
1652.099827 698.060861 -84.583262 -13.253415 -0.046153 0.060507 -0.062495 0.995140
1652.199661 698.181532 -84.600259 -13.266529 -0.043046 0.061584 -0.063169 0.995170
1652.299515 698.290936 -84.620940 -13.278654 -0.043924 0.064737 -0.063634 0.994902
1652.399352 698.394735 -84.631985 -13.289483 -0.044400 0.066182 -0.063711 0.994781
1652.499192 698.507459 -84.645046 -13.302300 -0.046601 0.068035 -0.063310 0.994581
1652.599836 698.620684 -84.660323 -13.319111 -0.046240 0.070095 -0.063366 0.994451
1652.699669 698.744613 -84.679687 -13.332178 -0.045387 0.070081 -0.063329 0.994494
1652.799512 698.870843 -84.702675 -13.341925 -0.043158 0.070511 -0.063266 0.994567
1652.899354 698.993589 -84.721490 -13.357439 -0.044238 0.069490 -0.063379 0.994584
1652.999201 699.115805 -84.739420 -13.363407 -0.045784 0.067585 -0.063018 0.994668
1653.099447 699.238139 -84.758604 -13.371208 -0.046940 0.066254 -0.062243 0.994753
1653.199289 699.354623 -84.778213 -13.392644 -0.045980 0.065510 -0.062126 0.994854
1653.299130 699.470018 -84.786249 -13.410488 -0.046226 0.064927 -0.062641 0.994849
1653.399756 699.583658 -84.805481 -13.425229 -0.044928 0.065088 -0.063121 0.994867
1653.499581 699.700276 -84.829067 -13.445199 -0.043939 0.063318 -0.063342 0.995011
1653.599410 699.810638 -84.847194 -13.462075 -0.044765 0.061614 -0.063584 0.995066
1653.699248 699.930502 -84.858114 -13.469326 -0.045152 0.061120 -0.063643 0.995075
1653.799482 700.049144 -84.871241 -13.479514 -0.045076 0.059770 -0.063641 0.995161
1653.899318 700.165891 -84.886032 -13.490236 -0.044414 0.059670 -0.063697 0.995193
1653.999144 700.271090 -84.906627 -13.491315 -0.044865 0.060324 -0.063347 0.995156
1654.099767 700.377969 -84.931701 -13.491986 -0.045093 0.060750 -0.063343 0.995120
1654.199595 700.495859 -84.945732 -13.499195 -0.043707 0.058532 -0.063314 0.995317
1654.299439 700.613591 -84.955472 -13.508056 -0.044780 0.057110 -0.063367 0.995348
1654.399282 700.726591 -84.967891 -13.513381 -0.046630 0.059348 -0.063821 0.995103
1654.499124 700.840701 -84.981248 -13.514119 -0.046115 0.058842 -0.063814 0.995158
1654.599767 700.964602 -84.997408 -13.515850 -0.046398 0.059276 -0.063824 0.995118
1654.699606 701.070754 -85.015818 -13.522415 -0.043975 0.059701 -0.063285 0.995237
1654.799438 701.168317 -85.036633 -13.526222 -0.040635 0.062988 -0.062838 0.995205
1654.899266 701.274602 -85.050704 -13.527169 -0.042097 0.065766 -0.062463 0.994988
1654.999513 701.383553 -85.063379 -13.529266 -0.047365 0.067225 -0.061501 0.994714
1655.099350 701.495329 -85.075138 -13.532198 -0.048374 0.065857 -0.061142 0.994779
1655.199186 701.607254 -85.098695 -13.535000 -0.049692 0.064431 -0.061247 0.994801
1655.299826 701.721733 -85.123324 -13.534168 -0.049266 0.061510 -0.061551 0.994988
1655.399680 701.827665 -85.137138 -13.542002 -0.048695 0.059645 -0.062029 0.995100
1655.499516 701.938343 -85.151859 -13.551757 -0.047162 0.059667 -0.062424 0.995148
1655.599355 702.038805 -85.164045 -13.562431 -0.045056 0.059678 -0.062772 0.995223
1655.699199 702.136791 -85.179553 -13.566605 -0.044766 0.060366 -0.063145 0.995171
1655.799453 702.237990 -85.193541 -13.567720 -0.043977 0.060653 -0.063367 0.995174
1655.899283 702.339760 -85.208622 -13.569297 -0.044015 0.060899 -0.064048 0.995114
1655.999119 702.447752 -85.226910 -13.573988 -0.044090 0.060698 -0.064171 0.995115
1656.099751 702.561449 -85.238309 -13.576274 -0.044508 0.060388 -0.064247 0.995110
1656.199602 702.665302 -85.246155 -13.579524 -0.044742 0.059965 -0.063853 0.995151
1656.299450 702.757724 -85.256295 -13.580316 -0.045059 0.060637 -0.063696 0.995106
1656.399288 702.856682 -85.274999 -13.586550 -0.043770 0.061823 -0.063459 0.995106
1656.499116 702.955739 -85.292097 -13.594241 -0.044122 0.062349 -0.063084 0.995081
1656.599757 703.056128 -85.300119 -13.599939 -0.044302 0.062241 -0.062900 0.995091
1656.699607 703.154017 -85.310372 -13.605566 -0.045240 0.062440 -0.062767 0.995045
1656.799446 703.245919 -85.329492 -13.604016 -0.045624 0.061789 -0.062208 0.995103
1656.899284 703.338562 -85.347886 -13.608418 -0.044357 0.060418 -0.061685 0.995277
1656.999114 703.434324 -85.362394 -13.612700 -0.043372 0.060249 -0.060884 0.995380
1657.099753 703.535900 -85.374304 -13.620424 -0.044247 0.061304 -0.060152 0.995322
1657.199585 703.637163 -85.389003 -13.623339 -0.047282 0.063272 -0.059895 0.995075
1657.299423 703.744009 -85.406321 -13.624315 -0.048471 0.062713 -0.060309 0.995028
1657.399254 703.854377 -85.422504 -13.627832 -0.045218 0.061643 -0.060849 0.995215
1657.499505 703.955090 -85.432218 -13.635103 -0.043304 0.063718 -0.061309 0.995141
1657.599337 704.052573 -85.441010 -13.636109 -0.042127 0.067744 -0.061682 0.994903
1657.699184 704.162733 -85.456670 -13.642267 -0.043812 0.068511 -0.061611 0.994782
1657.799830 704.271168 -85.470396 -13.643110 -0.046948 0.067642 -0.062080 0.994669
1657.899674 704.369371 -85.484350 -13.649532 -0.048128 0.068346 -0.062627 0.994530
1657.999508 704.474454 -85.498875 -13.657362 -0.046695 0.069327 -0.062891 0.994514
1658.099345 704.573343 -85.514482 -13.661806 -0.044388 0.067976 -0.062583 0.994732
1658.199188 704.660895 -85.525797 -13.660914 -0.043864 0.068174 -0.062359 0.994756
1658.299812 704.748445 -85.535683 -13.665450 -0.044336 0.068701 -0.061893 0.994728
1658.399666 704.842223 -85.544989 -13.674803 -0.044564 0.070337 -0.062261 0.994580
1658.499494 704.946498 -85.556602 -13.684572 -0.044999 0.071954 -0.063491 0.994367
1658.599342 705.055717 -85.574301 -13.684285 -0.043862 0.069404 -0.064153 0.994557
1658.699191 705.168807 -85.590496 -13.685707 -0.043919 0.069356 -0.064354 0.994545
1658.799835 705.285600 -85.611528 -13.690242 -0.046418 0.069665 -0.064427 0.994405
1658.899685 705.411630 -85.628211 -13.693341 -0.046510 0.069920 -0.064046 0.994407
1658.999516 705.528382 -85.642467 -13.698090 -0.046437 0.069750 -0.063675 0.994447
1659.099355 705.634584 -85.652398 -13.698569 -0.045933 0.069085 -0.063844 0.994506
1659.199212 705.736063 -85.669427 -13.698100 -0.047350 0.067191 -0.064335 0.994537
1659.299451 705.836892 -85.695748 -13.701987 -0.046549 0.064702 -0.064583 0.994724
1659.399303 705.944434 -85.705839 -13.710933 -0.044400 0.064143 -0.065615 0.994791
1659.499147 706.054119 -85.715961 -13.719116 -0.044865 0.065859 -0.064792 0.994712
1659.599790 706.156455 -85.739095 -13.725287 -0.047332 0.070272 -0.064515 0.994313
1659.699627 706.271073 -85.759084 -13.729819 -0.045489 0.070518 -0.064127 0.994407
1659.799469 706.394307 -85.775709 -13.731444 -0.045727 0.066790 -0.063834 0.994672
1659.899302 706.522632 -85.788979 -13.734791 -0.046169 0.064240 -0.064065 0.994805
1659.999159 706.642737 -85.805795 -13.732873 -0.044749 0.066902 -0.063763 0.994714
1660.099799 706.757203 -85.822403 -13.733630 -0.045344 0.068560 -0.064250 0.994543
1660.199628 706.869878 -85.837163 -13.743330 -0.045059 0.067586 -0.064516 0.994605
1660.299467 706.984054 -85.859481 -13.754606 -0.042396 0.063459 -0.064240 0.995012
1660.399310 707.101525 -85.874725 -13.760991 -0.043544 0.061678 -0.064550 0.995054
1660.499139 707.223936 -85.889237 -13.754715 -0.047358 0.061541 -0.064849 0.994869
1660.599771 707.339864 -85.904139 -13.755822 -0.049122 0.061717 -0.065091 0.994757
1660.699610 707.449732 -85.922518 -13.764047 -0.049806 0.064436 -0.065321 0.994535
1660.799445 707.566523 -85.937002 -13.768390 -0.045162 0.066106 -0.065352 0.994645
1660.899286 707.684631 -85.957835 -13.783372 -0.042140 0.066222 -0.065736 0.994745
1660.999126 707.808181 -85.981992 -13.791105 -0.044236 0.068427 -0.065890 0.994495
1661.099756 707.924731 -85.997588 -13.790315 -0.048578 0.069910 -0.065841 0.994192
1661.199610 708.041983 -86.009712 -13.794051 -0.046027 0.068781 -0.065684 0.994403
1661.299444 708.155610 -86.024393 -13.799463 -0.043303 0.068423 -0.065103 0.994588
1661.399279 708.276253 -86.041313 -13.808764 -0.043154 0.068198 -0.064527 0.994647
1661.499115 708.397125 -86.056707 -13.810515 -0.044930 0.069198 -0.064281 0.994515
1661.599758 708.508766 -86.080633 -13.817108 -0.047861 0.066808 -0.063510 0.994592
1661.699600 708.621310 -86.093313 -13.814417 -0.048819 0.065048 -0.063884 0.994638
1661.799441 708.737825 -86.110771 -13.821976 -0.047563 0.065032 -0.064429 0.994665
1661.899272 708.855895 -86.138787 -13.840179 -0.045415 0.063962 -0.064402 0.994836
1661.999508 708.978426 -86.159755 -13.846734 -0.043305 0.064981 -0.065173 0.994814
1662.099354 709.101433 -86.166175 -13.847170 -0.042656 0.065614 -0.065793 0.994760
1662.199198 709.216094 -86.176489 -13.844396 -0.043446 0.064847 -0.065690 0.994782
1662.299453 709.322513 -86.193087 -13.843919 -0.043863 0.065586 -0.064710 0.994780
1662.399302 709.434839 -86.212574 -13.854496 -0.044871 0.066401 -0.064340 0.994705
1662.499136 709.555441 -86.235183 -13.865696 -0.045015 0.065759 -0.064084 0.994758
1662.599770 709.675447 -86.253663 -13.872079 -0.044304 0.064726 -0.064273 0.994845
1662.699606 709.801072 -86.269388 -13.867218 -0.044389 0.066294 -0.064270 0.994738
1662.799450 709.920083 -86.286951 -13.868455 -0.045749 0.067182 -0.064548 0.994599
1662.899290 710.038525 -86.306206 -13.872733 -0.045774 0.066039 -0.064824 0.994656
1662.999135 710.160600 -86.321283 -13.879267 -0.045585 0.065852 -0.064846 0.994676
1663.099777 710.278754 -86.336521 -13.890113 -0.044959 0.065133 -0.064783 0.994756
1663.199617 710.400222 -86.355842 -13.902606 -0.046617 0.065850 -0.064925 0.994623
1663.299452 710.523922 -86.371423 -13.905677 -0.045846 0.066989 -0.065054 0.994575
1663.399285 710.641643 -86.388779 -13.911377 -0.045624 0.065074 -0.065345 0.994693
1663.499118 710.757925 -86.406474 -13.919593 -0.043834 0.062983 -0.064917 0.994936
1663.599761 710.886874 -86.423104 -13.915885 -0.042518 0.065471 -0.063739 0.994909
1663.699599 711.009390 -86.439883 -13.912445 -0.048429 0.067384 -0.063124 0.994550
1663.799426 711.128268 -86.452310 -13.910656 -0.051726 0.065594 -0.063188 0.994499
1663.899244 711.245296 -86.466817 -13.923379 -0.051730 0.063277 -0.063697 0.994617
1663.999481 711.367170 -86.485037 -13.930610 -0.046692 0.067304 -0.064854 0.994527
1664.099305 711.493718 -86.508881 -13.937712 -0.042068 0.070510 -0.065193 0.994489
1664.199146 711.619501 -86.532223 -13.934571 -0.041388 0.071629 -0.065620 0.994410
1664.299786 711.745880 -86.545000 -13.936093 -0.041855 0.070604 -0.065717 0.994457
1664.399626 711.871721 -86.558604 -13.940342 -0.043514 0.069218 -0.064999 0.994530
1664.499462 711.996921 -86.574380 -13.953909 -0.044931 0.065771 -0.064712 0.994720
1664.599300 712.109844 -86.596845 -13.959976 -0.045840 0.065910 -0.064553 0.994680
1664.699142 712.224706 -86.618032 -13.966741 -0.046375 0.065990 -0.064959 0.994623
1664.799785 712.356575 -86.641988 -13.967528 -0.043178 0.064912 -0.064999 0.994835
1664.899618 712.486631 -86.657082 -13.973484 -0.042125 0.067645 -0.064789 0.994712
1664.999459 712.612597 -86.672184 -13.987171 -0.046004 0.070028 -0.063953 0.994429
1665.099295 712.738102 -86.693511 -13.999494 -0.050346 0.068787 -0.062984 0.994367
1665.199145 712.856875 -86.717774 -14.007677 -0.049542 0.066297 -0.062900 0.994582
1665.299789 712.976972 -86.739649 -14.012260 -0.048034 0.064054 -0.062981 0.994798
1665.399625 713.090860 -86.758325 -14.017497 -0.046767 0.064314 -0.063252 0.994824
1665.499462 713.213336 -86.771690 -14.027454 -0.045099 0.066279 -0.063683 0.994745
1665.599312 713.341337 -86.784827 -14.039952 -0.042991 0.068319 -0.064286 0.994662
1665.699146 713.478673 -86.798672 -14.062251 -0.041424 0.068251 -0.065035 0.994684
1665.799795 713.618777 -86.818341 -14.078932 -0.044132 0.067935 -0.065661 0.994548
1665.899642 713.744040 -86.842538 -14.097180 -0.046506 0.066790 -0.065495 0.994528
1665.999492 713.866101 -86.863455 -14.108723 -0.044329 0.068864 -0.065059 0.994515
1666.099338 713.992644 -86.882065 -14.123206 -0.045017 0.067587 -0.064760 0.994591
1666.199190 714.118449 -86.898234 -14.133512 -0.043640 0.063646 -0.064357 0.994939
1666.299839 714.250181 -86.913815 -14.151703 -0.042966 0.063454 -0.064100 0.994997
1666.399691 714.365405 -86.936028 -14.165112 -0.042767 0.069760 -0.064424 0.994562
1666.499535 714.481929 -86.950976 -14.177197 -0.043484 0.072061 -0.064585 0.994357
1666.599379 714.602934 -86.963515 -14.186804 -0.043543 0.071083 -0.064944 0.994401
1666.699215 714.730428 -86.979048 -14.199189 -0.044504 0.068962 -0.064916 0.994510
1666.799468 714.862073 -87.001570 -14.220067 -0.044437 0.068542 -0.064801 0.994549
1666.899330 714.984642 -87.025665 -14.241053 -0.045662 0.068069 -0.064527 0.994544
1666.999178 715.105253 -87.047079 -14.258223 -0.045870 0.067009 -0.064415 0.994614
1667.099814 715.230675 -87.066106 -14.273018 -0.045678 0.066812 -0.064381 0.994638
1667.199632 715.361093 -87.082663 -14.288711 -0.043573 0.065721 -0.063917 0.994835
1667.299458 715.491174 -87.099512 -14.297245 -0.044468 0.067549 -0.063441 0.994703
1667.399280 715.611649 -87.114595 -14.306533 -0.045819 0.067348 -0.062997 0.994684
1667.499116 715.726902 -87.129181 -14.322796 -0.045637 0.065410 -0.062425 0.994858
1667.599745 715.857260 -87.143790 -14.342245 -0.046383 0.065877 -0.062626 0.994780
1667.699587 715.990886 -87.168688 -14.360888 -0.047305 0.066925 -0.062934 0.994647
1667.799416 716.124039 -87.197915 -14.375357 -0.045901 0.067320 -0.063675 0.994639
1667.899267 716.255137 -87.211914 -14.382792 -0.044204 0.068119 -0.064621 0.994600
1667.999513 716.390973 -87.221210 -14.390192 -0.043664 0.067767 -0.064811 0.994636
1668.099354 716.519258 -87.225712 -14.400128 -0.042499 0.063976 -0.065087 0.994919
1668.199195 716.639567 -87.238251 -14.407503 -0.042912 0.061338 -0.064798 0.995087
1668.299825 716.762678 -87.265306 -14.421630 -0.044585 0.060136 -0.064291 0.995119
1668.399665 716.888571 -87.290022 -14.434587 -0.046963 0.061371 -0.064673 0.994910
1668.499510 717.019027 -87.310022 -14.442655 -0.042894 0.063202 -0.064692 0.994978
1668.599344 717.140108 -87.319882 -14.445642 -0.040977 0.066492 -0.064853 0.994834
1668.699175 717.266866 -87.329082 -14.446520 -0.041345 0.067432 -0.064796 0.994759
1668.799812 717.389107 -87.345866 -14.447771 -0.044278 0.065711 -0.064424 0.994772
1668.899656 717.510633 -87.364131 -14.452075 -0.046341 0.064376 -0.064738 0.994745
1668.999500 717.640120 -87.378116 -14.463700 -0.045549 0.065258 -0.065248 0.994691
1669.099324 717.763090 -87.398624 -14.480134 -0.042060 0.063163 -0.064605 0.995021
1669.199164 717.885436 -87.418398 -14.489274 -0.041312 0.063505 -0.064532 0.995036
1669.299810 718.007034 -87.435437 -14.492224 -0.044869 0.062257 -0.064430 0.994967
1669.399649 718.128239 -87.448441 -14.485795 -0.046118 0.058210 -0.064277 0.995165
1669.499495 718.254406 -87.462327 -14.474661 -0.045276 0.059337 -0.064413 0.995128
1669.599333 718.385778 -87.474590 -14.468737 -0.044922 0.063184 -0.064360 0.994911
1669.699154 718.509169 -87.487289 -14.474744 -0.042594 0.064048 -0.065199 0.994903
1669.799795 718.627443 -87.507005 -14.498775 -0.043073 0.063060 -0.065524 0.994924
1669.899636 718.749881 -87.527969 -14.524386 -0.045835 0.059284 -0.065957 0.995005
1669.999496 718.875383 -87.549451 -14.533310 -0.043146 0.058295 -0.066054 0.995177
1670.099332 718.991167 -87.563709 -14.538212 -0.041988 0.061246 -0.066560 0.995015
1670.199179 719.108708 -87.575037 -14.536566 -0.044285 0.065564 -0.066213 0.994664
1670.299826 719.231356 -87.583452 -14.535566 -0.045176 0.063400 -0.065952 0.994781
1670.399665 719.354343 -87.601481 -14.537707 -0.045556 0.060013 -0.065695 0.994991
1670.499509 719.475765 -87.623226 -14.532677 -0.045282 0.055945 -0.065935 0.995225
1670.599346 719.596615 -87.644820 -14.532742 -0.045593 0.054071 -0.066547 0.995273
1670.699194 719.714141 -87.667620 -14.543731 -0.045867 0.054912 -0.067126 0.995176
1670.799821 719.824496 -87.688009 -14.561562 -0.043296 0.056418 -0.067358 0.995191
1670.899653 719.930157 -87.703760 -14.560917 -0.044003 0.058636 -0.067580 0.995017
1670.999487 720.031938 -87.718935 -14.553741 -0.045565 0.059430 -0.067095 0.994932
1671.099315 720.127035 -87.736169 -14.550604 -0.047751 0.059595 -0.066326 0.994871
1671.199158 720.226037 -87.750272 -14.554324 -0.046504 0.059912 -0.066207 0.994919
1671.299795 720.330144 -87.769964 -14.565297 -0.046622 0.060717 -0.066393 0.994853
1671.399632 720.432122 -87.791115 -14.580491 -0.048092 0.061753 -0.066034 0.994743
1671.499488 720.534843 -87.809967 -14.585464 -0.050236 0.060639 -0.065424 0.994746
1671.599318 720.645749 -87.831892 -14.582472 -0.049096 0.060438 -0.064962 0.994845
1671.699163 720.751971 -87.845706 -14.583969 -0.046843 0.059770 -0.064996 0.994992
1671.799799 720.858052 -87.858144 -14.585461 -0.045631 0.059790 -0.065097 0.995040
1671.899639 720.964734 -87.869730 -14.594068 -0.044697 0.062356 -0.065136 0.994923
1671.999483 721.061429 -87.884054 -14.608087 -0.045345 0.065905 -0.065336 0.994651
1672.099324 721.151334 -87.899457 -14.612495 -0.046232 0.066443 -0.065365 0.994573
1672.199173 721.248045 -87.916852 -14.610824 -0.046837 0.064874 -0.065041 0.994669
1672.299814 721.354307 -87.934852 -14.610532 -0.048484 0.063461 -0.065239 0.994669
1672.399647 721.455375 -87.947402 -14.611989 -0.049733 0.058869 -0.065232 0.994890
1672.499494 721.553346 -87.962465 -14.625452 -0.047206 0.056031 -0.064682 0.995213
1672.599335 721.650819 -87.982105 -14.626264 -0.044367 0.057790 -0.064534 0.995252
1672.699163 721.746512 -87.996418 -14.628096 -0.045778 0.058910 -0.064781 0.995107
1672.799793 721.843904 -88.005236 -14.640812 -0.051049 0.060594 -0.064948 0.994738
1672.899637 721.939167 -88.027220 -14.645814 -0.054928 0.069519 -0.064896 0.993951
1672.999482 722.035275 -88.049944 -14.646507 -0.052168 0.072033 -0.064500 0.993946
1673.099324 722.145824 -88.063004 -14.642628 -0.047138 0.069325 -0.064492 0.994391
1673.199159 722.251341 -88.077375 -14.648642 -0.045045 0.065674 -0.064527 0.994733
1673.299814 722.351038 -88.091893 -14.655728 -0.044175 0.064753 -0.064776 0.994816
1673.399648 722.443712 -88.105465 -14.655197 -0.042757 0.064584 -0.064883 0.994882
1673.499473 722.541839 -88.120592 -14.656101 -0.042491 0.065156 -0.064611 0.994874
1673.599321 722.625016 -88.134685 -14.663038 -0.045563 0.063037 -0.064382 0.994890
1673.699170 722.715336 -88.151719 -14.680902 -0.044923 0.060496 -0.064041 0.995098
1673.799801 722.819718 -88.168591 -14.694856 -0.045831 0.063374 -0.063826 0.994892
1673.899646 722.920878 -88.177998 -14.689854 -0.046719 0.066215 -0.064234 0.994639
1673.999486 723.026465 -88.183216 -14.683690 -0.046708 0.067409 -0.064173 0.994563
1674.099332 723.133706 -88.193713 -14.688633 -0.046354 0.066092 -0.064261 0.994663
1674.199187 723.237479 -88.210984 -14.692931 -0.045846 0.064971 -0.064571 0.994740
1674.299839 723.341695 -88.232764 -14.695698 -0.044712 0.063571 -0.064558 0.994883
1674.399676 723.448123 -88.253810 -14.698081 -0.043607 0.063158 -0.064274 0.994977
1674.499516 723.554527 -88.267104 -14.699178 -0.044999 0.063078 -0.064421 0.994910
1674.599377 723.656548 -88.279660 -14.711269 -0.047210 0.064590 -0.064600 0.994699
1674.699216 723.759017 -88.286596 -14.730485 -0.046837 0.065106 -0.064494 0.994690
1674.799446 723.857841 -88.298027 -14.737885 -0.046685 0.064780 -0.064224 0.994736
1674.899293 723.959299 -88.309037 -14.728408 -0.047342 0.063560 -0.064941 0.994737
1674.999134 724.055707 -88.321062 -14.723482 -0.047747 0.063458 -0.065935 0.994659
1675.099778 724.145771 -88.333945 -14.728848 -0.047944 0.062552 -0.066128 0.994694
1675.199617 724.246022 -88.347702 -14.746832 -0.044750 0.060568 -0.065599 0.995000
1675.299441 724.357130 -88.355819 -14.770155 -0.042776 0.061258 -0.065782 0.995033
1675.399284 724.470166 -88.362707 -14.779061 -0.040443 0.064489 -0.066536 0.994876
1675.499123 724.575220 -88.374527 -14.773791 -0.039047 0.066712 -0.067117 0.994746
1675.599768 724.674456 -88.389826 -14.760842 -0.040296 0.070474 -0.067377 0.994419
1675.699607 724.768280 -88.406801 -14.761154 -0.040190 0.068019 -0.067296 0.994600
1675.799452 724.866947 -88.412533 -14.778328 -0.039852 0.062977 -0.067460 0.994935
1675.899297 724.976591 -88.422703 -14.791337 -0.038787 0.062594 -0.066935 0.995036
1675.999139 725.087368 -88.439781 -14.794823 -0.042106 0.065015 -0.066469 0.994777
1676.099784 725.196388 -88.456448 -14.792388 -0.045354 0.064290 -0.065749 0.994730
1676.199635 725.302925 -88.475172 -14.791106 -0.046263 0.064564 -0.065204 0.994706
1676.299480 725.405490 -88.494460 -14.796266 -0.046673 0.065890 -0.064655 0.994636
1676.399323 725.507923 -88.508951 -14.798113 -0.047690 0.067543 -0.064634 0.994478
1676.499164 725.610130 -88.520188 -14.800270 -0.047873 0.067301 -0.064897 0.994468
1676.599803 725.712821 -88.537651 -14.802850 -0.047292 0.066637 -0.064895 0.994541
1676.699648 725.818485 -88.559655 -14.808363 -0.046646 0.066467 -0.064850 0.994586
1676.799477 725.927958 -88.585720 -14.814214 -0.046971 0.067085 -0.064742 0.994536
1676.899307 726.041866 -88.607254 -14.817788 -0.048123 0.067546 -0.064323 0.994477
1676.999155 726.155276 -88.624760 -14.819043 -0.048797 0.067890 -0.063655 0.994464
1677.099799 726.252288 -88.636404 -14.824468 -0.051297 0.064181 -0.062168 0.994678
1677.199638 726.343078 -88.650429 -14.833066 -0.048589 0.061116 -0.061978 0.995019
1677.299483 726.438487 -88.662269 -14.840008 -0.045699 0.062450 -0.062054 0.995068
1677.399322 726.540059 -88.675741 -14.842959 -0.045728 0.065416 -0.062307 0.994861
1677.499173 726.648041 -88.695750 -14.840323 -0.045269 0.066241 -0.062354 0.994824
1677.599805 726.763394 -88.714368 -14.845619 -0.047404 0.065422 -0.062336 0.994780
1677.699647 726.867147 -88.730849 -14.851549 -0.048808 0.063741 -0.062311 0.994823
1677.799496 726.976780 -88.744118 -14.848267 -0.048388 0.062718 -0.062123 0.994920
1677.899326 727.086374 -88.758962 -14.852327 -0.048053 0.064903 -0.062047 0.994801
1677.999172 727.197798 -88.773176 -14.857195 -0.046585 0.065354 -0.061752 0.994859
1678.099818 727.310615 -88.790780 -14.862965 -0.046116 0.065040 -0.061556 0.994914
1678.199649 727.411559 -88.806312 -14.869798 -0.046552 0.064066 -0.061527 0.994959
1678.299485 727.520342 -88.824983 -14.880368 -0.046942 0.064270 -0.062087 0.994892
1678.399320 727.631516 -88.844512 -14.880523 -0.045841 0.061383 -0.062454 0.995103
1678.499166 727.734577 -88.857370 -14.876621 -0.044574 0.058153 -0.061897 0.995390
1678.599818 727.833431 -88.870127 -14.873242 -0.046041 0.060930 -0.061559 0.995178
1678.699665 727.926770 -88.883077 -14.880486 -0.047136 0.065224 -0.062139 0.994818
1678.799509 728.022704 -88.899716 -14.893741 -0.045540 0.065424 -0.062684 0.994845
1678.899333 728.119097 -88.915533 -14.906973 -0.046630 0.063697 -0.063128 0.994878
1678.999171 728.213628 -88.929239 -14.914735 -0.047994 0.061511 -0.063309 0.994940
1679.099811 728.317360 -88.947681 -14.917904 -0.050047 0.060882 -0.063052 0.994893
1679.199644 728.423462 -88.966102 -14.917522 -0.050361 0.062915 -0.063167 0.994744
1679.299477 728.537645 -88.985462 -14.922112 -0.049302 0.066443 -0.063557 0.994543
1679.399311 728.649965 -89.001047 -14.926938 -0.046735 0.067465 -0.063432 0.994606
1679.499147 728.761440 -89.011599 -14.927073 -0.045632 0.068123 -0.063387 0.994615
1679.599801 728.865837 -89.024164 -14.925461 -0.044241 0.066862 -0.063782 0.994738
1679.699636 728.967321 -89.040848 -14.926046 -0.044720 0.063742 -0.063650 0.994930
1679.799465 729.065561 -89.058447 -14.931474 -0.045149 0.062283 -0.063300 0.995025
1679.899301 729.157768 -89.073625 -14.941219 -0.047375 0.061727 -0.063212 0.994962
1679.999156 729.247515 -89.082851 -14.949624 -0.046326 0.062603 -0.063355 0.994948
1680.099800 729.344975 -89.096488 -14.953772 -0.045920 0.065046 -0.063118 0.994825
1680.199626 729.448325 -89.119054 -14.959191 -0.048760 0.066523 -0.062557 0.994627
1680.299466 729.552256 -89.134744 -14.960767 -0.049552 0.067360 -0.062497 0.994536
1680.399299 729.659858 -89.153619 -14.961317 -0.049141 0.066601 -0.062242 0.994623
1680.499144 729.764406 -89.170944 -14.967307 -0.048246 0.066100 -0.062592 0.994679
1680.599794 729.867649 -89.183160 -14.972709 -0.048073 0.066523 -0.062978 0.994634
1680.699626 729.965469 -89.199587 -14.978253 -0.047008 0.064161 -0.062610 0.994864
1680.799466 730.062203 -89.213618 -14.976869 -0.046127 0.063289 -0.062597 0.994962
1680.899305 730.157193 -89.225526 -14.973415 -0.046717 0.065689 -0.062353 0.994794
1680.999137 730.257721 -89.242929 -14.977480 -0.047182 0.067892 -0.061623 0.994669
1681.099762 730.363367 -89.261463 -14.990780 -0.047265 0.066553 -0.060265 0.994839
1681.199602 730.468290 -89.278770 -15.001308 -0.046556 0.066240 -0.060079 0.994905
1681.299444 730.573371 -89.286903 -15.002319 -0.046943 0.065072 -0.060445 0.994941
1681.399270 730.681183 -89.298424 -15.003239 -0.046356 0.065133 -0.060633 0.994954
1681.499511 730.792278 -89.313282 -15.010195 -0.045849 0.065478 -0.060582 0.994957
1681.599342 730.894784 -89.326322 -15.008306 -0.045815 0.064731 -0.061152 0.994973
1681.699197 730.996580 -89.341700 -15.013854 -0.046319 0.062108 -0.061184 0.995115
1681.799824 731.096916 -89.359144 -15.014641 -0.045575 0.061846 -0.061040 0.995174
1681.899664 731.195450 -89.368176 -15.022799 -0.046129 0.061292 -0.061156 0.995176
1681.999510 731.304840 -89.379268 -15.025585 -0.046777 0.059625 -0.061418 0.995231
1682.099359 731.417465 -89.393347 -15.034635 -0.046520 0.059484 -0.061376 0.995254
1682.199205 731.531688 -89.411475 -15.042069 -0.046557 0.061142 -0.060923 0.995180
1682.299454 731.642252 -89.424232 -15.048279 -0.045882 0.062607 -0.060939 0.995119
1682.399287 731.747427 -89.434597 -15.060742 -0.046422 0.062214 -0.060891 0.995121
1682.499122 731.846768 -89.452628 -15.072678 -0.047059 0.061546 -0.060925 0.995131
1682.599762 731.951438 -89.473171 -15.077940 -0.045402 0.062302 -0.061173 0.995146
1682.699592 732.048057 -89.484801 -15.074009 -0.043342 0.062548 -0.061302 0.995214
1682.799426 732.138579 -89.497692 -15.072025 -0.045464 0.065034 -0.060866 0.994987
1682.899259 732.231633 -89.510287 -15.068474 -0.047238 0.065231 -0.060683 0.994902
1682.999492 732.321664 -89.525891 -15.074290 -0.047620 0.066458 -0.060445 0.994818
1683.099339 732.419272 -89.543234 -15.075168 -0.049487 0.066276 -0.060076 0.994761
1683.199180 732.526443 -89.551239 -15.078520 -0.047824 0.065157 -0.060335 0.994901
1683.299830 732.642937 -89.556655 -15.084850 -0.044673 0.067386 -0.060719 0.994875
1683.399663 732.757807 -89.578278 -15.092658 -0.045268 0.070700 -0.060730 0.994618
1683.499501 732.871593 -89.602629 -15.102763 -0.046927 0.071990 -0.060844 0.994441
1683.599341 732.987243 -89.619304 -15.105873 -0.045907 0.072220 -0.060710 0.994480
1683.699171 733.096372 -89.631582 -15.102952 -0.047854 0.070706 -0.060393 0.994517
1683.799803 733.200328 -89.640446 -15.115550 -0.045360 0.070742 -0.060591 0.994619
1683.899651 733.310678 -89.654462 -15.133202 -0.044354 0.073186 -0.060501 0.994493
1683.999499 733.421617 -89.672633 -15.150057 -0.044983 0.075746 -0.059818 0.994314
1684.099329 733.530217 -89.691605 -15.167265 -0.045178 0.078348 -0.059388 0.994130
1684.199157 733.640316 -89.700987 -15.183022 -0.044797 0.078627 -0.060036 0.994086
1684.299788 733.753167 -89.714750 -15.194823 -0.042537 0.076928 -0.060303 0.994302
1684.399619 733.878344 -89.732860 -15.210542 -0.043497 0.075285 -0.060567 0.994370
1684.499469 734.010164 -89.748399 -15.221219 -0.044581 0.075502 -0.060609 0.994303
1684.599303 734.126348 -89.768880 -15.247378 -0.044628 0.075941 -0.060208 0.994292
1684.699144 734.248759 -89.789956 -15.277515 -0.044914 0.076168 -0.059996 0.994274
1684.799773 734.380861 -89.804563 -15.296820 -0.045904 0.072929 -0.060166 0.994462
1684.899610 734.514354 -89.821804 -15.312144 -0.044526 0.070595 -0.060825 0.994653
1684.999457 734.642329 -89.840426 -15.329416 -0.040673 0.071478 -0.061749 0.994698
1685.099286 734.764321 -89.857126 -15.358468 -0.043979 0.073206 -0.062005 0.994415
1685.199148 734.887064 -89.877407 -15.392194 -0.047850 0.072794 -0.061770 0.994282
1685.299794 735.020702 -89.892755 -15.411502 -0.047104 0.072713 -0.061708 0.994327
1685.399648 735.169671 -89.913539 -15.430298 -0.042609 0.070778 -0.061558 0.994679
1685.499482 735.311697 -89.929949 -15.443816 -0.041908 0.071012 -0.061660 0.994685
1685.599320 735.445737 -89.945009 -15.461361 -0.042407 0.070636 -0.062130 0.994662
1685.699151 735.574774 -89.961790 -15.484931 -0.042020 0.069527 -0.062100 0.994758
1685.799781 735.703228 -89.977494 -15.510099 -0.043965 0.071029 -0.062763 0.994526
1685.899609 735.834339 -89.992110 -15.529256 -0.046928 0.072556 -0.063685 0.994222
1685.999455 735.971687 -90.008508 -15.539953 -0.043563 0.070332 -0.063821 0.994526
1686.099302 736.107475 -90.029782 -15.557961 -0.040870 0.066555 -0.062990 0.994953
1686.199128 736.240845 -90.048271 -15.576622 -0.042239 0.064671 -0.062955 0.995023
1686.299764 736.372034 -90.065203 -15.605363 -0.045790 0.064533 -0.063457 0.994843
1686.399612 736.508856 -90.086444 -15.619583 -0.047606 0.066930 -0.063485 0.994597
1686.499464 736.652077 -90.107900 -15.626772 -0.047717 0.066894 -0.063435 0.994598
1686.599306 736.793680 -90.124893 -15.638876 -0.045509 0.068164 -0.063402 0.994617
1686.699154 736.939542 -90.145908 -15.652864 -0.042390 0.066335 -0.062606 0.994929
1686.799794 737.091136 -90.172879 -15.660833 -0.041701 0.065211 -0.062776 0.995021
1686.899624 737.231482 -90.198045 -15.668704 -0.042472 0.067527 -0.063508 0.994788
1686.999462 737.364224 -90.221666 -15.672282 -0.045385 0.069433 -0.063690 0.994516
1687.099300 737.500496 -90.238563 -15.679136 -0.045317 0.071442 -0.064025 0.994356
1687.199143 737.629834 -90.258880 -15.688743 -0.044439 0.070590 -0.063124 0.994514
1687.299780 737.751780 -90.277460 -15.695810 -0.047481 0.068419 -0.062551 0.994561
1687.399602 737.887851 -90.294770 -15.696181 -0.051761 0.068577 -0.062777 0.994322
1687.499432 738.033567 -90.313571 -15.697117 -0.050291 0.069330 -0.063245 0.994316
1687.599273 738.174600 -90.332300 -15.703987 -0.048900 0.069732 -0.064018 0.994308
1687.699517 738.307846 -90.353798 -15.708868 -0.047033 0.065385 -0.063969 0.994696
1687.799362 738.437215 -90.376122 -15.712338 -0.045444 0.062875 -0.063405 0.994968
1687.899198 738.566300 -90.391929 -15.722119 -0.047242 0.063843 -0.063015 0.994847
1687.999427 738.700907 -90.407376 -15.727258 -0.046432 0.065779 -0.062899 0.994767
1688.099259 738.845232 -90.431724 -15.733390 -0.048390 0.065256 -0.062784 0.994715
1688.199488 738.994730 -90.453822 -15.738023 -0.048728 0.063716 -0.063171 0.994774
1688.299332 739.138620 -90.466825 -15.744326 -0.048470 0.060869 -0.063442 0.994948
1688.399176 739.274458 -90.481663 -15.749317 -0.048448 0.059347 -0.063733 0.995022
1688.499835 739.400183 -90.498211 -15.755796 -0.046508 0.058169 -0.063895 0.995174
1688.599680 739.528043 -90.520811 -15.766402 -0.045746 0.057779 -0.063867 0.995234
1688.699515 739.654438 -90.543187 -15.773489 -0.047107 0.057732 -0.063777 0.995179
1688.799350 739.781194 -90.559406 -15.778866 -0.048704 0.056980 -0.063884 0.995138
1688.899190 739.901380 -90.574909 -15.785136 -0.048326 0.056843 -0.063741 0.995174
1688.999830 740.027816 -90.587538 -15.793179 -0.048313 0.056434 -0.064080 0.995176
1689.099669 740.141244 -90.596949 -15.795505 -0.047254 0.056319 -0.064380 0.995214
1689.199500 740.249187 -90.612001 -15.801033 -0.046743 0.054918 -0.064157 0.995331
1689.299339 740.365908 -90.630882 -15.810273 -0.047591 0.053881 -0.064145 0.995348
1689.399185 740.478573 -90.650402 -15.810121 -0.045657 0.057008 -0.063279 0.995320
1689.499826 740.593376 -90.662597 -15.814343 -0.047221 0.059033 -0.062960 0.995149
1689.599669 740.716317 -90.674537 -15.816999 -0.047408 0.064333 -0.063425 0.994782
1689.699502 740.835509 -90.691741 -15.827316 -0.047078 0.067297 -0.063710 0.994583
1689.799340 740.951582 -90.708719 -15.837299 -0.044279 0.066635 -0.064212 0.994724
1689.899197 741.058944 -90.726142 -15.846201 -0.043169 0.066706 -0.064617 0.994742
1689.999836 741.174009 -90.740299 -15.853793 -0.043724 0.067024 -0.064681 0.994692
1690.099665 741.289920 -90.755445 -15.858314 -0.044857 0.066246 -0.064659 0.994695
1690.199501 741.396423 -90.771260 -15.857034 -0.044251 0.065963 -0.064784 0.994733
1690.299330 741.504673 -90.786703 -15.855162 -0.046185 0.064308 -0.064812 0.994752
1690.399167 741.610044 -90.802704 -15.856863 -0.046327 0.062535 -0.065142 0.994836
1690.499785 741.719912 -90.825201 -15.865901 -0.045652 0.063072 -0.065188 0.994831
1690.599616 741.831664 -90.844791 -15.881775 -0.046970 0.064689 -0.064980 0.994679
1690.699452 741.939176 -90.857059 -15.886537 -0.048284 0.064773 -0.065174 0.994598
1690.799289 742.046485 -90.872058 -15.888507 -0.047668 0.064378 -0.065035 0.994663
1690.899130 742.147271 -90.885421 -15.887590 -0.046285 0.063250 -0.065190 0.994790
1690.999776 742.250618 -90.902932 -15.890113 -0.045102 0.061215 -0.064794 0.994998
1691.099608 742.348005 -90.921517 -15.898102 -0.044603 0.062038 -0.064371 0.994997
1691.199431 742.450995 -90.934203 -15.902753 -0.046762 0.062911 -0.064318 0.994846
1691.299277 742.550304 -90.946913 -15.909793 -0.048624 0.062697 -0.064476 0.994760
1691.399111 742.650983 -90.961512 -15.917783 -0.048201 0.062088 -0.064568 0.994813
1691.499755 742.758244 -90.973758 -15.916293 -0.046923 0.061229 -0.064818 0.994911
1691.599592 742.866329 -90.988357 -15.918869 -0.045346 0.060890 -0.064791 0.995007
1691.699428 742.975145 -91.004925 -15.929889 -0.043960 0.062516 -0.064806 0.994967
1691.799267 743.088977 -91.019242 -15.933222 -0.043508 0.066090 -0.064942 0.994747
1691.899490 743.203566 -91.031436 -15.936129 -0.045063 0.068667 -0.065490 0.994467
1691.999322 743.315351 -91.046010 -15.941183 -0.046762 0.068160 -0.066265 0.994372
1692.099158 743.433632 -91.068174 -15.953155 -0.045882 0.064846 -0.066212 0.994639
1692.199802 743.549622 -91.086863 -15.962452 -0.043164 0.061748 -0.065865 0.994980
1692.299639 743.653112 -91.100720 -15.969200 -0.045178 0.061457 -0.066199 0.994887
1692.399478 743.756721 -91.113051 -15.971810 -0.046457 0.064973 -0.066129 0.994609
1692.499325 743.860045 -91.129178 -15.972926 -0.047734 0.067020 -0.065786 0.994436
1692.599161 743.961030 -91.145206 -15.973693 -0.049504 0.065164 -0.065949 0.994462
1692.699775 744.062100 -91.165771 -15.985948 -0.047092 0.064685 -0.065714 0.994626
1692.799607 744.165956 -91.185981 -15.991926 -0.046265 0.064958 -0.065300 0.994674
1692.899445 744.274859 -91.199007 -16.006763 -0.045830 0.062835 -0.064620 0.994875
1692.999291 744.384166 -91.214205 -16.018567 -0.047617 0.061210 -0.063972 0.994934
1693.099138 744.486388 -91.225644 -16.027580 -0.047726 0.063158 -0.063860 0.994814
1693.199775 744.584999 -91.240260 -16.029701 -0.048995 0.065400 -0.063861 0.994608
1693.299616 744.687913 -91.260521 -16.040205 -0.049020 0.065851 -0.064195 0.994555
1693.399454 744.805702 -91.282973 -16.052950 -0.047364 0.066496 -0.064519 0.994571
1693.499314 744.934402 -91.299141 -16.066047 -0.046848 0.067067 -0.064885 0.994534
1693.599158 745.055874 -91.315931 -16.079984 -0.048061 0.068993 -0.065131 0.994328
1693.699792 745.169611 -91.332983 -16.089921 -0.049489 0.069872 -0.065360 0.994181
1693.799628 745.276679 -91.346885 -16.097768 -0.044565 0.069090 -0.065925 0.994432
1693.899457 745.373425 -91.364310 -16.108726 -0.043594 0.068721 -0.066731 0.994447
1693.999291 745.470188 -91.376665 -16.131219 -0.044138 0.067494 -0.067066 0.994484
1694.099147 745.562814 -91.387667 -16.147428 -0.046521 0.067207 -0.066917 0.994405
1694.199785 745.664592 -91.405697 -16.151663 -0.049400 0.068295 -0.066018 0.994252
1694.299632 745.777788 -91.432760 -16.161666 -0.050658 0.071058 -0.065433 0.994034
1694.399468 745.885792 -91.453967 -16.179730 -0.050241 0.072428 -0.065698 0.993939
1694.499312 746.001753 -91.467607 -16.203140 -0.048287 0.071557 -0.066065 0.994074
1694.599131 746.122448 -91.481626 -16.224029 -0.047879 0.069084 -0.066608 0.994233
1694.699766 746.234486 -91.502010 -16.231280 -0.045542 0.067036 -0.066336 0.994501
1694.799606 746.352172 -91.517699 -16.233416 -0.045960 0.066696 -0.066226 0.994512
1694.899445 746.469995 -91.532348 -16.239283 -0.046798 0.066026 -0.066296 0.994513
1694.999277 746.584815 -91.553745 -16.255870 -0.047080 0.062579 -0.066020 0.994740
1695.099111 746.706633 -91.576697 -16.272002 -0.047593 0.060224 -0.065871 0.994871
1695.199744 746.822730 -91.595399 -16.287301 -0.047789 0.060097 -0.065512 0.994893
1695.299586 746.932750 -91.615240 -16.297589 -0.047419 0.060512 -0.064860 0.994929
1695.399424 747.040320 -91.631281 -16.298572 -0.047204 0.061821 -0.063650 0.994936
1695.499266 747.138345 -91.642389 -16.301322 -0.049228 0.061231 -0.063108 0.994909
1695.599498 747.237695 -91.652555 -16.321140 -0.051898 0.057852 -0.063152 0.994973
1695.699344 747.339832 -91.667618 -16.346293 -0.051378 0.056473 -0.063949 0.995028
1695.799182 747.441772 -91.692686 -16.365634 -0.047874 0.057183 -0.063891 0.995166
1695.899827 747.546135 -91.713249 -16.365354 -0.047660 0.058587 -0.063561 0.995116
1695.999666 747.649356 -91.729760 -16.369559 -0.048262 0.057144 -0.063620 0.995167
1696.099495 747.763954 -91.741663 -16.387157 -0.047614 0.055060 -0.063299 0.995336
1696.199341 747.874215 -91.750088 -16.403899 -0.046725 0.053520 -0.063000 0.995481
1696.299185 747.975093 -91.761153 -16.410535 -0.048598 0.053020 -0.064288 0.995336
1696.399819 748.079448 -91.777330 -16.413385 -0.050513 0.049663 -0.066077 0.995297
1696.499660 748.181100 -91.801389 -16.415121 -0.050156 0.045026 -0.066724 0.995492
1696.599498 748.277786 -91.816031 -16.419624 -0.045030 0.047239 -0.066880 0.995624
1696.699334 748.370785 -91.827818 -16.434758 -0.044160 0.053887 -0.067490 0.995285
1696.799179 748.464852 -91.835168 -16.450820 -0.045533 0.059024 -0.067840 0.994907
1696.899817 748.545707 -91.845040 -16.455375 -0.047239 0.063097 -0.067590 0.994595
1696.999664 748.639030 -91.867605 -16.458765 -0.050175 0.064368 -0.067132 0.994401
1697.099502 748.736810 -91.885371 -16.462676 -0.049967 0.065169 -0.067090 0.994362
1697.199346 748.821342 -91.898036 -16.473239 -0.046944 0.063326 -0.065740 0.994718
1697.299183 748.909588 -91.907924 -16.478979 -0.044362 0.062461 -0.064403 0.994979
1697.399813 748.993090 -91.916599 -16.491770 -0.046805 0.064251 -0.064151 0.994769
1697.499660 749.073190 -91.931215 -16.509925 -0.048977 0.068616 -0.064359 0.994360
1697.599516 749.156798 -91.948635 -16.522700 -0.048208 0.070756 -0.064725 0.994224
1697.699362 749.252947 -91.961212 -16.520407 -0.044735 0.069988 -0.064938 0.994426
1697.799202 749.354871 -91.970526 -16.522436 -0.042029 0.067546 -0.065034 0.994707
1697.899454 749.451703 -91.980183 -16.536488 -0.042973 0.064999 -0.064575 0.994866
1697.999287 749.542020 -91.995833 -16.552641 -0.044465 0.064318 -0.063529 0.994912
1698.099144 749.634815 -92.010262 -16.565896 -0.046640 0.065871 -0.063436 0.994717
1698.199782 749.732537 -92.022312 -16.581585 -0.050307 0.068087 -0.063772 0.994367
1698.299615 749.827297 -92.033006 -16.601157 -0.049118 0.069859 -0.064020 0.994288
1698.399464 749.921772 -92.049652 -16.616737 -0.042999 0.069131 -0.064305 0.994604
1698.499312 750.012727 -92.064351 -16.632729 -0.041262 0.068086 -0.065005 0.994704
1698.599143 750.107342 -92.078211 -16.643904 -0.043970 0.065701 -0.065788 0.994697
1698.699778 750.199027 -92.090114 -16.659101 -0.045101 0.065868 -0.066238 0.994605
1698.799605 750.283460 -92.101280 -16.669700 -0.044996 0.068197 -0.065827 0.994480
1698.899437 750.381905 -92.110099 -16.676256 -0.048027 0.070838 -0.065664 0.994165
1698.999275 750.496723 -92.123281 -16.687652 -0.047406 0.071309 -0.065618 0.994164
1699.099519 750.625737 -92.146333 -16.695836 -0.047948 0.068446 -0.065618 0.994339
1699.199360 750.746388 -92.165574 -16.702020 -0.049651 0.066016 -0.066072 0.994390
1699.299212 750.873453 -92.189382 -16.713085 -0.048583 0.067368 -0.065723 0.994375
1699.399465 750.996409 -92.203723 -16.725710 -0.042103 0.071645 -0.065936 0.994357
1699.499285 751.106594 -92.216891 -16.731360 -0.041387 0.074950 -0.066121 0.994132
1699.599138 751.211356 -92.234060 -16.724488 -0.042964 0.074385 -0.065909 0.994121
1699.699769 751.324477 -92.246916 -16.720119 -0.045348 0.072168 -0.065710 0.994192
1699.799608 751.437118 -92.260245 -16.725697 -0.048026 0.071176 -0.065872 0.994127
1699.899433 751.539994 -92.272295 -16.736279 -0.048824 0.071429 -0.066403 0.994035
1699.999255 751.641906 -92.284597 -16.745715 -0.046322 0.072809 -0.066199 0.994068
1700.099495 751.758678 -92.299936 -16.756521 -0.046004 0.076387 -0.065806 0.993840
1700.199335 751.882438 -92.322286 -16.759574 -0.046199 0.077378 -0.065275 0.993789
1700.299175 752.010389 -92.341517 -16.764226 -0.045636 0.073328 -0.065474 0.994109
1700.399815 752.139405 -92.359044 -16.762334 -0.044580 0.071242 -0.065164 0.994329
1700.499647 752.264399 -92.382403 -16.760499 -0.044193 0.072873 -0.064919 0.994244
1700.599486 752.389105 -92.394901 -16.777685 -0.044974 0.072598 -0.065163 0.994214
1700.699334 752.517136 -92.407858 -16.791814 -0.044465 0.070967 -0.064839 0.994375
1700.799165 752.642926 -92.421094 -16.801754 -0.043495 0.068822 -0.064373 0.994599
1700.899804 752.762166 -92.440080 -16.800914 -0.043302 0.067213 -0.063758 0.994757
1700.999653 752.889290 -92.464074 -16.799536 -0.044774 0.065263 -0.063603 0.994832
1701.099493 753.021611 -92.484380 -16.804852 -0.045125 0.066488 -0.062746 0.994789
1701.199325 753.157177 -92.498573 -16.813997 -0.048633 0.066916 -0.062362 0.994620
1701.299177 753.294299 -92.519360 -16.826835 -0.051175 0.067312 -0.061921 0.994493
1701.399817 753.438324 -92.539131 -16.833199 -0.051086 0.069402 -0.062077 0.994344
1701.499647 753.577841 -92.564304 -16.842905 -0.049275 0.070992 -0.062382 0.994304
1701.599506 753.707663 -92.584407 -16.850104 -0.048344 0.071897 -0.063277 0.994228
1701.699347 753.839580 -92.603784 -16.854134 -0.044767 0.069626 -0.064145 0.994502
1701.799194 753.973039 -92.614404 -16.857163 -0.041873 0.068832 -0.064449 0.994663
1701.899823 754.109634 -92.627223 -16.861254 -0.043775 0.068957 -0.064566 0.994565
1701.999680 754.252371 -92.645090 -16.868969 -0.045416 0.067347 -0.064651 0.994596
1702.099510 754.381830 -92.664174 -16.879666 -0.048340 0.066521 -0.065087 0.994486
1702.199340 754.510699 -92.680583 -16.885060 -0.046498 0.064166 -0.064905 0.994740
1702.299184 754.643389 -92.691411 -16.892808 -0.042984 0.065194 -0.064719 0.994844
1702.399815 754.776712 -92.709903 -16.894985 -0.043456 0.070388 -0.064693 0.994471
1702.499673 754.913850 -92.731870 -16.903126 -0.044465 0.071698 -0.064437 0.994349
1702.599513 755.052093 -92.745742 -16.910854 -0.044268 0.070304 -0.064190 0.994473
1702.699363 755.197479 -92.761411 -16.905319 -0.042121 0.069618 -0.063674 0.994648
1702.799205 755.342351 -92.784979 -16.898542 -0.039543 0.067987 -0.062907 0.994916
1702.899445 755.488405 -92.806316 -16.901191 -0.043577 0.068493 -0.063188 0.994694
1702.999277 755.631305 -92.826547 -16.906729 -0.046908 0.068127 -0.063468 0.994550
1703.099122 755.773952 -92.838405 -16.907809 -0.046732 0.067634 -0.063124 0.994614
1703.199767 755.917682 -92.860525 -16.887733 -0.046685 0.069492 -0.062706 0.994515
1703.299609 756.055891 -92.878020 -16.863110 -0.046427 0.070580 -0.063273 0.994414
1703.399441 756.186609 -92.901890 -16.837972 -0.044613 0.069686 -0.063238 0.994562
1703.499292 756.323093 -92.920217 -16.822468 -0.044437 0.068161 -0.063052 0.994688
1703.599129 756.471291 -92.936525 -16.807337 -0.046509 0.066183 -0.062637 0.994753
