1076.599619 0.055120 0.022260 -0.029700 0.000000 0.000000 0.000000 1.000000
1076.699451 -0.177793 0.046574 -0.030832 -0.000386 -0.000082 -0.000007 1.000000
1076.799291 -0.305859 0.059486 -0.026240 -0.001185 0.000496 0.000008 0.999999
1076.899122 -0.336672 0.065721 -0.025451 -0.000980 0.000936 -0.000072 0.999999
1076.999753 -0.364711 0.066901 -0.039560 -0.001146 0.000485 0.000070 0.999999
1077.099596 -0.397271 0.069693 -0.047825 -0.001563 0.000384 -0.000002 0.999999
1077.199424 -0.281111 0.058690 -0.033690 -0.001427 0.000416 0.000029 0.999999
1077.299277 -0.236375 0.059019 -0.019284 -0.000404 0.000612 -0.000016 1.000000
1077.399124 -0.266392 0.061178 -0.019783 -0.000387 0.000895 0.000158 1.000000
1077.499766 -0.307032 0.064808 -0.032551 -0.000608 0.000755 0.000201 1.000000
1077.599611 -0.321595 0.066603 -0.036910 -0.000781 0.000194 0.000198 1.000000
1077.699462 -0.312414 0.068393 -0.027583 -0.000725 -0.000279 0.000058 1.000000
1077.799299 -0.287479 0.073421 -0.027361 -0.000548 -0.000870 -0.000091 0.999999
1077.899137 -0.278992 0.075541 -0.035445 -0.000231 -0.000720 0.000019 1.000000
1077.999775 -0.290828 0.068760 -0.028158 0.000056 -0.000240 0.000303 1.000000
1078.099610 -0.308799 0.070477 -0.025083 0.000316 -0.000118 0.000118 1.000000
1078.199456 -0.299189 0.073185 -0.027251 0.000793 -0.000551 0.000020 1.000000
1078.299313 -0.282925 0.075703 -0.030514 0.000457 -0.000745 -0.000054 1.000000
1078.399140 -0.275428 0.077038 -0.032749 -0.000538 -0.000569 -0.000060 1.000000
1078.499767 -0.276195 0.072646 -0.026473 -0.001524 -0.000150 -0.000012 0.999999
1078.599608 -0.296311 0.066194 -0.021460 -0.001888 -0.000513 0.000021 0.999998
1078.699441 -0.319542 0.073587 -0.028718 -0.001073 -0.000118 -0.000080 0.999999
1078.799270 -0.310655 0.079609 -0.030572 0.000311 0.000907 0.000103 1.000000
1078.899508 -0.301615 0.082847 -0.026823 0.000803 0.001580 -0.000059 0.999998
1078.999336 -0.280744 0.079006 -0.022988 0.000440 0.001008 -0.000114 0.999999
1079.099187 -0.278205 0.074603 -0.027239 -0.000255 0.000565 -0.000136 1.000000
1079.199843 -0.291194 0.078462 -0.025984 -0.000772 0.000473 -0.000186 1.000000
1079.299680 -0.315560 0.081584 -0.027844 -0.000639 0.000200 -0.000031 1.000000
1079.399525 -0.341734 0.084337 -0.035184 -0.001667 -0.000052 -0.000219 0.999999
1079.499364 -0.337885 0.080696 -0.033523 -0.001792 0.000665 -0.000128 0.999998
1079.599203 -0.328742 0.079469 -0.028688 -0.001805 0.001322 -0.000169 0.999997
1079.699437 -0.322901 0.081733 -0.028158 -0.001110 0.000851 -0.000169 0.999999
1079.799279 -0.310842 0.080955 -0.029933 0.000113 -0.000566 -0.000129 1.000000
1079.899116 -0.280925 0.080725 -0.025513 0.000508 -0.001209 -0.000183 0.999999
1079.999750 -0.279661 0.082177 -0.026087 0.000681 -0.001055 -0.000223 0.999999
1080.099590 -0.291087 0.080155 -0.030912 0.000206 -0.000585 -0.000234 1.000000
1080.199443 -0.308216 0.082567 -0.023647 -0.000219 0.000158 -0.000318 1.000000
1080.299282 -0.334564 0.089307 -0.024274 0.000036 -0.000316 -0.000302 1.000000
1080.399131 -0.335556 0.089877 -0.031598 -0.000113 -0.000422 -0.000161 1.000000
1080.499778 -0.322113 0.081616 -0.034375 0.000762 -0.000412 -0.000035 1.000000
1080.599624 -0.308966 0.081402 -0.025840 0.001513 -0.000466 -0.000126 0.999999
1080.699461 -0.310711 0.085368 -0.015572 0.000992 -0.000289 -0.000200 0.999999
1080.799310 -0.316633 0.087052 -0.016269 0.000007 -0.000030 -0.000260 1.000000
1080.899138 -0.327617 0.084433 -0.023756 -0.000765 -0.000388 0.000008 1.000000
1080.999784 -0.336192 0.080033 -0.024707 -0.000923 0.000101 0.000408 0.999999
1081.099604 -0.326219 0.079722 -0.025025 -0.000234 0.000081 0.000452 1.000000
1081.199447 -0.311167 0.085381 -0.020567 0.000448 0.000676 0.000423 1.000000
1081.299295 -0.323291 0.091360 -0.027143 0.000957 0.005754 0.000235 0.999983
1081.399141 -0.343163 0.086106 -0.023468 0.000969 0.014589 0.000290 0.999893
1081.499784 -0.352972 0.083071 -0.018369 0.000356 0.021309 0.000270 0.999773
1081.599610 -0.339336 0.083394 -0.018003 -0.000085 0.026377 0.000139 0.999652
1081.699455 -0.293125 0.084182 -0.022393 0.000151 0.030290 0.000119 0.999541
1081.799290 -0.247626 0.081611 -0.021444 -0.000004 0.032984 0.000129 0.999456
1081.899123 -0.211824 0.075830 -0.019668 0.000056 0.033639 0.000134 0.999434
1081.999767 -0.201360 0.077333 -0.020188 -0.000335 0.032209 0.000192 0.999481
1082.099605 -0.209546 0.080517 -0.016433 -0.000520 0.028354 0.000077 0.999598
1082.199451 -0.179193 0.085434 -0.016876 -0.000590 0.024230 -0.000139 0.999706
1082.299279 -0.109388 0.081752 -0.016113 -0.000831 0.022232 -0.000134 0.999752
1082.399119 -0.036656 0.071911 -0.020528 -0.000490 0.019605 -0.000030 0.999808
1082.499759 0.012125 0.069787 -0.015423 -0.000176 0.019850 -0.000112 0.999803
1082.599597 0.052534 0.075940 -0.012462 0.000245 0.021181 -0.000408 0.999776
1082.699442 0.103702 0.074764 -0.019296 0.000780 0.020975 -0.000416 0.999780
1082.799288 0.157285 0.072227 -0.017630 -0.000050 0.018468 -0.000524 0.999829
1082.899134 0.220815 0.069408 -0.012795 -0.000280 0.014066 -0.000462 0.999901
1082.999780 0.291068 0.067862 -0.003161 -0.000508 0.010614 -0.000522 0.999943
1083.099619 0.332346 0.071744 0.000787 -0.000057 0.011265 -0.000411 0.999936
1083.199447 0.381494 0.073276 -0.003738 0.000090 0.014829 -0.000164 0.999890
1083.299294 0.478123 0.064152 -0.005755 -0.000157 0.019758 0.000204 0.999805
1083.399128 0.554569 0.066600 -0.006086 0.000216 0.027348 0.000020 0.999626
1083.499759 0.621589 0.069467 -0.008863 0.000750 0.033847 0.000195 0.999427
1083.599588 0.689217 0.068789 -0.009474 0.001068 0.035755 0.000261 0.999360
1083.699421 0.782579 0.065681 -0.009774 0.000981 0.032977 -0.000004 0.999456
1083.799259 0.858172 0.066451 -0.003812 0.000177 0.027611 -0.000177 0.999619
1083.899504 0.929651 0.065653 0.001827 0.001337 0.025948 -0.000304 0.999662
1083.999342 1.075574 0.061915 0.007233 0.001724 0.027241 -0.000302 0.999627
1084.099180 1.182903 0.063510 0.006240 0.002110 0.028978 -0.000489 0.999578
1084.199813 1.271956 0.062298 0.012481 0.001932 0.028852 -0.000678 0.999582
1084.299649 1.329827 0.065385 0.011231 0.001921 0.024574 -0.000930 0.999696
1084.399491 1.409852 0.068255 0.004253 0.001244 0.018385 -0.001176 0.999830
1084.499344 1.521046 0.063908 0.001629 0.001671 0.013180 -0.001150 0.999911
1084.599183 1.647466 0.059382 0.006625 0.002345 0.012581 -0.001163 0.999917
1084.699829 1.781602 0.056990 0.016564 0.002404 0.014565 -0.001303 0.999890
1084.799677 1.903538 0.059122 0.020504 0.001519 0.017067 -0.001257 0.999852
1084.899529 2.004508 0.057015 0.018685 0.000851 0.019507 -0.001311 0.999808
1084.999362 2.094915 0.055267 0.024074 0.000840 0.021207 -0.001363 0.999774
1085.099207 2.177871 0.051770 0.023827 0.001336 0.020754 -0.000933 0.999783
1085.199431 2.275729 0.048742 0.022935 0.001638 0.019956 -0.000516 0.999799
1085.299261 2.390938 0.048117 0.028249 0.001710 0.020928 -0.000649 0.999779
1085.399486 2.534367 0.043042 0.031357 0.001525 0.023247 -0.000763 0.999728
1085.499320 2.672562 0.036641 0.035457 0.001486 0.024026 -0.001077 0.999710
1085.599162 2.790740 0.032094 0.036815 0.000370 0.023113 -0.001202 0.999732
1085.699796 2.899584 0.028999 0.040922 -0.000185 0.018952 -0.001097 0.999820
1085.799631 3.009928 0.023180 0.050834 -0.000022 0.014194 -0.001046 0.999899
1085.899473 3.118175 0.020909 0.054655 -0.000075 0.014394 -0.001167 0.999896
1085.999324 3.254227 0.017168 0.052776 -0.000632 0.015557 -0.001136 0.999878
1086.099155 3.357505 0.010851 0.047782 -0.001338 0.018871 -0.001202 0.999820
1086.099155 3.350681 0.012765 0.048342 -0.001081 0.018875 -0.001223 0.999821
1086.199794 3.486034 0.010829 0.061261 -0.000935 0.023147 -0.001457 0.999731
1086.299633 3.627511 0.001507 0.053769 -0.000141 0.024897 -0.001043 0.999689
1086.399470 3.754045 -0.006560 0.039418 0.000029 0.024944 -0.000616 0.999689
1086.499302 3.861830 -0.009982 0.040843 -0.000997 0.023019 -0.000400 0.999734
1086.599130 3.969870 -0.012894 0.055980 -0.001800 0.020427 -0.000062 0.999790
1086.699784 4.081562 -0.018776 0.080060 -0.002336 0.017678 0.000294 0.999841
1086.799619 4.206017 -0.024993 0.098169 -0.003750 0.014196 0.000544 0.999892
1086.899458 4.329841 -0.027816 0.109284 -0.004842 0.010592 0.000697 0.999932
1086.999289 4.457715 -0.028720 0.113190 -0.004545 0.004002 0.000586 0.999981
1087.099143 4.590341 -0.034249 0.105615 -0.005654 -0.027580 0.000446 0.999604
1087.199782 4.712425 -0.041074 0.116099 -0.003925 -0.023505 0.000401 0.999716
1087.299617 4.830035 -0.044177 0.140778 -0.002743 -0.002559 0.000345 0.999993
1087.399460 4.934182 -0.047364 0.162931 -0.002745 0.008766 0.000650 0.999958
1087.499295 5.023558 -0.047744 0.185319 -0.002693 0.014234 0.000900 0.999895
1087.599135 5.122896 -0.050201 0.201279 -0.003083 0.013413 0.001234 0.999905
1087.699770 5.232305 -0.047565 0.208977 -0.003402 0.012395 0.001477 0.999916
1087.799602 5.336540 -0.051202 0.217156 -0.003040 0.011543 0.001914 0.999927
1087.899444 5.437967 -0.054915 0.228622 -0.003632 0.011651 0.001943 0.999924
1087.999279 5.549780 -0.056916 0.239379 -0.003885 0.011928 0.001561 0.999920
1088.099115 5.662790 -0.056059 0.248017 -0.003010 0.012153 0.001766 0.999920
1088.199753 5.767723 -0.053295 0.252559 -0.001597 0.010345 0.001583 0.999944
1088.299594 5.859519 -0.049349 0.256113 -0.000551 0.007491 0.000893 0.999971
1088.399430 5.944691 -0.046905 0.259074 0.000898 0.005381 0.000181 0.999985
1088.499266 6.036030 -0.049824 0.261463 0.001866 0.004258 -0.000362 0.999989
1088.599508 6.134657 -0.052771 0.263301 0.002910 0.006003 -0.001550 0.999977
1088.699333 6.234914 -0.054519 0.265913 0.002481 0.008362 -0.002723 0.999958
1088.799186 6.335149 -0.057415 0.264665 0.002422 0.009281 -0.004186 0.999945
1088.899821 6.436033 -0.061188 0.261209 0.001546 0.009067 -0.005669 0.999942
1088.999653 6.521965 -0.063063 0.256472 0.000850 0.008461 -0.006553 0.999942
1089.099501 6.603167 -0.065176 0.256185 0.001798 0.009293 -0.007911 0.999924
1089.199337 6.686729 -0.068693 0.259933 0.003639 0.010598 -0.008827 0.999898
1089.299182 6.771690 -0.071444 0.264509 0.004616 0.011799 -0.009152 0.999878
1089.399830 6.860379 -0.076771 0.270564 0.003000 0.012365 -0.009032 0.999878
1089.499670 6.958795 -0.087929 0.281269 0.000403 0.013130 -0.008741 0.999876
1089.599514 7.055710 -0.100085 0.289180 -0.001936 0.013431 -0.009116 0.999866
1089.699358 7.145222 -0.106054 0.296756 -0.002823 0.013433 -0.009337 0.999862
1089.799199 7.222062 -0.110461 0.295050 -0.002359 0.012814 -0.009620 0.999869
1089.899441 7.291592 -0.117307 0.294090 0.000219 0.016142 -0.009465 0.999825
1089.999289 7.371102 -0.125737 0.294835 0.002271 0.019694 -0.009346 0.999760
1090.099133 7.462370 -0.135581 0.297687 0.004904 0.021584 -0.009063 0.999714
1090.199779 7.559847 -0.147356 0.301702 0.007407 0.019915 -0.008621 0.999737
1090.299623 7.654876 -0.161996 0.302771 0.012081 0.017610 -0.008503 0.999736
1090.399457 7.749743 -0.178025 0.303829 0.015047 0.017580 -0.008438 0.999697
1090.499304 7.839728 -0.196384 0.303842 0.016929 0.018119 -0.008186 0.999659
1090.599151 7.928244 -0.215025 0.302803 0.017066 0.017063 -0.007763 0.999679
1090.699782 8.018335 -0.235023 0.302368 0.011947 0.015018 -0.007571 0.999787
1090.799603 8.104418 -0.260425 0.298453 0.004173 0.013944 -0.007345 0.999867
1090.899432 8.193925 -0.290018 0.295983 -0.000456 0.013281 -0.006741 0.999889
1090.999268 8.287856 -0.319730 0.296507 -0.003082 0.013403 -0.006468 0.999885
1091.099505 8.391696 -0.348400 0.298739 -0.003967 0.015088 -0.006265 0.999859
1091.199356 8.494786 -0.370172 0.300261 -0.004074 0.017451 -0.006240 0.999820
1091.299197 8.599108 -0.393010 0.303430 -0.004233 0.017957 -0.005636 0.999814
1091.399840 8.698438 -0.419342 0.306136 -0.003117 0.014720 -0.005769 0.999870
1091.499684 8.784136 -0.445519 0.308488 0.000248 0.009330 -0.009021 0.999916
1091.599519 8.870063 -0.473050 0.311592 0.005244 0.006710 -0.014993 0.999851
1091.699356 8.959521 -0.498991 0.313790 0.006911 0.008061 -0.023690 0.999663
1091.799199 9.058870 -0.522825 0.312154 0.006948 0.011570 -0.032802 0.999371
1091.899422 9.165370 -0.548483 0.310553 0.004774 0.014565 -0.039801 0.999090
1091.999261 9.255100 -0.574866 0.312621 -0.000647 0.017198 -0.041029 0.999010
1092.099503 9.332574 -0.597345 0.315373 -0.000643 0.017797 -0.040125 0.999036
1092.199340 9.400609 -0.619982 0.318022 -0.000996 0.017536 -0.038860 0.999090
1092.299186 9.471199 -0.642199 0.320916 -0.001362 0.018315 -0.037999 0.999109
1092.399829 9.561756 -0.667057 0.320640 -0.000940 0.021584 -0.037529 0.999062
1092.499664 9.660494 -0.686413 0.315993 0.000577 0.024003 -0.037647 0.999003
1092.599503 9.764187 -0.707217 0.313099 0.001494 0.022834 -0.037869 0.999021
1092.699343 9.863256 -0.727111 0.316783 0.001790 0.019234 -0.038255 0.999081
1092.799170 9.955048 -0.745320 0.324327 0.003186 0.015974 -0.038794 0.999114
1092.899810 10.045555 -0.765298 0.328754 0.003496 0.016980 -0.039154 0.999083
1092.999651 10.137854 -0.783196 0.327934 0.003221 0.018458 -0.039540 0.999042
1093.099491 10.230154 -0.802472 0.325030 0.002869 0.018850 -0.039897 0.999022
1093.199323 10.325212 -0.819353 0.322315 0.003017 0.017204 -0.040334 0.999034
1093.299162 10.427385 -0.835282 0.322215 0.003512 0.015652 -0.040517 0.999050
1093.399803 10.537521 -0.854252 0.327402 0.004034 0.013906 -0.040640 0.999069
1093.499654 10.646979 -0.872806 0.336473 0.003975 0.014390 -0.040926 0.999051
1093.599494 10.754475 -0.888624 0.341084 0.004469 0.014985 -0.040885 0.999041
1093.699332 10.848277 -0.902305 0.342302 0.004844 0.017067 -0.041098 0.998998
1093.799164 10.938514 -0.916763 0.338047 0.005160 0.017979 -0.041081 0.998981
1093.899816 11.030124 -0.932962 0.337901 0.005577 0.018839 -0.041401 0.998949
1093.999652 11.127945 -0.948647 0.340076 0.005116 0.018332 -0.041699 0.998949
1094.099495 11.232496 -0.963914 0.344125 0.005481 0.016847 -0.041888 0.998965
1094.199344 11.344421 -0.980217 0.344738 0.005815 0.015337 -0.042343 0.998968
1094.299202 11.451787 -0.998216 0.345958 0.005900 0.014806 -0.042452 0.998971
1094.399434 11.557675 -1.014822 0.349544 0.005675 0.014954 -0.042925 0.998950
1094.499278 11.667703 -1.029501 0.351953 0.006528 0.014318 -0.043412 0.998933
1094.599124 11.770885 -1.043750 0.353723 0.007208 0.012595 -0.043477 0.998949
1094.699770 11.876187 -1.058855 0.356460 0.008004 0.010123 -0.043274 0.998980
1094.799611 11.969604 -1.075309 0.357710 0.007979 0.009783 -0.043089 0.998991
1094.899449 12.054546 -1.094605 0.361607 0.006873 0.011624 -0.042683 0.998997
1094.999288 12.142751 -1.111968 0.366362 0.005926 0.014476 -0.042839 0.998960
1095.099141 12.234914 -1.128440 0.370255 0.005338 0.016328 -0.042451 0.998951
1095.199780 12.344004 -1.148516 0.374685 0.003847 0.015789 -0.042397 0.998969
1095.299609 12.447184 -1.163076 0.378423 0.003859 0.012493 -0.042627 0.999005
1095.399438 12.549102 -1.177704 0.379787 0.004512 0.009900 -0.042910 0.999020
1095.499281 12.648772 -1.196478 0.378771 0.003968 0.009913 -0.042914 0.999022
1095.599113 12.750268 -1.214373 0.377606 0.003719 0.012145 -0.042866 0.999000
1095.699747 12.850842 -1.229225 0.375035 0.003673 0.012623 -0.042693 0.999002
1095.799594 12.943017 -1.243228 0.375554 0.003074 0.012725 -0.042775 0.998999
1095.899430 13.033163 -1.254287 0.380274 0.002718 0.010292 -0.043177 0.999011
1095.999263 13.129906 -1.271287 0.385019 0.002842 0.011078 -0.042978 0.999011
1096.099508 13.221297 -1.283999 0.391468 0.002458 0.011718 -0.042685 0.999017
1096.199343 13.302999 -1.298867 0.396162 0.003034 0.012616 -0.042307 0.999020
1096.299184 13.374961 -1.314457 0.395325 0.002455 0.013268 -0.042174 0.999019
1096.399829 13.459740 -1.328845 0.394971 0.001716 0.015216 -0.042018 0.999000
1096.499670 13.553009 -1.339739 0.397469 0.002164 0.014690 -0.042148 0.999001
1096.599522 13.648080 -1.351305 0.398402 0.001065 0.012535 -0.042482 0.999018
1096.699357 13.741474 -1.361823 0.398766 0.001045 0.011461 -0.042677 0.999023
1096.799204 13.840210 -1.372142 0.399276 0.001437 0.012081 -0.042779 0.999010
1096.899443 13.937168 -1.385661 0.404369 0.002466 0.013168 -0.042581 0.999003
1096.999285 14.028338 -1.399064 0.410294 0.003049 0.012649 -0.042370 0.999017
1097.099132 14.109015 -1.409457 0.412742 0.003570 0.011266 -0.042545 0.999025
1097.199782 14.189929 -1.419350 0.411161 0.002610 0.009291 -0.042697 0.999041
1097.299618 14.263436 -1.428561 0.408714 0.001834 0.009335 -0.042632 0.999046
1097.399470 14.338846 -1.434212 0.408773 0.001911 0.011727 -0.042602 0.999021
1097.499309 14.423069 -1.445767 0.410622 0.002200 0.015689 -0.042331 0.998978
1097.599159 14.510601 -1.458705 0.419151 0.003619 0.018836 -0.042132 0.998928
1097.699791 14.615975 -1.472549 0.432270 0.003918 0.019106 -0.042195 0.998919
1097.799638 14.727367 -1.486128 0.442676 0.003931 0.016719 -0.042317 0.998957
1097.899473 14.823490 -1.492456 0.456512 0.003029 0.014909 -0.042626 0.998975
1097.999296 14.894645 -1.498652 0.471662 0.003321 0.016117 -0.042497 0.998961
1098.099139 14.959556 -1.507627 0.494307 0.003286 0.016874 -0.042531 0.998947
1098.199782 15.031119 -1.519417 0.521485 0.003385 0.016990 -0.042422 0.998950
1098.299630 15.114773 -1.530654 0.541383 0.003451 0.016312 -0.042184 0.998971
1098.399477 15.212880 -1.537745 0.556029 0.003871 0.015288 -0.042422 0.998975
1098.499299 15.317847 -1.547562 0.568072 0.002794 0.012210 -0.042383 0.999023
1098.599143 15.415385 -1.558895 0.583182 0.003516 0.011142 -0.042251 0.999039
1098.699778 15.507466 -1.573378 0.595154 0.003349 0.011834 -0.042197 0.999034
1098.799612 15.600634 -1.585839 0.599920 0.003026 0.013196 -0.042208 0.999017
1098.899448 15.690141 -1.595668 0.602632 0.003546 0.014829 -0.042057 0.998999
1098.999289 15.770749 -1.604810 0.607044 0.003477 0.016041 -0.041840 0.998989
1099.099126 15.852776 -1.613605 0.608551 0.003797 0.016329 -0.041816 0.998985
1099.199764 15.936995 -1.623813 0.606827 0.003193 0.017146 -0.041829 0.998973
1099.299615 16.017961 -1.631837 0.605679 0.002736 0.018327 -0.041755 0.998956
1099.399454 16.105452 -1.640695 0.605255 0.002479 0.022145 -0.041695 0.998882
1099.499291 16.187260 -1.651532 0.608442 0.002450 0.024204 -0.041512 0.998842
1099.599137 16.268111 -1.662069 0.609926 0.002417 0.022766 -0.041558 0.998874
1099.699769 16.359186 -1.672980 0.609000 0.002430 0.017092 -0.041652 0.998983
1099.799590 16.451475 -1.683274 0.607071 0.002393 0.016120 -0.041494 0.999006
1099.899429 16.548975 -1.691835 0.604898 0.002400 0.019861 -0.041258 0.998948
1099.999271 16.648056 -1.700133 0.608243 0.002678 0.027110 -0.041034 0.998786
1100.099508 16.743472 -1.711954 0.614140 0.002452 0.030089 -0.040788 0.998712
1100.199355 16.842279 -1.725415 0.621095 0.002625 0.027964 -0.040932 0.998767
1100.299197 16.951622 -1.737048 0.623860 0.002682 0.020850 -0.040979 0.998939
1100.399830 17.056112 -1.744556 0.618193 0.002271 0.015609 -0.041260 0.999024
1100.499669 17.149184 -1.754017 0.613634 0.002434 0.016239 -0.041493 0.999004
1100.599526 17.239415 -1.765102 0.613231 0.002029 0.019152 -0.041501 0.998953
1100.699366 17.332901 -1.774499 0.619422 0.002003 0.021457 -0.041631 0.998901
1100.799204 17.434157 -1.783501 0.632769 0.002759 0.021770 -0.041871 0.998882
1100.899454 17.524542 -1.792522 0.644624 0.002900 0.021046 -0.041712 0.998904
1100.999298 17.617346 -1.802087 0.650917 0.003126 0.018992 -0.041488 0.998954
1101.099136 17.727113 -1.812716 0.656993 0.001004 0.018272 -0.041777 0.998959
1101.199796 17.849292 -1.823600 0.659541 0.001103 0.017744 -0.041804 0.998968
1101.299634 17.960057 -1.832915 0.658578 0.001579 0.019209 -0.041986 0.998932
1101.399459 18.064058 -1.844880 0.661216 0.003078 0.019535 -0.042254 0.998911
1101.499300 18.172672 -1.859217 0.669615 0.003186 0.018379 -0.042619 0.998917
1101.599144 18.281709 -1.872816 0.675549 0.004252 0.016518 -0.043138 0.998924
1101.699789 18.383396 -1.879500 0.677347 0.004882 0.015386 -0.043637 0.998917
1101.799637 18.481664 -1.888922 0.680860 0.004402 0.016231 -0.043888 0.998895
1101.899473 18.581212 -1.901912 0.689016 0.003973 0.017951 -0.044100 0.998858
1101.999312 18.684048 -1.916703 0.698619 0.003394 0.017456 -0.044346 0.998858
1102.099141 18.797945 -1.934194 0.703038 0.002238 0.015130 -0.044512 0.998892
1102.199789 18.913956 -1.948717 0.715678 0.000169 0.000785 -0.044745 0.998998
1102.299637 18.996023 -1.955039 0.720466 -0.003160 -0.039748 -0.045166 0.998183
1102.399474 19.059854 -1.961746 0.727341 -0.002893 -0.043888 -0.045347 0.998003
1102.499318 19.127261 -1.974466 0.738008 -0.001750 -0.026565 -0.045064 0.998629
1102.599162 19.188894 -1.983837 0.746560 -0.000657 -0.008604 -0.044472 0.998973
1102.699783 19.248490 -1.991571 0.750073 0.000182 0.007722 -0.044208 0.998992
1102.799618 19.316461 -2.001880 0.749549 0.000094 0.010713 -0.044033 0.998973
1102.899459 19.386607 -2.010953 0.744989 0.000028 0.013636 -0.044174 0.998931
1102.999318 19.454921 -2.017711 0.740616 -0.000360 0.014117 -0.043946 0.998934
1103.099175 19.524446 -2.022984 0.738364 -0.000161 0.016315 -0.043476 0.998921
1103.199821 19.600834 -2.029617 0.740822 -0.000367 0.019457 -0.042464 0.998908
1103.299669 19.675516 -2.039521 0.752672 -0.000883 0.023859 -0.041334 0.998860
1103.399512 19.749946 -2.051519 0.765043 -0.001001 0.026608 -0.040679 0.998817
1103.499359 19.830658 -2.060217 0.773346 -0.000319 0.028701 -0.040321 0.998774
1103.599187 19.916831 -2.068589 0.780227 0.001077 0.029689 -0.039994 0.998758
1103.699827 20.006288 -2.075502 0.788926 0.001985 0.031634 -0.039991 0.998697
1103.799682 20.092728 -2.079906 0.792097 0.002067 0.031156 -0.039814 0.998719
1103.899538 20.176460 -2.089245 0.790491 0.001769 0.035406 -0.039559 0.998588
1103.999390 20.264901 -2.101532 0.791938 0.002216 0.039988 -0.039138 0.998431
1104.099226 20.359595 -2.114356 0.800499 0.001644 0.040865 -0.038732 0.998412
1104.199456 20.457369 -2.120137 0.803541 0.001765 0.036840 -0.038398 0.998582
1104.299295 20.556080 -2.125464 0.807697 0.001227 0.031836 -0.038220 0.998761
1104.399131 20.661172 -2.137024 0.808943 0.001473 0.027459 -0.037736 0.998909
1104.499765 20.768986 -2.149191 0.813866 0.000371 0.025154 -0.038050 0.998959
1104.599606 20.879298 -2.159002 0.815915 0.000420 0.024150 -0.038368 0.998972
1104.699454 20.989310 -2.168178 0.819664 0.001257 0.021896 -0.038496 0.999018
1104.799288 21.098220 -2.181492 0.828479 0.001411 0.019233 -0.038426 0.999075
1104.899117 21.206064 -2.195840 0.835759 0.000874 0.016461 -0.038548 0.999121
1104.999748 21.312822 -2.205865 0.842773 0.000293 0.013571 -0.038819 0.999154
1105.099574 21.410565 -2.214179 0.852124 0.000054 0.013506 -0.038517 0.999167
1105.199408 21.512979 -2.226008 0.861101 -0.000725 0.013600 -0.038177 0.999178
1105.299251 21.621565 -2.241047 0.877266 -0.001158 0.014074 -0.037741 0.999188
1105.399499 21.724350 -2.256133 0.885440 -0.001411 0.013750 -0.037367 0.999206
1105.499333 21.813724 -2.269021 0.903376 -0.000044 0.012267 -0.036988 0.999240
1105.599183 21.907614 -2.279451 0.928104 0.001335 0.010244 -0.036629 0.999276
1105.699828 22.014760 -2.292307 0.953976 0.000800 0.007343 -0.036431 0.999309
1105.799673 22.129469 -2.305534 0.974536 -0.000736 0.006637 -0.036715 0.999303
1105.899511 22.243813 -2.319457 0.984567 -0.001769 0.008295 -0.036816 0.999286
1105.999346 22.355400 -2.332031 0.992444 -0.002129 0.011572 -0.036804 0.999253
1106.099190 22.461668 -2.342239 0.998062 -0.001552 0.013429 -0.036911 0.999227
1106.199810 22.571966 -2.357736 1.002101 -0.001829 0.013049 -0.037120 0.999224
1106.299649 22.675324 -2.374571 1.004329 -0.001847 0.011824 -0.037214 0.999236
1106.399484 22.775387 -2.387791 1.001867 -0.002999 0.010188 -0.037408 0.999244
1106.499328 22.876404 -2.402135 0.999261 -0.002824 0.010147 -0.037346 0.999247
1106.599165 22.982722 -2.416258 0.996392 -0.002710 0.012929 -0.037406 0.999213
1106.699816 23.088560 -2.432924 0.994737 -0.001457 0.016831 -0.037330 0.999160
1106.799650 23.190345 -2.448233 0.996732 -0.000689 0.018749 -0.037613 0.999116
1106.899485 23.284888 -2.458164 1.000391 -0.002085 0.018498 -0.037956 0.999106
1106.999320 23.384423 -2.464755 1.000675 -0.002454 0.017288 -0.038289 0.999114
1107.099152 23.493653 -2.475320 0.999991 -0.002013 0.015824 -0.038568 0.999129
1107.199795 23.606896 -2.489971 1.000131 -0.001161 0.014516 -0.038342 0.999159
1107.299632 23.713270 -2.503054 1.001914 -0.001092 0.014158 -0.038212 0.999169
1107.399476 23.818687 -2.514190 1.007845 0.001096 0.013864 -0.038632 0.999157
1107.499328 23.926968 -2.522719 1.010416 0.002507 0.013699 -0.041353 0.999048
1107.599188 24.035892 -2.533839 1.006616 0.001682 0.012486 -0.044595 0.998926
1107.699829 24.151926 -2.554380 1.009619 0.003192 0.011310 -0.047621 0.998796
1107.799675 24.256172 -2.566516 1.005234 0.004694 0.010036 -0.052526 0.998558
1107.899508 24.356424 -2.583016 1.010945 0.006346 0.011055 -0.057790 0.998247
1107.999343 24.467020 -2.594997 1.022556 0.006307 0.011850 -0.062731 0.997940
1108.099187 24.580034 -2.606963 1.026340 0.006968 0.013069 -0.066495 0.997677
1108.199825 24.683822 -2.621408 1.027998 0.004120 0.014498 -0.067771 0.997587
1108.299673 24.784085 -2.639223 1.026873 0.002725 0.014830 -0.068043 0.997568
1108.399512 24.901460 -2.658784 1.027082 -0.000370 0.013941 -0.068055 0.997584
1108.499363 25.009803 -2.674499 1.036346 -0.001608 0.013919 -0.067877 0.997595
1108.599206 25.107081 -2.686652 1.045731 -0.001292 0.015043 -0.068073 0.997566
1108.699448 25.212130 -2.701981 1.048854 0.000815 0.015581 -0.068344 0.997540
1108.799298 25.321732 -2.718405 1.049390 0.001877 0.014527 -0.068394 0.997551
1108.899133 25.436042 -2.734893 1.053109 0.002915 0.012956 -0.068569 0.997558
1108.999762 25.542708 -2.749558 1.057764 0.004378 0.010057 -0.068585 0.997585
1109.099598 25.642789 -2.761749 1.064132 0.002346 0.009250 -0.069024 0.997569
1109.199445 25.747259 -2.774983 1.065774 -0.003305 0.011143 -0.069492 0.997515
1109.299294 25.857241 -2.786922 1.065515 -0.007054 0.015200 -0.069499 0.997441
1109.399137 25.965852 -2.798195 1.061254 -0.006676 0.016763 -0.069330 0.997431
1109.499783 26.078516 -2.809040 1.067082 -0.002907 0.017615 -0.069163 0.997446
1109.599622 26.192400 -2.821645 1.077903 -0.000034 0.017629 -0.069435 0.997431
1109.699462 26.301673 -2.829187 1.076476 0.000491 0.016156 -0.070374 0.997390
1109.799289 26.412087 -2.840960 1.069488 0.001534 0.014666 -0.070791 0.997382
1109.899129 26.521492 -2.852829 1.066211 0.001870 0.014959 -0.071262 0.997344
1109.999776 26.621878 -2.861731 1.069050 0.001555 0.015591 -0.071255 0.997335
1110.099613 26.722965 -2.865968 1.073460 0.001324 0.015933 -0.071146 0.997338
1110.199452 26.822088 -2.869384 1.073950 0.000788 0.016072 -0.071064 0.997342
1110.299279 26.926469 -2.881289 1.073862 0.001909 0.015696 -0.071268 0.997332
1110.399115 27.042673 -2.896862 1.075275 0.002006 0.014891 -0.071816 0.997305
1110.499739 27.154066 -2.906041 1.079632 0.000183 0.015026 -0.071628 0.997318
1110.599578 27.264006 -2.910751 1.083011 0.000166 0.015422 -0.069964 0.997430
1110.699406 27.383598 -2.920079 1.085599 0.002647 0.014978 -0.069155 0.997490
1110.799251 27.508220 -2.932786 1.090688 0.002475 0.013023 -0.068908 0.997535
1110.899504 27.624852 -2.941765 1.093917 0.001528 0.011118 -0.067994 0.997623
1110.999333 27.726674 -2.952157 1.093206 0.004680 0.009702 -0.068243 0.997611
1111.099160 27.813755 -2.963778 1.093110 0.004204 0.009585 -0.068895 0.997569
1111.199794 27.905807 -2.972802 1.091435 0.002915 0.010475 -0.069457 0.997526
1111.299644 28.015589 -2.981506 1.095013 0.000664 0.009602 -0.069794 0.997515
1111.399471 28.130649 -2.994852 1.100217 0.000415 0.009616 -0.069448 0.997539
1111.499311 28.244803 -3.007887 1.105460 -0.000356 0.011294 -0.069199 0.997539
1111.599152 28.352898 -3.023126 1.106527 -0.000392 0.011832 -0.068851 0.997557
1111.699780 28.459687 -3.038647 1.105285 -0.000539 0.012245 -0.068802 0.997555
1111.799619 28.571309 -3.048202 1.104011 -0.000390 0.013830 -0.068619 0.997547
1111.899455 28.680704 -3.056302 1.108696 0.000467 0.014642 -0.068206 0.997564
1111.999292 28.790247 -3.065194 1.113852 -0.001436 0.013535 -0.067269 0.997642
1112.099114 28.895128 -3.071793 1.119373 -0.005309 0.013116 -0.063262 0.997897
1112.199751 29.000726 -3.078702 1.120564 -0.006232 0.012098 -0.056846 0.998290
1112.299592 29.104389 -3.084464 1.120814 -0.004090 0.011318 -0.051562 0.998597
1112.399421 29.200720 -3.090634 1.122253 -0.000797 0.011152 -0.048862 0.998743
1112.499263 29.297039 -3.095516 1.124112 0.000141 0.010242 -0.048955 0.998748
1112.599498 29.397041 -3.104046 1.126863 0.001287 0.008204 -0.049090 0.998760
1112.699338 29.507172 -3.113959 1.131618 0.002377 0.007475 -0.049510 0.998743
1112.799166 29.610441 -3.123257 1.133351 0.002330 0.007755 -0.049973 0.998718
1112.899793 29.698900 -3.133653 1.135757 0.001704 0.009074 -0.050472 0.998683
1112.999638 29.781288 -3.139935 1.133172 0.000940 0.011106 -0.050846 0.998644
1113.099482 29.874166 -3.146459 1.135946 0.001854 0.015765 -0.050934 0.998576
1113.199309 29.972659 -3.152058 1.141647 0.002315 0.019308 -0.051365 0.998491
1113.299152 30.072196 -3.159462 1.142975 0.003001 0.020481 -0.051408 0.998463
1113.399781 30.177749 -3.165881 1.145617 0.003419 0.020425 -0.051838 0.998441
1113.499627 30.281731 -3.172396 1.148022 0.003327 0.019863 -0.052103 0.998439
1113.599470 30.383386 -3.184752 1.148405 0.002225 0.019425 -0.052235 0.998443
1113.699312 30.480926 -3.199876 1.141848 0.001554 0.019282 -0.052197 0.998449
1113.799163 30.574743 -3.212421 1.146817 0.001874 0.019506 -0.051959 0.998457
1113.899807 30.672000 -3.220789 1.152752 0.001340 0.017978 -0.052000 0.998484
1113.999642 30.768711 -3.230655 1.158478 -0.000649 0.014125 -0.051894 0.998552
1114.099484 30.870552 -3.241542 1.156376 -0.000995 0.010942 -0.051874 0.998593
1114.199327 30.963574 -3.251217 1.159041 -0.001611 0.010882 -0.051941 0.998590
1114.299170 31.056983 -3.261849 1.166745 -0.000926 0.014285 -0.051939 0.998548
1114.399808 31.158782 -3.276104 1.166298 -0.000959 0.018140 -0.051795 0.998493
1114.499659 31.266078 -3.289822 1.158107 -0.001124 0.019752 -0.051443 0.998480
1114.599496 31.378280 -3.300898 1.156125 -0.000480 0.018763 -0.051360 0.998504
1114.699331 31.486476 -3.312408 1.161802 -0.000995 0.016998 -0.051134 0.998547
1114.799168 31.592792 -3.329145 1.169029 -0.001127 0.016475 -0.050613 0.998582
1114.899805 31.692167 -3.345403 1.171914 -0.001038 0.017172 -0.050315 0.998585
1114.999640 31.791799 -3.356383 1.167787 -0.000635 0.018883 -0.050086 0.998566
1115.099487 31.888301 -3.369090 1.163286 -0.000831 0.021081 -0.049590 0.998547
1115.199315 31.993885 -3.385106 1.163493 -0.002174 0.023553 -0.049586 0.998490
1115.299162 32.105310 -3.399971 1.168578 -0.002974 0.023404 -0.049448 0.998498
1115.399798 32.209613 -3.413007 1.175883 -0.002247 0.022024 -0.049493 0.998529
1115.499642 32.317547 -3.428972 1.179710 -0.001694 0.021302 -0.049251 0.998558
1115.599477 32.427657 -3.444413 1.176766 -0.003099 0.021768 -0.049136 0.998550
1115.699306 32.523819 -3.460065 1.174383 -0.003217 0.022569 -0.048854 0.998546
1115.799150 32.631653 -3.476986 1.172726 -0.004049 0.022336 -0.048344 0.998573
1115.899793 32.745343 -3.494658 1.172452 -0.004390 0.019726 -0.047983 0.998644
1115.999633 32.861169 -3.513439 1.174439 -0.004139 0.018642 -0.047628 0.998683
1116.099478 32.981750 -3.531387 1.177535 -0.004644 0.019472 -0.047400 0.998675
1116.199313 33.098838 -3.547470 1.181750 -0.004592 0.021134 -0.047150 0.998654
1116.299163 33.214704 -3.562772 1.185646 -0.004782 0.021401 -0.047090 0.998650
1116.399815 33.332584 -3.578609 1.193464 -0.005091 0.020870 -0.046915 0.998668
1116.499661 33.442329 -3.596750 1.196821 -0.005338 0.018554 -0.046835 0.998716
1116.599501 33.547533 -3.614579 1.196080 -0.005451 0.015420 -0.046781 0.998771
1116.699343 33.651680 -3.630890 1.194240 -0.005832 0.014317 -0.046577 0.998795
1116.799177 33.760028 -3.641605 1.194347 -0.007791 0.016622 -0.046343 0.998757
1116.899814 33.882553 -3.650404 1.198673 -0.007932 0.018968 -0.045759 0.998741
1116.999646 33.999555 -3.661429 1.202049 -0.007514 0.018847 -0.045106 0.998776
1117.099471 34.111091 -3.674690 1.207316 -0.006001 0.017340 -0.044581 0.998837
1117.199321 34.223575 -3.688786 1.211583 -0.004761 0.016564 -0.044258 0.998871
1117.299142 34.340706 -3.695922 1.217150 -0.004646 0.016979 -0.044322 0.998862
1117.399783 34.459822 -3.701940 1.217549 -0.004036 0.018097 -0.044629 0.998832
1117.499619 34.578171 -3.712577 1.215369 -0.002463 0.018350 -0.044880 0.998821
1117.599472 34.688953 -3.721398 1.217395 -0.001346 0.017396 -0.045358 0.998818
1117.699319 34.796170 -3.727560 1.223587 -0.001413 0.015410 -0.045929 0.998825
1117.799162 34.909704 -3.732115 1.234418 -0.001595 0.014799 -0.046620 0.998802
1117.899816 35.032325 -3.736539 1.240044 -0.001543 0.014555 -0.047329 0.998772
1117.999653 35.145996 -3.739731 1.240068 -0.000897 0.016216 -0.047825 0.998724
1118.099481 35.252872 -3.742401 1.234916 0.000174 0.016774 -0.048447 0.998685
1118.199327 35.361167 -3.746945 1.235994 0.002225 0.016723 -0.048877 0.998662
1118.299179 35.478401 -3.755750 1.243659 0.004106 0.015821 -0.048916 0.998669
1118.399810 35.614631 -3.764661 1.254568 0.005429 0.015299 -0.049467 0.998644
1118.499656 35.738954 -3.770354 1.270761 0.005307 0.015189 -0.049719 0.998634
1118.599494 35.855598 -3.773318 1.286997 0.005837 0.015650 -0.049933 0.998613
1118.699307 35.969333 -3.778706 1.300165 0.005494 0.016305 -0.050466 0.998578
1118.799161 36.078495 -3.782744 1.317511 0.005627 0.015288 -0.051037 0.998564
1118.899804 36.180729 -3.792083 1.337327 0.006088 0.013376 -0.051503 0.998565
1118.999640 36.283630 -3.805606 1.352962 0.005690 0.011813 -0.051641 0.998580
1119.099468 36.382326 -3.818898 1.363154 0.005037 0.011173 -0.052299 0.998556
1119.199305 36.482849 -3.828007 1.373639 0.003386 0.011200 -0.052596 0.998547
1119.299137 36.585938 -3.833728 1.383107 0.002366 0.013577 -0.052452 0.998528
1119.399767 36.702230 -3.843008 1.391052 0.001742 0.016649 -0.052247 0.998494
1119.499607 36.813944 -3.853449 1.398674 0.000565 0.017910 -0.052161 0.998478
1119.599456 36.929339 -3.869195 1.400291 0.000694 0.018028 -0.051465 0.998512
1119.699303 37.048432 -3.885905 1.398044 0.000730 0.018915 -0.050964 0.998521
1119.799145 37.167099 -3.900757 1.395302 0.000831 0.021645 -0.050176 0.998505
1119.899803 37.289785 -3.910834 1.396600 0.000365 0.024041 -0.049778 0.998471
1119.999672 37.407210 -3.919062 1.399844 0.000181 0.024419 -0.049447 0.998478
1120.099517 37.519703 -3.930849 1.405745 0.000633 0.023241 -0.049208 0.998518
1120.199362 37.638272 -3.944859 1.414010 0.000124 0.020856 -0.049374 0.998563
1120.299199 37.743588 -3.953205 1.418313 -0.000362 0.018256 -0.049827 0.998591
1120.399434 37.846578 -3.959839 1.423549 -0.001168 0.015433 -0.050236 0.998617
1120.499283 37.955660 -3.969836 1.428671 -0.002782 0.013546 -0.050701 0.998618
1120.599116 38.064561 -3.981062 1.431897 -0.000576 0.014525 -0.050982 0.998594
1120.699749 38.183612 -3.988551 1.433363 0.001719 0.016136 -0.051544 0.998539
1120.799570 38.307770 -3.995575 1.441476 0.002058 0.017048 -0.051922 0.998504
1120.899421 38.419505 -4.003337 1.446313 0.003216 0.015586 -0.052103 0.998515
1120.999254 38.528552 -4.012887 1.456009 0.004538 0.013381 -0.051921 0.998551
1121.099499 38.636273 -4.019216 1.473808 0.004650 0.012424 -0.052032 0.998557
1121.199330 38.744394 -4.025551 1.492494 0.003625 0.011331 -0.052095 0.998571
1121.299171 38.850646 -4.036131 1.509583 0.001896 0.010586 -0.051845 0.998597
1121.399829 38.957659 -4.050529 1.531470 0.000971 0.011153 -0.051668 0.998602
1121.499658 39.066967 -4.060686 1.551813 0.000431 0.011776 -0.051803 0.998588
1121.599492 39.175811 -4.065679 1.564653 0.000271 0.010702 -0.052163 0.998581
1121.699332 39.284811 -4.075124 1.572223 0.000689 0.012040 -0.052273 0.998560
1121.799184 39.397388 -4.089940 1.577535 0.000823 0.015504 -0.052238 0.998514
1121.899844 39.513344 -4.105152 1.584335 0.000335 0.019888 -0.052125 0.998442
1121.999675 39.631025 -4.116899 1.590623 0.000175 0.021741 -0.052165 0.998402
1122.099514 39.742988 -4.125013 1.590465 0.000005 0.018379 -0.052276 0.998464
1122.199356 39.846757 -4.139496 1.597043 0.000074 0.014629 -0.052061 0.998537
1122.299190 39.951117 -4.152827 1.600476 0.000120 0.011866 -0.052158 0.998568
1122.399818 40.056831 -4.164185 1.608338 -0.000338 0.011659 -0.052135 0.998572
1122.499653 40.158396 -4.175026 1.622409 -0.000339 0.012671 -0.051918 0.998571
1122.599491 40.260011 -4.187929 1.640579 -0.000092 0.011986 -0.051684 0.998592
1122.699333 40.371848 -4.197107 1.652289 -0.000581 0.011383 -0.051782 0.998593
1122.799178 40.472928 -4.205879 1.665162 -0.000985 0.011334 -0.051605 0.998603
1122.899810 40.576216 -4.212660 1.673444 -0.001815 0.011532 -0.051694 0.998595
1122.999650 40.692041 -4.226264 1.679815 -0.001024 0.011847 -0.051597 0.998597
1123.099507 40.809378 -4.241514 1.685979 -0.000432 0.014958 -0.051444 0.998564
1123.199357 40.920973 -4.255232 1.694055 -0.000925 0.017292 -0.051277 0.998534
1123.299192 41.023682 -4.260271 1.702859 -0.000747 0.016457 -0.051318 0.998546
1123.399818 41.129662 -4.266335 1.708980 -0.000599 0.014843 -0.051242 0.998576
1123.499652 41.230528 -4.276279 1.712248 0.000869 0.014615 -0.051428 0.998569
1123.599488 41.319816 -4.285540 1.713513 0.001081 0.015944 -0.051489 0.998546
1123.699330 41.410619 -4.292131 1.710801 0.001843 0.018182 -0.051540 0.998504
1123.799161 41.510984 -4.304237 1.710740 0.002753 0.019640 -0.051555 0.998473
1123.899796 41.615956 -4.316178 1.710230 0.002076 0.019865 -0.051980 0.998448
1123.999629 41.723306 -4.323936 1.711273 0.002128 0.018448 -0.052435 0.998452
1124.099469 41.831102 -4.332083 1.712652 0.001913 0.016362 -0.052798 0.998469
1124.199315 41.936341 -4.341600 1.717193 0.002537 0.014531 -0.052889 0.998491
1124.299154 42.044281 -4.355864 1.721718 0.002391 0.014015 -0.052910 0.998498
1124.399803 42.151767 -4.364365 1.721856 0.002645 0.012861 -0.053164 0.998499
1124.499653 42.254204 -4.369403 1.722172 0.002695 0.011141 -0.054192 0.998465
1124.599492 42.361070 -4.376203 1.722701 0.002758 0.009824 -0.054774 0.998447
1124.699323 42.459099 -4.387978 1.721477 0.006240 0.009696 -0.056998 0.998308
1124.799168 42.554351 -4.401972 1.722212 0.006483 0.010181 -0.059792 0.998138
1124.899820 42.646722 -4.414887 1.731260 0.004605 0.010896 -0.061618 0.998030
1124.999652 42.737839 -4.427790 1.741995 0.003699 0.010227 -0.062698 0.997973
1125.099487 42.835765 -4.440332 1.749758 0.002334 0.010392 -0.063074 0.997952
1125.199333 42.946748 -4.454696 1.758742 0.001633 0.011646 -0.062983 0.997945
1125.299164 43.053468 -4.468876 1.771213 0.001576 0.014462 -0.062816 0.997919
1125.399800 43.148439 -4.485572 1.779102 0.001199 0.017326 -0.062568 0.997890
1125.499634 43.226814 -4.498947 1.786845 0.001049 0.019965 -0.062355 0.997854
1125.599465 43.313853 -4.509041 1.790220 0.000387 0.021756 -0.062552 0.997804
1125.699304 43.404017 -4.520569 1.791197 -0.000077 0.022410 -0.062771 0.997776
1125.799149 43.499232 -4.534508 1.795663 -0.000417 0.021008 -0.062673 0.997813
1125.899780 43.602579 -4.553449 1.798059 -0.000780 0.019182 -0.062387 0.997867
1125.999613 43.713234 -4.571571 1.798365 -0.000139 0.018877 -0.062153 0.997888
1126.099456 43.833058 -4.586806 1.802894 0.000373 0.019550 -0.062160 0.997875
1126.199290 43.948468 -4.602244 1.807142 -0.000776 0.019222 -0.062252 0.997875
1126.299142 44.046454 -4.619494 1.807194 -0.001931 0.019272 -0.062228 0.997874
1126.399785 44.138485 -4.634272 1.806339 -0.001332 0.018486 -0.062623 0.997865
1126.499608 44.229499 -4.645544 1.804955 0.000074 0.018451 -0.063189 0.997831
1126.599447 44.328333 -4.660587 1.802897 0.001177 0.019700 -0.063429 0.997791
1126.699287 44.432965 -4.676190 1.804458 0.000896 0.021504 -0.063900 0.997724
1126.799122 44.533384 -4.694592 1.804492 -0.000937 0.022594 -0.064071 0.997689
1126.899759 44.631913 -4.712919 1.801659 -0.001212 0.022834 -0.064203 0.997675
1126.999620 44.743163 -4.730065 1.805875 -0.001235 0.021432 -0.064258 0.997702
1127.099449 44.859166 -4.744630 1.815087 -0.001145 0.019934 -0.064431 0.997722
1127.199292 44.962079 -4.758339 1.822925 -0.001126 0.020666 -0.064536 0.997701
1127.299138 45.064680 -4.774471 1.822590 -0.000707 0.022546 -0.064536 0.997660
1127.399779 45.163895 -4.788984 1.821515 -0.000083 0.024246 -0.064455 0.997626
1127.499618 45.275152 -4.803653 1.814012 -0.000872 0.023382 -0.064655 0.997633
1127.599457 45.390589 -4.819769 1.810140 -0.000840 0.022159 -0.064743 0.997656
1127.699319 45.510135 -4.836768 1.816797 -0.000598 0.022066 -0.064770 0.997656
1127.799158 45.630012 -4.851717 1.824636 0.000316 0.025205 -0.064635 0.997591
1127.899794 45.753397 -4.864938 1.834625 0.000891 0.028363 -0.064809 0.997494
1127.999641 45.868561 -4.878433 1.838260 -0.000462 0.028423 -0.064985 0.997481
1128.099478 45.983811 -4.895184 1.834379 -0.002885 0.025565 -0.065285 0.997535
1128.199322 46.100610 -4.914154 1.830572 -0.003759 0.022959 -0.065349 0.997591
1128.299162 46.214038 -4.927804 1.828691 -0.001180 0.022530 -0.065768 0.997580
1128.399789 46.329374 -4.935754 1.830032 0.001676 0.022568 -0.066065 0.997559
1128.499643 46.455499 -4.946985 1.835264 0.003490 0.023116 -0.066175 0.997534
1128.599487 46.584498 -4.965118 1.839773 0.002984 0.023345 -0.066395 0.997516
1128.699323 46.719109 -4.980612 1.843410 0.002548 0.023624 -0.066697 0.997490
1128.799174 46.853674 -4.997349 1.846301 0.000647 0.023731 -0.067079 0.997465
1128.899811 46.985517 -5.011061 1.839825 -0.001870 0.023696 -0.067430 0.997441
1128.999638 47.116941 -5.025179 1.840322 -0.001952 0.027545 -0.067584 0.997331
1129.099476 47.244676 -5.041409 1.847623 -0.001304 0.030284 -0.067754 0.997241
1129.199299 47.379138 -5.056252 1.851355 -0.001532 0.029086 -0.067893 0.997267
1129.299148 47.514927 -5.071706 1.850097 -0.001328 0.026308 -0.067959 0.997340
1129.399792 47.646994 -5.086803 1.853551 -0.000466 0.023504 -0.067930 0.997413
1129.499645 47.777155 -5.103396 1.857962 -0.000960 0.021485 -0.067737 0.997471
1129.599481 47.913447 -5.118275 1.858801 -0.000724 0.020801 -0.067686 0.997490
1129.699321 48.051802 -5.132838 1.854585 -0.000583 0.019922 -0.067644 0.997510
1129.799167 48.196081 -5.148600 1.860421 -0.002339 0.019573 -0.067803 0.997504
1129.899804 48.334379 -5.160980 1.868340 -0.004684 0.018350 -0.068186 0.997493
1129.999644 48.471334 -5.171918 1.872583 -0.007985 0.016111 -0.068336 0.997500
1130.099491 48.597883 -5.179825 1.875571 -0.011027 0.014163 -0.068390 0.997497
1130.199330 48.717192 -5.187481 1.878087 -0.012236 0.014338 -0.068039 0.997505
1130.299185 48.843378 -5.197902 1.878656 -0.011551 0.015942 -0.067630 0.997516
1130.399815 48.984064 -5.207441 1.875738 -0.010607 0.016682 -0.067443 0.997527
1130.499660 49.126510 -5.215306 1.873692 -0.010273 0.016646 -0.067115 0.997553
1130.599509 49.269312 -5.218457 1.878694 -0.008511 0.015975 -0.066990 0.997589
1130.699335 49.408027 -5.219418 1.881431 -0.005433 0.016492 -0.066720 0.997621
1130.799188 49.541259 -5.218891 1.890674 -0.003361 0.018229 -0.066717 0.997600
1130.899835 49.679942 -5.223456 1.896228 -0.002154 0.019899 -0.066472 0.997588
1130.999673 49.809112 -5.227718 1.895833 -0.001026 0.020850 -0.065903 0.997608
1131.099521 49.938383 -5.229211 1.890662 -0.001066 0.020974 -0.065794 0.997612
1131.199352 50.063111 -5.230540 1.886271 -0.001197 0.021127 -0.065460 0.997631
1131.299192 50.195759 -5.233468 1.884071 -0.000553 0.021691 -0.065178 0.997638
1131.399829 50.344618 -5.235129 1.888779 -0.001463 0.023426 -0.065194 0.997597
1131.499676 50.485543 -5.239778 1.899933 -0.001489 0.024087 -0.065175 0.997582
1131.599497 50.606644 -5.244173 1.903625 -0.001173 0.021812 -0.065349 0.997623
1131.699338 50.729852 -5.251877 1.903032 -0.000669 0.018240 -0.065513 0.997685
1131.799174 50.866300 -5.257764 1.896108 -0.001009 0.015666 -0.066153 0.997686
1131.899814 51.016264 -5.264362 1.895257 -0.000933 0.014115 -0.066834 0.997664
1131.999663 51.165349 -5.268428 1.902152 -0.000977 0.013914 -0.067233 0.997640
1132.099516 51.310814 -5.274266 1.907696 -0.001393 0.013707 -0.067428 0.997629
1132.199348 51.453668 -5.281885 1.914815 -0.001852 0.012956 -0.068055 0.997596
1132.299186 51.584563 -5.291720 1.914076 -0.002015 0.010768 -0.068007 0.997625
1132.399820 51.706759 -5.298580 1.913428 -0.002376 0.008362 -0.068034 0.997645
1132.499655 51.823628 -5.306757 1.915621 -0.003222 0.006877 -0.067597 0.997684
1132.599498 51.939304 -5.314498 1.925797 -0.002995 0.007786 -0.067543 0.997681
1132.699343 52.061286 -5.321097 1.924971 -0.002509 0.009619 -0.067553 0.997666
1132.799182 52.180861 -5.325919 1.918659 -0.002351 0.010217 -0.067592 0.997658
1132.899821 52.288811 -5.331809 1.919606 -0.002135 0.009459 -0.067811 0.997651
1132.999668 52.392030 -5.341022 1.918303 -0.002392 0.008818 -0.068191 0.997630
1133.099501 52.499847 -5.350546 1.919447 -0.001988 0.008635 -0.068297 0.997626
1133.199351 52.613330 -5.362972 1.922862 -0.001676 0.009857 -0.068145 0.997625
1133.299205 52.716030 -5.372586 1.926066 -0.001414 0.010465 -0.068441 0.997599
1133.399441 52.822045 -5.380038 1.930767 -0.002464 0.009321 -0.069443 0.997539
1133.499281 52.930227 -5.387487 1.933604 -0.003658 0.007327 -0.069929 0.997518
1133.599129 53.035263 -5.399175 1.938172 -0.003336 0.006646 -0.070444 0.997488
1133.699775 53.141765 -5.410837 1.937082 -0.004561 0.006612 -0.070172 0.997503
1133.799613 53.242767 -5.419374 1.937660 -0.005072 0.008215 -0.069901 0.997507
1133.899446 53.347899 -5.430251 1.938749 -0.003785 0.008859 -0.069235 0.997554
1133.999267 53.447843 -5.440117 1.937865 -0.003409 0.009328 -0.068823 0.997579
1134.099507 53.550588 -5.449217 1.939076 -0.003082 0.008755 -0.068692 0.997595
1134.199331 53.651588 -5.454621 1.939998 -0.002788 0.010499 -0.068756 0.997574
1134.299168 53.740933 -5.465472 1.934311 -0.003020 0.012623 -0.068629 0.997558
1134.399803 53.824276 -5.471835 1.936554 -0.004365 0.015349 -0.068621 0.997515
1134.499639 53.901206 -5.478028 1.934040 -0.004822 0.017881 -0.068577 0.997474
1134.599478 53.978695 -5.490268 1.941389 -0.004177 0.020850 -0.068378 0.997433
1134.699318 54.063814 -5.496463 1.945997 -0.002521 0.023372 -0.069046 0.997337
1134.799151 54.155481 -5.501525 1.948400 -0.001057 0.026055 -0.069619 0.997233
1134.899790 54.258302 -5.510918 1.949845 -0.000073 0.030557 -0.069959 0.997082
1134.999633 54.362160 -5.519691 1.948712 0.001022 0.033876 -0.070270 0.996952
1135.099485 54.467569 -5.532590 1.950332 0.001023 0.035057 -0.070686 0.996882
1135.199321 54.575679 -5.541318 1.947643 0.000775 0.032226 -0.071126 0.996946
1135.299166 54.688563 -5.548381 1.946814 0.000031 0.030326 -0.071307 0.996993
1135.399806 54.798430 -5.557712 1.946039 -0.000051 0.032550 -0.071358 0.996920
1135.499654 54.905401 -5.569869 1.947900 0.000300 0.036212 -0.071289 0.996798
1135.599498 55.027701 -5.586159 1.954684 -0.000401 0.034743 -0.071323 0.996848
1135.699329 55.146911 -5.605359 1.960704 -0.000717 0.031992 -0.070880 0.996971
1135.799163 55.266350 -5.621202 1.959339 -0.000946 0.029552 -0.070468 0.997076
1135.899806 55.401120 -5.641057 1.952798 -0.001393 0.028835 -0.069946 0.997133
1135.999644 55.525141 -5.652172 1.951196 -0.001900 0.028671 -0.069533 0.997166
1136.099486 55.646303 -5.663281 1.947255 -0.001475 0.031554 -0.068863 0.997126
1136.199320 55.762998 -5.676975 1.946813 -0.002415 0.032855 -0.068326 0.997119
1136.299168 55.878045 -5.691353 1.956509 -0.005595 0.031916 -0.068132 0.997150
1136.399801 55.991134 -5.706052 1.964342 -0.006975 0.029164 -0.067699 0.997255
1136.499643 56.105044 -5.720595 1.965555 -0.007424 0.027494 -0.067303 0.997326
1136.599494 56.227690 -5.733522 1.966083 -0.006745 0.029036 -0.066921 0.997313
1136.699347 56.352639 -5.745913 1.965045 -0.005397 0.033095 -0.066438 0.997227
1136.799192 56.481915 -5.756483 1.965182 -0.002937 0.034288 -0.066109 0.997219
1136.899836 56.623018 -5.770161 1.980727 -0.002615 0.032122 -0.065861 0.997308
1136.999670 56.765397 -5.786830 2.003900 -0.001657 0.030797 -0.065861 0.997352
1137.099496 56.910195 -5.802370 2.026431 -0.001862 0.030137 -0.065942 0.997366
1137.199343 57.051728 -5.810830 2.032691 -0.000405 0.028430 -0.066275 0.997396
1137.299172 57.202628 -5.820267 2.034742 0.000285 0.028678 -0.066748 0.997358
1137.399814 57.351723 -5.835671 2.039860 0.001297 0.029692 -0.067225 0.997295
1137.499662 57.494423 -5.852090 2.048808 0.000622 0.028713 -0.067845 0.997282
1137.599489 57.627851 -5.863641 2.060907 0.000941 0.027296 -0.068778 0.997258
1137.699322 57.760286 -5.873754 2.070923 0.002271 0.025336 -0.069640 0.997248
1137.799169 57.897743 -5.889452 2.085552 0.002777 0.025056 -0.070045 0.997225
1137.899804 58.041431 -5.907221 2.101015 0.002652 0.025150 -0.070705 0.997177
1137.999652 58.189921 -5.924055 2.117856 0.001161 0.023763 -0.071303 0.997171
1138.099480 58.345593 -5.942035 2.140325 -0.001846 0.024034 -0.071911 0.997120
1138.199326 58.499675 -5.962767 2.162360 -0.002090 0.023982 -0.072086 0.997108
1138.299171 58.645777 -5.982384 2.183580 -0.000697 0.022574 -0.072047 0.997145
1138.399808 58.794851 -6.002929 2.201104 0.000392 0.021226 -0.071459 0.997218
1138.499646 58.943306 -6.024622 2.221823 -0.000928 0.024848 -0.070861 0.997176
1138.599491 59.093601 -6.044542 2.241859 -0.003170 0.029004 -0.070180 0.997108
1138.699331 59.247648 -6.064547 2.262272 -0.005036 0.029138 -0.069337 0.997155
1138.799181 59.399128 -6.084478 2.281012 -0.006137 0.025761 -0.068866 0.997274
1138.899805 59.551763 -6.104768 2.294472 -0.004192 0.023982 -0.068436 0.997358
1138.999639 59.697236 -6.126223 2.297779 -0.001656 0.024927 -0.068312 0.997351
1139.099477 59.844328 -6.143250 2.296065 -0.001034 0.027190 -0.068546 0.997277
1139.199323 59.986980 -6.162974 2.296161 -0.001773 0.026668 -0.068391 0.997301
1139.299171 60.128049 -6.184425 2.299779 -0.002936 0.024727 -0.068052 0.997371
1139.399817 60.273088 -6.205064 2.308217 -0.003072 0.021649 -0.067617 0.997472
1139.499648 60.427863 -6.226058 2.315023 -0.002946 0.020096 -0.067448 0.997516
1139.599493 60.592517 -6.246903 2.322071 -0.002735 0.021127 -0.067322 0.997504
1139.699334 60.754667 -6.269101 2.316499 -0.002901 0.024555 -0.067491 0.997413
1139.799190 60.918887 -6.288931 2.304644 -0.003346 0.028862 -0.068015 0.997261
1139.899837 61.083255 -6.308642 2.296059 -0.003192 0.028078 -0.068370 0.997260
1139.999674 61.242282 -6.331641 2.297979 -0.002453 0.026480 -0.068610 0.997289
1140.099514 61.398031 -6.352302 2.310034 -0.001546 0.026539 -0.069265 0.997244
1140.199350 61.545215 -6.370414 2.316099 -0.001115 0.028489 -0.069538 0.997172
1140.299182 61.692760 -6.392659 2.315789 -0.000740 0.029406 -0.069524 0.997147
1140.399829 61.836186 -6.413191 2.312572 0.000522 0.028279 -0.069309 0.997194
1140.499670 61.982732 -6.434427 2.315181 0.000870 0.026708 -0.068884 0.997267
1140.599508 62.125637 -6.453030 2.314732 0.000100 0.025200 -0.068660 0.997322
1140.699348 62.275857 -6.469352 2.314434 -0.003166 0.026242 -0.068727 0.997285
1140.799182 62.439329 -6.490153 2.320492 -0.007744 0.030724 -0.068595 0.997141
1140.899825 62.608985 -6.511866 2.327680 -0.011099 0.032661 -0.068445 0.997058
1140.999670 62.786132 -6.536446 2.332569 -0.013252 0.030498 -0.068255 0.997114
1141.099500 62.960852 -6.560890 2.329527 -0.015348 0.026543 -0.068592 0.997173
1141.199332 63.123800 -6.577540 2.324237 -0.015477 0.024267 -0.068626 0.997227
1141.299173 63.268846 -6.584899 2.325401 -0.015158 0.024396 -0.068823 0.997215
1141.399800 63.415055 -6.593416 2.332970 -0.013838 0.025079 -0.068929 0.997210
1141.499660 63.564011 -6.598247 2.336879 -0.011471 0.024997 -0.069176 0.997225
1141.599504 63.707018 -6.608091 2.336513 -0.012152 0.024680 -0.069427 0.997208
1141.699348 63.860057 -6.619462 2.337687 -0.012316 0.023535 -0.069991 0.997194
1141.799177 64.024494 -6.625889 2.338611 -0.010372 0.021597 -0.070609 0.997216
1141.899825 64.206178 -6.631777 2.334960 -0.004833 0.023495 -0.070305 0.997237
1141.999659 64.391041 -6.634090 2.333082 -0.002116 0.028768 -0.070297 0.997109
1142.099510 64.566351 -6.640539 2.333146 -0.001642 0.030930 -0.070365 0.997040
1142.199361 64.743214 -6.646030 2.343401 -0.002153 0.029553 -0.070314 0.997085
1142.299205 64.907789 -6.651647 2.357673 -0.002697 0.026471 -0.070204 0.997178
1142.399437 65.064799 -6.659478 2.361290 -0.002989 0.023936 -0.069897 0.997263
1142.499285 65.229003 -6.668102 2.359371 -0.003290 0.021380 -0.069684 0.997335
1142.599128 65.394514 -6.676654 2.366621 -0.001674 0.019101 -0.069668 0.997386
1142.699781 65.553269 -6.681444 2.376844 -0.001009 0.017376 -0.069936 0.997400
1142.799611 65.708089 -6.688011 2.385414 -0.002045 0.016086 -0.070466 0.997382
1142.899459 65.866532 -6.695485 2.400914 -0.003369 0.015844 -0.070625 0.997371
1142.999293 66.036696 -6.704082 2.405169 -0.004206 0.015230 -0.071039 0.997348
1143.099135 66.197917 -6.712098 2.401214 -0.002723 0.015346 -0.071353 0.997329
1143.199767 66.351332 -6.719368 2.399025 -0.001226 0.015675 -0.071469 0.997319
1143.299601 66.507406 -6.723873 2.406020 -0.000986 0.015244 -0.071411 0.997330
1143.399441 66.650821 -6.729905 2.412463 -0.000513 0.013777 -0.071201 0.997367
1143.499276 66.798340 -6.741972 2.418133 -0.001266 0.012245 -0.070823 0.997413
1143.599518 66.945130 -6.752106 2.420608 -0.002822 0.011768 -0.070743 0.997421
1143.699345 67.085155 -6.760294 2.422989 -0.003202 0.011542 -0.070459 0.997443
1143.799178 67.229090 -6.767616 2.424693 -0.002228 0.011412 -0.069860 0.997489
1143.899823 67.370463 -6.775785 2.424030 -0.002622 0.011899 -0.069445 0.997511
1143.999679 67.498912 -6.785172 2.426875 -0.004052 0.012666 -0.069517 0.997492
1144.099524 67.637942 -6.795696 2.433209 -0.004103 0.012082 -0.069546 0.997497
1144.199356 67.787676 -6.810593 2.437034 -0.004408 0.008271 -0.069736 0.997521
1144.299187 67.930872 -6.820113 2.434993 -0.003790 0.007424 -0.070276 0.997493
1144.399827 68.068300 -6.825989 2.429486 -0.002614 0.009626 -0.070779 0.997442
1144.499671 68.205890 -6.832864 2.428101 -0.002211 0.014405 -0.070606 0.997398
1144.599526 68.333234 -6.839977 2.431600 -0.002849 0.017574 -0.070472 0.997355
1144.699371 68.463504 -6.851728 2.439510 -0.004221 0.017742 -0.070108 0.997373
1144.799212 68.591635 -6.866623 2.443844 -0.003263 0.016536 -0.069450 0.997443
1144.899458 68.722510 -6.874244 2.443978 -0.002612 0.014814 -0.069349 0.997479
1144.999301 68.852233 -6.881766 2.440811 -0.002170 0.014220 -0.069124 0.997504
1145.099140 68.973540 -6.892538 2.439406 -0.002610 0.014534 -0.068629 0.997533
1145.199786 69.082330 -6.903115 2.443626 -0.001970 0.014371 -0.068383 0.997554
1145.299634 69.192552 -6.912433 2.447622 -0.002610 0.012904 -0.068422 0.997570
1145.399459 69.307468 -6.921724 2.450088 -0.003377 0.011995 -0.068469 0.997575
1145.499300 69.426318 -6.933364 2.450663 -0.003162 0.013060 -0.068574 0.997556
1145.599153 69.546733 -6.945836 2.451254 -0.002354 0.014645 -0.068704 0.997527
1145.699795 69.666061 -6.955832 2.450097 -0.002353 0.013940 -0.068961 0.997519
1145.799645 69.779492 -6.965039 2.448508 -0.002348 0.011791 -0.069173 0.997532
1145.899491 69.889687 -6.977216 2.452516 -0.002198 0.010835 -0.069411 0.997527
1145.999316 69.991462 -6.986719 2.459983 -0.002972 0.012100 -0.069770 0.997485
1146.099158 70.107032 -6.996293 2.465046 -0.002730 0.013081 -0.070230 0.997441
1146.199796 70.226795 -7.008675 2.475284 -0.001935 0.013378 -0.070587 0.997414
1146.299650 70.347367 -7.021905 2.487914 -0.000949 0.013699 -0.070694 0.997404
1146.399495 70.455711 -7.031742 2.502247 -0.000811 0.013874 -0.070678 0.997402
1146.499327 70.550132 -7.041567 2.516718 -0.000767 0.014334 -0.070596 0.997402
1146.599151 70.639588 -7.054753 2.534413 -0.001517 0.019150 -0.070431 0.997332
1146.699792 70.737532 -7.068726 2.558888 -0.002420 0.023271 -0.070225 0.997257
1146.799635 70.842201 -7.081053 2.580520 -0.003159 0.023645 -0.070148 0.997251
1146.899469 70.945854 -7.092343 2.593297 -0.003703 0.022401 -0.070064 0.997284
1146.999304 71.044681 -7.107513 2.603178 -0.003480 0.023291 -0.069867 0.997278
1147.099158 71.150419 -7.122584 2.618846 -0.004573 0.025317 -0.069626 0.997241
1147.199790 71.259193 -7.134387 2.622598 -0.004185 0.026208 -0.069504 0.997229
1147.299629 71.364987 -7.145468 2.622968 -0.004136 0.026913 -0.069707 0.997196
1147.399475 71.474588 -7.157654 2.627971 -0.003093 0.028444 -0.069594 0.997165
1147.499318 71.591351 -7.171678 2.631244 -0.003127 0.027512 -0.069838 0.997174
1147.599149 71.706003 -7.187803 2.633901 -0.002951 0.024730 -0.070037 0.997233
1147.699796 71.822230 -7.206447 2.627888 -0.002727 0.023995 -0.070133 0.997245
1147.799636 71.937316 -7.219008 2.631148 -0.002683 0.027267 -0.070310 0.997149
1147.899479 72.055806 -7.226417 2.638340 -0.002649 0.030236 -0.070482 0.997051
1147.999318 72.177044 -7.236790 2.640704 -0.002299 0.028777 -0.070266 0.997110
1148.099153 72.299377 -7.250261 2.636759 -0.000728 0.026479 -0.070390 0.997168
1148.199778 72.416445 -7.271585 2.633349 0.003950 0.023667 -0.073765 0.996987
1148.299607 72.530491 -7.293653 2.635019 0.005978 0.021142 -0.079220 0.996615
1148.399434 72.649622 -7.313296 2.636334 0.005995 0.019469 -0.085209 0.996155
1148.499274 72.771336 -7.328871 2.634580 -0.000097 0.020032 -0.087492 0.995964
1148.599513 72.885050 -7.344682 2.635189 -0.000357 0.020109 -0.087467 0.995964
1148.699365 72.999217 -7.362768 2.635513 -0.000706 0.019274 -0.087139 0.996009
1148.799196 73.125144 -7.387135 2.644772 -0.001337 0.018340 -0.086746 0.996061
1148.899835 73.249140 -7.407386 2.641560 -0.001382 0.019606 -0.086629 0.996047
1148.999686 73.371222 -7.426198 2.633881 -0.001609 0.021499 -0.086500 0.996019
1149.099538 73.497676 -7.447135 2.633458 -0.001712 0.022905 -0.086027 0.996028
1149.199383 73.624831 -7.471830 2.638529 -0.001487 0.024049 -0.085567 0.996041
1149.299231 73.754058 -7.496060 2.641250 -0.001156 0.025213 -0.085166 0.996047
1149.399484 73.866726 -7.514468 2.641443 -0.001459 0.024550 -0.085248 0.996056
1149.499331 73.978273 -7.533245 2.642305 -0.001337 0.023311 -0.085579 0.996058
1149.599162 74.090337 -7.547970 2.634732 -0.001639 0.022626 -0.085999 0.996037
1149.699806 74.201053 -7.572768 2.634526 -0.002369 0.022083 -0.086121 0.996037
1149.799638 74.310571 -7.597722 2.643791 -0.002669 0.020708 -0.086284 0.996052
1149.899485 74.427451 -7.620371 2.646938 -0.002501 0.020386 -0.086388 0.996050
1149.999323 74.551524 -7.639195 2.648838 -0.002667 0.022667 -0.086612 0.995981
1150.099166 74.685222 -7.657934 2.648392 -0.002758 0.024926 -0.086589 0.995928
1150.199802 74.820236 -7.680711 2.652060 -0.002791 0.026032 -0.086562 0.995902
1150.299642 74.951299 -7.699820 2.653555 -0.002134 0.025119 -0.086704 0.995915
1150.399476 75.076260 -7.722992 2.655243 -0.002299 0.023476 -0.086660 0.995959
1150.499307 75.189187 -7.744794 2.658355 -0.001960 0.023345 -0.086696 0.995959
1150.599139 75.303809 -7.762305 2.662992 -0.001203 0.026072 -0.086731 0.995890
1150.699785 75.426336 -7.779441 2.662682 -0.000008 0.027846 -0.086903 0.995827
1150.799631 75.549817 -7.798490 2.660257 -0.000139 0.029436 -0.087152 0.995760
1150.899487 75.687332 -7.819753 2.661710 -0.000300 0.030041 -0.087431 0.995717
1150.999321 75.833789 -7.840162 2.666625 -0.001891 0.028394 -0.087606 0.995749
1151.099160 75.978088 -7.860028 2.667905 -0.004589 0.025974 -0.087948 0.995776
1151.199793 76.103900 -7.883087 2.665270 -0.003478 0.028186 -0.087912 0.995723
1151.299626 76.235691 -7.903521 2.660071 -0.001268 0.031674 -0.087559 0.995655
1151.399467 76.371700 -7.926354 2.656959 -0.000203 0.033989 -0.087414 0.995592
1151.499300 76.517826 -7.953007 2.664540 -0.000099 0.034110 -0.087401 0.995589
1151.599136 76.659238 -7.971992 2.669260 0.000157 0.033971 -0.087473 0.995587
1151.699769 76.804463 -7.990866 2.671542 0.000160 0.034392 -0.087418 0.995578
1151.799619 76.950575 -8.013397 2.667626 -0.001158 0.035440 -0.087361 0.995545
1151.899458 77.097241 -8.038674 2.666615 -0.001558 0.035695 -0.087071 0.995561
1151.999297 77.248533 -8.064129 2.667076 -0.001012 0.033649 -0.086869 0.995651
1152.099123 77.395700 -8.086803 2.675388 -0.000806 0.028027 -0.086653 0.995844
1152.199770 77.554224 -8.108731 2.686853 0.000017 0.024180 -0.086373 0.995969
1152.299607 77.713094 -8.129858 2.691075 -0.001110 0.023938 -0.086377 0.995974
1152.399447 77.862428 -8.156250 2.685182 0.000267 0.028216 -0.085964 0.995899
1152.499284 78.021640 -8.185065 2.677339 0.000281 0.033506 -0.085861 0.995744
1152.599138 78.180427 -8.209978 2.676765 0.000727 0.036043 -0.085899 0.995651
1152.699783 78.346461 -8.237133 2.678393 0.000637 0.034377 -0.085915 0.995709
1152.799623 78.509697 -8.262627 2.681921 0.000818 0.034112 -0.086273 0.995687
1152.899455 78.659181 -8.290675 2.683007 0.000983 0.034924 -0.086267 0.995659
1152.999286 78.813234 -8.317943 2.687997 0.000021 0.034793 -0.085989 0.995688
1153.099131 78.969308 -8.343444 2.689024 -0.002872 0.032457 -0.085596 0.995797
1153.199774 79.148786 -8.362507 2.701658 -0.010245 0.030821 -0.085653 0.995796
1153.299607 79.323619 -8.382550 2.707240 -0.016520 0.027380 -0.085467 0.995828
1153.399455 79.477236 -8.398473 2.703877 -0.021804 0.022872 -0.085691 0.995821
1153.499293 79.630914 -8.415299 2.698110 -0.021145 0.021988 -0.086060 0.995823
1153.599131 79.794630 -8.429456 2.697532 -0.016646 0.023661 -0.086545 0.995828
1153.699770 79.973906 -8.439658 2.702079 -0.013352 0.025006 -0.086961 0.995808
1153.799610 80.141836 -8.444989 2.708419 -0.007525 0.024270 -0.086923 0.995891
1153.899435 80.305485 -8.452204 2.711546 -0.001143 0.022791 -0.086776 0.995966
1153.999272 80.475066 -8.455113 2.713878 0.001812 0.019870 -0.087413 0.995972
1154.099529 80.648746 -8.461290 2.711567 0.000661 0.017173 -0.087762 0.995993
1154.199370 80.799687 -8.468201 2.709518 -0.001188 0.016746 -0.087839 0.995993
1154.299215 80.953291 -8.470682 2.712386 -0.001019 0.017891 -0.088257 0.995937
1154.399446 81.120025 -8.469778 2.719662 -0.000604 0.018376 -0.088505 0.995906
1154.499289 81.288825 -8.473756 2.722379 0.003086 0.017860 -0.088531 0.995909
1154.599133 81.453935 -8.488714 2.727769 0.002970 0.016109 -0.088746 0.995920
1154.699784 81.632002 -8.502703 2.730752 0.001943 0.014909 -0.089322 0.995889
1154.799615 81.791855 -8.510580 2.736161 -0.000212 0.015119 -0.089681 0.995856
1154.899431 81.940260 -8.514909 2.741679 -0.001097 0.015431 -0.090063 0.995816
1154.999276 82.084852 -8.521257 2.746098 -0.000859 0.015642 -0.090291 0.995792
1155.099122 82.229792 -8.532846 2.745386 -0.000126 0.015203 -0.090466 0.995784
1155.199771 82.388550 -8.543160 2.747659 -0.000065 0.013935 -0.091166 0.995738
1155.299618 82.535383 -8.553249 2.755846 -0.000816 0.011248 -0.091404 0.995750
1155.399475 82.669334 -8.560171 2.763281 -0.001675 0.008520 -0.090866 0.995825
1155.499311 82.808786 -8.572035 2.763804 -0.001392 0.006463 -0.090473 0.995877
1155.599154 82.954950 -8.589662 2.767174 -0.001353 0.000411 -0.090457 0.995899
1155.699778 83.102617 -8.598841 2.780366 -0.002385 -0.013454 -0.091231 0.995736
1155.799621 83.235433 -8.599273 2.799677 -0.002342 -0.056041 -0.091602 0.994215
1155.899460 83.358581 -8.603003 2.774040 -0.000769 -0.085700 -0.091876 0.992075
1155.999313 83.456517 -8.618752 2.742076 0.000012 -0.081730 -0.092287 0.992373
1156.099140 83.538444 -8.629741 2.736311 -0.000568 -0.061207 -0.092608 0.993819
1156.199787 83.598158 -8.633287 2.742812 -0.001577 -0.040158 -0.092361 0.994914
1156.299631 83.642013 -8.631999 2.769535 -0.002847 -0.026592 -0.092131 0.995388
1156.399475 83.670721 -8.635447 2.797734 -0.002118 -0.019846 -0.091837 0.995574
1156.499321 83.699203 -8.640196 2.805679 -0.002940 -0.015946 -0.091973 0.995630
1156.599173 83.720224 -8.646539 2.798646 -0.002639 -0.012155 -0.091862 0.995694
1156.699803 83.735653 -8.648872 2.778729 -0.002169 -0.017809 -0.091602 0.995634
1156.799651 83.754259 -8.648753 2.771297 -0.002670 -0.018194 -0.091905 0.995598
1156.899499 83.780046 -8.649567 2.766872 -0.004459 -0.009904 -0.092075 0.995693
1156.999331 83.806192 -8.651979 2.770818 -0.006127 -0.000306 -0.092049 0.995736
1157.099177 83.821840 -8.655483 2.782348 -0.005578 0.005533 -0.091665 0.995759
1157.199812 83.830435 -8.661697 2.784880 -0.004686 0.005334 -0.090801 0.995844
1157.299654 83.831666 -8.664342 2.779619 -0.003901 0.003771 -0.088521 0.996060
1157.399497 83.832773 -8.663465 2.771215 -0.002986 0.004304 -0.082885 0.996545
1157.499346 83.835517 -8.660968 2.762445 -0.003072 0.006419 -0.075755 0.997101
1157.599176 83.835908 -8.653705 2.762882 -0.005342 0.008759 -0.069069 0.997559
1157.699818 83.829427 -8.653162 2.769829 -0.007590 0.009339 -0.062822 0.997952
1157.799660 83.817008 -8.654657 2.777713 -0.006609 0.009282 -0.056724 0.998325
1157.899512 83.808704 -8.652725 2.778581 -0.004786 0.009111 -0.050695 0.998661
1157.999340 83.807518 -8.650264 2.773423 -0.003577 0.009189 -0.046424 0.998873
1158.099182 83.804757 -8.653860 2.771463 -0.005168 0.009966 -0.045581 0.998898
1158.199824 83.799161 -8.657691 2.770453 -0.005759 0.012310 -0.045658 0.998865
1158.299655 83.796925 -8.658235 2.764682 -0.004397 0.022145 -0.045836 0.998694
1158.399502 83.798790 -8.658687 2.755167 -0.002136 0.035578 -0.045811 0.998314
1158.499340 83.806835 -8.657906 2.752853 -0.002469 0.042762 -0.045971 0.998024
1158.599192 83.826054 -8.660154 2.751272 -0.002169 0.043203 -0.046035 0.998003
1158.699823 83.854664 -8.665264 2.756089 -0.003063 0.045781 -0.046123 0.997881
1158.799671 83.881649 -8.670676 2.756220 -0.002824 0.050330 -0.045760 0.997680
1158.899510 83.930420 -8.676616 2.754613 -0.002708 0.054650 -0.045499 0.997465
1158.999354 83.988305 -8.678759 2.751366 -0.001788 0.057358 -0.045280 0.997325
1159.099205 84.038141 -8.681168 2.752499 -0.001635 0.057190 -0.045368 0.997331
1159.199432 84.082211 -8.686327 2.753538 -0.001221 0.052571 -0.045561 0.997577
1159.299267 84.133259 -8.690325 2.763126 -0.001589 0.049105 -0.045574 0.997752
1159.399508 84.199640 -8.695780 2.775140 -0.001090 0.051825 -0.045528 0.997617
1159.499359 84.277759 -8.702838 2.773614 -0.000869 0.054866 -0.045367 0.997462
1159.599196 84.352725 -8.714260 2.769382 -0.001562 0.056017 -0.044986 0.997415
1159.699829 84.435326 -8.723189 2.766587 -0.001260 0.053771 -0.045205 0.997529
1159.799664 84.517206 -8.732978 2.765580 -0.002065 0.048463 -0.045123 0.997803
1159.899510 84.615386 -8.742723 2.768331 -0.002219 0.044288 -0.045205 0.997993
1159.999335 84.724466 -8.751211 2.770987 -0.002246 0.044653 -0.045201 0.997977
1160.099176 84.846066 -8.762343 2.770138 -0.002812 0.048012 -0.045092 0.997824
1160.199819 84.972400 -8.777404 2.768159 -0.002380 0.051191 -0.044783 0.997681
1160.299658 85.094877 -8.793646 2.771795 -0.002781 0.050022 -0.044699 0.997743
1160.399501 85.224112 -8.807763 2.773538 -0.002179 0.046850 -0.044843 0.997893
1160.499345 85.345843 -8.817398 2.772652 -0.002185 0.044076 -0.044919 0.998015
1160.599179 85.465156 -8.827214 2.776531 -0.002342 0.043646 -0.045112 0.998025
1160.699799 85.589270 -8.836854 2.777840 -0.001916 0.041607 -0.045328 0.998103
1160.799645 85.720858 -8.847239 2.777268 -0.001940 0.038168 -0.045608 0.998228
1160.899474 85.863424 -8.860556 2.777866 -0.002710 0.036344 -0.045879 0.998282
1160.999314 86.012484 -8.880999 2.785949 -0.002828 0.036940 -0.045761 0.998265
1161.099158 86.163846 -8.901783 2.788229 -0.002628 0.035547 -0.045739 0.998317
1161.199806 86.312448 -8.918453 2.790439 -0.002650 0.032674 -0.045796 0.998413
1161.299653 86.463141 -8.932542 2.794242 -0.002974 0.030561 -0.045870 0.998475
1161.399495 86.623582 -8.946848 2.793582 -0.002204 0.029384 -0.045854 0.998513
1161.499344 86.784703 -8.959282 2.792875 -0.002000 0.029277 -0.046057 0.998508
1161.599179 86.938967 -8.976139 2.793932 -0.002505 0.028167 -0.045798 0.998550
1161.699829 87.092873 -8.995095 2.795364 -0.003090 0.029564 -0.045749 0.998511
1161.799670 87.244820 -9.014761 2.795920 -0.002930 0.031281 -0.045511 0.998470
1161.899514 87.399359 -9.030996 2.798845 -0.003197 0.029757 -0.045507 0.998516
1161.999359 87.552887 -9.045626 2.799847 -0.003521 0.027591 -0.045807 0.998563
1162.099201 87.699341 -9.062748 2.803245 -0.003443 0.027774 -0.045851 0.998556
1162.199439 87.850815 -9.077073 2.808480 -0.002685 0.028293 -0.046113 0.998532
1162.299272 88.018279 -9.092736 2.810421 -0.002499 0.028088 -0.046274 0.998531
1162.399513 88.190269 -9.109979 2.811463 -0.002428 0.027293 -0.046473 0.998544
1162.499368 88.351023 -9.130326 2.816433 -0.001953 0.026214 -0.046539 0.998571
1162.599202 88.504298 -9.153706 2.818303 -0.003317 0.024877 -0.046792 0.998589
1162.699440 88.659401 -9.170394 2.818576 -0.003815 0.024687 -0.046713 0.998596
1162.799268 88.816980 -9.184247 2.816196 -0.005222 0.024734 -0.046863 0.998581
1162.899515 88.974657 -9.203110 2.826070 -0.004775 0.023303 -0.046900 0.998616
1162.999360 89.134828 -9.224298 2.840104 -0.003858 0.020530 -0.047019 0.998676
1163.099196 89.297026 -9.246445 2.858879 -0.003758 0.017919 -0.047038 0.998725
1163.199843 89.461380 -9.265274 2.882439 -0.003758 0.017623 -0.047116 0.998727
1163.299688 89.626706 -9.281730 2.900853 -0.005236 0.017454 -0.047182 0.998720
1163.399542 89.784293 -9.299652 2.923374 -0.006130 0.016621 -0.047340 0.998722
1163.499387 89.936192 -9.320094 2.942254 -0.006645 0.013605 -0.047287 0.998767
1163.599231 90.091965 -9.343786 2.953376 -0.007655 0.011541 -0.047180 0.998790
1163.699486 90.237611 -9.365533 2.961525 -0.007665 0.012668 -0.047105 0.998780
1163.799316 90.377129 -9.379057 2.973122 -0.007649 0.017257 -0.046915 0.998721
1163.899167 90.521983 -9.391045 2.979331 -0.008956 0.020436 -0.046441 0.998672
1163.999816 90.671550 -9.408703 2.981809 -0.009137 0.021783 -0.046104 0.998657
1164.099652 90.803837 -9.431325 2.982474 -0.008613 0.020601 -0.046180 0.998684
1164.199506 90.943885 -9.456106 2.991213 -0.007820 0.018107 -0.045970 0.998748
1164.299337 91.089435 -9.477866 3.007833 -0.008179 0.015892 -0.045520 0.998803
1164.399185 91.230455 -9.491450 3.020876 -0.007869 0.016794 -0.045213 0.998805
1164.499827 91.354815 -9.498926 3.022462 -0.007439 0.020405 -0.045017 0.998750
1164.599661 91.488218 -9.508523 3.020957 -0.007760 0.024249 -0.045046 0.998660
1164.699492 91.619923 -9.526702 3.030040 -0.008024 0.023911 -0.044645 0.998684
1164.799330 91.753175 -9.548348 3.045011 -0.008982 0.020318 -0.044465 0.998764
1164.899165 91.887226 -9.566025 3.058732 -0.008072 0.016505 -0.044301 0.998849
1164.999799 92.029435 -9.580500 3.071831 -0.007140 0.014267 -0.044166 0.998897
1165.099629 92.170488 -9.593748 3.079598 -0.007931 0.014699 -0.043977 0.998893
1165.199460 92.309697 -9.607028 3.077776 -0.007759 0.017070 -0.043990 0.998856
1165.299298 92.442739 -9.619102 3.067535 -0.007095 0.018412 -0.044141 0.998830
1165.399139 92.573247 -9.631743 3.062980 -0.004876 0.016705 -0.044208 0.998871
1165.499777 92.700208 -9.645993 3.077462 -0.004382 0.013491 -0.044346 0.998916
1165.599613 92.821163 -9.659623 3.102683 -0.005026 0.014345 -0.044487 0.998894
1165.699438 92.935382 -9.671648 3.120075 -0.006229 0.016560 -0.044959 0.998832
1165.799294 93.053110 -9.683415 3.129129 -0.006321 0.018157 -0.045157 0.998795
1165.899130 93.174745 -9.697339 3.137451 -0.005554 0.019686 -0.045262 0.998766
1165.999758 93.298173 -9.708911 3.145864 -0.004959 0.019939 -0.045492 0.998753
1166.099607 93.421874 -9.721038 3.153452 -0.004942 0.019220 -0.045625 0.998761
1166.199445 93.544622 -9.734787 3.166621 -0.004481 0.020082 -0.045715 0.998743
1166.299281 93.667825 -9.747201 3.180195 -0.004343 0.021099 -0.045953 0.998711
1166.399130 93.787382 -9.760132 3.189420 -0.005016 0.022972 -0.045845 0.998672
1166.499778 93.914243 -9.776085 3.202741 -0.006709 0.025102 -0.045780 0.998614
1166.599630 94.034586 -9.791443 3.217203 -0.006694 0.025478 -0.045776 0.998604
1166.699474 94.153477 -9.800751 3.228950 -0.006343 0.025573 -0.046167 0.998586
1166.799301 94.272039 -9.812321 3.242486 -0.005261 0.027781 -0.046047 0.998539
1166.899132 94.392608 -9.828448 3.253068 -0.004972 0.029565 -0.045978 0.998492
1166.999775 94.514609 -9.844153 3.264632 -0.003948 0.030233 -0.046245 0.998465
1167.099621 94.637417 -9.856843 3.274860 -0.004027 0.030478 -0.046590 0.998441
1167.199470 94.768374 -9.867821 3.284303 -0.003876 0.030194 -0.046800 0.998440
1167.299301 94.895731 -9.880577 3.298010 -0.003443 0.029771 -0.046877 0.998451
1167.399130 95.019093 -9.893289 3.314169 -0.004222 0.029799 -0.046835 0.998449
1167.499781 95.146849 -9.909838 3.324203 -0.004329 0.034514 -0.046645 0.998306
1167.599618 95.285439 -9.922231 3.331335 -0.004642 0.037815 -0.046543 0.998189
1167.699474 95.415600 -9.935090 3.343678 -0.003826 0.036917 -0.046477 0.998230
1167.799317 95.545776 -9.951780 3.360432 -0.005691 0.032695 -0.046574 0.998363
1167.899154 95.683223 -9.972391 3.384648 -0.005549 0.030062 -0.046222 0.998463
1167.999789 95.825088 -9.992383 3.411043 -0.005800 0.030454 -0.046272 0.998448
1168.099629 95.976435 -10.009025 3.428265 -0.005811 0.033057 -0.046322 0.998363
1168.199465 96.126800 -10.023184 3.438545 -0.004864 0.034590 -0.046258 0.998319
1168.299317 96.273768 -10.036840 3.451966 -0.005011 0.034092 -0.046535 0.998322
1168.399170 96.424330 -10.053968 3.472716 -0.005077 0.032586 -0.046676 0.998366
1168.499821 96.575816 -10.073457 3.501191 -0.005141 0.032469 -0.046810 0.998363
1168.599680 96.728919 -10.088915 3.525740 -0.005309 0.034438 -0.047188 0.998278
1168.699517 96.881404 -10.106247 3.546553 -0.005008 0.037772 -0.047144 0.998161
1168.799355 97.039686 -10.124648 3.557294 -0.004406 0.039204 -0.047182 0.998107
1168.899196 97.200492 -10.141902 3.562497 -0.004823 0.035677 -0.047173 0.998238
1168.999832 97.356280 -10.152355 3.568171 -0.004354 0.031097 -0.047674 0.998369
1169.099673 97.513672 -10.169767 3.576165 -0.004538 0.029820 -0.047531 0.998414
1169.199516 97.664567 -10.191386 3.579548 -0.004856 0.031613 -0.047361 0.998366
1169.299349 97.817329 -10.211454 3.583575 -0.005372 0.031694 -0.047330 0.998362
1169.399198 97.971228 -10.228798 3.585133 -0.005672 0.030375 -0.047217 0.998407
1169.499440 98.132320 -10.250526 3.588345 -0.005429 0.027275 -0.047110 0.998502
1169.599276 98.297460 -10.268622 3.590753 -0.004977 0.025116 -0.047232 0.998556
1169.699108 98.454382 -10.279649 3.583407 -0.005109 0.023182 -0.047390 0.998594
1169.799748 98.612761 -10.291517 3.581877 -0.004828 0.025432 -0.047283 0.998546
1169.899584 98.772218 -10.306849 3.582298 -0.004984 0.028104 -0.047527 0.998462
1169.999434 98.927508 -10.326458 3.583634 -0.005468 0.029214 -0.047777 0.998416
1170.099275 99.082235 -10.351878 3.587537 -0.004669 0.028641 -0.047575 0.998446
1170.199522 99.247635 -10.371018 3.589108 -0.004015 0.028958 -0.047684 0.998435
1170.299369 99.420240 -10.384757 3.587830 -0.004076 0.030888 -0.047768 0.998372
1170.399204 99.591291 -10.399284 3.585239 -0.004247 0.032708 -0.047829 0.998311
1170.499453 99.759156 -10.417565 3.584520 -0.004338 0.032807 -0.047992 0.998299
1170.599298 99.927069 -10.437334 3.590980 -0.004674 0.032766 -0.048125 0.998293
1170.699136 100.096922 -10.459054 3.593126 -0.004781 0.032646 -0.048079 0.998298
1170.799772 100.261422 -10.486059 3.593558 -0.003998 0.033141 -0.047614 0.998308
1170.899630 100.425435 -10.504356 3.590035 -0.003793 0.034504 -0.047766 0.998255
1170.999475 100.590444 -10.517699 3.590907 -0.004271 0.036285 -0.047806 0.998188
1171.099311 100.760100 -10.533241 3.597272 -0.004447 0.037908 -0.047778 0.998128
1171.199141 100.929268 -10.553068 3.601316 -0.005176 0.039635 -0.047749 0.998059
1171.299777 101.096847 -10.573621 3.601282 -0.005181 0.039554 -0.047552 0.998072
1171.399623 101.271460 -10.599306 3.597941 -0.004750 0.037519 -0.047278 0.998166
1171.499468 101.448258 -10.628583 3.599768 -0.005854 0.036088 -0.046992 0.998226
1171.599303 101.625018 -10.650939 3.604935 -0.005699 0.034900 -0.046948 0.998271
1171.699143 101.812148 -10.668846 3.608849 -0.006777 0.033766 -0.047116 0.998296
1171.799769 102.002875 -10.689354 3.613193 -0.007270 0.030912 -0.046832 0.998398
1171.899624 102.197144 -10.713848 3.614848 -0.005943 0.027697 -0.047043 0.998491
1171.999467 102.394706 -10.741224 3.614838 -0.007026 0.027413 -0.047226 0.998483
1172.099315 102.589043 -10.767440 3.617880 -0.009070 0.030308 -0.047528 0.998369
1172.199159 102.777166 -10.787796 3.622048 -0.010162 0.029753 -0.047842 0.998360
1172.299802 102.965477 -10.808247 3.623626 -0.010171 0.025540 -0.048097 0.998464
1172.399650 103.145487 -10.828495 3.618840 -0.009654 0.019777 -0.048406 0.998585
1172.499482 103.323796 -10.844950 3.621547 -0.010686 0.015617 -0.048958 0.998622
1172.599319 103.501347 -10.865089 3.624029 -0.011351 0.013378 -0.049229 0.998633
1172.699169 103.673006 -10.881095 3.629001 -0.011133 0.012705 -0.049736 0.998620
1172.799811 103.837170 -10.897069 3.628574 -0.008182 0.011861 -0.049801 0.998655
1172.899650 104.007866 -10.914913 3.626573 -0.007188 0.013038 -0.049923 0.998642
1172.999504 104.177448 -10.931988 3.624588 -0.007468 0.012669 -0.050369 0.998622
1173.099341 104.354807 -10.949419 3.623503 -0.007655 0.012652 -0.050960 0.998591
1173.199195 104.527051 -10.966327 3.624658 -0.006293 0.014094 -0.051189 0.998570
1173.299849 104.694333 -10.980768 3.625507 -0.003976 0.015373 -0.051530 0.998545
1173.399693 104.860540 -10.995602 3.626944 -0.002960 0.015467 -0.051400 0.998554
1173.499519 105.019956 -11.010165 3.633446 -0.002389 0.014550 -0.051212 0.998579
1173.599358 105.178542 -11.027750 3.641270 -0.002296 0.013359 -0.050993 0.998607
1173.699199 105.331453 -11.044387 3.642190 -0.004575 0.014996 -0.050687 0.998592
1173.799443 105.479579 -11.060851 3.637343 -0.007929 0.016743 -0.050188 0.998568
1173.899288 105.628402 -11.077403 3.629153 -0.009484 0.017680 -0.049614 0.998567
1173.999126 105.768483 -11.096384 3.625570 -0.009429 0.017016 -0.048806 0.998619
1174.099767 105.918939 -11.115083 3.627553 -0.009205 0.014374 -0.048260 0.998689
1174.199605 106.062746 -11.130473 3.633293 -0.008316 0.011121 -0.048024 0.998750
1174.299456 106.195063 -11.144863 3.639862 -0.008353 0.010739 -0.047785 0.998765
1174.399297 106.333206 -11.159731 3.637167 -0.008561 0.014236 -0.047430 0.998736
1174.499147 106.475556 -11.176302 3.629117 -0.009454 0.018316 -0.047196 0.998673
1174.599775 106.628247 -11.195207 3.622373 -0.010472 0.020850 -0.047014 0.998622
1174.699615 106.771256 -11.211368 3.623565 -0.009603 0.020882 -0.047201 0.998621
1174.799453 106.909836 -11.222267 3.635139 -0.007052 0.020117 -0.047702 0.998634
1174.899302 107.051011 -11.233361 3.644011 -0.004169 0.020159 -0.048163 0.998627
1174.999133 107.192340 -11.247055 3.641066 -0.002579 0.020713 -0.048523 0.998604
1175.099761 107.329734 -11.262899 3.631510 -0.002569 0.021196 -0.048968 0.998572
1175.199600 107.461594 -11.277854 3.629541 -0.005126 0.022931 -0.049721 0.998487
1175.299449 107.594684 -11.291421 3.634880 -0.005540 0.023532 -0.050353 0.998439
1175.399284 107.723965 -11.300110 3.645073 -0.005266 0.022172 -0.050916 0.998443
1175.499135 107.850037 -11.315335 3.647268 -0.005530 0.018239 -0.050978 0.998518
1175.599775 107.976220 -11.330092 3.643985 -0.005732 0.017924 -0.051183 0.998512
1175.699609 108.107894 -11.341032 3.640831 -0.005851 0.020345 -0.051284 0.998460
1175.799444 108.250081 -11.351287 3.645412 -0.005469 0.022235 -0.051514 0.998410
1175.899269 108.386450 -11.366372 3.650628 -0.004926 0.022457 -0.051586 0.998404
1175.999499 108.516748 -11.384009 3.653726 -0.004629 0.022987 -0.051792 0.998383
1176.099339 108.644762 -11.400968 3.646180 -0.005004 0.022024 -0.051591 0.998413
1176.199188 108.771204 -11.414866 3.645319 -0.005961 0.021860 -0.051885 0.998396
1176.299801 108.902913 -11.429599 3.651264 -0.006658 0.021845 -0.051845 0.998394
1176.399643 109.028854 -11.444603 3.653675 -0.005684 0.016896 -0.051437 0.998517
1176.499473 109.160833 -11.457636 3.651105 -0.004878 0.014609 -0.051180 0.998571
1176.599319 109.281174 -11.472819 3.650947 -0.004695 0.014403 -0.050623 0.998603
1176.699163 109.398521 -11.487388 3.652211 -0.005757 0.017717 -0.050405 0.998555
1176.799806 109.530413 -11.500070 3.651690 -0.008232 0.019499 -0.050318 0.998509
1176.899626 109.655175 -11.516018 3.651933 -0.008589 0.021816 -0.049860 0.998481
1176.999469 109.774397 -11.534438 3.658322 -0.008816 0.023082 -0.049617 0.998463
1177.099298 109.896607 -11.551691 3.664193 -0.008547 0.024505 -0.049752 0.998424
1177.199148 110.011716 -11.561789 3.663330 -0.008273 0.025243 -0.050264 0.998383
1177.299796 110.132393 -11.570277 3.661353 -0.008053 0.025482 -0.050906 0.998346
1177.399645 110.258207 -11.582077 3.660415 -0.006999 0.026669 -0.051694 0.998282
1177.499490 110.387698 -11.596282 3.658238 -0.004835 0.026567 -0.052516 0.998255
1177.599334 110.510378 -11.611369 3.657630 -0.004426 0.025870 -0.053156 0.998241
1177.699173 110.625375 -11.620595 3.660858 -0.005303 0.024518 -0.053463 0.998255
1177.799802 110.742344 -11.632690 3.664232 -0.006589 0.025125 -0.053215 0.998245
1177.899638 110.862121 -11.642836 3.664501 -0.007244 0.026377 -0.053608 0.998187
1177.999479 110.982040 -11.652744 3.661079 -0.006160 0.027420 -0.054021 0.998144
1178.099322 111.101453 -11.666224 3.659645 -0.003539 0.026753 -0.054741 0.998136
1178.199162 111.230417 -11.678972 3.662576 0.000870 0.027297 -0.055526 0.998084
1178.299796 111.365072 -11.692490 3.660893 0.000696 0.028973 -0.056148 0.998002
1178.399635 111.490072 -11.704032 3.661726 -0.002055 0.031568 -0.056562 0.997898
1178.499468 111.612305 -11.714034 3.666991 -0.004182 0.033922 -0.056779 0.997802
1178.599318 111.731383 -11.724540 3.675402 -0.003958 0.035520 -0.056410 0.997768
1178.699174 111.848307 -11.735716 3.678823 -0.001565 0.033737 -0.055826 0.997869
1178.799813 111.976035 -11.750430 3.671437 -0.000156 0.032769 -0.055233 0.997936
1178.899646 112.109984 -11.768761 3.666322 0.000484 0.035120 -0.054607 0.997890
1178.999485 112.247005 -11.783361 3.672603 -0.001628 0.036121 -0.054805 0.997842
1179.099329 112.385917 -11.793985 3.675447 -0.001613 0.035584 -0.055125 0.997844
1179.199160 112.522617 -11.810784 3.678859 -0.001774 0.035935 -0.055162 0.997829
1179.299808 112.660777 -11.830831 3.689048 -0.000520 0.035977 -0.055068 0.997834
1179.399644 112.797668 -11.844601 3.690049 -0.000003 0.034360 -0.055023 0.997894
1179.499484 112.935041 -11.854917 3.690031 -0.001385 0.033993 -0.054857 0.997914
1179.599328 113.070918 -11.866263 3.689938 -0.002608 0.034135 -0.054837 0.997908
1179.699174 113.198371 -11.880383 3.693243 -0.002895 0.033818 -0.054735 0.997924
1179.799820 113.329095 -11.898380 3.692237 -0.002002 0.031650 -0.054736 0.997997
1179.899657 113.459788 -11.915479 3.690264 -0.002931 0.030362 -0.054855 0.998028
1179.999495 113.591387 -11.930144 3.686217 -0.004259 0.033110 -0.055163 0.997919
1180.099324 113.730917 -11.948256 3.683885 -0.003664 0.033316 -0.055054 0.997921
1180.199168 113.877089 -11.969824 3.686288 -0.002520 0.031394 -0.054804 0.998000
1180.299810 114.026002 -11.986942 3.700081 -0.003074 0.027787 -0.054943 0.998098
1180.399648 114.162199 -11.998735 3.721964 -0.003274 0.024015 -0.054828 0.998202
1180.499495 114.302903 -12.009811 3.736887 -0.002398 0.020598 -0.054938 0.998274
1180.599333 114.442371 -12.028222 3.751634 -0.002720 0.019424 -0.054693 0.998311
1180.699180 114.581761 -12.048322 3.762703 -0.005914 0.016142 -0.054992 0.998339
1180.799836 114.729804 -12.068493 3.793812 -0.007405 0.014284 -0.055756 0.998315
1180.899667 114.868415 -12.086087 3.815167 -0.009374 -0.014775 -0.056416 0.998254
1180.999513 114.988030 -12.102501 3.832767 -0.009742 -0.044594 -0.057796 0.997284
1181.099360 115.102628 -12.118133 3.804165 -0.011242 -0.045505 -0.059545 0.997125
1181.199209 115.202805 -12.128847 3.783131 -0.009797 -0.017688 -0.060564 0.997959
1181.299453 115.289642 -12.133182 3.779335 -0.005379 0.007668 -0.060233 0.998140
1181.399285 115.367562 -12.143766 3.806999 -0.002048 0.017515 -0.058940 0.998106
1181.499118 115.435834 -12.158819 3.843378 -0.001743 0.019843 -0.057781 0.998131
1181.599744 115.505038 -12.174586 3.860919 -0.003712 0.019482 -0.057215 0.998165
1181.699572 115.578084 -12.190186 3.852523 -0.006153 0.021627 -0.057049 0.998118
1181.799406 115.652152 -12.204609 3.836851 -0.007180 0.021929 -0.057031 0.998106
1181.899245 115.734702 -12.218477 3.827418 -0.008656 0.023132 -0.056932 0.998073
1181.999484 115.808779 -12.232941 3.827611 -0.010447 0.024375 -0.056487 0.998051
1182.099327 115.884260 -12.248863 3.836573 -0.016013 0.025742 -0.056002 0.997970
1182.199175 115.964710 -12.258278 3.838234 -0.021264 0.025003 -0.055583 0.997914
1182.299816 116.053465 -12.267504 3.833481 -0.022814 0.026097 -0.054917 0.997889
1182.399664 116.142225 -12.278929 3.834752 -0.021663 0.027761 -0.054545 0.997890
1182.499507 116.232813 -12.288415 3.841643 -0.020106 0.028536 -0.054248 0.997917
1182.599330 116.321854 -12.296802 3.849185 -0.018739 0.028513 -0.053825 0.997967
1182.699163 116.417226 -12.301604 3.846619 -0.018419 0.029686 -0.053577 0.997952
1182.799818 116.520505 -12.305687 3.843480 -0.014799 0.032418 -0.053530 0.997930
1182.899650 116.615310 -12.307401 3.842841 -0.012086 0.035882 -0.053332 0.997859
1182.999489 116.710951 -12.309915 3.845075 -0.010050 0.038112 -0.053165 0.997808
1183.099340 116.819103 -12.311280 3.848334 -0.009858 0.039519 -0.053068 0.997760
1183.199181 116.920154 -12.309215 3.847467 -0.010936 0.037175 -0.053199 0.997832
1183.299820 117.014790 -12.307133 3.850843 -0.011857 0.034823 -0.053739 0.997877
1183.399658 117.110123 -12.308851 3.851795 -0.008818 0.036437 -0.054043 0.997835
1183.499505 117.212987 -12.312337 3.843544 -0.007378 0.039224 -0.054145 0.997735
1183.599344 117.324470 -12.308125 3.833813 -0.006100 0.040136 -0.054486 0.997689
1183.699165 117.435680 -12.299444 3.830644 -0.005328 0.039466 -0.055119 0.997685
1183.799789 117.548757 -12.299491 3.836426 -0.004658 0.038699 -0.055395 0.997703
1183.899623 117.653840 -12.307228 3.842915 -0.004968 0.036845 -0.055599 0.997761
1183.999456 117.761387 -12.315492 3.845236 -0.004947 0.034467 -0.056077 0.997819
1184.099299 117.871074 -12.320289 3.843846 -0.005573 0.031524 -0.056253 0.997903
1184.199128 117.983304 -12.322517 3.837823 -0.006174 0.030569 -0.056203 0.997932
1184.299758 118.096330 -12.326882 3.834873 -0.005230 0.030509 -0.056111 0.997945
1184.399617 118.213537 -12.332136 3.841807 -0.004939 0.031328 -0.055951 0.997930
1184.499456 118.330585 -12.336907 3.851104 -0.004648 0.032418 -0.055809 0.997904
1184.599299 118.454700 -12.342908 3.849000 -0.005724 0.033264 -0.055503 0.997888
1184.699139 118.587757 -12.351403 3.848874 -0.005879 0.033699 -0.055435 0.997876
1184.799766 118.722435 -12.361864 3.851199 -0.006376 0.032847 -0.055246 0.997912
1184.899615 118.865678 -12.371916 3.847690 -0.006817 0.030793 -0.055298 0.997972
1184.999459 119.007496 -12.378490 3.845692 -0.007381 0.029334 -0.055488 0.998001
1185.099306 119.134366 -12.386598 3.849917 -0.006672 0.029016 -0.055459 0.998017
1185.199145 119.263309 -12.398138 3.853076 -0.005987 0.027854 -0.055157 0.998071
1185.299770 119.389868 -12.408654 3.850994 -0.006733 0.027334 -0.055332 0.998071
1185.399612 119.515783 -12.419310 3.853401 -0.007199 0.027968 -0.055413 0.998046
1185.499455 119.643742 -12.427385 3.852876 -0.006843 0.026667 -0.055452 0.998082
1185.599285 119.761377 -12.436341 3.851982 -0.007000 0.025537 -0.055548 0.998105
1185.699121 119.894250 -12.445736 3.848523 -0.007081 0.026595 -0.055976 0.998053
1185.799750 120.035069 -12.457901 3.844092 -0.007995 0.028049 -0.055948 0.998008
1185.899589 120.170567 -12.469899 3.843549 -0.008018 0.030708 -0.056137 0.997919
1185.999419 120.312196 -12.480264 3.844775 -0.007886 0.033263 -0.056296 0.997829
1186.099251 120.457784 -12.488806 3.845468 -0.006203 0.032565 -0.056434 0.997856
1186.199501 120.584098 -12.497908 3.849906 -0.005231 0.030388 -0.056713 0.997914
1186.299339 120.692403 -12.504197 3.848836 -0.003753 0.027619 -0.057099 0.997979
1186.399200 120.801117 -12.511346 3.847309 -0.003328 0.024940 -0.057028 0.998055
1186.499443 120.922523 -12.520967 3.852412 -0.003484 0.023996 -0.056723 0.998095
1186.599301 121.043833 -12.532284 3.854841 -0.006290 0.022726 -0.056502 0.998124
1186.699122 121.160734 -12.545382 3.858545 -0.007038 0.022167 -0.056396 0.998138
1186.799758 121.281110 -12.557966 3.862609 -0.006868 0.023112 -0.056436 0.998115
1186.899598 121.391989 -12.565414 3.863755 -0.006447 0.025827 -0.056524 0.998046
1186.999440 121.496527 -12.571609 3.863069 -0.005205 0.027169 -0.056554 0.998016
1187.099294 121.611205 -12.581870 3.859218 -0.004499 0.026255 -0.056517 0.998046
1187.199134 121.731590 -12.593591 3.859042 -0.004160 0.023886 -0.055926 0.998140
1187.299765 121.859713 -12.606527 3.862300 -0.004860 0.023315 -0.055701 0.998163
1187.399618 121.980376 -12.616572 3.864332 -0.004830 0.024635 -0.055414 0.998148
1187.499462 122.101764 -12.624176 3.865334 -0.005115 0.025028 -0.055051 0.998157
1187.599303 122.216394 -12.636073 3.863767 -0.005635 0.023493 -0.055177 0.998184
1187.699160 122.327368 -12.647407 3.859203 -0.006309 0.023080 -0.056094 0.998139
1187.799788 122.456435 -12.657198 3.856787 -0.006205 0.023211 -0.057207 0.998073
1187.899639 122.589032 -12.664413 3.861885 -0.005512 0.024631 -0.058109 0.997991
1187.999483 122.709980 -12.677429 3.865341 -0.004347 0.025657 -0.058417 0.997953
1188.099331 122.827246 -12.691812 3.864829 -0.005618 0.025859 -0.058549 0.997934
1188.199178 122.945481 -12.701248 3.865024 -0.007025 0.025504 -0.058701 0.997925
1188.299810 123.073685 -12.707168 3.864355 -0.006497 0.022678 -0.058373 0.998016
1188.399649 123.189649 -12.714928 3.862346 -0.004763 0.022372 -0.057887 0.998061
1188.499486 123.298360 -12.722960 3.860322 -0.002294 0.022778 -0.057502 0.998083
1188.599342 123.400610 -12.730116 3.863578 0.000636 0.025633 -0.057659 0.998007
1188.699176 123.515183 -12.741908 3.872325 0.001638 0.026986 -0.058230 0.997937
1188.799806 123.638509 -12.753873 3.877640 -0.000793 0.025017 -0.058588 0.997968
1188.899660 123.760467 -12.763615 3.872472 -0.003946 0.021571 -0.058599 0.998041
1188.999504 123.882235 -12.773540 3.872669 -0.005181 0.020422 -0.058498 0.998065
1189.099355 123.996102 -12.788265 3.869756 -0.004091 0.021608 -0.058130 0.998067
1189.199200 124.107763 -12.798687 3.870363 -0.002863 0.028011 -0.058311 0.997901
1189.299434 124.218397 -12.805905 3.876160 -0.003174 0.030973 -0.058471 0.997803
1189.399281 124.316845 -12.811806 3.879358 -0.004882 0.029997 -0.058372 0.997832
1189.499121 124.416831 -12.822635 3.880187 -0.004567 0.027904 -0.058807 0.997869
1189.599776 124.523572 -12.838447 3.881518 -0.005008 0.026410 -0.058996 0.997896
1189.699617 124.623401 -12.853244 3.881683 -0.004491 0.025543 -0.059120 0.997914
1189.799458 124.723523 -12.862886 3.877478 -0.003426 0.024511 -0.059334 0.997931
1189.899285 124.823778 -12.872140 3.875609 -0.003243 0.024154 -0.059347 0.997940
1189.999120 124.936094 -12.882121 3.876501 -0.003427 0.025413 -0.059253 0.997914
1190.099763 125.048902 -12.894582 3.876737 -0.005334 0.025391 -0.059368 0.997899
1190.199599 125.167495 -12.909314 3.876681 -0.006249 0.024951 -0.059695 0.997885
1190.299449 125.290357 -12.925389 3.876384 -0.006048 0.025364 -0.059811 0.997869
1190.399288 125.398504 -12.937739 3.873480 -0.005939 0.026925 -0.059911 0.997823
1190.499129 125.498929 -12.949421 3.868431 -0.006215 0.029158 -0.059976 0.997755
1190.599762 125.606537 -12.964529 3.870846 -0.005817 0.030263 -0.059979 0.997724
1190.699611 125.706518 -12.975602 3.871983 -0.005615 0.028219 -0.060173 0.997773
1190.799443 125.802492 -12.984956 3.874827 -0.003660 0.025956 -0.060541 0.997821
1190.899277 125.897526 -12.993149 3.872909 -0.003694 0.025390 -0.060864 0.997816
1190.999122 125.996727 -13.008125 3.872078 -0.005012 0.027393 -0.060971 0.997751
1191.099755 126.104630 -13.024427 3.876594 -0.006798 0.028857 -0.060945 0.997701
1191.199589 126.214000 -13.037854 3.878612 -0.007880 0.025617 -0.060874 0.997786
1191.299423 126.320825 -13.052944 3.880851 -0.007590 0.024396 -0.060654 0.997832
1191.399257 126.439112 -13.069855 3.880802 -0.006629 0.024156 -0.060697 0.997842
1191.499497 126.563162 -13.084977 3.883534 -0.005815 0.025242 -0.060584 0.997827
1191.599342 126.666288 -13.097984 3.884681 -0.005501 0.028159 -0.060307 0.997767
1191.699196 126.770113 -13.109485 3.886796 -0.006445 0.030582 -0.059890 0.997716
1191.799827 126.870823 -13.122000 3.891168 -0.006537 0.029989 -0.059409 0.997762
1191.899665 126.966620 -13.138211 3.891313 -0.007590 0.028892 -0.059194 0.997799
1191.999496 127.070058 -13.156803 3.888377 -0.007143 0.028650 -0.058864 0.997829
1192.099345 127.191451 -13.172189 3.887170 -0.006796 0.030888 -0.059165 0.997747
1192.199174 127.314053 -13.185112 3.884409 -0.006369 0.032352 -0.059457 0.997686
1192.299801 127.428752 -13.194886 3.886616 -0.006235 0.033888 -0.059675 0.997623
1192.399650 127.540150 -13.207328 3.886309 -0.005562 0.033235 -0.059716 0.997647
1192.499504 127.653090 -13.222928 3.883733 -0.005595 0.031434 -0.059508 0.997717
1192.599358 127.768433 -13.240231 3.886753 -0.006709 0.030288 -0.059161 0.997766
1192.699202 127.887461 -13.256628 3.891205 -0.007796 0.030123 -0.058708 0.997790
1192.799434 128.010557 -13.269373 3.891708 -0.007656 0.031613 -0.058828 0.997738
1192.899269 128.124135 -13.281435 3.887016 -0.005900 0.031935 -0.058977 0.997731
1192.999528 128.233475 -13.294407 3.886302 -0.004398 0.031465 -0.059336 0.997732
1193.099374 128.342639 -13.305235 3.890002 -0.004038 0.030566 -0.060059 0.997719
1193.199202 128.453665 -13.316053 3.892648 -0.002887 0.029972 -0.060509 0.997713
1193.299437 128.571101 -13.330919 3.891969 -0.003369 0.029886 -0.060502 0.997715
1193.399277 128.694432 -13.344874 3.894666 -0.003764 0.029841 -0.060979 0.997686
1193.499101 128.828111 -13.357905 3.899309 -0.004394 0.029797 -0.061181 0.997672
1193.599739 128.977341 -13.376585 3.893421 -0.005951 0.029950 -0.061473 0.997642
1193.699568 129.122474 -13.393009 3.898456 -0.003432 0.032119 -0.061919 0.997558
1193.799411 129.265358 -13.408990 3.897081 -0.002500 0.033370 -0.062278 0.997498
1193.899257 129.403888 -13.426036 3.894037 -0.004047 0.035326 -0.062818 0.997391
1193.999499 129.532252 -13.446485 3.891711 -0.005077 0.035857 -0.062746 0.997372
1194.099333 129.629821 -13.463652 3.894406 -0.004117 0.034670 -0.062573 0.997430
1194.199163 129.717781 -13.477313 3.899317 -0.004129 0.034042 -0.062122 0.997479
1194.299795 129.820579 -13.490985 3.900532 -0.004822 0.034329 -0.061616 0.997498
1194.399625 129.932629 -13.506974 3.897914 -0.006136 0.036074 -0.061585 0.997431
1194.499454 130.042471 -13.523388 3.895685 -0.007339 0.037623 -0.062017 0.997339
1194.599301 130.160062 -13.540737 3.902416 -0.006274 0.037617 -0.062640 0.997307
1194.699148 130.297913 -13.561193 3.910022 -0.004098 0.035831 -0.062358 0.997402
1194.799798 130.447512 -13.581405 3.902632 -0.004809 0.033877 -0.062147 0.997480
1194.899646 130.594899 -13.600062 3.896313 -0.005834 0.037370 -0.062138 0.997351
1194.999487 130.728831 -13.622298 3.894013 -0.005100 0.042329 -0.062014 0.997164
1195.099322 130.856593 -13.642697 3.903129 -0.005092 0.044174 -0.062142 0.997076
1195.199171 130.989918 -13.659946 3.913343 -0.004125 0.040979 -0.061953 0.997229
1195.299805 131.128998 -13.676696 3.911949 -0.006109 0.037182 -0.061599 0.997389
1195.399648 131.271732 -13.696944 3.910850 -0.007962 0.034766 -0.061377 0.997477
1195.499483 131.406770 -13.718895 3.911682 -0.008292 0.033108 -0.061381 0.997531
1195.599329 131.537833 -13.742531 3.911765 -0.007814 0.031779 -0.061551 0.997567
1195.699169 131.671110 -13.763658 3.913854 -0.007031 0.030893 -0.061721 0.997590
1195.799811 131.809825 -13.782518 3.918294 -0.007046 0.030340 -0.062038 0.997588
1195.899652 131.946320 -13.801426 3.919361 -0.009517 0.028887 -0.062196 0.997600
1195.999496 132.086061 -13.814058 3.916314 -0.017095 0.028972 -0.062645 0.997469
1196.099338 132.237532 -13.832077 3.916463 -0.020596 0.028392 -0.062482 0.997430
1196.199181 132.390273 -13.854332 3.918207 -0.019780 0.026915 -0.062227 0.997503
1196.299820 132.531284 -13.871070 3.923512 -0.015364 0.024764 -0.062254 0.997635
1196.399657 132.670894 -13.885983 3.926907 -0.009757 0.023858 -0.062415 0.997717
1196.499494 132.807699 -13.895465 3.925547 -0.006486 0.023090 -0.062496 0.997757
1196.599325 132.938315 -13.902892 3.921731 -0.006171 0.022009 -0.062593 0.997777
1196.699157 133.071559 -13.914678 3.927228 -0.006211 0.020999 -0.062738 0.997790
1196.799793 133.205942 -13.928230 3.924466 -0.006945 0.019235 -0.062698 0.997823
1196.899640 133.341553 -13.939272 3.911868 -0.007845 0.004284 -0.062820 0.997985
1196.999494 133.468711 -13.948988 3.925213 -0.008011 -0.009459 -0.062737 0.997953
1197.099334 133.577484 -13.960442 3.933519 -0.006529 -0.020267 -0.062836 0.997797
1197.199167 133.682772 -13.962858 3.948343 -0.007233 -0.003672 -0.063208 0.997967
1197.299810 133.789244 -13.967580 3.962330 -0.007999 0.014617 -0.063111 0.997867
1197.399662 133.887062 -13.973182 3.960895 -0.007492 0.018841 -0.062886 0.997815
1197.499497 133.976627 -13.984549 3.963188 -0.007673 0.019323 -0.062662 0.997818
1197.599341 134.071455 -14.002090 3.980114 -0.008122 0.019375 -0.062356 0.997833
1197.699196 134.178647 -14.014173 3.999221 -0.008337 0.020339 -0.062496 0.997803
1197.799843 134.289505 -14.020923 4.019620 -0.008035 0.023588 -0.062699 0.997721
1197.899690 134.398948 -14.024740 4.048939 -0.007763 0.027761 -0.063115 0.997590
1197.999548 134.501458 -14.037639 4.068970 -0.007046 0.030443 -0.063268 0.997507
1198.099389 134.599873 -14.046788 4.077415 -0.006155 0.030790 -0.063750 0.997472
1198.199229 134.697434 -14.055379 4.084375 -0.004409 0.031655 -0.063704 0.997457
1198.299466 134.795599 -14.063221 4.091622 -0.003935 0.036745 -0.063753 0.997281
1198.399311 134.901998 -14.074373 4.097911 -0.004536 0.043881 -0.064134 0.996966
1198.499148 135.009213 -14.086775 4.100338 -0.004723 0.048144 -0.064133 0.996768
1198.599785 135.119080 -14.097088 4.102156 -0.004829 0.049512 -0.064416 0.996682
1198.699628 135.229490 -14.110016 4.101256 -0.005097 0.047570 -0.064395 0.996777
1198.799476 135.343705 -14.125261 4.103398 -0.004472 0.047403 -0.064319 0.996793
1198.899318 135.469454 -14.139891 4.105650 -0.004123 0.048437 -0.064446 0.996736
1198.999162 135.603923 -14.154033 4.105735 -0.004223 0.049706 -0.064839 0.996648
1199.099818 135.741622 -14.168121 4.106465 -0.004551 0.048919 -0.064952 0.996678
1199.199675 135.882179 -14.180448 4.108882 -0.005258 0.045701 -0.065277 0.996806
1199.299503 136.017171 -14.198969 4.109586 -0.004641 0.043645 -0.065044 0.996917
1199.399352 136.143205 -14.221021 4.109335 -0.005141 0.042815 -0.064631 0.996977
1199.499200 136.274630 -14.242944 4.110028 -0.005262 0.045649 -0.064563 0.996855
1199.599448 136.422010 -14.263721 4.105873 -0.004839 0.047485 -0.064635 0.996767
1199.699293 136.570315 -14.275812 4.108653 -0.006405 0.045183 -0.065182 0.996829
1199.799129 136.722293 -14.291794 4.112067 -0.006570 0.040176 -0.065873 0.996997
1199.899755 136.878150 -14.311063 4.119933 -0.005102 0.037765 -0.065982 0.997093
1199.999597 137.028971 -14.331715 4.123261 -0.005091 0.035975 -0.065678 0.997179
1200.099434 137.179892 -14.352871 4.123140 -0.006429 0.037198 -0.065737 0.997123
1200.199278 137.328013 -14.373440 4.117661 -0.007802 0.040187 -0.065853 0.996989
1200.299126 137.485157 -14.393200 4.118650 -0.007155 0.042848 -0.065902 0.996880
1200.399767 137.642796 -14.409301 4.126932 -0.006043 0.041982 -0.066304 0.996898
1200.499609 137.799856 -14.427696 4.134002 -0.005160 0.037128 -0.066538 0.997079
1200.599452 137.966020 -14.448881 4.135067 -0.005256 0.033242 -0.066933 0.997190
1200.699285 138.125803 -14.473602 4.132369 -0.005708 0.030926 -0.067022 0.997256
1200.799124 138.292721 -14.497690 4.131891 -0.006490 0.030975 -0.066803 0.997264
1200.899778 138.470500 -14.521595 4.136426 -0.005978 0.032889 -0.066658 0.997216
1200.999599 138.640219 -14.538152 4.134664 -0.006075 0.035077 -0.066778 0.997133
1201.099428 138.804547 -14.559461 4.135704 -0.005561 0.036564 -0.066668 0.997090
1201.199271 138.961542 -14.584371 4.143596 -0.005034 0.038679 -0.066820 0.997002
1201.299517 139.136094 -14.607796 4.148544 -0.005285 0.038819 -0.067065 0.996979
1201.399350 139.304052 -14.629394 4.148511 -0.005208 0.039207 -0.066855 0.996979
1201.499194 139.472420 -14.652963 4.150635 -0.004383 0.039720 -0.066558 0.996982
1201.599821 139.642518 -14.678991 4.149173 -0.005080 0.038849 -0.065928 0.997055
1201.699664 139.818001 -14.704084 4.150101 -0.007094 0.036501 -0.065741 0.997144
1201.799509 140.000452 -14.728555 4.149504 -0.007596 0.037130 -0.065378 0.997141
1201.899340 140.177382 -14.751478 4.154685 -0.008136 0.038330 -0.065185 0.997104
1201.999170 140.353303 -14.773945 4.157518 -0.006887 0.037130 -0.065319 0.997150
1202.099801 140.523765 -14.798434 4.158871 -0.005787 0.033748 -0.065497 0.997265
1202.199620 140.690670 -14.821054 4.164207 -0.005185 0.028735 -0.065708 0.997412
1202.299466 140.855736 -14.841942 4.171192 -0.005747 0.024875 -0.066264 0.997475
1202.399294 141.024004 -14.863671 4.175356 -0.005130 0.023998 -0.066089 0.997512
1202.499135 141.199074 -14.889594 4.177169 -0.004399 0.024518 -0.065699 0.997529
1202.599770 141.372494 -14.912782 4.175338 -0.004893 0.021791 -0.065416 0.997608
1202.699597 141.534618 -14.931550 4.170155 -0.008713 0.019640 -0.065458 0.997624
1202.799446 141.698355 -14.950915 4.170589 -0.011015 0.015544 -0.065295 0.997684
1202.899282 141.861114 -14.969777 4.175967 -0.014142 0.012892 -0.065266 0.997684
1202.999122 142.028609 -14.989301 4.187240 -0.015096 0.011616 -0.065663 0.997660
1203.099754 142.191940 -15.005443 4.184751 -0.012466 0.011397 -0.066877 0.997618
1203.199595 142.331462 -15.023611 4.180856 -0.008501 0.005489 -0.068073 0.997629
1203.299443 142.453802 -15.035140 4.188955 -0.005956 -0.048269 -0.068685 0.996452
1203.399295 142.560910 -15.045119 4.184819 -0.007085 -0.088221 -0.068976 0.993685
1203.499119 142.655481 -15.050943 4.166694 -0.007383 -0.084536 -0.069683 0.993953
1203.599752 142.742189 -15.053446 4.144231 -0.008003 -0.057346 -0.069716 0.995885
1203.699599 142.813970 -15.068225 4.133680 -0.008667 -0.019071 -0.069023 0.997395
1203.799442 142.883749 -15.072484 4.162604 -0.009395 0.004902 -0.068731 0.997579
1203.899289 142.948372 -15.079184 4.205513 -0.008195 0.010184 -0.068675 0.997553
1203.999124 143.007936 -15.089640 4.216318 -0.007015 0.002432 -0.068631 0.997614
1204.099767 143.055257 -15.098604 4.191686 -0.006970 0.001206 -0.068576 0.997621
1204.199600 143.094771 -15.106494 4.180344 -0.007015 0.009265 -0.068722 0.997568
1204.299443 143.135330 -15.110420 4.185158 -0.007203 0.018317 -0.068739 0.997441
1204.399297 143.171103 -15.111717 4.189812 -0.007555 0.022605 -0.068821 0.997344
1204.499139 143.205674 -15.117799 4.199109 -0.007570 0.022773 -0.068576 0.997357
1204.599770 143.242135 -15.122981 4.200713 -0.007458 0.021620 -0.068629 0.997380
1204.699608 143.282407 -15.127999 4.192951 -0.006595 0.020775 -0.068638 0.997403
1204.799450 143.325906 -15.134187 4.191729 -0.006284 0.023272 -0.068724 0.997344
1204.899274 143.370989 -15.143609 4.192751 -0.005962 0.027293 -0.068836 0.997237
1204.999519 143.412222 -15.155816 4.199553 -0.005096 0.030673 -0.068708 0.997152
1205.099357 143.453770 -15.162341 4.200438 -0.005890 0.032095 -0.068866 0.997092
1205.199202 143.500104 -15.164805 4.199557 -0.006267 0.032388 -0.068640 0.997096
1205.299438 143.544354 -15.172519 4.196053 -0.006153 0.031238 -0.068245 0.997160
1205.399276 143.594351 -15.180869 4.195220 -0.005864 0.031087 -0.068309 0.997162
1205.499508 143.642323 -15.192409 4.203389 -0.006270 0.033102 -0.068056 0.997112
1205.599344 143.687828 -15.203656 4.210070 -0.006044 0.036758 -0.067842 0.997000
1205.699181 143.732727 -15.212485 4.212285 -0.006498 0.037891 -0.067891 0.996952
1205.799823 143.776401 -15.222760 4.216810 -0.007047 0.037093 -0.067749 0.996988
1205.899667 143.823551 -15.229574 4.223980 -0.007610 0.036218 -0.067884 0.997007
1205.999503 143.874828 -15.243630 4.226354 -0.007606 0.038560 -0.067380 0.996953
1206.099334 143.935490 -15.256508 4.230634 -0.007350 0.043814 -0.067355 0.996739
1206.199174 144.004868 -15.264139 4.241508 -0.006829 0.047780 -0.067252 0.996568
1206.299808 144.071266 -15.270061 4.261674 -0.006797 0.048142 -0.067330 0.996545
1206.399632 144.139784 -15.281949 4.280070 -0.007931 0.047110 -0.067436 0.996579
1206.499467 144.222504 -15.297798 4.290286 -0.008473 0.044483 -0.067335 0.996702
1206.599314 144.311633 -15.310478 4.297705 -0.012154 0.042077 -0.067390 0.996765
1206.699146 144.402832 -15.321718 4.302472 -0.016383 0.041794 -0.067570 0.996704
1206.799792 144.485821 -15.336711 4.301590 -0.017617 0.045345 -0.067117 0.996558
1206.899640 144.571293 -15.349311 4.300614 -0.018330 0.048430 -0.067047 0.996405
1206.999476 144.661157 -15.354417 4.308237 -0.017701 0.048051 -0.066988 0.996439
1207.099322 144.752665 -15.356460 4.316768 -0.014844 0.044405 -0.066753 0.996670
1207.199159 144.843341 -15.357626 4.312355 -0.014019 0.040700 -0.066920 0.996829
1207.299809 144.944283 -15.358841 4.304444 -0.013537 0.038436 -0.067230 0.996905
1207.399649 145.059167 -15.364024 4.304810 -0.012651 0.035910 -0.067245 0.997010
1207.499492 145.176476 -15.369880 4.311670 -0.012390 0.031987 -0.067355 0.997139
1207.599335 145.291495 -15.370386 4.314614 -0.014037 0.027620 -0.067800 0.997218
1207.699175 145.399236 -15.369111 4.308778 -0.014394 0.025362 -0.067759 0.997275
1207.799815 145.511329 -15.370592 4.305079 -0.015499 0.027807 -0.067917 0.997183
1207.899646 145.627371 -15.370494 4.300804 -0.014763 0.031107 -0.068109 0.997084
1207.999476 145.733967 -15.365981 4.301908 -0.012142 0.033917 -0.067932 0.997039
1208.099317 145.842369 -15.360354 4.305470 -0.009475 0.034246 -0.067906 0.997059
1208.199153 145.956435 -15.358371 4.307850 -0.007326 0.033414 -0.068021 0.997097
1208.299795 146.071785 -15.357112 4.302935 -0.006106 0.031094 -0.068065 0.997178
1208.399621 146.187751 -15.350455 4.299180 -0.005675 0.030617 -0.068290 0.997179
1208.499465 146.299747 -15.351448 4.298461 -0.005780 0.030874 -0.067898 0.997198
1208.599301 146.405967 -15.348388 4.303323 -0.004817 0.031112 -0.067513 0.997222
1208.699130 146.513018 -15.342225 4.307100 -0.005296 0.030671 -0.067578 0.997228
1208.799776 146.624440 -15.336114 4.298134 -0.005318 0.029414 -0.067858 0.997247
1208.899607 146.742033 -15.334172 4.289633 -0.005737 0.028907 -0.068144 0.997240
1208.999444 146.858390 -15.337385 4.294560 -0.004911 0.028633 -0.068483 0.997229
1209.099288 146.974007 -15.338491 4.300376 -0.003482 0.028642 -0.069087 0.997193
1209.199140 147.086617 -15.339994 4.299002 -0.003844 0.029966 -0.069222 0.997144
1209.299781 147.201656 -15.340363 4.293736 -0.003999 0.029049 -0.069458 0.997154
1209.399612 147.323701 -15.337477 4.290758 -0.003226 0.023670 -0.071340 0.997166
1209.499457 147.443926 -15.339939 4.295421 -0.003068 0.017520 -0.072790 0.997189
1209.599283 147.564050 -15.344941 4.298484 -0.001860 0.013684 -0.075374 0.997060
1209.699117 147.673985 -15.354072 4.304320 -0.003872 0.013281 -0.077124 0.996925
1209.799754 147.773375 -15.363151 4.300952 -0.005024 0.013328 -0.077975 0.996854
1209.899596 147.869878 -15.368281 4.293254 -0.005567 0.013599 -0.078198 0.996830
1209.999432 147.967619 -15.371678 4.290516 -0.005477 0.015759 -0.078271 0.996792
1210.099256 148.065443 -15.374680 4.295550 -0.006040 0.016875 -0.078208 0.996776
1210.199489 148.160672 -15.380845 4.302358 -0.006547 0.017439 -0.078090 0.996772
1210.299341 148.257939 -15.387937 4.301683 -0.007494 0.018080 -0.078349 0.996734
1210.399174 148.357022 -15.392665 4.303668 -0.007240 0.019219 -0.078393 0.996711
1210.499810 148.452935 -15.398008 4.305509 -0.007270 0.019447 -0.078325 0.996712
1210.599651 148.540581 -15.407683 4.309002 -0.007229 0.019425 -0.078230 0.996720
1210.699499 148.630298 -15.415458 4.307088 -0.007407 0.018762 -0.078450 0.996714
1210.799331 148.722140 -15.424713 4.299064 -0.007493 0.019844 -0.078096 0.996720
1210.899177 148.818809 -15.434202 4.294889 -0.007770 0.021847 -0.078377 0.996654
1210.999805 148.918217 -15.445141 4.304211 -0.007334 0.025866 -0.078305 0.996567
1211.099653 149.015141 -15.452108 4.307368 -0.006894 0.027971 -0.077991 0.996538
1211.199488 149.107595 -15.454152 4.302625 -0.006449 0.029038 -0.078136 0.996499
1211.299312 149.186020 -15.460101 4.303639 -0.006037 0.028719 -0.078010 0.996521
1211.399155 149.266392 -15.473686 4.306651 -0.006837 0.028257 -0.077921 0.996536
1211.499801 149.362621 -15.486101 4.310473 -0.008071 0.027487 -0.078162 0.996529
1211.599642 149.461930 -15.496022 4.309034 -0.007445 0.028687 -0.078146 0.996501
1211.699478 149.558699 -15.506020 4.313543 -0.006297 0.029908 -0.077685 0.996509
1211.799312 149.649334 -15.514015 4.314498 -0.005763 0.029093 -0.077356 0.996562
1211.899143 149.730143 -15.522461 4.312122 -0.006383 0.026400 -0.077022 0.996659
1211.999793 149.814873 -15.535566 4.311854 -0.007464 0.024424 -0.076431 0.996748
1212.099637 149.909216 -15.547383 4.312274 -0.008773 0.024176 -0.075794 0.996792
1212.199469 150.000735 -15.556624 4.315677 -0.010087 0.025053 -0.075574 0.996774
1212.299306 150.084078 -15.564512 4.320929 -0.010523 0.025569 -0.075679 0.996749
1212.399153 150.172054 -15.574663 4.318997 -0.011376 0.026045 -0.076445 0.996669
1212.499791 150.269257 -15.584410 4.313554 -0.010598 0.026539 -0.077648 0.996571
1212.599634 150.363225 -15.596907 4.314262 -0.007130 0.028290 -0.078292 0.996504
1212.699478 150.451341 -15.605947 4.313726 -0.005120 0.028924 -0.078664 0.996468
1212.799327 150.538620 -15.612542 4.316370 -0.004255 0.032071 -0.078983 0.996351
1212.899170 150.626430 -15.622829 4.313034 -0.004277 0.035340 -0.079390 0.996208
1212.999813 150.713907 -15.635419 4.317716 -0.003797 0.035520 -0.079709 0.996178
1213.099643 150.796573 -15.645645 4.315389 -0.004113 0.031317 -0.080447 0.996258
1213.199495 150.884262 -15.654420 4.311332 -0.004495 0.029623 -0.081204 0.996247
1213.299351 150.977712 -15.665567 4.307164 -0.004646 0.028977 -0.081534 0.996238
1213.399192 151.077358 -15.677937 4.307803 -0.004968 0.029228 -0.081856 0.996203
1213.499841 151.173784 -15.690915 4.310395 -0.004710 0.030003 -0.082079 0.996163
1213.599662 151.268332 -15.704328 4.310368 -0.005620 0.032707 -0.081959 0.996083
1213.699508 151.368812 -15.719295 4.310827 -0.005821 0.033366 -0.081631 0.996087
1213.799350 151.478641 -15.737234 4.310566 -0.007188 0.032215 -0.081183 0.996153
1213.899181 151.583527 -15.757255 4.308584 -0.008365 0.029664 -0.080806 0.996253
1213.999831 151.674366 -15.774196 4.310478 -0.009653 0.029694 -0.080537 0.996262
1214.099664 151.770418 -15.786551 4.307896 -0.010273 0.029237 -0.080872 0.996243
1214.199513 151.873840 -15.800791 4.307591 -0.009733 0.028689 -0.080997 0.996254
1214.299354 151.977504 -15.817064 4.307991 -0.008057 0.027924 -0.080960 0.996294
1214.399184 152.081633 -15.833605 4.304605 -0.007017 0.027774 -0.081082 0.996296
1214.499823 152.184396 -15.853149 4.304896 -0.006134 0.028124 -0.080674 0.996325
1214.599664 152.283229 -15.873485 4.308183 -0.006884 0.029325 -0.080253 0.996319
1214.699488 152.379533 -15.890696 4.311812 -0.008395 0.029956 -0.079828 0.996323
1214.799327 152.477820 -15.906782 4.315287 -0.009761 0.029590 -0.079279 0.996365
1214.899160 152.578743 -15.916921 4.316773 -0.009710 0.028931 -0.078996 0.996408
1214.999790 152.690728 -15.931923 4.312464 -0.008840 0.029220 -0.078691 0.996432
1215.099633 152.808961 -15.949467 4.311147 -0.008371 0.029971 -0.078552 0.996424
1215.199475 152.922209 -15.971119 4.307260 -0.007194 0.031526 -0.078561 0.996385
1215.299326 153.031718 -15.991317 4.305621 -0.006459 0.031908 -0.078449 0.996386
1215.399168 153.142954 -16.008272 4.307339 -0.006266 0.030257 -0.078244 0.996455
1215.499802 153.253281 -16.022840 4.313167 -0.007217 0.027760 -0.078229 0.996523
1215.599640 153.357150 -16.041078 4.315404 -0.008252 0.027263 -0.078268 0.996525
1215.699490 153.451096 -16.059569 4.309159 -0.008999 0.027577 -0.078410 0.996499
1215.799343 153.555745 -16.076841 4.307303 -0.008538 0.028946 -0.078663 0.996444
1215.899185 153.659731 -16.093719 4.306581 -0.008785 0.029553 -0.078867 0.996408
1215.999817 153.760349 -16.114752 4.311053 -0.008512 0.030001 -0.078959 0.996390
1216.099659 153.864710 -16.137286 4.312736 -0.008873 0.029521 -0.079063 0.996393
1216.199501 153.969721 -16.162527 4.307478 -0.010175 0.028426 -0.078768 0.996436
1216.299360 154.077282 -16.180635 4.306954 -0.010671 0.027607 -0.078731 0.996456
1216.399214 154.195786 -16.196813 4.314248 -0.010571 0.027179 -0.078389 0.996496
1216.499454 154.311708 -16.217472 4.319766 -0.010251 0.026281 -0.078082 0.996548
1216.599296 154.424410 -16.234751 4.324025 -0.012137 0.023492 -0.078297 0.996579
1216.699121 154.525543 -16.249001 4.324982 -0.014719 0.020296 -0.078722 0.996581
1216.799752 154.630008 -16.269243 4.321984 -0.016164 0.017711 -0.078410 0.996633
1216.899603 154.741661 -16.288284 4.321935 -0.016106 0.017436 -0.078732 0.996613
1216.999442 154.847698 -16.301920 4.318016 -0.014808 0.018575 -0.078869 0.996602
1217.099281 154.942768 -16.318737 4.315811 -0.013064 0.021464 -0.078453 0.996601
1217.199126 155.044803 -16.341463 4.320561 -0.012464 0.023745 -0.078291 0.996570
1217.299762 155.147926 -16.354947 4.314302 -0.011986 0.024083 -0.078558 0.996546
1217.399596 155.239263 -16.359948 4.312539 -0.011379 0.023710 -0.078557 0.996563
1217.499430 155.338543 -16.365093 4.317955 -0.010031 0.023865 -0.078437 0.996583
1217.599270 155.440280 -16.379404 4.313848 -0.008763 0.024257 -0.078056 0.996615
1217.699530 155.542092 -16.397200 4.305456 -0.008230 0.024335 -0.077934 0.996627
1217.799363 155.646748 -16.412954 4.306577 -0.008811 0.023561 -0.077945 0.996640
1217.899214 155.750192 -16.429243 4.313228 -0.009619 0.023233 -0.077564 0.996670
1217.999451 155.859581 -16.447095 4.316676 -0.010048 0.023081 -0.077278 0.996692
1218.099293 155.956476 -16.458332 4.320178 -0.011250 0.023523 -0.077355 0.996663
1218.199136 156.044434 -16.468560 4.326983 -0.010842 0.024121 -0.077040 0.996677
1218.299769 156.140739 -16.478378 4.342232 -0.010942 0.024762 -0.077191 0.996649
1218.399612 156.240472 -16.491990 4.356645 -0.010484 0.025334 -0.077207 0.996638
1218.499444 156.336913 -16.509886 4.368563 -0.009472 0.026278 -0.077504 0.996601
1218.599284 156.427904 -16.524471 4.376751 -0.009286 0.027371 -0.077861 0.996545
1218.699130 156.514646 -16.537157 4.385412 -0.008781 0.028429 -0.078296 0.996486
1218.799767 156.605493 -16.546296 4.404375 -0.009346 0.030738 -0.079084 0.996350
1218.899604 156.696077 -16.559020 4.425597 -0.008496 0.032155 -0.079365 0.996291
1218.999455 156.791992 -16.572518 4.446699 -0.007189 0.032472 -0.079700 0.996264
1219.099288 156.891626 -16.583442 4.459060 -0.007300 0.030863 -0.080287 0.996267
1219.199127 156.998153 -16.595539 4.467810 -0.007427 0.031056 -0.080488 0.996244
1219.299761 157.101181 -16.607903 4.475007 -0.006890 0.032280 -0.080418 0.996215
1219.399587 157.205203 -16.620684 4.489370 -0.007496 0.033100 -0.080601 0.996169
1219.499426 157.310272 -16.637313 4.499279 -0.008177 0.031864 -0.080133 0.996241
1219.599269 157.413438 -16.656612 4.504304 -0.008701 0.031091 -0.079552 0.996308
1219.699512 157.514227 -16.669995 4.506500 -0.008261 0.030256 -0.079236 0.996362
1219.799340 157.619560 -16.680185 4.504428 -0.009196 0.030626 -0.078873 0.996372
1219.899182 157.734282 -16.694738 4.506844 -0.008981 0.032540 -0.078533 0.996340
1219.999822 157.853634 -16.713820 4.517693 -0.008321 0.036218 -0.078696 0.996206
1220.099668 157.960701 -16.724789 4.526832 -0.006097 0.039599 -0.079100 0.996061
1220.199505 158.065811 -16.735013 4.535044 -0.004747 0.039149 -0.079877 0.996024
1220.299342 158.165977 -16.747790 4.535354 -0.004599 0.035518 -0.080301 0.996127
1220.399185 158.265335 -16.759653 4.532986 -0.004858 0.033696 -0.081088 0.996125
1220.499829 158.362522 -16.773332 4.530615 -0.004422 0.033540 -0.081499 0.996099
1220.599658 158.454618 -16.790915 4.529847 -0.004969 0.034426 -0.081181 0.996092
1220.699488 158.554147 -16.806888 4.526663 -0.005317 0.034090 -0.081085 0.996110
1220.799331 158.659052 -16.821936 4.530506 -0.005789 0.032755 -0.080508 0.996199
1220.899159 158.768894 -16.838254 4.530059 -0.006229 0.030660 -0.080014 0.996303
1220.999798 158.870474 -16.858864 4.535268 -0.007128 0.031328 -0.079807 0.996292
1221.099655 158.970585 -16.876556 4.533087 -0.007151 0.032942 -0.079878 0.996234
1221.199499 159.075770 -16.888645 4.522904 -0.007367 0.033834 -0.080074 0.996187
1221.299346 159.188328 -16.901597 4.518880 -0.006935 0.032558 -0.080002 0.996239
1221.399196 159.296910 -16.914331 4.522446 -0.007071 0.031349 -0.080366 0.996247
1221.499831 159.400638 -16.926097 4.528714 -0.006899 0.030478 -0.080495 0.996265
1221.599685 159.502589 -16.943935 4.531219 -0.007210 0.029365 -0.080129 0.996326
1221.699522 159.604903 -16.961780 4.531814 -0.007285 0.029755 -0.079933 0.996329
1221.799371 159.709093 -16.974587 4.526914 -0.006189 0.030751 -0.079904 0.996309
1221.899205 159.815415 -16.984133 4.524101 -0.005727 0.031230 -0.079957 0.996292
1221.999444 159.912715 -16.999347 4.525255 -0.004687 0.031909 -0.080041 0.996270
1222.099290 160.002195 -17.015944 4.530749 -0.004703 0.031072 -0.080564 0.996254
1222.199139 160.093369 -17.030605 4.532337 -0.005373 0.029816 -0.080699 0.996278
1222.299768 160.185955 -17.041960 4.531756 -0.005886 0.027798 -0.080573 0.996344
1222.399601 160.280094 -17.051848 4.535034 -0.006773 0.028968 -0.080443 0.996315
1222.499439 160.379419 -17.065509 4.535850 -0.010283 0.031723 -0.080479 0.996198
1222.599290 160.480373 -17.085466 4.536637 -0.012361 0.034879 -0.080754 0.996047
1222.699136 160.578466 -17.103587 4.535914 -0.010302 0.033885 -0.081039 0.996082
1222.799780 160.687865 -17.118562 4.533580 -0.007657 0.032859 -0.081377 0.996112
1222.899620 160.794099 -17.129714 4.530683 -0.006074 0.033013 -0.081688 0.996092
1222.999467 160.906166 -17.143158 4.529981 -0.006495 0.035026 -0.081993 0.995996
1223.099319 161.021068 -17.156518 4.532223 -0.005958 0.036187 -0.081910 0.995965
1223.199150 161.123214 -17.173909 4.542706 -0.007189 0.036923 -0.081720 0.995945
1223.299792 161.226132 -17.189801 4.543928 -0.008609 0.035977 -0.081905 0.995953
1223.399626 161.327957 -17.207438 4.540186 -0.012870 0.034688 -0.081815 0.995961
1223.499457 161.431001 -17.221110 4.540142 -0.014846 0.034872 -0.081784 0.995929
1223.599289 161.531925 -17.234046 4.542985 -0.014768 0.036419 -0.081536 0.995895
1223.699128 161.633096 -17.245152 4.542228 -0.013625 0.037008 -0.081174 0.995919
1223.799775 161.737049 -17.252633 4.542131 -0.012693 0.036857 -0.081237 0.995932
1223.899608 161.842436 -17.259480 4.550989 -0.012154 0.035360 -0.081414 0.995979
1223.999442 161.944600 -17.269993 4.555154 -0.012409 0.034655 -0.081364 0.996004
1224.099282 162.050071 -17.279257 4.548175 -0.010859 0.035145 -0.081397 0.996003
1224.199126 162.158427 -17.290345 4.542938 -0.009024 0.035726 -0.081482 0.995993
1224.299773 162.273480 -17.299914 4.544124 -0.009926 0.035798 -0.081496 0.995981
1224.399608 162.399747 -17.304887 4.542276 -0.011051 0.035930 -0.081695 0.995948
1224.499441 162.526037 -17.312958 4.542818 -0.011200 0.035354 -0.081707 0.995966
1224.599271 162.642874 -17.322676 4.544199 -0.012820 0.035340 -0.081720 0.995946
1224.699496 162.760242 -17.330543 4.542562 -0.013460 0.036701 -0.081728 0.995888
1224.799340 162.879437 -17.336167 4.536269 -0.012286 0.037666 -0.081625 0.995875
1224.899192 162.988866 -17.340800 4.529859 -0.011956 0.036704 -0.081765 0.995904
1224.999834 163.092426 -17.342993 4.533424 -0.012354 0.034917 -0.081947 0.995948
1225.099677 163.193221 -17.347408 4.532166 -0.012320 0.031518 -0.081817 0.996073
1225.199502 163.308038 -17.349911 4.545345 -0.010589 0.031110 -0.081871 0.996101
1225.299341 163.429276 -17.353669 4.558000 -0.009741 0.032944 -0.081709 0.996064
1225.399171 163.542757 -17.358497 4.555886 -0.008263 0.032797 -0.081376 0.996109
1225.499807 163.657159 -17.362431 4.541549 -0.008059 0.031900 -0.081330 0.996144
1225.599662 163.774917 -17.366981 4.534339 -0.007787 0.031988 -0.081526 0.996127
1225.699510 163.891818 -17.374111 4.535518 -0.007209 0.031980 -0.081619 0.996124
1225.799351 164.011080 -17.380258 4.533050 -0.007809 0.030602 -0.081804 0.996148
1225.899194 164.122019 -17.383955 4.534418 -0.008219 0.032172 -0.081932 0.996085
1225.999840 164.227520 -17.386422 4.541546 -0.007630 0.033415 -0.081811 0.996058
1226.099676 164.325212 -17.391747 4.545564 -0.007863 0.032051 -0.081733 0.996108
1226.199526 164.419332 -17.399117 4.542370 -0.007329 0.029737 -0.082085 0.996155
1226.299378 164.520441 -17.406045 4.535412 -0.007444 0.027562 -0.082190 0.996208
1226.399232 164.629304 -17.414365 4.530856 -0.007661 0.026057 -0.081896 0.996271
1226.499469 164.737851 -17.422047 4.533457 -0.008591 0.026215 -0.081744 0.996271
1226.599306 164.838741 -17.429630 4.532834 -0.009700 0.026479 -0.081339 0.996288
1226.699138 164.934822 -17.438503 4.527403 -0.010280 0.027395 -0.081167 0.996271
1226.799779 165.031407 -17.449411 4.526477 -0.009929 0.028472 -0.081142 0.996246
1226.899600 165.116716 -17.454324 4.528189 -0.008970 0.029210 -0.081328 0.996219
1226.999432 165.205945 -17.462275 4.532567 -0.008645 0.027880 -0.081333 0.996259
1227.099263 165.302113 -17.469113 4.530611 -0.008192 0.027087 -0.081283 0.996289
1227.199516 165.397878 -17.475537 4.524678 -0.008371 0.027216 -0.081240 0.996288
1227.299358 165.495714 -17.484716 4.521123 -0.009229 0.027105 -0.081260 0.996282
1227.399191 165.596307 -17.493445 4.525318 -0.008871 0.011470 -0.081270 0.996587
1227.499831 165.684621 -17.501603 4.529905 -0.008378 0.000525 -0.081229 0.996660
1227.599674 165.760684 -17.509484 4.519735 -0.008846 -0.005234 -0.081715 0.996603
1227.699509 165.835535 -17.521413 4.515956 -0.008072 0.008790 -0.081606 0.996593
1227.799352 165.901956 -17.528500 4.513981 -0.007989 0.023272 -0.081432 0.996375
1227.899196 165.955915 -17.531225 4.517978 -0.008415 0.027727 -0.081304 0.996268
1227.999852 166.014070 -17.533194 4.524790 -0.008407 0.028683 -0.081215 0.996248
1228.099698 166.073888 -17.535757 4.530496 -0.007979 0.027865 -0.081266 0.996271
1228.199517 166.143737 -17.541889 4.522023 -0.006925 0.029205 -0.081325 0.996236
1228.299367 166.207944 -17.549299 4.513852 -0.006665 0.030369 -0.081214 0.996212
1228.399207 166.264111 -17.560142 4.509860 -0.006894 0.031848 -0.080996 0.996182
1228.499449 166.324685 -17.568010 4.511590 -0.007124 0.033438 -0.081125 0.996117
1228.599295 166.388077 -17.573745 4.516437 -0.007320 0.034062 -0.081202 0.996089
1228.699132 166.454857 -17.577444 4.516589 -0.006693 0.034992 -0.081238 0.996058
1228.799770 166.526277 -17.580724 4.513783 -0.006506 0.036747 -0.081437 0.995980
1228.899617 166.600549 -17.589741 4.510705 -0.006087 0.037559 -0.081357 0.995958
1228.999443 166.681317 -17.603420 4.511795 -0.006461 0.038188 -0.081251 0.995941
1229.099290 166.753847 -17.615594 4.512818 -0.006821 0.038476 -0.081424 0.995913
1229.199131 166.832995 -17.621531 4.514664 -0.007042 0.037455 -0.081852 0.995916
1229.299780 166.924216 -17.625312 4.512096 -0.006300 0.035455 -0.081736 0.996003
1229.399626 167.014166 -17.633731 4.505290 -0.005766 0.036766 -0.081683 0.995963
1229.499455 167.096657 -17.648059 4.498753 -0.006854 0.038656 -0.081743 0.995880
1229.599294 167.179587 -17.662644 4.496508 -0.006780 0.040544 -0.081700 0.995809
1229.699141 167.262875 -17.677621 4.503590 -0.006663 0.039540 -0.080890 0.995916
1229.799775 167.348795 -17.689848 4.508394 -0.006963 0.037078 -0.080265 0.996059
1229.899620 167.430886 -17.698823 4.513754 -0.009553 0.034520 -0.079725 0.996173
1229.999478 167.525741 -17.705970 4.510710 -0.010786 0.034287 -0.080181 0.996132
1230.099320 167.620770 -17.716463 4.503781 -0.008481 0.034622 -0.080363 0.996128
1230.199165 167.711100 -17.727327 4.498708 -0.008188 0.033178 -0.080901 0.996136
1230.299814 167.793593 -17.738173 4.510580 -0.006921 0.029860 -0.081535 0.996199
1230.399639 167.873328 -17.752585 4.524654 -0.007337 0.028081 -0.082097 0.996202
1230.499483 167.948680 -17.761932 4.527095 -0.006665 0.027744 -0.082790 0.996158
1230.599315 168.023019 -17.768318 4.521027 -0.005268 0.029374 -0.083844 0.996032
1230.699161 168.102085 -17.776637 4.515144 -0.004463 0.031268 -0.084171 0.995951
1230.799800 168.190810 -17.788528 4.512097 -0.004096 0.034394 -0.083995 0.995864
1230.899644 168.276597 -17.800895 4.508954 -0.003940 0.034999 -0.083865 0.995855
1230.999485 168.361298 -17.816153 4.511881 -0.003755 0.037723 -0.083697 0.995770
1231.099324 168.443228 -17.829024 4.512295 -0.003551 0.039319 -0.084049 0.995679
1231.199159 168.535997 -17.840896 4.508221 -0.003119 0.039717 -0.084162 0.995655
1231.299796 168.637030 -17.855235 4.504810 -0.004520 0.038985 -0.083633 0.995723
1231.399645 168.732411 -17.871065 4.509603 -0.007833 0.037573 -0.082740 0.995832
1231.499490 168.826019 -17.890920 4.516571 -0.010582 0.036178 -0.082011 0.995918
1231.599326 168.915880 -17.907108 4.520832 -0.010632 0.037338 -0.081853 0.995888
1231.699150 169.002378 -17.919465 4.514376 -0.010805 0.039251 -0.080682 0.995908
1231.799782 169.080915 -17.930037 4.508968 -0.010561 0.041720 -0.078106 0.996016
1231.899619 169.170546 -17.943629 4.509097 -0.008424 0.043060 -0.075983 0.996143
1231.999456 169.259885 -17.958374 4.513365 -0.007194 0.041588 -0.074806 0.996305
1232.099281 169.352003 -17.972511 4.514093 -0.007033 0.037794 -0.073975 0.996519
1232.199138 169.454084 -17.989834 4.514201 -0.006726 0.036985 -0.074024 0.996548
1232.299786 169.551142 -18.000271 4.509644 -0.006313 0.037848 -0.074389 0.996491
1232.399629 169.656429 -18.014822 4.511158 -0.005905 0.038806 -0.074310 0.996462
1232.499467 169.765158 -18.030741 4.513465 -0.006902 0.037777 -0.074649 0.996470
1232.599295 169.861480 -18.044489 4.512328 -0.006949 0.037234 -0.074911 0.996471
1232.699134 169.961406 -18.060776 4.505239 -0.007184 0.036916 -0.074876 0.996483
1232.799778 170.065094 -18.076564 4.498758 -0.006905 0.036570 -0.074791 0.996505
1232.899605 170.173406 -18.094026 4.498379 -0.006703 0.037814 -0.074858 0.996454
1232.999457 170.285550 -18.116420 4.495811 -0.006862 0.040250 -0.074868 0.996357
1233.099315 170.401019 -18.129400 4.491774 -0.006575 0.043365 -0.075324 0.996194
1233.199150 170.523720 -18.138753 4.494413 -0.006458 0.045605 -0.076155 0.996032
1233.299794 170.636279 -18.155122 4.505019 -0.005738 0.044563 -0.076176 0.996082
1233.399635 170.734351 -18.178345 4.510698 -0.008040 0.043044 -0.075432 0.996189
1233.499467 170.837970 -18.200828 4.508398 -0.011780 0.044382 -0.072274 0.996327
1233.599315 170.950019 -18.213794 4.503950 -0.013587 0.044787 -0.068054 0.996583
1233.699156 171.066163 -18.223404 4.500782 -0.014551 0.044374 -0.063498 0.996889
1233.799786 171.192764 -18.236449 4.500166 -0.015047 0.042673 -0.058667 0.997252
1233.899637 171.320126 -18.253775 4.505918 -0.015143 0.039916 -0.055070 0.997569
1233.999481 171.438938 -18.267338 4.510935 -0.016488 0.037769 -0.051167 0.997839
1234.099307 171.560429 -18.281064 4.514726 -0.014578 0.037586 -0.046669 0.998097
1234.199162 171.685090 -18.294233 4.512596 -0.009490 0.038558 -0.044792 0.998207
1234.299810 171.804056 -18.303440 4.510708 -0.007041 0.038856 -0.045134 0.998200
1234.399649 171.919749 -18.312982 4.505233 -0.007830 0.037120 -0.045619 0.998238
1234.499487 172.049118 -18.322826 4.508943 -0.007962 0.034471 -0.046166 0.998307
1234.599334 172.180396 -18.334777 4.511519 -0.007504 0.030222 -0.046666 0.998425
1234.699172 172.308197 -18.349734 4.507119 -0.006332 0.025658 -0.046677 0.998560
1234.799820 172.434734 -18.365205 4.506102 -0.006090 0.023025 -0.046499 0.998634
1234.899654 172.551939 -18.374514 4.510522 -0.006785 0.022356 -0.046417 0.998649
1234.999503 172.669388 -18.383359 4.516461 -0.007679 0.022834 -0.045938 0.998654
1235.099333 172.784159 -18.393703 4.513260 -0.008444 0.022630 -0.045675 0.998664
1235.199164 172.882451 -18.403858 4.508133 -0.008860 0.022976 -0.045594 0.998656
1235.299815 172.984202 -18.416702 4.513043 -0.008772 0.024351 -0.045539 0.998627
1235.399672 173.078926 -18.429502 4.512437 -0.008407 0.026089 -0.045331 0.998596
1235.499518 173.170512 -18.436231 4.513071 -0.009268 0.028476 -0.045540 0.998514
1235.599364 173.267987 -18.444282 4.513052 -0.011542 0.029507 -0.046131 0.998433
1235.699220 173.363599 -18.454466 4.511941 -0.010083 0.026558 -0.046458 0.998516
1235.799455 173.465042 -18.465261 4.510047 -0.006533 0.025913 -0.047032 0.998536
1235.899288 173.560663 -18.475783 4.503248 -0.004434 0.030362 -0.046577 0.998443
1235.999132 173.653399 -18.488834 4.505978 -0.006995 0.034186 -0.045716 0.998345
1236.099780 173.750776 -18.498488 4.514823 -0.009308 0.033982 -0.045228 0.998355
1236.199629 173.854939 -18.507684 4.515964 -0.010710 0.032307 -0.044664 0.998422
1236.299467 173.954552 -18.517988 4.513838 -0.010311 0.030363 -0.044344 0.998502
1236.399297 174.053822 -18.528791 4.511218 -0.010297 0.028731 -0.044646 0.998537
1236.499147 174.153946 -18.536566 4.507673 -0.008128 0.030691 -0.045300 0.998469
1236.599800 174.255034 -18.542564 4.508413 -0.007130 0.034362 -0.045875 0.998331
1236.699628 174.348123 -18.553570 4.511237 -0.005487 0.034868 -0.045855 0.998324
1236.799475 174.442481 -18.567986 4.517943 -0.005859 0.035622 -0.045931 0.998292
1236.899300 174.541000 -18.576231 4.519080 -0.007640 0.035370 -0.045924 0.998289
1236.999151 174.645289 -18.580924 4.512990 -0.007578 0.034496 -0.045723 0.998330
1237.099799 174.739067 -18.585998 4.510391 -0.007808 0.031977 -0.045552 0.998420
1237.199645 174.823641 -18.596144 4.517684 -0.007478 0.030958 -0.045396 0.998461
1237.299467 174.913897 -18.606811 4.519977 -0.007776 0.030880 -0.045690 0.998448
1237.399314 175.015839 -18.615670 4.521604 -0.006545 0.031307 -0.046281 0.998416
1237.499150 175.115640 -18.620568 4.524055 -0.005265 0.029521 -0.046615 0.998463
1237.599794 175.208720 -18.628855 4.521947 -0.004347 0.028281 -0.046478 0.998509
1237.699642 175.293943 -18.637941 4.521997 -0.005484 0.029187 -0.046614 0.998471
1237.799478 175.382070 -18.647292 4.523789 -0.006130 0.029669 -0.046678 0.998450
1237.899313 175.464179 -18.660518 4.524353 -0.007364 0.028705 -0.046368 0.998485
1237.999162 175.546710 -18.673352 4.519073 -0.007242 0.027584 -0.046380 0.998517
1238.099807 175.635361 -18.683752 4.516008 -0.007543 0.025850 -0.046454 0.998557
1238.199648 175.722934 -18.690114 4.519309 -0.007980 0.025513 -0.046397 0.998565
1238.299493 175.815929 -18.697761 4.526557 -0.008485 0.027192 -0.046404 0.998517
1238.399351 175.904193 -18.701850 4.528739 -0.008353 0.029366 -0.046704 0.998442
1238.499194 175.986201 -18.710539 4.522786 -0.007657 0.031410 -0.046626 0.998389
1238.599829 176.075693 -18.724127 4.516845 -0.007827 0.032618 -0.046509 0.998355
1238.699675 176.167990 -18.736380 4.515120 -0.008888 0.034535 -0.047162 0.998250
1238.799532 176.247935 -18.743537 4.518085 -0.010288 0.035059 -0.047725 0.998192
1238.899387 176.316537 -18.746892 4.522921 -0.010509 0.035657 -0.048778 0.998118
1238.999221 176.384413 -18.751146 4.523401 -0.007968 0.033640 -0.049455 0.998178
1239.099468 176.464361 -18.755950 4.523639 -0.006485 0.030649 -0.050018 0.998257
1239.199308 176.541184 -18.767868 4.520728 -0.006455 0.018573 -0.049687 0.998571
1239.299149 176.624490 -18.774304 4.522924 -0.005947 0.018773 -0.049141 0.998598
1239.399777 176.706719 -18.785617 4.522050 -0.006515 0.025587 -0.047793 0.998508
1239.499620 176.783891 -18.788554 4.518803 -0.007492 0.029891 -0.047336 0.998404
1239.599466 176.853833 -18.793226 4.519639 -0.008001 0.032230 -0.046970 0.998344
1239.699323 176.930310 -18.800486 4.529612 -0.008166 0.033183 -0.046869 0.998316
1239.799161 177.007330 -18.808094 4.532479 -0.008049 0.032952 -0.046661 0.998335
1239.899791 177.077742 -18.821902 4.532971 -0.007050 0.032839 -0.046330 0.998361
1239.999636 177.156528 -18.834615 4.530625 -0.007111 0.033794 -0.046512 0.998321
1240.099478 177.245383 -18.841662 4.529277 -0.008053 0.033965 -0.046674 0.998300
1240.199315 177.335067 -18.848161 4.527607 -0.007791 0.033420 -0.046577 0.998325
1240.299162 177.425103 -18.853368 4.529792 -0.007689 0.031158 -0.046737 0.998392
1240.399800 177.507144 -18.861115 4.530756 -0.008375 0.030796 -0.046787 0.998395
1240.499662 177.581177 -18.876654 4.530505 -0.008496 0.031275 -0.046262 0.998404
1240.599498 177.655208 -18.886626 4.531074 -0.008236 0.032225 -0.046410 0.998369
1240.699334 177.733498 -18.887344 4.532355 -0.007772 0.032800 -0.046915 0.998330
1240.799162 177.810998 -18.896028 4.534479 -0.007337 0.033883 -0.046687 0.998308
1240.899807 177.878568 -18.907166 4.531492 -0.008030 0.034068 -0.046592 0.998301
1240.999641 177.949373 -18.914540 4.526911 -0.007489 0.032217 -0.046749 0.998359
1241.099485 178.027294 -18.923688 4.527130 -0.007080 0.032617 -0.046510 0.998360
1241.199318 178.113296 -18.933710 4.532426 -0.006722 0.034984 -0.046341 0.998290
1241.299159 178.202017 -18.945601 4.538833 -0.006941 0.036879 -0.046047 0.998234
1241.399809 178.288295 -18.952332 4.540398 -0.007252 0.035567 -0.045684 0.998296
1241.499641 178.370532 -18.958112 4.539486 -0.008558 0.032844 -0.045623 0.998382
1241.599489 178.452104 -18.964456 4.541450 -0.008838 0.031917 -0.046134 0.998386
1241.699328 178.530000 -18.971172 4.538125 -0.006950 0.030604 -0.046363 0.998432
1241.799163 178.611560 -18.983828 4.535651 -0.004775 0.029693 -0.046318 0.998474
1241.899795 178.693492 -18.997422 4.540151 -0.004946 0.031302 -0.046175 0.998431
1241.999644 178.772688 -19.009270 4.548080 -0.006630 0.033957 -0.045983 0.998343
1242.099476 178.848210 -19.015119 4.549047 -0.008005 0.036685 -0.046068 0.998232
1242.199317 178.936334 -19.018986 4.551684 -0.009181 0.035036 -0.045945 0.998287
1242.299161 179.026874 -19.029731 4.552317 -0.008527 0.034356 -0.045719 0.998327
1242.399789 179.109161 -19.037459 4.548734 -0.008579 0.034683 -0.046398 0.998284
1242.499632 179.190741 -19.045762 4.549083 -0.008683 0.034659 -0.046781 0.998266
1242.599484 179.272372 -19.052239 4.546413 -0.007831 0.032541 -0.046940 0.998337
1242.699318 179.357718 -19.059646 4.548984 -0.007582 0.032874 -0.047240 0.998314
1242.799159 179.444955 -19.069031 4.548689 -0.007914 0.032968 -0.047660 0.998288
1242.899806 179.525142 -19.078770 4.551156 -0.008200 0.032869 -0.047907 0.998277
1242.999651 179.605808 -19.082062 4.552007 -0.007612 0.032580 -0.048135 0.998280
1243.099486 179.689142 -19.088729 4.547166 -0.007147 0.033741 -0.048450 0.998230
1243.199337 179.777422 -19.098506 4.544312 -0.006512 0.034279 -0.048727 0.998202
1243.299176 179.863668 -19.107433 4.546456 -0.004384 0.032678 -0.048956 0.998257
1243.399804 179.947424 -19.120536 4.553224 -0.004614 0.033990 -0.048781 0.998220
1243.499663 180.034465 -19.131106 4.556098 -0.006544 0.035373 -0.048606 0.998170
1243.599502 180.126371 -19.135310 4.552448 -0.007522 0.036084 -0.048459 0.998145
1243.699336 180.215931 -19.144280 4.551061 -0.007658 0.034334 -0.048023 0.998227
1243.799177 180.304371 -19.157328 4.552803 -0.006840 0.034941 -0.047811 0.998222
1243.899817 180.385613 -19.168183 4.556734 -0.005527 0.036426 -0.047361 0.998198
1243.999649 180.465092 -19.177150 4.548837 -0.004833 0.037681 -0.047161 0.998165
1244.099487 180.558212 -19.187573 4.546028 -0.005579 0.037757 -0.046917 0.998169
1244.199328 180.649890 -19.193435 4.546610 -0.007228 0.039594 -0.047121 0.998078
1244.299167 180.733836 -19.209208 4.547132 -0.008393 0.040486 -0.047327 0.998023
1244.399801 180.820116 -19.223335 4.554067 -0.008387 0.039509 -0.047819 0.998039
1244.499655 180.909666 -19.230079 4.554563 -0.007246 0.038531 -0.048346 0.998061
1244.599495 180.994145 -19.239241 4.550858 -0.006161 0.037687 -0.048253 0.998105
1244.699335 181.082202 -19.250497 4.545194 -0.007196 0.036771 -0.048068 0.998141
1244.799174 181.171483 -19.262779 4.538694 -0.009208 0.033625 -0.047888 0.998244
1244.899819 181.257208 -19.269411 4.537318 -0.009575 0.031539 -0.048393 0.998284
1244.999658 181.339489 -19.277209 4.548499 -0.007545 0.032589 -0.048666 0.998255
1245.099495 181.429854 -19.287797 4.551593 -0.006603 0.034535 -0.048931 0.998183
1245.199325 181.524680 -19.301080 4.547121 -0.006220 0.035801 -0.049046 0.998135
1245.299178 181.617487 -19.311359 4.543886 -0.006539 0.038570 -0.049496 0.998008
1245.399814 181.712705 -19.318920 4.541426 -0.006956 0.037629 -0.049668 0.998032
1245.499671 181.806122 -19.328508 4.544101 -0.007223 0.036473 -0.049962 0.998059
1245.599510 181.897866 -19.341738 4.542442 -0.006385 0.036753 -0.050155 0.998045
1245.699352 182.001172 -19.354803 4.539997 -0.005588 0.039481 -0.050213 0.997942
1245.799190 182.113849 -19.365010 4.538727 -0.005774 0.041272 -0.050000 0.997879
1245.899813 182.234058 -19.376385 4.539463 -0.005878 0.040745 -0.049687 0.997916
1245.999654 182.343600 -19.389574 4.540919 -0.007055 0.040495 -0.049362 0.997935
1246.099499 182.446943 -19.408644 4.541362 -0.007587 0.042717 -0.049003 0.997856
1246.199345 182.548659 -19.420967 4.544480 -0.007498 0.044029 -0.048940 0.997803
1246.299203 182.644945 -19.431266 4.539970 -0.007408 0.042370 -0.048686 0.997888
1246.399429 182.748605 -19.442124 4.539019 -0.007844 0.041497 -0.048801 0.997915
1246.499270 182.856614 -19.454538 4.539080 -0.008501 0.040642 -0.048982 0.997936
1246.599502 182.974772 -19.468379 4.537998 -0.007763 0.041201 -0.048659 0.997935
1246.699343 183.080670 -19.480110 4.535580 -0.007089 0.043675 -0.047844 0.997874
1246.799162 183.182394 -19.491334 4.531366 -0.008420 0.048829 -0.047435 0.997645
1246.899816 183.295776 -19.504702 4.526448 -0.009736 0.049949 -0.047226 0.997587
1246.999650 183.412281 -19.515616 4.526324 -0.008577 0.043491 -0.048251 0.997851
1247.099509 183.528615 -19.529345 4.530314 -0.006133 0.035718 -0.049077 0.998137
1247.199349 183.652266 -19.541682 4.540763 -0.004487 0.035244 -0.050123 0.998111
1247.299197 183.768292 -19.552601 4.543402 -0.003643 0.036957 -0.050939 0.998011
1247.399823 183.882260 -19.564745 4.537406 -0.004263 0.036595 -0.051192 0.998009
1247.499663 183.999036 -19.575769 4.530199 -0.004452 0.036790 -0.051142 0.998004
1247.599510 184.126257 -19.588707 4.524200 -0.005203 0.036247 -0.050930 0.998031
1247.699356 184.250001 -19.604729 4.521855 -0.006067 0.035428 -0.050587 0.998073
1247.799190 184.373213 -19.617709 4.519114 -0.006264 0.034733 -0.050459 0.998102
1247.899829 184.494522 -19.631034 4.522097 -0.006934 0.036164 -0.050460 0.998047
1247.999671 184.612127 -19.644419 4.528965 -0.006636 0.035792 -0.050376 0.998067
1248.099508 184.726453 -19.658761 4.531371 -0.006172 0.033646 -0.049986 0.998164
1248.199344 184.835092 -19.673540 4.526197 -0.007185 0.030362 -0.049721 0.998276
1248.299183 184.950969 -19.687256 4.521173 -0.008601 0.031137 -0.049964 0.998228
1248.399821 185.080012 -19.701591 4.518781 -0.010252 0.034067 -0.050308 0.998100
1248.499658 185.212038 -19.714630 4.520546 -0.009542 0.036482 -0.050635 0.998005
1248.599495 185.338159 -19.725243 4.522319 -0.007382 0.036948 -0.050733 0.998001
1248.699339 185.451441 -19.733530 4.526046 -0.005722 0.034891 -0.050745 0.998086
1248.799181 185.548555 -19.744280 4.521200 -0.004818 0.032018 -0.050770 0.998185
1248.899831 185.646245 -19.757888 4.517249 -0.004973 0.031146 -0.050872 0.998207
1248.999651 185.749335 -19.773364 4.519188 -0.005694 0.034366 -0.051148 0.998083
1249.099496 185.857061 -19.789121 4.521403 -0.006608 0.034253 -0.051328 0.998072
1249.199345 185.965718 -19.801699 4.517962 -0.007389 0.034113 -0.051420 0.998067
1249.299181 186.078458 -19.810444 4.516396 -0.007194 0.033085 -0.051334 0.998107
1249.399823 186.193114 -19.819528 4.512469 -0.006803 0.034333 -0.051355 0.998067
1249.499662 186.309337 -19.832689 4.512869 -0.006291 0.036061 -0.051683 0.997992
1249.599482 186.426687 -19.848278 4.512177 -0.005884 0.039818 -0.052329 0.997818
1249.699322 186.546540 -19.862077 4.508548 -0.004294 0.041368 -0.052790 0.997739
1249.799164 186.666243 -19.874428 4.505048 -0.005188 0.042697 -0.053057 0.997665
1249.899803 186.780674 -19.886747 4.505604 -0.007007 0.041009 -0.053049 0.997725
1249.999646 186.897353 -19.899063 4.506933 -0.008494 0.039277 -0.052799 0.997796
1250.099490 187.017634 -19.911628 4.511642 -0.008556 0.039637 -0.052983 0.997772
1250.199312 187.138032 -19.926275 4.510919 -0.006524 0.039929 -0.052957 0.997777
1250.299160 187.264040 -19.943937 4.505547 -0.006115 0.039664 -0.052814 0.997798
1250.399806 187.387263 -19.959559 4.503118 -0.006407 0.038922 -0.052877 0.997822
1250.499644 187.503819 -19.973385 4.500939 -0.007193 0.036590 -0.052903 0.997903
1250.599500 187.617380 -19.989240 4.503728 -0.007910 0.032944 -0.052740 0.998033
1250.699348 187.734125 -19.999986 4.511276 -0.008047 0.031418 -0.053114 0.998062
1250.799204 187.852205 -20.014577 4.513728 -0.007684 0.031470 -0.053439 0.998046
1250.899429 187.956522 -20.031951 4.504636 -0.007107 0.031943 -0.053473 0.998033
1250.999266 188.060306 -20.047222 4.494757 -0.007690 0.030574 -0.053365 0.998077
1251.099490 188.171629 -20.060456 4.496120 -0.009253 0.029926 -0.052896 0.998109
1251.199325 188.282531 -20.069681 4.498088 -0.009692 0.030319 -0.052657 0.998105
1251.299165 188.390410 -20.077443 4.508198 -0.007324 0.032888 -0.052265 0.998065
1251.399804 188.507043 -20.095548 4.511502 -0.005559 0.032710 -0.051695 0.998112
1251.499648 188.623890 -20.119574 4.510073 -0.006571 0.032080 -0.051503 0.998136
1251.599493 188.741957 -20.137298 4.509439 -0.009051 0.029280 -0.051159 0.998220
1251.699338 188.859185 -20.147850 4.509079 -0.011511 0.027833 -0.050969 0.998246
1251.799162 188.977781 -20.158809 4.506120 -0.011365 0.030031 -0.050970 0.998184
1251.899785 189.088749 -20.170441 4.508805 -0.007002 0.032322 -0.050858 0.998158
1251.999620 189.198451 -20.183164 4.514127 -0.004590 0.032105 -0.050983 0.998173
1252.099451 189.308259 -20.194980 4.510186 -0.002240 0.031723 -0.052027 0.998139
1252.199292 189.420578 -20.206232 4.504808 -0.001233 0.032909 -0.052840 0.998060
1252.299127 189.531854 -20.218906 4.502756 -0.003180 0.033900 -0.053171 0.998005
1252.399773 189.640447 -20.232081 4.499909 -0.006074 0.036858 -0.053192 0.997885
1252.499621 189.745534 -20.246051 4.496095 -0.007780 0.039828 -0.052893 0.997775
1252.599455 189.843005 -20.256381 4.497373 -0.007648 0.040508 -0.052734 0.997757
1252.699274 189.945847 -20.270232 4.503295 -0.007093 0.039125 -0.052513 0.997828
1252.799516 190.047627 -20.282783 4.504238 -0.006594 0.038649 -0.052343 0.997859
1252.899347 190.154787 -20.298678 4.504166 -0.006535 0.037266 -0.052377 0.997910
1252.999183 190.266417 -20.316005 4.501857 -0.006739 0.038176 -0.052762 0.997854
1253.099819 190.378637 -20.331155 4.499797 -0.007884 0.039174 -0.052729 0.997809
1253.199654 190.490240 -20.341047 4.498637 -0.007296 0.040780 -0.053005 0.997735
1253.299494 190.598271 -20.353664 4.498078 -0.007559 0.040285 -0.053138 0.997746
1253.399325 190.707529 -20.370372 4.501107 -0.006757 0.039394 -0.052951 0.997797
1253.499170 190.830582 -20.384437 4.499608 -0.005864 0.039590 -0.052937 0.997796
1253.599806 190.961947 -20.400346 4.497093 -0.006650 0.041199 -0.052948 0.997725
1253.699639 191.078365 -20.416866 4.497126 -0.007494 0.042604 -0.052666 0.997675
1253.799473 191.189054 -20.429635 4.497395 -0.008569 0.041819 -0.052943 0.997685
1253.899298 191.303339 -20.445453 4.495579 -0.008544 0.040334 -0.053097 0.997738
1253.999138 191.424274 -20.459682 4.492268 -0.007638 0.039040 -0.053166 0.997793
1254.099767 191.541495 -20.477033 4.489205 -0.005947 0.038835 -0.053153 0.997813
1254.199613 191.655628 -20.491390 4.488998 -0.006043 0.036684 -0.053476 0.997877
1254.299456 191.766596 -20.508610 4.494870 -0.007313 0.034628 -0.053404 0.997946
1254.399300 191.880633 -20.520285 4.493963 -0.007207 0.033005 -0.053963 0.997971
1254.499147 191.994661 -20.530048 4.490831 -0.007044 0.035700 -0.054325 0.997860
1254.599781 192.120817 -20.544950 4.491394 -0.006607 0.038256 -0.054277 0.997771
1254.699622 192.238781 -20.562743 4.494853 -0.005710 0.040006 -0.054422 0.997700
1254.799461 192.362554 -20.580292 4.496253 -0.005505 0.039393 -0.054627 0.997714
1254.899299 192.495639 -20.595274 4.499587 -0.006233 0.035897 -0.054239 0.997863
1254.999140 192.624679 -20.605982 4.501421 -0.006531 0.030944 -0.054217 0.998028
1255.099781 192.756964 -20.620507 4.496633 -0.006385 0.029542 -0.054737 0.998043
1255.199615 192.883583 -20.636305 4.492353 -0.005192 0.030209 -0.054637 0.998036
1255.299453 192.994835 -20.648704 4.488346 -0.005988 0.030451 -0.054448 0.998034
1255.399299 193.099867 -20.659611 4.489554 -0.007114 0.030136 -0.054636 0.998026
1255.499157 193.205516 -20.670128 4.494071 -0.007255 0.030966 -0.054640 0.997999
1255.599799 193.318578 -20.688664 4.497407 -0.006469 0.032701 -0.054222 0.997972
1255.699646 193.431101 -20.704338 4.496871 -0.006287 0.033598 -0.054240 0.997943
1255.799491 193.542523 -20.717192 4.498187 -0.005775 0.035436 -0.054090 0.997890
1255.899338 193.658303 -20.728560 4.498924 -0.005923 0.036511 -0.053982 0.997857
1255.999169 193.770763 -20.742104 4.492875 -0.005567 0.036840 -0.053877 0.997852
1256.099821 193.881057 -20.761361 4.486049 -0.005313 0.035623 -0.053705 0.997907
1256.199666 193.988825 -20.776142 4.488609 -0.005813 0.034570 -0.053788 0.997937
1256.299499 194.093285 -20.785538 4.491601 -0.007087 0.032913 -0.054088 0.997968
1256.399345 194.205945 -20.795944 4.493087 -0.006766 0.033390 -0.054060 0.997956
1256.499183 194.320352 -20.813430 4.489318 -0.006207 0.033789 -0.053877 0.997956
1256.599831 194.438802 -20.829461 4.489533 -0.007035 0.033465 -0.054376 0.997935
1256.699677 194.555396 -20.840772 4.495074 -0.007230 0.031690 -0.055241 0.997944
1256.799536 194.670885 -20.848858 4.499940 -0.006337 0.029044 -0.055830 0.997998
1256.899380 194.789551 -20.864277 4.495901 -0.003465 0.030601 -0.056318 0.997938
1256.999223 194.897807 -20.882695 4.491164 -0.002750 0.034404 -0.056025 0.997833
1257.099479 194.996679 -20.899452 4.489033 -0.005989 0.036693 -0.055153 0.997786
1257.199332 195.095073 -20.911438 4.490572 -0.012701 0.034704 -0.054255 0.997843
1257.299170 195.194395 -20.926628 4.488203 -0.014594 0.033337 -0.053441 0.997908
1257.399800 195.312668 -20.943494 4.486221 -0.009422 0.034870 -0.052531 0.997966
1257.499621 195.427888 -20.954548 4.486108 -0.006762 0.036253 -0.052369 0.997947
1257.599456 195.538345 -20.966638 4.483562 -0.005042 0.037922 -0.052389 0.997894
1257.699307 195.650459 -20.983959 4.488320 -0.005062 0.037884 -0.052358 0.997897
1257.799150 195.760417 -21.001671 4.493455 -0.007400 0.036550 -0.053187 0.997888
1257.899787 195.868861 -21.018822 4.496982 -0.008953 0.037783 -0.054175 0.997776
1257.999620 195.982186 -21.034258 4.488151 -0.008426 0.038448 -0.055246 0.997697
1258.099455 196.102410 -21.050947 4.487345 -0.005611 0.038354 -0.055152 0.997725
1258.199308 196.215761 -21.073300 4.490510 -0.007185 0.036159 -0.055025 0.997804
1258.299153 196.320308 -21.092308 4.493062 -0.010780 0.034647 -0.055045 0.997824
1258.399784 196.428221 -21.107615 4.492051 -0.013265 0.033899 -0.054622 0.997843
1258.499632 196.529433 -21.123511 4.487723 -0.012289 0.033434 -0.054535 0.997876
1258.599464 196.635780 -21.132088 4.482692 -0.010180 0.032504 -0.055191 0.997895
1258.699296 196.747313 -21.143774 4.484491 -0.008128 0.031769 -0.055770 0.997905
1258.799135 196.855516 -21.163468 4.490144 -0.007044 0.033338 -0.055803 0.997860
1258.899767 196.971997 -21.182496 4.489277 -0.007026 0.035413 -0.056335 0.997759
1258.999612 197.087106 -21.192796 4.484840 -0.007545 0.038380 -0.056397 0.997642
1259.099441 197.197577 -21.205390 4.479017 -0.008905 0.038050 -0.056447 0.997641
1259.199282 197.313530 -21.218891 4.478302 -0.007660 0.039009 -0.056866 0.997590
1259.299126 197.424798 -21.238242 4.480778 -0.007855 0.037978 -0.056666 0.997640
1259.399771 197.542741 -21.254871 4.480864 -0.010394 0.036385 -0.056140 0.997706
1259.499618 197.665582 -21.268869 4.479935 -0.012161 0.035807 -0.055965 0.997716
1259.599452 197.786145 -21.278914 4.481330 -0.009939 0.034924 -0.056158 0.997761
1259.699302 197.900044 -21.294569 4.482486 -0.005517 0.034859 -0.056210 0.997795
1259.799141 198.009950 -21.309005 4.481674 -0.002208 0.035598 -0.056460 0.997768
1259.899788 198.112901 -21.321725 4.480565 -0.000914 0.036288 -0.056106 0.997765
1259.999622 198.218014 -21.331515 4.478503 -0.003124 0.036084 -0.056096 0.997768
1260.099460 198.324304 -21.340423 4.478255 -0.008092 0.036689 -0.056457 0.997698
1260.199276 198.444459 -21.359263 4.477167 -0.010654 0.034989 -0.056482 0.997733
1260.299516 198.556700 -21.378191 4.473698 -0.009899 0.039170 -0.056419 0.997589
1260.399361 198.651067 -21.388920 4.477363 -0.009078 0.042819 -0.056470 0.997444
1260.499194 198.753011 -21.399094 4.480208 -0.008144 0.043110 -0.056580 0.997434
1260.599822 198.869532 -21.414079 4.482602 -0.007135 0.040846 -0.056900 0.997518
1260.699654 198.987575 -21.430362 4.477566 -0.006378 0.039651 -0.057264 0.997551
1260.799497 199.104893 -21.446590 4.471928 -0.005688 0.038510 -0.057332 0.997596
1260.899340 199.225783 -21.462003 4.475510 -0.005745 0.038759 -0.057250 0.997591
1260.999174 199.339361 -21.475262 4.474554 -0.005559 0.038690 -0.057232 0.997595
1261.099832 199.449523 -21.487517 4.477226 -0.004578 0.039715 -0.056832 0.997583
1261.199682 199.566319 -21.501124 4.471465 -0.005012 0.039829 -0.056827 0.997577
1261.299513 199.685833 -21.518787 4.472445 -0.007370 0.041117 -0.056664 0.997519
1261.399354 199.800815 -21.538210 4.473129 -0.008259 0.041815 -0.056824 0.997474
1261.499188 199.925683 -21.557142 4.475592 -0.008025 0.042264 -0.056955 0.997450
1261.599825 200.057726 -21.570881 4.479576 -0.008210 0.039801 -0.057312 0.997529
1261.699670 200.182646 -21.590543 4.477505 -0.006808 0.037259 -0.057349 0.997635
1261.799505 200.302191 -21.608225 4.470439 -0.007689 0.039713 -0.057924 0.997501
1261.899324 200.432789 -21.619235 4.470456 -0.009325 0.041365 -0.058183 0.997405
1261.999155 200.550149 -21.631699 4.474544 -0.010204 0.040716 -0.057757 0.997448
1262.099791 200.664327 -21.648720 4.474599 -0.009628 0.040102 -0.057722 0.997480
1262.199617 200.782456 -21.666650 4.469379 -0.008435 0.041498 -0.057286 0.997459
1262.299461 200.905807 -21.681343 4.470457 -0.007802 0.041521 -0.056950 0.997483
1262.399292 201.035440 -21.693968 4.474780 -0.011196 0.041183 -0.054089 0.997624
1262.499137 201.175555 -21.708707 4.473687 -0.014033 0.043604 -0.048863 0.997755
1262.599770 201.312353 -21.722349 4.468184 -0.016033 0.043963 -0.042425 0.998003
1262.699621 201.440839 -21.730061 4.464533 -0.014406 0.039810 -0.037650 0.998394
1262.799462 201.569240 -21.741652 4.469889 -0.018265 0.035404 -0.032501 0.998677
1262.899303 201.693577 -21.752438 4.473212 -0.011021 0.035255 -0.030340 0.998857
1262.999141 201.817975 -21.761800 4.473479 -0.008562 0.036706 -0.030391 0.998827
1263.099774 201.946129 -21.771241 4.469799 -0.006796 0.036712 -0.030595 0.998834
1263.199610 202.068474 -21.777610 4.466689 -0.006798 0.035435 -0.030662 0.998878
1263.299436 202.194003 -21.788529 4.467172 -0.008663 0.034336 -0.030727 0.998900
1263.399278 202.336386 -21.800176 4.470522 -0.011489 0.035559 -0.030693 0.998830
1263.499125 202.472880 -21.810940 4.466587 -0.012975 0.036785 -0.030864 0.998762
1263.599770 202.605933 -21.820595 4.464355 -0.010047 0.038255 -0.031141 0.998732
1263.699612 202.734757 -21.828412 4.467062 -0.006999 0.037664 -0.031716 0.998763
1263.799450 202.856005 -21.835916 4.471177 -0.004343 0.037626 -0.032272 0.998761
1263.899282 202.970908 -21.842895 4.476010 -0.004514 0.034655 -0.032587 0.998858
1263.999117 203.091272 -21.853958 4.473612 -0.006792 0.032436 -0.033759 0.998880
1264.099742 203.213095 -21.872261 4.465822 -0.003178 0.030626 -0.037290 0.998830
1264.199581 203.338155 -21.889649 4.462408 0.001793 0.030676 -0.043424 0.998584
1264.299428 203.461510 -21.896258 4.461946 0.002959 0.029706 -0.049148 0.998345
1264.399261 203.581577 -21.903353 4.458994 0.001129 0.031550 -0.053151 0.998087
1264.499499 203.697356 -21.917190 4.457881 -0.003508 0.032507 -0.057238 0.997825
1264.599329 203.820176 -21.940741 4.462141 -0.010650 0.032650 -0.058932 0.997671
1264.699168 203.948609 -21.962870 4.462302 -0.010752 0.037833 -0.059266 0.997467
1264.799809 204.067262 -21.981499 4.462497 -0.011551 0.042063 -0.059270 0.997289
1264.899657 204.186921 -21.996614 4.454512 -0.009521 0.041852 -0.058911 0.997340
1264.999488 204.304494 -22.013172 4.457902 -0.008025 0.038042 -0.058431 0.997534
1265.099325 204.424457 -22.027628 4.462060 -0.006701 0.035027 -0.057609 0.997702
1265.199163 204.530362 -22.041474 4.465788 -0.006975 0.033848 -0.056876 0.997783
1265.299810 204.633199 -22.055194 4.469783 -0.008427 0.035053 -0.056866 0.997731
1265.399654 204.741248 -22.070137 4.468678 -0.010039 0.037156 -0.056596 0.997655
1265.499500 204.857278 -22.086329 4.462598 -0.009192 0.037688 -0.056777 0.997633
1265.599342 204.978454 -22.103527 4.459456 -0.007181 0.036551 -0.057072 0.997675
1265.699199 205.099258 -22.121618 4.458265 -0.006395 0.035418 -0.057369 0.997704
1265.799459 205.224798 -22.138392 4.460322 -0.006441 0.037430 -0.057873 0.997601
1265.899298 205.343462 -22.153252 4.460269 -0.007262 0.040344 -0.058484 0.997446
1265.999135 205.462461 -22.173899 4.459188 -0.007207 0.041384 -0.058589 0.997398
1266.099790 205.582059 -22.186275 4.454898 -0.006575 0.039033 -0.058820 0.997484
1266.199630 205.703767 -22.200123 4.452637 -0.006860 0.036686 -0.058791 0.997572
1266.299473 205.824065 -22.213200 4.455070 -0.006652 0.035800 -0.058734 0.997609
1266.399316 205.948995 -22.228364 4.454114 -0.006613 0.037069 -0.058612 0.997570
1266.499155 206.069771 -22.249236 4.450874 -0.007135 0.038524 -0.058322 0.997529
1266.599798 206.188490 -22.268717 4.446537 -0.005981 0.039220 -0.057883 0.997535
1266.699639 206.303254 -22.282293 4.445657 -0.007014 0.042148 -0.058045 0.997399
1266.799484 206.414964 -22.293495 4.449551 -0.006977 0.042127 -0.058094 0.997398
1266.899305 206.531096 -22.312272 4.451372 -0.006675 0.042907 -0.058071 0.997368
1266.999129 206.648370 -22.332800 4.452134 -0.008993 0.045716 -0.058150 0.997220
1267.099766 206.769365 -22.348799 4.454892 -0.009962 0.046562 -0.058433 0.997155
1267.199611 206.892435 -22.366001 4.452050 -0.009123 0.042368 -0.058306 0.997358
1267.299456 207.016896 -22.381462 4.445285 -0.010767 0.039578 -0.058417 0.997449
1267.399282 207.134950 -22.398945 4.448991 -0.013666 0.038008 -0.058261 0.997484
1267.499123 207.257422 -22.413927 4.450106 -0.011146 0.036066 -0.057988 0.997603
1267.599769 207.393309 -22.425274 4.452025 -0.008986 0.037763 -0.058146 0.997553
1267.699604 207.526371 -22.437812 4.456484 -0.008591 0.040916 -0.058125 0.997433
1267.799450 207.654375 -22.453469 4.463200 -0.008555 0.040566 -0.057954 0.997458
1267.899293 207.784064 -22.471306 4.470781 -0.007680 0.038044 -0.058120 0.997555
1267.999134 207.907602 -22.489095 4.474075 -0.008392 0.036337 -0.058211 0.997607
1268.099763 208.038324 -22.503801 4.469489 -0.009651 0.037566 -0.058167 0.997553
1268.199597 208.160057 -22.514909 4.462514 -0.009912 0.037783 -0.057597 0.997575
1268.299438 208.271910 -22.524636 4.460411 -0.009141 0.036857 -0.057222 0.997639
1268.399281 208.399575 -22.531421 4.461896 -0.008765 0.035570 -0.057483 0.997674
1268.499118 208.530300 -22.538908 4.463920 -0.008673 0.033510 -0.058063 0.997713
1268.599755 208.668590 -22.554897 4.463373 -0.010282 0.031856 -0.058948 0.997700
1268.699608 208.807899 -22.572926 4.461026 -0.010237 0.034428 -0.059575 0.997577
1268.799450 208.937915 -22.588636 4.461038 -0.008144 0.037825 -0.059315 0.997489
1268.899278 209.055064 -22.593565 4.458111 -0.005946 0.040514 -0.059239 0.997404
1268.999127 209.169596 -22.599282 4.456254 -0.007174 0.042821 -0.059202 0.997301
1269.099751 209.292366 -22.606789 4.456011 -0.007618 0.041654 -0.059168 0.997350
1269.199592 209.408506 -22.615294 4.463372 -0.007236 0.042762 -0.059158 0.997306
1269.299424 209.528276 -22.628142 4.469970 -0.007284 0.043158 -0.058981 0.997299
1269.399269 209.650028 -22.639475 4.471768 -0.006111 0.043319 -0.058836 0.997309
1269.499512 209.777448 -22.651623 4.464368 -0.006886 0.040468 -0.058970 0.997415
1269.599357 209.911904 -22.663895 4.459241 -0.007581 0.037791 -0.058926 0.997518
1269.699200 210.040578 -22.674836 4.459469 -0.007996 0.035272 -0.058892 0.997609
1269.799446 210.163707 -22.682632 4.458644 -0.007306 0.034813 -0.059148 0.997615
1269.899290 210.285317 -22.690199 4.460554 -0.008026 0.036714 -0.059772 0.997504
1269.999117 210.402417 -22.699270 4.467631 -0.005795 0.039341 -0.059959 0.997408
1270.099758 210.524807 -22.710075 4.465246 -0.002251 0.037658 -0.059509 0.997515
1270.199594 210.648310 -22.725296 4.455109 -0.001758 0.035536 -0.059293 0.997606
1270.299435 210.776293 -22.739472 4.446330 -0.002731 0.038241 -0.059160 0.997512
1270.399278 210.902826 -22.748982 4.449310 -0.007225 0.042244 -0.058934 0.997342
1270.499131 211.023422 -22.760744 4.455288 -0.008740 0.040716 -0.058096 0.997442
1270.599775 211.142113 -22.771893 4.456384 -0.009450 0.040421 -0.057796 0.997465
1270.699611 211.261258 -22.784832 4.461663 -0.008888 0.042226 -0.057780 0.997396
1270.799448 211.376933 -22.798059 4.458615 -0.007502 0.042312 -0.058113 0.997385
1270.899299 211.498781 -22.812135 4.450658 -0.007802 0.040394 -0.058735 0.997426
1270.999145 211.628962 -22.820601 4.452445 -0.007633 0.040405 -0.059330 0.997391
1271.099780 211.759978 -22.830540 4.451257 -0.006262 0.039504 -0.059535 0.997425
1271.199615 211.894155 -22.846434 4.447865 -0.007233 0.039299 -0.059699 0.997416
1271.299472 212.028703 -22.861132 4.443502 -0.010390 0.037337 -0.060087 0.997441
1271.399319 212.155447 -22.874262 4.436573 -0.009035 0.040052 -0.059911 0.997359
1271.499144 212.282719 -22.885817 4.434258 -0.007083 0.041721 -0.060257 0.997285
1271.599787 212.408064 -22.899891 4.437266 -0.006405 0.040478 -0.060391 0.997333
1271.699636 212.529558 -22.911924 4.441375 -0.006437 0.037232 -0.060297 0.997465
1271.799477 212.645517 -22.920116 4.442111 -0.007259 0.035822 -0.060250 0.997514
1271.899316 212.765591 -22.931916 4.442976 -0.009767 0.034465 -0.060000 0.997555
1271.999154 212.889777 -22.948049 4.440904 -0.010166 0.035470 -0.060264 0.997500
1272.099804 213.013362 -22.965574 4.434876 -0.007834 0.037365 -0.060198 0.997456
1272.199650 213.142394 -22.981142 4.429205 -0.005962 0.036578 -0.060227 0.997497
1272.299514 213.274749 -22.991423 4.432996 -0.007020 0.036075 -0.060159 0.997512
1272.399363 213.398827 -23.000604 4.442035 -0.006927 0.034801 -0.059590 0.997592
1272.499196 213.515112 -23.012338 4.441765 -0.006130 0.037180 -0.059552 0.997514
1272.599847 213.639393 -23.028730 4.443077 -0.005381 0.038694 -0.059713 0.997451
1272.699694 213.766462 -23.045857 4.441424 -0.007944 0.040900 -0.059663 0.997349
1272.799528 213.896378 -23.062241 4.433890 -0.009298 0.038982 -0.059668 0.997414
1272.899370 214.023784 -23.074289 4.429566 -0.009491 0.038676 -0.060015 0.997403
1272.999220 214.145621 -23.080395 4.430600 -0.008628 0.036816 -0.060643 0.997443
1273.099473 214.273640 -23.094357 4.429274 -0.005408 0.036771 -0.060760 0.997460
1273.199315 214.396017 -23.108177 4.425824 -0.005145 0.037810 -0.060754 0.997423
1273.299162 214.513667 -23.124171 4.427319 -0.005979 0.039440 -0.060241 0.997386
1273.399798 214.630577 -23.141353 4.424313 -0.007783 0.040454 -0.059770 0.997362
1273.499631 214.753332 -23.154613 4.423412 -0.008679 0.040280 -0.059666 0.997368
1273.599470 214.888673 -23.166363 4.426708 -0.008164 0.042292 -0.059541 0.997296
1273.699309 215.020281 -23.177965 4.424093 -0.007157 0.042866 -0.059436 0.997286
1273.799150 215.151569 -23.189294 4.425210 -0.006420 0.041499 -0.059399 0.997351
1273.899791 215.284801 -23.203385 4.428631 -0.006227 0.039344 -0.059497 0.997433
1273.999639 215.410783 -23.220581 4.429590 -0.005956 0.038799 -0.059219 0.997473
1274.099489 215.537042 -23.238752 4.424807 -0.006991 0.038224 -0.059244 0.997487
1274.199326 215.674013 -23.255225 4.423300 -0.007095 0.038924 -0.059711 0.997431
1274.299158 215.803185 -23.267665 4.423189 -0.008274 0.039030 -0.060178 0.997390
1274.399804 215.938568 -23.279757 4.425235 -0.007870 0.034739 -0.060248 0.997548
1274.499643 216.072030 -23.292175 4.432186 -0.007407 0.029782 -0.060118 0.997719
1274.599477 216.196956 -23.309914 4.429928 -0.007316 0.030670 -0.059849 0.997709
1274.699314 216.326364 -23.329940 4.415846 -0.008529 0.035705 -0.059440 0.997557
1274.799163 216.456320 -23.345322 4.404783 -0.007146 0.039610 -0.059169 0.997436
1274.899795 216.584949 -23.353957 4.402917 -0.008140 0.041383 -0.059631 0.997329
1274.999636 216.719057 -23.364031 4.410132 -0.008052 0.039935 -0.059842 0.997376
1275.099473 216.843207 -23.376735 4.421342 -0.007089 0.037264 -0.059875 0.997485
1275.199307 216.953027 -23.392724 4.424967 -0.007235 0.036398 -0.060033 0.997506
1275.299147 217.063392 -23.410088 4.417778 -0.008616 0.037632 -0.060198 0.997440
1275.399775 217.196367 -23.425907 4.407856 -0.009604 0.037185 -0.060335 0.997439
1275.499625 217.338569 -23.441354 4.402905 -0.008747 0.036715 -0.060475 0.997456
1275.599469 217.463519 -23.453256 4.404259 -0.009441 0.037677 -0.060813 0.997393
1275.699322 217.582226 -23.463020 4.411837 -0.011998 0.039315 -0.061066 0.997287
1275.799165 217.687924 -23.473492 4.415337 -0.013374 0.041211 -0.060848 0.997206
1275.899800 217.792878 -23.485010 4.409059 -0.013964 0.041202 -0.060845 0.997199
1275.999632 217.910625 -23.500411 4.397132 -0.012118 0.041253 -0.060694 0.997230
1276.099473 218.036545 -23.515073 4.392870 -0.011405 0.040737 -0.060676 0.997261
1276.199326 218.170964 -23.525221 4.399577 -0.010251 0.041835 -0.060716 0.997225
1276.299170 218.307070 -23.535844 4.406557 -0.009624 0.041460 -0.060660 0.997251
1276.399797 218.434046 -23.548599 4.407800 -0.010163 0.042083 -0.060578 0.997224
1276.499649 218.558689 -23.562321 4.404169 -0.011063 0.041689 -0.060586 0.997231
1276.599498 218.696725 -23.574907 4.399986 -0.012173 0.040425 -0.060532 0.997273
1276.699334 218.839510 -23.584019 4.398289 -0.014298 0.039318 -0.060413 0.997296
1276.799172 218.963130 -23.592362 4.399826 -0.018918 0.039372 -0.060309 0.997224
1276.899808 219.076856 -23.601803 4.395233 -0.019382 0.042234 -0.060452 0.997089
1276.999639 219.207375 -23.611465 4.393200 -0.016015 0.045170 -0.060919 0.996992
1277.099481 219.354167 -23.617044 4.393517 -0.012731 0.047256 -0.061254 0.996922
1277.199322 219.501323 -23.624448 4.396799 -0.008683 0.046703 -0.061547 0.996973
1277.299156 219.641309 -23.632443 4.392589 -0.007071 0.046013 -0.061827 0.997001
1277.399790 219.774684 -23.638470 4.390653 -0.006354 0.044910 -0.062091 0.997039
1277.499642 219.904556 -23.642691 4.387070 -0.006040 0.044602 -0.062158 0.997051
1277.599477 220.028549 -23.648187 4.383414 -0.007768 0.043767 -0.061824 0.997097
1277.699314 220.160127 -23.655482 4.372191 -0.008576 0.043433 -0.061394 0.997131
1277.799156 220.297964 -23.659621 4.371666 -0.009740 0.042936 -0.061140 0.997158
1277.899780 220.440920 -23.670755 4.373328 -0.011283 0.041787 -0.060874 0.997207
1277.999625 220.589652 -23.688440 4.377946 -0.011926 0.041479 -0.060560 0.997231
1278.099470 220.747882 -23.701795 4.375236 -0.012173 0.041313 -0.060596 0.997233
1278.199297 220.890870 -23.707155 4.370132 -0.010630 0.040856 -0.060615 0.997268
1278.299126 221.029196 -23.718536 4.360189 -0.009527 0.039506 -0.060438 0.997344
1278.399784 221.174567 -23.734196 4.358537 -0.010489 0.037847 -0.060021 0.997424
1278.499612 221.305517 -23.742932 4.356882 -0.011071 0.037677 -0.060361 0.997404
1278.599452 221.433529 -23.754813 4.361623 -0.011241 0.038945 -0.060611 0.997338
1278.699286 221.557325 -23.766407 4.366869 -0.011397 0.038912 -0.060916 0.997319
1278.799119 221.676921 -23.776642 4.365652 -0.009566 0.039930 -0.061060 0.997289
1278.899771 221.798150 -23.783301 4.362827 -0.011136 0.040447 -0.060919 0.997261
1278.999610 221.935150 -23.796533 4.364648 -0.010523 0.038976 -0.060354 0.997360
1279.099456 222.081387 -23.814656 4.361245 -0.010901 0.036200 -0.059706 0.997500
1279.199295 222.224254 -23.828091 4.358711 -0.012038 0.034661 -0.059169 0.997573
1279.299125 222.366679 -23.841096 4.359480 -0.012143 0.035883 -0.059117 0.997532
1279.399752 222.501117 -23.852725 4.362806 -0.012123 0.037758 -0.059835 0.997420
1279.499599 222.636527 -23.863558 4.359563 -0.013320 0.036546 -0.060121 0.997433
1279.599446 222.777603 -23.877256 4.358685 -0.013910 0.035910 -0.060779 0.997408
1279.699289 222.911194 -23.891497 4.355966 -0.011626 0.035305 -0.061233 0.997431
1279.799125 223.035939 -23.904459 4.353426 -0.009489 0.036640 -0.061596 0.997383
1279.899773 223.167977 -23.911156 4.348219 -0.010660 0.038017 -0.062103 0.997288
1279.999614 223.304774 -23.919342 4.347426 -0.012307 0.042584 -0.061722 0.997109
1280.099465 223.437610 -23.932266 4.348532 -0.012368 0.043992 -0.061493 0.997061
1280.199306 223.564364 -23.946623 4.350098 -0.011798 0.043584 -0.061616 0.997078
1280.299137 223.691387 -23.962907 4.347004 -0.009404 0.046042 -0.061501 0.997000
1280.399769 223.829235 -23.979120 4.347625 -0.009461 0.048513 -0.061414 0.996888
1280.499606 223.970696 -23.990411 4.343288 -0.009346 0.048847 -0.061542 0.996865
1280.599446 224.113152 -24.000982 4.334552 -0.009325 0.047543 -0.061356 0.996939
1280.699265 224.256612 -24.011692 4.334093 -0.008789 0.045474 -0.061397 0.997038
1280.799492 224.393670 -24.025775 4.341796 -0.009289 0.042638 -0.061364 0.997161
1280.899324 224.524532 -24.043640 4.344240 -0.009435 0.041585 -0.061510 0.997195
1280.999169 224.664014 -24.058828 4.339136 -0.008781 0.041898 -0.061820 0.997169
1281.099812 224.809347 -24.073748 4.333030 -0.007797 0.043687 -0.061594 0.997114
1281.199651 224.955287 -24.092383 4.330841 -0.007981 0.045982 -0.061456 0.997018
1281.299487 225.108329 -24.108639 4.326523 -0.008231 0.046649 -0.061416 0.996988
1281.399329 225.262427 -24.122579 4.322371 -0.009191 0.048971 -0.061617 0.996855
1281.499170 225.411713 -24.138161 4.323207 -0.009631 0.051363 -0.061429 0.996743
1281.599813 225.554248 -24.157468 4.321098 -0.011738 0.052023 -0.061386 0.996688
1281.699650 225.687981 -24.177074 4.324102 -0.011495 0.051183 -0.061664 0.996717
1281.799503 225.825185 -24.194664 4.324801 -0.011523 0.047017 -0.061718 0.996919
1281.899343 225.978468 -24.211401 4.323787 -0.010890 0.044165 -0.061894 0.997046
1281.999186 226.137239 -24.229829 4.321450 -0.011836 0.042696 -0.061715 0.997110
1282.099831 226.300889 -24.249011 4.318146 -0.012733 0.042136 -0.061386 0.997143
1282.199674 226.460353 -24.268320 4.321012 -0.013006 0.044311 -0.061349 0.997047
1282.299499 226.614012 -24.289398 4.329949 -0.011234 0.042996 -0.061360 0.997126
1282.399331 226.759074 -24.307401 4.325902 -0.009086 0.040473 -0.061354 0.997254
1282.499179 226.900711 -24.324521 4.311631 -0.007656 0.039838 -0.061443 0.997286
1282.599814 227.052117 -24.337856 4.305236 -0.008770 0.044163 -0.061294 0.997104
1282.699660 227.202403 -24.357222 4.307558 -0.010019 0.044129 -0.061200 0.997099
1282.799507 227.356614 -24.380486 4.316400 -0.011749 0.039273 -0.061151 0.997286
1282.899343 227.517241 -24.398242 4.310783 -0.014301 0.034308 -0.061890 0.997391
1282.999180 227.668793 -24.417061 4.304572 -0.011213 0.036807 -0.062760 0.997287
1283.099814 227.813269 -24.435839 4.290086 -0.009139 0.039726 -0.063274 0.997163
1283.199648 227.960117 -24.454401 4.290939 -0.011223 0.043498 -0.063315 0.996982
1283.299494 228.111528 -24.471479 4.304036 -0.012083 0.046439 -0.063266 0.996842
1283.399344 228.266993 -24.493067 4.310033 -0.010367 0.044352 -0.062838 0.996984
1283.499196 228.426738 -24.513289 4.307858 -0.009006 0.043786 -0.063054 0.997008
1283.599823 228.579247 -24.532948 4.305143 -0.009972 0.042974 -0.063189 0.997026
1283.699669 228.728032 -24.551742 4.300064 -0.010269 0.042318 -0.063004 0.997063
1283.799515 228.864571 -24.565923 4.296545 -0.010933 0.041193 -0.063061 0.997099
1283.899354 229.010304 -24.580700 4.297817 -0.011065 0.038750 -0.063200 0.997187
1283.999192 229.163350 -24.602791 4.305806 -0.010506 0.035280 -0.062917 0.997340
1284.099841 229.312496 -24.628219 4.308916 -0.008804 0.032833 -0.062443 0.997469
1284.199686 229.454708 -24.648093 4.306694 -0.007877 0.032212 -0.062443 0.997497
1284.299534 229.606978 -24.664272 4.304368 -0.008470 0.031661 -0.062657 0.997497
1284.399371 229.764649 -24.684159 4.297603 -0.009437 0.032960 -0.062811 0.997436
1284.499211 229.914012 -24.708333 4.299356 -0.012920 0.034704 -0.062943 0.997330
1284.599451 230.060844 -24.727981 4.302283 -0.015299 0.034927 -0.063116 0.997278
1284.699281 230.202712 -24.745065 4.304556 -0.014773 0.035105 -0.063076 0.997282
1284.799132 230.337999 -24.764686 4.299131 -0.013042 0.036848 -0.062959 0.997250
1284.899769 230.478387 -24.783483 4.291780 -0.011844 0.037286 -0.063078 0.997242
1284.999612 230.615408 -24.801705 4.286013 -0.010773 0.036004 -0.063113 0.997299
1285.099457 230.753214 -24.820314 4.287130 -0.009699 0.031518 -0.063124 0.997461
1285.199304 230.882310 -24.838783 4.294045 -0.009137 0.029936 -0.063269 0.997506
1285.299159 231.013066 -24.851534 4.298997 -0.009659 0.031745 -0.062983 0.997463
1285.399796 231.141426 -24.871369 4.299510 -0.011883 0.034267 -0.062584 0.997380
1285.499622 231.266753 -24.891203 4.294666 -0.011980 0.033524 -0.062347 0.997419
1285.599464 231.389472 -24.908544 4.288025 -0.011615 0.032601 -0.062276 0.997459
1285.699301 231.516102 -24.923605 4.282898 -0.010602 0.031873 -0.062563 0.997476
1285.799152 231.645722 -24.936387 4.290206 -0.009723 0.032626 -0.063263 0.997416
1285.899778 231.777015 -24.951786 4.287712 -0.008983 0.031773 -0.063734 0.997421
1285.999636 231.908270 -24.970507 4.287868 -0.009772 0.033772 -0.063529 0.997361
1286.099474 232.029597 -24.988461 4.289908 -0.010360 0.033169 -0.063327 0.997388
1286.199314 232.146183 -25.004958 4.286337 -0.009941 0.031455 -0.063295 0.997450
1286.299151 232.256696 -25.023809 4.283582 -0.008703 0.031582 -0.062961 0.997478
1286.399786 232.374256 -25.039669 4.287092 -0.011813 0.031105 -0.063044 0.997456
1286.499620 232.495680 -25.054858 4.283675 -0.014190 0.029808 -0.063363 0.997444
1286.599474 232.613842 -25.066837 4.275257 -0.013060 0.031191 -0.063398 0.997415
1286.699309 232.724961 -25.076714 4.273914 -0.012202 0.032270 -0.063802 0.997366
1286.799156 232.835167 -25.095251 4.279586 -0.009735 0.030279 -0.063618 0.997467
1286.899799 232.940189 -25.116247 4.283779 -0.008281 0.030015 -0.063551 0.997493
1286.999623 233.042911 -25.135525 4.289027 -0.008468 0.030144 -0.063267 0.997505
1287.099464 233.152500 -25.148146 4.291294 -0.009422 0.032776 -0.063657 0.997389
1287.199309 233.262455 -25.160526 4.284268 -0.011425 0.036921 -0.063885 0.997209
1287.299155 233.373937 -25.176426 4.275710 -0.013328 0.039548 -0.064326 0.997056
1287.399791 233.485481 -25.190556 4.271587 -0.013122 0.035545 -0.064793 0.997179
1287.499624 233.594026 -25.204132 4.276588 -0.011266 0.031804 -0.065153 0.997305
1287.599470 233.698731 -25.220813 4.281617 -0.010308 0.030524 -0.065163 0.997354
1287.699297 233.789234 -25.235605 4.284282 -0.011054 0.032600 -0.064897 0.997298
1287.799145 233.879572 -25.250288 4.280737 -0.011805 0.035645 -0.064383 0.997219
1287.899784 233.980393 -25.269193 4.275023 -0.011398 0.037290 -0.063700 0.997207
1287.999628 234.079895 -25.283411 4.276061 -0.012575 0.037149 -0.063916 0.997184
1288.099485 234.185011 -25.298428 4.280172 -0.012419 0.036974 -0.064175 0.997176
1288.199316 234.303414 -25.313125 4.282233 -0.013518 0.038089 -0.064749 0.997083
1288.299165 234.418076 -25.327657 4.278813 -0.012903 0.039060 -0.065234 0.997022
1288.399802 234.516377 -25.346532 4.273802 -0.010498 0.039807 -0.065595 0.996997
1288.499653 234.608468 -25.359117 4.273451 -0.008732 0.036318 -0.065437 0.997157
1288.599493 234.708960 -25.372117 4.270198 -0.009789 0.036186 -0.065045 0.997178
1288.699344 234.819143 -25.384157 4.278356 -0.012092 0.041834 -0.064697 0.996954
1288.799176 234.924918 -25.403794 4.278692 -0.009687 0.044445 -0.064484 0.996881
1288.899815 235.028122 -25.422294 4.271370 -0.010430 0.045733 -0.064918 0.996788
1288.999662 235.137111 -25.441983 4.268717 -0.011028 0.047396 -0.065536 0.996663
1289.099496 235.238409 -25.455758 4.271512 -0.012602 0.046402 -0.065806 0.996673
1289.199326 235.336988 -25.466845 4.276873 -0.013136 0.043458 -0.065816 0.996798
1289.299174 235.437663 -25.478378 4.275220 -0.011312 0.040678 -0.065586 0.996953
1289.399816 235.550329 -25.492869 4.273131 -0.011228 0.040391 -0.065175 0.996993
1289.499654 235.663428 -25.508800 4.272665 -0.011478 0.041437 -0.065378 0.996934
1289.599497 235.769128 -25.526283 4.272997 -0.010925 0.040546 -0.065251 0.996985
1289.699344 235.870564 -25.544959 4.269840 -0.011546 0.037796 -0.064882 0.997110
1289.799201 235.983136 -25.559092 4.268449 -0.012630 0.037468 -0.065242 0.997086
1289.899434 236.104494 -25.571062 4.266869 -0.011706 0.040823 -0.065569 0.996944
1289.999260 236.219882 -25.583853 4.263833 -0.009301 0.045493 -0.065907 0.996745
1290.099480 236.338012 -25.600272 4.259294 -0.008491 0.049899 -0.066762 0.996484
1290.199313 236.445147 -25.621390 4.258141 -0.008566 0.049962 -0.066968 0.996467
1290.299163 236.553933 -25.639951 4.259729 -0.008261 0.049401 -0.066647 0.996519
1290.399798 236.669554 -25.651263 4.259086 -0.008468 0.050764 -0.066527 0.996456
1290.499632 236.789191 -25.659034 4.256239 -0.009198 0.054371 -0.066649 0.996252
1290.599460 236.907721 -25.674136 4.251754 -0.008522 0.054902 -0.066177 0.996260
1290.699302 237.028937 -25.696665 4.259014 -0.008511 0.052839 -0.065905 0.996390
1290.799138 237.162606 -25.717775 4.263752 -0.008338 0.050896 -0.066033 0.996484
1290.899781 237.300819 -25.735630 4.265128 -0.008166 0.048793 -0.065441 0.996629
1290.999626 237.436763 -25.750890 4.259593 -0.008429 0.047535 -0.065142 0.996708
1291.099471 237.573012 -25.767148 4.256340 -0.011143 0.045850 -0.064946 0.996773
1291.199320 237.705266 -25.785201 4.258928 -0.009192 0.043546 -0.065428 0.996864
1291.299167 237.838875 -25.806263 4.260236 -0.008352 0.042305 -0.066139 0.996878
1291.399797 237.974899 -25.825483 4.255743 -0.007233 0.040742 -0.066744 0.996912
1291.499640 238.112251 -25.845085 4.253348 -0.009010 0.038766 -0.067324 0.996937
1291.599484 238.247959 -25.864207 4.254728 -0.011053 0.038391 -0.068258 0.996867
1291.699311 238.386072 -25.878349 4.256061 -0.010104 0.036168 -0.069266 0.996891
1291.799149 238.516077 -25.897727 4.251475 -0.007474 0.032966 -0.069862 0.996984
1291.899785 238.642472 -25.921417 4.248712 -0.005517 0.029856 -0.069819 0.997098
1291.999635 238.773238 -25.947234 4.245684 -0.006964 0.027795 -0.069994 0.997136
1292.099478 238.904978 -25.966809 4.240605 -0.011088 0.028035 -0.069741 0.997109
1292.199312 239.036273 -25.981141 4.242484 -0.019034 0.030615 -0.068541 0.996997
1292.299165 239.166907 -25.999347 4.250684 -0.020396 0.030825 -0.065749 0.997151
1292.399812 239.294872 -26.017463 4.253378 -0.017460 0.027944 -0.063989 0.997406
1292.499651 239.412785 -26.037987 4.246497 -0.014396 0.026203 -0.063722 0.997520
1292.599493 239.535736 -26.058452 4.237575 -0.011504 0.027202 -0.064045 0.997510
1292.699330 239.659393 -26.073228 4.239762 -0.009675 0.028925 -0.063067 0.997543
1292.799165 239.778786 -26.084817 4.221801 -0.008022 0.028475 -0.061631 0.997660
1292.899804 239.879866 -26.095118 4.219157 -0.007209 0.013925 -0.061069 0.998010
1292.999652 239.962106 -26.106237 4.225215 -0.013499 -0.031241 -0.061207 0.997545
1293.099493 240.041498 -26.118158 4.237974 -0.015316 -0.057803 -0.061300 0.996327
1293.199341 240.120513 -26.131189 4.234811 -0.015514 -0.040559 -0.061315 0.997173
1293.299182 240.182195 -26.142280 4.209742 -0.014088 -0.013097 -0.061289 0.997935
1293.399818 240.242681 -26.150768 4.189269 -0.011754 0.013905 -0.061459 0.997944
1293.499656 240.297938 -26.152612 4.195111 -0.011808 0.021546 -0.061901 0.997780
1293.599494 240.352049 -26.163604 4.224820 -0.011143 0.015218 -0.062135 0.997890
1293.699316 240.406209 -26.177625 4.250363 -0.010646 0.015410 -0.062513 0.997868
1293.799146 240.450202 -26.186692 4.244919 -0.010404 0.022141 -0.062353 0.997754
1293.899792 240.490037 -26.188525 4.227113 -0.011169 0.027405 -0.062234 0.997623
1293.999633 240.522924 -26.186550 4.216095 -0.011856 0.032469 -0.062382 0.997454
1294.099468 240.558821 -26.194766 4.216963 -0.010806 0.037094 -0.062300 0.997309
1294.199302 240.594064 -26.207221 4.220612 -0.009506 0.043294 -0.062392 0.997067
1294.299134 240.627302 -26.214643 4.222493 -0.008839 0.048847 -0.062201 0.996828
1294.399771 240.665987 -26.221508 4.219582 -0.008892 0.052573 -0.061958 0.996654
1294.499607 240.710560 -26.228624 4.219649 -0.008955 0.055769 -0.062211 0.996463
1294.599432 240.756641 -26.234663 4.220184 -0.009098 0.060018 -0.062706 0.996184
1294.699268 240.809913 -26.241556 4.221138 -0.008524 0.062190 -0.063053 0.996034
1294.799507 240.871073 -26.251341 4.221987 -0.007971 0.064066 -0.063465 0.995894
1294.899361 240.935480 -26.262728 4.221880 -0.007992 0.063769 -0.063607 0.995904
1294.999202 241.005524 -26.274273 4.221082 -0.010847 0.062865 -0.063358 0.995950
1295.099442 241.077689 -26.284993 4.221691 -0.013182 0.062326 -0.063370 0.995955
1295.199282 241.158628 -26.293875 4.221944 -0.014489 0.062874 -0.063526 0.995892
1295.299124 241.250766 -26.304257 4.217444 -0.016737 0.062714 -0.063833 0.995847
1295.399763 241.348003 -26.316742 4.216576 -0.017297 0.061445 -0.063909 0.995912
1295.499591 241.450687 -26.332502 4.217390 -0.012641 0.059492 -0.063887 0.996102
1295.599426 241.560887 -26.345150 4.221056 -0.009394 0.056660 -0.063994 0.996296
1295.699258 241.667206 -26.354547 4.223500 -0.010455 0.054057 -0.063891 0.996437
1295.799496 241.773405 -26.364785 4.217242 -0.011122 0.051244 -0.063234 0.996620
1295.899342 241.886425 -26.377586 4.210619 -0.012568 0.049990 -0.062926 0.996686
1295.999180 242.003425 -26.387978 4.210574 -0.015254 0.049544 -0.062579 0.996693
1296.099826 242.116965 -26.395260 4.214896 -0.018034 0.048613 -0.062740 0.996682
1296.199672 242.232196 -26.402414 4.215767 -0.018235 0.047214 -0.063141 0.996720
1296.299511 242.355687 -26.410454 4.213909 -0.018179 0.046307 -0.063538 0.996739
1296.399361 242.479163 -26.419717 4.214746 -0.017422 0.047783 -0.063746 0.996669
1296.499187 242.598169 -26.426961 4.215226 -0.018747 0.049365 -0.063793 0.996565
1296.599831 242.726957 -26.427873 4.217597 -0.018518 0.049274 -0.064028 0.996559
1296.699676 242.855649 -26.428271 4.221547 -0.019826 0.049832 -0.063864 0.996516
1296.799504 242.984552 -26.434224 4.224388 -0.016166 0.049125 -0.063681 0.996629
1296.899329 243.113123 -26.439616 4.226600 -0.011937 0.046376 -0.063831 0.996811
1296.999165 243.242071 -26.441269 4.224056 -0.009625 0.043619 -0.064079 0.996945
1297.099809 243.363769 -26.440989 4.224994 -0.009192 0.039970 -0.064298 0.997088
1297.199639 243.479164 -26.441664 4.225537 -0.009595 0.035101 -0.064154 0.997276
1297.299475 243.595230 -26.442518 4.227003 -0.010082 0.032416 -0.063867 0.997381
1297.399328 243.723217 -26.447401 4.227772 -0.010318 0.033785 -0.063578 0.997351
1297.499159 243.855880 -26.452442 4.226329 -0.010615 0.034358 -0.063674 0.997323
1297.599787 243.998081 -26.457975 4.220823 -0.010841 0.034157 -0.063954 0.997309
1297.699608 244.127014 -26.464522 4.217153 -0.010460 0.033168 -0.063721 0.997362
1297.799454 244.249626 -26.466635 4.216560 -0.010673 0.032399 -0.063808 0.997379
1297.899299 244.372211 -26.465007 4.217827 -0.010615 0.028985 -0.063763 0.997488
1297.999137 244.485393 -26.464402 4.221678 -0.010930 0.027789 -0.064038 0.997501
1298.099775 244.594500 -26.472762 4.224096 -0.011126 0.028404 -0.063833 0.997494
1298.199603 244.712914 -26.481256 4.223746 -0.010468 0.031415 -0.063476 0.997434
1298.299436 244.833466 -26.484247 4.221167 -0.010042 0.033627 -0.063400 0.997371
1298.399286 244.948956 -26.486604 4.222157 -0.009492 0.035276 -0.063330 0.997324
1298.499120 245.070996 -26.492347 4.222804 -0.010263 0.036874 -0.063481 0.997249
1298.599763 245.198055 -26.496335 4.223866 -0.011028 0.039792 -0.063964 0.997098
1298.699611 245.315064 -26.501608 4.221509 -0.010436 0.040377 -0.064136 0.997069
1298.799447 245.426915 -26.507904 4.220035 -0.010401 0.039654 -0.064292 0.997089
1298.899290 245.538352 -26.515801 4.220674 -0.010548 0.038051 -0.064354 0.997146
1298.999124 245.648317 -26.526318 4.221634 -0.011063 0.038686 -0.064469 0.997108
1299.099774 245.758067 -26.534902 4.221102 -0.010778 0.039081 -0.064480 0.997095
1299.199612 245.874489 -26.542724 4.217463 -0.009758 0.038855 -0.063960 0.997148
1299.299451 245.992032 -26.549933 4.214336 -0.010711 0.037941 -0.063237 0.997220
1299.399287 246.104371 -26.556092 4.215775 -0.012243 0.036640 -0.062732 0.997282
1299.499118 246.211729 -26.561887 4.220135 -0.013302 0.034879 -0.062349 0.997356
1299.599758 246.317841 -26.571086 4.225020 -0.014319 0.033359 -0.062783 0.997367
1299.699581 246.428754 -26.583848 4.220430 -0.012495 0.038271 -0.063223 0.997187
1299.799417 246.534921 -26.597918 4.211583 -0.009736 0.043773 -0.063248 0.996990
1299.899257 246.634814 -26.604143 4.207568 -0.007583 0.046448 -0.063106 0.996897
1299.999497 246.751340 -26.608722 4.210698 -0.007848 0.045228 -0.062449 0.996992
1300.099340 246.873107 -26.613715 4.215101 -0.011091 0.043806 -0.061831 0.997063
1300.199174 246.997437 -26.622975 4.216661 -0.012627 0.044583 -0.061793 0.997013
1300.299825 247.125182 -26.636502 4.206105 -0.011526 0.045284 -0.061759 0.996997
1300.399670 247.252066 -26.648548 4.203379 -0.009729 0.042689 -0.061821 0.997126
1300.499521 247.362316 -26.659504 4.204073 -0.008556 0.040800 -0.061823 0.997216
1300.599356 247.464456 -26.669020 4.204834 -0.009561 0.037508 -0.062318 0.997305
1300.699196 247.575210 -26.677285 4.207752 -0.010685 0.036140 -0.062759 0.997317
1300.799827 247.694914 -26.684556 4.210584 -0.009731 0.035334 -0.063444 0.997312
1300.899664 247.807573 -26.694663 4.211797 -0.008637 0.034654 -0.063877 0.997319
1300.999509 247.926154 -26.705959 4.210747 -0.007794 0.033607 -0.063996 0.997354
1301.099350 248.045999 -26.717376 4.209634 -0.007947 0.031682 -0.064113 0.997408
1301.199184 248.160817 -26.728610 4.204224 -0.008736 0.028286 -0.064183 0.997499
1301.299812 248.274589 -26.741217 4.203995 -0.008572 0.025264 -0.063798 0.997606
1301.399654 248.387837 -26.750291 4.202670 -0.009017 0.023857 -0.063476 0.997657
1301.499486 248.509163 -26.760955 4.202503 -0.009562 0.023155 -0.063293 0.997681
1301.599321 248.622915 -26.775052 4.206318 -0.010760 0.022714 -0.062950 0.997700
1301.699165 248.730709 -26.786213 4.214646 -0.011683 0.019628 -0.063491 0.997721
1301.799808 248.828048 -26.791442 4.218434 -0.010388 0.010238 -0.063785 0.997857
1301.899645 248.910312 -26.805594 4.196126 -0.010005 -0.013674 -0.063464 0.997840
1301.999478 248.995258 -26.819625 4.183582 -0.010970 -0.002358 -0.063899 0.997893
1302.099305 249.077663 -26.827037 4.174704 -0.013574 0.020655 -0.063776 0.997658
1302.199137 249.155015 -26.829942 4.177483 -0.013582 0.029384 -0.063441 0.997460
1302.299780 249.228181 -26.834288 4.191843 -0.011775 0.031317 -0.063590 0.997415
1302.399628 249.296267 -26.844307 4.199934 -0.010243 0.030364 -0.063641 0.997458
1302.499456 249.360434 -26.858632 4.190982 -0.009619 0.033123 -0.064498 0.997322
1302.599295 249.424628 -26.867478 4.185958 -0.007750 0.038513 -0.065319 0.997091
1302.699131 249.495290 -26.868833 4.183020 -0.007612 0.042608 -0.065793 0.996894
1302.799756 249.570359 -26.872754 4.178463 -0.008520 0.046244 -0.065935 0.996715
1302.899599 249.647884 -26.883392 4.174725 -0.008953 0.049420 -0.066126 0.996546
1302.999438 249.736626 -26.898753 4.176479 -0.010055 0.052261 -0.066315 0.996378
1303.099274 249.826500 -26.914205 4.175475 -0.010014 0.055218 -0.066257 0.996223
1303.199498 249.917470 -26.927601 4.174004 -0.009443 0.057538 -0.065694 0.996135
1303.299339 250.008394 -26.941055 4.172884 -0.008556 0.056845 -0.065495 0.996196
1303.399177 250.090044 -26.949759 4.175257 -0.010749 0.052087 -0.065578 0.996429
1303.499811 250.171533 -26.956366 4.181303 -0.011316 0.048161 -0.065523 0.996624
1303.599651 250.270747 -26.970503 4.184632 -0.011196 0.046931 -0.065260 0.996701
1303.699483 250.376926 -26.986582 4.180528 -0.009919 0.049015 -0.065426 0.996603
1303.799324 250.486320 -26.999293 4.169586 -0.009370 0.051696 -0.065469 0.996471
1303.899150 250.604844 -27.016070 4.165793 -0.008813 0.056472 -0.065216 0.996233
1303.999787 250.723994 -27.035026 4.169686 -0.008898 0.058492 -0.064954 0.996133
1304.099641 250.828436 -27.049180 4.171621 -0.009635 0.057118 -0.064826 0.996214
1304.199479 250.938610 -27.057455 4.170009 -0.010511 0.057658 -0.065024 0.996161
1304.299334 251.059020 -27.072977 4.169749 -0.010718 0.059182 -0.065036 0.996069
1304.399187 251.183656 -27.089676 4.169180 -0.009847 0.058929 -0.065870 0.996038
1304.499837 251.315420 -27.105882 4.166204 -0.008353 0.057565 -0.066161 0.996112
1304.599666 251.449834 -27.126515 4.160824 -0.008226 0.055849 -0.065581 0.996249
1304.699509 251.580651 -27.146683 4.160719 -0.008736 0.054294 -0.065374 0.996344
1304.799348 251.716818 -27.165687 4.159911 -0.009752 0.053128 -0.064742 0.996439
1304.899185 251.859670 -27.177720 4.163914 -0.010270 0.052798 -0.064750 0.996451
1304.999829 252.003816 -27.192033 4.163187 -0.010341 0.053230 -0.065499 0.996378
1305.099672 252.150519 -27.214997 4.167600 -0.009081 0.053791 -0.065981 0.996329
1305.199518 252.298757 -27.237864 4.168331 -0.008010 0.051473 -0.066286 0.996440
1305.299347 252.446054 -27.259954 4.164167 -0.008457 0.046764 -0.066447 0.996658
1305.399182 252.590082 -27.280408 4.159919 -0.007977 0.046010 -0.066221 0.996712
1305.499822 252.744720 -27.300071 4.157677 -0.008390 0.046578 -0.065695 0.996717
1305.599650 252.895457 -27.322616 4.157677 -0.009953 0.047137 -0.065565 0.996685
1305.699503 253.041636 -27.342743 4.160944 -0.010370 0.046037 -0.065285 0.996750
1305.799345 253.191209 -27.363022 4.160362 -0.010333 0.045016 -0.065098 0.996809
1305.899191 253.347782 -27.387192 4.158837 -0.010634 0.042794 -0.065194 0.996898
1305.999825 253.507930 -27.408210 4.157494 -0.010742 0.040659 -0.065527 0.996964
1306.099665 253.661753 -27.428894 4.160566 -0.011112 0.039095 -0.065736 0.997009
1306.199504 253.809125 -27.454536 4.163275 -0.011044 0.039174 -0.065771 0.997004
1306.299344 253.953302 -27.481016 4.157324 -0.011245 0.039440 -0.065607 0.997002
1306.399190 254.092587 -27.501939 4.150273 -0.012278 0.036531 -0.065776 0.997090
1306.499837 254.233304 -27.520489 4.149459 -0.012889 0.033783 -0.066000 0.997164
1306.599667 254.385030 -27.540848 4.148132 -0.011507 0.034971 -0.066148 0.997130
1306.699503 254.541311 -27.560457 4.142958 -0.009883 0.037298 -0.066292 0.997054
1306.799342 254.694831 -27.582023 4.138889 -0.009531 0.038778 -0.066212 0.997006
1306.899176 254.848448 -27.608728 4.136177 -0.010803 0.038167 -0.065739 0.997048
1306.999816 254.996370 -27.633140 4.140809 -0.012427 0.037634 -0.065674 0.997054
1307.099636 255.139607 -27.655672 4.145077 -0.012668 0.038430 -0.065492 0.997032
1307.199478 255.279858 -27.674189 4.144822 -0.012784 0.037955 -0.065757 0.997032
1307.299319 255.412572 -27.691033 4.143146 -0.011331 0.036576 -0.066114 0.997077
1307.399154 255.553075 -27.708800 4.147493 -0.009521 0.035934 -0.066476 0.997095
1307.499788 255.692735 -27.724521 4.146962 -0.008104 0.035818 -0.066880 0.997085
1307.599636 255.827454 -27.743328 4.138250 -0.008299 0.034683 -0.066850 0.997126
1307.699468 255.965285 -27.763197 4.133586 -0.007887 0.033464 -0.066919 0.997166
1307.799313 256.088474 -27.777926 4.132893 -0.010671 0.031811 -0.067588 0.997149
1307.899146 256.210363 -27.798407 4.133209 -0.013632 0.031106 -0.067299 0.997155
1307.999777 256.341190 -27.814383 4.131904 -0.016260 0.029624 -0.067599 0.997140
1308.099623 256.476026 -27.829979 4.134881 -0.019162 0.028722 -0.068115 0.997080
1308.199470 256.611192 -27.843962 4.130446 -0.018210 0.026569 -0.068048 0.997162
1308.299318 256.738911 -27.858053 4.124372 -0.016872 0.025733 -0.067927 0.997216
1308.399152 256.862108 -27.867274 4.122677 -0.016716 0.025864 -0.067949 0.997213
1308.499792 256.982525 -27.877482 4.127541 -0.018197 0.025554 -0.067562 0.997222
1308.599640 257.095822 -27.882818 4.125302 -0.018117 0.024417 -0.067089 0.997284
1308.699483 257.203142 -27.884168 4.121870 -0.018993 0.023943 -0.067049 0.997281
1308.799325 257.320505 -27.888271 4.120582 -0.018517 0.023225 -0.066713 0.997330
1308.899161 257.425199 -27.893744 4.110918 -0.015310 0.023391 -0.066246 0.997412
1308.999797 257.519742 -27.896335 4.112632 -0.010232 0.013831 -0.066400 0.997645
1309.099641 257.611475 -27.895317 4.117155 -0.009148 0.003053 -0.066591 0.997734
1309.199488 257.704280 -27.894819 4.126330 -0.009899 -0.009349 -0.066821 0.997672
1309.299323 257.797415 -27.896113 4.152128 -0.008860 -0.008819 -0.067199 0.997661
1309.399178 257.875149 -27.894262 4.127281 -0.007885 -0.022028 -0.067120 0.997471
1309.499815 257.934612 -27.894862 4.105594 -0.007804 -0.026458 -0.066901 0.997378
1309.599649 257.991669 -27.899227 4.090747 -0.007553 -0.018477 -0.066617 0.997579
1309.699487 258.038283 -27.901204 4.095461 -0.007949 -0.007376 -0.066551 0.997724
1309.799315 258.072019 -27.901948 4.105176 -0.009265 0.002875 -0.066341 0.997750
1309.899170 258.099657 -27.900654 4.123011 -0.011600 0.008072 -0.066821 0.997665
1309.999815 258.134209 -27.899220 4.133514 -0.012825 0.011696 -0.067441 0.997572
1310.099655 258.160593 -27.896791 4.135837 -0.011508 0.017821 -0.068101 0.997453
1310.199483 258.175786 -27.900086 4.126843 -0.011186 0.022434 -0.068160 0.997359
1310.299317 258.182605 -27.905555 4.114464 -0.011156 0.023974 -0.068398 0.997308
1310.399144 258.194512 -27.911291 4.114501 -0.011704 0.023834 -0.068224 0.997317
1310.499787 258.208449 -27.909515 4.123639 -0.011422 0.023476 -0.068194 0.997330
1310.599644 258.218583 -27.908474 4.129356 -0.011503 0.021966 -0.068075 0.997372
1310.699490 258.229719 -27.908321 4.131836 -0.011959 0.021504 -0.068331 0.997359
1310.799324 258.240984 -27.909936 4.129900 -0.011857 0.020333 -0.068622 0.997365
1310.899148 258.252737 -27.909923 4.132543 -0.011853 0.020906 -0.068781 0.997342
1310.999779 258.261289 -27.911445 4.135800 -0.012201 0.020131 -0.068582 0.997368
1311.099614 258.262979 -27.914631 4.131691 -0.012425 0.019387 -0.068607 0.997378
1311.199454 258.256247 -27.915282 4.132245 -0.012922 0.023423 -0.068712 0.997278
1311.299279 258.257016 -27.913091 4.134162 -0.012735 0.028405 -0.068749 0.997148
1311.399116 258.256931 -27.907386 4.136879 -0.012204 0.030609 -0.068772 0.997088
1311.499755 258.252987 -27.902212 4.139192 -0.011825 0.028666 -0.068655 0.997158
1311.599586 258.254521 -27.906268 4.141041 -0.011860 0.027333 -0.068590 0.997200
1311.699417 258.259549 -27.910434 4.135526 -0.011540 0.026345 -0.068596 0.997230
1311.799257 258.261324 -27.915808 4.135358 -0.011290 0.027141 -0.068442 0.997222
1311.899499 258.264349 -27.913791 4.122598 -0.011359 0.027907 -0.068468 0.997198
1311.999329 258.269002 -27.913982 4.127434 -0.011415 0.028890 -0.068445 0.997171
1312.099173 258.271436 -27.910342 4.139454 -0.011203 0.029333 -0.068576 0.997152
1312.199818 258.272833 -27.903532 4.142527 -0.011154 0.028903 -0.068693 0.997157
1312.299641 258.267246 -27.900845 4.130622 -0.010756 0.027826 -0.068727 0.997189
1312.399485 258.265516 -27.902502 4.130499 -0.010842 0.027655 -0.068721 0.997194
1312.499325 258.268678 -27.902181 4.137464 -0.011546 0.027809 -0.068837 0.997173
1312.599172 258.271992 -27.903958 4.142712 -0.010991 0.027992 -0.068878 0.997172
1312.699835 258.264137 -27.907639 4.140162 -0.010629 0.027797 -0.068762 0.997189
1312.799677 258.259537 -27.905838 4.139098 -0.010203 0.027759 -0.068840 0.997189
1312.899512 258.253441 -27.908201 4.136291 -0.010518 0.028026 -0.068687 0.997189
1312.999347 258.240118 -27.908301 4.128444 -0.011121 0.027788 -0.068610 0.997194
1313.099208 258.230068 -27.906320 4.126818 -0.011289 0.027672 -0.068665 0.997192
1313.199450 258.228169 -27.900519 4.130141 -0.010626 0.028237 -0.068966 0.997163
1313.299287 258.225293 -27.893317 4.130490 -0.009709 0.029226 -0.069186 0.997128
1313.399136 258.221183 -27.894227 4.125009 -0.008992 0.029902 -0.068852 0.997138
1313.499775 258.221269 -27.901331 4.120483 -0.010441 0.029572 -0.068763 0.997140
1313.599614 258.225547 -27.911289 4.121032 -0.011195 0.027528 -0.068684 0.997196
1313.699450 258.223429 -27.909644 4.129918 -0.011108 0.026471 -0.068620 0.997230
1313.799290 258.227998 -27.899850 4.133343 -0.010534 0.029366 -0.068870 0.997138
1313.899139 258.237707 -27.897421 4.118736 -0.009831 0.038087 -0.068607 0.996868
1313.999793 258.254654 -27.898640 4.101761 -0.009268 0.052399 -0.068588 0.996225
1314.099636 258.278969 -27.906245 4.100592 -0.009371 0.064839 -0.068386 0.995506
1314.199470 258.301723 -27.914672 4.104546 -0.009333 0.071580 -0.068366 0.995045
1314.299315 258.323165 -27.915305 4.102145 -0.008181 0.077588 -0.068630 0.994587
1314.399142 258.350277 -27.916942 4.101884 -0.006992 0.082409 -0.068705 0.994203
1314.499775 258.390041 -27.921944 4.099939 -0.006378 0.086167 -0.069216 0.993853
1314.599605 258.436039 -27.931454 4.101671 -0.005848 0.089081 -0.069375 0.993588
1314.699442 258.500134 -27.941960 4.096763 -0.004617 0.090035 -0.069463 0.993503
1314.799277 258.575689 -27.951227 4.087800 -0.004725 0.092405 -0.069490 0.993282
1314.899118 258.661732 -27.965623 4.085901 -0.005949 0.098327 -0.069295 0.992721
1314.999746 258.768546 -27.986121 4.082974 -0.006539 0.101908 -0.069068 0.992372
1315.099602 258.881878 -28.003766 4.084595 -0.006694 0.100094 -0.068928 0.992565
1315.199432 259.010896 -28.021396 4.086742 -0.005946 0.094711 -0.069122 0.993084
1315.299281 259.155846 -28.039783 4.084503 -0.005695 0.092186 -0.069188 0.993319
1315.399118 259.300960 -28.060861 4.084628 -0.004998 0.089270 -0.069255 0.993584
1315.499765 259.447805 -28.085056 4.083709 -0.004093 0.085691 -0.069017 0.993920
1315.599620 259.611350 -28.107979 4.085539 -0.003961 0.082086 -0.068853 0.994236
1315.699454 259.785349 -28.133026 4.092669 -0.005167 0.078435 -0.068532 0.994547
1315.799283 259.958578 -28.157050 4.090391 -0.008657 0.072239 -0.068511 0.994994
1315.899121 260.136340 -28.184026 4.092173 -0.010715 0.065845 -0.068250 0.995435
1315.999756 260.317504 -28.214748 4.090757 -0.011740 0.061851 -0.067971 0.995699
1316.099606 260.510634 -28.240937 4.085875 -0.011086 0.062550 -0.068435 0.995631
1316.199438 260.703402 -28.265983 4.076296 -0.012768 0.062097 -0.068185 0.995656
1316.299309 260.898786 -28.291279 4.067765 -0.017396 0.055337 -0.068418 0.995969
1316.399131 261.098052 -28.321970 4.067311 -0.020381 0.042378 -0.068241 0.996560
1316.499771 261.301890 -28.349807 4.059320 -0.018581 0.028412 -0.068371 0.997082
1316.599607 261.499697 -28.369190 4.123190 -0.014674 -0.007908 -0.068525 0.997510
1316.699445 261.688931 -28.399171 4.102734 -0.011754 -0.058248 -0.068163 0.995903
1316.799284 261.884941 -28.419222 4.022200 -0.011501 -0.036811 -0.068772 0.996887
1316.899113 262.046198 -28.430753 3.993413 -0.013962 0.000770 -0.068835 0.997530
1316.999750 262.183321 -28.435519 4.000441 -0.016400 -0.034301 -0.068176 0.996949
1317.099608 262.308342 -28.449649 4.078188 -0.013510 -0.069561 -0.067904 0.995172
1317.199441 262.413156 -28.465450 4.127963 -0.013928 -0.065817 -0.068012 0.995414
1317.299295 262.500237 -28.480241 4.097136 -0.011198 -0.025369 -0.068223 0.997285
1317.399126 262.571656 -28.485602 4.069525 -0.010929 0.019542 -0.067959 0.997437
1317.499751 262.637989 -28.492808 4.074571 -0.010770 0.040227 -0.068127 0.996807
1317.599589 262.703883 -28.497206 4.083881 -0.009104 0.042991 -0.068641 0.996673
1317.699437 262.772169 -28.506395 4.087295 -0.007080 0.041336 -0.069006 0.996734
1317.799275 262.846917 -28.512202 4.094408 -0.006443 0.043812 -0.069436 0.996603
1317.899511 262.925281 -28.524685 4.082646 -0.006736 0.046650 -0.069463 0.996470
1317.999356 263.009177 -28.533747 4.079919 -0.006364 0.051297 -0.069478 0.996243
1318.099207 263.091191 -28.540742 4.082056 -0.007832 0.053538 -0.069276 0.996129
1318.199463 263.173060 -28.552409 4.085688 -0.008863 0.055455 -0.069487 0.996001
1318.299296 263.251175 -28.566070 4.097501 -0.010151 0.054993 -0.069790 0.995993
1318.399124 263.330516 -28.576533 4.107672 -0.012646 0.052274 -0.069956 0.996099
1318.499751 263.420139 -28.587544 4.107332 -0.013076 0.050266 -0.070045 0.996191
1318.599602 263.530906 -28.606998 4.094469 -0.013980 0.053535 -0.070111 0.996004
1318.699443 263.639481 -28.619648 4.085534 -0.016132 0.055431 -0.070361 0.995850
1318.799275 263.743156 -28.630254 4.087198 -0.019111 0.053356 -0.069912 0.995942
1318.899505 263.852327 -28.634760 4.095190 -0.018824 0.051852 -0.069792 0.996035
1318.999356 263.971208 -28.641667 4.097928 -0.018619 0.054094 -0.069970 0.995907
1319.099187 264.088396 -28.651367 4.094725 -0.016783 0.056061 -0.069902 0.995836
1319.199844 264.197432 -28.658812 4.088109 -0.013379 0.056737 -0.070087 0.995836
1319.299675 264.306761 -28.666227 4.091107 -0.010459 0.056708 -0.070327 0.995856
1319.399513 264.415199 -28.672818 4.097546 -0.009127 0.054051 -0.070399 0.996012
1319.499348 264.531720 -28.680036 4.099711 -0.008949 0.048843 -0.070392 0.996283
1319.599195 264.663655 -28.682496 4.107829 -0.008749 0.047976 -0.070859 0.996293
1319.699828 264.796710 -28.687486 4.106518 -0.008730 0.049417 -0.071052 0.996209
1319.799649 264.929587 -28.692311 4.098652 -0.008672 0.053189 -0.071249 0.996002
1319.899484 265.069814 -28.700995 4.089337 -0.009264 0.052612 -0.071424 0.996014
1319.999317 265.214857 -28.712662 4.091003 -0.009884 0.049187 -0.071839 0.996154
1320.099162 265.354357 -28.725735 4.099542 -0.010871 0.043223 -0.072523 0.996370
1320.199807 265.497109 -28.738906 4.112508 -0.009512 0.043668 -0.072746 0.996349
1320.299660 265.630837 -28.748226 4.111870 -0.008236 0.042063 -0.072490 0.996448
1320.399504 265.762832 -28.757430 4.102722 -0.006279 0.041343 -0.071841 0.996539
1320.499354 265.898309 -28.763561 4.088669 -0.006758 0.041323 -0.071483 0.996563
1320.599195 266.028864 -28.772480 4.086897 -0.009182 0.038627 -0.071289 0.996665
1320.699830 266.169019 -28.780141 4.089055 -0.010449 0.037092 -0.071695 0.996682
1320.799662 266.306319 -28.790840 4.094193 -0.009585 0.037324 -0.072400 0.996631
1320.899494 266.447767 -28.806859 4.093456 -0.007463 0.039654 -0.072616 0.996543
1320.999332 266.581434 -28.821411 4.095810 -0.007557 0.041334 -0.072885 0.996455
1321.099180 266.715090 -28.835072 4.096027 -0.008233 0.040174 -0.072800 0.996503
1321.199822 266.845912 -28.846615 4.091746 -0.009427 0.037638 -0.072941 0.996581
1321.299658 266.976815 -28.855083 4.086793 -0.009457 0.037578 -0.073063 0.996574
1321.399504 267.114301 -28.867801 4.087236 -0.009295 0.038817 -0.072701 0.996555
1321.499349 267.250510 -28.884454 4.088063 -0.010557 0.039999 -0.072586 0.996504
1321.599178 267.388769 -28.901880 4.088137 -0.010796 0.039997 -0.072533 0.996505
1321.699810 267.527260 -28.920365 4.079526 -0.010662 0.039112 -0.072376 0.996553
1321.799663 267.656997 -28.938598 4.083353 -0.010459 0.036980 -0.072194 0.996650
1321.899495 267.792152 -28.953757 4.087104 -0.009845 0.035724 -0.072364 0.996690
1321.999337 267.928390 -28.971261 4.090855 -0.010059 0.035516 -0.071701 0.996743
1322.099185 268.060015 -28.989336 4.090228 -0.011613 0.039373 -0.071301 0.996610
1322.199829 268.189002 -29.004154 4.085650 -0.012340 0.042335 -0.071489 0.996466
1322.299662 268.321748 -29.017658 4.080719 -0.010623 0.043199 -0.071620 0.996439
1322.399490 268.461306 -29.032550 4.077008 -0.008010 0.041626 -0.071771 0.996520
1322.499331 268.595493 -29.048013 4.075967 -0.008777 0.040618 -0.071756 0.996556
1322.599170 268.721746 -29.062710 4.076991 -0.011461 0.039966 -0.072113 0.996530
1322.699822 268.847387 -29.085164 4.075383 -0.012581 0.040319 -0.072310 0.996488
1322.799639 268.979167 -29.102109 4.072672 -0.011623 0.040411 -0.072689 0.996468
1322.899479 269.121087 -29.115201 4.068876 -0.009758 0.040406 -0.072754 0.996483
1322.999306 269.250923 -29.126203 4.065077 -0.009508 0.040257 -0.072962 0.996477
1323.099151 269.380845 -29.137187 4.067617 -0.010213 0.040284 -0.073290 0.996444
1323.199792 269.517654 -29.153159 4.061235 -0.010212 0.040889 -0.073357 0.996415
1323.299632 269.649061 -29.173743 4.059764 -0.010762 0.042073 -0.073064 0.996381
1323.399481 269.766987 -29.190799 4.056326 -0.008952 0.039909 -0.072833 0.996505
1323.499324 269.888890 -29.207750 4.056002 -0.006290 0.037810 -0.072368 0.996641
1323.599162 270.018126 -29.226462 4.056699 -0.007447 0.040975 -0.072053 0.996531
1323.699808 270.146402 -29.243358 4.061761 -0.008516 0.047253 -0.072060 0.996244
1323.799651 270.281081 -29.258836 4.060075 -0.008039 0.051182 -0.071661 0.996083
1323.899493 270.425169 -29.273924 4.059390 -0.007429 0.049710 -0.071198 0.996195
1323.999318 270.574478 -29.290743 4.058136 -0.009358 0.046852 -0.071043 0.996328
1324.099169 270.714447 -29.305633 4.051254 -0.009814 0.044079 -0.071297 0.996432
1324.199803 270.841733 -29.325329 4.049823 -0.007793 0.042413 -0.071657 0.996497
1324.299655 270.967709 -29.346951 4.050846 -0.006330 0.043565 -0.072106 0.996425
1324.399502 271.106310 -29.364409 4.046972 -0.007480 0.045490 -0.072729 0.996286
1324.499344 271.244079 -29.379116 4.041523 -0.008441 0.046729 -0.073606 0.996156
1324.599189 271.376342 -29.397108 4.039411 -0.008845 0.045944 -0.073726 0.996180
1324.699827 271.514453 -29.415700 4.039336 -0.010135 0.042696 -0.074171 0.996280
1324.799668 271.660254 -29.437230 4.035972 -0.010560 0.039686 -0.074260 0.996393
1324.899507 271.807867 -29.458480 4.033473 -0.010704 0.039759 -0.074366 0.996381
1324.999353 271.946781 -29.478582 4.031103 -0.010432 0.039191 -0.074697 0.996381
1325.099213 272.086908 -29.500767 4.028802 -0.010804 0.038750 -0.074794 0.996387
1325.199470 272.223883 -29.520376 4.028938 -0.011482 0.038683 -0.074619 0.996395
1325.299312 272.362063 -29.536597 4.024996 -0.012347 0.040688 -0.074407 0.996321
1325.399146 272.493099 -29.555606 4.019734 -0.010399 0.045150 -0.074687 0.996130
1325.499771 272.626780 -29.575011 4.014578 -0.008329 0.049504 -0.074484 0.995958
1325.599626 272.764064 -29.597494 4.005441 -0.009386 0.052836 -0.074529 0.995774
1325.699472 272.907438 -29.622679 4.002030 -0.009798 0.053811 -0.074271 0.995737
1325.799304 273.050542 -29.642311 4.002979 -0.008269 0.052377 -0.073930 0.995853
1325.899142 273.193230 -29.661457 4.010331 -0.009016 0.048334 -0.073958 0.996049
1325.999782 273.341255 -29.682523 4.016894 -0.010593 0.045696 -0.074008 0.996154
1326.099619 273.487982 -29.702856 4.016343 -0.009905 0.044847 -0.073903 0.996207
1326.199464 273.632067 -29.725655 4.008142 -0.009560 0.045671 -0.073869 0.996176
1326.299302 273.776180 -29.749669 3.999610 -0.010084 0.045695 -0.073707 0.996182
1326.399135 273.928900 -29.774331 3.997862 -0.010198 0.043870 -0.073825 0.996254
1326.499776 274.081468 -29.798866 3.997636 -0.010159 0.042299 -0.073968 0.996311
1326.599613 274.227997 -29.822322 3.993336 -0.010276 0.041657 -0.074231 0.996318
1326.699462 274.371524 -29.842524 3.990531 -0.011349 0.044250 -0.074647 0.996163
1326.799301 274.518395 -29.862032 3.993279 -0.010886 0.046683 -0.075086 0.996024
1326.899143 274.667273 -29.886627 3.998784 -0.010744 0.047249 -0.074779 0.996022
1326.999785 274.814904 -29.918426 4.003181 -0.011431 0.044212 -0.074494 0.996175
1327.099636 274.967337 -29.943190 3.994004 -0.010027 0.040482 -0.074623 0.996339
1327.199477 275.117542 -29.963790 3.978943 -0.008677 0.039375 -0.074381 0.996414
1327.299320 275.263852 -29.985497 3.971878 -0.011335 0.043043 -0.074758 0.996208
1327.399143 275.409725 -30.009557 3.975769 -0.013657 0.047416 -0.074662 0.995987
1327.499784 275.563933 -30.037093 3.981902 -0.013058 0.049132 -0.074289 0.995940
1327.599624 275.714536 -30.064756 3.981564 -0.012882 0.048591 -0.074386 0.995962
1327.699468 275.860604 -30.089559 3.977858 -0.011884 0.048568 -0.074703 0.995951
1327.799307 276.005726 -30.115201 3.970228 -0.011621 0.047610 -0.075105 0.995971
1327.899162 276.151794 -30.138102 3.969568 -0.012275 0.047295 -0.075254 0.995967
1327.999779 276.298160 -30.159343 3.970363 -0.013016 0.043738 -0.074861 0.996149
1328.099616 276.448802 -30.181316 3.973052 -0.016558 0.042028 -0.074448 0.996201
1328.199463 276.609097 -30.203740 3.975120 -0.018249 0.040818 -0.074359 0.996229
1328.299307 276.760520 -30.228316 3.966997 -0.018332 0.043781 -0.074397 0.996099
1328.399140 276.909387 -30.255205 3.955925 -0.016442 0.047810 -0.074602 0.995931
1328.499784 277.060620 -30.279952 3.947440 -0.015701 0.048433 -0.074660 0.995908
1328.599609 277.207620 -30.293780 3.934108 -0.018380 0.046187 -0.074965 0.995946
1328.699454 277.359345 -30.302270 3.928993 -0.019618 0.041395 -0.075286 0.996109
1328.799303 277.511903 -30.313919 3.947944 -0.019251 0.038106 -0.075389 0.996240
1328.899146 277.659063 -30.336985 3.961749 -0.018232 0.037278 -0.075065 0.996315
1328.999792 277.811090 -30.353759 3.961814 -0.018567 0.040138 -0.075372 0.996174
1329.099637 277.959275 -30.366628 3.951508 -0.018801 0.042497 -0.075478 0.996064
1329.199486 278.105563 -30.377066 3.933691 -0.020460 0.042455 -0.075538 0.996029
1329.299318 278.257429 -30.386679 3.921911 -0.020251 0.040042 -0.075431 0.996141
1329.399174 278.406508 -30.400267 3.921074 -0.020693 0.038621 -0.075004 0.996220
1329.499814 278.552844 -30.410542 3.933620 -0.019023 0.038712 -0.074786 0.996266
1329.599650 278.700925 -30.416193 3.939819 -0.015791 0.039717 -0.075160 0.996255
1329.699493 278.849723 -30.423894 3.939975 -0.014631 0.040666 -0.075218 0.996230
1329.799321 278.993132 -30.431774 3.937476 -0.014505 0.040425 -0.075378 0.996230
1329.899179 279.133538 -30.442797 3.929170 -0.014324 0.038362 -0.075487 0.996306
1329.999818 279.275130 -30.447264 3.926725 -0.013101 0.036029 -0.075401 0.996416
1330.099658 279.417855 -30.449762 3.929174 -0.012266 0.033539 -0.075729 0.996489
1330.199496 279.560065 -30.456159 3.928143 -0.012374 0.031740 -0.076024 0.996524
1330.299342 279.700265 -30.469764 3.930106 -0.013364 0.029719 -0.075865 0.996586
1330.399184 279.836147 -30.479470 3.931173 -0.013211 0.027323 -0.075896 0.996654
1330.499824 279.963517 -30.488350 3.930803 -0.014690 0.021799 -0.075381 0.996808
1330.599679 280.086496 -30.491661 3.920901 -0.012658 0.013673 -0.075574 0.996966
1330.699507 280.215862 -30.490978 3.907643 -0.011870 0.017530 -0.076061 0.996878
1330.799356 280.344730 -30.491071 3.898804 -0.012133 0.024391 -0.075987 0.996737
1330.899201 280.464471 -30.498801 3.909643 -0.010621 0.016412 -0.075558 0.996950
1330.999444 280.576599 -30.512307 3.920885 -0.011595 0.018116 -0.075545 0.996910
1331.099291 280.666812 -30.525524 3.921084 -0.013285 0.000455 -0.075356 0.997068
1331.199134 280.750957 -30.536448 3.917783 -0.011617 -0.002327 -0.075187 0.997099
1331.299779 280.842886 -30.537165 3.906455 -0.011607 0.014595 -0.075685 0.996957
1331.399614 280.931612 -30.535151 3.904401 -0.012449 0.028963 -0.075484 0.996649
1331.499455 281.022838 -30.539207 3.900082 -0.012710 0.035262 -0.075489 0.996442
1331.599298 281.111116 -30.552600 3.898173 -0.014130 0.033689 -0.075432 0.996482
1331.699124 281.187928 -30.569026 3.898512 -0.014393 0.029528 -0.075397 0.996612
1331.799763 281.259623 -30.581204 3.916918 -0.014144 0.030416 -0.075340 0.996594
1331.899598 281.339473 -30.584225 3.918359 -0.013506 0.032600 -0.075202 0.996544
1331.999436 281.417057 -30.587464 3.908693 -0.013980 0.033590 -0.074971 0.996522
1332.099286 281.496898 -30.592299 3.900798 -0.014495 0.031868 -0.075048 0.996565
1332.199126 281.568643 -30.605170 3.901345 -0.014479 0.030120 -0.075106 0.996615
1332.299758 281.638182 -30.617552 3.905842 -0.014162 0.018460 -0.074867 0.996922
1332.399610 281.699077 -30.621863 3.910460 -0.013744 0.014172 -0.074906 0.996995
1332.499447 281.765427 -30.627329 3.909951 -0.014547 0.021773 -0.074914 0.996846
1332.599295 281.831281 -30.632280 3.901097 -0.014390 0.032653 -0.074867 0.996555
1332.699143 281.894635 -30.635126 3.895592 -0.013779 0.039952 -0.075114 0.996279
1332.799796 281.960828 -30.640680 3.895078 -0.012598 0.043093 -0.075118 0.996163
1332.899649 282.031799 -30.645397 3.902536 -0.011322 0.044984 -0.075495 0.996067
1332.999509 282.095978 -30.645794 3.901167 -0.010409 0.052039 -0.075555 0.995728
1333.099355 282.159907 -30.651520 3.898388 -0.009893 0.058165 -0.075531 0.995396
1333.199191 282.224634 -30.664024 3.899830 -0.008761 0.061743 -0.075335 0.995206
1333.299845 282.300346 -30.675652 3.890365 -0.008462 0.063739 -0.075421 0.995077
1333.399693 282.384540 -30.684720 3.882365 -0.009084 0.068728 -0.075287 0.994749
1333.499535 282.471414 -30.690258 3.877880 -0.009622 0.075317 -0.075037 0.994286
1333.599374 282.571290 -30.692756 3.879041 -0.009984 0.081820 -0.075358 0.993744
1333.699208 282.688369 -30.706183 3.881273 -0.009934 0.087067 -0.075292 0.993303
1333.799465 282.808760 -30.727361 3.880009 -0.008817 0.089869 -0.075483 0.993050
1333.899311 282.929965 -30.753751 3.875309 -0.007780 0.089462 -0.075558 0.993090
1333.999151 283.058609 -30.774613 3.863680 -0.006947 0.088577 -0.075617 0.993171
1334.099785 283.206280 -30.788681 3.862322 -0.005561 0.089582 -0.075984 0.993061
1334.199634 283.369474 -30.804493 3.856514 -0.006524 0.093408 -0.075852 0.992713
1334.299477 283.534799 -30.819186 3.848926 -0.007249 0.095267 -0.075974 0.992522
1334.399323 283.700102 -30.840707 3.845841 -0.007503 0.093478 -0.076033 0.992685
1334.499154 283.871348 -30.868762 3.845570 -0.008430 0.089211 -0.076254 0.993054
1334.599791 284.055416 -30.905204 3.856278 -0.007979 0.084982 -0.075688 0.993472
1334.699634 284.237224 -30.936187 3.861135 -0.007212 0.082195 -0.075722 0.993709
1334.799475 284.434520 -30.963813 3.859467 -0.007728 0.080955 -0.075866 0.993796
1334.899329 284.651711 -30.992376 3.851538 -0.009810 0.079658 -0.075893 0.993881
1334.999180 284.871719 -31.023676 3.844166 -0.015502 0.073329 -0.075719 0.994308
1335.099808 285.089744 -31.061057 3.841239 -0.019048 0.058877 -0.075361 0.995234
1335.199638 285.303662 -31.101115 3.855904 -0.019434 0.046799 -0.074934 0.995900
1335.299485 285.519584 -31.131894 3.865455 -0.020962 0.042255 -0.075011 0.996066
1335.399329 285.741423 -31.155309 3.857704 -0.021098 0.041821 -0.075016 0.996082
1335.499168 285.962461 -31.180036 3.849942 -0.021174 0.041360 -0.074743 0.996120
1335.599803 286.183528 -31.204833 3.840294 -0.021484 0.041361 -0.075009 0.996093
1335.699657 286.395211 -31.234665 3.841805 -0.023082 0.042076 -0.074565 0.996061
1335.799496 286.613513 -31.257780 3.852205 -0.024306 0.045284 -0.074671 0.995883
1335.899333 286.831251 -31.281814 3.853882 -0.024170 0.049406 -0.074354 0.995714
1335.999186 287.044733 -31.302331 3.844149 -0.023344 0.054741 -0.074507 0.995443
1336.099814 287.259080 -31.323371 3.834211 -0.019948 0.058301 -0.074288 0.995331
1336.199660 287.472056 -31.344120 3.829159 -0.016335 0.057899 -0.074207 0.995427
1336.299497 287.684800 -31.366598 3.827728 -0.014167 0.054815 -0.074319 0.995626
1336.399325 287.893996 -31.383955 3.819938 -0.014211 0.050567 -0.074615 0.995828
1336.499170 288.097017 -31.401063 3.822715 -0.014548 0.048235 -0.074677 0.995934
1336.599792 288.304248 -31.416976 3.827433 -0.014720 0.045206 -0.074632 0.996077
1336.699640 288.519167 -31.435126 3.821696 -0.014702 0.041549 -0.074593 0.996240
1336.799478 288.738372 -31.453486 3.819408 -0.014941 0.037814 -0.074500 0.996392
1336.899333 288.955758 -31.469853 3.818551 -0.015810 0.035454 -0.074821 0.996441
1336.999172 289.172396 -31.488861 3.811589 -0.016241 0.032815 -0.074512 0.996548
1337.099802 289.380455 -31.510387 3.810416 -0.015302 0.032230 -0.074667 0.996570
1337.199634 289.577156 -31.530617 3.809895 -0.014105 0.033430 -0.074910 0.996530
1337.299469 289.762506 -31.548345 3.815811 -0.014658 0.034859 -0.075089 0.996460
1337.399307 289.952605 -31.564570 3.813622 -0.016801 0.033975 -0.075274 0.996442
1337.499155 290.148057 -31.579237 3.803754 -0.021485 0.032485 -0.075372 0.996395
1337.599806 290.344327 -31.593414 3.797454 -0.024022 0.032819 -0.075585 0.996310
1337.699645 290.536128 -31.608275 3.802389 -0.022968 0.033599 -0.075429 0.996320
1337.799480 290.724750 -31.626863 3.798700 -0.019196 0.035254 -0.075044 0.996372
1337.899316 290.911761 -31.642301 3.792720 -0.015385 0.035858 -0.075087 0.996413
1337.999146 291.106957 -31.653629 3.790856 -0.014331 0.034294 -0.075350 0.996464
1338.099785 291.292794 -31.663182 3.794724 -0.014244 0.030851 -0.075389 0.996575
1338.199622 291.464896 -31.671835 3.797185 -0.014746 0.029238 -0.075489 0.996609
1338.299457 291.631107 -31.688392 3.790699 -0.015198 0.028744 -0.074966 0.996656
1338.399315 291.799010 -31.704942 3.779324 -0.015626 0.030829 -0.075169 0.996572
1338.499151 291.967276 -31.716898 3.768976 -0.015839 0.031877 -0.075159 0.996536
1338.599796 292.133023 -31.725959 3.767801 -0.015155 0.030355 -0.075152 0.996595
1338.699628 292.293402 -31.734490 3.771565 -0.015062 0.027805 -0.075136 0.996672
1338.799467 292.441557 -31.746244 3.777284 -0.013993 0.027039 -0.075078 0.996713
1338.899309 292.593015 -31.759680 3.780200 -0.014160 0.027402 -0.075445 0.996673
1338.999166 292.753732 -31.772455 3.774768 -0.014339 0.028048 -0.075401 0.996656
1339.099803 292.901812 -31.781931 3.767729 -0.014175 0.027911 -0.075425 0.996660
1339.199638 293.036557 -31.790011 3.760037 -0.015185 0.026777 -0.075620 0.996661
1339.299491 293.155164 -31.799753 3.752677 -0.015507 0.014631 -0.075609 0.996910
1339.399339 293.281274 -31.805410 3.752019 -0.014259 0.012195 -0.076335 0.996906
1339.499186 293.416001 -31.813881 3.745562 -0.014411 0.019263 -0.076532 0.996777
1339.599836 293.555833 -31.826188 3.742252 -0.013645 0.027706 -0.076506 0.996591
1339.699677 293.687006 -31.839406 3.736210 -0.012411 0.032614 -0.076515 0.996458
1339.799513 293.801865 -31.853645 3.733941 -0.013320 0.033628 -0.076596 0.996406
1339.899358 293.925622 -31.859028 3.709564 -0.013810 0.031064 -0.076767 0.996469
1339.999190 294.048770 -31.871213 3.696616 -0.013529 0.031857 -0.076599 0.996461
1340.099823 294.167266 -31.881501 3.691174 -0.014054 0.033217 -0.076435 0.996422
1340.199672 294.286465 -31.888247 3.678775 -0.012800 0.035378 -0.076843 0.996333
1340.299504 294.394857 -31.894539 3.663550 -0.012975 0.037259 -0.077094 0.996243
1340.399352 294.502780 -31.905620 3.645148 -0.012620 0.036836 -0.077289 0.996248
1340.499196 294.610570 -31.917488 3.638074 -0.012808 0.035756 -0.077440 0.996273
1340.599838 294.718438 -31.929704 3.632057 -0.013415 0.035172 -0.077565 0.996276
1340.699666 294.820686 -31.944393 3.623654 -0.012466 0.038574 -0.077552 0.996164
1340.799510 294.926137 -31.956328 3.613267 -0.012653 0.043096 -0.077783 0.995958
1340.899363 295.031992 -31.965212 3.608497 -0.013361 0.045750 -0.077768 0.995832
1340.999204 295.134786 -31.972090 3.606774 -0.013639 0.045723 -0.077774 0.995829
1341.099456 295.230790 -31.980978 3.606538 -0.015618 0.047941 -0.077779 0.995695
1341.199309 295.336514 -31.998067 3.607843 -0.015819 0.049600 -0.077570 0.995627
1341.299143 295.448429 -32.014198 3.606623 -0.014657 0.049733 -0.077840 0.995617
1341.399782 295.568099 -32.024264 3.609120 -0.013269 0.047293 -0.077993 0.995743
1341.499624 295.678455 -32.034647 3.608751 -0.013315 0.043987 -0.078186 0.995879
1341.599461 295.789947 -32.045212 3.611915 -0.012879 0.042434 -0.078287 0.995944
1341.699299 295.906613 -32.058059 3.609587 -0.014043 0.042258 -0.078201 0.995943
1341.799156 296.026876 -32.072018 3.605462 -0.013538 0.045299 -0.078071 0.995826
1341.899797 296.148256 -32.084976 3.601004 -0.013719 0.047286 -0.078341 0.995710
1341.999646 296.264048 -32.094380 3.596143 -0.014116 0.046141 -0.077992 0.995786
1342.099490 296.373625 -32.107522 3.599248 -0.014360 0.043998 -0.077483 0.995919
1342.199341 296.482837 -32.119908 3.603248 -0.013214 0.040997 -0.077267 0.996080
1342.299193 296.596790 -32.132954 3.604267 -0.011872 0.039252 -0.077676 0.996135
1342.399816 296.714221 -32.143262 3.607789 -0.010677 0.039179 -0.078353 0.996098
1342.499648 296.831611 -32.152980 3.615260 -0.008674 0.037946 -0.078899 0.996122
1342.599487 296.943396 -32.163019 3.610396 -0.009289 0.035454 -0.078930 0.996206
1342.699324 297.051384 -32.177564 3.604446 -0.010757 0.033062 -0.078245 0.996328
1342.799180 297.159595 -32.190149 3.597627 -0.012556 0.032862 -0.077832 0.996346
1342.899813 297.274685 -32.201737 3.590511 -0.012924 0.035252 -0.077284 0.996302
1342.999645 297.390117 -32.212506 3.591900 -0.012286 0.037891 -0.077491 0.996197
1343.099473 297.507029 -32.223059 3.592500 -0.009748 0.037983 -0.077686 0.996206
1343.199317 297.623519 -32.237385 3.595642 -0.008384 0.036121 -0.077620 0.996293
1343.299161 297.730117 -32.252384 3.591257 -0.009513 0.035472 -0.077999 0.996277
1343.399794 297.840853 -32.264616 3.594179 -0.010370 0.037438 -0.078423 0.996163
1343.499622 297.948140 -32.277913 3.584547 -0.011483 0.039163 -0.079018 0.996037
1343.599452 298.049757 -32.292884 3.580372 -0.011550 0.040476 -0.079619 0.995936
1343.699285 298.157586 -32.308752 3.584237 -0.012207 0.040547 -0.080161 0.995882
1343.799117 298.270267 -32.322449 3.584455 -0.011927 0.039278 -0.080071 0.995944
1343.899753 298.377747 -32.334365 3.582230 -0.012468 0.039722 -0.079982 0.995927
1343.999613 298.476470 -32.348201 3.573616 -0.012943 0.042232 -0.080035 0.995813
1344.099452 298.587018 -32.369151 3.554720 -0.013039 0.047928 -0.080133 0.995546
1344.199279 298.702474 -32.384873 3.533180 -0.013099 0.052722 -0.080185 0.995299
1344.299126 298.820710 -32.401921 3.517236 -0.013320 0.051315 -0.080087 0.995377
1344.399763 298.943670 -32.421119 3.508685 -0.014154 0.047233 -0.080018 0.995573
1344.499611 299.073454 -32.440276 3.502490 -0.013719 0.044233 -0.080092 0.995711
1344.599453 299.194464 -32.461296 3.493395 -0.013438 0.043603 -0.080355 0.995721
1344.699310 299.303023 -32.479159 3.479982 -0.012517 0.043740 -0.080567 0.995710
1344.799151 299.413214 -32.494893 3.464597 -0.012037 0.042810 -0.080643 0.995751
1344.899774 299.525553 -32.513564 3.449836 -0.012145 0.041038 -0.080866 0.995806
1344.999621 299.635988 -32.531607 3.441991 -0.013084 0.038422 -0.080914 0.995894
1345.099464 299.753891 -32.548063 3.441248 -0.013506 0.037930 -0.081091 0.995893
1345.199297 299.874373 -32.567852 3.441819 -0.013074 0.038450 -0.081448 0.995850
1345.299136 299.988416 -32.588004 3.434471 -0.014092 0.039344 -0.081821 0.995770
1345.399776 300.105511 -32.610820 3.425113 -0.013713 0.039776 -0.081872 0.995754
1345.499597 300.220965 -32.627830 3.411846 -0.012798 0.037644 -0.081888 0.995848
1345.599428 300.335462 -32.644857 3.402655 -0.012815 0.035314 -0.081647 0.995953
1345.699270 300.439589 -32.664709 3.404597 -0.014467 0.038018 -0.081855 0.995814
1345.799523 300.550201 -32.684374 3.406785 -0.014879 0.038804 -0.082083 0.995759
1345.899363 300.660110 -32.704637 3.409172 -0.015428 0.036553 -0.081826 0.995857
1345.999199 300.772548 -32.719345 3.406900 -0.014504 0.032943 -0.081634 0.996012
1346.099429 300.883216 -32.732414 3.397892 -0.015005 0.030637 -0.081838 0.996062
1346.199268 300.989393 -32.749186 3.390135 -0.014909 0.031075 -0.081833 0.996050
1346.299508 301.092649 -32.765235 3.386567 -0.014125 0.033082 -0.081808 0.995999
1346.399353 301.197319 -32.784144 3.380787 -0.013905 0.036455 -0.082095 0.995861
1346.499187 301.306410 -32.805718 3.372139 -0.013400 0.039224 -0.081992 0.995771
1346.599821 301.408119 -32.823667 3.363612 -0.014090 0.039395 -0.082052 0.995749
1346.699667 301.505917 -32.834327 3.351885 -0.013981 0.035927 -0.082253 0.995866
1346.799512 301.601690 -32.849512 3.341401 -0.014569 0.033834 -0.082116 0.995942
1346.899342 301.698489 -32.869437 3.329678 -0.014222 0.034272 -0.082141 0.995930
1346.999175 301.799593 -32.885941 3.318018 -0.014323 0.036520 -0.082407 0.995826
1347.099821 301.908571 -32.903351 3.305434 -0.013792 0.038642 -0.082508 0.995745
1347.199651 302.012785 -32.916476 3.297397 -0.015739 0.039575 -0.082394 0.995689
1347.299492 302.118392 -32.933117 3.292345 -0.016647 0.038834 -0.081853 0.995748
1347.399333 302.229562 -32.950461 3.287919 -0.017873 0.038468 -0.082006 0.995729
1347.499186 302.330446 -32.964308 3.278762 -0.019004 0.038930 -0.082270 0.995668
1347.599818 302.417681 -32.974938 3.270556 -0.017883 0.039795 -0.082163 0.995663
1347.699676 302.505504 -32.985201 3.265451 -0.015109 0.038808 -0.082326 0.995735
1347.799514 302.606873 -32.996572 3.262957 -0.012207 0.037674 -0.082746 0.995783
1347.899359 302.715085 -33.004947 3.266317 -0.012688 0.036240 -0.083100 0.995801
1347.999199 302.821564 -33.016512 3.261539 -0.013848 0.035294 -0.083106 0.995819
1348.099437 302.929562 -33.030198 3.254217 -0.013520 0.035968 -0.082796 0.995825
1348.199285 303.036707 -33.043456 3.249505 -0.014549 0.035589 -0.082278 0.995867
1348.299123 303.137580 -33.056316 3.251177 -0.015642 0.034812 -0.081592 0.995935
1348.399765 303.234239 -33.067740 3.256533 -0.015936 0.033301 -0.081059 0.996025
1348.499623 303.328144 -33.078592 3.259422 -0.014025 0.032840 -0.081226 0.996056
1348.599463 303.424987 -33.089878 3.258155 -0.013426 0.031087 -0.081721 0.996080
1348.699302 303.520047 -33.101707 3.253138 -0.012984 0.030845 -0.082367 0.996040
1348.799142 303.613183 -33.113103 3.250220 -0.012866 0.033259 -0.082618 0.995943
1348.899779 303.701680 -33.121911 3.251373 -0.011644 0.034833 -0.082885 0.995882
1348.999626 303.789256 -33.128305 3.250586 -0.011531 0.034824 -0.083500 0.995832
1349.099459 303.877123 -33.139242 3.249056 -0.012180 0.033705 -0.083896 0.995830
1349.199297 303.970563 -33.149186 3.247448 -0.011974 0.035046 -0.084271 0.995754
1349.299141 304.066410 -33.157772 3.244572 -0.012899 0.036846 -0.084811 0.995632
1349.399793 304.161693 -33.170277 3.246265 -0.013574 0.039283 -0.084702 0.995539
1349.499623 304.256982 -33.183448 3.243602 -0.013059 0.040188 -0.084838 0.995498
1349.599465 304.357148 -33.200404 3.240574 -0.011811 0.040033 -0.085021 0.995505
1349.699301 304.452711 -33.215067 3.243448 -0.011841 0.039140 -0.084758 0.995562
1349.799136 304.548273 -33.229195 3.243410 -0.012739 0.039142 -0.084469 0.995575
1349.899782 304.641304 -33.242957 3.240809 -0.014602 0.039590 -0.084172 0.995557
1349.999630 304.738593 -33.257410 3.233261 -0.014887 0.040835 -0.083821 0.995533
1350.099460 304.835571 -33.272152 3.226956 -0.014859 0.041241 -0.083777 0.995520
1350.199309 304.927635 -33.287300 3.222772 -0.013974 0.039773 -0.083638 0.995604
1350.299149 305.014661 -33.308127 3.234371 -0.014717 0.038802 -0.083384 0.995653
1350.399788 305.103152 -33.325206 3.237805 -0.015831 0.038647 -0.083591 0.995625
1350.499608 305.189132 -33.338751 3.237237 -0.017228 0.039731 -0.082905 0.995616
1350.599439 305.275316 -33.357775 3.231877 -0.017530 0.042409 -0.081763 0.995595
1350.699286 305.371540 -33.376813 3.218285 -0.017948 0.043928 -0.081135 0.995573
1350.799125 305.477730 -33.394971 3.200683 -0.018567 0.044394 -0.080871 0.995562
1350.899770 305.578524 -33.413007 3.188063 -0.018980 0.043307 -0.081018 0.995590
1350.999626 305.679541 -33.433421 3.187313 -0.017372 0.041589 -0.081004 0.995694
1351.099463 305.786391 -33.454458 3.182818 -0.015981 0.042098 -0.081199 0.995680
1351.199300 305.895136 -33.472187 3.173885 -0.015711 0.044735 -0.081405 0.995553
1351.299128 305.994129 -33.482892 3.165199 -0.015204 0.046387 -0.081278 0.995495
1351.399771 306.101419 -33.497619 3.142252 -0.014844 0.045042 -0.081263 0.995564
1351.499596 306.208036 -33.519331 3.128304 -0.014778 0.042276 -0.080890 0.995716
1351.599437 306.314065 -33.539011 3.121003 -0.014750 0.040997 -0.080732 0.995783
1351.699262 306.425043 -33.555620 3.122884 -0.014405 0.042930 -0.080907 0.995692
1351.799495 306.539754 -33.574662 3.118497 -0.014271 0.044673 -0.080949 0.995614
1351.899337 306.648283 -33.589888 3.121709 -0.014708 0.045254 -0.081136 0.995567
1351.999183 306.745992 -33.602166 3.120158 -0.016314 0.042552 -0.081557 0.995626
1352.099823 306.853332 -33.614015 3.111691 -0.015342 0.039694 -0.081849 0.995736
1352.199665 306.967292 -33.634122 3.114455 -0.012743 0.038899 -0.081955 0.995795
1352.299499 307.084487 -33.651238 3.118464 -0.009660 0.039776 -0.082042 0.995788
1352.399334 307.195917 -33.667816 3.115142 -0.008733 0.043137 -0.082073 0.995654
1352.499170 307.308062 -33.684333 3.110855 -0.010217 0.045697 -0.081941 0.995537
1352.599803 307.420952 -33.700584 3.112601 -0.011273 0.044953 -0.082197 0.995538
1352.699648 307.541953 -33.717468 3.119059 -0.013143 0.042954 -0.082593 0.995571
1352.799483 307.664770 -33.735854 3.122845 -0.014169 0.041370 -0.082591 0.995624
1352.899332 307.785375 -33.752631 3.123138 -0.015774 0.042205 -0.082891 0.995540
1352.999159 307.893466 -33.776611 3.113730 -0.016120 0.042654 -0.082544 0.995544
1353.099798 307.996327 -33.797217 3.114854 -0.014054 0.040380 -0.082614 0.995664
1353.199632 308.104614 -33.814931 3.117143 -0.013847 0.038737 -0.082943 0.995705
1353.299477 308.217643 -33.830912 3.116131 -0.015824 0.039029 -0.082761 0.995679
1353.399320 308.335140 -33.845783 3.112830 -0.017316 0.040987 -0.082308 0.995613
1353.499154 308.448047 -33.861855 3.100116 -0.017850 0.042963 -0.081849 0.995558
1353.599780 308.575673 -33.885447 3.098959 -0.018949 0.044558 -0.081437 0.995502
1353.699620 308.708228 -33.905952 3.101108 -0.020321 0.043651 -0.081552 0.995505
1353.799463 308.823069 -33.921065 3.105385 -0.021599 0.040095 -0.081994 0.995592
1353.899305 308.943774 -33.935073 3.107990 -0.023173 0.036907 -0.081230 0.995742
1353.999150 309.062707 -33.954114 3.110276 -0.023667 0.035518 -0.079884 0.995890
1354.099781 309.181487 -33.969474 3.112424 -0.023231 0.036738 -0.078150 0.995994
1354.199621 309.302508 -33.984422 3.109372 -0.021475 0.038341 -0.075177 0.996201
1354.299452 309.429216 -33.996117 3.101161 -0.023391 0.038518 -0.071194 0.996444
1354.399290 309.561316 -34.001359 3.092099 -0.026997 0.038074 -0.066706 0.996680
1354.499133 309.693730 -34.004907 3.088102 -0.027469 0.038201 -0.061647 0.996988
1354.599758 309.826423 -34.011191 3.095130 -0.026373 0.039028 -0.057517 0.997233
1354.699600 309.949864 -34.018758 3.100368 -0.021191 0.039157 -0.056386 0.997416
1354.799425 310.067741 -34.024851 3.104486 -0.018861 0.038490 -0.056554 0.997479
1354.899261 310.187814 -34.029766 3.104807 -0.016206 0.037538 -0.056903 0.997542
1354.999508 310.295338 -34.030740 3.100455 -0.013629 0.034926 -0.057054 0.997667
1355.099356 310.400712 -34.030425 3.088689 -0.012608 0.032300 -0.056543 0.997798
1355.199190 310.522041 -34.031066 3.090464 -0.014325 0.033466 -0.055726 0.997782
1355.299827 310.637416 -34.036537 3.095022 -0.015578 0.034725 -0.055624 0.997726
1355.399666 310.749049 -34.045411 3.095843 -0.017217 0.030122 -0.056264 0.997813
1355.499500 310.859391 -34.049772 3.095237 -0.019510 0.025553 -0.057264 0.997841
1355.599323 310.976796 -34.050769 3.107533 -0.021220 0.021634 -0.057337 0.997895
1355.699151 311.097028 -34.053019 3.092738 -0.018524 0.014961 -0.057285 0.998074
1355.799792 311.211567 -34.056654 3.082036 -0.016206 0.018778 -0.058021 0.998007
1355.899625 311.317474 -34.063750 3.078430 -0.014297 0.024969 -0.058361 0.997881
1355.999455 311.417045 -34.070951 3.080496 -0.013055 0.024820 -0.059646 0.997826
1356.099296 311.513968 -34.075917 3.079187 -0.014138 0.023799 -0.061675 0.997712
1356.199141 311.602941 -34.082133 3.087150 -0.015784 0.018031 -0.063811 0.997674
1356.299777 311.693430 -34.090479 3.087254 -0.015538 0.004398 -0.064578 0.997782
1356.399621 311.780351 -34.099329 3.090036 -0.015942 0.008903 -0.065764 0.997668
1356.499451 311.857896 -34.105515 3.085565 -0.015176 0.021276 -0.067099 0.997404
1356.599289 311.922300 -34.110488 3.081049 -0.015659 0.024338 -0.068766 0.997213
1356.699134 311.984813 -34.116260 3.078791 -0.015117 0.026183 -0.070651 0.997043
1356.799792 312.048839 -34.120262 3.085176 -0.017534 0.014377 -0.071255 0.997200
1356.899628 312.117059 -34.125165 3.083432 -0.019591 0.011304 -0.071451 0.997188
1356.999471 312.184573 -34.130641 3.070931 -0.020071 0.017570 -0.071117 0.997111
1357.099317 312.255000 -34.138775 3.066103 -0.019575 0.025650 -0.070481 0.996991
1357.199161 312.316888 -34.146588 3.061787 -0.019195 0.026826 -0.070110 0.996994
1357.299807 312.365825 -34.153287 3.070484 -0.017853 0.010200 -0.069589 0.997364
1357.399656 312.404896 -34.154709 3.092669 -0.016470 -0.002476 -0.069690 0.997430
1357.499503 312.434694 -34.152927 3.099205 -0.015599 0.005140 -0.070451 0.997380
1357.599334 312.467787 -34.153533 3.094921 -0.015804 0.018279 -0.070860 0.997194
1357.699176 312.497544 -34.153030 3.077521 -0.015817 0.028283 -0.071165 0.996938
1357.799813 312.525892 -34.158031 3.067671 -0.016093 0.032041 -0.070898 0.996839
1357.899657 312.564799 -34.166335 3.072987 -0.015656 0.034982 -0.070643 0.996765
1357.999496 312.615024 -34.173416 3.080797 -0.015465 0.036402 -0.070412 0.996734
1358.099337 312.670757 -34.179620 3.084807 -0.015282 0.039552 -0.070399 0.996617
1358.199151 312.712368 -34.182097 3.081659 -0.014462 0.045167 -0.070241 0.996402
1358.299792 312.752889 -34.186165 3.073213 -0.014374 0.050785 -0.070331 0.996126
1358.399637 312.796939 -34.190659 3.066626 -0.013858 0.053962 -0.070506 0.995954
1358.499468 312.844728 -34.197068 3.064222 -0.013838 0.054668 -0.070752 0.995899
1358.599319 312.887027 -34.205499 3.065044 -0.013965 0.052898 -0.071050 0.995971
1358.699155 312.926497 -34.213716 3.064327 -0.014453 0.052408 -0.071194 0.995980
1358.799801 312.978150 -34.221546 3.061300 -0.014947 0.054153 -0.071585 0.995851
1358.899648 313.042822 -34.228232 3.060595 -0.014816 0.056634 -0.071741 0.995704
1358.999488 313.104618 -34.237090 3.055623 -0.015380 0.059362 -0.071917 0.995524
1359.099336 313.171505 -34.249968 3.041536 -0.015410 0.061749 -0.072097 0.995365
1359.199169 313.244487 -34.266433 3.030451 -0.014472 0.065610 -0.072093 0.995132
1359.299804 313.332368 -34.279025 3.013948 -0.014036 0.070218 -0.072399 0.994802
1359.399633 313.425164 -34.291331 2.996844 -0.014035 0.074895 -0.072570 0.994448
1359.499469 313.527758 -34.304094 2.982054 -0.013546 0.076063 -0.072534 0.994369
1359.599305 313.631649 -34.320489 2.975925 -0.013920 0.072332 -0.072527 0.994643
1359.699150 313.746729 -34.342808 2.969476 -0.015444 0.068301 -0.072793 0.994886
1359.799784 313.869299 -34.363292 2.959051 -0.015175 0.065827 -0.072830 0.995054
1359.899627 313.996977 -34.380921 2.944570 -0.014808 0.064884 -0.072018 0.995180
1359.999470 314.129786 -34.399365 2.934040 -0.017175 0.062735 -0.070885 0.995362
1360.099307 314.262534 -34.422346 2.930470 -0.020562 0.060335 -0.069851 0.995519
1360.199164 314.393564 -34.439385 2.933861 -0.021347 0.056435 -0.070053 0.995717
1360.299813 314.528879 -34.454385 2.936324 -0.019231 0.051436 -0.071415 0.995934
1360.399645 314.666182 -34.475314 2.937608 -0.014031 0.051794 -0.073199 0.995873
1360.499477 314.798948 -34.496888 2.930584 -0.010080 0.052210 -0.074978 0.995766
1360.599322 314.934741 -34.516242 2.922196 -0.006888 0.047968 -0.076058 0.995925
1360.699151 315.075761 -34.536396 2.919708 -0.005347 0.041906 -0.076837 0.996148
1360.799780 315.219416 -34.552985 2.916922 -0.008851 0.037829 -0.077065 0.996269
1360.899615 315.367273 -34.565035 2.924920 -0.014295 0.035962 -0.076736 0.996300
1360.999455 315.524143 -34.583090 2.929136 -0.016944 0.037434 -0.076273 0.996240
1361.099311 315.679428 -34.613041 2.928170 -0.016940 0.038351 -0.075709 0.996248
1361.199171 315.827883 -34.639848 2.921370 -0.016675 0.039160 -0.075658 0.996225
1361.299815 315.964915 -34.661604 2.915666 -0.016877 0.038750 -0.075256 0.996268
1361.399660 316.094684 -34.679346 2.919427 -0.016052 0.040883 -0.075154 0.996204
1361.499504 316.239789 -34.701655 2.920499 -0.014847 0.041489 -0.074610 0.996239
1361.599350 316.382517 -34.722946 2.920541 -0.014212 0.042260 -0.074504 0.996223
1361.699195 316.520137 -34.742861 2.918866 -0.014254 0.042362 -0.074121 0.996247
1361.799841 316.665146 -34.761062 2.916524 -0.014009 0.040804 -0.073241 0.996381
1361.899694 316.809571 -34.782093 2.910079 -0.014716 0.038286 -0.072679 0.996512
1361.999520 316.945503 -34.798929 2.901560 -0.016694 0.039206 -0.072573 0.996452
1362.099368 317.081394 -34.815711 2.897503 -0.016292 0.042465 -0.072028 0.996365
1362.199212 317.214851 -34.833933 2.894486 -0.016134 0.045493 -0.072213 0.996221
1362.299461 317.348902 -34.851721 2.893887 -0.015748 0.048258 -0.072505 0.996075
1362.399305 317.495101 -34.870132 2.901015 -0.018409 0.048631 -0.073148 0.995965
1362.499148 317.644811 -34.886663 2.905359 -0.021274 0.045602 -0.073658 0.996013
1362.599800 317.804501 -34.904744 2.906837 -0.023681 0.041046 -0.073797 0.996147
1362.699638 317.954276 -34.920817 2.900911 -0.023294 0.037988 -0.073867 0.996272
1362.799473 318.095258 -34.932167 2.893398 -0.021671 0.036270 -0.073339 0.996412
1362.899315 318.226380 -34.940005 2.891263 -0.020069 0.035487 -0.072772 0.996515
1362.999146 318.357392 -34.946767 2.887601 -0.018796 0.035148 -0.072113 0.996600
1363.099783 318.484077 -34.957971 2.886281 -0.016534 0.036371 -0.072077 0.996599
1363.199627 318.604777 -34.967792 2.885012 -0.016871 0.038294 -0.072591 0.996484
1363.299469 318.731927 -34.977024 2.883133 -0.016047 0.039800 -0.073040 0.996405
1363.399299 318.854518 -34.988427 2.876494 -0.014192 0.040756 -0.072974 0.996400
1363.499141 318.974002 -34.998283 2.873861 -0.015148 0.040740 -0.072405 0.996428
1363.599790 319.108400 -35.008617 2.872009 -0.016962 0.039257 -0.071549 0.996520
1363.699635 319.246756 -35.019370 2.870001 -0.018276 0.036727 -0.071299 0.996611
1363.799486 319.383881 -35.030243 2.872068 -0.018443 0.037715 -0.071525 0.996555
1363.899331 319.514958 -35.045029 2.873354 -0.017107 0.038798 -0.071747 0.996521
1363.999188 319.642851 -35.060968 2.869330 -0.016037 0.037244 -0.071847 0.996591
1364.099825 319.779152 -35.074018 2.864452 -0.017017 0.034178 -0.072196 0.996659
1364.199676 319.914276 -35.084857 2.858405 -0.018630 0.034212 -0.072437 0.996612
1364.299502 320.047015 -35.100022 2.855741 -0.019715 0.035052 -0.072614 0.996549
1364.399334 320.170114 -35.113945 2.856170 -0.020321 0.037556 -0.072837 0.996429
1364.499173 320.287833 -35.121192 2.855645 -0.018604 0.038230 -0.073081 0.996419
1364.599811 320.398973 -35.128028 2.856894 -0.017518 0.038682 -0.072671 0.996452
1364.699647 320.505711 -35.137911 2.855586 -0.016898 0.036358 -0.072128 0.996589
1364.799467 320.616368 -35.149568 2.856401 -0.017900 0.034954 -0.071808 0.996645
1364.899315 320.732753 -35.160098 2.854053 -0.018978 0.035196 -0.071565 0.996634
1364.999152 320.847701 -35.171697 2.848229 -0.018555 0.036602 -0.071263 0.996613
1365.099797 320.955100 -35.182711 2.844794 -0.018141 0.036227 -0.071246 0.996636
1365.199628 321.061843 -35.191583 2.842347 -0.017582 0.036090 -0.071323 0.996645
1365.299458 321.178160 -35.199608 2.839724 -0.018034 0.036562 -0.071417 0.996613
1365.399294 321.298995 -35.210153 2.837455 -0.016603 0.037054 -0.071547 0.996610
1365.499150 321.416982 -35.222184 2.830957 -0.015321 0.037742 -0.071580 0.996603
1365.599795 321.535780 -35.233016 2.832886 -0.015157 0.038305 -0.071518 0.996588
1365.699637 321.641628 -35.243205 2.836917 -0.015748 0.038228 -0.071366 0.996593
1365.799479 321.741681 -35.251034 2.834476 -0.015484 0.038776 -0.071463 0.996569
1365.899328 321.844909 -35.257597 2.828817 -0.015282 0.038591 -0.071800 0.996555
1365.999172 321.947145 -35.265679 2.825455 -0.016138 0.036561 -0.072026 0.996602
1366.099808 322.040163 -35.275899 2.826827 -0.016234 0.036822 -0.072453 0.996560
1366.199647 322.132383 -35.288602 2.825876 -0.015507 0.036626 -0.072781 0.996555
1366.299472 322.231919 -35.298383 2.822088 -0.015121 0.036572 -0.072880 0.996555
1366.399309 322.339648 -35.307050 2.818862 -0.014587 0.037397 -0.072837 0.996536
1366.499152 322.447404 -35.317041 2.818543 -0.015370 0.037763 -0.072802 0.996513
1366.599790 322.548604 -35.329217 2.822125 -0.016404 0.037492 -0.072401 0.996536
1366.699630 322.649385 -35.341743 2.822037 -0.015850 0.038573 -0.072057 0.996528
1366.799461 322.766635 -35.356746 2.821808 -0.015192 0.042519 -0.071779 0.996398
1366.899305 322.882283 -35.372900 2.815579 -0.013406 0.049408 -0.071415 0.996132
1366.999136 322.991392 -35.384955 2.804675 -0.013643 0.054090 -0.071219 0.995900
1367.099785 323.095189 -35.394689 2.786612 -0.014715 0.057074 -0.071061 0.995729
1367.199609 323.206881 -35.407364 2.768110 -0.014165 0.061084 -0.071477 0.995469
1367.299453 323.326688 -35.423891 2.754510 -0.012764 0.064311 -0.071544 0.995280
1367.399283 323.444192 -35.439320 2.740949 -0.012738 0.063193 -0.071389 0.995363
1367.499128 323.563635 -35.454773 2.726896 -0.014425 0.058719 -0.071093 0.995635
1367.599765 323.676253 -35.466389 2.707027 -0.015001 0.053685 -0.070908 0.995924
1367.699592 323.791237 -35.478577 2.689695 -0.014452 0.051351 -0.070750 0.996067
1367.799420 323.919069 -35.494498 2.678586 -0.014808 0.051757 -0.070972 0.996025
1367.899267 324.051870 -35.510297 2.661533 -0.012706 0.048351 -0.071929 0.996156
1367.999502 324.182822 -35.525385 2.645154 -0.008468 0.047271 -0.072890 0.996183
1368.099341 324.313272 -35.538751 2.633864 -0.007856 0.049677 -0.074223 0.995973
1368.199175 324.438917 -35.550635 2.628533 -0.008690 0.050348 -0.075266 0.995854
1368.299817 324.567279 -35.566676 2.622042 -0.010551 0.049563 -0.075176 0.995882
1368.399665 324.690946 -35.579628 2.620698 -0.011758 0.049936 -0.074756 0.995881
1368.499507 324.829633 -35.598360 2.617270 -0.012474 0.048964 -0.074476 0.995942
1368.599359 324.976973 -35.620721 2.615437 -0.010575 0.047289 -0.074050 0.996077
1368.699182 325.125139 -35.639009 2.620210 -0.011436 0.046258 -0.073741 0.996138
1368.799834 325.279685 -35.661018 2.619393 -0.015869 0.049192 -0.073635 0.995945
1368.899671 325.438912 -35.681094 2.613051 -0.019955 0.052209 -0.073579 0.995722
1368.999504 325.583308 -35.696992 2.609373 -0.020831 0.051530 -0.074065 0.995703
1369.099347 325.718269 -35.710662 2.611555 -0.019127 0.049668 -0.074705 0.995784
1369.199190 325.851036 -35.727749 2.612580 -0.017155 0.047727 -0.075512 0.995854
1369.299827 325.987188 -35.747781 2.614172 -0.016383 0.046957 -0.076076 0.995861
1369.399668 326.131224 -35.764430 2.611907 -0.016280 0.047504 -0.076434 0.995809
1369.499510 326.282152 -35.778534 2.608609 -0.017530 0.049096 -0.076305 0.995721
1369.599349 326.441898 -35.791417 2.605455 -0.016715 0.048075 -0.075555 0.995842
1369.699182 326.600554 -35.804800 2.602676 -0.016257 0.045197 -0.074786 0.996042
1369.799827 326.753567 -35.820560 2.599905 -0.016407 0.045080 -0.074517 0.996065
1369.899673 326.899172 -35.837631 2.602221 -0.015115 0.046805 -0.074388 0.996016
1369.999516 327.039053 -35.852038 2.606732 -0.014497 0.047347 -0.074547 0.995987
1370.099371 327.180294 -35.864471 2.608034 -0.014243 0.046627 -0.074920 0.995997
1370.199197 327.322412 -35.877424 2.607094 -0.012907 0.045509 -0.075260 0.996041
1370.299838 327.463830 -35.890998 2.603140 -0.012766 0.045190 -0.075479 0.996041
1370.399681 327.608935 -35.906269 2.596491 -0.012920 0.043695 -0.075388 0.996113
1370.499513 327.765960 -35.925283 2.592977 -0.014086 0.043436 -0.075391 0.996108
1370.599352 327.926627 -35.942259 2.588500 -0.012892 0.045264 -0.075535 0.996032
1370.699191 328.081162 -35.959212 2.584083 -0.011873 0.049008 -0.075767 0.995850
1370.799832 328.232407 -35.976906 2.584852 -0.011805 0.052893 -0.075960 0.995637
1370.899658 328.386628 -35.993224 2.588351 -0.012058 0.052944 -0.076397 0.995598
1370.999493 328.542283 -36.007095 2.591986 -0.013317 0.050895 -0.077131 0.995632
1371.099328 328.689651 -36.024006 2.589444 -0.014041 0.048565 -0.077637 0.995699
1371.199178 328.830988 -36.043676 2.580290 -0.013488 0.046770 -0.077974 0.995766
1371.299822 328.980271 -36.066953 2.570737 -0.012134 0.046573 -0.078303 0.995767
1371.399647 329.136352 -36.088917 2.565167 -0.011727 0.048237 -0.078550 0.995673
1371.499484 329.297553 -36.108360 2.564966 -0.011310 0.050907 -0.078778 0.995527
1371.599315 329.450917 -36.122468 2.569496 -0.010542 0.051755 -0.078629 0.995504
1371.699158 329.593413 -36.139718 2.565608 -0.011923 0.050027 -0.078273 0.995605
1371.799795 329.738314 -36.161044 2.556985 -0.014356 0.048828 -0.077976 0.995655
1371.899632 329.895915 -36.187709 2.544742 -0.016087 0.049263 -0.077944 0.995610
1371.999461 330.052202 -36.212054 2.529426 -0.016594 0.047732 -0.077808 0.995687
1372.099295 330.210949 -36.235714 2.516954 -0.016160 0.043024 -0.077455 0.995936
1372.199136 330.370769 -36.258488 2.502382 -0.015505 0.038332 -0.077431 0.996140
1372.299781 330.531424 -36.277068 2.489659 -0.015295 0.035572 -0.077748 0.996221
1372.399637 330.682093 -36.299159 2.475852 -0.014941 0.033322 -0.077934 0.996289
1372.499479 330.830054 -36.322396 2.457261 -0.014542 0.031523 -0.078233 0.996330
1372.599312 330.967701 -36.344437 2.436298 -0.015082 0.031758 -0.078212 0.996317
1372.699147 331.088294 -36.361457 2.413273 -0.014954 0.034408 -0.078324 0.996222
1372.799792 331.203639 -36.376547 2.390375 -0.013995 0.038102 -0.078347 0.996099
1372.899629 331.327677 -36.393704 2.362664 -0.013795 0.041267 -0.078366 0.995975
1372.999463 331.458796 -36.412854 2.341041 -0.013630 0.044446 -0.078342 0.995842
1373.099308 331.602105 -36.435021 2.323131 -0.013677 0.046578 -0.077970 0.995773
1373.199151 331.748041 -36.456613 2.299932 -0.014244 0.046732 -0.078065 0.995751
1373.299802 331.891109 -36.479237 2.276444 -0.014546 0.046649 -0.078121 0.995746
1373.399637 332.023019 -36.498868 2.251279 -0.013536 0.045630 -0.078105 0.995808
1373.499492 332.154407 -36.519887 2.230352 -0.013981 0.045664 -0.078169 0.995796
1373.599331 332.292970 -36.543878 2.213811 -0.013504 0.045471 -0.077834 0.995837
1373.699174 332.434134 -36.564247 2.198877 -0.014023 0.046076 -0.077761 0.995808
1373.799819 332.580934 -36.585212 2.183449 -0.014355 0.048335 -0.077659 0.995704
1373.899661 332.722813 -36.607493 2.173787 -0.014896 0.051836 -0.077725 0.995515
1373.999502 332.864884 -36.631021 2.169922 -0.015070 0.052370 -0.077765 0.995481
1374.099345 332.999277 -36.651982 2.168249 -0.015329 0.050896 -0.077897 0.995543
1374.199190 333.128240 -36.672965 2.162016 -0.015866 0.048701 -0.078062 0.995632
1374.299837 333.279422 -36.695943 2.156646 -0.015586 0.048709 -0.078387 0.995610
1374.399676 333.424518 -36.719423 2.154284 -0.014850 0.049367 -0.078588 0.995573
1374.499510 333.563172 -36.742191 2.154314 -0.014630 0.049437 -0.078690 0.995565
1374.599355 333.696107 -36.762563 2.155205 -0.016107 0.048708 -0.078829 0.995567
1374.699177 333.834889 -36.784910 2.157110 -0.017463 0.047651 -0.078970 0.995584
1374.799828 333.987056 -36.812090 2.153543 -0.016953 0.047535 -0.079325 0.995571
1374.899654 334.128037 -36.836917 2.148709 -0.015590 0.049927 -0.079665 0.995449
1374.999487 334.270768 -36.859188 2.147472 -0.014164 0.052890 -0.080086 0.995283
1375.099320 334.429280 -36.881900 2.151109 -0.015434 0.054723 -0.080057 0.995167
1375.199162 334.594934 -36.906217 2.151831 -0.016302 0.053304 -0.080354 0.995207
1375.299803 334.759637 -36.935983 2.149706 -0.017076 0.050081 -0.080936 0.995314
1375.399630 334.906768 -36.964130 2.149246 -0.018063 0.048563 -0.081054 0.995362
1375.499481 335.052872 -36.989781 2.146547 -0.016233 0.047281 -0.080676 0.995486
1375.599316 335.207922 -37.015921 2.141498 -0.014400 0.048752 -0.080252 0.995477
1375.699163 335.366144 -37.040539 2.137093 -0.013423 0.048786 -0.080256 0.995489
1375.799795 335.525994 -37.066143 2.132410 -0.012050 0.045210 -0.080125 0.995686
1375.899631 335.686338 -37.095237 2.137256 -0.012386 0.042503 -0.079350 0.995863
1375.999471 335.853601 -37.122859 2.141418 -0.014644 0.042397 -0.079300 0.995841
1376.099304 336.024286 -37.150428 2.139595 -0.019903 0.045920 -0.079555 0.995573
1376.199146 336.186418 -37.174077 2.132441 -0.022858 0.044328 -0.080003 0.995546
1376.299778 336.332505 -37.195783 2.124306 -0.019203 0.042148 -0.080311 0.995693
1376.399624 336.483950 -37.222580 2.117781 -0.013474 0.042809 -0.081120 0.995693
1376.499460 336.636741 -37.250289 2.115702 -0.012119 0.044291 -0.081651 0.995603
1376.599307 336.792296 -37.276363 2.114806 -0.016748 0.043910 -0.080384 0.995655
1376.699164 336.957711 -37.303198 2.115843 -0.017379 0.043632 -0.078596 0.995800
1376.799804 337.118770 -37.328011 2.118968 -0.016021 0.041551 -0.078178 0.995944
1376.899630 337.279947 -37.352514 2.120067 -0.018625 0.038616 -0.078143 0.996020
1376.999472 337.444958 -37.379551 2.117749 -0.023117 0.035801 -0.077124 0.996110
1377.099316 337.603569 -37.407261 2.113198 -0.023844 0.035017 -0.076620 0.996160
1377.199159 337.751735 -37.432533 2.108845 -0.023539 0.034798 -0.076124 0.996213
1377.299801 337.895080 -37.453627 2.106189 -0.022698 0.034792 -0.075770 0.996260
1377.399648 338.038469 -37.475087 2.104116 -0.022442 0.035030 -0.075092 0.996308
1377.499486 338.179850 -37.495138 2.104343 -0.022326 0.035233 -0.074518 0.996347
1377.599336 338.314853 -37.514848 2.100639 -0.023589 0.033950 -0.074396 0.996372
1377.699180 338.442644 -37.535879 2.096591 -0.025478 0.033964 -0.074962 0.996282
1377.799829 338.567048 -37.557670 2.090063 -0.026717 0.034790 -0.075260 0.996199
1377.899661 338.699949 -37.577107 2.088635 -0.024039 0.036367 -0.074908 0.996237
1377.999503 338.833765 -37.594980 2.090266 -0.020851 0.037271 -0.074865 0.996279
1378.099338 338.964794 -37.613635 2.089201 -0.022185 0.037248 -0.074948 0.996245
1378.199195 339.101713 -37.629995 2.087063 -0.022786 0.037657 -0.074923 0.996218
1378.299837 339.246648 -37.648966 2.083502 -0.022905 0.037917 -0.074770 0.996216
1378.399685 339.388337 -37.667103 2.081211 -0.022973 0.039608 -0.074758 0.996150
1378.499516 339.528477 -37.684368 2.079006 -0.021441 0.041495 -0.074863 0.996099
1378.599359 339.663438 -37.702665 2.074332 -0.020320 0.041959 -0.074937 0.996098
1378.699188 339.789761 -37.716938 2.069602 -0.021037 0.041513 -0.074956 0.996100
1378.799820 339.909376 -37.729505 2.069538 -0.023077 0.039762 -0.074876 0.996133
1378.899657 340.034626 -37.744377 2.070264 -0.023860 0.038478 -0.074993 0.996156
1378.999495 340.161194 -37.761832 2.072403 -0.025617 0.038125 -0.075314 0.996101
1379.099330 340.287066 -37.774631 2.072183 -0.024557 0.038797 -0.075633 0.996078
1379.199170 340.413412 -37.785573 2.065411 -0.023580 0.039916 -0.075641 0.996057
1379.299818 340.542503 -37.795168 2.058860 -0.025012 0.038563 -0.075496 0.996086
1379.399664 340.681100 -37.805486 2.061728 -0.028158 0.034328 -0.074974 0.996197
1379.499510 340.822002 -37.818647 2.068051 -0.028768 0.032151 -0.074926 0.996255
1379.599350 340.947328 -37.828323 2.069202 -0.027701 0.036137 -0.075341 0.996118
1379.699169 341.058267 -37.831887 2.064448 -0.023759 0.039597 -0.075339 0.996088
1379.799795 341.167303 -37.837533 2.057802 -0.018770 0.043541 -0.075539 0.996015
1379.899641 341.286217 -37.844422 2.053758 -0.017786 0.045443 -0.075829 0.995926
1379.999480 341.399816 -37.849039 2.052935 -0.019185 0.046497 -0.075948 0.995842
1380.099318 341.517972 -37.856377 2.051283 -0.018907 0.044938 -0.075568 0.995948
1380.199170 341.648706 -37.865499 2.048829 -0.019287 0.044438 -0.075447 0.995972
1380.299810 341.781889 -37.872621 2.043106 -0.018369 0.046121 -0.075567 0.995904
1380.399661 341.916336 -37.878359 2.040518 -0.018860 0.049089 -0.075712 0.995742
1380.499498 342.051602 -37.887316 2.043585 -0.020607 0.049302 -0.075561 0.995708
1380.599333 342.187343 -37.898648 2.039636 -0.020147 0.045111 -0.075919 0.995889
1380.699182 342.316039 -37.910277 2.030783 -0.018192 0.041470 -0.076246 0.996060
1380.799826 342.440140 -37.920364 2.028646 -0.015553 0.042612 -0.076267 0.996055
1380.899670 342.563520 -37.928903 2.029599 -0.016315 0.045067 -0.076447 0.995921
1380.999521 342.687191 -37.936925 2.029649 -0.018287 0.045644 -0.076623 0.995847
1381.099375 342.813359 -37.944542 2.028575 -0.018909 0.046207 -0.076808 0.995795
1381.199208 342.947905 -37.953835 2.027264 -0.019141 0.045380 -0.077009 0.995813
1381.299460 343.077541 -37.967569 2.023659 -0.021518 0.044550 -0.077032 0.995800
1381.399300 343.209108 -37.981608 2.015616 -0.023571 0.044850 -0.077225 0.995725
1381.499145 343.345229 -37.996796 2.004583 -0.022134 0.048271 -0.076963 0.995619
1381.599777 343.472797 -38.009564 1.993707 -0.021179 0.049756 -0.076573 0.995596
1381.699619 343.602348 -38.022503 1.986126 -0.020369 0.047598 -0.075795 0.995778
1381.799454 343.735150 -38.030085 1.985660 -0.021295 0.043190 -0.075224 0.996003
1381.899284 343.864307 -38.036258 1.985938 -0.021868 0.042767 -0.075224 0.996009
1381.999127 344.004313 -38.049635 1.976091 -0.021252 0.047257 -0.075370 0.995808
1382.099765 344.147443 -38.063554 1.961874 -0.019648 0.051914 -0.075703 0.995584
1382.199599 344.286536 -38.075614 1.950415 -0.018206 0.052114 -0.076107 0.995570
1382.299438 344.423926 -38.087021 1.946864 -0.018703 0.049533 -0.076644 0.995652
1382.399278 344.556693 -38.095591 1.951977 -0.019279 0.046841 -0.077326 0.995718
1382.499115 344.696860 -38.106408 1.959661 -0.020379 0.046579 -0.077704 0.995679
1382.599754 344.839153 -38.121864 1.962426 -0.018592 0.048699 -0.077540 0.995626
1382.699584 344.984101 -38.137206 1.952222 -0.017597 0.050078 -0.077125 0.995607
1382.799423 345.122682 -38.150764 1.939041 -0.019589 0.048550 -0.076992 0.995656
1382.899261 345.256739 -38.161903 1.932313 -0.021208 0.045337 -0.076991 0.995775
1382.999501 345.397371 -38.173597 1.933480 -0.020725 0.043203 -0.076610 0.995909
1383.099345 345.541498 -38.188388 1.937888 -0.020185 0.041618 -0.076442 0.996001
1383.199171 345.695575 -38.201402 1.941378 -0.020350 0.041898 -0.077091 0.995935
1383.299810 345.842849 -38.213840 1.944628 -0.018911 0.044300 -0.077214 0.995850
1383.399645 345.983818 -38.229594 1.941847 -0.016873 0.044899 -0.076875 0.995886
1383.499479 346.122852 -38.245429 1.934435 -0.016375 0.044893 -0.076934 0.995890
1383.599320 346.259599 -38.262416 1.930743 -0.017293 0.046470 -0.076703 0.995820
1383.699164 346.400540 -38.275433 1.928382 -0.018179 0.045674 -0.076458 0.995860
1383.799807 346.547313 -38.288275 1.925564 -0.018253 0.045858 -0.076708 0.995831
1383.899638 346.691798 -38.300460 1.925016 -0.018561 0.045777 -0.077293 0.995784
1383.999481 346.825050 -38.315057 1.928841 -0.017792 0.044828 -0.077767 0.995804
1384.099323 346.973311 -38.334420 1.928681 -0.018027 0.041461 -0.078275 0.995906
1384.199154 347.121671 -38.354886 1.928540 -0.018055 0.040733 -0.078301 0.995934
1384.299795 347.270063 -38.371095 1.923718 -0.018323 0.042720 -0.078090 0.995862
1384.399637 347.414726 -38.385291 1.920947 -0.019320 0.044361 -0.078056 0.995774
1384.499476 347.560587 -38.402671 1.921656 -0.019200 0.046097 -0.077662 0.995728
1384.599318 347.704029 -38.425104 1.922480 -0.017357 0.044876 -0.077150 0.995858
1384.699154 347.842346 -38.446312 1.921074 -0.017008 0.043581 -0.076936 0.995938
1384.799777 347.975597 -38.465390 1.915001 -0.018860 0.045231 -0.076726 0.995847
1384.899613 348.118178 -38.485339 1.909821 -0.020163 0.048228 -0.076721 0.995681
1384.999461 348.261860 -38.505858 1.906247 -0.020374 0.049029 -0.076818 0.995630
1385.099297 348.413988 -38.525297 1.907214 -0.019467 0.047806 -0.076649 0.995721
1385.199153 348.560089 -38.543591 1.909781 -0.020499 0.047201 -0.076607 0.995732
1385.299781 348.711043 -38.564067 1.911136 -0.019339 0.047058 -0.076583 0.995764
1385.399620 348.847323 -38.585911 1.906977 -0.018687 0.048498 -0.076599 0.995706
1385.499462 348.988616 -38.607717 1.894590 -0.019676 0.051312 -0.076644 0.995543
1385.599286 349.144314 -38.629507 1.876948 -0.021888 0.053876 -0.076659 0.995360
1385.699130 349.300857 -38.650205 1.855183 -0.023000 0.056370 -0.076779 0.995188
1385.799767 349.459820 -38.671405 1.832984 -0.022082 0.059282 -0.076906 0.995029
1385.899614 349.611806 -38.693355 1.815114 -0.018844 0.060652 -0.077130 0.994996
1385.999467 349.762846 -38.715931 1.798635 -0.017867 0.062154 -0.077724 0.994875
1386.099294 349.924615 -38.740598 1.778591 -0.018869 0.060955 -0.077603 0.994940
1386.199137 350.097239 -38.764984 1.752420 -0.023831 0.057024 -0.077363 0.995086
1386.299794 350.264796 -38.791662 1.722472 -0.027530 0.050874 -0.077069 0.995346
1386.399644 350.417377 -38.814801 1.707087 -0.025447 0.049390 -0.076811 0.995496
1386.499489 350.585270 -38.833943 1.706740 -0.020544 0.053218 -0.077034 0.995395
1386.599323 350.759239 -38.852458 1.707518 -0.018520 0.054425 -0.077528 0.995331
1386.699180 350.935958 -38.878478 1.705537 -0.019443 0.054602 -0.077620 0.995297
1386.799824 351.112070 -38.907643 1.700596 -0.020876 0.055848 -0.078338 0.995142
1386.899658 351.282067 -38.929660 1.696029 -0.025194 0.056442 -0.078946 0.994961
1386.999505 351.449479 -38.946015 1.694372 -0.031441 0.054612 -0.079303 0.994857
1387.099340 351.613596 -38.959215 1.696092 -0.031325 0.051543 -0.079265 0.995027
1387.199163 351.790596 -38.976139 1.694200 -0.026939 0.048942 -0.079151 0.995296
1387.299806 351.973932 -38.996379 1.692267 -0.023417 0.044450 -0.079257 0.995587
1387.399645 352.156447 -39.014408 1.688674 -0.023983 0.040210 -0.079425 0.995741
1387.499484 352.327671 -39.031760 1.682254 -0.026551 0.036458 -0.079423 0.995820
1387.599327 352.501445 -39.046233 1.678229 -0.026155 0.036831 -0.078823 0.995865
1387.699187 352.680472 -39.059419 1.672783 -0.023562 0.039734 -0.078190 0.995868
1387.799817 352.853684 -39.075010 1.671616 -0.021041 0.043363 -0.077605 0.995818
1387.899657 353.015211 -39.090580 1.672005 -0.019582 0.047106 -0.077708 0.995670
1387.999511 353.176639 -39.106637 1.669822 -0.020415 0.048488 -0.078138 0.995553
1388.099370 353.339771 -39.121313 1.666013 -0.020432 0.048931 -0.078540 0.995500
1388.199218 353.497432 -39.133893 1.664555 -0.021918 0.049833 -0.078601 0.995419
1388.299453 353.664161 -39.149721 1.662313 -0.021450 0.051895 -0.078459 0.995335
1388.399303 353.839495 -39.165904 1.656140 -0.020257 0.050995 -0.078330 0.995416
1388.499143 354.011131 -39.179183 1.650377 -0.019933 0.047496 -0.078546 0.995579
1388.599784 354.184078 -39.195133 1.651421 -0.019714 0.044319 -0.078756 0.995713
1388.699606 354.352393 -39.214971 1.654905 -0.017110 0.041383 -0.079631 0.995818
1388.799446 354.519965 -39.233405 1.656168 -0.014300 0.040047 -0.082484 0.995685
1388.899290 354.689821 -39.252380 1.654343 -0.015973 0.039701 -0.085051 0.995457
1388.999136 354.854956 -39.270801 1.649821 -0.019737 0.041108 -0.086263 0.995228
1389.099761 355.019102 -39.288996 1.644048 -0.021255 0.042522 -0.086321 0.995133
1389.199600 355.168402 -39.306126 1.637607 -0.020963 0.043656 -0.086201 0.995100
1389.299439 355.328480 -39.328583 1.635322 -0.020141 0.044517 -0.085823 0.995112
1389.399286 355.491444 -39.350650 1.637519 -0.020194 0.044762 -0.085607 0.995118
1389.499139 355.656169 -39.368191 1.639059 -0.020032 0.044066 -0.085890 0.995128
1389.599771 355.814340 -39.387862 1.635584 -0.021321 0.042750 -0.086043 0.995145
1389.699617 355.971689 -39.406812 1.629005 -0.021374 0.041718 -0.086587 0.995141
1389.799452 356.127192 -39.427124 1.624405 -0.021994 0.040306 -0.086899 0.995158
1389.899293 356.281397 -39.450159 1.620194 -0.021933 0.039715 -0.086946 0.995179
1389.999124 356.434682 -39.472744 1.618365 -0.021276 0.040683 -0.086986 0.995151
1390.099768 356.592993 -39.491758 1.620181 -0.018732 0.042645 -0.087251 0.995097
1390.199598 356.741974 -39.511133 1.623203 -0.018139 0.040379 -0.087439 0.995186
1390.299442 356.888334 -39.529535 1.620685 -0.022340 0.037141 -0.087716 0.995202
1390.399295 357.037614 -39.548231 1.610321 -0.025169 0.035289 -0.087809 0.995194
1390.499124 357.194340 -39.567898 1.602265 -0.024292 0.038327 -0.087791 0.995105
1390.599763 357.343413 -39.586628 1.600698 -0.023177 0.040625 -0.087713 0.995047
1390.699588 357.480831 -39.605427 1.604665 -0.021975 0.042067 -0.087778 0.995009
1390.799420 357.620887 -39.625370 1.606372 -0.021618 0.042146 -0.087791 0.995012
1390.899255 357.769876 -39.643754 1.603626 -0.021432 0.041964 -0.087902 0.995014
1390.999491 357.925859 -39.661917 1.599627 -0.021275 0.043190 -0.088120 0.994946
1391.099338 358.077369 -39.679732 1.594396 -0.021514 0.043285 -0.088332 0.994918
1391.199175 358.221090 -39.698285 1.590351 -0.023389 0.042757 -0.088626 0.994872
1391.299797 358.358556 -39.716809 1.588379 -0.024501 0.041739 -0.088613 0.994890
1391.399642 358.493961 -39.735567 1.590395 -0.023850 0.040202 -0.088370 0.994990
1391.499474 358.638578 -39.750281 1.588927 -0.025280 0.039364 -0.088525 0.994975
1391.599313 358.778766 -39.765470 1.583006 -0.024360 0.039204 -0.088514 0.995005
1391.699142 358.923862 -39.781635 1.582409 -0.022876 0.039057 -0.088831 0.995018
1391.799779 359.068674 -39.802111 1.583546 -0.020574 0.038302 -0.089124 0.995071
1391.899609 359.209705 -39.820158 1.579244 -0.016851 0.036625 -0.089185 0.995199
1391.999434 359.348614 -39.833421 1.576211 -0.016422 0.038965 -0.089470 0.995092
1392.099274 359.490096 -39.846096 1.573067 -0.018705 0.040536 -0.089572 0.994979
1392.199504 359.626801 -39.860326 1.568884 -0.020979 0.042139 -0.089316 0.994890
1392.299341 359.759994 -39.878303 1.567172 -0.021672 0.043601 -0.089198 0.994823
1392.399190 359.899025 -39.901700 1.565866 -0.022286 0.044713 -0.088802 0.994796
1392.499837 360.038863 -39.921325 1.561578 -0.024043 0.042057 -0.089509 0.994807
1392.599677 360.171439 -39.935299 1.553551 -0.023726 0.040182 -0.090534 0.994800
1392.699525 360.303560 -39.948902 1.544940 -0.020106 0.043197 -0.090842 0.994725
1392.799374 360.431141 -39.967828 1.533576 -0.018896 0.044189 -0.089904 0.994790
1392.899231 360.560972 -39.983541 1.526817 -0.019434 0.045265 -0.089423 0.994775
1392.999474 360.704149 -40.005472 1.512888 -0.018459 0.044329 -0.088676 0.994902
1393.099303 360.841771 -40.027127 1.500182 -0.018479 0.045547 -0.088719 0.994843
1393.199146 360.975911 -40.047936 1.493083 -0.019724 0.046972 -0.089157 0.994714
1393.299802 361.111964 -40.065312 1.486430 -0.021843 0.046743 -0.089727 0.994629
1393.399634 361.245821 -40.083092 1.478907 -0.021535 0.046010 -0.089754 0.994668
1393.499481 361.383550 -40.105019 1.469537 -0.021506 0.045638 -0.090122 0.994652
1393.599326 361.524579 -40.127913 1.458290 -0.021594 0.045459 -0.090536 0.994621
1393.699166 361.665981 -40.149911 1.447630 -0.021964 0.044351 -0.091131 0.994608
1393.799826 361.803700 -40.173940 1.443492 -0.021700 0.043460 -0.090927 0.994672
1393.899662 361.950642 -40.198625 1.441231 -0.022466 0.044732 -0.090929 0.994599
1393.999518 362.090660 -40.221641 1.435169 -0.022904 0.046765 -0.090722 0.994514
1394.099360 362.219765 -40.242709 1.429769 -0.022450 0.048350 -0.090769 0.994444
1394.199202 362.346568 -40.262034 1.423414 -0.022725 0.047873 -0.090809 0.994457
1394.299438 362.474223 -40.281000 1.418948 -0.020203 0.047892 -0.090532 0.994536
1394.399268 362.609964 -40.301602 1.419549 -0.019998 0.047573 -0.090423 0.994566
1394.499516 362.754901 -40.323589 1.421850 -0.024529 0.048317 -0.090180 0.994450
1394.599356 362.905927 -40.348805 1.415357 -0.029380 0.050232 -0.089842 0.994254
1394.699197 363.053889 -40.371724 1.403738 -0.031936 0.051837 -0.089627 0.994113
1394.799822 363.197379 -40.391047 1.392898 -0.031515 0.050771 -0.089369 0.994204
1394.899660 363.337248 -40.405888 1.386480 -0.030558 0.048470 -0.089437 0.994343
1394.999505 363.487390 -40.417576 1.384245 -0.030574 0.047702 -0.089957 0.994333
1395.099344 363.634055 -40.435312 1.388689 -0.027092 0.046272 -0.089865 0.994510
1395.199192 363.782131 -40.450666 1.389667 -0.027704 0.046880 -0.089571 0.994491
1395.299837 363.932597 -40.460934 1.383684 -0.029813 0.050052 -0.089339 0.994296
1395.399679 364.082301 -40.467575 1.372690 -0.028826 0.049924 -0.089243 0.994340
1395.499522 364.235231 -40.475388 1.363122 -0.025679 0.046092 -0.088986 0.994634
1395.599352 364.390448 -40.484420 1.360202 -0.021271 0.043697 -0.089232 0.994825
1395.699193 364.542510 -40.493220 1.363774 -0.020722 0.046955 -0.089604 0.994654
1395.799834 364.689035 -40.503301 1.364038 -0.025023 0.050053 -0.090062 0.994363
1395.899670 364.836243 -40.511587 1.360779 -0.030314 0.052318 -0.090252 0.994082
1395.999503 364.985910 -40.516781 1.359231 -0.036059 0.052321 -0.090227 0.993892
1396.099346 365.137123 -40.520329 1.354261 -0.038062 0.050944 -0.090175 0.993894
1396.199187 365.283289 -40.523575 1.343017 -0.033913 0.050323 -0.090168 0.994076
1396.299829 365.432510 -40.525246 1.340275 -0.032818 0.053005 -0.090068 0.993982
1396.399681 365.592424 -40.522587 1.338508 -0.036133 0.054298 -0.090875 0.993724
1396.499523 365.761082 -40.518852 1.338081 -0.040615 0.055274 -0.091187 0.993469
1396.599358 365.931741 -40.512506 1.337996 -0.041623 0.053632 -0.091419 0.993496
1396.699192 366.102810 -40.504712 1.331103 -0.040017 0.052142 -0.092011 0.993586
1396.799830 366.276560 -40.493461 1.322759 -0.037297 0.053427 -0.092259 0.993601
1396.899661 366.430239 -40.483692 1.313639 -0.036608 0.055694 -0.091766 0.993548
1396.999506 366.592272 -40.470683 1.308347 -0.037229 0.057409 -0.091864 0.993418
1397.099349 366.769208 -40.451659 1.309067 -0.038174 0.059035 -0.091885 0.993285
1397.199186 366.948064 -40.430587 1.305770 -0.036058 0.058882 -0.091752 0.993385
1397.299810 367.140605 -40.408324 1.302988 -0.031965 0.056519 -0.091891 0.993650
1397.399653 367.315246 -40.383888 1.303544 -0.025456 0.054672 -0.091984 0.993933
1397.499501 367.476458 -40.362522 1.301630 -0.020569 0.054837 -0.091901 0.994044
1397.599344 367.643694 -40.343285 1.295746 -0.018446 0.054602 -0.091492 0.994137
1397.699188 367.808081 -40.321395 1.287652 -0.019134 0.053610 -0.091449 0.994182
1397.799834 367.982374 -40.295254 1.283171 -0.018765 0.050892 -0.091296 0.994345
1397.899673 368.159700 -40.275567 1.282724 -0.018425 0.046055 -0.090782 0.994635
1397.999519 368.332515 -40.260779 1.290998 -0.018821 0.042699 -0.090155 0.994834
1398.099344 368.513932 -40.243400 1.299247 -0.020763 0.042727 -0.089832 0.994823
1398.199187 368.695640 -40.225970 1.291818 -0.018453 0.046291 -0.090407 0.994657
1398.299825 368.882943 -40.210417 1.276766 -0.015421 0.048119 -0.091401 0.994531
1398.399674 369.054148 -40.195947 1.264947 -0.011522 0.046631 -0.092891 0.994517
1398.499510 369.219320 -40.184931 1.258990 -0.011264 0.044533 -0.094721 0.994443
1398.599357 369.385834 -40.177084 1.259790 -0.012039 0.042468 -0.097528 0.994253
1398.699200 369.549570 -40.171856 1.263165 -0.016426 0.040707 -0.098919 0.994127
1398.799443 369.715366 -40.169100 1.262949 -0.017662 0.039345 -0.100323 0.994020
1398.899296 369.880069 -40.162893 1.258483 -0.019730 0.039010 -0.101843 0.993839
1398.999144 370.054280 -40.161396 1.251236 -0.020013 0.040044 -0.103933 0.993576
1399.099776 370.231290 -40.163453 1.241365 -0.017456 0.037523 -0.105895 0.993516
1399.199600 370.393802 -40.165308 1.236136 -0.016718 0.036065 -0.106647 0.993502
1399.299424 370.550785 -40.161582 1.232533 -0.017448 0.039089 -0.106889 0.993349
1399.399266 370.705675 -40.157574 1.224101 -0.017029 0.040596 -0.106497 0.993338
1399.499498 370.863106 -40.158008 1.218914 -0.016946 0.041734 -0.106333 0.993310
1399.599329 371.021610 -40.162600 1.220125 -0.017309 0.042413 -0.106170 0.993292
1399.699155 371.183811 -40.169826 1.220611 -0.015758 0.041363 -0.105825 0.993399
1399.799789 371.339056 -40.175662 1.216467 -0.013980 0.040770 -0.105884 0.993444
1399.899629 371.485242 -40.179482 1.210043 -0.013023 0.041342 -0.105702 0.993453
1399.999464 371.636065 -40.185490 1.208108 -0.010911 0.042552 -0.105523 0.993446
1400.099303 371.788474 -40.193472 1.204686 -0.007906 0.044693 -0.105482 0.993385
1400.199144 371.938559 -40.206358 1.201589 -0.004672 0.047038 -0.105982 0.993244
1400.299793 372.087723 -40.227096 1.197660 -0.004576 0.047928 -0.106349 0.993163
1400.399629 372.230078 -40.249584 1.197672 -0.005430 0.047204 -0.106484 0.993178
1400.499467 372.372026 -40.266680 1.197771 -0.009710 0.044985 -0.106461 0.993251
1400.599306 372.521202 -40.287690 1.193845 -0.015552 0.044593 -0.106301 0.993212
1400.699145 372.672111 -40.312753 1.186908 -0.018462 0.045458 -0.105834 0.993173
1400.799783 372.816973 -40.337199 1.181155 -0.018366 0.044505 -0.105563 0.993246
1400.899616 372.967070 -40.363245 1.179597 -0.018216 0.043545 -0.105684 0.993279
1400.999468 373.109315 -40.393903 1.179070 -0.016475 0.042126 -0.105655 0.993374
1401.099314 373.254877 -40.423851 1.176931 -0.013923 0.039484 -0.106150 0.993468
1401.199153 373.401966 -40.455666 1.172814 -0.014299 0.037513 -0.106515 0.993500
1401.299780 373.544708 -40.483975 1.164492 -0.014199 0.038308 -0.106469 0.993476
1401.399611 373.691133 -40.516720 1.154207 -0.015624 0.040980 -0.106468 0.993348
1401.499446 373.834580 -40.554278 1.146979 -0.016925 0.042062 -0.106313 0.993299
1401.599284 373.975786 -40.589981 1.143884 -0.018665 0.040538 -0.106593 0.993301
1401.699129 374.110127 -40.620972 1.140039 -0.020202 0.039380 -0.106849 0.993290
1401.799772 374.233926 -40.655215 1.138567 -0.021791 0.038063 -0.106745 0.993319
1401.899605 374.356629 -40.689381 1.138005 -0.020515 0.037956 -0.106494 0.993377
1401.999451 374.490544 -40.723790 1.135769 -0.018916 0.039248 -0.106019 0.993409
1402.099289 374.618508 -40.759470 1.131219 -0.017042 0.039352 -0.105738 0.993469
1402.199113 374.746205 -40.793662 1.127089 -0.018295 0.038812 -0.105643 0.993478
1402.299731 374.880927 -40.825804 1.124493 -0.019525 0.038005 -0.105787 0.993470
1402.399576 375.017289 -40.860330 1.121520 -0.020539 0.037204 -0.105840 0.993475
1402.499402 375.154807 -40.896161 1.116157 -0.020437 0.037589 -0.106180 0.993426
1402.599246 375.284905 -40.932174 1.112733 -0.020115 0.039177 -0.106533 0.993333
1402.699481 375.414406 -40.968021 1.113044 -0.020799 0.039696 -0.106934 0.993256
1402.799311 375.536967 -41.002030 1.109578 -0.021113 0.039217 -0.107116 0.993248
1402.899152 375.650533 -41.035520 1.103324 -0.022248 0.038908 -0.106999 0.993248
1402.999796 375.759695 -41.071022 1.101125 -0.022540 0.040733 -0.107148 0.993153
1403.099636 375.882067 -41.106124 1.098648 -0.022244 0.042902 -0.107780 0.993000
1403.199467 376.009243 -41.139444 1.094729 -0.022630 0.043303 -0.108091 0.992940
1403.299301 376.133006 -41.171187 1.091746 -0.021491 0.042498 -0.108288 0.992978
1403.399139 376.253321 -41.200629 1.089756 -0.020717 0.041333 -0.108533 0.993017
1403.499775 376.377097 -41.233675 1.085970 -0.021710 0.039286 -0.108345 0.993099
1403.599628 376.499218 -41.266784 1.080816 -0.022829 0.037973 -0.108373 0.993122
1403.699461 376.618693 -41.302246 1.079564 -0.023459 0.039982 -0.108449 0.993021
1403.799315 376.738840 -41.333813 1.074531 -0.022013 0.041474 -0.108502 0.992987
1403.899148 376.856954 -41.362326 1.070286 -0.022846 0.041555 -0.108750 0.992937
1403.999791 376.973600 -41.396684 1.066384 -0.022921 0.039689 -0.108843 0.993002
1404.099626 377.089701 -41.429807 1.065680 -0.021974 0.040078 -0.109192 0.992969
1404.199466 377.203836 -41.462584 1.067286 -0.021791 0.042028 -0.109149 0.992897
1404.299301 377.321838 -41.495584 1.067236 -0.022059 0.042570 -0.108961 0.992889
1404.399128 377.445011 -41.528979 1.067773 -0.022627 0.043484 -0.108771 0.992857
1404.499761 377.567252 -41.561712 1.063922 -0.022879 0.044084 -0.108770 0.992825
1404.599608 377.682061 -41.594809 1.059388 -0.022729 0.042160 -0.108796 0.992910
1404.699454 377.797540 -41.627477 1.060626 -0.022198 0.038642 -0.108840 0.993060
1404.799298 377.909045 -41.658995 1.062172 -0.022232 0.040516 -0.109485 0.992914
1404.899141 378.028003 -41.689779 1.057946 -0.023120 0.044354 -0.110027 0.992669
1404.999772 378.154956 -41.724307 1.050395 -0.022101 0.047039 -0.110067 0.992564
1405.099626 378.275794 -41.755917 1.049497 -0.023243 0.046154 -0.109779 0.992612
1405.199469 378.397092 -41.787913 1.052775 -0.026623 0.045538 -0.109390 0.992598
1405.299302 378.521524 -41.818651 1.053171 -0.029884 0.045162 -0.109360 0.992526
1405.399150 378.642379 -41.849680 1.052157 -0.030673 0.045940 -0.109576 0.992442
1405.499795 378.761485 -41.878472 1.051827 -0.031965 0.045391 -0.109899 0.992391
1405.599637 378.886495 -41.903911 1.050729 -0.035201 0.045223 -0.110275 0.992248
1405.699478 379.010776 -41.927417 1.050579 -0.037164 0.043112 -0.109979 0.992303
1405.799318 379.134142 -41.951307 1.050731 -0.038725 0.041294 -0.109605 0.992362
1405.899162 379.256847 -41.971821 1.048329 -0.040423 0.042130 -0.109782 0.992239
1405.999801 379.379417 -41.985098 1.050351 -0.039581 0.043888 -0.110186 0.992152
1406.099638 379.501483 -41.995617 1.049913 -0.035530 0.042253 -0.110478 0.992344
1406.199477 379.631473 -42.007738 1.043934 -0.030622 0.038086 -0.110537 0.992670
1406.299316 379.756221 -42.015387 1.038079 -0.026207 0.034902 -0.110598 0.992906
1406.399156 379.880473 -42.019986 1.035249 -0.023199 0.036243 -0.110936 0.992895
1406.499784 380.000317 -42.021974 1.033580 -0.021695 0.039414 -0.111798 0.992712
1406.599632 380.122664 -42.027181 1.030372 -0.020124 0.040047 -0.112509 0.992639
1406.699486 380.246773 -42.033116 1.031500 -0.018981 0.038566 -0.112967 0.992669
1406.799332 380.375822 -42.038334 1.032243 -0.019710 0.036350 -0.113442 0.992684
1406.899178 380.501436 -42.046047 1.028763 -0.019479 0.035849 -0.113824 0.992663
1406.999803 380.619727 -42.051698 1.025714 -0.019162 0.036840 -0.114281 0.992580
1407.099667 380.731805 -42.054856 1.026529 -0.019308 0.039545 -0.114903 0.992402
1407.199526 380.845014 -42.059518 1.021821 -0.019618 0.040496 -0.114953 0.992351
1407.299357 380.958308 -42.066331 1.016736 -0.018753 0.039711 -0.114434 0.992460
1407.399186 381.069936 -42.074445 1.008502 -0.019563 0.040713 -0.114091 0.992443
1407.499816 381.181468 -42.083924 0.998655 -0.020418 0.043821 -0.113814 0.992325
1407.599649 381.290528 -42.093352 0.979860 -0.019559 0.046419 -0.113606 0.992248
1407.699491 381.405713 -42.103228 0.957954 -0.018649 0.047979 -0.113573 0.992195
1407.799331 381.516522 -42.112983 0.939421 -0.019389 0.047854 -0.113496 0.992196
1407.899161 381.620083 -42.124917 0.929868 -0.018926 0.044760 -0.113004 0.992405
1407.999791 381.740249 -42.136713 0.932685 -0.019221 0.042812 -0.112805 0.992508
1408.099625 381.863523 -42.146498 0.936130 -0.017292 0.043009 -0.112902 0.992524
1408.199463 381.978677 -42.160081 0.932079 -0.015916 0.047393 -0.113054 0.992330
1408.299305 382.101034 -42.178456 0.925507 -0.015806 0.049225 -0.112587 0.992296
1408.399142 382.229787 -42.195344 0.913538 -0.019762 0.044632 -0.111873 0.992523
1408.499780 382.370262 -42.207527 0.904214 -0.024359 0.040536 -0.111555 0.992632
1408.599629 382.492091 -42.220504 0.907013 -0.024282 0.042232 -0.112101 0.992502
1408.699465 382.601164 -42.236428 0.910573 -0.020205 0.045724 -0.113366 0.992295
1408.799310 382.710869 -42.252520 0.913737 -0.014967 0.047641 -0.114614 0.992154
1408.899150 382.827717 -42.268387 0.910047 -0.013652 0.044350 -0.115604 0.992211
1408.999795 382.957595 -42.285677 0.909970 -0.015261 0.040432 -0.116031 0.992305
1409.099631 383.083977 -42.303584 0.906534 -0.017248 0.040339 -0.115781 0.992305
1409.199467 383.207806 -42.320954 0.898765 -0.019195 0.044112 -0.115309 0.992164
1409.299296 383.323181 -42.340864 0.896891 -0.022836 0.053375 -0.114741 0.991698
1409.399135 383.430906 -42.359468 0.901933 -0.024151 0.055497 -0.114580 0.991569
1409.499771 383.538817 -42.379850 0.905192 -0.022836 0.051794 -0.115295 0.991717
1409.599608 383.648852 -42.399167 0.905993 -0.019354 0.048559 -0.116018 0.991871
1409.699458 383.770976 -42.419854 0.901658 -0.016358 0.048951 -0.116550 0.991843
1409.799292 383.897408 -42.443127 0.892873 -0.016861 0.050875 -0.116692 0.991721
1409.899140 384.031616 -42.464400 0.887219 -0.019469 0.052282 -0.116503 0.991622
1409.999778 384.168665 -42.487809 0.888713 -0.021465 0.049625 -0.115836 0.991796
1410.099611 384.292957 -42.509951 0.889628 -0.023621 0.046386 -0.115388 0.991956
1410.199445 384.416795 -42.531607 0.889214 -0.021776 0.045542 -0.115052 0.992076
1410.299287 384.546315 -42.553595 0.889676 -0.019461 0.044951 -0.115387 0.992112
1410.399126 384.677587 -42.578517 0.889247 -0.019339 0.045082 -0.115732 0.992068
1410.499768 384.811293 -42.605203 0.884075 -0.020158 0.045175 -0.116179 0.991996
1410.599614 384.936033 -42.630358 0.878009 -0.020497 0.045206 -0.116979 0.991893
1410.699457 385.062574 -42.655191 0.876252 -0.021918 0.045530 -0.117543 0.991781
1410.799294 385.187808 -42.678637 0.879256 -0.021927 0.044754 -0.117377 0.991836
1410.899125 385.319894 -42.704287 0.877749 -0.022304 0.045009 -0.117206 0.991836
1410.999765 385.451550 -42.731700 0.877460 -0.022826 0.048319 -0.117140 0.991677
1411.099612 385.580002 -42.760660 0.874096 -0.022984 0.052080 -0.117016 0.991497
1411.199451 385.712142 -42.787043 0.867753 -0.021997 0.052706 -0.117339 0.991448
1411.299287 385.848062 -42.813721 0.862884 -0.021127 0.051368 -0.117339 0.991538
1411.399115 385.984612 -42.843262 0.863956 -0.021188 0.048460 -0.117128 0.991708
1411.499764 386.119850 -42.870669 0.864806 -0.021427 0.046788 -0.117200 0.991774
1411.599618 386.250366 -42.897390 0.865516 -0.022139 0.047646 -0.117205 0.991717
1411.699473 386.383697 -42.924586 0.865110 -0.023265 0.050641 -0.116632 0.991610
1411.799315 386.524842 -42.955184 0.862590 -0.023657 0.053151 -0.115764 0.991571
1411.899152 386.667808 -42.987357 0.859189 -0.023423 0.054024 -0.114452 0.991682
1411.999798 386.804774 -43.018761 0.856530 -0.024227 0.052827 -0.112675 0.991931
1412.099625 386.941166 -43.046987 0.855789 -0.024769 0.052250 -0.111001 0.992137
1412.199463 387.077798 -43.072914 0.849232 -0.026566 0.052394 -0.108421 0.992368
1412.299305 387.219053 -43.098676 0.848593 -0.026338 0.054389 -0.105673 0.992563
1412.399137 387.364703 -43.122917 0.848807 -0.025143 0.055191 -0.103430 0.992786
1412.499789 387.521535 -43.149149 0.844841 -0.026574 0.056119 -0.100931 0.992954
1412.599621 387.672934 -43.175348 0.841552 -0.025988 0.056458 -0.098351 0.993209
1412.699457 387.828082 -43.200971 0.842058 -0.025646 0.056013 -0.096009 0.993472
1412.799295 387.980175 -43.226474 0.841203 -0.023237 0.056288 -0.093768 0.993730
1412.899134 388.142252 -43.252546 0.838933 -0.020219 0.056288 -0.092769 0.993890
1412.999771 388.302768 -43.280845 0.837807 -0.019609 0.055634 -0.092906 0.993926
1413.099614 388.466479 -43.310901 0.837429 -0.022227 0.055288 -0.093338 0.993850
1413.199453 388.626535 -43.338150 0.835783 -0.023429 0.054428 -0.093705 0.993835
1413.299303 388.779052 -43.365521 0.830321 -0.025760 0.054592 -0.093962 0.993744
1413.399151 388.937750 -43.393335 0.822947 -0.027442 0.056051 -0.094329 0.993583
1413.499791 389.106991 -43.418544 0.819391 -0.026084 0.057144 -0.094467 0.993544
1413.599639 389.281114 -43.444800 0.820006 -0.024858 0.057051 -0.094516 0.993576
1413.699481 389.471481 -43.473249 0.820726 -0.024429 0.057557 -0.094724 0.993538
1413.799320 389.651999 -43.501792 0.819534 -0.023601 0.054220 -0.094652 0.993753
1413.899162 389.831118 -43.533409 0.816067 -0.023078 0.049200 -0.094538 0.994037
1413.999788 390.005687 -43.562283 0.811165 -0.023160 0.046524 -0.094770 0.994142
1414.099619 390.178321 -43.586247 0.807693 -0.021595 0.047387 -0.094620 0.994150
1414.199463 390.359530 -43.615343 0.800820 -0.021858 0.048856 -0.094458 0.994089
1414.299314 390.537491 -43.644501 0.788846 -0.021929 0.050269 -0.094404 0.994022
1414.399146 390.716558 -43.669974 0.770239 -0.023344 0.049690 -0.094584 0.994002
1414.499782 390.891679 -43.695386 0.751939 -0.027173 0.048954 -0.094734 0.993927
1414.599624 391.076499 -43.724654 0.738917 -0.028187 0.048179 -0.094751 0.993935
1414.699474 391.257618 -43.753006 0.729610 -0.028812 0.048956 -0.095061 0.993849
1414.799312 391.439566 -43.780565 0.723073 -0.027172 0.048283 -0.094920 0.993942
1414.899155 391.627480 -43.803231 0.716438 -0.025007 0.046055 -0.095135 0.994084
1414.999795 391.799413 -43.822086 0.711271 -0.027771 0.046165 -0.094729 0.994044
1415.099642 391.970610 -43.841009 0.702054 -0.030131 0.043376 -0.094312 0.994141
1415.199485 392.148685 -43.862439 0.688926 -0.031041 0.040562 -0.093959 0.994265
1415.299309 392.332052 -43.882326 0.683817 -0.031395 0.038900 -0.094366 0.994282
1415.399166 392.506268 -43.899871 0.675800 -0.030635 0.037095 -0.094847 0.994329
1415.499804 392.672003 -43.914064 0.668313 -0.027688 0.035259 -0.095022 0.994465
1415.599641 392.836418 -43.927603 0.664251 -0.025151 0.032260 -0.095273 0.994610
1415.699497 393.006497 -43.944258 0.665861 -0.022815 0.028887 -0.095266 0.994771
1415.799333 393.177640 -43.959733 0.665764 -0.021371 0.024721 -0.095035 0.994937
1415.899170 393.344657 -43.970976 0.662277 -0.023281 0.024987 -0.094933 0.994898
1415.999817 393.498435 -43.982001 0.661722 -0.025893 0.028736 -0.095011 0.994725
1416.099653 393.658475 -43.995337 0.658059 -0.024188 0.032062 -0.095015 0.994665
1416.199489 393.812382 -44.011358 0.649129 -0.022167 0.036905 -0.095437 0.994504
1416.299336 393.972746 -44.024914 0.641513 -0.019890 0.038677 -0.095728 0.994457
1416.399174 394.131475 -44.037432 0.642789 -0.018175 0.039330 -0.095686 0.994468
1416.499823 394.271102 -44.048391 0.648815 -0.018132 0.041128 -0.095436 0.994420
1416.599662 394.416744 -44.063842 0.651787 -0.020235 0.043637 -0.095277 0.994288
1416.699497 394.562451 -44.082904 0.650315 -0.022479 0.043504 -0.095750 0.994200
1416.799341 394.709589 -44.100904 0.646732 -0.022227 0.043562 -0.095661 0.994212
1416.899181 394.857654 -44.117271 0.642236 -0.022782 0.047218 -0.095004 0.994095
1416.999829 395.009702 -44.135963 0.635985 -0.024497 0.046928 -0.094289 0.994136
1417.099683 395.159909 -44.156414 0.634584 -0.023872 0.044933 -0.094158 0.994256
1417.199517 395.302932 -44.174166 0.638118 -0.024532 0.045801 -0.094952 0.994125
1417.299353 395.452948 -44.191988 0.636063 -0.025413 0.046963 -0.095880 0.993960
1417.399186 395.607434 -44.211386 0.623624 -0.023408 0.046645 -0.096257 0.993987
1417.499839 395.754376 -44.231610 0.612789 -0.022129 0.044010 -0.095930 0.994168
1417.599682 395.897911 -44.253468 0.605017 -0.021717 0.042024 -0.095525 0.994302
1417.699527 396.036903 -44.271050 0.607258 -0.026051 0.037901 -0.095829 0.994335
1417.799376 396.176939 -44.287344 0.609180 -0.028661 0.040290 -0.096384 0.994115
1417.899211 396.321764 -44.309560 0.611759 -0.024921 0.045878 -0.096214 0.993991
1417.999442 396.467348 -44.332110 0.609052 -0.022272 0.044216 -0.096129 0.994137
1418.099279 396.616557 -44.351907 0.601408 -0.022965 0.040661 -0.096188 0.994267
1418.199121 396.761029 -44.368919 0.594836 -0.022815 0.038853 -0.096479 0.994315
1418.299769 396.900832 -44.388306 0.593901 -0.023808 0.042328 -0.096726 0.994126
1418.399610 397.034713 -44.409219 0.598059 -0.023352 0.044805 -0.097082 0.993993
1418.499438 397.172234 -44.427495 0.603666 -0.022602 0.046212 -0.097550 0.993900
1418.599278 397.308586 -44.446220 0.600979 -0.025204 0.044630 -0.097895 0.993876
1418.699115 397.440072 -44.466765 0.598919 -0.031367 0.043117 -0.097840 0.993773
1418.799758 397.565725 -44.489026 0.600470 -0.033763 0.039824 -0.097953 0.993821
1418.899587 397.692047 -44.507052 0.596839 -0.032674 0.037353 -0.098280 0.993921
1418.999438 397.814847 -44.522163 0.589976 -0.027065 0.037817 -0.098302 0.994069
1419.099282 397.943565 -44.535046 0.583168 -0.025271 0.040731 -0.098508 0.993981
1419.199133 398.077966 -44.551486 0.581027 -0.027607 0.042628 -0.098578 0.993833
1419.299777 398.214913 -44.570246 0.586885 -0.028443 0.041459 -0.098290 0.993887
1419.399626 398.343303 -44.588760 0.590149 -0.027154 0.038950 -0.098084 0.994045
1419.499461 398.477375 -44.603038 0.582311 -0.028916 0.040125 -0.098057 0.993951
1419.599302 398.606729 -44.614891 0.569464 -0.028685 0.043975 -0.097926 0.993808
1419.699131 398.737433 -44.631087 0.562085 -0.028569 0.046631 -0.097548 0.993727
1419.799764 398.867881 -44.647851 0.560327 -0.027493 0.045791 -0.097230 0.993828
1419.899599 398.996221 -44.659315 0.564288 -0.024927 0.044092 -0.097391 0.993957
1419.999454 399.121568 -44.671880 0.563642 -0.024813 0.042493 -0.097443 0.994024
1420.099316 399.232430 -44.685652 0.567151 -0.024834 0.042982 -0.097870 0.993960
1420.199162 399.342173 -44.700333 0.563934 -0.023969 0.044840 -0.097846 0.993902
1420.299814 399.470218 -44.714340 0.556175 -0.024034 0.045357 -0.097990 0.993863
1420.399653 399.605834 -44.729901 0.551187 -0.024103 0.045033 -0.098073 0.993868
1420.499489 399.720373 -44.742763 0.554454 -0.023292 0.044476 -0.097928 0.993926
1420.599323 399.836279 -44.759949 0.554128 -0.023535 0.044516 -0.097857 0.993926
1420.699166 399.957665 -44.773410 0.541730 -0.024430 0.045219 -0.098193 0.993839
1420.799813 400.086307 -44.791782 0.540825 -0.025181 0.047135 -0.098221 0.993729
1420.899661 400.212010 -44.809744 0.547953 -0.025858 0.046827 -0.098081 0.993740
1420.999511 400.333889 -44.827061 0.552309 -0.026249 0.044870 -0.098148 0.993813
1421.099347 400.458150 -44.841677 0.550048 -0.025471 0.042625 -0.098276 0.993920
1421.199183 400.578849 -44.859087 0.543618 -0.024971 0.040995 -0.098576 0.993971
1421.299822 400.708735 -44.880416 0.535362 -0.024143 0.041206 -0.099066 0.993934
1421.399678 400.829648 -44.897593 0.531546 -0.024433 0.043208 -0.099559 0.993793
1421.499513 400.936568 -44.911297 0.534823 -0.025215 0.043705 -0.100111 0.993696
1421.599348 401.046424 -44.928121 0.536629 -0.026230 0.042863 -0.100384 0.993679
1421.699197 401.160577 -44.949498 0.534007 -0.026847 0.040422 -0.100142 0.993789
1421.799832 401.270048 -44.972105 0.525649 -0.025196 0.038900 -0.100031 0.993904
1421.899674 401.382959 -44.994744 0.519733 -0.025384 0.039457 -0.099952 0.993886
1421.999512 401.503743 -45.015062 0.518300 -0.025605 0.041000 -0.099734 0.993839
1422.099345 401.620396 -45.029582 0.517696 -0.025275 0.043516 -0.099840 0.993730
1422.199205 401.735531 -45.045393 0.515763 -0.025221 0.044508 -0.099531 0.993719
1422.299444 401.860404 -45.064301 0.512549 -0.025450 0.044165 -0.099217 0.993759
1422.399291 401.991187 -45.085415 0.504793 -0.025595 0.044302 -0.098627 0.993808
1422.499124 402.110046 -45.106557 0.497493 -0.025653 0.046382 -0.098322 0.993742
1422.599751 402.225313 -45.126013 0.494420 -0.026736 0.047772 -0.098093 0.993670
1422.699612 402.338409 -45.140905 0.495271 -0.031282 0.045920 -0.098721 0.993563
1422.799453 402.448798 -45.157113 0.497351 -0.035065 0.040888 -0.099406 0.993588
1422.899289 402.561704 -45.173023 0.500431 -0.035732 0.039757 -0.099947 0.993556
1422.999123 402.680165 -45.189337 0.500391 -0.033521 0.041384 -0.100651 0.993495
1423.099757 402.794482 -45.202489 0.495745 -0.029707 0.042149 -0.100928 0.993556
1423.199584 402.908294 -45.213437 0.489243 -0.028506 0.041832 -0.101210 0.993576
1423.299435 403.020765 -45.225491 0.478754 -0.029659 0.040975 -0.101242 0.993575
1423.399277 403.133840 -45.238636 0.474494 -0.031589 0.039870 -0.101040 0.993581
1423.499125 403.247593 -45.247722 0.476532 -0.033827 0.040497 -0.101087 0.993477
1423.599765 403.362242 -45.253360 0.480224 -0.033753 0.042325 -0.100879 0.993425
1423.699614 403.478146 -45.262934 0.480322 -0.031725 0.043152 -0.100473 0.993497
1423.799460 403.578635 -45.271877 0.478769 -0.032592 0.042908 -0.100527 0.993474
1423.899314 403.681141 -45.275859 0.477126 -0.033316 0.042176 -0.100771 0.993457
1423.999151 403.785668 -45.276515 0.475788 -0.033098 0.042588 -0.100844 0.993439
1424.099786 403.893875 -45.278031 0.472016 -0.032421 0.044810 -0.101005 0.993347
1424.199616 404.004061 -45.281532 0.470241 -0.029719 0.046554 -0.101098 0.993342
1424.299464 404.110509 -45.285109 0.468527 -0.026659 0.046295 -0.100975 0.993454
1424.399302 404.218927 -45.288063 0.462472 -0.025249 0.045766 -0.100783 0.993534
1424.499153 404.340442 -45.287087 0.458911 -0.025380 0.046177 -0.101120 0.993478
1424.599806 404.465851 -45.289660 0.459516 -0.025627 0.046130 -0.101304 0.993455
1424.699639 404.585512 -45.297108 0.461217 -0.025658 0.045014 -0.101365 0.993499
1424.799454 404.711485 -45.304078 0.455887 -0.024778 0.043734 -0.101627 0.993552
1424.899301 404.831177 -45.310119 0.449559 -0.022679 0.042674 -0.101643 0.993646
1424.999142 404.937448 -45.314046 0.447126 -0.020966 0.040772 -0.102291 0.993698
1425.099778 405.046611 -45.320025 0.441523 -0.022608 0.039023 -0.102741 0.993685
1425.199620 405.159897 -45.325829 0.435866 -0.024413 0.039734 -0.103712 0.993513
1425.299462 405.272246 -45.330792 0.433854 -0.024799 0.041591 -0.105144 0.993277
1425.399306 405.381007 -45.336415 0.433803 -0.025689 0.043271 -0.106138 0.993077
1425.499130 405.485793 -45.346675 0.430860 -0.023910 0.045060 -0.106287 0.993026
1425.599771 405.588906 -45.358483 0.426261 -0.024015 0.046063 -0.106595 0.992945
1425.699602 405.686981 -45.370261 0.426387 -0.024371 0.046606 -0.106546 0.992916
1425.799449 405.785280 -45.377803 0.431428 -0.024955 0.047977 -0.106531 0.992838
1425.899293 405.898380 -45.384022 0.433818 -0.024975 0.049866 -0.106644 0.992732
1425.999134 406.017486 -45.397340 0.434469 -0.024675 0.050546 -0.106575 0.992712
1426.099769 406.142050 -45.411889 0.431975 -0.023896 0.048385 -0.107307 0.992760
1426.199607 406.262678 -45.427465 0.427088 -0.024503 0.044991 -0.108724 0.992751
1426.299435 406.380069 -45.444480 0.427591 -0.024280 0.043797 -0.110127 0.992655
1426.399290 406.483287 -45.458753 0.427979 -0.026250 0.043880 -0.110353 0.992576
1426.499133 406.583669 -45.470373 0.427371 -0.025935 0.046120 -0.110302 0.992489
1426.599781 406.688252 -45.483983 0.426120 -0.025880 0.048202 -0.110114 0.992412
1426.699621 406.796852 -45.499851 0.421355 -0.025297 0.051863 -0.109638 0.992295
1426.799462 406.917181 -45.515010 0.414481 -0.024104 0.052589 -0.108945 0.992363
1426.899299 407.042952 -45.530809 0.405720 -0.023828 0.053116 -0.108783 0.992359
1426.999126 407.173887 -45.551966 0.399235 -0.023651 0.053726 -0.108305 0.992383
1427.099766 407.298179 -45.572879 0.403942 -0.024786 0.053922 -0.108401 0.992334
1427.199615 407.419203 -45.587335 0.410993 -0.027287 0.051408 -0.108699 0.992369
1427.299446 407.536192 -45.601551 0.412626 -0.029261 0.050448 -0.109054 0.992324
1427.399276 407.654630 -45.619536 0.405702 -0.029421 0.050237 -0.108852 0.992352
1427.499515 407.775391 -45.635476 0.403146 -0.029657 0.049929 -0.108756 0.992371
1427.599355 407.904791 -45.652557 0.401295 -0.030550 0.049945 -0.107505 0.992479
1427.699192 408.033551 -45.669223 0.397484 -0.026725 0.051593 -0.105810 0.992687
1427.799827 408.160090 -45.682249 0.393858 -0.023869 0.055213 -0.105159 0.992635
1427.899674 408.288448 -45.695587 0.396999 -0.023432 0.056455 -0.105594 0.992529
1427.999521 408.428257 -45.713644 0.396448 -0.025333 0.055599 -0.105832 0.992505
1428.099372 408.562744 -45.732704 0.389037 -0.025764 0.054620 -0.106205 0.992509
1428.199216 408.690084 -45.747449 0.383938 -0.026043 0.055122 -0.106565 0.992435
1428.299461 408.823643 -45.762886 0.383545 -0.026671 0.056290 -0.106039 0.992409
1428.399290 408.961779 -45.779310 0.385340 -0.025407 0.055992 -0.106038 0.992459
1428.499139 409.099319 -45.798497 0.387290 -0.023599 0.054137 -0.106222 0.992587
1428.599774 409.241128 -45.820199 0.386424 -0.021920 0.052274 -0.106291 0.992718
1428.699616 409.379004 -45.838799 0.382976 -0.022937 0.051958 -0.106547 0.992684
1428.799458 409.519586 -45.858131 0.377822 -0.024915 0.053194 -0.106551 0.992571
1428.899292 409.657637 -45.879320 0.375866 -0.025589 0.054071 -0.106460 0.992516
1428.999132 409.799185 -45.899244 0.374808 -0.025676 0.054841 -0.106614 0.992455
1429.099744 409.946525 -45.920886 0.376466 -0.024791 0.055296 -0.106488 0.992466
1429.199585 410.097683 -45.943978 0.372725 -0.024486 0.056156 -0.106551 0.992418
1429.299429 410.226901 -45.964866 0.368522 -0.024114 0.056935 -0.106628 0.992375
1429.399274 410.362351 -45.989760 0.364444 -0.023588 0.057266 -0.106390 0.992394
1429.499503 410.518295 -46.016378 0.361120 -0.024023 0.057135 -0.106247 0.992406
1429.599335 410.675412 -46.039417 0.355831 -0.026239 0.055728 -0.105683 0.992490
1429.699176 410.834374 -46.062186 0.352249 -0.029442 0.055099 -0.103514 0.992664
1429.799829 410.992670 -46.082544 0.346380 -0.028570 0.055245 -0.101548 0.992885
1429.899674 411.159617 -46.106951 0.343292 -0.025622 0.055382 -0.100796 0.993034
1429.999512 411.325042 -46.136124 0.341389 -0.026514 0.055608 -0.100141 0.993064
1430.099345 411.495031 -46.164856 0.335282 -0.025594 0.054190 -0.099998 0.993181
1430.199192 411.654455 -46.191395 0.329106 -0.025077 0.053672 -0.100077 0.993214
1430.299824 411.808643 -46.217110 0.330033 -0.024165 0.055229 -0.099962 0.993163
1430.399676 411.964231 -46.240756 0.330909 -0.024735 0.056755 -0.100278 0.993031
1430.499525 412.121678 -46.265579 0.329463 -0.023876 0.056564 -0.100381 0.993053
1430.599374 412.274134 -46.291565 0.326145 -0.023407 0.056821 -0.100233 0.993064
1430.699231 412.434782 -46.319188 0.321519 -0.024704 0.056843 -0.100094 0.993046
1430.799461 412.598781 -46.346367 0.317887 -0.025396 0.056929 -0.100122 0.993020
1430.899307 412.760759 -46.371808 0.320802 -0.025390 0.055561 -0.099627 0.993148
1430.999147 412.924238 -46.398431 0.313232 -0.028323 0.053389 -0.099644 0.993186
1431.099809 413.100504 -46.427908 0.301819 -0.029660 0.051730 -0.099864 0.993213
1431.199654 413.270905 -46.459392 0.294051 -0.031187 0.049787 -0.099714 0.993280
1431.299498 413.431792 -46.486058 0.282123 -0.031365 0.044746 -0.099762 0.993510
1431.399320 413.598018 -46.512379 0.269175 -0.028869 0.041667 -0.099201 0.993775
1431.499159 413.760416 -46.536915 0.252664 -0.026824 0.041394 -0.099320 0.993832
1431.599798 413.939174 -46.559493 0.238812 -0.025429 0.041403 -0.099506 0.993850
1431.699624 414.112095 -46.587148 0.233053 -0.026415 0.041081 -0.099432 0.993845
1431.799459 414.277892 -46.616009 0.224354 -0.027216 0.042557 -0.099575 0.993747
1431.899297 414.438994 -46.640947 0.205640 -0.027145 0.044943 -0.099545 0.993647
1431.999140 414.605352 -46.668057 0.185229 -0.025319 0.046062 -0.099661 0.993632
1432.099786 414.778630 -46.694747 0.172804 -0.024361 0.044402 -0.099579 0.993740
1432.199624 414.929689 -46.718983 0.165170 -0.025230 0.044513 -0.099283 0.993743
1432.299466 415.069040 -46.741880 0.158913 -0.026579 0.046801 -0.099162 0.993615
1432.399301 415.207422 -46.764949 0.151650 -0.028233 0.050094 -0.099252 0.993399
1432.499149 415.350057 -46.787289 0.144015 -0.028795 0.051151 -0.099389 0.993316
1432.599797 415.507350 -46.808791 0.135363 -0.035481 0.049346 -0.099740 0.993156
1432.699653 415.668448 -46.827225 0.129863 -0.041909 0.047852 -0.099704 0.992982
1432.799483 415.815054 -46.842425 0.125636 -0.043899 0.045034 -0.099588 0.993039
1432.899319 415.963397 -46.857033 0.113382 -0.043820 0.042988 -0.099308 0.993162
1432.999162 416.103701 -46.871102 0.098572 -0.042298 0.044693 -0.099358 0.993147
1433.099803 416.261626 -46.882340 0.080441 -0.040000 0.045701 -0.099591 0.993173
1433.199641 416.415546 -46.890548 0.067755 -0.039957 0.045416 -0.099788 0.993168
1433.299475 416.564180 -46.892437 0.059664 -0.039022 0.045521 -0.100404 0.993138
1433.399308 416.713792 -46.894966 0.061497 -0.030814 0.047219 -0.101772 0.993209
1433.499129 416.867357 -46.895068 0.050127 -0.026975 0.038270 -0.101002 0.993784
1433.599770 417.025620 -46.896025 0.042029 -0.025309 0.035371 -0.100917 0.993944
1433.699610 417.177725 -46.897740 0.033951 -0.025768 0.035045 -0.100773 0.993958
1433.799436 417.315671 -46.899608 0.022746 -0.026718 0.035640 -0.100596 0.993930
1433.899287 417.447706 -46.900564 0.015200 -0.026319 0.035440 -0.100376 0.993970
1433.999123 417.582690 -46.903141 0.013251 -0.028031 0.036576 -0.100325 0.993887
1434.099749 417.719843 -46.899495 0.014477 -0.027695 0.038547 -0.100320 0.993822
1434.199581 417.849872 -46.896673 0.014411 -0.026832 0.038509 -0.100429 0.993837
1434.299413 417.979830 -46.898777 0.009781 -0.027209 0.037131 -0.100320 0.993890
1434.399249 418.106899 -46.901127 0.003408 -0.027336 0.036871 -0.100372 0.993891
1434.499486 418.242651 -46.899822 -0.007370 -0.026306 0.037287 -0.100613 0.993879
1434.599310 418.382256 -46.902213 -0.013735 -0.025565 0.035837 -0.100494 0.993963
1434.699145 418.520081 -46.905672 -0.014851 -0.024661 0.034170 -0.100765 0.994017
1434.799789 418.661260 -46.910525 -0.018095 -0.024072 0.034682 -0.101555 0.993934
1434.899624 418.789362 -46.913666 -0.019310 -0.022060 0.035130 -0.101539 0.993966
1434.999459 418.900502 -46.917239 -0.018496 -0.022282 0.034235 -0.101278 0.994019
1435.099310 419.014842 -46.921978 -0.020926 -0.024302 0.035285 -0.100904 0.993973
1435.199144 419.130046 -46.927391 -0.027701 -0.023069 0.038552 -0.100615 0.993911
1435.299790 419.242740 -46.930998 -0.029826 -0.025123 0.039039 -0.100718 0.993831
1435.399630 419.340070 -46.931850 -0.030450 -0.027039 0.038080 -0.101264 0.993763
1435.499450 419.446222 -46.937822 -0.028149 -0.026992 0.037584 -0.101714 0.993737
1435.599288 419.556834 -46.945875 -0.021004 -0.030939 0.038054 -0.103156 0.993455
1435.699128 419.652784 -46.953104 -0.026893 -0.022381 0.010625 -0.103249 0.994347
1435.799779 419.743387 -46.961277 -0.053217 -0.015150 -0.009823 -0.101995 0.994621
1435.899616 419.834565 -46.965424 -0.069975 -0.017711 -0.002318 -0.102128 0.994611
1435.999465 419.913104 -46.970019 -0.060781 -0.022267 0.007649 -0.102049 0.994501
1436.099318 419.981585 -46.977076 -0.047549 -0.024413 0.015959 -0.101813 0.994376
1436.199151 420.045839 -46.988204 -0.041989 -0.024598 0.018901 -0.101504 0.994351
1436.299790 420.103607 -46.997523 -0.044153 -0.023605 0.022197 -0.101403 0.994318
1436.399616 420.153394 -47.006707 -0.053371 -0.023310 0.026841 -0.101451 0.994205
1436.499449 420.198426 -47.008546 -0.068070 -0.023076 0.034665 -0.101665 0.993947
1436.599281 420.255505 -47.023475 -0.075611 -0.023332 0.042426 -0.101744 0.993632
1436.699114 420.325047 -47.042912 -0.079233 -0.022830 0.051668 -0.101637 0.993217
1436.799740 420.399981 -47.058479 -0.075046 -0.022500 0.060835 -0.101701 0.992698
1436.899591 420.473810 -47.073474 -0.075082 -0.022156 0.067340 -0.101677 0.992288
1436.999430 420.543370 -47.088462 -0.080930 -0.022179 0.070291 -0.101260 0.992126
1437.099276 420.611864 -47.104452 -0.087946 -0.022942 0.072850 -0.100988 0.991952
1437.199517 420.689293 -47.124883 -0.092917 -0.024855 0.072294 -0.101052 0.991940
1437.299357 420.772801 -47.146727 -0.097725 -0.025817 0.071373 -0.101096 0.991977
1437.399185 420.865002 -47.170701 -0.103656 -0.024094 0.073403 -0.100870 0.991896
1437.499813 420.969257 -47.194168 -0.109526 -0.022400 0.077892 -0.100621 0.991618
1437.599652 421.088110 -47.222797 -0.114972 -0.020548 0.082844 -0.099978 0.991322
1437.699498 421.212664 -47.249921 -0.113767 -0.020906 0.085010 -0.099418 0.991187
1437.799331 421.331340 -47.275218 -0.118110 -0.022084 0.083898 -0.098718 0.991326
1437.899169 421.459839 -47.303704 -0.123451 -0.023729 0.082550 -0.098919 0.991382
1437.999806 421.594789 -47.336409 -0.128161 -0.025248 0.079495 -0.099454 0.991540
1438.099641 421.727950 -47.368851 -0.127352 -0.023846 0.076783 -0.100017 0.991732
1438.199491 421.863466 -47.403518 -0.127701 -0.022872 0.072953 -0.100357 0.992010
1438.299330 422.002033 -47.436711 -0.128621 -0.023546 0.066422 -0.100298 0.992459
1438.399162 422.141439 -47.469239 -0.128611 -0.027104 0.061383 -0.100005 0.992722
1438.499804 422.296058 -47.502417 -0.125229 -0.028143 0.059397 -0.099755 0.992839
1438.599653 422.458045 -47.537393 -0.130525 -0.027623 0.060428 -0.099817 0.992785
1438.699495 422.626715 -47.575430 -0.147349 -0.026034 0.059851 -0.099779 0.992867
1438.799330 422.796152 -47.613410 -0.166990 -0.026360 0.055176 -0.099790 0.993128
1438.899164 422.963106 -47.651158 -0.184962 -0.026785 0.048992 -0.099345 0.993485
1438.999800 423.123100 -47.688108 -0.204603 -0.026415 0.045826 -0.099173 0.993663
1439.099647 423.281906 -47.723829 -0.228902 -0.026542 0.047347 -0.099143 0.993592
1439.199483 423.448388 -47.761593 -0.261285 -0.027408 0.051137 -0.098939 0.993401
1439.299328 423.616004 -47.801249 -0.299792 -0.026876 0.052999 -0.098894 0.993322
1439.399177 423.775785 -47.839122 -0.340163 -0.026903 0.053165 -0.098755 0.993326
1439.499814 423.940741 -47.875077 -0.378623 -0.025923 0.050121 -0.098820 0.993504
1439.599660 424.098555 -47.914431 -0.411605 -0.025045 0.048669 -0.098385 0.993642
1439.699508 424.253355 -47.950321 -0.440952 -0.024424 0.051677 -0.098191 0.993525
1439.799349 424.409570 -47.985563 -0.466150 -0.024589 0.058308 -0.098006 0.993172
1439.899197 424.571565 -48.023758 -0.490219 -0.026201 0.064347 -0.098035 0.992755
1439.999835 424.729235 -48.063117 -0.512377 -0.028564 0.065652 -0.098074 0.992600
1440.099659 424.891425 -48.101622 -0.535662 -0.027913 0.062368 -0.097771 0.992860
1440.199485 425.056037 -48.135531 -0.556005 -0.026042 0.060510 -0.097603 0.993043
1440.299323 425.222990 -48.169195 -0.564663 -0.025094 0.059293 -0.097204 0.993180
1440.399161 425.387264 -48.203559 -0.569333 -0.027022 0.058251 -0.096985 0.993212
1440.499801 425.551723 -48.242225 -0.574878 -0.028645 0.057391 -0.096612 0.993253
1440.599640 425.718167 -48.278125 -0.576570 -0.029219 0.056679 -0.096995 0.993240
1440.699465 425.884233 -48.309089 -0.582715 -0.036133 0.054226 -0.097941 0.993057
1440.799304 426.046408 -48.337094 -0.596071 -0.044087 0.053218 -0.098904 0.992694
1440.899144 426.213210 -48.364002 -0.612298 -0.046249 0.053987 -0.099243 0.992521
1440.999797 426.384119 -48.390763 -0.616153 -0.045551 0.054393 -0.099371 0.992518
1441.099633 426.570399 -48.415002 -0.613454 -0.046247 0.052869 -0.099680 0.992537
1441.199481 426.758238 -48.433705 -0.607630 -0.046011 0.050339 -0.099916 0.992656
1441.299310 426.947000 -48.447384 -0.605953 -0.042409 0.047302 -0.099791 0.992978
1441.399144 427.132960 -48.460584 -0.610799 -0.039878 0.045696 -0.099968 0.993141
1441.499781 427.322892 -48.471076 -0.620531 -0.033570 0.046776 -0.100151 0.993305
1441.599623 427.504755 -48.484600 -0.630393 -0.029177 0.049044 -0.100268 0.993323
1441.699469 427.680551 -48.495032 -0.635812 -0.028731 0.050663 -0.100243 0.993257
1441.799308 427.862995 -48.505057 -0.638251 -0.027553 0.049538 -0.100026 0.993369
1441.899149 428.039545 -48.512723 -0.643391 -0.026707 0.049276 -0.099932 0.993414
1441.999784 428.205750 -48.519804 -0.649127 -0.027686 0.047213 -0.099808 0.993500
1442.099631 428.367164 -48.528941 -0.649583 -0.027764 0.044942 -0.099621 0.993622
1442.199472 428.522719 -48.537379 -0.650682 -0.027301 0.043357 -0.099354 0.993732
1442.299323 428.687215 -48.546223 -0.653970 -0.026059 0.043011 -0.099291 0.993787
1442.399159 428.854964 -48.558133 -0.657433 -0.025048 0.042181 -0.099108 0.993867
1442.499794 429.023448 -48.573437 -0.666636 -0.026059 0.042165 -0.098817 0.993870
1442.599631 429.182938 -48.586981 -0.677454 -0.026232 0.041014 -0.098704 0.993925
1442.699473 429.342023 -48.593059 -0.686298 -0.025932 0.040957 -0.099019 0.993904
1442.799318 429.513322 -48.598582 -0.692620 -0.026245 0.040207 -0.098929 0.993935
1442.899154 429.672601 -48.612512 -0.688654 -0.027754 0.041040 -0.098894 0.993864
1442.999783 429.840475 -48.627408 -0.683331 -0.028989 0.040374 -0.099528 0.993793
1443.099615 430.002358 -48.641641 -0.686795 -0.027689 0.038987 -0.099490 0.993889
1443.199454 430.147469 -48.651700 -0.695664 -0.025666 0.039420 -0.099652 0.993910
1443.299294 430.295509 -48.659945 -0.702736 -0.025785 0.041663 -0.099389 0.993842
1443.399135 430.441546 -48.671947 -0.707511 -0.026491 0.044182 -0.098813 0.993772
1443.499781 430.599234 -48.688829 -0.713467 -0.027386 0.044268 -0.098728 0.993752
1443.599626 430.762519 -48.706470 -0.720386 -0.027199 0.045086 -0.098896 0.993704
1443.699462 430.912275 -48.722664 -0.724622 -0.026532 0.047346 -0.099150 0.993591
1443.799307 431.063173 -48.737954 -0.730726 -0.026760 0.050347 -0.099412 0.993411
1443.899138 431.208135 -48.750225 -0.739635 -0.026614 0.051479 -0.099181 0.993380
1443.999790 431.353127 -48.761925 -0.751093 -0.026875 0.049649 -0.098916 0.993493
1444.099637 431.499539 -48.775704 -0.764375 -0.024886 0.045799 -0.098707 0.993751
1444.199475 431.630727 -48.789789 -0.771392 -0.024066 0.044022 -0.098389 0.993883
1444.299316 431.762612 -48.805647 -0.780123 -0.024032 0.047846 -0.098039 0.993741
1444.399182 431.893860 -48.823501 -0.786460 -0.025186 0.053661 -0.097634 0.993455
1444.499809 432.037131 -48.841192 -0.787182 -0.025301 0.056294 -0.097157 0.993354
1444.599657 432.189260 -48.858943 -0.786286 -0.027266 0.056567 -0.097181 0.993284
1444.699497 432.339061 -48.876070 -0.791881 -0.025299 0.057859 -0.097345 0.993245
1444.799340 432.486905 -48.891358 -0.799243 -0.024498 0.059364 -0.098136 0.993099
1444.899190 432.639396 -48.908605 -0.808947 -0.025165 0.059503 -0.098567 0.993031
1444.999837 432.789313 -48.927770 -0.815136 -0.024903 0.058734 -0.098799 0.993060
1445.099679 432.929673 -48.947029 -0.816179 -0.023314 0.057093 -0.098842 0.993190
1445.199508 433.066664 -48.964142 -0.822532 -0.023661 0.051688 -0.098511 0.993511
1445.299368 433.206640 -48.989514 -0.813263 -0.023798 0.049381 -0.097962 0.993679
1445.399184 433.353183 -49.007546 -0.810499 -0.024675 0.050716 -0.098068 0.993580
1445.499825 433.499118 -49.020509 -0.811617 -0.023572 0.047677 -0.098100 0.993754
1445.599662 433.639564 -49.042125 -0.810655 -0.024048 0.043131 -0.097435 0.994016
1445.699505 433.781442 -49.067425 -0.812306 -0.026932 0.041541 -0.097624 0.993991
1445.799345 433.916393 -49.090703 -0.817272 -0.030156 0.039115 -0.098129 0.993947
1445.899170 434.051449 -49.111454 -0.818808 -0.029897 0.041417 -0.098131 0.993862
1445.999817 434.197222 -49.132709 -0.823967 -0.027874 0.047044 -0.098638 0.993620
1446.099669 434.343869 -49.152981 -0.835397 -0.025199 0.050532 -0.098777 0.993506
1446.199514 434.479193 -49.173124 -0.850279 -0.025618 0.049824 -0.098626 0.993546
1446.299352 434.615702 -49.192248 -0.865182 -0.027727 0.047408 -0.098571 0.993613
1446.399180 434.767625 -49.213106 -0.885157 -0.028957 0.043465 -0.098796 0.993736
1446.499818 434.918970 -49.234899 -0.896929 -0.028037 0.043599 -0.098518 0.993784
1446.599667 435.063275 -49.259913 -0.904996 -0.027162 0.044444 -0.098553 0.993768
1446.699499 435.204901 -49.285514 -0.918791 -0.026263 0.042427 -0.098324 0.993903
1446.799336 435.341815 -49.306535 -0.934879 -0.027671 0.039999 -0.098417 0.993956
1446.899186 435.486737 -49.325640 -0.946906 -0.027223 0.043022 -0.098597 0.993824
1446.999829 435.626106 -49.343078 -0.958142 -0.026504 0.046962 -0.098822 0.993643
1447.099664 435.757753 -49.363834 -0.967243 -0.026183 0.049703 -0.099164 0.993484
1447.199502 435.895607 -49.388023 -0.974135 -0.024303 0.048660 -0.099591 0.993541
1447.299330 436.026820 -49.411494 -0.979739 -0.024034 0.047759 -0.099380 0.993612
1447.399158 436.155989 -49.430022 -0.987092 -0.027421 0.046326 -0.099178 0.993612
1447.499794 436.284930 -49.449919 -0.992235 -0.029472 0.044085 -0.098488 0.993724
1447.599629 436.412853 -49.471979 -1.000369 -0.028165 0.042903 -0.098116 0.993851
1447.699477 436.538462 -49.493758 -1.007157 -0.026467 0.042252 -0.098188 0.993918
1447.799319 436.658354 -49.515440 -1.012026 -0.026411 0.041050 -0.098407 0.993948
1447.899164 436.770946 -49.538358 -1.011841 -0.027242 0.038641 -0.098177 0.994045
1447.999798 436.885962 -49.558872 -1.012893 -0.027464 0.037849 -0.097917 0.994095
1448.099634 436.992233 -49.575438 -1.014648 -0.027434 0.036865 -0.097490 0.994175
1448.199479 437.101371 -49.591694 -1.014953 -0.028413 0.036068 -0.098006 0.994126
1448.299305 437.206236 -49.608808 -1.018290 -0.028744 0.037285 -0.098576 0.994015
1448.399144 437.306546 -49.628313 -1.028435 -0.030272 0.038759 -0.098711 0.993900
1448.499784 437.409392 -49.649746 -1.037477 -0.031588 0.038107 -0.098882 0.993867
1448.599622 437.508179 -49.668871 -1.043306 -0.031904 0.036377 -0.098982 0.993912
1448.699454 437.613296 -49.687981 -1.049969 -0.030802 0.038393 -0.098985 0.993871
1448.799285 437.720791 -49.707340 -1.058545 -0.028776 0.040510 -0.098765 0.993869
1448.899112 437.830377 -49.725615 -1.071464 -0.027757 0.039251 -0.098271 0.993998
1448.999752 437.938925 -49.743613 -1.080058 -0.028902 0.035898 -0.097724 0.994146
1449.099591 438.041353 -49.761236 -1.083816 -0.029574 0.032597 -0.097101 0.994301
1449.199425 438.145622 -49.778172 -1.089856 -0.028148 0.034319 -0.096818 0.994312
1449.299261 438.261270 -49.794839 -1.096872 -0.026693 0.039991 -0.097105 0.994112
1449.399505 438.380445 -49.813615 -1.099306 -0.025857 0.042823 -0.097054 0.994021
1449.499358 438.495834 -49.832197 -1.104057 -0.028186 0.042738 -0.096597 0.994006
1449.599194 438.607731 -49.848453 -1.112589 -0.031809 0.041978 -0.096417 0.993947
1449.699829 438.712670 -49.863775 -1.123648 -0.034904 0.043226 -0.096739 0.993758
1449.799660 438.802476 -49.878022 -1.133617 -0.034910 0.044023 -0.097466 0.993652
1449.899489 438.890296 -49.890939 -1.139347 -0.033329 0.045718 -0.098082 0.993569
1449.999327 438.982958 -49.902395 -1.144809 -0.032770 0.046819 -0.098802 0.993465
1450.099170 439.074289 -49.913400 -1.154085 -0.030457 0.049843 -0.099226 0.993349
1450.199795 439.159831 -49.921762 -1.162529 -0.027495 0.051129 -0.099509 0.993342
1450.299650 439.242600 -49.927666 -1.167695 -0.028950 0.053380 -0.100088 0.993124
1450.399490 439.333727 -49.936762 -1.175018 -0.027717 0.055321 -0.099730 0.993089
1450.499331 439.443811 -49.949103 -1.181051 -0.025519 0.057013 -0.099668 0.993058
1450.599168 439.554540 -49.962482 -1.186958 -0.023018 0.056472 -0.099961 0.993121
1450.699800 439.670478 -49.977356 -1.192795 -0.021664 0.055987 -0.100146 0.993160
1450.799625 439.796780 -49.994298 -1.198439 -0.024094 0.057430 -0.099938 0.993043
1450.899470 439.916670 -50.008032 -1.205909 -0.026775 0.057639 -0.099548 0.993001
1450.999311 440.030861 -50.018260 -1.216949 -0.026994 0.056549 -0.099246 0.993088
1451.099147 440.148691 -50.032357 -1.224938 -0.026678 0.054855 -0.099010 0.993215
1451.199779 440.264998 -50.049098 -1.231602 -0.026764 0.052178 -0.098699 0.993388
1451.299616 440.362578 -50.062961 -1.236869 -0.027933 0.049864 -0.098532 0.993491
1451.399451 440.465993 -50.076953 -1.240134 -0.027872 0.047914 -0.098526 0.993589
1451.499289 440.575473 -50.093367 -1.241900 -0.026885 0.047329 -0.098760 0.993621
1451.599143 440.694850 -50.108731 -1.245518 -0.025458 0.048264 -0.099064 0.993584
1451.699789 440.810814 -50.125250 -1.246666 -0.024337 0.051189 -0.099238 0.993448
1451.799630 440.925956 -50.145171 -1.249684 -0.025154 0.053839 -0.099159 0.993296
1451.899456 441.043487 -50.161896 -1.256087 -0.026439 0.054028 -0.099223 0.993246
1451.999291 441.159559 -50.178753 -1.265696 -0.027931 0.052809 -0.098684 0.993324
1452.099123 441.272163 -50.189033 -1.275544 -0.027461 0.051578 -0.098810 0.993389
1452.199757 441.387793 -50.208037 -1.280678 -0.026825 0.052055 -0.098530 0.993410
1452.299606 441.501849 -50.230250 -1.280647 -0.026472 0.051935 -0.098743 0.993404
1452.399433 441.616149 -50.248529 -1.279274 -0.024900 0.049964 -0.099176 0.993503
1452.499266 441.732304 -50.263746 -1.282511 -0.024360 0.050045 -0.100198 0.993410
1452.599510 441.854895 -50.281502 -1.286977 -0.025647 0.053265 -0.101148 0.993113
1452.699353 441.971820 -50.301084 -1.290450 -0.025418 0.054450 -0.101636 0.993005
1452.799187 442.082826 -50.322005 -1.296858 -0.025106 0.053360 -0.101891 0.993046
1452.899822 442.203122 -50.344839 -1.306363 -0.024568 0.053514 -0.101585 0.993083
1452.999651 442.340280 -50.367688 -1.312011 -0.025469 0.053669 -0.101178 0.993093
1453.099491 442.481489 -50.388512 -1.315036 -0.027814 0.053479 -0.100878 0.993071
1453.199318 442.622000 -50.408283 -1.319923 -0.029745 0.052766 -0.100591 0.993082
1453.299164 442.751810 -50.429163 -1.321328 -0.029554 0.052648 -0.100464 0.993107
1453.399814 442.878336 -50.453251 -1.324841 -0.027217 0.052052 -0.100124 0.993240
1453.499647 443.004896 -50.480137 -1.326908 -0.027324 0.050959 -0.100261 0.993280
1453.599493 443.132313 -50.507695 -1.334142 -0.027533 0.049897 -0.100574 0.993296
1453.699337 443.253414 -50.529828 -1.339274 -0.026936 0.049193 -0.100779 0.993327
1453.799178 443.379138 -50.550280 -1.343282 -0.025316 0.049370 -0.100803 0.993358
1453.899815 443.499182 -50.570808 -1.349693 -0.026130 0.052177 -0.101052 0.993168
1453.999657 443.618594 -50.592113 -1.364430 -0.028097 0.056127 -0.101292 0.992875
1454.099515 443.753917 -50.617424 -1.374522 -0.027714 0.055896 -0.101435 0.992884
1454.199345 443.880682 -50.644118 -1.378188 -0.026991 0.049697 -0.101338 0.993243
1454.299185 444.010844 -50.672076 -1.373617 -0.024797 0.045631 -0.100836 0.993547
1454.399807 444.154924 -50.699807 -1.367657 -0.022635 0.048819 -0.100584 0.993472
1454.499647 444.298563 -50.729348 -1.368554 -0.023057 0.052208 -0.100112 0.993338
1454.599489 444.433980 -50.752504 -1.373192 -0.024861 0.054411 -0.099762 0.993211
1454.699334 444.567768 -50.777748 -1.383801 -0.029817 0.055574 -0.099415 0.993045
1454.799173 444.706316 -50.805887 -1.392995 -0.031658 0.057410 -0.099306 0.992895
1454.899813 444.855445 -50.835750 -1.392099 -0.029229 0.055126 -0.098948 0.993134
1454.999641 445.001467 -50.862995 -1.386436 -0.027271 0.053484 -0.099317 0.993243
1455.099470 445.135837 -50.888540 -1.389656 -0.028395 0.052324 -0.099326 0.993273
1455.199303 445.265014 -50.913092 -1.400236 -0.031960 0.051677 -0.098870 0.993244
1455.299145 445.396377 -50.936139 -1.415138 -0.038998 0.050660 -0.098500 0.993081
1455.399786 445.539410 -50.958306 -1.428192 -0.042913 0.051408 -0.098707 0.992861
1455.499618 445.680787 -50.977043 -1.431246 -0.042321 0.052493 -0.099243 0.992776
1455.599470 445.821431 -50.996873 -1.427874 -0.039778 0.051682 -0.099557 0.992892
1455.699313 445.942641 -51.013716 -1.427194 -0.036625 0.049478 -0.099725 0.993109
1455.799156 446.067614 -51.024874 -1.436499 -0.035049 0.046550 -0.100063 0.993273
1455.899775 446.211432 -51.035791 -1.449567 -0.034727 0.045972 -0.100390 0.993279
1455.999618 446.351998 -51.044360 -1.455084 -0.034967 0.046787 -0.100698 0.993201
1456.099456 446.479593 -51.051725 -1.454922 -0.034439 0.046632 -0.100563 0.993240
1456.199289 446.612787 -51.060434 -1.453922 -0.036180 0.046326 -0.100345 0.993215
1456.299130 446.752630 -51.065614 -1.452501 -0.037327 0.047672 -0.100234 0.993120
1456.399772 446.894881 -51.071301 -1.455646 -0.035843 0.050147 -0.100006 0.993076
1456.499613 447.043967 -51.079961 -1.462300 -0.034716 0.051223 -0.099265 0.993135
1456.599450 447.193752 -51.085345 -1.465944 -0.036194 0.051409 -0.098573 0.993142
1456.699293 447.335325 -51.086381 -1.469053 -0.036848 0.048763 -0.097985 0.993309
1456.799122 447.476165 -51.089199 -1.471890 -0.035195 0.045611 -0.097605 0.993556
1456.899768 447.615036 -51.092834 -1.475724 -0.030117 0.043470 -0.097542 0.993825
1456.999617 447.752357 -51.095837 -1.475734 -0.026240 0.043750 -0.098069 0.993871
1457.099453 447.880963 -51.095225 -1.479223 -0.026458 0.045850 -0.099418 0.993637
1457.199298 447.996883 -51.091980 -1.487003 -0.027576 0.047112 -0.100660 0.993422
1457.299146 448.117185 -51.091037 -1.490556 -0.026894 0.044733 -0.101286 0.993487
1457.399773 448.250640 -51.090537 -1.488503 -0.026635 0.042514 -0.101832 0.993536
1457.499612 448.384918 -51.095221 -1.489501 -0.025009 0.045477 -0.101615 0.993469
1457.599457 448.516099 -51.099759 -1.496449 -0.023860 0.047663 -0.101034 0.993454
1457.699287 448.649013 -51.107728 -1.503035 -0.023301 0.049038 -0.100698 0.993435
1457.799117 448.775414 -51.115094 -1.510221 -0.025174 0.048728 -0.101094 0.993364
1457.899758 448.905225 -51.120527 -1.511039 -0.026534 0.043737 -0.100757 0.993595
1457.999593 449.037332 -51.123740 -1.508817 -0.027477 0.039257 -0.100269 0.993806
1458.099425 449.169493 -51.129195 -1.506420 -0.029948 0.040562 -0.100025 0.993707
1458.199260 449.285728 -51.134859 -1.508919 -0.029837 0.041009 -0.100247 0.993669
1458.299509 449.400067 -51.144556 -1.517812 -0.027630 0.043104 -0.101113 0.993557
1458.399343 449.533232 -51.157098 -1.526962 -0.026314 0.042566 -0.102149 0.993510
1458.499191 449.663604 -51.166273 -1.528281 -0.026259 0.042184 -0.102745 0.993466
1458.599822 449.787923 -51.173340 -1.525782 -0.024954 0.042167 -0.102993 0.993475
1458.699663 449.912055 -51.182420 -1.529200 -0.024848 0.041028 -0.102599 0.993566
1458.799510 450.025272 -51.192664 -1.536738 -0.028772 0.043601 -0.102636 0.993346
1458.899353 450.142033 -51.207474 -1.543362 -0.031904 0.046880 -0.102486 0.993117
1458.999212 450.261561 -51.217419 -1.546730 -0.030646 0.045970 -0.102188 0.993230
1459.099445 450.375188 -51.224917 -1.545648 -0.028042 0.042950 -0.101704 0.993491
1459.199280 450.491286 -51.235724 -1.545598 -0.026264 0.040808 -0.101194 0.993682
1459.299115 450.605575 -51.247207 -1.553332 -0.026407 0.040498 -0.101088 0.993702
1459.399746 450.723573 -51.256975 -1.558001 -0.027731 0.043353 -0.101234 0.993531
1459.499590 450.834080 -51.267826 -1.562478 -0.029359 0.043510 -0.101190 0.993482
1459.599433 450.938751 -51.278775 -1.570424 -0.029569 0.043190 -0.101186 0.993490
1459.699275 451.043618 -51.288605 -1.579375 -0.028464 0.042265 -0.101267 0.993553
1459.799523 451.153372 -51.300935 -1.581384 -0.029697 0.043173 -0.101763 0.993428
1459.899369 451.251300 -51.310832 -1.585210 -0.031453 0.046311 -0.102339 0.993173
1459.999211 451.346037 -51.319495 -1.589984 -0.029921 0.048556 -0.102338 0.993113
1460.099451 451.452942 -51.327814 -1.595661 -0.031783 0.048196 -0.101852 0.993123
1460.199296 451.569589 -51.333293 -1.594584 -0.032949 0.047593 -0.101710 0.993129
1460.299134 451.674568 -51.341504 -1.591610 -0.033189 0.045390 -0.101327 0.993263
1460.399781 451.773303 -51.355103 -1.591000 -0.031419 0.043102 -0.100720 0.993484
1460.499615 451.875047 -51.368600 -1.590744 -0.029086 0.043216 -0.100598 0.993563
1460.599462 451.975022 -51.381002 -1.593994 -0.028067 0.042244 -0.100526 0.993641
1460.699299 452.067209 -51.386982 -1.600528 -0.027334 0.041607 -0.100593 0.993681
1460.799142 452.164198 -51.390661 -1.603636 -0.027212 0.042272 -0.100655 0.993650
1460.899778 452.268763 -51.394445 -1.603223 -0.028831 0.042665 -0.100387 0.993615
1460.999622 452.376068 -51.401152 -1.602428 -0.031995 0.041504 -0.100812 0.993524
1461.099490 452.472545 -51.412249 -1.603773 -0.031924 0.041218 -0.101502 0.993468
1461.199326 452.563107 -51.426125 -1.605352 -0.028333 0.041863 -0.102140 0.993485
1461.299163 452.651938 -51.439593 -1.605583 -0.026652 0.041904 -0.102745 0.993467
1461.399802 452.758044 -51.449888 -1.608160 -0.025629 0.042904 -0.103235 0.993401
1461.499645 452.860861 -51.456196 -1.613405 -0.026246 0.043619 -0.103404 0.993336
1461.599483 452.961050 -51.463542 -1.619014 -0.026528 0.044505 -0.103224 0.993308
1461.699327 453.063058 -51.472505 -1.622950 -0.026895 0.043885 -0.103035 0.993345
1461.799164 453.177549 -51.485890 -1.625038 -0.028033 0.043142 -0.102950 0.993355
1461.899803 453.283153 -51.502487 -1.625880 -0.028969 0.043049 -0.102851 0.993342
1461.999639 453.374685 -51.513488 -1.624278 -0.029373 0.045476 -0.102756 0.993232
1462.099463 453.466357 -51.522347 -1.624761 -0.029346 0.047272 -0.102679 0.993157
1462.199298 453.557312 -51.531355 -1.625804 -0.028760 0.049586 -0.102461 0.993084
1462.299139 453.641593 -51.541162 -1.627947 -0.028378 0.049716 -0.102442 0.993090
1462.399773 453.725202 -51.553331 -1.630026 -0.028781 0.046211 -0.102130 0.993280
1462.499609 453.801361 -51.561726 -1.632983 -0.030042 0.043406 -0.102166 0.993366
1462.599451 453.892431 -51.572303 -1.635558 -0.031942 0.043175 -0.102115 0.993322
1462.699292 453.989987 -51.587173 -1.637556 -0.031075 0.045443 -0.101899 0.993270
1462.799148 454.092658 -51.600683 -1.633673 -0.028647 0.047538 -0.101935 0.993241
1462.899794 454.194509 -51.609330 -1.641009 -0.027900 0.048316 -0.102378 0.993180
1462.999641 454.299367 -51.620650 -1.651483 -0.027358 0.049345 -0.102088 0.993174
1463.099489 454.390777 -51.633130 -1.660299 -0.027371 0.050121 -0.102009 0.993143
1463.199345 454.485859 -51.647985 -1.666425 -0.027408 0.052046 -0.102039 0.993040
1463.299191 454.589649 -51.666141 -1.673572 -0.027396 0.055069 -0.101944 0.992887
1463.399814 454.692267 -51.680531 -1.680050 -0.027497 0.056484 -0.101833 0.992816
1463.499649 454.792528 -51.693738 -1.683213 -0.027681 0.055305 -0.101723 0.992888
1463.599506 454.895778 -51.708822 -1.685100 -0.027264 0.054196 -0.101491 0.992985
1463.699339 454.998658 -51.726136 -1.694553 -0.026350 0.056709 -0.101575 0.992861
1463.799182 455.107770 -51.743362 -1.705691 -0.026040 0.058815 -0.101639 0.992740
1463.899814 455.211658 -51.760859 -1.713467 -0.026248 0.059065 -0.101139 0.992770
1463.999650 455.307869 -51.778507 -1.718618 -0.027299 0.057461 -0.100734 0.992877
1464.099496 455.417461 -51.797415 -1.724618 -0.029125 0.054874 -0.100607 0.992985
1464.199338 455.537594 -51.819460 -1.729610 -0.028767 0.050160 -0.100396 0.993266
1464.299193 455.640468 -51.836612 -1.727886 -0.027733 0.048186 -0.100684 0.993364
1464.399834 455.739437 -51.853424 -1.725386 -0.026974 0.049057 -0.100802 0.993330
1464.499684 455.851864 -51.869820 -1.734680 -0.028105 0.050091 -0.101412 0.993185
1464.599530 455.969541 -51.889304 -1.751076 -0.029028 0.049392 -0.102038 0.993129
1464.699384 456.080571 -51.912076 -1.768876 -0.027616 0.049066 -0.102041 0.993186
1464.799223 456.194453 -51.936498 -1.780233 -0.027853 0.050550 -0.101887 0.993120
1464.899460 456.312264 -51.961104 -1.786992 -0.028103 0.052989 -0.101762 0.992999
1464.999280 456.425496 -51.981367 -1.791243 -0.027346 0.055347 -0.101660 0.992902
1465.099113 456.541184 -51.999742 -1.799756 -0.026474 0.055450 -0.101874 0.992898
1465.199752 456.669230 -52.022526 -1.814844 -0.025512 0.054938 -0.101749 0.992964
1465.299577 456.802006 -52.049175 -1.832567 -0.027589 0.054254 -0.101854 0.992936
1465.399424 456.935472 -52.075274 -1.848267 -0.028159 0.053809 -0.102290 0.992899
1465.499268 457.064501 -52.098116 -1.854487 -0.028041 0.055878 -0.102585 0.992758
1465.599500 457.189859 -52.122689 -1.857455 -0.031111 0.055712 -0.102599 0.992674
1465.699343 457.312920 -52.145247 -1.861830 -0.035948 0.054514 -0.102508 0.992587
1465.799170 457.436701 -52.165359 -1.872407 -0.035646 0.051445 -0.102285 0.992784
1465.899806 457.566970 -52.186712 -1.885398 -0.032859 0.050104 -0.102294 0.992948
1465.999633 457.691001 -52.206712 -1.897660 -0.031666 0.051792 -0.102579 0.992871
1466.099484 457.819571 -52.225752 -1.900949 -0.030363 0.054250 -0.102905 0.992746
1466.199322 457.941839 -52.244807 -1.905840 -0.030101 0.053921 -0.103203 0.992741
1466.299163 458.053736 -52.264805 -1.912031 -0.031840 0.052967 -0.103329 0.992726
1466.399795 458.187460 -52.289106 -1.920637 -0.032144 0.053679 -0.103665 0.992642
1466.499629 458.329513 -52.309187 -1.930962 -0.034399 0.051326 -0.103536 0.992705
1466.599477 458.467780 -52.321785 -1.949294 -0.036293 0.051114 -0.103276 0.992675
1466.699299 458.607157 -52.332525 -1.967851 -0.039797 0.054979 -0.102872 0.992376
1466.799131 458.744598 -52.345299 -1.984420 -0.040318 0.057869 -0.102803 0.992198
1466.899778 458.886939 -52.363462 -1.993547 -0.038208 0.055452 -0.102735 0.992427
1466.999627 459.030302 -52.384904 -1.998479 -0.037810 0.052711 -0.102980 0.992566
1467.099463 459.172923 -52.399857 -2.000931 -0.034745 0.052097 -0.103557 0.992650
1467.199295 459.309728 -52.409611 -2.008529 -0.031790 0.054135 -0.103812 0.992614
1467.299126 459.456899 -52.416566 -2.026252 -0.031110 0.057205 -0.104197 0.992423
1467.399767 459.609082 -52.421381 -2.043338 -0.033885 0.057181 -0.104934 0.992256
1467.499598 459.758389 -52.425618 -2.050044 -0.036149 0.053592 -0.104729 0.992398
1467.599432 459.905028 -52.434131 -2.044261 -0.039136 0.054410 -0.104688 0.992244
1467.699271 460.043775 -52.444229 -2.040310 -0.041418 0.056467 -0.104232 0.992085
1467.799513 460.189246 -52.449456 -2.048704 -0.041912 0.060896 -0.104213 0.991804
1467.899355 460.331086 -52.449354 -2.066547 -0.035677 0.062267 -0.104203 0.991964
1467.999210 460.471739 -52.448966 -2.080561 -0.029327 0.059874 -0.103894 0.992351
1468.099450 460.623438 -52.451123 -2.087824 -0.025683 0.054869 -0.103439 0.992789
1468.199290 460.777815 -52.450401 -2.088096 -0.025703 0.053743 -0.103399 0.992854
1468.299125 460.930296 -52.455524 -2.089208 -0.027302 0.053446 -0.102948 0.992875
1468.399760 461.089865 -52.464705 -2.091437 -0.026814 0.053289 -0.103343 0.992855
1468.499613 461.239634 -52.471061 -2.094606 -0.023055 0.052906 -0.105087 0.992787
1468.599453 461.388167 -52.475474 -2.102767 -0.022409 0.050063 -0.105699 0.992884
1468.699296 461.541535 -52.483584 -2.106905 -0.022275 0.047852 -0.106237 0.992939
1468.799151 461.695789 -52.492501 -2.108163 -0.027122 0.046605 -0.106718 0.992826
1468.899786 461.845513 -52.502264 -2.111251 -0.028304 0.047171 -0.106561 0.992783
1468.999634 461.999057 -52.517482 -2.113067 -0.026541 0.046480 -0.105988 0.992926
1469.099481 462.158170 -52.529764 -2.116176 -0.026913 0.045038 -0.105919 0.992990
1469.199322 462.310154 -52.539775 -2.121786 -0.028042 0.044840 -0.106133 0.992944
1469.299170 462.456240 -52.551201 -2.127494 -0.030780 0.043977 -0.105544 0.992965
1469.399824 462.598244 -52.563163 -2.131165 -0.030453 0.043329 -0.105274 0.993032
1469.499658 462.743409 -52.575863 -2.137234 -0.028271 0.044506 -0.105403 0.993031
1469.599505 462.879123 -52.589739 -2.143973 -0.028246 0.043879 -0.106214 0.992973
1469.699347 463.003159 -52.602812 -2.147187 -0.026869 0.041342 -0.106576 0.993081
1469.799190 463.130264 -52.614156 -2.145951 -0.026611 0.038694 -0.107043 0.993145
1469.899824 463.262896 -52.624288 -2.144117 -0.025074 0.038636 -0.108269 0.993054
1469.999654 463.384160 -52.634872 -2.148154 -0.026667 0.038617 -0.109854 0.992839
1470.099497 463.512116 -52.646221 -2.159272 -0.025405 0.039350 -0.111447 0.992666
1470.199329 463.643354 -52.665969 -2.165554 -0.023331 0.039042 -0.113619 0.992483
1470.299164 463.765253 -52.685620 -2.166995 -0.023687 0.035947 -0.116758 0.992227
1470.399789 463.880924 -52.701342 -2.163944 -0.027941 0.034348 -0.118505 0.991966
1470.499611 463.990960 -52.717604 -2.159568 -0.026847 0.037553 -0.120362 0.991656
1470.599448 464.106623 -52.736433 -2.161168 -0.026174 0.039518 -0.123055 0.991267
1470.699296 464.228576 -52.760298 -2.165366 -0.023639 0.040511 -0.126361 0.990875
1470.799157 464.351998 -52.782584 -2.171424 -0.023724 0.039526 -0.129521 0.990505
1470.899798 464.471599 -52.802917 -2.171312 -0.025779 0.039377 -0.131008 0.990264
1470.999648 464.590015 -52.824176 -2.167248 -0.026793 0.041255 -0.131220 0.990132
1471.099509 464.701546 -52.844188 -2.168978 -0.027231 0.042994 -0.131073 0.990066
1471.199343 464.798891 -52.863395 -2.177838 -0.027337 0.044223 -0.130991 0.990019
1471.299186 464.893748 -52.882477 -2.183102 -0.027696 0.043905 -0.130598 0.990075
1471.399823 464.996817 -52.905180 -2.186525 -0.028623 0.043130 -0.130230 0.990132
1471.499651 465.097754 -52.925948 -2.187454 -0.029985 0.041455 -0.130023 0.990190
1471.599481 465.198331 -52.946627 -2.189129 -0.030310 0.041143 -0.129755 0.990228
1471.699333 465.303515 -52.968153 -2.192961 -0.030395 0.041349 -0.129620 0.990235
1471.799162 465.400592 -52.988492 -2.195032 -0.030289 0.043520 -0.129772 0.990125
1471.899801 465.494558 -53.008075 -2.196147 -0.030206 0.043804 -0.129662 0.990130
1471.999636 465.580582 -53.028551 -2.198434 -0.030683 0.042849 -0.129573 0.990168
1472.099471 465.669804 -53.046531 -2.201513 -0.030697 0.042413 -0.129883 0.990146
1472.199311 465.770190 -53.064609 -2.204232 -0.029841 0.043433 -0.130156 0.990092
1472.299139 465.868601 -53.084531 -2.205916 -0.029247 0.044739 -0.130428 0.990016
1472.399780 465.961294 -53.105163 -2.205957 -0.029052 0.044648 -0.130710 0.989989
1472.499618 466.066083 -53.128559 -2.207318 -0.028981 0.044397 -0.130633 0.990012
1472.599451 466.179283 -53.153792 -2.211864 -0.029190 0.044696 -0.130334 0.990032
1472.699289 466.282678 -53.173511 -2.215851 -0.029303 0.044831 -0.130133 0.990049
1472.799144 466.377159 -53.191913 -2.214367 -0.029594 0.045128 -0.130074 0.990035
1472.899773 466.475890 -53.211517 -2.215836 -0.029221 0.046129 -0.130315 0.989968
1472.999626 466.574531 -53.236845 -2.217877 -0.030127 0.046898 -0.130570 0.989871
1473.099468 466.668395 -53.261314 -2.220535 -0.030500 0.047416 -0.130703 0.989817
1473.199306 466.757851 -53.278694 -2.223059 -0.029307 0.046201 -0.130932 0.989881
1473.299135 466.841929 -53.293827 -2.221570 -0.027881 0.044957 -0.130558 0.990028
1473.399770 466.933135 -53.311225 -2.220363 -0.029963 0.046261 -0.130324 0.989938
1473.499610 467.028461 -53.326069 -2.222943 -0.033763 0.048082 -0.130782 0.989669
1473.599442 467.124457 -53.344064 -2.228757 -0.035057 0.047597 -0.130726 0.989655
1473.699269 467.223330 -53.363544 -2.229280 -0.034419 0.046975 -0.130434 0.989745
1473.799500 467.327189 -53.383768 -2.229422 -0.032417 0.046551 -0.130235 0.989859
1473.899334 467.424743 -53.399348 -2.237127 -0.033853 0.046418 -0.130240 0.989817
1473.999163 467.506087 -53.415423 -2.249673 -0.034162 0.045932 -0.130318 0.989818
1474.099803 467.579332 -53.426994 -2.248610 -0.031971 0.044899 -0.130598 0.989902
1474.199638 467.657641 -53.436441 -2.241010 -0.032651 0.044738 -0.131044 0.989828
1474.299485 467.747490 -53.443772 -2.235973 -0.035999 0.045407 -0.131502 0.989621
1474.399335 467.836898 -53.451482 -2.234921 -0.039175 0.047924 -0.131766 0.989346
1474.499182 467.923134 -53.458259 -2.241961 -0.041415 0.048821 -0.132026 0.989177
1474.599824 468.014533 -53.467618 -2.252331 -0.040894 0.050508 -0.132001 0.989117
1474.699667 468.117679 -53.479054 -2.260145 -0.038236 0.052139 -0.131782 0.989168
1474.799508 468.220822 -53.488211 -2.262438 -0.036299 0.053380 -0.131510 0.989211
1474.899353 468.319763 -53.492332 -2.258868 -0.032895 0.054382 -0.131323 0.989300
1474.999185 468.426243 -53.495825 -2.261550 -0.030211 0.055314 -0.131436 0.989319
1475.099827 468.536650 -53.500485 -2.266952 -0.028070 0.057560 -0.131399 0.989259
1475.199652 468.645104 -53.506116 -2.273396 -0.027646 0.059796 -0.131451 0.989131
1475.299493 468.747898 -53.512297 -2.276572 -0.027571 0.060273 -0.131352 0.989118
1475.399359 468.858416 -53.523212 -2.280594 -0.027473 0.060593 -0.131153 0.989127
1475.499184 468.978889 -53.538436 -2.281296 -0.026559 0.060712 -0.130459 0.989237
1475.599823 469.093878 -53.548771 -2.284391 -0.025410 0.059571 -0.130252 0.989363
1475.699663 469.203068 -53.556237 -2.288619 -0.026489 0.056788 -0.130183 0.989508
1475.799500 469.318570 -53.565362 -2.293017 -0.028258 0.055367 -0.130635 0.989480
1475.899347 469.442212 -53.573121 -2.296103 -0.029227 0.053279 -0.131248 0.989485
1475.999202 469.555837 -53.586967 -2.295854 -0.028654 0.050719 -0.131670 0.989581
1476.099448 469.675551 -53.604297 -2.295129 -0.026855 0.049141 -0.132219 0.989637
1476.199282 469.785876 -53.624607 -2.298245 -0.023962 0.048793 -0.133376 0.989574
1476.299108 469.889169 -53.638443 -2.301805 -0.023748 0.048597 -0.135141 0.989349
1476.399731 469.990785 -53.651521 -2.306373 -0.022297 0.047486 -0.137268 0.989144
1476.499580 470.102951 -53.669812 -2.305352 -0.023725 0.045703 -0.138719 0.988992
1476.599418 470.228429 -53.689714 -2.302632 -0.026516 0.044384 -0.139479 0.988874
1476.699261 470.352349 -53.711805 -2.304144 -0.028300 0.043560 -0.139586 0.988846
1476.799515 470.472001 -53.735892 -2.309220 -0.028847 0.043212 -0.139356 0.988878
1476.899359 470.596340 -53.758090 -2.312260 -0.028823 0.044653 -0.139326 0.988819
1476.999202 470.711495 -53.775995 -2.316176 -0.028188 0.046565 -0.139486 0.988727
1477.099433 470.828185 -53.797511 -2.325320 -0.029353 0.046432 -0.139521 0.988694
1477.199272 470.942330 -53.821862 -2.330460 -0.030283 0.045827 -0.139518 0.988695
1477.299510 471.065203 -53.847375 -2.327920 -0.030209 0.046631 -0.139269 0.988695
1477.399342 471.170887 -53.869672 -2.324328 -0.029208 0.048589 -0.138783 0.988699
1477.499191 471.273518 -53.890004 -2.325721 -0.029595 0.050311 -0.138804 0.988598
1477.599828 471.385935 -53.912196 -2.328859 -0.030901 0.052029 -0.139054 0.988434
1477.699668 471.496616 -53.936374 -2.332938 -0.029535 0.053817 -0.139508 0.988316
1477.799514 471.607043 -53.959804 -2.336737 -0.027681 0.054081 -0.139808 0.988313
1477.899370 471.723978 -53.987034 -2.342444 -0.028011 0.053363 -0.139545 0.988380
1477.999219 471.839088 -54.015145 -2.346908 -0.029296 0.055161 -0.139023 0.988318
1478.099463 471.948114 -54.038746 -2.342286 -0.031125 0.059583 -0.138815 0.988034
1478.199310 472.056654 -54.063918 -2.341007 -0.031088 0.058970 -0.138560 0.988108
1478.299156 472.184913 -54.090962 -2.344590 -0.029028 0.056099 -0.138331 0.988370
1478.399807 472.317731 -54.121644 -2.348068 -0.027468 0.053224 -0.138170 0.988596
1478.499639 472.451980 -54.147581 -2.350492 -0.029718 0.053176 -0.138164 0.988534
1478.599476 472.584226 -54.173298 -2.353638 -0.031139 0.055067 -0.138286 0.988370
1478.699306 472.704249 -54.196211 -2.352225 -0.033278 0.055214 -0.138496 0.988263
1478.799144 472.822665 -54.216016 -2.348600 -0.034066 0.055045 -0.138812 0.988201
1478.899768 472.954458 -54.240446 -2.355617 -0.034113 0.053898 -0.138680 0.988281
1478.999597 473.082429 -54.266424 -2.362058 -0.037233 0.054080 -0.138221 0.988223
1479.099434 473.206366 -54.286789 -2.359711 -0.039447 0.053914 -0.138044 0.988170
1479.199280 473.334172 -54.304433 -2.360600 -0.038757 0.052843 -0.138012 0.988260
1479.299118 473.469757 -54.322163 -2.366355 -0.035407 0.052444 -0.138011 0.988407
1479.399749 473.605828 -54.343712 -2.366970 -0.037738 0.051944 -0.137916 0.988361
1479.499590 473.740259 -54.361046 -2.366722 -0.041231 0.050471 -0.137767 0.988318
1479.599444 473.873820 -54.374408 -2.370387 -0.042707 0.049718 -0.137522 0.988328
1479.699293 474.001704 -54.386008 -2.375679 -0.038538 0.050700 -0.137573 0.988442
1479.799124 474.136411 -54.398530 -2.386234 -0.032173 0.052775 -0.137702 0.988543
1479.899760 474.281640 -54.411715 -2.400084 -0.028236 0.054462 -0.137957 0.988537
1479.999598 474.431794 -54.424535 -2.404337 -0.026506 0.056983 -0.138125 0.988419
1480.099427 474.584448 -54.440353 -2.399298 -0.027347 0.057206 -0.137709 0.988441
1480.199253 474.730854 -54.458010 -2.396430 -0.028191 0.055658 -0.137212 0.988575
1480.299494 474.870568 -54.474317 -2.397961 -0.027148 0.054775 -0.136753 0.988717
1480.399338 475.010436 -54.488825 -2.406913 -0.030337 0.053086 -0.137136 0.988663
1480.499188 475.140428 -54.500959 -2.416724 -0.032171 0.052255 -0.137706 0.988570
1480.599824 475.264544 -54.515533 -2.420614 -0.032847 0.051969 -0.138180 0.988497
1480.699664 475.390954 -54.526897 -2.419992 -0.033198 0.052347 -0.138381 0.988437
1480.799504 475.518758 -54.539256 -2.422477 -0.033873 0.051902 -0.138065 0.988482
1480.899363 475.655556 -54.553779 -2.425516 -0.033850 0.053293 -0.137657 0.988466
1480.999202 475.786670 -54.570141 -2.426006 -0.031817 0.051804 -0.136945 0.988711
1481.099455 475.921362 -54.588211 -2.430463 -0.033160 0.049646 -0.136221 0.988878
1481.199290 476.058880 -54.608379 -2.438888 -0.033364 0.049457 -0.135531 0.988975
1481.299136 476.208539 -54.623497 -2.443742 -0.038411 0.047518 -0.135994 0.988824
1481.399780 476.361498 -54.633281 -2.452842 -0.040752 0.047117 -0.137046 0.988604
1481.499625 476.516561 -54.646528 -2.457639 -0.039193 0.050575 -0.137765 0.988396
1481.599454 476.672269 -54.659328 -2.456286 -0.036265 0.056348 -0.137884 0.988179
1481.699283 476.821139 -54.670444 -2.457020 -0.034279 0.057975 -0.137896 0.988154
1481.799129 476.968018 -54.681435 -2.470115 -0.034979 0.058402 -0.137968 0.988094
1481.899757 477.118761 -54.689722 -2.478992 -0.037464 0.060831 -0.138374 0.987800
1481.999584 477.271358 -54.699292 -2.482905 -0.036329 0.063413 -0.138476 0.987666
1482.099436 477.425365 -54.707835 -2.485102 -0.033594 0.064851 -0.138624 0.987648
1482.199277 477.568077 -54.713247 -2.486996 -0.028934 0.065467 -0.138944 0.987710
1482.299113 477.713756 -54.720282 -2.492036 -0.026441 0.063742 -0.138855 0.987905
1482.399743 477.857430 -54.731610 -2.502569 -0.025417 0.062983 -0.138759 0.987995
1482.499584 478.007337 -54.743164 -2.506590 -0.027749 0.063498 -0.139068 0.987855
1482.599423 478.169513 -54.755652 -2.509988 -0.027783 0.065537 -0.138886 0.987747
1482.699280 478.339804 -54.771982 -2.514670 -0.025180 0.066441 -0.138347 0.987832
1482.799121 478.512519 -54.789532 -2.516961 -0.024432 0.064993 -0.138063 0.987987
1482.899758 478.680395 -54.802735 -2.513878 -0.025788 0.060514 -0.137498 0.988315
1482.999616 478.839285 -54.815980 -2.515139 -0.027715 0.060317 -0.137278 0.988306
1483.099446 479.006332 -54.835231 -2.518327 -0.024553 0.063899 -0.137527 0.988130
1483.199288 479.169885 -54.855219 -2.525156 -0.024068 0.064767 -0.138631 0.987931
1483.299129 479.335738 -54.875389 -2.531137 -0.026926 0.063593 -0.139202 0.987853
1483.399766 479.500092 -54.896503 -2.532340 -0.028710 0.062701 -0.139633 0.987799
1483.499616 479.674265 -54.921398 -2.529185 -0.027397 0.062497 -0.140259 0.987761
1483.599462 479.857739 -54.951032 -2.532350 -0.025206 0.062493 -0.140421 0.987796
1483.699294 480.038020 -54.980680 -2.540492 -0.023201 0.064793 -0.140214 0.987726
1483.799136 480.222753 -55.011689 -2.551546 -0.024009 0.065862 -0.139480 0.987740
1483.899781 480.404446 -55.037558 -2.560949 -0.025773 0.067268 -0.139014 0.987667
1483.999624 480.589936 -55.062909 -2.563695 -0.030102 0.065222 -0.138575 0.987743
1484.099473 480.771126 -55.090351 -2.565438 -0.029406 0.064027 -0.138496 0.987854
1484.199320 480.950271 -55.123617 -2.566513 -0.024508 0.063778 -0.138886 0.987949
1484.299158 481.129421 -55.157204 -2.567958 -0.022006 0.063436 -0.139740 0.987909
1484.399790 481.304966 -55.191436 -2.574579 -0.024516 0.062788 -0.139897 0.987869
1484.499631 481.482100 -55.224825 -2.580025 -0.030961 0.061993 -0.140088 0.987711
1484.599470 481.668431 -55.256990 -2.580959 -0.034944 0.061431 -0.140382 0.987572
1484.699312 481.862134 -55.288717 -2.584004 -0.036925 0.058798 -0.140681 0.987617
1484.799149 482.052642 -55.320698 -2.589984 -0.035457 0.057797 -0.140611 0.987740
1484.899788 482.250113 -55.355619 -2.600228 -0.032553 0.059981 -0.139981 0.987800
1484.999626 482.440715 -55.392377 -2.606132 -0.032902 0.063981 -0.140446 0.987471
1485.099464 482.625598 -55.425044 -2.602051 -0.034313 0.064465 -0.140956 0.987319
1485.199307 482.811071 -55.453312 -2.606146 -0.035898 0.062565 -0.141117 0.987362
1485.299135 483.008930 -55.479757 -2.615170 -0.036780 0.062399 -0.141120 0.987339
1485.399771 483.203269 -55.503383 -2.628669 -0.035593 0.064042 -0.141215 0.987264
1485.499614 483.396367 -55.534274 -2.638053 -0.034451 0.064483 -0.141237 0.987273
1485.599453 483.588348 -55.568309 -2.646346 -0.036886 0.065334 -0.141413 0.987103
1485.699299 483.789310 -55.599154 -2.649863 -0.038646 0.065260 -0.141198 0.987072
1485.799139 483.992115 -55.623997 -2.647540 -0.039418 0.064170 -0.141017 0.987139
1485.899771 484.197385 -55.648391 -2.649945 -0.041878 0.062707 -0.140917 0.987146
1485.999609 484.387607 -55.671256 -2.657701 -0.042073 0.062923 -0.141045 0.987105
1486.099432 484.583423 -55.694660 -2.668607 -0.042836 0.062842 -0.141038 0.987079
1486.199256 484.777273 -55.713125 -2.678766 -0.043151 0.061372 -0.140924 0.987174
1486.299495 484.979852 -55.729701 -2.686514 -0.039658 0.059903 -0.140971 0.987404
1486.399329 485.178823 -55.745856 -2.689257 -0.034233 0.060444 -0.141358 0.987518
1486.499180 485.383337 -55.762993 -2.693597 -0.029943 0.058819 -0.141366 0.987755
1486.599814 485.581636 -55.777205 -2.697584 -0.029247 0.056632 -0.141577 0.987873
1486.699651 485.782437 -55.793022 -2.702077 -0.030371 0.053616 -0.141394 0.988034
1486.799490 485.977215 -55.812242 -2.705705 -0.029676 0.053496 -0.141236 0.988084
1486.899337 486.182279 -55.832741 -2.713087 -0.029071 0.056473 -0.141276 0.987931
1486.999184 486.389112 -55.851646 -2.719473 -0.027501 0.060556 -0.141398 0.987716
1487.099825 486.597836 -55.867499 -2.729746 -0.027140 0.063266 -0.141692 0.987514
1487.199678 486.796083 -55.889384 -2.735411 -0.026623 0.063433 -0.141614 0.987529
1487.299514 486.996476 -55.913773 -2.736794 -0.026932 0.062465 -0.141482 0.987601
1487.399354 487.197980 -55.937392 -2.744256 -0.027347 0.059360 -0.141427 0.987789
1487.499201 487.399217 -55.960463 -2.755873 -0.027580 0.056522 -0.141295 0.987968
1487.599428 487.602712 -55.988653 -2.764530 -0.027154 0.053980 -0.141422 0.988104
1487.699261 487.806087 -56.015320 -2.768430 -0.027716 0.052744 -0.141423 0.988155
1487.799502 488.000953 -56.041474 -2.770749 -0.027048 0.051491 -0.141137 0.988280
1487.899345 488.194452 -56.068141 -2.774892 -0.027629 0.051417 -0.140993 0.988288
1487.999196 488.391644 -56.094507 -2.777664 -0.027693 0.052287 -0.140982 0.988242
1488.099835 488.580685 -56.118518 -2.788751 -0.028635 0.052674 -0.141276 0.988153
1488.199669 488.771012 -56.147331 -2.794158 -0.029199 0.053194 -0.140827 0.988173
1488.299524 488.964456 -56.179692 -2.795122 -0.027718 0.053286 -0.140430 0.988267
1488.399354 489.159868 -56.211330 -2.803554 -0.028006 0.053374 -0.140768 0.988206
1488.499202 489.346870 -56.241686 -2.807424 -0.028499 0.052909 -0.140757 0.988219
1488.599456 489.540677 -56.272752 -2.812020 -0.031352 0.051673 -0.140905 0.988176
1488.699294 489.716396 -56.300528 -2.820100 -0.034170 0.051275 -0.140878 0.988108
1488.799136 489.889984 -56.329111 -2.825828 -0.036298 0.051453 -0.141046 0.987999
1488.899771 490.070762 -56.356781 -2.829787 -0.036743 0.053048 -0.141138 0.987885
1488.999614 490.255731 -56.382620 -2.834857 -0.036814 0.054359 -0.141106 0.987815
1489.099446 490.444141 -56.406799 -2.840639 -0.037053 0.055818 -0.141189 0.987713
1489.199287 490.626678 -56.433544 -2.846192 -0.038275 0.057376 -0.141256 0.987568
1489.299134 490.794478 -56.458815 -2.853804 -0.040673 0.057696 -0.141464 0.987423
1489.399780 490.977231 -56.481313 -2.864292 -0.040352 0.057966 -0.141542 0.987409
1489.499613 491.166934 -56.502865 -2.867660 -0.034586 0.058518 -0.141263 0.987636
1489.599452 491.356203 -56.523957 -2.870228 -0.029845 0.059174 -0.141661 0.987694
1489.699291 491.529963 -56.544946 -2.872906 -0.028109 0.059526 -0.141846 0.987697
1489.799125 491.702044 -56.567404 -2.879898 -0.028141 0.058431 -0.141752 0.987775
1489.899767 491.893391 -56.589598 -2.887356 -0.028232 0.058052 -0.141828 0.987784
1489.999607 492.077816 -56.610356 -2.895517 -0.027820 0.059670 -0.141898 0.987690
1490.099449 492.260166 -56.633611 -2.903171 -0.027779 0.058589 -0.141748 0.987777
1490.199295 492.435250 -56.658581 -2.911137 -0.027677 0.057681 -0.141910 0.987810
1490.299128 492.616356 -56.682837 -2.912995 -0.027728 0.058106 -0.141815 0.987797
1490.399772 492.805699 -56.708587 -2.922017 -0.028582 0.056589 -0.141757 0.987869
1490.499613 492.989637 -56.735721 -2.930144 -0.028417 0.056028 -0.141776 0.987903
1490.599444 493.160858 -56.761206 -2.939113 -0.029370 0.058516 -0.142092 0.987686
1490.699290 493.326646 -56.785187 -2.951356 -0.036759 0.061371 -0.142166 0.987254
1490.799141 493.504814 -56.809397 -2.954540 -0.045004 0.062088 -0.142085 0.986880
1490.899779 493.679636 -56.827567 -2.959855 -0.050121 0.060187 -0.142023 0.986760
1490.999622 493.858295 -56.843037 -2.970896 -0.054152 0.056732 -0.141828 0.986779
1491.099459 494.039108 -56.853833 -2.984101 -0.054624 0.053278 -0.141731 0.986960
1491.199302 494.214254 -56.865475 -2.993386 -0.052467 0.052295 -0.141373 0.987181
1491.299135 494.394542 -56.878664 -3.000673 -0.042262 0.051890 -0.141539 0.987668
1491.399779 494.582122 -56.894694 -3.010997 -0.034193 0.050518 -0.141864 0.988005
1491.499624 494.771187 -56.903206 -3.021060 -0.030783 0.047346 -0.142112 0.988238
1491.599478 494.959385 -56.908969 -3.031748 -0.030152 0.041428 -0.142051 0.988532
1491.699315 495.134871 -56.911242 -3.046762 -0.031324 0.037429 -0.142093 0.988649
1491.799153 495.303229 -56.920260 -3.067239 -0.031514 0.038048 -0.142041 0.988627
1491.899790 495.472141 -56.932127 -3.083650 -0.031240 0.041447 -0.142061 0.988496
1491.999626 495.634921 -56.936709 -3.103804 -0.030662 0.044469 -0.142306 0.988348
1492.099468 495.795115 -56.940584 -3.130011 -0.029489 0.045263 -0.142534 0.988315
1492.199305 495.949805 -56.949830 -3.151077 -0.028964 0.045218 -0.142541 0.988331
1492.299145 496.094056 -56.958202 -3.172931 -0.029281 0.044258 -0.142495 0.988372
1492.399779 496.235928 -56.964158 -3.198637 -0.030204 0.043970 -0.142848 0.988306
1492.499620 496.374073 -56.969999 -3.229253 -0.030008 0.045181 -0.142942 0.988244
1492.599466 496.509176 -56.978268 -3.260439 -0.029729 0.046436 -0.142717 0.988227
1492.699304 496.649561 -56.988418 -3.295907 -0.029182 0.048138 -0.142729 0.988160
1492.799150 496.790501 -57.001688 -3.328332 -0.029319 0.051282 -0.143038 0.987953
1492.899780 496.930929 -57.012656 -3.356194 -0.028761 0.053028 -0.143137 0.987863
1492.999616 497.071075 -57.024920 -3.380888 -0.028278 0.053732 -0.142947 0.987866
1493.099446 497.215209 -57.038199 -3.405204 -0.028710 0.056162 -0.143055 0.987703
1493.199285 497.359124 -57.051678 -3.423891 -0.027751 0.062809 -0.143105 0.987323
1493.299129 497.504011 -57.066657 -3.444822 -0.026302 0.069352 -0.143024 0.986936
1493.399767 497.658345 -57.085881 -3.461571 -0.026678 0.072766 -0.143082 0.986672
1493.499625 497.807618 -57.102528 -3.474254 -0.028073 0.070726 -0.142674 0.986840
1493.599469 497.960219 -57.118484 -3.482956 -0.028938 0.065990 -0.141958 0.987247
1493.699296 498.102905 -57.135845 -3.486261 -0.027893 0.060951 -0.141650 0.987645
1493.799145 498.259251 -57.160099 -3.492721 -0.027782 0.057210 -0.141507 0.987892
1493.899791 498.417280 -57.183993 -3.496882 -0.028261 0.056518 -0.141645 0.987899
1493.999633 498.572802 -57.208625 -3.498660 -0.029545 0.056806 -0.141693 0.987838
1494.099473 498.733781 -57.231311 -3.498420 -0.029091 0.057973 -0.141772 0.987772
1494.199312 498.890157 -57.256668 -3.499951 -0.029217 0.057334 -0.141766 0.987806
1494.299144 499.057278 -57.284038 -3.507050 -0.027932 0.057013 -0.141698 0.987872
1494.399788 499.204648 -57.311381 -3.514325 -0.028319 0.057167 -0.141919 0.987820
1494.499638 499.345487 -57.337970 -3.518751 -0.027579 0.058835 -0.142254 0.987695
1494.599487 499.489942 -57.362579 -3.515349 -0.028249 0.059631 -0.142366 0.987612
1494.699322 499.643239 -57.387540 -3.508763 -0.029150 0.058269 -0.142327 0.987673
1494.799167 499.807369 -57.418129 -3.510089 -0.029985 0.056943 -0.142033 0.987768
1494.899792 499.975842 -57.451763 -3.523131 -0.030011 0.058758 -0.142351 0.987615
1494.999634 500.145323 -57.488307 -3.534596 -0.028765 0.064193 -0.142430 0.987302
1495.099471 500.314755 -57.520355 -3.544215 -0.028203 0.070247 -0.142913 0.986836
1495.199309 500.483050 -57.550496 -3.552065 -0.029703 0.070224 -0.143031 0.986777
1495.299134 500.653912 -57.580433 -3.555625 -0.034912 0.068021 -0.142898 0.986780
1495.399788 500.824898 -57.614151 -3.560603 -0.040210 0.064860 -0.142581 0.986837
1495.499634 501.004827 -57.648631 -3.570846 -0.043786 0.062365 -0.142609 0.986841
1495.599484 501.172827 -57.678666 -3.580268 -0.044847 0.060349 -0.142389 0.986951
1495.699315 501.330598 -57.704582 -3.590667 -0.041054 0.059555 -0.142355 0.987169
1495.799161 501.488153 -57.732273 -3.602900 -0.035444 0.059810 -0.142096 0.987408
1495.899785 501.639217 -57.759230 -3.617839 -0.031712 0.062567 -0.142333 0.987330
1495.999643 501.797311 -57.786297 -3.631008 -0.028932 0.065168 -0.142685 0.987197
1496.099485 501.968179 -57.813724 -3.643217 -0.029977 0.062647 -0.142654 0.987333
1496.199324 502.143627 -57.839129 -3.648125 -0.031252 0.057908 -0.142647 0.987584
1496.299166 502.328755 -57.867056 -3.647776 -0.031532 0.053879 -0.142497 0.987825
1496.399794 502.521136 -57.897997 -3.651532 -0.029988 0.051940 -0.142489 0.987978
1496.499631 502.711798 -57.932741 -3.656788 -0.028651 0.054113 -0.142694 0.987871
1496.599480 502.894385 -57.965752 -3.665141 -0.029414 0.056755 -0.142677 0.987703
1496.699313 503.069561 -57.992423 -3.674690 -0.030053 0.057896 -0.143155 0.987548
1496.799161 503.231137 -58.016431 -3.685604 -0.032016 0.056450 -0.143204 0.987563
1496.899802 503.396996 -58.046885 -3.691583 -0.035172 0.053402 -0.142966 0.987660
1496.999639 503.572902 -58.079892 -3.699698 -0.036978 0.049470 -0.143049 0.987787
1497.099470 503.755778 -58.110910 -3.711935 -0.040199 0.049052 -0.143206 0.987659
1497.199327 503.937616 -58.136141 -3.727835 -0.044941 0.049722 -0.143105 0.987436
1497.299167 504.102491 -58.159117 -3.737937 -0.046859 0.050266 -0.142894 0.987349
1497.399825 504.268336 -58.180614 -3.750661 -0.044695 0.049987 -0.143152 0.987427
1497.499681 504.430333 -58.202248 -3.770183 -0.043251 0.051835 -0.143171 0.987393
1497.599527 504.587804 -58.223337 -3.796020 -0.041347 0.054678 -0.143039 0.987340
1497.699381 504.749860 -58.238622 -3.821628 -0.041947 0.055159 -0.143073 0.987283
1497.799225 504.905309 -58.248195 -3.848795 -0.044321 0.055027 -0.143512 0.987123
1497.899458 505.059825 -58.256256 -3.879768 -0.046366 0.056496 -0.143676 0.986922
1497.999286 505.207609 -58.265714 -3.907519 -0.044962 0.057687 -0.143621 0.986926
1498.099129 505.377963 -58.276585 -3.936931 -0.044196 0.058374 -0.143952 0.986872
1498.199773 505.548409 -58.285443 -3.966702 -0.044933 0.059794 -0.143877 0.986765
1498.299590 505.714484 -58.289548 -3.997892 -0.044008 0.060811 -0.143663 0.986776
1498.399445 505.883727 -58.290585 -4.025669 -0.043613 0.061950 -0.143768 0.986707
1498.499285 506.057391 -58.289564 -4.047448 -0.042688 0.063134 -0.143981 0.986641
1498.599120 506.234304 -58.290844 -4.066013 -0.040341 0.064083 -0.144237 0.986642
1498.699758 506.407845 -58.294911 -4.078872 -0.038361 0.065469 -0.144103 0.986649
1498.799598 506.591060 -58.297503 -4.089800 -0.035116 0.068026 -0.144242 0.986577
1498.899443 506.778809 -58.300483 -4.102370 -0.034472 0.069489 -0.144286 0.986491
1498.999281 506.967440 -58.298890 -4.113290 -0.032636 0.072427 -0.144314 0.986338
1499.099124 507.152937 -58.298272 -4.124485 -0.032800 0.072852 -0.144663 0.986250
1499.199763 507.339676 -58.298667 -4.133048 -0.031840 0.072174 -0.144735 0.986321
1499.299620 507.519065 -58.297821 -4.137947 -0.030322 0.071173 -0.144754 0.986439
1499.399458 507.702318 -58.301560 -4.146518 -0.029392 0.067162 -0.144533 0.986780
1499.499295 507.903527 -58.307603 -4.151211 -0.028925 0.063288 -0.144452 0.987062
1499.599143 508.099643 -58.312581 -4.153663 -0.028982 0.059979 -0.144727 0.987227
1499.699791 508.293100 -58.317932 -4.158450 -0.027785 0.061685 -0.145119 0.987098
1499.799623 508.480656 -58.326949 -4.153363 -0.027609 0.065616 -0.145613 0.986777
1499.899467 508.675513 -58.340478 -4.152763 -0.031350 0.067168 -0.146180 0.986477
1499.999298 508.875221 -58.353659 -4.158002 -0.033812 0.062491 -0.146354 0.986677
1500.099148 509.059691 -58.365070 -4.174552 -0.032465 0.052960 -0.146175 0.987307
1500.199783 509.249312 -58.376820 -4.187598 -0.032055 0.045224 -0.146111 0.987714
1500.299614 509.441547 -58.390234 -4.196212 -0.031094 0.041142 -0.146157 0.987916
1500.399456 509.625356 -58.399527 -4.199677 -0.030694 0.041946 -0.146460 0.987850
1500.499292 509.789239 -58.406644 -4.200673 -0.032622 0.043940 -0.146482 0.987698
1500.599138 509.949322 -58.416570 -4.205384 -0.034146 0.044554 -0.146109 0.987675
1500.699785 510.133170 -58.429126 -4.211376 -0.034477 0.042719 -0.146175 0.987734
1500.799625 510.313648 -58.441311 -4.217111 -0.031303 0.041361 -0.145853 0.987946
1500.899466 510.491993 -58.453690 -4.225654 -0.028861 0.043433 -0.145831 0.987934
1500.999306 510.659525 -58.468094 -4.231569 -0.028166 0.045065 -0.145490 0.987931
1501.099167 510.828858 -58.483987 -4.239406 -0.028245 0.048171 -0.145375 0.987800
1501.199810 511.013713 -58.504012 -4.246372 -0.030493 0.052051 -0.145556 0.987509
1501.299657 511.199380 -58.524025 -4.255459 -0.030923 0.055634 -0.145878 0.987253
1501.399496 511.376526 -58.537767 -4.261404 -0.029792 0.057711 -0.145905 0.987164
1501.499342 511.555616 -58.551719 -4.267396 -0.028840 0.058722 -0.145924 0.987130
1501.599187 511.717877 -58.570010 -4.272235 -0.028436 0.058721 -0.146121 0.987113
1501.699836 511.882179 -58.593057 -4.278890 -0.028109 0.058623 -0.146040 0.987140
1501.799682 512.037680 -58.612762 -4.287155 -0.030086 0.057123 -0.146131 0.987156
1501.899525 512.192400 -58.628339 -4.292288 -0.030528 0.056742 -0.146217 0.987152
1501.999359 512.358237 -58.647012 -4.295862 -0.031498 0.056759 -0.146269 0.987113
1502.099193 512.508827 -58.666140 -4.303777 -0.028519 0.060080 -0.146533 0.986968
1502.199825 512.672618 -58.692545 -4.316559 -0.026690 0.064668 -0.146653 0.986711
1502.299669 512.830409 -58.717784 -4.321884 -0.026458 0.067493 -0.146418 0.986563
1502.399514 512.990221 -58.747070 -4.327443 -0.027413 0.070287 -0.146219 0.986371
1502.499356 513.157193 -58.771467 -4.333814 -0.027693 0.071129 -0.146291 0.986292
1502.599197 513.323183 -58.795273 -4.339741 -0.027624 0.069883 -0.146138 0.986406
1502.699443 513.493983 -58.823931 -4.346772 -0.027724 0.065474 -0.146080 0.986714
1502.799269 513.671107 -58.856822 -4.356261 -0.028228 0.057854 -0.145780 0.987221
1502.899514 513.853178 -58.893082 -4.364255 -0.028337 0.053902 -0.146095 0.987394
1502.999367 514.034076 -58.924936 -4.373647 -0.028503 0.051977 -0.146601 0.987418
1503.099203 514.200563 -58.956656 -4.377812 -0.028476 0.050306 -0.146201 0.987565
1503.199461 514.366960 -58.990771 -4.383243 -0.030741 0.049511 -0.145876 0.987585
1503.299315 514.530307 -59.023668 -4.392125 -0.032619 0.049152 -0.145862 0.987545
1503.399163 514.698409 -59.056111 -4.400545 -0.033237 0.050220 -0.145713 0.987492
1503.499794 514.871291 -59.089222 -4.402005 -0.033334 0.051161 -0.145724 0.987439
1503.599631 515.032114 -59.122603 -4.411037 -0.032031 0.050487 -0.145343 0.987573
1503.699479 515.195776 -59.157080 -4.417969 -0.030493 0.049997 -0.144887 0.987714
1503.799314 515.357102 -59.190765 -4.425174 -0.031177 0.048905 -0.144937 0.987740
1503.899163 515.529105 -59.223339 -4.431205 -0.034473 0.046441 -0.145070 0.987729
1503.999806 515.692632 -59.256070 -4.435335 -0.038651 0.044949 -0.144981 0.987657
1504.099635 515.853063 -59.287919 -4.444558 -0.035351 0.047128 -0.144554 0.987742
1504.199484 516.012018 -59.314677 -4.447913 -0.031977 0.049796 -0.144480 0.987736
1504.299330 516.172985 -59.340930 -4.452832 -0.031407 0.048777 -0.144838 0.987753
1504.399168 516.332741 -59.374779 -4.454087 -0.033178 0.045999 -0.145553 0.987724
1504.499809 516.486673 -59.409305 -4.455954 -0.034200 0.044799 -0.145830 0.987703
1504.599640 516.645091 -59.445440 -4.464086 -0.034802 0.045815 -0.146214 0.987578
1504.699479 516.802039 -59.476999 -4.474798 -0.032964 0.045297 -0.146467 0.987628
1504.799317 516.942000 -59.503658 -4.483334 -0.033752 0.043546 -0.146900 0.987616
1504.899162 517.079022 -59.528411 -4.485820 -0.032018 0.044572 -0.147466 0.987543
1504.999801 517.216963 -59.555701 -4.488848 -0.030508 0.045913 -0.147340 0.987549
1505.099635 517.350517 -59.580237 -4.493451 -0.029389 0.047243 -0.146594 0.987631
1505.199477 517.493455 -59.611402 -4.500069 -0.032647 0.049368 -0.144832 0.987685
1505.299322 517.641747 -59.643450 -4.508327 -0.030986 0.050955 -0.144405 0.987720
1505.399155 517.778471 -59.675185 -4.513505 -0.031651 0.051479 -0.144491 0.987659
1505.499794 517.913344 -59.706580 -4.520847 -0.031148 0.050061 -0.144641 0.987726
1505.599634 518.038509 -59.733282 -4.526802 -0.032136 0.047481 -0.144942 0.987778
1505.699477 518.159928 -59.759392 -4.528936 -0.035304 0.043653 -0.144786 0.987869
1505.799312 518.290828 -59.784093 -4.524966 -0.039457 0.043908 -0.143733 0.987854
1505.899147 518.425779 -59.807298 -4.524090 -0.040263 0.047928 -0.141437 0.987966
1505.999783 518.562752 -59.835115 -4.529527 -0.038961 0.050549 -0.137771 0.988406
1506.099623 518.685739 -59.866980 -4.533903 -0.034588 0.052756 -0.134503 0.988903
1506.199468 518.808300 -59.892094 -4.537904 -0.030164 0.051218 -0.133023 0.989329
1506.299306 518.936904 -59.915517 -4.542713 -0.030975 0.046674 -0.133006 0.989531
1506.399152 519.059699 -59.941057 -4.549559 -0.034512 0.042777 -0.131873 0.989742
1506.499790 519.179720 -59.966044 -4.551865 -0.034480 0.043462 -0.131017 0.989827
1506.599636 519.308078 -59.992034 -4.555466 -0.033287 0.044047 -0.130112 0.989961
1506.699473 519.433774 -60.018729 -4.558090 -0.031784 0.044914 -0.128686 0.990158
1506.799312 519.544681 -60.039167 -4.564003 -0.033183 0.044761 -0.127787 0.990235
1506.899159 519.663476 -60.062619 -4.566210 -0.034207 0.045607 -0.126013 0.990389
1506.999787 519.784786 -60.088338 -4.570161 -0.034876 0.044711 -0.124615 0.990583
1507.099633 519.907003 -60.115264 -4.576459 -0.034732 0.044251 -0.124337 0.990644
1507.199482 520.027777 -60.140050 -4.580607 -0.034237 0.045988 -0.124447 0.990568
1507.299314 520.154892 -60.165629 -4.581491 -0.034075 0.047966 -0.124408 0.990485
1507.399155 520.274778 -60.187436 -4.584152 -0.034316 0.047288 -0.124398 0.990511
1507.499784 520.385460 -60.210208 -4.586617 -0.034335 0.046518 -0.124478 0.990536
1507.599633 520.491688 -60.235705 -4.589232 -0.034337 0.046832 -0.124225 0.990553
1507.699476 520.599695 -60.261762 -4.592700 -0.034905 0.045190 -0.123820 0.990660
1507.799332 520.706343 -60.284981 -4.596299 -0.035548 0.045791 -0.123575 0.990641
1507.899166 520.809141 -60.305167 -4.601576 -0.033751 0.043737 -0.124110 0.990729
1507.999817 520.907355 -60.324353 -4.611011 -0.030359 0.043405 -0.125209 0.990715
1508.099660 521.006184 -60.343533 -4.611715 -0.029810 0.045169 -0.126187 0.990529
1508.199510 521.115082 -60.362354 -4.604097 -0.031915 0.047119 -0.126917 0.990279
1508.299351 521.222339 -60.381015 -4.601652 -0.033600 0.048736 -0.127293 0.990097
1508.399190 521.331562 -60.401890 -4.606664 -0.033870 0.050220 -0.127184 0.990028
1508.499822 521.429726 -60.430312 -4.615663 -0.035335 0.048815 -0.126000 0.990198
1508.599660 521.529274 -60.451005 -4.626741 -0.036231 0.045994 -0.125204 0.990402
1508.699483 521.621099 -60.466795 -4.635139 -0.035191 0.031788 -0.123959 0.991154
1508.799339 521.713787 -60.481394 -4.633842 -0.034815 0.031528 -0.124835 0.991065
1508.899190 521.801778 -60.501177 -4.627094 -0.033943 0.040353 -0.125049 0.990748
1508.999837 521.881965 -60.520345 -4.618180 -0.034492 0.049059 -0.125170 0.990321
1509.099687 521.958571 -60.535641 -4.621704 -0.034033 0.051702 -0.125141 0.990206
1509.199530 522.045001 -60.551310 -4.627433 -0.032489 0.048999 -0.124616 0.990462
1509.299371 522.124415 -60.567818 -4.634520 -0.031092 0.044264 -0.124142 0.990789
1509.399195 522.209572 -60.584264 -4.644382 -0.031587 0.043003 -0.123926 0.990856
1509.499835 522.302083 -60.598798 -4.652876 -0.031846 0.048021 -0.124163 0.990587
1509.599683 522.400962 -60.620018 -4.648927 -0.034739 0.052064 -0.124229 0.990278
1509.699521 522.494741 -60.640906 -4.639564 -0.036461 0.051339 -0.124087 0.990271
1509.799364 522.578013 -60.661491 -4.637607 -0.036600 0.047384 -0.123955 0.990480
1509.899202 522.671276 -60.677720 -4.643325 -0.036012 0.044339 -0.124009 0.990636
1509.999434 522.769780 -60.696154 -4.651270 -0.035038 0.043687 -0.124257 0.990668
1510.099290 522.869253 -60.715822 -4.655670 -0.034186 0.045656 -0.124598 0.990567
1510.199129 522.955105 -60.735137 -4.657364 -0.033734 0.046957 -0.124717 0.990506
1510.299788 523.031011 -60.750866 -4.661784 -0.032942 0.047912 -0.124632 0.990498
1510.399626 523.102376 -60.766811 -4.667825 -0.034018 0.048864 -0.124483 0.990434
1510.499459 523.176481 -60.782449 -4.676583 -0.034421 0.048950 -0.124815 0.990374
1510.599301 523.259462 -60.801140 -4.685410 -0.032658 0.049173 -0.125033 0.990395
1510.699140 523.345610 -60.821513 -4.692263 -0.030859 0.050847 -0.125103 0.990359
1510.799790 523.425140 -60.841253 -4.696771 -0.030645 0.052119 -0.124912 0.990324
1510.899629 523.499576 -60.853201 -4.702278 -0.031031 0.050633 -0.125163 0.990357
1510.999475 523.573089 -60.869319 -4.707391 -0.032599 0.047298 -0.124909 0.990504
1511.099335 523.650373 -60.891035 -4.710401 -0.032776 0.045860 -0.124749 0.990586
1511.199185 523.735874 -60.914699 -4.710861 -0.033149 0.046041 -0.124856 0.990551
1511.299815 523.815050 -60.934124 -4.712565 -0.034041 0.046839 -0.124823 0.990488
1511.399653 523.891592 -60.949940 -4.716506 -0.035013 0.047207 -0.124620 0.990462
1511.499492 523.973572 -60.966147 -4.717772 -0.036846 0.047765 -0.124603 0.990371
1511.599330 524.056499 -60.983922 -4.714105 -0.036349 0.046723 -0.124556 0.990445
1511.699174 524.135697 -61.002759 -4.713541 -0.036491 0.045769 -0.124831 0.990450
1511.799828 524.211520 -61.023756 -4.718730 -0.035332 0.046198 -0.124796 0.990476
1511.899663 524.285323 -61.041303 -4.724158 -0.034471 0.047436 -0.124955 0.990428
1511.999501 524.371195 -61.059151 -4.727697 -0.035952 0.047662 -0.124880 0.990374
1512.099346 524.456231 -61.075157 -4.727488 -0.038813 0.047082 -0.124590 0.990330
1512.199202 524.529372 -61.088474 -4.724589 -0.040572 0.045785 -0.124445 0.990339
1512.299454 524.601457 -61.101894 -4.727125 -0.040671 0.045244 -0.124388 0.990367
1512.399296 524.677832 -61.117374 -4.729997 -0.039252 0.046276 -0.124183 0.990402
1512.499125 524.753262 -61.131344 -4.734379 -0.037973 0.047417 -0.124328 0.990380
1512.599764 524.832544 -61.144627 -4.734248 -0.038548 0.049937 -0.124128 0.990259
1512.699604 524.904727 -61.152878 -4.736828 -0.039445 0.052045 -0.123921 0.990141
1512.799454 524.964103 -61.156471 -4.739418 -0.040282 0.052775 -0.123706 0.990095
1512.899297 525.019627 -61.160865 -4.739615 -0.041027 0.053102 -0.123547 0.990067
1512.999133 525.079882 -61.163929 -4.741183 -0.039349 0.054808 -0.123837 0.990006
1513.099754 525.158004 -61.169530 -4.745263 -0.037093 0.056740 -0.123988 0.989965
1513.199594 525.259449 -61.179992 -4.748046 -0.034873 0.059004 -0.124252 0.989881
1513.299429 525.357720 -61.185759 -4.745069 -0.032872 0.059770 -0.124874 0.989825
1513.399259 525.441505 -61.190567 -4.748384 -0.032776 0.059907 -0.125231 0.989775
1513.499488 525.529868 -61.194453 -4.752571 -0.033884 0.061766 -0.125613 0.989575
1513.599330 525.627329 -61.201137 -4.759902 -0.033923 0.062979 -0.125846 0.989467
1513.699192 525.713864 -61.203873 -4.765301 -0.031872 0.063526 -0.126561 0.989409
1513.799834 525.804918 -61.210775 -4.767159 -0.029785 0.064242 -0.127080 0.989362
1513.899679 525.892575 -61.220063 -4.769934 -0.029736 0.061617 -0.126189 0.989644
1513.999524 525.985960 -61.233169 -4.774510 -0.031377 0.059571 -0.125345 0.989826
1514.099361 526.083813 -61.242432 -4.775223 -0.032584 0.061019 -0.125150 0.989723
1514.199199 526.180163 -61.251067 -4.777062 -0.032417 0.064880 -0.125121 0.989487
1514.299434 526.277774 -61.260581 -4.783832 -0.032768 0.068187 -0.125238 0.989238
1514.399281 526.381682 -61.269531 -4.792678 -0.034650 0.068083 -0.125643 0.989130
1514.499128 526.491310 -61.279258 -4.798910 -0.035325 0.066166 -0.125760 0.989221
1514.599768 526.600263 -61.289905 -4.802494 -0.035653 0.064840 -0.125400 0.989343
1514.699615 526.717100 -61.299657 -4.798439 -0.035431 0.066077 -0.125495 0.989257
1514.799447 526.842662 -61.315132 -4.798320 -0.033871 0.066889 -0.125165 0.989299
1514.899299 526.965095 -61.331816 -4.806316 -0.034988 0.067958 -0.124713 0.989244
1514.999134 527.081225 -61.344964 -4.815567 -0.039429 0.068168 -0.124851 0.989045
1515.099776 527.210837 -61.355493 -4.823212 -0.042373 0.066031 -0.124827 0.989072
1515.199617 527.346628 -61.364202 -4.825992 -0.045785 0.064716 -0.125124 0.988969
1515.299468 527.483874 -61.371480 -4.827287 -0.046558 0.064561 -0.125371 0.988912
1515.399309 527.619142 -61.380334 -4.832186 -0.045543 0.063490 -0.124973 0.989079
1515.499152 527.753162 -61.387376 -4.841126 -0.046098 0.061913 -0.124851 0.989168
1515.599794 527.879776 -61.390546 -4.850123 -0.048998 0.061941 -0.124934 0.989017
1515.699631 528.010808 -61.390678 -4.855402 -0.048660 0.061270 -0.125149 0.989048
1515.799467 528.145094 -61.387630 -4.857719 -0.047992 0.061222 -0.125209 0.989076
1515.899309 528.270096 -61.384059 -4.866411 -0.043010 0.059858 -0.124947 0.989422
1515.999173 528.405983 -61.386270 -4.874851 -0.037569 0.060780 -0.124335 0.989664
1516.099812 528.554138 -61.387087 -4.874897 -0.037150 0.061548 -0.123931 0.989683
1516.199643 528.703508 -61.381051 -4.877832 -0.039808 0.060950 -0.124051 0.989602
1516.299495 528.857449 -61.373977 -4.886337 -0.037223 0.059872 -0.124359 0.989730
1516.399336 529.012599 -61.369339 -4.893032 -0.037910 0.060597 -0.124685 0.989618
1516.499181 529.159450 -61.366793 -4.898459 -0.039171 0.062606 -0.125216 0.989377
1516.599822 529.311267 -61.367361 -4.904628 -0.036072 0.062977 -0.125518 0.989433
1516.699669 529.465025 -61.368455 -4.914138 -0.032053 0.060842 -0.125510 0.989706
1516.799508 529.618413 -61.366454 -4.918855 -0.030571 0.056008 -0.125400 0.990052
1516.899349 529.767104 -61.361604 -4.924734 -0.029847 0.053621 -0.125389 0.990208
1516.999184 529.911608 -61.358981 -4.930563 -0.031665 0.053583 -0.125125 0.990187
1517.099826 530.060850 -61.359878 -4.938559 -0.033816 0.054086 -0.124945 0.990111
1517.199680 530.210287 -61.363540 -4.948274 -0.032612 0.054136 -0.125055 0.990135
1517.299523 530.351326 -61.365801 -4.960948 -0.030724 0.053270 -0.125217 0.990222
1517.399367 530.490463 -61.370012 -4.967848 -0.029405 0.050826 -0.125125 0.990402
1517.499198 530.641654 -61.374680 -4.964677 -0.030553 0.049469 -0.125099 0.990439
1517.599440 530.793604 -61.380751 -4.964157 -0.033970 0.048173 -0.125010 0.990403
1517.699285 530.940772 -61.387373 -4.970681 -0.034858 0.051320 -0.124833 0.990236
1517.799124 531.080689 -61.396185 -4.980946 -0.031154 0.053291 -0.125083 0.990224
1517.899767 531.217664 -61.406931 -4.989364 -0.027982 0.050237 -0.125734 0.990396
1517.999599 531.355175 -61.412756 -4.992918 -0.026690 0.045898 -0.126218 0.990581
1518.099442 531.496349 -61.419072 -4.989955 -0.028486 0.043448 -0.126256 0.990636
1518.199297 531.629856 -61.426149 -4.989532 -0.031135 0.044705 -0.125929 0.990542
1518.299134 531.766560 -61.437798 -4.995021 -0.033188 0.047843 -0.125964 0.990325
1518.399771 531.913561 -61.451924 -5.004391 -0.033462 0.049122 -0.126123 0.990232
1518.499607 532.053101 -61.464959 -5.016474 -0.033082 0.048043 -0.126108 0.990300
1518.599461 532.191863 -61.476101 -5.026334 -0.032848 0.046097 -0.125864 0.990431
1518.699301 532.332573 -61.486464 -5.034396 -0.031965 0.043760 -0.125747 0.990581
1518.799133 532.468039 -61.497648 -5.036315 -0.031696 0.043450 -0.125774 0.990600
1518.899781 532.608663 -61.507211 -5.036782 -0.031458 0.046293 -0.126076 0.990440
1518.999618 532.731985 -61.519554 -5.041252 -0.031137 0.049256 -0.126155 0.990298
1519.099440 532.846176 -61.533636 -5.043231 -0.031934 0.051132 -0.126065 0.990189
1519.199282 532.962267 -61.546779 -5.046858 -0.032482 0.049665 -0.126452 0.990196
1519.299116 533.081272 -61.559715 -5.053196 -0.031548 0.045908 -0.126509 0.990400
1519.399751 533.200502 -61.576566 -5.060198 -0.029436 0.042324 -0.127041 0.990557
1519.499592 533.313384 -61.592689 -5.063957 -0.028207 0.041601 -0.129620 0.990289
1519.599423 533.423402 -61.609140 -5.065775 -0.028982 0.039554 -0.132330 0.989992
1519.699262 533.539427 -61.624517 -5.068500 -0.033640 0.041640 -0.134301 0.989494
1519.799504 533.654203 -61.634879 -5.076317 -0.033961 0.044224 -0.134393 0.989358
1519.899351 533.761440 -61.649365 -5.078498 -0.031266 0.044874 -0.133833 0.989494
1519.999191 533.882829 -61.673209 -5.077687 -0.030307 0.045792 -0.133529 0.989522
1520.099830 534.000911 -61.695331 -5.077887 -0.034891 0.047274 -0.134261 0.989203
1520.199653 534.109778 -61.712315 -5.080982 -0.035233 0.049219 -0.134878 0.989012
1520.299496 534.213522 -61.724333 -5.088218 -0.034224 0.050857 -0.135023 0.988944
1520.399319 534.320547 -61.739592 -5.098771 -0.031372 0.051427 -0.134816 0.989038
1520.499159 534.416300 -61.759641 -5.102328 -0.032106 0.051722 -0.134483 0.989044
1520.599792 534.508303 -61.778354 -5.099029 -0.033944 0.052175 -0.134596 0.988944
1520.699639 534.598714 -61.794945 -5.099598 -0.033340 0.055286 -0.134782 0.988770
1520.799489 534.698770 -61.811212 -5.103442 -0.032821 0.055965 -0.134394 0.988802
1520.899316 534.803723 -61.826469 -5.108651 -0.031261 0.055494 -0.134600 0.988851
1520.999154 534.908219 -61.848888 -5.120347 -0.030279 0.054795 -0.134413 0.988946
1521.099796 535.016197 -61.874652 -5.139401 -0.032175 0.057781 -0.134402 0.988717
1521.199635 535.128026 -61.895672 -5.155634 -0.033187 0.060337 -0.134667 0.988495
1521.299483 535.230965 -61.912908 -5.166955 -0.032372 0.062061 -0.134802 0.988397
1521.399323 535.323073 -61.932262 -5.177172 -0.032081 0.062138 -0.134890 0.988390
1521.499154 535.430299 -61.954901 -5.191445 -0.032007 0.060765 -0.134872 0.988480
1521.599809 535.543436 -61.979386 -5.213324 -0.032409 0.058184 -0.134748 0.988639
1521.699660 535.642174 -62.002795 -5.237416 -0.032851 0.056956 -0.134710 0.988701
1521.799485 535.741166 -62.024353 -5.262718 -0.033161 0.056255 -0.134825 0.988715
1521.899306 535.850570 -62.046170 -5.284465 -0.032627 0.056496 -0.135016 0.988693
1521.999155 535.956844 -62.070775 -5.300281 -0.031830 0.056962 -0.134718 0.988733
1522.099795 536.063568 -62.096059 -5.312604 -0.032060 0.057902 -0.134310 0.988727
1522.199635 536.194371 -62.121090 -5.328548 -0.033173 0.057871 -0.134482 0.988668
1522.299466 536.322776 -62.146786 -5.351933 -0.033487 0.059544 -0.134874 0.988505
1522.399300 536.442567 -62.174714 -5.374458 -0.033177 0.060803 -0.135035 0.988417
1522.499137 536.552470 -62.201815 -5.393502 -0.034032 0.061830 -0.135074 0.988319
1522.599767 536.664073 -62.230934 -5.405847 -0.032169 0.063203 -0.135532 0.988232
1522.699608 536.772947 -62.263312 -5.411544 -0.029836 0.061715 -0.135581 0.988392
1522.799450 536.888077 -62.294960 -5.418515 -0.029574 0.057591 -0.135337 0.988682
1522.899289 537.005573 -62.319172 -5.424746 -0.032187 0.056141 -0.134309 0.988824
1522.999139 537.125434 -62.342086 -5.431533 -0.033007 0.058442 -0.132327 0.988931
1523.099779 537.242627 -62.365999 -5.440761 -0.033307 0.060278 -0.131786 0.988883
1523.199634 537.367382 -62.395844 -5.440630 -0.033891 0.060669 -0.131788 0.988839
1523.299474 537.489689 -62.430660 -5.436228 -0.034362 0.057256 -0.131635 0.989047
1523.399321 537.616249 -62.466969 -5.437257 -0.034259 0.053396 -0.131745 0.989252
1523.499157 537.740446 -62.494273 -5.441554 -0.034417 0.052200 -0.131977 0.989279
1523.599811 537.870439 -62.525059 -5.447246 -0.033263 0.053751 -0.131880 0.989248
1523.699658 537.998567 -62.556285 -5.451008 -0.031841 0.056303 -0.131843 0.989158
1523.799476 538.124563 -62.585930 -5.452328 -0.031419 0.058917 -0.132009 0.988997
1523.899316 538.258877 -62.616133 -5.456126 -0.032652 0.059979 -0.132015 0.988892
1523.999153 538.384830 -62.648643 -5.461330 -0.032890 0.059760 -0.131936 0.988908
1524.099769 538.513716 -62.682681 -5.464172 -0.033963 0.060374 -0.131654 0.988872
1524.199613 538.637034 -62.716427 -5.469666 -0.036384 0.058500 -0.131072 0.988976
1524.299460 538.757771 -62.747947 -5.478829 -0.038699 0.056868 -0.131150 0.988973
1524.399311 538.881722 -62.780336 -5.488751 -0.038228 0.055115 -0.131682 0.989020
1524.499157 539.003359 -62.812978 -5.498616 -0.038594 0.053870 -0.132332 0.988988
1524.599787 539.139495 -62.839746 -5.493545 -0.038097 0.054514 -0.133172 0.988859
1524.699614 539.282547 -62.865040 -5.486750 -0.038650 0.055164 -0.133196 0.988798
1524.799461 539.422992 -62.892170 -5.493754 -0.042169 0.057856 -0.133258 0.988492
1524.899300 539.557430 -62.922311 -5.509381 -0.045629 0.061768 -0.132848 0.988157
1524.999131 539.693347 -62.951420 -5.521489 -0.046562 0.061718 -0.132050 0.988224
1525.099764 539.838022 -62.978400 -5.526747 -0.046531 0.059664 -0.131144 0.988472
1525.199611 539.977228 -62.997225 -5.521011 -0.045913 0.059847 -0.130753 0.988541
1525.299453 540.112581 -63.010152 -5.516528 -0.040987 0.059345 -0.131314 0.988714
1525.399290 540.243891 -63.026210 -5.517064 -0.033856 0.057436 -0.132015 0.989003
1525.499125 540.373384 -63.044033 -5.519200 -0.031146 0.054688 -0.132947 0.989123
1525.599746 540.505428 -63.063758 -5.527376 -0.034431 0.052650 -0.133533 0.989046
1525.699576 540.635731 -63.081168 -5.536600 -0.040921 0.053184 -0.133879 0.988723
1525.799399 540.761736 -63.096735 -5.540910 -0.042373 0.053507 -0.133217 0.988734
1525.899241 540.898796 -63.107638 -5.541476 -0.045139 0.053897 -0.132832 0.988642
1525.999482 541.042746 -63.118194 -5.544620 -0.045494 0.054667 -0.132453 0.988634
1526.099323 541.179229 -63.129550 -5.552217 -0.043624 0.055828 -0.131952 0.988721
1526.199166 541.315253 -63.141186 -5.558404 -0.042792 0.056865 -0.131764 0.988723
1526.299813 541.455419 -63.149050 -5.563196 -0.041364 0.056707 -0.131950 0.988768
1526.399644 541.595158 -63.159417 -5.563701 -0.039658 0.054925 -0.132271 0.988896
1526.499480 541.737696 -63.171260 -5.564970 -0.040410 0.053870 -0.132746 0.988860
1526.599324 541.876298 -63.179802 -5.572797 -0.038726 0.053025 -0.132935 0.988947
1526.699160 542.016005 -63.187791 -5.583187 -0.035496 0.053449 -0.132888 0.989052
1526.799799 542.155991 -63.192962 -5.592588 -0.032185 0.053727 -0.132806 0.989161
1526.899632 542.283663 -63.196333 -5.597477 -0.032076 0.052865 -0.132612 0.989237
1526.999463 542.409729 -63.197064 -5.602135 -0.033698 0.050719 -0.132761 0.989276
1527.099303 542.545342 -63.201513 -5.606572 -0.034285 0.048994 -0.132692 0.989352
1527.199146 542.683578 -63.210594 -5.611606 -0.032153 0.050433 -0.132472 0.989381
1527.299784 542.819010 -63.226850 -5.615777 -0.029906 0.050511 -0.132040 0.989505
1527.399641 542.953996 -63.238683 -5.621001 -0.027916 0.048972 -0.131837 0.989667
1527.499487 543.082239 -63.247699 -5.623574 -0.029794 0.051255 -0.131705 0.989515
1527.599342 543.206758 -63.255733 -5.628092 -0.031243 0.053037 -0.131860 0.989355
1527.699188 543.334350 -63.266636 -5.635738 -0.032061 0.055633 -0.132303 0.989127
1527.799825 543.464803 -63.279582 -5.642643 -0.029920 0.057975 -0.132841 0.988988
1527.899666 543.599412 -63.293416 -5.646176 -0.030317 0.058436 -0.133066 0.988918
1527.999498 543.726268 -63.304985 -5.645974 -0.032834 0.057309 -0.133113 0.988898
1528.099337 543.855582 -63.316177 -5.650157 -0.034030 0.055445 -0.132789 0.989007
1528.199164 543.984604 -63.331448 -5.657245 -0.033965 0.055676 -0.132591 0.989023
1528.299795 544.123365 -63.350181 -5.664828 -0.033531 0.057807 -0.132726 0.988897
1528.399643 544.263096 -63.370502 -5.674029 -0.032472 0.061043 -0.132876 0.988718
1528.499486 544.399268 -63.387932 -5.679262 -0.034411 0.062718 -0.133112 0.988516
1528.599320 544.529511 -63.402063 -5.683846 -0.039278 0.061632 -0.133164 0.988396
1528.699152 544.660680 -63.415890 -5.686926 -0.044325 0.059523 -0.132780 0.988363
1528.799791 544.791819 -63.431048 -5.691136 -0.049342 0.058957 -0.132306 0.988223
1528.899638 544.929458 -63.442723 -5.703195 -0.051618 0.058729 -0.132154 0.988141
1528.999485 545.072730 -63.453597 -5.707579 -0.050862 0.061380 -0.132051 0.988032
1529.099326 545.209202 -63.461827 -5.711219 -0.046874 0.064734 -0.132411 0.987967
1529.199171 545.344766 -63.470147 -5.717019 -0.043596 0.066983 -0.132626 0.987939
1529.299802 545.486785 -63.476406 -5.722162 -0.041854 0.067145 -0.132575 0.988010
1529.399641 545.631552 -63.478318 -5.730986 -0.039440 0.067940 -0.132814 0.988023
1529.499488 545.778290 -63.480117 -5.744164 -0.034784 0.069626 -0.133034 0.988051
1529.599317 545.934821 -63.484104 -5.747649 -0.030357 0.071130 -0.133291 0.988055
1529.699167 546.091705 -63.492411 -5.750052 -0.030868 0.071157 -0.133730 0.987978
1529.799802 546.252967 -63.501350 -5.751935 -0.032451 0.071156 -0.133935 0.987899
1529.899655 546.403082 -63.507097 -5.758261 -0.034322 0.071594 -0.133939 0.987804
1529.999491 546.557054 -63.514717 -5.766281 -0.035177 0.073501 -0.133719 0.987664
1530.099328 546.722253 -63.523616 -5.773463 -0.033888 0.075412 -0.133107 0.987647
1530.199173 546.894779 -63.534196 -5.781691 -0.032714 0.075606 -0.132681 0.987729
1530.299811 547.063308 -63.548622 -5.785081 -0.036208 0.075987 -0.132464 0.987607
1530.399647 547.229863 -63.566091 -5.789561 -0.035472 0.076113 -0.132425 0.987630
1530.499479 547.407325 -63.582346 -5.799094 -0.032876 0.074281 -0.132188 0.987891
1530.599338 547.583230 -63.593787 -5.812639 -0.030908 0.073381 -0.132594 0.987967
1530.699174 547.761823 -63.606309 -5.822600 -0.033889 0.073415 -0.133114 0.987797
1530.799812 547.945867 -63.622622 -5.830092 -0.035892 0.071901 -0.133788 0.987746
1530.899647 548.129558 -63.639828 -5.826635 -0.036765 0.074077 -0.134168 0.987502
1530.999482 548.313879 -63.658148 -5.819166 -0.034625 0.076431 -0.134361 0.987373
1531.099331 548.493341 -63.674606 -5.824188 -0.033247 0.074915 -0.134845 0.987471
1531.199168 548.676045 -63.695256 -5.842070 -0.032024 0.070082 -0.134897 0.987859
1531.299802 548.871345 -63.718811 -5.861048 -0.033436 0.070554 -0.134590 0.987821
1531.399635 549.075437 -63.744911 -5.872939 -0.034388 0.072377 -0.134406 0.987681
1531.499469 549.282441 -63.767533 -5.878747 -0.036461 0.074220 -0.134169 0.987502
1531.599319 549.491510 -63.789369 -5.885252 -0.037015 0.074633 -0.134158 0.987452
1531.699162 549.702683 -63.811747 -5.890040 -0.037347 0.075709 -0.134298 0.987338
1531.799797 549.918267 -63.838434 -5.900447 -0.038273 0.075785 -0.133759 0.987370
1531.899632 550.133858 -63.863286 -5.905089 -0.038538 0.076568 -0.133614 0.987319
1531.999490 550.353997 -63.887761 -5.911543 -0.038760 0.077166 -0.133445 0.987287
1532.099311 550.563739 -63.911677 -5.919607 -0.039490 0.076202 -0.133357 0.987345
1532.199151 550.766898 -63.933203 -5.929090 -0.037860 0.073481 -0.133421 0.987606
1532.299777 550.968024 -63.952682 -5.935978 -0.038872 0.071078 -0.133039 0.987794
1532.399625 551.177434 -63.973489 -5.940647 -0.039097 0.070053 -0.133187 0.987839
1532.499454 551.401412 -63.997950 -5.948057 -0.036375 0.072562 -0.133203 0.987759
1532.599284 551.623029 -64.021431 -5.958006 -0.035075 0.074323 -0.133632 0.987617
1532.699127 551.846710 -64.046273 -5.967818 -0.035669 0.073792 -0.133407 0.987666
1532.799765 552.061935 -64.067676 -5.974221 -0.035293 0.070484 -0.133523 0.987906
1532.899600 552.288331 -64.089510 -5.980368 -0.036156 0.067269 -0.133685 0.988077
1532.999448 552.515565 -64.115651 -5.991279 -0.036374 0.065530 -0.133818 0.988168
1533.099281 552.733409 -64.142530 -6.005178 -0.035782 0.066812 -0.133856 0.988098
1533.199103 552.952698 -64.169555 -6.015235 -0.033421 0.067784 -0.133722 0.988133
1533.299746 553.180306 -64.195524 -6.024694 -0.032237 0.066457 -0.133704 0.988265
1533.399584 553.405938 -64.215454 -6.040769 -0.033673 0.065962 -0.133598 0.988265
1533.499431 553.632321 -64.239267 -6.061342 -0.034952 0.063254 -0.133666 0.988388
1533.599275 553.848770 -64.266157 -6.081743 -0.035004 0.057637 -0.133438 0.988760
1533.699508 554.067610 -64.294021 -6.095537 -0.034684 0.052395 -0.133429 0.989064
1533.799345 554.290371 -64.320967 -6.109363 -0.034667 0.049386 -0.133453 0.989217
1533.899190 554.508044 -64.346686 -6.119385 -0.034357 0.046827 -0.133568 0.989336
1533.999819 554.727871 -64.372414 -6.128286 -0.034032 0.044289 -0.133982 0.989409
1534.099654 554.937876 -64.402390 -6.141070 -0.034407 0.043409 -0.134038 0.989427
1534.199493 555.145632 -64.431732 -6.153167 -0.035078 0.041503 -0.134072 0.989481
1534.299341 555.339251 -64.451233 -6.132141 -0.036751 0.022369 -0.133618 0.990099
1534.399176 555.512176 -64.473874 -6.118040 -0.035330 -0.054438 -0.130853 0.989275
1534.499814 555.675325 -64.494277 -6.112106 -0.033579 -0.097795 -0.128941 0.986247
1534.599656 555.809158 -64.511378 -6.139014 -0.031843 -0.087335 -0.130161 0.987126
1534.699480 555.914211 -64.525216 -6.175132 -0.034303 -0.057459 -0.131140 0.989103
1534.799320 555.995044 -64.531036 -6.215756 -0.034646 -0.024232 -0.132137 0.990329
1534.899166 556.064342 -64.536982 -6.229848 -0.035096 -0.003052 -0.132717 0.990528
1534.999809 556.128978 -64.547525 -6.228182 -0.036119 0.008759 -0.133197 0.990392
1535.099658 556.182016 -64.557026 -6.227181 -0.034728 0.019114 -0.133749 0.990222
1535.199502 556.223918 -64.565847 -6.234141 -0.033247 0.030666 -0.134136 0.989930
1535.299342 556.268139 -64.569070 -6.248060 -0.034277 0.038650 -0.134831 0.989521
1535.399189 556.317223 -64.572460 -6.268494 -0.034070 0.043511 -0.135183 0.989278
1535.499826 556.364308 -64.579220 -6.282146 -0.033762 0.046327 -0.135213 0.989157
1535.599664 556.397181 -64.590603 -6.291243 -0.032991 0.049741 -0.135358 0.988997
1535.699497 556.424604 -64.599417 -6.305582 -0.031722 0.053894 -0.135409 0.988814
1535.799333 556.455058 -64.607574 -6.330143 -0.031859 0.057840 -0.135756 0.988539
1535.899173 556.484721 -64.611450 -6.354065 -0.031707 0.060238 -0.135957 0.988373
1535.999815 556.512339 -64.621317 -6.378810 -0.032253 0.061425 -0.135710 0.988317
1536.099653 556.546438 -64.633756 -6.397004 -0.032584 0.062449 -0.135785 0.988231
1536.199493 556.581748 -64.644292 -6.418223 -0.031920 0.064728 -0.136013 0.988075
1536.299327 556.618048 -64.655436 -6.441202 -0.030740 0.068855 -0.136108 0.987820
1536.399162 556.665498 -64.668816 -6.468221 -0.030592 0.072771 -0.136084 0.987547
1536.499804 556.724713 -64.683208 -6.498069 -0.030400 0.076113 -0.136125 0.987296
1536.599642 556.781605 -64.698497 -6.520077 -0.030097 0.075574 -0.135999 0.987364
1536.699488 556.838618 -64.713654 -6.533485 -0.030293 0.073877 -0.136201 0.987458
1536.799323 556.900658 -64.732908 -6.540025 -0.030564 0.073140 -0.136205 0.987504
1536.899149 556.963243 -64.755032 -6.546998 -0.030668 0.074705 -0.136272 0.987375
1536.999792 557.042216 -64.775826 -6.553591 -0.030299 0.077091 -0.136248 0.987206
1537.099634 557.122639 -64.796467 -6.562281 -0.030560 0.078191 -0.136383 0.987093
1537.199478 557.210943 -64.823430 -6.567144 -0.030253 0.077864 -0.136367 0.987130
1537.299310 557.308156 -64.848583 -6.569071 -0.029476 0.077111 -0.136591 0.987182
1537.399148 557.412925 -64.872723 -6.567687 -0.029557 0.077489 -0.136814 0.987119
1537.499795 557.521218 -64.900509 -6.566173 -0.029854 0.078239 -0.136778 0.987056
1537.599652 557.625746 -64.931923 -6.571449 -0.029177 0.079063 -0.136662 0.987027
1537.699483 557.731502 -64.967655 -6.576690 -0.028839 0.081423 -0.136739 0.986834
1537.799323 557.848351 -65.000611 -6.589012 -0.029601 0.079835 -0.136466 0.986979
1537.899158 557.971722 -65.030315 -6.591961 -0.029740 0.077176 -0.136406 0.987194
1537.999793 558.087225 -65.067577 -6.594091 -0.032258 0.073862 -0.135941 0.987433
1538.099622 558.202046 -65.108206 -6.590301 -0.031887 0.073971 -0.135522 0.987494
1538.199459 558.325445 -65.148162 -6.591390 -0.031558 0.074472 -0.135326 0.987494
1538.299302 558.451384 -65.187813 -6.600916 -0.033199 0.073494 -0.135175 0.987534
1538.399133 558.587097 -65.222682 -6.606747 -0.033703 0.074837 -0.135243 0.987407
1538.499766 558.730641 -65.260020 -6.609668 -0.033432 0.077357 -0.135759 0.987151
1538.599620 558.873742 -65.303557 -6.610796 -0.033442 0.079334 -0.135935 0.986970
1538.699464 559.024227 -65.352959 -6.612203 -0.033003 0.078167 -0.136010 0.987067
1538.799301 559.177553 -65.403488 -6.617136 -0.031416 0.077315 -0.135978 0.987191
1538.899146 559.332335 -65.449899 -6.618985 -0.031982 0.075013 -0.135832 0.987370
1538.999793 559.491238 -65.494160 -6.620788 -0.036376 0.072675 -0.135660 0.987417
1539.099629 559.656222 -65.537373 -6.625436 -0.043374 0.071199 -0.135192 0.987306
1539.199471 559.825619 -65.582128 -6.630994 -0.047587 0.071025 -0.134706 0.987191
1539.299315 559.990366 -65.627689 -6.638307 -0.049020 0.069295 -0.134411 0.987284
1539.399149 560.153905 -65.668794 -6.646778 -0.048201 0.066677 -0.134436 0.987501
1539.499803 560.321149 -65.706627 -6.648592 -0.044437 0.063472 -0.134351 0.987900
1539.599645 560.487290 -65.743598 -6.653164 -0.044877 0.061889 -0.134530 0.987956
1539.699497 560.653609 -65.780012 -6.659002 -0.042842 0.061727 -0.134527 0.988057
1539.799350 560.821317 -65.814617 -6.663171 -0.041135 0.058238 -0.134493 0.988346
1539.899191 560.992298 -65.846670 -6.666672 -0.042490 0.056034 -0.134129 0.988466
1539.999828 561.158358 -65.880305 -6.673171 -0.044673 0.054650 -0.133482 0.988534
1540.099667 561.332462 -65.909162 -6.682854 -0.049076 0.052383 -0.133138 0.988495
1540.199507 561.501979 -65.936313 -6.693562 -0.052505 0.050808 -0.132903 0.988432
1540.299351 561.674410 -65.962870 -6.700743 -0.052794 0.051981 -0.133205 0.988315
1540.399184 561.849188 -65.983407 -6.707747 -0.050107 0.052037 -0.134290 0.988305
1540.499833 562.026165 -66.005350 -6.712992 -0.046734 0.051144 -0.135097 0.988407
1540.599682 562.213137 -66.030943 -6.718376 -0.040988 0.050728 -0.135387 0.988644
1540.699516 562.397164 -66.055574 -6.725898 -0.034571 0.053711 -0.135259 0.988749
1540.799360 562.571267 -66.076868 -6.732713 -0.032792 0.056464 -0.134524 0.988757
1540.899199 562.733891 -66.094089 -6.741283 -0.036471 0.056368 -0.133758 0.988737
1540.999426 562.896263 -66.113125 -6.749574 -0.039122 0.055951 -0.133103 0.988748
1541.099260 563.056406 -66.131878 -6.755875 -0.038566 0.055973 -0.132642 0.988830
1541.199494 563.203187 -66.149497 -6.761348 -0.037197 0.052366 -0.132839 0.989054
1541.299337 563.353785 -66.167081 -6.771082 -0.036234 0.048441 -0.133658 0.989180
1541.399181 563.499640 -66.186076 -6.779603 -0.032369 0.049361 -0.133927 0.989232
1541.499825 563.655237 -66.206105 -6.785776 -0.030962 0.050079 -0.134063 0.989222
1541.599662 563.813565 -66.226709 -6.797108 -0.031343 0.051359 -0.134505 0.989085
1541.699509 563.964211 -66.243098 -6.801734 -0.033123 0.055591 -0.135148 0.988710
1541.799344 564.114974 -66.265814 -6.803498 -0.032061 0.058770 -0.135688 0.988487
1541.899195 564.269986 -66.288811 -6.807954 -0.030819 0.056000 -0.136147 0.988624
1541.999833 564.419653 -66.311513 -6.810663 -0.032930 0.053070 -0.135590 0.988795
1542.099669 564.565536 -66.331333 -6.816148 -0.034636 0.052880 -0.135410 0.988771
1542.199514 564.713416 -66.353516 -6.822934 -0.037151 0.054108 -0.135479 0.988604
1542.299353 564.872012 -66.379913 -6.832547 -0.039888 0.055916 -0.135169 0.988439
1542.399193 565.035173 -66.406705 -6.841235 -0.041283 0.056883 -0.134982 0.988352
1542.499837 565.192183 -66.428926 -6.846519 -0.044302 0.057037 -0.134628 0.988261
1542.599664 565.345872 -66.447901 -6.852864 -0.045151 0.052509 -0.134254 0.988524
1542.699504 565.495671 -66.466214 -6.856295 -0.045560 0.046836 -0.134562 0.988749
1542.799340 565.651139 -66.487569 -6.855799 -0.050950 0.042597 -0.134760 0.988650
1542.899176 565.798859 -66.498350 -6.857937 -0.056354 0.041437 -0.135045 0.988367
1542.999813 565.937221 -66.501487 -6.868574 -0.059081 0.040485 -0.134810 0.988280
1543.099656 566.071569 -66.504706 -6.890686 -0.060496 0.041466 -0.134530 0.988192
1543.199479 566.199466 -66.506290 -6.921125 -0.058288 0.044104 -0.134739 0.988182
1543.299319 566.326308 -66.505428 -6.949845 -0.056501 0.045414 -0.134455 0.988265
1543.399165 566.447589 -66.496123 -6.967397 -0.054603 0.045045 -0.134005 0.988449
1543.499796 566.574739 -66.483694 -6.975440 -0.053792 0.046835 -0.134087 0.988400
1543.599642 566.699409 -66.471341 -6.976782 -0.051085 0.051617 -0.134554 0.988241
1543.699474 566.818745 -66.456108 -6.985177 -0.047704 0.053102 -0.134930 0.988281
1543.799311 566.936474 -66.436247 -6.998309 -0.042833 0.052741 -0.135527 0.988441
1543.899149 567.064869 -66.415693 -7.012759 -0.037008 0.052517 -0.136625 0.988537
1543.999775 567.190148 -66.395367 -7.024402 -0.031693 0.050226 -0.136488 0.988860
1544.099609 567.311726 -66.378546 -7.033702 -0.031282 0.048414 -0.136938 0.988901
1544.199459 567.428585 -66.361690 -7.038315 -0.034054 0.050075 -0.137195 0.988691
1544.299309 567.543139 -66.348253 -7.038522 -0.034411 0.053829 -0.137259 0.988473
1544.399145 567.649707 -66.329706 -7.042396 -0.034848 0.054533 -0.136805 0.988482
1544.499793 567.754836 -66.316097 -7.043052 -0.034089 0.054909 -0.136192 0.988572
1544.599640 567.873455 -66.311707 -7.052981 -0.033554 0.052879 -0.135899 0.988741
1544.699483 567.999352 -66.301337 -7.058605 -0.034008 0.050271 -0.135989 0.988849
1544.799337 568.131897 -66.288220 -7.060725 -0.034514 0.046304 -0.135757 0.989057
1544.899173 568.264935 -66.277299 -7.063159 -0.034542 0.043731 -0.135617 0.989193
1544.999808 568.388061 -66.269842 -7.073891 -0.033903 0.044079 -0.135546 0.989209
1545.099650 568.496923 -66.262828 -7.077994 -0.033792 0.046308 -0.135491 0.989119
1545.199494 568.595214 -66.254016 -7.086418 -0.034441 0.048321 -0.135584 0.988987
1545.299330 568.692200 -66.245021 -7.093907 -0.034473 0.049382 -0.135991 0.988878
1545.399171 568.792217 -66.237848 -7.094895 -0.033886 0.049856 -0.136126 0.988856
1545.499822 568.886642 -66.229150 -7.094848 -0.031685 0.050681 -0.136712 0.988806
1545.599666 568.972481 -66.221756 -7.098330 -0.032089 0.052896 -0.136863 0.988656
1545.699516 569.072196 -66.214648 -7.110636 -0.033728 0.057046 -0.137071 0.988342
1545.799359 569.177939 -66.212408 -7.121615 -0.034542 0.059919 -0.137069 0.988144
1545.899203 569.275802 -66.211248 -7.123431 -0.034245 0.060509 -0.137044 0.988122
1545.999440 569.371284 -66.211545 -7.122309 -0.034061 0.059417 -0.136873 0.988218
1546.099291 569.467622 -66.209665 -7.119338 -0.033393 0.058320 -0.136940 0.988297
1546.199140 569.565622 -66.207565 -7.121502 -0.033544 0.059231 -0.137000 0.988229
1546.299765 569.663789 -66.208481 -7.129941 -0.033246 0.061866 -0.137061 0.988070
1546.399603 569.770058 -66.211576 -7.140637 -0.032435 0.063930 -0.136975 0.987977
1546.499439 569.879487 -66.215820 -7.150402 -0.031448 0.063555 -0.136598 0.988085
1546.599279 569.995651 -66.224901 -7.156569 -0.032427 0.062589 -0.136062 0.988189
1546.699120 570.105057 -66.234701 -7.156064 -0.032580 0.064409 -0.136214 0.988046
1546.799765 570.222384 -66.243537 -7.155918 -0.032616 0.064645 -0.136556 0.987983
1546.899603 570.336235 -66.249926 -7.156601 -0.032194 0.065018 -0.136890 0.987926
1546.999458 570.452951 -66.260322 -7.162965 -0.030685 0.064920 -0.137050 0.987958
1547.099294 570.566604 -66.271486 -7.173844 -0.030364 0.063869 -0.137048 0.988037
1547.199130 570.670365 -66.283145 -7.181921 -0.030092 0.062273 -0.137054 0.988146
1547.299789 570.794461 -66.297454 -7.187603 -0.031808 0.063386 -0.136887 0.988045
1547.399619 570.912100 -66.311307 -7.190991 -0.032536 0.066334 -0.136764 0.987844
1547.499454 571.028117 -66.326439 -7.188073 -0.033245 0.071516 -0.136634 0.987477
1547.599305 571.145885 -66.343156 -7.190876 -0.032855 0.074792 -0.136433 0.987275
1547.699130 571.265236 -66.361517 -7.194738 -0.031750 0.075913 -0.136614 0.987201
1547.799773 571.391884 -66.382237 -7.195732 -0.032007 0.074801 -0.136497 0.987294
1547.899619 571.524445 -66.401696 -7.203570 -0.031225 0.072517 -0.136471 0.987493
1547.999470 571.653703 -66.423932 -7.211423 -0.030778 0.070270 -0.136025 0.987731
1548.099312 571.786836 -66.446668 -7.213839 -0.031803 0.068773 -0.135766 0.987839
1548.199172 571.923006 -66.473139 -7.210373 -0.036556 0.066761 -0.134583 0.987975
1548.299810 572.065237 -66.499091 -7.214635 -0.038698 0.063614 -0.132381 0.988398
1548.399669 572.205092 -66.522015 -7.219916 -0.039853 0.062418 -0.130253 0.988711
1548.499517 572.352668 -66.548640 -7.229161 -0.036275 0.061825 -0.128417 0.989126
1548.599372 572.496108 -66.573857 -7.236996 -0.035644 0.062580 -0.126139 0.989395
1548.699215 572.644015 -66.599056 -7.243913 -0.038327 0.067360 -0.122662 0.989418
1548.799453 572.796520 -66.622089 -7.250748 -0.041308 0.072320 -0.118545 0.989450
1548.899291 572.942917 -66.646260 -7.257880 -0.041057 0.073131 -0.114368 0.989892
1548.999127 573.089358 -66.670195 -7.263846 -0.037434 0.072022 -0.111359 0.990460
1549.099787 573.251869 -66.697040 -7.267723 -0.031893 0.069967 -0.110046 0.990948
1549.199632 573.413681 -66.723775 -7.272115 -0.032095 0.066630 -0.109615 0.991219
1549.299469 573.574023 -66.749137 -7.277905 -0.034163 0.066731 -0.109452 0.991161
1549.399299 573.737700 -66.775870 -7.289019 -0.035651 0.067311 -0.109775 0.991034
1549.499137 573.898066 -66.803330 -7.298809 -0.033404 0.067339 -0.109734 0.991115
1549.599786 574.061679 -66.831423 -7.304641 -0.032711 0.064669 -0.109437 0.991348
1549.699632 574.224655 -66.857896 -7.302956 -0.034485 0.062311 -0.109010 0.991486
1549.799476 574.382408 -66.884264 -7.303566 -0.036257 0.062194 -0.108503 0.991486
1549.899303 574.548711 -66.915187 -7.307742 -0.035674 0.064184 -0.108957 0.991330
1549.999155 574.713153 -66.946035 -7.312845 -0.031525 0.065279 -0.109314 0.991360
1550.099789 574.878789 -66.971974 -7.319039 -0.030433 0.063000 -0.109971 0.991469
1550.199635 575.045950 -66.999331 -7.328616 -0.031810 0.060743 -0.110713 0.991484
1550.299469 575.210607 -67.032299 -7.341139 -0.032134 0.061621 -0.111072 0.991379
1550.399296 575.373924 -67.064209 -7.351612 -0.033930 0.063242 -0.111518 0.991167
1550.499139 575.535121 -67.095811 -7.352280 -0.033931 0.066321 -0.111996 0.990912
1550.599780 575.706092 -67.129060 -7.354214 -0.033643 0.065123 -0.111706 0.991034
1550.699626 575.877152 -67.162022 -7.359870 -0.033140 0.062680 -0.111894 0.991187
1550.799468 576.042715 -67.197109 -7.365799 -0.033988 0.060818 -0.112108 0.991251
1550.899306 576.204091 -67.228559 -7.376393 -0.034440 0.057517 -0.112324 0.991408
1550.999147 576.355479 -67.259718 -7.390053 -0.035899 0.055870 -0.112091 0.991476
1551.099795 576.506404 -67.293967 -7.408420 -0.036534 0.054892 -0.111816 0.991539
1551.199621 576.664445 -67.325362 -7.429040 -0.036935 0.055744 -0.112079 0.991447
1551.299457 576.825900 -67.357659 -7.453349 -0.037641 0.055257 -0.111961 0.991461
1551.399295 576.988693 -67.393356 -7.478268 -0.037410 0.051600 -0.111674 0.991699
1551.499137 577.139015 -67.432401 -7.506570 -0.035565 0.048708 -0.111211 0.991965
1551.599783 577.289109 -67.467554 -7.544801 -0.035696 0.050679 -0.111290 0.991853
1551.699631 577.436466 -67.499873 -7.589319 -0.036179 0.054595 -0.110681 0.991696
1551.799463 577.578804 -67.532243 -7.632255 -0.038442 0.058193 -0.110472 0.991429
1551.899288 577.720944 -67.565504 -7.668237 -0.038785 0.061925 -0.110549 0.991181
1551.999125 577.867688 -67.599102 -7.693267 -0.037853 0.063208 -0.110705 0.991119
1552.099766 578.021122 -67.632807 -7.713900 -0.037803 0.064289 -0.110813 0.991039
1552.199615 578.171662 -67.662484 -7.736448 -0.037008 0.065524 -0.111296 0.990934
1552.299458 578.325905 -67.692969 -7.758074 -0.034439 0.068933 -0.111665 0.990754
1552.399305 578.478929 -67.726774 -7.777909 -0.031629 0.071887 -0.111738 0.990629
1552.499142 578.620919 -67.758711 -7.796700 -0.033251 0.072262 -0.110880 0.990645
1552.599782 578.758217 -67.788336 -7.811605 -0.039034 0.073374 -0.106797 0.990801
1552.699614 578.904127 -67.815509 -7.821602 -0.038086 0.070752 -0.102860 0.991445
1552.799452 579.070585 -67.841432 -7.829488 -0.036027 0.065291 -0.100499 0.992139
1552.899286 579.233339 -67.867372 -7.833842 -0.035408 0.061097 -0.100331 0.992445
1552.999133 579.395201 -67.899471 -7.836224 -0.035174 0.060807 -0.099846 0.992520
1553.099765 579.562752 -67.933174 -7.840548 -0.035740 0.061903 -0.099093 0.992508
1553.199613 579.727891 -67.964271 -7.846312 -0.032196 0.063754 -0.098709 0.992550
1553.299442 579.893955 -67.993220 -7.852264 -0.032777 0.062516 -0.098022 0.992678
1553.399285 580.055379 -68.020131 -7.860017 -0.039356 0.060233 -0.097035 0.992677
1553.499116 580.227682 -68.051069 -7.868998 -0.039186 0.058341 -0.094591 0.993032
1553.599753 580.390572 -68.076161 -7.875814 -0.041539 0.059025 -0.089937 0.993329
1553.699588 580.543816 -68.096633 -7.879213 -0.042641 0.061750 -0.084689 0.993578
1553.799432 580.704136 -68.120645 -7.885307 -0.044648 0.060564 -0.078891 0.994040
1553.899266 580.871951 -68.147313 -7.892268 -0.043616 0.058544 -0.073635 0.994610
1553.999510 581.040205 -68.170495 -7.898843 -0.041995 0.059162 -0.069206 0.994961
1554.099354 581.201948 -68.191936 -7.906145 -0.041842 0.059837 -0.065072 0.995206
1554.199190 581.374057 -68.212330 -7.912640 -0.039445 0.061082 -0.061937 0.995428
1554.299825 581.549968 -68.232792 -7.917615 -0.036670 0.061493 -0.060450 0.995600
1554.399657 581.717265 -68.253229 -7.923397 -0.037832 0.060784 -0.060733 0.995583
1554.499492 581.883475 -68.271414 -7.930541 -0.036348 0.060367 -0.061110 0.995641
1554.599339 582.042955 -68.291878 -7.938898 -0.036130 0.058953 -0.061098 0.995734
1554.699172 582.199250 -68.308923 -7.941734 -0.035570 0.057418 -0.061139 0.995841
1554.799819 582.343787 -68.325129 -7.942589 -0.034026 0.057545 -0.061253 0.995881
1554.899656 582.485992 -68.342486 -7.945685 -0.033299 0.058160 -0.060820 0.995896
1554.999498 582.638176 -68.358707 -7.957025 -0.035189 0.059644 -0.060797 0.995745
1555.099340 582.795131 -68.377238 -7.964853 -0.037317 0.062851 -0.060839 0.995468
1555.199171 582.949584 -68.399030 -7.974798 -0.037496 0.066297 -0.060792 0.995240
1555.299819 583.101100 -68.419527 -7.981199 -0.034828 0.066196 -0.061092 0.995325
1555.399668 583.268867 -68.439675 -7.984733 -0.031844 0.063764 -0.061505 0.995559
1555.499519 583.447230 -68.463141 -7.993786 -0.031337 0.061973 -0.061656 0.995679
1555.599355 583.617641 -68.485683 -8.007633 -0.033630 0.061954 -0.062008 0.995583
1555.699204 583.776945 -68.504915 -8.017749 -0.035285 0.062812 -0.062068 0.995468
1555.799462 583.931193 -68.527089 -8.021186 -0.036857 0.062881 -0.061950 0.995414
1555.899311 584.086100 -68.550818 -8.020835 -0.035474 0.062151 -0.061725 0.995524
1555.999141 584.238556 -68.572715 -8.021964 -0.032355 0.059817 -0.060675 0.995838
1556.099775 584.382557 -68.590859 -8.033915 -0.034625 0.059506 -0.060360 0.995800
1556.199605 584.515307 -68.606403 -8.049265 -0.039097 0.062885 -0.060600 0.995412
1556.299445 584.656983 -68.624657 -8.064078 -0.040200 0.065169 -0.060697 0.995215
1556.399285 584.805113 -68.644973 -8.072322 -0.038775 0.065206 -0.061185 0.995239
1556.499126 584.956910 -68.663183 -8.071950 -0.035907 0.064378 -0.061586 0.995376
1556.599757 585.114111 -68.685959 -8.071562 -0.035098 0.062885 -0.061639 0.995497
1556.699586 585.271104 -68.708238 -8.075667 -0.032138 0.059842 -0.061346 0.995803
1556.799417 585.423830 -68.728768 -8.088339 -0.034166 0.059136 -0.061125 0.995791
1556.899252 585.576072 -68.749692 -8.094001 -0.036834 0.062134 -0.061303 0.995502
1556.999484 585.733490 -68.770572 -8.098098 -0.037285 0.062389 -0.061537 0.995455
1557.099317 585.887788 -68.788050 -8.100023 -0.035061 0.061831 -0.061962 0.995544
1557.199158 586.046040 -68.805510 -8.105943 -0.034538 0.061286 -0.062120 0.995586
1557.299794 586.198419 -68.825877 -8.114636 -0.035644 0.059450 -0.061720 0.995684
1557.399631 586.348427 -68.847493 -8.126632 -0.036546 0.059943 -0.061891 0.995611
1557.499481 586.491245 -68.870117 -8.131649 -0.035004 0.061589 -0.061738 0.995575
1557.599316 586.637330 -68.891266 -8.140400 -0.033101 0.061671 -0.061828 0.995630
1557.699153 586.785796 -68.911526 -8.142311 -0.033193 0.062357 -0.062015 0.995572
1557.799787 586.940805 -68.930671 -8.146026 -0.033804 0.060835 -0.061895 0.995653
1557.899627 587.099699 -68.948732 -8.151498 -0.035347 0.061665 -0.062210 0.995529
1557.999458 587.251919 -68.968172 -8.161033 -0.035925 0.061608 -0.062728 0.995479
1558.099298 587.403492 -68.992063 -8.171253 -0.035898 0.062293 -0.062990 0.995421
1558.199135 587.549397 -69.016289 -8.178099 -0.036352 0.064030 -0.062580 0.995320
1558.299782 587.688417 -69.035216 -8.187140 -0.038360 0.064006 -0.061983 0.995284
1558.399624 587.827261 -69.053201 -8.196574 -0.038481 0.063312 -0.061683 0.995342
1558.499455 587.979035 -69.070908 -8.201537 -0.036374 0.060913 -0.061706 0.995570
1558.599293 588.129196 -69.090129 -8.196691 -0.034415 0.060765 -0.062234 0.995615
1558.699124 588.277714 -69.111846 -8.195231 -0.034525 0.060040 -0.062302 0.995651
1558.799773 588.438734 -69.136338 -8.201546 -0.036513 0.057288 -0.062198 0.995749
1558.899617 588.604241 -69.157423 -8.209244 -0.035745 0.056919 -0.062262 0.995794
1558.999444 588.761009 -69.179158 -8.222480 -0.034740 0.058134 -0.062120 0.995768
1559.099293 588.903651 -69.195504 -8.235916 -0.036948 0.059254 -0.062021 0.995629
1559.199124 589.053683 -69.216577 -8.245394 -0.038995 0.059588 -0.061837 0.995542
1559.299772 589.212181 -69.241145 -8.248000 -0.038529 0.059921 -0.061479 0.995563
1559.399620 589.360012 -69.262131 -8.246617 -0.037635 0.059695 -0.061438 0.995613
1559.499476 589.506997 -69.284221 -8.249263 -0.037627 0.060792 -0.061826 0.995523
1559.599308 589.649558 -69.302714 -8.257174 -0.036251 0.061633 -0.062764 0.995464
1559.699137 589.789689 -69.318957 -8.265286 -0.033129 0.059761 -0.062722 0.995689
1559.799760 589.924855 -69.336328 -8.276777 -0.032817 0.058120 -0.062270 0.995825
1559.899604 590.056455 -69.353450 -8.281150 -0.034545 0.061596 -0.062217 0.995561
1559.999440 590.187696 -69.371623 -8.282517 -0.036816 0.063429 -0.062140 0.995369
1560.099285 590.332468 -69.393553 -8.283451 -0.035306 0.064123 -0.061435 0.995423
1560.199138 590.473630 -69.415237 -8.292666 -0.035570 0.063948 -0.061444 0.995425
1560.299765 590.624929 -69.437748 -8.301896 -0.035842 0.065591 -0.061821 0.995285
1560.399608 590.779905 -69.459661 -8.313295 -0.035513 0.065728 -0.061897 0.995283
1560.499449 590.929115 -69.479434 -8.321656 -0.035771 0.067001 -0.061934 0.995186
1560.599278 591.076104 -69.499720 -8.320463 -0.035815 0.066905 -0.061531 0.995216
1560.699121 591.224161 -69.520665 -8.327546 -0.036641 0.065793 -0.061728 0.995248
1560.799771 591.373153 -69.542312 -8.336244 -0.036667 0.065424 -0.062070 0.995250
1560.899620 591.526229 -69.561624 -8.339550 -0.036169 0.065613 -0.062064 0.995256
1560.999461 591.671321 -69.578970 -8.345234 -0.036682 0.063554 -0.061834 0.995385
1561.099300 591.818908 -69.600152 -8.347564 -0.037538 0.060701 -0.061579 0.995547
1561.199127 591.968834 -69.624924 -8.355192 -0.037221 0.060382 -0.061609 0.995577
1561.299741 592.120392 -69.650591 -8.372557 -0.036198 0.062636 -0.061723 0.995468
1561.399593 592.268708 -69.673998 -8.389234 -0.035591 0.063383 -0.061620 0.995449
1561.499425 592.422074 -69.695810 -8.395639 -0.035743 0.063566 -0.061770 0.995423
1561.599266 592.576598 -69.717592 -8.397934 -0.036852 0.062559 -0.061552 0.995459
1561.699500 592.735726 -69.740475 -8.403899 -0.039814 0.062778 -0.061183 0.995354
1561.799349 592.892193 -69.764628 -8.418748 -0.041200 0.065676 -0.061023 0.995121
1561.899190 593.030370 -69.786403 -8.437197 -0.040999 0.068632 -0.060979 0.994932
1561.999826 593.178396 -69.809871 -8.453773 -0.038708 0.065923 -0.060844 0.995216
1562.099659 593.329694 -69.830557 -8.466715 -0.036571 0.064625 -0.061370 0.995349
1562.199516 593.488036 -69.847855 -8.474170 -0.036067 0.066267 -0.061980 0.995222
1562.299363 593.643389 -69.870653 -8.477442 -0.036520 0.067667 -0.062195 0.995098
1562.399217 593.796282 -69.895989 -8.484610 -0.036132 0.066382 -0.062418 0.995184
1562.499466 593.955938 -69.924147 -8.496890 -0.035105 0.063521 -0.062093 0.995428
1562.599304 594.116241 -69.943686 -8.507150 -0.033616 0.060199 -0.061454 0.995726
1562.699151 594.277555 -69.961484 -8.508907 -0.036878 0.061998 -0.061407 0.995503
1562.799792 594.442738 -69.981891 -8.514162 -0.038372 0.061665 -0.061293 0.995474
1562.899636 594.609103 -70.004265 -8.520331 -0.038295 0.063269 -0.061526 0.995362
1562.999473 594.759134 -70.025658 -8.528282 -0.037298 0.063440 -0.062049 0.995356
1563.099301 594.907303 -70.049885 -8.537815 -0.036632 0.063435 -0.062299 0.995366
1563.199126 595.066247 -70.076947 -8.546963 -0.036203 0.063915 -0.061539 0.995398
1563.299772 595.219813 -70.091929 -8.554507 -0.038606 0.064109 -0.060850 0.995338
1563.399610 595.363519 -70.103868 -8.559065 -0.039805 0.063871 -0.060810 0.995308
1563.499438 595.508859 -70.124984 -8.563984 -0.038788 0.063307 -0.060872 0.995380
1563.599278 595.649372 -70.151392 -8.566575 -0.036312 0.062664 -0.060907 0.995512
1563.699127 595.795711 -70.174822 -8.573209 -0.035907 0.063484 -0.061446 0.995442
1563.799761 595.947392 -70.192568 -8.580170 -0.036359 0.063879 -0.061363 0.995405
1563.899602 596.102339 -70.209136 -8.588665 -0.037246 0.064361 -0.060683 0.995383
1563.999436 596.264596 -70.229196 -8.592541 -0.039225 0.062177 -0.060563 0.995453
1564.099277 596.435675 -70.250619 -8.599849 -0.040269 0.059813 -0.060902 0.995536
1564.199120 596.598702 -70.274422 -8.605677 -0.039772 0.061669 -0.061305 0.995418
1564.299759 596.759664 -70.296573 -8.612727 -0.038456 0.064700 -0.062090 0.995229
1564.399593 596.912413 -70.318160 -8.618935 -0.038583 0.066080 -0.062587 0.995102
1564.499428 597.077456 -70.341845 -8.624777 -0.037553 0.063219 -0.062896 0.995308
1564.599263 597.245818 -70.363996 -8.632436 -0.037764 0.059722 -0.063196 0.995497
1564.699506 597.413754 -70.387738 -8.634598 -0.039467 0.056374 -0.063370 0.995615
1564.799351 597.584516 -70.412181 -8.641138 -0.038036 0.054361 -0.063752 0.995758
1564.899191 597.737655 -70.435144 -8.649426 -0.035090 0.054800 -0.063355 0.995867
1564.999844 597.890316 -70.454913 -8.659019 -0.037951 0.057984 -0.063457 0.995576
1565.099665 598.047313 -70.476191 -8.666657 -0.041635 0.060918 -0.062826 0.995293
1565.199515 598.200483 -70.498771 -8.671972 -0.042463 0.063895 -0.062227 0.995109
1565.299342 598.345634 -70.523634 -8.683922 -0.039724 0.065869 -0.061832 0.995118
1565.399187 598.485561 -70.548385 -8.695286 -0.037246 0.065184 -0.061721 0.995266
1565.499826 598.635349 -70.566740 -8.698945 -0.037181 0.063772 -0.061761 0.995357
1565.599659 598.785307 -70.584314 -8.692292 -0.037410 0.061915 -0.061519 0.995481
1565.699499 598.937522 -70.603155 -8.686848 -0.037607 0.060859 -0.061063 0.995567
1565.799336 599.083952 -70.624496 -8.697969 -0.037705 0.063289 -0.061285 0.995398
1565.899164 599.225409 -70.647284 -8.715571 -0.038941 0.064410 -0.061090 0.995290
1565.999816 599.375850 -70.669371 -8.726117 -0.039237 0.063081 -0.061113 0.995362
1566.099663 599.530993 -70.686836 -8.731468 -0.037898 0.060814 -0.061591 0.995526
1566.199497 599.685357 -70.705635 -8.732118 -0.036874 0.060413 -0.061709 0.995582
1566.299316 599.841663 -70.725342 -8.739308 -0.038297 0.060079 -0.061537 0.995559
1566.399149 600.000918 -70.744364 -8.747233 -0.039175 0.061412 -0.061747 0.995430
1566.499787 600.145302 -70.761835 -8.759033 -0.039562 0.062215 -0.061717 0.995367
1566.599625 600.294329 -70.780131 -8.761318 -0.036395 0.064811 -0.061810 0.995316
1566.699464 600.442852 -70.798213 -8.764514 -0.034062 0.065983 -0.062382 0.995286
1566.799317 600.581544 -70.821566 -8.772914 -0.034451 0.064670 -0.062117 0.995376
1566.899159 600.727367 -70.843538 -8.783844 -0.035802 0.063032 -0.062430 0.995413
1566.999793 600.877431 -70.865537 -8.791630 -0.038416 0.061258 -0.062631 0.995414
1567.099626 601.027361 -70.886207 -8.795642 -0.039107 0.059944 -0.062254 0.995491
1567.199471 601.165139 -70.906918 -8.798630 -0.037468 0.060188 -0.062133 0.995547
1567.299308 601.298464 -70.930239 -8.805258 -0.037643 0.061572 -0.062122 0.995456
1567.399153 601.441651 -70.951480 -8.816409 -0.038234 0.062561 -0.062456 0.995351
1567.499806 601.595195 -70.971723 -8.825012 -0.038900 0.062414 -0.062534 0.995329
1567.599657 601.745542 -70.990759 -8.831328 -0.038976 0.061928 -0.062461 0.995361
1567.699497 601.892237 -71.006818 -8.834635 -0.038501 0.058873 -0.062337 0.995573
1567.799354 602.030652 -71.025750 -8.839282 -0.037895 0.055806 -0.062275 0.995777
1567.899188 602.165260 -71.049679 -8.848736 -0.037748 0.055058 -0.062298 0.995823
1567.999825 602.300461 -71.072165 -8.858963 -0.037721 0.055449 -0.062617 0.995782
1568.099661 602.434326 -71.091437 -8.861383 -0.039146 0.057459 -0.062912 0.995594
1568.199511 602.575436 -71.109779 -8.861803 -0.040445 0.059245 -0.062861 0.995441
1568.299362 602.710068 -71.126531 -8.868414 -0.039396 0.058481 -0.062365 0.995559
1568.399186 602.850034 -71.149081 -8.878922 -0.036910 0.058139 -0.062034 0.995695
1568.499824 602.990883 -71.176340 -8.887026 -0.038506 0.060013 -0.062296 0.995507
1568.599658 603.124611 -71.197192 -8.896187 -0.041267 0.060811 -0.062720 0.995322
1568.699493 603.262856 -71.212788 -8.901509 -0.040684 0.059467 -0.062864 0.995418
1568.799332 603.398049 -71.226413 -8.909869 -0.039958 0.059771 -0.063289 0.995402
1568.899180 603.541404 -71.244801 -8.917639 -0.037185 0.056371 -0.063005 0.995726
1568.999800 603.681566 -71.264632 -8.931311 -0.036674 0.054788 -0.062695 0.995853
1569.099654 603.817111 -71.285176 -8.944647 -0.034824 0.055067 -0.062472 0.995918
1569.199495 603.953922 -71.307216 -8.962376 -0.035845 0.056834 -0.062284 0.995794
1569.299340 604.092459 -71.325565 -8.972146 -0.041042 0.061853 -0.062809 0.995261
1569.399179 604.219672 -71.342569 -8.983170 -0.043540 0.063599 -0.063059 0.995029
1569.499813 604.346428 -71.359697 -8.998034 -0.041425 0.060038 -0.063146 0.995335
1569.599637 604.473131 -71.376357 -9.013697 -0.038292 0.056664 -0.063521 0.995634
1569.699468 604.594512 -71.393562 -9.030647 -0.036172 0.057325 -0.063799 0.995658
1569.799323 604.723519 -71.412976 -9.039760 -0.036520 0.059794 -0.064011 0.995487
1569.899156 604.858780 -71.430539 -9.042138 -0.038129 0.060560 -0.063999 0.995381
1569.999796 604.992336 -71.449265 -9.045705 -0.039670 0.059804 -0.063926 0.995371
1570.099629 605.124374 -71.469565 -9.048377 -0.040434 0.057302 -0.063827 0.995494
1570.199472 605.252709 -71.487364 -9.058710 -0.039495 0.056587 -0.064253 0.995545
1570.299318 605.378605 -71.506534 -9.067558 -0.038391 0.057842 -0.064495 0.995500
1570.399165 605.512093 -71.524638 -9.077784 -0.036298 0.059040 -0.064310 0.995520
1570.499812 605.643927 -71.540066 -9.084350 -0.035723 0.058495 -0.064228 0.995579
1570.599645 605.763288 -71.555754 -9.089066 -0.038833 0.057839 -0.064862 0.995459
1570.699483 605.880288 -71.575277 -9.088262 -0.040794 0.057223 -0.064523 0.995439
1570.799323 606.005523 -71.594833 -9.088769 -0.044651 0.056235 -0.064340 0.995341
1570.899163 606.130469 -71.614066 -9.096638 -0.046210 0.057590 -0.064067 0.995210
1570.999789 606.251448 -71.632605 -9.107155 -0.042298 0.060901 -0.064336 0.995170
1571.099621 606.370050 -71.643801 -9.116282 -0.036384 0.061294 -0.065036 0.995334
1571.199467 606.487512 -71.659627 -9.117930 -0.033648 0.060115 -0.065275 0.995486
1571.299313 606.605139 -71.677844 -9.117503 -0.035507 0.057508 -0.065166 0.995583
1571.399156 606.741128 -71.696792 -9.121195 -0.037690 0.056530 -0.065020 0.995568
1571.499801 606.875995 -71.713941 -9.126082 -0.038570 0.057640 -0.065117 0.995465
1571.599639 606.997490 -71.729976 -9.130826 -0.038751 0.060201 -0.064966 0.995316
1571.699468 607.112399 -71.752170 -9.136556 -0.040251 0.061783 -0.064370 0.995198
1571.799306 607.226113 -71.769858 -9.144398 -0.041836 0.062138 -0.064193 0.995122
1571.899145 607.345944 -71.784569 -9.150813 -0.040090 0.060542 -0.064455 0.995275
1571.999788 607.467194 -71.804046 -9.151512 -0.037996 0.060405 -0.065171 0.995319
1572.099630 607.592754 -71.823406 -9.157292 -0.036257 0.061632 -0.065530 0.995285
1572.199464 607.719403 -71.837000 -9.162957 -0.037361 0.063468 -0.065627 0.995123
1572.299309 607.844610 -71.851312 -9.165778 -0.038692 0.063690 -0.065450 0.995069
1572.399155 607.978759 -71.868952 -9.175775 -0.038480 0.062344 -0.065227 0.995177
1572.499806 608.109078 -71.890135 -9.183562 -0.038506 0.062409 -0.064862 0.995196
1572.599640 608.235395 -71.908143 -9.183193 -0.038197 0.061914 -0.064736 0.995247
1572.699483 608.358376 -71.926288 -9.183171 -0.039133 0.059841 -0.064865 0.995329
1572.799311 608.472108 -71.942851 -9.192122 -0.039373 0.059073 -0.065092 0.995351
1572.899132 608.585516 -71.956307 -9.202011 -0.038530 0.061227 -0.065279 0.995241
1572.999772 608.712633 -71.970018 -9.206545 -0.037874 0.063849 -0.065240 0.995104
1573.099612 608.837082 -71.987989 -9.208318 -0.037832 0.063411 -0.065066 0.995145
1573.199455 608.956733 -72.010047 -9.208899 -0.037518 0.061115 -0.065118 0.995297
1573.299305 609.084670 -72.028526 -9.212671 -0.036796 0.059697 -0.065262 0.995401
1573.399146 609.214660 -72.045552 -9.217209 -0.037718 0.059944 -0.065104 0.995362
1573.499786 609.344204 -72.060054 -9.228197 -0.036226 0.063533 -0.064873 0.995210
1573.599626 609.472711 -72.077690 -9.236901 -0.037143 0.066019 -0.064630 0.995030
1573.699458 609.596592 -72.097047 -9.244009 -0.039687 0.066227 -0.064655 0.994916
1573.799291 609.716043 -72.115366 -9.250012 -0.040706 0.064960 -0.064719 0.994955
1573.899140 609.840768 -72.133457 -9.250309 -0.040611 0.063836 -0.064998 0.995013
1573.999783 609.972939 -72.149742 -9.250702 -0.039172 0.063381 -0.065231 0.995085
1574.099612 610.105159 -72.170872 -9.256265 -0.039043 0.063173 -0.065575 0.995080
1574.199451 610.241503 -72.193879 -9.265671 -0.037584 0.062807 -0.065940 0.995135
1574.299294 610.377399 -72.212768 -9.270605 -0.038603 0.061650 -0.066371 0.995140
1574.399116 610.507203 -72.231661 -9.275335 -0.039174 0.061138 -0.066214 0.995160
1574.499749 610.640244 -72.250687 -9.276498 -0.039665 0.061287 -0.065880 0.995153
1574.599589 610.773352 -72.269145 -9.279086 -0.040553 0.062152 -0.065878 0.995064
1574.699429 610.897580 -72.289438 -9.285103 -0.041202 0.062972 -0.065695 0.994998
1574.799289 611.025471 -72.307119 -9.295911 -0.040935 0.062914 -0.065982 0.994994
1574.899128 611.155665 -72.325966 -9.304043 -0.040453 0.061976 -0.065787 0.995085
1574.999754 611.287099 -72.344553 -9.311206 -0.039760 0.061063 -0.065524 0.995187
1575.099602 611.415271 -72.363876 -9.312779 -0.039467 0.061528 -0.065446 0.995175
1575.199422 611.548286 -72.383136 -9.317332 -0.040096 0.063597 -0.065350 0.995026
1575.299262 611.679514 -72.402848 -9.330115 -0.040922 0.064657 -0.065290 0.994928
1575.399504 611.815405 -72.425033 -9.349639 -0.040386 0.065403 -0.065470 0.994889
1575.499349 611.949914 -72.446862 -9.373144 -0.039314 0.064577 -0.065755 0.994968
1575.599172 612.084336 -72.462310 -9.392122 -0.038970 0.064242 -0.066355 0.994963
1575.699808 612.224006 -72.478601 -9.409233 -0.038997 0.063709 -0.066778 0.994968
1575.799642 612.366577 -72.501452 -9.427754 -0.037303 0.063098 -0.066750 0.995074
1575.899474 612.504540 -72.524438 -9.445646 -0.037923 0.063898 -0.066445 0.995020
1575.999301 612.631558 -72.543482 -9.464346 -0.039437 0.064886 -0.065883 0.994934
1576.099138 612.763784 -72.563088 -9.485464 -0.040361 0.064622 -0.065895 0.994913
1576.199772 612.904010 -72.583814 -9.499039 -0.039640 0.065999 -0.066055 0.994841
1576.299618 613.044997 -72.606627 -9.510077 -0.038585 0.067833 -0.066160 0.994753
1576.399462 613.189826 -72.629049 -9.525853 -0.038476 0.069822 -0.065983 0.994631
1576.499306 613.335230 -72.651201 -9.544677 -0.037923 0.070375 -0.065928 0.994617
1576.599146 613.476990 -72.672870 -9.560876 -0.038490 0.067828 -0.065442 0.994804
1576.699780 613.624521 -72.692950 -9.572236 -0.040350 0.063535 -0.065346 0.995020
1576.799612 613.764910 -72.717152 -9.579850 -0.043438 0.058681 -0.064992 0.995211
1576.899475 613.910548 -72.740685 -9.591560 -0.041974 0.058699 -0.065230 0.995258
1576.999318 614.055089 -72.761818 -9.610261 -0.040501 0.064790 -0.065904 0.994896
1577.099173 614.199409 -72.782680 -9.624724 -0.038860 0.068670 -0.066274 0.994677
1577.199814 614.357222 -72.798110 -9.636224 -0.037282 0.067388 -0.066724 0.994795
1577.299641 614.503499 -72.823090 -9.646118 -0.036411 0.063368 -0.066757 0.995089
1577.399480 614.647332 -72.847311 -9.647686 -0.036803 0.060232 -0.066827 0.995265
1577.499317 614.791281 -72.867881 -9.653692 -0.038255 0.059297 -0.066924 0.995260
1577.599146 614.935401 -72.885793 -9.670857 -0.038997 0.060729 -0.066952 0.995143
1577.699788 615.083786 -72.906117 -9.686226 -0.039523 0.061507 -0.066487 0.995105
1577.799630 615.230375 -72.929781 -9.697401 -0.039836 0.060172 -0.066240 0.995191
1577.899481 615.370216 -72.952540 -9.699034 -0.040010 0.059903 -0.066739 0.995167
1577.999337 615.506968 -72.972090 -9.700619 -0.040672 0.062083 -0.067543 0.994952
1578.099172 615.647528 -72.990408 -9.710679 -0.039014 0.063976 -0.068103 0.994860
1578.199797 615.789047 -73.014565 -9.729829 -0.037649 0.065158 -0.067986 0.994844
1578.299631 615.935189 -73.036768 -9.749583 -0.038143 0.065198 -0.067723 0.994841
1578.399467 616.077409 -73.060203 -9.759051 -0.038933 0.064298 -0.067339 0.994895
1578.499302 616.226979 -73.081604 -9.764102 -0.041102 0.063075 -0.067100 0.994902
1578.599148 616.377491 -73.104790 -9.768564 -0.040576 0.061864 -0.066800 0.995020
1578.699797 616.522174 -73.124137 -9.786838 -0.040224 0.061102 -0.067217 0.995053
1578.799654 616.663927 -73.147515 -9.806472 -0.039179 0.059515 -0.067422 0.995177
1578.899508 616.809995 -73.171090 -9.815876 -0.038356 0.057139 -0.067922 0.995314
1578.999350 616.947583 -73.192356 -9.819369 -0.038716 0.055370 -0.068444 0.995365
1579.099187 617.081980 -73.213495 -9.823495 -0.039396 0.054347 -0.068827 0.995368
1579.199810 617.225685 -73.234518 -9.828335 -0.039850 0.053607 -0.068685 0.995400
1579.299658 617.373546 -73.256883 -9.831853 -0.041551 0.052338 -0.067983 0.995446
1579.399508 617.515160 -73.278546 -9.836890 -0.042294 0.050340 -0.066941 0.995588
1579.499354 617.648424 -73.295959 -9.845113 -0.040520 0.050374 -0.066107 0.995716
1579.599195 617.780081 -73.315724 -9.852039 -0.041463 0.053788 -0.065788 0.995520
1579.699835 617.914201 -73.339057 -9.858946 -0.044741 0.056805 -0.066218 0.995182
1579.799686 618.040727 -73.360948 -9.863717 -0.045555 0.057262 -0.066424 0.995105
1579.899528 618.163034 -73.386285 -9.865035 -0.043727 0.055627 -0.066461 0.995277
1579.999373 618.290297 -73.402474 -9.868058 -0.040404 0.055809 -0.067375 0.995346
1580.099223 618.427769 -73.413884 -9.878466 -0.039551 0.056024 -0.068372 0.995300
1580.199459 618.566939 -73.432658 -9.883506 -0.039343 0.054428 -0.068904 0.995360
1580.299307 618.698904 -73.456988 -9.887202 -0.039000 0.054689 -0.068971 0.995355
1580.399142 618.834977 -73.484478 -9.890280 -0.038160 0.054711 -0.068228 0.995437
1580.499784 618.967345 -73.505003 -9.893636 -0.043318 0.055012 -0.067262 0.995275
1580.599617 619.088435 -73.520124 -9.898187 -0.045663 0.056457 -0.066597 0.995134
1580.699458 619.212182 -73.539276 -9.902661 -0.047802 0.057909 -0.066019 0.994989
1580.799282 619.334022 -73.558528 -9.904904 -0.045523 0.061064 -0.065850 0.994918
1580.899118 619.458527 -73.575330 -9.906702 -0.041949 0.067398 -0.066538 0.994621
1580.999755 619.589122 -73.587771 -9.914332 -0.038997 0.069907 -0.067246 0.994520
1581.099603 619.721079 -73.603626 -9.925107 -0.037840 0.067699 -0.067449 0.994704
1581.199436 619.846720 -73.622678 -9.928661 -0.036377 0.063717 -0.067241 0.995035
1581.299281 619.971811 -73.643566 -9.925203 -0.037661 0.064471 -0.067421 0.994927
1581.399131 620.097860 -73.665469 -9.929555 -0.037663 0.064860 -0.067618 0.994888
1581.499779 620.224048 -73.682869 -9.939823 -0.037397 0.064823 -0.067643 0.994899
1581.599617 620.354893 -73.696032 -9.951195 -0.039150 0.064808 -0.067679 0.994830
1581.699446 620.477010 -73.708847 -9.962146 -0.040330 0.063871 -0.067803 0.994835
1581.799271 620.604995 -73.727328 -9.967572 -0.041056 0.063176 -0.067574 0.994865
1581.899496 620.740542 -73.747887 -9.970841 -0.040926 0.063490 -0.067469 0.994858
1581.999326 620.873764 -73.763796 -9.972601 -0.041120 0.065232 -0.067583 0.994729
1582.099160 621.003605 -73.784481 -9.981135 -0.043486 0.065672 -0.067212 0.994625
1582.199804 621.133341 -73.799659 -9.982802 -0.045419 0.064940 -0.067247 0.994584
1582.299657 621.262763 -73.814506 -9.984148 -0.046141 0.062523 -0.067180 0.994710
1582.399497 621.392235 -73.832228 -9.988020 -0.046640 0.060033 -0.066934 0.994857
1582.499333 621.528371 -73.851622 -9.995446 -0.047874 0.058361 -0.066909 0.994900
1582.599167 621.666761 -73.870229 -10.002781 -0.050434 0.058116 -0.066517 0.994814
1582.699806 621.806928 -73.886690 -10.010148 -0.054991 0.056695 -0.066336 0.994666
1582.799652 621.956010 -73.888180 -10.018481 -0.055229 0.057650 -0.066847 0.994564
1582.899484 622.094847 -73.890448 -10.026360 -0.051119 0.061408 -0.066592 0.994576
1582.999328 622.223029 -73.897428 -10.032175 -0.047177 0.064663 -0.066693 0.994558
1583.099168 622.351904 -73.900459 -10.034245 -0.045426 0.064419 -0.066840 0.994645
1583.199809 622.478212 -73.901560 -10.036118 -0.046083 0.064811 -0.066606 0.994605
1583.299648 622.607476 -73.903640 -10.041131 -0.044500 0.066163 -0.065588 0.994656
1583.399471 622.738848 -73.908411 -10.054664 -0.044562 0.066183 -0.064728 0.994708
1583.499318 622.877979 -73.908438 -10.070226 -0.045758 0.063216 -0.064268 0.994877
1583.599159 623.007472 -73.911830 -10.077557 -0.045280 0.059827 -0.064023 0.995124
1583.699809 623.142768 -73.910393 -10.079185 -0.046961 0.059365 -0.064535 0.995041
1583.799650 623.285555 -73.907424 -10.083597 -0.045230 0.059857 -0.065410 0.995034
1583.899491 623.422479 -73.910463 -10.091895 -0.040749 0.059395 -0.065891 0.995224
1583.999344 623.560390 -73.916984 -10.103222 -0.035259 0.059803 -0.068557 0.995229
1584.099176 623.706026 -73.917848 -10.111340 -0.032136 0.059804 -0.073356 0.994992
1584.199815 623.846585 -73.916796 -10.119779 -0.033459 0.058614 -0.078686 0.994612
1584.299646 623.982056 -73.926653 -10.127265 -0.031485 0.057124 -0.084669 0.994272
1584.399501 624.117155 -73.942424 -10.134928 -0.034162 0.054194 -0.090666 0.993819
1584.499335 624.252133 -73.947374 -10.140735 -0.039974 0.053617 -0.095128 0.993216
1584.599165 624.379799 -73.956012 -10.144284 -0.042430 0.054159 -0.095543 0.993045
1584.699794 624.507343 -73.966675 -10.145356 -0.042342 0.055777 -0.095291 0.992983
1584.799640 624.629331 -73.977719 -10.153615 -0.043708 0.056654 -0.094980 0.992904
1584.899478 624.764379 -73.989423 -10.163909 -0.043722 0.058837 -0.094721 0.992801
1584.999317 624.890900 -73.994854 -10.166027 -0.042784 0.062003 -0.094770 0.992645
1585.099153 625.014632 -74.007526 -10.165486 -0.041084 0.060455 -0.094760 0.992813
1585.199786 625.143061 -74.017824 -10.167124 -0.042853 0.055904 -0.094881 0.992993
1585.299626 625.275597 -74.030107 -10.178095 -0.044559 0.053310 -0.094915 0.993058
1585.399468 625.408869 -74.045535 -10.192331 -0.041102 0.052535 -0.094435 0.993294
1585.499315 625.538608 -74.055376 -10.198008 -0.040426 0.055687 -0.094471 0.993146
1585.599159 625.664688 -74.063764 -10.199236 -0.041242 0.057057 -0.094812 0.993003
1585.699788 625.792329 -74.072217 -10.197128 -0.042341 0.056757 -0.094996 0.992956
1585.799627 625.921851 -74.076625 -10.205201 -0.041110 0.056364 -0.095165 0.993014
1585.899481 626.054201 -74.093421 -10.221561 -0.040205 0.056879 -0.095025 0.993035
1585.999298 626.181099 -74.112951 -10.233985 -0.039946 0.057722 -0.095391 0.992962
1586.099136 626.302697 -74.128996 -10.237199 -0.040491 0.058275 -0.095895 0.992859
1586.199772 626.422606 -74.137884 -10.239144 -0.040308 0.056291 -0.095709 0.992999
1586.299613 626.540150 -74.146449 -10.244054 -0.041273 0.056174 -0.095609 0.992975
1586.399464 626.654374 -74.158852 -10.254380 -0.042871 0.056811 -0.095595 0.992873
1586.499313 626.771813 -74.169944 -10.263499 -0.042509 0.058391 -0.095758 0.992781
1586.599143 626.883333 -74.178704 -10.269585 -0.042362 0.057954 -0.095958 0.992793
1586.699785 626.994839 -74.191438 -10.270061 -0.041064 0.058813 -0.096226 0.992772
1586.799614 627.102446 -74.205212 -10.279516 -0.041604 0.059719 -0.096584 0.992660
1586.899466 627.219610 -74.222014 -10.292896 -0.043074 0.059431 -0.096442 0.992629
1586.999307 627.335320 -74.237594 -10.296771 -0.043684 0.060056 -0.096426 0.992566
1587.099144 627.444768 -74.249917 -10.293936 -0.042856 0.061294 -0.096522 0.992517
1587.199792 627.572779 -74.263994 -10.296574 -0.041860 0.061657 -0.096696 0.992520
1587.299625 627.698681 -74.279569 -10.300468 -0.040928 0.060714 -0.096846 0.992602
1587.399463 627.810965 -74.295400 -10.305386 -0.042313 0.060488 -0.096913 0.992552
1587.499307 627.923678 -74.311039 -10.306159 -0.042939 0.060258 -0.095973 0.992630
1587.599144 628.043223 -74.318555 -10.305286 -0.044807 0.059725 -0.093647 0.992802
1587.699802 628.164028 -74.329601 -10.311699 -0.045319 0.060077 -0.090385 0.993060
1587.799646 628.279577 -74.346486 -10.327169 -0.046082 0.060859 -0.086799 0.993297
1587.899499 628.387386 -74.366816 -10.344208 -0.046965 0.060487 -0.082482 0.993646
1587.999344 628.501366 -74.382176 -10.345710 -0.047520 0.060085 -0.078086 0.993999
1588.099196 628.621181 -74.392854 -10.339383 -0.044082 0.058642 -0.075523 0.994442
1588.199828 628.744246 -74.406680 -10.338594 -0.043682 0.057456 -0.074233 0.994626
1588.299669 628.862200 -74.418929 -10.348371 -0.045932 0.058353 -0.072868 0.994573
1588.399505 628.977811 -74.426366 -10.361567 -0.046941 0.060476 -0.070517 0.994569
1588.499337 629.091378 -74.435343 -10.366159 -0.043634 0.061844 -0.069495 0.994707
1588.599167 629.209995 -74.444364 -10.365846 -0.043039 0.061204 -0.069904 0.994744
1588.699808 629.331073 -74.458348 -10.372021 -0.041814 0.059357 -0.069981 0.994902
1588.799641 629.445300 -74.467137 -10.377138 -0.041616 0.058995 -0.069846 0.994942
1588.899462 629.563251 -74.481120 -10.381456 -0.041798 0.058840 -0.069410 0.994974
1588.999296 629.677717 -74.495629 -10.387959 -0.043064 0.058789 -0.069995 0.994882
1589.099119 629.794647 -74.509284 -10.393298 -0.041229 0.059152 -0.070400 0.994910
1589.199752 629.903084 -74.520909 -10.397061 -0.040990 0.059506 -0.070217 0.994911
1589.299584 630.012399 -74.533605 -10.411668 -0.041484 0.058938 -0.069964 0.994942
1589.399412 630.128363 -74.542474 -10.421357 -0.042978 0.060005 -0.069837 0.994824
1589.499257 630.231272 -74.552920 -10.429814 -0.042513 0.060661 -0.069427 0.994833
1589.599496 630.342879 -74.559186 -10.426123 -0.041427 0.062160 -0.070108 0.994739
1589.699337 630.456782 -74.578132 -10.428339 -0.039918 0.064342 -0.070650 0.994623
1589.799179 630.575345 -74.599511 -10.434606 -0.039723 0.065550 -0.070625 0.994554
1589.899822 630.699086 -74.614965 -10.439153 -0.038552 0.064722 -0.071053 0.994624
1589.999667 630.818088 -74.627929 -10.436524 -0.038293 0.063968 -0.070760 0.994703
1590.099490 630.935457 -74.643942 -10.436331 -0.037842 0.067158 -0.069322 0.994612
1590.199342 631.048342 -74.662280 -10.444244 -0.037512 0.066535 -0.067700 0.994778
1590.299193 631.158187 -74.679991 -10.454508 -0.036896 0.061726 -0.067114 0.995150
1590.399821 631.268067 -74.698119 -10.463368 -0.037457 0.056599 -0.066896 0.995449
1590.499669 631.383609 -74.725037 -10.464031 -0.036765 0.055729 -0.067303 0.995496
1590.599512 631.510912 -74.749973 -10.468417 -0.036187 0.055356 -0.067633 0.995516
1590.699347 631.636994 -74.771619 -10.472023 -0.034686 0.055366 -0.067954 0.995547
1590.799212 631.744536 -74.796163 -10.472754 -0.030916 0.057072 -0.068003 0.995572
1590.899450 631.851266 -74.826186 -10.474744 -0.029245 0.057316 -0.068156 0.995597
1590.999291 631.957391 -74.858284 -10.469892 -0.030549 0.056648 -0.068217 0.995592
1591.099123 632.063556 -74.887965 -10.482339 -0.034051 0.055168 -0.067900 0.995584
1591.199770 632.167727 -74.919721 -10.502090 -0.036209 0.053813 -0.067785 0.995589
1591.299603 632.265006 -74.954823 -10.505413 -0.033149 0.052128 -0.067565 0.995801
1591.399420 632.365212 -74.994384 -10.494835 -0.029138 0.048471 -0.067152 0.996139
1591.499264 632.468325 -75.035692 -10.484039 -0.027608 0.045623 -0.066936 0.996331
1591.599488 632.567288 -75.076336 -10.490099 -0.029471 0.043598 -0.066794 0.996378
1591.699335 632.667424 -75.115164 -10.498186 -0.035603 0.043338 -0.066586 0.996203
1591.799175 632.762122 -75.157642 -10.500315 -0.036570 0.045115 -0.065741 0.996145
1591.899815 632.854366 -75.199484 -10.497027 -0.032111 0.046761 -0.065272 0.996254
1591.999647 632.939628 -75.245939 -10.498141 -0.028178 0.048094 -0.065641 0.996285
1592.099487 633.016021 -75.293952 -10.499721 -0.028366 0.047518 -0.065990 0.996284
1592.199335 633.088441 -75.345261 -10.499098 -0.030437 0.044996 -0.065562 0.996369
1592.299161 633.162540 -75.397142 -10.497688 -0.032838 0.045134 -0.065308 0.996303
1592.399798 633.239709 -75.449595 -10.498535 -0.032904 0.046912 -0.065143 0.996229
1592.499642 633.314597 -75.503455 -10.500234 -0.034169 0.048064 -0.064857 0.996151
1592.599494 633.394371 -75.557367 -10.501426 -0.039277 0.048507 -0.063362 0.996037
1592.699335 633.470934 -75.610834 -10.500932 -0.045552 0.049894 -0.061235 0.995834
1592.799186 633.530847 -75.662361 -10.498607 -0.048199 0.053004 -0.059304 0.995666
1592.899834 633.575308 -75.716796 -10.500046 -0.045968 0.055134 -0.058771 0.995687
1592.999677 633.622407 -75.769900 -10.504326 -0.044742 0.058604 -0.058998 0.995531
1593.099511 633.678400 -75.818289 -10.506220 -0.044064 0.062068 -0.059313 0.995333
1593.199353 633.749465 -75.864190 -10.504903 -0.043896 0.064729 -0.059195 0.995178
1593.299195 633.821521 -75.912228 -10.504085 -0.044186 0.066051 -0.058796 0.995102
1593.399826 633.899669 -75.960297 -10.497899 -0.045226 0.067205 -0.058474 0.994997
1593.499678 633.983515 -76.010190 -10.503582 -0.046192 0.066951 -0.058895 0.994945
1593.599525 634.059880 -76.057924 -10.506313 -0.047266 0.066835 -0.059196 0.994884
1593.699359 634.131435 -76.103437 -10.506162 -0.048815 0.065564 -0.059394 0.994882
1593.799194 634.201363 -76.147156 -10.503968 -0.049720 0.064139 -0.059419 0.994929
1593.899839 634.276307 -76.189433 -10.503572 -0.051393 0.064466 -0.059737 0.994804
1593.999676 634.350186 -76.229611 -10.503156 -0.051116 0.065987 -0.059872 0.994710
1594.099512 634.431796 -76.267367 -10.500025 -0.049302 0.067998 -0.060178 0.994648
1594.199351 634.517774 -76.307328 -10.494433 -0.049266 0.070096 -0.060388 0.994491
1594.299204 634.608715 -76.339938 -10.501347 -0.050775 0.072982 -0.060481 0.994202
1594.399431 634.700741 -76.370702 -10.509362 -0.052158 0.075111 -0.060167 0.993991
1594.499254 634.796200 -76.405406 -10.516726 -0.051964 0.075136 -0.059781 0.994022
1594.599492 634.887914 -76.438618 -10.514751 -0.050060 0.074064 -0.059407 0.994223
1594.699335 634.985736 -76.463393 -10.520391 -0.049854 0.073889 -0.059538 0.994239
1594.799166 635.081422 -76.485957 -10.523994 -0.051512 0.073802 -0.059373 0.994170
1594.899801 635.179567 -76.508685 -10.523932 -0.054269 0.073675 -0.059469 0.994027
1594.999644 635.273124 -76.531716 -10.524487 -0.055963 0.073864 -0.059682 0.993907
1595.099489 635.366998 -76.556268 -10.530763 -0.056894 0.073192 -0.059773 0.993898
1595.199312 635.480537 -76.574744 -10.538517 -0.055227 0.073215 -0.060015 0.993976
1595.299161 635.597426 -76.587318 -10.556007 -0.055838 0.076541 -0.060275 0.993675
1595.399791 635.716082 -76.603431 -10.562441 -0.056054 0.080249 -0.060162 0.993377
1595.499618 635.841692 -76.619727 -10.557824 -0.059290 0.082049 -0.060463 0.993024
1595.599450 635.973665 -76.624550 -10.562741 -0.061571 0.081875 -0.060956 0.992869
1595.699295 636.102624 -76.627156 -10.571037 -0.061120 0.081634 -0.060903 0.992920
1595.799151 636.223647 -76.628751 -10.573823 -0.058006 0.082432 -0.060776 0.993049
1595.899806 636.346790 -76.634476 -10.583013 -0.056807 0.081477 -0.061076 0.993179
1595.999645 636.479798 -76.636002 -10.594490 -0.053327 0.080113 -0.061588 0.993451
1596.099479 636.624814 -76.630662 -10.598434 -0.048597 0.079275 -0.061730 0.993752
1596.199319 636.773859 -76.623340 -10.597391 -0.045575 0.078060 -0.061592 0.994000
1596.299161 636.916039 -76.624973 -10.599885 -0.044193 0.075662 -0.060923 0.994289
1596.399796 637.061061 -76.624780 -10.607508 -0.043829 0.072662 -0.060474 0.994556
1596.499635 637.212147 -76.618933 -10.620113 -0.042762 0.069765 -0.060573 0.994804
1596.599473 637.365465 -76.613170 -10.630598 -0.043418 0.065229 -0.060371 0.995096
1596.699297 637.525951 -76.609899 -10.643368 -0.043603 0.060871 -0.060488 0.995357
1596.799142 637.682972 -76.608221 -10.656544 -0.041040 0.058399 -0.061274 0.995566
1596.899784 637.837418 -76.610981 -10.667063 -0.041935 0.057979 -0.061631 0.995531
1596.999633 637.984311 -76.616072 -10.666970 -0.039546 0.057103 -0.063359 0.995571
1597.099473 638.129677 -76.618553 -10.670650 -0.040639 0.057458 -0.064482 0.995434
1597.199313 638.277667 -76.611205 -10.676287 -0.041791 0.059046 -0.064824 0.995271
1597.299165 638.420686 -76.612862 -10.687975 -0.043440 0.058372 -0.064307 0.995274
1597.399800 638.561770 -76.617083 -10.699488 -0.045086 0.056776 -0.063801 0.995326
1597.499624 638.702152 -76.616221 -10.710568 -0.045820 0.053754 -0.063739 0.995464
1597.599454 638.845030 -76.622100 -10.721693 -0.045283 0.050914 -0.063379 0.995661
1597.699289 638.975962 -76.627516 -10.739697 -0.043749 0.053518 -0.064487 0.995522
1597.799128 639.104508 -76.632297 -10.750597 -0.043074 0.056717 -0.064915 0.995346
1597.899759 639.234768 -76.628319 -10.760472 -0.045479 0.057169 -0.065295 0.995188
1597.999606 639.359154 -76.624900 -10.788878 -0.045391 0.058093 -0.064921 0.995163
1598.099449 639.490381 -76.624071 -10.823123 -0.042855 0.058795 -0.065047 0.995226
1598.199304 639.627748 -76.630933 -10.856598 -0.038909 0.057496 -0.065562 0.995430
1598.299148 639.759726 -76.641478 -10.896296 -0.033622 0.055756 -0.066624 0.995652
1598.399796 639.888385 -76.648641 -10.929304 -0.030129 0.057394 -0.067347 0.995622
1598.499634 640.018285 -76.648605 -10.967426 -0.033402 0.061158 -0.067597 0.995276
1598.599478 640.136399 -76.648297 -11.005354 -0.039269 0.065649 -0.067536 0.994780
1598.699317 640.255065 -76.655501 -11.040012 -0.041973 0.065417 -0.067140 0.994712
1598.799152 640.381114 -76.671979 -11.073483 -0.042640 0.063428 -0.065697 0.994908
1598.899782 640.507555 -76.681274 -11.107939 -0.043758 0.060200 -0.065071 0.995102
1598.999619 640.632731 -76.688249 -11.148897 -0.043684 0.058348 -0.064943 0.995223
1599.099443 640.753170 -76.698504 -11.193214 -0.042987 0.058132 -0.065025 0.995261
1599.199295 640.876949 -76.713867 -11.241611 -0.043492 0.062275 -0.064984 0.994991
1599.299130 641.006687 -76.722220 -11.285037 -0.042800 0.064386 -0.065226 0.994871
1599.399771 641.129317 -76.733075 -11.320432 -0.043058 0.063330 -0.064996 0.994943
1599.499628 641.240931 -76.743641 -11.338689 -0.043624 0.061379 -0.064292 0.995086
1599.599480 641.346397 -76.753792 -11.350290 -0.045123 0.061678 -0.063952 0.995023
1599.699326 641.469973 -76.759087 -11.361270 -0.043991 0.064161 -0.064125 0.994905
1599.799159 641.597298 -76.764861 -11.380965 -0.042392 0.066086 -0.064469 0.994826
1599.899802 641.714411 -76.775836 -11.400884 -0.041754 0.065891 -0.064488 0.994865
1599.999641 641.823401 -76.786202 -11.413886 -0.041289 0.065594 -0.064723 0.994889
1600.099478 641.940728 -76.795241 -11.420089 -0.041013 0.066758 -0.064733 0.994822
1600.199323 642.066265 -76.801300 -11.425557 -0.041248 0.068337 -0.064833 0.994699
1600.299156 642.190076 -76.810535 -11.427325 -0.042142 0.068030 -0.064808 0.994684
1600.399789 642.322822 -76.820366 -11.430415 -0.041895 0.066943 -0.065000 0.994755
1600.499640 642.454873 -76.832216 -11.439199 -0.042304 0.066112 -0.065114 0.994786
1600.599478 642.576421 -76.846777 -11.451275 -0.042906 0.064623 -0.064928 0.994870
1600.699313 642.699683 -76.857595 -11.459462 -0.042148 0.062772 -0.064803 0.995030
1600.799152 642.823377 -76.866382 -11.468151 -0.042564 0.060407 -0.064523 0.995176
1600.899782 642.943992 -76.877508 -11.467456 -0.043180 0.059249 -0.064336 0.995232
1600.999619 643.054609 -76.888004 -11.466610 -0.045102 0.058654 -0.064436 0.995175
1601.099467 643.168437 -76.897298 -11.469629 -0.043589 0.059256 -0.064426 0.995208
1601.199326 643.283003 -76.902842 -11.476912 -0.040310 0.059221 -0.064222 0.995361
1601.299169 643.397774 -76.911540 -11.479234 -0.038326 0.058934 -0.065513 0.995372
1601.399802 643.520340 -76.925449 -11.479126 -0.038435 0.057147 -0.066907 0.995380
1601.499630 643.642952 -76.936992 -11.483876 -0.039105 0.055425 -0.067917 0.995382
1601.599471 643.760267 -76.950330 -11.497662 -0.041189 0.055702 -0.070342 0.995114
1601.699318 643.871757 -76.960894 -11.507736 -0.041666 0.053972 -0.073230 0.994982
1601.799145 643.978836 -76.972623 -11.511316 -0.041591 0.052941 -0.075015 0.994907
1601.899774 644.082861 -76.983803 -11.504076 -0.040239 0.054119 -0.075175 0.994887
1601.999606 644.182268 -76.994762 -11.511727 -0.042163 0.055790 -0.074850 0.994740
1602.099443 644.281823 -77.004794 -11.521184 -0.044269 0.057211 -0.074692 0.994579
1602.199289 644.386346 -77.023084 -11.527419 -0.045096 0.057917 -0.074226 0.994536
1602.299131 644.487868 -77.043119 -11.526092 -0.044596 0.058938 -0.073644 0.994542
1602.399773 644.596311 -77.050178 -11.531327 -0.046162 0.060432 -0.071472 0.994539
1602.499625 644.705143 -77.055260 -11.540653 -0.046041 0.061207 -0.067912 0.994747
1602.599458 644.813023 -77.062780 -11.547418 -0.045176 0.060054 -0.064448 0.995088
1602.699302 644.916171 -77.074768 -11.541761 -0.044249 0.055194 -0.061741 0.995582
1602.799147 645.014969 -77.092020 -11.533297 -0.045630 0.054063 -0.059487 0.995719
1602.899795 645.114824 -77.099948 -11.539787 -0.045535 0.057179 -0.058951 0.995581
1602.999625 645.211474 -77.113631 -11.555896 -0.045690 0.059225 -0.059361 0.995430
1603.099462 645.313548 -77.127201 -11.576628 -0.044053 0.058126 -0.059572 0.995556
1603.199306 645.414302 -77.134875 -11.575870 -0.038797 0.056376 -0.059468 0.995882
1603.299136 645.513344 -77.139588 -11.567056 -0.039029 0.056392 -0.059038 0.995897
1603.399777 645.608740 -77.144685 -11.572519 -0.040796 0.056915 -0.058685 0.995817
1603.499620 645.702811 -77.158104 -11.582815 -0.041192 0.057271 -0.058593 0.995786
1603.599468 645.793017 -77.171092 -11.591698 -0.041472 0.056169 -0.059087 0.995808
1603.699314 645.885141 -77.180702 -11.588697 -0.042723 0.057212 -0.059057 0.995698
1603.799156 645.976907 -77.184784 -11.587685 -0.045040 0.056098 -0.058879 0.995669
1603.899798 646.070839 -77.185507 -11.598332 -0.046004 0.055722 -0.058489 0.995669
1603.999652 646.160949 -77.193093 -11.606260 -0.045439 0.058068 -0.057956 0.995593
1604.099499 646.242832 -77.215433 -11.612764 -0.044568 0.059494 -0.057923 0.995550
1604.199341 646.334248 -77.236526 -11.617901 -0.043716 0.061030 -0.058722 0.995448
1604.299198 646.425268 -77.251749 -11.632102 -0.041630 0.061159 -0.059244 0.995498
1604.399436 646.517411 -77.253461 -11.637402 -0.041041 0.060679 -0.059835 0.995517
1604.499261 646.606392 -77.252906 -11.632428 -0.042436 0.060571 -0.060026 0.995453
1604.599506 646.695229 -77.254720 -11.626987 -0.042692 0.059973 -0.059628 0.995502
1604.699344 646.789415 -77.267345 -11.622583 -0.043329 0.058441 -0.059465 0.995576
1604.799180 646.889754 -77.284456 -11.625448 -0.043569 0.057139 -0.058952 0.995671
1604.899825 646.981538 -77.294693 -11.632609 -0.044010 0.056578 -0.059018 0.995680
1604.999664 647.073034 -77.301306 -11.650657 -0.044481 0.056484 -0.058989 0.995666
1605.099508 647.154337 -77.312711 -11.655831 -0.043810 0.056853 -0.058680 0.995693
1605.199345 647.228202 -77.326184 -11.639637 -0.043803 0.056333 -0.058536 0.995732
1605.299183 647.301179 -77.337622 -11.628341 -0.045947 0.053716 -0.058905 0.995758
1605.399820 647.372098 -77.342283 -11.633218 -0.045547 0.053057 -0.059653 0.995767
1605.499666 647.452957 -77.345371 -11.645692 -0.045034 0.054064 -0.059939 0.995719
1605.599514 647.531621 -77.353079 -11.655262 -0.045409 0.054846 -0.059514 0.995685
1605.699363 647.604628 -77.367764 -11.661613 -0.047558 0.055732 -0.058719 0.995582
1605.799213 647.675538 -77.383101 -11.662717 -0.047500 0.058548 -0.058428 0.995441
1605.899463 647.746492 -77.385309 -11.664502 -0.044189 0.059773 -0.058738 0.995502
1605.999297 647.815360 -77.383342 -11.658845 -0.039863 0.057395 -0.058906 0.995815
1606.099141 647.892451 -77.391222 -11.655318 -0.038260 0.055463 -0.058861 0.995990
1606.199790 647.972507 -77.404411 -11.663286 -0.039421 0.056416 -0.058834 0.995892
1606.299639 648.047096 -77.420819 -11.676737 -0.040942 0.058242 -0.058337 0.995755
1606.399472 648.123679 -77.425196 -11.685244 -0.043380 0.060202 -0.058358 0.995534
1606.499306 648.209108 -77.436981 -11.689874 -0.043751 0.061163 -0.058066 0.995476
1606.599140 648.294818 -77.444814 -11.692855 -0.043957 0.061128 -0.058188 0.995462
1606.699776 648.380376 -77.450143 -11.693794 -0.043408 0.060527 -0.058332 0.995515
1606.799612 648.459634 -77.461150 -11.698890 -0.043300 0.061860 -0.058448 0.995431
1606.899446 648.528551 -77.475601 -11.703656 -0.042501 0.062808 -0.058207 0.995420
1606.999281 648.598253 -77.484044 -11.708132 -0.042843 0.063112 -0.058405 0.995374
1607.099123 648.669731 -77.491774 -11.713537 -0.043452 0.062689 -0.058342 0.995378
1607.199767 648.739881 -77.496962 -11.716450 -0.043999 0.061544 -0.058476 0.995418
1607.299616 648.804678 -77.506861 -11.715797 -0.043739 0.060566 -0.058303 0.995500
1607.399441 648.876853 -77.516522 -11.715402 -0.043568 0.060923 -0.058125 0.995496
1607.499297 648.962808 -77.526544 -11.719885 -0.044245 0.061850 -0.058095 0.995410
1607.599139 649.057392 -77.537162 -11.725811 -0.041095 0.059320 -0.058565 0.995672
1607.699770 649.148880 -77.547735 -11.726994 -0.040104 0.058248 -0.059563 0.995716
1607.799600 649.234743 -77.554613 -11.731406 -0.041068 0.059083 -0.060696 0.995559
1607.899446 649.320268 -77.565863 -11.738489 -0.041584 0.061067 -0.060789 0.995413
1607.999290 649.407031 -77.579187 -11.744254 -0.040655 0.063058 -0.060365 0.995353
1608.099124 649.493050 -77.590768 -11.751434 -0.040728 0.064700 -0.059723 0.995283
1608.199752 649.576812 -77.601622 -11.754966 -0.042127 0.063417 -0.058767 0.995364
1608.299587 649.654597 -77.611028 -11.760864 -0.048192 0.059159 -0.058361 0.995375
1608.399417 649.728970 -77.624429 -11.756544 -0.050754 0.057225 -0.057468 0.995413
1608.499259 649.807983 -77.640822 -11.752492 -0.049237 0.060634 -0.057639 0.995277
1608.599518 649.889346 -77.649372 -11.763740 -0.047261 0.066504 -0.058620 0.994941
1608.699375 649.968918 -77.656465 -11.775011 -0.043627 0.071178 -0.059359 0.994740
1608.799202 650.053818 -77.661958 -11.775689 -0.039736 0.067922 -0.059916 0.995097
1608.899450 650.144686 -77.673227 -11.762947 -0.037437 0.059576 -0.059984 0.995716
1608.999300 650.230018 -77.680185 -11.768820 -0.038700 0.053947 -0.060182 0.995977
1609.099133 650.305393 -77.688464 -11.781357 -0.038438 0.055001 -0.059611 0.995964
1609.199763 650.383700 -77.699686 -11.792266 -0.038428 0.057445 -0.058800 0.995874
1609.299607 650.466115 -77.715946 -11.806177 -0.041704 0.059177 -0.058010 0.995688
1609.399447 650.560000 -77.723813 -11.805547 -0.044458 0.061160 -0.057693 0.995467
1609.499286 650.654351 -77.736247 -11.796379 -0.046760 0.062424 -0.057371 0.995302
1609.599139 650.746966 -77.753078 -11.793451 -0.044597 0.061165 -0.057171 0.995491
1609.699788 650.830506 -77.766947 -11.801045 -0.043055 0.060885 -0.057241 0.995572
1609.799619 650.915698 -77.775805 -11.815400 -0.043121 0.062776 -0.057394 0.995442
1609.899458 650.998156 -77.785073 -11.827912 -0.043523 0.065054 -0.057457 0.995275
1609.999288 651.075125 -77.798964 -11.839092 -0.044002 0.066272 -0.057643 0.995163
1610.099137 651.148157 -77.813311 -11.853104 -0.043719 0.066414 -0.057598 0.995168
1610.199778 651.230734 -77.821238 -11.867029 -0.044320 0.064604 -0.057728 0.995253
1610.299616 651.320843 -77.828730 -11.878921 -0.043909 0.063352 -0.057934 0.995340
1610.399450 651.406902 -77.843125 -11.896135 -0.043238 0.062955 -0.057919 0.995396
1610.499294 651.489708 -77.860558 -11.915384 -0.042746 0.064139 -0.058059 0.995333
1610.599132 651.568804 -77.876717 -11.932888 -0.043510 0.064279 -0.058071 0.995290
1610.699777 651.651345 -77.885999 -11.944868 -0.043965 0.064353 -0.057919 0.995274
1610.799616 651.745801 -77.894451 -11.955855 -0.044121 0.063802 -0.057809 0.995309
1610.899475 651.846532 -77.903885 -11.963520 -0.043631 0.064196 -0.057994 0.995295
1610.999324 651.944813 -77.920008 -11.970643 -0.042906 0.065930 -0.057498 0.995242
1611.099169 652.038460 -77.935980 -11.979608 -0.043943 0.067658 -0.057257 0.995095
1611.199815 652.125215 -77.950818 -11.985334 -0.044951 0.068045 -0.057240 0.995024
1611.299652 652.212016 -77.968096 -11.991488 -0.043991 0.067512 -0.057093 0.995112
1611.399487 652.298243 -77.977368 -11.992503 -0.042314 0.066729 -0.057928 0.995189
1611.499330 652.388640 -77.980024 -11.989848 -0.040902 0.065296 -0.058122 0.995332
1611.599174 652.478819 -77.982867 -11.990490 -0.041180 0.064827 -0.057965 0.995360
1611.699821 652.575396 -78.002092 -11.994502 -0.043501 0.067944 -0.057695 0.995069
1611.799651 652.675848 -78.021352 -12.002063 -0.044384 0.071446 -0.057504 0.994796
1611.899500 652.773898 -78.033010 -12.016406 -0.042523 0.070485 -0.057758 0.994931
1611.999343 652.876154 -78.042230 -12.020664 -0.041201 0.066868 -0.058454 0.995196
1612.099193 652.973036 -78.053416 -12.013225 -0.040730 0.064017 -0.059091 0.995365
1612.199850 653.069659 -78.069048 -12.012526 -0.040876 0.063072 -0.059271 0.995408
1612.299680 653.164800 -78.082229 -12.020287 -0.041296 0.064251 -0.058948 0.995335
1612.399510 653.263993 -78.091698 -12.033798 -0.041539 0.064021 -0.058580 0.995361
1612.499344 653.361456 -78.106052 -12.045640 -0.042567 0.064535 -0.058501 0.995289
1612.599195 653.471852 -78.123422 -12.047264 -0.042080 0.064951 -0.058725 0.995270
1612.699822 653.579758 -78.142516 -12.041854 -0.042797 0.063567 -0.058558 0.995338
1612.799651 653.682359 -78.153273 -12.043803 -0.045555 0.061858 -0.058741 0.995313
1612.899486 653.788532 -78.164154 -12.051714 -0.046886 0.060754 -0.058652 0.995324
1612.999329 653.891296 -78.174066 -12.058437 -0.046178 0.060299 -0.058885 0.995371
1613.099184 653.994575 -78.189464 -12.071712 -0.044888 0.060452 -0.059001 0.995414
1613.199832 654.100299 -78.206132 -12.073607 -0.042640 0.060079 -0.059453 0.995509
1613.299652 654.200837 -78.220157 -12.072914 -0.042914 0.061392 -0.060187 0.995373
1613.399499 654.294827 -78.235241 -12.076328 -0.042258 0.063251 -0.060486 0.995266
1613.499349 654.393879 -78.247128 -12.084652 -0.042084 0.064798 -0.061344 0.995122
1613.599189 654.496560 -78.257483 -12.090356 -0.042676 0.067105 -0.061455 0.994937
1613.699825 654.601217 -78.266881 -12.094979 -0.043036 0.066629 -0.061024 0.994980
1613.799669 654.705280 -78.277353 -12.097330 -0.042682 0.066155 -0.060345 0.995068
1613.899504 654.800923 -78.292510 -12.104781 -0.044153 0.064702 -0.059503 0.995150
1613.999353 654.896157 -78.311839 -12.112932 -0.045466 0.065341 -0.058811 0.995090
1614.099176 655.001353 -78.332706 -12.116334 -0.046608 0.066128 -0.058752 0.994989
1614.199843 655.116119 -78.350587 -12.119000 -0.046011 0.067128 -0.058547 0.994962
1614.299685 655.225872 -78.365879 -12.127702 -0.043790 0.067696 -0.058299 0.995038
1614.399513 655.335715 -78.378903 -12.132512 -0.042749 0.066634 -0.058045 0.995170
1614.499355 655.438398 -78.395328 -12.129140 -0.043699 0.063699 -0.057605 0.995346
1614.599205 655.542567 -78.408941 -12.132465 -0.044684 0.061910 -0.057597 0.995416
1614.699437 655.651482 -78.421553 -12.147858 -0.045112 0.061915 -0.058169 0.995363
1614.799276 655.755374 -78.436965 -12.160911 -0.044216 0.062765 -0.058019 0.995359
1614.899524 655.856811 -78.452145 -12.169372 -0.043549 0.062840 -0.057535 0.995412
1614.999357 655.954018 -78.465366 -12.172236 -0.044914 0.061140 -0.057277 0.995472
1615.099204 656.057739 -78.479623 -12.170227 -0.046060 0.059797 -0.057392 0.995494
1615.199439 656.175090 -78.493862 -12.170922 -0.047787 0.061024 -0.057950 0.995306
1615.299277 656.291229 -78.510264 -12.175997 -0.046032 0.061940 -0.058428 0.995304
1615.399119 656.406781 -78.523717 -12.190400 -0.042006 0.061815 -0.059264 0.995441
1615.499760 656.518143 -78.537232 -12.203384 -0.037549 0.061581 -0.059385 0.995626
1615.599598 656.629813 -78.547724 -12.207748 -0.039522 0.062745 -0.058811 0.995511
1615.699437 656.739618 -78.567968 -12.211609 -0.043461 0.061522 -0.057880 0.995478
1615.799271 656.836241 -78.586077 -12.208442 -0.046554 0.058999 -0.057234 0.995528
1615.899513 656.937881 -78.593918 -12.205697 -0.048301 0.056911 -0.057176 0.995570
1615.999365 657.042413 -78.599134 -12.207580 -0.048953 0.059445 -0.057859 0.995350
1616.099200 657.143424 -78.608548 -12.209060 -0.045018 0.060504 -0.058092 0.995459
1616.199433 657.232622 -78.619661 -12.221128 -0.039533 0.059942 -0.058086 0.995726
1616.299273 657.321318 -78.624495 -12.232223 -0.038663 0.063865 -0.058745 0.995478
1616.399515 657.412130 -78.645261 -12.239545 -0.039014 0.063352 -0.058501 0.995511
1616.499364 657.505010 -78.659536 -12.237099 -0.040438 0.061977 -0.058647 0.995532
1616.599217 657.604457 -78.673123 -12.240397 -0.042349 0.061403 -0.058365 0.995505
1616.699446 657.707467 -78.685169 -12.245790 -0.043179 0.063172 -0.058067 0.995376
1616.799293 657.809738 -78.698059 -12.247625 -0.043677 0.064381 -0.057786 0.995293
1616.899145 657.914827 -78.707697 -12.251525 -0.044821 0.065330 -0.058021 0.995167
1616.999779 658.018200 -78.724415 -12.260829 -0.045320 0.065409 -0.058219 0.995127
1617.099619 658.118260 -78.736584 -12.269524 -0.045464 0.064801 -0.059004 0.995114
1617.199467 658.226681 -78.741438 -12.280372 -0.044144 0.063075 -0.059240 0.995271
1617.299314 658.328897 -78.757592 -12.281037 -0.040925 0.061799 -0.058330 0.995542
1617.399148 658.420945 -78.771614 -12.278762 -0.040638 0.061827 -0.058197 0.995560
1617.499792 658.514355 -78.785561 -12.289113 -0.045411 0.061203 -0.057781 0.995416
1617.599619 658.600812 -78.799892 -12.293490 -0.045901 0.058611 -0.057352 0.995574
1617.699458 658.694973 -78.820323 -12.288966 -0.043484 0.057009 -0.056710 0.995813
1617.799284 658.793474 -78.829917 -12.295040 -0.042406 0.059931 -0.056939 0.995675
1617.899100 658.891919 -78.835893 -12.310183 -0.042742 0.061678 -0.056799 0.995561
1617.999738 658.983662 -78.844486 -12.320726 -0.044657 0.062530 -0.057304 0.995395
1618.099568 659.078012 -78.860637 -12.318552 -0.045062 0.062178 -0.057381 0.995395
1618.199408 659.168890 -78.875481 -12.315980 -0.044811 0.061313 -0.057527 0.995451
1618.299242 659.259488 -78.887923 -12.317298 -0.043028 0.060885 -0.057888 0.995535
1618.399486 659.346965 -78.899691 -12.318754 -0.042996 0.061135 -0.057949 0.995518
1618.499346 659.431884 -78.918488 -12.315865 -0.043827 0.060835 -0.057741 0.995512
1618.599176 659.518361 -78.928899 -12.322350 -0.044438 0.060969 -0.057839 0.995471
1618.699811 659.611745 -78.939677 -12.332329 -0.044782 0.062011 -0.057348 0.995420
1618.799639 659.704435 -78.949883 -12.343319 -0.046393 0.064318 -0.057388 0.995197
1618.899502 659.792990 -78.960088 -12.352014 -0.043364 0.066683 -0.057559 0.995168
1618.999347 659.887196 -78.970459 -12.351496 -0.039189 0.069501 -0.057801 0.995135
1619.099189 659.979846 -78.983840 -12.356508 -0.038296 0.070773 -0.058107 0.995062
1619.199827 660.070228 -78.995480 -12.360211 -0.039842 0.071946 -0.058214 0.994911
1619.299665 660.157919 -79.004081 -12.364353 -0.042240 0.072415 -0.058211 0.994778
1619.399506 660.250763 -79.010803 -12.370008 -0.042860 0.070806 -0.058418 0.994855
1619.499344 660.349270 -79.022308 -12.373824 -0.042181 0.070144 -0.058376 0.994934
1619.599171 660.453142 -79.034846 -12.380037 -0.041575 0.070444 -0.058361 0.994939
1619.699819 660.553213 -79.046897 -12.382527 -0.041682 0.070647 -0.058599 0.994906
1619.799648 660.647053 -79.057001 -12.384619 -0.042424 0.070415 -0.058486 0.994898
1619.899478 660.747613 -79.067794 -12.384969 -0.042050 0.070995 -0.058074 0.994896
1619.999317 660.846368 -79.087715 -12.389723 -0.042558 0.070416 -0.057618 0.994943
1620.099154 660.953987 -79.107787 -12.395003 -0.043880 0.068749 -0.057419 0.995013
1620.199783 661.064869 -79.122924 -12.400583 -0.043599 0.069161 -0.057893 0.994969
1620.299614 661.168122 -79.132460 -12.406745 -0.043631 0.070314 -0.058402 0.994858
1620.399453 661.267194 -79.144186 -12.409257 -0.042882 0.069835 -0.058162 0.994938
1620.499293 661.367929 -79.161233 -12.411798 -0.041960 0.068998 -0.057997 0.995045
1620.599141 661.477953 -79.181966 -12.417780 -0.042950 0.068073 -0.058181 0.995056
1620.699775 661.585979 -79.183672 -12.413873 -0.042439 0.066583 -0.058772 0.995144
1620.799620 661.690014 -79.187378 -12.416120 -0.041449 0.064431 -0.059500 0.995284
1620.899454 661.794115 -79.210075 -12.421853 -0.040717 0.062826 -0.061671 0.995285
1620.999282 661.902944 -79.241071 -12.432055 -0.039072 0.063292 -0.064196 0.995162
1621.099116 662.023470 -79.265255 -12.446869 -0.037074 0.064823 -0.067224 0.994939
1621.199747 662.136314 -79.281185 -12.451718 -0.038772 0.065432 -0.070144 0.994633
1621.299583 662.252555 -79.293567 -12.454319 -0.039902 0.064607 -0.072569 0.994468
1621.399427 662.372822 -79.308922 -12.450828 -0.040780 0.063073 -0.074080 0.994420
1621.499261 662.481420 -79.328355 -12.450028 -0.040840 0.061922 -0.075436 0.994388
1621.599495 662.576974 -79.349754 -12.456491 -0.040147 0.060312 -0.077307 0.994371
1621.699320 662.674042 -79.361711 -12.469318 -0.042718 0.060997 -0.079025 0.994087
1621.799151 662.765567 -79.377030 -12.484474 -0.043499 0.062745 -0.078762 0.993965
1621.899771 662.868963 -79.391327 -12.489817 -0.044390 0.063198 -0.078670 0.993905
1621.999611 662.980488 -79.405008 -12.489040 -0.043068 0.062942 -0.078425 0.993998
1622.099443 663.087503 -79.428687 -12.489214 -0.042784 0.064314 -0.078327 0.993931
1622.199290 663.194987 -79.452820 -12.493080 -0.042446 0.065359 -0.078699 0.993848
1622.299121 663.312734 -79.473461 -12.498301 -0.041848 0.065999 -0.079152 0.993795
1622.399759 663.427683 -79.491446 -12.496907 -0.041183 0.065989 -0.079000 0.993835
1622.499603 663.534654 -79.504942 -12.491855 -0.041096 0.064600 -0.078874 0.993940
1622.599425 663.640439 -79.523829 -12.493905 -0.042027 0.063862 -0.078882 0.993948
1622.699248 663.746662 -79.537824 -12.504438 -0.042352 0.063801 -0.079120 0.993919
1622.799485 663.853206 -79.557586 -12.520883 -0.041376 0.064568 -0.079494 0.993881
1622.899327 663.963614 -79.573558 -12.528593 -0.042267 0.067219 -0.079520 0.993666
1622.999176 664.082420 -79.594957 -12.532397 -0.043657 0.068211 -0.078538 0.993616
1623.099817 664.193909 -79.619700 -12.530897 -0.044250 0.066489 -0.078733 0.993691
1623.199666 664.295768 -79.640263 -12.528504 -0.044058 0.066959 -0.079041 0.993644
1623.299501 664.398055 -79.654171 -12.529594 -0.042809 0.067384 -0.079725 0.993615
1623.399339 664.517054 -79.668661 -12.540770 -0.041599 0.066996 -0.079922 0.993677
1623.499182 664.636620 -79.688369 -12.548017 -0.043109 0.067182 -0.079619 0.993624
1623.599811 664.749626 -79.710594 -12.549709 -0.043898 0.067535 -0.079070 0.993610
1623.699653 664.859588 -79.729779 -12.548696 -0.044096 0.066836 -0.079308 0.993629
1623.799484 664.970211 -79.755133 -12.548178 -0.042147 0.065900 -0.079213 0.993784
1623.899320 665.078190 -79.784675 -12.553778 -0.042044 0.066493 -0.078875 0.993776
1623.999158 665.187452 -79.799828 -12.567667 -0.042786 0.067541 -0.079060 0.993658
1624.099793 665.302547 -79.810436 -12.575146 -0.047555 0.066151 -0.078828 0.993554
1624.199648 665.416597 -79.827895 -12.587235 -0.047950 0.066908 -0.078490 0.993511
1624.299491 665.526097 -79.843034 -12.583434 -0.045903 0.066853 -0.079066 0.993565
1624.399329 665.634952 -79.867938 -12.575160 -0.040732 0.066027 -0.079206 0.993835
1624.499169 665.743863 -79.894044 -12.575438 -0.037698 0.065887 -0.079734 0.993922
1624.599798 665.859428 -79.912687 -12.584352 -0.038736 0.066194 -0.080129 0.993830
1624.699633 665.981647 -79.926190 -12.595016 -0.041649 0.065994 -0.080096 0.993728
1624.799482 666.105382 -79.939614 -12.592680 -0.043665 0.064197 -0.080297 0.993743
1624.899307 666.213960 -79.960951 -12.596866 -0.046058 0.064522 -0.079719 0.993660
1624.999155 666.317146 -79.982977 -12.613226 -0.046505 0.066803 -0.077521 0.993662
1625.099794 666.425705 -79.994767 -12.614476 -0.048534 0.067487 -0.073344 0.993836
1625.199646 666.536407 -80.004285 -12.611791 -0.044869 0.068767 -0.069461 0.994200
1625.299500 666.654123 -80.029840 -12.610535 -0.041925 0.066512 -0.067874 0.994591
1625.399319 666.778847 -80.052299 -12.614179 -0.043182 0.062730 -0.067512 0.994808
1625.499168 666.900957 -80.066814 -12.624576 -0.046836 0.062730 -0.068386 0.994583
1625.599807 667.015869 -80.088627 -12.636644 -0.047590 0.067382 -0.069090 0.994194
1625.699643 667.133342 -80.106698 -12.648006 -0.045144 0.072248 -0.069124 0.993964
1625.799496 667.256500 -80.123315 -12.649437 -0.042958 0.074965 -0.069086 0.993862
1625.899344 667.374168 -80.137797 -12.642228 -0.041014 0.073249 -0.069369 0.994053
1625.999187 667.485476 -80.153407 -12.642830 -0.039835 0.069710 -0.069998 0.994311
1626.099830 667.596816 -80.170633 -12.652776 -0.039872 0.067826 -0.069583 0.994469
1626.199664 667.708315 -80.186877 -12.665444 -0.042051 0.067458 -0.067770 0.994529
1626.299507 667.825336 -80.206034 -12.673013 -0.043126 0.067990 -0.066409 0.994539
1626.399345 667.946721 -80.224563 -12.677673 -0.042481 0.068109 -0.066272 0.994567
1626.499184 668.063706 -80.243666 -12.678634 -0.043671 0.068392 -0.066311 0.994494
1626.599825 668.174256 -80.259983 -12.683720 -0.042760 0.068882 -0.066530 0.994485
1626.699677 668.293160 -80.284376 -12.698944 -0.042254 0.070449 -0.066488 0.994400
1626.799527 668.418562 -80.300250 -12.710883 -0.042303 0.072009 -0.066890 0.994259
1626.899355 668.546194 -80.317270 -12.707102 -0.041793 0.073259 -0.066926 0.994187
1626.999182 668.670975 -80.339024 -12.703602 -0.042260 0.073183 -0.066806 0.994181
1627.099822 668.788722 -80.356558 -12.708865 -0.042881 0.072695 -0.066925 0.994182
1627.199668 668.898254 -80.371545 -12.719493 -0.043390 0.070788 -0.066904 0.994299
1627.299503 669.013849 -80.391275 -12.728598 -0.043754 0.069531 -0.067037 0.994363
1627.399334 669.143205 -80.418739 -12.741297 -0.041983 0.069289 -0.066584 0.994486
1627.499176 669.268680 -80.439566 -12.750211 -0.043171 0.067308 -0.066431 0.994582
1627.599809 669.390245 -80.455192 -12.748534 -0.046494 0.065366 -0.066041 0.994587
1627.699645 669.507344 -80.465395 -12.739428 -0.047183 0.068057 -0.066166 0.994366
1627.799490 669.632957 -80.480570 -12.741910 -0.043718 0.071118 -0.066572 0.994283
1627.899345 669.766798 -80.502583 -12.753488 -0.040434 0.071616 -0.067229 0.994342
1627.999195 669.888334 -80.525941 -12.754945 -0.037357 0.068349 -0.067855 0.994650
1628.099833 670.005520 -80.543140 -12.751374 -0.038290 0.065858 -0.068180 0.994760
1628.199676 670.125959 -80.559101 -12.753663 -0.040055 0.065635 -0.067878 0.994726
1628.299528 670.250971 -80.576526 -12.765773 -0.042941 0.064075 -0.067009 0.994766
1628.399362 670.382586 -80.595215 -12.775010 -0.045565 0.059545 -0.066375 0.994974
1628.499202 670.507925 -80.615957 -12.774765 -0.046158 0.057097 -0.066022 0.995113
1628.599441 670.627381 -80.639934 -12.778608 -0.046067 0.057300 -0.065470 0.995142
1628.699272 670.748356 -80.660256 -12.783470 -0.046375 0.056903 -0.064210 0.995233
1628.799503 670.857786 -80.672483 -12.792129 -0.046309 0.055934 -0.063869 0.995313
1628.899347 670.956774 -80.688747 -12.810342 -0.043277 0.059748 -0.063983 0.995220
1628.999184 671.059861 -80.703396 -12.820482 -0.041563 0.063766 -0.063944 0.995047
1629.099818 671.173722 -80.713846 -12.820232 -0.041087 0.065097 -0.064187 0.994964
1629.199676 671.284036 -80.727737 -12.821756 -0.042053 0.064306 -0.064044 0.994985
1629.299510 671.385309 -80.745861 -12.825036 -0.043290 0.063762 -0.064127 0.994961
1629.399339 671.489144 -80.757603 -12.822027 -0.042975 0.063626 -0.064288 0.994973
1629.499180 671.599459 -80.771884 -12.826874 -0.041806 0.064808 -0.064337 0.994944
1629.599827 671.714698 -80.789527 -12.843289 -0.041775 0.066416 -0.064579 0.994823
1629.699668 671.826089 -80.802918 -12.859371 -0.042313 0.067402 -0.064653 0.994729
1629.799521 671.942337 -80.819692 -12.875719 -0.042705 0.066619 -0.064505 0.994775
1629.899360 672.057571 -80.837210 -12.898333 -0.042951 0.064264 -0.064536 0.994917
1629.999197 672.156673 -80.856497 -12.926736 -0.042688 0.063836 -0.064684 0.994947
1630.099824 672.254153 -80.875678 -12.953983 -0.042046 0.065435 -0.064633 0.994873
1630.199675 672.360173 -80.898891 -12.981482 -0.041532 0.067073 -0.064652 0.994785
1630.299526 672.459792 -80.909877 -13.009166 -0.042354 0.068144 -0.064860 0.994664
1630.399374 672.557092 -80.924057 -13.037462 -0.043224 0.068051 -0.064416 0.994661
1630.499211 672.656630 -80.940701 -13.068683 -0.044327 0.066203 -0.064035 0.994762
1630.599446 672.761850 -80.952960 -13.097840 -0.044466 0.063591 -0.063709 0.994947
1630.699295 672.866584 -80.970999 -13.129406 -0.042087 0.064343 -0.063965 0.994986
1630.799117 672.969585 -80.988041 -13.152001 -0.041441 0.067562 -0.064187 0.994785
1630.899746 673.076139 -81.000332 -13.171750 -0.041684 0.070681 -0.064378 0.994546
1630.999587 673.186644 -81.017653 -13.182044 -0.041820 0.072750 -0.064099 0.994409
1631.099433 673.290033 -81.044721 -13.189779 -0.042211 0.072867 -0.063525 0.994421
1631.199284 673.394334 -81.067815 -13.211066 -0.042016 0.072600 -0.063362 0.994459
1631.299121 673.500778 -81.084071 -13.227870 -0.041861 0.071669 -0.063121 0.994549
1631.399755 673.600755 -81.087664 -13.243019 -0.042342 0.072394 -0.063313 0.994464
1631.499587 673.696120 -81.099317 -13.258893 -0.042613 0.074441 -0.063242 0.994305
1631.599441 673.795974 -81.118439 -13.273994 -0.042532 0.074387 -0.063512 0.994296
1631.699291 673.906341 -81.131789 -13.288717 -0.042118 0.072776 -0.064165 0.994391
1631.799134 674.022443 -81.145171 -13.300512 -0.041090 0.071913 -0.064419 0.994480
1631.899791 674.140076 -81.163257 -13.315964 -0.040598 0.071880 -0.064278 0.994512
1631.999636 674.253684 -81.183250 -13.336830 -0.041546 0.072706 -0.064263 0.994413
1632.099489 674.364971 -81.201423 -13.367035 -0.042239 0.073071 -0.064247 0.994359
1632.199325 674.482060 -81.218063 -13.391022 -0.041738 0.073374 -0.064451 0.994344
1632.299173 674.607335 -81.239320 -13.404770 -0.041724 0.071980 -0.064336 0.994454
1632.399806 674.734005 -81.259519 -13.421798 -0.041545 0.069840 -0.064278 0.994618
1632.499629 674.849969 -81.273811 -13.446511 -0.041126 0.067387 -0.064358 0.994799
1632.599474 674.964340 -81.289686 -13.464557 -0.041070 0.067592 -0.064476 0.994780
1632.699315 675.079121 -81.305348 -13.486774 -0.044043 0.070051 -0.064671 0.994470
1632.799148 675.198761 -81.319751 -13.513786 -0.042930 0.070720 -0.064917 0.994455
1632.899772 675.321019 -81.342250 -13.540421 -0.039260 0.069129 -0.064982 0.994715
1632.999612 675.440567 -81.361150 -13.565420 -0.038031 0.069308 -0.065430 0.994721
1633.099464 675.560341 -81.378358 -13.588961 -0.038032 0.068791 -0.065193 0.994772
1633.199300 675.680286 -81.393525 -13.603911 -0.041559 0.068577 -0.064502 0.994691
1633.299124 675.802134 -81.415994 -13.626090 -0.045283 0.068528 -0.063738 0.994581
1633.399771 675.922890 -81.439466 -13.648498 -0.045505 0.067643 -0.063467 0.994649
1633.499609 676.038587 -81.455428 -13.655872 -0.044572 0.066436 -0.063907 0.994744
1633.599448 676.160519 -81.470831 -13.662401 -0.043683 0.065361 -0.064175 0.994837
1633.699292 676.282605 -81.487406 -13.670763 -0.042516 0.065657 -0.064386 0.994855
1633.799125 676.397413 -81.507218 -13.679393 -0.040563 0.066178 -0.064260 0.994910
1633.899768 676.518129 -81.523518 -13.687126 -0.040446 0.066970 -0.064047 0.994875
1633.999605 676.636374 -81.539491 -13.693393 -0.040997 0.066592 -0.063623 0.994905
1634.099452 676.762579 -81.559128 -13.699826 -0.043196 0.066551 -0.063271 0.994838
1634.199288 676.890406 -81.579306 -13.705032 -0.044300 0.064763 -0.063407 0.994898
1634.299119 677.009159 -81.595598 -13.703872 -0.045129 0.061160 -0.063281 0.995097
1634.399761 677.126676 -81.612095 -13.700629 -0.045428 0.060695 -0.063497 0.995098
1634.499608 677.249507 -81.628199 -13.711364 -0.042391 0.061098 -0.064111 0.995168
1634.599451 677.371147 -81.649267 -13.719825 -0.040633 0.062171 -0.064807 0.995130
1634.699285 677.489287 -81.663683 -13.727889 -0.043669 0.064764 -0.065286 0.994805
1634.799115 677.598656 -81.681683 -13.730364 -0.043557 0.066950 -0.065043 0.994681
1634.899753 677.713421 -81.705167 -13.733058 -0.043609 0.066644 -0.064651 0.994725
1634.999602 677.841721 -81.722121 -13.732712 -0.042327 0.066508 -0.064436 0.994803
1635.099432 677.966573 -81.735041 -13.739200 -0.042434 0.067537 -0.064452 0.994728
1635.199270 678.084486 -81.751270 -13.754285 -0.042395 0.067665 -0.064166 0.994740
1635.299492 678.201645 -81.767221 -13.762528 -0.041135 0.068855 -0.063791 0.994735
1635.399335 678.320210 -81.789541 -13.772488 -0.042943 0.070216 -0.062964 0.994616
1635.499180 678.441303 -81.803298 -13.773618 -0.044860 0.071332 -0.062145 0.994504
1635.599817 678.560736 -81.823210 -13.775305 -0.047458 0.071668 -0.060954 0.994433
1635.699668 678.674155 -81.849348 -13.783561 -0.048968 0.073495 -0.061069 0.994219
1635.799510 678.786139 -81.867783 -13.789829 -0.044889 0.073547 -0.062015 0.994349
1635.899352 678.902251 -81.886864 -13.794388 -0.038634 0.070121 -0.062514 0.994828
1635.999185 679.025528 -81.896963 -13.797732 -0.036847 0.068482 -0.062961 0.994982
1636.099810 679.154689 -81.908374 -13.805576 -0.039645 0.065806 -0.062935 0.995056
1636.199652 679.278517 -81.926926 -13.816894 -0.042665 0.065792 -0.062443 0.994963
1636.299481 679.399169 -81.946897 -13.819831 -0.042848 0.065967 -0.062252 0.994956
1636.399312 679.514842 -81.966358 -13.818762 -0.042210 0.066222 -0.062124 0.994974
1636.499169 679.630289 -81.981916 -13.821148 -0.041070 0.065145 -0.061983 0.995102
1636.599793 679.750416 -81.991740 -13.823668 -0.042417 0.067259 -0.062594 0.994866
1636.699643 679.873924 -82.009851 -13.832025 -0.042045 0.068876 -0.062965 0.994748
1636.799484 679.996211 -82.032041 -13.850285 -0.038168 0.068581 -0.063530 0.994889
1636.899334 680.116887 -82.053319 -13.858473 -0.037584 0.068786 -0.063606 0.994892
1636.999176 680.234095 -82.068137 -13.861432 -0.041161 0.068488 -0.062965 0.994812
1637.099818 680.360443 -82.080431 -13.855838 -0.044128 0.067787 -0.062466 0.994764
1637.199656 680.482129 -82.097683 -13.856835 -0.044344 0.065797 -0.061771 0.994932
1637.299506 680.593196 -82.115971 -13.864322 -0.043090 0.064012 -0.061075 0.995146
1637.399347 680.715410 -82.138853 -13.872807 -0.043145 0.062337 -0.060243 0.995301
1637.499192 680.843046 -82.159121 -13.875990 -0.045415 0.064286 -0.060167 0.995080
1637.599838 680.967943 -82.174774 -13.884240 -0.048528 0.068512 -0.059857 0.994670
1637.699680 681.094338 -82.187549 -13.890959 -0.049849 0.069818 -0.059175 0.994555
1637.799523 681.215770 -82.198749 -13.898623 -0.048085 0.068180 -0.059382 0.994743
1637.899375 681.332615 -82.213096 -13.912947 -0.041013 0.066299 -0.060536 0.995117
1637.999199 681.458438 -82.229606 -13.922464 -0.033625 0.063780 -0.061931 0.995473
1638.099439 681.580362 -82.244797 -13.930431 -0.034309 0.063645 -0.062481 0.995424
1638.199278 681.700030 -82.253953 -13.929820 -0.037710 0.067884 -0.062411 0.995025
1638.299123 681.818037 -82.268893 -13.926027 -0.040426 0.070248 -0.061989 0.994781
1638.399756 681.935896 -82.282191 -13.927856 -0.039998 0.069741 -0.061969 0.994835
1638.499608 682.052630 -82.295999 -13.937768 -0.040322 0.068851 -0.062204 0.994869
1638.599446 682.177302 -82.315131 -13.942719 -0.040780 0.068541 -0.062215 0.994871
1638.699279 682.298704 -82.332343 -13.952378 -0.040864 0.068013 -0.062153 0.994908
1638.799128 682.420376 -82.349084 -13.958840 -0.041896 0.067665 -0.062052 0.994895
1638.899760 682.542437 -82.367877 -13.964517 -0.042947 0.065523 -0.062303 0.994978
1638.999610 682.660493 -82.384673 -13.965248 -0.044241 0.063907 -0.062281 0.995027
1639.099459 682.776748 -82.397130 -13.971183 -0.042718 0.063044 -0.062401 0.995142
1639.199310 682.890833 -82.407410 -13.978789 -0.041007 0.065967 -0.062186 0.995038
1639.299150 683.003523 -82.420213 -13.985651 -0.043746 0.069355 -0.061720 0.994720
1639.399782 683.121012 -82.440783 -13.995661 -0.045480 0.070666 -0.061290 0.994576
1639.499630 683.234908 -82.466454 -13.996680 -0.043503 0.070037 -0.060791 0.994740
1639.599463 683.351055 -82.481594 -13.999613 -0.038269 0.067686 -0.061107 0.995098
1639.699306 683.472493 -82.496839 -14.005484 -0.038270 0.066092 -0.061364 0.995189
1639.799142 683.594999 -82.509113 -14.009273 -0.040961 0.066245 -0.061735 0.995049
1639.899799 683.718187 -82.524983 -14.018152 -0.042777 0.066355 -0.061965 0.994951
1639.999643 683.843035 -82.544953 -14.025503 -0.042706 0.066943 -0.062145 0.994903
1640.099485 683.959469 -82.564701 -14.034409 -0.041731 0.067023 -0.062363 0.994926
1640.199325 684.071694 -82.578934 -14.039529 -0.040859 0.066556 -0.062840 0.994963
1640.299172 684.184065 -82.601823 -14.044645 -0.040492 0.062715 -0.062233 0.995266
1640.399812 684.302166 -82.616019 -14.049081 -0.040608 0.060924 -0.062259 0.995371
1640.499648 684.419126 -82.627940 -14.051310 -0.043016 0.062340 -0.062518 0.995166
1640.599496 684.531172 -82.640981 -14.050252 -0.044140 0.063866 -0.062637 0.995012
1640.699331 684.645064 -82.660713 -14.055021 -0.043955 0.065324 -0.062188 0.994954
1640.799172 684.761268 -82.682851 -14.065754 -0.044147 0.066572 -0.061977 0.994876
1640.899813 684.864577 -82.703947 -14.075854 -0.043852 0.066119 -0.061796 0.994930
1640.999653 684.977118 -82.722215 -14.078666 -0.044033 0.066415 -0.061775 0.994904
1641.099510 685.093304 -82.737102 -14.081847 -0.044773 0.066404 -0.062133 0.994849
1641.199357 685.210622 -82.746948 -14.084175 -0.042310 0.065913 -0.062192 0.994986
1641.299184 685.324761 -82.756409 -14.079130 -0.039693 0.065908 -0.062034 0.995104
1641.399823 685.435362 -82.773020 -14.085308 -0.040797 0.065896 -0.061726 0.995080
1641.499658 685.545332 -82.791896 -14.099939 -0.043056 0.065166 -0.061351 0.995056
1641.599495 685.651774 -82.809584 -14.112482 -0.044301 0.066908 -0.061803 0.994857
1641.699348 685.760031 -82.822964 -14.116674 -0.041999 0.069629 -0.062638 0.994718
1641.799194 685.872748 -82.839075 -14.117383 -0.040540 0.071545 -0.063091 0.994614
1641.899829 685.983563 -82.854743 -14.119363 -0.038797 0.072059 -0.062704 0.994671
1641.999678 686.086072 -82.874220 -14.115593 -0.038468 0.069539 -0.062726 0.994862
1642.099510 686.193458 -82.879462 -14.118341 -0.040838 0.066124 -0.062919 0.994988
1642.199344 686.315046 -82.888584 -14.128705 -0.043945 0.065797 -0.063258 0.994856
1642.299197 686.437259 -82.909542 -14.130465 -0.044353 0.066664 -0.062670 0.994817
1642.399839 686.554299 -82.931747 -14.141729 -0.041420 0.067998 -0.062385 0.994871
1642.499688 686.667139 -82.952110 -14.151629 -0.042086 0.067543 -0.062370 0.994875
1642.599542 686.786050 -82.969862 -14.157817 -0.042649 0.065433 -0.062059 0.995012
1642.699369 686.902551 -82.983689 -14.163583 -0.042932 0.068687 -0.061990 0.994784
1642.799203 687.021797 -82.992739 -14.168619 -0.040641 0.071603 -0.062123 0.994667
1642.899444 687.133965 -83.004680 -14.179537 -0.039788 0.070826 -0.062149 0.994755
1642.999290 687.236176 -83.021373 -14.177401 -0.039801 0.070474 -0.062762 0.994741
1643.099121 687.334816 -83.039479 -14.174337 -0.039284 0.068811 -0.062963 0.994866
1643.199745 687.442258 -83.062555 -14.185226 -0.040139 0.067837 -0.062477 0.994929
1643.299589 687.562892 -83.078376 -14.189775 -0.040487 0.068285 -0.062381 0.994890
1643.399419 687.689675 -83.088452 -14.193686 -0.040172 0.068318 -0.062263 0.994908
1643.499252 687.812931 -83.097805 -14.193542 -0.042626 0.066967 -0.062008 0.994914
1643.599503 687.931556 -83.116664 -14.201545 -0.044523 0.068511 -0.061449 0.994760
1643.699346 688.046226 -83.136052 -14.215097 -0.043654 0.070430 -0.061428 0.994666
1643.799206 688.156989 -83.161455 -14.223393 -0.042379 0.070688 -0.061571 0.994694
1643.899436 688.275368 -83.182374 -14.228160 -0.042133 0.067946 -0.062111 0.994862
1643.999284 688.396875 -83.196243 -14.229842 -0.041525 0.065013 -0.062389 0.995066
1644.099134 688.518993 -83.205217 -14.225580 -0.041198 0.063300 -0.062523 0.995182
1644.199784 688.631912 -83.219908 -14.232256 -0.040106 0.064714 -0.062589 0.995131
1644.299623 688.740704 -83.243857 -14.253346 -0.040437 0.067910 -0.062428 0.994915
1644.399459 688.850609 -83.255844 -14.274268 -0.042430 0.070547 -0.062484 0.994645
1644.499299 688.966546 -83.264808 -14.278187 -0.042682 0.071155 -0.062901 0.994565
1644.599129 689.084931 -83.280259 -14.273674 -0.042945 0.071091 -0.063281 0.994534
1644.699762 689.200691 -83.299966 -14.275899 -0.042084 0.070497 -0.063484 0.994600
1644.799599 689.312171 -83.313048 -14.293969 -0.041358 0.070084 -0.063745 0.994643
1644.899449 689.421810 -83.331790 -14.320885 -0.041053 0.069097 -0.063629 0.994732
1644.999287 689.535882 -83.353067 -14.346942 -0.040433 0.069099 -0.063232 0.994782
1645.099117 689.655618 -83.372214 -14.368694 -0.041264 0.068630 -0.062711 0.994814
1645.199766 689.779104 -83.393991 -14.395825 -0.040618 0.066115 -0.061787 0.995069
1645.299609 689.905842 -83.412629 -14.421800 -0.040542 0.065252 -0.061584 0.995141
1645.399444 690.019826 -83.429452 -14.440972 -0.042481 0.066311 -0.061894 0.994971
1645.499287 690.128599 -83.448659 -14.461327 -0.043514 0.066382 -0.062584 0.994879
1645.599126 690.243827 -83.471604 -14.480121 -0.041762 0.065021 -0.062456 0.995052
1645.699761 690.367099 -83.491843 -14.508946 -0.042528 0.066430 -0.062804 0.994904
1645.799611 690.484162 -83.502818 -14.535472 -0.042460 0.065942 -0.062727 0.994944
1645.899479 690.597117 -83.514083 -14.556460 -0.041880 0.067246 -0.062051 0.994924
1645.999329 690.713716 -83.533412 -14.575082 -0.043449 0.070419 -0.061328 0.994682
1646.099155 690.832836 -83.555778 -14.585066 -0.043284 0.071395 -0.061119 0.994632
1646.199791 690.951524 -83.579281 -14.601988 -0.042909 0.074610 -0.061920 0.994363
1646.299630 691.081969 -83.598173 -14.624021 -0.042452 0.075975 -0.062334 0.994254
1646.399475 691.206509 -83.612975 -14.637468 -0.042668 0.074745 -0.062353 0.994336
1646.499310 691.329472 -83.628572 -14.643839 -0.042444 0.071510 -0.062028 0.994604
1646.599143 691.449929 -83.644876 -14.650194 -0.042461 0.068874 -0.062174 0.994780
1646.699785 691.573734 -83.658815 -14.660930 -0.042334 0.068843 -0.063122 0.994728
1646.799621 691.696645 -83.676282 -14.676050 -0.042954 0.069596 -0.063062 0.994653
1646.899468 691.818011 -83.693707 -14.686332 -0.042597 0.068039 -0.062947 0.994783
1646.999300 691.945518 -83.708930 -14.689156 -0.041386 0.064374 -0.062452 0.995109
1647.099143 692.073181 -83.722059 -14.684700 -0.041992 0.063442 -0.062135 0.995164
1647.199789 692.203314 -83.739139 -14.689248 -0.040504 0.065454 -0.061505 0.995134
1647.299614 692.332047 -83.761201 -14.704797 -0.037243 0.070095 -0.061342 0.994956
1647.399445 692.451587 -83.781761 -14.713905 -0.035541 0.072473 -0.061416 0.994843
1647.499283 692.576419 -83.792904 -14.714840 -0.037682 0.070469 -0.061589 0.994898
1647.599125 692.714340 -83.803863 -14.710820 -0.040684 0.069896 -0.061899 0.994800
1647.699761 692.842806 -83.818362 -14.716785 -0.041233 0.068866 -0.061838 0.994853
1647.799586 692.967896 -83.832985 -14.727347 -0.040474 0.068439 -0.061943 0.994908
1647.899428 693.094184 -83.855051 -14.737505 -0.040010 0.068309 -0.062240 0.994917
1647.999273 693.213793 -83.877615 -14.745447 -0.040879 0.068970 -0.062798 0.994801
1648.099507 693.333085 -83.896093 -14.746676 -0.041147 0.069502 -0.062963 0.994742
1648.199339 693.457534 -83.911121 -14.744119 -0.042314 0.068408 -0.062861 0.994776
1648.299184 693.586551 -83.922330 -14.742128 -0.042726 0.067144 -0.063062 0.994831
1648.399831 693.713839 -83.938608 -14.753488 -0.040851 0.066038 -0.063026 0.994986
1648.499672 693.838718 -83.956850 -14.766122 -0.039018 0.067950 -0.063268 0.994916
1648.599517 693.960084 -83.974710 -14.773603 -0.039728 0.068289 -0.062905 0.994888
1648.699341 694.088478 -83.990488 -14.775009 -0.041274 0.066368 -0.062321 0.994991
1648.799183 694.214992 -84.003467 -14.772617 -0.042037 0.063802 -0.061751 0.995163
1648.899826 694.341209 -84.015811 -14.772964 -0.042810 0.060828 -0.061999 0.995301
1648.999664 694.466991 -84.034236 -14.775742 -0.042334 0.060858 -0.062458 0.995290
1649.099515 694.589862 -84.057708 -14.784594 -0.042476 0.063456 -0.062628 0.995111
1649.199351 694.707070 -84.074627 -14.807610 -0.043273 0.067325 -0.063191 0.994787
1649.299190 694.826410 -84.088744 -14.822916 -0.043161 0.068519 -0.063052 0.994719
1649.399831 694.946218 -84.106064 -14.823352 -0.043477 0.066974 -0.062741 0.994831
1649.499680 695.074092 -84.123228 -14.813712 -0.041951 0.063907 -0.063150 0.995072
1649.599514 695.194789 -84.142758 -14.809471 -0.041455 0.063321 -0.063337 0.995118
1649.699340 695.311740 -84.158021 -14.822676 -0.040265 0.067378 -0.063631 0.994882
1649.799184 695.433506 -84.172720 -14.839320 -0.039994 0.067404 -0.063254 0.994915
1649.899823 695.558985 -84.188849 -14.847377 -0.038813 0.065989 -0.063091 0.995067
1649.999661 695.676884 -84.200178 -14.851592 -0.040007 0.067390 -0.063288 0.994913
1650.099493 695.784013 -84.216181 -14.857756 -0.041797 0.069284 -0.063058 0.994724
1650.199331 695.893620 -84.234286 -14.858680 -0.042251 0.070554 -0.062739 0.994636
1650.299181 696.013474 -84.255392 -14.862056 -0.042413 0.070569 -0.062635 0.994635
1650.399821 696.135790 -84.271629 -14.863113 -0.041466 0.069522 -0.062541 0.994754
1650.499661 696.257620 -84.286893 -14.864638 -0.041932 0.069155 -0.062579 0.994758
1650.599497 696.371630 -84.299143 -14.872706 -0.040864 0.069807 -0.062644 0.994753
1650.699321 696.486859 -84.315224 -14.885807 -0.040727 0.069681 -0.062630 0.994768
1650.799166 696.612804 -84.337175 -14.892408 -0.040494 0.069158 -0.062691 0.994810
1650.899793 696.742842 -84.354275 -14.894475 -0.039627 0.068741 -0.063143 0.994845
1650.999627 696.871380 -84.367930 -14.901029 -0.039457 0.068433 -0.063295 0.994864
1651.099470 696.995801 -84.388637 -14.908622 -0.041080 0.068284 -0.063255 0.994811
1651.199306 697.122457 -84.405995 -14.912568 -0.041614 0.069288 -0.063184 0.994724
1651.299134 697.255308 -84.423018 -14.912301 -0.040769 0.069304 -0.063045 0.994766
1651.399757 697.380017 -84.439177 -14.918972 -0.040924 0.067841 -0.062774 0.994878
1651.499596 697.490079 -84.458145 -14.926560 -0.042087 0.065795 -0.062455 0.994987
1651.599428 697.594219 -84.474436 -14.944687 -0.042851 0.063248 -0.062459 0.995119
1651.699260 697.705375 -84.488661 -14.954603 -0.040264 0.064192 -0.062532 0.995162
1651.799499 697.827519 -84.499397 -14.957139 -0.039029 0.066895 -0.062523 0.995034
1651.899345 697.948885 -84.519422 -14.956265 -0.040271 0.067578 -0.062044 0.994968
1651.999183 698.072888 -84.538318 -14.958491 -0.042418 0.065886 -0.062305 0.994976
1652.099827 698.201581 -84.558153 -14.966835 -0.042562 0.063132 -0.062681 0.995125
1652.199661 698.325390 -84.578690 -14.974157 -0.040438 0.064529 -0.063220 0.995090
1652.299515 698.437652 -84.602438 -14.988064 -0.040149 0.067466 -0.063649 0.994879
1652.399352 698.542141 -84.616689 -14.999821 -0.040542 0.068977 -0.063662 0.994759
1652.499192 698.647045 -84.629482 -15.013645 -0.042878 0.070960 -0.063306 0.994544
1652.599836 698.759437 -84.643912 -15.034581 -0.043278 0.072868 -0.063238 0.994393
1652.699669 698.883663 -84.662521 -15.048781 -0.042090 0.072884 -0.063267 0.994441
1652.799512 699.011377 -84.692372 -15.061995 -0.040602 0.073151 -0.062904 0.994507
1652.899354 699.131989 -84.707046 -15.074131 -0.041096 0.072213 -0.063266 0.994532
1652.999201 699.254942 -84.718839 -15.084076 -0.042579 0.070216 -0.062925 0.994634
1653.099447 699.375553 -84.734035 -15.095279 -0.043624 0.068843 -0.062317 0.994723
1653.199289 699.490814 -84.754413 -15.114201 -0.042478 0.068386 -0.062162 0.994814
1653.299130 699.595899 -84.775115 -15.130832 -0.042299 0.067656 -0.062401 0.994857
1653.399756 699.703350 -84.789461 -15.149769 -0.041666 0.067732 -0.063069 0.994836
1653.499581 699.821012 -84.808707 -15.172092 -0.040283 0.066034 -0.063302 0.994992
1653.599410 699.941643 -84.827585 -15.183786 -0.041169 0.064414 -0.063469 0.995052
1653.699248 700.060215 -84.840385 -15.184654 -0.041235 0.063859 -0.063609 0.995076
1653.799482 700.175992 -84.850199 -15.192636 -0.041002 0.062631 -0.063667 0.995160
1653.899318 700.292339 -84.867469 -15.204941 -0.041044 0.062618 -0.063671 0.995159
1653.999144 700.396445 -84.891476 -15.215674 -0.040739 0.063079 -0.063257 0.995168
1654.099767 700.501468 -84.905647 -15.222348 -0.041079 0.063520 -0.063590 0.995105
1654.199595 700.614320 -84.921442 -15.232282 -0.039406 0.061160 -0.063320 0.995338
1654.299439 700.735830 -84.936600 -15.239535 -0.040987 0.059719 -0.063336 0.995360
1654.399282 700.849153 -84.952314 -15.238629 -0.043448 0.062193 -0.063766 0.995077
1654.499124 700.964929 -84.969697 -15.236511 -0.042581 0.061609 -0.063683 0.995156
1654.599767 701.095182 -84.983902 -15.234631 -0.042802 0.062205 -0.063723 0.995107
1654.699606 701.203589 -85.003563 -15.243658 -0.040005 0.062493 -0.063198 0.995239
1654.799438 701.306991 -85.022477 -15.251668 -0.036970 0.065863 -0.062733 0.995168
1654.899266 701.412696 -85.033807 -15.259575 -0.038795 0.068469 -0.062398 0.994944
1654.999513 701.529309 -85.052890 -15.261641 -0.043687 0.069992 -0.061326 0.994702
1655.099350 701.641010 -85.065258 -15.258951 -0.045674 0.068839 -0.061040 0.994711
1655.199186 701.754101 -85.087574 -15.259254 -0.045500 0.067230 -0.061139 0.994823
1655.299826 701.869529 -85.109328 -15.273030 -0.046155 0.064002 -0.061468 0.994985
1655.399680 701.967358 -85.125457 -15.285059 -0.044772 0.062175 -0.061881 0.995138
1655.499516 702.065535 -85.137384 -15.287696 -0.043090 0.062424 -0.062384 0.995166
1655.599355 702.157695 -85.146139 -15.292319 -0.041565 0.062461 -0.062647 0.995212
1655.699199 702.249997 -85.157766 -15.296845 -0.041448 0.063193 -0.063092 0.995142
1655.799453 702.353852 -85.175464 -15.304952 -0.040664 0.063344 -0.063243 0.995155
1655.899283 702.460785 -85.189058 -15.306752 -0.040812 0.063728 -0.063986 0.995077
1655.999119 702.577639 -85.204939 -15.311505 -0.040636 0.063480 -0.064208 0.995086
1656.099751 702.695304 -85.217292 -15.322154 -0.041392 0.062863 -0.064272 0.995090
1656.199602 702.811318 -85.237747 -15.325431 -0.041543 0.062594 -0.063703 0.995137
1656.299450 702.916310 -85.256475 -15.329191 -0.041349 0.063180 -0.063459 0.995124
1656.399288 703.020037 -85.271916 -15.336086 -0.040946 0.064446 -0.063342 0.995067
1656.499116 703.115664 -85.284643 -15.339502 -0.041135 0.064998 -0.062868 0.995053
1656.599757 703.207102 -85.288663 -15.340427 -0.040670 0.064922 -0.062766 0.995084
1656.699607 703.295115 -85.296648 -15.343867 -0.041723 0.065184 -0.062586 0.995034
1656.799446 703.387973 -85.316269 -15.346788 -0.042295 0.064521 -0.062162 0.995080
1656.899284 703.487524 -85.335235 -15.352287 -0.041016 0.063125 -0.061641 0.995255
1656.999114 703.586351 -85.347949 -15.355703 -0.039541 0.063018 -0.060859 0.995370
1657.099753 703.686552 -85.358208 -15.363035 -0.040664 0.064058 -0.060189 0.995299
1657.199585 703.787021 -85.372585 -15.368583 -0.043616 0.065918 -0.059871 0.995072
1657.299423 703.889526 -85.389329 -15.373256 -0.044903 0.065311 -0.060231 0.995033
1657.399254 703.987417 -85.402379 -15.381652 -0.042195 0.064236 -0.060836 0.995185
1657.499505 704.084415 -85.410595 -15.388298 -0.039927 0.066289 -0.061398 0.995109
1657.599337 704.179414 -85.423751 -15.389794 -0.038824 0.070279 -0.061546 0.994870
1657.699184 704.281010 -85.441902 -15.391060 -0.040469 0.071154 -0.061482 0.994746
1657.799830 704.384364 -85.456539 -15.392257 -0.043574 0.070230 -0.061928 0.994653
1657.899674 704.484151 -85.465337 -15.395610 -0.044593 0.071094 -0.062564 0.994506
1657.999508 704.587700 -85.480486 -15.410373 -0.043451 0.071953 -0.062717 0.994485
1658.099345 704.691704 -85.501501 -15.419953 -0.041045 0.070610 -0.062366 0.994706
1658.199188 704.790709 -85.513882 -15.424196 -0.040372 0.070571 -0.062258 0.994743
1658.299812 704.890072 -85.521514 -15.425408 -0.040770 0.071293 -0.061888 0.994698
1658.399666 704.991934 -85.533917 -15.435462 -0.041514 0.072908 -0.062236 0.994529
1658.499494 705.098135 -85.546465 -15.445029 -0.041364 0.074528 -0.063452 0.994338
1658.599342 705.201555 -85.561118 -15.443557 -0.039865 0.072039 -0.064113 0.994540
1658.699191 705.301242 -85.575947 -15.446489 -0.040692 0.071861 -0.064252 0.994511
1658.799835 705.409151 -85.590781 -15.456526 -0.043252 0.072091 -0.064397 0.994377
1658.899685 705.522369 -85.609623 -15.459636 -0.043001 0.072489 -0.063934 0.994389
1658.999516 705.630730 -85.626637 -15.458412 -0.042522 0.072287 -0.063585 0.994446
1659.099355 705.741157 -85.640833 -15.455917 -0.042555 0.071790 -0.063616 0.994479
1659.199212 705.851805 -85.651402 -15.456862 -0.043429 0.069793 -0.064260 0.994542
1659.299451 705.960442 -85.668816 -15.458871 -0.042319 0.067458 -0.064637 0.994726
1659.399303 706.072602 -85.689277 -15.470001 -0.040791 0.066829 -0.065391 0.994783
1659.499147 706.189083 -85.705470 -15.475780 -0.041680 0.068795 -0.064636 0.994662
1659.599790 706.302668 -85.722924 -15.482569 -0.043710 0.073001 -0.064439 0.994288
1659.699627 706.412089 -85.743148 -15.491043 -0.041810 0.073282 -0.063984 0.994378
1659.799469 706.520586 -85.758870 -15.492036 -0.041982 0.069494 -0.063745 0.994658
1659.899302 706.635585 -85.772303 -15.492923 -0.042401 0.067087 -0.063971 0.994791
1659.999159 706.760115 -85.789252 -15.494747 -0.041377 0.069573 -0.063669 0.994683
1660.099799 706.883678 -85.806378 -15.497033 -0.041759 0.071275 -0.064189 0.994513
1660.199628 707.006872 -85.827840 -15.507267 -0.041682 0.070318 -0.064264 0.994579
1660.299467 707.123202 -85.841982 -15.516211 -0.038639 0.066234 -0.064289 0.994981
1660.399310 707.232419 -85.856359 -15.520606 -0.040272 0.064538 -0.064542 0.995011
1660.499139 707.338392 -85.868190 -15.517421 -0.044023 0.064323 -0.064788 0.994850
1660.599771 707.444276 -85.882698 -15.524373 -0.045608 0.064260 -0.065110 0.994762
1660.699610 707.560237 -85.904927 -15.537078 -0.046678 0.067076 -0.065196 0.994521
1660.799445 707.679829 -85.922531 -15.543787 -0.041941 0.068717 -0.065232 0.994617
1660.899286 707.800640 -85.936912 -15.555446 -0.038582 0.068880 -0.065755 0.994708
1660.999126 707.933607 -85.957292 -15.565585 -0.040949 0.070921 -0.065955 0.994456
1661.099756 708.065736 -85.981052 -15.565790 -0.045159 0.072508 -0.065766 0.994172
1661.199610 708.185571 -85.999698 -15.565524 -0.042917 0.071594 -0.065615 0.994348
1661.299444 708.298960 -86.014855 -15.567816 -0.039796 0.071221 -0.064980 0.994546
1661.399279 708.409663 -86.026616 -15.577389 -0.039522 0.070955 -0.064521 0.994606
1661.499115 708.526107 -86.043804 -15.585988 -0.041656 0.071955 -0.064102 0.994474
1661.599758 708.645702 -86.064200 -15.590913 -0.044471 0.069603 -0.063474 0.994560
1661.699600 708.763448 -86.081223 -15.589481 -0.045613 0.067839 -0.063699 0.994615
1661.799441 708.880764 -86.093942 -15.597388 -0.043884 0.067762 -0.064449 0.994650
1661.899272 708.991166 -86.109251 -15.611933 -0.041897 0.066824 -0.064621 0.994788
1661.999508 709.103929 -86.131625 -15.620005 -0.039443 0.067791 -0.065214 0.994784
1662.099354 709.221577 -86.148486 -15.629020 -0.039014 0.068292 -0.065771 0.994730
1662.199198 709.340244 -86.158337 -15.628630 -0.039539 0.067504 -0.065810 0.994761
1662.299453 709.453849 -86.177225 -15.625549 -0.040381 0.068351 -0.064630 0.994746
1662.399302 709.565569 -86.195944 -15.630856 -0.041138 0.069122 -0.064207 0.994690
1662.499136 709.680846 -86.215220 -15.642633 -0.041878 0.068548 -0.064094 0.994706
1662.599770 709.799997 -86.231737 -15.649823 -0.040742 0.067456 -0.064224 0.994819
1662.699606 709.927030 -86.249085 -15.645178 -0.040689 0.069123 -0.064315 0.994701
1662.799450 710.050535 -86.270093 -15.647224 -0.042053 0.069972 -0.064494 0.994573
1662.899290 710.170399 -86.285508 -15.657275 -0.042678 0.068765 -0.064841 0.994608
1662.999135 710.293806 -86.300757 -15.668988 -0.041918 0.068439 -0.064855 0.994662
1663.099777 710.415918 -86.319020 -15.679324 -0.041514 0.067758 -0.064714 0.994735
1663.199617 710.544816 -86.339586 -15.686625 -0.043047 0.068565 -0.064866 0.994605
1663.299452 710.670207 -86.358581 -15.688193 -0.042378 0.069823 -0.064913 0.994543
1663.399285 710.784265 -86.374587 -15.697451 -0.042513 0.067692 -0.065222 0.994664
1663.499118 710.888298 -86.388448 -15.706599 -0.039884 0.065598 -0.064838 0.994938
1663.599761 711.003413 -86.405023 -15.707900 -0.038876 0.068161 -0.063697 0.994880
1663.699599 711.127755 -86.418660 -15.706891 -0.044725 0.070056 -0.063070 0.994542
1663.799426 711.251917 -86.438402 -15.704641 -0.048538 0.068189 -0.063012 0.994497
1663.899244 711.376507 -86.458321 -15.717292 -0.048347 0.065893 -0.063520 0.994628
1663.999481 711.501966 -86.477639 -15.719163 -0.043325 0.069936 -0.064651 0.994511
1664.099305 711.623764 -86.498208 -15.725765 -0.038645 0.073250 -0.065094 0.994436
1664.199146 711.746862 -86.516956 -15.728624 -0.037694 0.074263 -0.065492 0.994372
1664.299786 711.871144 -86.529254 -15.729538 -0.038372 0.073433 -0.065446 0.994410
1664.399626 711.992492 -86.546750 -15.735813 -0.040084 0.071864 -0.064780 0.994501
1664.499462 712.113612 -86.568106 -15.746553 -0.041075 0.068423 -0.064459 0.994724
1664.599300 712.243153 -86.586181 -15.752168 -0.042459 0.068647 -0.064468 0.994650
1664.699142 712.371478 -86.602572 -15.761074 -0.042610 0.068656 -0.064824 0.994620
1664.799785 712.497511 -86.626292 -15.765235 -0.039427 0.067572 -0.064803 0.994827
1664.899618 712.632132 -86.644892 -15.772141 -0.038628 0.070350 -0.064678 0.994674
1664.999459 712.755504 -86.658197 -15.783453 -0.042682 0.072831 -0.063910 0.994379
1665.099295 712.869493 -86.676651 -15.798230 -0.046655 0.071451 -0.062913 0.994364
1665.199145 712.978547 -86.696587 -15.807539 -0.046280 0.068939 -0.062925 0.994558
1665.299789 713.098340 -86.722693 -15.812731 -0.044524 0.066656 -0.062838 0.994799
1665.399625 713.224878 -86.744021 -15.820324 -0.042986 0.066959 -0.063180 0.994825
1665.499462 713.357309 -86.759529 -15.832744 -0.041445 0.068886 -0.063637 0.994730
1665.599312 713.480817 -86.772628 -15.851286 -0.039179 0.070900 -0.064154 0.994647
1665.699146 713.607932 -86.788626 -15.873199 -0.037809 0.070867 -0.064820 0.994659
1665.799795 713.744028 -86.807019 -15.888961 -0.040313 0.070489 -0.065515 0.994542
1665.899642 713.873409 -86.828467 -15.900854 -0.042556 0.069476 -0.065376 0.994529
1665.999492 714.000581 -86.846391 -15.912051 -0.041067 0.071683 -0.064969 0.994462
1666.099338 714.118610 -86.864232 -15.928805 -0.041212 0.070153 -0.064676 0.994584
1666.199190 714.238496 -86.884393 -15.943228 -0.039815 0.066275 -0.064161 0.994940
1666.299839 714.370724 -86.903531 -15.960797 -0.039416 0.066149 -0.063927 0.994979
1666.399691 714.489717 -86.920046 -15.973051 -0.038640 0.072494 -0.064330 0.994542
1666.499535 714.609717 -86.933784 -15.979979 -0.039549 0.074870 -0.064545 0.994316
1666.599379 714.736252 -86.947476 -15.986823 -0.039945 0.073962 -0.064801 0.994352
1666.699215 714.863815 -86.966810 -16.003476 -0.040487 0.071839 -0.064751 0.994488
1666.799468 714.990932 -86.984810 -16.028820 -0.040767 0.071286 -0.064707 0.994520
1666.899330 715.113177 -87.004361 -16.050738 -0.041612 0.070806 -0.064506 0.994532
1666.999178 715.238756 -87.024584 -16.068835 -0.041656 0.069745 -0.064377 0.994613
1667.099814 715.374664 -87.042994 -16.085393 -0.041554 0.069548 -0.064415 0.994629
1667.199632 715.504934 -87.062054 -16.101759 -0.040016 0.068547 -0.063937 0.994792
1667.299458 715.630575 -87.076107 -16.116347 -0.040994 0.070206 -0.063486 0.994666
1667.399280 715.752659 -87.091248 -16.129500 -0.041853 0.070157 -0.062919 0.994670
1667.499116 715.877356 -87.106702 -16.143824 -0.041933 0.068211 -0.062509 0.994827
1667.599745 716.013110 -87.126265 -16.162238 -0.042964 0.068574 -0.062488 0.994760
1667.699587 716.138030 -87.146479 -16.179372 -0.043321 0.069596 -0.062927 0.994646
1667.799416 716.260799 -87.171138 -16.198629 -0.042213 0.069954 -0.063774 0.994614
1667.899267 716.390773 -87.191225 -16.211482 -0.040818 0.070628 -0.064588 0.994572
1667.999513 716.514464 -87.204239 -16.217793 -0.040019 0.070345 -0.064843 0.994608
1668.099354 716.632842 -87.209007 -16.225969 -0.038634 0.066571 -0.065036 0.994910
1668.199195 716.757187 -87.219328 -16.236146 -0.039109 0.063861 -0.064758 0.995087
1668.299825 716.881636 -87.239788 -16.250549 -0.040937 0.062839 -0.064330 0.995107
1668.399665 717.012161 -87.265868 -16.261760 -0.043452 0.063943 -0.064611 0.994911
1668.499510 717.144663 -87.285734 -16.265670 -0.038536 0.065915 -0.064675 0.994981
1668.599344 717.271954 -87.298294 -16.274245 -0.037094 0.068948 -0.064814 0.994821
1668.699175 717.404021 -87.309247 -16.279144 -0.037576 0.070101 -0.064795 0.994724
1668.799812 717.534641 -87.328473 -16.285178 -0.040360 0.068210 -0.064366 0.994774
1668.899656 717.661577 -87.343598 -16.289943 -0.042438 0.066892 -0.064850 0.994746
1668.999500 717.792732 -87.357810 -16.301826 -0.041552 0.067638 -0.065254 0.994706
1669.099324 717.916849 -87.374869 -16.315219 -0.038101 0.065799 -0.064721 0.995002
1669.199164 718.031066 -87.393301 -16.323967 -0.037347 0.065983 -0.064619 0.995026
1669.299810 718.148503 -87.412803 -16.325174 -0.040931 0.064945 -0.064529 0.994959
1669.399649 718.274903 -87.431571 -16.314568 -0.042466 0.060961 -0.064216 0.995167
1669.499495 718.404357 -87.445325 -16.307818 -0.041427 0.061908 -0.064447 0.995137
1669.599333 718.524183 -87.458032 -16.311196 -0.041378 0.065625 -0.064319 0.994909
1669.699154 718.642985 -87.471166 -16.322528 -0.039114 0.066556 -0.065027 0.994893
1669.799795 718.765871 -87.489777 -16.344427 -0.038881 0.065470 -0.065520 0.994942
1669.899636 718.889998 -87.506708 -16.365195 -0.041995 0.061811 -0.066053 0.995014
1669.999496 719.009563 -87.528343 -16.372127 -0.039496 0.060911 -0.066119 0.995167
1670.099332 719.129117 -87.541687 -16.374008 -0.038105 0.063927 -0.066598 0.995001
1670.199179 719.243245 -87.554740 -16.372991 -0.040051 0.068140 -0.066276 0.994666
1670.299826 719.356437 -87.567657 -16.373874 -0.041506 0.065963 -0.065857 0.994781
1670.399665 719.477817 -87.584786 -16.375427 -0.042049 0.062763 -0.065716 0.994974
1670.499509 719.596694 -87.604621 -16.372370 -0.041216 0.058521 -0.066000 0.995249
1670.599346 719.713785 -87.625094 -16.378426 -0.041462 0.056623 -0.066566 0.995311
1670.699194 719.832201 -87.644471 -16.388496 -0.041832 0.057484 -0.067169 0.995205
1670.799821 719.949121 -87.665031 -16.400535 -0.039943 0.059150 -0.067355 0.995173
1670.899653 720.059407 -87.681295 -16.402936 -0.040293 0.061179 -0.067664 0.995015
1670.999487 720.166070 -87.697899 -16.399376 -0.041800 0.061998 -0.067122 0.994939
1671.099315 720.275820 -87.717104 -16.398049 -0.043730 0.062242 -0.066425 0.994888
1671.199158 720.390744 -87.736464 -16.403394 -0.042890 0.062549 -0.066246 0.994917
1671.299795 720.495095 -87.753527 -16.414882 -0.043165 0.063304 -0.066483 0.994841
1671.399632 720.600283 -87.771070 -16.426390 -0.044178 0.064458 -0.066093 0.994749
1671.499488 720.708255 -87.785022 -16.435116 -0.046225 0.063232 -0.065568 0.994769
1671.599318 720.810874 -87.801818 -16.434494 -0.045439 0.063074 -0.065238 0.994837
1671.699163 720.908308 -87.819441 -16.433353 -0.042996 0.062453 -0.065128 0.994992
1671.799799 721.006308 -87.835922 -16.436531 -0.041821 0.062334 -0.065225 0.995043
1671.899639 721.111924 -87.852478 -16.445717 -0.041335 0.064927 -0.065170 0.994901
1671.999483 721.210964 -87.862263 -16.460411 -0.042020 0.068490 -0.065510 0.994611
1672.099324 721.303801 -87.879459 -16.469315 -0.042559 0.068953 -0.065413 0.994563
1672.199173 721.404033 -87.898117 -16.464409 -0.043505 0.067631 -0.065132 0.994631
1672.299814 721.508547 -87.918415 -16.457525 -0.044169 0.066133 -0.065224 0.994697
1672.399647 721.606987 -87.933540 -16.460841 -0.046380 0.061486 -0.065213 0.994895
1672.499494 721.711894 -87.946743 -16.474090 -0.043870 0.058796 -0.064695 0.995205
1672.599335 721.809090 -87.961765 -16.483226 -0.040572 0.060429 -0.064594 0.995254
1672.699163 721.905316 -87.971984 -16.486752 -0.042240 0.061498 -0.064918 0.995098
1672.799793 722.003718 -87.987820 -16.493037 -0.047172 0.063304 -0.064923 0.994762
1672.899637 722.097873 -88.005926 -16.492807 -0.051041 0.072372 -0.064964 0.993950
1672.999482 722.192291 -88.023436 -16.495408 -0.048042 0.074807 -0.064648 0.993940
1673.099324 722.298168 -88.038988 -16.498470 -0.043435 0.071965 -0.064507 0.994371
1673.199159 722.412029 -88.053163 -16.507307 -0.041127 0.068300 -0.064690 0.994715
1673.299814 722.518345 -88.067448 -16.511887 -0.040166 0.067530 -0.064926 0.994792
1673.399648 722.623588 -88.081560 -16.515777 -0.039341 0.067153 -0.065081 0.994840
1673.499473 722.723611 -88.096049 -16.520074 -0.039379 0.067860 -0.064841 0.994807
1673.599321 722.819210 -88.110095 -16.530892 -0.041913 0.065604 -0.064550 0.994873
1673.699170 722.909187 -88.124261 -16.544149 -0.040745 0.063163 -0.064285 0.995097
1673.799801 723.000680 -88.139605 -16.547751 -0.041890 0.066238 -0.064202 0.994855
1673.899646 723.096191 -88.151362 -16.549162 -0.043055 0.068812 -0.064385 0.994618
1673.999486 723.197289 -88.163664 -16.545132 -0.042930 0.070046 -0.064244 0.994547
1674.099332 723.299879 -88.178351 -16.553094 -0.043324 0.068804 -0.064382 0.994607
1674.199187 723.402522 -88.197517 -16.557280 -0.042364 0.067647 -0.064598 0.994714
1674.299839 723.497313 -88.216296 -16.560318 -0.040817 0.066185 -0.064580 0.994878
1674.399676 723.599168 -88.235502 -16.569917 -0.040330 0.065530 -0.064317 0.994959
1674.499516 723.702236 -88.244501 -16.572471 -0.041564 0.065594 -0.064483 0.994893
1674.599377 723.806429 -88.252022 -16.582638 -0.043410 0.067120 -0.064774 0.994693
1674.699216 723.911458 -88.263303 -16.592155 -0.043066 0.067856 -0.064524 0.994675
1674.799446 724.012911 -88.274352 -16.603033 -0.042672 0.067252 -0.064381 0.994742
1674.899293 724.108864 -88.289940 -16.594909 -0.043769 0.066215 -0.064992 0.994724
1674.999134 724.206200 -88.304600 -16.590347 -0.043936 0.066101 -0.065914 0.994664
1675.099778 724.308502 -88.312892 -16.593168 -0.044070 0.065257 -0.066209 0.994694
1675.199617 724.411608 -88.323250 -16.610435 -0.041466 0.063323 -0.065673 0.994966
1675.299441 724.509483 -88.334415 -16.632280 -0.038729 0.064006 -0.065814 0.995024
1675.399284 724.608023 -88.344147 -16.640887 -0.036641 0.067264 -0.066514 0.994841
1675.499123 724.709311 -88.354579 -16.641640 -0.035626 0.069405 -0.067162 0.994687
1675.599768 724.819226 -88.367178 -16.638048 -0.036552 0.072952 -0.067523 0.994376
1675.699607 724.926661 -88.381965 -16.637434 -0.036427 0.070712 -0.067439 0.994548
1675.799452 725.033864 -88.391808 -16.645969 -0.035638 0.065794 -0.067492 0.994910
1675.899297 725.147262 -88.407050 -16.658011 -0.035091 0.065381 -0.067001 0.994990
1675.999139 725.253199 -88.422051 -16.663458 -0.038121 0.067739 -0.066543 0.994751
1676.099784 725.353833 -88.437916 -16.664984 -0.041896 0.066920 -0.065807 0.994704
1676.199635 725.460840 -88.455939 -16.662665 -0.042623 0.067382 -0.065218 0.994681
1676.299480 725.568509 -88.474302 -16.666037 -0.042527 0.068592 -0.064706 0.994636
1676.399323 725.674622 -88.491709 -16.670019 -0.043708 0.070287 -0.064692 0.994467
1676.499164 725.782235 -88.506275 -16.675858 -0.043828 0.069935 -0.064924 0.994471
1676.599803 725.885896 -88.524165 -16.684455 -0.043635 0.069069 -0.064962 0.994538
1676.699648 725.992233 -88.543641 -16.689081 -0.042680 0.069064 -0.064908 0.994583
1676.799477 726.090027 -88.560700 -16.690687 -0.043124 0.069782 -0.064914 0.994513
1676.899307 726.192458 -88.580775 -16.695136 -0.044459 0.070074 -0.064367 0.994470
1676.999155 726.304250 -88.600444 -16.697518 -0.045750 0.070554 -0.063754 0.994417
1677.099799 726.412690 -88.618870 -16.703849 -0.047862 0.066869 -0.062295 0.994664
1677.199638 726.514777 -88.636459 -16.713201 -0.044999 0.063861 -0.062021 0.995013
1677.299483 726.609055 -88.645772 -16.719227 -0.042444 0.065121 -0.062167 0.995034
1677.399322 726.708116 -88.661511 -16.719829 -0.041324 0.068086 -0.062318 0.994873
1677.499173 726.809198 -88.676281 -16.721901 -0.041518 0.068793 -0.062404 0.994811
1677.599805 726.918335 -88.691693 -16.726857 -0.043528 0.068066 -0.062354 0.994779
1677.699647 727.024849 -88.708475 -16.734072 -0.045117 0.066398 -0.062381 0.994819
1677.799496 727.139003 -88.731114 -16.735787 -0.044961 0.065238 -0.062007 0.994926
1677.899326 727.248771 -88.744840 -16.738096 -0.044463 0.067476 -0.062019 0.994798
1677.999172 727.357365 -88.755651 -16.741990 -0.042814 0.068046 -0.061776 0.994847
1678.099818 727.470033 -88.771059 -16.747814 -0.042428 0.067632 -0.061684 0.994897
1678.199649 727.571094 -88.788678 -16.752771 -0.042682 0.066784 -0.061574 0.994951
1678.299485 727.675330 -88.803312 -16.763739 -0.042802 0.066946 -0.062284 0.994890
1678.399320 727.785380 -88.817831 -16.766801 -0.042078 0.064072 -0.062710 0.995084
1678.499166 727.893752 -88.836011 -16.764027 -0.040724 0.060806 -0.062007 0.995389
1678.599818 727.997466 -88.852388 -16.760975 -0.042470 0.063597 -0.061682 0.995162
1678.699665 728.090445 -88.867985 -16.767805 -0.043361 0.067897 -0.062204 0.994807
1678.799509 728.185534 -88.884618 -16.782006 -0.042096 0.068123 -0.062637 0.994818
1678.899333 728.286272 -88.900667 -16.795939 -0.042362 0.066452 -0.063183 0.994886
1678.999171 728.390116 -88.913797 -16.806284 -0.044509 0.064180 -0.063380 0.994929
1679.099811 728.494168 -88.931555 -16.807430 -0.046167 0.063542 -0.063147 0.994909
1679.199644 728.597635 -88.950219 -16.805898 -0.046505 0.065656 -0.063166 0.994755
1679.299477 728.703472 -88.967225 -16.807242 -0.045831 0.069239 -0.063544 0.994519
1679.399311 728.809082 -88.982257 -16.818343 -0.043560 0.070227 -0.063415 0.994560
1679.499147 728.916601 -88.997497 -16.823946 -0.042176 0.070766 -0.063368 0.994584
1679.599801 729.016386 -89.006826 -16.824980 -0.040589 0.069461 -0.063815 0.994714
1679.699636 729.115777 -89.023013 -16.827013 -0.040388 0.066189 -0.063734 0.994950
1679.799465 729.212919 -89.040033 -16.829540 -0.041350 0.064821 -0.063373 0.995024
1679.899301 729.310196 -89.055600 -16.834416 -0.043476 0.064293 -0.063282 0.994973
1679.999156 729.410067 -89.070346 -16.843281 -0.042795 0.065270 -0.063311 0.994937
1680.099800 729.511867 -89.083923 -16.852352 -0.042362 0.067662 -0.063140 0.994807
1680.199626 729.609973 -89.101571 -16.857162 -0.045185 0.069294 -0.062609 0.994604
1680.299466 729.706198 -89.114908 -16.858847 -0.045952 0.070083 -0.062516 0.994519
1680.399299 729.810506 -89.129821 -16.858446 -0.045590 0.069295 -0.062356 0.994601
1680.499144 729.916038 -89.148784 -16.864096 -0.044499 0.068784 -0.062670 0.994666
1680.599794 730.016040 -89.162122 -16.872039 -0.044400 0.069213 -0.063035 0.994618
1680.699626 730.113932 -89.174708 -16.881274 -0.043952 0.066661 -0.062904 0.994820
1680.799466 730.211663 -89.189145 -16.874612 -0.042428 0.066012 -0.062631 0.994947
1680.899305 730.312537 -89.204313 -16.874321 -0.042623 0.068144 -0.062517 0.994802
1680.999137 730.416402 -89.225526 -16.882815 -0.043779 0.070439 -0.061708 0.994643
1681.099762 730.522524 -89.246036 -16.898756 -0.043609 0.069240 -0.060324 0.994819
1681.199602 730.633970 -89.264414 -16.908487 -0.042766 0.068853 -0.060137 0.994894
1681.299444 730.744952 -89.271183 -16.905562 -0.042817 0.067718 -0.060521 0.994946
1681.399270 730.849247 -89.277086 -16.905205 -0.042536 0.067656 -0.060747 0.994949
1681.499511 730.950533 -89.290854 -16.910056 -0.042539 0.068317 -0.060709 0.994906
1681.599342 731.052651 -89.305448 -16.914449 -0.042290 0.067330 -0.061327 0.994946
1681.699197 731.160833 -89.320112 -16.917769 -0.042220 0.064898 -0.061442 0.995103
1681.799824 731.269985 -89.340393 -16.922784 -0.041940 0.064484 -0.061214 0.995156
1681.899664 731.379550 -89.358927 -16.930996 -0.042456 0.064010 -0.061216 0.995165
1681.999510 731.497036 -89.373662 -16.934838 -0.043416 0.062342 -0.061420 0.995217
1682.099359 731.608358 -89.380236 -16.940641 -0.042698 0.062246 -0.061549 0.995246
1682.199205 731.710712 -89.393832 -16.952412 -0.042878 0.063794 -0.061149 0.995165
1682.299454 731.803963 -89.407554 -16.958403 -0.042439 0.065199 -0.060974 0.995103
1682.399287 731.897537 -89.419484 -16.969120 -0.042838 0.064939 -0.060987 0.995102
1682.499122 731.992493 -89.438105 -16.975601 -0.043491 0.064348 -0.060889 0.995118
1682.599762 732.088637 -89.457853 -16.980824 -0.041646 0.064933 -0.061203 0.995140
1682.699592 732.187069 -89.469106 -16.983042 -0.040099 0.065140 -0.061334 0.995182
1682.799426 732.290605 -89.482638 -16.988183 -0.041979 0.067540 -0.060928 0.994969
1682.899259 732.397849 -89.498578 -16.984510 -0.043978 0.067844 -0.060718 0.994875
1682.999492 732.504607 -89.517354 -16.987999 -0.043638 0.068999 -0.060518 0.994823
1683.099339 732.610656 -89.536694 -16.984571 -0.045827 0.068986 -0.060043 0.994754
1683.199180 732.718811 -89.539558 -16.985696 -0.043996 0.067960 -0.060459 0.994882
1683.299830 732.825304 -89.542172 -16.998192 -0.041112 0.069944 -0.060793 0.994848
1683.399663 732.928053 -89.560086 -17.010091 -0.041299 0.073365 -0.060804 0.994593
1683.499501 733.034307 -89.584624 -17.017943 -0.042959 0.074656 -0.060965 0.994417
1683.599341 733.151958 -89.606946 -17.024297 -0.042404 0.074771 -0.060681 0.994449
1683.699171 733.264257 -89.619405 -17.016393 -0.043638 0.073458 -0.060513 0.994504
1683.799803 733.368349 -89.629795 -17.027394 -0.041675 0.073506 -0.060589 0.994580
1683.899651 733.479581 -89.646237 -17.042411 -0.040622 0.076049 -0.060395 0.994444
1683.999499 733.584868 -89.661431 -17.064337 -0.040874 0.078420 -0.059849 0.994283
1684.099329 733.688241 -89.670875 -17.084101 -0.041418 0.080977 -0.059518 0.994075
1684.199157 733.799081 -89.682616 -17.098265 -0.040796 0.081425 -0.059990 0.994036
1684.299788 733.919135 -89.699272 -17.110995 -0.039495 0.079736 -0.060407 0.994200
1684.399619 734.046397 -89.719224 -17.123340 -0.039887 0.078180 -0.060626 0.994294
1684.499469 734.175172 -89.735621 -17.138983 -0.040329 0.078029 -0.060624 0.994289
1684.599303 734.300914 -89.753237 -17.168241 -0.040972 0.078682 -0.060341 0.994228
1684.699144 734.420674 -89.773799 -17.199812 -0.041499 0.078863 -0.060083 0.994207
1684.799773 734.538673 -89.787904 -17.223333 -0.042483 0.075527 -0.060273 0.994413
1684.899610 734.657858 -89.803794 -17.233689 -0.041094 0.073316 -0.060886 0.994600
1684.999457 734.781368 -89.819433 -17.253108 -0.036461 0.074125 -0.061834 0.994662
1685.099286 734.912355 -89.837476 -17.281053 -0.039878 0.075823 -0.062100 0.994386
1685.199148 735.043728 -89.856925 -17.315692 -0.044144 0.075532 -0.061924 0.994239
1685.299794 735.180043 -89.875532 -17.335145 -0.043485 0.075482 -0.061707 0.994286
1685.399648 735.318181 -89.895914 -17.352762 -0.038787 0.073484 -0.061603 0.994636
1685.499482 735.463469 -89.913858 -17.366518 -0.038356 0.073739 -0.061689 0.994628
1685.599320 735.604377 -89.926298 -17.387972 -0.038591 0.073339 -0.062274 0.994612
1685.699151 735.736010 -89.941729 -17.417079 -0.037961 0.072148 -0.062236 0.994726
1685.799781 735.869026 -89.963200 -17.443920 -0.039720 0.073597 -0.062789 0.994517
1685.899609 735.996912 -89.984376 -17.463271 -0.042971 0.075146 -0.063592 0.994215
1685.999455 736.122887 -90.004178 -17.482307 -0.040539 0.072757 -0.063667 0.994490
1686.099302 736.263260 -90.017675 -17.498388 -0.036960 0.069039 -0.063101 0.994930
1686.199128 736.407201 -90.033666 -17.514259 -0.038972 0.067217 -0.062963 0.994987
1686.299764 736.537066 -90.048149 -17.538464 -0.042049 0.067167 -0.063476 0.994832
1686.399612 736.676601 -90.072276 -17.557690 -0.044165 0.069501 -0.063560 0.994575
1686.499464 736.816041 -90.098077 -17.574852 -0.043884 0.069345 -0.063495 0.994602
1686.599306 736.957235 -90.117133 -17.588353 -0.041527 0.070645 -0.063424 0.994617
1686.699154 737.100778 -90.133629 -17.592619 -0.038503 0.069011 -0.062689 0.994899
1686.799794 737.241917 -90.153997 -17.599645 -0.038061 0.067822 -0.062844 0.994989
1686.899624 737.379705 -90.178028 -17.608707 -0.038608 0.070121 -0.063537 0.994764
1686.999462 737.524857 -90.200255 -17.616546 -0.041279 0.072029 -0.063855 0.994500
1687.099300 737.668432 -90.220628 -17.624837 -0.041391 0.074121 -0.064048 0.994329
1687.199143 737.806504 -90.242187 -17.633441 -0.040966 0.073193 -0.063237 0.994467
1687.299780 737.936214 -90.262463 -17.635907 -0.043614 0.071107 -0.062683 0.994541
1687.399602 738.066949 -90.278481 -17.635376 -0.048057 0.071271 -0.062930 0.994309
1687.499432 738.200496 -90.295792 -17.638755 -0.046844 0.072105 -0.063345 0.994281
1687.599273 738.338679 -90.316399 -17.651091 -0.044859 0.072386 -0.064067 0.994305
1687.699517 738.478907 -90.338608 -17.661152 -0.043404 0.067991 -0.064080 0.994679
1687.799362 738.619359 -90.355925 -17.661380 -0.041467 0.065592 -0.063660 0.994950
1687.899198 738.757385 -90.372221 -17.664294 -0.042987 0.066638 -0.063169 0.994847
1687.999427 738.892042 -90.392088 -17.673411 -0.043057 0.068412 -0.063028 0.994733
1688.099259 739.026151 -90.414713 -17.689027 -0.044710 0.067888 -0.063051 0.994694
1688.199488 739.165388 -90.434876 -17.699899 -0.045032 0.066146 -0.063313 0.994781
1688.299332 739.301826 -90.450254 -17.702589 -0.044311 0.063471 -0.063571 0.994971
1688.399176 739.435937 -90.462899 -17.701692 -0.044266 0.061962 -0.063909 0.995046
1688.499835 739.566576 -90.477620 -17.706520 -0.042952 0.060859 -0.064118 0.995158
1688.599680 739.691463 -90.498904 -17.713845 -0.042213 0.060547 -0.064105 0.995210
1688.699515 739.818849 -90.519732 -17.722693 -0.043429 0.060568 -0.064066 0.995159
1688.799350 739.946186 -90.539984 -17.731896 -0.044899 0.059661 -0.064043 0.995150
1688.899190 740.072118 -90.558353 -17.741874 -0.044440 0.059495 -0.063963 0.995185
1688.999830 740.200441 -90.569611 -17.749937 -0.044237 0.059149 -0.064280 0.995195
1689.099669 740.325412 -90.581891 -17.752206 -0.043923 0.059052 -0.064520 0.995199
1689.199500 740.437880 -90.598018 -17.753877 -0.042644 0.057625 -0.064336 0.995350
1689.299339 740.545398 -90.617228 -17.763599 -0.043278 0.056656 -0.064274 0.995382
1689.399185 740.656117 -90.637495 -17.765192 -0.041969 0.059751 -0.063453 0.995310
1689.499826 740.771290 -90.651707 -17.772359 -0.043792 0.061708 -0.063124 0.995133
1689.599669 740.886861 -90.663272 -17.784075 -0.044277 0.066814 -0.063544 0.994755
1689.699502 741.000559 -90.675047 -17.793718 -0.043120 0.069869 -0.063847 0.994577
1689.799340 741.113686 -90.689475 -17.800783 -0.040679 0.069287 -0.064325 0.994689
1689.899197 741.224149 -90.705350 -17.811103 -0.039240 0.069263 -0.064806 0.994718
1689.999836 741.344764 -90.729877 -17.818295 -0.039767 0.069602 -0.064619 0.994685
1690.099665 741.471738 -90.744176 -17.823403 -0.041524 0.068995 -0.064814 0.994643
1690.199501 741.585651 -90.758889 -17.826328 -0.041209 0.068626 -0.064884 0.994677
1690.299330 741.690724 -90.769656 -17.825023 -0.042090 0.066939 -0.064993 0.994748
1690.399167 741.792970 -90.780099 -17.826886 -0.042771 0.065135 -0.065533 0.994803
1690.499785 741.903471 -90.800742 -17.835865 -0.042102 0.065736 -0.065511 0.994794
1690.599616 742.007154 -90.824898 -17.843580 -0.043185 0.067518 -0.065287 0.994643
1690.699452 742.108690 -90.840148 -17.847944 -0.044214 0.067478 -0.065329 0.994597
1690.799289 742.215516 -90.849327 -17.852243 -0.043896 0.067198 -0.065387 0.994627
1690.899130 742.325668 -90.861427 -17.855915 -0.042784 0.066069 -0.065464 0.994746
1690.999776 742.439411 -90.882182 -17.861757 -0.041694 0.063999 -0.065058 0.994954
1691.099608 742.536950 -90.901266 -17.867849 -0.041009 0.064888 -0.064713 0.994947
1691.199431 742.637976 -90.920745 -17.876789 -0.043249 0.065494 -0.064449 0.994830
1691.299277 742.738985 -90.935509 -17.884136 -0.044544 0.065376 -0.064628 0.994769
1691.399111 742.844619 -90.946429 -17.890035 -0.044606 0.064860 -0.064703 0.994795
1691.499755 742.946869 -90.956195 -17.892197 -0.043727 0.063774 -0.065010 0.994884
1691.599592 743.060679 -90.971929 -17.892862 -0.042328 0.063666 -0.064976 0.994954
1691.699428 743.171730 -90.986876 -17.897452 -0.040508 0.065424 -0.065073 0.994909
1691.799267 743.278881 -91.004674 -17.903427 -0.040039 0.068913 -0.065197 0.994684
1691.899490 743.389756 -91.019469 -17.910963 -0.041642 0.071382 -0.065637 0.994416
1691.999322 743.489879 -91.032404 -17.915420 -0.043305 0.070940 -0.066369 0.994328
1692.099158 743.592457 -91.047324 -17.922863 -0.042578 0.067780 -0.066453 0.994574
1692.199802 743.709934 -91.063066 -17.930666 -0.040042 0.064665 -0.066150 0.994907
1692.299639 743.818445 -91.081109 -17.940213 -0.041578 0.064279 -0.066408 0.994851
1692.399478 743.925801 -91.093530 -17.946643 -0.043032 0.067827 -0.066319 0.994560
1692.499325 744.030677 -91.111955 -17.951154 -0.044435 0.069789 -0.066027 0.994382
1692.599161 744.132905 -91.129914 -17.956104 -0.045688 0.067841 -0.066142 0.994452
1692.699775 744.230189 -91.149982 -17.964099 -0.043904 0.067498 -0.065911 0.994571
1692.799607 744.335243 -91.165827 -17.969299 -0.042558 0.067610 -0.065564 0.994645
1692.899445 744.445097 -91.175842 -17.980391 -0.042264 0.065614 -0.064917 0.994834
1692.999291 744.546555 -91.186865 -17.993552 -0.044078 0.064005 -0.064348 0.994897
1693.099138 744.643441 -91.203285 -18.005872 -0.044185 0.065940 -0.064034 0.994786
1693.199775 744.740967 -91.219835 -18.016407 -0.045284 0.068000 -0.064061 0.994596
1693.299616 744.843018 -91.241800 -18.022768 -0.045789 0.068668 -0.064418 0.994504
1693.399454 744.959413 -91.262911 -18.032110 -0.043744 0.069329 -0.064730 0.994530
1693.499314 745.087768 -91.276296 -18.044837 -0.043207 0.069866 -0.065149 0.994489
1693.599158 745.211638 -91.293517 -18.062346 -0.044871 0.071798 -0.065327 0.994266
1693.699792 745.329124 -91.311635 -18.077717 -0.045858 0.072600 -0.065617 0.994143
1693.799628 745.437696 -91.327949 -18.086712 -0.041120 0.071701 -0.066210 0.994376
1693.899457 745.536726 -91.343574 -18.097390 -0.040183 0.071441 -0.067002 0.994380
1693.999291 745.634049 -91.357352 -18.119002 -0.040628 0.070237 -0.067301 0.994428
1694.099147 745.734277 -91.371187 -18.134351 -0.042978 0.070086 -0.067059 0.994356
1694.199785 745.833725 -91.390877 -18.143752 -0.045678 0.070835 -0.066136 0.994244
1694.299632 745.943649 -91.415361 -18.154033 -0.046757 0.073718 -0.065634 0.994018
1694.399468 746.057464 -91.434112 -18.174065 -0.046658 0.075145 -0.065919 0.993897
1694.499312 746.178715 -91.449044 -18.199954 -0.044646 0.074172 -0.066297 0.994037
1694.599131 746.302278 -91.464632 -18.217161 -0.043799 0.071768 -0.066741 0.994222
1694.699766 746.418543 -91.483868 -18.223391 -0.041654 0.069734 -0.066664 0.994464
1694.799606 746.531077 -91.500901 -18.225383 -0.042453 0.069375 -0.066446 0.994470
1694.899445 746.641534 -91.516496 -18.233302 -0.042900 0.068731 -0.066479 0.994493
1694.999277 746.755112 -91.539065 -18.247681 -0.043403 0.065331 -0.066260 0.994715
1695.099111 746.870045 -91.558670 -18.264793 -0.044205 0.063063 -0.066113 0.994836
1695.199744 746.991102 -91.579733 -18.279259 -0.043823 0.062838 -0.065809 0.994887
1695.299586 747.100795 -91.599981 -18.294698 -0.043352 0.063117 -0.065069 0.994939
1695.399424 747.209266 -91.614461 -18.299272 -0.043618 0.064487 -0.063925 0.994913
1695.499266 747.314831 -91.624572 -18.304480 -0.044933 0.063921 -0.063344 0.994928
1695.599498 747.419297 -91.638784 -18.321477 -0.048231 0.060652 -0.063403 0.994975
1695.699344 747.532386 -91.661143 -18.345239 -0.047420 0.059181 -0.064107 0.995057
1695.799182 747.646382 -91.686826 -18.362070 -0.043938 0.059989 -0.064093 0.995170
1695.899827 747.744720 -91.707270 -18.365214 -0.043480 0.061200 -0.063689 0.995142
1695.999666 747.843565 -91.717116 -18.373427 -0.043933 0.059685 -0.063971 0.995196
1696.099495 747.943990 -91.724571 -18.390016 -0.043708 0.057845 -0.063565 0.995341
1696.199341 748.037639 -91.731606 -18.404090 -0.042994 0.056233 -0.063272 0.995483
1696.299185 748.129115 -91.743045 -18.410268 -0.045058 0.055824 -0.064548 0.995333
1696.399819 748.226028 -91.760815 -18.414667 -0.047029 0.052411 -0.066328 0.995310
1696.499660 748.322656 -91.780261 -18.419518 -0.046527 0.047707 -0.067051 0.995522
1696.599498 748.423535 -91.797865 -18.424606 -0.041112 0.050004 -0.067221 0.995636
1696.699334 748.525426 -91.811572 -18.439628 -0.040098 0.056645 -0.067698 0.995289
1696.799179 748.622318 -91.818747 -18.455538 -0.041913 0.061733 -0.068050 0.994888
1696.899817 748.712690 -91.829569 -18.463022 -0.043727 0.065740 -0.067764 0.994572
1696.999664 748.806994 -91.850247 -18.465925 -0.046619 0.067133 -0.067382 0.994374
1697.099502 748.901688 -91.871682 -18.467512 -0.045827 0.067913 -0.067227 0.994368
1697.199346 748.982986 -91.885408 -18.476209 -0.043184 0.066089 -0.065932 0.994696
1697.299183 749.065439 -91.889405 -18.486618 -0.040372 0.065133 -0.064669 0.994960
1697.399813 749.149372 -91.897992 -18.500758 -0.042730 0.066989 -0.064290 0.994763
1697.499660 749.233058 -91.913783 -18.521323 -0.045137 0.071222 -0.064553 0.994345
1697.599516 749.327005 -91.928504 -18.534473 -0.044093 0.073429 -0.064985 0.994204
1697.699362 749.428358 -91.945303 -18.533080 -0.041103 0.072540 -0.065116 0.994388
1697.799202 749.530158 -91.959594 -18.534799 -0.037903 0.070197 -0.065176 0.994680
1697.899454 749.632047 -91.968738 -18.548612 -0.039010 0.067752 -0.064700 0.994838
1697.999287 749.720990 -91.981161 -18.570022 -0.040462 0.066828 -0.063705 0.994906
1698.099144 749.809531 -91.997766 -18.585162 -0.042916 0.068491 -0.063589 0.994698
1698.199782 749.893272 -92.006927 -18.598721 -0.046702 0.070711 -0.063960 0.994348
1698.299615 749.982255 -92.016424 -18.617222 -0.045349 0.072473 -0.064212 0.994268
1698.399464 750.072648 -92.030580 -18.630273 -0.038934 0.071805 -0.064532 0.994567
1698.499312 750.165304 -92.046886 -18.645698 -0.037458 0.070816 -0.065195 0.994651
1698.599143 750.267029 -92.065084 -18.657797 -0.040092 0.068456 -0.065886 0.994669
1698.699778 750.370907 -92.077501 -18.675605 -0.040855 0.068570 -0.066368 0.994598
1698.799605 750.474432 -92.085765 -18.689699 -0.041138 0.070936 -0.066044 0.994442
1698.899437 750.577962 -92.096121 -18.699464 -0.044089 0.073410 -0.065816 0.994151
1698.999275 750.689220 -92.113450 -18.709981 -0.043455 0.073939 -0.065691 0.994148
1699.099519 750.806450 -92.135940 -18.714157 -0.043743 0.071086 -0.065778 0.994337
1699.199360 750.918436 -92.153528 -18.719352 -0.045789 0.068657 -0.066267 0.994383
1699.299212 751.026869 -92.170706 -18.731248 -0.044752 0.070146 -0.065905 0.994351
1699.399465 751.131421 -92.184081 -18.746423 -0.038372 0.074320 -0.066001 0.994308
1699.499285 751.237777 -92.194175 -18.754048 -0.037418 0.077522 -0.066272 0.994082
1699.599138 751.346019 -92.206739 -18.746292 -0.038312 0.076902 -0.066187 0.994101
1699.699769 751.455627 -92.220749 -18.737586 -0.041157 0.074877 -0.065949 0.994158
1699.799608 751.572833 -92.237917 -18.740587 -0.043707 0.073956 -0.066115 0.994107
1699.899433 751.690690 -92.257109 -18.754638 -0.044157 0.074159 -0.066510 0.994046
1699.999255 751.803955 -92.279236 -18.770103 -0.042427 0.075429 -0.066166 0.994049
1700.099495 751.922095 -92.294066 -18.783538 -0.041660 0.079048 -0.065790 0.993825
1700.199335 752.048469 -92.309334 -18.789122 -0.041527 0.079842 -0.065445 0.993790
1700.299175 752.169303 -92.326811 -18.795178 -0.041478 0.075843 -0.065533 0.994099
1700.399815 752.291135 -92.341890 -18.794631 -0.039709 0.073679 -0.065319 0.994348
1700.499647 752.411270 -92.360830 -18.789436 -0.039746 0.075471 -0.065100 0.994227
1700.599486 752.533622 -92.374737 -18.803975 -0.040760 0.075370 -0.065405 0.994173
1700.699334 752.667330 -92.390952 -18.818485 -0.040481 0.073698 -0.065096 0.994330
1700.799165 752.795160 -92.406591 -18.828533 -0.039477 0.071567 -0.064528 0.994563
1700.899804 752.917258 -92.428310 -18.830267 -0.039638 0.069785 -0.063910 0.994723
1700.999653 753.043551 -92.452457 -18.831895 -0.040978 0.067834 -0.063754 0.994814
1701.099493 753.172295 -92.471746 -18.835140 -0.040968 0.069146 -0.062849 0.994782
1701.199325 753.313345 -92.483807 -18.842120 -0.044111 0.069583 -0.062572 0.994634
1701.299177 753.452741 -92.502210 -18.858306 -0.047024 0.069918 -0.062143 0.994504
1701.399817 753.592899 -92.523481 -18.870044 -0.046629 0.071954 -0.062195 0.994374
1701.499647 753.725631 -92.549147 -18.879986 -0.045349 0.073693 -0.062537 0.994285
1701.599506 753.850953 -92.571276 -18.890026 -0.044145 0.074372 -0.063385 0.994235
1701.699347 753.980336 -92.587675 -18.895068 -0.040710 0.072062 -0.064285 0.994493
1701.799194 754.112932 -92.599026 -18.891336 -0.038104 0.071668 -0.064524 0.994610
1701.899823 754.261153 -92.607409 -18.892597 -0.039523 0.071626 -0.064858 0.994536
1701.999680 754.402444 -92.625143 -18.904979 -0.041209 0.070044 -0.064841 0.994581
1702.099510 754.530151 -92.645174 -18.915726 -0.043856 0.069386 -0.065271 0.994486
1702.199340 754.661248 -92.666412 -18.927327 -0.042470 0.066699 -0.065081 0.994742
1702.299184 754.801602 -92.683502 -18.935660 -0.039125 0.067918 -0.064846 0.994812
1702.399815 754.944710 -92.703607 -18.936550 -0.038823 0.073108 -0.064772 0.994461
1702.499673 755.083945 -92.716574 -18.945571 -0.039409 0.074260 -0.064640 0.994361
1702.599513 755.224528 -92.724596 -18.951575 -0.040044 0.073161 -0.064465 0.994429
1702.699363 755.360449 -92.743891 -18.948091 -0.037735 0.072168 -0.063852 0.994631
1702.799205 755.488939 -92.767441 -18.939695 -0.035234 0.070807 -0.063124 0.994867
1702.899445 755.623879 -92.790627 -18.940514 -0.039137 0.071253 -0.063393 0.994672
1702.999277 755.757973 -92.808151 -18.947337 -0.042716 0.070969 -0.063760 0.994522
1703.099122 755.895777 -92.819527 -18.948902 -0.042826 0.070306 -0.063315 0.994593
1703.199767 756.038863 -92.836972 -18.933240 -0.042718 0.072170 -0.063011 0.994483
1703.299609 756.179789 -92.852492 -18.913774 -0.042195 0.073158 -0.063556 0.994398
1703.399441 756.319727 -92.873485 -18.890301 -0.040512 0.072385 -0.063567 0.994524
1703.499292 756.457261 -92.897476 -18.871998 -0.040261 0.070913 -0.063333 0.994655
1703.599129 756.600129 -92.915943 -18.855484 -0.042300 0.068856 -0.062891 0.994743
