1076.599619 0.055120 0.022260 -0.029700 0.000000 0.000000 0.000000 1.000000
1076.699451 -0.177793 0.046574 -0.030832 -0.000386 -0.000082 -0.000007 1.000000
1076.799291 -0.305859 0.059486 -0.026240 -0.001185 0.000496 0.000008 0.999999
1076.899122 -0.309848 0.064158 -0.025912 -0.001064 0.000880 -0.000118 0.999999
1076.999753 -0.257560 0.055412 -0.034403 -0.001089 0.000538 0.000089 0.999999
1077.099596 -0.262630 0.053533 -0.038569 -0.001661 0.000454 0.000044 0.999999
1077.199424 -0.250309 0.056705 -0.036470 -0.001601 0.000250 -0.000038 0.999999
1077.299277 -0.289048 0.066104 -0.031104 -0.000381 0.000460 0.000009 1.000000
1077.399124 -0.262396 0.060741 -0.026202 -0.000326 0.000789 0.000165 1.000000
1077.499766 -0.252070 0.058269 -0.029492 -0.000719 0.000732 0.000222 0.999999
1077.599611 -0.237575 0.059062 -0.030193 -0.000890 0.000187 0.000189 1.000000
1077.699462 -0.228638 0.063535 -0.022616 -0.000796 -0.000241 0.000011 1.000000
1077.799299 -0.248099 0.073211 -0.026356 -0.000557 -0.000881 -0.000123 0.999999
1077.899137 -0.273952 0.075127 -0.033737 -0.000322 -0.000632 0.000011 1.000000
1077.999775 -0.286889 0.066685 -0.030359 -0.000008 -0.000337 0.000322 1.000000
1078.099610 -0.296881 0.069517 -0.029420 0.000280 -0.000185 0.000094 1.000000
1078.199456 -0.277602 0.074167 -0.029982 0.000774 -0.000638 -0.000020 0.999999
1078.299313 -0.253987 0.074718 -0.027644 0.000463 -0.000717 -0.000034 1.000000
1078.399140 -0.248431 0.073538 -0.033108 -0.000651 -0.000671 -0.000040 1.000000
1078.499767 -0.251119 0.068907 -0.027492 -0.001546 -0.000180 -0.000031 0.999999
1078.599608 -0.272584 0.065624 -0.021094 -0.001955 -0.000522 -0.000009 0.999998
1078.699441 -0.295720 0.074267 -0.027467 -0.001137 -0.000140 -0.000084 0.999999
1078.799270 -0.298350 0.081809 -0.031647 0.000205 0.000851 0.000049 1.000000
1078.899508 -0.292818 0.083727 -0.027142 0.000630 0.001591 -0.000094 0.999999
1078.999336 -0.268730 0.076923 -0.025606 0.000373 0.000913 -0.000100 1.000000
1079.099187 -0.256207 0.073527 -0.027992 -0.000362 0.000558 -0.000159 1.000000
1079.199843 -0.261995 0.077157 -0.023961 -0.000845 0.000481 -0.000193 1.000000
1079.299680 -0.284951 0.082572 -0.025675 -0.000819 0.000204 -0.000095 1.000000
1079.399525 -0.310216 0.083582 -0.034666 -0.001720 -0.000059 -0.000250 0.999998
1079.499364 -0.316046 0.080803 -0.032289 -0.002097 0.000720 -0.000190 0.999998
1079.599203 -0.315467 0.080240 -0.027951 -0.001888 0.001313 -0.000207 0.999997
1079.699437 -0.315480 0.083282 -0.031128 -0.001301 0.000774 -0.000212 0.999999
1079.799279 -0.303037 0.081508 -0.032027 -0.000132 -0.000570 -0.000151 1.000000
1079.899116 -0.268063 0.081706 -0.026792 0.000352 -0.001273 -0.000232 0.999999
1079.999750 -0.261030 0.080719 -0.023882 0.000590 -0.001007 -0.000216 0.999999
1080.099590 -0.266456 0.078242 -0.028464 0.000182 -0.000590 -0.000257 1.000000
1080.199443 -0.280112 0.081341 -0.027018 -0.000434 0.000062 -0.000355 1.000000
1080.299282 -0.297328 0.086742 -0.027114 -0.000186 -0.000326 -0.000319 1.000000
1080.399131 -0.305453 0.087962 -0.030921 -0.000164 -0.000446 -0.000184 1.000000
1080.499778 -0.302097 0.080264 -0.031764 0.000611 -0.000415 -0.000047 1.000000
1080.599624 -0.286327 0.077602 -0.022765 0.001489 -0.000430 -0.000092 0.999999
1080.699461 -0.278676 0.082658 -0.016847 0.000809 -0.000336 -0.000207 1.000000
1080.799310 -0.264080 0.083507 -0.021062 -0.000126 -0.000146 -0.000281 1.000000
1080.899138 -0.276200 0.082051 -0.025479 -0.000737 -0.000443 -0.000031 1.000000
1080.999784 -0.303130 0.079275 -0.023957 -0.000930 0.000045 0.000362 1.000000
1081.099604 -0.310343 0.078926 -0.025559 -0.000423 0.000028 0.000423 1.000000
1081.199447 -0.308548 0.083793 -0.021485 0.000400 0.000656 0.000429 1.000000
1081.299295 -0.304613 0.088586 -0.023933 0.000939 0.005786 0.000235 0.999983
1081.399141 -0.307971 0.084016 -0.019354 0.001010 0.014571 0.000271 0.999893
1081.499784 -0.300539 0.079143 -0.011993 0.000396 0.021374 0.000264 0.999771
1081.599610 -0.298834 0.079381 -0.014924 -0.000117 0.026364 0.000147 0.999652
1081.699455 -0.282121 0.082655 -0.020711 0.000038 0.030333 0.000116 0.999540
1081.799290 -0.245038 0.082534 -0.019502 0.000069 0.033030 0.000105 0.999454
1081.899123 -0.209157 0.076751 -0.016576 0.000084 0.033670 0.000129 0.999433
1081.999767 -0.172500 0.076340 -0.018079 -0.000252 0.032170 0.000149 0.999482
1082.099605 -0.157296 0.077797 -0.012299 -0.000490 0.028403 0.000062 0.999596
1082.199451 -0.142946 0.082061 -0.016385 -0.000642 0.024148 -0.000149 0.999708
1082.299279 -0.095749 0.081112 -0.014492 -0.000908 0.022251 -0.000170 0.999752
1082.399119 -0.030087 0.071704 -0.016071 -0.000550 0.019684 -0.000034 0.999806
1082.499759 0.022912 0.070137 -0.009740 -0.000028 0.019909 -0.000124 0.999802
1082.599597 0.071618 0.074569 -0.008732 0.000281 0.021214 -0.000411 0.999775
1082.699442 0.127874 0.072670 -0.016584 0.000574 0.021053 -0.000445 0.999778
1082.799288 0.180794 0.070944 -0.015304 0.000056 0.018461 -0.000545 0.999829
1082.899134 0.237956 0.069477 -0.009509 -0.000279 0.014131 -0.000468 0.999900
1082.999780 0.306436 0.068108 0.002452 -0.000662 0.010747 -0.000564 0.999942
1083.099619 0.344206 0.070412 0.005124 -0.000061 0.011299 -0.000408 0.999936
1083.199447 0.404169 0.069516 -0.000995 0.000035 0.014877 -0.000149 0.999889
1083.299294 0.502744 0.062508 -0.006846 -0.000138 0.019685 0.000171 0.999806
1083.399128 0.573197 0.066283 -0.006255 0.000204 0.027340 0.000004 0.999626
1083.499759 0.644710 0.068995 -0.004814 0.000617 0.033904 0.000167 0.999425
1083.599588 0.691986 0.069459 -0.005324 0.001003 0.035782 0.000245 0.999359
1083.699421 0.801795 0.064798 -0.004994 0.000755 0.033059 -0.000036 0.999453
1083.799259 0.880510 0.064545 -0.002471 0.000210 0.027584 -0.000173 0.999619
1083.899504 0.951916 0.065539 0.002567 0.001285 0.025963 -0.000356 0.999662
1083.999342 1.090290 0.061943 0.006719 0.001768 0.027167 -0.000323 0.999629
1084.099180 1.182712 0.063567 0.009223 0.002275 0.029030 -0.000464 0.999576
1084.199813 1.276567 0.061098 0.018186 0.001899 0.028932 -0.000668 0.999579
1084.299649 1.343171 0.064091 0.016813 0.001853 0.024641 -0.000931 0.999694
1084.399491 1.432211 0.067392 0.008833 0.001274 0.018479 -0.001186 0.999828
1084.499344 1.541868 0.063220 0.004392 0.001722 0.013204 -0.001142 0.999911
1084.599183 1.667780 0.057610 0.009315 0.002347 0.012634 -0.001147 0.999917
1084.699829 1.799504 0.054738 0.017287 0.002400 0.014550 -0.001297 0.999890
1084.799677 1.911872 0.057669 0.019658 0.001467 0.017025 -0.001258 0.999853
1084.899529 2.009434 0.057444 0.019736 0.000959 0.019480 -0.001325 0.999809
1084.999362 2.091795 0.055997 0.024504 0.000789 0.021164 -0.001329 0.999775
1085.099207 2.176319 0.051858 0.025627 0.001357 0.020739 -0.000939 0.999784
1085.199431 2.283108 0.048463 0.026237 0.001531 0.019996 -0.000540 0.999799
1085.299261 2.405670 0.045887 0.031385 0.001548 0.020968 -0.000619 0.999779
1085.399486 2.550218 0.040995 0.033848 0.001553 0.023272 -0.000754 0.999728
1085.499320 2.687239 0.035977 0.039415 0.001513 0.024089 -0.001087 0.999708
1085.599162 2.805643 0.032790 0.038531 0.000467 0.023063 -0.001225 0.999733
1085.699796 2.913913 0.028094 0.043138 -0.000202 0.018989 -0.001081 0.999819
1085.799631 3.013604 0.022279 0.054659 -0.000074 0.014255 -0.001037 0.999898
1085.899473 3.133441 0.020406 0.059995 -0.000055 0.014466 -0.001182 0.999895
1085.999324 3.278274 0.017446 0.054503 -0.000608 0.015526 -0.001170 0.999879
1086.099155 3.385543 0.011749 0.048348 -0.001244 0.018852 -0.001265 0.999821
1086.099155 3.377534 0.012797 0.050023 -0.001219 0.018909 -0.001261 0.999820
1086.199794 3.509224 0.010849 0.060938 -0.000740 0.023069 -0.001468 0.999733
1086.299633 3.641519 0.002202 0.058332 -0.000108 0.024953 -0.001066 0.999688
1086.399470 3.771757 -0.007552 0.046655 0.000081 0.024993 -0.000630 0.999687
1086.499302 3.880249 -0.010953 0.042282 -0.000652 0.022853 -0.000398 0.999739
1086.599130 3.989201 -0.014081 0.058150 -0.001875 0.020486 -0.000081 0.999788
1086.699784 4.103194 -0.018939 0.080334 -0.002456 0.017679 0.000265 0.999841
1086.799619 4.230060 -0.023949 0.100458 -0.003766 0.014241 0.000519 0.999891
1086.899458 4.356326 -0.027208 0.112133 -0.004796 0.010596 0.000638 0.999932
1086.999289 4.480293 -0.030314 0.117754 -0.004646 0.004076 0.000590 0.999981
1087.099143 4.611216 -0.037603 0.110644 -0.005380 -0.027510 0.000473 0.999607
1087.199782 4.735643 -0.042921 0.117817 -0.003968 -0.023463 0.000373 0.999717
1087.299617 4.849674 -0.044037 0.137496 -0.002820 -0.002657 0.000305 0.999992
1087.399460 4.951124 -0.046751 0.170359 -0.002553 0.008839 0.000640 0.999957
1087.499295 5.040379 -0.046866 0.193714 -0.002661 0.014371 0.000881 0.999893
1087.599135 5.145907 -0.048850 0.204135 -0.003010 0.013321 0.001137 0.999906
1087.699770 5.256703 -0.047996 0.215278 -0.003309 0.012536 0.001440 0.999915
1087.799602 5.360799 -0.053242 0.223711 -0.002991 0.011697 0.001890 0.999925
1087.899444 5.456930 -0.057197 0.232367 -0.003616 0.011710 0.001922 0.999923
1087.999279 5.560881 -0.057134 0.242693 -0.003846 0.012036 0.001536 0.999919
1088.099115 5.669673 -0.054491 0.253369 -0.002799 0.012279 0.001779 0.999919
1088.199753 5.774265 -0.051731 0.258272 -0.001465 0.010458 0.001577 0.999943
1088.299594 5.871129 -0.049357 0.260621 -0.000443 0.007551 0.000912 0.999971
1088.399430 5.962592 -0.049284 0.262792 0.000845 0.005480 0.000187 0.999985
1088.499266 6.060263 -0.052461 0.266110 0.001984 0.004328 -0.000355 0.999989
1088.599508 6.159175 -0.054246 0.270384 0.003254 0.006092 -0.001565 0.999975
1088.699333 6.261686 -0.055517 0.271763 0.002534 0.008444 -0.002708 0.999957
1088.799186 6.366130 -0.058986 0.271213 0.002309 0.009425 -0.004228 0.999944
1088.899821 6.463569 -0.061869 0.266986 0.001623 0.009150 -0.005680 0.999941
1088.999653 6.548562 -0.064953 0.263396 0.001198 0.008562 -0.006570 0.999941
1089.099501 6.630117 -0.067077 0.261128 0.002014 0.009365 -0.007900 0.999923
1089.199337 6.711999 -0.070516 0.261823 0.003679 0.010602 -0.008803 0.999898
1089.299182 6.794700 -0.072856 0.267594 0.004644 0.011815 -0.009153 0.999878
1089.399830 6.884258 -0.077475 0.274329 0.003193 0.012371 -0.009052 0.999877
1089.499670 6.983015 -0.089233 0.287227 0.000719 0.013173 -0.008737 0.999875
1089.599514 7.077255 -0.101283 0.294673 -0.001759 0.013470 -0.009105 0.999866
1089.699358 7.165548 -0.110663 0.298108 -0.002629 0.013359 -0.009226 0.999865
1089.799199 7.244130 -0.115101 0.294548 -0.002287 0.012867 -0.009530 0.999869
1089.899441 7.316866 -0.117670 0.294854 0.000122 0.016197 -0.009473 0.999824
1089.999289 7.398489 -0.125044 0.301807 0.002365 0.019808 -0.009349 0.999757
1090.099133 7.490948 -0.136102 0.305520 0.004729 0.021714 -0.009066 0.999712
1090.199779 7.585407 -0.150663 0.307029 0.007568 0.019957 -0.008606 0.999735
1090.299623 7.680133 -0.164695 0.306012 0.011977 0.017704 -0.008507 0.999735
1090.399457 7.769286 -0.180287 0.307282 0.015150 0.017692 -0.008432 0.999693
1090.499304 7.855365 -0.197556 0.306970 0.016926 0.018183 -0.008223 0.999658
1090.599151 7.944874 -0.215159 0.307817 0.017074 0.017150 -0.007789 0.999677
1090.699782 8.036372 -0.236598 0.306783 0.012038 0.015074 -0.007546 0.999785
1090.799603 8.128102 -0.264468 0.304525 0.004137 0.014083 -0.007285 0.999866
1090.899432 8.218760 -0.293666 0.301362 -0.000386 0.013364 -0.006742 0.999888
1090.999268 8.311911 -0.322129 0.300747 -0.003019 0.013468 -0.006480 0.999884
1091.099505 8.413313 -0.349626 0.301657 -0.003809 0.015136 -0.006254 0.999859
1091.199356 8.510830 -0.372339 0.303860 -0.003978 0.017497 -0.006218 0.999820
1091.299197 8.608840 -0.394064 0.307519 -0.004278 0.018065 -0.005652 0.999812
1091.399840 8.693555 -0.417189 0.310050 -0.002946 0.014779 -0.005795 0.999870
1091.499684 8.780433 -0.443799 0.312832 0.000217 0.009439 -0.008992 0.999915
1091.599519 8.868344 -0.472616 0.314685 0.005273 0.006782 -0.015023 0.999850
1091.699356 8.954262 -0.499000 0.313360 0.006996 0.008013 -0.023683 0.999663
1091.799199 9.048664 -0.520504 0.312901 0.006842 0.011666 -0.032868 0.999368
1091.899422 9.152072 -0.546003 0.313363 0.004643 0.014649 -0.039810 0.999089
1091.999261 9.247803 -0.574065 0.317024 -0.000558 0.017240 -0.040982 0.999011
1092.099503 9.340226 -0.598990 0.319966 -0.000647 0.017914 -0.040075 0.999036
1092.199340 9.424114 -0.621813 0.321364 -0.001090 0.017594 -0.038842 0.999090
1092.299186 9.506448 -0.644621 0.323914 -0.001369 0.018372 -0.037999 0.999108
1092.399829 9.596681 -0.666455 0.322845 -0.000837 0.021633 -0.037610 0.999058
1092.499664 9.691759 -0.687128 0.318548 0.000700 0.024017 -0.037652 0.999002
1092.599503 9.797445 -0.709027 0.317401 0.001224 0.022915 -0.037904 0.999018
1092.699343 9.899020 -0.729204 0.321796 0.001792 0.019283 -0.038300 0.999079
1092.799170 9.988587 -0.746636 0.329398 0.003185 0.016005 -0.038831 0.999113
1092.899810 10.078856 -0.766313 0.332459 0.003407 0.017084 -0.039174 0.999081
1092.999651 10.162281 -0.784640 0.330322 0.003223 0.018528 -0.039570 0.999040
1093.099491 10.243946 -0.802556 0.327613 0.002804 0.018923 -0.039923 0.999020
1093.199323 10.338375 -0.819415 0.328318 0.003158 0.017360 -0.040324 0.999031
1093.299162 10.445989 -0.835598 0.331323 0.003258 0.015891 -0.040548 0.999046
1093.399803 10.559247 -0.855010 0.337183 0.004032 0.014039 -0.040646 0.999067
1093.499654 10.671841 -0.873593 0.342279 0.003970 0.014534 -0.040944 0.999048
1093.599494 10.768230 -0.888495 0.341652 0.004606 0.015058 -0.040905 0.999039
1093.699332 10.856727 -0.901715 0.341805 0.004771 0.017086 -0.041104 0.998997
1093.799164 10.955617 -0.917882 0.342893 0.005067 0.018137 -0.041078 0.998978
1093.899816 11.054106 -0.934447 0.342419 0.005542 0.018901 -0.041410 0.998948
1093.999652 11.151503 -0.949339 0.345145 0.005300 0.018353 -0.041688 0.998948
1094.099495 11.256512 -0.964777 0.348805 0.005364 0.017003 -0.041893 0.998963
1094.199344 11.360926 -0.981148 0.349185 0.005875 0.015448 -0.042319 0.998967
1094.299202 11.462706 -0.997773 0.350653 0.005931 0.014917 -0.042491 0.998968
1094.399434 11.564812 -1.013743 0.354305 0.005800 0.015064 -0.042937 0.998947
1094.499278 11.676020 -1.028862 0.356458 0.006477 0.014418 -0.043409 0.998932
1094.599124 11.780003 -1.044857 0.360008 0.006988 0.012812 -0.043479 0.998948
1094.699770 11.884963 -1.059785 0.361212 0.008086 0.010241 -0.043256 0.998979
1094.799611 11.984118 -1.075147 0.364189 0.008142 0.009913 -0.043091 0.998989
1094.899449 12.077073 -1.094514 0.367410 0.006706 0.011785 -0.042703 0.998996
1094.999288 12.170934 -1.114933 0.369148 0.005936 0.014464 -0.042770 0.998963
1095.099141 12.267541 -1.131238 0.373128 0.005406 0.016390 -0.042451 0.998949
1095.199780 12.372234 -1.145344 0.381674 0.004002 0.015985 -0.042543 0.998959
1095.299609 12.464987 -1.160225 0.382027 0.003917 0.012463 -0.042692 0.999003
1095.399438 12.558512 -1.178083 0.382807 0.004496 0.010036 -0.042912 0.999018
1095.499281 12.664224 -1.198177 0.382403 0.004043 0.009993 -0.042917 0.999020
1095.599113 12.769113 -1.215768 0.383113 0.004026 0.012274 -0.042872 0.998997
1095.699747 12.877996 -1.230340 0.382968 0.003764 0.012774 -0.042683 0.999000
1095.799594 12.976851 -1.244058 0.382796 0.003162 0.012789 -0.042785 0.998997
1095.899430 13.069488 -1.255948 0.385071 0.002900 0.010369 -0.043189 0.999009
1095.999263 13.167741 -1.270132 0.388651 0.002676 0.011213 -0.043042 0.999007
1096.099508 13.259413 -1.285874 0.392219 0.002704 0.011757 -0.042664 0.999017
1096.199343 13.343115 -1.303377 0.396354 0.003036 0.012594 -0.042273 0.999022
1096.299184 13.417781 -1.318665 0.398039 0.002510 0.013334 -0.042175 0.999018
1096.399829 13.502971 -1.328662 0.400434 0.001833 0.015295 -0.042100 0.998995
1096.499670 13.589392 -1.340023 0.401953 0.002217 0.014757 -0.042164 0.998999
1096.599522 13.684766 -1.353109 0.405001 0.001297 0.012636 -0.042503 0.999016
1096.699357 13.775564 -1.365369 0.405768 0.001257 0.011654 -0.042659 0.999021
1096.799204 13.866157 -1.375371 0.407878 0.001388 0.012263 -0.042752 0.999010
1096.899443 13.964547 -1.387999 0.410636 0.002421 0.013287 -0.042601 0.999001
1096.999285 14.061155 -1.401316 0.416220 0.003133 0.012848 -0.042370 0.999014
1097.099132 14.144204 -1.411941 0.417205 0.003585 0.011371 -0.042538 0.999024
1097.199782 14.224938 -1.420520 0.415070 0.002688 0.009379 -0.042674 0.999041
1097.299618 14.298809 -1.429747 0.411813 0.001823 0.009445 -0.042671 0.999043
1097.399470 14.376855 -1.436986 0.412193 0.002116 0.011776 -0.042615 0.999020
1097.499309 14.458947 -1.447355 0.413634 0.002408 0.015698 -0.042357 0.998976
1097.599159 14.548342 -1.460818 0.422023 0.003597 0.018857 -0.042136 0.998927
1097.699791 14.644673 -1.473233 0.435297 0.003947 0.019141 -0.042210 0.998918
1097.799638 14.749438 -1.485228 0.448790 0.003909 0.016878 -0.042317 0.998954
1097.899473 14.848192 -1.491521 0.463288 0.003125 0.015041 -0.042637 0.998973
1097.999296 14.930318 -1.500642 0.479395 0.003473 0.016265 -0.042484 0.998959
1098.099139 14.999784 -1.511179 0.497668 0.003271 0.016986 -0.042519 0.998946
1098.199782 15.069038 -1.521358 0.522959 0.003340 0.017024 -0.042449 0.998948
1098.299630 15.146250 -1.531132 0.543845 0.003629 0.016436 -0.042208 0.998967
1098.399477 15.229574 -1.538344 0.560259 0.003714 0.015439 -0.042412 0.998974
1098.499299 15.322854 -1.547322 0.574067 0.003038 0.012412 -0.042369 0.999020
1098.599143 15.425860 -1.560541 0.589734 0.003807 0.011245 -0.042193 0.999039
1098.699778 15.521717 -1.573892 0.599577 0.003127 0.011946 -0.042225 0.999032
1098.799612 15.616572 -1.585833 0.603601 0.003029 0.013299 -0.042179 0.999017
1098.899448 15.700093 -1.595329 0.604050 0.003477 0.014940 -0.042054 0.998998
1098.999289 15.778190 -1.603919 0.607809 0.003448 0.016103 -0.041848 0.998988
1099.099126 15.867332 -1.613229 0.609603 0.003942 0.016366 -0.041805 0.998984
1099.199764 15.957796 -1.623842 0.610236 0.003397 0.017225 -0.041814 0.998971
1099.299615 16.047995 -1.632730 0.609190 0.002718 0.018402 -0.041779 0.998954
1099.399454 16.135448 -1.642686 0.608486 0.002628 0.022140 -0.041673 0.998882
1099.499291 16.214360 -1.653644 0.612388 0.002580 0.024322 -0.041491 0.998839
1099.599137 16.293909 -1.663592 0.616154 0.002699 0.022895 -0.041536 0.998871
1099.699769 16.383134 -1.672998 0.613919 0.002613 0.017210 -0.041648 0.998981
1099.799590 16.479795 -1.682884 0.609391 0.002465 0.016099 -0.041501 0.999006
1099.899429 16.576393 -1.691994 0.607056 0.002568 0.019959 -0.041254 0.998946
1099.999271 16.675095 -1.700734 0.610847 0.002751 0.027126 -0.041055 0.998785
1100.099508 16.767104 -1.712851 0.617350 0.002529 0.030116 -0.040810 0.998710
1100.199355 16.866392 -1.725487 0.626486 0.002728 0.028044 -0.040952 0.998764
1100.299197 16.975609 -1.736881 0.628775 0.002868 0.020939 -0.040953 0.998938
1100.399830 17.084790 -1.745518 0.624207 0.002418 0.015744 -0.041217 0.999023
1100.499669 17.182834 -1.755110 0.618071 0.002574 0.016324 -0.041497 0.999002
1100.599526 17.276769 -1.766742 0.619214 0.002176 0.019264 -0.041495 0.998951
1100.699366 17.371640 -1.776346 0.627492 0.002253 0.021664 -0.041611 0.998896
1100.799204 17.470234 -1.785842 0.639514 0.002852 0.021882 -0.041844 0.998880
1100.899454 17.564867 -1.793901 0.647752 0.002935 0.021074 -0.041755 0.998901
1100.999298 17.663598 -1.803249 0.654376 0.003218 0.019072 -0.041507 0.998951
1101.099136 17.780921 -1.816157 0.662348 0.001251 0.018392 -0.041738 0.998959
1101.199796 17.899127 -1.829881 0.666305 0.001218 0.017866 -0.041736 0.998968
1101.299634 18.008864 -1.838297 0.663522 0.001636 0.019254 -0.041997 0.998931
1101.399459 18.106664 -1.847753 0.665081 0.002973 0.019684 -0.042268 0.998908
1101.499300 18.205731 -1.858636 0.670651 0.003372 0.018359 -0.042695 0.998914
1101.599144 18.306516 -1.871053 0.677836 0.004624 0.016569 -0.043086 0.998923
1101.699789 18.411314 -1.882408 0.683920 0.004974 0.015512 -0.043608 0.998916
1101.799637 18.510370 -1.891805 0.689450 0.004570 0.016405 -0.043903 0.998891
1101.899473 18.608471 -1.904198 0.693509 0.004153 0.018051 -0.044056 0.998857
1101.999312 18.710748 -1.917733 0.700211 0.003737 0.017498 -0.044322 0.998857
1102.099141 18.819068 -1.932857 0.704298 0.002517 0.015172 -0.044539 0.998889
1102.199789 18.927929 -1.945531 0.716398 0.000547 0.000806 -0.044802 0.998995
1102.299637 19.007560 -1.954461 0.722382 -0.003181 -0.039758 -0.045170 0.998183
1102.399474 19.060064 -1.960276 0.731511 -0.003037 -0.043772 -0.045337 0.998008
1102.499318 19.124474 -1.971019 0.741329 -0.001548 -0.026514 -0.045145 0.998627
1102.599162 19.187224 -1.981531 0.749192 -0.000724 -0.008490 -0.044484 0.998974
1102.699783 19.254501 -1.990294 0.752952 0.000481 0.007763 -0.044215 0.998992
1102.799618 19.326387 -2.000993 0.752283 -0.000191 0.010840 -0.044066 0.998970
1102.899459 19.404726 -2.010635 0.751854 0.000259 0.013808 -0.044190 0.998928
1102.999318 19.483753 -2.018901 0.744882 -0.000288 0.014249 -0.043942 0.998932
1103.099175 19.559303 -2.023832 0.739791 -0.000140 0.016340 -0.043512 0.998919
1103.199821 19.630891 -2.029853 0.743191 -0.000086 0.019561 -0.042485 0.998906
1103.299669 19.704317 -2.040716 0.756644 -0.000779 0.023949 -0.041338 0.998858
1103.399512 19.778194 -2.052816 0.769099 -0.001007 0.026699 -0.040676 0.998815
1103.499359 19.857366 -2.061516 0.777619 -0.000265 0.028844 -0.040324 0.998770
1103.599187 19.944274 -2.068738 0.783676 0.000950 0.029769 -0.040014 0.998755
1103.699827 20.036049 -2.075212 0.793224 0.002244 0.031730 -0.040005 0.998693
1103.799682 20.120736 -2.079472 0.796906 0.002165 0.031281 -0.039827 0.998714
1103.899538 20.201398 -2.089183 0.795061 0.001761 0.035529 -0.039595 0.998582
1103.999390 20.283541 -2.100432 0.795722 0.002060 0.040083 -0.039204 0.998425
1104.099226 20.373331 -2.113646 0.802923 0.001597 0.040952 -0.038766 0.998408
1104.199456 20.469224 -2.119173 0.808526 0.001803 0.036981 -0.038410 0.998576
1104.299295 20.568147 -2.123887 0.811984 0.001444 0.031994 -0.038240 0.998755
1104.399131 20.673267 -2.135421 0.813294 0.001456 0.027575 -0.037768 0.998905
1104.499765 20.779906 -2.147442 0.817754 0.000301 0.025332 -0.038091 0.998953
1104.599606 20.893900 -2.159311 0.821333 0.000649 0.024300 -0.038377 0.998968
1104.699454 21.006781 -2.169008 0.823314 0.001190 0.022000 -0.038507 0.999015
1104.799288 21.111594 -2.180507 0.833141 0.001314 0.019357 -0.038479 0.999071
1104.899117 21.217402 -2.193064 0.839100 0.000942 0.016582 -0.038605 0.999117
1104.999748 21.324606 -2.204557 0.845568 0.000719 0.013617 -0.038816 0.999153
1105.099574 21.427655 -2.216431 0.855290 0.000100 0.013627 -0.038471 0.999167
1105.199408 21.526983 -2.225577 0.863948 -0.000778 0.013676 -0.038221 0.999175
1105.299251 21.632399 -2.238637 0.877807 -0.001018 0.014063 -0.037773 0.999187
1105.399499 21.736188 -2.253183 0.890752 -0.001483 0.013879 -0.037443 0.999201
1105.499333 21.833057 -2.267158 0.912666 0.000015 0.012478 -0.037021 0.999237
1105.599183 21.935832 -2.280005 0.939092 0.001316 0.010478 -0.036672 0.999272
1105.699828 22.044598 -2.292759 0.962407 0.000840 0.007565 -0.036488 0.999305
1105.799673 22.150335 -2.305694 0.977128 -0.000733 0.006723 -0.036757 0.999301
1105.899511 22.253612 -2.317532 0.983843 -0.001686 0.008393 -0.036832 0.999285
1105.999346 22.355721 -2.328970 0.992685 -0.002167 0.011627 -0.036879 0.999250
1106.099190 22.462394 -2.341005 1.001776 -0.001630 0.013575 -0.036914 0.999225
1106.199810 22.577187 -2.357072 1.006846 -0.001920 0.013103 -0.037139 0.999222
1106.299649 22.685063 -2.372255 1.008640 -0.001816 0.011913 -0.037304 0.999231
1106.399484 22.794515 -2.387792 1.006077 -0.002923 0.010273 -0.037430 0.999242
1106.499328 22.898958 -2.403468 1.003714 -0.002922 0.010264 -0.037361 0.999245
1106.599165 23.001729 -2.417321 1.000411 -0.002722 0.013033 -0.037413 0.999211
1106.699816 23.105870 -2.432583 0.998933 -0.001561 0.016966 -0.037383 0.999156
1106.799650 23.208660 -2.446946 0.999935 -0.000385 0.018804 -0.037631 0.999115
1106.899485 23.302380 -2.456832 1.003196 -0.001986 0.018627 -0.037984 0.999103
1106.999320 23.400554 -2.466193 1.004483 -0.002415 0.017373 -0.038303 0.999112
1107.099152 23.504074 -2.477193 1.005512 -0.001933 0.015964 -0.038569 0.999127
1107.199795 23.612164 -2.491464 1.004945 -0.001007 0.014635 -0.038326 0.999158
1107.299632 23.714483 -2.502054 1.006383 -0.000886 0.014331 -0.038251 0.999165
1107.399476 23.816275 -2.511290 1.010738 0.001114 0.013937 -0.038657 0.999155
1107.499328 23.922189 -2.519230 1.013379 0.002550 0.013841 -0.041349 0.999046
1107.599188 24.032473 -2.531645 1.011054 0.001786 0.012655 -0.044598 0.998923
1107.699829 24.153258 -2.552077 1.014533 0.003092 0.011479 -0.047677 0.998792
1107.799675 24.263504 -2.566042 1.012039 0.004613 0.010160 -0.052522 0.998557
1107.899508 24.368313 -2.582667 1.018843 0.006350 0.011224 -0.057828 0.998243
1107.999343 24.481247 -2.594419 1.027459 0.006412 0.011940 -0.062749 0.997937
1108.099187 24.596618 -2.606985 1.029299 0.006906 0.013193 -0.066504 0.997675
1108.199825 24.703969 -2.623154 1.029959 0.004405 0.014596 -0.067772 0.997584
1108.299673 24.803774 -2.641033 1.029960 0.002809 0.014921 -0.068007 0.997569
1108.399512 24.919810 -2.658933 1.030991 -0.000340 0.014036 -0.068083 0.997581
1108.499363 25.024805 -2.674115 1.039987 -0.001772 0.014023 -0.067927 0.997590
1108.599206 25.123514 -2.689682 1.052203 -0.001225 0.015286 -0.068007 0.997567
1108.699448 25.230824 -2.703718 1.051677 0.000557 0.015683 -0.068338 0.997539
1108.799298 25.339781 -2.717302 1.043658 0.001804 0.014331 -0.068466 0.997549
1108.899133 25.450633 -2.733620 1.050944 0.003003 0.012954 -0.068606 0.997555
1108.999762 25.557378 -2.747204 1.057249 0.004457 0.009954 -0.068677 0.997579
1109.099598 25.659756 -2.761075 1.068286 0.002253 0.009289 -0.069078 0.997565
1109.199445 25.766069 -2.775736 1.070901 -0.003453 0.011179 -0.069555 0.997509
1109.299294 25.880307 -2.787040 1.067761 -0.007239 0.015234 -0.069567 0.997435
1109.399137 25.994391 -2.797554 1.060981 -0.006630 0.016842 -0.069359 0.997428
1109.499783 26.105316 -2.809274 1.067381 -0.003106 0.017679 -0.069215 0.997440
1109.599622 26.213723 -2.821573 1.079285 0.000127 0.017677 -0.069447 0.997429
1109.699462 26.315001 -2.829233 1.080158 0.000347 0.016323 -0.070417 0.997384
1109.799289 26.416007 -2.840358 1.073888 0.001651 0.014798 -0.070829 0.997377
1109.899129 26.523251 -2.852299 1.068126 0.002020 0.015071 -0.071279 0.997341
1109.999776 26.626622 -2.861755 1.070263 0.001551 0.015645 -0.071242 0.997335
1110.099613 26.732126 -2.865766 1.074213 0.001292 0.015998 -0.071147 0.997337
1110.199452 26.838385 -2.868820 1.075962 0.000593 0.016164 -0.071158 0.997334
1110.299279 26.944208 -2.881564 1.075879 0.002012 0.015763 -0.071320 0.997327
1110.399115 27.053081 -2.897839 1.077740 0.001842 0.015006 -0.071834 0.997302
1110.499739 27.162212 -2.908589 1.082433 0.000134 0.015128 -0.071620 0.997317
1110.599578 27.272117 -2.913711 1.084092 -0.000086 0.015426 -0.069941 0.997432
1110.699406 27.389373 -2.921017 1.087121 0.002606 0.015041 -0.069150 0.997489
1110.799251 27.516641 -2.932938 1.094194 0.002556 0.013162 -0.068885 0.997535
1110.899504 27.631936 -2.943007 1.096097 0.001357 0.011156 -0.067976 0.997624
1110.999333 27.731348 -2.953603 1.094217 0.004629 0.009736 -0.068235 0.997611
1111.099160 27.816986 -2.964046 1.092673 0.004123 0.009604 -0.068918 0.997568
1111.199794 27.911461 -2.972693 1.092387 0.002656 0.010497 -0.069475 0.997525
1111.299644 28.021681 -2.980641 1.097667 0.000776 0.009683 -0.069797 0.997514
1111.399471 28.136539 -2.994456 1.103382 0.000148 0.009689 -0.069500 0.997535
1111.499311 28.250717 -3.008185 1.107730 -0.000349 0.011363 -0.069196 0.997538
1111.599152 28.360820 -3.024440 1.109055 -0.000525 0.011861 -0.068845 0.997557
1111.699780 28.473767 -3.040168 1.108316 -0.000575 0.012378 -0.068811 0.997553
1111.799619 28.590021 -3.049944 1.106680 -0.000376 0.013917 -0.068628 0.997545
1111.899455 28.700602 -3.057257 1.110363 0.000313 0.014708 -0.068237 0.997561
1111.999292 28.804239 -3.065754 1.115924 -0.001391 0.013618 -0.067288 0.997640
1112.099114 28.903143 -3.071796 1.121478 -0.005526 0.013225 -0.063308 0.997891
1112.199751 29.011980 -3.079900 1.124450 -0.006347 0.012160 -0.056867 0.998288
1112.299592 29.116892 -3.085631 1.124341 -0.004177 0.011408 -0.051578 0.998595
1112.399421 29.214768 -3.091400 1.126143 -0.000944 0.011193 -0.048901 0.998740
1112.499263 29.310742 -3.096751 1.127439 0.000201 0.010356 -0.048952 0.998747
1112.599498 29.413524 -3.104782 1.131227 0.001187 0.008370 -0.049056 0.998760
1112.699338 29.525585 -3.113367 1.136110 0.002334 0.007610 -0.049541 0.998740
1112.799166 29.628377 -3.124498 1.136383 0.002149 0.007842 -0.049945 0.998719
1112.899793 29.716065 -3.133995 1.136781 0.001788 0.009108 -0.050491 0.998681
1112.999638 29.803351 -3.140559 1.135983 0.000747 0.011100 -0.050934 0.998640
1113.099482 29.899446 -3.148024 1.140479 0.001674 0.015902 -0.050947 0.998573
1113.199309 29.997298 -3.155447 1.144431 0.002358 0.019332 -0.051371 0.998490
1113.299152 30.094955 -3.161222 1.144544 0.003020 0.020533 -0.051438 0.998461
1113.399781 30.193156 -3.164770 1.146477 0.003279 0.020411 -0.051887 0.998439
1113.499627 30.284884 -3.170907 1.149854 0.003274 0.019975 -0.052125 0.998435
1113.599470 30.383094 -3.182777 1.150205 0.002271 0.019457 -0.052260 0.998441
1113.699312 30.485233 -3.195791 1.145762 0.001252 0.019473 -0.052322 0.998440
1113.799163 30.581018 -3.207260 1.147862 0.001661 0.019560 -0.052019 0.998453
1113.899807 30.682213 -3.218548 1.151498 0.001225 0.018045 -0.052048 0.998481
1113.999642 30.776460 -3.229789 1.156684 -0.000762 0.014150 -0.051965 0.998548
1114.099484 30.876555 -3.239764 1.157825 -0.001000 0.011007 -0.051947 0.998589
1114.199327 30.976215 -3.250859 1.162286 -0.001723 0.010949 -0.051971 0.998587
1114.299170 31.077529 -3.262907 1.169543 -0.000951 0.014371 -0.051957 0.998545
1114.399808 31.182729 -3.276680 1.167638 -0.001230 0.018185 -0.051867 0.998488
1114.499659 31.284402 -3.290179 1.161684 -0.001159 0.019908 -0.051450 0.998476
1114.599496 31.386705 -3.300997 1.157668 -0.000584 0.018799 -0.051384 0.998502
1114.699331 31.488391 -3.311619 1.164812 -0.001090 0.017137 -0.051145 0.998544
1114.799168 31.591325 -3.326348 1.174754 -0.001437 0.016644 -0.050646 0.998577
1114.899805 31.690827 -3.340141 1.176755 -0.001189 0.017266 -0.050475 0.998575
1114.999640 31.789287 -3.354532 1.173020 -0.000805 0.019095 -0.050106 0.998561
1115.099487 31.890937 -3.368693 1.166287 -0.001052 0.021214 -0.049621 0.998542
1115.199315 32.000790 -3.384009 1.163122 -0.002254 0.023635 -0.049621 0.998486
1115.299162 32.115829 -3.398869 1.168084 -0.003112 0.023463 -0.049485 0.998494
1115.399798 32.225659 -3.413262 1.180215 -0.002453 0.022142 -0.049534 0.998524
1115.499642 32.335983 -3.427614 1.185819 -0.001836 0.021473 -0.049338 0.998550
1115.599477 32.440092 -3.442613 1.182127 -0.003442 0.021892 -0.049207 0.998543
1115.699306 32.531901 -3.458877 1.176541 -0.003280 0.022606 -0.048892 0.998543
1115.799150 32.633038 -3.477026 1.174614 -0.004434 0.022438 -0.048403 0.998566
1115.899793 32.741380 -3.493246 1.174928 -0.004534 0.019800 -0.048034 0.998639
1115.999633 32.852818 -3.510247 1.180237 -0.004324 0.018788 -0.047697 0.998676
1116.099478 32.973798 -3.526498 1.182450 -0.004779 0.019643 -0.047457 0.998669
1116.199313 33.093313 -3.543229 1.185755 -0.004643 0.021245 -0.047224 0.998648
1116.299163 33.210495 -3.562203 1.188300 -0.004885 0.021539 -0.047075 0.998647
1116.399815 33.325664 -3.579328 1.193096 -0.005163 0.020838 -0.046930 0.998667
1116.499661 33.433897 -3.595478 1.196279 -0.005432 0.018607 -0.046888 0.998712
1116.599501 33.547964 -3.610751 1.199020 -0.005545 0.015575 -0.046893 0.998763
1116.699343 33.661333 -3.627866 1.199454 -0.005970 0.014494 -0.046619 0.998790
1116.799177 33.772872 -3.641067 1.198467 -0.008008 0.016723 -0.046375 0.998752
1116.899814 33.895970 -3.651012 1.201534 -0.007815 0.019127 -0.045792 0.998737
1116.999646 34.019480 -3.663778 1.205746 -0.007460 0.018951 -0.045107 0.998775
1117.099471 34.132719 -3.677000 1.209372 -0.006153 0.017406 -0.044565 0.998836
1117.199321 34.239560 -3.690362 1.215003 -0.004824 0.016642 -0.044279 0.998869
1117.299142 34.354245 -3.696944 1.220627 -0.004817 0.017057 -0.044348 0.998859
1117.399783 34.470932 -3.703036 1.222867 -0.004187 0.018286 -0.044625 0.998828
1117.499619 34.596629 -3.712855 1.220969 -0.002426 0.018523 -0.044915 0.998816
1117.599472 34.713506 -3.720529 1.222328 -0.001459 0.017551 -0.045440 0.998812
1117.699319 34.819143 -3.727108 1.226187 -0.001502 0.015532 -0.045994 0.998820
1117.799162 34.926134 -3.731918 1.235987 -0.001817 0.014850 -0.046703 0.998797
1117.899816 35.045032 -3.737287 1.243447 -0.001762 0.014714 -0.047369 0.998768
1117.999653 35.157769 -3.740100 1.244941 -0.000756 0.016302 -0.047860 0.998721
1118.099481 35.267541 -3.742491 1.240382 0.000092 0.016917 -0.048492 0.998680
1118.199327 35.376500 -3.748596 1.239134 0.002288 0.016779 -0.048881 0.998661
1118.299179 35.494355 -3.756878 1.244063 0.004077 0.015896 -0.048957 0.998666
1118.399810 35.625341 -3.763981 1.255950 0.005240 0.015392 -0.049526 0.998640
1118.499656 35.747806 -3.770367 1.271830 0.005110 0.015338 -0.049739 0.998631
1118.599494 35.856633 -3.775319 1.287377 0.005607 0.015737 -0.049945 0.998612
1118.699307 35.967717 -3.779607 1.302356 0.005474 0.016414 -0.050459 0.998576
1118.799161 36.075223 -3.783182 1.320438 0.005655 0.015392 -0.051067 0.998561
1118.899804 36.181017 -3.791559 1.341577 0.005885 0.013514 -0.051550 0.998562
1118.999640 36.280924 -3.805175 1.356417 0.005316 0.011916 -0.051680 0.998578
1119.099468 36.377616 -3.818264 1.365793 0.004853 0.011272 -0.052293 0.998556
1119.199305 36.482553 -3.828596 1.374159 0.003364 0.011241 -0.052611 0.998546
1119.299137 36.591644 -3.836716 1.386039 0.002051 0.013704 -0.052426 0.998529
1119.399767 36.711852 -3.847435 1.394582 0.001622 0.016699 -0.052244 0.998493
1119.499607 36.828169 -3.855786 1.399643 0.000524 0.017958 -0.052139 0.998478
1119.599456 36.944994 -3.869558 1.399418 0.000442 0.018044 -0.051478 0.998511
1119.699303 37.063610 -3.885799 1.398753 0.000628 0.018973 -0.050982 0.998519
1119.799145 37.180496 -3.901744 1.399568 0.000487 0.021833 -0.050206 0.998500
1119.899803 37.305960 -3.912663 1.401025 0.000247 0.024194 -0.049803 0.998466
1119.999672 37.424578 -3.919555 1.404229 0.000159 0.024521 -0.049474 0.998474
1120.099517 37.537728 -3.931835 1.409832 0.000473 0.023376 -0.049241 0.998513
1120.199362 37.652929 -3.946852 1.417260 -0.000016 0.021023 -0.049361 0.998560
1120.299199 37.759615 -3.954524 1.420397 -0.000554 0.018354 -0.049883 0.998586
1120.399434 37.863539 -3.960653 1.426892 -0.001149 0.015571 -0.050283 0.998613
1120.499283 37.968416 -3.970313 1.432489 -0.002849 0.013706 -0.050721 0.998615
1120.599116 38.071588 -3.981918 1.435785 -0.000864 0.014708 -0.050989 0.998591
1120.699749 38.179876 -3.989686 1.436404 0.001600 0.016232 -0.051551 0.998537
1120.799570 38.292547 -3.994245 1.444963 0.001947 0.017243 -0.051939 0.998500
1120.899421 38.404079 -4.000017 1.451199 0.003239 0.015735 -0.052155 0.998510
1120.999254 38.518190 -4.011839 1.461571 0.004481 0.013569 -0.051946 0.998548
1121.099499 38.634848 -4.020001 1.479134 0.004514 0.012576 -0.052021 0.998557
1121.199330 38.750657 -4.026590 1.498076 0.003586 0.011429 -0.052122 0.998569
1121.299171 38.869816 -4.037958 1.513667 0.001685 0.010762 -0.051850 0.998595
1121.399829 38.985177 -4.052899 1.535243 0.000869 0.011307 -0.051720 0.998597
1121.499658 39.094792 -4.064326 1.556782 0.000183 0.011949 -0.051805 0.998586
1121.599492 39.202108 -4.071055 1.568655 0.000221 0.010846 -0.052141 0.998581
1121.699332 39.308527 -4.079185 1.577620 0.000445 0.012195 -0.052258 0.998559
1121.799184 39.415731 -4.092004 1.583973 0.000537 0.015727 -0.052268 0.998509
1121.899844 39.525476 -4.107241 1.588954 0.000208 0.020014 -0.052117 0.998440
1121.999675 39.636276 -4.116883 1.594577 0.000031 0.021883 -0.052176 0.998398
1122.099514 39.744598 -4.124518 1.596304 -0.000267 0.018651 -0.052322 0.998456
1122.199356 39.851769 -4.139171 1.601393 -0.000163 0.014814 -0.052069 0.998534
1122.299190 39.958346 -4.153877 1.604573 0.000089 0.012021 -0.052163 0.998566
1122.399818 40.062314 -4.165368 1.612559 -0.000344 0.011835 -0.052128 0.998570
1122.499653 40.161379 -4.176723 1.625870 -0.000437 0.012811 -0.051934 0.998568
1122.599491 40.262499 -4.189248 1.644009 -0.000244 0.012156 -0.051745 0.998586
1122.699333 40.377288 -4.198337 1.654870 -0.000713 0.011490 -0.051796 0.998591
1122.799178 40.486909 -4.208885 1.667412 -0.000906 0.011435 -0.051615 0.998601
1122.899810 40.597451 -4.216254 1.675522 -0.001900 0.011630 -0.051690 0.998594
1122.999650 40.714116 -4.228626 1.683822 -0.001382 0.011984 -0.051622 0.998594
1123.099507 40.828195 -4.243870 1.688330 -0.000456 0.014987 -0.051467 0.998562
1123.199357 40.935232 -4.255792 1.694892 -0.001083 0.017286 -0.051335 0.998531
1123.299192 41.043473 -4.262213 1.702793 -0.000810 0.016494 -0.051333 0.998545
1123.399818 41.151305 -4.268226 1.710112 -0.000478 0.014884 -0.051273 0.998574
1123.499652 41.246672 -4.278886 1.712458 0.000650 0.014714 -0.051441 0.998567
1123.599488 41.332067 -4.287752 1.712204 0.001129 0.015908 -0.051507 0.998545
1123.699330 41.422716 -4.295562 1.713730 0.001819 0.018287 -0.051510 0.998503
1123.799161 41.523292 -4.306232 1.715400 0.003002 0.019864 -0.051516 0.998470
1123.899796 41.625918 -4.316193 1.712857 0.001818 0.019957 -0.052006 0.998446
1123.999629 41.730530 -4.322439 1.711986 0.002013 0.018473 -0.052532 0.998446
1124.099469 41.837418 -4.332258 1.713176 0.001871 0.016511 -0.052818 0.998466
1124.199315 41.946644 -4.345384 1.719020 0.002588 0.014650 -0.052858 0.998491
1124.299154 42.059210 -4.357867 1.721476 0.002165 0.014021 -0.052957 0.998496
1124.399803 42.162462 -4.364849 1.717572 0.002311 0.012792 -0.053211 0.998499
1124.499653 42.266034 -4.367141 1.715883 0.002576 0.011063 -0.054265 0.998462
1124.599492 42.377832 -4.375340 1.716690 0.002701 0.009799 -0.054801 0.998446
1124.699323 42.479521 -4.390481 1.722040 0.005875 0.009745 -0.057036 0.998307
1124.799168 42.576457 -4.404151 1.728968 0.006445 0.010311 -0.059831 0.998134
1124.899820 42.670410 -4.417529 1.738800 0.004557 0.011005 -0.061680 0.998025
1124.999652 42.767369 -4.430576 1.744555 0.003487 0.010314 -0.062747 0.997970
1125.099487 42.865404 -4.443422 1.748235 0.002295 0.010434 -0.063072 0.997952
1125.199333 42.967358 -4.456562 1.753104 0.001498 0.011595 -0.063002 0.997945
1125.299164 43.060077 -4.469746 1.766518 0.001360 0.014429 -0.062842 0.997918
1125.399800 43.140351 -4.485668 1.779074 0.001419 0.017355 -0.062549 0.997890
1125.499634 43.218515 -4.496326 1.787780 0.001120 0.020006 -0.062367 0.997852
1125.599465 43.300079 -4.506797 1.790906 0.000291 0.021894 -0.062544 0.997802
1125.699304 43.386540 -4.519163 1.789674 -0.000186 0.022446 -0.062761 0.997776
1125.799149 43.484370 -4.533473 1.793842 -0.000323 0.021030 -0.062747 0.997808
1125.899780 43.594211 -4.553933 1.796730 -0.000789 0.019227 -0.062413 0.997865
1125.999613 43.709626 -4.572415 1.798339 -0.000280 0.018971 -0.062140 0.997887
1126.099456 43.831857 -4.587390 1.801571 0.000109 0.019542 -0.062159 0.997875
1126.199290 43.946487 -4.600907 1.806401 -0.001018 0.019237 -0.062313 0.997871
1126.299142 44.051483 -4.618117 1.807958 -0.002077 0.019413 -0.062260 0.997869
1126.399785 44.139332 -4.633035 1.807307 -0.001391 0.018502 -0.062677 0.997861
1126.499608 44.229436 -4.646242 1.806224 -0.000143 0.018560 -0.063178 0.997830
1126.599447 44.324527 -4.660256 1.804437 0.001044 0.019856 -0.063516 0.997783
1126.699287 44.430071 -4.676006 1.807828 0.000618 0.021703 -0.063924 0.997719
1126.799122 44.531854 -4.694042 1.807046 -0.001141 0.022672 -0.064096 0.997686
1126.899759 44.633057 -4.710477 1.802508 -0.001357 0.022896 -0.064260 0.997670
1126.999620 44.743166 -4.727428 1.805689 -0.001268 0.021504 -0.064295 0.997698
1127.099449 44.862720 -4.743427 1.813445 -0.001350 0.019964 -0.064497 0.997717
1127.199292 44.964999 -4.758868 1.823235 -0.001188 0.020730 -0.064551 0.997698
1127.299138 45.069475 -4.773032 1.823173 -0.000528 0.022626 -0.064599 0.997655
1127.399779 45.179781 -4.787897 1.816231 -0.000436 0.024069 -0.064529 0.997625
1127.499618 45.300143 -4.803378 1.810885 -0.000940 0.023510 -0.064697 0.997628
1127.599457 45.420164 -4.821052 1.812738 -0.001111 0.022262 -0.064794 0.997650
1127.699319 45.537069 -4.837586 1.817317 -0.000623 0.022056 -0.064848 0.997651
1127.799158 45.651898 -4.852492 1.826927 0.000126 0.025293 -0.064686 0.997585
1127.899794 45.773807 -4.866515 1.832757 0.000730 0.028384 -0.064853 0.997491
1127.999641 45.889400 -4.878672 1.834285 -0.000679 0.028442 -0.065039 0.997477
1128.099478 46.007190 -4.896469 1.834938 -0.002802 0.025647 -0.065315 0.997531
1128.199322 46.129125 -4.913817 1.831612 -0.004087 0.023025 -0.065454 0.997582
1128.299162 46.248902 -4.928069 1.830109 -0.001331 0.022553 -0.065845 0.997574
1128.399789 46.372173 -4.939136 1.833800 0.001499 0.022637 -0.066108 0.997555
1128.499643 46.496576 -4.950560 1.836739 0.003339 0.023107 -0.066235 0.997531
1128.599487 46.622618 -4.969097 1.837687 0.003018 0.023408 -0.066437 0.997511
1128.699323 46.750701 -4.984642 1.841586 0.002255 0.023665 -0.066707 0.997489
1128.799174 46.872142 -4.996329 1.844638 0.000360 0.023715 -0.067123 0.997463
1128.899811 47.001996 -5.010387 1.840579 -0.001954 0.023740 -0.067459 0.997438
1128.999638 47.128086 -5.023194 1.836442 -0.002011 0.027552 -0.067618 0.997329
1129.099476 47.245999 -5.039154 1.840564 -0.001338 0.030237 -0.067790 0.997240
1129.199299 47.375354 -5.055787 1.847052 -0.001670 0.029030 -0.067882 0.997270
1129.299148 47.514277 -5.071940 1.849262 -0.001320 0.026362 -0.068003 0.997336
1129.399792 47.651383 -5.089792 1.848204 -0.000615 0.023346 -0.067882 0.997420
1129.499645 47.786094 -5.105253 1.852910 -0.001317 0.021408 -0.067739 0.997473
1129.599481 47.929903 -5.118077 1.856937 -0.001010 0.020837 -0.067728 0.997486
1129.699321 48.069172 -5.131907 1.855505 -0.000712 0.020015 -0.067705 0.997504
1129.799167 48.212663 -5.146824 1.858823 -0.002492 0.019544 -0.067904 0.997497
1129.899804 48.355070 -5.159777 1.865882 -0.004831 0.018385 -0.068249 0.997487
1129.999644 48.499858 -5.172120 1.870154 -0.008125 0.016151 -0.068429 0.997492
1130.099491 48.632192 -5.181344 1.872880 -0.011288 0.014131 -0.068452 0.997490
1130.199330 48.755490 -5.190005 1.875654 -0.012239 0.014298 -0.068081 0.997502
1130.299185 48.882254 -5.200531 1.877867 -0.011641 0.015942 -0.067686 0.997511
1130.399815 49.015803 -5.208294 1.877068 -0.010813 0.016819 -0.067535 0.997517
1130.499660 49.150640 -5.216042 1.873294 -0.010266 0.016627 -0.067133 0.997553
1130.599509 49.285741 -5.221016 1.873828 -0.008635 0.015904 -0.066949 0.997592
1130.699335 49.420765 -5.220153 1.877025 -0.005632 0.016511 -0.066768 0.997616
1130.799188 49.553835 -5.216361 1.891662 -0.003640 0.018332 -0.066779 0.997593
1130.899835 49.692323 -5.221546 1.895148 -0.002251 0.019912 -0.066486 0.997586
1130.999673 49.828398 -5.226323 1.897035 -0.001258 0.021028 -0.065969 0.997599
1131.099521 49.961676 -5.227812 1.890450 -0.001076 0.021072 -0.065893 0.997604
1131.199352 50.089066 -5.229738 1.885309 -0.001512 0.021207 -0.065533 0.997624
1131.299192 50.218220 -5.232269 1.885214 -0.000783 0.021805 -0.065258 0.997630
1131.399829 50.369501 -5.236111 1.894268 -0.001780 0.023686 -0.065219 0.997588
1131.499676 50.507543 -5.240418 1.902147 -0.001647 0.024155 -0.065189 0.997579
1131.599497 50.628341 -5.244129 1.905666 -0.001525 0.021934 -0.065394 0.997617
1131.699338 50.752595 -5.251716 1.902524 -0.000816 0.018328 -0.065592 0.997678
1131.799174 50.887416 -5.258490 1.896374 -0.001317 0.015684 -0.066235 0.997680
1131.899814 51.034009 -5.265335 1.896691 -0.001054 0.014163 -0.066899 0.997659
1131.999663 51.180137 -5.269156 1.903220 -0.001267 0.013982 -0.067230 0.997639
1132.099516 51.320780 -5.274355 1.908393 -0.001723 0.013837 -0.067458 0.997625
1132.199348 51.457817 -5.283136 1.911647 -0.002055 0.012899 -0.067980 0.997601
1132.299186 51.590222 -5.292498 1.912226 -0.002205 0.010803 -0.068016 0.997623
1132.399820 51.717608 -5.297498 1.914273 -0.002715 0.008429 -0.068072 0.997641
1132.499655 51.839651 -5.306846 1.919255 -0.003270 0.006950 -0.067613 0.997682
1132.599498 51.960805 -5.315001 1.927667 -0.003089 0.007860 -0.067586 0.997678
1132.699343 52.087654 -5.323467 1.926135 -0.002752 0.009620 -0.067612 0.997661
1132.799182 52.209523 -5.330139 1.923613 -0.002584 0.010438 -0.067625 0.997653
1132.899821 52.318033 -5.333267 1.921408 -0.002440 0.009572 -0.067853 0.997646
1132.999668 52.419110 -5.341395 1.918847 -0.002708 0.008914 -0.068213 0.997627
1133.099501 52.524382 -5.351083 1.920643 -0.002072 0.008765 -0.068324 0.997623
1133.199351 52.628503 -5.362124 1.925724 -0.001842 0.009997 -0.068207 0.997619
1133.299205 52.723406 -5.370607 1.930782 -0.001673 0.010612 -0.068533 0.997591
1133.399441 52.827946 -5.378088 1.932184 -0.002605 0.009386 -0.069506 0.997534
1133.499281 52.942294 -5.386776 1.931226 -0.004159 0.007346 -0.069997 0.997511
1133.599129 53.054232 -5.399328 1.936165 -0.003613 0.006710 -0.070530 0.997481
1133.699775 53.166064 -5.412673 1.937012 -0.004815 0.006672 -0.070192 0.997500
1133.799613 53.274534 -5.421591 1.940920 -0.005239 0.008349 -0.069925 0.997504
1133.899446 53.382451 -5.431528 1.942007 -0.004087 0.008993 -0.069325 0.997545
1133.999267 53.478423 -5.440135 1.935019 -0.003510 0.009264 -0.068882 0.997576
1134.099507 53.584368 -5.450160 1.936853 -0.003332 0.008786 -0.068768 0.997588
1134.199331 53.692397 -5.456687 1.941779 -0.002888 0.010567 -0.068776 0.997572
1134.299168 53.783848 -5.467557 1.941327 -0.003210 0.012805 -0.068705 0.997550
1134.399803 53.870041 -5.473648 1.939347 -0.004615 0.015400 -0.068707 0.997507
1134.499639 53.949007 -5.480079 1.935581 -0.004994 0.018021 -0.068656 0.997465
1134.599478 54.026635 -5.490939 1.940560 -0.004313 0.020933 -0.068452 0.997425
1134.699318 54.109187 -5.499475 1.943619 -0.002739 0.023366 -0.069101 0.997332
1134.799151 54.200093 -5.506186 1.947613 -0.001387 0.026072 -0.069636 0.997231
1134.899790 54.295340 -5.513325 1.949413 -0.000285 0.030591 -0.070042 0.997075
1134.999633 54.388235 -5.523638 1.949268 0.000747 0.034010 -0.070261 0.996948
1135.099485 54.485793 -5.534899 1.950907 0.000656 0.035119 -0.070660 0.996882
1135.199321 54.590916 -5.544478 1.945930 0.000519 0.032231 -0.071140 0.996945
1135.299166 54.697381 -5.547322 1.942783 -0.000364 0.030326 -0.071408 0.996986
1135.399806 54.802504 -5.553976 1.941374 -0.000508 0.032512 -0.071487 0.996911
1135.499654 54.911771 -5.566652 1.945477 0.000001 0.036221 -0.071335 0.996795
1135.599498 55.026777 -5.585630 1.956501 -0.000531 0.034899 -0.071374 0.996839
1135.699329 55.141620 -5.605215 1.960087 -0.000972 0.032020 -0.070957 0.996965
1135.799163 55.265228 -5.624141 1.962552 -0.001086 0.029721 -0.070473 0.997070
1135.899806 55.399758 -5.638869 1.953471 -0.001615 0.028903 -0.070024 0.997125
1135.999644 55.530719 -5.650235 1.949749 -0.001960 0.028779 -0.069549 0.997161
1136.099486 55.659893 -5.662403 1.944843 -0.001759 0.031619 -0.068957 0.997117
1136.199320 55.787523 -5.676684 1.946079 -0.002776 0.032959 -0.068428 0.997108
1136.299168 55.909263 -5.693960 1.958151 -0.005834 0.032008 -0.068203 0.997141
1136.399801 56.030144 -5.713326 1.965595 -0.007463 0.029105 -0.067674 0.997255
1136.499643 56.150393 -5.725854 1.967669 -0.007651 0.027647 -0.067346 0.997317
1136.599494 56.270704 -5.739713 1.966801 -0.007124 0.029104 -0.066906 0.997309
1136.699347 56.393123 -5.749745 1.966981 -0.005671 0.033241 -0.066453 0.997220
1136.799192 56.517007 -5.758696 1.965062 -0.003379 0.034354 -0.066200 0.997209
1136.899836 56.651503 -5.773025 1.978545 -0.002671 0.032202 -0.065885 0.997304
1136.999670 56.788200 -5.789215 2.003549 -0.002115 0.030929 -0.065898 0.997345
1137.099496 56.928841 -5.805148 2.022654 -0.001999 0.030091 -0.066004 0.997363
1137.199343 57.069912 -5.814454 2.030939 -0.001121 0.028466 -0.066283 0.997394
1137.299172 57.216661 -5.824688 2.032884 -0.000002 0.028672 -0.066748 0.997358
1137.399814 57.361008 -5.838423 2.040953 0.000594 0.029805 -0.067313 0.997286
1137.499662 57.503616 -5.853208 2.050831 0.000406 0.028748 -0.067863 0.997280
1137.599489 57.640507 -5.865165 2.063514 0.000786 0.027401 -0.068783 0.997255
1137.699322 57.782371 -5.875563 2.069886 0.002538 0.025363 -0.069642 0.997246
1137.799169 57.920258 -5.891555 2.079624 0.002585 0.025021 -0.070077 0.997224
1137.899804 58.060687 -5.909027 2.097713 0.002270 0.025188 -0.070769 0.997172
1137.999652 58.201764 -5.924889 2.118503 0.000970 0.023806 -0.071356 0.997166
1138.099480 58.351042 -5.941667 2.140787 -0.002475 0.024038 -0.072007 0.997111
1138.199326 58.502501 -5.961551 2.162250 -0.002130 0.024044 -0.072111 0.997105
1138.299171 58.652215 -5.983079 2.182757 -0.001015 0.022593 -0.072072 0.997143
1138.399808 58.809565 -6.006692 2.204339 0.000022 0.021415 -0.071440 0.997215
1138.499646 58.964607 -6.027333 2.223202 -0.001138 0.024934 -0.070906 0.997171
1138.599491 59.117811 -6.045356 2.240988 -0.003716 0.029000 -0.070235 0.997102
1138.699331 59.272884 -6.065064 2.262096 -0.005481 0.029212 -0.069398 0.997146
1138.799181 59.420172 -6.085305 2.280113 -0.006385 0.025853 -0.068933 0.997266
1138.899805 59.566604 -6.105924 2.293774 -0.004260 0.024032 -0.068490 0.997353
1138.999639 59.710810 -6.127274 2.297151 -0.001886 0.025025 -0.068396 0.997343
1139.099477 59.854139 -6.146027 2.295787 -0.001200 0.027229 -0.068556 0.997275
1139.199323 59.993597 -6.164266 2.294785 -0.001899 0.026623 -0.068449 0.997297
1139.299171 60.136637 -6.184720 2.298275 -0.003315 0.024801 -0.068107 0.997364
1139.399817 60.284730 -6.203401 2.306020 -0.003247 0.021626 -0.067708 0.997465
1139.499648 60.443246 -6.225382 2.313234 -0.002962 0.020118 -0.067527 0.997510
1139.599493 60.611428 -6.246075 2.320412 -0.002818 0.021161 -0.067417 0.997496
1139.699334 60.776522 -6.268024 2.315018 -0.003300 0.024573 -0.067641 0.997402
1139.799190 60.934749 -6.289367 2.304349 -0.003540 0.028884 -0.068062 0.997257
1139.899837 61.092490 -6.310337 2.298233 -0.003498 0.028206 -0.068418 0.997252
1139.999674 61.237051 -6.330948 2.300235 -0.002974 0.026622 -0.068725 0.997276
1140.099514 61.382423 -6.349062 2.307118 -0.001867 0.026525 -0.069322 0.997240
1140.199350 61.532453 -6.366226 2.314512 -0.001518 0.028606 -0.069659 0.997159
1140.299182 61.682990 -6.388416 2.313011 -0.001190 0.029499 -0.069643 0.997135
1140.399829 61.831507 -6.411209 2.312219 0.000096 0.028421 -0.069423 0.997182
1140.499670 61.980692 -6.434745 2.314692 0.000584 0.026757 -0.068925 0.997263
1140.599508 62.125668 -6.451790 2.314456 -0.000231 0.025307 -0.068778 0.997311
1140.699348 62.277296 -6.468170 2.311793 -0.003720 0.026298 -0.068821 0.997275
1140.799182 62.449159 -6.489018 2.317489 -0.008108 0.030758 -0.068729 0.997128
1140.899825 62.621353 -6.513731 2.325658 -0.011367 0.032704 -0.068489 0.997051
1140.999670 62.796250 -6.534880 2.335977 -0.013919 0.030744 -0.068404 0.997087
1141.099500 62.974424 -6.560721 2.331892 -0.015793 0.026648 -0.068682 0.997158
1141.199332 63.140573 -6.577290 2.324479 -0.016125 0.024383 -0.068767 0.997204
1141.299173 63.288694 -6.586681 2.325410 -0.015495 0.024552 -0.068879 0.997203
1141.399800 63.436667 -6.594632 2.332659 -0.013952 0.025138 -0.069019 0.997201
1141.499660 63.583563 -6.601612 2.338315 -0.011939 0.025101 -0.069211 0.997215
1141.599504 63.719760 -6.609253 2.338798 -0.012609 0.024828 -0.069528 0.997191
1141.699348 63.867077 -6.619136 2.339510 -0.012595 0.023652 -0.070111 0.997179
1141.799177 64.031210 -6.624636 2.343371 -0.010587 0.021809 -0.070711 0.997202
1141.899825 64.217256 -6.631029 2.338494 -0.005135 0.023676 -0.070426 0.997223
1141.999659 64.403085 -6.637559 2.334189 -0.002425 0.028881 -0.070284 0.997106
1142.099510 64.579218 -6.642627 2.332661 -0.001866 0.031020 -0.070405 0.997034
1142.199361 64.751829 -6.647862 2.345372 -0.002577 0.029729 -0.070361 0.997075
1142.299205 64.917510 -6.653671 2.360714 -0.003120 0.026651 -0.070220 0.997171
1142.399437 65.070464 -6.659539 2.363873 -0.003181 0.023946 -0.069996 0.997255
1142.499285 65.232014 -6.667669 2.361070 -0.003646 0.021478 -0.069743 0.997327
1142.599128 65.394379 -6.676219 2.365378 -0.001846 0.019164 -0.069705 0.997382
1142.699781 65.554583 -6.683415 2.374313 -0.001488 0.017378 -0.069955 0.997398
1142.799611 65.718622 -6.688790 2.391366 -0.002592 0.016340 -0.070592 0.997368
1142.899459 65.881588 -6.696065 2.404604 -0.003721 0.015980 -0.070693 0.997363
1142.999293 66.045299 -6.706838 2.406806 -0.004666 0.015282 -0.071046 0.997345
1143.099135 66.205496 -6.715493 2.402202 -0.003099 0.015455 -0.071370 0.997325
1143.199767 66.362612 -6.720735 2.397656 -0.001577 0.015721 -0.071581 0.997310
1143.299601 66.516667 -6.724758 2.401247 -0.001331 0.015233 -0.071450 0.997327
1143.399441 66.661382 -6.732984 2.411261 -0.000904 0.013866 -0.071193 0.997366
1143.499276 66.806794 -6.743914 2.419839 -0.001594 0.012355 -0.070892 0.997406
1143.599518 66.953093 -6.753026 2.424184 -0.003034 0.011875 -0.070834 0.997413
1143.699345 67.094994 -6.762058 2.425426 -0.003553 0.011707 -0.070485 0.997438
1143.799178 67.241913 -6.770222 2.424588 -0.002459 0.011483 -0.069904 0.997485
1143.899823 67.382253 -6.779114 2.423883 -0.002944 0.012036 -0.069478 0.997507
1143.999679 67.509303 -6.787157 2.428635 -0.004337 0.012815 -0.069570 0.997485
1144.099524 67.645470 -6.797776 2.435101 -0.004383 0.012196 -0.069595 0.997491
1144.199356 67.796103 -6.811847 2.436302 -0.004635 0.008350 -0.069800 0.997515
1144.299187 67.938782 -6.822468 2.433905 -0.004079 0.007504 -0.070339 0.997487
1144.399827 68.077438 -6.828379 2.426036 -0.002951 0.009587 -0.070853 0.997436
1144.499671 68.215280 -6.836422 2.427766 -0.002580 0.014558 -0.070643 0.997392
1144.599526 68.342459 -6.843064 2.434447 -0.003265 0.017775 -0.070534 0.997346
1144.699371 68.475146 -6.853653 2.441260 -0.004555 0.017868 -0.070207 0.997362
1144.799212 68.606276 -6.867363 2.442922 -0.003705 0.016603 -0.069537 0.997434
1144.899458 68.734650 -6.875092 2.444986 -0.003004 0.014993 -0.069421 0.997470
1144.999301 68.862671 -6.881741 2.445315 -0.002609 0.014407 -0.069195 0.997496
1145.099140 68.984082 -6.892983 2.440834 -0.002900 0.014622 -0.068695 0.997526
1145.199786 69.095625 -6.905061 2.444954 -0.002537 0.014546 -0.068424 0.997547
1145.299634 69.206329 -6.915097 2.447161 -0.002967 0.013063 -0.068485 0.997562
1145.399459 69.327832 -6.925765 2.448041 -0.003782 0.012008 -0.068518 0.997570
1145.499300 69.454383 -6.937785 2.451280 -0.003496 0.013176 -0.068637 0.997549
1145.599153 69.580167 -6.948353 2.452773 -0.002561 0.014698 -0.068809 0.997518
1145.699795 69.708731 -6.960162 2.450827 -0.002577 0.013958 -0.069037 0.997513
1145.799645 69.829112 -6.971624 2.450220 -0.002532 0.011936 -0.069232 0.997526
1145.899491 69.940163 -6.982771 2.453892 -0.002519 0.010972 -0.069529 0.997516
1145.999316 70.043658 -6.990637 2.459960 -0.003418 0.012147 -0.069884 0.997475
1146.099158 70.148203 -7.000815 2.465923 -0.002621 0.013179 -0.070279 0.997437
1146.199796 70.256257 -7.014771 2.475622 -0.002107 0.013444 -0.070678 0.997406
1146.299650 70.371021 -7.027659 2.487963 -0.001285 0.013802 -0.070729 0.997399
1146.399495 70.471313 -7.035999 2.503882 -0.001126 0.013951 -0.070730 0.997397
1146.499327 70.556090 -7.043813 2.520338 -0.001053 0.014521 -0.070616 0.997397
1146.599151 70.645483 -7.054578 2.540019 -0.001552 0.019362 -0.070507 0.997322
1146.699792 70.746028 -7.068766 2.556178 -0.002523 0.023191 -0.070358 0.997249
1146.799635 70.855356 -7.084462 2.573468 -0.003376 0.023587 -0.070192 0.997249
1146.899469 70.970987 -7.098254 2.587974 -0.003804 0.022378 -0.070140 0.997279
1146.999304 71.084595 -7.111983 2.602716 -0.003692 0.023429 -0.069984 0.997266
1147.099158 71.193088 -7.127701 2.614262 -0.004627 0.025195 -0.069723 0.997237
1147.199790 71.301881 -7.141385 2.620829 -0.004609 0.026353 -0.069577 0.997218
1147.299629 71.405744 -7.151292 2.621047 -0.004393 0.026926 -0.069793 0.997188
1147.399475 71.510726 -7.161692 2.628304 -0.003221 0.028543 -0.069677 0.997156
1147.499318 71.625756 -7.175166 2.631893 -0.003488 0.027724 -0.069934 0.997160
1147.599149 71.737849 -7.190913 2.631929 -0.003105 0.024749 -0.070112 0.997227
1147.699796 71.851918 -7.209963 2.626048 -0.002857 0.024047 -0.070204 0.997239
1147.799636 71.968493 -7.222560 2.628946 -0.002861 0.027299 -0.070379 0.997143
1147.899479 72.084871 -7.229626 2.635704 -0.002735 0.030240 -0.070591 0.997043
1147.999318 72.205076 -7.239375 2.638743 -0.002665 0.028842 -0.070367 0.997101
1148.099153 72.332641 -7.257607 2.638141 -0.000920 0.026660 -0.070395 0.997162
1148.199778 72.452807 -7.278030 2.635312 0.003709 0.023739 -0.073797 0.996984
1148.299607 72.561503 -7.298171 2.634564 0.005641 0.021181 -0.079332 0.996607
1148.399434 72.678732 -7.316845 2.635333 0.005555 0.019536 -0.085270 0.996151
1148.499274 72.795042 -7.331485 2.633171 -0.000504 0.020085 -0.087570 0.995956
1148.599513 72.903160 -7.348073 2.633796 -0.000735 0.020226 -0.087514 0.995958
1148.699365 73.012310 -7.366873 2.634885 -0.001016 0.019351 -0.087157 0.996006
1148.799196 73.133501 -7.387452 2.640969 -0.001457 0.018350 -0.086892 0.996048
1148.899835 73.256175 -7.409344 2.638262 -0.001639 0.019649 -0.086703 0.996039
1148.999686 73.382443 -7.428280 2.632589 -0.002087 0.021560 -0.086573 0.996010
1149.099538 73.512191 -7.449030 2.631647 -0.001799 0.022938 -0.086139 0.996017
1149.199383 73.642326 -7.471465 2.634087 -0.001470 0.023953 -0.085724 0.996030
1149.299231 73.772562 -7.496380 2.634770 -0.001703 0.025144 -0.085317 0.996035
1149.399484 73.886356 -7.517565 2.635121 -0.001860 0.024579 -0.085331 0.996048
1149.499331 73.999052 -7.536161 2.640458 -0.001687 0.023370 -0.085622 0.996052
1149.599162 74.118300 -7.553632 2.638722 -0.001724 0.022744 -0.085996 0.996034
1149.699806 74.236556 -7.578241 2.634979 -0.002529 0.022090 -0.086198 0.996030
1149.799638 74.354642 -7.603198 2.639135 -0.002974 0.020715 -0.086372 0.996043
1149.899485 74.470609 -7.625835 2.639036 -0.002758 0.020348 -0.086459 0.996044
1149.999323 74.578898 -7.642617 2.640696 -0.002907 0.022634 -0.086706 0.995973
1150.099166 74.704138 -7.661254 2.643073 -0.003012 0.024881 -0.086665 0.995922
1150.199802 74.837007 -7.683937 2.649402 -0.003102 0.026013 -0.086641 0.995895
1150.299642 74.972950 -7.703594 2.650437 -0.002223 0.025123 -0.086757 0.995910
1150.399476 75.101847 -7.727670 2.651478 -0.002704 0.023463 -0.086745 0.995951
1150.499307 75.209612 -7.747150 2.652266 -0.002304 0.023257 -0.086814 0.995950
1150.599139 75.325665 -7.763345 2.656081 -0.001218 0.026081 -0.086832 0.995881
1150.699785 75.452511 -7.782283 2.656293 -0.000221 0.027779 -0.086995 0.995821
1150.799631 75.583895 -7.803018 2.655405 -0.000306 0.029383 -0.087255 0.995753
1150.899487 75.726416 -7.824326 2.657036 -0.000396 0.030048 -0.087553 0.995706
1150.999321 75.871080 -7.845711 2.664504 -0.002090 0.028382 -0.087638 0.995746
1151.099160 76.013451 -7.866982 2.665614 -0.004867 0.025985 -0.087970 0.995772
1151.199793 76.149073 -7.886386 2.665493 -0.003697 0.028319 -0.088038 0.995708
1151.299626 76.281566 -7.907531 2.662322 -0.001352 0.031817 -0.087663 0.995641
1151.399467 76.420251 -7.932530 2.659985 -0.000338 0.034243 -0.087476 0.995578
1151.499300 76.568635 -7.958379 2.664393 -0.000267 0.034206 -0.087501 0.995577
1151.599136 76.711428 -7.979537 2.669835 0.000090 0.034172 -0.087523 0.995576
1151.699769 76.850787 -7.997021 2.671296 0.000431 0.034533 -0.087479 0.995568
1151.799619 76.986273 -8.016562 2.667709 -0.001165 0.035504 -0.087491 0.995532
1151.899458 77.126728 -8.040356 2.666699 -0.001551 0.035811 -0.087216 0.995544
1151.999297 77.273672 -8.065737 2.667403 -0.001028 0.033722 -0.086941 0.995642
1152.099123 77.428929 -8.091435 2.675115 -0.000783 0.028085 -0.086709 0.995837
1152.199770 77.588471 -8.111816 2.682367 -0.000335 0.024085 -0.086504 0.995960
1152.299607 77.752495 -8.133321 2.687423 -0.001096 0.023989 -0.086478 0.995964
1152.399447 77.906609 -8.163027 2.685334 -0.000086 0.028380 -0.085984 0.995892
1152.499284 78.058633 -8.190785 2.676850 0.000187 0.033571 -0.085937 0.995735
1152.599138 78.212629 -8.213880 2.672770 0.000671 0.036127 -0.086020 0.995638
1152.699783 78.379726 -8.239742 2.674112 0.000609 0.034420 -0.086023 0.995698
1152.799623 78.549186 -8.268183 2.682162 0.000810 0.034285 -0.086313 0.995678
1152.899455 78.703291 -8.296449 2.683400 0.000991 0.034990 -0.086330 0.995651
1152.999286 78.848069 -8.322028 2.689010 0.000177 0.034964 -0.086082 0.995674
1153.099131 78.994789 -8.345156 2.691016 -0.002910 0.032634 -0.085719 0.995781
1153.199774 79.165945 -8.365724 2.695056 -0.009938 0.030705 -0.085710 0.995797
1153.299607 79.352088 -8.386044 2.698047 -0.016146 0.027281 -0.085567 0.995828
1153.399455 79.521449 -8.399755 2.701865 -0.022113 0.022988 -0.085933 0.995790
1153.499293 79.680918 -8.417714 2.696712 -0.021147 0.022057 -0.086251 0.995805
1153.599131 79.838590 -8.433143 2.694934 -0.016550 0.023721 -0.086675 0.995817
1153.699770 80.005105 -8.441633 2.699494 -0.013550 0.025104 -0.087114 0.995790
1153.799610 80.168724 -8.446230 2.709757 -0.007536 0.024445 -0.087029 0.995877
1153.899435 80.323277 -8.455317 2.710561 -0.001160 0.022910 -0.086846 0.995958
1153.999272 80.492500 -8.458470 2.709744 0.001281 0.019890 -0.087552 0.995961
1154.099529 80.663964 -8.463430 2.706014 0.000643 0.017187 -0.087850 0.995985
1154.199370 80.819323 -8.470766 2.706969 -0.001164 0.016817 -0.087911 0.995986
1154.299215 80.975034 -8.473855 2.712237 -0.001041 0.017929 -0.088436 0.995920
1154.399446 81.140333 -8.474321 2.720309 -0.000729 0.018552 -0.088609 0.995893
1154.499289 81.311218 -8.477712 2.721693 0.003277 0.017978 -0.088626 0.995897
1154.599133 81.484053 -8.490361 2.725623 0.002773 0.016178 -0.088869 0.995908
1154.699784 81.664427 -8.505294 2.729110 0.001725 0.015066 -0.089418 0.995879
1154.799615 81.828110 -8.516363 2.736219 -0.000116 0.015248 -0.089744 0.995848
1154.899431 81.982858 -8.521757 2.742171 -0.000866 0.015582 -0.090139 0.995807
1154.999276 82.131815 -8.527204 2.743192 -0.000953 0.015608 -0.090417 0.995781
1155.099122 82.283187 -8.539332 2.741571 -0.000286 0.015276 -0.090532 0.995776
1155.199771 82.445205 -8.551254 2.746059 -0.000125 0.013988 -0.091227 0.995732
1155.299618 82.595072 -8.559266 2.755301 -0.000868 0.011393 -0.091487 0.995741
1155.399475 82.724688 -8.566288 2.763348 -0.001472 0.008603 -0.090947 0.995817
1155.499311 82.857444 -8.577936 2.761170 -0.001448 0.006438 -0.090632 0.995863
1155.599154 82.998499 -8.590919 2.765079 -0.001321 0.000489 -0.090693 0.995878
1155.699778 83.135616 -8.602348 2.780302 -0.002366 -0.013164 -0.091347 0.995729
1155.799621 83.260194 -8.606675 2.786379 -0.001922 -0.056295 -0.091639 0.994198
1155.899460 83.378824 -8.615212 2.765041 -0.000777 -0.085702 -0.091878 0.992075
1155.999313 83.474165 -8.626364 2.738626 0.000259 -0.081422 -0.092334 0.992394
1156.099140 83.557329 -8.631470 2.730824 -0.001153 -0.061042 -0.092706 0.993820
1156.199787 83.621440 -8.634707 2.742588 -0.001219 -0.040144 -0.092453 0.994907
1156.299631 83.665105 -8.636755 2.767972 -0.002736 -0.026573 -0.092207 0.995381
1156.399475 83.699657 -8.641222 2.795770 -0.002125 -0.019778 -0.091957 0.995564
1156.499321 83.732647 -8.648738 2.802531 -0.002775 -0.015904 -0.092036 0.995625
1156.599173 83.760177 -8.655056 2.790712 -0.002576 -0.012249 -0.091882 0.995691
1156.699803 83.782904 -8.656438 2.775691 -0.002108 -0.017693 -0.091661 0.995631
1156.799651 83.811472 -8.655235 2.767900 -0.002778 -0.018192 -0.092005 0.995588
1156.899499 83.839523 -8.655485 2.763987 -0.004567 -0.009866 -0.092177 0.995683
1156.999331 83.857107 -8.656110 2.774036 -0.005780 -0.000076 -0.092136 0.995730
1157.099177 83.866841 -8.663137 2.777225 -0.005405 0.005523 -0.091726 0.995754
1157.199812 83.873457 -8.665671 2.784460 -0.004851 0.005488 -0.090907 0.995832
1157.299654 83.867704 -8.667050 2.776691 -0.003849 0.003791 -0.088601 0.996053
1157.399497 83.862130 -8.668292 2.766983 -0.002872 0.004309 -0.082927 0.996542
1157.499346 83.859974 -8.666418 2.759984 -0.003045 0.006559 -0.075863 0.997092
1157.599176 83.862292 -8.664967 2.765910 -0.005513 0.008897 -0.069027 0.997560
1157.699818 83.858525 -8.661747 2.772067 -0.007612 0.009510 -0.062882 0.997947
1157.799660 83.846450 -8.659784 2.775320 -0.006875 0.009344 -0.056788 0.998319
1157.899512 83.837543 -8.656218 2.774026 -0.004793 0.009198 -0.050801 0.998655
1157.999340 83.833969 -8.654946 2.769065 -0.003536 0.009202 -0.046466 0.998871
1158.099182 83.832120 -8.659009 2.768455 -0.005432 0.010084 -0.045708 0.998889
1158.199824 83.835414 -8.664068 2.769237 -0.005605 0.012287 -0.045745 0.998862
1158.299655 83.834706 -8.665903 2.767135 -0.004291 0.022309 -0.045883 0.998688
1158.399502 83.834360 -8.665959 2.758270 -0.002255 0.035765 -0.045865 0.998305
1158.499340 83.844926 -8.663824 2.752888 -0.002548 0.042846 -0.046070 0.998016
1158.599192 83.867109 -8.666098 2.756224 -0.002748 0.043698 -0.046186 0.997973
1158.699823 83.894660 -8.670942 2.756839 -0.002882 0.046008 -0.046183 0.997869
1158.799671 83.927205 -8.678330 2.756124 -0.003045 0.050618 -0.045830 0.997661
1158.899510 83.975377 -8.683467 2.753042 -0.002702 0.054802 -0.045574 0.997453
1158.999354 84.020843 -8.684182 2.749115 -0.002063 0.057483 -0.045416 0.997311
1159.099205 84.065753 -8.686843 2.747726 -0.001830 0.057206 -0.045448 0.997326
1159.199432 84.113656 -8.691711 2.749393 -0.001142 0.052593 -0.045661 0.997571
1159.299267 84.164136 -8.693634 2.759631 -0.001317 0.049210 -0.045682 0.997742
1159.399508 84.232560 -8.698460 2.773651 -0.001091 0.051754 -0.045657 0.997615
1159.499359 84.312831 -8.707067 2.775191 -0.001076 0.055056 -0.045494 0.997446
1159.599196 84.394743 -8.717715 2.769455 -0.001624 0.056102 -0.045146 0.997403
1159.699829 84.479807 -8.728093 2.766623 -0.001395 0.053923 -0.045312 0.997516
1159.799664 84.570705 -8.736152 2.767329 -0.002036 0.048597 -0.045349 0.997786
1159.899510 84.667513 -8.746605 2.769620 -0.002071 0.044409 -0.045321 0.997983
1159.999335 84.768307 -8.758727 2.767083 -0.002371 0.044626 -0.045295 0.997974
1160.099176 84.875949 -8.771125 2.764494 -0.002481 0.048006 -0.045132 0.997824
1160.199819 84.989159 -8.784519 2.765684 -0.002286 0.051340 -0.044874 0.997670
1160.299658 85.109471 -8.798632 2.768637 -0.002415 0.049963 -0.044720 0.997746
1160.399501 85.237559 -8.810200 2.772691 -0.002038 0.046782 -0.044948 0.997891
1160.499345 85.370991 -8.819784 2.771488 -0.002344 0.044260 -0.045035 0.998002
1160.599179 85.506542 -8.830326 2.773276 -0.002048 0.043540 -0.045178 0.998028
1160.699799 85.643371 -8.843505 2.774407 -0.001752 0.041596 -0.045408 0.998101
1160.799645 85.780822 -8.855657 2.776183 -0.001686 0.038313 -0.045655 0.998221
1160.899474 85.928294 -8.868656 2.777683 -0.002665 0.036407 -0.046013 0.998274
1160.999314 86.066453 -8.887661 2.781154 -0.002437 0.036789 -0.045813 0.998269
1161.099158 86.212626 -8.908926 2.783212 -0.002591 0.035542 -0.045784 0.998316
1161.199806 86.364943 -8.925382 2.788096 -0.002710 0.032729 -0.045896 0.998406
1161.299653 86.510241 -8.939874 2.791800 -0.003075 0.030611 -0.045994 0.998468
1161.399495 86.660433 -8.952327 2.791844 -0.002038 0.029420 -0.045968 0.998508
1161.499344 86.810605 -8.963866 2.788927 -0.001812 0.029354 -0.046116 0.998503
1161.599179 86.962746 -8.983608 2.789526 -0.002624 0.028209 -0.045772 0.998550
1161.699829 87.114262 -9.002894 2.793399 -0.003231 0.029653 -0.045753 0.998507
1161.799670 87.269377 -9.019148 2.794334 -0.002774 0.031265 -0.045585 0.998467
1161.899514 87.431045 -9.034908 2.797775 -0.003111 0.029838 -0.045612 0.998509
1161.999359 87.589202 -9.049423 2.797228 -0.003446 0.027583 -0.045916 0.998558
1162.099201 87.736652 -9.065534 2.799333 -0.003026 0.027752 -0.045983 0.998552
1162.199439 87.888164 -9.083143 2.799948 -0.002461 0.028190 -0.046171 0.998533
1162.299272 88.049461 -9.100543 2.801393 -0.002270 0.028007 -0.046347 0.998530
1162.399513 88.214332 -9.117671 2.806086 -0.002336 0.027282 -0.046474 0.998544
1162.499368 88.374536 -9.136049 2.813522 -0.001680 0.026229 -0.046622 0.998567
1162.599202 88.528766 -9.156669 2.813839 -0.003109 0.024708 -0.046884 0.998590
1162.699440 88.684383 -9.172231 2.813731 -0.003675 0.024666 -0.046824 0.998592
1162.799268 88.848283 -9.188034 2.814648 -0.005263 0.024870 -0.047004 0.998571
1162.899515 89.012906 -9.207728 2.824679 -0.004442 0.023389 -0.047056 0.998608
1162.999360 89.171275 -9.229228 2.835401 -0.003844 0.020404 -0.047176 0.998671
1163.099196 89.325057 -9.249556 2.850125 -0.003620 0.017795 -0.047173 0.998722
1163.199843 89.479974 -9.267609 2.872303 -0.003668 0.017592 -0.047204 0.998724
1163.299688 89.644178 -9.285493 2.892889 -0.004885 0.017427 -0.047254 0.998719
1163.399542 89.804478 -9.306926 2.919103 -0.006328 0.016684 -0.047354 0.998719
1163.499387 89.959655 -9.329257 2.938265 -0.006578 0.013555 -0.047312 0.998767
1163.599231 90.117214 -9.351061 2.951749 -0.007563 0.011647 -0.047218 0.998788
1163.699486 90.267292 -9.367335 2.961168 -0.007502 0.012829 -0.047231 0.998773
1163.799316 90.410385 -9.381235 2.972312 -0.007811 0.017332 -0.047009 0.998714
1163.899167 90.549797 -9.394627 2.974175 -0.008770 0.020452 -0.046501 0.998670
1163.999816 90.695908 -9.415946 2.975311 -0.008689 0.021688 -0.046111 0.998663
1164.099652 90.839333 -9.439504 2.981799 -0.008945 0.020734 -0.046277 0.998673
1164.199506 90.983399 -9.463527 2.993651 -0.008272 0.018259 -0.046104 0.998736
1164.299337 91.130644 -9.483253 3.008082 -0.008062 0.015958 -0.045617 0.998799
1164.399185 91.271629 -9.497872 3.018035 -0.007695 0.016788 -0.045285 0.998803
1164.499827 91.398042 -9.506834 3.018002 -0.007576 0.020477 -0.045058 0.998746
1164.599661 91.527681 -9.519780 3.017318 -0.007909 0.024269 -0.045071 0.998658
1164.699492 91.652280 -9.535577 3.025775 -0.008069 0.023904 -0.044706 0.998682
1164.799330 91.783791 -9.555395 3.041238 -0.008750 0.020279 -0.044528 0.998764
1164.899165 91.926418 -9.570855 3.055144 -0.007928 0.016477 -0.044385 0.998847
1164.999799 92.075493 -9.587016 3.069599 -0.007226 0.014384 -0.044244 0.998891
1165.099629 92.222028 -9.602971 3.075853 -0.007796 0.014628 -0.044032 0.998893
1165.199460 92.356733 -9.615555 3.072879 -0.007319 0.017014 -0.044078 0.998856
1165.299298 92.490760 -9.627343 3.064440 -0.006664 0.018438 -0.044196 0.998830
1165.399139 92.622022 -9.641950 3.059888 -0.004688 0.016682 -0.044187 0.998873
1165.499777 92.752731 -9.655825 3.073394 -0.004211 0.013442 -0.044369 0.998916
1165.599613 92.865278 -9.668005 3.095570 -0.004728 0.014243 -0.044597 0.998892
1165.699438 92.970995 -9.679563 3.113753 -0.006205 0.016517 -0.045008 0.998831
1165.799294 93.086074 -9.693464 3.125385 -0.006472 0.018233 -0.045179 0.998792
1165.899130 93.210316 -9.707383 3.136532 -0.005507 0.019774 -0.045270 0.998764
1165.999758 93.335956 -9.718728 3.140357 -0.005116 0.019882 -0.045583 0.998750
1166.099607 93.458517 -9.729811 3.145028 -0.004816 0.019105 -0.045655 0.998763
1166.199445 93.568601 -9.739466 3.158937 -0.004162 0.019986 -0.045801 0.998742
1166.299281 93.681244 -9.750265 3.171114 -0.004391 0.020983 -0.046079 0.998708
1166.399130 93.801087 -9.765089 3.184407 -0.005191 0.022995 -0.045937 0.998666
1166.499778 93.933210 -9.784103 3.198333 -0.006619 0.025048 -0.045823 0.998614
1166.599630 94.054569 -9.799563 3.212212 -0.006918 0.025422 -0.045834 0.998602
1166.699474 94.176253 -9.810009 3.222451 -0.006382 0.025553 -0.046203 0.998585
1166.799301 94.299182 -9.819089 3.238517 -0.005245 0.027847 -0.046100 0.998535
1166.899132 94.421176 -9.835260 3.246958 -0.004824 0.029471 -0.046032 0.998493
1166.999775 94.546054 -9.850736 3.256931 -0.004123 0.030143 -0.046384 0.998460
1167.099621 94.670787 -9.863263 3.267421 -0.004024 0.030404 -0.046651 0.998440
1167.199470 94.799729 -9.876277 3.279820 -0.003606 0.030162 -0.046818 0.998441
1167.299301 94.926387 -9.887108 3.293457 -0.003690 0.029765 -0.046972 0.998446
1167.399130 95.049297 -9.903079 3.310321 -0.004391 0.029744 -0.046833 0.998450
1167.499781 95.184017 -9.917951 3.318819 -0.004300 0.034449 -0.046682 0.998306
1167.599618 95.325600 -9.930699 3.328143 -0.004480 0.037811 -0.046542 0.998190
1167.699474 95.462200 -9.943577 3.339598 -0.003853 0.036921 -0.046549 0.998226
1167.799317 95.589489 -9.959295 3.356329 -0.005441 0.032639 -0.046617 0.998365
1167.899154 95.718617 -9.979943 3.379755 -0.005523 0.030061 -0.046295 0.998460
1167.999789 95.852050 -9.999463 3.405414 -0.005513 0.030370 -0.046290 0.998451
1168.099629 95.999816 -10.014381 3.421626 -0.005906 0.033017 -0.046442 0.998358
1168.199465 96.148791 -10.028326 3.432750 -0.004888 0.034500 -0.046316 0.998319
1168.299317 96.295237 -10.042630 3.447731 -0.005000 0.034004 -0.046578 0.998323
1168.399170 96.443934 -10.060740 3.469303 -0.005026 0.032568 -0.046741 0.998363
1168.499821 96.593641 -10.076952 3.495886 -0.005068 0.032433 -0.046946 0.998358
1168.599680 96.743693 -10.094071 3.520271 -0.005245 0.034493 -0.047240 0.998274
1168.699517 96.893660 -10.112052 3.539231 -0.005196 0.037645 -0.047244 0.998160
1168.799355 97.043211 -10.129782 3.553271 -0.004415 0.039123 -0.047240 0.998107
1168.899196 97.203435 -10.146628 3.560932 -0.004656 0.035651 -0.047232 0.998237
1168.999832 97.369964 -10.158261 3.568264 -0.004634 0.031119 -0.047755 0.998363
1169.099673 97.535837 -10.175697 3.576771 -0.004389 0.029878 -0.047576 0.998411
1169.199516 97.694055 -10.198438 3.579860 -0.004933 0.031643 -0.047425 0.998361
1169.299349 97.849432 -10.217541 3.579844 -0.005324 0.031650 -0.047391 0.998361
1169.399198 98.002523 -10.235656 3.580750 -0.005444 0.030396 -0.047257 0.998405
1169.499440 98.166699 -10.256124 3.583917 -0.005392 0.027269 -0.047214 0.998498
1169.599276 98.330764 -10.275499 3.586170 -0.005003 0.025038 -0.047324 0.998553
1169.699108 98.487770 -10.288380 3.579046 -0.005113 0.023141 -0.047441 0.998593
1169.799748 98.647291 -10.299872 3.577861 -0.004866 0.025442 -0.047386 0.998541
1169.899584 98.809995 -10.316246 3.580812 -0.005043 0.028101 -0.047532 0.998462
1169.999434 98.969786 -10.333060 3.581376 -0.005426 0.029214 -0.047882 0.998411
1170.099275 99.125472 -10.358045 3.585475 -0.004663 0.028667 -0.047683 0.998440
1170.199522 99.287374 -10.378592 3.583604 -0.003826 0.028798 -0.047729 0.998438
1170.299369 99.451507 -10.391254 3.582865 -0.003849 0.030846 -0.047830 0.998372
1170.399204 99.618470 -10.406856 3.584306 -0.004083 0.032733 -0.047880 0.998308
1170.499453 99.787730 -10.424025 3.585503 -0.004713 0.032896 -0.048088 0.998290
1170.599298 99.955477 -10.444945 3.589547 -0.004521 0.032710 -0.048139 0.998295
1170.699136 100.127731 -10.467476 3.590402 -0.004626 0.032665 -0.048116 0.998297
1170.799772 100.294159 -10.492936 3.587933 -0.003911 0.033029 -0.047713 0.998307
1170.899630 100.459123 -10.510733 3.586174 -0.003710 0.034410 -0.047897 0.998252
1170.999475 100.622186 -10.526096 3.586926 -0.004160 0.036223 -0.047808 0.998191
1171.099311 100.793374 -10.544355 3.594354 -0.004299 0.037811 -0.047782 0.998133
1171.199141 100.964030 -10.563598 3.602363 -0.004940 0.039670 -0.047786 0.998057
1171.299777 101.130462 -10.581329 3.604474 -0.004798 0.039658 -0.047545 0.998070
1171.399623 101.297516 -10.604552 3.600402 -0.004950 0.037600 -0.047344 0.998158
1171.499468 101.469396 -10.632718 3.596234 -0.005782 0.036003 -0.047075 0.998226
1171.599303 101.647119 -10.655244 3.598265 -0.005445 0.034873 -0.047112 0.998266
1171.699143 101.837142 -10.674739 3.601772 -0.006663 0.033703 -0.047186 0.998295
1171.799769 102.027237 -10.696234 3.607314 -0.007048 0.030817 -0.046896 0.998399
1171.899624 102.219680 -10.722940 3.613797 -0.006050 0.027691 -0.047089 0.998488
1171.999467 102.415782 -10.748838 3.617460 -0.006922 0.027472 -0.047314 0.998478
1172.099315 102.614050 -10.772653 3.619009 -0.008672 0.030367 -0.047640 0.998365
1172.199159 102.799377 -10.790876 3.621203 -0.009986 0.029745 -0.047998 0.998354
1172.299802 102.984808 -10.812066 3.618652 -0.010159 0.025450 -0.048195 0.998462
1172.399650 103.168040 -10.836281 3.615045 -0.009489 0.019767 -0.048455 0.998585
1172.499482 103.348691 -10.856312 3.614648 -0.010378 0.015563 -0.049018 0.998623
1172.599319 103.532218 -10.873065 3.612856 -0.011314 0.013182 -0.049337 0.998631
1172.699169 103.708904 -10.888572 3.619980 -0.011041 0.012533 -0.049820 0.998619
1172.799811 103.877246 -10.906132 3.624214 -0.008218 0.011741 -0.049855 0.998654
1172.899650 104.048388 -10.924148 3.627649 -0.006721 0.013077 -0.049964 0.998643
1172.999504 104.218005 -10.940915 3.627285 -0.006909 0.012745 -0.050421 0.998623
1173.099341 104.392405 -10.956740 3.620702 -0.007231 0.012526 -0.051064 0.998591
1173.199195 104.559079 -10.973210 3.619714 -0.005966 0.014096 -0.051292 0.998566
1173.299849 104.720230 -10.989038 3.620674 -0.003707 0.015362 -0.051519 0.998547
1173.399693 104.885479 -11.005309 3.625492 -0.002604 0.015492 -0.051438 0.998553
1173.499519 105.048657 -11.019156 3.633193 -0.002003 0.014580 -0.051258 0.998577
1173.599358 105.207019 -11.035780 3.636059 -0.001981 0.013270 -0.051032 0.998607
1173.699199 105.355733 -11.051199 3.634481 -0.004263 0.014872 -0.050766 0.998591
1173.799443 105.503398 -11.070552 3.628988 -0.007653 0.016640 -0.050217 0.998570
1173.899288 105.651192 -11.087102 3.623785 -0.009378 0.017635 -0.049715 0.998564
1173.999126 105.793234 -11.106144 3.625317 -0.009279 0.017028 -0.048822 0.998619
1174.099767 105.947727 -11.123336 3.626324 -0.008905 0.014318 -0.048312 0.998690
1174.199605 106.093232 -11.138047 3.627583 -0.008397 0.011017 -0.048047 0.998749
1174.299456 106.222203 -11.153490 3.631410 -0.008133 0.010631 -0.047841 0.998765
1174.399297 106.361776 -11.167547 3.631617 -0.008527 0.014131 -0.047516 0.998734
1174.499147 106.505269 -11.183533 3.626992 -0.009374 0.018339 -0.047287 0.998669
1174.599775 106.660421 -11.202881 3.619915 -0.010212 0.020786 -0.047054 0.998624
1174.699615 106.809734 -11.220879 3.623072 -0.009377 0.020840 -0.047262 0.998621
1174.799453 106.954716 -11.234917 3.639584 -0.006922 0.020355 -0.047699 0.998630
1174.899302 107.103944 -11.247499 3.647144 -0.003860 0.020226 -0.048125 0.998629
1174.999133 107.249218 -11.257899 3.644602 -0.002172 0.020843 -0.048627 0.998597
1175.099761 107.390471 -11.270195 3.631341 -0.002498 0.021232 -0.049146 0.998563
1175.199600 107.522379 -11.287693 3.626444 -0.005087 0.022962 -0.049796 0.998482
1175.299449 107.647961 -11.301679 3.631818 -0.005259 0.023590 -0.050414 0.998436
1175.399284 107.771001 -11.313415 3.640248 -0.005077 0.022174 -0.050962 0.998441
1175.499135 107.900906 -11.328893 3.642476 -0.005151 0.018229 -0.051036 0.998517
1175.599775 108.034117 -11.341812 3.641477 -0.005402 0.017802 -0.051268 0.998512
1175.699609 108.168732 -11.352077 3.640430 -0.005772 0.020378 -0.051373 0.998455
1175.799444 108.307850 -11.362099 3.644685 -0.005276 0.022197 -0.051547 0.998410
1175.899269 108.443958 -11.378786 3.645599 -0.004625 0.022327 -0.051650 0.998405
1175.999499 108.571566 -11.396153 3.644710 -0.004592 0.022835 -0.051865 0.998382
1176.099339 108.691226 -11.410973 3.643406 -0.004846 0.022103 -0.051681 0.998407
1176.199188 108.808865 -11.422606 3.640712 -0.005901 0.021757 -0.051953 0.998395
1176.299801 108.935646 -11.435735 3.644632 -0.006499 0.021702 -0.051979 0.998391
1176.399643 109.067138 -11.450520 3.649965 -0.005127 0.016853 -0.051532 0.998516
1176.499473 109.198506 -11.465993 3.649596 -0.004612 0.014599 -0.051215 0.998570
1176.599319 109.320157 -11.482470 3.646280 -0.004311 0.014278 -0.050676 0.998604
1176.699163 109.444833 -11.496935 3.647575 -0.005345 0.017539 -0.050490 0.998556
1176.799806 109.578373 -11.509150 3.651299 -0.007941 0.019570 -0.050316 0.998510
1176.899626 109.706555 -11.525134 3.650858 -0.008336 0.021770 -0.049896 0.998482
1176.999469 109.835323 -11.543447 3.655467 -0.008498 0.023037 -0.049691 0.998463
1177.099298 109.970796 -11.562757 3.659968 -0.008172 0.024396 -0.049846 0.998425
1177.199148 110.093548 -11.577393 3.660808 -0.007834 0.025187 -0.050304 0.998386
1177.299796 110.215754 -11.588357 3.661057 -0.007735 0.025486 -0.050932 0.998347
1177.399645 110.338077 -11.598802 3.660417 -0.006762 0.026635 -0.051751 0.998282
1177.499490 110.458939 -11.608894 3.655188 -0.004535 0.026481 -0.052595 0.998254
1177.599334 110.572143 -11.621379 3.651734 -0.004221 0.025758 -0.053232 0.998241
1177.699173 110.690869 -11.632078 3.655772 -0.004771 0.024368 -0.053547 0.998257
1177.799802 110.817014 -11.645609 3.660463 -0.006042 0.024973 -0.053292 0.998248
1177.899638 110.933315 -11.656307 3.662664 -0.007032 0.026327 -0.053687 0.998186
1177.999479 111.046963 -11.666583 3.663270 -0.005732 0.027470 -0.054064 0.998143
1178.099322 111.168281 -11.677394 3.659136 -0.003154 0.026723 -0.054851 0.998132
1178.199162 111.301235 -11.691322 3.658169 0.001204 0.027146 -0.055624 0.998082
1178.299796 111.436432 -11.704400 3.655206 0.001067 0.028962 -0.056204 0.997999
1178.399635 111.561019 -11.716233 3.654834 -0.001435 0.031372 -0.056630 0.997901
1178.499468 111.676294 -11.724540 3.660802 -0.004140 0.033751 -0.056912 0.997800
1178.599318 111.784472 -11.734317 3.672211 -0.003694 0.035399 -0.056536 0.997766
1178.699174 111.894315 -11.745607 3.679743 -0.001450 0.033745 -0.055925 0.997864
1178.799813 112.025108 -11.760893 3.672104 0.000314 0.032713 -0.055342 0.997931
1178.899646 112.159257 -11.777263 3.668286 0.000834 0.035150 -0.054686 0.997884
1178.999485 112.296598 -11.791342 3.670731 -0.001487 0.036135 -0.054922 0.997835
1179.099329 112.432510 -11.803855 3.671098 -0.001320 0.035555 -0.055142 0.997844
1179.199160 112.562518 -11.820553 3.675842 -0.001321 0.035839 -0.055229 0.997829
1179.299808 112.698832 -11.835468 3.686259 -0.000194 0.035915 -0.055303 0.997823
1179.399644 112.837799 -11.851527 3.689234 0.000155 0.034302 -0.055121 0.997890
1179.499484 112.977053 -11.865783 3.687085 -0.000667 0.033923 -0.054902 0.997915
1179.599328 113.112512 -11.878200 3.688761 -0.002139 0.034160 -0.054900 0.997905
1179.699174 113.242493 -11.888744 3.689519 -0.002445 0.033685 -0.054870 0.997922
1179.799820 113.380090 -11.905736 3.687891 -0.002044 0.031604 -0.054874 0.997991
1179.899657 113.522018 -11.926333 3.687801 -0.002585 0.030310 -0.054960 0.998025
1179.999495 113.665419 -11.943779 3.685561 -0.003246 0.032978 -0.055200 0.997925
1180.099324 113.798465 -11.960384 3.681061 -0.003271 0.033205 -0.055151 0.997920
1180.199168 113.935614 -11.977144 3.683423 -0.002364 0.031335 -0.054958 0.997994
1180.299810 114.074495 -11.993520 3.696967 -0.002475 0.027693 -0.055042 0.998097
1180.399648 114.208512 -12.004883 3.716525 -0.002882 0.023882 -0.054983 0.998198
1180.499495 114.348289 -12.019147 3.732562 -0.001825 0.020504 -0.055027 0.998273
1180.599333 114.487062 -12.038197 3.749156 -0.002535 0.019378 -0.054783 0.998307
1180.699180 114.627589 -12.057297 3.766958 -0.005800 0.016309 -0.055099 0.998331
1180.799836 114.779642 -12.076440 3.795795 -0.006885 0.014253 -0.055882 0.998312
1180.899667 114.913512 -12.092784 3.811803 -0.008715 -0.014968 -0.056563 0.998249
1180.999513 115.036010 -12.108396 3.822964 -0.009236 -0.044708 -0.058019 0.997271
1181.099360 115.147367 -12.126645 3.802333 -0.010939 -0.045463 -0.059680 0.997122
1181.199209 115.240940 -12.139377 3.780835 -0.008887 -0.017713 -0.060567 0.997967
1181.299453 115.334216 -12.140921 3.778266 -0.005195 0.007556 -0.060337 0.998136
1181.399285 115.428895 -12.153666 3.805916 -0.001297 0.017435 -0.059022 0.998104
1181.499118 115.510464 -12.171501 3.838089 -0.001336 0.019731 -0.057825 0.998131
1181.599744 115.584609 -12.188313 3.851483 -0.003482 0.019254 -0.057322 0.998164
1181.699572 115.660963 -12.204193 3.846770 -0.005670 0.021510 -0.057174 0.998116
1181.799406 115.734981 -12.218221 3.829587 -0.006603 0.021721 -0.057085 0.998111
1181.899245 115.807526 -12.231782 3.822454 -0.008352 0.022903 -0.056997 0.998077
1181.999484 115.872115 -12.245756 3.827532 -0.010055 0.024319 -0.056549 0.998053
1182.099327 115.941825 -12.261151 3.835377 -0.015651 0.025731 -0.056070 0.997973
1182.199175 116.021323 -12.270137 3.836525 -0.020676 0.024960 -0.055678 0.997923
1182.299816 116.107665 -12.279302 3.833707 -0.022356 0.026149 -0.055012 0.997893
1182.399664 116.196539 -12.289934 3.834483 -0.021005 0.027717 -0.054634 0.997901
1182.499507 116.275625 -12.300098 3.838779 -0.019843 0.028480 -0.054304 0.997921
1182.599330 116.365755 -12.306192 3.840740 -0.018064 0.028205 -0.053911 0.997984
1182.699163 116.469268 -12.310694 3.841463 -0.018074 0.029629 -0.053722 0.997953
1182.799818 116.573071 -12.316074 3.841153 -0.014500 0.032356 -0.053615 0.997932
1182.899650 116.672523 -12.319508 3.840044 -0.011505 0.035777 -0.053399 0.997866
1182.999489 116.775576 -12.322042 3.840739 -0.009559 0.037977 -0.053272 0.997812
1183.099340 116.886123 -12.323210 3.842019 -0.009114 0.039307 -0.053138 0.997772
1183.199181 116.980739 -12.322181 3.844983 -0.010611 0.037113 -0.053289 0.997833
1183.299820 117.067645 -12.322526 3.850402 -0.011540 0.034793 -0.053757 0.997881
1183.399658 117.162330 -12.324053 3.850105 -0.008435 0.036311 -0.054034 0.997843
1183.499505 117.271331 -12.322565 3.842105 -0.006646 0.039264 -0.054322 0.997729
1183.599344 117.377293 -12.316127 3.833194 -0.005781 0.040157 -0.054628 0.997682
1183.699165 117.484060 -12.312099 3.829369 -0.004950 0.039391 -0.055090 0.997692
1183.799789 117.593731 -12.311950 3.832109 -0.004068 0.038559 -0.055436 0.997709
1183.899623 117.701454 -12.319413 3.834313 -0.004512 0.036600 -0.055642 0.997770
1183.999456 117.804873 -12.326564 3.836410 -0.004640 0.034223 -0.056147 0.997825
1184.099299 117.910386 -12.330470 3.839894 -0.005064 0.031358 -0.056284 0.997909
1184.199128 118.027857 -12.330095 3.839087 -0.005081 0.030444 -0.056354 0.997934
1184.299758 118.149730 -12.338156 3.839600 -0.004952 0.030519 -0.056193 0.997941
1184.399617 118.269262 -12.346258 3.841443 -0.004153 0.031202 -0.055977 0.997936
1184.499456 118.392999 -12.351318 3.842903 -0.004120 0.032151 -0.055896 0.997910
1184.599299 118.519067 -12.356170 3.838928 -0.004876 0.033108 -0.055524 0.997896
1184.699139 118.652101 -12.364339 3.840605 -0.005257 0.033544 -0.055500 0.997881
1184.799766 118.781967 -12.372620 3.845226 -0.005663 0.032623 -0.055338 0.997919
1184.899615 118.921302 -12.381778 3.845262 -0.006208 0.030561 -0.055408 0.997977
1184.999459 119.061609 -12.388892 3.847239 -0.006519 0.029313 -0.055567 0.998003
1185.099306 119.200982 -12.400649 3.853655 -0.005907 0.029034 -0.055451 0.998022
1185.199145 119.334584 -12.411176 3.853063 -0.005280 0.027814 -0.055260 0.998071
1185.299770 119.464484 -12.419424 3.845991 -0.005877 0.027161 -0.055458 0.998074
1185.399612 119.593439 -12.428440 3.848058 -0.006330 0.027761 -0.055574 0.998049
1185.499455 119.723579 -12.437090 3.848280 -0.006220 0.026588 -0.055556 0.998082
1185.599285 119.837509 -12.447130 3.848827 -0.006321 0.025360 -0.055621 0.998110
1185.699121 119.968707 -12.458078 3.847541 -0.006506 0.026521 -0.056082 0.998053
1185.799750 120.105795 -12.470046 3.844822 -0.007150 0.027982 -0.056090 0.998008
1185.899589 120.232994 -12.481076 3.842721 -0.007325 0.030596 -0.056181 0.997925
1185.999419 120.366626 -12.490903 3.841771 -0.006694 0.032998 -0.056371 0.997842
1186.099251 120.507811 -12.499040 3.842216 -0.005781 0.032493 -0.056502 0.997857
1186.199501 120.632876 -12.508860 3.846938 -0.004360 0.030179 -0.056769 0.997922
1186.299339 120.751258 -12.517537 3.851570 -0.003067 0.027629 -0.057135 0.997979
1186.399200 120.880685 -12.526389 3.850581 -0.002467 0.024820 -0.057097 0.998057
1186.499443 121.011628 -12.534835 3.852290 -0.002754 0.023834 -0.056773 0.998099
1186.599301 121.139638 -12.548022 3.853369 -0.005781 0.022590 -0.056553 0.998127
1186.699122 121.268131 -12.560674 3.858099 -0.006276 0.022017 -0.056529 0.998138
1186.799758 121.395506 -12.572824 3.863925 -0.006159 0.023070 -0.056505 0.998117
1186.899598 121.510232 -12.584117 3.865936 -0.005438 0.025733 -0.056541 0.998054
1186.999440 121.621399 -12.592308 3.865353 -0.004687 0.027084 -0.056594 0.998019
1187.099294 121.740513 -12.601406 3.860762 -0.003702 0.026197 -0.056586 0.998047
1187.199134 121.852618 -12.610698 3.859146 -0.003208 0.023771 -0.055995 0.998143
1187.299765 121.974664 -12.624055 3.859335 -0.003983 0.023182 -0.055761 0.998167
1187.399618 122.096025 -12.632886 3.864778 -0.003866 0.024614 -0.055519 0.998147
1187.499462 122.213531 -12.640568 3.872874 -0.004500 0.025095 -0.055126 0.998154
1187.599303 122.321719 -12.653664 3.870899 -0.004747 0.023500 -0.055254 0.998184
1187.699160 122.428805 -12.664666 3.864331 -0.005527 0.023123 -0.056147 0.998139
1187.799788 122.552253 -12.670401 3.857056 -0.005593 0.023157 -0.057361 0.998069
1187.899639 122.674489 -12.678725 3.862602 -0.004405 0.024559 -0.058143 0.997996
1187.999483 122.790005 -12.691212 3.870476 -0.003472 0.025671 -0.058491 0.997952
1188.099331 122.900802 -12.700926 3.872120 -0.004893 0.025896 -0.058706 0.997927
1188.199178 123.013558 -12.708613 3.870494 -0.006312 0.025487 -0.058818 0.997923
1188.299810 123.136978 -12.716679 3.868062 -0.005844 0.022709 -0.058424 0.998016
1188.399649 123.255260 -12.726514 3.863567 -0.004159 0.022339 -0.057984 0.998059
1188.499486 123.370896 -12.735926 3.863020 -0.001712 0.022780 -0.057592 0.998079
1188.599342 123.479379 -12.743740 3.866123 0.001385 0.025609 -0.057757 0.998001
1188.699176 123.597995 -12.753402 3.871742 0.002430 0.026865 -0.058352 0.997932
1188.799806 123.726861 -12.765142 3.875074 0.000011 0.024949 -0.058713 0.997963
1188.899660 123.858260 -12.775618 3.872365 -0.003082 0.021468 -0.058718 0.998039
1188.999504 123.984322 -12.786906 3.873860 -0.004352 0.020332 -0.058634 0.998063
1189.099355 124.099416 -12.802169 3.872761 -0.003572 0.021584 -0.058273 0.998061
1189.199200 124.207559 -12.813654 3.873721 -0.002147 0.027998 -0.058435 0.997896
1189.299434 124.313468 -12.820413 3.878326 -0.002712 0.030957 -0.058559 0.997800
1189.399281 124.416256 -12.826167 3.881189 -0.004269 0.029945 -0.058464 0.997831
1189.499121 124.519437 -12.836827 3.882220 -0.003998 0.027919 -0.058946 0.997863
1189.599776 124.620430 -12.854013 3.887207 -0.004218 0.026529 -0.058978 0.997898
1189.699617 124.719381 -12.867895 3.888759 -0.003621 0.025609 -0.059205 0.997911
1189.799458 124.821135 -12.876201 3.884053 -0.002445 0.024541 -0.059414 0.997929
1189.899285 124.931449 -12.883954 3.880640 -0.002574 0.024228 -0.059534 0.997929
1189.999120 125.041113 -12.895369 3.877541 -0.002821 0.025378 -0.059359 0.997910
1190.099763 125.151956 -12.911517 3.878191 -0.004444 0.025346 -0.059452 0.997899
1190.199599 125.262212 -12.926603 3.879967 -0.005671 0.024985 -0.059751 0.997884
1190.299449 125.370266 -12.937768 3.878820 -0.005665 0.025363 -0.059977 0.997861
1190.399288 125.466857 -12.947523 3.873996 -0.005490 0.026879 -0.060009 0.997821
1190.499129 125.564279 -12.960021 3.869732 -0.005582 0.029096 -0.060086 0.997753
1190.599762 125.667303 -12.973012 3.869062 -0.005386 0.030074 -0.060133 0.997723
1190.699611 125.770181 -12.985617 3.870814 -0.004912 0.028111 -0.060276 0.997774
1190.799443 125.874660 -12.994504 3.872335 -0.003299 0.025910 -0.060675 0.997816
1190.899277 125.986143 -13.006437 3.872772 -0.002932 0.025368 -0.060957 0.997814
1190.999122 126.104285 -13.023883 3.874415 -0.004423 0.027335 -0.061115 0.997747
1191.099755 126.220004 -13.040131 3.879234 -0.006449 0.028794 -0.061093 0.997696
1191.199589 126.336358 -13.055485 3.881695 -0.006938 0.025568 -0.060954 0.997789
1191.299423 126.455112 -13.070891 3.884307 -0.006878 0.024497 -0.060808 0.997825
1191.399257 126.567744 -13.086223 3.883691 -0.006061 0.024138 -0.060845 0.997837
1191.499497 126.674530 -13.101261 3.880948 -0.005299 0.025203 -0.060688 0.997824
1191.599342 126.772261 -13.114686 3.882576 -0.004441 0.028016 -0.060354 0.997774
1191.699196 126.867984 -13.125316 3.887745 -0.005933 0.030510 -0.059974 0.997716
1191.799827 126.960213 -13.137389 3.892608 -0.006264 0.029960 -0.059559 0.997755
1191.899665 127.056912 -13.155545 3.894023 -0.006826 0.028828 -0.059234 0.997804
1191.999496 127.168219 -13.174463 3.890874 -0.006676 0.028645 -0.058926 0.997829
1192.099345 127.293332 -13.187399 3.887902 -0.006231 0.030844 -0.059333 0.997742
1192.199174 127.411056 -13.199218 3.885735 -0.006032 0.032399 -0.059562 0.997680
1192.299801 127.528240 -13.212349 3.885342 -0.005868 0.033714 -0.059787 0.997624
1192.399650 127.644494 -13.227273 3.883871 -0.005019 0.033054 -0.059784 0.997651
1192.499504 127.757247 -13.243852 3.884003 -0.005164 0.031420 -0.059543 0.997718
1192.599358 127.869336 -13.259987 3.884934 -0.006346 0.030088 -0.059204 0.997772
1192.699202 127.988177 -13.271163 3.889858 -0.007455 0.029986 -0.058830 0.997790
1192.799434 128.094208 -13.279973 3.890226 -0.007048 0.031459 -0.058947 0.997740
1192.899269 128.195680 -13.293789 3.885141 -0.005387 0.031799 -0.059089 0.997732
1192.999528 128.299384 -13.308804 3.886661 -0.003761 0.031381 -0.059405 0.997734
1193.099374 128.410939 -13.320200 3.893146 -0.003753 0.030595 -0.060177 0.997712
1193.199202 128.526466 -13.330396 3.897225 -0.002219 0.029925 -0.060602 0.997711
1193.299437 128.654343 -13.345157 3.893384 -0.002976 0.029863 -0.060643 0.997708
1193.399277 128.783761 -13.359334 3.894701 -0.003223 0.029810 -0.061131 0.997679
1193.499101 128.917577 -13.373841 3.897128 -0.003742 0.029698 -0.061266 0.997673
1193.599739 129.063957 -13.392276 3.900234 -0.004245 0.029953 -0.061500 0.997649
1193.699568 129.211895 -13.408832 3.899753 -0.003013 0.031984 -0.062005 0.997559
1193.799411 129.357625 -13.425306 3.899114 -0.001651 0.033277 -0.062373 0.997497
1193.899257 129.505267 -13.444205 3.896664 -0.003478 0.035318 -0.062890 0.997389
1193.999499 129.638730 -13.463250 3.898147 -0.003893 0.035832 -0.062821 0.997374
1194.099333 129.735021 -13.482727 3.900775 -0.003450 0.034696 -0.062605 0.997429
1194.199163 129.822914 -13.496662 3.904037 -0.003407 0.034026 -0.062171 0.997479
1194.299795 129.931996 -13.513137 3.904698 -0.003940 0.034278 -0.061674 0.997500
1194.399625 130.049463 -13.532410 3.904616 -0.005034 0.036147 -0.061578 0.997435
1194.499454 130.171133 -13.555249 3.903812 -0.006353 0.037603 -0.061876 0.997355
1194.599301 130.293708 -13.570957 3.909289 -0.005309 0.037610 -0.062621 0.997314
1194.699148 130.424459 -13.585369 3.914040 -0.003370 0.035728 -0.062401 0.997406
1194.799798 130.557076 -13.600648 3.906219 -0.003779 0.033863 -0.062096 0.997488
1194.899646 130.685656 -13.615541 3.900369 -0.004805 0.037352 -0.062144 0.997356
1194.999487 130.816367 -13.638018 3.900055 -0.004615 0.042294 -0.062047 0.997166
1195.099322 130.945406 -13.661050 3.909098 -0.004086 0.044200 -0.062182 0.997077
1195.199171 131.080645 -13.682987 3.917827 -0.003476 0.040915 -0.061932 0.997235
1195.299805 131.219853 -13.700841 3.918148 -0.005331 0.037219 -0.061584 0.997393
1195.399648 131.361896 -13.721283 3.917127 -0.007027 0.034825 -0.061393 0.997481
1195.499483 131.504117 -13.742016 3.917032 -0.007447 0.033058 -0.061403 0.997538
1195.599329 131.648846 -13.761927 3.920861 -0.006941 0.031901 -0.061597 0.997567
1195.699169 131.791776 -13.781477 3.922232 -0.006277 0.030913 -0.061790 0.997591
1195.799811 131.933567 -13.800239 3.924496 -0.006309 0.030360 -0.062127 0.997586
1195.899652 132.067816 -13.822466 3.926703 -0.009013 0.028972 -0.062235 0.997600
1195.999496 132.199941 -13.837246 3.926358 -0.016177 0.029157 -0.062652 0.997478
1196.099338 132.336691 -13.851761 3.927137 -0.019765 0.028415 -0.062536 0.997442
1196.199181 132.476527 -13.870594 3.927424 -0.019126 0.026994 -0.062304 0.997509
1196.299820 132.616206 -13.886267 3.930307 -0.014786 0.024873 -0.062341 0.997635
1196.399657 132.762253 -13.900333 3.934217 -0.009118 0.023932 -0.062510 0.997716
1196.499494 132.904968 -13.913765 3.933571 -0.005948 0.023174 -0.062528 0.997756
1196.599325 133.033243 -13.924197 3.930630 -0.005247 0.022057 -0.062591 0.997782
1196.699157 133.171186 -13.936148 3.930090 -0.005871 0.020890 -0.062818 0.997789
1196.799793 133.311718 -13.948651 3.929894 -0.006446 0.019270 -0.062731 0.997824
1196.899640 133.446971 -13.958070 3.916310 -0.006984 0.004203 -0.062900 0.997987
1196.999494 133.566140 -13.967601 3.939618 -0.007713 -0.009163 -0.062853 0.997951
1197.099334 133.678869 -13.979826 3.945726 -0.005554 -0.019917 -0.062966 0.997801
1197.199167 133.786250 -13.984355 3.956370 -0.007049 -0.003737 -0.063297 0.997963
1197.299810 133.880504 -13.986450 3.964364 -0.007758 0.014712 -0.063194 0.997863
1197.399662 133.969521 -13.990184 3.960785 -0.007081 0.018793 -0.062917 0.997817
1197.499497 134.066126 -14.000282 3.969265 -0.007330 0.019392 -0.062770 0.997813
1197.599341 134.168054 -14.014930 3.986895 -0.007533 0.019372 -0.062520 0.997827
1197.699196 134.275933 -14.031879 4.003358 -0.007867 0.020371 -0.062562 0.997802
1197.799843 134.381062 -14.041090 4.025212 -0.007683 0.023717 -0.062807 0.997714
1197.899690 134.482111 -14.046041 4.051046 -0.007334 0.027772 -0.063111 0.997593
1197.999548 134.581530 -14.054114 4.073631 -0.006462 0.030525 -0.063336 0.997504
1198.099389 134.683825 -14.062430 4.083941 -0.005400 0.030891 -0.063791 0.997470
1198.199229 134.788839 -14.073665 4.091340 -0.004379 0.031729 -0.063747 0.997452
1198.299466 134.890906 -14.085265 4.097212 -0.003293 0.036871 -0.063685 0.997283
1198.399311 134.996820 -14.096417 4.104036 -0.003964 0.044020 -0.064177 0.996959
1198.499148 135.110699 -14.106684 4.104059 -0.004520 0.048230 -0.064183 0.996762
1198.599785 135.229591 -14.116008 4.105349 -0.004531 0.049573 -0.064428 0.996680
1198.699628 135.346782 -14.128696 4.106317 -0.004579 0.047646 -0.064442 0.996773
1198.799476 135.458988 -14.144874 4.111322 -0.003733 0.047470 -0.064330 0.996792
1198.899318 135.569658 -14.159868 4.113634 -0.003486 0.048574 -0.064478 0.996730
1198.999162 135.694231 -14.175352 4.110001 -0.003840 0.049618 -0.064848 0.996653
1199.099818 135.822809 -14.186755 4.110289 -0.004057 0.049001 -0.064996 0.996673
1199.199675 135.961124 -14.197881 4.116910 -0.004415 0.045841 -0.065242 0.996806
1199.299503 136.096972 -14.216407 4.117669 -0.004198 0.043754 -0.065070 0.996912
1199.399352 136.227444 -14.238171 4.116036 -0.004423 0.042808 -0.064686 0.996977
1199.499200 136.366752 -14.258349 4.113987 -0.004693 0.045683 -0.064612 0.996853
1199.599448 136.514231 -14.277944 4.113101 -0.004520 0.047654 -0.064745 0.996753
1199.699293 136.665861 -14.292152 4.109373 -0.005709 0.045073 -0.065232 0.996835
1199.799129 136.817806 -14.310538 4.111463 -0.006598 0.040147 -0.065965 0.996992
1199.899755 136.982086 -14.331075 4.122181 -0.004798 0.037841 -0.066055 0.997087
1199.999597 137.140829 -14.351904 4.133232 -0.004298 0.036069 -0.065708 0.997178
1200.099434 137.296306 -14.371805 4.134355 -0.005991 0.037282 -0.065822 0.997117
1200.199278 137.444937 -14.391184 4.128373 -0.007256 0.040271 -0.065918 0.996986
1200.299126 137.598484 -14.411203 4.127885 -0.006784 0.043064 -0.066007 0.996866
1200.399767 137.754316 -14.428963 4.134980 -0.005529 0.042133 -0.066359 0.996891
1200.499609 137.909480 -14.447147 4.137348 -0.004596 0.037161 -0.066610 0.997076
1200.599452 138.070367 -14.470336 4.137746 -0.004491 0.033253 -0.066905 0.997195
1200.699285 138.223121 -14.490703 4.134856 -0.005078 0.030917 -0.067090 0.997255
1200.799124 138.379790 -14.513682 4.134592 -0.005738 0.030951 -0.066848 0.997266
1200.899778 138.551249 -14.536524 4.137949 -0.005517 0.032749 -0.066757 0.997216
1200.999599 138.723706 -14.558519 4.139137 -0.004854 0.035145 -0.066743 0.997139
1201.099428 138.890011 -14.581913 4.136645 -0.004734 0.036428 -0.066665 0.997099
1201.199271 139.045693 -14.603934 4.143023 -0.004486 0.038587 -0.066845 0.997007
1201.299517 139.221259 -14.627118 4.148575 -0.004575 0.038878 -0.067086 0.996979
1201.399350 139.400350 -14.649110 4.150024 -0.004766 0.039208 -0.066914 0.996977
1201.499194 139.583347 -14.672557 4.154149 -0.003851 0.039673 -0.066649 0.996980
1201.599821 139.754263 -14.698386 4.157973 -0.004385 0.038979 -0.065983 0.997050
1201.699664 139.921442 -14.722904 4.162258 -0.006542 0.036770 -0.065837 0.997131
1201.799509 140.089033 -14.746074 4.165668 -0.006585 0.037414 -0.065413 0.997135
1201.899340 140.250359 -14.769068 4.165857 -0.007173 0.038463 -0.065177 0.997106
1201.999170 140.423694 -14.794758 4.165079 -0.006347 0.037298 -0.065258 0.997151
1202.099801 140.596544 -14.816654 4.166453 -0.005459 0.033949 -0.065510 0.997259
1202.199620 140.771728 -14.838660 4.172325 -0.004860 0.028889 -0.065780 0.997404
1202.299466 140.948277 -14.859973 4.175648 -0.005126 0.024914 -0.066270 0.997477
1202.399294 141.123981 -14.884696 4.182429 -0.004565 0.024202 -0.066114 0.997508
1202.499135 141.303529 -14.911624 4.182569 -0.003993 0.024574 -0.065689 0.997529
1202.599770 141.479459 -14.931836 4.182309 -0.004653 0.022013 -0.065529 0.997597
1202.699597 141.645970 -14.951901 4.179487 -0.008232 0.019762 -0.065486 0.997624
1202.799446 141.803756 -14.971906 4.180140 -0.010812 0.015740 -0.065376 0.997678
1202.899282 141.964046 -14.989336 4.183645 -0.013966 0.013016 -0.065410 0.997676
1202.999122 142.120976 -15.007785 4.191972 -0.014702 0.011707 -0.065730 0.997660
1203.099754 142.276253 -15.024901 4.188311 -0.012185 0.011478 -0.066911 0.997618
1203.199595 142.422522 -15.041953 4.183707 -0.008185 0.005465 -0.068103 0.997630
1203.299443 142.554145 -15.052686 4.201488 -0.005190 -0.048079 -0.068819 0.996456
1203.399295 142.668888 -15.063313 4.198493 -0.006336 -0.087932 -0.069101 0.993707
1203.499119 142.767040 -15.069164 4.177655 -0.006631 -0.084455 -0.069780 0.993959
1203.599752 142.851699 -15.075830 4.157782 -0.008120 -0.057081 -0.069695 0.995901
1203.699599 142.914093 -15.088295 4.154812 -0.008057 -0.018671 -0.069149 0.997399
1203.799442 142.971761 -15.092093 4.179986 -0.008668 0.005144 -0.068825 0.997578
1203.899289 143.026926 -15.100783 4.214437 -0.007676 0.010330 -0.068677 0.997556
1203.999124 143.080624 -15.110042 4.211750 -0.007291 0.002432 -0.068712 0.997607
1204.099767 143.135551 -15.115279 4.194593 -0.006754 0.001434 -0.068709 0.997613
1204.199600 143.184786 -15.120066 4.185776 -0.006957 0.009393 -0.068847 0.997559
1204.299443 143.229863 -15.125661 4.196030 -0.007277 0.018433 -0.068813 0.997433
1204.399297 143.272038 -15.132879 4.203418 -0.007256 0.022903 -0.068778 0.997343
1204.499139 143.314455 -15.141902 4.209299 -0.006963 0.022944 -0.068588 0.997357
1204.599770 143.360667 -15.145479 4.207414 -0.006962 0.021807 -0.068703 0.997374
1204.699608 143.394091 -15.148232 4.198340 -0.006358 0.020890 -0.068696 0.997399
1204.799450 143.427937 -15.153409 4.194035 -0.006052 0.023310 -0.068765 0.997342
1204.899274 143.461780 -15.161692 4.197791 -0.005694 0.027322 -0.068913 0.997232
1204.999519 143.497582 -15.172155 4.204531 -0.004611 0.030661 -0.068770 0.997151
1205.099357 143.542094 -15.176029 4.206547 -0.005382 0.032182 -0.069023 0.997081
1205.199202 143.587097 -15.179161 4.207108 -0.005402 0.032472 -0.068714 0.997093
1205.299438 143.631430 -15.190107 4.205513 -0.005341 0.031450 -0.068296 0.997155
1205.399276 143.684020 -15.202355 4.204042 -0.005280 0.031211 -0.068385 0.997157
1205.499508 143.730276 -15.214643 4.211004 -0.006073 0.033290 -0.068088 0.997105
1205.599344 143.776641 -15.223371 4.220176 -0.005435 0.036959 -0.067899 0.996993
1205.699181 143.825083 -15.228240 4.219875 -0.005829 0.038043 -0.067960 0.996945
1205.799823 143.873547 -15.236710 4.224156 -0.006564 0.037168 -0.067822 0.996983
1205.899667 143.924974 -15.246414 4.232914 -0.006963 0.036497 -0.067916 0.996999
1205.999503 143.981045 -15.265793 4.240860 -0.006693 0.038891 -0.067387 0.996946
1206.099334 144.043989 -15.281281 4.245186 -0.006950 0.044136 -0.067341 0.996729
1206.199174 144.113325 -15.286322 4.250949 -0.006371 0.047973 -0.067282 0.996560
1206.299808 144.184963 -15.292223 4.267934 -0.006458 0.048293 -0.067347 0.996539
1206.399632 144.260758 -15.308987 4.283594 -0.007081 0.047157 -0.067352 0.996589
1206.499467 144.340378 -15.323925 4.298121 -0.008011 0.044706 -0.067257 0.996701
1206.599314 144.421321 -15.334369 4.306921 -0.011510 0.042234 -0.067305 0.996772
1206.699146 144.492099 -15.341653 4.307853 -0.015789 0.041830 -0.067567 0.996712
1206.799792 144.567849 -15.350747 4.309488 -0.017330 0.045609 -0.067218 0.996545
1206.899640 144.658981 -15.360750 4.313627 -0.017564 0.048750 -0.067203 0.996393
1206.999476 144.744927 -15.367915 4.320404 -0.017098 0.048327 -0.066990 0.996436
1207.099322 144.828529 -15.373201 4.324730 -0.013878 0.044704 -0.066804 0.996668
1207.199159 144.917327 -15.373606 4.320971 -0.013301 0.040958 -0.067053 0.996820
1207.299809 145.020653 -15.377024 4.312905 -0.012958 0.038634 -0.067311 0.996900
1207.399649 145.132457 -15.383225 4.314326 -0.012169 0.036174 -0.067289 0.997003
1207.499492 145.243139 -15.385585 4.319453 -0.011633 0.032124 -0.067387 0.997142
1207.599335 145.354072 -15.381404 4.321957 -0.013171 0.027765 -0.067920 0.997217
1207.699175 145.466290 -15.380049 4.318618 -0.013978 0.025616 -0.067829 0.997270
1207.799815 145.581541 -15.383768 4.315388 -0.015007 0.028022 -0.067992 0.997179
1207.899646 145.695842 -15.387409 4.313748 -0.014266 0.031360 -0.068133 0.997081
1207.999476 145.804537 -15.386104 4.314256 -0.011463 0.034165 -0.067933 0.997039
1208.099317 145.921263 -15.380261 4.313660 -0.008957 0.034443 -0.067950 0.997054
1208.199153 146.038783 -15.379314 4.313324 -0.006956 0.033496 -0.067995 0.997099
1208.299795 146.154314 -15.375532 4.308711 -0.005644 0.031300 -0.068114 0.997170
1208.399621 146.266240 -15.369946 4.307903 -0.005382 0.030848 -0.068314 0.997172
1208.499465 146.381979 -15.368770 4.309951 -0.004920 0.031083 -0.067949 0.997192
1208.599301 146.489401 -15.364397 4.313802 -0.004337 0.031296 -0.067593 0.997213
1208.699130 146.600661 -15.359213 4.316070 -0.004740 0.030847 -0.067648 0.997221
1208.799776 146.711549 -15.355671 4.308095 -0.004874 0.029612 -0.067918 0.997239
1208.899607 146.823148 -15.355146 4.300461 -0.004760 0.029122 -0.068153 0.997238
1208.999444 146.935726 -15.356587 4.304523 -0.004175 0.028859 -0.068501 0.997225
1209.099288 147.055006 -15.355579 4.309904 -0.002913 0.028884 -0.069151 0.997184
1209.199140 147.176820 -15.353362 4.313266 -0.003544 0.030414 -0.069391 0.997119
1209.299781 147.301760 -15.355829 4.305099 -0.003458 0.029335 -0.069587 0.997138
1209.399612 147.415506 -15.354903 4.298549 -0.002717 0.023906 -0.071343 0.997162
1209.499457 147.529859 -15.356780 4.298958 -0.002579 0.017621 -0.072911 0.997179
1209.599283 147.644942 -15.361690 4.304184 -0.001185 0.013883 -0.075445 0.997053
1209.699117 147.754170 -15.372244 4.310984 -0.003211 0.013493 -0.077131 0.996924
1209.799754 147.863419 -15.381856 4.309491 -0.004509 0.013551 -0.078040 0.996848
1209.899596 147.968409 -15.389676 4.303139 -0.004983 0.013814 -0.078167 0.996832
1209.999432 148.064918 -15.391326 4.303010 -0.004772 0.016066 -0.078277 0.996791
1210.099256 148.164695 -15.392391 4.307922 -0.005384 0.017184 -0.078267 0.996770
1210.199489 148.264819 -15.399314 4.310212 -0.005937 0.017645 -0.078180 0.996765
1210.299341 148.362777 -15.406598 4.305364 -0.006901 0.018264 -0.078459 0.996726
1210.399174 148.447914 -15.412758 4.306685 -0.006523 0.019390 -0.078423 0.996710
1210.499810 148.528952 -15.419743 4.312295 -0.006500 0.019708 -0.078282 0.996715
1210.599651 148.618638 -15.425780 4.317997 -0.006645 0.019693 -0.078296 0.996713
1210.699499 148.718238 -15.433392 4.317435 -0.006694 0.019022 -0.078477 0.996712
1210.799331 148.816569 -15.443029 4.313261 -0.006549 0.020156 -0.078098 0.996720
1210.899177 148.908658 -15.451937 4.308904 -0.007174 0.022307 -0.078422 0.996645
1210.999805 149.004986 -15.462103 4.317090 -0.006554 0.026202 -0.078364 0.996559
1211.099653 149.100687 -15.470445 4.313312 -0.006115 0.028261 -0.078057 0.996530
1211.199488 149.195114 -15.474883 4.308643 -0.005931 0.029289 -0.078143 0.996494
1211.299312 149.282715 -15.479854 4.310472 -0.005353 0.028928 -0.078033 0.996517
1211.399155 149.365109 -15.492210 4.314024 -0.006373 0.028430 -0.078014 0.996526
1211.499801 149.453325 -15.501221 4.317643 -0.007327 0.027649 -0.078230 0.996525
1211.599642 149.542715 -15.509812 4.321345 -0.006629 0.029049 -0.078257 0.996488
1211.699478 149.626154 -15.521811 4.323714 -0.005862 0.030097 -0.077750 0.996501
1211.799312 149.701833 -15.531233 4.322781 -0.005149 0.029364 -0.077381 0.996556
1211.899143 149.776162 -15.537465 4.317194 -0.005680 0.026531 -0.077090 0.996655
1211.999793 149.859764 -15.549140 4.318606 -0.006587 0.024690 -0.076486 0.996743
1212.099637 149.960559 -15.562104 4.316642 -0.008291 0.024256 -0.075830 0.996791
1212.199469 150.056961 -15.569994 4.319738 -0.009706 0.025223 -0.075647 0.996768
1212.299306 150.149869 -15.577327 4.327889 -0.009904 0.025811 -0.075748 0.996744
1212.399153 150.247636 -15.586990 4.331038 -0.010516 0.026381 -0.076567 0.996660
1212.499791 150.352988 -15.598597 4.329681 -0.010005 0.026947 -0.077728 0.996560
1212.599634 150.450189 -15.611082 4.329124 -0.006271 0.028560 -0.078414 0.996492
1212.699478 150.545954 -15.623183 4.323783 -0.004337 0.029236 -0.078731 0.996458
1212.799327 150.631506 -15.632809 4.320992 -0.003480 0.032207 -0.078980 0.996350
1212.899170 150.710018 -15.640758 4.323178 -0.003417 0.035628 -0.079471 0.996194
1212.999813 150.792210 -15.650893 4.328616 -0.002972 0.035687 -0.079723 0.996174
1213.099643 150.884583 -15.658987 4.328792 -0.003264 0.031645 -0.080582 0.996240
1213.199495 150.984174 -15.670484 4.324122 -0.003611 0.029898 -0.081279 0.996236
1213.299351 151.083523 -15.683624 4.319045 -0.003866 0.029303 -0.081626 0.996225
1213.399192 151.185017 -15.697881 4.315882 -0.004231 0.029441 -0.081962 0.996192
1213.499841 151.293661 -15.709702 4.314124 -0.004146 0.030211 -0.082153 0.996153
1213.599662 151.397267 -15.722022 4.318002 -0.004900 0.033066 -0.082050 0.996067
1213.699508 151.491849 -15.739301 4.318627 -0.004979 0.033544 -0.081707 0.996079
1213.799350 151.590027 -15.760369 4.319602 -0.006547 0.032613 -0.081250 0.996139
1213.899181 151.686721 -15.779591 4.313994 -0.007538 0.029860 -0.080901 0.996246
1213.999831 151.774701 -15.792206 4.311213 -0.008782 0.029668 -0.080631 0.996264
1214.099664 151.863900 -15.802869 4.312678 -0.009476 0.029481 -0.080927 0.996239
1214.199513 151.959632 -15.818933 4.315691 -0.009007 0.028922 -0.081006 0.996253
1214.299354 152.060948 -15.835636 4.315071 -0.007419 0.028047 -0.081050 0.996288
1214.399184 152.171772 -15.851169 4.310100 -0.006389 0.027983 -0.081134 0.996290
1214.499823 152.283157 -15.870432 4.311832 -0.005399 0.028364 -0.080747 0.996316
1214.599664 152.394198 -15.892042 4.313212 -0.006017 0.029529 -0.080277 0.996317
1214.699488 152.509434 -15.911237 4.319250 -0.007704 0.030207 -0.079959 0.996311
1214.799327 152.619040 -15.927435 4.324984 -0.009026 0.029886 -0.079398 0.996354
1214.899160 152.720216 -15.939636 4.325836 -0.009022 0.029117 -0.079052 0.996404
1214.999790 152.818656 -15.954320 4.322161 -0.008206 0.029528 -0.078797 0.996419
1215.099633 152.917167 -15.969934 4.317977 -0.007635 0.030181 -0.078655 0.996416
1215.199475 153.016497 -15.988200 4.312261 -0.006565 0.031758 -0.078672 0.996373
1215.299326 153.116509 -16.007419 4.309754 -0.005596 0.032051 -0.078561 0.996378
1215.399168 153.219487 -16.025724 4.312002 -0.005608 0.030473 -0.078302 0.996448
1215.499802 153.327204 -16.042498 4.317609 -0.006562 0.027899 -0.078284 0.996519
1215.599640 153.432612 -16.057659 4.319417 -0.007841 0.027422 -0.078387 0.996515
1215.699490 153.529938 -16.072371 4.315613 -0.008339 0.027816 -0.078593 0.996484
1215.799343 153.635681 -16.091702 4.313176 -0.008022 0.029177 -0.078760 0.996434
1215.899185 153.747971 -16.112472 4.310134 -0.008241 0.029707 -0.078923 0.996404
1215.999817 153.856715 -16.132165 4.312526 -0.008029 0.030180 -0.079109 0.996377
1216.099659 153.968187 -16.155555 4.311596 -0.008238 0.029546 -0.079153 0.996390
1216.199501 154.077782 -16.181507 4.310431 -0.009487 0.028632 -0.078881 0.996428
1216.299360 154.189457 -16.199512 4.314358 -0.009882 0.027816 -0.078880 0.996447
1216.399214 154.299688 -16.216864 4.320354 -0.009990 0.027412 -0.078471 0.996489
1216.499454 154.408311 -16.235911 4.324471 -0.009556 0.026474 -0.078164 0.996543
1216.599296 154.516262 -16.253105 4.326022 -0.011205 0.023654 -0.078379 0.996580
1216.699121 154.634001 -16.269715 4.326806 -0.014055 0.020460 -0.078823 0.996580
1216.799752 154.747449 -16.290606 4.326799 -0.015832 0.017994 -0.078488 0.996627
1216.899603 154.860253 -16.310414 4.324896 -0.015543 0.017508 -0.078805 0.996615
1216.999442 154.969753 -16.323794 4.321277 -0.014424 0.018785 -0.078990 0.996594
1217.099281 155.081912 -16.341531 4.319184 -0.012410 0.021637 -0.078555 0.996598
1217.199126 155.193999 -16.360241 4.323609 -0.012097 0.023922 -0.078507 0.996553
1217.299762 155.297357 -16.375656 4.319901 -0.011699 0.024280 -0.078645 0.996538
1217.399596 155.399018 -16.385006 4.318456 -0.010829 0.023923 -0.078675 0.996554
1217.499430 155.502196 -16.392049 4.321931 -0.009316 0.024078 -0.078503 0.996579
1217.599270 155.599704 -16.404316 4.316163 -0.008223 0.024440 -0.078206 0.996604
1217.699530 155.698875 -16.421554 4.307980 -0.007727 0.024497 -0.078013 0.996621
1217.799363 155.802772 -16.438583 4.309735 -0.008189 0.023701 -0.078059 0.996633
1217.899214 155.903966 -16.456250 4.314994 -0.009082 0.023336 -0.077632 0.996668
1217.999451 155.997230 -16.471207 4.319553 -0.009556 0.023243 -0.077344 0.996688
1218.099293 156.094668 -16.483248 4.324335 -0.010810 0.023689 -0.077403 0.996660
1218.199136 156.191834 -16.491756 4.326993 -0.010895 0.024214 -0.077195 0.996662
1218.299769 156.292409 -16.501837 4.337742 -0.010795 0.024789 -0.077303 0.996641
1218.399612 156.393629 -16.514453 4.349744 -0.009942 0.025284 -0.077413 0.996629
1218.499444 156.480313 -16.530254 4.363517 -0.009221 0.026216 -0.077707 0.996589
1218.599284 156.565967 -16.547552 4.378475 -0.009041 0.027524 -0.077963 0.996535
1218.699130 156.652269 -16.560704 4.393059 -0.008534 0.028640 -0.078403 0.996474
1218.799767 156.732033 -16.566200 4.414001 -0.008635 0.030968 -0.079212 0.996339
1218.899604 156.818629 -16.576479 4.429792 -0.007969 0.032440 -0.079502 0.996275
1218.999455 156.911141 -16.589066 4.445014 -0.006783 0.032663 -0.079856 0.996248
1219.099288 157.009825 -16.601118 4.454050 -0.006985 0.030920 -0.080457 0.996254
1219.199127 157.109189 -16.612421 4.466955 -0.007025 0.031219 -0.080669 0.996227
1219.299761 157.212052 -16.627621 4.479722 -0.006520 0.032498 -0.080540 0.996200
1219.399587 157.316850 -16.642648 4.496161 -0.007079 0.033310 -0.080673 0.996159
1219.499426 157.420458 -16.659298 4.502625 -0.008004 0.032114 -0.080219 0.996228
1219.599269 157.520332 -16.675445 4.506039 -0.008401 0.031336 -0.079700 0.996291
1219.699512 157.618331 -16.690745 4.504802 -0.007835 0.030321 -0.079270 0.996361
1219.799340 157.724878 -16.703720 4.503858 -0.008768 0.030709 -0.078870 0.996373
1219.899182 157.835688 -16.719095 4.509365 -0.008766 0.032672 -0.078640 0.996329
1219.999822 157.946645 -16.736085 4.518750 -0.007898 0.036362 -0.078718 0.996202
1220.099668 158.050009 -16.745838 4.525544 -0.005527 0.039654 -0.079166 0.996057
1220.199505 158.151200 -16.753953 4.533288 -0.004147 0.039182 -0.079967 0.996018
1220.299342 158.251866 -16.768756 4.539167 -0.004172 0.035813 -0.080325 0.996116
1220.399185 158.352234 -16.782920 4.537524 -0.004288 0.033895 -0.081116 0.996119
1220.499829 158.470872 -16.799344 4.531738 -0.004077 0.033703 -0.081561 0.996090
1220.599658 158.588098 -16.816564 4.526945 -0.004523 0.034431 -0.081248 0.996089
1220.699488 158.696816 -16.830898 4.527635 -0.004956 0.034360 -0.081148 0.996097
1220.799331 158.796265 -16.847589 4.533763 -0.005221 0.032990 -0.080563 0.996190
1220.899159 158.898227 -16.865182 4.533054 -0.005629 0.030836 -0.080061 0.996297
1220.999798 158.997751 -16.884067 4.537791 -0.006744 0.031483 -0.079860 0.996286
1221.099655 159.087016 -16.897824 4.534347 -0.006391 0.033103 -0.079989 0.996225
1221.199499 159.182091 -16.911495 4.520769 -0.007000 0.033824 -0.080059 0.996191
1221.299346 159.283669 -16.923873 4.520611 -0.006623 0.032712 -0.080048 0.996232
1221.399196 159.394251 -16.937611 4.524972 -0.006382 0.031472 -0.080411 0.996244
1221.499831 159.505666 -16.953041 4.528374 -0.006322 0.030525 -0.080503 0.996267
1221.599685 159.612188 -16.970461 4.528855 -0.006737 0.029499 -0.080181 0.996321
1221.699522 159.719198 -16.988115 4.527793 -0.006371 0.029796 -0.079915 0.996336
1221.799371 159.822776 -16.999586 4.525395 -0.005878 0.030777 -0.079963 0.996305
1221.899205 159.925441 -17.009668 4.521679 -0.005079 0.031243 -0.079979 0.996294
1221.999444 160.026097 -17.023278 4.523335 -0.003805 0.031929 -0.080147 0.996264
1222.099290 160.124189 -17.040032 4.525801 -0.004238 0.031109 -0.080626 0.996250
1222.199139 160.215869 -17.057648 4.526181 -0.004896 0.029861 -0.080670 0.996281
1222.299768 160.313778 -17.072632 4.529402 -0.005348 0.027866 -0.080540 0.996347
1222.399601 160.414884 -17.081684 4.533580 -0.006175 0.028975 -0.080461 0.996317
1222.499439 160.524997 -17.095120 4.535424 -0.009923 0.031835 -0.080539 0.996193
1222.599290 160.626598 -17.115383 4.539326 -0.011878 0.035063 -0.080765 0.996045
1222.699136 160.713403 -17.136887 4.533633 -0.009913 0.033947 -0.080975 0.996089
1222.799780 160.820707 -17.149947 4.527405 -0.007207 0.032855 -0.081361 0.996117
1222.899620 160.928477 -17.159706 4.526220 -0.005825 0.033104 -0.081720 0.996088
1222.999467 161.034907 -17.171863 4.529162 -0.005967 0.035114 -0.081950 0.996000
1223.099319 161.154317 -17.186753 4.530873 -0.005877 0.036284 -0.081925 0.995960
1223.199150 161.256390 -17.199765 4.543472 -0.006813 0.036956 -0.081840 0.995937
1223.299792 161.369323 -17.216982 4.544478 -0.008038 0.036078 -0.081987 0.995948
1223.399626 161.478293 -17.236990 4.538985 -0.012805 0.034807 -0.081844 0.995955
1223.499457 161.587178 -17.253665 4.537713 -0.014227 0.034926 -0.081733 0.995940
1223.599289 161.687680 -17.265864 4.543411 -0.014617 0.036579 -0.081586 0.995888
1223.699128 161.788125 -17.275363 4.542530 -0.013189 0.037212 -0.081259 0.995911
1223.799775 161.883992 -17.281499 4.540504 -0.012288 0.036943 -0.081262 0.995932
1223.899608 161.982785 -17.289817 4.546730 -0.011604 0.035487 -0.081447 0.995978
1223.999442 162.088019 -17.304002 4.550900 -0.011962 0.034658 -0.081348 0.996011
1224.099282 162.181479 -17.315424 4.545152 -0.010601 0.035180 -0.081377 0.996006
1224.199126 162.274617 -17.323051 4.541788 -0.008833 0.035875 -0.081411 0.995996
1224.299773 162.385072 -17.327985 4.544423 -0.009489 0.035915 -0.081533 0.995978
1224.399608 162.506421 -17.330580 4.546842 -0.010913 0.036221 -0.081725 0.995937
1224.499441 162.625026 -17.338583 4.545343 -0.010654 0.035559 -0.081706 0.995965
1224.599271 162.741678 -17.350861 4.547774 -0.012058 0.035612 -0.081732 0.995945
1224.699496 162.872681 -17.360152 4.546535 -0.013029 0.036946 -0.081740 0.995883
1224.799340 163.008206 -17.364357 4.540023 -0.012088 0.037825 -0.081701 0.995865
1224.899192 163.136746 -17.367603 4.534612 -0.011714 0.037152 -0.081873 0.995881
1224.999834 163.261569 -17.373323 4.533287 -0.011836 0.035045 -0.081961 0.995949
1225.099677 163.383421 -17.380082 4.538574 -0.012038 0.031861 -0.081930 0.996056
1225.199502 163.498599 -17.383408 4.545017 -0.010415 0.031232 -0.082008 0.996088
1225.299341 163.613966 -17.386553 4.555382 -0.009387 0.033109 -0.081832 0.996052
1225.399171 163.719253 -17.391118 4.553610 -0.008060 0.032964 -0.081419 0.996102
1225.499807 163.820153 -17.395220 4.542110 -0.007719 0.032094 -0.081341 0.996140
1225.599662 163.923052 -17.399291 4.538339 -0.007267 0.032147 -0.081525 0.996126
1225.699510 164.031893 -17.406221 4.540172 -0.007167 0.032198 -0.081582 0.996121
1225.799351 164.139583 -17.409439 4.540023 -0.007584 0.030954 -0.081818 0.996138
1225.899194 164.241869 -17.409549 4.540166 -0.007701 0.032431 -0.081947 0.996079
1225.999840 164.336227 -17.412582 4.540700 -0.007511 0.033565 -0.081760 0.996058
1226.099676 164.426893 -17.420234 4.541885 -0.007480 0.032143 -0.081739 0.996107
1226.199526 164.519559 -17.427627 4.542437 -0.007175 0.030056 -0.082046 0.996149
1226.299378 164.617264 -17.433581 4.537930 -0.007082 0.027778 -0.082216 0.996202
1226.399232 164.722074 -17.437652 4.529200 -0.007611 0.026071 -0.082006 0.996262
1226.499469 164.828136 -17.446217 4.531395 -0.008578 0.026373 -0.081804 0.996263
1226.599306 164.932782 -17.456310 4.533421 -0.009566 0.026672 -0.081371 0.996281
1226.699138 165.041743 -17.469096 4.530274 -0.010091 0.027586 -0.081142 0.996270
1226.799779 165.154215 -17.479784 4.526945 -0.009903 0.028596 -0.081164 0.996241
1226.899600 165.254883 -17.486297 4.523982 -0.008516 0.029256 -0.081269 0.996226
1226.999432 165.346485 -17.489642 4.529251 -0.008538 0.027963 -0.081368 0.996255
1227.099263 165.435578 -17.494176 4.532070 -0.008057 0.027372 -0.081332 0.996279
1227.199516 165.526045 -17.501650 4.526324 -0.008118 0.027349 -0.081288 0.996282
1227.299358 165.615533 -17.513244 4.519889 -0.008957 0.027174 -0.081320 0.996277
1227.399191 165.698673 -17.522390 4.523560 -0.008543 0.011667 -0.081266 0.996588
1227.499831 165.771051 -17.525725 4.531541 -0.008240 0.000737 -0.081248 0.996660
1227.599674 165.846040 -17.530827 4.521781 -0.008363 -0.004968 -0.081790 0.996602
1227.699509 165.929636 -17.542409 4.515569 -0.007686 0.008953 -0.081706 0.996587
1227.799352 166.010013 -17.549882 4.512383 -0.007430 0.023445 -0.081497 0.996370
1227.899196 166.076640 -17.554790 4.515278 -0.008122 0.027915 -0.081427 0.996255
1227.999852 166.139518 -17.562764 4.521861 -0.007750 0.028787 -0.081181 0.996253
1228.099698 166.194470 -17.566732 4.529176 -0.007806 0.027974 -0.081260 0.996270
1228.199517 166.262261 -17.567348 4.524820 -0.006872 0.029330 -0.081443 0.996223
1228.299367 166.327656 -17.573575 4.512898 -0.006401 0.030448 -0.081247 0.996208
1228.399207 166.396038 -17.587022 4.505521 -0.006558 0.031934 -0.081008 0.996180
1228.499449 166.461295 -17.596144 4.508719 -0.007108 0.033671 -0.081185 0.996105
1228.599295 166.524199 -17.603007 4.517129 -0.007107 0.034257 -0.081203 0.996083
1228.699132 166.582124 -17.604974 4.520767 -0.006334 0.035256 -0.081249 0.996050
1228.799770 166.645456 -17.607841 4.519424 -0.006380 0.037036 -0.081443 0.995969
1228.899617 166.707125 -17.615541 4.513913 -0.006110 0.037835 -0.081384 0.995946
1228.999443 166.774331 -17.626977 4.508958 -0.006210 0.038396 -0.081353 0.995926
1229.099290 166.845521 -17.638370 4.508320 -0.006622 0.038623 -0.081462 0.995906
1229.199131 166.920064 -17.644360 4.512415 -0.006998 0.037669 -0.081883 0.995905
1229.299780 166.999901 -17.648370 4.512173 -0.006150 0.035621 -0.081787 0.995994
1229.399626 167.077109 -17.653920 4.504484 -0.005877 0.036920 -0.081712 0.995955
1229.499455 167.168925 -17.669300 4.496803 -0.006645 0.038804 -0.081711 0.995878
1229.599294 167.267392 -17.685230 4.494194 -0.006771 0.040685 -0.081727 0.995801
1229.699141 167.368821 -17.699857 4.502646 -0.006620 0.039812 -0.080938 0.995902
1229.799775 167.468731 -17.714668 4.507937 -0.006954 0.037293 -0.080319 0.996047
1229.899620 167.561721 -17.725895 4.513972 -0.009309 0.034701 -0.079715 0.996170
1229.999478 167.657547 -17.734482 4.510193 -0.010433 0.034471 -0.080151 0.996132
1230.099320 167.748804 -17.741841 4.505128 -0.008423 0.034887 -0.080444 0.996113
1230.199165 167.832634 -17.752699 4.500471 -0.007773 0.033391 -0.080928 0.996130
1230.299814 167.910874 -17.766616 4.509887 -0.006661 0.030058 -0.081497 0.996198
1230.399639 167.987794 -17.777989 4.524887 -0.006881 0.028353 -0.082127 0.996195
1230.499483 168.057067 -17.785048 4.525820 -0.006538 0.027925 -0.082811 0.996153
1230.599315 168.128113 -17.789415 4.522428 -0.005261 0.029690 -0.083888 0.996019
1230.699161 168.198739 -17.797455 4.517742 -0.004369 0.031610 -0.084241 0.995934
1230.799800 168.283603 -17.811337 4.515399 -0.003755 0.034667 -0.084019 0.995854
1230.899644 168.377927 -17.824445 4.509297 -0.003797 0.035281 -0.083952 0.995838
1230.999485 168.468266 -17.841724 4.509224 -0.003765 0.037870 -0.083683 0.995765
1231.099324 168.556664 -17.856199 4.511172 -0.003518 0.039511 -0.084049 0.995672
1231.199159 168.646718 -17.866600 4.510427 -0.002796 0.039931 -0.084183 0.995646
1231.299796 168.747102 -17.878758 4.509512 -0.004121 0.039211 -0.083662 0.995714
1231.399645 168.847641 -17.896924 4.513072 -0.007728 0.037885 -0.082763 0.995819
1231.499490 168.942395 -17.916278 4.516095 -0.010706 0.036415 -0.082077 0.995903
1231.599326 169.034868 -17.931772 4.518322 -0.010395 0.037554 -0.081921 0.995877
1231.699150 169.131921 -17.945414 4.512654 -0.010527 0.039444 -0.080763 0.995897
1231.799782 169.223017 -17.957401 4.509051 -0.010206 0.041983 -0.078131 0.996006
1231.899619 169.319032 -17.972364 4.510123 -0.008348 0.043285 -0.075996 0.996133
1231.999456 169.415015 -17.986400 4.513876 -0.006946 0.041795 -0.074872 0.996293
1232.099281 169.504862 -18.000942 4.512143 -0.007120 0.037985 -0.074011 0.996508
1232.199138 169.592480 -18.016474 4.509665 -0.006221 0.037129 -0.074050 0.996544
1232.299786 169.676313 -18.026822 4.500446 -0.006139 0.037817 -0.074409 0.996492
1232.399629 169.777387 -18.040615 4.504936 -0.006158 0.038948 -0.074414 0.996448
1232.499467 169.870770 -18.054859 4.514024 -0.006692 0.038036 -0.074702 0.996458
1232.599295 169.950214 -18.066447 4.512942 -0.006924 0.037351 -0.074960 0.996463
1232.699134 170.039638 -18.080015 4.501123 -0.007162 0.037089 -0.074933 0.996473
1232.799778 170.144608 -18.094381 4.493674 -0.006972 0.036819 -0.074905 0.996486
1232.899605 170.259802 -18.111065 4.495293 -0.006452 0.038067 -0.074983 0.996437
1232.999457 170.376418 -18.134801 4.494368 -0.006264 0.040372 -0.074911 0.996353
1233.099315 170.499763 -18.148678 4.491830 -0.006368 0.043642 -0.075456 0.996173
1233.199150 170.634697 -18.160173 4.493179 -0.006390 0.045783 -0.076199 0.996020
1233.299794 170.762089 -18.180759 4.503294 -0.005566 0.044771 -0.076218 0.996070
1233.399635 170.881524 -18.204504 4.504276 -0.007884 0.043189 -0.075508 0.996178
1233.499467 170.998426 -18.226346 4.501376 -0.012030 0.044545 -0.072425 0.996306
1233.599315 171.115252 -18.240166 4.498653 -0.013585 0.044929 -0.068090 0.996574
1233.699156 171.223160 -18.251457 4.499249 -0.014352 0.044592 -0.063531 0.996880
1233.799786 171.332214 -18.265452 4.497918 -0.014246 0.042766 -0.058581 0.997264
1233.899637 171.434488 -18.279096 4.501443 -0.014984 0.040040 -0.055145 0.997563
1233.999481 171.543985 -18.293343 4.509407 -0.016261 0.038061 -0.051152 0.997833
1234.099307 171.662546 -18.303678 4.513384 -0.014715 0.037923 -0.046739 0.998079
1234.199162 171.777084 -18.314062 4.507809 -0.009264 0.038674 -0.044884 0.998200
1234.299810 171.904646 -18.324864 4.499641 -0.007177 0.038893 -0.045213 0.998194
1234.399649 172.027764 -18.336242 4.499083 -0.007576 0.037318 -0.045676 0.998230
1234.499487 172.158859 -18.346446 4.506894 -0.007913 0.034675 -0.046224 0.998298
1234.599334 172.291919 -18.357617 4.513032 -0.007640 0.030507 -0.046729 0.998412
1234.699172 172.415468 -18.371826 4.509573 -0.006499 0.026011 -0.046775 0.998546
1234.799820 172.539810 -18.386084 4.502433 -0.006048 0.023210 -0.046677 0.998622
1234.899654 172.660523 -18.398543 4.501831 -0.006661 0.022515 -0.046454 0.998644
1234.999503 172.777514 -18.408259 4.506111 -0.007739 0.022902 -0.046020 0.998648
1235.099333 172.885131 -18.419330 4.505823 -0.008485 0.022781 -0.045688 0.998660
1235.199164 172.984618 -18.432989 4.501793 -0.008674 0.023048 -0.045519 0.998660
1235.299815 173.091087 -18.441752 4.511557 -0.008782 0.024493 -0.045584 0.998622
1235.399672 173.187098 -18.452559 4.509540 -0.008542 0.026251 -0.045392 0.998588
1235.499518 173.286838 -18.460263 4.507509 -0.009042 0.028600 -0.045624 0.998508
1235.599364 173.390806 -18.470232 4.503218 -0.011334 0.029497 -0.046183 0.998433
1235.699220 173.482016 -18.481060 4.504590 -0.009965 0.026674 -0.046554 0.998510
1235.799455 173.575271 -18.492467 4.504781 -0.006441 0.026028 -0.047064 0.998532
1235.899288 173.666419 -18.505010 4.500008 -0.004126 0.030506 -0.046557 0.998441
1235.999132 173.757098 -18.515050 4.504553 -0.006984 0.034396 -0.045730 0.998337
1236.099780 173.844773 -18.521248 4.511294 -0.009346 0.034174 -0.045310 0.998345
1236.199629 173.940651 -18.528124 4.510399 -0.010511 0.032491 -0.044716 0.998416
1236.299467 174.036746 -18.540423 4.509061 -0.010405 0.030474 -0.044336 0.998498
1236.399297 174.132205 -18.551650 4.506859 -0.010209 0.028907 -0.044737 0.998528
1236.499147 174.237522 -18.561414 4.504851 -0.007871 0.030906 -0.045347 0.998462
1236.599800 174.339507 -18.567724 4.506114 -0.007073 0.034509 -0.045881 0.998326
1236.699628 174.442960 -18.577335 4.507346 -0.005484 0.035062 -0.045933 0.998314
1236.799475 174.551033 -18.589634 4.513422 -0.005746 0.035806 -0.046056 0.998280
1236.899300 174.649658 -18.598925 4.514694 -0.007170 0.035487 -0.045944 0.998288
1236.999151 174.745558 -18.606306 4.509193 -0.007237 0.034649 -0.045711 0.998327
1237.099799 174.836127 -18.615427 4.505983 -0.007755 0.032178 -0.045471 0.998417
1237.199645 174.916813 -18.623196 4.513414 -0.007511 0.031051 -0.045394 0.998458
1237.299467 174.998558 -18.630835 4.520408 -0.007296 0.031195 -0.045703 0.998441
1237.399314 175.090206 -18.637677 4.519661 -0.006427 0.031505 -0.046286 0.998411
1237.499150 175.180022 -18.641455 4.518578 -0.005207 0.029700 -0.046658 0.998456
1237.599794 175.265019 -18.649526 4.512649 -0.004265 0.028308 -0.046505 0.998508
1237.699642 175.350388 -18.661615 4.511388 -0.005473 0.029329 -0.046596 0.998468
1237.799478 175.443574 -18.673053 4.515443 -0.006322 0.029807 -0.046627 0.998448
1237.899313 175.540326 -18.685580 4.519448 -0.007428 0.028794 -0.046387 0.998481
1237.999162 175.635585 -18.694751 4.521049 -0.007275 0.027825 -0.046464 0.998506
1238.099807 175.735415 -18.702732 4.520341 -0.007413 0.026160 -0.046619 0.998543
1238.199648 175.832773 -18.714004 4.522164 -0.007744 0.025775 -0.046455 0.998558
1238.299493 175.931787 -18.725035 4.523288 -0.008518 0.027419 -0.046463 0.998507
1238.399351 176.023302 -18.731495 4.522296 -0.007941 0.029504 -0.046716 0.998441
1238.499194 176.113524 -18.741501 4.517381 -0.007606 0.031690 -0.046658 0.998379
1238.599829 176.203736 -18.751742 4.515118 -0.007728 0.032883 -0.046555 0.998344
1238.699675 176.287729 -18.762391 4.517467 -0.008633 0.034829 -0.047177 0.998242
1238.799532 176.363749 -18.770957 4.520902 -0.010481 0.035412 -0.047767 0.998176
1238.899387 176.439127 -18.776125 4.523145 -0.010116 0.035919 -0.048748 0.998114
1238.999221 176.516523 -18.779610 4.521023 -0.007565 0.033861 -0.049518 0.998170
1239.099468 176.602401 -18.786710 4.522855 -0.006256 0.030929 -0.049953 0.998253
1239.199308 176.677941 -18.800150 4.513291 -0.006390 0.018586 -0.049651 0.998573
1239.299149 176.754817 -18.806266 4.516987 -0.005778 0.018843 -0.049134 0.998598
1239.399777 176.828669 -18.811658 4.515075 -0.005895 0.025560 -0.047919 0.998507
1239.499620 176.897326 -18.813572 4.513803 -0.007494 0.029985 -0.047329 0.998401
1239.599466 176.966531 -18.822026 4.516639 -0.007782 0.032408 -0.046954 0.998341
1239.699323 177.047257 -18.830690 4.527606 -0.007773 0.033364 -0.046897 0.998312
1239.799161 177.123941 -18.841459 4.529526 -0.007446 0.033131 -0.046622 0.998335
1239.899791 177.185870 -18.853020 4.528222 -0.006574 0.032911 -0.046295 0.998364
1239.999636 177.255718 -18.861533 4.529526 -0.007118 0.034113 -0.046520 0.998309
1240.099478 177.335137 -18.865835 4.528946 -0.007640 0.034215 -0.046704 0.998293
1240.199315 177.419985 -18.871427 4.528595 -0.007514 0.033724 -0.046629 0.998315
1240.299162 177.503900 -18.878444 4.526308 -0.007638 0.031356 -0.046722 0.998386
1240.399800 177.586512 -18.888136 4.525874 -0.008004 0.031049 -0.046792 0.998390
1240.499662 177.658326 -18.903230 4.526137 -0.008151 0.031564 -0.046248 0.998398
1240.599498 177.733744 -18.911099 4.525404 -0.008251 0.032363 -0.046390 0.998365
1240.699334 177.810265 -18.912225 4.526656 -0.007711 0.032905 -0.046865 0.998329
1240.799162 177.881636 -18.919708 4.531271 -0.007029 0.034072 -0.046668 0.998304
1240.899807 177.946609 -18.932413 4.530435 -0.007606 0.034222 -0.046546 0.998301
1240.999641 178.016262 -18.944072 4.522648 -0.007352 0.032407 -0.046687 0.998357
1241.099485 178.093063 -18.951726 4.517901 -0.006874 0.032704 -0.046459 0.998361
1241.199318 178.186340 -18.959065 4.523981 -0.006547 0.035149 -0.046284 0.998288
1241.299159 178.273005 -18.968631 4.532250 -0.006770 0.037066 -0.046100 0.998226
1241.399809 178.363323 -18.976933 4.536417 -0.006766 0.035748 -0.045676 0.998294
1241.499641 178.446928 -18.985297 4.537131 -0.008276 0.032997 -0.045637 0.998379
1241.599489 178.533103 -18.992251 4.533952 -0.008542 0.031992 -0.046075 0.998389
1241.699328 178.623947 -19.000657 4.532445 -0.006449 0.030788 -0.046321 0.998431
1241.799163 178.706176 -19.008370 4.533437 -0.004731 0.030046 -0.046379 0.998461
1241.899795 178.786716 -19.021495 4.537617 -0.004871 0.031453 -0.046187 0.998426
1241.999644 178.866347 -19.035428 4.539927 -0.005969 0.033981 -0.045886 0.998351
1242.099476 178.955471 -19.042346 4.542013 -0.007783 0.036821 -0.046162 0.998225
1242.199317 179.046092 -19.047188 4.541720 -0.009186 0.035080 -0.045945 0.998286
1242.299161 179.126715 -19.053944 4.548772 -0.008341 0.034568 -0.045823 0.998316
1242.399789 179.207967 -19.065217 4.546508 -0.008022 0.034825 -0.046381 0.998284
1242.499632 179.290341 -19.076335 4.545075 -0.008521 0.034838 -0.046786 0.998261
1242.599484 179.384263 -19.084942 4.541569 -0.007683 0.032740 -0.046948 0.998331
1242.699318 179.471825 -19.088633 4.541675 -0.007225 0.032949 -0.047228 0.998314
1242.799159 179.561380 -19.095586 4.541346 -0.007428 0.033089 -0.047675 0.998287
1242.899806 179.643523 -19.106030 4.547563 -0.008014 0.033081 -0.047895 0.998272
1242.999651 179.725759 -19.114293 4.548870 -0.006949 0.032775 -0.048125 0.998279
1243.099486 179.807764 -19.119576 4.541914 -0.006449 0.033857 -0.048490 0.998229
1243.199337 179.882439 -19.125628 4.536997 -0.006150 0.034395 -0.048736 0.998200
1243.299176 179.955575 -19.130853 4.540463 -0.004587 0.032904 -0.048984 0.998247
1243.399804 180.029725 -19.144441 4.545894 -0.004327 0.034105 -0.048799 0.998217
1243.499663 180.107609 -19.155173 4.548717 -0.006023 0.035502 -0.048620 0.998168
1243.599502 180.193264 -19.159062 4.546313 -0.007343 0.036221 -0.048452 0.998142
1243.699336 180.271645 -19.165671 4.543228 -0.007292 0.034398 -0.048083 0.998224
1243.799177 180.350842 -19.178550 4.544824 -0.006814 0.035005 -0.047808 0.998220
1243.899817 180.439151 -19.193098 4.546870 -0.004922 0.036507 -0.047266 0.998203
1243.999649 180.531835 -19.205369 4.543776 -0.004759 0.037891 -0.047062 0.998162
1244.099487 180.625157 -19.210235 4.542335 -0.005411 0.037892 -0.046922 0.998165
1244.199328 180.717009 -19.218813 4.540394 -0.006734 0.039705 -0.047082 0.998079
1244.299167 180.809773 -19.232730 4.540988 -0.007870 0.040590 -0.047397 0.998020
1244.399801 180.909748 -19.245884 4.546838 -0.008406 0.039659 -0.047893 0.998029
1244.499655 181.009750 -19.256006 4.545917 -0.006926 0.038692 -0.048364 0.998056
1244.599495 181.099547 -19.265623 4.540289 -0.006017 0.037729 -0.048314 0.998101
1244.699335 181.196373 -19.279039 4.537562 -0.006734 0.036921 -0.048029 0.998141
1244.799174 181.295389 -19.287354 4.532913 -0.008907 0.033733 -0.048084 0.998234
1244.899819 181.391919 -19.296191 4.531452 -0.009565 0.031675 -0.048398 0.998280
1244.999658 181.484082 -19.306150 4.542490 -0.007200 0.032660 -0.048681 0.998254
1245.099495 181.567897 -19.317859 4.543149 -0.006194 0.034608 -0.049003 0.998180
1245.199325 181.658534 -19.327710 4.536851 -0.006063 0.035945 -0.049146 0.998126
1245.299178 181.750826 -19.334908 4.534134 -0.006207 0.038636 -0.049602 0.998002
1245.399814 181.846968 -19.341996 4.533410 -0.006694 0.037665 -0.049800 0.998026
1245.499671 181.929714 -19.353604 4.537899 -0.006733 0.036538 -0.050068 0.998055
1245.599510 182.014950 -19.368609 4.537504 -0.006048 0.036921 -0.050262 0.998035
1245.699352 182.114266 -19.382962 4.534465 -0.005183 0.039701 -0.050237 0.997934
1245.799190 182.214285 -19.392121 4.530492 -0.005613 0.041389 -0.050061 0.997872
1245.899813 182.321814 -19.401454 4.530483 -0.005688 0.040841 -0.049730 0.997911
1245.999654 182.433246 -19.414304 4.530874 -0.006813 0.040604 -0.049418 0.997929
1246.099499 182.541738 -19.431348 4.532543 -0.007101 0.042758 -0.049042 0.997856
1246.199345 182.640475 -19.444807 4.535720 -0.006945 0.044112 -0.048992 0.997800
1246.299203 182.732053 -19.453726 4.530499 -0.006978 0.042436 -0.048814 0.997882
1246.399429 182.839510 -19.463446 4.528431 -0.007530 0.041481 -0.048897 0.997914
1246.499270 182.958015 -19.478060 4.529625 -0.008157 0.040685 -0.049050 0.997934
1246.599502 183.074298 -19.490713 4.528234 -0.007146 0.041172 -0.048704 0.997939
1246.699343 183.184206 -19.503491 4.526816 -0.007129 0.043747 -0.047936 0.997866
1246.799162 183.292074 -19.515158 4.524608 -0.008257 0.048949 -0.047490 0.997637
1246.899816 183.403717 -19.528817 4.519241 -0.009653 0.050071 -0.047315 0.997578
1246.999650 183.505920 -19.538410 4.518169 -0.008585 0.043616 -0.048331 0.997842
1247.099509 183.608726 -19.550908 4.524825 -0.005942 0.035852 -0.049161 0.998130
1247.199349 183.726773 -19.562017 4.534301 -0.004170 0.035350 -0.050186 0.998105
1247.299197 183.847099 -19.572860 4.537221 -0.003224 0.037121 -0.051036 0.998001
1247.399823 183.962130 -19.583637 4.528726 -0.003946 0.036645 -0.051302 0.998003
1247.499663 184.087789 -19.595620 4.521543 -0.004012 0.036829 -0.051242 0.997999
1247.599510 184.219392 -19.609441 4.519052 -0.004654 0.036420 -0.051054 0.998021
1247.699356 184.343281 -19.626179 4.517124 -0.005859 0.035506 -0.050697 0.998066
1247.799190 184.469513 -19.639530 4.513773 -0.005985 0.034850 -0.050590 0.998093
1247.899829 184.593995 -19.652626 4.514584 -0.006793 0.036276 -0.050549 0.998039
1247.999671 184.705610 -19.665336 4.521060 -0.006306 0.035874 -0.050532 0.998058
1248.099508 184.815029 -19.677568 4.523218 -0.005890 0.033765 -0.050119 0.998155
1248.199344 184.923436 -19.692993 4.516981 -0.006584 0.030421 -0.049856 0.998271
1248.299183 185.043183 -19.707360 4.511128 -0.008373 0.031121 -0.050078 0.998225
1248.399821 185.169487 -19.718613 4.509256 -0.009792 0.034175 -0.050506 0.998091
1248.499658 185.294097 -19.735720 4.508908 -0.009130 0.036347 -0.050641 0.998014
1248.599495 185.412573 -19.750098 4.509077 -0.007331 0.036911 -0.050790 0.998000
1248.699339 185.519479 -19.760076 4.515777 -0.005624 0.034953 -0.050815 0.998080
1248.799181 185.623330 -19.768424 4.514015 -0.004427 0.032095 -0.050805 0.998183
1248.899831 185.732728 -19.781135 4.512438 -0.004796 0.031334 -0.050893 0.998201
1248.999651 185.840183 -19.798471 4.512833 -0.005539 0.034504 -0.051160 0.998079
1249.099496 185.946420 -19.813632 4.509279 -0.006201 0.034246 -0.051372 0.998073
1249.199345 186.066104 -19.824551 4.505372 -0.007168 0.034198 -0.051497 0.998062
1249.299181 186.177975 -19.833538 4.505704 -0.007228 0.033234 -0.051375 0.998100
1249.399823 186.282891 -19.843975 4.505872 -0.006468 0.034405 -0.051439 0.998062
1249.499662 186.389348 -19.857428 4.504947 -0.005891 0.036116 -0.051749 0.997989
1249.599482 186.508399 -19.872620 4.503281 -0.005512 0.039780 -0.052401 0.997818
1249.699322 186.634853 -19.885237 4.500189 -0.003857 0.041504 -0.052902 0.997729
1249.799164 186.757120 -19.898523 4.496866 -0.004873 0.042834 -0.053130 0.997657
1249.899803 186.877532 -19.911097 4.493636 -0.006957 0.040967 -0.053129 0.997723
1249.999646 187.000748 -19.923311 4.498047 -0.008215 0.039349 -0.052893 0.997791
1250.099490 187.123081 -19.937112 4.506080 -0.008307 0.039831 -0.053053 0.997762
1250.199312 187.245669 -19.952139 4.504408 -0.006169 0.039995 -0.052957 0.997777
1250.299160 187.364716 -19.970354 4.494903 -0.005747 0.039629 -0.052834 0.997800
1250.399806 187.466770 -19.983831 4.490810 -0.005856 0.038995 -0.052863 0.997823
1250.499644 187.569684 -19.994485 4.492734 -0.007043 0.036784 -0.052957 0.997894
1250.599500 187.687225 -20.009606 4.500143 -0.007545 0.033158 -0.052791 0.998026
1250.699348 187.808529 -20.018757 4.508783 -0.007534 0.031624 -0.053256 0.998052
1250.799204 187.931974 -20.036586 4.507115 -0.007471 0.031567 -0.053548 0.998038
1250.899429 188.045291 -20.055110 4.495283 -0.006629 0.032031 -0.053584 0.998027
1250.999266 188.156479 -20.069998 4.485161 -0.007504 0.030769 -0.053472 0.998067
1251.099490 188.274064 -20.084664 4.485664 -0.008975 0.029919 -0.053014 0.998105
1251.199325 188.385213 -20.099453 4.488522 -0.009597 0.030456 -0.052614 0.998104
1251.299165 188.492027 -20.107030 4.497641 -0.006935 0.032839 -0.052334 0.998065
1251.399804 188.599134 -20.122511 4.503593 -0.005188 0.032757 -0.051807 0.998106
1251.499648 188.701666 -20.141999 4.503322 -0.006448 0.032183 -0.051600 0.998128
1251.599493 188.810609 -20.159327 4.500521 -0.008717 0.029300 -0.051203 0.998220
1251.699338 188.920017 -20.169234 4.501744 -0.011174 0.027956 -0.051023 0.998244
1251.799162 189.036635 -20.179215 4.498290 -0.011130 0.030098 -0.051049 0.998180
1251.899785 189.156912 -20.191388 4.499764 -0.006660 0.032410 -0.050870 0.998157
1251.999620 189.279035 -20.206359 4.508143 -0.004188 0.032321 -0.051073 0.998163
1252.099451 189.402660 -20.218982 4.508448 -0.002020 0.031999 -0.052067 0.998129
1252.199292 189.520468 -20.231825 4.500797 -0.000769 0.033172 -0.052898 0.998048
1252.299127 189.637755 -20.243148 4.495605 -0.002854 0.034058 -0.053316 0.997993
1252.399773 189.746063 -20.259181 4.492725 -0.005873 0.037039 -0.053216 0.997879
1252.499621 189.849425 -20.270283 4.492213 -0.007137 0.040075 -0.053006 0.997764
1252.599455 189.939456 -20.277073 4.495884 -0.007231 0.040729 -0.052869 0.997744
1252.699274 190.034713 -20.290851 4.497630 -0.006589 0.039275 -0.052635 0.997819
1252.799516 190.133982 -20.305120 4.494458 -0.006310 0.038714 -0.052441 0.997853
1252.899347 190.234921 -20.319890 4.492176 -0.006120 0.037332 -0.052510 0.997904
1252.999183 190.335531 -20.334236 4.493786 -0.006378 0.038299 -0.052850 0.997847
1253.099819 190.445261 -20.349999 4.494910 -0.007635 0.039362 -0.052821 0.997799
1253.199654 190.553723 -20.361358 4.493945 -0.007066 0.040857 -0.053069 0.997730
1253.299494 190.668237 -20.377076 4.491208 -0.007384 0.040378 -0.053193 0.997740
1253.399325 190.784545 -20.393355 4.493191 -0.006446 0.039525 -0.052997 0.997791
1253.499170 190.909694 -20.408769 4.490832 -0.005164 0.039604 -0.052910 0.997800
1253.599806 191.037576 -20.422252 4.492934 -0.006336 0.041384 -0.053079 0.997712
1253.699639 191.164336 -20.437824 4.495534 -0.007343 0.042759 -0.052753 0.997665
1253.799473 191.292560 -20.453110 4.498835 -0.008203 0.042217 -0.053040 0.997666
1253.899298 191.417194 -20.471700 4.492460 -0.008303 0.040458 -0.053140 0.997733
1253.999138 191.539580 -20.485870 4.486328 -0.007211 0.039119 -0.053264 0.997788
1254.099767 191.652263 -20.500311 4.482031 -0.005533 0.039010 -0.053254 0.997803
1254.199613 191.761097 -20.516888 4.485964 -0.005706 0.036959 -0.053502 0.997867
1254.299456 191.863968 -20.530237 4.487143 -0.006988 0.034673 -0.053527 0.997940
1254.399300 191.967947 -20.541341 4.488211 -0.006642 0.033147 -0.053996 0.997969
1254.499147 192.071396 -20.551239 4.485419 -0.006669 0.035877 -0.054370 0.997854
1254.599781 192.191708 -20.568846 4.484757 -0.006298 0.038398 -0.054315 0.997765
1254.699622 192.315758 -20.585712 4.491745 -0.005578 0.040239 -0.054465 0.997689
1254.799461 192.446413 -20.601281 4.494065 -0.005313 0.039703 -0.054711 0.997698
1254.899299 192.570820 -20.615919 4.493037 -0.005925 0.036018 -0.054321 0.997856
1254.999140 192.694662 -20.628506 4.493743 -0.006392 0.031115 -0.054294 0.998020
1255.099781 192.828918 -20.643226 4.490904 -0.005951 0.029748 -0.054810 0.998036
1255.199615 192.956571 -20.659043 4.487493 -0.005181 0.030351 -0.054676 0.998029
1255.299453 193.069742 -20.672561 4.486756 -0.005685 0.030686 -0.054504 0.998026
1255.399299 193.179887 -20.684223 4.485362 -0.006614 0.030349 -0.054680 0.998021
1255.499157 193.293914 -20.697484 4.482339 -0.006845 0.030943 -0.054587 0.998006
1255.599799 193.404466 -20.710654 4.485374 -0.006244 0.032790 -0.054423 0.997960
1255.699646 193.514589 -20.722623 4.490286 -0.005576 0.033694 -0.054427 0.997933
1255.799491 193.632733 -20.735264 4.494811 -0.005468 0.035585 -0.054215 0.997880
1255.899338 193.753739 -20.751129 4.493336 -0.005470 0.036676 -0.053993 0.997853
1255.999169 193.865796 -20.769084 4.488073 -0.005133 0.037112 -0.053943 0.997841
1256.099821 193.974776 -20.785712 4.475928 -0.004873 0.035681 -0.053818 0.997901
1256.199666 194.084936 -20.800731 4.475941 -0.005534 0.034629 -0.053835 0.997934
1256.299499 194.194050 -20.810499 4.480086 -0.006705 0.033024 -0.054135 0.997965
1256.399345 194.312041 -20.819790 4.486216 -0.006534 0.033463 -0.054137 0.997951
1256.499183 194.425425 -20.834694 4.487963 -0.005988 0.033907 -0.054002 0.997947
1256.599831 194.543840 -20.851482 4.489027 -0.006621 0.033682 -0.054486 0.997924
1256.699677 194.657984 -20.865106 4.489412 -0.006657 0.031765 -0.055415 0.997936
1256.799536 194.772959 -20.877219 4.488376 -0.005821 0.029095 -0.055869 0.997997
1256.899380 194.889712 -20.892168 4.488276 -0.003067 0.030761 -0.056335 0.997933
1256.999223 194.997674 -20.908371 4.488891 -0.002391 0.034638 -0.056054 0.997824
1257.099479 195.105837 -20.923380 4.483554 -0.005729 0.036767 -0.055310 0.997776
1257.199332 195.221445 -20.936719 4.480026 -0.011916 0.034729 -0.054362 0.997846
1257.299170 195.335308 -20.955771 4.475864 -0.014173 0.033367 -0.053508 0.997909
1257.399800 195.455854 -20.974852 4.478239 -0.008740 0.035002 -0.052678 0.997960
1257.499621 195.562441 -20.986773 4.479294 -0.006331 0.036432 -0.052367 0.997943
1257.599456 195.666141 -20.993655 4.479730 -0.004520 0.038039 -0.052521 0.997885
1257.699307 195.771602 -21.012311 4.487201 -0.004848 0.038169 -0.052384 0.997886
1257.799150 195.870397 -21.030621 4.486929 -0.007144 0.036705 -0.053288 0.997879
1257.899787 195.976411 -21.049625 4.490986 -0.008316 0.037966 -0.054168 0.997775
1257.999620 196.090413 -21.062651 4.481905 -0.008013 0.038679 -0.055329 0.997687
1258.099455 196.207735 -21.075187 4.480294 -0.005302 0.038504 -0.055268 0.997715
1258.199308 196.319207 -21.090207 4.485322 -0.006984 0.036350 -0.055205 0.997789
1258.299153 196.425862 -21.108570 4.486558 -0.010653 0.034735 -0.055222 0.997813
1258.399784 196.534781 -21.126689 4.479359 -0.013086 0.033793 -0.054798 0.997840
1258.499632 196.636075 -21.146046 4.478886 -0.011761 0.033499 -0.054752 0.997869
1258.599464 196.740197 -21.156914 4.479184 -0.009910 0.032665 -0.055379 0.997882
1258.699296 196.853087 -21.168016 4.481204 -0.007709 0.031959 -0.055880 0.997896
1258.799135 196.962422 -21.184173 4.485346 -0.006673 0.033499 -0.055978 0.997848
1258.899767 197.070753 -21.199494 4.484988 -0.006595 0.035637 -0.056522 0.997743
1258.999612 197.172639 -21.210524 4.478678 -0.007018 0.038365 -0.056560 0.997637
1259.099441 197.275913 -21.221545 4.470119 -0.008480 0.038185 -0.056659 0.997627
1259.199282 197.386732 -21.237349 4.470093 -0.007227 0.039072 -0.057011 0.997583
1259.299126 197.499398 -21.255250 4.472212 -0.007484 0.038068 -0.056879 0.997627
1259.399771 197.616192 -21.269324 4.472921 -0.009872 0.036518 -0.056343 0.997695
1259.499618 197.737387 -21.282723 4.471548 -0.011575 0.035871 -0.056188 0.997708
1259.599452 197.860676 -21.299027 4.470997 -0.009985 0.034959 -0.056240 0.997755
1259.699302 197.979418 -21.316692 4.475779 -0.005189 0.034950 -0.056382 0.997784
1259.799141 198.095564 -21.329633 4.474270 -0.001540 0.035723 -0.056612 0.997756
1259.899788 198.199218 -21.340627 4.467721 -0.000489 0.036342 -0.056222 0.997757
1259.999622 198.307331 -21.352294 4.462365 -0.002485 0.036146 -0.056233 0.997760
1260.099460 198.414997 -21.359078 4.467730 -0.007842 0.036725 -0.056651 0.997688
1260.199276 198.525202 -21.377581 4.473185 -0.010356 0.035170 -0.056612 0.997723
1260.299516 198.641608 -21.398873 4.473793 -0.009374 0.039432 -0.056503 0.997579
1260.399361 198.753608 -21.411041 4.477923 -0.008496 0.043033 -0.056590 0.997434
1260.499194 198.865182 -21.419988 4.476602 -0.007701 0.043243 -0.056742 0.997422
1260.599822 198.980549 -21.435292 4.472903 -0.006642 0.040967 -0.057035 0.997509
1260.699654 199.088710 -21.449855 4.470573 -0.005781 0.039932 -0.057448 0.997533
1260.799497 199.199496 -21.465232 4.466168 -0.005117 0.038645 -0.057510 0.997584
1260.899340 199.313737 -21.483343 4.468535 -0.005351 0.038894 -0.057395 0.997579
1260.999174 199.422456 -21.497697 4.466091 -0.005027 0.038774 -0.057407 0.997585
1261.099832 199.526862 -21.511597 4.469692 -0.004327 0.039854 -0.056962 0.997571
1261.199682 199.643620 -21.527628 4.465523 -0.004663 0.040000 -0.056851 0.997570
1261.299513 199.767424 -21.544128 4.461709 -0.007178 0.041109 -0.056716 0.997518
1261.399354 199.892549 -21.558574 4.463144 -0.008247 0.041859 -0.057003 0.997462
1261.499188 200.023757 -21.572111 4.466900 -0.007907 0.042350 -0.057207 0.997432
1261.599825 200.156916 -21.587914 4.471378 -0.007720 0.039831 -0.057454 0.997523
1261.699670 200.283403 -21.612690 4.471272 -0.006261 0.037398 -0.057528 0.997624
1261.799505 200.406025 -21.632297 4.468280 -0.007413 0.039992 -0.058166 0.997478
1261.899324 200.531803 -21.646149 4.463379 -0.009104 0.041487 -0.058282 0.997396
1261.999155 200.646812 -21.662040 4.466214 -0.009724 0.040839 -0.057816 0.997444
1262.099791 200.760183 -21.677077 4.465382 -0.009023 0.040214 -0.057760 0.997479
1262.199617 200.880546 -21.691413 4.458229 -0.008546 0.041518 -0.057396 0.997451
1262.299461 200.999417 -21.703299 4.460942 -0.007588 0.041561 -0.057058 0.997477
1262.399292 201.129327 -21.715666 4.464458 -0.010991 0.041231 -0.054247 0.997615
1262.499137 201.271703 -21.732555 4.463349 -0.013746 0.043639 -0.048998 0.997750
1262.599770 201.409954 -21.746434 4.459051 -0.015849 0.044047 -0.042555 0.997997
1262.699621 201.530115 -21.753955 4.455143 -0.014037 0.039912 -0.037659 0.998395
1262.799462 201.642815 -21.762715 4.460283 -0.017903 0.035363 -0.032678 0.998680
1262.899303 201.757870 -21.772389 4.462046 -0.010590 0.035340 -0.030471 0.998855
1262.999141 201.879582 -21.780765 4.463464 -0.008435 0.036767 -0.030560 0.998821
1263.099774 202.009169 -21.791538 4.461263 -0.006363 0.036807 -0.030755 0.998829
1263.199610 202.137294 -21.798685 4.457209 -0.006428 0.035458 -0.030806 0.998876
1263.299436 202.265334 -21.809186 4.454742 -0.008162 0.034408 -0.030889 0.998897
1263.399278 202.405533 -21.821026 4.453023 -0.011092 0.035305 -0.030872 0.998838
1263.499125 202.539043 -21.833139 4.452522 -0.012514 0.036784 -0.030919 0.998766
1263.599770 202.674089 -21.844148 4.457762 -0.009462 0.038358 -0.031325 0.998728
1263.699612 202.802827 -21.851484 4.460747 -0.006779 0.037646 -0.031876 0.998760
1263.799450 202.931678 -21.862391 4.463682 -0.003782 0.037712 -0.032311 0.998759
1263.899282 203.063612 -21.868328 4.466297 -0.003868 0.034800 -0.032759 0.998850
1263.999117 203.192629 -21.876516 4.460889 -0.006305 0.032392 -0.033886 0.998881
1264.099742 203.316090 -21.894219 4.454483 -0.002409 0.030580 -0.037423 0.998829
1264.199581 203.437573 -21.911957 4.450125 0.002392 0.030610 -0.043643 0.998575
1264.299428 203.557888 -21.922636 4.450098 0.003522 0.029718 -0.049261 0.998338
1264.399261 203.677183 -21.936122 4.447562 0.001458 0.031621 -0.053158 0.998084
1264.499499 203.795635 -21.948470 4.449219 -0.003122 0.032612 -0.057370 0.997815
1264.599329 203.915218 -21.969270 4.451361 -0.009870 0.032808 -0.059050 0.997667
1264.699168 204.032247 -21.988951 4.451375 -0.010233 0.037912 -0.059369 0.997463
1264.799809 204.145167 -22.004696 4.449620 -0.011285 0.042154 -0.059368 0.997282
1264.899657 204.257486 -22.018708 4.443398 -0.009157 0.041887 -0.059085 0.997332
1264.999488 204.369866 -22.036585 4.447577 -0.007632 0.038083 -0.058576 0.997527
1265.099325 204.480339 -22.051921 4.453701 -0.006125 0.035151 -0.057674 0.997698
1265.199163 204.585105 -22.066679 4.459124 -0.006467 0.033973 -0.056954 0.997778
1265.299810 204.690472 -22.078419 4.461152 -0.007999 0.035171 -0.056999 0.997723
1265.399654 204.804824 -22.093527 4.455088 -0.009527 0.037122 -0.056749 0.997653
1265.499500 204.930317 -22.106593 4.447628 -0.008671 0.037635 -0.056952 0.997630
1265.599342 205.051297 -22.122183 4.448378 -0.006661 0.036667 -0.057297 0.997661
1265.699199 205.169939 -22.144844 4.449546 -0.005919 0.035469 -0.057484 0.997699
1265.799459 205.293743 -22.163946 4.454597 -0.006371 0.037642 -0.057955 0.997589
1265.899298 205.416656 -22.178837 4.452505 -0.006284 0.040473 -0.058587 0.997442
1265.999135 205.541824 -22.192764 4.445605 -0.006792 0.041401 -0.058848 0.997385
1266.099790 205.666075 -22.206027 4.441036 -0.006114 0.039109 -0.058998 0.997473
1266.199630 205.782093 -22.220736 4.441177 -0.006306 0.036872 -0.058989 0.997558
1266.299473 205.894325 -22.236931 4.443799 -0.006326 0.035858 -0.058893 0.997600
1266.399316 206.017533 -22.254503 4.445050 -0.006154 0.037207 -0.058722 0.997562
1266.499155 206.139209 -22.274100 4.443699 -0.006549 0.038729 -0.058460 0.997517
1266.599798 206.259931 -22.292838 4.438603 -0.005871 0.039365 -0.058050 0.997520
1266.699639 206.387694 -22.306656 4.434857 -0.006433 0.042286 -0.058203 0.997388
1266.799484 206.515449 -22.320191 4.439134 -0.006405 0.042271 -0.058258 0.997386
1266.899305 206.633852 -22.338463 4.443405 -0.005921 0.043032 -0.058249 0.997357
1266.999129 206.750849 -22.358684 4.442195 -0.008694 0.045784 -0.058303 0.997211
1267.099766 206.860226 -22.370461 4.441775 -0.009619 0.046589 -0.058698 0.997142
1267.199611 206.981114 -22.389671 4.439710 -0.009083 0.042451 -0.058467 0.997345
1267.299456 207.110610 -22.409184 4.434880 -0.010350 0.039632 -0.058441 0.997450
1267.399282 207.240334 -22.423274 4.436777 -0.013045 0.038013 -0.058451 0.997481
1267.499123 207.367502 -22.438163 4.440224 -0.010760 0.036191 -0.058159 0.997593
1267.599769 207.497809 -22.452496 4.441250 -0.008521 0.037827 -0.058267 0.997548
1267.699604 207.629793 -22.465163 4.447082 -0.008087 0.041095 -0.058339 0.997418
1267.799450 207.751463 -22.480379 4.452039 -0.008351 0.040569 -0.058097 0.997451
1267.899293 207.877545 -22.498665 4.456633 -0.007072 0.038146 -0.058248 0.997548
1267.999134 208.000748 -22.511466 4.458312 -0.007779 0.036335 -0.058388 0.997602
1268.099763 208.125731 -22.525703 4.457129 -0.009342 0.037747 -0.058339 0.997539
1268.199597 208.240845 -22.537292 4.450971 -0.009317 0.037861 -0.057813 0.997566
1268.299438 208.364948 -22.547204 4.447021 -0.008699 0.036926 -0.057386 0.997631
1268.399281 208.492241 -22.557107 4.448765 -0.008636 0.035631 -0.057657 0.997663
1268.499118 208.608722 -22.568702 4.446928 -0.008269 0.033382 -0.058109 0.997718
1268.599755 208.736534 -22.578250 4.449890 -0.009767 0.031974 -0.059143 0.997690
1268.699608 208.866407 -22.589758 4.453529 -0.009623 0.034533 -0.059772 0.997568
1268.799450 208.983730 -22.605061 4.452993 -0.007539 0.037974 -0.059408 0.997483
1268.899278 209.104371 -22.612179 4.445647 -0.005651 0.040554 -0.059423 0.997393
1268.999127 209.230493 -22.620112 4.444115 -0.006507 0.042921 -0.059403 0.997290
1269.099751 209.366966 -22.631416 4.446339 -0.007271 0.041910 -0.059238 0.997337
1269.199592 209.495082 -22.643377 4.452388 -0.006607 0.042836 -0.059244 0.997302
1269.299424 209.622985 -22.653566 4.456908 -0.006744 0.043196 -0.059174 0.997290
1269.399269 209.740260 -22.667426 4.458570 -0.005851 0.043371 -0.058899 0.997304
1269.499512 209.862004 -22.678544 4.456478 -0.006287 0.040674 -0.059053 0.997406
1269.599357 209.992980 -22.688988 4.455089 -0.007117 0.037974 -0.059073 0.997506
1269.699200 210.116745 -22.699823 4.451932 -0.007589 0.035399 -0.059002 0.997601
1269.799446 210.232163 -22.707854 4.452185 -0.006601 0.034973 -0.059311 0.997605
1269.899290 210.359053 -22.715115 4.451286 -0.007347 0.036847 -0.059896 0.997497
1269.999117 210.484669 -22.725777 4.456807 -0.005260 0.039459 -0.060082 0.997399
1270.099758 210.613124 -22.738341 4.456217 -0.001633 0.037873 -0.059613 0.997502
1270.199594 210.743083 -22.755022 4.444046 -0.000950 0.035584 -0.059354 0.997602
1270.299435 210.868175 -22.765025 4.435209 -0.002043 0.038359 -0.059364 0.997497
1270.399278 210.987528 -22.773745 4.440179 -0.006572 0.042395 -0.059054 0.997332
1270.499131 211.107698 -22.784046 4.441598 -0.008305 0.040713 -0.058314 0.997433
1270.599775 211.228396 -22.797164 4.445438 -0.008744 0.040461 -0.057950 0.997461
1270.699611 211.350197 -22.811087 4.452566 -0.007986 0.042391 -0.058072 0.997380
1270.799448 211.466561 -22.824737 4.449646 -0.006813 0.042418 -0.058313 0.997374
1270.899299 211.589178 -22.841092 4.444135 -0.007104 0.040609 -0.058838 0.997416
1270.999145 211.712884 -22.850176 4.444716 -0.007050 0.040610 -0.059465 0.997379
1271.099780 211.839239 -22.859260 4.441018 -0.005589 0.039637 -0.059652 0.997416
1271.199615 211.964444 -22.869260 4.438776 -0.006499 0.039423 -0.059900 0.997404
1271.299472 212.095381 -22.881104 4.439765 -0.009496 0.037634 -0.060204 0.997431
1271.399319 212.225243 -22.896860 4.436501 -0.008715 0.040302 -0.060060 0.997343
1271.499144 212.361213 -22.912641 4.434111 -0.006542 0.042081 -0.060372 0.997267
1271.599787 212.487563 -22.926405 4.433072 -0.006324 0.040747 -0.060601 0.997310
1271.699636 212.605387 -22.938315 4.432621 -0.005725 0.037402 -0.060376 0.997458
1271.799477 212.724098 -22.947110 4.434149 -0.006736 0.036039 -0.060349 0.997504
1271.899316 212.843978 -22.959047 4.435678 -0.009047 0.034671 -0.060102 0.997549
1271.999154 212.962551 -22.974451 4.433604 -0.009800 0.035644 -0.060384 0.997490
1272.099804 213.089453 -22.991031 4.428699 -0.007296 0.037550 -0.060357 0.997444
1272.199650 213.218210 -23.007299 4.420055 -0.005246 0.036684 -0.060354 0.997489
1272.299514 213.347991 -23.015616 4.419760 -0.006439 0.036158 -0.060300 0.997504
1272.399363 213.471460 -23.025966 4.426413 -0.006247 0.034767 -0.059711 0.997591
1272.499196 213.596390 -23.037946 4.432690 -0.005682 0.037393 -0.059752 0.997496
1272.599847 213.721453 -23.056144 4.433663 -0.005205 0.038782 -0.059836 0.997441
1272.699694 213.846189 -23.073344 4.429338 -0.007428 0.040978 -0.059797 0.997341
1272.799528 213.981285 -23.085957 4.421327 -0.008734 0.039118 -0.059902 0.997399
1272.899370 214.115539 -23.100690 4.416355 -0.009238 0.038695 -0.060170 0.997395
1272.999220 214.242448 -23.115431 4.411990 -0.007595 0.036601 -0.060599 0.997462
1273.099473 214.369277 -23.127059 4.414069 -0.004863 0.036804 -0.060862 0.997456
1273.199315 214.486184 -23.134447 4.416289 -0.004647 0.037940 -0.060860 0.997414
1273.299162 214.594719 -23.147048 4.416487 -0.005482 0.039475 -0.060384 0.997379
1273.399798 214.708560 -23.164071 4.412771 -0.007190 0.040523 -0.059868 0.997358
1273.499631 214.830944 -23.179647 4.411060 -0.008256 0.040372 -0.059766 0.997361
1273.599470 214.961753 -23.191221 4.415723 -0.007508 0.042458 -0.059698 0.997285
1273.699309 215.092143 -23.203080 4.416352 -0.006478 0.042976 -0.059576 0.997277
1273.799150 215.221507 -23.217408 4.419421 -0.005955 0.041740 -0.059503 0.997337
1273.899791 215.354732 -23.233050 4.420544 -0.006067 0.039574 -0.059578 0.997420
1273.999639 215.482616 -23.250521 4.420892 -0.005791 0.039027 -0.059301 0.997460
1274.099489 215.610597 -23.267546 4.412395 -0.006416 0.038314 -0.059323 0.997483
1274.199326 215.748079 -23.280986 4.412379 -0.006828 0.039082 -0.059715 0.997427
1274.299158 215.879971 -23.293023 4.412970 -0.007835 0.039202 -0.060230 0.997384
1274.399804 216.016208 -23.303975 4.413147 -0.007142 0.034805 -0.060411 0.997541
1274.499643 216.146621 -23.320667 4.417778 -0.006723 0.029788 -0.060116 0.997724
1274.599477 216.268382 -23.335197 4.419355 -0.006830 0.030770 -0.060004 0.997700
1274.699314 216.396849 -23.354683 4.408132 -0.008022 0.035922 -0.059618 0.997542
1274.799163 216.528074 -23.369392 4.396607 -0.006638 0.039804 -0.059319 0.997423
1274.899795 216.667103 -23.380016 4.392628 -0.007274 0.041523 -0.059769 0.997322
1274.999636 216.800298 -23.390395 4.396945 -0.007455 0.039986 -0.059995 0.997370
1275.099473 216.925828 -23.404741 4.407807 -0.006613 0.037381 -0.060011 0.997476
1275.199307 217.033026 -23.420582 4.413200 -0.006449 0.036554 -0.060175 0.997497
1275.299147 217.146014 -23.435227 4.408516 -0.008050 0.037817 -0.060347 0.997428
1275.399775 217.278967 -23.448096 4.396562 -0.008800 0.037223 -0.060574 0.997431
1275.499625 217.426119 -23.466266 4.390674 -0.008207 0.036889 -0.060614 0.997446
1275.599469 217.567712 -23.479068 4.395171 -0.008633 0.037892 -0.061005 0.997381
1275.699322 217.680485 -23.488383 4.405047 -0.011526 0.039492 -0.061252 0.997274
1275.799165 217.780989 -23.498813 4.404787 -0.012831 0.041398 -0.061048 0.997193
1275.899800 217.890036 -23.511419 4.395563 -0.013545 0.041299 -0.061065 0.997187
1275.999632 218.010578 -23.524561 4.386801 -0.011890 0.041474 -0.060978 0.997206
1276.099473 218.138207 -23.538033 4.385357 -0.010838 0.040979 -0.060909 0.997243
1276.199326 218.277307 -23.549687 4.391870 -0.009408 0.041948 -0.060941 0.997215
1276.299170 218.409712 -23.561358 4.394995 -0.009221 0.041533 -0.060845 0.997240
1276.399797 218.540882 -23.576244 4.393377 -0.009370 0.042104 -0.060807 0.997217
1276.499649 218.660366 -23.588853 4.393147 -0.010597 0.041836 -0.060741 0.997220
1276.599498 218.789629 -23.601233 4.389465 -0.011401 0.040487 -0.060691 0.997270
1276.699334 218.921557 -23.611739 4.386449 -0.013871 0.039447 -0.060521 0.997291
1276.799172 219.052438 -23.618065 4.383840 -0.018463 0.039390 -0.060522 0.997218
1276.899808 219.173215 -23.627087 4.379846 -0.018970 0.042289 -0.060647 0.997083
1276.999639 219.305249 -23.637375 4.379314 -0.015323 0.045135 -0.061002 0.996999
1277.099481 219.445646 -23.644079 4.382845 -0.012146 0.047439 -0.061415 0.996910
1277.199322 219.590932 -23.646504 4.386841 -0.007529 0.046703 -0.061831 0.996965
1277.299156 219.726266 -23.653082 4.383682 -0.006353 0.046164 -0.062149 0.996978
1277.399790 219.865425 -23.662511 4.376211 -0.004843 0.044828 -0.062245 0.997042
1277.499642 220.000899 -23.668681 4.372741 -0.005387 0.044666 -0.062381 0.997038
1277.599477 220.131712 -23.675263 4.365585 -0.006863 0.043519 -0.062005 0.997103
1277.699314 220.266345 -23.681247 4.357307 -0.007454 0.043421 -0.061608 0.997128
1277.799156 220.404610 -23.684940 4.359129 -0.009202 0.042927 -0.061384 0.997148
1277.899780 220.549444 -23.697539 4.361872 -0.009886 0.041752 -0.061036 0.997213
1277.999625 220.693962 -23.717460 4.365842 -0.011070 0.041535 -0.060692 0.997231
1278.099470 220.842227 -23.728789 4.363560 -0.011311 0.041401 -0.060791 0.997227
1278.199297 220.978844 -23.735347 4.355656 -0.009774 0.040846 -0.060764 0.997268
1278.299126 221.114760 -23.747258 4.346987 -0.008967 0.039584 -0.060514 0.997342
1278.399784 221.254829 -23.760327 4.351022 -0.009147 0.037982 -0.060191 0.997422
1278.499612 221.379489 -23.767892 4.354231 -0.010267 0.037894 -0.060467 0.997398
1278.599452 221.502799 -23.777966 4.356608 -0.010452 0.039099 -0.060833 0.997327
1278.699286 221.624878 -23.788682 4.357971 -0.010350 0.039026 -0.061085 0.997316
1278.799119 221.750471 -23.802968 4.354644 -0.008594 0.040150 -0.061176 0.997282
1278.899771 221.884044 -23.815390 4.350695 -0.010371 0.040498 -0.060966 0.997264
1278.999610 222.025023 -23.828026 4.347352 -0.009389 0.038899 -0.060468 0.997368
1279.099456 222.165222 -23.842578 4.346832 -0.009789 0.036235 -0.059805 0.997504
1279.199295 222.301034 -23.853373 4.350083 -0.010893 0.034766 -0.059321 0.997574
1279.299125 222.437229 -23.862148 4.354066 -0.011028 0.036026 -0.059339 0.997527
1279.399752 222.576795 -23.875531 4.353723 -0.011352 0.037883 -0.060028 0.997413
1279.499599 222.720060 -23.890527 4.346813 -0.012519 0.036642 -0.060331 0.997427
1279.599446 222.862019 -23.902392 4.343935 -0.012769 0.036019 -0.061062 0.997402
1279.699289 222.987718 -23.914034 4.342656 -0.010576 0.035382 -0.061477 0.997425
1279.799125 223.114454 -23.926728 4.336926 -0.009182 0.036589 -0.061836 0.997373
1279.899773 223.246719 -23.937974 4.333868 -0.009698 0.038049 -0.062239 0.997289
1279.999614 223.378596 -23.947321 4.333537 -0.011515 0.042645 -0.061926 0.997103
1280.099465 223.511635 -23.958814 4.335468 -0.011600 0.044060 -0.061783 0.997049
1280.199306 223.645744 -23.971256 4.337358 -0.011077 0.043568 -0.061791 0.997076
1280.299137 223.776668 -23.987662 4.331688 -0.008928 0.045995 -0.061741 0.996992
1280.399769 223.910787 -23.999334 4.336733 -0.008946 0.048669 -0.061692 0.996868
1280.499606 224.048811 -24.011492 4.333665 -0.008526 0.048942 -0.061716 0.996857
1280.599446 224.191522 -24.028354 4.325276 -0.008509 0.047678 -0.061493 0.996932
1280.699265 224.339782 -24.042932 4.324110 -0.008034 0.045653 -0.061579 0.997025
1280.799492 224.479630 -24.055442 4.331619 -0.008824 0.042753 -0.061527 0.997150
1280.899324 224.613851 -24.068795 4.331969 -0.008391 0.041609 -0.061742 0.997189
1280.999169 224.750907 -24.083305 4.326812 -0.007751 0.042020 -0.062011 0.997160
1281.099812 224.884925 -24.099144 4.323035 -0.007080 0.043856 -0.061855 0.997096
1281.199651 225.022274 -24.117105 4.316112 -0.007182 0.045871 -0.061679 0.997016
1281.299487 225.181065 -24.135213 4.315097 -0.007295 0.046697 -0.061629 0.996979
1281.399329 225.336702 -24.149156 4.317174 -0.008245 0.049098 -0.061812 0.996845
1281.499170 225.489874 -24.163402 4.317523 -0.008826 0.051529 -0.061656 0.996727
1281.599813 225.631433 -24.183041 4.311351 -0.010835 0.052108 -0.061587 0.996682
1281.699650 225.767605 -24.203242 4.310355 -0.010712 0.051275 -0.061891 0.996707
1281.799503 225.908928 -24.220190 4.312985 -0.010612 0.047207 -0.061979 0.996904
1281.899343 226.063154 -24.238762 4.313631 -0.009744 0.044269 -0.062089 0.997041
1281.999186 226.220041 -24.257491 4.312377 -0.010875 0.042759 -0.061875 0.997108
1282.099831 226.373156 -24.275046 4.312662 -0.011635 0.042371 -0.061587 0.997134
1282.199674 226.519735 -24.292323 4.312776 -0.012061 0.044456 -0.061490 0.997044
1282.299499 226.665146 -24.309941 4.315100 -0.010057 0.043043 -0.061668 0.997117
1282.399331 226.811562 -24.327358 4.316974 -0.008034 0.040722 -0.061633 0.997235
1282.499179 226.966323 -24.344712 4.307166 -0.006602 0.040039 -0.061696 0.997270
1282.599814 227.124614 -24.362192 4.302716 -0.007939 0.044426 -0.061477 0.997088
1282.699660 227.279864 -24.383338 4.306426 -0.008769 0.044401 -0.061399 0.997087
1282.799507 227.439947 -24.406630 4.310175 -0.010905 0.039530 -0.061405 0.997270
1282.899343 227.601667 -24.425878 4.299052 -0.013669 0.034421 -0.062093 0.997383
1282.999180 227.756422 -24.443972 4.293213 -0.010080 0.036984 -0.062946 0.997280
1283.099814 227.896996 -24.464689 4.281529 -0.007813 0.039808 -0.063445 0.997160
1283.199648 228.041181 -24.482183 4.283725 -0.010203 0.043587 -0.063545 0.996975
1283.299494 228.189436 -24.499917 4.295544 -0.011129 0.046606 -0.063485 0.996832
1283.399344 228.341874 -24.520198 4.298146 -0.009663 0.044386 -0.063123 0.996971
1283.499196 228.493768 -24.536804 4.298164 -0.008195 0.044018 -0.063334 0.996988
1283.599823 228.648191 -24.554347 4.295259 -0.008866 0.043125 -0.063468 0.997012
1283.699669 228.803019 -24.574180 4.291880 -0.009164 0.042532 -0.063266 0.997048
1283.799515 228.945513 -24.590732 4.289009 -0.009900 0.041477 -0.063301 0.997083
1283.899354 229.090572 -24.607421 4.286290 -0.009977 0.038867 -0.063468 0.997177
1283.999192 229.240585 -24.627513 4.292968 -0.009242 0.035365 -0.063229 0.997329
1284.099841 229.386085 -24.650895 4.297321 -0.007925 0.032998 -0.062747 0.997452
1284.199686 229.521994 -24.670486 4.296246 -0.007382 0.032423 -0.062738 0.997476
1284.299534 229.661323 -24.686789 4.294498 -0.007630 0.031876 -0.062900 0.997482
1284.399371 229.811457 -24.707481 4.291863 -0.008502 0.033291 -0.063049 0.997419
1284.499211 229.965495 -24.731276 4.291060 -0.011829 0.034896 -0.063201 0.997320
1284.599451 230.117711 -24.752810 4.292252 -0.014546 0.034953 -0.063360 0.997272
1284.699281 230.262171 -24.769960 4.292531 -0.013942 0.035208 -0.063337 0.997274
1284.799132 230.401033 -24.787960 4.286953 -0.012392 0.036945 -0.063230 0.997238
1284.899769 230.540752 -24.806477 4.279175 -0.011214 0.037443 -0.063385 0.997223
1284.999612 230.682112 -24.825986 4.274395 -0.009625 0.036146 -0.063359 0.997290
1285.099457 230.821106 -24.846396 4.276691 -0.008834 0.031558 -0.063356 0.997453
1285.199304 230.948762 -24.863503 4.285498 -0.008230 0.030104 -0.063557 0.997490
1285.299159 231.080989 -24.880404 4.290900 -0.008823 0.031972 -0.063141 0.997453
1285.399796 231.211127 -24.898226 4.288309 -0.011090 0.034396 -0.062808 0.997371
1285.499622 231.334945 -24.915899 4.281738 -0.011365 0.033637 -0.062542 0.997411
1285.599464 231.463831 -24.932449 4.272339 -0.010781 0.032677 -0.062545 0.997449
1285.699301 231.595154 -24.950364 4.266933 -0.009402 0.031822 -0.062862 0.997470
1285.799152 231.725694 -24.964260 4.275445 -0.008900 0.032601 -0.063463 0.997412
1285.899778 231.851863 -24.977673 4.276538 -0.008156 0.031894 -0.064032 0.997405
1285.999636 231.974996 -24.994143 4.278561 -0.008862 0.033884 -0.063779 0.997349
1286.099474 232.098337 -25.012397 4.278031 -0.009318 0.033252 -0.063598 0.997378
1286.199314 232.218238 -25.030281 4.274336 -0.008737 0.031555 -0.063581 0.997439
1286.299151 232.338124 -25.050512 4.273783 -0.007714 0.031850 -0.063216 0.997462
1286.399786 232.456267 -25.067775 4.276313 -0.010823 0.031269 -0.063212 0.997451
1286.499620 232.573357 -25.083404 4.271083 -0.013036 0.029906 -0.063640 0.997440
1286.599474 232.687727 -25.098271 4.265835 -0.011682 0.031416 -0.063610 0.997412
1286.699309 232.799790 -25.112068 4.265551 -0.010722 0.032395 -0.063856 0.997376
1286.799156 232.911535 -25.126722 4.267918 -0.008666 0.030340 -0.063853 0.997460
1286.899799 233.014357 -25.143724 4.271858 -0.007234 0.030217 -0.063750 0.997482
1286.999623 233.114063 -25.160864 4.277141 -0.007597 0.030290 -0.063454 0.997496
1287.099464 233.221771 -25.173491 4.277389 -0.008270 0.032825 -0.063923 0.997381
1287.199309 233.329338 -25.189222 4.272356 -0.010303 0.037048 -0.064035 0.997207
1287.299155 233.441678 -25.204602 4.263865 -0.012103 0.039684 -0.064599 0.997048
1287.399791 233.549209 -25.219062 4.264060 -0.011634 0.035734 -0.065014 0.997176
1287.499624 233.654542 -25.235146 4.271748 -0.010018 0.032161 -0.065224 0.997302
1287.599470 233.756620 -25.250701 4.274720 -0.009296 0.030694 -0.065357 0.997346
1287.699297 233.850187 -25.267700 4.273108 -0.009966 0.032698 -0.065062 0.997296
1287.799145 233.950399 -25.285488 4.265880 -0.011085 0.035702 -0.064415 0.997223
1287.899784 234.051820 -25.301041 4.262652 -0.010493 0.037389 -0.063862 0.997203
1287.999628 234.151728 -25.312600 4.262417 -0.011260 0.037179 -0.064156 0.997183
1288.099485 234.258978 -25.327058 4.267062 -0.011619 0.037107 -0.064411 0.997166
1288.199316 234.369428 -25.341656 4.270419 -0.012601 0.038249 -0.064960 0.997075
1288.299165 234.477551 -25.356199 4.270338 -0.011475 0.039281 -0.065440 0.997017
1288.399802 234.575300 -25.372923 4.263824 -0.009560 0.039915 -0.065836 0.996986
1288.499653 234.677144 -25.390103 4.259929 -0.007934 0.036448 -0.065562 0.997151
1288.599493 234.787044 -25.404024 4.255082 -0.008745 0.036284 -0.065200 0.997174
1288.699344 234.896622 -25.415717 4.260814 -0.011173 0.041936 -0.064944 0.996945
1288.799176 235.003455 -25.434093 4.264066 -0.009036 0.044440 -0.064641 0.996878
1288.899815 235.102858 -25.449245 4.261395 -0.009395 0.045943 -0.065184 0.996771
1288.999662 235.198860 -25.466787 4.259851 -0.009820 0.047606 -0.065745 0.996652
1289.099496 235.293449 -25.481300 4.260421 -0.011891 0.046542 -0.066010 0.996662
1289.199326 235.388723 -25.492161 4.265189 -0.011816 0.043597 -0.066052 0.996793
1289.299174 235.492650 -25.504625 4.264562 -0.010359 0.040890 -0.065816 0.996940
1289.399816 235.602476 -25.521027 4.265361 -0.010335 0.040662 -0.065429 0.996975
1289.499654 235.713955 -25.540405 4.266448 -0.010701 0.041686 -0.065586 0.996918
1289.599497 235.830943 -25.555856 4.264456 -0.009899 0.040728 -0.065535 0.996970
1289.699344 235.947252 -25.572805 4.258306 -0.010534 0.038008 -0.065103 0.997099
1289.799201 236.056866 -25.584817 4.256823 -0.011745 0.037574 -0.065451 0.997079
1289.899434 236.174564 -25.598823 4.251378 -0.010864 0.040836 -0.065826 0.996936
1289.999260 236.289671 -25.612594 4.249242 -0.008396 0.045523 -0.066132 0.996737
1290.099480 236.403362 -25.631889 4.248646 -0.007486 0.050040 -0.066928 0.996474
1290.199313 236.513092 -25.651490 4.245345 -0.007423 0.050046 -0.067165 0.996458
1290.299163 236.620598 -25.667962 4.246043 -0.007331 0.049484 -0.066884 0.996506
1290.399798 236.731249 -25.681718 4.249268 -0.007217 0.050964 -0.066616 0.996450
1290.499632 236.844690 -25.691853 4.246425 -0.008106 0.054465 -0.066742 0.996250
1290.599460 236.964965 -25.705274 4.238232 -0.007318 0.054924 -0.066318 0.996259
1290.699302 237.096631 -25.726825 4.241618 -0.007604 0.052832 -0.066041 0.996388
1290.799138 237.235877 -25.748524 4.246222 -0.007387 0.050884 -0.066227 0.996479
1290.899781 237.380987 -25.768895 4.248008 -0.006882 0.048742 -0.065657 0.996627
1290.999626 237.517500 -25.785636 4.245189 -0.007835 0.047551 -0.065289 0.996702
1291.099471 237.647393 -25.803236 4.243525 -0.009878 0.045931 -0.065016 0.996778
1291.199320 237.775906 -25.819028 4.247557 -0.008228 0.043658 -0.065556 0.996859
1291.299167 237.907114 -25.838329 4.246650 -0.007279 0.042362 -0.066327 0.996872
1291.399797 238.044193 -25.856120 4.241913 -0.005998 0.040873 -0.066910 0.996903
1291.499640 238.179374 -25.874262 4.238449 -0.008321 0.038932 -0.067591 0.996918
1291.599484 238.308099 -25.893670 4.239154 -0.010194 0.038456 -0.068468 0.996860
1291.699311 238.444778 -25.912294 4.239898 -0.009070 0.036199 -0.069317 0.996896
1291.799149 238.571823 -25.930603 4.236977 -0.006468 0.033067 -0.070020 0.996976
1291.899785 238.702539 -25.951440 4.232108 -0.004437 0.029810 -0.070073 0.997086
1291.999635 238.841206 -25.976367 4.227395 -0.005969 0.027809 -0.070181 0.997129
1292.099478 238.980657 -26.000244 4.224863 -0.009951 0.028095 -0.069951 0.997105
1292.199312 239.117802 -26.016321 4.228006 -0.018279 0.030741 -0.068701 0.996996
1292.299165 239.249971 -26.031338 4.238068 -0.019216 0.030857 -0.066003 0.997157
1292.399812 239.369820 -26.049541 4.240302 -0.016860 0.028056 -0.064195 0.997400
1292.499651 239.476231 -26.068269 4.235440 -0.013227 0.026323 -0.063968 0.997517
1292.599493 239.589361 -26.084990 4.227551 -0.010775 0.027396 -0.064380 0.997491
1292.699330 239.711373 -26.097516 4.227966 -0.008810 0.029044 -0.063291 0.997534
1292.799165 239.829137 -26.110241 4.210003 -0.007108 0.028683 -0.061895 0.997645
1292.899804 239.934987 -26.122516 4.204364 -0.006168 0.014032 -0.061367 0.997998
1292.999652 240.025547 -26.136614 4.211705 -0.012266 -0.031097 -0.061525 0.997546
1293.099493 240.107752 -26.145959 4.222653 -0.014983 -0.057614 -0.061567 0.996326
1293.199341 240.190905 -26.163255 4.222756 -0.014824 -0.040416 -0.061565 0.997174
1293.299182 240.263228 -26.178158 4.205313 -0.013685 -0.012705 -0.061423 0.997937
1293.399818 240.317381 -26.183516 4.185533 -0.011257 0.014219 -0.061667 0.997932
1293.499656 240.360419 -26.187971 4.185950 -0.010698 0.021733 -0.062037 0.997780
1293.599494 240.405581 -26.194615 4.208556 -0.010411 0.015314 -0.062258 0.997888
1293.699316 240.451793 -26.201663 4.233259 -0.009748 0.015547 -0.062726 0.997862
1293.799146 240.491676 -26.208733 4.233406 -0.009725 0.022384 -0.062614 0.997739
1293.899792 240.531114 -26.215779 4.221965 -0.010336 0.027585 -0.062388 0.997617
1293.999633 240.568396 -26.218858 4.209994 -0.011394 0.032649 -0.062534 0.997444
1294.099468 240.606160 -26.225632 4.206256 -0.009854 0.037234 -0.062497 0.997302
1294.199302 240.645424 -26.234845 4.208198 -0.008584 0.043426 -0.062587 0.997057
1294.299134 240.690384 -26.242637 4.209163 -0.007781 0.049051 -0.062367 0.996817
1294.399771 240.738993 -26.250747 4.208358 -0.007822 0.052835 -0.062211 0.996633
1294.499607 240.781407 -26.258976 4.209931 -0.008265 0.055833 -0.062435 0.996452
1294.599432 240.822997 -26.268291 4.212106 -0.008345 0.060185 -0.062832 0.996173
1294.699268 240.871719 -26.276550 4.210870 -0.007626 0.062456 -0.063152 0.996019
1294.799507 240.931953 -26.284415 4.209555 -0.007148 0.064253 -0.063616 0.995878
1294.899361 240.988592 -26.291865 4.205801 -0.007250 0.063837 -0.063769 0.995894
1294.999202 241.057021 -26.303103 4.204782 -0.010038 0.062913 -0.063521 0.995945
1295.099442 241.134423 -26.313229 4.205609 -0.012288 0.062393 -0.063611 0.995947
1295.199282 241.217477 -26.323557 4.208683 -0.013368 0.062917 -0.063683 0.995895
1295.299124 241.306631 -26.333671 4.207549 -0.015826 0.062898 -0.064049 0.995837
1295.399763 241.402305 -26.347006 4.209628 -0.016258 0.061761 -0.064089 0.995899
1295.499591 241.501131 -26.360313 4.207886 -0.011538 0.059722 -0.064072 0.996090
1295.599426 241.605363 -26.371480 4.208680 -0.008252 0.056859 -0.064227 0.996280
1295.699258 241.713929 -26.382173 4.208290 -0.009600 0.054169 -0.064080 0.996427
1295.799496 241.824732 -26.394872 4.203582 -0.010236 0.051442 -0.063444 0.996606
1295.899342 241.940853 -26.405028 4.196726 -0.011513 0.050107 -0.063195 0.996676
1295.999180 242.061922 -26.416356 4.195817 -0.014305 0.049626 -0.062778 0.996690
1296.099826 242.184589 -26.424663 4.200606 -0.017010 0.048770 -0.062931 0.996680
1296.199672 242.306274 -26.434302 4.202443 -0.017450 0.047304 -0.063353 0.996717
1296.299511 242.425334 -26.445205 4.202165 -0.017095 0.046472 -0.063720 0.996739
1296.399361 242.538250 -26.454133 4.200858 -0.016570 0.047901 -0.063896 0.996669
1296.499187 242.656453 -26.459072 4.199974 -0.017975 0.049497 -0.063975 0.996561
1296.599831 242.777507 -26.459580 4.202822 -0.017837 0.049373 -0.064066 0.996564
1296.699676 242.900157 -26.462334 4.207225 -0.018833 0.049895 -0.063909 0.996530
1296.799504 243.026454 -26.467168 4.210593 -0.015165 0.049239 -0.063853 0.996629
1296.899329 243.162705 -26.466935 4.211914 -0.011190 0.046497 -0.064087 0.996798
1296.999165 243.300676 -26.468431 4.208020 -0.008822 0.043719 -0.064326 0.996932
1297.099809 243.431733 -26.471446 4.207125 -0.008421 0.040025 -0.064455 0.997082
1297.199639 243.551439 -26.474213 4.211854 -0.008994 0.035340 -0.064393 0.997258
1297.299475 243.671810 -26.477144 4.213947 -0.009356 0.032596 -0.064081 0.997368
1297.399328 243.799501 -26.485939 4.215904 -0.009542 0.033936 -0.063725 0.997345
1297.499159 243.931339 -26.493005 4.214235 -0.009827 0.034596 -0.063737 0.997319
1297.599787 244.062998 -26.494992 4.205067 -0.010112 0.034278 -0.064080 0.997305
1297.699608 244.187724 -26.496296 4.199283 -0.009912 0.033252 -0.063955 0.997349
1297.799454 244.309939 -26.499163 4.203497 -0.009855 0.032614 -0.063959 0.997371
1297.899299 244.436592 -26.500558 4.206850 -0.009885 0.029247 -0.063904 0.997478
1297.999137 244.553826 -26.502162 4.210778 -0.010281 0.027919 -0.064250 0.997490
1298.099775 244.674001 -26.509130 4.210492 -0.010306 0.028624 -0.064000 0.997486
1298.199603 244.796024 -26.515154 4.204315 -0.009434 0.031505 -0.063706 0.997427
1298.299436 244.917337 -26.520013 4.199751 -0.009128 0.033623 -0.063534 0.997371
1298.399286 245.024320 -26.524072 4.205467 -0.008753 0.035341 -0.063427 0.997322
1298.499120 245.138281 -26.528873 4.209543 -0.009362 0.037076 -0.063667 0.997238
1298.599763 245.255552 -26.531653 4.211448 -0.010287 0.039885 -0.064085 0.997094
1298.699611 245.365672 -26.537161 4.207883 -0.009943 0.040409 -0.064267 0.997065
1298.799447 245.481066 -26.543918 4.202797 -0.009868 0.039696 -0.064408 0.997085
1298.899290 245.598735 -26.553094 4.201340 -0.009727 0.038099 -0.064536 0.997140
1298.999124 245.712045 -26.562786 4.203372 -0.010199 0.038818 -0.064635 0.997102
1299.099774 245.826855 -26.572020 4.205785 -0.010085 0.039205 -0.064625 0.997088
1299.199612 245.937122 -26.577549 4.205527 -0.009122 0.039076 -0.064120 0.997135
1299.299451 246.048216 -26.584675 4.200579 -0.010007 0.038083 -0.063437 0.997209
1299.399287 246.154610 -26.590299 4.196899 -0.011496 0.036705 -0.062810 0.997284
1299.499118 246.264834 -26.596377 4.200107 -0.012671 0.035011 -0.062499 0.997350
1299.599758 246.379003 -26.607031 4.205951 -0.013589 0.033463 -0.062874 0.997368
1299.699581 246.495244 -26.618969 4.202794 -0.012045 0.038326 -0.063399 0.997179
1299.799417 246.608311 -26.631996 4.193899 -0.008592 0.043772 -0.063509 0.996984
1299.899257 246.719055 -26.640883 4.189791 -0.006881 0.046518 -0.063254 0.996889
1299.999497 246.833640 -26.646212 4.192507 -0.006932 0.045241 -0.062600 0.996989
1300.099340 246.946337 -26.650533 4.199199 -0.010296 0.043928 -0.062004 0.997056
1300.199174 247.062628 -26.659911 4.202197 -0.012091 0.044651 -0.061891 0.997010
1300.299825 247.188241 -26.669563 4.192247 -0.010600 0.045440 -0.061975 0.996986
1300.399670 247.306163 -26.682112 4.187399 -0.009112 0.042776 -0.061961 0.997120
1300.499521 247.416004 -26.694737 4.189479 -0.007834 0.041017 -0.061938 0.997206
1300.599356 247.525257 -26.700933 4.195499 -0.009009 0.037799 -0.062575 0.997284
1300.699196 247.638032 -26.710497 4.197091 -0.010114 0.036348 -0.062956 0.997303
1300.799827 247.756310 -26.720466 4.194939 -0.009129 0.035476 -0.063575 0.997305
1300.899664 247.864409 -26.724484 4.190154 -0.008056 0.034669 -0.064132 0.997306
1300.999509 247.981571 -26.735937 4.189745 -0.006873 0.033653 -0.064252 0.997342
1301.099350 248.105551 -26.749976 4.193801 -0.007282 0.031823 -0.064382 0.997391
1301.199184 248.220890 -26.763950 4.193266 -0.007778 0.028466 -0.064304 0.997494
1301.299812 248.335027 -26.775654 4.194900 -0.007590 0.025489 -0.064069 0.997591
1301.399654 248.447505 -26.784782 4.193283 -0.008052 0.024132 -0.063663 0.997647
1301.499486 248.560325 -26.795762 4.190924 -0.008935 0.023354 -0.063469 0.997670
1301.599321 248.669196 -26.808938 4.190968 -0.009891 0.022861 -0.063140 0.997694
1301.699165 248.774873 -26.818771 4.198587 -0.010810 0.019758 -0.063702 0.997715
1301.799808 248.873794 -26.823640 4.211419 -0.009694 0.010674 -0.064045 0.997843
1301.899645 248.954902 -26.835396 4.184953 -0.009291 -0.013467 -0.063744 0.997832
1301.999478 249.040276 -26.847050 4.175952 -0.009996 -0.002075 -0.064130 0.997889
1302.099305 249.124388 -26.856798 4.166898 -0.012887 0.021115 -0.064028 0.997641
1302.199137 249.203780 -26.863814 4.173575 -0.012654 0.029701 -0.063593 0.997454
1302.299780 249.279316 -26.869777 4.182166 -0.011028 0.031654 -0.063749 0.997403
1302.399628 249.347424 -26.879055 4.183321 -0.009584 0.030497 -0.063827 0.997449
1302.499456 249.412262 -26.890923 4.176020 -0.008657 0.033357 -0.064659 0.997312
1302.599295 249.478175 -26.897362 4.173432 -0.007179 0.038667 -0.065425 0.997082
1302.699131 249.553174 -26.900663 4.169828 -0.007168 0.042830 -0.065934 0.996879
1302.799756 249.636607 -26.907060 4.165433 -0.007447 0.046493 -0.066129 0.996699
1302.899599 249.723967 -26.920223 4.161621 -0.008223 0.049691 -0.066292 0.996528
1302.999438 249.812925 -26.934764 4.160620 -0.009349 0.052267 -0.066568 0.996368
1303.099274 249.899731 -26.945436 4.159408 -0.008946 0.055442 -0.066429 0.996209
1303.199498 249.981988 -26.957252 4.157183 -0.008366 0.057681 -0.065949 0.996119
1303.299339 250.063012 -26.971763 4.157898 -0.007513 0.056965 -0.065709 0.996183
1303.399177 250.142193 -26.984031 4.162263 -0.009787 0.052223 -0.065752 0.996420
1303.499811 250.232742 -26.993428 4.167301 -0.010325 0.048400 -0.065683 0.996613
1303.599651 250.337311 -27.006844 4.171002 -0.010171 0.047125 -0.065465 0.996690
1303.699483 250.442644 -27.021210 4.163834 -0.008806 0.049131 -0.065582 0.996598
1303.799324 250.546796 -27.033513 4.150738 -0.008361 0.051776 -0.065621 0.996465
1303.899150 250.661814 -27.052755 4.145905 -0.007756 0.056536 -0.065273 0.996234
1303.999787 250.772404 -27.070130 4.154087 -0.007785 0.058659 -0.065084 0.996124
1304.099641 250.883786 -27.082396 4.160048 -0.008629 0.057318 -0.064989 0.996201
1304.199479 251.004503 -27.090909 4.158237 -0.009416 0.057866 -0.065244 0.996146
1304.299334 251.129604 -27.107216 4.154444 -0.009675 0.059367 -0.065209 0.996057
1304.399187 251.249198 -27.126180 4.151453 -0.008786 0.059070 -0.066021 0.996030
1304.499837 251.377991 -27.143056 4.149451 -0.007353 0.057773 -0.066309 0.996098
1304.599666 251.511730 -27.160583 4.147632 -0.007348 0.056129 -0.065767 0.996228
1304.699509 251.648938 -27.178362 4.151551 -0.007467 0.054647 -0.065620 0.996319
1304.799348 251.785886 -27.194483 4.150102 -0.008306 0.053433 -0.065073 0.996414
1304.899185 251.928986 -27.212163 4.149455 -0.009079 0.053001 -0.064874 0.996444
1304.999829 252.071615 -27.230108 4.149950 -0.008991 0.053518 -0.065681 0.996364
1305.099672 252.223707 -27.254005 4.153861 -0.007839 0.054007 -0.066140 0.996317
1305.199518 252.373304 -27.273965 4.152049 -0.006938 0.051571 -0.066436 0.996433
1305.299347 252.514817 -27.293104 4.147040 -0.007498 0.046983 -0.066648 0.996642
1305.399182 252.660734 -27.311544 4.142792 -0.006709 0.046211 -0.066442 0.996697
1305.499822 252.813016 -27.332935 4.142078 -0.007335 0.046759 -0.065896 0.996703
1305.599650 252.963209 -27.355099 4.143052 -0.009013 0.047379 -0.065852 0.996663
1305.699503 253.113989 -27.374359 4.146316 -0.009285 0.046258 -0.065575 0.996732
1305.799345 253.265294 -27.395296 4.143091 -0.009463 0.045143 -0.065305 0.996799
1305.899191 253.424519 -27.418889 4.143648 -0.009504 0.043038 -0.065438 0.996883
1305.999825 253.581614 -27.442208 4.141219 -0.009736 0.040911 -0.065772 0.996948
1306.099665 253.729680 -27.465676 4.142005 -0.009845 0.039169 -0.065900 0.997009
1306.199504 253.878315 -27.492137 4.144165 -0.009861 0.039377 -0.065977 0.996995
1306.299344 254.031874 -27.516704 4.140094 -0.009934 0.039664 -0.065820 0.996993
1306.399190 254.176816 -27.535922 4.135941 -0.010891 0.036806 -0.066015 0.997080
1306.499837 254.321360 -27.554549 4.133053 -0.011497 0.033982 -0.066266 0.997157
1306.599667 254.467399 -27.576934 4.131372 -0.010292 0.035151 -0.066311 0.997127
1306.699503 254.617717 -27.598268 4.125567 -0.008632 0.037436 -0.066485 0.997048
1306.799342 254.771159 -27.622118 4.123592 -0.008435 0.039113 -0.066334 0.996995
1306.899176 254.921330 -27.646178 4.123035 -0.009152 0.038405 -0.065893 0.997045
1306.999816 255.068782 -27.666318 4.125250 -0.011075 0.037912 -0.065939 0.997042
1307.099636 255.208685 -27.687251 4.124930 -0.011574 0.038526 -0.065769 0.997024
1307.199478 255.343575 -27.706747 4.124450 -0.011596 0.038122 -0.065953 0.997027
1307.299319 255.485420 -27.725975 4.126396 -0.010126 0.036824 -0.066331 0.997067
1307.399154 255.629248 -27.745330 4.131497 -0.008265 0.036111 -0.066686 0.997086
1307.499788 255.765276 -27.761218 4.127173 -0.006743 0.035958 -0.067082 0.997077
1307.599636 255.901845 -27.776907 4.117747 -0.007043 0.034875 -0.067122 0.997110
1307.699468 256.035521 -27.795566 4.113783 -0.006772 0.033633 -0.067172 0.997151
1307.799313 256.158090 -27.815311 4.115469 -0.009551 0.031977 -0.067699 0.997147
1307.899146 256.282903 -27.836827 4.117292 -0.012589 0.031370 -0.067481 0.997148
1307.999777 256.416092 -27.854244 4.116143 -0.014952 0.029953 -0.067760 0.997140
1308.099623 256.550594 -27.866148 4.115391 -0.017862 0.028835 -0.068406 0.997081
1308.199470 256.685862 -27.878197 4.112376 -0.016843 0.026896 -0.068340 0.997157
1308.299318 256.814214 -27.890862 4.107737 -0.015615 0.025881 -0.068261 0.997210
1308.399152 256.932953 -27.903875 4.108587 -0.015445 0.026154 -0.068101 0.997216
1308.499792 257.050332 -27.912808 4.109256 -0.016891 0.025713 -0.067765 0.997227
1308.599640 257.162310 -27.918167 4.107455 -0.017017 0.024669 -0.067358 0.997279
1308.699483 257.268940 -27.920494 4.106090 -0.017885 0.024162 -0.067235 0.997284
1308.799325 257.379087 -27.924566 4.100176 -0.017100 0.023308 -0.066876 0.997342
1308.899161 257.492457 -27.927893 4.090602 -0.013858 0.023551 -0.066522 0.997411
1308.999797 257.591711 -27.927368 4.096422 -0.009216 0.014221 -0.066765 0.997625
1309.099641 257.681219 -27.931281 4.100524 -0.007971 0.003304 -0.066834 0.997727
1309.199488 257.766558 -27.934492 4.107545 -0.008405 -0.009102 -0.067074 0.997671
1309.299323 257.859691 -27.935874 4.133699 -0.007436 -0.008474 -0.067394 0.997663
1309.399178 257.932617 -27.930214 4.115468 -0.006875 -0.021604 -0.067464 0.997464
1309.499815 257.998147 -27.932059 4.093445 -0.006709 -0.026204 -0.067137 0.997377
1309.599649 258.059941 -27.934592 4.075045 -0.006470 -0.018231 -0.066877 0.997574
1309.699487 258.106784 -27.935188 4.079209 -0.007043 -0.006939 -0.066831 0.997715
1309.799315 258.141011 -27.935853 4.092893 -0.008215 0.003264 -0.066649 0.997737
1309.899170 258.168107 -27.939681 4.107055 -0.010285 0.008290 -0.067046 0.997662
1309.999815 258.188708 -27.941242 4.111214 -0.011921 0.011928 -0.067656 0.997566
1310.099655 258.207814 -27.934737 4.116298 -0.010334 0.018175 -0.068349 0.997442
1310.199483 258.219867 -27.934593 4.110010 -0.010200 0.022753 -0.068382 0.997348
1310.299317 258.231336 -27.937386 4.100206 -0.010108 0.024278 -0.068606 0.997297
1310.399144 258.251113 -27.941011 4.097783 -0.010157 0.024036 -0.068602 0.997303
1310.499787 258.263691 -27.940643 4.103653 -0.010401 0.023676 -0.068447 0.997320
1310.599644 258.268893 -27.941559 4.111479 -0.010376 0.022224 -0.068348 0.997360
1310.699490 258.279311 -27.942988 4.118328 -0.010654 0.021799 -0.068626 0.997347
1310.799324 258.292406 -27.945510 4.114516 -0.010993 0.020584 -0.068838 0.997355
1310.899148 258.300067 -27.944349 4.113470 -0.010793 0.021059 -0.068994 0.997336
1310.999779 258.310054 -27.946406 4.117980 -0.011185 0.020415 -0.068799 0.997359
1311.099614 258.321807 -27.949698 4.114157 -0.011258 0.019643 -0.068853 0.997370
1311.199454 258.327021 -27.951496 4.110725 -0.011635 0.023525 -0.068914 0.997277
1311.299279 258.331425 -27.950124 4.113794 -0.011682 0.028558 -0.068964 0.997142
1311.399116 258.336727 -27.946836 4.115113 -0.011080 0.030822 -0.068908 0.997085
1311.499755 258.335176 -27.941524 4.118985 -0.010667 0.028793 -0.068886 0.997152
1311.599586 258.330371 -27.940094 4.119045 -0.010730 0.027488 -0.068884 0.997188
1311.699417 258.330454 -27.944067 4.117801 -0.010311 0.026610 -0.068842 0.997219
1311.799257 258.328701 -27.947707 4.114847 -0.010331 0.027203 -0.068800 0.997206
1311.899499 258.326554 -27.951050 4.103659 -0.010191 0.028109 -0.068635 0.997194
1311.999329 258.326204 -27.952195 4.107066 -0.010147 0.029211 -0.068665 0.997160
1312.099173 258.327843 -27.946694 4.119335 -0.009906 0.029584 -0.068778 0.997144
1312.199818 258.328747 -27.940394 4.123705 -0.009871 0.029079 -0.068880 0.997152
1312.299641 258.325147 -27.935554 4.113853 -0.009706 0.028042 -0.069002 0.997175
1312.399485 258.323774 -27.939888 4.108475 -0.009566 0.027709 -0.068911 0.997192
1312.499325 258.323617 -27.942326 4.110017 -0.010255 0.027866 -0.069040 0.997172
1312.599172 258.329000 -27.943652 4.120074 -0.009973 0.028191 -0.069046 0.997165
1312.699835 258.322448 -27.940233 4.120778 -0.009674 0.027955 -0.069044 0.997175
1312.799677 258.315158 -27.934026 4.120663 -0.009189 0.028019 -0.069181 0.997168
1312.899512 258.306259 -27.936365 4.115524 -0.009547 0.028231 -0.068934 0.997176
1312.999347 258.301181 -27.942958 4.113468 -0.010026 0.028169 -0.068818 0.997181
1313.099208 258.297934 -27.943595 4.111863 -0.010191 0.027944 -0.068991 0.997174
1313.199450 258.300276 -27.940732 4.114881 -0.009659 0.028525 -0.069085 0.997156
1313.299287 258.296853 -27.935192 4.115311 -0.008651 0.029570 -0.069265 0.997122
1313.399136 258.292438 -27.935502 4.111264 -0.008056 0.030299 -0.068987 0.997125
1313.499775 258.295103 -27.936715 4.098152 -0.009394 0.029765 -0.068963 0.997131
1313.599614 258.295195 -27.944258 4.097548 -0.010028 0.027688 -0.068988 0.997183
1313.699450 258.293549 -27.949954 4.108627 -0.009936 0.026604 -0.068748 0.997230
1313.799290 258.296234 -27.943910 4.111462 -0.009306 0.029459 -0.068976 0.997140
1313.899139 258.303263 -27.939085 4.100622 -0.008835 0.038363 -0.068774 0.996855
1313.999793 258.314755 -27.937428 4.089496 -0.007966 0.052648 -0.068765 0.996211
1314.099636 258.333027 -27.939505 4.086476 -0.008376 0.065154 -0.068600 0.995479
1314.199470 258.353679 -27.946863 4.086937 -0.007488 0.071749 -0.068570 0.995035
1314.299315 258.379018 -27.951930 4.086899 -0.006677 0.077955 -0.068765 0.994560
1314.399142 258.419883 -27.956992 4.085285 -0.005672 0.082687 -0.068797 0.994182
1314.499775 258.470322 -27.963123 4.082072 -0.005433 0.086423 -0.069381 0.993825
1314.599605 258.520063 -27.969464 4.082303 -0.004200 0.089223 -0.069548 0.993572
1314.699442 258.576999 -27.979338 4.078780 -0.003261 0.090350 -0.069591 0.993470
1314.799277 258.646379 -27.988790 4.071960 -0.003616 0.092651 -0.069603 0.993256
1314.899118 258.734718 -28.003739 4.065785 -0.004675 0.098586 -0.069452 0.992691
1314.999746 258.838591 -28.022904 4.063150 -0.004973 0.101989 -0.069210 0.992363
1315.099602 258.949983 -28.043496 4.068487 -0.005651 0.100358 -0.068958 0.992543
1315.199432 259.080060 -28.059222 4.073306 -0.004950 0.094891 -0.069194 0.993068
1315.299281 259.218478 -28.074897 4.070724 -0.004323 0.092407 -0.069262 0.993300
1315.399118 259.358533 -28.093075 4.067601 -0.003707 0.089499 -0.069433 0.993557
1315.499765 259.508142 -28.118689 4.064923 -0.002883 0.085865 -0.069156 0.993900
1315.599620 259.671485 -28.147842 4.067609 -0.002697 0.082209 -0.068961 0.994223
1315.699454 259.846831 -28.176153 4.073728 -0.003777 0.078471 -0.068628 0.994544
1315.799283 260.021631 -28.196102 4.077608 -0.007476 0.072620 -0.068632 0.994967
1315.899121 260.205343 -28.224675 4.076192 -0.009689 0.066063 -0.068374 0.995423
1315.999756 260.388980 -28.257693 4.072998 -0.010287 0.062030 -0.068093 0.995696
1316.099606 260.581352 -28.282819 4.066764 -0.009768 0.062751 -0.068572 0.995623
1316.199438 260.775098 -28.307288 4.063751 -0.011424 0.062515 -0.068358 0.995635
1316.299309 260.976109 -28.334176 4.054208 -0.016354 0.055599 -0.068567 0.995962
1316.399131 261.175159 -28.364561 4.050193 -0.019031 0.042626 -0.068428 0.996563
1316.499771 261.369541 -28.389288 4.043953 -0.016986 0.028716 -0.068659 0.997082
1316.599607 261.551834 -28.414398 4.113815 -0.013210 -0.007390 -0.068458 0.997539
1316.699445 261.729191 -28.433136 4.087425 -0.009617 -0.058021 -0.068497 0.995916
1316.799284 261.920317 -28.452798 4.005312 -0.009735 -0.036870 -0.068993 0.996888
1316.899113 262.084545 -28.469450 3.955694 -0.012144 0.000226 -0.068936 0.997547
1316.999750 262.229925 -28.480441 3.968768 -0.015999 -0.034119 -0.068243 0.996957
1317.099608 262.360188 -28.490169 4.058783 -0.012384 -0.069451 -0.068217 0.995173
1317.199441 262.477658 -28.504772 4.113690 -0.013008 -0.065533 -0.068297 0.995425
1317.299295 262.572499 -28.513548 4.073984 -0.010260 -0.025278 -0.068650 0.997268
1317.399126 262.645928 -28.523199 4.038211 -0.009486 0.019573 -0.068261 0.997430
1317.499751 262.720191 -28.526932 4.044535 -0.009535 0.040261 -0.068368 0.996802
1317.599589 262.793577 -28.538277 4.058550 -0.007714 0.043151 -0.068867 0.996662
1317.699437 262.863424 -28.549754 4.070467 -0.005597 0.041515 -0.069260 0.996719
1317.799275 262.937772 -28.559972 4.076350 -0.005507 0.043926 -0.069610 0.996592
1317.899511 263.017458 -28.567175 4.068161 -0.005499 0.047019 -0.069706 0.996444
1317.999356 263.098162 -28.573358 4.058815 -0.005263 0.051434 -0.069663 0.996230
1318.099207 263.180235 -28.584850 4.055945 -0.006800 0.053659 -0.069300 0.996128
1318.199463 263.262401 -28.598467 4.064481 -0.007924 0.055710 -0.069698 0.995980
1318.299296 263.341104 -28.609081 4.082979 -0.008732 0.055298 -0.070035 0.995972
1318.399124 263.419709 -28.617361 4.087948 -0.011536 0.052291 -0.070117 0.996101
1318.499751 263.510168 -28.627148 4.084373 -0.012085 0.050261 -0.070275 0.996187
1318.599602 263.602131 -28.642144 4.074065 -0.012568 0.053783 -0.070416 0.995987
1318.699443 263.698095 -28.651736 4.069882 -0.014964 0.055818 -0.070630 0.995827
1318.799275 263.800725 -28.660612 4.072555 -0.017536 0.053665 -0.070286 0.995928
1318.899505 263.908848 -28.671106 4.074080 -0.017523 0.051945 -0.069999 0.996040
1318.999356 264.023001 -28.683210 4.074730 -0.017110 0.054220 -0.070091 0.995919
1319.099187 264.140081 -28.693844 4.071335 -0.015436 0.056229 -0.070023 0.995840
1319.199844 264.252942 -28.697862 4.067476 -0.011758 0.056847 -0.070316 0.995834
1319.299675 264.370596 -28.704067 4.076865 -0.009289 0.057043 -0.070508 0.995836
1319.399513 264.491382 -28.712555 4.081442 -0.007446 0.054104 -0.070555 0.996012
1319.499348 264.616022 -28.719744 4.082934 -0.007459 0.049092 -0.070631 0.996266
1319.599195 264.749280 -28.724818 4.084948 -0.007517 0.048382 -0.070999 0.996274
1319.699828 264.878738 -28.728700 4.078177 -0.007280 0.049614 -0.071316 0.996192
1319.799649 265.007616 -28.732851 4.068426 -0.007407 0.053229 -0.071450 0.995995
1319.899484 265.137466 -28.743565 4.071787 -0.008029 0.052888 -0.071486 0.996006
1319.999317 265.273763 -28.754506 4.075137 -0.008499 0.049308 -0.071984 0.996150
1320.099162 265.412977 -28.764106 4.081675 -0.009497 0.043443 -0.072730 0.996360
1320.199807 265.558584 -28.774078 4.090066 -0.008039 0.043774 -0.072961 0.996341
1320.299660 265.698913 -28.785489 4.089409 -0.006917 0.042269 -0.072775 0.996428
1320.399504 265.833769 -28.796076 4.082787 -0.005260 0.041572 -0.072132 0.996514
1320.499354 265.971776 -28.808281 4.069831 -0.005676 0.041556 -0.071569 0.996553
1320.599195 266.102501 -28.816962 4.070926 -0.007838 0.039042 -0.071490 0.996646
1320.699830 266.239816 -28.824698 4.067722 -0.009045 0.037238 -0.071911 0.996675
1320.799662 266.375337 -28.833334 4.068629 -0.008402 0.037457 -0.072521 0.996628
1320.899494 266.514528 -28.845887 4.069736 -0.006818 0.039857 -0.072843 0.996523
1320.999332 266.650925 -28.858164 4.071066 -0.006434 0.041413 -0.073115 0.996443
1321.099180 266.786606 -28.873096 4.071098 -0.007350 0.040324 -0.072992 0.996490
1321.199822 266.921823 -28.888940 4.070894 -0.008458 0.037937 -0.073110 0.996566
1321.299658 267.058767 -28.899628 4.066412 -0.008465 0.037803 -0.073295 0.996558
1321.399504 267.197582 -28.912730 4.069893 -0.008780 0.039093 -0.072913 0.996533
1321.499349 267.336053 -28.927681 4.069510 -0.009636 0.040232 -0.072769 0.996490
1321.599178 267.475484 -28.943588 4.067650 -0.009920 0.040289 -0.072712 0.996490
1321.699810 267.607943 -28.961823 4.058264 -0.009656 0.039382 -0.072590 0.996537
1321.799663 267.737531 -28.980471 4.066031 -0.009706 0.037329 -0.072453 0.996626
1321.899495 267.870352 -28.995027 4.070931 -0.008883 0.036122 -0.072588 0.996668
1321.999337 268.006857 -29.011476 4.066108 -0.009088 0.035670 -0.071957 0.996728
1322.099185 268.143133 -29.028763 4.064181 -0.011164 0.039657 -0.071603 0.996582
1322.199829 268.275349 -29.043055 4.061870 -0.011767 0.042569 -0.071831 0.996438
1322.299662 268.405299 -29.057564 4.052361 -0.010024 0.043336 -0.071908 0.996419
1322.399490 268.536828 -29.075243 4.047610 -0.007619 0.041705 -0.072043 0.996500
1322.499331 268.670853 -29.091420 4.055295 -0.008008 0.040919 -0.072012 0.996532
1322.599170 268.799583 -29.106951 4.064293 -0.010763 0.040290 -0.072299 0.996511
1322.699822 268.929548 -29.127676 4.060374 -0.011901 0.040737 -0.072535 0.996462
1322.799639 269.062620 -29.145312 4.053546 -0.010696 0.040711 -0.072871 0.996453
1322.899479 269.201845 -29.159795 4.041015 -0.008905 0.040494 -0.072961 0.996473
1322.999306 269.328551 -29.170173 4.040181 -0.008496 0.040490 -0.073168 0.996461
1323.099151 269.459661 -29.180911 4.043803 -0.009429 0.040324 -0.073477 0.996437
1323.199792 269.597380 -29.194474 4.042780 -0.009309 0.041063 -0.073582 0.996400
1323.299632 269.735643 -29.217569 4.043033 -0.009606 0.042392 -0.073266 0.996365
1323.399481 269.863547 -29.236873 4.041668 -0.007836 0.040333 -0.073079 0.996479
1323.499324 269.989076 -29.253491 4.034208 -0.005473 0.038107 -0.072610 0.996617
1323.599162 270.112729 -29.270229 4.023743 -0.006964 0.041013 -0.072303 0.996515
1323.699808 270.245691 -29.287145 4.021766 -0.007676 0.047324 -0.072302 0.996230
1323.799651 270.376463 -29.304083 4.033477 -0.006990 0.051442 -0.071815 0.996066
1323.899493 270.509100 -29.321862 4.031831 -0.006526 0.049936 -0.071337 0.996180
1323.999318 270.649892 -29.339067 4.026505 -0.008535 0.046850 -0.071169 0.996327
1324.099169 270.788584 -29.350263 4.022757 -0.009041 0.044203 -0.071472 0.996422
1324.199803 270.922839 -29.365979 4.023270 -0.006969 0.042563 -0.071815 0.996485
1324.299655 271.058913 -29.386872 4.023025 -0.005640 0.043644 -0.072307 0.996411
1324.399502 271.195983 -29.405828 4.018905 -0.006438 0.045595 -0.072946 0.996272
1324.499344 271.329783 -29.423120 4.012341 -0.007578 0.046822 -0.073823 0.996143
1324.599189 271.467508 -29.443260 4.008841 -0.007744 0.046065 -0.073920 0.996170
1324.699827 271.607521 -29.461622 4.010575 -0.009581 0.042878 -0.074313 0.996267
1324.799668 271.749479 -29.479081 4.011515 -0.009591 0.039868 -0.074577 0.996372
1324.899507 271.891496 -29.500002 4.010556 -0.009482 0.039968 -0.074586 0.996368
1324.999353 272.032801 -29.520760 4.003599 -0.009480 0.039241 -0.074917 0.996372
1325.099213 272.169618 -29.541432 3.999566 -0.010005 0.038973 -0.075116 0.996363
1325.199470 272.302459 -29.560227 3.999005 -0.010746 0.038882 -0.074901 0.996375
1325.299312 272.433692 -29.578877 3.996431 -0.010914 0.040814 -0.074607 0.996318
1325.399146 272.563325 -29.597556 3.991733 -0.009668 0.045352 -0.074939 0.996109
1325.499771 272.702421 -29.616673 3.988154 -0.007189 0.049764 -0.074750 0.995934
1325.599626 272.849513 -29.637592 3.980634 -0.007958 0.053150 -0.074820 0.995748
1325.699472 272.996688 -29.663304 3.978351 -0.008511 0.054002 -0.074509 0.995721
1325.799304 273.145954 -29.686444 3.979208 -0.007274 0.052610 -0.074218 0.995827
1325.899142 273.288123 -29.705492 3.983114 -0.008171 0.048546 -0.074211 0.996027
1325.999782 273.430703 -29.726030 3.984343 -0.009189 0.045807 -0.074230 0.996146
1326.099619 273.569721 -29.746628 3.984172 -0.008832 0.045030 -0.074141 0.996191
1326.199464 273.711560 -29.769057 3.980005 -0.008702 0.046015 -0.074103 0.996150
1326.299302 273.858314 -29.792218 3.972151 -0.009390 0.045944 -0.073939 0.996160
1326.399135 274.008560 -29.815285 3.968523 -0.009276 0.043965 -0.074060 0.996241
1326.499776 274.160872 -29.840800 3.964023 -0.009065 0.042452 -0.074219 0.996297
1326.599613 274.308509 -29.865955 3.960006 -0.009513 0.041755 -0.074458 0.996304
1326.699462 274.454222 -29.888013 3.960139 -0.010112 0.044453 -0.074862 0.996151
1326.799301 274.602946 -29.907640 3.963944 -0.009779 0.046752 -0.075226 0.996022
1326.899143 274.756848 -29.932685 3.971546 -0.009897 0.047454 -0.074922 0.996011
1326.999785 274.911000 -29.961411 3.974454 -0.010521 0.044466 -0.074718 0.996157
1327.099636 275.058478 -29.988787 3.964956 -0.008889 0.040604 -0.074755 0.996335
1327.199477 275.199772 -30.009822 3.952440 -0.007767 0.039717 -0.074454 0.996403
1327.299320 275.344274 -30.027840 3.947364 -0.010194 0.043450 -0.075012 0.996183
1327.399143 275.488898 -30.049883 3.950909 -0.012472 0.047556 -0.074885 0.995979
1327.499784 275.645493 -30.080249 3.952992 -0.012025 0.049372 -0.074465 0.995928
1327.599624 275.792351 -30.108610 3.951244 -0.011551 0.048783 -0.074583 0.995954
1327.699468 275.935492 -30.136806 3.948299 -0.010914 0.048749 -0.074836 0.995944
1327.799307 276.084631 -30.159273 3.943719 -0.010501 0.047797 -0.075329 0.995957
1327.899162 276.243878 -30.180799 3.939150 -0.010953 0.047417 -0.075479 0.995959
1327.999779 276.399219 -30.201475 3.941018 -0.011828 0.043893 -0.075109 0.996139
1328.099616 276.547544 -30.226581 3.941945 -0.015361 0.042172 -0.074703 0.996195
1328.199463 276.695605 -30.250079 3.941580 -0.016862 0.040847 -0.074592 0.996234
1328.299307 276.841460 -30.276062 3.933507 -0.017090 0.043885 -0.074601 0.996101
1328.399140 276.992721 -30.300786 3.922292 -0.015385 0.047978 -0.074841 0.995922
1328.499784 277.145581 -30.324257 3.912425 -0.014526 0.048431 -0.074857 0.995912
1328.599609 277.298920 -30.340137 3.899757 -0.017486 0.046237 -0.075154 0.995946
1328.699454 277.451235 -30.350707 3.897880 -0.018352 0.041538 -0.075385 0.996120
1328.799303 277.600514 -30.365917 3.911808 -0.018266 0.038113 -0.075493 0.996250
1328.899146 277.748890 -30.382902 3.925852 -0.017034 0.037274 -0.075367 0.996313
1328.999792 277.896638 -30.399963 3.919797 -0.017090 0.039928 -0.075487 0.996200
1329.099637 278.043607 -30.415766 3.912423 -0.017442 0.042430 -0.075601 0.996082
1329.199486 278.192287 -30.427386 3.896871 -0.019214 0.042415 -0.075651 0.996047
1329.299318 278.347075 -30.435436 3.888037 -0.018993 0.040007 -0.075659 0.996150
1329.399174 278.499760 -30.448956 3.886700 -0.019488 0.038613 -0.075148 0.996234
1329.499814 278.650039 -30.458977 3.896929 -0.017720 0.038696 -0.074965 0.996278
1329.599650 278.797163 -30.466846 3.904692 -0.014613 0.039732 -0.075240 0.996266
1329.699493 278.944965 -30.472752 3.906275 -0.013421 0.040676 -0.075409 0.996232
1329.799321 279.084730 -30.480354 3.898308 -0.013245 0.040385 -0.075578 0.996234
1329.899179 279.225117 -30.492136 3.889846 -0.013129 0.038342 -0.075587 0.996315
1329.999818 279.369242 -30.499160 3.888669 -0.012025 0.036049 -0.075569 0.996416
1330.099658 279.512332 -30.501021 3.889971 -0.011022 0.033514 -0.075874 0.996493
1330.199496 279.659280 -30.516187 3.897431 -0.011122 0.031839 -0.075997 0.996538
1330.299342 279.801738 -30.529280 3.899608 -0.012087 0.029754 -0.075886 0.996599
1330.399184 279.937168 -30.531482 3.899093 -0.012207 0.027388 -0.076107 0.996649
1330.499824 280.063010 -30.536731 3.895706 -0.013439 0.021884 -0.075523 0.996813
1330.599679 280.185540 -30.544413 3.887953 -0.011271 0.013802 -0.075671 0.996974
1330.699507 280.314835 -30.541971 3.872327 -0.010906 0.017623 -0.076256 0.996873
1330.799356 280.433366 -30.541498 3.865695 -0.011121 0.024378 -0.076148 0.996736
1330.899201 280.547271 -30.550175 3.873719 -0.009498 0.016483 -0.075649 0.996953
1330.999444 280.663008 -30.564027 3.887807 -0.010341 0.018158 -0.075728 0.996909
1331.099291 280.764986 -30.578844 3.889341 -0.012113 0.000578 -0.075451 0.997076
1331.199134 280.858474 -30.586897 3.882466 -0.010460 -0.002163 -0.075397 0.997096
1331.299779 280.951949 -30.590177 3.873312 -0.010669 0.014817 -0.075796 0.996956
1331.399614 281.033549 -30.588489 3.865732 -0.011378 0.028967 -0.075587 0.996653
1331.499455 281.114797 -30.590940 3.855875 -0.011667 0.035051 -0.075625 0.996452
1331.599298 281.195660 -30.599966 3.862479 -0.013199 0.033833 -0.075568 0.996479
1331.699124 281.272716 -30.618024 3.869936 -0.013525 0.029745 -0.075523 0.996609
1331.799763 281.347711 -30.633171 3.888276 -0.012943 0.030446 -0.075452 0.996600
1331.899598 281.432604 -30.640981 3.890336 -0.012435 0.032853 -0.075249 0.996546
1331.999436 281.514166 -30.640644 3.873527 -0.012914 0.033693 -0.075054 0.996526
1332.099286 281.591973 -30.642707 3.860857 -0.013365 0.031786 -0.075161 0.996575
1332.199126 281.666740 -30.655977 3.860033 -0.013423 0.030060 -0.075192 0.996625
1332.299758 281.734696 -30.669515 3.868866 -0.012707 0.018441 -0.075027 0.996930
1332.399610 281.796768 -30.674254 3.878501 -0.012632 0.014189 -0.075069 0.996997
1332.499447 281.860483 -30.679543 3.888579 -0.013502 0.022160 -0.075028 0.996844
1332.599295 281.919152 -30.683815 3.887334 -0.013295 0.033168 -0.075020 0.996542
1332.699143 281.978755 -30.686007 3.871315 -0.012888 0.040105 -0.075159 0.996281
1332.799796 282.042209 -30.692195 3.861103 -0.011434 0.043246 -0.075196 0.996165
1332.899649 282.115784 -30.698619 3.859952 -0.010191 0.044999 -0.075512 0.996077
1332.999509 282.183768 -30.697818 3.867270 -0.009255 0.052099 -0.075661 0.995729
1333.099355 282.245932 -30.704646 3.868907 -0.008649 0.058226 -0.075514 0.995406
1333.199191 282.313601 -30.714157 3.866616 -0.007615 0.061720 -0.075474 0.995207
1333.299845 282.390841 -30.725109 3.859079 -0.007368 0.063850 -0.075520 0.995071
1333.399693 282.474489 -30.734161 3.848092 -0.007944 0.068686 -0.075394 0.994754
1333.499535 282.562930 -30.740924 3.843403 -0.008588 0.075468 -0.075181 0.994273
1333.599374 282.661271 -30.745733 3.845334 -0.008537 0.081814 -0.075364 0.993757
1333.699208 282.777715 -30.757645 3.844308 -0.008898 0.086955 -0.075382 0.993316
1333.799465 282.896931 -30.777284 3.850463 -0.007712 0.090154 -0.075534 0.993029
1333.899311 283.021501 -30.798928 3.843169 -0.006783 0.089473 -0.075747 0.993082
1333.999151 283.151072 -30.819552 3.833411 -0.005763 0.088810 -0.075751 0.993147
1334.099785 283.292980 -30.833631 3.830962 -0.004597 0.089771 -0.076163 0.993035
1334.199634 283.452473 -30.850720 3.824398 -0.005433 0.093451 -0.075986 0.992705
1334.299477 283.618725 -30.870280 3.820049 -0.006107 0.095594 -0.076028 0.992494
1334.399323 283.785535 -30.891480 3.817424 -0.006258 0.093603 -0.076142 0.992674
1334.499154 283.955604 -30.917251 3.814451 -0.007278 0.089318 -0.076357 0.993045
1334.599791 284.138570 -30.950793 3.821072 -0.006950 0.085039 -0.075838 0.993463
1334.699634 284.325988 -30.985237 3.826821 -0.006198 0.082283 -0.075772 0.993705
1334.799475 284.529731 -31.014125 3.828294 -0.006639 0.081215 -0.076007 0.993772
1334.899329 284.749831 -31.044426 3.819239 -0.008710 0.079759 -0.075977 0.993876
1334.999180 284.968835 -31.074817 3.808721 -0.014452 0.073285 -0.075839 0.994318
1335.099808 285.188515 -31.110489 3.808967 -0.017676 0.058991 -0.075493 0.995243
1335.199638 285.404801 -31.148605 3.822358 -0.018279 0.046829 -0.075122 0.995906
1335.299485 285.620001 -31.177303 3.826294 -0.019671 0.042236 -0.075222 0.996078
1335.399329 285.837808 -31.200208 3.821024 -0.020164 0.041924 -0.075256 0.996078
1335.499168 286.049528 -31.227368 3.812306 -0.019946 0.041299 -0.074930 0.996134
1335.599803 286.266314 -31.259035 3.805986 -0.020454 0.041423 -0.075035 0.996110
1335.699657 286.478274 -31.287777 3.810175 -0.022136 0.042122 -0.074712 0.996069
1335.799496 286.696833 -31.306482 3.825004 -0.022766 0.045462 -0.074824 0.995900
1335.899333 286.922250 -31.329814 3.820972 -0.023120 0.049556 -0.074494 0.995721
1335.999186 287.138946 -31.352045 3.806051 -0.022059 0.054770 -0.074536 0.995469
1336.099814 287.355260 -31.371139 3.794882 -0.019315 0.058347 -0.074509 0.995324
1336.199660 287.572791 -31.390549 3.790995 -0.015650 0.057949 -0.074436 0.995418
1336.299497 287.787634 -31.413568 3.794434 -0.013210 0.054922 -0.074553 0.995616
1336.399325 287.991529 -31.433670 3.785280 -0.013107 0.050666 -0.074822 0.995823
1336.499170 288.193914 -31.452505 3.787486 -0.013455 0.048319 -0.074864 0.995932
1336.599792 288.403903 -31.469540 3.792841 -0.013542 0.045366 -0.074832 0.996072
1336.699640 288.621075 -31.486233 3.786883 -0.013775 0.041695 -0.074747 0.996235
1336.799478 288.840097 -31.505604 3.782258 -0.014184 0.037915 -0.074690 0.996385
1336.899333 289.051838 -31.520111 3.783603 -0.014743 0.035591 -0.075015 0.996438
1336.999172 289.259792 -31.538779 3.778777 -0.015000 0.032960 -0.074674 0.996550
1337.099802 289.466209 -31.560846 3.777727 -0.014293 0.032486 -0.074822 0.996565
1337.199634 289.668801 -31.581115 3.778607 -0.012953 0.033541 -0.075143 0.996524
1337.299469 289.869927 -31.598849 3.781451 -0.013505 0.034944 -0.075359 0.996453
1337.399307 290.069744 -31.616270 3.774074 -0.015662 0.034052 -0.075473 0.996443
1337.499155 290.274970 -31.634060 3.764369 -0.020250 0.032660 -0.075561 0.996400
1337.599806 290.468092 -31.650355 3.763932 -0.022779 0.032914 -0.075750 0.996323
1337.699645 290.658031 -31.662857 3.768184 -0.022017 0.033677 -0.075638 0.996323
1337.799480 290.844999 -31.678123 3.767254 -0.017947 0.035465 -0.075336 0.996366
1337.899316 291.024151 -31.692282 3.761659 -0.014048 0.036032 -0.075390 0.996404
1337.999146 291.208844 -31.705842 3.753804 -0.013335 0.034319 -0.075541 0.996463
1338.099785 291.394725 -31.721176 3.751465 -0.013130 0.030743 -0.075508 0.996585
1338.199622 291.568188 -31.730370 3.753618 -0.014144 0.029156 -0.075611 0.996611
1338.299457 291.736761 -31.741734 3.749256 -0.014101 0.028707 -0.075221 0.996654
1338.399315 291.907076 -31.757415 3.740160 -0.014390 0.030808 -0.075330 0.996579
1338.499151 292.073333 -31.769041 3.733965 -0.014539 0.031887 -0.075325 0.996543
1338.599796 292.235708 -31.777918 3.733897 -0.014572 0.030415 -0.075383 0.996584
1338.699628 292.397854 -31.787684 3.734325 -0.013935 0.027748 -0.075391 0.996670
1338.799467 292.552845 -31.801732 3.735588 -0.012986 0.027002 -0.075234 0.996716
1338.899309 292.711732 -31.817471 3.739781 -0.013233 0.027457 -0.075582 0.996674
1338.999166 292.865412 -31.830315 3.737922 -0.013228 0.028162 -0.075565 0.996655
1339.099803 293.001127 -31.837533 3.733660 -0.013130 0.027967 -0.075609 0.996659
1339.199638 293.137197 -31.847445 3.727971 -0.013822 0.026942 -0.075750 0.996667
1339.299491 293.263591 -31.856773 3.719515 -0.014281 0.014828 -0.075763 0.996913
1339.399339 293.396900 -31.865037 3.713163 -0.013281 0.012180 -0.076509 0.996906
1339.499186 293.536901 -31.875545 3.705532 -0.013347 0.019342 -0.076709 0.996777
1339.599836 293.666924 -31.886825 3.706011 -0.012365 0.027816 -0.076586 0.996598
1339.699677 293.790678 -31.897625 3.703943 -0.011220 0.032760 -0.076656 0.996456
1339.799513 293.907312 -31.909774 3.698052 -0.011901 0.033612 -0.076767 0.996411
1339.899358 294.020976 -31.920682 3.674710 -0.012396 0.031154 -0.076737 0.996487
1339.999190 294.134951 -31.931611 3.663711 -0.012860 0.032156 -0.076667 0.996455
1340.099823 294.252469 -31.942089 3.655389 -0.012724 0.033235 -0.076519 0.996433
1340.199672 294.372675 -31.951155 3.644561 -0.011976 0.035617 -0.076812 0.996337
1340.299504 294.488450 -31.958159 3.628058 -0.011795 0.037414 -0.077092 0.996252
1340.399352 294.598980 -31.967469 3.610614 -0.011669 0.037015 -0.077250 0.996256
1340.499196 294.709066 -31.975451 3.600863 -0.011879 0.035777 -0.077505 0.996279
1340.599838 294.818329 -31.986950 3.597490 -0.012573 0.035298 -0.077644 0.996277
1340.699666 294.924495 -32.003969 3.588026 -0.011511 0.038744 -0.077637 0.996162
1340.799510 295.036585 -32.019795 3.577579 -0.011604 0.043129 -0.077836 0.995965
1340.899363 295.142551 -32.029554 3.569431 -0.012429 0.045739 -0.077800 0.995842
1340.999204 295.245984 -32.038621 3.570021 -0.012836 0.045819 -0.077724 0.995839
1341.099456 295.346882 -32.046766 3.572777 -0.014470 0.048113 -0.077827 0.995700
1341.199309 295.449872 -32.058597 3.572995 -0.014645 0.049717 -0.077661 0.995632
1341.299143 295.558804 -32.073567 3.567956 -0.013418 0.049756 -0.077981 0.995622
1341.399782 295.683042 -32.086543 3.567971 -0.012042 0.047298 -0.078016 0.995757
1341.499624 295.810612 -32.097728 3.570079 -0.012065 0.044130 -0.078314 0.995878
1341.599461 295.924841 -32.106586 3.569687 -0.011888 0.042430 -0.078383 0.995949
1341.699299 296.038215 -32.117205 3.571434 -0.012826 0.042428 -0.078355 0.995940
1341.799156 296.150582 -32.134663 3.565620 -0.012642 0.045329 -0.078188 0.995827
1341.899797 296.266413 -32.146647 3.568277 -0.012577 0.047432 -0.078454 0.995709
1341.999646 296.377747 -32.158351 3.565387 -0.013235 0.046219 -0.078036 0.995791
1342.099490 296.481698 -32.170651 3.566345 -0.013290 0.044151 -0.077535 0.995923
1342.199341 296.592592 -32.182074 3.565950 -0.012197 0.041128 -0.077368 0.996079
1342.299193 296.709344 -32.191409 3.566356 -0.010839 0.039476 -0.077835 0.996125
1342.399816 296.833293 -32.203948 3.567919 -0.009764 0.039260 -0.078469 0.996095
1342.499648 296.956821 -32.215160 3.571036 -0.007379 0.037899 -0.079058 0.996122
1342.599487 297.071691 -32.225290 3.570895 -0.008306 0.035624 -0.079098 0.996196
1342.699324 297.179889 -32.238572 3.567751 -0.009697 0.033129 -0.078410 0.996323
1342.799180 297.285188 -32.254221 3.559969 -0.011589 0.032961 -0.077865 0.996351
1342.899813 297.392408 -32.267133 3.554326 -0.011644 0.035368 -0.077416 0.996303
1342.999645 297.507177 -32.277026 3.555545 -0.010841 0.038109 -0.077540 0.996202
1343.099473 297.619609 -32.287634 3.555347 -0.008391 0.038058 -0.077704 0.996214
1343.199317 297.724754 -32.301777 3.556435 -0.007458 0.036175 -0.077762 0.996288
1343.299161 297.832093 -32.314432 3.551628 -0.008344 0.035615 -0.078048 0.996278
1343.399794 297.944583 -32.326583 3.552926 -0.008618 0.037441 -0.078460 0.996177
1343.499622 298.056526 -32.340719 3.543135 -0.010510 0.039135 -0.079108 0.996042
1343.599452 298.161897 -32.357300 3.545398 -0.010555 0.040728 -0.079672 0.995933
1343.699285 298.270195 -32.373093 3.546348 -0.010880 0.040554 -0.080160 0.995897
1343.799117 298.383196 -32.386629 3.541817 -0.010775 0.039295 -0.080177 0.995947
1343.899753 298.499956 -32.401451 3.535656 -0.011338 0.039689 -0.079972 0.995942
1343.999613 298.610514 -32.416816 3.527977 -0.011689 0.042190 -0.080074 0.995827
1344.099452 298.723087 -32.434941 3.513666 -0.011793 0.048067 -0.080210 0.995549
1344.199279 298.835560 -32.451058 3.498193 -0.011829 0.052847 -0.080266 0.995301
1344.299126 298.951342 -32.465877 3.482487 -0.011608 0.051551 -0.080154 0.995381
1344.399763 299.064471 -32.482301 3.474774 -0.012717 0.047419 -0.080178 0.995571
1344.499611 299.177565 -32.499467 3.463013 -0.012817 0.044313 -0.080240 0.995708
1344.599453 299.294550 -32.521684 3.450241 -0.012407 0.043643 -0.080496 0.995722
1344.699310 299.408479 -32.540931 3.432201 -0.011338 0.043681 -0.080668 0.995719
1344.799151 299.525504 -32.558964 3.417334 -0.010848 0.042751 -0.080729 0.995760
1344.899774 299.633515 -32.576167 3.408287 -0.011280 0.041095 -0.080951 0.995807
1344.999621 299.745296 -32.592609 3.405590 -0.011679 0.038458 -0.081054 0.995899
1345.099464 299.854051 -32.607775 3.404092 -0.012179 0.038058 -0.081221 0.995895
1345.199297 299.964462 -32.629490 3.399679 -0.012013 0.038515 -0.081504 0.995856
1345.299136 300.083755 -32.652901 3.384343 -0.013024 0.039174 -0.081813 0.995792
1345.399776 300.198494 -32.672768 3.371704 -0.012220 0.039642 -0.081944 0.995773
1345.499597 300.313131 -32.690929 3.363347 -0.011381 0.037565 -0.081919 0.995866
1345.599428 300.429686 -32.708498 3.359658 -0.011374 0.035423 -0.081707 0.995962
1345.699270 300.555374 -32.729038 3.362025 -0.013149 0.038046 -0.081937 0.995824
1345.799523 300.671916 -32.749974 3.366799 -0.013591 0.039001 -0.082175 0.995762
1345.899363 300.771901 -32.771231 3.369184 -0.013695 0.036638 -0.081814 0.995880
1345.999199 300.877811 -32.788632 3.362375 -0.013263 0.032898 -0.081616 0.996032
1346.099429 300.988421 -32.798527 3.354467 -0.013652 0.030758 -0.081884 0.996074
1346.199268 301.094859 -32.811687 3.343554 -0.013528 0.030960 -0.081885 0.996069
1346.299508 301.205082 -32.828560 3.336826 -0.012752 0.032954 -0.081885 0.996015
1346.399353 301.319562 -32.847354 3.334096 -0.012436 0.036462 -0.082142 0.995876
1346.499187 301.429561 -32.868426 3.327764 -0.011834 0.039270 -0.082081 0.995781
1346.599821 301.532148 -32.886996 3.316884 -0.012373 0.039316 -0.082130 0.995769
1346.699667 301.628500 -32.900764 3.304490 -0.012566 0.035912 -0.082252 0.995885
1346.799512 301.728234 -32.915700 3.293278 -0.013051 0.033783 -0.082243 0.995954
1346.899342 301.834555 -32.932694 3.283466 -0.012634 0.034301 -0.082235 0.995942
1346.999175 301.936449 -32.951150 3.272712 -0.012935 0.036490 -0.082494 0.995839
1347.099821 302.038966 -32.971186 3.258435 -0.012045 0.038592 -0.082521 0.995769
1347.199651 302.139495 -32.984615 3.248080 -0.014202 0.039479 -0.082447 0.995712
1347.299492 302.241824 -32.999062 3.244496 -0.015056 0.038825 -0.081974 0.995764
1347.399333 302.342948 -33.017921 3.248175 -0.016459 0.038650 -0.081933 0.995752
1347.499186 302.443248 -33.030194 3.235332 -0.017382 0.038959 -0.082367 0.995689
1347.599818 302.540354 -33.039364 3.221533 -0.016374 0.039780 -0.082212 0.995686
1347.699676 302.633708 -33.049190 3.214685 -0.013536 0.038813 -0.082455 0.995747
1347.799514 302.729305 -33.063111 3.213875 -0.010796 0.037621 -0.082808 0.995797
1347.899359 302.824925 -33.073003 3.216588 -0.010766 0.036084 -0.083075 0.995832
1347.999199 302.931426 -33.085474 3.212552 -0.012275 0.035157 -0.083066 0.995848
1348.099437 303.037568 -33.097060 3.208827 -0.012152 0.036032 -0.082830 0.995838
1348.199285 303.141586 -33.107927 3.204080 -0.012948 0.035519 -0.082322 0.995888
1348.299123 303.248495 -33.121002 3.205623 -0.013861 0.034745 -0.081584 0.995964
1348.399765 303.348798 -33.130706 3.208578 -0.014229 0.033212 -0.081139 0.996048
1348.499623 303.450606 -33.141289 3.211571 -0.012237 0.032819 -0.081354 0.996070
1348.599463 303.549302 -33.154093 3.212383 -0.011457 0.031122 -0.081810 0.996096
1348.699302 303.639893 -33.167328 3.205672 -0.011300 0.030810 -0.082412 0.996058
1348.799142 303.731327 -33.177990 3.199666 -0.011257 0.033190 -0.082720 0.995956
1348.899779 303.822237 -33.185645 3.200444 -0.010018 0.034756 -0.082962 0.995896
1348.999626 303.907575 -33.196013 3.201437 -0.009877 0.034778 -0.083513 0.995851
1349.099459 303.992725 -33.207568 3.198274 -0.010300 0.033646 -0.083908 0.995852
1349.199297 304.084036 -33.219500 3.198028 -0.010559 0.035010 -0.084282 0.995771
1349.299141 304.179231 -33.226110 3.195704 -0.011467 0.036836 -0.084805 0.995650
1349.399793 304.268949 -33.236964 3.196156 -0.011827 0.039168 -0.084678 0.995568
1349.499623 304.357131 -33.249476 3.192950 -0.011205 0.040118 -0.084805 0.995527
1349.599465 304.453150 -33.267106 3.191252 -0.010463 0.040009 -0.085024 0.995520
1349.699301 304.552954 -33.282865 3.191049 -0.009990 0.038964 -0.084765 0.995589
1349.799136 304.655236 -33.296854 3.192535 -0.010983 0.039028 -0.084506 0.995598
1349.899782 304.751519 -33.310482 3.191934 -0.012716 0.039572 -0.084142 0.995587
1349.999630 304.841736 -33.323227 3.190086 -0.013180 0.040978 -0.083820 0.995551
1350.099460 304.937788 -33.337812 3.182312 -0.013048 0.041197 -0.083823 0.995543
1350.199309 305.032449 -33.355655 3.176566 -0.012175 0.039802 -0.083619 0.995628
1350.299149 305.119921 -33.376867 3.185348 -0.012817 0.038836 -0.083417 0.995675
1350.399788 305.204783 -33.394676 3.191984 -0.014100 0.038749 -0.083654 0.995641
1350.499608 305.290453 -33.410591 3.190858 -0.015447 0.039765 -0.082915 0.995643
1350.599439 305.380700 -33.426367 3.182629 -0.015601 0.042368 -0.081766 0.995628
1350.699286 305.472799 -33.442943 3.164118 -0.016309 0.043759 -0.081128 0.995609
1350.799125 305.577704 -33.458879 3.146869 -0.016861 0.044281 -0.080919 0.995594
1350.899770 305.680743 -33.480297 3.141061 -0.016769 0.043372 -0.080971 0.995631
1350.999626 305.785914 -33.501477 3.142253 -0.015521 0.041571 -0.080973 0.995728
1351.099463 305.883761 -33.517866 3.138865 -0.014338 0.042191 -0.081266 0.995696
1351.199300 305.985001 -33.535047 3.129508 -0.013610 0.044799 -0.081402 0.995581
1351.299128 306.090495 -33.549299 3.117703 -0.013473 0.046503 -0.081241 0.995518
1351.399771 306.200050 -33.563385 3.095672 -0.013092 0.045105 -0.081296 0.995583
1351.499596 306.309387 -33.585057 3.079093 -0.013116 0.042264 -0.080938 0.995736
1351.599437 306.422361 -33.607838 3.071904 -0.013272 0.040990 -0.080747 0.995803
1351.699262 306.548588 -33.626391 3.072855 -0.012939 0.042920 -0.080861 0.995717
1351.799495 306.668984 -33.642950 3.073280 -0.012676 0.044864 -0.081033 0.995621
1351.899337 306.783960 -33.655738 3.075905 -0.012629 0.045282 -0.081181 0.995590
1351.999183 306.895952 -33.668367 3.075169 -0.014420 0.042586 -0.081596 0.995651
1352.099823 307.004127 -33.681398 3.069598 -0.013773 0.039849 -0.081917 0.995747
1352.199665 307.105744 -33.700051 3.065767 -0.010957 0.038841 -0.082133 0.995804
1352.299499 307.203525 -33.718381 3.067392 -0.007869 0.039846 -0.082094 0.995797
1352.399334 307.308352 -33.733556 3.066989 -0.007091 0.043214 -0.082154 0.995657
1352.499170 307.417434 -33.748499 3.066727 -0.008747 0.045898 -0.082023 0.995535
1352.599803 307.525081 -33.763791 3.072849 -0.009545 0.045227 -0.082240 0.995540
1352.699648 307.643252 -33.781259 3.077659 -0.011915 0.043121 -0.082632 0.995575
1352.799483 307.764581 -33.802810 3.074544 -0.012653 0.041414 -0.082589 0.995642
1352.899332 307.883136 -33.821636 3.072967 -0.013656 0.042247 -0.082935 0.995565
1352.999159 307.992871 -33.843324 3.070555 -0.014678 0.042942 -0.082561 0.995552
1353.099798 308.102998 -33.862287 3.072267 -0.012643 0.040510 -0.082659 0.995674
1353.199632 308.215797 -33.881876 3.071187 -0.012048 0.038728 -0.082920 0.995731
1353.299477 308.334572 -33.899628 3.066149 -0.013803 0.039052 -0.082832 0.995702
1353.399320 308.460689 -33.915646 3.058472 -0.014937 0.040868 -0.082315 0.995656
1353.499154 308.581015 -33.934167 3.055935 -0.016144 0.043243 -0.081825 0.995577
1353.599780 308.700986 -33.953388 3.053045 -0.016907 0.044511 -0.081487 0.995536
1353.699620 308.821413 -33.974429 3.055082 -0.018525 0.043627 -0.081570 0.995540
1353.799463 308.934311 -33.989862 3.059686 -0.019476 0.040223 -0.082009 0.995629
1353.899305 309.050417 -34.003591 3.061249 -0.021433 0.036900 -0.081210 0.995783
1353.999150 309.172907 -34.019834 3.067564 -0.021793 0.035688 -0.079952 0.995921
1354.099781 309.297480 -34.034666 3.064434 -0.021776 0.036805 -0.078214 0.996019
1354.199621 309.418416 -34.045671 3.061119 -0.019590 0.038418 -0.075316 0.996227
1354.299452 309.540970 -34.056040 3.055591 -0.021203 0.038700 -0.071413 0.996470
1354.399290 309.675874 -34.061194 3.053310 -0.024934 0.038396 -0.066885 0.996710
1354.499133 309.806577 -34.068859 3.055010 -0.025474 0.038579 -0.061831 0.997015
1354.599758 309.925428 -34.077444 3.058413 -0.024160 0.039179 -0.057523 0.997282
1354.699600 310.042132 -34.082958 3.058356 -0.019182 0.039329 -0.056474 0.997445
1354.799425 310.163814 -34.086129 3.059789 -0.017486 0.038627 -0.056632 0.997494
1354.899261 310.281660 -34.091555 3.061763 -0.014024 0.037704 -0.056917 0.997568
1354.999508 310.392324 -34.095867 3.058932 -0.011474 0.034948 -0.057002 0.997696
1355.099356 310.508053 -34.094282 3.049425 -0.011049 0.032459 -0.056632 0.997806
1355.199190 310.624836 -34.095469 3.049994 -0.012661 0.033660 -0.055785 0.997795
1355.299827 310.739183 -34.099794 3.056199 -0.013798 0.034976 -0.055727 0.997738
1355.399666 310.859410 -34.107160 3.055584 -0.015044 0.030322 -0.056422 0.997833
1355.499500 310.978760 -34.112218 3.053429 -0.017854 0.025691 -0.057322 0.997865
1355.599323 311.093667 -34.114085 3.064025 -0.019485 0.021742 -0.057434 0.997922
1355.699151 311.203370 -34.118745 3.051567 -0.016777 0.015132 -0.057389 0.998096
1355.799792 311.316717 -34.122533 3.038445 -0.014538 0.018941 -0.058137 0.998023
1355.899625 311.420433 -34.126658 3.033954 -0.012465 0.025066 -0.058475 0.997896
1355.999455 311.516433 -34.134390 3.035914 -0.011420 0.024908 -0.059696 0.997840
1356.099296 311.612573 -34.141614 3.038069 -0.012728 0.024054 -0.061686 0.997725
1356.199141 311.701061 -34.144684 3.049856 -0.013991 0.018227 -0.064036 0.997683
1356.299777 311.792166 -34.152236 3.050137 -0.013773 0.004678 -0.064669 0.997801
1356.399621 311.883392 -34.160854 3.045398 -0.014128 0.009002 -0.065937 0.997683
1356.499451 311.961748 -34.165679 3.038250 -0.013763 0.021393 -0.067295 0.997409
1356.599289 312.026535 -34.173481 3.030428 -0.014156 0.024457 -0.068806 0.997230
1356.699134 312.088831 -34.179140 3.032032 -0.013704 0.026198 -0.070766 0.997055
1356.799792 312.153720 -34.182376 3.041335 -0.016140 0.014467 -0.071437 0.997210
1356.899628 312.220186 -34.186780 3.037826 -0.017928 0.011360 -0.071573 0.997209
1356.999471 312.286659 -34.196767 3.029598 -0.018734 0.017827 -0.071150 0.997130
1357.099317 312.347617 -34.205423 3.024161 -0.018118 0.025812 -0.070567 0.997008
1357.199161 312.402262 -34.209730 3.025530 -0.017853 0.027122 -0.070201 0.997004
1357.299807 312.445602 -34.213022 3.037038 -0.016356 0.010578 -0.069677 0.997379
1357.399656 312.482545 -34.211862 3.052844 -0.015392 -0.002377 -0.069784 0.997441
1357.499503 312.523604 -34.209737 3.057562 -0.014603 0.005358 -0.070601 0.997383
1357.599334 312.565774 -34.212434 3.045562 -0.015031 0.018314 -0.071062 0.997190
1357.699176 312.610211 -34.217432 3.035380 -0.014724 0.028525 -0.071292 0.996939
1357.799813 312.651471 -34.224562 3.022887 -0.014809 0.032123 -0.070940 0.996853
1357.899657 312.704005 -34.230455 3.024712 -0.014018 0.034939 -0.070843 0.996777
1357.999496 312.757349 -34.235246 3.030293 -0.014001 0.036422 -0.070599 0.996741
1358.099337 312.802659 -34.239347 3.033980 -0.013862 0.039603 -0.070669 0.996617
1358.199151 312.840041 -34.242879 3.030559 -0.012909 0.045203 -0.070442 0.996407
1358.299792 312.878938 -34.247941 3.025792 -0.012786 0.050840 -0.070554 0.996130
1358.399637 312.921302 -34.254074 3.017697 -0.012637 0.053910 -0.070603 0.995966
1358.499468 312.965877 -34.259291 3.018988 -0.012492 0.054730 -0.070940 0.995900
1358.599319 313.001751 -34.264989 3.018759 -0.012437 0.052953 -0.071210 0.995977
1358.699155 313.036512 -34.272922 3.018264 -0.012980 0.052481 -0.071325 0.995987
1358.799801 313.084290 -34.278972 3.016146 -0.013698 0.054261 -0.071767 0.995850
1358.899648 313.148684 -34.287151 3.014280 -0.013479 0.056675 -0.071957 0.995705
1358.999488 313.220847 -34.299806 3.009830 -0.013856 0.059367 -0.072024 0.995538
1359.099336 313.292711 -34.313647 2.997453 -0.013904 0.061832 -0.072175 0.995376
1359.199169 313.363916 -34.325075 2.984829 -0.013252 0.065675 -0.072411 0.995122
1359.299804 313.446175 -34.337346 2.970184 -0.012644 0.070333 -0.072602 0.994798
1359.399633 313.535312 -34.351731 2.954206 -0.012599 0.075103 -0.072692 0.994443
1359.499469 313.633718 -34.368144 2.940211 -0.012204 0.076252 -0.072600 0.994367
1359.599305 313.735882 -34.384242 2.932239 -0.013073 0.072480 -0.072688 0.994632
1359.699150 313.848014 -34.404495 2.927207 -0.014199 0.068573 -0.072885 0.994879
1359.799784 313.971010 -34.426888 2.918178 -0.013682 0.066050 -0.072808 0.995062
1359.899627 314.090250 -34.441851 2.900886 -0.013608 0.065034 -0.072067 0.995184
1359.999470 314.216121 -34.459055 2.888855 -0.015239 0.062810 -0.070885 0.995388
1360.099307 314.350777 -34.483915 2.889769 -0.019126 0.060664 -0.069895 0.995524
1360.199164 314.482097 -34.500552 2.895584 -0.019914 0.056617 -0.070216 0.995725
1360.299813 314.617521 -34.513390 2.898907 -0.018081 0.051697 -0.071583 0.995930
1360.399645 314.750913 -34.531892 2.897750 -0.012474 0.051997 -0.073349 0.995872
1360.499477 314.890331 -34.552064 2.889582 -0.008910 0.052455 -0.075178 0.995750
1360.599322 315.031545 -34.572381 2.884241 -0.005433 0.048270 -0.076301 0.995901
1360.699151 315.171949 -34.594442 2.885118 -0.004239 0.042259 -0.077049 0.996122
1360.799780 315.322868 -34.611447 2.884180 -0.007829 0.038242 -0.077340 0.996240
1360.899615 315.479377 -34.628433 2.884032 -0.013075 0.036238 -0.076859 0.996297
1360.999455 315.635046 -34.651215 2.882905 -0.015959 0.037643 -0.076264 0.996249
1361.099311 315.777731 -34.676872 2.883635 -0.015809 0.038568 -0.075889 0.996245
1361.199171 315.917731 -34.699257 2.882110 -0.015563 0.039370 -0.075843 0.996221
1361.299815 316.061358 -34.719875 2.875962 -0.015552 0.038895 -0.075476 0.996267
1361.399660 316.202351 -34.739191 2.877183 -0.014829 0.041116 -0.075291 0.996203
1361.499504 316.352639 -34.759926 2.876186 -0.013674 0.041632 -0.074828 0.996233
1361.599350 316.492603 -34.780914 2.873919 -0.013192 0.042387 -0.074799 0.996210
1361.699195 316.635040 -34.802436 2.874439 -0.013161 0.042637 -0.074314 0.996236
1361.799841 316.778003 -34.825280 2.872148 -0.012917 0.040903 -0.073352 0.996383
1361.899694 316.917537 -34.845871 2.863098 -0.013441 0.038384 -0.072861 0.996513
1361.999520 317.055370 -34.863460 2.859809 -0.015707 0.039483 -0.072715 0.996447
1362.099368 317.189731 -34.879284 2.857673 -0.015442 0.042721 -0.072229 0.996353
1362.199212 317.322273 -34.897014 2.852658 -0.014898 0.045705 -0.072311 0.996223
1362.299461 317.457039 -34.913869 2.849724 -0.014615 0.048432 -0.072676 0.996072
1362.399305 317.596460 -34.929300 2.853253 -0.017620 0.048755 -0.073335 0.995959
1362.499148 317.743042 -34.946264 2.860302 -0.020256 0.045726 -0.073825 0.996016
1362.599800 317.902126 -34.961582 2.862241 -0.022580 0.041221 -0.074060 0.996146
1362.699638 318.053463 -34.975667 2.854785 -0.022201 0.038090 -0.074124 0.996274
1362.799473 318.201438 -34.988013 2.846504 -0.020557 0.036401 -0.073634 0.996409
1362.899315 318.336465 -34.998835 2.845230 -0.018978 0.035577 -0.073050 0.996513
1362.999146 318.460203 -35.008201 2.843342 -0.017792 0.035308 -0.072318 0.996598
1363.099783 318.587758 -35.020819 2.839425 -0.015805 0.036421 -0.072268 0.996595
1363.199627 318.711118 -35.030352 2.836709 -0.015921 0.038398 -0.072753 0.996483
1363.299469 318.836388 -35.040040 2.834425 -0.014771 0.039844 -0.073209 0.996411
1363.399299 318.957510 -35.049422 2.828970 -0.013117 0.040827 -0.073174 0.996397
1363.499141 319.079498 -35.059006 2.823956 -0.014115 0.040729 -0.072582 0.996430
1363.599790 319.222800 -35.071631 2.823406 -0.015795 0.039332 -0.071700 0.996525
1363.699635 319.355179 -35.083090 2.825977 -0.017337 0.036932 -0.071456 0.996609
1363.799486 319.489022 -35.095097 2.827032 -0.017460 0.037872 -0.071677 0.996556
1363.899331 319.614001 -35.108175 2.825137 -0.016118 0.038902 -0.071888 0.996523
1363.999188 319.737350 -35.120943 2.820155 -0.015215 0.037355 -0.072066 0.996584
1364.099825 319.866152 -35.132305 2.815951 -0.016214 0.034287 -0.072409 0.996654
1364.199676 319.988594 -35.143146 2.812101 -0.017336 0.034396 -0.072598 0.996617
1364.299502 320.113332 -35.158694 2.810024 -0.018910 0.035131 -0.072764 0.996551
1364.399334 320.251061 -35.174095 2.810861 -0.019270 0.037730 -0.073004 0.996431
1364.499173 320.373574 -35.183851 2.810894 -0.017829 0.038385 -0.073133 0.996424
1364.599811 320.483706 -35.191452 2.807619 -0.016268 0.038740 -0.072781 0.996463
1364.699647 320.595810 -35.201810 2.802638 -0.015825 0.036371 -0.072247 0.996598
1364.799467 320.712360 -35.212841 2.801671 -0.016788 0.034983 -0.071903 0.996657
1364.899315 320.830893 -35.224656 2.796836 -0.017955 0.035008 -0.071643 0.996654
1364.999152 320.945948 -35.236494 2.794729 -0.017548 0.036598 -0.071278 0.996630
1365.099797 321.063813 -35.245939 2.795382 -0.016961 0.036276 -0.071392 0.996644
1365.199628 321.184326 -35.255119 2.793182 -0.016698 0.036120 -0.071454 0.996650
1365.299458 321.298409 -35.266154 2.790064 -0.016697 0.036561 -0.071538 0.996628
1365.399294 321.406665 -35.276068 2.788113 -0.015497 0.037152 -0.071708 0.996613
1365.499150 321.519690 -35.285718 2.784604 -0.014255 0.037846 -0.071764 0.996601
1365.599795 321.626561 -35.296112 2.784234 -0.014268 0.038387 -0.071620 0.996591
1365.699637 321.725817 -35.305935 2.785393 -0.014587 0.038316 -0.071506 0.996597
1365.799479 321.827729 -35.315401 2.782085 -0.014446 0.038787 -0.071607 0.996574
1365.899328 321.940004 -35.324297 2.776229 -0.014114 0.038591 -0.071922 0.996563
1365.999172 322.057845 -35.334495 2.775468 -0.014989 0.036670 -0.072137 0.996608
1366.099808 322.161805 -35.344458 2.776502 -0.014968 0.036844 -0.072537 0.996573
1366.199647 322.257152 -35.353447 2.776597 -0.014639 0.036655 -0.072938 0.996555
1366.299472 322.359390 -35.361323 2.774554 -0.013788 0.036709 -0.073080 0.996555
1366.399309 322.464997 -35.371925 2.769109 -0.013250 0.037439 -0.073013 0.996540
1366.499152 322.566708 -35.384013 2.766733 -0.014187 0.037791 -0.072907 0.996522
1366.599790 322.667608 -35.395591 2.766364 -0.015104 0.037494 -0.072652 0.996538
1366.699630 322.765181 -35.408766 2.768120 -0.014720 0.038594 -0.072179 0.996536
1366.799461 322.862120 -35.420487 2.768487 -0.014090 0.042522 -0.071959 0.996401
1366.899305 322.955537 -35.434555 2.761941 -0.012501 0.049366 -0.071568 0.996135
1366.999136 323.048880 -35.445183 2.747469 -0.012870 0.053959 -0.071353 0.995907
1367.099785 323.147549 -35.457304 2.733465 -0.013662 0.057128 -0.071138 0.995735
1367.199609 323.257262 -35.469960 2.719810 -0.013366 0.061157 -0.071516 0.995473
1367.299453 323.377995 -35.484132 2.708524 -0.011711 0.064467 -0.071623 0.995277
1367.399283 323.500189 -35.500885 2.696018 -0.011618 0.063368 -0.071409 0.995364
1367.499128 323.627254 -35.516309 2.679997 -0.013875 0.058850 -0.071209 0.995627
1367.599765 323.752034 -35.528441 2.658369 -0.013991 0.053799 -0.071012 0.995925
1367.699592 323.881686 -35.543502 2.639079 -0.013846 0.051430 -0.070870 0.996063
1367.799420 324.016199 -35.560876 2.627970 -0.013906 0.051823 -0.071083 0.996026
1367.899267 324.148676 -35.575727 2.612022 -0.011683 0.048443 -0.072065 0.996154
1367.999502 324.282728 -35.590830 2.594281 -0.007568 0.047264 -0.072978 0.996184
1368.099341 324.421045 -35.605083 2.582191 -0.006817 0.049776 -0.074355 0.995965
1368.199175 324.558851 -35.617613 2.577895 -0.007990 0.050479 -0.075381 0.995844
1368.299817 324.688329 -35.631216 2.570942 -0.009232 0.049669 -0.075288 0.995881
1368.399665 324.818159 -35.649730 2.567227 -0.010813 0.049943 -0.074780 0.995890
1368.499507 324.960503 -35.670474 2.563948 -0.011644 0.049014 -0.074629 0.995938
1368.599359 325.103927 -35.691473 2.564550 -0.009491 0.047384 -0.074156 0.996075
1368.699182 325.249327 -35.707881 2.568804 -0.010381 0.046388 -0.073846 0.996136
1368.799834 325.396492 -35.727809 2.566470 -0.014792 0.049211 -0.073694 0.995956
1368.899671 325.546411 -35.748181 2.561324 -0.019127 0.052275 -0.073619 0.995732
1368.999504 325.681169 -35.764675 2.557803 -0.020198 0.051651 -0.074143 0.995704
1369.099347 325.804530 -35.776058 2.559249 -0.018247 0.049679 -0.074769 0.995795
1369.199190 325.929080 -35.792868 2.561274 -0.016155 0.047774 -0.075513 0.995869
1369.299827 326.061566 -35.808331 2.564988 -0.015073 0.047044 -0.076227 0.995866
1369.399668 326.206842 -35.824233 2.563632 -0.015202 0.047556 -0.076498 0.995819
1369.499510 326.353160 -35.839700 2.560228 -0.016377 0.049199 -0.076393 0.995729
1369.599349 326.506058 -35.853916 2.557390 -0.015820 0.048145 -0.075617 0.995848
1369.699182 326.668875 -35.870338 2.553607 -0.015428 0.045274 -0.074823 0.996049
1369.799827 326.826963 -35.886838 2.552243 -0.015185 0.045215 -0.074497 0.996080
1369.899673 326.976408 -35.902720 2.555677 -0.013942 0.046965 -0.074441 0.996021
1369.999516 327.125687 -35.916346 2.559482 -0.013480 0.047451 -0.074691 0.995986
1370.099371 327.280921 -35.930135 2.557665 -0.013232 0.046723 -0.075038 0.995998
1370.199197 327.426488 -35.943704 2.553586 -0.012106 0.045565 -0.075360 0.996041
1370.299838 327.561919 -35.957495 2.548052 -0.011472 0.045177 -0.075547 0.996052
1370.399681 327.704502 -35.971500 2.542931 -0.011864 0.043716 -0.075526 0.996114
1370.499513 327.864645 -35.990031 2.542523 -0.012888 0.043522 -0.075548 0.996109
1370.599352 328.018060 -36.007068 2.540647 -0.011790 0.045323 -0.075588 0.996039
1370.699191 328.169223 -36.024228 2.536342 -0.010395 0.049171 -0.075841 0.995853
1370.799832 328.325262 -36.041757 2.534364 -0.010472 0.052878 -0.076087 0.995643
1370.899658 328.480832 -36.058453 2.538386 -0.010951 0.053169 -0.076501 0.995591
1370.999493 328.633355 -36.072021 2.541637 -0.012275 0.051016 -0.077197 0.995634
1371.099328 328.782395 -36.089727 2.538157 -0.012977 0.048616 -0.077700 0.995706
1371.199178 328.925381 -36.111428 2.531800 -0.012369 0.046980 -0.078071 0.995763
1371.299822 329.075091 -36.132616 2.523560 -0.010956 0.046745 -0.078428 0.995763
1371.399647 329.229358 -36.153208 2.516496 -0.010594 0.048406 -0.078626 0.995672
1371.499484 329.389802 -36.171573 2.512863 -0.009781 0.050968 -0.078905 0.995530
1371.599315 329.537328 -36.187909 2.513974 -0.009684 0.051654 -0.078686 0.995513
1371.699158 329.686136 -36.205518 2.512669 -0.010840 0.050106 -0.078381 0.995604
1371.799795 329.835129 -36.227246 2.505631 -0.013328 0.048868 -0.078146 0.995654
1371.899632 329.985730 -36.250245 2.494326 -0.014779 0.049345 -0.078099 0.995614
1371.999461 330.136537 -36.273810 2.477608 -0.015310 0.047728 -0.077948 0.995697
1372.099295 330.284307 -36.297347 2.462184 -0.014668 0.042982 -0.077582 0.995951
1372.199136 330.438434 -36.319523 2.450570 -0.014062 0.038433 -0.077565 0.996147
1372.299781 330.596356 -36.341373 2.434804 -0.014077 0.035528 -0.077804 0.996236
1372.399637 330.752727 -36.363555 2.419154 -0.013976 0.033215 -0.078012 0.996301
1372.499479 330.906855 -36.383842 2.401464 -0.013296 0.031526 -0.078408 0.996334
1372.599312 331.052833 -36.403643 2.382791 -0.013727 0.031822 -0.078420 0.996318
1372.699147 331.191752 -36.425070 2.360881 -0.013725 0.034443 -0.078441 0.996229
1372.799792 331.324616 -36.446343 2.338081 -0.013029 0.038198 -0.078432 0.996102
1372.899629 331.466770 -36.467992 2.312353 -0.012510 0.041465 -0.078470 0.995975
1372.999463 331.612399 -36.487991 2.290588 -0.012475 0.044679 -0.078399 0.995842
1373.099308 331.757593 -36.507470 2.266715 -0.012869 0.046611 -0.078035 0.995777
1373.199151 331.891307 -36.527290 2.241851 -0.013412 0.046832 -0.078122 0.995753
1373.299802 332.024201 -36.546617 2.218771 -0.013611 0.046600 -0.078314 0.995746
1373.399637 332.154301 -36.567466 2.196284 -0.012725 0.045706 -0.078216 0.995807
1373.499492 332.281425 -36.589698 2.177188 -0.012927 0.045724 -0.078287 0.995798
1373.599331 332.416562 -36.611925 2.158188 -0.012479 0.045389 -0.077949 0.995845
1373.699174 332.555364 -36.631406 2.141695 -0.013238 0.046108 -0.077858 0.995810
1373.799819 332.702027 -36.651604 2.124949 -0.013370 0.048309 -0.077823 0.995706
1373.899661 332.844845 -36.674504 2.115459 -0.013867 0.051798 -0.077841 0.995523
1373.999502 332.986773 -36.698317 2.114178 -0.014047 0.052407 -0.077919 0.995482
1374.099345 333.125153 -36.718519 2.111217 -0.014142 0.050826 -0.078044 0.995553
1374.199190 333.256371 -36.736709 2.103792 -0.014902 0.048664 -0.078238 0.995635
1374.299837 333.398943 -36.759091 2.100166 -0.014631 0.048713 -0.078527 0.995614
1374.399676 333.537035 -36.783270 2.098834 -0.013684 0.049377 -0.078749 0.995577
1374.499510 333.681143 -36.809794 2.097751 -0.013699 0.049371 -0.078777 0.995575
1374.599355 333.816581 -36.831220 2.100471 -0.015270 0.048822 -0.078976 0.995563
1374.699177 333.961785 -36.852501 2.100535 -0.016217 0.047683 -0.079107 0.995593
1374.799828 334.118500 -36.878688 2.095353 -0.016003 0.047475 -0.079428 0.995581
1374.899654 334.258668 -36.903636 2.092377 -0.014349 0.049987 -0.079752 0.995457
1374.999487 334.405574 -36.925971 2.092884 -0.013353 0.052953 -0.080241 0.995278
1375.099320 334.564402 -36.948620 2.096244 -0.013713 0.054711 -0.080214 0.995181
1375.199162 334.727267 -36.972782 2.097388 -0.015420 0.053410 -0.080512 0.995202
1375.299803 334.893631 -37.003498 2.096200 -0.016040 0.050212 -0.081078 0.995313
1375.399630 335.043194 -37.033925 2.094526 -0.016908 0.048579 -0.081177 0.995372
1375.499481 335.189990 -37.059667 2.093398 -0.015415 0.047451 -0.080779 0.995483
1375.599316 335.335752 -37.083375 2.089383 -0.013183 0.048900 -0.080339 0.995480
1375.699163 335.489192 -37.105845 2.081295 -0.012344 0.048802 -0.080428 0.995488
1375.799795 335.648712 -37.130419 2.075877 -0.011403 0.045247 -0.080264 0.995681
1375.899631 335.803044 -37.158340 2.082605 -0.010938 0.042594 -0.079571 0.995859
1375.999471 335.958870 -37.185665 2.091471 -0.013771 0.042556 -0.079460 0.995834
1376.099304 336.121763 -37.211197 2.087440 -0.018662 0.045988 -0.079809 0.995574
1376.199146 336.285612 -37.236359 2.075939 -0.021906 0.044285 -0.080192 0.995554
1376.299778 336.438891 -37.261295 2.068274 -0.017863 0.042159 -0.080459 0.995706
1376.399624 336.593043 -37.288365 2.065062 -0.012300 0.042985 -0.081236 0.995692
1376.499460 336.748622 -37.315111 2.063734 -0.011350 0.044410 -0.081826 0.995592
1376.599307 336.910389 -37.340154 2.063874 -0.015540 0.044028 -0.080524 0.995659
1376.699164 337.069191 -37.365080 2.064129 -0.016108 0.043747 -0.078755 0.995803
1376.799804 337.223867 -37.389767 2.064064 -0.014795 0.041585 -0.078333 0.995950
1376.899630 337.379416 -37.415953 2.063046 -0.017338 0.038712 -0.078298 0.996027
1376.999472 337.539881 -37.443531 2.058881 -0.021822 0.035774 -0.077305 0.996126
1377.099316 337.701352 -37.469169 2.054085 -0.022679 0.035006 -0.076890 0.996167
1377.199159 337.850004 -37.493344 2.051298 -0.022299 0.034785 -0.076336 0.996226
1377.299801 337.989602 -37.516024 2.047618 -0.021697 0.034716 -0.075900 0.996275
1377.399648 338.134742 -37.536528 2.047228 -0.021467 0.035097 -0.075310 0.996311
1377.499486 338.280699 -37.556765 2.047703 -0.020913 0.035230 -0.074733 0.996362
1377.599336 338.423565 -37.578333 2.046536 -0.022541 0.034000 -0.074532 0.996384
1377.699180 338.563362 -37.602981 2.040358 -0.024606 0.034004 -0.075142 0.996289
1377.799829 338.700954 -37.626057 2.034818 -0.025539 0.034887 -0.075479 0.996210
1377.899661 338.842316 -37.648353 2.031714 -0.023181 0.036515 -0.075043 0.996242
1377.999503 338.983338 -37.666399 2.032564 -0.019465 0.037270 -0.074980 0.996298
1378.099338 339.113031 -37.683913 2.031680 -0.021183 0.037276 -0.075110 0.996253
1378.199195 339.252408 -37.699809 2.031522 -0.021689 0.037753 -0.075066 0.996228
1378.299837 339.395720 -37.717443 2.027733 -0.021797 0.038005 -0.074907 0.996228
1378.399685 339.528566 -37.736583 2.028475 -0.022047 0.039724 -0.074874 0.996157
1378.499516 339.661261 -37.754834 2.027052 -0.020497 0.041709 -0.074929 0.996105
1378.599359 339.792507 -37.767023 2.021411 -0.019007 0.042099 -0.075149 0.996102
1378.699188 339.918540 -37.781150 2.013083 -0.020010 0.041611 -0.075111 0.996106
1378.799820 340.046724 -37.797309 2.010570 -0.021941 0.039758 -0.074995 0.996149
1378.899657 340.181174 -37.811256 2.014821 -0.022561 0.038638 -0.075206 0.996164
1378.999495 340.309705 -37.825570 2.021080 -0.024564 0.038300 -0.075587 0.996101
1379.099330 340.430533 -37.841546 2.020434 -0.023590 0.039006 -0.075769 0.996083
1379.199170 340.551010 -37.854583 2.008372 -0.022473 0.039920 -0.075751 0.996074
1379.299818 340.673026 -37.863792 2.001250 -0.023622 0.038645 -0.075595 0.996109
1379.399664 340.798922 -37.870240 2.004106 -0.027157 0.034343 -0.075163 0.996210
1379.499510 340.934033 -37.879900 2.012782 -0.027706 0.032194 -0.075152 0.996267
1379.599350 341.056572 -37.888393 2.017259 -0.026655 0.036272 -0.075562 0.996125
1379.699169 341.181077 -37.897324 2.011563 -0.022793 0.039695 -0.075480 0.996096
1379.799795 341.298135 -37.905242 2.003886 -0.017577 0.043629 -0.075687 0.996022
1379.899641 341.417202 -37.912228 1.999596 -0.016689 0.045537 -0.076000 0.995928
1379.999480 341.545242 -37.919630 1.999747 -0.017887 0.046707 -0.076050 0.995849
1380.099318 341.683885 -37.926029 1.997028 -0.017747 0.045040 -0.075701 0.995955
1380.199170 341.813540 -37.932757 1.991996 -0.018514 0.044534 -0.075707 0.995963
1380.299810 341.944387 -37.941967 1.988565 -0.017472 0.046294 -0.075640 0.995907
1380.399661 342.076911 -37.949730 1.987577 -0.017968 0.049317 -0.075839 0.995738
1380.499498 342.208071 -37.956915 1.988578 -0.019455 0.049328 -0.075807 0.995712
1380.599333 342.337311 -37.967117 1.985272 -0.018995 0.045222 -0.076061 0.995896
1380.699182 342.462037 -37.978948 1.977121 -0.017283 0.041615 -0.076379 0.996060
1380.799826 342.585620 -37.988683 1.973564 -0.014494 0.042723 -0.076462 0.996051
1380.899670 342.711989 -37.994917 1.974230 -0.015351 0.045132 -0.076682 0.995915
1380.999521 342.835010 -38.002363 1.976758 -0.017307 0.045828 -0.076813 0.995841
1381.099375 342.960778 -38.011393 1.975878 -0.017458 0.046386 -0.077000 0.995798
1381.199208 343.089272 -38.021337 1.972622 -0.018201 0.045434 -0.077144 0.995818
1381.299460 343.210622 -38.032993 1.967134 -0.020444 0.044620 -0.077248 0.995803
1381.399300 343.338763 -38.045996 1.959508 -0.022392 0.044910 -0.077389 0.995737
1381.499145 343.469583 -38.060483 1.950190 -0.020953 0.048383 -0.077144 0.995625
1381.599777 343.598969 -38.073191 1.942008 -0.020032 0.049929 -0.076809 0.995593
1381.699619 343.734437 -38.085631 1.936955 -0.019251 0.047866 -0.076026 0.995770
1381.799454 343.875603 -38.097039 1.933532 -0.019939 0.043296 -0.075404 0.996013
1381.899284 344.014727 -38.105759 1.932220 -0.020764 0.042971 -0.075348 0.996015
1381.999127 344.162115 -38.114204 1.922652 -0.020168 0.047375 -0.075737 0.995798
1382.099765 344.309081 -38.128714 1.906797 -0.018680 0.052117 -0.075908 0.995577
1382.199599 344.443924 -38.144105 1.893894 -0.017158 0.052219 -0.076255 0.995572
1382.299438 344.570481 -38.154246 1.893844 -0.017474 0.049707 -0.076876 0.995647
1382.399278 344.693190 -38.159869 1.903114 -0.017874 0.047052 -0.077561 0.995716
1382.499115 344.829417 -38.170180 1.909751 -0.018874 0.046839 -0.077902 0.995681
1382.599754 344.973877 -38.184668 1.910162 -0.017138 0.048817 -0.077782 0.995627
1382.699584 345.113604 -38.201222 1.899364 -0.016276 0.050224 -0.077317 0.995608
1382.799423 345.254641 -38.217067 1.885908 -0.018573 0.048803 -0.077205 0.995647
1382.899261 345.392232 -38.227817 1.880244 -0.019899 0.045509 -0.077238 0.995775
1382.999501 345.530644 -38.238351 1.881872 -0.019147 0.043349 -0.076881 0.995913
1383.099345 345.674807 -38.252584 1.883095 -0.018915 0.041755 -0.076726 0.995998
1383.199171 345.822242 -38.267063 1.884663 -0.019214 0.041986 -0.077311 0.995937
1383.299810 345.970368 -38.283556 1.885777 -0.017823 0.044439 -0.077358 0.995853
1383.399645 346.117865 -38.297671 1.882575 -0.015503 0.044906 -0.077127 0.995889
1383.499479 346.267840 -38.311589 1.878028 -0.015107 0.045023 -0.077124 0.995890
1383.599320 346.413243 -38.328655 1.877054 -0.015997 0.046681 -0.076934 0.995814
1383.699164 346.560997 -38.342675 1.874328 -0.016776 0.045804 -0.076744 0.995857
1383.799807 346.709651 -38.357253 1.871199 -0.017194 0.046019 -0.076931 0.995825
1383.899638 346.856020 -38.370989 1.867985 -0.017653 0.045956 -0.077505 0.995776
1383.999481 346.990224 -38.382841 1.871174 -0.016709 0.044968 -0.078113 0.995790
1384.099323 347.117653 -38.400751 1.871817 -0.016619 0.041562 -0.078530 0.995906
1384.199154 347.246056 -38.420489 1.872109 -0.016800 0.040782 -0.078565 0.995933
1384.299795 347.384158 -38.436979 1.870469 -0.017277 0.042911 -0.078323 0.995854
1384.399637 347.531233 -38.448412 1.869828 -0.018344 0.044568 -0.078276 0.995766
1384.499476 347.679506 -38.464557 1.866938 -0.018085 0.046246 -0.077918 0.995722
1384.599318 347.818352 -38.484439 1.865320 -0.016473 0.044930 -0.077511 0.995842
1384.699154 347.959867 -38.507181 1.863658 -0.016088 0.043689 -0.077220 0.995926
1384.799777 348.106943 -38.529573 1.858513 -0.017599 0.045392 -0.077067 0.995837
1384.899613 348.251505 -38.548001 1.853192 -0.019138 0.048339 -0.077075 0.995669
1384.999461 348.391808 -38.568353 1.850544 -0.019099 0.049183 -0.077116 0.995625
1385.099297 348.538284 -38.590299 1.851820 -0.018442 0.047935 -0.076852 0.995719
1385.199153 348.682363 -38.608719 1.853085 -0.019444 0.047367 -0.076855 0.995727
1385.299781 348.842406 -38.630285 1.851225 -0.018456 0.047150 -0.076861 0.995755
1385.399620 348.991975 -38.652020 1.844041 -0.017636 0.048450 -0.076894 0.995705
1385.499462 349.140750 -38.673396 1.833127 -0.018784 0.051313 -0.076892 0.995541
1385.599286 349.296716 -38.695316 1.818678 -0.020488 0.053985 -0.076913 0.995364
1385.699130 349.447915 -38.717395 1.799154 -0.021590 0.056528 -0.077019 0.995192
1385.799767 349.620196 -38.740664 1.776069 -0.020907 0.059402 -0.077153 0.995029
1385.899614 349.780702 -38.763198 1.757131 -0.017669 0.060753 -0.077382 0.994992
1385.999467 349.939209 -38.786126 1.739594 -0.016730 0.062190 -0.077964 0.994874
1386.099294 350.108973 -38.812472 1.718831 -0.017369 0.061141 -0.077806 0.994940
1386.199137 350.265755 -38.836923 1.692543 -0.022574 0.057110 -0.077568 0.995094
1386.299794 350.424860 -38.860364 1.666173 -0.026176 0.051077 -0.077276 0.995356
1386.399644 350.573826 -38.881007 1.649681 -0.024521 0.049534 -0.077111 0.995489
1386.499489 350.733476 -38.901957 1.646581 -0.019408 0.053284 -0.077201 0.995402
1386.599323 350.901930 -38.922073 1.648862 -0.017440 0.054604 -0.077761 0.995323
1386.699180 351.065906 -38.945113 1.645454 -0.018371 0.054607 -0.077880 0.995297
1386.799824 351.240613 -38.972022 1.641382 -0.020165 0.055988 -0.078572 0.995131
1386.899658 351.412526 -38.994744 1.636471 -0.023976 0.056506 -0.079203 0.994967
1386.999505 351.580245 -39.011984 1.634660 -0.030503 0.054632 -0.079500 0.994869
1387.099340 351.739336 -39.026885 1.634929 -0.030057 0.051592 -0.079446 0.995049
1387.199163 351.908497 -39.042228 1.634065 -0.025777 0.048950 -0.079383 0.995308
1387.299806 352.087726 -39.062314 1.635300 -0.022190 0.044652 -0.079430 0.995593
1387.399645 352.269662 -39.081604 1.632632 -0.022976 0.040296 -0.079602 0.995747
1387.499484 352.446773 -39.098611 1.626285 -0.025574 0.036620 -0.079633 0.995823
1387.599327 352.628034 -39.114900 1.619494 -0.024929 0.036877 -0.079089 0.995873
1387.699187 352.806207 -39.128617 1.614173 -0.022437 0.039903 -0.078378 0.995872
1387.799817 352.981454 -39.141036 1.614297 -0.019650 0.043526 -0.077868 0.995819
1387.899657 353.143137 -39.156044 1.614282 -0.018590 0.047160 -0.077993 0.995664
1387.999511 353.310318 -39.174252 1.612022 -0.018979 0.048545 -0.078337 0.995563
1388.099370 353.476399 -39.190533 1.609967 -0.019420 0.049144 -0.078775 0.995491
1388.199218 353.639618 -39.205353 1.608723 -0.020875 0.049946 -0.078771 0.995422
1388.299453 353.808818 -39.218743 1.606817 -0.020229 0.052164 -0.078701 0.995327
1388.399303 353.982155 -39.234627 1.598656 -0.019474 0.051075 -0.078508 0.995414
1388.499143 354.158880 -39.249260 1.593680 -0.018654 0.047677 -0.078742 0.995580
1388.599784 354.326439 -39.263385 1.597189 -0.018683 0.044572 -0.079023 0.995701
1388.699606 354.499368 -39.282351 1.600867 -0.015775 0.041682 -0.079888 0.995807
1388.799446 354.667602 -39.303062 1.602274 -0.013511 0.040262 -0.082697 0.995669
1388.899290 354.833363 -39.320653 1.602014 -0.014742 0.039976 -0.085307 0.995443
1388.999136 354.995936 -39.338954 1.595783 -0.018772 0.041333 -0.086540 0.995214
1389.099761 355.157679 -39.357591 1.586850 -0.020059 0.042743 -0.086608 0.995123
1389.199600 355.316351 -39.376187 1.578721 -0.019621 0.043789 -0.086459 0.995099
1389.299439 355.471856 -39.399437 1.578633 -0.019098 0.044766 -0.086001 0.995106
1389.399286 355.630539 -39.419094 1.586105 -0.018993 0.045062 -0.085877 0.995105
1389.499139 355.800650 -39.436788 1.588088 -0.019075 0.044405 -0.086172 0.995107
1389.599771 355.971220 -39.455249 1.581714 -0.020164 0.042961 -0.086400 0.995130
1389.699617 356.136459 -39.476455 1.573403 -0.020293 0.042013 -0.086846 0.995129
1389.799452 356.287277 -39.499259 1.567820 -0.021156 0.040583 -0.087094 0.995148
1389.899293 356.433881 -39.521413 1.565964 -0.020819 0.040015 -0.087233 0.995166
1389.999124 356.576829 -39.542868 1.568046 -0.020405 0.041068 -0.087208 0.995134
1390.099768 356.721336 -39.560585 1.570141 -0.017692 0.043022 -0.087515 0.995077
1390.199598 356.867146 -39.578770 1.572452 -0.017214 0.040738 -0.087709 0.995164
1390.299442 357.006191 -39.595271 1.569071 -0.021642 0.037477 -0.087918 0.995187
1390.399295 357.157552 -39.613038 1.560018 -0.024268 0.035677 -0.088097 0.995177
1390.499124 357.318257 -39.634700 1.547687 -0.023452 0.038550 -0.088012 0.995097
1390.599763 357.475505 -39.655741 1.547170 -0.022073 0.040922 -0.087941 0.995040
1390.699588 357.618335 -39.674865 1.552438 -0.020794 0.042449 -0.088022 0.994996
1390.799420 357.763089 -39.696094 1.553747 -0.020650 0.042490 -0.088041 0.994996
1390.899255 357.913157 -39.716853 1.550615 -0.020627 0.042328 -0.088087 0.994999
1390.999491 358.066647 -39.732539 1.544510 -0.020317 0.043481 -0.088418 0.994927
1391.099338 358.216887 -39.747801 1.539727 -0.020341 0.043559 -0.088601 0.994906
1391.199175 358.359966 -39.765599 1.538309 -0.022636 0.043092 -0.088900 0.994850
1391.299797 358.495568 -39.788581 1.537967 -0.023584 0.042172 -0.088760 0.994880
1391.399642 358.629153 -39.808548 1.541237 -0.022975 0.040634 -0.088571 0.994975
1391.499474 358.770091 -39.824707 1.538832 -0.024121 0.039783 -0.088675 0.994973
1391.599313 358.907405 -39.836088 1.530792 -0.023573 0.039518 -0.088783 0.994988
1391.699142 359.048395 -39.849304 1.527645 -0.021712 0.039364 -0.089059 0.995011
1391.799779 359.199610 -39.870368 1.528706 -0.019234 0.038680 -0.089392 0.995059
1391.899609 359.355629 -39.889917 1.526178 -0.016000 0.036940 -0.089484 0.995174
1391.999434 359.498627 -39.908222 1.523722 -0.015347 0.039395 -0.089707 0.995070
1392.099274 359.635209 -39.921686 1.518333 -0.017903 0.040853 -0.089749 0.994965
1392.199504 359.765705 -39.935347 1.515021 -0.019968 0.042467 -0.089515 0.994879
1392.299341 359.898384 -39.951111 1.516630 -0.020960 0.044038 -0.089430 0.994798
1392.399190 360.032976 -39.969519 1.518998 -0.020960 0.045163 -0.089145 0.994773
1392.499837 360.174238 -39.987824 1.514262 -0.022707 0.042487 -0.089828 0.994791
1392.599677 360.312575 -40.007692 1.505393 -0.022710 0.040667 -0.090694 0.994789
1392.699525 360.447454 -40.024517 1.490699 -0.019251 0.043578 -0.091069 0.994704
1392.799374 360.576270 -40.042514 1.477172 -0.017859 0.044563 -0.090144 0.994771
1392.899231 360.709863 -40.059607 1.468828 -0.018725 0.045516 -0.089640 0.994757
1392.999474 360.853627 -40.078608 1.458095 -0.017617 0.044748 -0.088922 0.994877
1393.099303 360.995882 -40.098991 1.443526 -0.017356 0.045817 -0.088956 0.994830
1393.199146 361.131120 -40.119117 1.433237 -0.018826 0.047190 -0.089421 0.994697
1393.299802 361.264586 -40.139625 1.425423 -0.020869 0.046989 -0.089970 0.994617
1393.399634 361.389356 -40.160609 1.416846 -0.021070 0.046113 -0.089969 0.994653
1393.499481 361.516266 -40.181093 1.408354 -0.020603 0.045864 -0.090301 0.994645
1393.599326 361.648909 -40.200301 1.399227 -0.020291 0.045582 -0.090788 0.994620
1393.699166 361.785585 -40.222963 1.390768 -0.020788 0.044646 -0.091232 0.994611
1393.799826 361.925684 -40.247208 1.386566 -0.021093 0.043681 -0.091082 0.994661
1393.899662 362.067949 -40.269716 1.382944 -0.021632 0.044942 -0.091115 0.994590
1393.999518 362.215023 -40.293831 1.377384 -0.022038 0.047153 -0.090896 0.994499
1394.099360 362.354529 -40.316444 1.370538 -0.021610 0.048536 -0.090966 0.994436
1394.199202 362.490026 -40.337644 1.363957 -0.021732 0.048118 -0.091008 0.994450
1394.299438 362.624568 -40.359406 1.357165 -0.019214 0.048074 -0.090686 0.994533
1394.399268 362.762599 -40.381482 1.357962 -0.019284 0.047803 -0.090600 0.994552
1394.499516 362.901784 -40.404168 1.361613 -0.023437 0.048508 -0.090309 0.994456
1394.599356 363.038114 -40.426192 1.355919 -0.028469 0.050527 -0.090022 0.994250
1394.699197 363.175343 -40.446429 1.343895 -0.031090 0.051950 -0.089780 0.994120
1394.799822 363.316656 -40.464842 1.332107 -0.030796 0.050987 -0.089542 0.994200
1394.899660 363.455547 -40.480768 1.324675 -0.029846 0.048646 -0.089584 0.994343
1394.999505 363.597433 -40.491438 1.324827 -0.029547 0.047900 -0.090185 0.994334
1395.099344 363.740169 -40.506198 1.329409 -0.026283 0.046510 -0.090125 0.994497
1395.199192 363.896263 -40.524379 1.331051 -0.026882 0.047134 -0.089824 0.994478
1395.299837 364.049653 -40.535206 1.327529 -0.029081 0.050378 -0.089575 0.994280
1395.399679 364.195019 -40.541466 1.316467 -0.028421 0.050135 -0.089466 0.994321
1395.499522 364.344253 -40.549701 1.306757 -0.024938 0.046348 -0.089161 0.994626
1395.599352 364.496060 -40.559643 1.303671 -0.020501 0.043901 -0.089409 0.994816
1395.699193 364.641013 -40.566857 1.306093 -0.019972 0.047257 -0.089809 0.994637
1395.799834 364.799810 -40.576978 1.304932 -0.024167 0.050285 -0.090237 0.994356
1395.899670 364.953736 -40.585236 1.304071 -0.029578 0.052614 -0.090438 0.994071
1395.999503 365.110263 -40.591114 1.300071 -0.035691 0.052591 -0.090457 0.993870
1396.099346 365.270689 -40.597198 1.293289 -0.037523 0.051099 -0.090350 0.993890
1396.199187 365.417424 -40.600723 1.281713 -0.033351 0.050615 -0.090370 0.994062
1396.299829 365.565924 -40.600954 1.278741 -0.031745 0.053161 -0.090288 0.993989
1396.399681 365.726505 -40.599773 1.278062 -0.035483 0.054572 -0.090956 0.993725
1396.499523 365.885992 -40.595800 1.276462 -0.039607 0.055441 -0.091342 0.993486
1396.599358 366.047522 -40.590810 1.274509 -0.040767 0.053778 -0.091501 0.993516
1396.699192 366.216698 -40.583111 1.268260 -0.039300 0.052380 -0.092167 0.993588
1396.799830 366.385474 -40.569699 1.262358 -0.036275 0.053645 -0.092422 0.993612
1396.899661 366.539574 -40.557607 1.253563 -0.035758 0.055928 -0.092000 0.993544
1396.999506 366.704956 -40.544820 1.248631 -0.036678 0.057669 -0.092028 0.993408
1397.099349 366.881332 -40.527820 1.249368 -0.037337 0.059339 -0.092021 0.993286
1397.199186 367.066191 -40.507816 1.247164 -0.035354 0.059123 -0.091909 0.993382
1397.299810 367.259697 -40.483381 1.243074 -0.031169 0.056825 -0.092163 0.993632
1397.399653 367.431565 -40.460893 1.242630 -0.025116 0.054894 -0.092124 0.993916
1397.499501 367.597455 -40.439511 1.240766 -0.019393 0.055132 -0.092054 0.994037
1397.599344 367.764320 -40.421194 1.236675 -0.018076 0.054909 -0.091618 0.994115
1397.699188 367.925900 -40.398591 1.228812 -0.018882 0.053887 -0.091625 0.994155
1397.799834 368.096333 -40.373022 1.222889 -0.018285 0.051094 -0.091410 0.994334
1397.899673 368.264149 -40.354110 1.220134 -0.017678 0.046178 -0.090877 0.994634
1397.999519 368.432337 -40.342265 1.227792 -0.018417 0.042946 -0.090181 0.994829
1398.099344 368.607893 -40.324103 1.237086 -0.019863 0.042870 -0.089940 0.994826
1398.199187 368.797880 -40.307381 1.234190 -0.017824 0.046587 -0.090473 0.994649
1398.299825 368.992901 -40.288731 1.219548 -0.014418 0.048342 -0.091462 0.994530
1398.399674 369.172817 -40.273141 1.207647 -0.010711 0.046951 -0.093036 0.994497
1398.499510 369.335202 -40.263320 1.200789 -0.010470 0.044844 -0.094866 0.994424
1398.599357 369.494061 -40.258027 1.201139 -0.011180 0.042677 -0.097564 0.994251
1398.699200 369.664602 -40.252364 1.203816 -0.015829 0.041033 -0.099057 0.994109
1398.799443 369.846077 -40.247101 1.204567 -0.016564 0.039656 -0.100468 0.994012
1398.899296 370.024945 -40.246175 1.198656 -0.018889 0.039303 -0.101942 0.993834
1398.999144 370.196968 -40.245521 1.192674 -0.019039 0.040332 -0.104019 0.993575
1399.099776 370.363720 -40.240474 1.185212 -0.016892 0.037969 -0.106071 0.993490
1399.199600 370.523156 -40.238177 1.179944 -0.015965 0.036420 -0.106863 0.993478
1399.299424 370.677723 -40.237050 1.174822 -0.016573 0.039433 -0.107072 0.993331
1399.399266 370.832325 -40.238223 1.166046 -0.016329 0.041007 -0.106642 0.993317
1399.499498 370.985948 -40.237699 1.158225 -0.016452 0.041992 -0.106507 0.993289
1399.599329 371.130204 -40.238496 1.158368 -0.016507 0.042651 -0.106326 0.993279
1399.699155 371.281344 -40.244458 1.159100 -0.015391 0.041620 -0.105972 0.993378
1399.799789 371.437703 -40.250234 1.156206 -0.013593 0.041056 -0.106070 0.993418
1399.899629 371.595595 -40.252337 1.149497 -0.012568 0.041622 -0.106058 0.993409
1399.999464 371.756160 -40.262310 1.146153 -0.010344 0.042659 -0.105649 0.993434
1400.099303 371.919984 -40.276112 1.140319 -0.007110 0.044898 -0.105562 0.993373
1400.199144 372.078083 -40.290799 1.137915 -0.004036 0.047195 -0.106108 0.993226
1400.299793 372.231662 -40.309057 1.136379 -0.003714 0.048161 -0.106480 0.993141
1400.399629 372.375626 -40.329374 1.137265 -0.005138 0.047468 -0.106668 0.993148
1400.499467 372.523341 -40.348139 1.136852 -0.009079 0.045282 -0.106513 0.993238
1400.599306 372.670695 -40.368967 1.133438 -0.015013 0.044924 -0.106472 0.993187
1400.699145 372.816272 -40.393530 1.124437 -0.017947 0.045713 -0.106046 0.993148
1400.799783 372.957249 -40.419816 1.116343 -0.017837 0.044749 -0.105699 0.993231
1400.899616 373.103367 -40.445848 1.115271 -0.017373 0.043743 -0.105781 0.993275
1400.999468 373.250310 -40.475506 1.116473 -0.015825 0.042381 -0.105840 0.993354
1401.099314 373.393011 -40.504981 1.116488 -0.013198 0.039712 -0.106228 0.993461
1401.199153 373.538613 -40.534157 1.113158 -0.013823 0.037899 -0.106712 0.993471
1401.299780 373.682072 -40.565526 1.103460 -0.013617 0.038599 -0.106654 0.993453
1401.399611 373.817940 -40.598242 1.092753 -0.014688 0.041241 -0.106595 0.993338
1401.499446 373.949783 -40.634428 1.083412 -0.016802 0.042305 -0.106475 0.993273
1401.599284 374.084207 -40.669233 1.076701 -0.018445 0.040667 -0.106725 0.993285
1401.699129 374.216073 -40.701102 1.073676 -0.019583 0.039598 -0.106934 0.993284
1401.799772 374.349203 -40.736393 1.075648 -0.021406 0.038288 -0.106838 0.993308
1401.899605 374.483116 -40.768487 1.074902 -0.020191 0.038173 -0.106630 0.993361
1401.999451 374.623421 -40.804582 1.071630 -0.018299 0.039399 -0.106171 0.993399
1402.099289 374.758048 -40.838597 1.068142 -0.016486 0.039568 -0.105985 0.993443
1402.199113 374.894722 -40.873769 1.064441 -0.017584 0.039032 -0.105853 0.993460
1402.299731 375.028098 -40.908028 1.058962 -0.019029 0.038176 -0.105907 0.993461
1402.399576 375.162555 -40.941376 1.058194 -0.019710 0.037472 -0.106092 0.993454
1402.499402 375.297801 -40.977508 1.053379 -0.019739 0.037912 -0.106362 0.993408
1402.599246 375.427483 -41.015993 1.050577 -0.019981 0.039512 -0.106650 0.993310
1402.699481 375.550258 -41.051886 1.050694 -0.020058 0.039958 -0.107091 0.993243
1402.799311 375.670772 -41.083863 1.046856 -0.020338 0.039439 -0.107243 0.993242
1402.899152 375.784645 -41.117058 1.040009 -0.021854 0.039207 -0.107165 0.993228
1402.999796 375.896397 -41.151276 1.038048 -0.021993 0.041002 -0.107333 0.993134
1403.099636 376.017380 -41.185113 1.035900 -0.021640 0.043229 -0.108001 0.992975
1403.199467 376.140135 -41.219547 1.032696 -0.022073 0.043572 -0.108218 0.992927
1403.299301 376.259697 -41.250912 1.028614 -0.020430 0.042734 -0.108484 0.992969
1403.399139 376.391613 -41.281779 1.026113 -0.020182 0.041632 -0.108703 0.992997
1403.499775 376.522616 -41.315490 1.023601 -0.021285 0.039631 -0.108505 0.993077
1403.599628 376.651181 -41.349813 1.019783 -0.022424 0.038346 -0.108515 0.993102
1403.699461 376.778927 -41.386498 1.014668 -0.022841 0.040153 -0.108596 0.993012
1403.799315 376.900995 -41.420088 1.008834 -0.021616 0.041768 -0.108603 0.992972
1403.899148 377.018415 -41.449836 1.005022 -0.022306 0.041795 -0.108900 0.992923
1403.999791 377.127232 -41.479822 1.004838 -0.022335 0.040021 -0.109026 0.992982
1404.099626 377.237726 -41.512739 1.003439 -0.021654 0.040367 -0.109295 0.992953
1404.199466 377.350454 -41.543105 1.003535 -0.021251 0.042267 -0.109372 0.992874
1404.299301 377.466893 -41.575370 1.005673 -0.021505 0.042938 -0.109196 0.992860
1404.399128 377.582178 -41.607292 1.002895 -0.022421 0.043692 -0.108993 0.992829
1404.499761 377.703981 -41.640166 0.997532 -0.022409 0.044307 -0.109029 0.992798
1404.599608 377.825955 -41.674433 0.994996 -0.022073 0.042483 -0.108983 0.992890
1404.699454 377.945506 -41.708838 0.997280 -0.021721 0.038983 -0.109071 0.993032
1404.799298 378.063803 -41.742812 0.997052 -0.021997 0.040711 -0.109671 0.992890
1404.899141 378.182436 -41.775425 0.994608 -0.022523 0.044673 -0.110165 0.992653
1404.999772 378.307408 -41.806106 0.991705 -0.021851 0.047496 -0.110281 0.992524
1405.099626 378.435916 -41.838216 0.991169 -0.022858 0.046537 -0.109953 0.992584
1405.199469 378.560389 -41.869931 0.989877 -0.026452 0.045773 -0.109626 0.992566
1405.299302 378.681478 -41.902474 0.984752 -0.029372 0.045430 -0.109533 0.992510
1405.399150 378.807966 -41.935194 0.984058 -0.030320 0.046203 -0.109778 0.992419
1405.499795 378.922132 -41.964190 0.983341 -0.031673 0.045613 -0.110083 0.992370
1405.599637 379.038232 -41.988558 0.983545 -0.035252 0.045417 -0.110369 0.992226
1405.699478 379.159947 -42.008944 0.985191 -0.036813 0.043421 -0.110217 0.992276
1405.799318 379.280866 -42.030218 0.986849 -0.038380 0.041606 -0.109863 0.992334
1405.899162 379.397325 -42.050779 0.984035 -0.040342 0.042443 -0.110049 0.992200
1405.999801 379.519767 -42.068265 0.983246 -0.039383 0.044115 -0.110326 0.992135
1406.099638 379.649098 -42.080637 0.982166 -0.035414 0.042497 -0.110730 0.992310
1406.199477 379.778710 -42.090087 0.979416 -0.030565 0.038398 -0.110763 0.992634
1406.299316 379.896735 -42.096119 0.971921 -0.025994 0.035155 -0.110809 0.992880
1406.399156 380.014721 -42.098519 0.967102 -0.023044 0.036389 -0.111165 0.992868
1406.499784 380.138358 -42.101612 0.964927 -0.021654 0.039729 -0.112014 0.992676
1406.599632 380.266081 -42.107121 0.961958 -0.020164 0.040183 -0.112715 0.992610
1406.699486 380.388926 -42.113606 0.964908 -0.018974 0.038749 -0.113258 0.992628
1406.799332 380.511667 -42.120380 0.966987 -0.019546 0.036637 -0.113585 0.992660
1406.899178 380.631877 -42.126588 0.963567 -0.019458 0.036085 -0.114018 0.992632
1406.999803 380.751433 -42.132013 0.960822 -0.019022 0.037130 -0.114522 0.992544
1407.099667 380.870543 -42.136491 0.959302 -0.019204 0.039726 -0.115090 0.992375
1407.199526 380.997861 -42.141488 0.953849 -0.019411 0.040732 -0.115158 0.992322
1407.299357 381.121721 -42.147874 0.947660 -0.018876 0.039976 -0.114684 0.992418
1407.399186 381.238686 -42.157542 0.940583 -0.019503 0.041017 -0.114321 0.992405
1407.499816 381.355341 -42.166948 0.930770 -0.020593 0.044018 -0.114097 0.992280
1407.599649 381.464639 -42.173709 0.912321 -0.019608 0.046652 -0.113930 0.992199
1407.699491 381.575363 -42.183840 0.888365 -0.018601 0.048124 -0.113920 0.992149
1407.799331 381.688672 -42.195060 0.867225 -0.019054 0.048020 -0.113788 0.992161
1407.899161 381.798499 -42.206518 0.855270 -0.018875 0.044854 -0.113356 0.992362
1407.999791 381.917890 -42.216738 0.857418 -0.019020 0.042862 -0.113138 0.992472
1408.099625 382.034537 -42.230145 0.863898 -0.017154 0.043151 -0.113173 0.992490
1408.199463 382.148097 -42.244251 0.863176 -0.016001 0.047588 -0.113370 0.992283
1408.299305 382.267070 -42.262080 0.856517 -0.015699 0.049389 -0.112873 0.992257
1408.399142 382.384154 -42.277826 0.844181 -0.019804 0.044785 -0.112148 0.992484
1408.499780 382.508591 -42.290658 0.834175 -0.024007 0.040741 -0.111751 0.992611
1408.599629 382.624053 -42.301677 0.837120 -0.024479 0.042384 -0.112332 0.992465
1408.699465 382.734458 -42.317105 0.839711 -0.019848 0.045916 -0.113610 0.992265
1408.799310 382.847153 -42.334897 0.843529 -0.015292 0.047847 -0.114876 0.992109
1408.899150 382.967158 -42.351327 0.839144 -0.013606 0.044492 -0.115844 0.992177
1408.999795 383.096731 -42.368459 0.837123 -0.014793 0.040597 -0.116222 0.992283
1409.099631 383.230889 -42.385691 0.833192 -0.017304 0.040447 -0.116053 0.992268
1409.199467 383.370371 -42.405795 0.827442 -0.019331 0.044365 -0.115501 0.992128
1409.299296 383.502191 -42.428825 0.827187 -0.022293 0.053553 -0.114961 0.991675
1409.399135 383.619432 -42.450772 0.828502 -0.023937 0.055669 -0.114763 0.991543
1409.499771 383.735697 -42.470475 0.829826 -0.023113 0.051900 -0.115496 0.991682
1409.599608 383.843390 -42.487893 0.828254 -0.019288 0.048565 -0.116277 0.991841
1409.699458 383.948540 -42.505483 0.825909 -0.016389 0.049081 -0.116787 0.991808
1409.799292 384.063843 -42.527449 0.819496 -0.016758 0.051045 -0.116974 0.991681
1409.899140 384.193766 -42.551005 0.812705 -0.019093 0.052352 -0.116679 0.991605
1409.999778 384.326939 -42.573750 0.813260 -0.021169 0.049701 -0.116104 0.991767
1410.099611 384.442376 -42.592096 0.816382 -0.023183 0.046539 -0.115657 0.991927
1410.199445 384.569464 -42.613371 0.817804 -0.021776 0.045691 -0.115315 0.992039
1410.299287 384.703161 -42.637641 0.816634 -0.019688 0.045128 -0.115617 0.992073
1410.399126 384.834526 -42.664540 0.814411 -0.019349 0.045142 -0.115968 0.992038
1410.499768 384.970223 -42.693416 0.809727 -0.020195 0.045308 -0.116401 0.991963
1410.599614 385.096079 -42.717871 0.803625 -0.020516 0.045396 -0.117187 0.991860
1410.699457 385.230508 -42.742059 0.801019 -0.021904 0.045639 -0.117739 0.991753
1410.799294 385.366842 -42.767982 0.801864 -0.021638 0.044772 -0.117548 0.991821
1410.899125 385.497996 -42.796107 0.800742 -0.022356 0.045084 -0.117332 0.991817
1410.999765 385.634796 -42.822421 0.802655 -0.022971 0.048499 -0.117366 0.991638
1411.099612 385.775668 -42.850915 0.800555 -0.022840 0.052194 -0.117205 0.991472
1411.199451 385.906285 -42.876322 0.795433 -0.021837 0.052865 -0.117564 0.991417
1411.299287 386.042530 -42.903233 0.792049 -0.021572 0.051586 -0.117592 0.991487
1411.399115 386.182901 -42.932488 0.792310 -0.021133 0.048665 -0.117399 0.991667
1411.499764 386.308091 -42.961655 0.791821 -0.021381 0.047026 -0.117449 0.991734
1411.599618 386.432765 -42.989400 0.791633 -0.022104 0.047802 -0.117329 0.991696
1411.699473 386.562512 -43.016529 0.789567 -0.022944 0.050794 -0.116836 0.991586
1411.799315 386.701622 -43.044773 0.786843 -0.023567 0.053237 -0.115989 0.991543
1411.899152 386.844390 -43.074583 0.785987 -0.023524 0.054264 -0.114660 0.991643
1411.999798 386.976102 -43.104221 0.785846 -0.024204 0.053069 -0.112959 0.991886
1412.099625 387.108171 -43.132192 0.784662 -0.024654 0.052487 -0.111236 0.992101
1412.199463 387.242743 -43.156453 0.778889 -0.026421 0.052640 -0.108712 0.992327
1412.299305 387.389400 -43.183873 0.775601 -0.026206 0.054548 -0.105922 0.992531
1412.399137 387.547159 -43.212229 0.776257 -0.024894 0.055392 -0.103672 0.992756
1412.499789 387.702600 -43.239116 0.773206 -0.026455 0.056436 -0.101163 0.992915
1412.599621 387.857693 -43.264007 0.769990 -0.025425 0.056696 -0.098672 0.993178
1412.699457 388.019948 -43.289489 0.769259 -0.025334 0.056221 -0.096242 0.993446
1412.799295 388.180285 -43.314855 0.768807 -0.023010 0.056500 -0.094086 0.993693
1412.899134 388.340466 -43.341558 0.766487 -0.020004 0.056492 -0.093068 0.993855
1412.999771 388.490022 -43.368644 0.763641 -0.019166 0.055764 -0.093177 0.993902
1413.099614 388.644914 -43.398288 0.762477 -0.021673 0.055419 -0.093601 0.993830
1413.199453 388.804861 -43.426226 0.761973 -0.022963 0.054583 -0.093954 0.993814
1413.299303 388.963254 -43.454642 0.758255 -0.025648 0.054776 -0.094286 0.993706
1413.399151 389.129199 -43.483125 0.750808 -0.026830 0.056183 -0.094573 0.993569
1413.499791 389.302426 -43.507891 0.745319 -0.025688 0.057332 -0.094755 0.993516
1413.599639 389.491882 -43.535211 0.745862 -0.024354 0.057298 -0.094768 0.993551
1413.699481 389.670352 -43.561685 0.746950 -0.023972 0.057766 -0.095013 0.993509
1413.799320 389.839306 -43.590316 0.745672 -0.023757 0.054356 -0.094958 0.993712
1413.899162 390.004609 -43.620142 0.740752 -0.022706 0.049337 -0.094813 0.994012
1413.999788 390.174489 -43.647872 0.737833 -0.022973 0.046688 -0.095049 0.994112
1414.099619 390.359551 -43.674777 0.732793 -0.021644 0.047494 -0.094905 0.994117
1414.199463 390.541062 -43.703754 0.727556 -0.021609 0.048985 -0.094783 0.994057
1414.299314 390.728120 -43.734095 0.718583 -0.021929 0.050558 -0.094748 0.993975
1414.399146 390.907814 -43.763254 0.700743 -0.023318 0.049935 -0.094815 0.993968
1414.499782 391.080240 -43.789401 0.680433 -0.027176 0.049124 -0.094941 0.993899
1414.599624 391.255400 -43.816433 0.663628 -0.028216 0.048321 -0.095048 0.993899
1414.699474 391.433910 -43.843928 0.652472 -0.028623 0.049073 -0.095277 0.993828
1414.799312 391.606375 -43.870357 0.646887 -0.027058 0.048500 -0.095176 0.993910
1414.899155 391.784941 -43.895221 0.642734 -0.024980 0.046241 -0.095356 0.994055
1414.999795 391.962705 -43.915857 0.636213 -0.027559 0.046228 -0.094940 0.994027
1415.099642 392.143271 -43.935932 0.628729 -0.029876 0.043551 -0.094505 0.994122
1415.199485 392.325081 -43.957049 0.617589 -0.030946 0.040850 -0.094212 0.994232
1415.299309 392.496781 -43.975471 0.608122 -0.031313 0.038938 -0.094569 0.994264
1415.399166 392.669915 -43.993286 0.602580 -0.030405 0.037317 -0.095042 0.994309
1415.499804 392.849723 -44.010519 0.594887 -0.027976 0.035433 -0.095233 0.994431
1415.599641 393.017394 -44.022378 0.589765 -0.025103 0.032453 -0.095525 0.994581
1415.699497 393.193661 -44.040225 0.588702 -0.022614 0.028986 -0.095442 0.994756
1415.799333 393.363200 -44.055799 0.589989 -0.021528 0.024898 -0.095206 0.994913
1415.899170 393.523627 -44.066256 0.585504 -0.023495 0.025162 -0.095170 0.994866
1415.999817 393.677264 -44.075530 0.580839 -0.025873 0.028745 -0.095301 0.994697
1416.099653 393.833405 -44.088095 0.576898 -0.024267 0.032072 -0.095231 0.994642
1416.199489 393.988637 -44.103229 0.571763 -0.022318 0.037048 -0.095677 0.994472
1416.299336 394.143633 -44.118086 0.567127 -0.019960 0.038908 -0.095949 0.994425
1416.399174 394.303080 -44.131164 0.568132 -0.018063 0.039491 -0.095902 0.994443
1416.499823 394.448413 -44.144206 0.571566 -0.018101 0.041274 -0.095673 0.994392
1416.599662 394.596999 -44.159921 0.573821 -0.020412 0.043782 -0.095523 0.994254
1416.699497 394.743821 -44.174388 0.573450 -0.022428 0.043728 -0.096009 0.994167
1416.799341 394.889626 -44.190363 0.571711 -0.021931 0.043803 -0.095917 0.994183
1416.899181 395.033363 -44.209117 0.563263 -0.023223 0.047298 -0.095273 0.994056
1416.999829 395.184845 -44.229919 0.555445 -0.024768 0.046980 -0.094576 0.994100
1417.099683 395.333821 -44.251195 0.554657 -0.023857 0.045026 -0.094438 0.994226
1417.199517 395.477173 -44.268314 0.560208 -0.024332 0.045928 -0.095138 0.994106
1417.299353 395.628465 -44.284252 0.561573 -0.025301 0.047172 -0.096150 0.993927
1417.399186 395.775525 -44.303546 0.551266 -0.023640 0.046841 -0.096513 0.993948
1417.499839 395.921717 -44.325101 0.535050 -0.022507 0.044077 -0.096167 0.994134
1417.599682 396.061343 -44.345716 0.528939 -0.022016 0.042191 -0.095830 0.994259
1417.699527 396.200327 -44.361986 0.525964 -0.026016 0.037929 -0.096142 0.994304
1417.799376 396.344722 -44.378811 0.529503 -0.028705 0.040315 -0.096646 0.994088
1417.899211 396.495688 -44.403334 0.534495 -0.025058 0.045956 -0.096527 0.993953
1417.999442 396.648720 -44.428846 0.533561 -0.022678 0.044369 -0.096388 0.994096
1418.099279 396.804149 -44.449109 0.525649 -0.023300 0.040789 -0.096472 0.994227
1418.199121 396.954235 -44.466518 0.514795 -0.023196 0.038919 -0.096744 0.994278
1418.299769 397.100580 -44.485246 0.511760 -0.023984 0.042409 -0.096998 0.994091
1418.399610 397.235917 -44.505225 0.516519 -0.023279 0.044927 -0.097438 0.993954
1418.499438 397.367464 -44.525286 0.523019 -0.023094 0.046269 -0.097793 0.993862
1418.599278 397.502075 -44.544610 0.521156 -0.025650 0.044704 -0.098159 0.993835
1418.699115 397.632888 -44.561467 0.519697 -0.031513 0.043184 -0.098165 0.993733
1418.799758 397.754379 -44.582376 0.519127 -0.033945 0.039943 -0.098227 0.993783
1418.899587 397.872598 -44.601644 0.512963 -0.032725 0.037356 -0.098563 0.993891
1418.999438 397.997778 -44.618796 0.509244 -0.027427 0.037923 -0.098583 0.994028
1419.099282 398.129156 -44.635616 0.504492 -0.025545 0.040881 -0.098737 0.993945
1419.199133 398.264095 -44.653422 0.503588 -0.027775 0.042687 -0.098791 0.993804
1419.299777 398.404327 -44.671654 0.508156 -0.028515 0.041587 -0.098452 0.993863
1419.399626 398.530691 -44.687387 0.511056 -0.027490 0.039103 -0.098312 0.994007
1419.499461 398.652856 -44.700401 0.504427 -0.029408 0.040311 -0.098258 0.993909
1419.599302 398.772870 -44.713137 0.495983 -0.028841 0.044280 -0.098050 0.993777
1419.699131 398.891061 -44.726634 0.487481 -0.028852 0.046824 -0.097785 0.993687
1419.799764 399.013929 -44.740273 0.484087 -0.027732 0.045976 -0.097546 0.993782
1419.899599 399.144930 -44.753426 0.485830 -0.025527 0.044255 -0.097681 0.993906
1419.999454 399.271440 -44.768096 0.488388 -0.025257 0.042643 -0.097592 0.993992
1420.099316 399.394852 -44.782650 0.488393 -0.024756 0.043088 -0.098129 0.993932
1420.199162 399.522557 -44.798197 0.487346 -0.024256 0.045046 -0.098130 0.993858
1420.299814 399.657841 -44.813028 0.481675 -0.024197 0.045582 -0.098195 0.993828
1420.399653 399.793841 -44.828519 0.473205 -0.024379 0.045223 -0.098278 0.993832
1420.499489 399.916231 -44.841134 0.474178 -0.023125 0.044643 -0.098256 0.993890
1420.599323 400.030826 -44.857005 0.478025 -0.023713 0.044746 -0.098165 0.993881
1420.699166 400.139749 -44.875018 0.477531 -0.024612 0.045732 -0.098307 0.993800
1420.799813 400.264655 -44.892998 0.477372 -0.025554 0.047583 -0.098406 0.993680
1420.899661 400.394458 -44.911072 0.476486 -0.026435 0.047154 -0.098295 0.993688
1420.999511 400.507089 -44.927179 0.474068 -0.026571 0.045083 -0.098311 0.993779
1421.099347 400.628300 -44.939213 0.470491 -0.025590 0.042891 -0.098509 0.993882
1421.199183 400.752000 -44.955726 0.465135 -0.025165 0.041184 -0.098841 0.993932
1421.299822 400.879830 -44.976968 0.459898 -0.024304 0.041441 -0.099239 0.993903
1421.399678 401.000332 -44.994273 0.459777 -0.024897 0.043541 -0.099847 0.993738
1421.499513 401.113006 -45.008852 0.461072 -0.025523 0.043906 -0.100357 0.993655
1421.599348 401.225573 -45.025801 0.461150 -0.026351 0.043035 -0.100597 0.993647
1421.699197 401.338922 -45.046141 0.457925 -0.026746 0.040648 -0.100431 0.993753
1421.799832 401.454040 -45.069583 0.451264 -0.025793 0.039144 -0.100253 0.993857
1421.899674 401.576717 -45.093176 0.446844 -0.025617 0.039729 -0.100241 0.993840
1421.999512 401.698985 -45.115946 0.444382 -0.025765 0.041257 -0.099968 0.993801
1422.099345 401.812175 -45.129089 0.441700 -0.025362 0.043798 -0.100140 0.993685
1422.199205 401.929719 -45.144800 0.440496 -0.025391 0.044730 -0.099851 0.993672
1422.299444 402.048222 -45.162456 0.437869 -0.025666 0.044469 -0.099421 0.993720
1422.399291 402.161138 -45.184454 0.430633 -0.025902 0.044555 -0.098882 0.993764
1422.499124 402.281009 -45.208172 0.424821 -0.025803 0.046681 -0.098519 0.993705
1422.599751 402.406015 -45.229396 0.422473 -0.026967 0.048039 -0.098308 0.993630
1422.699612 402.528876 -45.245316 0.425044 -0.031533 0.046296 -0.098934 0.993516
1422.799453 402.647783 -45.259331 0.425985 -0.035178 0.041293 -0.099580 0.993550
1422.899289 402.763649 -45.275673 0.426105 -0.035709 0.040069 -0.100164 0.993522
1422.999123 402.877597 -45.294367 0.426146 -0.033482 0.041765 -0.100787 0.993467
1423.099757 402.996078 -45.307682 0.419853 -0.029942 0.042406 -0.101190 0.993512
1423.199584 403.112676 -45.318856 0.411758 -0.028554 0.042106 -0.101457 0.993538
1423.299435 403.227224 -45.329964 0.404486 -0.029827 0.041308 -0.101436 0.993536
1423.399277 403.333660 -45.342207 0.403830 -0.031716 0.040230 -0.101266 0.993540
1423.499125 403.448497 -45.350967 0.408625 -0.033867 0.040915 -0.101325 0.993435
1423.599765 403.561450 -45.358595 0.411023 -0.033916 0.042650 -0.101078 0.993385
1423.699614 403.673177 -45.367989 0.407086 -0.032106 0.043496 -0.100699 0.993447
1423.799460 403.777514 -45.376121 0.400611 -0.033150 0.043177 -0.100790 0.993417
1423.899314 403.890859 -45.380740 0.395053 -0.033492 0.042401 -0.100964 0.993422
1423.999151 404.010977 -45.384655 0.392226 -0.033432 0.042681 -0.101066 0.993401
1424.099786 404.128366 -45.388640 0.389911 -0.033101 0.044945 -0.101202 0.993299
1424.199616 404.248814 -45.391169 0.391634 -0.029980 0.046682 -0.101335 0.993304
1424.299464 404.369478 -45.392917 0.393907 -0.026688 0.046662 -0.101228 0.993410
1424.399302 404.479403 -45.395880 0.389180 -0.025606 0.046077 -0.101043 0.993485
1424.499153 404.593782 -45.396346 0.383304 -0.025724 0.046493 -0.101378 0.993428
1424.599806 404.697024 -45.398045 0.384948 -0.025720 0.046534 -0.101488 0.993415
1424.699639 404.799667 -45.402993 0.384245 -0.025748 0.045306 -0.101575 0.993462
1424.799454 404.905659 -45.409555 0.378851 -0.025023 0.044039 -0.101834 0.993511
1424.899301 405.017243 -45.413440 0.372103 -0.022914 0.042985 -0.101877 0.993604
1424.999142 405.128007 -45.417318 0.369551 -0.021304 0.040992 -0.102522 0.993657
1425.099778 405.241659 -45.424227 0.364232 -0.022834 0.039262 -0.102945 0.993650
1425.199620 405.354499 -45.431302 0.360475 -0.024558 0.040047 -0.103879 0.993480
1425.299462 405.464591 -45.435120 0.359033 -0.024960 0.041883 -0.105341 0.993240
1425.399306 405.573881 -45.441458 0.356792 -0.025671 0.043479 -0.106321 0.993049
1425.499130 405.676298 -45.451312 0.354371 -0.024377 0.045318 -0.106508 0.992979
1425.599771 405.777548 -45.461041 0.350625 -0.024308 0.046400 -0.106824 0.992897
1425.699602 405.879519 -45.472286 0.352042 -0.024635 0.046961 -0.106781 0.992867
1425.799449 405.980714 -45.480684 0.357248 -0.025070 0.048286 -0.106702 0.992801
1425.899293 406.092041 -45.489774 0.358285 -0.025381 0.050184 -0.106851 0.992683
1425.999134 406.196116 -45.500475 0.360481 -0.025157 0.050941 -0.106792 0.992657
1426.099769 406.310151 -45.512502 0.356881 -0.024044 0.048659 -0.107567 0.992715
1426.199607 406.428326 -45.527425 0.352467 -0.024583 0.045328 -0.108911 0.992713
1426.299435 406.548920 -45.544152 0.351120 -0.024717 0.044051 -0.110355 0.992608
1426.399290 406.659856 -45.559358 0.352110 -0.026589 0.044148 -0.110621 0.992525
1426.499133 406.770571 -45.572976 0.353502 -0.026264 0.046478 -0.110482 0.992443
1426.599781 406.885247 -45.589689 0.354626 -0.026416 0.048553 -0.110358 0.992354
1426.699621 406.999821 -45.605069 0.349008 -0.025585 0.052280 -0.109916 0.992235
1426.799462 407.119623 -45.619150 0.339189 -0.024663 0.052930 -0.109209 0.992302
1426.899299 407.247652 -45.637771 0.326992 -0.024228 0.053384 -0.108974 0.992314
1426.999126 407.374153 -45.657274 0.320448 -0.023992 0.054048 -0.108582 0.992327
1427.099766 407.491690 -45.677566 0.321336 -0.025072 0.054057 -0.108668 0.992291
1427.199615 407.611188 -45.694177 0.325420 -0.027727 0.051493 -0.108894 0.992331
1427.299446 407.728514 -45.707006 0.327138 -0.030040 0.050584 -0.109296 0.992267
1427.399276 407.845687 -45.725056 0.323075 -0.029736 0.050345 -0.109082 0.992312
1427.499515 407.976700 -45.741969 0.324113 -0.029753 0.050054 -0.109008 0.992334
1427.599355 408.110381 -45.759695 0.325181 -0.031363 0.050238 -0.107734 0.992414
1427.699192 408.234259 -45.775480 0.320539 -0.027194 0.051794 -0.106047 0.992639
1427.799827 408.364343 -45.792005 0.315729 -0.024575 0.055439 -0.105308 0.992589
1427.899674 408.496829 -45.807526 0.317044 -0.023443 0.056726 -0.105751 0.992497
1427.999521 408.638507 -45.824856 0.318217 -0.025534 0.055881 -0.106066 0.992459
1428.099372 408.776097 -45.840958 0.312049 -0.026118 0.054872 -0.106391 0.992465
1428.199216 408.904788 -45.856180 0.305287 -0.026838 0.055399 -0.106668 0.992387
1428.299461 409.029890 -45.869192 0.303210 -0.026825 0.056497 -0.106306 0.992365
1428.399290 409.163420 -45.885907 0.304232 -0.025634 0.056197 -0.106248 0.992419
1428.499139 409.301970 -45.902941 0.305948 -0.023742 0.054396 -0.106513 0.992538
1428.599774 409.440231 -45.922579 0.305757 -0.022096 0.052519 -0.106570 0.992671
1428.699616 409.576029 -45.944724 0.303693 -0.023255 0.052217 -0.106780 0.992638
1428.799458 409.710974 -45.965142 0.298893 -0.025183 0.053418 -0.106814 0.992524
1428.899292 409.834454 -45.984032 0.294810 -0.025713 0.054250 -0.106731 0.992474
1428.999132 409.982745 -46.003916 0.293581 -0.025907 0.055030 -0.106878 0.992410
1429.099744 410.137426 -46.024371 0.296529 -0.025381 0.055474 -0.106822 0.992405
1429.199585 410.282701 -46.045725 0.296498 -0.024635 0.056501 -0.106828 0.992365
1429.299429 410.425456 -46.068597 0.293375 -0.024072 0.057220 -0.106897 0.992330
1429.399274 410.569392 -46.091928 0.289604 -0.023689 0.057638 -0.106798 0.992326
1429.499503 410.728598 -46.118285 0.283315 -0.024268 0.057429 -0.106563 0.992349
1429.599335 410.877064 -46.141599 0.276511 -0.026313 0.056002 -0.106053 0.992433
1429.699176 411.024063 -46.165515 0.271405 -0.029251 0.055382 -0.103855 0.992618
1429.799829 411.180894 -46.190023 0.266832 -0.028742 0.055486 -0.101804 0.992840
1429.899674 411.338960 -46.215597 0.264332 -0.025661 0.055728 -0.100989 0.992994
1429.999512 411.494368 -46.243126 0.263656 -0.026729 0.055808 -0.100333 0.993028
1430.099345 411.644821 -46.267870 0.257835 -0.025749 0.054464 -0.100227 0.993139
1430.199192 411.799234 -46.289824 0.256387 -0.025123 0.054083 -0.100319 0.993167
1430.299824 411.954447 -46.315427 0.260462 -0.024085 0.055602 -0.100233 0.993117
1430.399676 412.107409 -46.340184 0.260891 -0.024754 0.057176 -0.100565 0.992978
1430.499525 412.269126 -46.366367 0.255413 -0.024547 0.056959 -0.100638 0.992988
1430.599374 412.436988 -46.394787 0.247067 -0.023764 0.057119 -0.100524 0.993009
1430.699231 412.610838 -46.423476 0.239016 -0.024885 0.057099 -0.100382 0.992997
1430.799461 412.792200 -46.452486 0.237776 -0.025441 0.057261 -0.100366 0.992976
1430.899307 412.965747 -46.480103 0.238801 -0.025789 0.055697 -0.099957 0.993097
1430.999147 413.141035 -46.508832 0.238016 -0.028618 0.053818 -0.099875 0.993131
1431.099809 413.322501 -46.539927 0.228370 -0.029836 0.052194 -0.100111 0.993158
1431.199654 413.501286 -46.570327 0.219377 -0.031555 0.050164 -0.100000 0.993221
1431.299498 413.654567 -46.595012 0.204189 -0.031545 0.045105 -0.100047 0.993459
1431.399320 413.808834 -46.620620 0.191201 -0.029118 0.042040 -0.099445 0.993728
1431.499159 413.969866 -46.645942 0.176141 -0.027135 0.041837 -0.099597 0.993778
1431.599798 414.142372 -46.671066 0.160338 -0.025700 0.041721 -0.099774 0.993803
1431.699624 414.312918 -46.697830 0.153756 -0.026772 0.041474 -0.099664 0.993796
1431.799459 414.473031 -46.721788 0.146396 -0.027489 0.042836 -0.099865 0.993698
1431.899297 414.630655 -46.747668 0.127300 -0.027455 0.045306 -0.099795 0.993597
1431.999140 414.786076 -46.773662 0.109040 -0.025481 0.046360 -0.099949 0.993585
1432.099786 414.937461 -46.799025 0.100213 -0.024723 0.044859 -0.099822 0.993686
1432.199624 415.083557 -46.822058 0.095836 -0.025751 0.045069 -0.099474 0.993685
1432.299466 415.221753 -46.844915 0.088875 -0.026819 0.047284 -0.099452 0.993556
1432.399301 415.353242 -46.867941 0.078313 -0.028485 0.050459 -0.099507 0.993348
1432.499149 415.500947 -46.890009 0.067096 -0.029383 0.051507 -0.099627 0.993256
1432.599797 415.669346 -46.911121 0.058869 -0.035696 0.049807 -0.100045 0.993094
1432.699653 415.839604 -46.933142 0.053099 -0.041844 0.048230 -0.099892 0.992947
1432.799483 415.999016 -46.952018 0.048536 -0.044071 0.045396 -0.099813 0.992993
1432.899319 416.147813 -46.967809 0.039620 -0.044064 0.043409 -0.099510 0.993112
1432.999162 416.297758 -46.979810 0.023189 -0.042210 0.045118 -0.099659 0.993102
1433.099803 416.457249 -46.990774 0.005894 -0.040239 0.046177 -0.099820 0.993119
1433.199641 416.611839 -46.996878 -0.010330 -0.040116 0.045837 -0.100101 0.993111
1433.299475 416.762577 -47.000648 -0.020575 -0.039270 0.045865 -0.100651 0.993088
1433.399308 416.909545 -47.003569 -0.022792 -0.030972 0.047481 -0.102067 0.993161
1433.499129 417.068120 -47.004836 -0.032813 -0.027013 0.038587 -0.101286 0.993742
1433.599770 417.231866 -47.009771 -0.040750 -0.025586 0.035610 -0.101091 0.993910
1433.699610 417.389927 -47.013448 -0.048198 -0.025994 0.035232 -0.100985 0.993924
1433.799436 417.547241 -47.014263 -0.057876 -0.027242 0.036050 -0.100842 0.993876
1433.899287 417.695857 -47.014838 -0.063744 -0.026575 0.035807 -0.100662 0.993921
1433.999123 417.839003 -47.015950 -0.065160 -0.028153 0.036975 -0.100615 0.993839
1434.099749 417.978358 -47.017908 -0.066363 -0.027969 0.038980 -0.100515 0.993778
1434.199581 418.103097 -47.018467 -0.069461 -0.027015 0.038755 -0.100571 0.993808
1434.299413 418.230765 -47.019491 -0.071803 -0.027381 0.037542 -0.100497 0.993852
1434.399249 418.369668 -47.020045 -0.079518 -0.027263 0.037125 -0.100616 0.993859
1434.499486 418.511882 -47.019176 -0.090361 -0.026529 0.037611 -0.100778 0.993844
1434.599310 418.648568 -47.019192 -0.098022 -0.025974 0.036221 -0.100751 0.993913
1434.699145 418.776344 -47.022165 -0.100483 -0.024841 0.034421 -0.101004 0.993980
1434.799789 418.903645 -47.025845 -0.102407 -0.024288 0.035023 -0.101815 0.993890
1434.899624 419.016819 -47.027769 -0.104540 -0.022143 0.035309 -0.101786 0.993933
1434.999459 419.122449 -47.030849 -0.103947 -0.022510 0.034511 -0.101451 0.993987
1435.099310 419.235085 -47.036524 -0.102174 -0.024479 0.035607 -0.101096 0.993938
1435.199144 419.340012 -47.041341 -0.104146 -0.023232 0.038933 -0.100801 0.993873
1435.299790 419.452014 -47.044073 -0.106350 -0.025332 0.039406 -0.100915 0.993792
1435.399630 419.567867 -47.047572 -0.110332 -0.027168 0.038486 -0.101445 0.993725
1435.499450 419.676045 -47.052245 -0.109483 -0.026832 0.037939 -0.101991 0.993699
1435.599288 419.782260 -47.058878 -0.104998 -0.031062 0.038396 -0.103402 0.993413
1435.699128 419.878952 -47.066431 -0.114140 -0.022955 0.010792 -0.103438 0.994312
1435.799779 419.967345 -47.073785 -0.139251 -0.015121 -0.009437 -0.102318 0.994592
1435.899616 420.048913 -47.077357 -0.148286 -0.017963 -0.001781 -0.102401 0.994579
1435.999465 420.128478 -47.082861 -0.137424 -0.022608 0.008082 -0.102237 0.994470
1436.099318 420.206965 -47.094503 -0.131391 -0.024539 0.016179 -0.102011 0.994349
1436.199151 420.283361 -47.106334 -0.132091 -0.024568 0.019081 -0.101726 0.994326
1436.299790 420.348815 -47.115765 -0.132456 -0.023495 0.022489 -0.101634 0.994290
1436.399616 420.405221 -47.125172 -0.138337 -0.023450 0.027135 -0.101645 0.994174
1436.499449 420.459662 -47.127477 -0.147244 -0.023448 0.034979 -0.101855 0.993908
1436.599281 420.512989 -47.141637 -0.149396 -0.023518 0.043024 -0.101903 0.993585
1436.699114 420.559551 -47.160289 -0.152915 -0.022587 0.052185 -0.101884 0.993170
1436.799740 420.606276 -47.176397 -0.158197 -0.022669 0.061124 -0.101826 0.992664
1436.899591 420.667331 -47.187815 -0.165102 -0.022370 0.067439 -0.101857 0.992258
1436.999430 420.735249 -47.201124 -0.168588 -0.022346 0.070624 -0.101408 0.992083
1437.099276 420.812682 -47.218601 -0.169942 -0.022859 0.073120 -0.101161 0.991916
1437.199517 420.905613 -47.240090 -0.173553 -0.024947 0.072568 -0.101225 0.991900
1437.299357 421.002062 -47.261951 -0.179765 -0.026107 0.071661 -0.101342 0.991924
1437.399185 421.102559 -47.284120 -0.188914 -0.024344 0.073652 -0.101152 0.991842
1437.499813 421.212175 -47.312158 -0.195410 -0.021962 0.078141 -0.100811 0.991589
1437.599652 421.326472 -47.343941 -0.197612 -0.020690 0.083207 -0.100179 0.991268
1437.699498 421.445497 -47.370457 -0.198757 -0.021061 0.085216 -0.099619 0.991146
1437.799331 421.561745 -47.394238 -0.203946 -0.022157 0.084108 -0.098908 0.991288
1437.899169 421.682672 -47.420009 -0.208395 -0.023431 0.082770 -0.099113 0.991351
1437.999806 421.814092 -47.451926 -0.213283 -0.025047 0.079703 -0.099612 0.991513
1438.099641 421.949885 -47.486203 -0.212570 -0.023722 0.076980 -0.100212 0.991700
1438.199491 422.083030 -47.521889 -0.214052 -0.022891 0.073067 -0.100535 0.991983
1438.299330 422.213729 -47.555083 -0.214257 -0.024066 0.066687 -0.100473 0.992411
1438.399162 422.351493 -47.586824 -0.210499 -0.027194 0.061697 -0.100152 0.992685
1438.499804 422.489340 -47.618280 -0.205613 -0.027951 0.059734 -0.099935 0.992806
1438.599653 422.639304 -47.650927 -0.210759 -0.027678 0.060749 -0.100006 0.992745
1438.699495 422.803108 -47.688879 -0.229990 -0.026277 0.060142 -0.099915 0.992829
1438.799330 422.973854 -47.728307 -0.252507 -0.026296 0.055366 -0.099947 0.993103
1438.899164 423.143441 -47.767801 -0.268804 -0.026414 0.049245 -0.099433 0.993474
1438.999800 423.299103 -47.803804 -0.285228 -0.026590 0.046183 -0.099349 0.993625
1439.099647 423.456061 -47.838971 -0.308761 -0.026450 0.047677 -0.099271 0.993566
1439.199483 423.624817 -47.876523 -0.345695 -0.027176 0.051401 -0.099066 0.993381
1439.299328 423.798115 -47.915445 -0.385769 -0.027191 0.053166 -0.099093 0.993285
1439.399177 423.965089 -47.954338 -0.429128 -0.027126 0.053343 -0.098929 0.993293
1439.499814 424.128474 -47.992397 -0.464158 -0.026209 0.050411 -0.098935 0.993471
1439.599660 424.295403 -48.031975 -0.492386 -0.024736 0.049026 -0.098587 0.993612
1439.699508 424.447403 -48.069525 -0.520632 -0.024173 0.052110 -0.098323 0.993495
1439.799349 424.607298 -48.106071 -0.549186 -0.024736 0.058614 -0.098147 0.993136
1439.899197 424.774472 -48.141950 -0.576504 -0.026211 0.064569 -0.098205 0.992723
1439.999835 424.942265 -48.180272 -0.600380 -0.027901 0.065948 -0.098277 0.992579
1440.099659 425.109662 -48.219234 -0.623059 -0.028129 0.062665 -0.097953 0.992818
1440.199485 425.275273 -48.254105 -0.641177 -0.026293 0.060822 -0.097849 0.992993
1440.299323 425.447060 -48.291107 -0.649779 -0.025201 0.059543 -0.097368 0.993146
1440.399161 425.614801 -48.326636 -0.655370 -0.027089 0.058550 -0.097145 0.993177
1440.499801 425.794067 -48.366649 -0.663008 -0.028701 0.057661 -0.096782 0.993219
1440.599640 425.973449 -48.404696 -0.670742 -0.029424 0.056793 -0.097121 0.993215
1440.699465 426.148416 -48.436871 -0.677269 -0.036356 0.054366 -0.098106 0.993025
1440.799304 426.323839 -48.464131 -0.686285 -0.043939 0.053421 -0.099104 0.992670
1440.899144 426.500153 -48.489785 -0.698738 -0.046819 0.054390 -0.099518 0.992444
1440.999797 426.682288 -48.520082 -0.705722 -0.046120 0.054605 -0.099548 0.992462
1441.099633 426.867454 -48.546237 -0.705357 -0.046231 0.053205 -0.099893 0.992498
1441.199481 427.057298 -48.566567 -0.703220 -0.046019 0.050436 -0.100066 0.992636
1441.299310 427.242708 -48.579753 -0.700318 -0.042909 0.047535 -0.099944 0.992930
1441.399144 427.431867 -48.591577 -0.702266 -0.040129 0.045916 -0.100172 0.993100
1441.499781 427.608724 -48.600710 -0.709319 -0.034184 0.047050 -0.100342 0.993252
1441.599623 427.776510 -48.610483 -0.720387 -0.029535 0.049179 -0.100518 0.993280
1441.699469 427.943587 -48.620667 -0.727919 -0.028661 0.050884 -0.100480 0.993224
1441.799308 428.109459 -48.628014 -0.732436 -0.028016 0.049688 -0.100231 0.993328
1441.899149 428.279808 -48.634967 -0.735857 -0.027210 0.049438 -0.100165 0.993369
1441.999784 428.438231 -48.641697 -0.736627 -0.027888 0.047471 -0.100043 0.993459
1442.099631 428.598962 -48.650424 -0.739684 -0.027915 0.045106 -0.099860 0.993587
1442.199472 428.765663 -48.659848 -0.744361 -0.027552 0.043502 -0.099587 0.993696
1442.299323 428.932627 -48.671456 -0.749081 -0.026484 0.043157 -0.099475 0.993751
1442.399159 429.097192 -48.682652 -0.752297 -0.024864 0.042300 -0.099308 0.993846
1442.499794 429.261187 -48.696963 -0.757084 -0.026086 0.042400 -0.099014 0.993840
1442.599631 429.424610 -48.709602 -0.766724 -0.026667 0.041306 -0.098913 0.993881
1442.699473 429.581573 -48.716812 -0.775038 -0.026110 0.041153 -0.099201 0.993873
1442.799318 429.737537 -48.726737 -0.777410 -0.026521 0.040663 -0.098982 0.993904
1442.899154 429.898829 -48.738935 -0.774628 -0.027850 0.041360 -0.099049 0.993833
1442.999783 430.063942 -48.750555 -0.777729 -0.029351 0.040567 -0.099648 0.993762
1443.099615 430.219902 -48.763943 -0.781827 -0.028010 0.039261 -0.099602 0.993858
1443.199454 430.368850 -48.775450 -0.789855 -0.026087 0.039613 -0.099769 0.993880
1443.299294 430.518361 -48.783616 -0.798550 -0.026174 0.041754 -0.099549 0.993812
1443.399135 430.666717 -48.794682 -0.801057 -0.027310 0.044345 -0.099013 0.993722
1443.499781 430.824005 -48.810027 -0.803731 -0.027740 0.044481 -0.098899 0.993716
1443.599626 430.971930 -48.826261 -0.806177 -0.027833 0.045435 -0.099080 0.993652
1443.699462 431.112917 -48.843268 -0.811628 -0.027243 0.047613 -0.099324 0.993542
1443.799307 431.248386 -48.854710 -0.820541 -0.026978 0.050533 -0.099644 0.993373
1443.899138 431.387934 -48.865399 -0.829647 -0.027062 0.051758 -0.099407 0.993331
1443.999790 431.542177 -48.880894 -0.841044 -0.027279 0.049905 -0.099054 0.993455
1444.099637 431.694441 -48.894909 -0.855673 -0.025426 0.046038 -0.098887 0.993708
1444.199475 431.839421 -48.910451 -0.864121 -0.024483 0.044111 -0.098563 0.993851
1444.299316 431.975233 -48.928184 -0.871111 -0.024171 0.048067 -0.098180 0.993713
1444.399182 432.098021 -48.943034 -0.875675 -0.025526 0.053836 -0.097865 0.993415
1444.499809 432.236021 -48.957499 -0.878201 -0.025771 0.056439 -0.097409 0.993309
1444.599657 432.381371 -48.974021 -0.879173 -0.027305 0.056711 -0.097352 0.993258
1444.699497 432.517275 -48.991585 -0.882645 -0.025643 0.058274 -0.097548 0.993192
1444.799340 432.656139 -49.008373 -0.889300 -0.024834 0.059469 -0.098282 0.993070
1444.899190 432.800325 -49.025963 -0.899401 -0.025978 0.059708 -0.098749 0.992980
1444.999837 432.947870 -49.043233 -0.902984 -0.025129 0.059004 -0.098954 0.993023
1445.099679 433.097135 -49.061233 -0.902767 -0.023549 0.057390 -0.098994 0.993152
1445.199508 433.243050 -49.080080 -0.897554 -0.023673 0.052391 -0.098650 0.993460
1445.299368 433.394888 -49.108027 -0.899459 -0.024392 0.049728 -0.098117 0.993632
1445.399184 433.553427 -49.129882 -0.906662 -0.025199 0.050964 -0.098203 0.993541
1445.499825 433.707082 -49.144512 -0.911058 -0.024199 0.047868 -0.098245 0.993716
1445.599662 433.859710 -49.168827 -0.911902 -0.024293 0.043113 -0.097559 0.993999
1445.699505 434.011407 -49.194584 -0.910039 -0.027414 0.041642 -0.097734 0.993963
1445.799345 434.149412 -49.216298 -0.910362 -0.030643 0.039278 -0.098248 0.993914
1445.899170 434.291826 -49.238009 -0.912271 -0.030454 0.041630 -0.098246 0.993825
1445.999817 434.424724 -49.257763 -0.919486 -0.028421 0.047132 -0.098767 0.993587
1446.099669 434.562998 -49.279336 -0.930179 -0.025677 0.050646 -0.098878 0.993478
1446.199514 434.707347 -49.301357 -0.946053 -0.025922 0.050022 -0.098720 0.993519
1446.299352 434.838189 -49.319070 -0.959429 -0.028081 0.047498 -0.098675 0.993589
1446.399180 434.968485 -49.336426 -0.976902 -0.029387 0.043760 -0.098881 0.993702
1446.499818 435.112021 -49.359267 -0.989014 -0.028479 0.043708 -0.098626 0.993756
1446.599667 435.249469 -49.383728 -0.998496 -0.027358 0.044598 -0.098638 0.993747
1446.699499 435.382420 -49.406803 -1.013099 -0.026419 0.042574 -0.098455 0.993879
1446.799336 435.513535 -49.429067 -1.028414 -0.028017 0.040116 -0.098497 0.993934
1446.899186 435.637107 -49.444836 -1.041414 -0.027756 0.043093 -0.098710 0.993795
1446.999829 435.766570 -49.460409 -1.051681 -0.026737 0.047025 -0.098888 0.993627
1447.099664 435.902394 -49.482062 -1.060062 -0.026598 0.049803 -0.099218 0.993463
1447.199502 436.038829 -49.506290 -1.067808 -0.024908 0.048774 -0.099725 0.993507
1447.299330 436.169804 -49.530193 -1.074100 -0.024613 0.047856 -0.099458 0.993585
1447.399158 436.303727 -49.552219 -1.080612 -0.028017 0.046439 -0.099196 0.993589
1447.499794 436.437527 -49.572022 -1.086045 -0.029951 0.044167 -0.098596 0.993696
1447.599629 436.567050 -49.591049 -1.094182 -0.028928 0.043031 -0.098221 0.993813
1447.699477 436.706849 -49.612931 -1.100986 -0.026839 0.042391 -0.098332 0.993888
1447.799319 436.843118 -49.637625 -1.104170 -0.027027 0.041159 -0.098497 0.993918
1447.899164 436.962488 -49.661739 -1.105880 -0.027919 0.038768 -0.098304 0.994009
1447.999798 437.084682 -49.682454 -1.108762 -0.027761 0.037939 -0.098023 0.994073
1448.099634 437.211456 -49.702633 -1.114336 -0.027910 0.036861 -0.097635 0.994148
1448.199479 437.329994 -49.720992 -1.114439 -0.028898 0.036134 -0.098057 0.994105
1448.299305 437.432703 -49.738433 -1.114991 -0.029520 0.037398 -0.098656 0.993980
1448.399144 437.536473 -49.758889 -1.121851 -0.030917 0.038889 -0.098802 0.993866
1448.499784 437.637447 -49.778506 -1.129731 -0.032127 0.038330 -0.098999 0.993830
1448.599622 437.735903 -49.797955 -1.134835 -0.032613 0.036598 -0.099022 0.993877
1448.699454 437.836839 -49.816454 -1.141932 -0.031253 0.038634 -0.099122 0.993834
1448.799285 437.951842 -49.835233 -1.154595 -0.029346 0.040623 -0.098893 0.993835
1448.899112 438.059567 -49.852496 -1.169327 -0.028221 0.039320 -0.098424 0.993967
1448.999752 438.165161 -49.871563 -1.178976 -0.029598 0.035958 -0.097868 0.994109
1449.099591 438.273650 -49.889105 -1.179262 -0.030236 0.032708 -0.097256 0.994262
1449.199425 438.384103 -49.905701 -1.179618 -0.028753 0.034564 -0.097013 0.994267
1449.299261 438.500084 -49.924672 -1.184512 -0.027345 0.040240 -0.097209 0.994074
1449.399505 438.617157 -49.943570 -1.194055 -0.026413 0.042937 -0.097168 0.993991
1449.499358 438.734209 -49.961234 -1.203622 -0.028566 0.042863 -0.096770 0.993973
1449.599194 438.836193 -49.975522 -1.214012 -0.032171 0.042062 -0.096561 0.993917
1449.699829 438.930467 -49.990839 -1.223893 -0.035490 0.043173 -0.096860 0.993728
1449.799660 439.029485 -50.006509 -1.229653 -0.035391 0.044111 -0.097560 0.993622
1449.899489 439.137424 -50.022879 -1.234566 -0.033862 0.045798 -0.098172 0.993538
1449.999327 439.241980 -50.035140 -1.241276 -0.033147 0.046877 -0.098943 0.993435
1450.099170 439.338103 -50.046334 -1.251929 -0.030772 0.049925 -0.099394 0.993318
1450.199795 439.433079 -50.056155 -1.259429 -0.028070 0.051299 -0.099654 0.993302
1450.299650 439.523015 -50.064473 -1.264337 -0.029448 0.053526 -0.100077 0.993102
1450.399490 439.607258 -50.072980 -1.270806 -0.028609 0.055499 -0.099828 0.993044
1450.499331 439.701166 -50.085091 -1.277402 -0.026103 0.057094 -0.099728 0.993032
1450.599168 439.797222 -50.097113 -1.282831 -0.023831 0.056634 -0.100088 0.993080
1450.699800 439.901061 -50.109193 -1.287941 -0.022296 0.056130 -0.100232 0.993129
1450.799625 440.007815 -50.121869 -1.294846 -0.024453 0.057454 -0.100031 0.993023
1450.899470 440.107705 -50.133087 -1.303331 -0.027375 0.057679 -0.099657 0.992971
1450.999311 440.219139 -50.144185 -1.310901 -0.027644 0.056672 -0.099339 0.993054
1451.099147 440.338509 -50.158104 -1.317538 -0.027428 0.055010 -0.099108 0.993176
1451.199779 440.455557 -50.174052 -1.325712 -0.027676 0.052188 -0.098837 0.993349
1451.299616 440.569378 -50.189999 -1.330728 -0.028376 0.050069 -0.098656 0.993456
1451.399451 440.690113 -50.208453 -1.332843 -0.028800 0.048101 -0.098589 0.993548
1451.499289 440.805908 -50.226112 -1.335314 -0.027608 0.047469 -0.098820 0.993589
1451.599143 440.917505 -50.241356 -1.340677 -0.026341 0.048413 -0.099122 0.993548
1451.699789 441.036609 -50.258370 -1.347523 -0.025145 0.051176 -0.099283 0.993424
1451.799630 441.159289 -50.277577 -1.354878 -0.025990 0.053760 -0.099265 0.993268
1451.899456 441.268041 -50.292950 -1.356519 -0.027159 0.054083 -0.099286 0.993217
1451.999291 441.378533 -50.310167 -1.359756 -0.028530 0.052952 -0.098766 0.993291
1452.099123 441.498431 -50.320907 -1.364591 -0.028190 0.051795 -0.098891 0.993349
1452.199757 441.613836 -50.339404 -1.371948 -0.027967 0.052236 -0.098703 0.993351
1452.299606 441.726181 -50.361471 -1.378105 -0.027193 0.052103 -0.098846 0.993366
1452.399433 441.837548 -50.379531 -1.382708 -0.025555 0.049928 -0.099263 0.993479
1452.499266 441.949411 -50.394100 -1.385538 -0.025123 0.050038 -0.100275 0.993383
1452.599510 442.062420 -50.409633 -1.383969 -0.026464 0.053384 -0.101260 0.993074
1452.699353 442.179729 -50.428764 -1.384448 -0.026290 0.054498 -0.101752 0.992968
1452.799187 442.299384 -50.452419 -1.389223 -0.026108 0.053504 -0.101940 0.993008
1452.899822 442.419640 -50.474183 -1.398086 -0.024994 0.053737 -0.101709 0.993047
1452.999651 442.545084 -50.495235 -1.403714 -0.026239 0.053805 -0.101238 0.993060
1453.099491 442.679385 -50.517024 -1.409581 -0.028654 0.053646 -0.100949 0.993031
1453.199318 442.806934 -50.534559 -1.417215 -0.030656 0.052866 -0.100657 0.993043
1453.299164 442.937813 -50.558961 -1.419191 -0.030679 0.052650 -0.100545 0.993065
1453.399814 443.074677 -50.585233 -1.421481 -0.027729 0.052088 -0.100156 0.993220
1453.499647 443.211177 -50.610442 -1.424895 -0.028410 0.050930 -0.100371 0.993239
1453.599493 443.358954 -50.637703 -1.427671 -0.028222 0.050070 -0.100594 0.993266
1453.699337 443.499756 -50.663356 -1.433059 -0.027868 0.049321 -0.100817 0.993291
1453.799178 443.627838 -50.684178 -1.436884 -0.026616 0.049556 -0.100917 0.993303
1453.899815 443.747535 -50.704341 -1.447568 -0.027127 0.052236 -0.101189 0.993124
1453.999657 443.870852 -50.728446 -1.460752 -0.028951 0.056305 -0.101317 0.992838
1454.099515 443.990772 -50.753357 -1.471073 -0.028549 0.056016 -0.101477 0.992849
1454.199345 444.107038 -50.777293 -1.474749 -0.028065 0.049828 -0.101422 0.993198
1454.299185 444.230062 -50.802229 -1.469920 -0.025587 0.045686 -0.100886 0.993519
1454.399807 444.359173 -50.828506 -1.464871 -0.023052 0.048788 -0.100608 0.993462
1454.499647 444.486184 -50.854444 -1.465722 -0.023786 0.052325 -0.100138 0.993312
1454.599489 444.621535 -50.880410 -1.471645 -0.025855 0.054407 -0.099785 0.993184
1454.699334 444.747520 -50.903603 -1.480277 -0.030896 0.055716 -0.099467 0.992999
1454.799173 444.874626 -50.930279 -1.486900 -0.032343 0.057491 -0.099319 0.992867
1454.899813 445.021268 -50.961337 -1.485878 -0.029825 0.055231 -0.099011 0.993105
1454.999641 445.165484 -50.989447 -1.479958 -0.028289 0.053702 -0.099374 0.993197
1455.099470 445.315048 -51.015399 -1.482946 -0.029240 0.052520 -0.099412 0.993229
1455.199303 445.453999 -51.041050 -1.493657 -0.032952 0.051777 -0.098910 0.993202
1455.299145 445.594660 -51.065606 -1.511278 -0.039645 0.050763 -0.098519 0.993049
1455.399786 445.747556 -51.090552 -1.524713 -0.043783 0.051515 -0.098733 0.992815
1455.499618 445.890871 -51.109987 -1.524872 -0.043167 0.052640 -0.099283 0.992728
1455.599470 446.028895 -51.126414 -1.519716 -0.040347 0.051818 -0.099648 0.992853
1455.699313 446.161836 -51.139122 -1.522510 -0.037665 0.049603 -0.099883 0.993048
1455.799156 446.304131 -51.155362 -1.531713 -0.035547 0.046717 -0.100125 0.993242
1455.899775 446.451008 -51.170171 -1.544875 -0.035508 0.046117 -0.100503 0.993233
1455.999618 446.594603 -51.181487 -1.549701 -0.035302 0.046971 -0.100751 0.993175
1456.099456 446.726892 -51.189111 -1.552716 -0.035176 0.046734 -0.100644 0.993202
1456.199289 446.856606 -51.195614 -1.553951 -0.036929 0.046401 -0.100421 0.993176
1456.299130 446.996870 -51.199051 -1.553106 -0.038095 0.047684 -0.100267 0.993087
1456.399772 447.135112 -51.203473 -1.553047 -0.036248 0.050245 -0.100095 0.993047
1456.499613 447.274651 -51.213947 -1.559666 -0.035840 0.051290 -0.099299 0.993088
1456.599450 447.404730 -51.219146 -1.563760 -0.036955 0.051395 -0.098601 0.993112
1456.699293 447.529611 -51.218033 -1.568303 -0.037395 0.048861 -0.098022 0.993280
1456.799122 447.654316 -51.217175 -1.572860 -0.035748 0.045489 -0.097671 0.993536
1456.899768 447.786816 -51.218967 -1.573626 -0.030910 0.043572 -0.097592 0.993792
1456.999617 447.919045 -51.220847 -1.574305 -0.026857 0.043680 -0.098075 0.993857
1457.099453 448.052086 -51.221321 -1.580496 -0.027106 0.045754 -0.099483 0.993617
1457.199298 448.191361 -51.220539 -1.588108 -0.028144 0.047104 -0.100693 0.993403
1457.299146 448.334149 -51.223229 -1.591982 -0.027624 0.044734 -0.101352 0.993460
1457.399773 448.470762 -51.223770 -1.587983 -0.027361 0.042492 -0.101861 0.993514
1457.499612 448.612494 -51.230052 -1.589675 -0.025888 0.045496 -0.101593 0.993448
1457.599457 448.745901 -51.233386 -1.594640 -0.024512 0.047720 -0.101118 0.993427
1457.699287 448.876464 -51.240771 -1.602371 -0.024234 0.049070 -0.100768 0.993404
1457.799117 449.015737 -51.247848 -1.608976 -0.025553 0.048782 -0.101149 0.993346
1457.899758 449.157323 -51.256413 -1.610451 -0.026648 0.043783 -0.100832 0.993582
1457.999593 449.301008 -51.263164 -1.606820 -0.028097 0.039414 -0.100265 0.993783
1458.099425 449.433893 -51.269718 -1.605004 -0.030447 0.040655 -0.100113 0.993679
1458.199260 449.560145 -51.277025 -1.609039 -0.030594 0.041052 -0.100246 0.993644
1458.299509 449.677084 -51.283741 -1.619821 -0.028190 0.043105 -0.101169 0.993535
1458.399343 449.800281 -51.293559 -1.631479 -0.026681 0.042583 -0.102216 0.993492
1458.499191 449.932647 -51.304893 -1.633527 -0.026705 0.042118 -0.102845 0.993446
1458.599822 450.052095 -51.311682 -1.628495 -0.025292 0.042181 -0.103051 0.993459
1458.699663 450.160247 -51.317661 -1.629137 -0.025341 0.041083 -0.102676 0.993543
1458.799510 450.268689 -51.327370 -1.632312 -0.029456 0.043716 -0.102695 0.993315
1458.899353 450.378794 -51.337775 -1.637438 -0.032232 0.046997 -0.102674 0.993081
1458.999212 450.488390 -51.349338 -1.641268 -0.031178 0.046111 -0.102288 0.993196
1459.099445 450.603460 -51.359199 -1.642443 -0.028649 0.043092 -0.101855 0.993452
1459.199280 450.730936 -51.369903 -1.645437 -0.026892 0.040856 -0.101297 0.993653
1459.299115 450.849088 -51.380814 -1.650263 -0.026832 0.040613 -0.101264 0.993668
1459.399746 450.963563 -51.393058 -1.656580 -0.028248 0.043381 -0.101251 0.993513
1459.499590 451.086681 -51.406063 -1.663001 -0.029963 0.043456 -0.101295 0.993455
1459.599433 451.205650 -51.418146 -1.667552 -0.030374 0.043367 -0.101301 0.993446
1459.699275 451.298878 -51.427669 -1.672940 -0.028922 0.042428 -0.101296 0.993530
1459.799523 451.398097 -51.437971 -1.678398 -0.030443 0.043268 -0.101787 0.993398
1459.899369 451.501781 -51.447722 -1.683735 -0.031857 0.046414 -0.102478 0.993141
1459.999211 451.595187 -51.454331 -1.689040 -0.030835 0.048685 -0.102384 0.993074
1460.099451 451.676545 -51.460519 -1.693093 -0.032295 0.048331 -0.101905 0.993094
1460.199296 451.764892 -51.463782 -1.688876 -0.033730 0.047654 -0.101777 0.993093
1460.299134 451.867954 -51.472191 -1.686786 -0.033813 0.045457 -0.101392 0.993232
1460.399781 451.974144 -51.483804 -1.688939 -0.032081 0.043120 -0.100856 0.993448
1460.499615 452.082993 -51.497031 -1.693134 -0.029951 0.043194 -0.100714 0.993526
1460.599462 452.189995 -51.510272 -1.700842 -0.029171 0.042039 -0.100671 0.993603
1460.699299 452.299389 -51.521724 -1.703538 -0.027937 0.041677 -0.100678 0.993653
1460.799142 452.407616 -51.530722 -1.701888 -0.027766 0.042300 -0.100647 0.993635
1460.899778 452.510851 -51.535055 -1.700415 -0.029749 0.042711 -0.100402 0.993585
1460.999622 452.617295 -51.540196 -1.700240 -0.032922 0.041538 -0.100836 0.993490
1461.099490 452.727849 -51.551463 -1.702183 -0.032800 0.041323 -0.101502 0.993435
1461.199326 452.836502 -51.567162 -1.706854 -0.029248 0.041939 -0.102106 0.993459
1461.299163 452.941137 -51.579007 -1.707634 -0.027509 0.041976 -0.102846 0.993430
1461.399802 453.046090 -51.587642 -1.707057 -0.026545 0.043006 -0.103385 0.993357
1461.499645 453.146014 -51.594673 -1.712159 -0.027245 0.043686 -0.103488 0.993297
1461.599483 453.233983 -51.602265 -1.716327 -0.027482 0.044650 -0.103335 0.993264
1461.699327 453.318896 -51.612963 -1.717838 -0.027871 0.044084 -0.103048 0.993308
1461.799164 453.407997 -51.624835 -1.719384 -0.028832 0.043311 -0.102901 0.993330
1461.899803 453.509676 -51.636748 -1.719968 -0.029786 0.043245 -0.102922 0.993302
1461.999639 453.608228 -51.647839 -1.718924 -0.030022 0.045660 -0.102783 0.993202
1462.099463 453.702393 -51.658826 -1.721707 -0.030077 0.047354 -0.102675 0.993132
1462.199298 453.796490 -51.670616 -1.722578 -0.029669 0.049763 -0.102462 0.993048
1462.299139 453.892264 -51.681266 -1.724429 -0.028847 0.049869 -0.102515 0.993062
1462.399773 453.985121 -51.694242 -1.726295 -0.029604 0.046379 -0.102159 0.993245
1462.499609 454.064536 -51.703750 -1.727813 -0.031097 0.043588 -0.102141 0.993328
1462.599451 454.147333 -51.712979 -1.731190 -0.032620 0.043410 -0.102118 0.993289
1462.699292 454.237087 -51.725877 -1.735069 -0.031868 0.045562 -0.101934 0.993236
1462.799148 454.333632 -51.737636 -1.734982 -0.029662 0.047532 -0.101977 0.993208
1462.899794 454.425750 -51.747933 -1.738766 -0.028784 0.048423 -0.102407 0.993146
1462.999641 454.509742 -51.759625 -1.745946 -0.028592 0.049472 -0.102048 0.993137
1463.099489 454.595577 -51.772707 -1.753190 -0.028220 0.050208 -0.102029 0.993113
1463.199345 454.698022 -51.786660 -1.760220 -0.028458 0.052195 -0.101976 0.993009
1463.299191 454.801385 -51.801594 -1.769661 -0.028536 0.055191 -0.101982 0.992844
1463.399814 454.896287 -51.814872 -1.778998 -0.028372 0.056510 -0.101896 0.992783
1463.499649 455.000616 -51.826757 -1.779781 -0.028293 0.055453 -0.101778 0.992857
1463.599506 455.112820 -51.844779 -1.780049 -0.028216 0.054288 -0.101529 0.992949
1463.699339 455.220361 -51.864158 -1.792119 -0.027060 0.056695 -0.101590 0.992841
1463.799182 455.321623 -51.880987 -1.805475 -0.026735 0.058828 -0.101695 0.992715
1463.899814 455.430233 -51.897998 -1.812091 -0.027062 0.059197 -0.101169 0.992738
1463.999650 455.533996 -51.917197 -1.816598 -0.028149 0.057432 -0.100759 0.992853
1464.099496 455.647466 -51.938687 -1.824169 -0.029808 0.054831 -0.100580 0.992970
1464.199338 455.762834 -51.958756 -1.829334 -0.029580 0.050231 -0.100433 0.993235
1464.299193 455.875524 -51.976844 -1.825986 -0.028288 0.048324 -0.100711 0.993339
1464.399834 455.990479 -51.995895 -1.821496 -0.027625 0.049143 -0.100784 0.993310
1464.499684 456.095309 -52.012222 -1.832239 -0.028777 0.050112 -0.101401 0.993166
1464.599530 456.199272 -52.030108 -1.848807 -0.029905 0.049478 -0.102035 0.993099
1464.699384 456.320192 -52.054498 -1.866374 -0.028345 0.049170 -0.101991 0.993165
1464.799223 456.438018 -52.078454 -1.879595 -0.028380 0.050610 -0.101860 0.993105
1464.899460 456.553177 -52.101054 -1.888511 -0.028834 0.053004 -0.101777 0.992976
1464.999280 456.672680 -52.122320 -1.894272 -0.027987 0.055302 -0.101632 0.992889
1465.099113 456.798405 -52.144162 -1.899983 -0.027260 0.055557 -0.101870 0.992871
1465.199752 456.923449 -52.165594 -1.912880 -0.026284 0.054942 -0.101862 0.992932
1465.299577 457.060831 -52.191223 -1.930571 -0.028288 0.054283 -0.101874 0.992912
1465.399424 457.197324 -52.216648 -1.946998 -0.028804 0.053803 -0.102345 0.992875
1465.499268 457.318266 -52.238277 -1.954218 -0.028914 0.056027 -0.102662 0.992716
1465.599500 457.442594 -52.261343 -1.958929 -0.032003 0.055683 -0.102662 0.992641
1465.699343 457.564454 -52.284718 -1.967436 -0.037089 0.054337 -0.102556 0.992549
1465.799170 457.684438 -52.306365 -1.976201 -0.035871 0.051451 -0.102327 0.992772
1465.899806 457.817323 -52.328799 -1.985395 -0.033864 0.050089 -0.102370 0.992907
1465.999633 457.945766 -52.350026 -1.995935 -0.032179 0.051806 -0.102579 0.992854
1466.099484 458.064818 -52.368480 -2.001292 -0.031142 0.054192 -0.102956 0.992720
1466.199322 458.177855 -52.386062 -2.005088 -0.030713 0.053964 -0.103235 0.992717
1466.299163 458.295281 -52.405351 -2.011267 -0.032692 0.052987 -0.103374 0.992692
1466.399795 458.424323 -52.428736 -2.019539 -0.032895 0.053694 -0.103690 0.992614
1466.499629 458.561511 -52.449991 -2.028916 -0.034919 0.051390 -0.103529 0.992684
1466.599477 458.699725 -52.467026 -2.044972 -0.037179 0.051212 -0.103209 0.992644
1466.699299 458.830784 -52.476558 -2.062324 -0.040936 0.055156 -0.102804 0.992327
1466.799131 458.968754 -52.486821 -2.079330 -0.041161 0.058021 -0.102737 0.992162
1466.899778 459.117539 -52.504855 -2.089226 -0.039018 0.055545 -0.102718 0.992392
1466.999627 459.261612 -52.525117 -2.093181 -0.038212 0.052980 -0.102969 0.992537
1467.099463 459.407488 -52.542623 -2.101462 -0.035375 0.052079 -0.103494 0.992636
1467.199295 459.548934 -52.551101 -2.114099 -0.032511 0.054017 -0.103783 0.992600
1467.299126 459.697398 -52.560275 -2.128933 -0.031577 0.057279 -0.104151 0.992408
1467.399767 459.849486 -52.565803 -2.141967 -0.034692 0.057221 -0.104894 0.992230
1467.499598 459.988002 -52.568657 -2.143126 -0.036612 0.053715 -0.104665 0.992381
1467.599432 460.126517 -52.576176 -2.135217 -0.039662 0.054608 -0.104622 0.992219
1467.699271 460.259558 -52.586855 -2.134975 -0.041983 0.056590 -0.104144 0.992063
1467.799513 460.400341 -52.589554 -2.148151 -0.042423 0.060925 -0.104208 0.991781
1467.899355 460.541582 -52.587968 -2.165524 -0.036863 0.062404 -0.104217 0.991910
1467.999210 460.685379 -52.589301 -2.178865 -0.030105 0.059903 -0.103855 0.992330
1468.099450 460.828087 -52.590584 -2.183224 -0.026334 0.054910 -0.103429 0.992771
1468.199290 460.977393 -52.591816 -2.182065 -0.026748 0.053847 -0.103296 0.992832
1468.299125 461.134807 -52.595688 -2.184729 -0.028206 0.053515 -0.102892 0.992851
1468.399760 461.290360 -52.602638 -2.187751 -0.027156 0.053388 -0.103337 0.992841
1468.499613 461.441301 -52.609322 -2.190242 -0.023986 0.052955 -0.105045 0.992767
1468.599453 461.595454 -52.615270 -2.196373 -0.022981 0.050197 -0.105653 0.992869
1468.699296 461.749910 -52.621664 -2.201922 -0.022886 0.047874 -0.106275 0.992920
1468.799151 461.896676 -52.627342 -2.205846 -0.027843 0.046628 -0.106751 0.992802
1468.899786 462.037626 -52.637196 -2.208832 -0.029121 0.047214 -0.106521 0.992762
1468.999634 462.180666 -52.650079 -2.210817 -0.027421 0.046528 -0.105999 0.992898
1469.099481 462.330179 -52.662226 -2.212559 -0.027413 0.044990 -0.105954 0.992974
1469.199322 462.471225 -52.672724 -2.217278 -0.028816 0.044894 -0.106104 0.992923
1469.299170 462.619261 -52.683755 -2.223734 -0.031155 0.043916 -0.105521 0.992958
1469.399824 462.766870 -52.696394 -2.225059 -0.031123 0.043390 -0.105230 0.993013
1469.499658 462.908719 -52.709750 -2.230525 -0.028887 0.044552 -0.105404 0.993011
1469.599505 463.046066 -52.723422 -2.239275 -0.028594 0.043903 -0.106227 0.992961
1469.699347 463.185207 -52.736718 -2.242996 -0.027668 0.041370 -0.106590 0.993057
1469.799190 463.322828 -52.747838 -2.243143 -0.027373 0.038836 -0.107087 0.993114
1469.899824 463.463123 -52.759845 -2.242416 -0.025702 0.038614 -0.108261 0.993040
1469.999654 463.594158 -52.773618 -2.249342 -0.026993 0.038576 -0.109822 0.992836
1470.099497 463.726159 -52.791402 -2.253945 -0.026043 0.039523 -0.111265 0.992663
1470.199329 463.849191 -52.806761 -2.258983 -0.023987 0.039191 -0.113607 0.992463
1470.299164 463.964799 -52.820832 -2.264045 -0.024293 0.035917 -0.116721 0.992218
1470.399789 464.079913 -52.833662 -2.259333 -0.028489 0.034416 -0.118544 0.991943
1470.499611 464.189263 -52.852268 -2.253568 -0.027591 0.037682 -0.120378 0.991629
1470.599448 464.304755 -52.874698 -2.256651 -0.027127 0.039558 -0.122999 0.991247
1470.699296 464.427530 -52.898093 -2.261486 -0.024081 0.040593 -0.126322 0.990866
1470.799157 464.539559 -52.917851 -2.268275 -0.024594 0.039535 -0.129484 0.990488
1470.899798 464.657931 -52.936821 -2.267180 -0.026522 0.039458 -0.130953 0.990248
1470.999648 464.779178 -52.956818 -2.261027 -0.027679 0.041291 -0.131314 0.990094
1471.099509 464.905243 -52.979732 -2.260714 -0.027866 0.043134 -0.131068 0.990043
1471.199343 465.032259 -53.003001 -2.270147 -0.028012 0.044390 -0.130951 0.989998
1471.299186 465.146638 -53.026421 -2.281763 -0.028623 0.043972 -0.130586 0.990048
1471.399823 465.254956 -53.050232 -2.286808 -0.029501 0.043177 -0.130157 0.990113
1471.499651 465.357693 -53.071396 -2.288556 -0.030746 0.041589 -0.129996 0.990165
1471.599481 465.459611 -53.089420 -2.287634 -0.031070 0.041251 -0.129812 0.990193
1471.699333 465.554808 -53.110121 -2.289022 -0.031302 0.041429 -0.129611 0.990204
1471.799162 465.648784 -53.130629 -2.290382 -0.031068 0.043610 -0.129776 0.990097
1471.899801 465.746911 -53.151915 -2.291220 -0.031317 0.043947 -0.129609 0.990096
1471.999636 465.840728 -53.171095 -2.294591 -0.031559 0.042946 -0.129563 0.990138
1472.099471 465.935450 -53.190071 -2.297731 -0.031718 0.042515 -0.129887 0.990109
1472.199311 466.029134 -53.206987 -2.302235 -0.030896 0.043497 -0.130141 0.990059
1472.299139 466.114525 -53.227259 -2.303649 -0.030191 0.044782 -0.130486 0.989978
1472.399780 466.205878 -53.247929 -2.303633 -0.030183 0.044699 -0.130717 0.989951
1472.499618 466.298503 -53.269311 -2.303278 -0.029922 0.044481 -0.130554 0.989991
1472.599451 466.384000 -53.288838 -2.303412 -0.030073 0.044888 -0.130390 0.989989
1472.699289 466.477722 -53.307882 -2.306286 -0.030145 0.044998 -0.130165 0.990012
1472.799144 466.579220 -53.327284 -2.306237 -0.030187 0.045242 -0.130027 0.990018
1472.899773 466.681488 -53.348988 -2.311370 -0.030275 0.046233 -0.130302 0.989933
1472.999626 466.782879 -53.371002 -2.315899 -0.030888 0.046965 -0.130590 0.989842
1473.099468 466.886115 -53.393301 -2.319790 -0.031227 0.047445 -0.130853 0.989773
1473.199306 466.981704 -53.414168 -2.322464 -0.030306 0.046198 -0.130881 0.989857
1473.299135 467.075231 -53.433560 -2.322603 -0.028976 0.044894 -0.130635 0.989990
1473.399770 467.164582 -53.451874 -2.323913 -0.031112 0.046104 -0.130328 0.989910
1473.499610 467.258603 -53.471126 -2.322151 -0.034614 0.048072 -0.130694 0.989652
1473.599442 467.358143 -53.487401 -2.325630 -0.036337 0.047732 -0.130712 0.989604
1473.699269 467.460080 -53.504517 -2.326797 -0.035179 0.046991 -0.130372 0.989726
1473.799500 467.554868 -53.520600 -2.326662 -0.033521 0.046568 -0.130226 0.989823
1473.899334 467.645674 -53.537221 -2.335492 -0.034642 0.046461 -0.130217 0.989790
1473.999163 467.728561 -53.553153 -2.348152 -0.035293 0.045979 -0.130308 0.989778
1474.099803 467.804583 -53.564193 -2.345759 -0.032930 0.044957 -0.130667 0.989859
1474.199638 467.874551 -53.571866 -2.339477 -0.033434 0.044726 -0.131076 0.989798
1474.299485 467.945617 -53.578487 -2.332644 -0.036985 0.045478 -0.131500 0.989581
1474.399335 468.029293 -53.585433 -2.332199 -0.040434 0.047871 -0.131820 0.989291
1474.499182 468.130966 -53.595651 -2.338966 -0.042498 0.048849 -0.132020 0.989130
1474.599824 468.235771 -53.610420 -2.346563 -0.041632 0.050684 -0.131899 0.989091
1474.699667 468.342783 -53.622033 -2.353491 -0.039573 0.052193 -0.131820 0.989107
1474.799508 468.447440 -53.628454 -2.356537 -0.037429 0.053492 -0.131448 0.989171
1474.899353 468.552356 -53.630832 -2.358213 -0.034206 0.054403 -0.131304 0.989257
1474.999185 468.661924 -53.633717 -2.360697 -0.031421 0.055424 -0.131500 0.989267
1475.099827 468.769193 -53.639937 -2.366458 -0.029044 0.057565 -0.131393 0.989231
1475.199652 468.870063 -53.645712 -2.370379 -0.028361 0.059904 -0.131479 0.989101
1475.299493 468.969205 -53.651868 -2.372240 -0.028919 0.060339 -0.131353 0.989075
1475.399359 469.076421 -53.661884 -2.376296 -0.028546 0.060618 -0.131172 0.989093
1475.499184 469.182574 -53.673513 -2.378245 -0.027235 0.060799 -0.130500 0.989208
1475.599823 469.293620 -53.682817 -2.380335 -0.026178 0.059619 -0.130336 0.989329
1475.699663 469.410955 -53.691823 -2.384427 -0.027297 0.056861 -0.130190 0.989481
1475.799500 469.529697 -53.701557 -2.388187 -0.029017 0.055497 -0.130675 0.989445
1475.899347 469.651850 -53.711769 -2.391594 -0.029739 0.053350 -0.131229 0.989469
1475.999202 469.767847 -53.727194 -2.391521 -0.029531 0.050814 -0.131620 0.989556
1476.099448 469.884956 -53.744354 -2.390383 -0.028008 0.049245 -0.132152 0.989609
1476.199282 469.999983 -53.760130 -2.392794 -0.025256 0.048934 -0.133418 0.989529
1476.299108 470.113045 -53.773304 -2.396752 -0.024394 0.048670 -0.135127 0.989332
1476.399731 470.231489 -53.790015 -2.401897 -0.023373 0.047588 -0.137284 0.989112
1476.499580 470.342817 -53.808303 -2.404090 -0.024736 0.045703 -0.138759 0.988962
1476.599418 470.466120 -53.830072 -2.401045 -0.027890 0.044406 -0.139461 0.988838
1476.699261 470.586328 -53.852315 -2.403807 -0.029353 0.043616 -0.139535 0.988821
1476.799515 470.709513 -53.874075 -2.407127 -0.029701 0.043262 -0.139419 0.988842
1476.899359 470.832433 -53.894635 -2.411193 -0.029799 0.044737 -0.139409 0.988775
1476.999202 470.944845 -53.913393 -2.415526 -0.029415 0.046586 -0.139585 0.988676
1477.099433 471.054821 -53.936279 -2.422801 -0.030436 0.046493 -0.139486 0.988664
1477.199272 471.152870 -53.957812 -2.424176 -0.031279 0.045905 -0.139583 0.988651
1477.299510 471.265038 -53.981701 -2.421178 -0.031182 0.046704 -0.139270 0.988661
1477.399342 471.374868 -54.002102 -2.420324 -0.030139 0.048553 -0.138855 0.988663
1477.499191 471.486028 -54.022759 -2.423259 -0.030460 0.050389 -0.138824 0.988565
1477.599828 471.605983 -54.046589 -2.429836 -0.031788 0.052018 -0.139129 0.988396
1477.699668 471.731405 -54.072021 -2.438019 -0.030436 0.053692 -0.139620 0.988280
1477.799514 471.856546 -54.099795 -2.440422 -0.029069 0.053997 -0.139863 0.988270
1477.899370 471.970308 -54.126873 -2.442169 -0.029088 0.053394 -0.139627 0.988336
1477.999219 472.077802 -54.153004 -2.441977 -0.030210 0.055236 -0.139082 0.988278
1478.099463 472.188315 -54.177318 -2.439146 -0.032106 0.059605 -0.138891 0.987991
1478.199310 472.300618 -54.201138 -2.438323 -0.032483 0.059003 -0.138663 0.988047
1478.299156 472.432221 -54.228452 -2.444847 -0.030041 0.056093 -0.138375 0.988334
1478.399807 472.571261 -54.260587 -2.453996 -0.028404 0.053002 -0.138291 0.988564
1478.499639 472.704883 -54.287229 -2.456278 -0.030246 0.053119 -0.138200 0.988516
1478.599476 472.827127 -54.312667 -2.454954 -0.032351 0.054951 -0.138359 0.988327
1478.699306 472.947661 -54.337372 -2.451694 -0.034362 0.055189 -0.138489 0.988228
1478.799144 473.068162 -54.358896 -2.448947 -0.035466 0.054948 -0.138800 0.988159
1478.899768 473.186573 -54.381930 -2.454535 -0.035182 0.053889 -0.138675 0.988245
1478.999597 473.312751 -54.402377 -2.459082 -0.038055 0.054158 -0.138273 0.988180
1479.099434 473.435299 -54.421236 -2.461575 -0.040663 0.053773 -0.138113 0.988119
1479.199280 473.553172 -54.438588 -2.461969 -0.039712 0.052771 -0.137984 0.988230
1479.299118 473.686525 -54.457952 -2.464342 -0.036755 0.052527 -0.138081 0.988344
1479.399749 473.821497 -54.477150 -2.465068 -0.038577 0.051932 -0.137963 0.988322
1479.499590 473.943897 -54.494725 -2.463741 -0.042074 0.050465 -0.137864 0.988270
1479.599444 474.075604 -54.504648 -2.467860 -0.043750 0.049690 -0.137649 0.988266
1479.699293 474.211297 -54.520613 -2.479143 -0.039853 0.050557 -0.137563 0.988399
1479.799124 474.342217 -54.535514 -2.491509 -0.033349 0.052537 -0.137691 0.988519
1479.899760 474.488835 -54.549231 -2.495965 -0.029043 0.054634 -0.137952 0.988504
1479.999598 474.642399 -54.559184 -2.492143 -0.027873 0.057172 -0.138200 0.988360
1480.099427 474.794997 -54.571978 -2.491857 -0.028553 0.057223 -0.137815 0.988391
1480.199253 474.942463 -54.589351 -2.495426 -0.028934 0.055660 -0.137265 0.988546
1480.299494 475.072326 -54.605718 -2.504121 -0.028032 0.054693 -0.136835 0.988686
1480.399338 475.210922 -54.620729 -2.512271 -0.030975 0.053066 -0.137175 0.988639
1480.499188 475.351769 -54.635735 -2.518903 -0.033244 0.052182 -0.137720 0.988537
1480.599824 475.485064 -54.649204 -2.514604 -0.033906 0.051985 -0.138303 0.988443
1480.699664 475.615021 -54.661503 -2.510349 -0.034222 0.052475 -0.138440 0.988387
1480.799504 475.753901 -54.674147 -2.515828 -0.034968 0.051965 -0.138120 0.988433
1480.899363 475.900526 -54.691890 -2.523711 -0.034482 0.053358 -0.137739 0.988429
1480.999202 476.037387 -54.710249 -2.529269 -0.032619 0.051773 -0.136967 0.988684
1481.099455 476.177084 -54.728888 -2.531854 -0.034029 0.049665 -0.136229 0.988846
1481.199290 476.317465 -54.745984 -2.536946 -0.034245 0.049571 -0.135646 0.988924
1481.299136 476.469870 -54.756962 -2.541962 -0.039431 0.047516 -0.136167 0.988760
1481.399780 476.624352 -54.768411 -2.550508 -0.041709 0.047196 -0.137113 0.988551
1481.499625 476.776607 -54.785458 -2.554554 -0.039940 0.050630 -0.137850 0.988352
1481.599454 476.928219 -54.800069 -2.553711 -0.036966 0.056393 -0.137987 0.988136
1481.699283 477.079599 -54.810642 -2.554781 -0.034795 0.058028 -0.138002 0.988118
1481.799129 477.214296 -54.819069 -2.567242 -0.035862 0.058429 -0.138104 0.988042
1481.899757 477.354465 -54.825529 -2.576069 -0.038460 0.060866 -0.138413 0.987754
1481.999584 477.496771 -54.831682 -2.580658 -0.037349 0.063416 -0.138542 0.987618
1482.099436 477.642707 -54.845129 -2.582552 -0.034664 0.064839 -0.138611 0.987614
1482.199277 477.785261 -54.850727 -2.587820 -0.029688 0.065411 -0.138955 0.987690
1482.299113 477.933561 -54.856673 -2.592912 -0.027554 0.063649 -0.138864 0.987880
1482.399743 478.079966 -54.867992 -2.598791 -0.026707 0.063095 -0.138747 0.987955
1482.499584 478.237157 -54.880017 -2.602140 -0.028839 0.063455 -0.139117 0.987820
1482.599423 478.389979 -54.893951 -2.606905 -0.028645 0.065516 -0.138858 0.987728
1482.699280 478.556242 -54.910498 -2.613120 -0.026177 0.066446 -0.138376 0.987802
1482.799121 478.727928 -54.926467 -2.616510 -0.024950 0.064959 -0.138019 0.987982
1482.899758 478.891601 -54.940783 -2.614300 -0.027137 0.060429 -0.137479 0.988287
1482.999616 479.058108 -54.954854 -2.610420 -0.028559 0.060353 -0.137259 0.988282
1483.099446 479.228657 -54.974855 -2.616424 -0.025674 0.063844 -0.137578 0.988098
1483.199288 479.396826 -54.994195 -2.627953 -0.025376 0.064605 -0.138627 0.987909
1483.299129 479.561911 -55.016131 -2.631731 -0.027915 0.063564 -0.139219 0.987825
1483.399766 479.725499 -55.036278 -2.626057 -0.030153 0.062805 -0.139618 0.987752
1483.499616 479.893305 -55.058964 -2.620322 -0.028438 0.062595 -0.140260 0.987725
1483.599462 480.056011 -55.084008 -2.620559 -0.026030 0.062674 -0.140518 0.987750
1483.699294 480.226926 -55.110754 -2.633973 -0.024378 0.064831 -0.140308 0.987682
1483.799136 480.397163 -55.138792 -2.651372 -0.025196 0.065863 -0.139604 0.987693
1483.899781 480.577562 -55.167218 -2.663521 -0.027016 0.067168 -0.139082 0.987631
1483.999624 480.771678 -55.194657 -2.664368 -0.031288 0.065186 -0.138653 0.987698
1484.099473 480.968726 -55.224820 -2.658793 -0.030454 0.064183 -0.138560 0.987803
1484.199320 481.162226 -55.260862 -2.658393 -0.025269 0.063793 -0.138873 0.987930
1484.299158 481.354736 -55.296616 -2.665261 -0.023042 0.063409 -0.139685 0.987895
1484.399790 481.545793 -55.331548 -2.677218 -0.025869 0.062667 -0.139947 0.987835
1484.499631 481.725457 -55.367530 -2.686573 -0.031949 0.061882 -0.140015 0.987697
1484.599470 481.908045 -55.397236 -2.684785 -0.036052 0.061388 -0.140391 0.987533
1484.699312 482.093359 -55.426324 -2.684687 -0.037620 0.058771 -0.140703 0.987590
1484.799149 482.280505 -55.459439 -2.691097 -0.036464 0.057644 -0.140548 0.987722
1484.899788 482.469983 -55.495747 -2.703448 -0.033873 0.059855 -0.139944 0.987768
1484.999626 482.653647 -55.531525 -2.705716 -0.033695 0.063954 -0.140392 0.987454
1485.099464 482.823909 -55.556046 -2.706820 -0.035443 0.064366 -0.141073 0.987269
1485.199307 483.004134 -55.582273 -2.707264 -0.037077 0.062381 -0.141150 0.987325
1485.299135 483.196813 -55.610530 -2.715928 -0.037782 0.062257 -0.141186 0.987301
1485.399771 483.394023 -55.638138 -2.727948 -0.036345 0.063920 -0.141220 0.987244
1485.499614 483.582672 -55.667757 -2.735348 -0.035004 0.064502 -0.141262 0.987248
1485.599453 483.779347 -55.697807 -2.738624 -0.037883 0.065456 -0.141483 0.987048
1485.699299 483.979318 -55.728527 -2.744818 -0.039444 0.065331 -0.141269 0.987025
1485.799139 484.194543 -55.758854 -2.749094 -0.040167 0.064058 -0.141008 0.987117
1485.899771 484.403453 -55.782682 -2.752811 -0.042456 0.062659 -0.141032 0.987108
1485.999609 484.601285 -55.807605 -2.757312 -0.042915 0.062919 -0.141058 0.987067
1486.099432 484.788209 -55.831190 -2.766600 -0.043860 0.062842 -0.141097 0.987025
1486.199256 484.980614 -55.847183 -2.777595 -0.043665 0.061356 -0.141037 0.987136
1486.299495 485.185240 -55.860893 -2.784265 -0.040323 0.059965 -0.141042 0.987363
1486.399329 485.392864 -55.876427 -2.786699 -0.034817 0.060493 -0.141491 0.987476
1486.499180 485.598618 -55.896089 -2.794558 -0.030588 0.058799 -0.141410 0.987730
1486.599814 485.807259 -55.914395 -2.801708 -0.029831 0.056482 -0.141586 0.987863
1486.699651 486.008120 -55.930357 -2.804397 -0.031083 0.053532 -0.141454 0.988008
1486.799490 486.198889 -55.947318 -2.804874 -0.030845 0.053439 -0.141264 0.988047
1486.899337 486.394435 -55.966021 -2.812978 -0.029667 0.056350 -0.141296 0.987917
1486.999184 486.607310 -55.987017 -2.824385 -0.028463 0.060408 -0.141413 0.987696
1487.099825 486.819545 -56.004266 -2.834911 -0.027588 0.063108 -0.141746 0.987504
1487.199678 487.023162 -56.026329 -2.838105 -0.027150 0.063437 -0.141668 0.987506
1487.299514 487.218122 -56.050989 -2.834639 -0.027930 0.062453 -0.141490 0.987573
1487.399354 487.410311 -56.073578 -2.844425 -0.028528 0.059218 -0.141362 0.987773
1487.499201 487.609776 -56.096197 -2.859554 -0.028480 0.056370 -0.141320 0.987947
1487.599428 487.818298 -56.122500 -2.865683 -0.028265 0.053947 -0.141427 0.988073
1487.699261 488.024872 -56.150314 -2.866379 -0.028327 0.052750 -0.141443 0.988134
1487.799502 488.235682 -56.177349 -2.871055 -0.028192 0.051370 -0.141174 0.988249
1487.899345 488.439581 -56.204680 -2.881008 -0.028612 0.051201 -0.141042 0.988265
1487.999196 488.639772 -56.231224 -2.889059 -0.028522 0.052040 -0.141062 0.988221
1488.099835 488.836450 -56.254194 -2.897695 -0.029173 0.052480 -0.141380 0.988133
1488.199669 489.037721 -56.285116 -2.901540 -0.029929 0.052935 -0.140895 0.988155
1488.299524 489.224781 -56.320290 -2.900024 -0.028669 0.053176 -0.140449 0.988243
1488.399354 489.409272 -56.353300 -2.905478 -0.028786 0.053276 -0.140724 0.988195
1488.499202 489.581825 -56.381692 -2.911758 -0.029013 0.052702 -0.140826 0.988205
1488.599456 489.767822 -56.409534 -2.917059 -0.032154 0.051476 -0.140864 0.988167
1488.699294 489.943902 -56.435414 -2.922484 -0.034959 0.051222 -0.140916 0.988077
1488.799136 490.114750 -56.461425 -2.926506 -0.037370 0.051356 -0.141131 0.987951
1488.899771 490.283752 -56.490682 -2.930285 -0.037522 0.052976 -0.141120 0.987862
1488.999614 490.458817 -56.516893 -2.937863 -0.037565 0.054157 -0.141125 0.987795
1489.099446 490.647359 -56.540181 -2.947738 -0.037973 0.055475 -0.141291 0.987683
1489.199287 490.826695 -56.562448 -2.953715 -0.039082 0.057067 -0.141341 0.987542
1489.299134 491.013113 -56.589190 -2.960707 -0.041554 0.057500 -0.141502 0.987393
1489.399780 491.208441 -56.613114 -2.965462 -0.040849 0.057827 -0.141631 0.987384
1489.499613 491.403791 -56.636674 -2.969093 -0.035316 0.058338 -0.141390 0.987602
1489.599452 491.593307 -56.659041 -2.973649 -0.030988 0.059046 -0.141670 0.987665
1489.699291 491.762412 -56.680504 -2.979999 -0.028992 0.059324 -0.141900 0.987676
1489.799125 491.929435 -56.702203 -2.985448 -0.029121 0.058296 -0.141811 0.987746
1489.899767 492.107739 -56.721448 -2.993261 -0.029066 0.057929 -0.141879 0.987760
1489.999607 492.289940 -56.742842 -3.000016 -0.028522 0.059442 -0.141887 0.987685
1490.099449 492.471607 -56.767197 -3.007320 -0.028718 0.058413 -0.141775 0.987757
1490.199295 492.657457 -56.794054 -3.012475 -0.028811 0.057508 -0.141916 0.987787
1490.299128 492.838025 -56.815811 -3.015881 -0.028776 0.057933 -0.141882 0.987768
1490.399772 493.024299 -56.840996 -3.026280 -0.029464 0.056352 -0.141819 0.987848
1490.499613 493.209478 -56.870136 -3.035767 -0.029335 0.055768 -0.141782 0.987890
1490.599444 493.394792 -56.896238 -3.050840 -0.030688 0.058097 -0.142201 0.987655
1490.699290 493.575041 -56.917665 -3.062589 -0.037669 0.060998 -0.142394 0.987210
1490.799141 493.747513 -56.939197 -3.060638 -0.045780 0.061964 -0.142254 0.986828
1490.899779 493.915980 -56.960388 -3.061003 -0.050793 0.060091 -0.142146 0.986714
1490.999622 494.092956 -56.980231 -3.071865 -0.054649 0.056543 -0.141808 0.986766
1491.099459 494.276654 -56.994038 -3.088199 -0.055495 0.053018 -0.141715 0.986928
1491.199302 494.456671 -57.004790 -3.099620 -0.053286 0.052152 -0.141422 0.987138
1491.299135 494.640566 -57.016978 -3.107559 -0.042773 0.051634 -0.141645 0.987644
1491.399779 494.819143 -57.028982 -3.118246 -0.034910 0.050266 -0.141917 0.987985
1491.499624 494.990776 -57.034729 -3.127633 -0.031569 0.047025 -0.142168 0.988221
1491.599478 495.162127 -57.037517 -3.138109 -0.031286 0.041143 -0.142167 0.988492
1491.699315 495.330404 -57.040801 -3.150618 -0.032122 0.037156 -0.142177 0.988622
1491.799153 495.497029 -57.050444 -3.165566 -0.032400 0.037985 -0.142135 0.988587
1491.899790 495.662766 -57.061876 -3.186383 -0.032306 0.041122 -0.142153 0.988462
1491.999626 495.825350 -57.066484 -3.206182 -0.031464 0.044253 -0.142393 0.988320
1492.099468 495.990359 -57.070930 -3.230927 -0.030523 0.045053 -0.142643 0.988277
1492.199305 496.147659 -57.077611 -3.253415 -0.029869 0.045029 -0.142623 0.988301
1492.299145 496.298795 -57.088878 -3.276756 -0.030281 0.043981 -0.142491 0.988355
1492.399779 496.446423 -57.094048 -3.302645 -0.031147 0.043762 -0.142960 0.988270
1492.499620 496.591284 -57.101653 -3.328894 -0.030454 0.045052 -0.143022 0.988224
1492.599466 496.736784 -57.113143 -3.357889 -0.030814 0.046298 -0.142765 0.988193
1492.699304 496.883281 -57.125109 -3.389323 -0.030296 0.048117 -0.142766 0.988122
1492.799150 497.035397 -57.138414 -3.423589 -0.030002 0.051289 -0.143122 0.987920
1492.899780 497.187414 -57.149343 -3.457248 -0.029671 0.052907 -0.143238 0.987828
1492.999616 497.336425 -57.162277 -3.486208 -0.029070 0.053578 -0.143083 0.987832
1493.099446 497.482216 -57.176872 -3.512084 -0.029447 0.055915 -0.143079 0.987692
1493.199285 497.620446 -57.192037 -3.532123 -0.028675 0.062440 -0.143133 0.987316
1493.299129 497.761549 -57.206548 -3.550179 -0.027491 0.069112 -0.143141 0.986903
1493.399767 497.906884 -57.222031 -3.560035 -0.027664 0.072697 -0.143163 0.986638
1493.499625 498.044818 -57.236818 -3.568783 -0.029225 0.070770 -0.142778 0.986789
1493.599469 498.187711 -57.254011 -3.579975 -0.029505 0.065899 -0.142014 0.987228
1493.699296 498.334353 -57.273307 -3.587636 -0.028863 0.060754 -0.141685 0.987624
1493.799145 498.495690 -57.296110 -3.595292 -0.028552 0.057119 -0.141582 0.987865
1493.899791 498.655826 -57.321377 -3.598452 -0.029372 0.056358 -0.141723 0.987864
1493.999633 498.808296 -57.346095 -3.595323 -0.030218 0.056759 -0.141782 0.987807
1494.099473 498.959039 -57.368669 -3.596309 -0.029608 0.057833 -0.141784 0.987763
1494.199312 499.116765 -57.389739 -3.599002 -0.029850 0.057254 -0.141871 0.987777
1494.299144 499.271929 -57.414653 -3.607753 -0.029002 0.056883 -0.141725 0.987845
1494.399788 499.430175 -57.442975 -3.618199 -0.029398 0.056898 -0.142038 0.987787
1494.499638 499.583782 -57.471727 -3.624408 -0.028607 0.058586 -0.142349 0.987667
1494.599487 499.734782 -57.499917 -3.621633 -0.029116 0.059295 -0.142410 0.987601
1494.699322 499.899182 -57.528625 -3.613621 -0.030002 0.058083 -0.142382 0.987651
1494.799167 500.060380 -57.558626 -3.615481 -0.030941 0.056586 -0.142111 0.987747
1494.899792 500.228384 -57.590783 -3.629015 -0.030763 0.058472 -0.142424 0.987598
1494.999634 500.393879 -57.624581 -3.639958 -0.029650 0.063941 -0.142596 0.987268
1495.099471 500.555705 -57.656902 -3.649807 -0.028888 0.069905 -0.142963 0.986834
1495.199309 500.718212 -57.688612 -3.656947 -0.030822 0.070032 -0.143105 0.986745
1495.299134 500.880461 -57.717378 -3.657925 -0.035978 0.067813 -0.142965 0.986746
1495.399788 501.050363 -57.748911 -3.663556 -0.041201 0.064555 -0.142682 0.986801
1495.499634 501.218491 -57.780484 -3.674329 -0.044666 0.062110 -0.142704 0.986804
1495.599484 501.390646 -57.811003 -3.681993 -0.045368 0.060169 -0.142496 0.986923
1495.699315 501.565734 -57.841111 -3.690975 -0.041721 0.059409 -0.142409 0.987142
1495.799161 501.731733 -57.870228 -3.704231 -0.036553 0.059577 -0.142179 0.987370
1495.899785 501.894461 -57.899914 -3.720828 -0.032690 0.062413 -0.142351 0.987305
1495.999643 502.059640 -57.927180 -3.731834 -0.029952 0.064978 -0.142714 0.987174
1496.099485 502.233077 -57.955216 -3.742834 -0.030648 0.062537 -0.142685 0.987315
1496.199324 502.405135 -57.981582 -3.749386 -0.032347 0.057673 -0.142663 0.987560
1496.299166 502.581675 -58.007211 -3.754067 -0.032177 0.053508 -0.142526 0.987820
1496.399794 502.762941 -58.035840 -3.755556 -0.030908 0.051726 -0.142515 0.987957
1496.499631 502.933356 -58.065219 -3.759896 -0.029364 0.053903 -0.142812 0.987845
1496.599480 503.099248 -58.095421 -3.769131 -0.029589 0.056365 -0.142822 0.987699
1496.699313 503.266668 -58.124290 -3.775318 -0.030788 0.057659 -0.143177 0.987536
1496.799161 503.446518 -58.153210 -3.778493 -0.032966 0.056369 -0.143217 0.987535
1496.899802 503.625088 -58.184832 -3.786903 -0.035835 0.053258 -0.143029 0.987635
1496.999639 503.803569 -58.217685 -3.797790 -0.038001 0.049248 -0.143046 0.987759
1497.099470 503.985189 -58.247140 -3.814909 -0.040827 0.048822 -0.143245 0.987639
1497.199327 504.160726 -58.271829 -3.829382 -0.045560 0.049596 -0.143163 0.987405
1497.299167 504.337020 -58.297879 -3.842266 -0.047666 0.049974 -0.142888 0.987327
1497.399825 504.511207 -58.319770 -3.855699 -0.045613 0.049715 -0.143208 0.987390
1497.499681 504.688313 -58.344052 -3.876049 -0.044310 0.051517 -0.143190 0.987360
1497.599527 504.859208 -58.367003 -3.900346 -0.042178 0.054509 -0.143068 0.987310
1497.699381 505.024185 -58.382302 -3.926191 -0.042832 0.054815 -0.143072 0.987265
1497.799225 505.172030 -58.390148 -3.954172 -0.045310 0.054714 -0.143560 0.987089
1497.899458 505.317929 -58.397743 -3.981042 -0.047423 0.056342 -0.143747 0.986870
1497.999286 505.470980 -58.408300 -4.009225 -0.045841 0.057406 -0.143643 0.986899
1498.099129 505.634205 -58.419579 -4.039880 -0.045255 0.058113 -0.143922 0.986844
1498.199773 505.806169 -58.428411 -4.071622 -0.045880 0.059445 -0.143943 0.986733
1498.299590 505.973037 -58.433017 -4.102311 -0.044632 0.060556 -0.143635 0.986767
1498.399445 506.132197 -58.432823 -4.126944 -0.044735 0.061652 -0.143792 0.986672
1498.499285 506.295982 -58.431083 -4.148273 -0.043728 0.062906 -0.143917 0.986620
1498.599120 506.462694 -58.428188 -4.165348 -0.041647 0.063881 -0.144247 0.986599
1498.699758 506.625696 -58.430554 -4.179611 -0.039217 0.065114 -0.144117 0.986637
1498.799598 506.793905 -58.430806 -4.191150 -0.036341 0.067758 -0.144297 0.986543
1498.899443 506.974410 -58.427413 -4.202565 -0.035115 0.069212 -0.144490 0.986458
1498.999281 507.165065 -58.428049 -4.213974 -0.033505 0.072133 -0.144431 0.986313
1499.099124 507.363282 -58.429814 -4.225466 -0.033961 0.072513 -0.144800 0.986216
1499.199763 507.562794 -58.434283 -4.235583 -0.033243 0.071854 -0.144814 0.986286
1499.299620 507.747111 -58.435799 -4.238683 -0.031428 0.070888 -0.144750 0.986425
1499.399458 507.929977 -58.439634 -4.244314 -0.030281 0.066909 -0.144542 0.986769
1499.499295 508.117711 -58.443858 -4.250928 -0.029944 0.062921 -0.144476 0.987052
1499.599143 508.303903 -58.447744 -4.254066 -0.030080 0.059635 -0.144735 0.987214
1499.699791 508.488162 -58.451871 -4.257767 -0.028619 0.061493 -0.145126 0.987086
1499.799623 508.678727 -58.459745 -4.254508 -0.028247 0.065243 -0.145648 0.986779
1499.899467 508.870488 -58.472127 -4.251694 -0.032048 0.066857 -0.146221 0.986470
1499.999298 509.067017 -58.486254 -4.257150 -0.034694 0.062201 -0.146397 0.986659
1500.099148 509.246757 -58.497303 -4.271991 -0.033507 0.052729 -0.146260 0.987271
1500.199783 509.438321 -58.509610 -4.286041 -0.033334 0.044900 -0.146078 0.987691
1500.299614 509.649122 -58.524978 -4.294384 -0.031885 0.040961 -0.146162 0.987898
1500.399456 509.848422 -58.537788 -4.301178 -0.032068 0.041514 -0.146434 0.987829
1500.499292 510.027201 -58.546090 -4.304260 -0.033468 0.043650 -0.146458 0.987686
1500.599138 510.196891 -58.553789 -4.306444 -0.034657 0.044299 -0.146197 0.987655
1500.699785 510.382325 -58.568130 -4.311036 -0.035660 0.042432 -0.146149 0.987709
1500.799625 510.570521 -58.584403 -4.321948 -0.032543 0.040979 -0.145801 0.987929
1500.899466 510.752734 -58.598754 -4.329728 -0.030027 0.043092 -0.145797 0.987919
1500.999306 510.915783 -58.610745 -4.333472 -0.029290 0.044796 -0.145380 0.987927
1501.099167 511.078771 -58.621801 -4.339312 -0.029384 0.047958 -0.145442 0.987767
1501.199810 511.256768 -58.640308 -4.347058 -0.031289 0.051721 -0.145608 0.987494
1501.299657 511.421280 -58.659239 -4.356638 -0.032254 0.055338 -0.145907 0.987223
1501.399496 511.587478 -58.672559 -4.363523 -0.030696 0.057384 -0.145982 0.987144
1501.499342 511.756387 -58.685257 -4.368751 -0.029494 0.058396 -0.146005 0.987118
1501.599187 511.915042 -58.705305 -4.373402 -0.029712 0.058399 -0.146058 0.987104
1501.699836 512.088756 -58.726337 -4.380039 -0.029249 0.058298 -0.146132 0.987113
1501.799682 512.246186 -58.744296 -4.383136 -0.031044 0.056929 -0.146124 0.987139
1501.899525 512.395353 -58.761015 -4.386697 -0.031267 0.056517 -0.146229 0.987140
1501.999359 512.549039 -58.780012 -4.390009 -0.032223 0.056458 -0.146343 0.987096
1502.099193 512.705710 -58.802073 -4.401300 -0.029588 0.059858 -0.146529 0.986950
1502.199825 512.880476 -58.829671 -4.420564 -0.027692 0.064182 -0.146686 0.986710
1502.299669 513.043884 -58.857060 -4.427410 -0.027431 0.067049 -0.146339 0.986578
1502.399514 513.210994 -58.884840 -4.430767 -0.028234 0.069837 -0.146233 0.986378
1502.499356 513.386535 -58.908516 -4.427993 -0.028794 0.070870 -0.146324 0.986275
1502.599197 513.558654 -58.935721 -4.428403 -0.028697 0.069781 -0.146157 0.986380
1502.699443 513.730502 -58.965350 -4.440774 -0.028912 0.065249 -0.146069 0.986697
1502.799269 513.888200 -58.997660 -4.453494 -0.029178 0.057643 -0.145718 0.987214
1502.899514 514.050401 -59.027933 -4.465990 -0.029149 0.053570 -0.146082 0.987391
1502.999367 514.210486 -59.056381 -4.475132 -0.029093 0.051609 -0.146611 0.987418
1503.099203 514.378059 -59.088053 -4.475052 -0.029459 0.050017 -0.146199 0.987551
1503.199461 514.538768 -59.120110 -4.473953 -0.031829 0.049383 -0.145985 0.987541
1503.299315 514.710913 -59.154905 -4.484007 -0.033396 0.048881 -0.145886 0.987529
1503.399163 514.889550 -59.190323 -4.494078 -0.034179 0.050086 -0.145756 0.987461
1503.499794 515.072682 -59.223354 -4.499507 -0.034234 0.050885 -0.145749 0.987419
1503.599631 515.243117 -59.257663 -4.506577 -0.032999 0.050332 -0.145367 0.987546
1503.699479 515.410721 -59.294321 -4.515884 -0.031555 0.049688 -0.144932 0.987689
1503.799314 515.586804 -59.331690 -4.522484 -0.031941 0.048569 -0.144903 0.987737
1503.899163 515.761280 -59.365294 -4.526914 -0.035065 0.046293 -0.145085 0.987713
1503.999806 515.933491 -59.397291 -4.530056 -0.039623 0.044633 -0.144900 0.987645
1504.099635 516.098822 -59.426952 -4.535811 -0.036124 0.047029 -0.144597 0.987712
1504.199484 516.257215 -59.454887 -4.543925 -0.032940 0.049459 -0.144387 0.987735
1504.299330 516.409426 -59.481480 -4.548997 -0.032423 0.048532 -0.144806 0.987737
1504.399168 516.556400 -59.514746 -4.550210 -0.033497 0.045815 -0.145548 0.987722
1504.499809 516.713141 -59.552788 -4.552680 -0.035141 0.044478 -0.145707 0.987702
1504.599640 516.863557 -59.586038 -4.559897 -0.035444 0.045545 -0.146176 0.987574
1504.699479 517.007660 -59.614307 -4.565646 -0.033405 0.045115 -0.146443 0.987625
1504.799317 517.148026 -59.639936 -4.571231 -0.034612 0.043400 -0.146818 0.987605
1504.899162 517.279957 -59.665315 -4.574861 -0.032715 0.044381 -0.147421 0.987536
1504.999801 517.409978 -59.692088 -4.577056 -0.031240 0.045728 -0.147314 0.987538
1505.099635 517.540526 -59.717703 -4.582690 -0.030205 0.047129 -0.146461 0.987631
1505.199477 517.682124 -59.746038 -4.592221 -0.033103 0.049188 -0.144842 0.987677
1505.299322 517.827775 -59.777521 -4.601593 -0.031660 0.050717 -0.144386 0.987714
1505.399155 517.971187 -59.808812 -4.607234 -0.032345 0.051270 -0.144444 0.987654
1505.499794 518.105651 -59.838729 -4.612958 -0.031926 0.049802 -0.144661 0.987711
1505.599634 518.235738 -59.868220 -4.616707 -0.033190 0.047282 -0.144912 0.987757
1505.699477 518.369922 -59.892294 -4.618355 -0.036169 0.043420 -0.144855 0.987838
1505.799312 518.503964 -59.917585 -4.617882 -0.040345 0.043681 -0.143765 0.987824
1505.899147 518.645907 -59.945649 -4.620896 -0.041192 0.047623 -0.141428 0.987944
1505.999783 518.790404 -59.971805 -4.621282 -0.039545 0.050392 -0.137783 0.988389
1506.099623 518.921085 -60.000802 -4.620969 -0.035035 0.052631 -0.134615 0.988879
1506.199468 519.043740 -60.029106 -4.626867 -0.031182 0.051201 -0.132967 0.989306
1506.299306 519.169452 -60.054394 -4.633347 -0.032112 0.046383 -0.132934 0.989518
1506.399152 519.297636 -60.078987 -4.640525 -0.035273 0.042584 -0.131939 0.989714
1506.499790 519.429916 -60.102829 -4.641343 -0.035227 0.043260 -0.131018 0.989809
1506.599636 519.556701 -60.129308 -4.642824 -0.034257 0.043894 -0.130036 0.989945
1506.699473 519.667069 -60.156044 -4.646985 -0.032709 0.044737 -0.128723 0.990131
1506.799312 519.771575 -60.179326 -4.652533 -0.033901 0.044638 -0.127733 0.990223
1506.899159 519.881637 -60.201796 -4.654909 -0.035033 0.045497 -0.125926 0.990376
1506.999787 519.992267 -60.225080 -4.659191 -0.035840 0.044428 -0.124575 0.990567
1507.099633 520.108942 -60.249756 -4.657814 -0.035682 0.044243 -0.124305 0.990615
1507.199482 520.234649 -60.273139 -4.660965 -0.035094 0.046063 -0.124438 0.990536
1507.299314 520.355905 -60.296743 -4.667040 -0.034755 0.047810 -0.124419 0.990468
1507.399155 520.473151 -60.320308 -4.671471 -0.035369 0.047231 -0.124369 0.990480
1507.499784 520.586557 -60.346867 -4.673013 -0.035093 0.046439 -0.124419 0.990521
1507.599633 520.694309 -60.371331 -4.672801 -0.034771 0.046774 -0.124223 0.990541
1507.699476 520.802113 -60.397373 -4.675624 -0.035937 0.045127 -0.123789 0.990630
1507.799332 520.907445 -60.420418 -4.682367 -0.036614 0.045643 -0.123550 0.990612
1507.899166 521.008095 -60.438926 -4.690408 -0.034237 0.043576 -0.124095 0.990722
1507.999817 521.099551 -60.456664 -4.690934 -0.031022 0.043542 -0.125176 0.990693
1508.099660 521.193707 -60.475190 -4.692549 -0.030572 0.045135 -0.126108 0.990518
1508.199510 521.293296 -60.494368 -4.688161 -0.032666 0.046991 -0.126858 0.990269
1508.299351 521.395565 -60.512749 -4.686423 -0.034091 0.048694 -0.127242 0.990089
1508.399190 521.493894 -60.529786 -4.688065 -0.034925 0.050165 -0.127180 0.989994
1508.499822 521.585799 -60.555279 -4.696560 -0.036314 0.048815 -0.126052 0.990156
1508.599660 521.684480 -60.576835 -4.706996 -0.037018 0.045930 -0.125251 0.990370
1508.699483 521.787738 -60.596915 -4.714205 -0.035758 0.031729 -0.123952 0.991136
1508.799339 521.900765 -60.614790 -4.712062 -0.035514 0.031570 -0.124778 0.991046
1508.899190 522.006533 -60.636533 -4.710302 -0.034780 0.040359 -0.124955 0.990731
1508.999837 522.102420 -60.655843 -4.703344 -0.034777 0.048982 -0.125195 0.990312
1509.099687 522.187657 -60.675466 -4.708156 -0.034857 0.051643 -0.125109 0.990185
1509.199530 522.262665 -60.689845 -4.716140 -0.033471 0.048838 -0.124571 0.990443
1509.299371 522.337356 -60.703412 -4.725233 -0.031882 0.043977 -0.124159 0.990775
1509.399195 522.420710 -60.716181 -4.731978 -0.032501 0.042843 -0.123936 0.990832
1509.499835 522.513985 -60.733374 -4.732933 -0.032966 0.048066 -0.124100 0.990556
1509.599683 522.601707 -60.753968 -4.728063 -0.035534 0.052031 -0.124224 0.990252
1509.699521 522.684166 -60.773723 -4.720031 -0.037222 0.051246 -0.124138 0.990241
1509.799364 522.768621 -60.790587 -4.719311 -0.037368 0.047408 -0.123988 0.990446
1509.899202 522.862875 -60.807131 -4.726129 -0.036830 0.044310 -0.123993 0.990609
1509.999434 522.957148 -60.826967 -4.732377 -0.035651 0.043714 -0.124250 0.990646
1510.099290 523.030500 -60.844027 -4.732647 -0.034966 0.045766 -0.124618 0.990532
1510.199129 523.107127 -60.859772 -4.735555 -0.034487 0.046962 -0.124759 0.990475
1510.299788 523.190557 -60.876465 -4.742154 -0.033590 0.047913 -0.124637 0.990475
1510.399626 523.273258 -60.894984 -4.750237 -0.034736 0.048785 -0.124474 0.990414
1510.499459 523.359398 -60.914514 -4.757056 -0.035189 0.048973 -0.124825 0.990344
1510.599301 523.447882 -60.932531 -4.763673 -0.033468 0.049239 -0.125106 0.990355
1510.699140 523.528129 -60.951164 -4.772629 -0.031579 0.050828 -0.125113 0.990336
1510.799790 523.606415 -60.965446 -4.779924 -0.031609 0.052094 -0.125086 0.990273
1510.899629 523.683956 -60.982419 -4.785186 -0.031868 0.050658 -0.125166 0.990329
1510.999475 523.759748 -61.002795 -4.791569 -0.033464 0.047240 -0.124860 0.990484
1511.099335 523.834884 -61.022954 -4.795855 -0.033431 0.045724 -0.124845 0.990558
1511.199185 523.911705 -61.040455 -4.797613 -0.034132 0.045859 -0.124906 0.990520
1511.299815 523.993677 -61.059960 -4.800856 -0.035078 0.046658 -0.124791 0.990464
1511.399653 524.078842 -61.080457 -4.801680 -0.035800 0.047191 -0.124606 0.990437
1511.499492 524.165709 -61.099221 -4.802531 -0.037696 0.047619 -0.124640 0.990342
1511.599330 524.252034 -61.117513 -4.799482 -0.037133 0.046606 -0.124608 0.990415
1511.699174 524.326384 -61.133685 -4.798993 -0.037362 0.045660 -0.124870 0.990417
1511.799828 524.405278 -61.150839 -4.805697 -0.036175 0.046081 -0.124855 0.990444
1511.899663 524.483294 -61.171052 -4.810171 -0.035325 0.047282 -0.124964 0.990404
1511.999501 524.567478 -61.188484 -4.813336 -0.036872 0.047577 -0.124945 0.990336
1512.099346 524.645025 -61.203987 -4.812454 -0.039414 0.046989 -0.124617 0.990308
1512.199202 524.710849 -61.216520 -4.808193 -0.041266 0.045711 -0.124445 0.990314
1512.299454 524.780834 -61.229773 -4.804218 -0.041538 0.045419 -0.124375 0.990325
1512.399296 524.847859 -61.243684 -4.812315 -0.039875 0.046312 -0.124243 0.990368
1512.499125 524.917793 -61.256984 -4.821498 -0.038780 0.047342 -0.124355 0.990349
1512.599764 524.989018 -61.268676 -4.824302 -0.039294 0.049736 -0.124195 0.990231
1512.699604 525.060085 -61.275989 -4.820860 -0.040095 0.052005 -0.123987 0.990109
1512.799454 525.128709 -61.283105 -4.822877 -0.041238 0.052598 -0.123717 0.990064
1512.899297 525.203557 -61.290834 -4.825539 -0.041907 0.052941 -0.123606 0.990032
1512.999133 525.288924 -61.297118 -4.830781 -0.040405 0.054580 -0.123860 0.989973
1513.099754 525.377919 -61.302371 -4.832728 -0.037934 0.056678 -0.124029 0.989932
1513.199594 525.463892 -61.308296 -4.834297 -0.035688 0.058898 -0.124340 0.989847
1513.299429 525.551148 -61.314336 -4.832860 -0.033868 0.059555 -0.124935 0.989797
1513.399259 525.636229 -61.322878 -4.836182 -0.034031 0.059707 -0.125235 0.989744
1513.499488 525.722981 -61.327989 -4.842161 -0.034841 0.061607 -0.125621 0.989550
1513.599330 525.804225 -61.331540 -4.847755 -0.034956 0.062771 -0.125889 0.989439
1513.699192 525.885569 -61.334322 -4.851080 -0.032864 0.063434 -0.126539 0.989386
1513.799834 525.976704 -61.338611 -4.853210 -0.030940 0.064060 -0.127145 0.989330
1513.899679 526.064766 -61.347626 -4.855192 -0.030723 0.061450 -0.126209 0.989622
1513.999524 526.148743 -61.359414 -4.856491 -0.031964 0.059539 -0.125327 0.989811
1514.099361 526.238558 -61.367668 -4.856577 -0.033672 0.060951 -0.125210 0.989684
1514.199199 526.342014 -61.375428 -4.860544 -0.033522 0.064758 -0.125199 0.989448
1514.299434 526.457123 -61.386278 -4.869598 -0.033556 0.068084 -0.125305 0.989210
1514.399281 526.572364 -61.399881 -4.880513 -0.035737 0.067964 -0.125661 0.989097
1514.499128 526.681552 -61.410155 -4.887390 -0.036425 0.065971 -0.125793 0.989190
1514.599768 526.795902 -61.419310 -4.889212 -0.036713 0.064726 -0.125511 0.989298
1514.699615 526.915999 -61.429738 -4.886081 -0.036508 0.065945 -0.125575 0.989217
1514.799447 527.035353 -61.444503 -4.887197 -0.035027 0.066645 -0.125241 0.989266
1514.899299 527.162815 -61.461013 -4.896389 -0.036152 0.067699 -0.124839 0.989204
1514.999134 527.285292 -61.474386 -4.906358 -0.040663 0.067931 -0.124908 0.989004
1515.099776 527.411098 -61.484798 -4.913547 -0.043337 0.065820 -0.124916 0.989033
1515.199617 527.544569 -61.493382 -4.913738 -0.046930 0.064549 -0.125204 0.988916
1515.299468 527.677450 -61.499331 -4.914201 -0.047823 0.064449 -0.125430 0.988851
1515.399309 527.801739 -61.506345 -4.919838 -0.046429 0.063252 -0.125086 0.989038
1515.499152 527.931925 -61.512496 -4.928123 -0.046999 0.061742 -0.124926 0.989127
1515.599794 528.066832 -61.514814 -4.936999 -0.049654 0.061804 -0.125031 0.988980
1515.699631 528.199183 -61.517284 -4.941248 -0.049889 0.061195 -0.125212 0.988984
1515.799467 528.339833 -61.516289 -4.944233 -0.048951 0.061016 -0.125266 0.989034
1515.899309 528.487668 -61.517660 -4.952464 -0.043902 0.059794 -0.124964 0.989384
1515.999173 528.630108 -61.517742 -4.962530 -0.038660 0.060676 -0.124452 0.989614
1516.099812 528.773221 -61.516534 -4.964707 -0.038124 0.061370 -0.123971 0.989652
1516.199643 528.916822 -61.509221 -4.966118 -0.040840 0.060846 -0.124078 0.989563
1516.299495 529.067851 -61.501673 -4.972877 -0.038210 0.059760 -0.124482 0.989683
1516.399336 529.219717 -61.497776 -4.979681 -0.039010 0.060493 -0.124800 0.989567
1516.499181 529.371256 -61.496916 -4.985698 -0.040179 0.062465 -0.125297 0.989335
1516.599822 529.517861 -61.496303 -4.989935 -0.037313 0.062877 -0.125665 0.989375
1516.699669 529.668293 -61.497213 -4.996682 -0.032919 0.060875 -0.125575 0.989667
1516.799508 529.819473 -61.493277 -5.002840 -0.031682 0.055905 -0.125539 0.990005
1516.899349 529.967129 -61.488400 -5.011809 -0.030569 0.053493 -0.125599 0.990166
1516.999184 530.117444 -61.487406 -5.019603 -0.032371 0.053420 -0.125242 0.990158
1517.099826 530.266207 -61.489361 -5.029114 -0.035027 0.053913 -0.125007 0.990071
1517.199680 530.413605 -61.492916 -5.038117 -0.033558 0.053932 -0.125152 0.990102
1517.299523 530.552563 -61.496330 -5.048220 -0.031891 0.053151 -0.125236 0.990189
1517.399367 530.694015 -61.499364 -5.053016 -0.030404 0.050757 -0.125258 0.990358
1517.499198 530.841472 -61.504520 -5.051340 -0.031411 0.049272 -0.125130 0.990418
1517.599440 530.990824 -61.510518 -5.051472 -0.035242 0.048016 -0.125037 0.990363
1517.699285 531.136065 -61.517781 -5.056729 -0.035513 0.051250 -0.124892 0.990209
1517.799124 531.268213 -61.524864 -5.068533 -0.032210 0.053134 -0.125145 0.990191
1517.899767 531.402770 -61.534525 -5.078564 -0.028949 0.049986 -0.125739 0.990380
1517.999599 531.537793 -61.540137 -5.081762 -0.027672 0.045692 -0.126265 0.990557
1518.099442 531.678489 -61.542998 -5.078448 -0.029158 0.043279 -0.126354 0.990612
1518.199297 531.816913 -61.552803 -5.074238 -0.031936 0.044657 -0.125955 0.990516
1518.299134 531.953396 -61.564511 -5.080573 -0.033993 0.047616 -0.126067 0.990295
1518.399771 532.094058 -61.577930 -5.094193 -0.034509 0.048866 -0.126201 0.990199
1518.499607 532.232921 -61.591353 -5.105157 -0.034112 0.047931 -0.126155 0.990265
1518.599461 532.369083 -61.604116 -5.115361 -0.034019 0.045893 -0.125937 0.990392
1518.699301 532.512535 -61.614790 -5.124843 -0.033111 0.043531 -0.125830 0.990543
1518.799133 532.654357 -61.628474 -5.126204 -0.032333 0.043239 -0.125797 0.990586
1518.899781 532.792005 -61.639196 -5.124608 -0.032368 0.046143 -0.126026 0.990425
1518.999618 532.910980 -61.650340 -5.127672 -0.032287 0.049033 -0.126143 0.990273
1519.099440 533.030023 -61.662475 -5.129287 -0.032603 0.051068 -0.126094 0.990166
1519.199282 533.149561 -61.674471 -5.132902 -0.033359 0.049485 -0.126574 0.990160
1519.299116 533.268213 -61.688745 -5.143637 -0.032750 0.045719 -0.126490 0.990372
1519.399751 533.385669 -61.707682 -5.151228 -0.030436 0.042137 -0.127051 0.990533
1519.499592 533.500381 -61.724342 -5.154107 -0.029094 0.041415 -0.129617 0.990272
1519.599423 533.615403 -61.741304 -5.159253 -0.030252 0.039185 -0.132324 0.989970
1519.699262 533.728175 -61.756230 -5.161633 -0.034689 0.041325 -0.134260 0.989476
1519.799504 533.844422 -61.769573 -5.168448 -0.035031 0.043880 -0.134318 0.989346
1519.899351 533.965562 -61.786153 -5.169338 -0.032687 0.044618 -0.133834 0.989459
1519.999191 534.084004 -61.807583 -5.169908 -0.031392 0.045480 -0.133527 0.989503
1520.099830 534.204954 -61.827233 -5.169354 -0.035786 0.047034 -0.134240 0.989185
1520.199653 534.314667 -61.841366 -5.169001 -0.036268 0.049095 -0.134927 0.988974
1520.299496 534.412442 -61.854749 -5.175825 -0.035176 0.050589 -0.135129 0.988910
1520.399319 534.506161 -61.870991 -5.184949 -0.032561 0.051245 -0.134796 0.989011
1520.499159 534.601719 -61.891309 -5.191036 -0.033251 0.051542 -0.134491 0.989015
1520.599792 534.707498 -61.911473 -5.191016 -0.035030 0.051957 -0.134604 0.988916
1520.699639 534.804831 -61.927535 -5.191205 -0.034432 0.055046 -0.134816 0.988741
1520.799489 534.897298 -61.942271 -5.193293 -0.033669 0.055788 -0.134454 0.988775
1520.899316 534.994985 -61.959822 -5.197336 -0.032547 0.055307 -0.134534 0.988829
1520.999154 535.095600 -61.983408 -5.203989 -0.031350 0.054697 -0.134416 0.988917
1521.099796 535.196007 -62.004852 -5.221084 -0.033135 0.057619 -0.134458 0.988688
1521.199635 535.299006 -62.023066 -5.238204 -0.034104 0.060235 -0.134681 0.988468
1521.299483 535.404001 -62.041683 -5.254577 -0.033441 0.061788 -0.134829 0.988375
1521.399323 535.507897 -62.063556 -5.270460 -0.033463 0.061851 -0.134906 0.988360
1521.499154 535.613609 -62.086568 -5.281849 -0.033265 0.060572 -0.134918 0.988444
1521.599809 535.726738 -62.109164 -5.298404 -0.033669 0.057943 -0.134787 0.988606
1521.699660 535.839242 -62.131922 -5.320367 -0.033819 0.056806 -0.134759 0.988670
1521.799485 535.952062 -62.158405 -5.346776 -0.034416 0.056085 -0.134814 0.988684
1521.899306 536.064950 -62.181054 -5.368252 -0.034060 0.056416 -0.135029 0.988648
1521.999155 536.183070 -62.206424 -5.386217 -0.033220 0.056795 -0.134712 0.988698
1522.099795 536.297819 -62.233346 -5.405622 -0.033134 0.057593 -0.134287 0.988712
1522.199635 536.414504 -62.256488 -5.422484 -0.034223 0.057592 -0.134532 0.988642
1522.299466 536.527932 -62.280548 -5.442539 -0.034594 0.059279 -0.134907 0.988478
1522.399300 536.643813 -62.308024 -5.462258 -0.034598 0.060567 -0.135098 0.988374
1522.499137 536.752795 -62.335631 -5.482137 -0.034978 0.061516 -0.135074 0.988305
1522.599767 536.863265 -62.366126 -5.495646 -0.033803 0.062903 -0.135512 0.988199
1522.699608 536.978827 -62.396523 -5.500950 -0.030930 0.061466 -0.135612 0.988370
1522.799450 537.097994 -62.426270 -5.506190 -0.030922 0.057461 -0.135411 0.988638
1522.899289 537.215237 -62.452186 -5.513235 -0.033274 0.055865 -0.134284 0.988807
1522.999139 537.335408 -62.474064 -5.523176 -0.034328 0.058098 -0.132433 0.988892
1523.099779 537.451161 -62.501551 -5.525888 -0.034542 0.060178 -0.131824 0.988842
1523.199634 537.563161 -62.531953 -5.524560 -0.034669 0.060531 -0.131833 0.988814
1523.299474 537.677884 -62.564919 -5.521420 -0.035684 0.057071 -0.131595 0.989016
1523.399321 537.803468 -62.596490 -5.521271 -0.035083 0.053231 -0.131783 0.989226
1523.499157 537.931566 -62.623875 -5.529152 -0.035324 0.051980 -0.132019 0.989253
1523.599811 538.065750 -62.653489 -5.536469 -0.034279 0.053506 -0.132022 0.989208
1523.699658 538.195779 -62.689065 -5.541590 -0.033177 0.055972 -0.131841 0.989133
1523.799476 538.316371 -62.721513 -5.543429 -0.032651 0.058537 -0.131928 0.988991
1523.899316 538.439325 -62.751425 -5.543935 -0.033840 0.059655 -0.132012 0.988873
1523.999153 538.554521 -62.780364 -5.545612 -0.033790 0.059518 -0.131895 0.988898
1524.099769 538.679599 -62.810569 -5.549182 -0.034801 0.060102 -0.131697 0.988854
1524.199613 538.809102 -62.843555 -5.557219 -0.037592 0.058195 -0.131105 0.988945
1524.299460 538.951236 -62.879928 -5.569591 -0.039498 0.056533 -0.131163 0.988959
1524.399311 539.085621 -62.916726 -5.583328 -0.039407 0.054650 -0.131675 0.989001
1524.499157 539.207826 -62.946581 -5.593154 -0.039873 0.053428 -0.132353 0.988958
1524.599787 539.344293 -62.972530 -5.588392 -0.039110 0.054067 -0.133227 0.988837
1524.699614 539.481050 -62.998236 -5.577910 -0.039859 0.054903 -0.133260 0.988756
1524.799461 539.617329 -63.025801 -5.581771 -0.043320 0.057471 -0.133263 0.988464
1524.899300 539.752135 -63.057852 -5.593745 -0.046703 0.061454 -0.132798 0.988133
1524.999131 539.879645 -63.084491 -5.605996 -0.047468 0.061458 -0.132085 0.988192
1525.099764 540.019816 -63.107822 -5.612086 -0.047448 0.059447 -0.131153 0.988440
1525.199611 540.162774 -63.127714 -5.605777 -0.046757 0.059609 -0.130714 0.988521
1525.299453 540.306271 -63.142013 -5.600876 -0.042158 0.059195 -0.131319 0.988673
1525.399290 540.449217 -63.158913 -5.602619 -0.034932 0.057207 -0.132019 0.988978
1525.499125 540.579540 -63.177253 -5.606280 -0.032050 0.054405 -0.132947 0.989110
1525.599746 540.709105 -63.196886 -5.614005 -0.035485 0.052402 -0.133534 0.989022
1525.699576 540.841364 -63.215896 -5.623424 -0.042381 0.052915 -0.133834 0.988682
1525.799399 540.969564 -63.230811 -5.624530 -0.043902 0.053262 -0.133216 0.988681
1525.899241 541.095856 -63.242144 -5.627388 -0.046099 0.053652 -0.132749 0.988622
1525.999482 541.231784 -63.253098 -5.633050 -0.046445 0.054231 -0.132369 0.988626
1526.099323 541.374045 -63.261638 -5.640594 -0.044979 0.055493 -0.131939 0.988681
1526.199166 541.511297 -63.271032 -5.646164 -0.043898 0.056546 -0.131736 0.988697
1526.299813 541.645606 -63.280944 -5.651478 -0.042686 0.056350 -0.131922 0.988736
1526.399644 541.787299 -63.293281 -5.653905 -0.040795 0.054607 -0.132218 0.988874
1526.499480 541.919372 -63.302678 -5.653296 -0.041977 0.053574 -0.132740 0.988811
1526.599324 542.048861 -63.309245 -5.658505 -0.040253 0.052684 -0.132877 0.988912
1526.699160 542.188170 -63.312655 -5.668893 -0.036734 0.053067 -0.132930 0.989022
1526.799799 542.330954 -63.316881 -5.678539 -0.033474 0.053398 -0.132853 0.989130
1526.899632 542.470809 -63.324209 -5.684923 -0.033494 0.052525 -0.132622 0.989207
1526.999463 542.612419 -63.331654 -5.688015 -0.034861 0.050434 -0.132725 0.989255
1527.099303 542.755628 -63.337555 -5.692551 -0.035423 0.048732 -0.132703 0.989323
1527.199146 542.902934 -63.347546 -5.697529 -0.033396 0.050183 -0.132454 0.989355
1527.299784 543.039165 -63.359012 -5.703212 -0.031300 0.050176 -0.132075 0.989474
1527.399641 543.160457 -63.370280 -5.709491 -0.029115 0.048609 -0.131821 0.989653
1527.499487 543.281159 -63.378773 -5.712723 -0.031375 0.050903 -0.131642 0.989492
1527.599342 543.412474 -63.387166 -5.712627 -0.032481 0.052832 -0.131870 0.989325
1527.699188 543.539806 -63.397622 -5.716875 -0.033131 0.055437 -0.132341 0.989098
1527.799825 543.669646 -63.408400 -5.726804 -0.031749 0.057711 -0.132945 0.988932
1527.899666 543.807096 -63.424682 -5.731552 -0.031799 0.058148 -0.133067 0.988889
1527.999498 543.938219 -63.437954 -5.732396 -0.034004 0.056980 -0.133155 0.988871
1528.099337 544.074431 -63.449258 -5.735962 -0.035504 0.055164 -0.132797 0.988970
1528.199164 544.209541 -63.462812 -5.741147 -0.035419 0.055417 -0.132642 0.988980
1528.299795 544.346005 -63.483195 -5.747262 -0.035067 0.057527 -0.132703 0.988863
1528.399643 544.479709 -63.503715 -5.758823 -0.033787 0.060736 -0.132879 0.988692
1528.499486 544.608762 -63.519069 -5.763572 -0.035762 0.062399 -0.133130 0.988486
1528.599320 544.735924 -63.529883 -5.767838 -0.040819 0.061312 -0.133307 0.988334
1528.699152 544.864373 -63.545481 -5.774399 -0.045756 0.059134 -0.132728 0.988328
1528.799791 545.001622 -63.562838 -5.782232 -0.050623 0.058417 -0.132316 0.988189
1528.899638 545.137864 -63.575738 -5.789797 -0.053079 0.058452 -0.132129 0.988083
1528.999485 545.278628 -63.584542 -5.791401 -0.051857 0.061081 -0.132118 0.987990
1529.099326 545.420185 -63.594346 -5.795643 -0.048136 0.064362 -0.132398 0.987933
1529.199171 545.555022 -63.600233 -5.802411 -0.045017 0.066657 -0.132702 0.987887
1529.299802 545.695020 -63.604415 -5.808499 -0.043244 0.066859 -0.132612 0.987965
1529.399641 545.839024 -63.607173 -5.814665 -0.041024 0.067719 -0.132813 0.987974
1529.499488 545.988768 -63.609875 -5.827738 -0.035833 0.069364 -0.133083 0.988025
1529.599317 546.141699 -63.615140 -5.834027 -0.031717 0.070681 -0.133250 0.988050
1529.699167 546.298566 -63.622757 -5.838245 -0.032465 0.070795 -0.133797 0.987944
1529.799802 546.456093 -63.628871 -5.838752 -0.033856 0.070794 -0.134082 0.987858
1529.899655 546.614058 -63.635195 -5.840342 -0.035546 0.071404 -0.133942 0.987774
1529.999491 546.776471 -63.645947 -5.847369 -0.036285 0.073185 -0.133764 0.987641
1530.099328 546.944950 -63.656889 -5.857280 -0.035291 0.075064 -0.133149 0.987619
1530.199173 547.115574 -63.668711 -5.864585 -0.034004 0.075411 -0.132672 0.987702
1530.299811 547.275542 -63.679820 -5.871452 -0.037481 0.075651 -0.132450 0.987587
1530.399647 547.443638 -63.698753 -5.876796 -0.036827 0.075715 -0.132417 0.987612
1530.499479 547.606886 -63.710679 -5.890237 -0.034044 0.073851 -0.132256 0.987874
1530.599338 547.775414 -63.721290 -5.900755 -0.032622 0.073007 -0.132648 0.987932
1530.699174 547.951806 -63.734826 -5.907182 -0.035287 0.073088 -0.133166 0.987765
1530.799812 548.135250 -63.752527 -5.909880 -0.037652 0.071663 -0.133806 0.987696
1530.899647 548.330509 -63.772007 -5.908203 -0.038307 0.073674 -0.134170 0.987473
1530.999482 548.519625 -63.790639 -5.903657 -0.036435 0.076075 -0.134370 0.987335
1531.099331 548.711163 -63.808937 -5.907696 -0.034562 0.074686 -0.134837 0.987444
1531.199168 548.899495 -63.828574 -5.926847 -0.033296 0.069721 -0.134903 0.987842
1531.299802 549.097593 -63.851673 -5.944723 -0.034420 0.070318 -0.134626 0.987799
1531.399635 549.294940 -63.875734 -5.955749 -0.036115 0.072138 -0.134462 0.987629
1531.499469 549.494292 -63.901187 -5.961516 -0.037849 0.073970 -0.134168 0.987469
1531.599319 549.695565 -63.922910 -5.965988 -0.038547 0.074336 -0.134151 0.987417
1531.699162 549.898417 -63.942530 -5.970896 -0.039114 0.075486 -0.134275 0.987290
1531.799797 550.096080 -63.964861 -5.981217 -0.039694 0.075443 -0.133825 0.987332
1531.899632 550.300736 -63.988390 -5.985166 -0.040077 0.076345 -0.133602 0.987277
1531.999490 550.512297 -64.011604 -5.989105 -0.040331 0.076959 -0.133433 0.987242
1532.099311 550.727804 -64.036053 -5.997281 -0.040606 0.075925 -0.133306 0.987328
1532.199151 550.945722 -64.060011 -6.006067 -0.039502 0.073242 -0.133473 0.987553
1532.299777 551.159797 -64.082219 -6.014953 -0.040315 0.070860 -0.133010 0.987756
1532.399625 551.376932 -64.104644 -6.020797 -0.040955 0.069806 -0.133136 0.987788
1532.499454 551.605043 -64.128851 -6.027490 -0.037863 0.072373 -0.133184 0.987720
1532.599284 551.828388 -64.151663 -6.038143 -0.036441 0.073957 -0.133641 0.987594
1532.699127 552.050018 -64.175410 -6.047789 -0.037145 0.073582 -0.133433 0.987624
1532.799765 552.270096 -64.196436 -6.053757 -0.037006 0.070211 -0.133550 0.987859
1532.899600 552.489703 -64.218777 -6.061766 -0.037865 0.066920 -0.133741 0.988029
1532.999448 552.715240 -64.243805 -6.068691 -0.037729 0.065288 -0.133832 0.988131
1533.099281 552.939976 -64.271369 -6.078235 -0.037240 0.066695 -0.133884 0.988048
1533.199103 553.163775 -64.298230 -6.089334 -0.034957 0.067616 -0.133809 0.988079
1533.299746 553.386497 -64.318584 -6.102687 -0.033975 0.066168 -0.133804 0.988213
1533.399584 553.610250 -64.344051 -6.119834 -0.035325 0.065755 -0.133611 0.988219
1533.499431 553.830746 -64.367672 -6.139536 -0.036602 0.063005 -0.133771 0.988330
1533.599275 554.049292 -64.393372 -6.159134 -0.036521 0.057421 -0.133507 0.988709
1533.699508 554.274748 -64.419813 -6.172123 -0.036545 0.052141 -0.133485 0.989003
1533.799345 554.500296 -64.446030 -6.181590 -0.036179 0.049336 -0.133571 0.989149
1533.899190 554.725249 -64.474979 -6.193347 -0.035692 0.046636 -0.133638 0.989289
1533.999819 554.932030 -64.499645 -6.206971 -0.035604 0.044056 -0.133968 0.989365
1534.099654 555.138180 -64.525873 -6.217353 -0.035671 0.043332 -0.134170 0.989368
1534.199493 555.337959 -64.553002 -6.232301 -0.036383 0.041301 -0.134131 0.989434
1534.299341 555.522875 -64.575266 -6.212166 -0.038159 0.022090 -0.133630 0.990050
1534.399176 555.693733 -64.596012 -6.194790 -0.036777 -0.054460 -0.130662 0.989247
1534.499814 555.855460 -64.616775 -6.191386 -0.035365 -0.098158 -0.128681 0.986182
1534.599656 555.992168 -64.634878 -6.212693 -0.033264 -0.087468 -0.129884 0.987103
1534.699480 556.106317 -64.655390 -6.251932 -0.035071 -0.057585 -0.131035 0.989082
1534.799320 556.189288 -64.660944 -6.301333 -0.035892 -0.024739 -0.132072 0.990281
1534.899166 556.250496 -64.664157 -6.310967 -0.037185 -0.003404 -0.132695 0.990453
1534.999809 556.306803 -64.672520 -6.303530 -0.037256 0.008564 -0.133208 0.990351
1535.099658 556.356941 -64.682674 -6.304490 -0.036241 0.018720 -0.133718 0.990180
1535.199502 556.394449 -64.689820 -6.314868 -0.035069 0.030336 -0.134153 0.989875
1535.299342 556.434060 -64.692119 -6.328870 -0.035400 0.038357 -0.134872 0.989487
1535.399189 556.472931 -64.695495 -6.344472 -0.035599 0.043220 -0.135210 0.989234
1535.499826 556.507738 -64.703173 -6.359330 -0.035207 0.045902 -0.135162 0.989133
1535.599664 556.530849 -64.710194 -6.370546 -0.034855 0.049358 -0.135411 0.988945
1535.699497 556.563258 -64.719865 -6.386245 -0.033507 0.053415 -0.135503 0.988768
1535.799333 556.603053 -64.727965 -6.406788 -0.033275 0.057545 -0.135735 0.988513
1535.899173 556.649753 -64.736197 -6.430004 -0.033283 0.059959 -0.136001 0.988332
1535.999815 556.699337 -64.749381 -6.453256 -0.034183 0.061214 -0.135699 0.988266
1536.099653 556.752775 -64.764108 -6.478296 -0.034304 0.062119 -0.135813 0.988190
1536.199493 556.807341 -64.776455 -6.500805 -0.033742 0.064408 -0.136056 0.988029
1536.299327 556.845782 -64.789058 -6.521800 -0.032057 0.068537 -0.136131 0.987797
1536.399162 556.882090 -64.800904 -6.546302 -0.031636 0.072525 -0.136096 0.987531
1536.499804 556.932839 -64.813220 -6.573343 -0.032212 0.075839 -0.136232 0.987245
1536.599642 556.989789 -64.829876 -6.596954 -0.032151 0.075238 -0.136023 0.987321
1536.699488 557.050418 -64.848115 -6.613212 -0.031824 0.073607 -0.136128 0.987440
1536.799323 557.121179 -64.866285 -6.620068 -0.032382 0.072804 -0.136244 0.987466
1536.899149 557.189328 -64.886437 -6.622844 -0.032221 0.074586 -0.136363 0.987322
1536.999792 557.263395 -64.910227 -6.628029 -0.031746 0.076822 -0.136261 0.987180
1537.099634 557.334612 -64.930801 -6.638293 -0.032046 0.077977 -0.136373 0.987064
1537.199478 557.422486 -64.955783 -6.643562 -0.031620 0.077616 -0.136396 0.987103
1537.299310 557.526823 -64.981833 -6.645616 -0.031478 0.076895 -0.136637 0.987130
1537.399148 557.628258 -65.004738 -6.644607 -0.031356 0.077140 -0.136860 0.987084
1537.499795 557.728238 -65.031118 -6.644827 -0.030959 0.077937 -0.136812 0.987041
1537.599652 557.837520 -65.062558 -6.649323 -0.030952 0.078871 -0.136737 0.986977
1537.699483 557.943214 -65.097356 -6.658395 -0.030889 0.080855 -0.136839 0.986805
1537.799323 558.051919 -65.128039 -6.664962 -0.031583 0.079649 -0.136592 0.986915
1537.899158 558.175088 -65.158947 -6.668580 -0.031493 0.076851 -0.136463 0.987158
1537.999793 558.297403 -65.197023 -6.670875 -0.033899 0.073613 -0.136010 0.987387
1538.099622 558.411236 -65.238561 -6.667649 -0.033438 0.073676 -0.135550 0.987461
1538.199459 558.534810 -65.279605 -6.665801 -0.033180 0.074266 -0.135331 0.987456
1538.299302 558.673290 -65.320529 -6.674942 -0.034675 0.073290 -0.135224 0.987492
1538.399133 558.811197 -65.355145 -6.683652 -0.035148 0.074512 -0.135230 0.987383
1538.499766 558.956981 -65.393455 -6.684984 -0.034728 0.077205 -0.135777 0.987116
1538.599620 559.102850 -65.439114 -6.686050 -0.034823 0.079176 -0.135902 0.986939
1538.699464 559.250523 -65.489000 -6.687764 -0.034412 0.077926 -0.136044 0.987034
1538.799301 559.402733 -65.536358 -6.693093 -0.033132 0.077015 -0.136008 0.987154
1538.899146 559.559293 -65.580568 -6.696543 -0.033396 0.074666 -0.135885 0.987342
1538.999793 559.709910 -65.623639 -6.699067 -0.038145 0.072319 -0.135682 0.987373
1539.099629 559.859590 -65.665858 -6.699972 -0.044827 0.071017 -0.135207 0.987252
1539.199471 560.022243 -65.710841 -6.705933 -0.049420 0.070701 -0.134760 0.987116
1539.299315 560.192015 -65.757989 -6.715946 -0.051006 0.068835 -0.134487 0.987205
1539.399149 560.355059 -65.796547 -6.720090 -0.049549 0.066534 -0.134532 0.987431
1539.499803 560.514900 -65.832896 -6.721358 -0.046242 0.063152 -0.134395 0.987832
1539.599645 560.680961 -65.870478 -6.722005 -0.046276 0.061740 -0.134524 0.987902
1539.699497 560.851708 -65.908895 -6.730937 -0.043959 0.061472 -0.134512 0.988026
1539.799350 561.022145 -65.942512 -6.744631 -0.042945 0.057727 -0.134550 0.988291
1539.899191 561.191430 -65.973958 -6.749810 -0.043718 0.055549 -0.134206 0.988429
1539.999828 561.371393 -66.007663 -6.751401 -0.046295 0.054362 -0.133505 0.988472
1540.099667 561.555799 -66.039192 -6.756648 -0.050599 0.052004 -0.133177 0.988433
1540.199507 561.732318 -66.067482 -6.763173 -0.053954 0.050613 -0.132958 0.988357
1540.299351 561.903155 -66.092361 -6.770467 -0.054426 0.051791 -0.133316 0.988222
1540.399184 562.077425 -66.114588 -6.781261 -0.052066 0.051812 -0.134295 0.988215
1540.499833 562.248224 -66.135530 -6.789664 -0.048225 0.050802 -0.135161 0.988345
1540.599682 562.415393 -66.157665 -6.793322 -0.042668 0.050465 -0.135380 0.988587
1540.699516 562.586256 -66.181703 -6.799883 -0.036371 0.053343 -0.135319 0.988696
1540.799360 562.757986 -66.203068 -6.803653 -0.034564 0.056209 -0.134582 0.988703
1540.899199 562.929549 -66.220970 -6.810370 -0.038275 0.056187 -0.133781 0.988676
1540.999426 563.096501 -66.236246 -6.820007 -0.040703 0.055682 -0.133231 0.988682
1541.099260 563.258597 -66.253949 -6.826346 -0.040127 0.055796 -0.132757 0.988763
1541.199494 563.411041 -66.274445 -6.831680 -0.038972 0.052124 -0.132826 0.989000
1541.299337 563.563602 -66.295577 -6.842431 -0.037754 0.048207 -0.133723 0.989125
1541.399181 563.724375 -66.315978 -6.854589 -0.034187 0.049008 -0.134006 0.989177
1541.499825 563.886534 -66.335401 -6.861903 -0.032231 0.049737 -0.134171 0.989184
1541.599662 564.046214 -66.353914 -6.869092 -0.033183 0.051205 -0.134586 0.989022
1541.699509 564.208073 -66.374281 -6.875351 -0.034727 0.055250 -0.135186 0.988669
1541.799344 564.365683 -66.399671 -6.884278 -0.033948 0.058299 -0.135742 0.988445
1541.899195 564.531640 -66.426179 -6.887080 -0.032178 0.055621 -0.136132 0.988605
1541.999833 564.685552 -66.449285 -6.889168 -0.034473 0.052649 -0.135676 0.988753
1542.099669 564.826267 -66.470497 -6.894364 -0.036303 0.052420 -0.135418 0.988735
1542.199514 564.965721 -66.490667 -6.902139 -0.038599 0.053635 -0.135350 0.988592
1542.299353 565.107805 -66.513507 -6.909107 -0.041381 0.055543 -0.135225 0.988391
1542.399193 565.261853 -66.535606 -6.915310 -0.043289 0.056544 -0.135000 0.988283
1542.499837 565.418333 -66.557244 -6.920219 -0.046046 0.056671 -0.134697 0.988193
1542.599664 565.570088 -66.570677 -6.926713 -0.046605 0.052242 -0.134469 0.988442
1542.699504 565.716444 -66.593661 -6.926692 -0.046820 0.046640 -0.134563 0.988699
1542.799340 565.859842 -66.614941 -6.923388 -0.052442 0.042275 -0.134838 0.988575
1542.899176 566.001054 -66.625934 -6.925401 -0.057682 0.041221 -0.135094 0.988293
1542.999813 566.147568 -66.629458 -6.940376 -0.060468 0.040196 -0.134848 0.988202
1543.099656 566.281536 -66.632285 -6.965399 -0.061886 0.041121 -0.134546 0.988118
1543.199479 566.407200 -66.634419 -6.995494 -0.059850 0.043761 -0.134769 0.988099
1543.299319 566.549101 -66.634460 -7.022398 -0.058051 0.045070 -0.134540 0.988179
1543.399165 566.681798 -66.625622 -7.037834 -0.056333 0.044847 -0.134052 0.988355
1543.499796 566.810568 -66.615343 -7.047294 -0.055340 0.046507 -0.134128 0.988324
1543.599642 566.943246 -66.604452 -7.054947 -0.052464 0.051272 -0.134560 0.988186
1543.699474 567.062804 -66.589545 -7.064003 -0.049361 0.052710 -0.134911 0.988223
1543.799311 567.175200 -66.571040 -7.074018 -0.044383 0.052453 -0.135544 0.988386
1543.899149 567.293608 -66.547888 -7.085859 -0.038726 0.052142 -0.136618 0.988492
1543.999775 567.416009 -66.528172 -7.094368 -0.033207 0.050037 -0.136453 0.988825
1544.099609 567.532681 -66.512415 -7.105533 -0.032776 0.048045 -0.136860 0.988882
1544.199459 567.646847 -66.494050 -7.110304 -0.035422 0.049843 -0.137203 0.988654
1544.299309 567.768461 -66.478828 -7.116703 -0.036089 0.053374 -0.137278 0.988435
1544.399145 567.896422 -66.462844 -7.119730 -0.036323 0.054210 -0.136811 0.988446
1544.499793 568.016870 -66.452781 -7.117687 -0.035616 0.054555 -0.136283 0.988525
1544.599640 568.136401 -66.442664 -7.123721 -0.035336 0.052571 -0.136080 0.988671
1544.699483 568.259420 -66.434932 -7.130640 -0.035565 0.050035 -0.136008 0.988804
1544.799337 568.379677 -66.423686 -7.132248 -0.036147 0.046063 -0.135779 0.989007
1544.899173 568.496295 -66.410066 -7.133547 -0.036148 0.043505 -0.135672 0.989138
1544.999808 568.599316 -66.398215 -7.141099 -0.035482 0.043870 -0.135550 0.989163
1545.099650 568.709428 -66.390465 -7.149286 -0.035380 0.045984 -0.135479 0.989080
1545.199494 568.813496 -66.385443 -7.157584 -0.036000 0.048045 -0.135546 0.988950
1545.299330 568.904057 -66.375438 -7.163321 -0.036181 0.049190 -0.136056 0.988817
1545.399171 569.001720 -66.363339 -7.164081 -0.035270 0.049584 -0.136262 0.988802
1545.499822 569.096980 -66.353481 -7.166897 -0.033628 0.050376 -0.136773 0.988749
1545.599666 569.185765 -66.349732 -7.170275 -0.033922 0.052639 -0.136862 0.988609
1545.699516 569.281773 -66.346607 -7.179096 -0.035176 0.056895 -0.137115 0.988294
1545.799359 569.377232 -66.343169 -7.188885 -0.036498 0.059602 -0.137058 0.988094
1545.899203 569.473771 -66.339522 -7.192760 -0.035924 0.060213 -0.137107 0.988072
1545.999440 569.572787 -66.336762 -7.194089 -0.035687 0.059106 -0.136926 0.988172
1546.099291 569.672600 -66.334387 -7.194615 -0.034929 0.057924 -0.137058 0.988251
1546.199140 569.772987 -66.335421 -7.194757 -0.035089 0.058936 -0.137068 0.988184
1546.299765 569.871770 -66.339573 -7.201213 -0.034746 0.061535 -0.137069 0.988038
1546.399603 569.983031 -66.342848 -7.208725 -0.034403 0.063697 -0.137034 0.987917
1546.499439 570.091610 -66.344446 -7.218000 -0.033399 0.063272 -0.136718 0.988023
1546.599279 570.202115 -66.350270 -7.223964 -0.034242 0.062341 -0.136211 0.988123
1546.699120 570.316002 -66.361727 -7.227093 -0.034288 0.064130 -0.136300 0.987995
1546.799765 570.438732 -66.372550 -7.229841 -0.034045 0.064283 -0.136637 0.987947
1546.899603 570.546310 -66.379357 -7.228904 -0.033972 0.064775 -0.136936 0.987876
1546.999458 570.648032 -66.387350 -7.232220 -0.032462 0.064601 -0.137136 0.987910
1547.099294 570.761549 -66.403451 -7.240976 -0.032038 0.063575 -0.136934 0.988019
1547.199130 570.875928 -66.415610 -7.250421 -0.031750 0.061986 -0.137000 0.988120
1547.299789 571.000319 -66.424273 -7.258002 -0.033745 0.063133 -0.136920 0.987992
1547.399619 571.119111 -66.433754 -7.260505 -0.034333 0.066014 -0.136867 0.987791
1547.499454 571.238601 -66.453041 -7.259018 -0.034702 0.071204 -0.136673 0.987444
1547.599305 571.372861 -66.477082 -7.262398 -0.034398 0.074431 -0.136393 0.987256
1547.699130 571.497446 -66.495270 -7.265756 -0.033758 0.075590 -0.136731 0.987143
1547.799773 571.630081 -66.515193 -7.266768 -0.033600 0.074527 -0.136571 0.987251
1547.899619 571.765979 -66.534869 -7.274465 -0.032938 0.072256 -0.136517 0.987450
1547.999470 571.889995 -66.556465 -7.279150 -0.032463 0.070058 -0.136032 0.987691
1548.099312 572.016002 -66.579369 -7.280928 -0.033553 0.068574 -0.135738 0.987799
1548.199172 572.147525 -66.604054 -7.280501 -0.038100 0.066425 -0.134634 0.987932
1548.299810 572.286489 -66.627739 -7.284983 -0.040501 0.063458 -0.132472 0.988324
1548.399669 572.420176 -66.650958 -7.291507 -0.041552 0.062097 -0.130250 0.988662
1548.499517 572.557304 -66.680636 -7.298980 -0.037921 0.061585 -0.128427 0.989078
1548.599372 572.697218 -66.707178 -7.304154 -0.037446 0.062308 -0.126144 0.989345
1548.699215 572.835292 -66.729011 -7.311635 -0.039940 0.067017 -0.122693 0.989373
1548.799453 572.979420 -66.748922 -7.317607 -0.043174 0.072040 -0.118584 0.989386
1548.899291 573.129837 -66.773059 -7.324366 -0.042537 0.072864 -0.114467 0.989838
1548.999127 573.287480 -66.799371 -7.329025 -0.039257 0.071791 -0.111397 0.990402
1549.099787 573.446287 -66.824113 -7.335835 -0.033406 0.069675 -0.110117 0.990910
1549.199632 573.607390 -66.849883 -7.341444 -0.033627 0.066227 -0.109732 0.991182
1549.299469 573.772223 -66.877718 -7.347377 -0.035553 0.066472 -0.109464 0.991128
1549.399299 573.940011 -66.904173 -7.355128 -0.037410 0.067124 -0.109831 0.990975
1549.499137 574.109602 -66.932043 -7.364422 -0.035133 0.067107 -0.109827 0.991060
1549.599786 574.272491 -66.957848 -7.372741 -0.034370 0.064400 -0.109539 0.991298
1549.699632 574.430167 -66.986946 -7.371897 -0.036102 0.062066 -0.109042 0.991440
1549.799476 574.585316 -67.014622 -7.370429 -0.037957 0.061937 -0.108553 0.991433
1549.899303 574.743039 -67.042503 -7.374072 -0.037457 0.063907 -0.109011 0.991277
1549.999155 574.905794 -67.071632 -7.376196 -0.033163 0.065102 -0.109385 0.991311
1550.099789 575.070709 -67.099111 -7.382828 -0.032351 0.062753 -0.109985 0.991423
1550.199635 575.236850 -67.126652 -7.394564 -0.033767 0.060411 -0.110788 0.991431
1550.299469 575.394119 -67.157980 -7.405384 -0.033901 0.061397 -0.111171 0.991323
1550.399296 575.549927 -67.188874 -7.411831 -0.035412 0.063060 -0.111572 0.991121
1550.499139 575.707648 -67.216697 -7.416534 -0.035958 0.066031 -0.112153 0.990842
1550.599780 575.865871 -67.249344 -7.419828 -0.035590 0.064853 -0.111803 0.990973
1550.699626 576.032001 -67.280890 -7.423258 -0.034686 0.062463 -0.112024 0.991134
1550.799468 576.200417 -67.312955 -7.427230 -0.035616 0.060589 -0.112322 0.991183
1550.899306 576.369125 -67.350442 -7.439072 -0.036277 0.057338 -0.112376 0.991347
1550.999147 576.543878 -67.385586 -7.450719 -0.037265 0.055565 -0.112133 0.991438
1551.099795 576.715654 -67.419836 -7.471867 -0.038243 0.054627 -0.111984 0.991470
1551.199621 576.879001 -67.450235 -7.493446 -0.038992 0.055509 -0.112193 0.991368
1551.299457 577.041845 -67.482657 -7.517320 -0.039036 0.055044 -0.112077 0.991406
1551.399295 577.201915 -67.520740 -7.540928 -0.039102 0.051417 -0.111719 0.991638
1551.499137 577.355423 -67.560054 -7.571929 -0.037570 0.048338 -0.111360 0.991893
1551.599783 577.509856 -67.598625 -7.612832 -0.037649 0.050315 -0.111317 0.991796
1551.699631 577.662942 -67.633112 -7.655802 -0.038055 0.054367 -0.110718 0.991634
1551.799463 577.811753 -67.661313 -7.694693 -0.039731 0.057952 -0.110599 0.991378
1551.899288 577.954413 -67.692287 -7.726841 -0.040672 0.061839 -0.110649 0.991100
1551.999125 578.098023 -67.726554 -7.755216 -0.040066 0.062999 -0.110801 0.991034
1552.099766 578.239495 -67.760049 -7.779152 -0.039213 0.063989 -0.110957 0.990987
1552.199615 578.385044 -67.792328 -7.802087 -0.038818 0.065247 -0.111381 0.990874
1552.299458 578.530077 -67.825012 -7.823794 -0.036536 0.068623 -0.111712 0.990695
1552.399305 578.674537 -67.856881 -7.841926 -0.033871 0.071582 -0.111805 0.990570
1552.499142 578.821094 -67.889815 -7.858276 -0.035267 0.072033 -0.110892 0.990591
1552.599782 578.963975 -67.921316 -7.870569 -0.041182 0.073151 -0.106828 0.990727
1552.699614 579.118168 -67.946430 -7.881235 -0.040126 0.070565 -0.102891 0.991375
1552.799452 579.284043 -67.970586 -7.886672 -0.037951 0.065184 -0.100627 0.992061
1552.899286 579.457736 -67.996214 -7.891984 -0.037296 0.061023 -0.100445 0.992369
1552.999133 579.624777 -68.029172 -7.895642 -0.036939 0.060667 -0.099939 0.992455
1553.099765 579.793121 -68.064608 -7.899982 -0.037256 0.061794 -0.099171 0.992451
1553.199613 579.955631 -68.096733 -7.904187 -0.034136 0.063730 -0.098773 0.992480
1553.299442 580.110267 -68.123624 -7.910085 -0.034775 0.062302 -0.098107 0.992615
1553.399285 580.266061 -68.152017 -7.916384 -0.041327 0.060158 -0.097049 0.992600
1553.499116 580.431920 -68.180198 -7.924456 -0.041284 0.058331 -0.094665 0.992941
1553.599753 580.592656 -68.204838 -7.931123 -0.043281 0.058960 -0.090034 0.993249
1553.699588 580.748437 -68.225464 -7.935949 -0.044531 0.061730 -0.084701 0.993495
1553.799432 580.906430 -68.249919 -7.940305 -0.046487 0.060558 -0.078889 0.993956
1553.899266 581.069842 -68.273866 -7.950949 -0.045679 0.058402 -0.073737 0.994518
1553.999510 581.241026 -68.298524 -7.959208 -0.044251 0.059048 -0.069243 0.994867
1554.099354 581.412424 -68.323102 -7.966450 -0.043478 0.059731 -0.065064 0.995142
1554.199190 581.580735 -68.342159 -7.971213 -0.041441 0.061003 -0.062078 0.995343
1554.299825 581.755545 -68.362469 -7.976814 -0.038446 0.061409 -0.060519 0.995534
1554.399657 581.927192 -68.383622 -7.982987 -0.039645 0.060633 -0.060722 0.995522
1554.499492 582.087137 -68.402645 -7.990641 -0.038143 0.060210 -0.061067 0.995586
1554.599339 582.239011 -68.420367 -7.996499 -0.038038 0.058885 -0.061122 0.995665
1554.699172 582.398259 -68.436099 -7.999927 -0.037377 0.057320 -0.061200 0.995777
1554.799819 582.551318 -68.452355 -8.000946 -0.036084 0.057448 -0.061298 0.995811
1554.899656 582.711232 -68.471439 -8.005800 -0.034977 0.058053 -0.060958 0.995837
1554.999498 582.865933 -68.489513 -8.016768 -0.037309 0.059611 -0.060816 0.995669
1555.099340 583.020729 -68.507942 -8.025781 -0.039406 0.062760 -0.060883 0.995390
1555.199171 583.176895 -68.528710 -8.035724 -0.039111 0.066185 -0.060891 0.995179
1555.299819 583.335368 -68.549358 -8.044241 -0.036592 0.066053 -0.061218 0.995264
1555.399668 583.499638 -68.569199 -8.050596 -0.033868 0.063533 -0.061628 0.995499
1555.499519 583.667523 -68.591290 -8.053689 -0.033184 0.061933 -0.061784 0.995613
1555.599355 583.831737 -68.614585 -8.062215 -0.035291 0.061899 -0.062076 0.995525
1555.699204 583.993572 -68.638096 -8.073661 -0.037175 0.062697 -0.062101 0.995405
1555.799462 584.146093 -68.659003 -8.078974 -0.038825 0.062846 -0.062013 0.995338
1555.899311 584.299822 -68.678140 -8.079469 -0.037492 0.062141 -0.061826 0.995445
1555.999141 584.446404 -68.697552 -8.080156 -0.034409 0.059726 -0.060794 0.995768
1556.099775 584.597045 -68.719247 -8.089760 -0.036444 0.059459 -0.060450 0.995732
1556.199605 584.740222 -68.739166 -8.105140 -0.041121 0.062857 -0.060624 0.995330
1556.299445 584.885202 -68.759660 -8.118871 -0.041966 0.065214 -0.060720 0.995138
1556.399285 585.043969 -68.777893 -8.127526 -0.040740 0.065221 -0.061274 0.995154
1556.499126 585.202775 -68.796911 -8.126346 -0.037855 0.064442 -0.061652 0.995296
1556.599757 585.354866 -68.817114 -8.126841 -0.036416 0.062918 -0.061791 0.995438
1556.699586 585.501928 -68.840165 -8.133798 -0.034187 0.059788 -0.061370 0.995736
1556.799417 585.647270 -68.861804 -8.147342 -0.035973 0.059022 -0.061187 0.995730
1556.899252 585.791443 -68.883965 -8.152312 -0.038711 0.062060 -0.061317 0.995435
1556.999484 585.934950 -68.901233 -8.153944 -0.039116 0.062322 -0.061617 0.995384
1557.099317 586.088153 -68.918088 -8.154044 -0.036856 0.061798 -0.062036 0.995477
1557.199158 586.254425 -68.937313 -8.162236 -0.036531 0.061073 -0.062116 0.995529
1557.299794 586.413676 -68.958009 -8.170556 -0.037487 0.059366 -0.061767 0.995618
1557.399631 586.574611 -68.981645 -8.181113 -0.038222 0.059918 -0.061914 0.995548
1557.499481 586.729419 -69.005299 -8.187565 -0.036910 0.061539 -0.061802 0.995505
1557.599316 586.879130 -69.026520 -8.198030 -0.034877 0.061583 -0.061883 0.995571
1557.699153 587.026957 -69.045009 -8.201915 -0.035245 0.062277 -0.062057 0.995504
1557.799787 587.193876 -69.068152 -8.207210 -0.035563 0.060704 -0.061912 0.995599
1557.899627 587.354326 -69.085666 -8.212344 -0.037131 0.061459 -0.062269 0.995473
1557.999458 587.508121 -69.107156 -8.220105 -0.037647 0.061522 -0.062750 0.995420
1558.099298 587.651987 -69.130505 -8.228773 -0.037303 0.062174 -0.063043 0.995374
1558.199135 587.787783 -69.152845 -8.232259 -0.038282 0.064022 -0.062620 0.995246
1558.299782 587.933033 -69.170622 -8.241937 -0.040166 0.064010 -0.061981 0.995212
1558.399624 588.075105 -69.188335 -8.254071 -0.040162 0.063212 -0.061734 0.995279
1558.499455 588.217670 -69.207362 -8.259646 -0.038276 0.060772 -0.061680 0.995509
1558.599293 588.360752 -69.227208 -8.252864 -0.036287 0.060767 -0.062189 0.995552
1558.699124 588.500168 -69.248299 -8.250986 -0.036416 0.059869 -0.062377 0.995590
1558.799773 588.651321 -69.271558 -8.255886 -0.038608 0.057290 -0.062142 0.995673
1558.899617 588.813417 -69.291313 -8.264889 -0.037773 0.056872 -0.062282 0.995721
1558.999444 588.967430 -69.311365 -8.276528 -0.036601 0.058067 -0.062169 0.995703
1559.099293 589.122677 -69.331379 -8.290046 -0.038724 0.059226 -0.061997 0.995565
1559.199124 589.278290 -69.351226 -8.301338 -0.040955 0.059516 -0.061850 0.995467
1559.299772 589.436205 -69.377555 -8.303332 -0.040558 0.059920 -0.061446 0.995484
1559.399620 589.587690 -69.398258 -8.299369 -0.039602 0.059692 -0.061487 0.995534
1559.499476 589.738681 -69.418634 -8.303572 -0.039623 0.060731 -0.061855 0.995447
1559.599308 589.892647 -69.437746 -8.312116 -0.038062 0.061631 -0.062814 0.995393
1559.699137 590.044759 -69.457190 -8.321402 -0.034691 0.059737 -0.062763 0.995635
1559.799760 590.182491 -69.473412 -8.333319 -0.034741 0.058082 -0.062357 0.995757
1559.899604 590.315741 -69.491453 -8.340416 -0.036598 0.061550 -0.062280 0.995487
1559.999440 590.451783 -69.511742 -8.342882 -0.038781 0.063255 -0.062183 0.995303
1560.099285 590.590807 -69.533348 -8.341024 -0.037232 0.064071 -0.061490 0.995353
1560.199138 590.732656 -69.552096 -8.350395 -0.037465 0.063848 -0.061471 0.995360
1560.299765 590.874326 -69.573379 -8.360621 -0.037648 0.065443 -0.061882 0.995224
1560.399608 591.017056 -69.595244 -8.370253 -0.037295 0.065652 -0.061930 0.995220
1560.499449 591.160015 -69.612813 -8.377456 -0.037623 0.066932 -0.061982 0.995119
1560.599278 591.297697 -69.630312 -8.379021 -0.037819 0.066766 -0.061583 0.995148
1560.699121 591.442779 -69.651153 -8.383837 -0.038870 0.065728 -0.061832 0.995161
1560.799771 591.595771 -69.673856 -8.390817 -0.038670 0.065385 -0.062143 0.995172
1560.899620 591.745513 -69.695118 -8.395606 -0.038099 0.065523 -0.062103 0.995188
1560.999461 591.895278 -69.714363 -8.401069 -0.038561 0.063470 -0.061835 0.995320
1561.099300 592.047528 -69.736043 -8.405845 -0.039261 0.060517 -0.061592 0.995491
1561.199127 592.198291 -69.758822 -8.409888 -0.039072 0.060433 -0.061635 0.995501
1561.299741 592.346868 -69.783039 -8.424863 -0.038363 0.062660 -0.061801 0.995381
1561.399593 592.489969 -69.805694 -8.441492 -0.037480 0.063382 -0.061714 0.995374
1561.499425 592.635149 -69.827153 -8.451188 -0.037649 0.063474 -0.061862 0.995353
1561.599266 592.786306 -69.847505 -8.450807 -0.038832 0.062638 -0.061626 0.995375
1561.699500 592.940248 -69.869351 -8.457793 -0.041748 0.062713 -0.061293 0.995273
1561.799349 593.094233 -69.895279 -8.473508 -0.043363 0.065635 -0.061091 0.995027
1561.899190 593.234318 -69.916015 -8.494674 -0.042538 0.068481 -0.061067 0.994873
1561.999826 593.378698 -69.939999 -8.511333 -0.040547 0.065805 -0.060956 0.995143
1562.099659 593.531683 -69.961893 -8.523850 -0.038509 0.064560 -0.061392 0.995279
1562.199516 593.691570 -69.977012 -8.527435 -0.037841 0.066276 -0.062063 0.995150
1562.299363 593.853432 -69.999163 -8.530988 -0.038516 0.067675 -0.062258 0.995018
1562.399217 594.012744 -70.023928 -8.537680 -0.037857 0.066382 -0.062539 0.995113
1562.499466 594.170028 -70.053242 -8.551081 -0.037553 0.063435 -0.062207 0.995337
1562.599304 594.332123 -70.074756 -8.561215 -0.035533 0.060106 -0.061457 0.995664
1562.699151 594.491331 -70.094251 -8.565759 -0.038548 0.061800 -0.061486 0.995447
1562.799792 594.661044 -70.114578 -8.571232 -0.040308 0.061593 -0.061343 0.995399
1562.899636 594.827660 -70.135277 -8.576176 -0.040079 0.063138 -0.061560 0.995298
1562.999473 594.982620 -70.156870 -8.581522 -0.039232 0.063446 -0.062080 0.995280
1563.099301 595.139055 -70.179963 -8.591074 -0.038486 0.063346 -0.062457 0.995292
1563.199126 595.287661 -70.202332 -8.601536 -0.038048 0.063780 -0.061725 0.995326
1563.299772 595.430604 -70.221561 -8.607416 -0.040644 0.064121 -0.060899 0.995253
1563.399610 595.576652 -70.239284 -8.611691 -0.041568 0.063789 -0.060811 0.995241
1563.499438 595.730909 -70.260681 -8.618109 -0.040639 0.063213 -0.060977 0.995306
1563.599278 595.886524 -70.284047 -8.622386 -0.038422 0.062656 -0.060995 0.995428
1563.699127 596.046823 -70.304994 -8.628685 -0.037383 0.063437 -0.061551 0.995384
1563.799761 596.202578 -70.325670 -8.637976 -0.038074 0.063708 -0.061439 0.995348
1563.899602 596.358895 -70.346404 -8.648027 -0.039214 0.064249 -0.060764 0.995310
1563.999436 596.517054 -70.365933 -8.650293 -0.041391 0.062040 -0.060662 0.995368
1564.099277 596.681142 -70.387484 -8.653571 -0.042164 0.059757 -0.060956 0.995457
1564.199120 596.845000 -70.410497 -8.663145 -0.041601 0.061388 -0.061331 0.995359
1564.299759 597.005592 -70.432829 -8.674814 -0.040066 0.064454 -0.062144 0.995178
1564.399593 597.164887 -70.454364 -8.684572 -0.040409 0.065834 -0.062665 0.995041
1564.499428 597.324162 -70.475417 -8.686189 -0.039502 0.063067 -0.062935 0.995239
1564.599263 597.486726 -70.496715 -8.686667 -0.039423 0.059630 -0.063262 0.995434
1564.699506 597.639954 -70.517185 -8.690382 -0.041612 0.056189 -0.063498 0.995530
1564.799351 597.794109 -70.539937 -8.696493 -0.039898 0.054208 -0.063802 0.995690
1564.899191 597.952831 -70.564860 -8.706452 -0.036850 0.054694 -0.063469 0.995802
1564.999844 598.113600 -70.585286 -8.715698 -0.040019 0.057831 -0.063556 0.995497
1565.099665 598.280265 -70.609169 -8.723252 -0.043418 0.060748 -0.062908 0.995222
1565.199515 598.442899 -70.635097 -8.729099 -0.044205 0.063707 -0.062273 0.995042
1565.299342 598.593202 -70.661135 -8.741461 -0.041572 0.065739 -0.061912 0.995046
1565.399187 598.738765 -70.685851 -8.748535 -0.039186 0.065053 -0.061822 0.995194
1565.499826 598.883585 -70.703593 -8.749087 -0.038892 0.063775 -0.061775 0.995291
1565.599659 599.025171 -70.718430 -8.745541 -0.039545 0.061895 -0.061527 0.995399
1565.699499 599.170641 -70.737239 -8.744156 -0.039886 0.060766 -0.061149 0.995478
1565.799336 599.312463 -70.757436 -8.755139 -0.039581 0.063164 -0.061363 0.995328
1565.899164 599.454752 -70.781581 -8.769373 -0.041141 0.064350 -0.061123 0.995204
1565.999816 599.602123 -70.805637 -8.779373 -0.041289 0.062961 -0.061138 0.995286
1566.099663 599.750140 -70.823014 -8.786664 -0.039956 0.060639 -0.061547 0.995459
1566.199497 599.901520 -70.841672 -8.786737 -0.038795 0.060239 -0.061702 0.995520
1566.299316 600.061753 -70.859838 -8.790401 -0.040225 0.060080 -0.061614 0.995478
1566.399149 600.226031 -70.878741 -8.799572 -0.041210 0.061231 -0.061770 0.995358
1566.499787 600.380204 -70.896030 -8.809049 -0.041642 0.062268 -0.061727 0.995278
1566.599625 600.530108 -70.915394 -8.815074 -0.038507 0.064687 -0.061868 0.995241
1566.699464 600.686519 -70.935081 -8.822401 -0.036071 0.065754 -0.062418 0.995228
1566.799317 600.838360 -70.959609 -8.830213 -0.036867 0.064619 -0.062239 0.995285
1566.899159 600.983217 -70.983231 -8.837107 -0.038096 0.062993 -0.062429 0.995331
1566.999793 601.121799 -71.002799 -8.843968 -0.040777 0.061157 -0.062684 0.995323
1567.099626 601.259635 -71.020516 -8.849233 -0.041390 0.059760 -0.062293 0.995407
1567.199471 601.399070 -71.038590 -8.856677 -0.039818 0.059986 -0.062246 0.995461
1567.299308 601.540544 -71.061973 -8.861195 -0.039984 0.061462 -0.062189 0.995367
1567.399153 601.680888 -71.082789 -8.868145 -0.040389 0.062487 -0.062596 0.995262
1567.499806 601.821903 -71.103699 -8.874687 -0.041243 0.062387 -0.062610 0.995232
1567.599657 601.969458 -71.121377 -8.879448 -0.041251 0.061952 -0.062629 0.995258
1567.699497 602.119688 -71.139343 -8.888736 -0.040506 0.058698 -0.062429 0.995498
1567.799354 602.267040 -71.162390 -8.894922 -0.039878 0.055677 -0.062247 0.995708
1567.899188 602.409796 -71.186943 -8.902785 -0.040029 0.055006 -0.062391 0.995731
1567.999825 602.547193 -71.207523 -8.911636 -0.039703 0.055327 -0.062659 0.995709
1568.099661 602.695715 -71.225192 -8.914369 -0.041352 0.057387 -0.063043 0.995501
1568.199511 602.843545 -71.242849 -8.916753 -0.042646 0.059153 -0.062998 0.995346
1568.299362 602.977797 -71.262353 -8.922510 -0.041362 0.058390 -0.062458 0.995479
1568.399186 603.104329 -71.284839 -8.929740 -0.039292 0.058218 -0.062150 0.995592
1568.499824 603.239018 -71.308209 -8.938426 -0.040717 0.059898 -0.062465 0.995416
1568.599658 603.376123 -71.331302 -8.945696 -0.043324 0.060853 -0.062805 0.995226
1568.699493 603.521398 -71.350085 -8.955281 -0.042938 0.059319 -0.062881 0.995331
1568.799332 603.661621 -71.361647 -8.966616 -0.042142 0.059627 -0.063350 0.995317
1568.899180 603.795090 -71.380609 -8.975830 -0.039848 0.056244 -0.063101 0.995624
1568.999800 603.932792 -71.399171 -8.986747 -0.039118 0.054663 -0.062775 0.995762
1569.099654 604.064601 -71.421145 -8.994501 -0.036895 0.054948 -0.062513 0.995847
1569.199495 604.191798 -71.442008 -9.010661 -0.038363 0.056682 -0.062312 0.995707
1569.299340 604.323306 -71.459695 -9.024275 -0.043383 0.061669 -0.062842 0.995171
1569.399179 604.452749 -71.477305 -9.038637 -0.045724 0.063483 -0.063101 0.994936
1569.499813 604.575181 -71.493398 -9.050652 -0.043640 0.060041 -0.063207 0.995236
1569.599637 604.703468 -71.510758 -9.068004 -0.040411 0.056402 -0.063544 0.995564
1569.699468 604.836053 -71.532364 -9.083870 -0.038556 0.057173 -0.063772 0.995579
1569.799323 604.975311 -71.551582 -9.091676 -0.038703 0.059681 -0.064050 0.995408
1569.899156 605.112919 -71.568352 -9.097577 -0.040478 0.060390 -0.063996 0.995299
1569.999796 605.250425 -71.584783 -9.101950 -0.041661 0.059638 -0.064022 0.995293
1570.099629 605.374775 -71.604197 -9.102900 -0.042551 0.057192 -0.063925 0.995406
1570.199472 605.499264 -71.622905 -9.111085 -0.041778 0.056471 -0.064328 0.995453
1570.299318 605.622205 -71.643311 -9.119331 -0.040720 0.057765 -0.064517 0.995411
1570.399165 605.745234 -71.660869 -9.128256 -0.038394 0.058912 -0.064342 0.995447
1570.499812 605.872061 -71.675226 -9.134207 -0.037934 0.058442 -0.064283 0.995496
1570.599645 605.996186 -71.689862 -9.140191 -0.040896 0.057693 -0.064945 0.995380
1570.699483 606.113381 -71.710287 -9.142951 -0.043115 0.056978 -0.064509 0.995356
1570.799323 606.233661 -71.730685 -9.143619 -0.047026 0.056060 -0.064356 0.995241
1570.899163 606.360916 -71.749659 -9.146369 -0.048302 0.057519 -0.064093 0.995113
1570.999789 606.488075 -71.765655 -9.154004 -0.044337 0.060874 -0.064458 0.995075
1571.099621 606.614196 -71.780087 -9.165795 -0.038760 0.061179 -0.065065 0.995249
1571.199467 606.741794 -71.796482 -9.171664 -0.035724 0.059953 -0.065347 0.995419
1571.299313 606.856484 -71.816084 -9.170027 -0.037264 0.057438 -0.065151 0.995524
1571.399156 606.970698 -71.832158 -9.171258 -0.040109 0.056423 -0.065050 0.995478
1571.499801 607.091272 -71.847529 -9.177485 -0.041013 0.057350 -0.065153 0.995381
1571.599639 607.217504 -71.863595 -9.182812 -0.041033 0.060023 -0.065001 0.995233
1571.699468 607.335283 -71.883798 -9.190200 -0.042675 0.061626 -0.064434 0.995103
1571.799306 607.454595 -71.903506 -9.197399 -0.044102 0.061936 -0.064305 0.995030
1571.899145 607.584268 -71.920815 -9.202927 -0.042275 0.060377 -0.064542 0.995189
1571.999788 607.706159 -71.937268 -9.204410 -0.040397 0.060207 -0.065275 0.995230
1572.099630 607.833926 -71.955933 -9.209346 -0.038365 0.061479 -0.065691 0.995205
1572.199464 607.966192 -71.975556 -9.213378 -0.039651 0.063360 -0.065668 0.995038
1572.299309 608.092244 -71.991161 -9.218162 -0.041223 0.063492 -0.065475 0.994979
1572.399155 608.216184 -72.007472 -9.226129 -0.040568 0.062228 -0.065307 0.995096
1572.499806 608.341379 -72.025637 -9.235083 -0.040954 0.062218 -0.064915 0.995107
1572.599640 608.462702 -72.044097 -9.233412 -0.040627 0.061775 -0.064786 0.995156
1572.699483 608.577269 -72.060096 -9.235699 -0.041483 0.059588 -0.064890 0.995248
1572.799311 608.689439 -72.075133 -9.245264 -0.042012 0.058878 -0.065202 0.995247
1572.899132 608.803615 -72.087574 -9.252841 -0.040830 0.061135 -0.065400 0.995147
1572.999772 608.924604 -72.102764 -9.255856 -0.039971 0.063688 -0.065344 0.995026
1573.099612 609.054613 -72.126426 -9.262055 -0.040103 0.063013 -0.065104 0.995079
1573.199455 609.192162 -72.150658 -9.262378 -0.040253 0.061026 -0.065175 0.995192
1573.299305 609.326618 -72.166459 -9.263260 -0.038999 0.059483 -0.065309 0.995327
1573.399146 609.461661 -72.182730 -9.268932 -0.039895 0.059799 -0.065131 0.995284
1573.499786 609.594223 -72.198838 -9.280862 -0.038546 0.063293 -0.064971 0.995132
1573.599626 609.715805 -72.218016 -9.289806 -0.039699 0.065798 -0.064639 0.994945
1573.699458 609.836231 -72.235475 -9.294947 -0.041763 0.066063 -0.064754 0.994836
1573.799291 609.957213 -72.252335 -9.297327 -0.042896 0.064867 -0.064810 0.994863
1573.899140 610.078948 -72.268475 -9.298970 -0.042793 0.063630 -0.065059 0.994931
1573.999783 610.203487 -72.284808 -9.301848 -0.041120 0.063087 -0.065296 0.995020
1574.099612 610.341389 -72.305030 -9.306792 -0.041440 0.063048 -0.065735 0.994981
1574.199451 610.475257 -72.326080 -9.315165 -0.039845 0.062605 -0.066095 0.995050
1574.299294 610.608038 -72.347061 -9.324872 -0.040750 0.061318 -0.066411 0.995072
1574.399116 610.733786 -72.365873 -9.329623 -0.041459 0.060791 -0.066340 0.995080
1574.499749 610.859355 -72.384705 -9.328126 -0.041860 0.061095 -0.065958 0.995070
1574.599589 610.986637 -72.404129 -9.329510 -0.042730 0.061831 -0.065965 0.994987
1574.699429 611.115125 -72.422448 -9.338532 -0.043556 0.062605 -0.065855 0.994910
1574.799289 611.249136 -72.444272 -9.346156 -0.043079 0.062773 -0.065985 0.994912
1574.899128 611.376428 -72.462636 -9.349493 -0.042849 0.061792 -0.065898 0.994989
1574.999754 611.510973 -72.482659 -9.352599 -0.042382 0.061036 -0.065536 0.995080
1575.099602 611.646375 -72.499989 -9.356173 -0.041626 0.061420 -0.065523 0.995089
1575.199422 611.772024 -72.517662 -9.361301 -0.042185 0.063495 -0.065405 0.994943
1575.299262 611.900102 -72.536521 -9.376373 -0.043078 0.064537 -0.065401 0.994838
1575.399504 612.037279 -72.560223 -9.399372 -0.042820 0.065202 -0.065546 0.994796
1575.499349 612.165677 -72.580713 -9.421488 -0.041284 0.064483 -0.065841 0.994888
1575.599172 612.305113 -72.599667 -9.438652 -0.041664 0.064055 -0.066378 0.994864
1575.699808 612.447273 -72.618243 -9.456411 -0.041220 0.063521 -0.066769 0.994891
1575.799642 612.581902 -72.638012 -9.478156 -0.039729 0.062822 -0.066807 0.994993
1575.899474 612.722133 -72.658197 -9.497868 -0.039847 0.063624 -0.066480 0.994960
1575.999301 612.854884 -72.678984 -9.513582 -0.041492 0.064596 -0.065962 0.994864
1576.099138 612.987197 -72.698769 -9.530322 -0.043027 0.064499 -0.065989 0.994804
1576.199772 613.129952 -72.719744 -9.545138 -0.042151 0.065829 -0.066164 0.994742
1576.299618 613.266655 -72.741443 -9.560272 -0.041122 0.067576 -0.066201 0.994666
1576.399462 613.409101 -72.766976 -9.575749 -0.040509 0.069577 -0.066003 0.994566
1576.499306 613.559782 -72.789121 -9.594394 -0.040298 0.070130 -0.065993 0.994536
1576.599146 613.711574 -72.808974 -9.610212 -0.040803 0.067522 -0.065578 0.994724
1576.699780 613.861800 -72.830773 -9.619302 -0.042696 0.063408 -0.065384 0.994928
1576.799612 614.006677 -72.854962 -9.626982 -0.045796 0.058474 -0.065086 0.995112
1576.899475 614.143698 -72.877137 -9.640265 -0.044380 0.058495 -0.065305 0.995160
1576.999318 614.278956 -72.898216 -9.656986 -0.042673 0.064571 -0.066017 0.994812
1577.099173 614.421976 -72.918304 -9.672953 -0.041117 0.068407 -0.066419 0.994595
1577.199814 614.575461 -72.937279 -9.686417 -0.039496 0.066967 -0.066835 0.994730
1577.299641 614.727356 -72.963341 -9.693827 -0.038956 0.063185 -0.066852 0.994998
1577.399480 614.870247 -72.985284 -9.694308 -0.039141 0.059906 -0.066897 0.995190
1577.499317 615.006452 -73.004064 -9.699078 -0.040716 0.059128 -0.066979 0.995168
1577.599146 615.159610 -73.023077 -9.713853 -0.041562 0.060588 -0.066992 0.995045
1577.699788 615.315943 -73.044920 -9.729362 -0.041864 0.061332 -0.066582 0.995014
1577.799630 615.464604 -73.070216 -9.743922 -0.042398 0.059952 -0.066267 0.995096
1577.899481 615.610922 -73.093225 -9.747699 -0.042352 0.059673 -0.066762 0.995082
1577.999337 615.751754 -73.113438 -9.748567 -0.043098 0.061867 -0.067604 0.994859
1578.099172 615.891506 -73.131557 -9.760731 -0.041391 0.063717 -0.068158 0.994777
1578.199797 616.029770 -73.155204 -9.780018 -0.039937 0.064885 -0.068040 0.994769
1578.299631 616.173877 -73.176480 -9.798422 -0.040664 0.064940 -0.067798 0.994753
1578.399467 616.318474 -73.201894 -9.808119 -0.041726 0.064028 -0.067339 0.994799
1578.499302 616.464100 -73.224215 -9.810573 -0.043463 0.062837 -0.067092 0.994817
1578.599148 616.616049 -73.247855 -9.813825 -0.043115 0.061702 -0.066852 0.994919
1578.699797 616.769946 -73.269340 -9.832922 -0.042740 0.060730 -0.067242 0.994969
1578.799654 616.912571 -73.290450 -9.853933 -0.041564 0.059225 -0.067454 0.995095
1578.899508 617.057721 -73.310181 -9.863449 -0.040343 0.056911 -0.068016 0.995242
1578.999350 617.204466 -73.329778 -9.869482 -0.041194 0.054979 -0.068591 0.995277
1579.099187 617.345863 -73.354799 -9.872370 -0.041863 0.054068 -0.068868 0.995280
1579.199810 617.487704 -73.380901 -9.874910 -0.042431 0.053436 -0.068661 0.995304
1579.299658 617.636999 -73.404592 -9.879432 -0.043851 0.052027 -0.068009 0.995362
1579.399508 617.776371 -73.422610 -9.885835 -0.044454 0.050079 -0.067003 0.995503
1579.499354 617.904703 -73.437722 -9.894339 -0.042773 0.050066 -0.066110 0.995637
1579.599195 618.026419 -73.453964 -9.899428 -0.044227 0.053563 -0.065767 0.995414
1579.699835 618.144998 -73.476975 -9.904020 -0.047042 0.056557 -0.066260 0.995087
1579.799686 618.271742 -73.502992 -9.905956 -0.047967 0.057054 -0.066405 0.995005
1579.899528 618.407540 -73.527431 -9.909152 -0.046062 0.055398 -0.066603 0.995175
1579.999373 618.543364 -73.545669 -9.913552 -0.042430 0.055454 -0.067393 0.995280
1580.099223 618.683560 -73.557433 -9.917407 -0.041506 0.055992 -0.068375 0.995222
1580.199459 618.822598 -73.575120 -9.925358 -0.041450 0.054340 -0.068952 0.995276
1580.299307 618.954954 -73.600284 -9.932589 -0.041317 0.054473 -0.068979 0.995273
1580.399142 619.092609 -73.625180 -9.936662 -0.040618 0.054446 -0.068348 0.995346
1580.499784 619.227586 -73.645060 -9.938329 -0.045455 0.054844 -0.067308 0.995186
1580.599617 619.347835 -73.662124 -9.939677 -0.047784 0.056325 -0.066616 0.995041
1580.699458 619.462517 -73.679711 -9.943048 -0.049885 0.057749 -0.066042 0.994895
1580.799282 619.579813 -73.700004 -9.944959 -0.047757 0.060999 -0.065925 0.994813
1580.899118 619.703199 -73.718080 -9.945557 -0.044312 0.067327 -0.066608 0.994518
1580.999755 619.822168 -73.729161 -9.956278 -0.041125 0.069695 -0.067277 0.994447
1581.099603 619.944615 -73.741364 -9.967948 -0.040157 0.067584 -0.067510 0.994617
1581.199436 620.064672 -73.759814 -9.972721 -0.038502 0.063435 -0.067273 0.994971
1581.299281 620.199937 -73.779647 -9.970664 -0.039874 0.064166 -0.067523 0.994853
1581.399131 620.340615 -73.806132 -9.964853 -0.039884 0.064773 -0.067673 0.994804
1581.499779 620.473633 -73.823488 -9.978503 -0.040015 0.064650 -0.067683 0.994806
1581.599617 620.601308 -73.838118 -9.997384 -0.041465 0.064451 -0.067687 0.994759
1581.699446 620.730378 -73.852060 -10.012619 -0.042514 0.063455 -0.067853 0.994767
1581.799271 620.857785 -73.869202 -10.013713 -0.043600 0.062888 -0.067629 0.994772
1581.899496 620.989324 -73.889543 -10.012919 -0.043142 0.063240 -0.067468 0.994780
1581.999326 621.128824 -73.907419 -10.017062 -0.043484 0.064819 -0.067684 0.994649
1582.099160 621.264038 -73.928047 -10.019763 -0.045564 0.065506 -0.067302 0.994537
1582.199804 621.394763 -73.944752 -10.021119 -0.047402 0.064843 -0.067281 0.994496
1582.299657 621.523711 -73.960022 -10.024501 -0.047829 0.062331 -0.067220 0.994640
1582.399497 621.648686 -73.973517 -10.033278 -0.049460 0.059757 -0.067005 0.994733
1582.499333 621.779587 -73.986648 -10.041710 -0.050229 0.058069 -0.067056 0.994791
1582.599167 621.911071 -74.003658 -10.043786 -0.052611 0.057923 -0.066702 0.994700
1582.699806 622.046537 -74.024420 -10.047888 -0.057103 0.056514 -0.066335 0.994558
1582.799652 622.178903 -74.037074 -10.054291 -0.057431 0.057525 -0.066587 0.994464
1582.899484 622.314925 -74.036322 -10.066059 -0.053339 0.061155 -0.066678 0.994469
1582.999328 622.455759 -74.038451 -10.074463 -0.049592 0.064535 -0.066786 0.994442
1583.099168 622.591616 -74.036840 -10.076655 -0.047850 0.064148 -0.066872 0.994547
1583.199809 622.723623 -74.038592 -10.078410 -0.048358 0.064551 -0.066693 0.994508
1583.299648 622.855076 -74.043463 -10.083915 -0.047035 0.065996 -0.065727 0.994541
1583.399471 622.985788 -74.049331 -10.096010 -0.046972 0.065942 -0.064878 0.994604
1583.499318 623.119185 -74.053339 -10.108203 -0.048168 0.063070 -0.064239 0.994774
1583.599159 623.245957 -74.053437 -10.113328 -0.047390 0.059693 -0.064107 0.995028
1583.699809 623.376369 -74.049532 -10.117993 -0.049087 0.059103 -0.064628 0.994947
1583.799650 623.520545 -74.048336 -10.125200 -0.047409 0.059596 -0.065427 0.994947
1583.899491 623.663048 -74.049800 -10.132580 -0.043017 0.059227 -0.066024 0.995129
1583.999344 623.795676 -74.054427 -10.141662 -0.037394 0.059649 -0.068744 0.995147
1584.099176 623.929599 -74.056291 -10.146850 -0.034517 0.059616 -0.073390 0.994921
1584.199815 624.074738 -74.056179 -10.158404 -0.035499 0.058327 -0.078744 0.994554
1584.299646 624.220137 -74.068198 -10.164165 -0.033328 0.056845 -0.084783 0.994218
1584.399501 624.352174 -74.082630 -10.167791 -0.036572 0.053973 -0.090828 0.993730
1584.499335 624.480728 -74.085807 -10.177877 -0.041754 0.053328 -0.095287 0.993143
1584.599165 624.611071 -74.098066 -10.187782 -0.044728 0.053813 -0.095567 0.992960
1584.699794 624.740725 -74.111211 -10.190717 -0.044295 0.055426 -0.095310 0.992916
1584.799640 624.870344 -74.122120 -10.199143 -0.045986 0.056239 -0.094993 0.992824
1584.899478 625.000363 -74.127237 -10.213449 -0.046186 0.058215 -0.094867 0.992713
1584.999317 625.130506 -74.139167 -10.206933 -0.045236 0.061770 -0.094682 0.992559
1585.099153 625.259495 -74.152858 -10.206121 -0.043102 0.060062 -0.094743 0.992753
1585.199786 625.389985 -74.162363 -10.213115 -0.044743 0.055329 -0.094892 0.992941
1585.299626 625.518416 -74.174127 -10.223199 -0.046661 0.052975 -0.094898 0.992981
1585.399468 625.650402 -74.186142 -10.233083 -0.043200 0.052219 -0.094518 0.993214
1585.499315 625.776322 -74.195532 -10.237207 -0.042786 0.055433 -0.094500 0.993059
1585.599159 625.901805 -74.207033 -10.239480 -0.043643 0.056671 -0.094767 0.992926
1585.699788 626.029275 -74.220359 -10.241896 -0.044794 0.056351 -0.094921 0.992879
1585.799627 626.156671 -74.221888 -10.248063 -0.043255 0.056012 -0.095191 0.992940
1585.899481 626.279169 -74.234647 -10.260805 -0.042441 0.056630 -0.094974 0.992961
1585.999298 626.404433 -74.251530 -10.274061 -0.042375 0.057378 -0.095397 0.992880
1586.099136 626.522277 -74.265542 -10.278819 -0.042795 0.057805 -0.095952 0.992784
1586.199772 626.635988 -74.277457 -10.279824 -0.043007 0.055974 -0.095703 0.992904
1586.299613 626.754447 -74.290720 -10.282550 -0.043489 0.055933 -0.095592 0.992896
1586.399464 626.869152 -74.300252 -10.294769 -0.044995 0.056423 -0.095636 0.992797
1586.499313 626.985158 -74.307981 -10.313986 -0.044611 0.057624 -0.095820 0.992728
1586.599143 627.105178 -74.319700 -10.317359 -0.044664 0.057552 -0.095950 0.992717
1586.699785 627.223400 -74.335211 -10.309522 -0.043627 0.058428 -0.096225 0.992685
1586.799614 627.332952 -74.351202 -10.309018 -0.044098 0.059522 -0.096523 0.992570
1586.899466 627.445930 -74.366476 -10.323372 -0.045869 0.059206 -0.096446 0.992516
1586.999307 627.567065 -74.383068 -10.330112 -0.045901 0.059778 -0.096286 0.992496
1587.099144 627.682689 -74.395133 -10.333105 -0.045101 0.060977 -0.096515 0.992438
1587.199792 627.797457 -74.407850 -10.339201 -0.043971 0.061288 -0.096721 0.992449
1587.299625 627.914803 -74.425091 -10.343307 -0.043539 0.060312 -0.096790 0.992521
1587.399463 628.032878 -74.441406 -10.344029 -0.044747 0.060156 -0.096860 0.992470
1587.499307 628.149029 -74.455776 -10.340761 -0.045363 0.059972 -0.095968 0.992540
1587.599144 628.272982 -74.467085 -10.337265 -0.047133 0.059467 -0.093483 0.992725
1587.699802 628.402123 -74.484973 -10.349542 -0.047650 0.059787 -0.090104 0.992994
1587.799646 628.516845 -74.501890 -10.368821 -0.048235 0.060415 -0.086503 0.993248
1587.899499 628.626638 -74.515726 -10.383126 -0.049250 0.060361 -0.082416 0.993549
1587.999344 628.739465 -74.524641 -10.377408 -0.050145 0.059905 -0.078095 0.993880
1588.099196 628.850287 -74.536957 -10.368045 -0.046594 0.058541 -0.075397 0.994343
1588.199828 628.962940 -74.550744 -10.364440 -0.046145 0.057422 -0.074170 0.994521
1588.299669 629.079463 -74.560664 -10.380726 -0.048344 0.058195 -0.072924 0.994464
1588.399505 629.206944 -74.569709 -10.401796 -0.049432 0.060192 -0.070523 0.994465
1588.499337 629.335087 -74.581435 -10.405618 -0.046186 0.061654 -0.069484 0.994604
1588.599167 629.453684 -74.596340 -10.401836 -0.045121 0.060988 -0.069831 0.994670
1588.699808 629.572865 -74.600200 -10.402649 -0.043859 0.059257 -0.070168 0.994807
1588.799641 629.687045 -74.612041 -10.411047 -0.043832 0.058755 -0.069795 0.994864
1588.899462 629.795666 -74.628090 -10.413867 -0.043878 0.058776 -0.069366 0.994891
1588.999296 629.911692 -74.642343 -10.416562 -0.045323 0.058738 -0.069996 0.994785
1589.099119 630.028485 -74.653129 -10.423403 -0.043284 0.058962 -0.070395 0.994834
1589.199752 630.139075 -74.659548 -10.430467 -0.043155 0.059336 -0.070323 0.994822
1589.299584 630.245026 -74.672336 -10.449329 -0.043687 0.058771 -0.070051 0.994852
1589.399412 630.358899 -74.680251 -10.459887 -0.045099 0.059826 -0.070068 0.994725
1589.499257 630.467917 -74.687359 -10.468691 -0.044607 0.060417 -0.069642 0.994741
1589.599496 630.571718 -74.696916 -10.464545 -0.043695 0.061885 -0.070230 0.994650
1589.699337 630.684614 -74.718016 -10.463031 -0.042165 0.064087 -0.070646 0.994547
1589.799179 630.801490 -74.741261 -10.467408 -0.041775 0.065296 -0.070688 0.994482
1589.899822 630.921814 -74.758674 -10.465826 -0.040627 0.064707 -0.071051 0.994542
1589.999667 631.035571 -74.769863 -10.467943 -0.040051 0.063692 -0.070742 0.994653
1590.099490 631.149390 -74.782405 -10.472778 -0.040121 0.066844 -0.069314 0.994544
1590.199342 631.266418 -74.797701 -10.479835 -0.039597 0.066285 -0.067734 0.994711
1590.299193 631.382300 -74.819873 -10.485612 -0.039509 0.061667 -0.067070 0.995057
1590.399821 631.493573 -74.844685 -10.492598 -0.039449 0.056420 -0.066844 0.995386
1590.499669 631.609917 -74.867298 -10.495055 -0.039111 0.055608 -0.067340 0.995411
1590.599512 631.722199 -74.889967 -10.496321 -0.038258 0.055204 -0.067560 0.995452
1590.699347 631.833271 -74.909932 -10.499457 -0.036907 0.055226 -0.067918 0.995477
1590.799212 631.946165 -74.930405 -10.500801 -0.032985 0.056929 -0.068178 0.995501
1590.899450 632.065408 -74.963144 -10.502883 -0.031642 0.057263 -0.068134 0.995529
1590.999291 632.183443 -75.001009 -10.505466 -0.032726 0.056439 -0.068211 0.995535
1591.099123 632.296719 -75.031266 -10.513902 -0.036455 0.054917 -0.067929 0.995510
1591.199770 632.407138 -75.056133 -10.525668 -0.038691 0.053824 -0.067949 0.995484
1591.299603 632.507783 -75.094849 -10.530766 -0.035385 0.051962 -0.067543 0.995734
1591.399420 632.598344 -75.135244 -10.518737 -0.031293 0.048466 -0.067196 0.996071
1591.499264 632.685426 -75.166899 -10.509185 -0.029859 0.045666 -0.067214 0.996246
1591.599488 632.774967 -75.209713 -10.508255 -0.031529 0.043591 -0.066858 0.996311
1591.699335 632.866862 -75.253251 -10.516987 -0.038192 0.043435 -0.066533 0.996107
1591.799175 632.954690 -75.295911 -10.522798 -0.039170 0.045077 -0.065798 0.996044
1591.899815 633.046004 -75.338155 -10.523934 -0.034433 0.046748 -0.065297 0.996175
1591.999647 633.133148 -75.382475 -10.523478 -0.030638 0.047957 -0.065655 0.996218
1592.099487 633.223669 -75.430002 -10.521042 -0.030678 0.047482 -0.065995 0.996217
1592.199335 633.302866 -75.482758 -10.520741 -0.032837 0.044926 -0.065555 0.996296
1592.299161 633.374864 -75.534221 -10.521521 -0.035347 0.045079 -0.065355 0.996216
1592.399798 633.448765 -75.586923 -10.523110 -0.035199 0.046834 -0.065135 0.996155
1592.499642 633.523476 -75.641631 -10.524358 -0.036689 0.047967 -0.064887 0.996064
1592.599494 633.592591 -75.696674 -10.526293 -0.041568 0.048388 -0.063351 0.995950
1592.699335 633.659764 -75.749582 -10.522150 -0.048067 0.049907 -0.061205 0.995717
1592.799186 633.723704 -75.798878 -10.518964 -0.050606 0.052937 -0.059359 0.995547
1592.899834 633.782473 -75.851997 -10.520197 -0.048490 0.055186 -0.058847 0.995560
1592.999677 633.838489 -75.905187 -10.524060 -0.047421 0.058613 -0.059076 0.995402
1593.099511 633.895662 -75.956394 -10.526650 -0.046351 0.062055 -0.059345 0.995228
1593.199353 633.959485 -76.004895 -10.526891 -0.045961 0.064615 -0.059295 0.995086
1593.299195 634.029659 -76.054144 -10.523836 -0.046423 0.066059 -0.058792 0.995000
1593.399826 634.106551 -76.101302 -10.517148 -0.047201 0.067191 -0.058570 0.994901
1593.499678 634.186299 -76.149338 -10.521225 -0.048598 0.066826 -0.058928 0.994837
1593.599525 634.260912 -76.198248 -10.525087 -0.049753 0.066674 -0.059251 0.994771
1593.699359 634.333512 -76.242931 -10.525997 -0.051249 0.065567 -0.059428 0.994758
1593.799194 634.403175 -76.286145 -10.522466 -0.051945 0.064128 -0.059453 0.994814
1593.899839 634.466426 -76.327701 -10.521557 -0.053645 0.064410 -0.059766 0.994687
1593.999676 634.540669 -76.368966 -10.520640 -0.053743 0.065894 -0.059878 0.994577
1594.099512 634.619789 -76.410753 -10.518193 -0.051857 0.067958 -0.060088 0.994526
1594.199351 634.708961 -76.451994 -10.519075 -0.051321 0.069842 -0.060313 0.994410
1594.299204 634.801635 -76.482977 -10.527507 -0.053361 0.072805 -0.060435 0.994082
1594.399431 634.893272 -76.509331 -10.529750 -0.054566 0.074969 -0.060163 0.993872
1594.499254 634.994481 -76.542100 -10.533675 -0.054300 0.075039 -0.059904 0.993897
1594.599492 635.084476 -76.576728 -10.531591 -0.052482 0.074082 -0.059521 0.994090
1594.699335 635.178190 -76.606838 -10.534013 -0.051920 0.073972 -0.059518 0.994128
1594.799166 635.269713 -76.633230 -10.546351 -0.053807 0.073565 -0.059376 0.994066
1594.899801 635.368904 -76.655429 -10.550873 -0.056635 0.073525 -0.059507 0.993904
1594.999644 635.478465 -76.676430 -10.548627 -0.058189 0.073733 -0.059734 0.993785
1595.099489 635.590338 -76.694672 -10.547409 -0.058691 0.073209 -0.059837 0.993788
1595.199312 635.698956 -76.709931 -10.554849 -0.057689 0.073157 -0.060086 0.993836
1595.299161 635.805189 -76.729151 -10.571352 -0.057714 0.076623 -0.060226 0.993565
1595.399791 635.923087 -76.750449 -10.582679 -0.058651 0.080121 -0.060242 0.993233
1595.499618 636.043233 -76.764649 -10.585314 -0.061937 0.081811 -0.060455 0.992883
1595.599450 636.169699 -76.766217 -10.587472 -0.063756 0.081775 -0.060935 0.992741
1595.699295 636.300373 -76.765317 -10.591879 -0.063502 0.081557 -0.061039 0.992769
1595.799151 636.435822 -76.768857 -10.594413 -0.060403 0.082326 -0.060885 0.992908
1595.899806 636.571986 -76.777461 -10.599493 -0.058533 0.081554 -0.061164 0.993067
1595.999645 636.706982 -76.778271 -10.606755 -0.055790 0.080094 -0.061662 0.993313
1596.099479 636.842365 -76.774215 -10.612342 -0.050709 0.079340 -0.061793 0.993637
1596.199319 636.987343 -76.769180 -10.618712 -0.048040 0.077831 -0.061580 0.993903
1596.299161 637.137046 -76.763039 -10.623848 -0.046269 0.075457 -0.061060 0.994202
1596.399796 637.278511 -76.763980 -10.633463 -0.046136 0.072442 -0.060470 0.994468
1596.499635 637.430516 -76.764198 -10.641837 -0.045476 0.069660 -0.060481 0.994697
1596.599473 637.578068 -76.761508 -10.648426 -0.045596 0.065153 -0.060251 0.995011
1596.699297 637.724568 -76.754145 -10.658723 -0.045878 0.060826 -0.060496 0.995257
1596.799142 637.870259 -76.747837 -10.669069 -0.043464 0.058454 -0.061221 0.995463
1596.899784 638.021779 -76.746156 -10.683488 -0.044423 0.057919 -0.061651 0.995425
1596.999633 638.165764 -76.750013 -10.688393 -0.041990 0.056931 -0.063397 0.995478
1597.099473 638.308715 -76.755700 -10.690245 -0.043084 0.057382 -0.064410 0.995340
1597.199313 638.450439 -76.755805 -10.694906 -0.044135 0.058925 -0.064697 0.995186
1597.299165 638.594117 -76.754214 -10.705517 -0.045635 0.058233 -0.064181 0.995192
1597.399800 638.743536 -76.756734 -10.717063 -0.047460 0.056695 -0.063685 0.995227
1597.499624 638.886670 -76.759507 -10.722399 -0.048346 0.053841 -0.063560 0.995351
1597.599454 639.029684 -76.763856 -10.732699 -0.047893 0.050951 -0.063353 0.995538
1597.699289 639.171485 -76.768485 -10.748914 -0.046393 0.053443 -0.064339 0.995416
1597.799128 639.306978 -76.771975 -10.760370 -0.045098 0.056822 -0.064866 0.995254
1597.899759 639.438240 -76.774043 -10.781900 -0.047918 0.056959 -0.065139 0.995096
1597.999606 639.572725 -76.771550 -10.814987 -0.047867 0.057928 -0.064888 0.995059
1598.099449 639.701744 -76.768008 -10.844036 -0.045172 0.058674 -0.064935 0.995138
1598.199304 639.821689 -76.770385 -10.873757 -0.041087 0.057385 -0.065519 0.995352
1598.299148 639.953273 -76.782294 -10.908489 -0.036298 0.055804 -0.066579 0.995558
1598.399796 640.091831 -76.795491 -10.944691 -0.032647 0.057385 -0.067293 0.995546
1598.499634 640.230551 -76.795021 -10.986246 -0.035933 0.061114 -0.067575 0.995192
1598.599478 640.359133 -76.795755 -11.024358 -0.041691 0.065631 -0.067511 0.994684
1598.699317 640.476590 -76.799406 -11.058166 -0.044526 0.065403 -0.067077 0.994606
1598.799152 640.590437 -76.812012 -11.086530 -0.044719 0.063480 -0.065774 0.994809
1598.899782 640.705304 -76.821750 -11.120643 -0.046455 0.060274 -0.065091 0.994973
1598.999619 640.824658 -76.824495 -11.161027 -0.045891 0.058392 -0.065115 0.995110
1599.099443 640.944963 -76.839305 -11.207146 -0.045194 0.058163 -0.064995 0.995163
1599.199295 641.071371 -76.859607 -11.255351 -0.046092 0.062316 -0.064933 0.994875
1599.299130 641.193679 -76.867200 -11.297391 -0.045254 0.064446 -0.065243 0.994757
1599.399771 641.311288 -76.873440 -11.330411 -0.045344 0.063381 -0.064978 0.994839
1599.499628 641.426360 -76.881874 -11.350651 -0.046005 0.061340 -0.064312 0.994980
1599.599480 641.534017 -76.891392 -11.361603 -0.047356 0.061749 -0.063959 0.994914
1599.699326 641.659908 -76.898842 -11.375458 -0.046815 0.064141 -0.064232 0.994771
1599.799159 641.787548 -76.908672 -11.395570 -0.044745 0.066088 -0.064484 0.994722
1599.899802 641.905140 -76.919152 -11.410977 -0.043958 0.066056 -0.064450 0.994761
1599.999641 642.016527 -76.927492 -11.426196 -0.043671 0.065657 -0.064789 0.994779
1600.099478 642.130597 -76.934285 -11.435996 -0.043285 0.066777 -0.064796 0.994720
1600.199323 642.258963 -76.944018 -11.439166 -0.043893 0.068491 -0.064823 0.994575
1600.299156 642.394772 -76.955598 -11.442920 -0.044532 0.067994 -0.064845 0.994580
1600.399789 642.529159 -76.966346 -11.448268 -0.044187 0.066867 -0.064995 0.994662
1600.499640 642.654855 -76.976059 -11.452362 -0.044767 0.066157 -0.065111 0.994676
1600.599478 642.779295 -76.987504 -11.458824 -0.045257 0.064823 -0.064993 0.994749
1600.699313 642.895024 -76.997139 -11.468762 -0.044994 0.062877 -0.064840 0.994896
1600.799152 643.010082 -77.007496 -11.481870 -0.045490 0.060433 -0.064504 0.995047
1600.899782 643.130696 -77.019220 -11.483404 -0.045616 0.059303 -0.064236 0.995126
1600.999619 643.252847 -77.030034 -11.478406 -0.047629 0.058835 -0.064425 0.995047
1601.099467 643.374054 -77.038080 -11.479773 -0.045717 0.059303 -0.064460 0.995107
1601.199326 643.492031 -77.048132 -11.488019 -0.042805 0.059292 -0.064145 0.995258
1601.299169 643.613406 -77.053485 -11.494544 -0.040514 0.058996 -0.065553 0.995279
1601.399802 643.733567 -77.065578 -11.499079 -0.041255 0.057014 -0.067016 0.995267
1601.499630 643.845436 -77.079486 -11.503090 -0.041633 0.055425 -0.067779 0.995289
1601.599471 643.961761 -77.094767 -11.511349 -0.043462 0.055555 -0.070337 0.995026
1601.699318 644.076482 -77.110089 -11.515319 -0.044034 0.054004 -0.072955 0.994898
1601.799145 644.182806 -77.116788 -11.516535 -0.043956 0.053043 -0.075001 0.994801
1601.899774 644.291330 -77.124570 -11.517986 -0.042432 0.054029 -0.075138 0.994804
1601.999606 644.393557 -77.134268 -11.529560 -0.044599 0.055807 -0.074872 0.994631
1602.099443 644.496312 -77.149039 -11.541423 -0.046935 0.057142 -0.074662 0.994463
1602.199289 644.595811 -77.170567 -11.543576 -0.047551 0.057889 -0.074175 0.994427
1602.299131 644.699082 -77.190357 -11.538975 -0.046860 0.058956 -0.073648 0.994437
1602.399773 644.812562 -77.198730 -11.542460 -0.048479 0.060417 -0.071419 0.994434
1602.499625 644.921259 -77.203041 -11.552751 -0.048916 0.061274 -0.067828 0.994612
1602.599458 645.024417 -77.211575 -11.559401 -0.047888 0.060130 -0.064374 0.994961
1602.699302 645.125256 -77.221041 -11.555129 -0.046787 0.055266 -0.061618 0.995470
1602.799147 645.224901 -77.233559 -11.552482 -0.048350 0.053898 -0.059521 0.995598
1602.899795 645.318256 -77.242656 -11.557421 -0.048100 0.057131 -0.058922 0.995465
1602.999625 645.414898 -77.255812 -11.569991 -0.048377 0.059256 -0.059379 0.995300
1603.099462 645.522656 -77.274149 -11.582129 -0.046874 0.058381 -0.059466 0.995419
1603.199306 645.625858 -77.281479 -11.583843 -0.041528 0.056491 -0.059422 0.995768
1603.299136 645.724638 -77.286125 -11.581839 -0.041841 0.056425 -0.058963 0.995786
1603.399777 645.819459 -77.292650 -11.584201 -0.043473 0.056994 -0.058549 0.995708
1603.499620 645.916578 -77.298992 -11.599039 -0.043881 0.057253 -0.058788 0.995661
1603.599468 646.004310 -77.311195 -11.605851 -0.044160 0.056326 -0.059097 0.995683
1603.699314 646.095233 -77.321431 -11.602471 -0.045251 0.057246 -0.059103 0.995581
1603.799156 646.194673 -77.328633 -11.598608 -0.047624 0.056324 -0.058958 0.995532
1603.899798 646.288727 -77.334076 -11.609503 -0.048381 0.055875 -0.058380 0.995555
1603.999652 646.381302 -77.343943 -11.620132 -0.048223 0.058117 -0.057937 0.995460
1604.099499 646.471976 -77.361114 -11.630513 -0.047035 0.059494 -0.057949 0.995435
1604.199341 646.565530 -77.383954 -11.633129 -0.046497 0.061069 -0.058635 0.995324
1604.299198 646.657507 -77.398580 -11.639520 -0.044530 0.061392 -0.059190 0.995362
1604.399436 646.745161 -77.395740 -11.646722 -0.043993 0.060798 -0.059932 0.995378
1604.499261 646.828542 -77.391692 -11.648608 -0.045000 0.060514 -0.060038 0.995343
1604.599506 646.905003 -77.394818 -11.639551 -0.045605 0.060164 -0.059707 0.995357
1604.699344 646.985601 -77.410876 -11.636736 -0.046160 0.058471 -0.059440 0.995448
1604.799180 647.071798 -77.434392 -11.637382 -0.046468 0.057212 -0.058918 0.995538
1604.899825 647.157469 -77.439435 -11.645210 -0.046539 0.056600 -0.059046 0.995562
1604.999664 647.243297 -77.440294 -11.664552 -0.047298 0.056433 -0.058899 0.995545
1605.099508 647.329675 -77.447750 -11.661743 -0.046247 0.057146 -0.058687 0.995566
1605.199345 647.411762 -77.465910 -11.649260 -0.046808 0.056373 -0.058490 0.995595
1605.299183 647.485792 -77.480508 -11.640264 -0.048956 0.053899 -0.058896 0.995605
1605.399820 647.558599 -77.488476 -11.645605 -0.048474 0.053113 -0.059558 0.995632
1605.499666 647.646168 -77.489496 -11.660895 -0.048219 0.054056 -0.059879 0.995574
1605.599514 647.737310 -77.493113 -11.669942 -0.048248 0.054838 -0.059529 0.995551
1605.699363 647.820548 -77.508375 -11.675659 -0.050273 0.055809 -0.058678 0.995447
1605.799213 647.894172 -77.522183 -11.676859 -0.049975 0.058525 -0.058497 0.995317
1605.899463 647.967266 -77.524754 -11.678257 -0.047267 0.059804 -0.058784 0.995356
1605.999297 648.039774 -77.528035 -11.675608 -0.043208 0.057447 -0.058943 0.995670
1606.099141 648.113581 -77.539205 -11.672983 -0.040909 0.055509 -0.058875 0.995881
1606.199790 648.196553 -77.558772 -11.680882 -0.042034 0.056418 -0.058665 0.995795
1606.299639 648.279466 -77.570782 -11.697418 -0.043944 0.058165 -0.058388 0.995629
1606.399472 648.351942 -77.572942 -11.703011 -0.046431 0.060266 -0.058289 0.995397
1606.499306 648.425159 -77.579107 -11.703570 -0.046328 0.061195 -0.058158 0.995352
1606.599140 648.499073 -77.586156 -11.703960 -0.046531 0.061198 -0.058198 0.995340
1606.699776 648.576201 -77.593015 -11.709609 -0.046480 0.060526 -0.058329 0.995376
1606.799612 648.654979 -77.604446 -11.719162 -0.046271 0.061805 -0.058477 0.995299
1606.899446 648.733222 -77.617135 -11.723930 -0.045404 0.062765 -0.058293 0.995289
1606.999281 648.805887 -77.629413 -11.725376 -0.045762 0.063094 -0.058394 0.995246
1607.099123 648.871687 -77.641248 -11.724829 -0.046271 0.062758 -0.058241 0.995253
1607.199767 648.942031 -77.649336 -11.727494 -0.046988 0.061647 -0.058292 0.995286
1607.299616 649.016259 -77.656831 -11.731145 -0.046974 0.060642 -0.058243 0.995351
1607.399441 649.094589 -77.664594 -11.735758 -0.046856 0.060882 -0.057953 0.995359
1607.499297 649.168612 -77.670691 -11.737328 -0.046922 0.061871 -0.058128 0.995285
1607.599139 649.242672 -77.682416 -11.739139 -0.044088 0.059411 -0.058448 0.995545
1607.699770 649.319471 -77.694797 -11.736826 -0.043190 0.058337 -0.059434 0.995590
1607.799600 649.402545 -77.705016 -11.742166 -0.043981 0.059116 -0.060468 0.995447
1607.899446 649.487606 -77.713040 -11.755658 -0.044495 0.060935 -0.060675 0.995302
1607.999290 649.576320 -77.724827 -11.759763 -0.043656 0.063165 -0.060259 0.995225
1608.099124 649.666524 -77.740952 -11.765641 -0.043840 0.064683 -0.059464 0.995167
1608.199752 649.759222 -77.753229 -11.765235 -0.045290 0.063542 -0.058548 0.995230
1608.299587 649.845464 -77.755657 -11.773887 -0.051172 0.059157 -0.058257 0.995233
1608.399417 649.924824 -77.766977 -11.770291 -0.053809 0.057302 -0.057345 0.995255
1608.499259 650.001828 -77.775492 -11.766161 -0.052111 0.060718 -0.057809 0.995116
1608.599518 650.085257 -77.788464 -11.780200 -0.050180 0.066536 -0.058611 0.994796
1608.699375 650.169481 -77.802523 -11.794127 -0.046804 0.071172 -0.059390 0.994594
1608.799202 650.254919 -77.811070 -11.793726 -0.042703 0.067820 -0.059843 0.994985
1608.899450 650.334006 -77.822997 -11.781822 -0.040673 0.059322 -0.059844 0.995613
1608.999300 650.420017 -77.825722 -11.782518 -0.041875 0.053962 -0.060040 0.995856
1609.099133 650.505766 -77.832919 -11.786322 -0.041128 0.055145 -0.059519 0.995854
1609.199763 650.590793 -77.841464 -11.797153 -0.041701 0.057561 -0.058832 0.995734
1609.299607 650.678350 -77.859625 -11.817181 -0.044607 0.059250 -0.057992 0.995558
1609.399447 650.771564 -77.874128 -11.823742 -0.047876 0.061171 -0.057510 0.995318
1609.499286 650.862733 -77.883908 -11.819647 -0.049619 0.062359 -0.057366 0.995168
1609.599139 650.952874 -77.896438 -11.815263 -0.047780 0.061093 -0.057154 0.995348
1609.699788 651.038761 -77.910228 -11.817499 -0.046382 0.060868 -0.057186 0.995426
1609.799619 651.116248 -77.920824 -11.832888 -0.046046 0.062647 -0.057343 0.995323
1609.899458 651.189699 -77.936550 -11.843090 -0.046291 0.065006 -0.057266 0.995164
1609.999288 651.259124 -77.943268 -11.856817 -0.046969 0.066233 -0.057582 0.995033
1610.099137 651.334674 -77.954950 -11.871258 -0.046798 0.066418 -0.057533 0.995032
1610.199778 651.416263 -77.965856 -11.879627 -0.047484 0.064730 -0.057621 0.995106
1610.299616 651.497172 -77.974830 -11.892393 -0.046913 0.063263 -0.057808 0.995216
1610.399450 651.581434 -77.985108 -11.911164 -0.046266 0.062922 -0.057953 0.995260
1610.499294 651.668145 -77.999170 -11.931177 -0.045853 0.064144 -0.058045 0.995195
1610.599132 651.764303 -78.019898 -11.946235 -0.046386 0.064257 -0.058006 0.995166
1610.699777 651.859519 -78.033530 -11.958580 -0.047282 0.064399 -0.057840 0.995124
1610.799616 651.953602 -78.044706 -11.968074 -0.047236 0.063891 -0.057744 0.995164
1610.899475 652.053706 -78.055423 -11.977882 -0.046507 0.064219 -0.057911 0.995168
1610.999324 652.147322 -78.065592 -11.987748 -0.045676 0.065815 -0.057519 0.995125
1611.099169 652.229045 -78.077562 -11.997673 -0.047141 0.067570 -0.057148 0.994960
1611.199815 652.312834 -78.094420 -12.002793 -0.048145 0.067996 -0.057184 0.994881
1611.299652 652.399318 -78.112963 -12.008024 -0.047042 0.067371 -0.057087 0.994982
1611.399487 652.486512 -78.124464 -12.008246 -0.045578 0.066684 -0.057876 0.995051
1611.499330 652.582935 -78.126446 -12.009185 -0.043804 0.065135 -0.058035 0.995224
1611.599174 652.676856 -78.134713 -12.008955 -0.044579 0.064791 -0.057831 0.995224
1611.699821 652.774561 -78.145809 -12.014415 -0.046714 0.068004 -0.057564 0.994927
1611.799651 652.873529 -78.159141 -12.023663 -0.047373 0.071265 -0.057605 0.994665
1611.899500 652.966074 -78.176853 -12.029689 -0.045760 0.070489 -0.057682 0.994792
1611.999343 653.062971 -78.191589 -12.030432 -0.044085 0.066836 -0.058362 0.995080
1612.099193 653.160098 -78.202051 -12.026543 -0.043784 0.063928 -0.059089 0.995241
1612.199850 653.258648 -78.211241 -12.026044 -0.043967 0.063139 -0.059297 0.995271
1612.299680 653.359683 -78.223056 -12.037042 -0.044419 0.064225 -0.058927 0.995203
1612.399510 653.456050 -78.235515 -12.049465 -0.044580 0.063990 -0.058532 0.995235
1612.499344 653.552483 -78.249532 -12.057408 -0.045728 0.064559 -0.058560 0.995144
1612.599195 653.657872 -78.266240 -12.058174 -0.045174 0.064950 -0.058690 0.995136
1612.699822 653.765187 -78.282689 -12.058476 -0.046038 0.063480 -0.058630 0.995195
1612.799651 653.864663 -78.293288 -12.063314 -0.048610 0.061703 -0.058734 0.995178
1612.899486 653.966948 -78.308663 -12.069955 -0.050102 0.060606 -0.058580 0.995181
1612.999329 654.072229 -78.322167 -12.075964 -0.049186 0.060201 -0.058796 0.995238
1613.099184 654.179652 -78.335259 -12.085633 -0.048033 0.060421 -0.058936 0.995273
1613.199832 654.290374 -78.350200 -12.088019 -0.045950 0.060053 -0.059399 0.995366
1613.299652 654.394912 -78.364320 -12.089921 -0.046252 0.061285 -0.060164 0.995231
1613.399499 654.494314 -78.378652 -12.091502 -0.045533 0.063191 -0.060518 0.995124
1613.499349 654.589366 -78.395118 -12.098928 -0.045475 0.064818 -0.061189 0.994981
1613.599189 654.683666 -78.406174 -12.100390 -0.046045 0.067183 -0.061438 0.994782
1613.699825 654.780891 -78.413053 -12.105081 -0.046245 0.066674 -0.060971 0.994836
1613.799669 654.879248 -78.421634 -12.111090 -0.045698 0.066080 -0.060254 0.994945
1613.899504 654.979178 -78.436565 -12.116705 -0.047487 0.064758 -0.059372 0.995001
1613.999353 655.086687 -78.461476 -12.124059 -0.048860 0.065392 -0.058693 0.994933
1614.099176 655.204819 -78.484559 -12.126477 -0.049716 0.066200 -0.058645 0.994840
1614.199843 655.317140 -78.498412 -12.128711 -0.048915 0.067147 -0.058554 0.994822
1614.299685 655.422949 -78.513094 -12.133057 -0.046843 0.067939 -0.058121 0.994893
1614.399513 655.527812 -78.523669 -12.139543 -0.045943 0.066712 -0.057987 0.995026
1614.499355 655.630039 -78.535154 -12.141540 -0.046730 0.063715 -0.057684 0.995203
1614.599205 655.726359 -78.555198 -12.146572 -0.047760 0.061884 -0.057462 0.995283
1614.699437 655.833370 -78.571144 -12.158875 -0.048402 0.062028 -0.058049 0.995209
1614.799276 655.941661 -78.589171 -12.168128 -0.047354 0.062865 -0.057825 0.995220
1614.899524 656.042581 -78.597001 -12.175576 -0.046471 0.062967 -0.057469 0.995275
1614.999357 656.144218 -78.606113 -12.179492 -0.047800 0.061287 -0.057249 0.995330
1615.099204 656.255531 -78.621240 -12.176874 -0.049417 0.060008 -0.057328 0.995324
1615.199439 656.372144 -78.640574 -12.176831 -0.051335 0.061217 -0.057903 0.995120
1615.299277 656.489129 -78.654987 -12.186100 -0.048954 0.061933 -0.058446 0.995164
1615.399119 656.600852 -78.668361 -12.201604 -0.045225 0.061856 -0.059195 0.995301
1615.499760 656.703859 -78.682085 -12.209697 -0.040731 0.061682 -0.059322 0.995498
1615.599598 656.806876 -78.700497 -12.212991 -0.042809 0.062854 -0.058499 0.995387
1615.699437 656.914520 -78.712764 -12.221283 -0.046759 0.061562 -0.057818 0.995330
1615.799271 657.021981 -78.726379 -12.222874 -0.050022 0.059045 -0.057208 0.995359
1615.899513 657.127742 -78.736809 -12.222182 -0.051545 0.056915 -0.057105 0.995411
1615.999365 657.231126 -78.742902 -12.225957 -0.052200 0.059403 -0.057848 0.995188
1616.099200 657.323196 -78.753373 -12.227042 -0.048318 0.060374 -0.058054 0.995314
1616.199433 657.409771 -78.769375 -12.237700 -0.043199 0.059911 -0.057928 0.995585
1616.299273 657.504543 -78.783327 -12.239874 -0.042954 0.063964 -0.058371 0.995317
1616.399515 657.599130 -78.793982 -12.241378 -0.042082 0.063647 -0.058451 0.995370
1616.499364 657.692959 -78.798508 -12.244827 -0.043576 0.062052 -0.058660 0.995394
1616.599217 657.787168 -78.809511 -12.255965 -0.045657 0.061397 -0.058360 0.995359
1616.699446 657.891680 -78.825271 -12.261626 -0.046630 0.063167 -0.058095 0.995219
1616.799293 657.999001 -78.844492 -12.263403 -0.047113 0.064332 -0.057779 0.995140
1616.899145 658.100491 -78.859228 -12.264344 -0.048040 0.065314 -0.057855 0.995027
1616.999779 658.202224 -78.872289 -12.271537 -0.048528 0.065425 -0.058181 0.994977
1617.099619 658.305009 -78.884599 -12.284799 -0.049166 0.064699 -0.058906 0.994951
1617.199467 658.406745 -78.889644 -12.290823 -0.047171 0.063127 -0.059124 0.995135
1617.299314 658.508030 -78.898643 -12.290412 -0.044017 0.061810 -0.058339 0.995409
1617.399148 658.610971 -78.913166 -12.294256 -0.043707 0.061751 -0.058134 0.995438
1617.499792 658.708811 -78.931854 -12.302172 -0.048363 0.061202 -0.057687 0.995283
1617.599619 658.798344 -78.950854 -12.308360 -0.048726 0.058511 -0.057237 0.995453
1617.699458 658.895305 -78.969504 -12.298098 -0.046822 0.057081 -0.056648 0.995661
1617.799284 658.996706 -78.979631 -12.300146 -0.045488 0.060123 -0.056810 0.995534
1617.899100 659.090852 -78.987923 -12.317547 -0.045934 0.061756 -0.056610 0.995425
1617.999738 659.179234 -78.994471 -12.333882 -0.047663 0.062551 -0.057156 0.995263
1618.099568 659.260478 -79.004059 -12.339052 -0.048205 0.061938 -0.057320 0.995266
1618.199408 659.345569 -79.021022 -12.333278 -0.048251 0.061310 -0.057290 0.995304
1618.299242 659.440724 -79.036947 -12.328920 -0.046443 0.060859 -0.057733 0.995392
1618.399486 659.524667 -79.047904 -12.329798 -0.046252 0.060978 -0.057784 0.995391
1618.499346 659.606798 -79.058882 -12.328893 -0.046946 0.060767 -0.057843 0.995368
1618.599176 659.698503 -79.064737 -12.334102 -0.047464 0.061114 -0.057944 0.995316
1618.699811 659.790184 -79.073411 -12.348977 -0.048278 0.061898 -0.057448 0.995258
1618.799639 659.877721 -79.085857 -12.355863 -0.049705 0.064422 -0.057447 0.995027
1618.899502 659.962187 -79.102187 -12.361187 -0.046467 0.066734 -0.057509 0.995028
1618.999347 660.059957 -79.114780 -12.364398 -0.042586 0.069434 -0.057783 0.995001
1619.099189 660.161795 -79.125203 -12.366994 -0.041620 0.070826 -0.058122 0.994924
1619.199827 660.260115 -79.135042 -12.366899 -0.043145 0.072023 -0.058296 0.994763
1619.299665 660.352557 -79.146169 -12.371409 -0.045882 0.072422 -0.058252 0.994614
1619.399506 660.439574 -79.156162 -12.373745 -0.046828 0.071139 -0.058351 0.994657
1619.499344 660.527353 -79.164805 -12.380202 -0.045556 0.070233 -0.058385 0.994778
1619.599171 660.616292 -79.176722 -12.392470 -0.044590 0.070350 -0.058265 0.994820
1619.699819 660.710080 -79.184918 -12.399264 -0.045397 0.070559 -0.058612 0.994749
1619.799648 660.806239 -79.195626 -12.402960 -0.045139 0.070173 -0.058463 0.994797
1619.899478 660.909678 -79.206101 -12.396540 -0.045340 0.070934 -0.058072 0.994756
1619.999317 661.021346 -79.225073 -12.396193 -0.046065 0.070461 -0.057633 0.994782
1620.099154 661.131582 -79.247505 -12.401575 -0.046984 0.068732 -0.057446 0.994871
1620.199783 661.239677 -79.264591 -12.406044 -0.047154 0.069339 -0.057815 0.994800
1620.299614 661.341903 -79.275119 -12.414041 -0.047042 0.070415 -0.058383 0.994696
1620.399453 661.444764 -79.288909 -12.417858 -0.046012 0.069855 -0.058041 0.994804
1620.499293 661.553004 -79.305301 -12.417865 -0.045038 0.069138 -0.058008 0.994900
1620.599141 661.658962 -79.326682 -12.421221 -0.046237 0.068261 -0.058034 0.994904
1620.699775 661.764000 -79.328894 -12.419825 -0.045972 0.066674 -0.058642 0.994989
1620.799620 661.868493 -79.336402 -12.423878 -0.044583 0.064578 -0.059346 0.995148
1620.899454 661.976220 -79.353181 -12.432361 -0.043739 0.062792 -0.061769 0.995153
1620.999282 662.087972 -79.379442 -12.436203 -0.042297 0.063475 -0.064263 0.995014
1621.099116 662.197916 -79.401772 -12.444853 -0.040509 0.065093 -0.067284 0.994784
1621.199747 662.300340 -79.419707 -12.449276 -0.041350 0.065577 -0.070181 0.994517
1621.299583 662.404532 -79.433764 -12.450788 -0.042967 0.064816 -0.072604 0.994325
1621.399427 662.509261 -79.444965 -12.451975 -0.043914 0.063198 -0.074157 0.994273
1621.499261 662.617781 -79.462518 -12.453648 -0.043916 0.061990 -0.075377 0.994257
1621.599495 662.730899 -79.484538 -12.456816 -0.043027 0.060503 -0.077337 0.994237
1621.699320 662.838168 -79.504577 -12.468819 -0.045771 0.061081 -0.078905 0.993956
1621.799151 662.942220 -79.519524 -12.487790 -0.046267 0.062751 -0.078847 0.993833
1621.899771 663.047642 -79.532571 -12.493504 -0.047494 0.063316 -0.078638 0.993756
1621.999611 663.156332 -79.545205 -12.488365 -0.045714 0.063056 -0.078442 0.993872
1622.099443 663.268201 -79.563579 -12.481819 -0.046394 0.064781 -0.078471 0.993727
1622.199290 663.379286 -79.588676 -12.487751 -0.045549 0.065444 -0.078806 0.993696
1622.299121 663.492699 -79.612529 -12.503765 -0.044984 0.066021 -0.079193 0.993653
1622.399759 663.613187 -79.630779 -12.514643 -0.044094 0.065774 -0.079084 0.993718
1622.499603 663.735279 -79.647735 -12.510251 -0.044268 0.064489 -0.078833 0.993814
1622.599425 663.844292 -79.661481 -12.505639 -0.044923 0.063768 -0.079030 0.993816
1622.699248 663.946097 -79.673856 -12.511741 -0.045120 0.063729 -0.079260 0.993791
1622.799485 664.047320 -79.696987 -12.524877 -0.044778 0.064626 -0.079548 0.993726
1622.899327 664.155513 -79.719461 -12.537339 -0.045617 0.067102 -0.079428 0.993533
1622.999176 664.262327 -79.735285 -12.546713 -0.046634 0.068046 -0.078656 0.993483
1623.099817 664.362917 -79.757626 -12.544767 -0.047339 0.066370 -0.078741 0.993556
1623.199666 664.469106 -79.775538 -12.537336 -0.046855 0.066911 -0.079121 0.993513
1623.299501 664.577836 -79.792708 -12.535926 -0.046038 0.067298 -0.079704 0.993478
1623.399339 664.686857 -79.808008 -12.542751 -0.044688 0.067047 -0.079932 0.993538
1623.499182 664.794174 -79.822235 -12.550622 -0.045929 0.067221 -0.079753 0.993484
1623.599811 664.901608 -79.842809 -12.555241 -0.047327 0.067538 -0.079111 0.993449
1623.699653 665.008972 -79.862811 -12.550440 -0.047071 0.067009 -0.079307 0.993481
1623.799484 665.121919 -79.886909 -12.548091 -0.045428 0.066002 -0.079266 0.993628
1623.899320 665.246471 -79.914618 -12.553513 -0.044987 0.066559 -0.078988 0.993633
1623.999158 665.363341 -79.927808 -12.566571 -0.045333 0.067736 -0.079345 0.993509
1624.099793 665.474441 -79.943601 -12.574689 -0.050942 0.066303 -0.078902 0.993370
1624.199648 665.587696 -79.966932 -12.580486 -0.051191 0.067222 -0.078536 0.993324
1624.299491 665.698137 -79.983210 -12.582843 -0.048857 0.066911 -0.079073 0.993420
1624.399329 665.810092 -79.995406 -12.579139 -0.043647 0.066231 -0.079549 0.993670
1624.499169 665.926501 -80.020627 -12.579440 -0.040712 0.066002 -0.079829 0.993787
1624.599798 666.040295 -80.042012 -12.589610 -0.041738 0.066240 -0.080264 0.993694
1624.699633 666.159414 -80.063218 -12.600907 -0.044623 0.065942 -0.080140 0.993598
1624.799482 666.278623 -80.079557 -12.603720 -0.047136 0.064014 -0.080320 0.993594
1624.899307 666.390539 -80.097136 -12.603458 -0.048939 0.064567 -0.079831 0.993510
1624.999155 666.502722 -80.115664 -12.613374 -0.049858 0.066978 -0.077665 0.993477
1625.099794 666.610178 -80.127968 -12.612248 -0.051313 0.067623 -0.073367 0.993686
1625.199646 666.715527 -80.139700 -12.618593 -0.047831 0.068759 -0.069540 0.994057
1625.299500 666.823538 -80.162090 -12.620368 -0.045039 0.066456 -0.067994 0.994451
1625.399319 666.932320 -80.182234 -12.617030 -0.046019 0.062894 -0.067621 0.994663
1625.499168 667.051430 -80.196863 -12.620126 -0.049950 0.062852 -0.068469 0.994418
1625.599807 667.175289 -80.218061 -12.623145 -0.050570 0.067764 -0.069212 0.994012
1625.699643 667.301351 -80.236018 -12.632588 -0.048405 0.072610 -0.069339 0.993769
1625.799496 667.424502 -80.251355 -12.640844 -0.046106 0.075216 -0.069235 0.993692
1625.899344 667.542972 -80.270462 -12.646764 -0.043775 0.073223 -0.069444 0.993931
1625.999187 667.658997 -80.291501 -12.650262 -0.043054 0.069774 -0.070056 0.994168
1626.099830 667.773883 -80.308197 -12.656153 -0.043179 0.068020 -0.069741 0.994306
1626.199664 667.887454 -80.324179 -12.669545 -0.045330 0.067322 -0.067815 0.994391
1626.299507 668.004332 -80.335000 -12.673687 -0.045981 0.068043 -0.066591 0.994395
1626.399345 668.115022 -80.346678 -12.678916 -0.045715 0.068210 -0.066466 0.994404
1626.499184 668.237120 -80.370223 -12.678457 -0.046507 0.068552 -0.066481 0.994343
1626.599825 668.358746 -80.395449 -12.682062 -0.046188 0.069096 -0.066654 0.994309
1626.699677 668.470277 -80.419500 -12.696860 -0.045477 0.070570 -0.066680 0.994236
1626.799527 668.587006 -80.431057 -12.708435 -0.045326 0.072127 -0.067000 0.994110
1626.899355 668.714959 -80.439542 -12.706515 -0.044834 0.073409 -0.067225 0.994023
1626.999182 668.844189 -80.458092 -12.707395 -0.045502 0.073249 -0.067034 0.994017
1627.099822 668.968004 -80.486531 -12.718089 -0.046051 0.072620 -0.067009 0.994040
1627.199668 669.086417 -80.510351 -12.723025 -0.046577 0.071006 -0.067031 0.994131
1627.299503 669.218108 -80.531348 -12.720392 -0.046699 0.069828 -0.067238 0.994194
1627.399334 669.337641 -80.555612 -12.735813 -0.045159 0.069372 -0.066698 0.994334
1627.499176 669.453608 -80.570597 -12.749383 -0.046171 0.067543 -0.066543 0.994424
1627.599809 669.570520 -80.584521 -12.753474 -0.049616 0.065521 -0.066136 0.994420
1627.699645 669.685926 -80.594739 -12.743211 -0.050006 0.068149 -0.066249 0.994216
1627.799490 669.811883 -80.613898 -12.746639 -0.046542 0.071139 -0.066686 0.994146
1627.899345 669.942726 -80.637094 -12.754222 -0.043523 0.071629 -0.067349 0.994203
1627.999195 670.070460 -80.655233 -12.758349 -0.040516 0.068413 -0.067997 0.994512
1628.099833 670.194434 -80.666580 -12.755468 -0.041577 0.065979 -0.068501 0.994598
1628.199676 670.320359 -80.685845 -12.761883 -0.043045 0.065596 -0.068056 0.994592
1628.299528 670.443942 -80.708440 -12.778320 -0.046486 0.064069 -0.067171 0.994597
1628.399362 670.561628 -80.726679 -12.781925 -0.048735 0.059591 -0.066498 0.994812
1628.499202 670.681840 -80.743578 -12.772217 -0.049880 0.057319 -0.066158 0.994912
1628.599441 670.806327 -80.760987 -12.774189 -0.048997 0.057519 -0.065885 0.994962
1628.699272 670.924798 -80.781052 -12.787707 -0.049706 0.057145 -0.064421 0.995045
1628.799503 671.032798 -80.798800 -12.804745 -0.049117 0.055862 -0.064029 0.995172
1628.899347 671.141666 -80.818834 -12.817769 -0.046553 0.059828 -0.064138 0.995058
1628.999184 671.244739 -80.828712 -12.818650 -0.044559 0.063886 -0.064260 0.994889
1629.099818 671.354742 -80.838181 -12.810607 -0.044211 0.065316 -0.064368 0.994805
1629.199676 671.465929 -80.850431 -12.809983 -0.044824 0.064635 -0.064302 0.994826
1629.299510 671.586261 -80.871007 -12.820000 -0.046284 0.063949 -0.064348 0.994800
1629.399339 671.700411 -80.895093 -12.828709 -0.045917 0.063713 -0.064320 0.994834
1629.499180 671.810479 -80.915677 -12.838380 -0.045238 0.064880 -0.064362 0.994787
1629.599827 671.923788 -80.933575 -12.848160 -0.044951 0.066631 -0.064607 0.994669
1629.699668 672.032166 -80.939926 -12.861539 -0.045639 0.067516 -0.064748 0.994568
1629.799521 672.132363 -80.947948 -12.878283 -0.045702 0.066685 -0.064651 0.994628
1629.899360 672.231550 -80.967014 -12.900325 -0.046000 0.064369 -0.064611 0.994769
1629.999197 672.339000 -80.987309 -12.930052 -0.045532 0.063960 -0.064889 0.994799
1630.099824 672.437669 -81.004798 -12.955083 -0.045440 0.065616 -0.064828 0.994699
1630.199675 672.536284 -81.022544 -12.982121 -0.044427 0.067136 -0.064971 0.994634
1630.299526 672.632036 -81.032851 -13.009689 -0.045596 0.068202 -0.065119 0.994499
1630.399374 672.729498 -81.049999 -13.036559 -0.046101 0.068179 -0.064696 0.994505
1630.499211 672.835116 -81.062183 -13.067143 -0.047223 0.066305 -0.064420 0.994597
1630.599446 672.936108 -81.088691 -13.100401 -0.047706 0.063648 -0.063836 0.994785
1630.699295 673.041897 -81.112378 -13.131534 -0.044917 0.064408 -0.064094 0.994850
1630.799117 673.157815 -81.129339 -13.153432 -0.044868 0.067689 -0.064274 0.994622
1630.899746 673.267040 -81.133590 -13.173673 -0.044799 0.070752 -0.064546 0.994395
1630.999587 673.365430 -81.146179 -13.186838 -0.045033 0.072788 -0.064249 0.994257
1631.099433 673.467940 -81.166407 -13.195825 -0.045506 0.072959 -0.063822 0.994250
1631.199284 673.564023 -81.188996 -13.210521 -0.044788 0.072660 -0.063615 0.994318
1631.299121 673.665525 -81.204882 -13.226458 -0.044781 0.071674 -0.063499 0.994397
1631.399755 673.766044 -81.213907 -13.242408 -0.045419 0.072475 -0.063518 0.994309
1631.499587 673.875367 -81.229490 -13.258596 -0.045357 0.074543 -0.063521 0.994159
1631.599441 673.983121 -81.250760 -13.277769 -0.045867 0.074454 -0.063711 0.994130
1631.699291 674.096560 -81.262501 -13.294382 -0.045044 0.072871 -0.064394 0.994241
1631.799134 674.212491 -81.277171 -13.307328 -0.044074 0.071879 -0.064582 0.994344
1631.899791 674.329967 -81.296814 -13.321233 -0.043709 0.071846 -0.064370 0.994376
1631.999636 674.439474 -81.315254 -13.340368 -0.044751 0.072684 -0.064435 0.994265
1632.099489 674.549762 -81.338503 -13.368091 -0.045282 0.073122 -0.064307 0.994217
1632.199325 674.667991 -81.346964 -13.388775 -0.044783 0.073596 -0.064705 0.994179
1632.299173 674.787639 -81.359694 -13.402552 -0.044577 0.072171 -0.064670 0.994295
1632.399806 674.898356 -81.381301 -13.421483 -0.044298 0.069837 -0.064454 0.994488
1632.499629 675.009409 -81.403859 -13.441302 -0.043945 0.067665 -0.064398 0.994657
1632.599474 675.135088 -81.421545 -13.460434 -0.044242 0.067807 -0.064596 0.994622
1632.699315 675.260503 -81.435627 -13.485463 -0.047096 0.070156 -0.064871 0.994310
1632.799148 675.384040 -81.451473 -13.513091 -0.046002 0.070821 -0.065012 0.994305
1632.899772 675.506949 -81.473808 -13.539522 -0.042510 0.069350 -0.065184 0.994552
1632.999612 675.616506 -81.493551 -13.563295 -0.041116 0.069439 -0.065616 0.994576
1633.099464 675.722003 -81.510864 -13.585859 -0.041023 0.068911 -0.065334 0.994636
1633.199300 675.833120 -81.527725 -13.602350 -0.044885 0.068673 -0.064568 0.994535
1633.299124 675.967547 -81.543968 -13.622891 -0.048115 0.068653 -0.063867 0.994431
1633.399771 676.089701 -81.561458 -13.645442 -0.048945 0.067819 -0.063705 0.994458
1633.499609 676.205169 -81.578339 -13.653040 -0.047839 0.066600 -0.064118 0.994568
1633.599448 676.326565 -81.600351 -13.660712 -0.046537 0.065466 -0.064382 0.994688
1633.699292 676.460654 -81.622299 -13.670664 -0.045523 0.065753 -0.064529 0.994706
1633.799125 676.586042 -81.639980 -13.679363 -0.044110 0.066378 -0.064486 0.994731
1633.899768 676.712079 -81.655558 -13.685957 -0.043293 0.067155 -0.064183 0.994734
1633.999605 676.834543 -81.672179 -13.687639 -0.043872 0.066762 -0.063784 0.994761
1634.099452 676.956533 -81.691495 -13.693326 -0.046031 0.066791 -0.063446 0.994683
1634.199288 677.084002 -81.714468 -13.705213 -0.047790 0.064884 -0.063494 0.994723
1634.299119 677.206551 -81.730940 -13.708574 -0.048131 0.061267 -0.063414 0.994941
1634.399761 677.326335 -81.741666 -13.705628 -0.048126 0.060826 -0.063786 0.994945
1634.499608 677.444497 -81.762066 -13.708878 -0.044875 0.061239 -0.064239 0.995042
1634.599451 677.562186 -81.784104 -13.714197 -0.043695 0.062336 -0.064984 0.994978
1634.699285 677.675269 -81.802497 -13.726774 -0.046730 0.064873 -0.065368 0.994653
1634.799115 677.784832 -81.818188 -13.734841 -0.046388 0.066970 -0.065183 0.994542
1634.899753 677.900955 -81.834480 -13.735747 -0.046377 0.066770 -0.064950 0.994571
1634.999602 678.013495 -81.852591 -13.732263 -0.045338 0.066546 -0.064615 0.994656
1635.099432 678.131095 -81.870346 -13.740225 -0.044894 0.067520 -0.064449 0.994621
1635.199270 678.251628 -81.886895 -13.754773 -0.045172 0.067660 -0.064253 0.994612
1635.299492 678.377524 -81.905496 -13.764129 -0.044188 0.068889 -0.063781 0.994602
1635.399335 678.497229 -81.925213 -13.774186 -0.045795 0.070369 -0.063094 0.994470
1635.499180 678.612973 -81.944191 -13.774356 -0.048003 0.071475 -0.062023 0.994354
1635.599817 678.732273 -81.958409 -13.773015 -0.050254 0.071814 -0.061047 0.994279
1635.699668 678.851189 -81.974825 -13.780528 -0.051532 0.073644 -0.061275 0.994066
1635.799510 678.967933 -81.993771 -13.787792 -0.047422 0.073706 -0.062146 0.994212
1635.899352 679.094353 -82.018881 -13.799837 -0.041947 0.070047 -0.062740 0.994685
1635.999185 679.219098 -82.033718 -13.803543 -0.039758 0.068475 -0.063252 0.994852
1636.099810 679.343296 -82.046756 -13.807037 -0.042667 0.065857 -0.063060 0.994920
1636.199652 679.465784 -82.060655 -13.815207 -0.045572 0.065888 -0.062677 0.994813
1636.299481 679.586622 -82.076082 -13.815641 -0.045759 0.066173 -0.062447 0.994800
1636.399312 679.698265 -82.092247 -13.815956 -0.045065 0.066353 -0.062318 0.994828
1636.499169 679.807370 -82.108323 -13.821214 -0.044055 0.065161 -0.062156 0.994962
1636.599793 679.930092 -82.121316 -13.823072 -0.045233 0.067372 -0.062791 0.994722
1636.699643 680.054572 -82.142151 -13.832813 -0.044670 0.068832 -0.063084 0.994629
1636.799484 680.176707 -82.167280 -13.844673 -0.041085 0.068724 -0.063664 0.994754
1636.899334 680.304457 -82.183990 -13.854145 -0.040675 0.068843 -0.063886 0.994749
1636.999176 680.425083 -82.198368 -13.856184 -0.043585 0.068633 -0.063188 0.994684
1637.099818 680.539581 -82.217652 -13.854994 -0.047114 0.067758 -0.062554 0.994624
1637.199656 680.656901 -82.237482 -13.857367 -0.047426 0.065833 -0.061884 0.994780
1637.299506 680.775302 -82.255469 -13.862703 -0.045956 0.064128 -0.061103 0.995009
1637.399347 680.895206 -82.272837 -13.867219 -0.046130 0.062487 -0.060445 0.995145
1637.499192 681.025247 -82.289483 -13.872491 -0.048012 0.064301 -0.060315 0.994948
1637.599838 681.155998 -82.307116 -13.883737 -0.051308 0.068562 -0.059994 0.994519
1637.699680 681.282370 -82.321268 -13.896234 -0.052776 0.069937 -0.059382 0.994383
1637.799523 681.403911 -82.336877 -13.910248 -0.050790 0.068067 -0.059498 0.994609
1637.899375 681.523055 -82.351382 -13.917828 -0.043847 0.066402 -0.060701 0.994979
1637.999199 681.640759 -82.366336 -13.920192 -0.036246 0.063893 -0.062109 0.995362
1638.099439 681.763419 -82.382951 -13.922813 -0.037136 0.063884 -0.062580 0.995301
1638.199278 681.894923 -82.398471 -13.921161 -0.040507 0.068135 -0.062370 0.994900
1638.299123 682.019054 -82.411283 -13.923395 -0.043094 0.070387 -0.062057 0.994654
1638.399756 682.136056 -82.420669 -13.932375 -0.042953 0.069734 -0.062138 0.994701
1638.499608 682.256707 -82.436398 -13.943922 -0.043237 0.068842 -0.062284 0.994742
1638.599446 682.383506 -82.460743 -13.950539 -0.043211 0.068358 -0.062216 0.994781
1638.699279 682.500337 -82.481520 -13.955877 -0.043268 0.068065 -0.062122 0.994804
1638.799128 682.613933 -82.494657 -13.959081 -0.044601 0.067652 -0.062079 0.994776
1638.899760 682.731954 -82.506904 -13.962500 -0.045420 0.065489 -0.062369 0.994866
1638.999610 682.842823 -82.522383 -13.962511 -0.047138 0.064036 -0.062341 0.994882
1639.099459 682.955923 -82.534860 -13.967371 -0.045484 0.063144 -0.062327 0.995017
1639.199310 683.076383 -82.550722 -13.975316 -0.043817 0.065999 -0.062216 0.994914
1639.299150 683.199591 -82.568053 -13.985753 -0.046565 0.069364 -0.061700 0.994592
1639.399782 683.320285 -82.589644 -13.989856 -0.047755 0.070758 -0.061352 0.994459
1639.499630 683.439829 -82.610412 -13.990397 -0.046408 0.070205 -0.060914 0.994589
1639.599463 683.554854 -82.621820 -13.997240 -0.041351 0.067699 -0.061153 0.994971
1639.699306 683.668708 -82.635953 -14.001094 -0.040670 0.066329 -0.061442 0.995074
1639.799142 683.779280 -82.644711 -14.007218 -0.043123 0.066159 -0.061948 0.994950
1639.899799 683.893099 -82.656869 -14.017599 -0.045220 0.066264 -0.062219 0.994833
1639.999643 684.011163 -82.676909 -14.020952 -0.045605 0.067002 -0.062335 0.994759
1640.099485 684.123367 -82.696883 -14.026443 -0.044226 0.067117 -0.062615 0.994796
1640.199325 684.232705 -82.715100 -14.025323 -0.043635 0.066899 -0.062885 0.994820
1640.299172 684.350828 -82.738903 -14.029333 -0.042331 0.062913 -0.062359 0.995169
1640.399812 684.467778 -82.746922 -14.037842 -0.043662 0.061130 -0.062444 0.995217
1640.499648 684.589537 -82.761049 -14.045942 -0.045918 0.062466 -0.062593 0.995023
1640.599496 684.712970 -82.778558 -14.045023 -0.046603 0.063992 -0.062796 0.994882
1640.699331 684.834187 -82.801207 -14.047897 -0.046748 0.065458 -0.062328 0.994809
1640.799172 684.944220 -82.821586 -14.059221 -0.046712 0.066703 -0.062117 0.994741
1640.899813 685.046871 -82.841000 -14.072070 -0.046508 0.066228 -0.061887 0.994797
1640.999653 685.153166 -82.857083 -14.074633 -0.046395 0.066532 -0.061905 0.994781
1641.099510 685.263844 -82.873839 -14.074149 -0.047263 0.066541 -0.062188 0.994722
1641.199357 685.376417 -82.886077 -14.076332 -0.044665 0.066039 -0.062207 0.994874
1641.299184 685.492518 -82.902142 -14.080417 -0.042508 0.065853 -0.061910 0.994999
1641.399823 685.606573 -82.916670 -14.088483 -0.043326 0.065872 -0.061757 0.994972
1641.499658 685.718266 -82.929949 -14.098497 -0.045791 0.065188 -0.061364 0.994931
1641.599495 685.828717 -82.945484 -14.109537 -0.046613 0.066928 -0.061914 0.994743
1641.699348 685.942532 -82.961083 -14.114620 -0.045265 0.069733 -0.062697 0.994564
1641.799194 686.052569 -82.972545 -14.116773 -0.043205 0.071487 -0.063312 0.994492
1641.899829 686.164746 -82.984901 -14.121415 -0.040598 0.071892 -0.062997 0.994593
1641.999678 686.268841 -82.994288 -14.118274 -0.041032 0.069495 -0.063160 0.994735
1642.099510 686.373746 -83.005508 -14.118281 -0.043088 0.066139 -0.063255 0.994871
1642.199344 686.483129 -83.021386 -14.127229 -0.046667 0.065808 -0.063456 0.994718
1642.299197 686.593228 -83.041914 -14.135534 -0.046306 0.066354 -0.063062 0.994724
1642.399839 686.709460 -83.064865 -14.144187 -0.044326 0.067956 -0.062615 0.994734
1642.499688 686.820721 -83.080492 -14.146084 -0.044587 0.067645 -0.062666 0.994741
1642.599542 686.941324 -83.099260 -14.155785 -0.045299 0.065329 -0.062229 0.994891
1642.699369 687.061628 -83.116530 -14.163337 -0.045491 0.068712 -0.062117 0.994661
1642.799203 687.180272 -83.127688 -14.173729 -0.043211 0.071464 -0.062319 0.994556
1642.899444 687.291925 -83.144199 -14.179336 -0.042295 0.070840 -0.062160 0.994650
1642.999290 687.407470 -83.161112 -14.181194 -0.042295 0.070249 -0.062899 0.994646
1643.099121 687.524523 -83.181879 -14.181072 -0.041572 0.068612 -0.063028 0.994782
1643.199745 687.634412 -83.201770 -14.185298 -0.042332 0.067909 -0.062636 0.994823
1643.299589 687.745870 -83.216255 -14.192749 -0.042695 0.068084 -0.062551 0.994801
1643.399419 687.860885 -83.231083 -14.194665 -0.042842 0.068307 -0.062309 0.994795
1643.499252 687.976291 -83.243704 -14.197729 -0.045009 0.066724 -0.062045 0.994823
1643.599503 688.091478 -83.255667 -14.202067 -0.046895 0.068459 -0.061647 0.994643
1643.699346 688.207070 -83.272178 -14.207573 -0.045501 0.070539 -0.061482 0.994572
1643.799206 688.316367 -83.294035 -14.221200 -0.044445 0.070571 -0.061745 0.994601
1643.899436 688.428520 -83.317798 -14.233046 -0.044695 0.067807 -0.062198 0.994754
1643.999284 688.547596 -83.333206 -14.237598 -0.043601 0.064864 -0.062481 0.994981
1644.099134 688.671825 -83.340670 -14.231036 -0.043555 0.063172 -0.062707 0.995078
1644.199784 688.791513 -83.354285 -14.232109 -0.042382 0.064618 -0.062712 0.995035
1644.299623 688.906554 -83.380054 -14.240412 -0.042821 0.068125 -0.062628 0.994788
1644.399459 689.020095 -83.393103 -14.258616 -0.044198 0.070698 -0.062566 0.994552
1644.499299 689.139538 -83.400137 -14.274447 -0.045111 0.071170 -0.063109 0.994443
1644.599129 689.254559 -83.416197 -14.276893 -0.045001 0.071071 -0.063402 0.994436
1644.699762 689.367978 -83.435468 -14.280753 -0.044387 0.070394 -0.063667 0.994495
1644.799599 689.477097 -83.451817 -14.294038 -0.043796 0.070091 -0.063865 0.994530
1644.899449 689.588404 -83.468521 -14.316872 -0.043215 0.069088 -0.063664 0.994639
1644.999287 689.701915 -83.483152 -14.346197 -0.042193 0.069045 -0.063427 0.994701
1645.099117 689.824788 -83.504553 -14.372630 -0.043609 0.068584 -0.062873 0.994707
1645.199766 689.949511 -83.535715 -14.394816 -0.042682 0.066143 -0.061770 0.994981
1645.299609 690.074836 -83.558443 -14.418582 -0.042510 0.065216 -0.061660 0.995057
1645.399444 690.191065 -83.570389 -14.441035 -0.044956 0.066200 -0.062051 0.994860
1645.499287 690.304701 -83.582626 -14.464366 -0.045879 0.066243 -0.062668 0.994776
1645.599126 690.417991 -83.601556 -14.479995 -0.044011 0.065107 -0.062655 0.994936
1645.699761 690.530560 -83.624121 -14.508442 -0.045153 0.066385 -0.063008 0.994778
1645.799611 690.641979 -83.642289 -14.531901 -0.044707 0.065964 -0.062948 0.994830
1645.899479 690.754531 -83.661981 -14.550539 -0.043852 0.067334 -0.061977 0.994838
1645.999329 690.875389 -83.676973 -14.572474 -0.045866 0.070315 -0.061502 0.994570
1646.099155 691.005718 -83.696033 -14.589783 -0.045632 0.071234 -0.061219 0.994533
1646.199791 691.132227 -83.718522 -14.610904 -0.046113 0.074438 -0.062035 0.994225
1646.299630 691.261472 -83.739180 -14.630505 -0.045001 0.075939 -0.062398 0.994140
1646.399475 691.387539 -83.755070 -14.635692 -0.044977 0.074710 -0.062498 0.994228
1646.499310 691.511206 -83.771905 -14.639282 -0.044844 0.071575 -0.062083 0.994491
1646.599143 691.632089 -83.784605 -14.646125 -0.045424 0.068801 -0.062333 0.994644
1646.699785 691.746656 -83.795315 -14.658256 -0.044465 0.068867 -0.063274 0.994624
1646.799621 691.862391 -83.811369 -14.677179 -0.045362 0.069506 -0.063253 0.994540
1646.899468 691.979669 -83.832854 -14.693494 -0.045068 0.067816 -0.063028 0.994685
1646.999300 692.109937 -83.850223 -14.691860 -0.043985 0.064319 -0.062497 0.994999
1647.099143 692.249296 -83.865455 -14.683179 -0.044545 0.063384 -0.062165 0.995055
1647.199789 692.388036 -83.881387 -14.685746 -0.042486 0.065343 -0.061620 0.995052
1647.299614 692.520600 -83.899339 -14.704995 -0.039609 0.070081 -0.061451 0.994859
1647.399445 692.642672 -83.919672 -14.719585 -0.037398 0.072326 -0.061569 0.994776
1647.499283 692.767369 -83.932002 -14.722159 -0.040209 0.070294 -0.061808 0.994797
1647.599125 692.898877 -83.947531 -14.709450 -0.042872 0.069885 -0.061970 0.994705
1647.699761 693.031773 -83.961754 -14.708690 -0.043481 0.068975 -0.061997 0.994740
1647.799586 693.157302 -83.975883 -14.719934 -0.042842 0.068477 -0.062032 0.994800
1647.899428 693.278174 -83.994041 -14.736084 -0.042110 0.068295 -0.062402 0.994821
1647.999273 693.400243 -84.014500 -14.746220 -0.043023 0.069018 -0.062990 0.994695
1648.099507 693.519039 -84.032061 -14.743744 -0.043415 0.069659 -0.063151 0.994623
1648.199339 693.641112 -84.046384 -14.739880 -0.044396 0.068332 -0.063128 0.994673
1648.299184 693.771651 -84.059812 -14.742007 -0.045180 0.067145 -0.063290 0.994708
1648.399831 693.895981 -84.075595 -14.757088 -0.043313 0.066033 -0.063208 0.994871
1648.499672 694.013638 -84.090694 -14.774140 -0.041692 0.067714 -0.063423 0.994814
1648.599517 694.133528 -84.106373 -14.772903 -0.042435 0.068270 -0.063080 0.994766
1648.699341 694.258506 -84.122670 -14.770678 -0.043329 0.066354 -0.062512 0.994893
1648.799183 694.386912 -84.137280 -14.769675 -0.044116 0.063841 -0.061971 0.995057
1648.899826 694.507905 -84.152935 -14.775213 -0.045114 0.060632 -0.062151 0.995201
1648.999664 694.631102 -84.174165 -14.782500 -0.045166 0.060611 -0.062478 0.995180
1649.099515 694.759271 -84.194795 -14.789510 -0.044949 0.063295 -0.062763 0.995005
1649.199351 694.884138 -84.209154 -14.806475 -0.045781 0.067341 -0.063364 0.994663
1649.299190 695.014953 -84.226267 -14.820664 -0.045881 0.068429 -0.063222 0.994593
1649.399831 695.141996 -84.243088 -14.823928 -0.045717 0.066845 -0.062888 0.994729
1649.499680 695.265093 -84.259027 -14.822687 -0.044293 0.063637 -0.063359 0.994974
1649.599514 695.385197 -84.278178 -14.818728 -0.043798 0.063118 -0.063553 0.995017
1649.699340 695.510657 -84.295381 -14.827561 -0.043178 0.067241 -0.063834 0.994756
1649.799184 695.629326 -84.308376 -14.838945 -0.042629 0.067316 -0.063491 0.994797
1649.899823 695.750913 -84.319838 -14.843024 -0.041023 0.066101 -0.063357 0.994954
1649.999661 695.862568 -84.329283 -14.845929 -0.042350 0.067311 -0.063593 0.994802
1650.099493 695.964615 -84.342032 -14.857392 -0.044611 0.069254 -0.063423 0.994581
1650.199331 696.069217 -84.359926 -14.864955 -0.044719 0.070394 -0.063086 0.994518
1650.299181 696.178977 -84.383497 -14.865766 -0.044915 0.070500 -0.062943 0.994510
1650.399821 696.296964 -84.403894 -14.862689 -0.043797 0.069441 -0.062738 0.994648
1650.499661 696.422985 -84.418713 -14.865966 -0.044164 0.068896 -0.062829 0.994663
1650.599497 696.551974 -84.432029 -14.873208 -0.043444 0.069769 -0.062916 0.994629
1650.699321 696.688975 -84.451384 -14.880578 -0.043577 0.069864 -0.062838 0.994621
1650.799166 696.828075 -84.477735 -14.884385 -0.042793 0.069298 -0.062873 0.994693
1650.899793 696.962046 -84.499541 -14.891124 -0.042144 0.068755 -0.063285 0.994732
1650.999627 697.091279 -84.511183 -14.902394 -0.041838 0.068372 -0.063495 0.994758
1651.099470 697.207137 -84.523872 -14.907553 -0.043171 0.068346 -0.063509 0.994702
1651.199306 697.318715 -84.541466 -14.910240 -0.044086 0.069254 -0.063442 0.994603
1651.299134 697.432824 -84.558889 -14.911139 -0.043359 0.069228 -0.063333 0.994644
1651.399757 697.554889 -84.578886 -14.915100 -0.043077 0.067933 -0.062874 0.994775
1651.499596 697.668818 -84.599572 -14.925595 -0.044414 0.065702 -0.062504 0.994889
1651.599428 697.787028 -84.611740 -14.940952 -0.045296 0.063279 -0.062537 0.995004
1651.699260 697.908302 -84.625234 -14.949866 -0.042804 0.064102 -0.062778 0.995047
1651.799499 698.030559 -84.641708 -14.953181 -0.041463 0.066924 -0.062510 0.994934
1651.899345 698.152181 -84.664915 -14.953826 -0.042498 0.067482 -0.062221 0.994871
1651.999183 698.274543 -84.685018 -14.955427 -0.045155 0.065898 -0.062444 0.994846
1652.099827 698.396343 -84.703421 -14.959561 -0.045334 0.063225 -0.062707 0.994995
1652.199661 698.515932 -84.719061 -14.969445 -0.042499 0.064471 -0.063274 0.995004
1652.299515 698.632394 -84.736199 -14.983209 -0.042670 0.067370 -0.063817 0.994770
1652.399352 698.742537 -84.749438 -14.994276 -0.043485 0.068932 -0.063878 0.994624
1652.499192 698.842508 -84.765897 -15.010138 -0.045335 0.070869 -0.063453 0.994433
1652.599836 698.953131 -84.784984 -15.028267 -0.045370 0.072929 -0.063394 0.994286
1652.699669 699.076907 -84.808711 -15.043495 -0.044111 0.072852 -0.063293 0.994354
1652.799512 699.195456 -84.832713 -15.059327 -0.042968 0.073111 -0.063108 0.994397
1652.899354 699.316367 -84.844982 -15.069158 -0.043637 0.072321 -0.063403 0.994407
1652.999201 699.432059 -84.854483 -15.076419 -0.045083 0.070262 -0.063106 0.994509
1653.099447 699.547437 -84.871644 -15.092919 -0.046010 0.068641 -0.062384 0.994625
1653.199289 699.659802 -84.889930 -15.110045 -0.044739 0.068339 -0.062274 0.994711
1653.299130 699.769585 -84.912596 -15.123974 -0.045039 0.067638 -0.062527 0.994730
1653.399756 699.885332 -84.934844 -15.138750 -0.044069 0.067690 -0.063078 0.994735
1653.499581 700.009060 -84.951440 -15.160631 -0.042720 0.066018 -0.063438 0.994883
1653.599410 700.128376 -84.964174 -15.175200 -0.043456 0.064408 -0.063705 0.994940
1653.699248 700.246713 -84.976785 -15.181899 -0.043402 0.063691 -0.063773 0.994984
1653.799482 700.368525 -84.989849 -15.189143 -0.043327 0.062602 -0.063845 0.995052
1653.899318 700.482046 -85.005382 -15.195366 -0.043500 0.062766 -0.063852 0.995033
1653.999144 700.595332 -85.028557 -15.208268 -0.043517 0.062963 -0.063478 0.995044
1654.099767 700.716616 -85.052221 -15.217741 -0.043163 0.063358 -0.063583 0.995028
1654.199595 700.838222 -85.066531 -15.224216 -0.041750 0.061191 -0.063448 0.995232
1654.299439 700.959505 -85.079038 -15.229593 -0.043707 0.059842 -0.063450 0.995230
1654.399282 701.075025 -85.094863 -15.231603 -0.045747 0.062183 -0.063856 0.994969
1654.499124 701.184861 -85.115480 -15.236419 -0.045423 0.061435 -0.063842 0.995031
1654.599767 701.300521 -85.134862 -15.234964 -0.045109 0.062061 -0.063756 0.995012
1654.699606 701.409285 -85.157003 -15.238325 -0.043134 0.062502 -0.063125 0.995112
1654.799438 701.508303 -85.170422 -15.247463 -0.039597 0.065669 -0.062787 0.995077
1654.899266 701.606217 -85.176149 -15.255832 -0.041420 0.068354 -0.062360 0.994848
1654.999513 701.715264 -85.189385 -15.255419 -0.046898 0.070074 -0.061550 0.994536
1655.099350 701.822531 -85.209491 -15.256017 -0.048268 0.068540 -0.061070 0.994607
1655.199186 701.927575 -85.233622 -15.259007 -0.048394 0.067015 -0.061289 0.994691
1655.299826 702.040830 -85.250771 -15.268142 -0.048776 0.063952 -0.061657 0.994851
1655.399680 702.146851 -85.263041 -15.280538 -0.047320 0.061967 -0.061981 0.995027
1655.499516 702.255581 -85.273829 -15.281384 -0.045956 0.062475 -0.062500 0.995027
1655.599355 702.351500 -85.286318 -15.285963 -0.044451 0.062438 -0.062776 0.995080
1655.699199 702.446837 -85.302152 -15.290171 -0.043944 0.063126 -0.063158 0.995035
1655.799453 702.551475 -85.318538 -15.299107 -0.043365 0.063372 -0.063379 0.995031
1655.899283 702.663869 -85.332207 -15.305043 -0.043560 0.063621 -0.064084 0.994961
1655.999119 702.772472 -85.345090 -15.311770 -0.043722 0.063347 -0.064395 0.994952
1656.099751 702.878053 -85.360561 -15.313045 -0.043772 0.062881 -0.064215 0.994991
1656.199602 702.984931 -85.373031 -15.311683 -0.044115 0.062582 -0.063899 0.995015
1656.299450 703.094762 -85.387047 -15.313967 -0.044227 0.063366 -0.063714 0.994972
1656.399288 703.197360 -85.401712 -15.321451 -0.043561 0.064677 -0.063496 0.994931
1656.499116 703.285945 -85.417801 -15.331963 -0.043807 0.065064 -0.063075 0.994922
1656.599757 703.372949 -85.428112 -15.340803 -0.043408 0.064730 -0.062857 0.994975
1656.699607 703.470035 -85.439031 -15.343153 -0.044496 0.065033 -0.062717 0.994916
1656.799446 703.561867 -85.453827 -15.342109 -0.045182 0.064410 -0.062301 0.994952
1656.899284 703.653151 -85.470897 -15.343437 -0.043445 0.063023 -0.061712 0.995154
1656.999114 703.751673 -85.483655 -15.343970 -0.042482 0.062983 -0.061015 0.995241
1657.099753 703.853068 -85.496669 -15.348730 -0.043214 0.064104 -0.060229 0.995186
1657.199585 703.954739 -85.511231 -15.355996 -0.046248 0.065973 -0.060036 0.994939
1657.299423 704.059404 -85.529392 -15.365698 -0.047629 0.065291 -0.060339 0.994901
1657.399254 704.163908 -85.543664 -15.376176 -0.044580 0.064190 -0.060949 0.995077
1657.499505 704.265233 -85.556386 -15.380770 -0.042482 0.066352 -0.061395 0.994999
1657.599337 704.366488 -85.568401 -15.381978 -0.041287 0.070315 -0.061729 0.994757
1657.699184 704.467689 -85.581478 -15.382083 -0.042670 0.071080 -0.061674 0.994647
1657.799830 704.575562 -85.594087 -15.383757 -0.045879 0.070266 -0.062101 0.994536
1657.899674 704.683795 -85.608498 -15.392110 -0.047236 0.070999 -0.062698 0.994383
1657.999508 704.793119 -85.627475 -15.402362 -0.045863 0.072006 -0.062782 0.994369
1658.099345 704.890773 -85.644372 -15.409468 -0.043713 0.070633 -0.062530 0.994580
1658.199188 704.981855 -85.653722 -15.410106 -0.043115 0.070686 -0.062476 0.994606
1658.299812 705.084803 -85.661688 -15.412634 -0.043490 0.071441 -0.061988 0.994566
1658.399666 705.186372 -85.672403 -15.424867 -0.043953 0.072913 -0.062366 0.994416
1658.499494 705.290175 -85.681834 -15.432092 -0.044104 0.074718 -0.063673 0.994192
1658.599342 705.392021 -85.698307 -15.430200 -0.042295 0.072129 -0.064247 0.994425
1658.699191 705.498903 -85.721868 -15.433603 -0.043184 0.071951 -0.064293 0.994397
1658.799835 705.611155 -85.739752 -15.444254 -0.045936 0.072232 -0.064412 0.994245
1658.899685 705.723411 -85.752903 -15.447841 -0.045540 0.072632 -0.063998 0.994261
1658.999516 705.836953 -85.768254 -15.448993 -0.045090 0.072300 -0.063635 0.994329
1659.099355 705.952673 -85.786839 -15.446853 -0.045194 0.071800 -0.063659 0.994359
1659.199212 706.065648 -85.798359 -15.445363 -0.045979 0.069926 -0.064359 0.994411
1659.299451 706.180703 -85.817580 -15.451207 -0.045509 0.067440 -0.064725 0.994581
1659.399303 706.286454 -85.829594 -15.461508 -0.043140 0.066846 -0.065666 0.994665
1659.499147 706.385974 -85.847634 -15.466511 -0.044333 0.068823 -0.064736 0.994539
1659.599790 706.488640 -85.867000 -15.469581 -0.046634 0.073094 -0.064552 0.994141
1659.699627 706.596615 -85.890087 -15.478527 -0.044388 0.073318 -0.064016 0.994262
1659.799469 706.710354 -85.904947 -15.482611 -0.044607 0.069469 -0.063801 0.994542
1659.899302 706.833532 -85.916296 -15.486208 -0.045315 0.067039 -0.064082 0.994659
1659.999159 706.953267 -85.932843 -15.485591 -0.044120 0.069605 -0.063750 0.994557
1660.099799 707.072738 -85.948737 -15.484106 -0.044390 0.071354 -0.064217 0.994391
1660.199628 707.188451 -85.968277 -15.490956 -0.044213 0.070382 -0.064441 0.994454
1660.299467 707.293642 -85.986227 -15.501327 -0.041270 0.066365 -0.064233 0.994870
1660.399310 707.399378 -85.998593 -15.507236 -0.042848 0.064509 -0.064665 0.994898
1660.499139 707.512178 -86.010550 -15.509067 -0.046884 0.064222 -0.064845 0.994722
1660.599771 707.627100 -86.025541 -15.515831 -0.047938 0.064288 -0.065138 0.994649
1660.699610 707.741577 -86.048580 -15.523169 -0.049266 0.067083 -0.065353 0.994385
1660.799445 707.861679 -86.068039 -15.527309 -0.044530 0.068755 -0.065337 0.994495
1660.899286 707.984733 -86.088582 -15.539237 -0.041302 0.068898 -0.065660 0.994603
1660.999126 708.109228 -86.106292 -15.547923 -0.043475 0.071158 -0.065892 0.994336
1661.099756 708.231874 -86.122566 -15.551091 -0.047805 0.072578 -0.065845 0.994038
1661.199610 708.351038 -86.139760 -15.554203 -0.045565 0.071546 -0.065637 0.994232
1661.299444 708.465262 -86.154234 -15.560704 -0.042604 0.071186 -0.065101 0.994424
1661.399279 708.574385 -86.168680 -15.564658 -0.042747 0.071128 -0.064615 0.994454
1661.499115 708.693644 -86.185675 -15.570055 -0.044315 0.072018 -0.064196 0.994348
1661.599758 708.816190 -86.205947 -15.577366 -0.047315 0.069563 -0.063543 0.994427
1661.699600 708.934894 -86.225622 -15.578474 -0.048257 0.067798 -0.063779 0.994488
1661.799441 709.058926 -86.241572 -15.582100 -0.046735 0.067957 -0.064485 0.994505
1661.899272 709.173784 -86.255488 -15.593909 -0.044699 0.066961 -0.064719 0.994651
1661.999508 709.287697 -86.274736 -15.600727 -0.041952 0.067925 -0.065305 0.994667
1662.099354 709.407705 -86.291877 -15.607865 -0.041918 0.068555 -0.065863 0.994588
1662.199198 709.527193 -86.304264 -15.610388 -0.042342 0.067566 -0.065837 0.994639
1662.299453 709.641322 -86.319946 -15.612253 -0.043305 0.068384 -0.064819 0.994609
1662.399302 709.752724 -86.337568 -15.618166 -0.044100 0.069221 -0.064366 0.994545
1662.499136 709.864088 -86.353011 -15.629784 -0.044862 0.068598 -0.064321 0.994557
1662.599770 709.979889 -86.367967 -15.633249 -0.043357 0.067604 -0.064478 0.994682
1662.699606 710.101558 -86.388410 -15.626986 -0.043650 0.069226 -0.064433 0.994561
1662.799450 710.226615 -86.405987 -15.629618 -0.045046 0.070097 -0.064759 0.994416
1662.899290 710.349371 -86.422349 -15.642249 -0.045610 0.068909 -0.065019 0.994457
1662.999135 710.473415 -86.440329 -15.655405 -0.044846 0.068512 -0.065026 0.994518
1663.099777 710.596287 -86.459295 -15.661699 -0.044164 0.067903 -0.064859 0.994601
1663.199617 710.725423 -86.482441 -15.668431 -0.046213 0.068713 -0.064965 0.994446
1663.299452 710.849636 -86.506421 -15.666202 -0.044734 0.069989 -0.064909 0.994428
1663.399285 710.966065 -86.518799 -15.682139 -0.045084 0.067759 -0.065305 0.994541
1663.499118 711.081233 -86.531401 -15.698394 -0.042679 0.065699 -0.064990 0.994806
1663.599761 711.197343 -86.552371 -15.701471 -0.041996 0.068102 -0.063698 0.994757
1663.699599 711.320787 -86.566592 -15.694929 -0.047222 0.070189 -0.063067 0.994417
1663.799426 711.446371 -86.583355 -15.690883 -0.051446 0.068331 -0.063157 0.994332
1663.899244 711.567248 -86.604233 -15.704032 -0.051106 0.065911 -0.063581 0.994486
1663.999481 711.686478 -86.622768 -15.711509 -0.046303 0.070035 -0.064738 0.994364
1664.099305 711.810199 -86.643660 -15.721568 -0.041865 0.073291 -0.065196 0.994296
1664.199146 711.934578 -86.658107 -15.715312 -0.040439 0.074357 -0.065702 0.994243
1664.299786 712.051439 -86.671942 -15.714976 -0.041010 0.073396 -0.065590 0.994298
1664.399626 712.168407 -86.690854 -15.724949 -0.042714 0.071739 -0.064957 0.994389
1664.499462 712.287809 -86.709077 -15.733435 -0.043989 0.068620 -0.064711 0.994570
1664.599300 712.412978 -86.730187 -15.742141 -0.045338 0.068623 -0.064582 0.994517
1664.699142 712.540469 -86.748226 -15.745027 -0.045761 0.068888 -0.064920 0.994458
1664.799785 712.671459 -86.770128 -15.748969 -0.042341 0.067698 -0.064941 0.994689
1664.899618 712.805282 -86.782963 -15.752536 -0.041303 0.070521 -0.064931 0.994537
1664.999459 712.930128 -86.798009 -15.768669 -0.045329 0.072773 -0.064041 0.994258
1665.099295 713.054628 -86.823145 -15.784396 -0.049500 0.071703 -0.063013 0.994202
1665.199145 713.178949 -86.843894 -15.793136 -0.048952 0.069151 -0.063008 0.994410
1665.299789 713.294471 -86.864499 -15.797484 -0.047191 0.066834 -0.063064 0.994650
1665.399625 713.405891 -86.882721 -15.804928 -0.045899 0.067072 -0.063341 0.994677
1665.499462 713.526738 -86.897740 -15.814779 -0.044106 0.069005 -0.063847 0.994594
1665.599312 713.646572 -86.914107 -15.831054 -0.042129 0.071055 -0.064292 0.994506
1665.699146 713.770595 -86.928924 -15.853422 -0.040651 0.070974 -0.065001 0.994528
1665.799795 713.916334 -86.947064 -15.871010 -0.043367 0.070643 -0.065708 0.994390
1665.899642 714.050855 -86.965840 -15.884166 -0.045199 0.069640 -0.065573 0.994388
1665.999492 714.179252 -86.990224 -15.901151 -0.044113 0.071522 -0.065067 0.994336
1666.099338 714.301281 -87.012263 -15.912391 -0.043991 0.070304 -0.064716 0.994452
1666.199190 714.423167 -87.030499 -15.923437 -0.042418 0.066440 -0.064251 0.994816
1666.299839 714.553276 -87.042674 -15.937742 -0.042228 0.066331 -0.064155 0.994837
1666.399691 714.679872 -87.056052 -15.950677 -0.041362 0.072669 -0.064607 0.994401
1666.499535 714.797147 -87.075054 -15.964549 -0.042772 0.075017 -0.064685 0.994162
1666.599379 714.911985 -87.093222 -15.974738 -0.042828 0.073953 -0.064908 0.994225
1666.699215 715.040352 -87.113850 -15.992574 -0.043388 0.071736 -0.064848 0.994367
1666.799468 715.176382 -87.130046 -16.012023 -0.043651 0.071359 -0.064802 0.994386
1666.899330 715.298404 -87.148678 -16.030063 -0.044722 0.071043 -0.064588 0.994375
1666.999178 715.420047 -87.166892 -16.049100 -0.044753 0.069819 -0.064449 0.994469
1667.099814 715.557140 -87.185260 -16.065258 -0.044389 0.069795 -0.064549 0.994481
1667.199632 715.685605 -87.207008 -16.081264 -0.043045 0.068777 -0.064090 0.994640
1667.299458 715.816505 -87.227972 -16.099833 -0.043741 0.070285 -0.063498 0.994542
1667.399280 715.942169 -87.243315 -16.109738 -0.044728 0.070300 -0.062943 0.994533
1667.499116 716.066295 -87.257739 -16.125807 -0.044942 0.068325 -0.062578 0.994684
1667.599745 716.200893 -87.271170 -16.146215 -0.045989 0.068683 -0.062681 0.994605
1667.699587 716.324346 -87.291240 -16.167600 -0.046686 0.069618 -0.063051 0.994484
1667.799416 716.443008 -87.316440 -16.182661 -0.044743 0.070024 -0.063891 0.994491
1667.899267 716.570125 -87.336590 -16.192661 -0.043929 0.070747 -0.064763 0.994420
1667.999513 716.702876 -87.352479 -16.199999 -0.042884 0.070513 -0.064936 0.994471
1668.099354 716.832962 -87.364445 -16.209825 -0.041402 0.066637 -0.065003 0.994796
1668.199195 716.959513 -87.376070 -16.220610 -0.042342 0.063873 -0.064764 0.994954
1668.299825 717.088223 -87.394146 -16.230618 -0.044266 0.063099 -0.064351 0.994946
1668.399665 717.213013 -87.415528 -16.237969 -0.045938 0.064269 -0.064634 0.994777
1668.499510 717.331923 -87.431708 -16.246018 -0.042068 0.066075 -0.064818 0.994818
1668.599344 717.447914 -87.443111 -16.256938 -0.040391 0.069143 -0.064922 0.994672
1668.699175 717.579267 -87.454787 -16.263438 -0.040544 0.070210 -0.064922 0.994591
1668.799812 717.709220 -87.468808 -16.265990 -0.043607 0.068375 -0.064633 0.994608
1668.899656 717.835294 -87.489577 -16.268438 -0.045528 0.067027 -0.064850 0.994600
1668.999500 717.963234 -87.507168 -16.275855 -0.044982 0.067876 -0.065296 0.994538
1669.099324 718.089481 -87.524257 -16.289525 -0.041106 0.066016 -0.064725 0.994868
1669.199164 718.204544 -87.538405 -16.301126 -0.040576 0.066264 -0.064708 0.994875
1669.299810 718.322932 -87.555884 -16.307324 -0.044127 0.065020 -0.064625 0.994811
1669.399649 718.441087 -87.573199 -16.301910 -0.045680 0.060960 -0.064354 0.995015
1669.499495 718.567182 -87.587553 -16.295934 -0.044731 0.061974 -0.064553 0.994983
1669.599333 718.700675 -87.600488 -16.295922 -0.044510 0.065692 -0.064504 0.994758
1669.699154 718.824632 -87.617074 -16.308873 -0.042515 0.066505 -0.065129 0.994750
1669.799795 718.938156 -87.634637 -16.326966 -0.042154 0.065614 -0.065627 0.994792
1669.899636 719.058145 -87.654876 -16.338605 -0.045137 0.062110 -0.066028 0.994859
1669.999496 719.185123 -87.674335 -16.347255 -0.042746 0.061089 -0.066292 0.995011
1670.099332 719.300960 -87.686731 -16.354530 -0.041093 0.064114 -0.066685 0.994864
1670.199179 719.415040 -87.700877 -16.359410 -0.043662 0.068227 -0.066316 0.994505
1670.299826 719.535411 -87.717931 -16.359963 -0.044752 0.066145 -0.065928 0.994623
1670.399665 719.655256 -87.736732 -16.358520 -0.045047 0.062965 -0.065685 0.994832
1670.499509 719.778542 -87.755464 -16.354962 -0.044683 0.058565 -0.065998 0.995097
1670.599346 719.904935 -87.775041 -16.361944 -0.044371 0.056629 -0.066568 0.995185
1670.699194 720.025546 -87.790729 -16.375813 -0.044908 0.057454 -0.067265 0.995067
1670.799821 720.136450 -87.808065 -16.388233 -0.042729 0.059103 -0.067514 0.995049
1670.899653 720.240031 -87.823289 -16.385756 -0.043239 0.061303 -0.067755 0.994878
1670.999487 720.343451 -87.843005 -16.380679 -0.044607 0.062151 -0.067216 0.994801
1671.099315 720.448993 -87.865105 -16.383670 -0.046754 0.062171 -0.066527 0.994748
1671.199158 720.556187 -87.885032 -16.392202 -0.045738 0.062481 -0.066284 0.994792
1671.299795 720.659767 -87.901343 -16.397986 -0.046086 0.063418 -0.066562 0.994698
1671.399632 720.767580 -87.915447 -16.403599 -0.047084 0.064672 -0.066221 0.994593
1671.499488 720.864409 -87.928497 -16.406143 -0.049017 0.063465 -0.065651 0.994615
1671.599318 720.958982 -87.952329 -16.408524 -0.048478 0.063251 -0.065156 0.994688
1671.699163 721.062860 -87.973514 -16.413185 -0.045895 0.062595 -0.065109 0.994855
1671.799799 721.169306 -87.986038 -16.417650 -0.044736 0.062511 -0.065208 0.994906
1671.899639 721.277226 -87.998815 -16.424409 -0.044342 0.065117 -0.065175 0.994759
1671.999483 721.382673 -88.012939 -16.434830 -0.044697 0.068736 -0.065479 0.994480
1672.099324 721.478582 -88.029529 -16.442934 -0.045772 0.069159 -0.065375 0.994408
1672.199173 721.580955 -88.049309 -16.445770 -0.046767 0.067631 -0.065112 0.994484
1672.299814 721.680441 -88.065227 -16.445416 -0.047250 0.066126 -0.065308 0.994550
1672.399647 721.775511 -88.078677 -16.445985 -0.048971 0.061576 -0.065311 0.994759
1672.499494 721.883019 -88.096915 -16.454885 -0.047252 0.058913 -0.064699 0.995043
1672.599335 721.988865 -88.114163 -16.462532 -0.043666 0.060492 -0.064609 0.995118
1672.699163 722.089014 -88.125626 -16.472975 -0.045476 0.061484 -0.064929 0.994955
1672.799793 722.195243 -88.139462 -16.482877 -0.050486 0.063376 -0.064946 0.994594
1672.899637 722.292529 -88.157264 -16.483515 -0.054449 0.072239 -0.065066 0.993772
1672.999482 722.380494 -88.175316 -16.482991 -0.051713 0.074818 -0.064746 0.993748
1673.099324 722.478791 -88.191180 -16.478563 -0.046566 0.072063 -0.064506 0.994222
1673.199159 722.577512 -88.204897 -16.484621 -0.044207 0.068435 -0.064666 0.994576
1673.299814 722.676405 -88.214278 -16.487245 -0.043168 0.067753 -0.064994 0.994647
1673.399648 722.770422 -88.226145 -16.493644 -0.042320 0.067264 -0.065034 0.994714
1673.499473 722.863548 -88.237981 -16.499354 -0.042348 0.067958 -0.064913 0.994673
1673.599321 722.949799 -88.251331 -16.513949 -0.044334 0.065569 -0.064681 0.994762
1673.699170 723.045264 -88.262696 -16.527789 -0.043972 0.063275 -0.064367 0.994947
1673.799801 723.154357 -88.283063 -16.529809 -0.044775 0.066257 -0.064345 0.994719
1673.899646 723.262010 -88.298694 -16.525823 -0.046222 0.068945 -0.064512 0.994459
1673.999486 723.372235 -88.311264 -16.523135 -0.046075 0.070102 -0.064295 0.994399
1674.099332 723.477200 -88.328209 -16.534010 -0.046390 0.068892 -0.064397 0.994462
1674.199187 723.580665 -88.342218 -16.537930 -0.045483 0.067772 -0.064776 0.994556
1674.299839 723.676012 -88.358098 -16.538935 -0.043536 0.066355 -0.064756 0.994740
1674.399676 723.768601 -88.378115 -16.546683 -0.042801 0.065637 -0.064438 0.994841
1674.499516 723.863269 -88.390326 -16.549731 -0.044655 0.065829 -0.064593 0.994736
1674.599377 723.961274 -88.400672 -16.558912 -0.046219 0.067258 -0.064826 0.994554
1674.699216 724.069654 -88.413533 -16.572909 -0.045823 0.067880 -0.064537 0.994549
1674.799446 724.179788 -88.425551 -16.580690 -0.045346 0.067469 -0.064401 0.994608
1674.899293 724.295071 -88.441059 -16.571895 -0.046714 0.066393 -0.065011 0.994577
1674.999134 724.405683 -88.454057 -16.573802 -0.046843 0.066101 -0.065981 0.994527
1675.099778 724.499453 -88.458429 -16.582919 -0.046908 0.065146 -0.066345 0.994562
1675.199617 724.588955 -88.469658 -16.593415 -0.043992 0.063413 -0.065764 0.994846
1675.299441 724.694608 -88.487564 -16.609907 -0.041477 0.064096 -0.065810 0.994907
1675.399284 724.802800 -88.496833 -16.618223 -0.039722 0.067281 -0.066672 0.994711
1675.499123 724.905621 -88.505943 -16.616932 -0.038125 0.069625 -0.067257 0.994573
1675.599768 725.008860 -88.519281 -16.615653 -0.039164 0.073008 -0.067551 0.994270
1675.699607 725.111497 -88.533059 -16.614565 -0.039118 0.070777 -0.067457 0.994440
1675.799452 725.212782 -88.542825 -16.623372 -0.038536 0.065859 -0.067491 0.994798
1675.899297 725.317246 -88.553943 -16.634757 -0.037957 0.065370 -0.067103 0.994878
1675.999139 725.417425 -88.570097 -16.640064 -0.040905 0.067888 -0.066601 0.994627
1676.099784 725.518836 -88.587088 -16.642878 -0.044648 0.066933 -0.065751 0.994587
1676.199635 725.624974 -88.605713 -16.639711 -0.045570 0.067552 -0.065268 0.994535
1676.299480 725.727230 -88.622376 -16.639407 -0.045566 0.068923 -0.064760 0.994475
1676.399323 725.832697 -88.639207 -16.644793 -0.046575 0.070427 -0.064746 0.994323
1676.499164 725.937885 -88.657684 -16.653311 -0.046580 0.070065 -0.064849 0.994342
1676.599803 726.046318 -88.675402 -16.658872 -0.046349 0.069365 -0.064947 0.994395
1676.699648 726.158177 -88.693680 -16.663233 -0.045100 0.069253 -0.064905 0.994463
1676.799477 726.266369 -88.711976 -16.670411 -0.046178 0.069783 -0.064932 0.994375
1676.899307 726.376483 -88.731951 -16.675254 -0.047493 0.070244 -0.064420 0.994314
1676.999155 726.477422 -88.746114 -16.673890 -0.047724 0.070623 -0.063803 0.994316
1677.099799 726.575571 -88.767106 -16.679186 -0.050589 0.067064 -0.062286 0.994517
1677.199638 726.675708 -88.786263 -16.690810 -0.047955 0.063999 -0.062040 0.994865
1677.299483 726.777645 -88.795482 -16.699650 -0.045079 0.065163 -0.062279 0.994909
1677.399322 726.876273 -88.808637 -16.698246 -0.044074 0.068185 -0.062487 0.994738
1677.499173 726.978581 -88.827258 -16.698224 -0.044389 0.069026 -0.062377 0.994673
1677.599805 727.098605 -88.847678 -16.703879 -0.046326 0.068300 -0.062370 0.994635
1677.699647 727.209080 -88.862640 -16.709678 -0.047692 0.066597 -0.062408 0.994684
1677.799496 727.319493 -88.877673 -16.709579 -0.047643 0.065467 -0.062125 0.994779
1677.899326 727.427582 -88.890507 -16.714183 -0.046899 0.067581 -0.062170 0.994670
1677.999172 727.531249 -88.905661 -16.719179 -0.045646 0.068165 -0.061840 0.994709
1678.099818 727.637348 -88.924100 -16.726351 -0.045336 0.067735 -0.061619 0.994766
1678.199649 727.737506 -88.941657 -16.730688 -0.045325 0.066862 -0.061567 0.994829
1678.299485 727.838661 -88.954837 -16.740543 -0.045705 0.067121 -0.062267 0.994751
1678.399320 727.942895 -88.967202 -16.743612 -0.045034 0.064187 -0.062601 0.994954
1678.499166 728.048257 -88.982405 -16.740153 -0.043628 0.060958 -0.061993 0.995258
1678.599818 728.153488 -89.000455 -16.735911 -0.045095 0.063801 -0.061677 0.995034
1678.699665 728.256157 -89.015272 -16.745328 -0.046066 0.068010 -0.062224 0.994676
1678.799509 728.358608 -89.036377 -16.765131 -0.045119 0.068184 -0.062720 0.994676
1678.899333 728.458650 -89.054390 -16.779900 -0.045685 0.066447 -0.063169 0.994740
1678.999171 728.560706 -89.068647 -16.784834 -0.047145 0.064323 -0.063324 0.994801
1679.099811 728.669312 -89.085387 -16.782546 -0.049152 0.063665 -0.063070 0.994763
1679.199644 728.767817 -89.101750 -16.781181 -0.049354 0.065763 -0.063133 0.994612
1679.299477 728.875509 -89.116018 -16.787674 -0.048394 0.069256 -0.063635 0.994390
1679.399311 728.982292 -89.135197 -16.802312 -0.046299 0.070184 -0.063491 0.994434
1679.499147 729.096888 -89.155182 -16.808743 -0.044905 0.070644 -0.063300 0.994478
1679.599801 729.206174 -89.169652 -16.810759 -0.043639 0.069453 -0.063767 0.994588
1679.699636 729.313536 -89.183455 -16.809038 -0.043808 0.066307 -0.063636 0.994804
1679.799465 729.414276 -89.196421 -16.810017 -0.044269 0.064914 -0.063385 0.994891
1679.899301 729.508170 -89.210720 -16.813693 -0.045908 0.064403 -0.063219 0.994861
1679.999156 729.597439 -89.223329 -16.819281 -0.045461 0.065466 -0.063346 0.994804
1680.099800 729.684347 -89.236030 -16.828785 -0.045477 0.067765 -0.063143 0.994662
1680.199626 729.770542 -89.254620 -16.833521 -0.047736 0.069424 -0.062602 0.994476
1680.299466 729.871383 -89.269946 -16.833464 -0.048736 0.070206 -0.062499 0.994379
1680.399299 729.981129 -89.284967 -16.834954 -0.048400 0.069478 -0.062303 0.994459
1680.499144 730.088040 -89.303681 -16.839815 -0.047193 0.069048 -0.062601 0.994528
1680.599794 730.192843 -89.316383 -16.849425 -0.047017 0.069345 -0.063063 0.994487
1680.699626 730.294821 -89.330953 -16.858950 -0.046848 0.066935 -0.062786 0.994677
1680.799466 730.398341 -89.344062 -16.859706 -0.045716 0.066060 -0.062681 0.994795
1680.899305 730.501765 -89.362245 -16.858034 -0.045849 0.068399 -0.062457 0.994645
1680.999137 730.608019 -89.378489 -16.868818 -0.046816 0.070405 -0.061725 0.994506
1681.099762 730.709686 -89.395902 -16.876326 -0.046060 0.069539 -0.060534 0.994675
1681.199602 730.810451 -89.410954 -16.881742 -0.045588 0.069048 -0.060269 0.994747
1681.299444 730.913719 -89.419520 -16.879845 -0.045884 0.067954 -0.060620 0.994787
1681.399270 731.022513 -89.430785 -16.882820 -0.045588 0.067888 -0.060710 0.994800
1681.499511 731.133831 -89.449707 -16.884516 -0.044945 0.068633 -0.060683 0.994780
1681.599342 731.232940 -89.460240 -16.886062 -0.045014 0.067607 -0.061387 0.994804
1681.699197 731.323617 -89.474988 -16.891816 -0.045343 0.065036 -0.061315 0.994965
1681.799824 731.419674 -89.490974 -16.898936 -0.044808 0.064585 -0.061228 0.995024
1681.899664 731.522708 -89.504420 -16.910186 -0.045506 0.064077 -0.061238 0.995024
1681.999510 731.633442 -89.516616 -16.915846 -0.046019 0.062368 -0.061467 0.995095
1682.099359 731.743869 -89.526075 -16.918215 -0.045522 0.062432 -0.061513 0.995111
1682.199205 731.851691 -89.542867 -16.926700 -0.045450 0.063908 -0.061155 0.995043
1682.299454 731.951504 -89.555772 -16.933218 -0.045332 0.065420 -0.061019 0.994958
1682.399287 732.050477 -89.570654 -16.942203 -0.045249 0.065110 -0.060868 0.994992
1682.499122 732.146306 -89.589008 -16.950298 -0.046122 0.064425 -0.060842 0.994998
1682.599762 732.252837 -89.607274 -16.956562 -0.044375 0.065199 -0.061299 0.994999
1682.699592 732.359485 -89.625540 -16.964693 -0.043121 0.065251 -0.061199 0.995057
1682.799426 732.466711 -89.637050 -16.966538 -0.044376 0.067685 -0.061007 0.994851
1682.899259 732.576565 -89.649733 -16.963355 -0.046825 0.067936 -0.060768 0.994736
1682.999492 732.682696 -89.665249 -16.966160 -0.046445 0.069235 -0.060546 0.994678
1683.099339 732.785188 -89.685441 -16.967144 -0.048410 0.068900 -0.060053 0.994637
1683.199180 732.881562 -89.699013 -16.969534 -0.046581 0.067930 -0.060326 0.994775
1683.299830 732.982148 -89.705798 -16.983644 -0.043685 0.069903 -0.060745 0.994744
1683.399663 733.083294 -89.717570 -16.990074 -0.044119 0.073405 -0.060866 0.994465
1683.499501 733.186430 -89.733698 -16.992949 -0.045711 0.074810 -0.060906 0.994286
1683.599341 733.296738 -89.748233 -16.991089 -0.045378 0.075214 -0.060890 0.994272
1683.699171 733.412226 -89.765807 -16.988356 -0.046700 0.073721 -0.060375 0.994354
1683.799803 733.523917 -89.780916 -17.001271 -0.044443 0.073702 -0.060594 0.994445
1683.899651 733.638816 -89.797510 -17.020511 -0.043461 0.076235 -0.060450 0.994306
1683.999499 733.749313 -89.814277 -17.043599 -0.043247 0.078522 -0.059814 0.994176
1684.099329 733.861646 -89.825935 -17.065546 -0.044221 0.081008 -0.059478 0.993954
1684.199157 733.980700 -89.838140 -17.077557 -0.043702 0.081591 -0.059959 0.993900
1684.299788 734.100338 -89.852857 -17.086654 -0.042071 0.079882 -0.060466 0.994079
1684.399619 734.226453 -89.875604 -17.097287 -0.042451 0.078393 -0.060596 0.994173
1684.499469 734.351693 -89.896971 -17.116114 -0.043380 0.078232 -0.060599 0.994146
1684.599303 734.466240 -89.915516 -17.147288 -0.043689 0.078745 -0.060221 0.994115
1684.699144 734.577999 -89.930190 -17.182008 -0.044148 0.078896 -0.060065 0.994092
1684.799773 734.698404 -89.941370 -17.204110 -0.044966 0.075585 -0.060204 0.994304
1684.899610 734.823950 -89.957379 -17.212481 -0.043639 0.073449 -0.060888 0.994482
1684.999457 734.953310 -89.978867 -17.224101 -0.039354 0.074394 -0.061765 0.994536
1685.099286 735.091890 -89.997935 -17.254002 -0.043245 0.076158 -0.062103 0.994220
1685.199148 735.217877 -90.012687 -17.292807 -0.046746 0.075677 -0.061900 0.994111
1685.299794 735.352830 -90.029135 -17.319486 -0.045933 0.075455 -0.061796 0.994172
1685.399648 735.496549 -90.053126 -17.338217 -0.041427 0.073493 -0.061565 0.994531
1685.499482 735.640875 -90.071860 -17.350899 -0.040850 0.073836 -0.061755 0.994518
1685.599320 735.780005 -90.088525 -17.364257 -0.041441 0.073589 -0.062129 0.994488
1685.699151 735.906320 -90.100706 -17.382475 -0.040788 0.072507 -0.062143 0.994594
1685.799781 736.025473 -90.114825 -17.403907 -0.042614 0.074078 -0.062800 0.994360
1685.899609 736.152940 -90.135235 -17.425900 -0.045470 0.075626 -0.063603 0.994066
1685.999455 736.288284 -90.155538 -17.448644 -0.042996 0.073181 -0.063722 0.994352
1686.099302 736.428801 -90.172357 -17.473619 -0.039261 0.069248 -0.063180 0.994822
1686.199128 736.569882 -90.188669 -17.491989 -0.041338 0.067409 -0.062927 0.994881
1686.299764 736.711105 -90.207914 -17.518029 -0.044908 0.067328 -0.063508 0.994694
1686.399612 736.849068 -90.233806 -17.531943 -0.046795 0.069780 -0.063452 0.994442
1686.499464 736.988122 -90.257347 -17.543182 -0.046846 0.069661 -0.063452 0.994448
1686.599306 737.132174 -90.271846 -17.555674 -0.044740 0.071075 -0.063476 0.994443
1686.699154 737.273443 -90.284134 -17.567968 -0.041516 0.069176 -0.062773 0.994762
1686.799794 737.415211 -90.305414 -17.577121 -0.041031 0.068088 -0.062881 0.994850
1686.899624 737.554548 -90.333350 -17.584001 -0.041554 0.070387 -0.063568 0.994624
1686.999462 737.687623 -90.358304 -17.588834 -0.043660 0.072177 -0.063860 0.994387
1687.099300 737.825605 -90.379544 -17.596929 -0.044654 0.074309 -0.064077 0.994172
1687.199143 737.966438 -90.398853 -17.604304 -0.043431 0.073477 -0.063238 0.994342
1687.299780 738.102272 -90.415628 -17.607247 -0.046386 0.071536 -0.062714 0.994383
1687.399602 738.235763 -90.433740 -17.606958 -0.050839 0.071551 -0.062952 0.994149
1687.499432 738.368557 -90.453926 -17.614450 -0.049398 0.072256 -0.063278 0.994150
1687.599273 738.502425 -90.474469 -17.628290 -0.047709 0.072632 -0.064046 0.994156
1687.699517 738.632097 -90.494235 -17.636515 -0.046074 0.068173 -0.064122 0.994544
1687.799362 738.758566 -90.512908 -17.638097 -0.044749 0.065679 -0.063574 0.994808
1687.899198 738.886917 -90.525927 -17.637523 -0.045918 0.066840 -0.063162 0.994703
1687.999427 739.023397 -90.543069 -17.645996 -0.045446 0.068530 -0.063059 0.994616
1688.099259 739.163971 -90.563753 -17.655134 -0.047058 0.068245 -0.063069 0.994560
1688.199488 739.305795 -90.589820 -17.663848 -0.047908 0.066586 -0.063239 0.994622
1688.299332 739.444217 -90.606359 -17.668656 -0.047276 0.063872 -0.063519 0.994812
1688.399176 739.574771 -90.619617 -17.672499 -0.047223 0.062260 -0.063832 0.994896
1688.499835 739.695450 -90.634678 -17.681570 -0.045708 0.061021 -0.064007 0.995033
1688.599680 739.820409 -90.655943 -17.690736 -0.044787 0.060690 -0.063914 0.995101
1688.699515 739.953123 -90.674697 -17.697252 -0.046093 0.060790 -0.064019 0.995028
1688.799350 740.093082 -90.694772 -17.705783 -0.047814 0.059871 -0.063944 0.995008
1688.899190 740.228900 -90.715032 -17.713300 -0.047321 0.059791 -0.063853 0.995042
1688.999830 740.362906 -90.728890 -17.721238 -0.046753 0.059431 -0.064195 0.995068
1689.099669 740.487819 -90.741179 -17.724753 -0.046598 0.059247 -0.064479 0.995068
1689.199500 740.595547 -90.757075 -17.729823 -0.045409 0.057852 -0.064239 0.995221
1689.299339 740.695674 -90.772929 -17.739208 -0.046213 0.056854 -0.064218 0.995243
1689.399185 740.806181 -90.793381 -17.739505 -0.044615 0.059902 -0.063388 0.995190
1689.499826 740.923868 -90.807684 -17.747202 -0.046691 0.061835 -0.063069 0.994997
1689.599669 741.046389 -90.820942 -17.759311 -0.046259 0.066929 -0.063452 0.994663
1689.699502 741.166368 -90.837507 -17.768969 -0.045856 0.070080 -0.063778 0.994444
1689.799340 741.277868 -90.851636 -17.775031 -0.043269 0.069414 -0.064328 0.994571
1689.899197 741.386947 -90.869360 -17.783786 -0.042203 0.069489 -0.064665 0.994590
1689.999836 741.507142 -90.888985 -17.793333 -0.042607 0.069840 -0.064551 0.994555
1690.099665 741.624098 -90.902441 -17.800932 -0.044239 0.069071 -0.064771 0.994523
1690.199501 741.730640 -90.913010 -17.804964 -0.043484 0.068646 -0.064866 0.994580
1690.299330 741.835429 -90.927184 -17.802942 -0.044988 0.067018 -0.064907 0.994621
1690.399167 741.937528 -90.943120 -17.803209 -0.045564 0.065228 -0.065268 0.994691
1690.499785 742.045428 -90.961818 -17.810718 -0.044713 0.065806 -0.065389 0.994683
1690.599616 742.149460 -90.976932 -17.820581 -0.045873 0.067615 -0.065307 0.994514
1690.699452 742.255457 -90.990814 -17.826821 -0.047273 0.067582 -0.065325 0.994450
1690.799289 742.362436 -91.005315 -17.828811 -0.046376 0.067296 -0.065298 0.994513
1690.899130 742.466706 -91.022596 -17.833253 -0.045544 0.066085 -0.065308 0.994632
1690.999776 742.569960 -91.044689 -17.840777 -0.044407 0.064000 -0.064890 0.994847
1691.099608 742.672656 -91.063790 -17.847125 -0.043750 0.064953 -0.064511 0.994839
1691.199431 742.783824 -91.077628 -17.853510 -0.045856 0.065580 -0.064368 0.994713
1691.299277 742.889542 -91.089775 -17.859452 -0.047737 0.065501 -0.064540 0.994618
1691.399111 742.994873 -91.100796 -17.863701 -0.047049 0.065026 -0.064710 0.994671
1691.499755 743.104341 -91.115248 -17.867448 -0.046476 0.063935 -0.064929 0.994754
1691.599592 743.214649 -91.129105 -17.872895 -0.044582 0.063682 -0.064973 0.994855
1691.699428 743.322268 -91.143046 -17.878608 -0.043242 0.065555 -0.065053 0.994787
1691.799267 743.431852 -91.160366 -17.883334 -0.042660 0.068917 -0.065092 0.994582
1691.899490 743.539790 -91.174776 -17.886474 -0.044242 0.071437 -0.065577 0.994303
1691.999322 743.642672 -91.188112 -17.889944 -0.046064 0.071053 -0.066323 0.994199
1692.099158 743.738424 -91.200910 -17.900457 -0.044957 0.067748 -0.066408 0.994474
1692.199802 743.841719 -91.213640 -17.910302 -0.042756 0.064607 -0.066079 0.994802
1692.299639 743.944021 -91.230626 -17.919667 -0.044507 0.064297 -0.066380 0.994725
1692.399478 744.047832 -91.246551 -17.924543 -0.045395 0.067784 -0.066287 0.994460
1692.499325 744.149165 -91.265399 -17.925370 -0.046846 0.069847 -0.065882 0.994277
1692.599161 744.252330 -91.281297 -17.928026 -0.048188 0.067919 -0.065994 0.994339
1692.699775 744.364668 -91.302828 -17.938947 -0.046189 0.067560 -0.065771 0.994473
1692.799607 744.478433 -91.322790 -17.948770 -0.044947 0.067651 -0.065437 0.994546
1692.899445 744.590851 -91.337191 -17.957995 -0.044599 0.065714 -0.064792 0.994733
1692.999291 744.702830 -91.353246 -17.970461 -0.046470 0.064007 -0.064094 0.994804
1693.099138 744.809545 -91.365716 -17.982669 -0.046618 0.066026 -0.063921 0.994677
1693.199775 744.908595 -91.379258 -17.992675 -0.047568 0.068039 -0.063920 0.994496
1693.299616 745.008386 -91.395420 -18.001570 -0.048389 0.068775 -0.064375 0.994376
1693.399454 745.119554 -91.415674 -18.012786 -0.046157 0.069298 -0.064676 0.994427
1693.499314 745.237314 -91.432838 -18.025092 -0.045907 0.069897 -0.065017 0.994374
1693.599158 745.350520 -91.451738 -18.036870 -0.047874 0.071992 -0.065260 0.994116
1693.699792 745.460864 -91.465901 -18.054625 -0.048558 0.072622 -0.065611 0.994014
1693.799628 745.572338 -91.484200 -18.067657 -0.043780 0.071697 -0.066089 0.994271
1693.899457 745.672995 -91.501533 -18.078345 -0.042422 0.071467 -0.066879 0.994294
1693.999291 745.765596 -91.513731 -18.096940 -0.043224 0.070256 -0.067162 0.994326
1694.099147 745.867829 -91.527683 -18.107702 -0.045276 0.070171 -0.066906 0.994258
1694.199785 745.979405 -91.545544 -18.117169 -0.048284 0.070944 -0.066094 0.994116
1694.299632 746.096072 -91.569039 -18.132764 -0.049734 0.073714 -0.065580 0.993877
1694.399468 746.205842 -91.588860 -18.153023 -0.049214 0.075168 -0.065867 0.993775
1694.499312 746.325317 -91.606537 -18.174284 -0.047486 0.074374 -0.066211 0.993896
1694.599131 746.446960 -91.623227 -18.188577 -0.046392 0.071899 -0.066602 0.994104
1694.699766 746.560945 -91.641972 -18.193810 -0.044583 0.070016 -0.066537 0.994325
1694.799606 746.675249 -91.657474 -18.197555 -0.044805 0.069515 -0.066314 0.994365
1694.899445 746.783464 -91.673238 -18.209545 -0.045720 0.068813 -0.066366 0.994369
1694.999277 746.886448 -91.689908 -18.225805 -0.046286 0.065478 -0.066196 0.994579
1695.099111 746.998350 -91.708274 -18.239646 -0.046900 0.063177 -0.066082 0.994707
1695.199744 747.114474 -91.729860 -18.252001 -0.046613 0.062989 -0.065727 0.994756
1695.299586 747.228323 -91.751071 -18.268402 -0.045942 0.063227 -0.065015 0.994819
1695.399424 747.335725 -91.767153 -18.276013 -0.046075 0.064597 -0.063837 0.994801
1695.499266 747.445432 -91.775112 -18.287718 -0.047353 0.063697 -0.063361 0.994830
1695.599498 747.561404 -91.787409 -18.298521 -0.050854 0.060739 -0.063390 0.994840
1695.699344 747.670627 -91.808632 -18.318128 -0.050190 0.059222 -0.064077 0.994921
1695.799182 747.780072 -91.833695 -18.335534 -0.046836 0.059995 -0.064079 0.995038
1695.899827 747.885555 -91.855023 -18.340554 -0.046404 0.061277 -0.063698 0.995005
1695.999666 747.988065 -91.870844 -18.346569 -0.047093 0.060119 -0.063832 0.995034
1696.099495 748.092886 -91.879455 -18.364919 -0.046308 0.057858 -0.063487 0.995227
1696.199341 748.190160 -91.890789 -18.382002 -0.046018 0.056348 -0.063113 0.995351
1696.299185 748.284905 -91.902970 -18.387631 -0.047964 0.055947 -0.064413 0.995199
1696.399819 748.382773 -91.917887 -18.391054 -0.049612 0.052506 -0.066171 0.995190
1696.499660 748.475018 -91.933247 -18.394665 -0.048672 0.047784 -0.066953 0.995422
1696.599498 748.560782 -91.949126 -18.400844 -0.043991 0.049989 -0.067092 0.995522
1696.699334 748.660466 -91.965420 -18.415614 -0.042889 0.056770 -0.067562 0.995175
1696.799179 748.767371 -91.977144 -18.433468 -0.044715 0.061714 -0.067902 0.994777
1696.899817 748.857350 -91.984913 -18.444221 -0.046376 0.065714 -0.067703 0.994458
1696.999664 748.944400 -91.998635 -18.445284 -0.049005 0.067041 -0.067372 0.994266
1697.099502 749.034795 -92.017282 -18.446545 -0.048859 0.067877 -0.067280 0.994223
1697.199346 749.122632 -92.031981 -18.451203 -0.045759 0.066219 -0.065974 0.994570
1697.299183 749.212082 -92.041611 -18.462965 -0.043083 0.065110 -0.064590 0.994853
1697.399813 749.300661 -92.052884 -18.476346 -0.046035 0.067092 -0.064293 0.994608
1697.499660 749.391047 -92.068757 -18.496293 -0.047874 0.071343 -0.064547 0.994209
1697.599516 749.486639 -92.083160 -18.511497 -0.046741 0.073497 -0.064966 0.994079
1697.699362 749.580704 -92.096094 -18.511316 -0.043276 0.072567 -0.065189 0.994290
1697.799202 749.676784 -92.108196 -18.512763 -0.040876 0.070284 -0.065173 0.994556
1697.899454 749.767472 -92.120389 -18.527488 -0.041542 0.067725 -0.064683 0.994738
1697.999287 749.854322 -92.134389 -18.546551 -0.043181 0.066947 -0.063663 0.994787
1698.099144 749.940961 -92.150551 -18.560169 -0.045456 0.068542 -0.063533 0.994585
1698.199782 750.025481 -92.159617 -18.575190 -0.049385 0.070741 -0.063909 0.994220
1698.299615 750.122145 -92.170574 -18.593713 -0.047885 0.072505 -0.064075 0.994155
1698.399464 750.224416 -92.181895 -18.605890 -0.041819 0.071902 -0.064560 0.994441
1698.499312 750.324101 -92.198518 -18.622501 -0.040092 0.070883 -0.065163 0.994546
1698.599143 750.425958 -92.218292 -18.634723 -0.043091 0.068509 -0.065857 0.994541
1698.699778 750.522372 -92.233200 -18.656009 -0.043451 0.068515 -0.066319 0.994495
1698.799605 750.619543 -92.241044 -18.667272 -0.044087 0.070982 -0.065992 0.994315
1698.899437 750.718903 -92.249375 -18.673891 -0.046751 0.073523 -0.065761 0.994024
1698.999275 750.825483 -92.263451 -18.682640 -0.046361 0.073996 -0.065687 0.994012
1699.099519 750.941458 -92.286782 -18.689628 -0.046571 0.071138 -0.065711 0.994210
1699.199360 751.058837 -92.306777 -18.695627 -0.048775 0.068742 -0.066204 0.994240
1699.299212 751.175037 -92.324707 -18.709063 -0.047102 0.070183 -0.065930 0.994238
1699.399465 751.282202 -92.337955 -18.724212 -0.040931 0.074298 -0.066011 0.994207
1699.499285 751.392582 -92.350259 -18.730621 -0.040233 0.077599 -0.066239 0.993968
1699.599138 751.504203 -92.364546 -18.726492 -0.041190 0.076828 -0.066130 0.993996
1699.699769 751.609734 -92.378974 -18.717862 -0.043901 0.074879 -0.065844 0.994047
1699.799608 751.717627 -92.390099 -18.720729 -0.046911 0.073898 -0.066105 0.993966
1699.899433 751.820413 -92.404256 -18.732551 -0.047139 0.074179 -0.066526 0.993906
1699.999255 751.929695 -92.427144 -18.747289 -0.044910 0.075408 -0.066070 0.993947
1700.099495 752.053145 -92.441711 -18.758878 -0.044813 0.079151 -0.065856 0.993675
1700.199335 752.182254 -92.458081 -18.762579 -0.045003 0.080038 -0.065439 0.993623
1700.299175 752.308536 -92.479210 -18.768291 -0.044591 0.076048 -0.065517 0.993950
1700.399815 752.435854 -92.497643 -18.765953 -0.042625 0.073770 -0.065242 0.994226
1700.499647 752.553657 -92.516586 -18.765670 -0.042609 0.075456 -0.065025 0.994114
1700.599486 752.676777 -92.529320 -18.782413 -0.043679 0.075420 -0.065325 0.994051
1700.699334 752.794209 -92.540342 -18.797074 -0.043220 0.073650 -0.065073 0.994220
1700.799165 752.911759 -92.557089 -18.803445 -0.042181 0.071629 -0.064436 0.994454
1700.899804 753.041694 -92.581949 -18.805632 -0.042349 0.069871 -0.063754 0.994616
1700.999653 753.175010 -92.605322 -18.808148 -0.043849 0.067977 -0.063684 0.994686
1701.099493 753.306079 -92.624296 -18.814225 -0.043729 0.069129 -0.062763 0.994671
1701.199325 753.447440 -92.637253 -18.823932 -0.046936 0.069512 -0.062434 0.994519
1701.299177 753.587078 -92.657415 -18.837166 -0.049758 0.069950 -0.061969 0.994380
1701.399817 753.728032 -92.676013 -18.847973 -0.049373 0.071985 -0.062153 0.994242
1701.499647 753.871469 -92.700947 -18.858176 -0.048032 0.073695 -0.062506 0.994160
1701.599506 754.001733 -92.721424 -18.869997 -0.046775 0.074297 -0.063403 0.994119
1701.699347 754.133856 -92.734479 -18.871079 -0.043719 0.072182 -0.064377 0.994351
1701.799194 754.265438 -92.747222 -18.867656 -0.040917 0.071687 -0.064552 0.994495
1701.899823 754.408541 -92.758871 -18.871819 -0.042225 0.071644 -0.064802 0.994427
1701.999680 754.549117 -92.775896 -18.883884 -0.044055 0.070056 -0.064861 0.994457
1702.099510 754.685182 -92.798997 -18.894813 -0.046650 0.069394 -0.065262 0.994359
1702.199340 754.817441 -92.818562 -18.904166 -0.045425 0.066767 -0.065090 0.994607
1702.299184 754.942668 -92.832491 -18.909010 -0.041876 0.068021 -0.064836 0.994694
1702.399815 755.070146 -92.842757 -18.913042 -0.041914 0.073108 -0.064924 0.994326
1702.499673 755.207719 -92.862258 -18.921466 -0.042295 0.074319 -0.064598 0.994241
1702.599513 755.347085 -92.871167 -18.928756 -0.042763 0.073091 -0.064465 0.994321
1702.699363 755.481293 -92.889989 -18.924754 -0.040291 0.072138 -0.063861 0.994532
1702.799205 755.616130 -92.915143 -18.916644 -0.037514 0.070739 -0.063080 0.994791
1702.899445 755.755913 -92.940347 -18.914493 -0.041830 0.071294 -0.063357 0.994562
1702.999277 755.901028 -92.956543 -18.920586 -0.045541 0.070980 -0.063722 0.994398
1703.099122 756.040806 -92.966721 -18.925141 -0.045202 0.070288 -0.063248 0.994493
1703.199767 756.181033 -92.982077 -18.911425 -0.045137 0.072122 -0.063022 0.994379
1703.299609 756.319142 -93.000023 -18.888409 -0.044658 0.073138 -0.063573 0.994291
1703.399441 756.461932 -93.025246 -18.864195 -0.043116 0.072340 -0.063530 0.994420
1703.499292 756.604990 -93.049277 -18.843910 -0.043005 0.071013 -0.063328 0.994534
1703.599129 756.747470 -93.066908 -18.831225 -0.044798 0.068787 -0.062831 0.994643
