1076.599619 0.055120 0.022260 -0.029700 0.000000 0.000000 0.000000 1.000000
1076.699451 -0.002668 0.027925 -0.030874 -0.000551 -0.000339 -0.000010 1.000000
1076.799291 -0.050741 0.032538 -0.024403 -0.001140 0.000324 -0.000014 0.999999
1076.899122 -0.110406 0.037654 -0.020829 -0.001019 0.000800 0.000030 0.999999
1076.999753 -0.178461 0.043730 -0.029629 -0.001167 0.000465 0.000094 0.999999
1077.099596 -0.231197 0.049241 -0.039748 -0.001569 0.000273 0.000077 0.999999
1077.199424 -0.229147 0.052808 -0.038622 -0.001513 0.000192 0.000034 0.999999
1077.299277 -0.200233 0.055170 -0.031006 -0.000439 0.000336 0.000025 1.000000
1077.399124 -0.151777 0.046099 -0.022807 -0.000434 0.000754 0.000240 1.000000
1077.499766 -0.139076 0.043688 -0.023649 -0.000682 0.000682 0.000238 1.000000
1077.599611 -0.149093 0.047473 -0.029493 -0.000729 0.000020 0.000227 1.000000
1077.699462 -0.162048 0.053131 -0.026829 -0.000820 -0.000399 0.000085 1.000000
1077.799299 -0.189713 0.060922 -0.029124 -0.000584 -0.001003 -0.000001 0.999999
1077.899137 -0.204793 0.060038 -0.033662 -0.000184 -0.000788 0.000149 1.000000
1077.999775 -0.216693 0.055514 -0.030015 -0.000075 -0.000471 0.000382 1.000000
1078.099610 -0.227270 0.061034 -0.029058 0.000231 -0.000301 0.000167 1.000000
1078.199456 -0.201811 0.061154 -0.030670 0.000857 -0.000788 0.000135 0.999999
1078.299313 -0.191912 0.060877 -0.029032 0.000507 -0.000876 0.000076 0.999999
1078.399140 -0.185851 0.061294 -0.030948 -0.000667 -0.000698 0.000048 1.000000
1078.499767 -0.211942 0.059842 -0.028683 -0.001682 -0.000351 0.000116 0.999999
1078.599608 -0.231209 0.058282 -0.024913 -0.001886 -0.000689 0.000060 0.999998
1078.699441 -0.239267 0.064397 -0.029606 -0.001164 -0.000277 0.000026 0.999999
1078.799270 -0.227488 0.067882 -0.031959 0.000296 0.000701 0.000193 1.000000
1078.899508 -0.220355 0.069698 -0.027470 0.000624 0.001439 0.000011 0.999999
1078.999336 -0.214941 0.066286 -0.026332 0.000374 0.000778 -0.000000 1.000000
1079.099187 -0.214548 0.064357 -0.028767 -0.000307 0.000438 -0.000059 1.000000
1079.199843 -0.217972 0.068939 -0.026694 -0.000808 0.000301 -0.000108 1.000000
1079.299680 -0.239931 0.072386 -0.027922 -0.000920 0.000088 0.000018 1.000000
1079.399525 -0.259903 0.073444 -0.036994 -0.001765 -0.000233 -0.000159 0.999998
1079.499364 -0.264991 0.069713 -0.032653 -0.002058 0.000602 -0.000065 0.999998
1079.599203 -0.247062 0.068542 -0.027931 -0.001798 0.001143 -0.000116 0.999998
1079.699437 -0.237338 0.072179 -0.031041 -0.001260 0.000641 -0.000146 0.999999
1079.799279 -0.240943 0.072568 -0.031857 -0.000030 -0.000681 -0.000074 1.000000
1079.899116 -0.234187 0.072661 -0.031568 0.000296 -0.001511 -0.000116 0.999999
1079.999750 -0.255558 0.075538 -0.029191 0.000550 -0.001168 -0.000149 0.999999
1080.099590 -0.240328 0.070392 -0.027630 0.000259 -0.000656 -0.000132 1.000000
1080.199443 -0.221576 0.071098 -0.017583 -0.000417 0.000126 -0.000262 1.000000
1080.299282 -0.215173 0.074132 -0.018710 -0.000197 -0.000323 -0.000203 1.000000
1080.399131 -0.210275 0.073989 -0.029529 0.000000 -0.000545 -0.000063 1.000000
1080.499778 -0.223889 0.070567 -0.035608 0.000627 -0.000555 -0.000005 1.000000
1080.599624 -0.235471 0.070636 -0.025561 0.001447 -0.000547 -0.000051 0.999999
1080.699461 -0.246961 0.073902 -0.015787 0.000692 -0.000424 -0.000125 1.000000
1080.799310 -0.251750 0.078085 -0.013390 0.000103 -0.000076 -0.000196 1.000000
1080.899138 -0.247109 0.074429 -0.018628 -0.000787 -0.000428 0.000076 1.000000
1080.999784 -0.228586 0.065640 -0.023085 -0.000990 -0.000043 0.000490 0.999999
1081.099604 -0.215090 0.064786 -0.027087 -0.000304 -0.000084 0.000497 1.000000
1081.199447 -0.225335 0.072902 -0.020091 0.000361 0.000612 0.000514 1.000000
1081.299295 -0.239198 0.080993 -0.021350 0.000871 0.005707 0.000288 0.999983
1081.399141 -0.264392 0.075741 -0.020705 0.000987 0.014409 0.000363 0.999896
1081.499784 -0.254507 0.070885 -0.011716 0.000291 0.021346 0.000285 0.999772
1081.599610 -0.231497 0.069743 -0.013080 -0.000058 0.026264 0.000214 0.999655
1081.699455 -0.190815 0.068778 -0.017237 0.000101 0.030297 0.000236 0.999541
1081.799290 -0.167530 0.072459 -0.015313 0.000181 0.032977 0.000139 0.999456
1081.899123 -0.145370 0.068157 -0.017652 0.000129 0.033488 0.000198 0.999439
1081.999767 -0.122279 0.066754 -0.017052 -0.000245 0.032160 0.000236 0.999483
1082.099605 -0.107252 0.067472 -0.010366 -0.000696 0.028311 0.000109 0.999599
1082.199451 -0.079426 0.070760 -0.015018 -0.000531 0.024043 -0.000054 0.999711
1082.299279 -0.017829 0.069384 -0.013455 -0.000875 0.022143 -0.000097 0.999754
1082.399119 0.051268 0.061055 -0.015726 -0.000528 0.019542 0.000022 0.999809
1082.499759 0.104468 0.058386 -0.010211 -0.000254 0.019779 -0.000061 0.999804
1082.599597 0.146596 0.062162 -0.011026 0.000445 0.021018 -0.000305 0.999779
1082.699442 0.183393 0.062364 -0.019121 0.000673 0.020866 -0.000363 0.999782
1082.799288 0.234018 0.060509 -0.018248 0.000043 0.018268 -0.000445 0.999833
1082.899134 0.304918 0.059333 -0.011869 -0.000217 0.013922 -0.000422 0.999903
1082.999780 0.378427 0.058349 -0.002467 -0.000504 0.010409 -0.000493 0.999946
1083.099619 0.431565 0.059530 0.004634 -0.000174 0.011195 -0.000370 0.999937
1083.199447 0.473608 0.060081 -0.000781 0.000203 0.014683 -0.000104 0.999892
1083.299294 0.556727 0.052615 -0.005044 0.000132 0.019589 0.000262 0.999808
1083.399128 0.625383 0.055952 -0.009151 0.000377 0.027088 0.000099 0.999633
1083.499759 0.691255 0.061580 -0.010410 0.000807 0.033698 0.000226 0.999432
1083.599588 0.773089 0.057018 -0.004821 0.000996 0.035704 0.000318 0.999362
1083.699421 0.869986 0.054175 -0.000047 0.001035 0.033002 0.000033 0.999455
1083.799259 0.946295 0.054162 0.001560 0.000165 0.027475 -0.000094 0.999622
1083.899504 1.016286 0.053835 0.002659 0.001234 0.025844 -0.000258 0.999665
1083.999342 1.158806 0.051703 0.004494 0.001772 0.027035 -0.000282 0.999633
1084.099180 1.256018 0.052064 0.006338 0.002286 0.028848 -0.000358 0.999581
1084.199813 1.327933 0.052031 0.015025 0.001981 0.028696 -0.000595 0.999586
1084.299649 1.396726 0.056758 0.018197 0.001797 0.024572 -0.000903 0.999696
1084.399491 1.499931 0.058330 0.010784 0.001269 0.018337 -0.001126 0.999830
1084.499344 1.622055 0.052927 0.003785 0.001732 0.013030 -0.001127 0.999913
1084.599183 1.752820 0.046012 0.006203 0.002495 0.012408 -0.001087 0.999919
1084.699829 1.860642 0.042740 0.019882 0.002285 0.014553 -0.001202 0.999891
1084.799677 1.957258 0.047133 0.020561 0.001482 0.016840 -0.001174 0.999856
1084.899529 2.051311 0.049524 0.022135 0.001019 0.019449 -0.001244 0.999810
1084.999362 2.151473 0.049043 0.024116 0.000840 0.020965 -0.001275 0.999779
1085.099207 2.250240 0.041723 0.028818 0.001188 0.020744 -0.000852 0.999784
1085.199431 2.363626 0.035855 0.027587 0.001469 0.019860 -0.000480 0.999802
1085.299261 2.490490 0.035093 0.030503 0.001918 0.020760 -0.000591 0.999782
1085.399486 2.643964 0.029444 0.037860 0.001322 0.023253 -0.000725 0.999728
1085.499320 2.779567 0.023867 0.042966 0.001456 0.023979 -0.001037 0.999711
1085.599162 2.884369 0.020531 0.040803 0.000457 0.022960 -0.001137 0.999736
1085.699796 2.989541 0.016397 0.041686 -0.000181 0.018780 -0.001025 0.999823
1085.799631 3.078499 0.010740 0.053914 0.000011 0.014130 -0.000920 0.999900
1085.899473 3.183113 0.008363 0.057866 -0.000141 0.014270 -0.001043 0.999898
1085.999324 3.321871 0.009113 0.052905 -0.000718 0.015359 -0.001121 0.999881
1086.099155 3.425627 0.002996 0.046436 -0.001111 0.018603 -0.001120 0.999826
1086.099155 3.426910 0.004338 0.047119 -0.000985 0.018617 -0.001150 0.999826
1086.199794 3.556815 0.001584 0.061269 -0.000774 0.022943 -0.001393 0.999736
1086.299633 3.712852 -0.010875 0.057320 -0.000348 0.024802 -0.000973 0.999692
1086.399470 3.850203 -0.021216 0.045030 0.000054 0.024817 -0.000522 0.999692
1086.499302 3.965420 -0.024232 0.040658 -0.000987 0.022746 -0.000310 0.999741
1086.599130 4.073174 -0.024520 0.052100 -0.001978 0.020307 -0.000031 0.999792
1086.699784 4.181641 -0.029164 0.075451 -0.002766 0.017576 0.000292 0.999842
1086.799619 4.297894 -0.034695 0.100610 -0.003718 0.014047 0.000607 0.999894
1086.899458 4.411100 -0.037920 0.114638 -0.004708 0.010400 0.000730 0.999935
1086.999289 4.529431 -0.041490 0.123806 -0.004838 0.004021 0.000704 0.999980
1087.099143 4.661389 -0.047043 0.113735 -0.005366 -0.027635 0.000524 0.999604
1087.199782 4.785820 -0.049551 0.123003 -0.004127 -0.023611 0.000442 0.999713
1087.299617 4.902119 -0.052524 0.143479 -0.002768 -0.002641 0.000448 0.999993
1087.399460 5.005374 -0.055667 0.173623 -0.002362 0.008772 0.000721 0.999958
1087.499295 5.102477 -0.058297 0.194050 -0.002674 0.014214 0.000944 0.999895
1087.599135 5.209435 -0.061144 0.202238 -0.003122 0.013256 0.001226 0.999907
1087.699770 5.322131 -0.061611 0.213416 -0.003404 0.012316 0.001516 0.999917
1087.799602 5.426827 -0.066053 0.224232 -0.002708 0.011500 0.001961 0.999928
1087.899444 5.521747 -0.068541 0.234009 -0.003597 0.011560 0.002024 0.999925
1087.999279 5.623875 -0.067031 0.243071 -0.003948 0.011842 0.001648 0.999921
1088.099115 5.735352 -0.064816 0.250215 -0.002850 0.012040 0.001867 0.999922
1088.199753 5.854336 -0.063363 0.257433 -0.001374 0.010266 0.001658 0.999945
1088.299594 5.956727 -0.060739 0.259890 -0.000541 0.007346 0.000920 0.999972
1088.399430 6.046823 -0.059987 0.262554 0.000895 0.005223 0.000233 0.999986
1088.499266 6.136328 -0.061192 0.266478 0.001990 0.004184 -0.000324 0.999989
1088.599508 6.229019 -0.063472 0.270554 0.003267 0.005865 -0.001473 0.999976
1088.699333 6.322651 -0.064515 0.270547 0.002423 0.008210 -0.002685 0.999960
1088.799186 6.416294 -0.067515 0.267221 0.002426 0.009146 -0.004128 0.999947
1088.899821 6.509896 -0.069654 0.263456 0.001658 0.008901 -0.005643 0.999943
1088.999653 6.604148 -0.073892 0.262370 0.001239 0.008353 -0.006486 0.999943
1089.099501 6.700704 -0.077161 0.265647 0.001736 0.009357 -0.007862 0.999924
1089.199337 6.787803 -0.081957 0.265128 0.003694 0.010400 -0.008697 0.999901
1089.299182 6.868677 -0.084507 0.265421 0.004627 0.011563 -0.009078 0.999881
1089.399830 6.952104 -0.088427 0.272186 0.003179 0.012164 -0.008963 0.999881
1089.499670 7.041820 -0.098301 0.284930 0.000407 0.013006 -0.008727 0.999877
1089.599514 7.134429 -0.108230 0.295541 -0.001917 0.013325 -0.009075 0.999868
1089.699358 7.224871 -0.114470 0.302697 -0.002664 0.013238 -0.009265 0.999866
1089.799199 7.304699 -0.118689 0.301057 -0.002394 0.012809 -0.009548 0.999870
1089.899441 7.386594 -0.127891 0.300154 0.000123 0.016146 -0.009415 0.999825
1089.999289 7.472800 -0.136842 0.302504 0.002287 0.019639 -0.009298 0.999761
1090.099133 7.563705 -0.146002 0.305124 0.004891 0.021487 -0.009031 0.999716
1090.199779 7.663708 -0.158247 0.309168 0.007568 0.019829 -0.008609 0.999738
1090.299623 7.760178 -0.174414 0.312143 0.011913 0.017635 -0.008423 0.999738
1090.399457 7.848972 -0.189804 0.313189 0.014992 0.017588 -0.008367 0.999698
1090.499304 7.934571 -0.206560 0.311645 0.017008 0.018048 -0.008146 0.999659
1090.599151 8.019105 -0.224491 0.310066 0.016849 0.017049 -0.007740 0.999683
1090.699782 8.103664 -0.245028 0.308319 0.011879 0.014960 -0.007466 0.999790
1090.799603 8.190613 -0.272771 0.306116 0.004390 0.013904 -0.007181 0.999868
1090.899432 8.277700 -0.301424 0.306539 -0.000520 0.013313 -0.006717 0.999889
1090.999268 8.374641 -0.329467 0.306181 -0.003060 0.013360 -0.006464 0.999885
1091.099505 8.474642 -0.355326 0.305080 -0.003834 0.015011 -0.006240 0.999861
1091.199356 8.570705 -0.379326 0.306307 -0.004095 0.017427 -0.006169 0.999821
1091.299197 8.658287 -0.401895 0.308802 -0.004254 0.017880 -0.005579 0.999816
1091.399840 8.741944 -0.426271 0.313371 -0.003156 0.014744 -0.005745 0.999870
1091.499684 8.828956 -0.451623 0.317240 0.000118 0.009341 -0.008965 0.999916
1091.599519 8.918334 -0.478731 0.319949 0.005260 0.006662 -0.014979 0.999852
1091.699356 9.008366 -0.504314 0.318781 0.006765 0.008058 -0.023643 0.999665
1091.799199 9.113081 -0.528394 0.317186 0.007227 0.011448 -0.032788 0.999371
1091.899422 9.219584 -0.555801 0.318205 0.004452 0.014601 -0.039691 0.999095
1091.999261 9.309328 -0.582890 0.319946 -0.000714 0.017119 -0.040944 0.999015
1092.099503 9.392863 -0.605895 0.321334 -0.000756 0.017788 -0.040045 0.999039
1092.199340 9.466054 -0.627695 0.322783 -0.000924 0.017380 -0.038770 0.999097
1092.299186 9.537007 -0.649549 0.325336 -0.001363 0.018217 -0.037923 0.999114
1092.399829 9.620865 -0.671459 0.326904 -0.000631 0.021490 -0.037539 0.999064
1092.499664 9.726668 -0.693989 0.323841 0.000581 0.023886 -0.037578 0.999008
1092.599503 9.841576 -0.715991 0.320165 0.001171 0.022742 -0.037829 0.999025
1092.699343 9.948889 -0.736423 0.321327 0.001672 0.019132 -0.038243 0.999084
1092.799170 10.044684 -0.754744 0.328742 0.003415 0.015764 -0.038717 0.999120
1092.899810 10.133267 -0.774548 0.333815 0.003586 0.016880 -0.039113 0.999086
1092.999651 10.218879 -0.792161 0.335126 0.003588 0.018323 -0.039468 0.999046
1093.099491 10.301969 -0.809733 0.334143 0.002762 0.018806 -0.039898 0.999023
1093.199323 10.389845 -0.825379 0.332244 0.003383 0.017189 -0.040262 0.999036
1093.299162 10.488756 -0.841918 0.331711 0.003206 0.015660 -0.040472 0.999053
1093.399803 10.596890 -0.862262 0.335665 0.004000 0.013852 -0.040544 0.999074
1093.499654 10.703731 -0.880507 0.343452 0.004080 0.014377 -0.040874 0.999053
1093.599494 10.797303 -0.895230 0.347139 0.004482 0.015018 -0.040784 0.999045
1093.699332 10.888683 -0.908222 0.347028 0.004748 0.016917 -0.041027 0.999004
1093.799164 10.994614 -0.923342 0.346365 0.004809 0.018002 -0.041038 0.998984
1093.899816 11.104822 -0.941547 0.347111 0.005421 0.018833 -0.041351 0.998952
1093.999652 11.217307 -0.958663 0.348053 0.005154 0.018135 -0.041612 0.998956
1094.099495 11.329984 -0.974908 0.349544 0.005403 0.016774 -0.041809 0.998970
1094.199344 11.442489 -0.991594 0.350966 0.005665 0.015313 -0.042253 0.998974
1094.299202 11.540340 -1.008408 0.351916 0.005796 0.014753 -0.042407 0.998975
1094.399434 11.633198 -1.023550 0.353874 0.005458 0.014794 -0.042898 0.998955
1094.499278 11.733895 -1.037092 0.357106 0.006188 0.014248 -0.043353 0.998939
1094.599124 11.834555 -1.052023 0.361660 0.007002 0.012599 -0.043418 0.998953
1094.699770 11.942451 -1.065928 0.363857 0.008075 0.010001 -0.043204 0.998984
1094.799611 12.044759 -1.083065 0.365883 0.008003 0.009721 -0.043043 0.998994
1094.899449 12.134580 -1.101639 0.370140 0.006786 0.011593 -0.042665 0.998999
1094.999288 12.218535 -1.119523 0.371554 0.005550 0.014378 -0.042815 0.998964
1095.099141 12.311066 -1.135288 0.375816 0.005413 0.016252 -0.042418 0.998953
1095.199780 12.413160 -1.154381 0.379384 0.004015 0.015698 -0.042408 0.998969
1095.299609 12.510654 -1.168876 0.383114 0.003800 0.012341 -0.042581 0.999010
1095.399438 12.607838 -1.184061 0.384118 0.004627 0.009769 -0.042844 0.999023
1095.499281 12.705105 -1.202812 0.381836 0.004329 0.009696 -0.042845 0.999025
1095.599113 12.809719 -1.221144 0.383345 0.003968 0.012090 -0.042810 0.999002
1095.699747 12.924476 -1.238471 0.386416 0.003555 0.012689 -0.042603 0.999005
1095.799594 13.035060 -1.252858 0.387477 0.003251 0.012639 -0.042731 0.999001
1095.899430 13.137875 -1.263541 0.388289 0.002978 0.010203 -0.043141 0.999012
1095.999263 13.236422 -1.278290 0.390432 0.002716 0.011038 -0.042977 0.999011
1096.099508 13.322213 -1.294275 0.394565 0.002719 0.011574 -0.042615 0.999021
1096.199343 13.393467 -1.312780 0.398519 0.002898 0.012397 -0.042174 0.999029
1096.299184 13.466333 -1.323340 0.399648 0.002613 0.013167 -0.042187 0.999020
1096.399829 13.546724 -1.335398 0.402910 0.001960 0.015153 -0.041968 0.999002
1096.499670 13.632609 -1.347718 0.405616 0.002063 0.014600 -0.042110 0.999004
1096.599522 13.724545 -1.360108 0.405761 0.000999 0.012411 -0.042419 0.999022
1096.699357 13.816751 -1.370810 0.405976 0.001319 0.011410 -0.042636 0.999025
1096.799204 13.911240 -1.382724 0.405584 0.001618 0.011997 -0.042614 0.999018
1096.899443 14.009783 -1.395114 0.410292 0.002441 0.013043 -0.042551 0.999006
1096.999285 14.105789 -1.409351 0.416210 0.003155 0.012560 -0.042257 0.999023
1097.099132 14.194773 -1.420381 0.418500 0.003863 0.011133 -0.042448 0.999029
1097.199782 14.280127 -1.429471 0.418365 0.002365 0.009263 -0.042585 0.999047
1097.299618 14.352742 -1.438709 0.413277 0.001951 0.009184 -0.042550 0.999050
1097.399470 14.428659 -1.445271 0.412200 0.002065 0.011544 -0.042515 0.999027
1097.499309 14.515797 -1.457378 0.414110 0.002304 0.015518 -0.042251 0.998984
1097.599159 14.612905 -1.472597 0.423610 0.003450 0.018611 -0.042041 0.998937
1097.699791 14.708411 -1.483155 0.437290 0.003959 0.018921 -0.042168 0.998924
1097.799638 14.803000 -1.493139 0.449211 0.003671 0.016662 -0.042263 0.998961
1097.899473 14.895059 -1.501632 0.461800 0.003243 0.014697 -0.042460 0.998985
1097.999296 14.986291 -1.512248 0.478360 0.003485 0.015950 -0.042352 0.998969
1098.099139 15.071826 -1.521881 0.499381 0.003602 0.016734 -0.042422 0.998953
1098.199782 15.146918 -1.533827 0.523120 0.003213 0.016644 -0.042288 0.998962
1098.299630 15.220110 -1.544113 0.545050 0.003552 0.016131 -0.042082 0.998978
1098.399477 15.304976 -1.552764 0.561947 0.003620 0.015152 -0.042253 0.998985
1098.499299 15.392381 -1.558965 0.576037 0.002965 0.012114 -0.042301 0.999027
1098.599143 15.487994 -1.567959 0.591065 0.003640 0.010994 -0.042166 0.999043
1098.699778 15.587586 -1.582308 0.601422 0.003157 0.011697 -0.042125 0.999039
1098.799612 15.684550 -1.596446 0.606040 0.002965 0.013104 -0.042118 0.999022
1098.899448 15.770014 -1.608019 0.605000 0.003466 0.014611 -0.041952 0.999007
1098.999289 15.852378 -1.616518 0.607611 0.003318 0.015831 -0.041748 0.998997
1099.099126 15.940538 -1.624089 0.613471 0.003710 0.016225 -0.041753 0.998989
1099.199764 16.023629 -1.633171 0.617829 0.003125 0.017065 -0.041765 0.998977
1099.299615 16.107749 -1.643963 0.619285 0.002460 0.018374 -0.041642 0.998961
1099.399454 16.200198 -1.655359 0.616838 0.002350 0.022080 -0.041593 0.998888
1099.499291 16.289276 -1.666370 0.613763 0.002407 0.024071 -0.041422 0.998849
1099.599137 16.375860 -1.677295 0.614121 0.002531 0.022621 -0.041398 0.998883
1099.699769 16.465166 -1.685994 0.613415 0.002317 0.016953 -0.041560 0.998989
1099.799590 16.553481 -1.695437 0.611890 0.002108 0.015884 -0.041433 0.999013
1099.899429 16.645567 -1.703903 0.611161 0.002324 0.019746 -0.041189 0.998954
1099.999271 16.737535 -1.711892 0.613886 0.002828 0.026957 -0.040930 0.998794
1100.099508 16.834340 -1.723408 0.619141 0.002067 0.029898 -0.040759 0.998719
1100.199355 16.934321 -1.735998 0.628265 0.002702 0.027874 -0.040850 0.998773
1100.299197 17.036877 -1.746827 0.632895 0.002655 0.020873 -0.040874 0.998943
1100.399830 17.140277 -1.757139 0.626971 0.002183 0.015510 -0.041132 0.999031
1100.499669 17.240221 -1.767271 0.620962 0.002225 0.016172 -0.041369 0.999011
1100.599526 17.335242 -1.778307 0.619498 0.001926 0.019071 -0.041394 0.998959
1100.699366 17.439814 -1.787836 0.625697 0.001598 0.021269 -0.041583 0.998907
1100.799204 17.547636 -1.797650 0.638632 0.002738 0.021601 -0.041778 0.998890
1100.899454 17.646412 -1.805667 0.648325 0.002951 0.020747 -0.041680 0.998911
1100.999298 17.744197 -1.815174 0.654637 0.003170 0.018740 -0.041445 0.998960
1101.099136 17.859081 -1.827674 0.663279 0.001121 0.018051 -0.041683 0.998967
1101.199796 17.975636 -1.840305 0.670905 0.001095 0.017722 -0.041675 0.998973
1101.299634 18.077586 -1.850118 0.671840 0.001748 0.019097 -0.041886 0.998938
1101.399459 18.164724 -1.858182 0.670931 0.003100 0.019521 -0.042166 0.998915
1101.499300 18.257336 -1.869681 0.674090 0.003314 0.018245 -0.042572 0.998921
1101.599144 18.353602 -1.881093 0.679736 0.004415 0.016414 -0.042998 0.998931
1101.699789 18.455917 -1.890732 0.682098 0.004691 0.015237 -0.043495 0.998926
1101.799637 18.554096 -1.902117 0.688375 0.004116 0.016067 -0.043825 0.998902
1101.899473 18.654601 -1.915243 0.698988 0.003916 0.017820 -0.043975 0.998866
1101.999312 18.763823 -1.928428 0.710364 0.003286 0.017432 -0.044226 0.998864
1102.099141 18.887576 -1.944343 0.712745 0.002152 0.015046 -0.044447 0.998896
1102.199789 19.005313 -1.961245 0.719721 0.000498 0.000512 -0.044609 0.999004
1102.299637 19.098764 -1.974028 0.722287 -0.003170 -0.040003 -0.044937 0.998184
1102.399474 19.161274 -1.982532 0.734441 -0.002987 -0.043943 -0.045108 0.998011
1102.499318 19.222228 -1.988586 0.741364 -0.001414 -0.027006 -0.044952 0.998623
1102.599162 19.285461 -1.997228 0.751972 -0.000724 -0.008757 -0.044339 0.998978
1102.699783 19.358216 -2.008179 0.758927 0.000476 0.007595 -0.044046 0.999001
1102.799618 19.429947 -2.020119 0.755910 -0.000029 0.010610 -0.043873 0.998981
1102.899459 19.501548 -2.028116 0.753125 -0.000296 0.013523 -0.044066 0.998937
1102.999318 19.568697 -2.034547 0.747868 -0.000217 0.013963 -0.043809 0.998942
1103.099175 19.628927 -2.037910 0.742256 -0.000257 0.016164 -0.043308 0.998931
1103.199821 19.696944 -2.046364 0.745329 -0.000534 0.019261 -0.042277 0.998920
1103.299669 19.773807 -2.055427 0.756530 -0.000710 0.023580 -0.041197 0.998873
1103.399512 19.849670 -2.064677 0.768311 -0.001545 0.026435 -0.040602 0.998824
1103.499359 19.925424 -2.072178 0.777567 -0.000310 0.028492 -0.040236 0.998784
1103.599187 20.004563 -2.081630 0.783976 0.000665 0.029419 -0.039895 0.998770
1103.699827 20.102293 -2.089028 0.794476 0.001674 0.031454 -0.039947 0.998705
1103.799682 20.185218 -2.095948 0.796206 0.002017 0.030903 -0.039620 0.998735
1103.899538 20.260387 -2.104050 0.795320 0.001601 0.035178 -0.039418 0.998602
1103.999390 20.345123 -2.112632 0.799086 0.001457 0.039826 -0.039090 0.998441
1104.099226 20.437054 -2.123881 0.807068 0.001475 0.040689 -0.038629 0.998424
1104.199456 20.533420 -2.132571 0.807612 0.001670 0.036613 -0.038253 0.998596
1104.299295 20.635758 -2.139038 0.815092 0.001099 0.031675 -0.038059 0.998773
1104.399131 20.746695 -2.151668 0.817070 0.001005 0.027332 -0.037656 0.998916
1104.499765 20.860400 -2.164601 0.821003 0.000386 0.024972 -0.037887 0.998970
1104.599606 20.968417 -2.174613 0.824199 0.000017 0.024067 -0.038246 0.998978
1104.699454 21.080330 -2.183437 0.826092 0.000868 0.021768 -0.038364 0.999026
1104.799288 21.179728 -2.193749 0.833613 0.000873 0.019001 -0.038362 0.999083
1104.899117 21.277790 -2.206224 0.841573 0.000919 0.016329 -0.038472 0.999126
1104.999748 21.377228 -2.217667 0.849138 0.000176 0.013458 -0.038679 0.999161
1105.099574 21.469304 -2.229702 0.857688 0.000014 0.013294 -0.038342 0.999176
1105.199408 21.572489 -2.239021 0.865509 -0.001092 0.013347 -0.038048 0.999186
1105.299251 21.682407 -2.248881 0.880064 -0.001447 0.013827 -0.037707 0.999192
1105.399499 21.788573 -2.264246 0.895490 -0.001729 0.013665 -0.037337 0.999208
1105.499333 21.889033 -2.280404 0.911924 -0.000352 0.012010 -0.036891 0.999247
1105.599183 21.989991 -2.290964 0.936567 0.001044 0.010094 -0.036570 0.999280
1105.699828 22.106718 -2.304110 0.960999 0.000372 0.007156 -0.036424 0.999311
1105.799673 22.218113 -2.317428 0.979031 -0.001099 0.006391 -0.036679 0.999306
1105.899511 22.331390 -2.331235 0.989628 -0.001975 0.008097 -0.036724 0.999291
1105.999346 22.446281 -2.343609 0.995767 -0.002163 0.011278 -0.036766 0.999258
1106.099190 22.553362 -2.355954 1.002897 -0.001707 0.013199 -0.036812 0.999234
1106.199810 22.654906 -2.370186 1.004987 -0.002028 0.012718 -0.037045 0.999231
1106.299649 22.746620 -2.383862 1.005500 -0.002392 0.011462 -0.037207 0.999239
1106.399484 22.841686 -2.397454 1.002766 -0.003058 0.009870 -0.037321 0.999250
1106.499328 22.937184 -2.413408 1.002367 -0.003171 0.009895 -0.037267 0.999251
1106.599165 23.043195 -2.428632 1.001875 -0.002986 0.012724 -0.037260 0.999220
1106.699816 23.158285 -2.444555 1.000747 -0.001442 0.016613 -0.037236 0.999167
1106.799650 23.260438 -2.459245 0.999568 -0.000803 0.018466 -0.037481 0.999126
1106.899485 23.357425 -2.467733 1.002951 -0.002375 0.018249 -0.037884 0.999113
1106.999320 23.455625 -2.476640 1.004603 -0.002539 0.017043 -0.038194 0.999122
1107.099152 23.565989 -2.487371 1.005770 -0.002008 0.015485 -0.038433 0.999139
1107.199795 23.682038 -2.504540 1.004999 -0.001252 0.014287 -0.038176 0.999168
1107.299632 23.790353 -2.519310 1.004794 -0.001250 0.013875 -0.038038 0.999179
1107.399476 23.891419 -2.527128 1.012591 0.000829 0.013655 -0.038514 0.999164
1107.499328 23.992137 -2.534007 1.009894 0.002033 0.013329 -0.041158 0.999062
1107.599188 24.096963 -2.543865 1.009647 0.001496 0.012241 -0.044490 0.998934
1107.699829 24.213675 -2.563804 1.014654 0.003025 0.011069 -0.047509 0.998805
1107.799675 24.312989 -2.577697 1.010477 0.004370 0.009698 -0.052403 0.998569
1107.899508 24.408014 -2.591072 1.018077 0.006177 0.010793 -0.057807 0.998250
1107.999343 24.513080 -2.605986 1.026750 0.006372 0.011579 -0.062548 0.997954
1108.099187 24.624625 -2.617956 1.026504 0.006745 0.012684 -0.066340 0.997694
1108.199825 24.731762 -2.633905 1.027183 0.004200 0.014136 -0.067627 0.997602
1108.299673 24.833144 -2.650190 1.029849 0.002529 0.014589 -0.067907 0.997582
1108.399512 24.948783 -2.667972 1.033034 -0.000496 0.013680 -0.067948 0.997595
1108.499363 25.057237 -2.684247 1.040338 -0.001605 0.013627 -0.067745 0.997608
1108.599206 25.165579 -2.701908 1.051446 -0.001458 0.014817 -0.067863 0.997584
1108.699448 25.284184 -2.718749 1.051227 0.000550 0.015329 -0.068114 0.997560
1108.799298 25.402492 -2.731705 1.045038 0.001751 0.014008 -0.068288 0.997566
1108.899133 25.514833 -2.744794 1.046943 0.002772 0.012270 -0.068510 0.997571
1108.999762 25.617745 -2.759991 1.059265 0.004340 0.009714 -0.068473 0.997596
1109.099598 25.715218 -2.774948 1.074676 0.002126 0.009050 -0.068910 0.997580
1109.199445 25.810529 -2.787152 1.077233 -0.003503 0.010864 -0.069421 0.997522
1109.299294 25.916508 -2.797648 1.071732 -0.007653 0.014926 -0.069409 0.997447
1109.399137 26.030019 -2.809105 1.062064 -0.006633 0.016427 -0.069207 0.997445
1109.499783 26.139813 -2.820604 1.068120 -0.003217 0.017345 -0.069057 0.997457
1109.599622 26.248532 -2.833160 1.082772 -0.000468 0.017340 -0.069294 0.997445
1109.699462 26.353491 -2.840880 1.083693 0.000294 0.015917 -0.070224 0.997404
1109.799289 26.461920 -2.847841 1.076076 0.001527 0.014413 -0.070778 0.997387
1109.899129 26.571577 -2.862033 1.071276 0.001828 0.014652 -0.071156 0.997356
1109.999776 26.674415 -2.873000 1.075425 0.001326 0.015312 -0.071131 0.997349
1110.099613 26.777385 -2.877955 1.080372 0.000973 0.015734 -0.071035 0.997349
1110.199452 26.885256 -2.881108 1.081391 0.000826 0.015782 -0.070980 0.997353
1110.299279 26.994168 -2.894537 1.082090 0.001968 0.015521 -0.071140 0.997344
1110.399115 27.110205 -2.908836 1.088268 0.001753 0.014827 -0.071728 0.997312
1110.499739 27.229730 -2.920826 1.090573 0.000041 0.014787 -0.071445 0.997335
1110.599578 27.343311 -2.926184 1.091186 -0.000239 0.015151 -0.069774 0.997448
1110.699406 27.459430 -2.932675 1.093306 0.002612 0.014781 -0.069071 0.997499
1110.799251 27.577184 -2.944249 1.097983 0.002274 0.012725 -0.068783 0.997548
1110.899504 27.684594 -2.952931 1.100239 0.001065 0.010857 -0.067867 0.997635
1110.999333 27.780272 -2.962670 1.098947 0.004677 0.009370 -0.068122 0.997622
1111.099160 27.867056 -2.973955 1.099877 0.004057 0.009343 -0.068761 0.997581
1111.199794 27.967056 -2.982726 1.100395 0.002520 0.010214 -0.069344 0.997537
1111.299644 28.078145 -2.991717 1.104582 0.000600 0.009340 -0.069674 0.997526
1111.399471 28.188271 -3.007950 1.110722 0.000258 0.009469 -0.069281 0.997552
1111.499311 28.305008 -3.021923 1.115072 -0.000348 0.011060 -0.069006 0.997555
1111.599152 28.417073 -3.035988 1.115139 -0.000797 0.011553 -0.068710 0.997569
1111.699780 28.532741 -3.050500 1.113843 -0.000741 0.012034 -0.068685 0.997566
1111.799619 28.642722 -3.061064 1.114959 -0.000536 0.013621 -0.068482 0.997559
1111.899455 28.746027 -3.069091 1.120467 0.000330 0.014531 -0.068047 0.997576
1111.999292 28.850865 -3.078172 1.123729 -0.001484 0.013289 -0.067064 0.997659
1112.099114 28.957878 -3.085617 1.126588 -0.005921 0.012893 -0.063130 0.997904
1112.199751 29.064932 -3.091840 1.129433 -0.006437 0.011898 -0.056698 0.998300
1112.299592 29.173033 -3.097771 1.134566 -0.004273 0.011192 -0.051403 0.998606
1112.399421 29.265806 -3.102688 1.138649 -0.001134 0.011035 -0.048728 0.998750
1112.499263 29.355016 -3.107702 1.140456 0.000004 0.010199 -0.048762 0.998758
1112.599498 29.451131 -3.114049 1.143170 0.000992 0.008201 -0.048925 0.998768
1112.699338 29.553287 -3.120860 1.143725 0.002099 0.007406 -0.049415 0.998749
1112.799166 29.652372 -3.134528 1.140070 0.002003 0.007509 -0.049756 0.998731
1112.899793 29.742498 -3.145273 1.146319 0.001447 0.008962 -0.050317 0.998692
1112.999638 29.833003 -3.153962 1.146672 0.000439 0.010978 -0.050728 0.998652
1113.099482 29.928244 -3.159496 1.147292 0.001503 0.015600 -0.050820 0.998585
1113.199309 30.019283 -3.162592 1.150271 0.002506 0.019004 -0.051214 0.998504
1113.299152 30.114564 -3.167504 1.151579 0.002465 0.020294 -0.051265 0.998476
1113.399781 30.216618 -3.173015 1.156520 0.003141 0.020194 -0.051728 0.998452
1113.499627 30.316704 -3.182091 1.158786 0.002753 0.019704 -0.051985 0.998450
1113.599470 30.426212 -3.195808 1.160289 0.001812 0.019245 -0.052153 0.998452
1113.699312 30.536092 -3.210075 1.156857 0.001286 0.019240 -0.052099 0.998456
1113.799163 30.632202 -3.220722 1.157639 0.000986 0.019267 -0.051851 0.998468
1113.899807 30.725390 -3.228470 1.161123 0.000863 0.017849 -0.051913 0.998492
1113.999642 30.814215 -3.240431 1.165063 -0.001130 0.013848 -0.051774 0.998562
1114.099484 30.911408 -3.252662 1.167866 -0.001353 0.010725 -0.051703 0.998604
1114.199327 31.008300 -3.261702 1.172752 -0.002038 0.010784 -0.051814 0.998596
1114.299170 31.109423 -3.271860 1.179667 -0.001563 0.014143 -0.051878 0.998552
1114.399808 31.207819 -3.284999 1.176861 -0.001623 0.017982 -0.051718 0.998499
1114.499659 31.306955 -3.301098 1.167608 -0.001105 0.019525 -0.051276 0.998493
1114.599496 31.412591 -3.311667 1.166663 -0.001001 0.018595 -0.051268 0.998511
1114.699331 31.522479 -3.320870 1.175143 -0.001382 0.016933 -0.051026 0.998553
1114.799168 31.633180 -3.333502 1.185671 -0.001532 0.016337 -0.050589 0.998585
1114.899805 31.738694 -3.350284 1.189531 -0.001527 0.017119 -0.050296 0.998586
1114.999640 31.835669 -3.366758 1.186852 -0.000875 0.018902 -0.049911 0.998574
1115.099487 31.931187 -3.381675 1.179021 -0.001501 0.021016 -0.049449 0.998554
1115.199315 32.037153 -3.395708 1.175617 -0.002561 0.023426 -0.049464 0.998498
1115.299162 32.142530 -3.407612 1.178785 -0.003332 0.023260 -0.049362 0.998504
1115.399798 32.250936 -3.421431 1.187973 -0.002666 0.021847 -0.049403 0.998536
1115.499642 32.364604 -3.437520 1.191080 -0.002182 0.021129 -0.049194 0.998563
1115.599477 32.470190 -3.451248 1.183910 -0.003512 0.021375 -0.049073 0.998560
1115.699306 32.565742 -3.467705 1.181744 -0.003709 0.022246 -0.048748 0.998556
1115.799150 32.666338 -3.485611 1.184256 -0.004408 0.022146 -0.048245 0.998580
1115.899793 32.777598 -3.502140 1.186832 -0.004661 0.019542 -0.047863 0.998652
1115.999633 32.893541 -3.517812 1.188116 -0.004369 0.018417 -0.047600 0.998687
1116.099478 33.018629 -3.537270 1.186613 -0.005076 0.019212 -0.047309 0.998683
1116.199313 33.140126 -3.556450 1.194042 -0.004924 0.021052 -0.047033 0.998659
1116.299163 33.258968 -3.575419 1.197340 -0.005429 0.021289 -0.046943 0.998656
1116.399815 33.371324 -3.588814 1.197601 -0.005568 0.020394 -0.046871 0.998677
1116.499661 33.474639 -3.604772 1.202038 -0.005783 0.018261 -0.046739 0.998723
1116.599501 33.577122 -3.621188 1.206096 -0.005771 0.015175 -0.046687 0.998778
1116.699343 33.679326 -3.638006 1.208923 -0.006438 0.014191 -0.046485 0.998797
1116.799177 33.793022 -3.650933 1.209015 -0.008092 0.016472 -0.046159 0.998766
1116.899814 33.922624 -3.658834 1.211768 -0.008051 0.018826 -0.045660 0.998747
1116.999646 34.044131 -3.669842 1.215909 -0.007812 0.018707 -0.045015 0.998781
1117.099471 34.151356 -3.683867 1.220841 -0.006771 0.017251 -0.044475 0.998839
1117.199321 34.261478 -3.697483 1.224323 -0.005314 0.016375 -0.044140 0.998877
1117.299142 34.379755 -3.705301 1.229273 -0.005104 0.016792 -0.044224 0.998867
1117.399783 34.498550 -3.711969 1.230220 -0.004717 0.017932 -0.044489 0.998838
1117.499619 34.615290 -3.722655 1.228262 -0.002789 0.018149 -0.044729 0.998830
1117.599472 34.724722 -3.730124 1.232533 -0.001764 0.017269 -0.045293 0.998823
1117.699319 34.836082 -3.735387 1.236663 -0.001698 0.015208 -0.045793 0.998834
1117.799162 34.952463 -3.738889 1.245214 -0.001989 0.014558 -0.046571 0.998807
1117.899816 35.073131 -3.744728 1.254805 -0.001831 0.014489 -0.047210 0.998778
1117.999653 35.188735 -3.749944 1.256244 -0.001333 0.016034 -0.047726 0.998731
1118.099481 35.290611 -3.752661 1.247952 0.000046 0.016532 -0.048284 0.998697
1118.199327 35.392019 -3.760993 1.241279 0.001918 0.016362 -0.048650 0.998680
1118.299179 35.503888 -3.765540 1.246936 0.003828 0.015547 -0.048772 0.998682
1118.399810 35.636906 -3.771732 1.263960 0.005003 0.015175 -0.049324 0.998655
1118.499656 35.764468 -3.777766 1.284031 0.004903 0.015079 -0.049552 0.998646
1118.599494 35.884570 -3.783181 1.300448 0.005294 0.015479 -0.049816 0.998624
1118.699307 36.007763 -3.789351 1.315118 0.005224 0.016213 -0.050324 0.998588
1118.799161 36.120158 -3.793907 1.328508 0.005429 0.015018 -0.050869 0.998578
1118.899804 36.219520 -3.801949 1.348614 0.005746 0.013209 -0.051368 0.998576
1118.999640 36.310228 -3.813452 1.366680 0.005274 0.011713 -0.051551 0.998588
1119.099468 36.399469 -3.825713 1.381425 0.004421 0.011150 -0.052159 0.998567
1119.199305 36.497079 -3.833638 1.392227 0.002808 0.011086 -0.052472 0.998557
1119.299137 36.597248 -3.837477 1.396667 0.001686 0.013354 -0.052413 0.998535
1119.399767 36.714640 -3.848454 1.405880 0.001149 0.016667 -0.052115 0.998501
1119.499607 36.830446 -3.861574 1.415783 0.000153 0.017901 -0.051958 0.998489
1119.599456 36.952006 -3.878292 1.416481 0.000177 0.017883 -0.051329 0.998522
1119.699303 37.076059 -3.893314 1.414683 -0.000020 0.018836 -0.050894 0.998526
1119.799145 37.191377 -3.909139 1.414719 0.000060 0.021771 -0.050029 0.998510
1119.899803 37.314735 -3.920937 1.412222 0.000002 0.023964 -0.049590 0.998482
1119.999672 37.431656 -3.925914 1.417124 -0.000239 0.024350 -0.049283 0.998488
1120.099517 37.545860 -3.933340 1.424197 0.000045 0.023190 -0.049166 0.998521
1120.199362 37.662050 -3.947263 1.434312 -0.000089 0.020829 -0.049264 0.998569
1120.299199 37.771126 -3.958063 1.438207 -0.000471 0.018186 -0.049709 0.998598
1120.399434 37.874138 -3.966306 1.443867 -0.001340 0.015425 -0.050148 0.998622
1120.499283 37.974787 -3.974882 1.448196 -0.002923 0.013575 -0.050609 0.998622
1120.599116 38.084758 -3.982957 1.449913 -0.001215 0.014469 -0.050961 0.998595
1120.699749 38.200371 -3.991640 1.450809 0.001437 0.016112 -0.051414 0.998546
1120.799570 38.317817 -4.000985 1.461735 0.001669 0.017067 -0.051805 0.998510
1120.899421 38.437375 -4.011117 1.470402 0.002712 0.015653 -0.051982 0.998522
1120.999254 38.556175 -4.020051 1.480109 0.004046 0.013404 -0.051864 0.998556
1121.099499 38.680620 -4.027630 1.495125 0.004467 0.012397 -0.051862 0.998567
1121.199330 38.796495 -4.035286 1.512110 0.003116 0.011231 -0.051956 0.998581
1121.299171 38.908549 -4.046594 1.527550 0.001212 0.010574 -0.051707 0.998606
1121.399829 39.020522 -4.060276 1.546239 0.000793 0.010984 -0.051555 0.998609
1121.499658 39.128864 -4.069831 1.571704 0.000181 0.011739 -0.051646 0.998596
1121.599492 39.228270 -4.074720 1.585748 -0.000121 0.010652 -0.052057 0.998587
1121.699332 39.324412 -4.082646 1.595157 0.000214 0.012070 -0.052118 0.998568
1121.799184 39.426733 -4.095961 1.600992 0.000102 0.015548 -0.052113 0.998520
1121.899844 39.537059 -4.112016 1.605018 0.000059 0.019917 -0.051949 0.998451
1121.999675 39.648755 -4.121208 1.611059 -0.000367 0.021789 -0.052044 0.998407
1122.099514 39.760915 -4.129813 1.612633 -0.000461 0.018482 -0.052113 0.998470
1122.199356 39.870273 -4.146090 1.617418 -0.000392 0.014636 -0.051939 0.998543
1122.299190 39.974622 -4.160570 1.617806 -0.000539 0.011732 -0.052001 0.998578
1122.399818 40.083172 -4.170819 1.626590 -0.000618 0.011616 -0.052010 0.998579
1122.499653 40.187234 -4.179383 1.641661 -0.000821 0.012598 -0.051832 0.998576
1122.599491 40.291978 -4.191987 1.659271 -0.000781 0.011908 -0.051621 0.998595
1122.699333 40.409224 -4.204254 1.671244 -0.001012 0.011325 -0.051654 0.998600
1122.799178 40.515720 -4.214186 1.683703 -0.001266 0.011249 -0.051524 0.998608
1122.899810 40.621745 -4.220299 1.692098 -0.002426 0.011427 -0.051550 0.998602
1122.999650 40.727512 -4.229589 1.701125 -0.001614 0.011918 -0.051510 0.998600
1123.099507 40.834690 -4.243905 1.706903 -0.001034 0.014983 -0.051372 0.998567
1123.199357 40.936201 -4.258703 1.711586 -0.001641 0.017109 -0.051181 0.998541
1123.299192 41.035161 -4.267814 1.718325 -0.001308 0.016389 -0.051141 0.998556
1123.399818 41.136509 -4.274000 1.725259 -0.000936 0.014720 -0.051060 0.998587
1123.499652 41.244702 -4.281575 1.729384 0.000300 0.014595 -0.051278 0.998578
1123.599488 41.343735 -4.291646 1.729265 0.000577 0.015765 -0.051340 0.998557
1123.699330 41.443765 -4.297600 1.729603 0.001472 0.018063 -0.051415 0.998513
1123.799161 41.549150 -4.306204 1.733175 0.002539 0.019751 -0.051543 0.998472
1123.899796 41.652918 -4.318226 1.731726 0.001431 0.019797 -0.051867 0.998457
1123.999629 41.754061 -4.328442 1.729364 0.001700 0.018302 -0.052359 0.998459
1124.099469 41.861952 -4.337090 1.731016 0.001624 0.016331 -0.052733 0.998474
1124.199315 41.969156 -4.347675 1.739008 0.002027 0.014542 -0.052775 0.998498
1124.299154 42.071128 -4.357913 1.742294 0.001931 0.013925 -0.052859 0.998503
1124.399803 42.166152 -4.363487 1.736994 0.002068 0.012678 -0.053166 0.998503
1124.499653 42.268452 -4.367467 1.732584 0.002254 0.010958 -0.054190 0.998468
1124.599492 42.378697 -4.377259 1.736229 0.002192 0.009776 -0.054708 0.998452
1124.699323 42.479351 -4.391444 1.740850 0.005901 0.009636 -0.056900 0.998316
1124.799168 42.574586 -4.408908 1.748879 0.006086 0.010210 -0.059612 0.998151
1124.899820 42.667311 -4.421584 1.756675 0.004089 0.010896 -0.061446 0.998043
1124.999652 42.755009 -4.431761 1.761881 0.003117 0.010213 -0.062599 0.997982
1125.099487 42.851324 -4.443601 1.763054 0.002069 0.010221 -0.062935 0.997963
1125.199333 42.952957 -4.454860 1.769822 0.001103 0.011504 -0.062933 0.997951
1125.299164 43.053916 -4.472078 1.782937 0.000906 0.014274 -0.062663 0.997932
1125.399800 43.148492 -4.491372 1.792252 0.000881 0.017059 -0.062355 0.997908
1125.499634 43.236485 -4.503844 1.802336 0.000444 0.019827 -0.062261 0.997863
1125.599465 43.328747 -4.512586 1.807913 -0.000188 0.021721 -0.062412 0.997814
1125.699304 43.424793 -4.523459 1.808808 -0.000691 0.022272 -0.062684 0.997785
1125.799149 43.518449 -4.537585 1.811879 -0.000526 0.020814 -0.062572 0.997823
1125.899780 43.615294 -4.556605 1.813705 -0.001096 0.019074 -0.062303 0.997874
1125.999613 43.722088 -4.575122 1.815085 -0.000487 0.018745 -0.062011 0.997899
1126.099456 43.836473 -4.588739 1.819353 -0.000087 0.019383 -0.062029 0.997886
1126.199290 43.950874 -4.603876 1.822766 -0.001307 0.019009 -0.062143 0.997885
1126.299142 44.057986 -4.619563 1.821451 -0.002266 0.019058 -0.062165 0.997881
1126.399785 44.150566 -4.635592 1.822996 -0.001627 0.018346 -0.062513 0.997874
1126.499608 44.239220 -4.648817 1.824080 -0.000440 0.018344 -0.063022 0.997843
1126.599447 44.326437 -4.662161 1.825125 0.000678 0.019707 -0.063371 0.997795
1126.699287 44.428548 -4.676540 1.825734 0.000627 0.021449 -0.063779 0.997733
1126.799122 44.534103 -4.691848 1.822596 -0.001402 0.022491 -0.064061 0.997692
1126.899759 44.636727 -4.711827 1.821668 -0.001590 0.022824 -0.064137 0.997679
1126.999620 44.742914 -4.729658 1.825759 -0.001775 0.021351 -0.064197 0.997707
1127.099449 44.861689 -4.744713 1.832871 -0.001295 0.019813 -0.064359 0.997729
1127.199292 44.971797 -4.760890 1.841316 -0.001457 0.020502 -0.064403 0.997712
1127.299138 45.078118 -4.775607 1.843934 -0.000970 0.022502 -0.064449 0.997667
1127.399779 45.175956 -4.787874 1.841988 -0.000444 0.024115 -0.064400 0.997633
1127.499618 45.277297 -4.799771 1.834545 -0.001164 0.023342 -0.064589 0.997638
1127.599457 45.386811 -4.813681 1.831267 -0.001098 0.022116 -0.064732 0.997657
1127.699319 45.502594 -4.831105 1.836983 -0.000903 0.022016 -0.064778 0.997656
1127.799158 45.620110 -4.848138 1.849153 -0.000074 0.025189 -0.064593 0.997594
1127.899794 45.739495 -4.861417 1.857126 0.000707 0.028329 -0.064747 0.997499
1127.999641 45.860932 -4.872585 1.856515 -0.000984 0.028364 -0.064956 0.997484
1128.099478 45.985945 -4.891812 1.853951 -0.003351 0.025533 -0.065244 0.997537
1128.199322 46.117137 -4.913863 1.853554 -0.003846 0.022949 -0.065301 0.997594
1128.299162 46.245661 -4.927526 1.851890 -0.001725 0.022456 -0.065728 0.997583
1128.399789 46.369564 -4.938818 1.854246 0.001030 0.022484 -0.066005 0.997565
1128.499643 46.487257 -4.950687 1.858849 0.003050 0.023044 -0.066093 0.997543
1128.599487 46.613163 -4.966332 1.861597 0.002772 0.023286 -0.066344 0.997521
1128.699323 46.745625 -4.982799 1.866073 0.001793 0.023571 -0.066590 0.997500
1128.799174 46.869840 -4.996778 1.866091 -0.000001 0.023561 -0.066996 0.997475
1128.899811 47.003712 -5.011307 1.859998 -0.002440 0.023626 -0.067354 0.997446
1128.999638 47.130414 -5.025982 1.863185 -0.002506 0.027670 -0.067427 0.997337
1129.099476 47.253441 -5.037593 1.868249 -0.001461 0.030188 -0.067717 0.997247
1129.199299 47.385206 -5.051523 1.873653 -0.001700 0.029068 -0.067800 0.997274
1129.299148 47.509585 -5.068890 1.874696 -0.001584 0.026398 -0.067819 0.997347
1129.399792 47.639632 -5.085923 1.876041 -0.000841 0.023417 -0.067868 0.997419
1129.499645 47.770656 -5.101107 1.874564 -0.001478 0.021326 -0.067690 0.997477
1129.599481 47.907506 -5.115349 1.875098 -0.001023 0.020659 -0.067623 0.997496
1129.699321 48.050602 -5.127670 1.876416 -0.000893 0.019979 -0.067583 0.997513
1129.799167 48.189496 -5.144143 1.881399 -0.002596 0.019404 -0.067756 0.997510
1129.899804 48.333024 -5.158885 1.887954 -0.005346 0.018243 -0.068115 0.997496
1129.999644 48.481108 -5.171919 1.889440 -0.008208 0.015898 -0.068317 0.997503
1130.099491 48.622081 -5.180053 1.895806 -0.011502 0.014054 -0.068300 0.997500
1130.199330 48.754755 -5.186661 1.901666 -0.012514 0.014221 -0.067972 0.997507
1130.299185 48.886706 -5.198511 1.903869 -0.011637 0.015868 -0.067515 0.997524
1130.399815 49.025998 -5.208748 1.901123 -0.011024 0.016712 -0.067391 0.997526
1130.499660 49.168355 -5.216408 1.893844 -0.010626 0.016520 -0.067071 0.997555
1130.599509 49.299761 -5.220534 1.893167 -0.008777 0.015701 -0.066855 0.997601
1130.699335 49.427554 -5.218047 1.905230 -0.005707 0.016544 -0.066648 0.997623
1130.799188 49.554359 -5.216518 1.923857 -0.003833 0.018420 -0.066631 0.997600
1130.899835 49.696534 -5.221918 1.926053 -0.002500 0.019921 -0.066344 0.997595
1130.999673 49.836995 -5.227411 1.922677 -0.001505 0.021016 -0.065793 0.997611
1131.099521 49.971414 -5.227289 1.910216 -0.001551 0.020941 -0.065788 0.997613
1131.199352 50.095861 -5.229175 1.907205 -0.001246 0.021142 -0.065423 0.997633
1131.299192 50.227647 -5.232692 1.909218 -0.000984 0.021703 -0.065137 0.997640
1131.399829 50.376481 -5.236473 1.917173 -0.001905 0.023461 -0.065058 0.997604
1131.499676 50.519762 -5.240473 1.925354 -0.001729 0.024014 -0.065044 0.997592
1131.599497 50.644789 -5.245865 1.927476 -0.001424 0.021820 -0.065175 0.997634
1131.699338 50.766723 -5.253303 1.922412 -0.001108 0.018122 -0.065423 0.997692
1131.799174 50.896461 -5.260824 1.918956 -0.001599 0.015622 -0.066053 0.997693
1131.899814 51.038476 -5.265724 1.919507 -0.001414 0.014049 -0.066778 0.997668
1131.999663 51.174777 -5.269123 1.925460 -0.001345 0.013776 -0.067058 0.997653
1132.099516 51.312199 -5.272511 1.930983 -0.001637 0.013722 -0.067316 0.997636
1132.199348 51.442808 -5.280567 1.933478 -0.002099 0.012701 -0.067842 0.997613
1132.299186 51.571431 -5.290063 1.934391 -0.002535 0.010674 -0.067829 0.997637
1132.399820 51.703808 -5.293897 1.938066 -0.002964 0.008359 -0.067979 0.997647
1132.499655 51.834177 -5.302388 1.942259 -0.003314 0.006812 -0.067510 0.997690
1132.599498 51.971765 -5.310092 1.946455 -0.003303 0.007624 -0.067517 0.997684
1132.699343 52.105240 -5.322169 1.948441 -0.003139 0.009476 -0.067528 0.997667
1132.799182 52.223854 -5.331580 1.949621 -0.002609 0.010323 -0.067478 0.997664
1132.899821 52.331236 -5.335923 1.946514 -0.002518 0.009406 -0.067681 0.997659
1132.999668 52.429843 -5.343783 1.942166 -0.002812 0.008824 -0.068022 0.997641
1133.099501 52.528646 -5.352734 1.941824 -0.002247 0.008635 -0.068165 0.997634
1133.199351 52.625039 -5.362273 1.945088 -0.002134 0.009753 -0.068027 0.997634
1133.299205 52.723168 -5.371162 1.951012 -0.001741 0.010460 -0.068332 0.997606
1133.399441 52.819701 -5.377513 1.953825 -0.002776 0.009207 -0.069344 0.997546
1133.499281 52.914909 -5.384462 1.956383 -0.004500 0.007326 -0.069800 0.997524
1133.599129 53.016877 -5.395831 1.961520 -0.003718 0.006629 -0.070363 0.997493
1133.699775 53.125463 -5.405796 1.961695 -0.005104 0.006650 -0.070116 0.997504
1133.799613 53.237192 -5.414737 1.963126 -0.005346 0.008243 -0.069811 0.997512
1133.899446 53.344016 -5.426687 1.961214 -0.004110 0.008855 -0.069158 0.997558
1133.999267 53.438407 -5.436744 1.958982 -0.004022 0.009258 -0.068747 0.997583
1134.099507 53.535541 -5.443788 1.961170 -0.003580 0.008709 -0.068710 0.997592
1134.199331 53.645341 -5.450749 1.966903 -0.003235 0.010470 -0.068670 0.997579
1134.299168 53.749051 -5.462708 1.962035 -0.003275 0.012482 -0.068581 0.997562
1134.399803 53.838073 -5.471212 1.956151 -0.004735 0.015044 -0.068479 0.997528
1134.499639 53.917714 -5.475147 1.954781 -0.005122 0.017779 -0.068527 0.997478
1134.599478 53.997660 -5.485339 1.960042 -0.004818 0.020661 -0.068367 0.997435
1134.699318 54.088868 -5.492316 1.966565 -0.002911 0.023234 -0.068952 0.997345
1134.799151 54.184855 -5.500155 1.972281 -0.001462 0.025898 -0.069485 0.997246
1134.899790 54.283153 -5.509563 1.971172 -0.000381 0.030386 -0.069929 0.997089
1134.999633 54.379149 -5.521406 1.972050 0.000659 0.033800 -0.070155 0.996963
1135.099485 54.470601 -5.528817 1.973194 0.000463 0.035002 -0.070632 0.996888
1135.199321 54.568856 -5.536770 1.968313 0.000245 0.032048 -0.071045 0.996958
1135.299166 54.674243 -5.545147 1.965880 -0.000720 0.030197 -0.071276 0.996999
1135.399806 54.790573 -5.551250 1.968642 -0.000903 0.032479 -0.071368 0.996921
1135.499654 54.909944 -5.564969 1.971550 -0.000310 0.036108 -0.071309 0.996800
1135.599498 55.035198 -5.586372 1.979264 -0.001190 0.034699 -0.071216 0.996856
1135.699329 55.158759 -5.605984 1.983023 -0.001173 0.031902 -0.070818 0.996978
1135.799163 55.287694 -5.624812 1.984251 -0.001580 0.029473 -0.070343 0.997086
1135.899806 55.418387 -5.642261 1.978156 -0.001977 0.028724 -0.069835 0.997143
1135.999644 55.541646 -5.653171 1.975985 -0.002409 0.028689 -0.069461 0.997169
1136.099486 55.664363 -5.659777 1.971241 -0.002266 0.031416 -0.068887 0.997127
1136.199320 55.780711 -5.672082 1.970514 -0.003228 0.032882 -0.068320 0.997116
1136.299168 55.890291 -5.689432 1.977706 -0.006022 0.031728 -0.068027 0.997161
1136.399801 56.004771 -5.709342 1.984508 -0.007665 0.028924 -0.067528 0.997269
1136.499643 56.125430 -5.721628 1.989308 -0.008035 0.027438 -0.067222 0.997328
1136.599494 56.247815 -5.730887 1.991716 -0.007473 0.028960 -0.066874 0.997313
1136.699347 56.372578 -5.741319 1.991848 -0.006269 0.033070 -0.066391 0.997226
1136.799192 56.498415 -5.753551 1.991818 -0.003449 0.034236 -0.066052 0.997223
1136.899836 56.630102 -5.767370 2.003807 -0.003297 0.032012 -0.065777 0.997315
1136.999670 56.761662 -5.780476 2.023683 -0.002500 0.030615 -0.065847 0.997357
1137.099496 56.903730 -5.793086 2.044267 -0.002382 0.030046 -0.065992 0.997365
1137.199343 57.048613 -5.805920 2.052898 -0.001174 0.028310 -0.066205 0.997404
1137.299172 57.196242 -5.816643 2.056441 -0.000279 0.028465 -0.066670 0.997369
1137.399814 57.342573 -5.830507 2.065811 0.000227 0.029609 -0.067272 0.997295
1137.499662 57.491531 -5.846598 2.075855 0.000045 0.028723 -0.067810 0.997285
1137.599489 57.633565 -5.858974 2.086677 0.000564 0.027207 -0.068694 0.997267
1137.699322 57.771530 -5.872381 2.096346 0.001795 0.025444 -0.069510 0.997255
1137.799169 57.910951 -5.890322 2.110311 0.002051 0.024932 -0.069930 0.997238
1137.899804 58.051327 -5.908741 2.122230 0.002260 0.025002 -0.070595 0.997189
1137.999652 58.189365 -5.921859 2.141576 0.000811 0.023683 -0.071185 0.997182
1138.099480 58.323084 -5.935667 2.161733 -0.002468 0.023772 -0.071866 0.997128
1138.199326 58.468639 -5.951673 2.184121 -0.002067 0.023784 -0.072052 0.997115
1138.299171 58.618739 -5.975428 2.209531 -0.001091 0.022493 -0.071992 0.997151
1138.399808 58.777636 -6.001501 2.229245 0.000080 0.021131 -0.071359 0.997227
1138.499646 58.938560 -6.023623 2.244619 -0.001495 0.024649 -0.070773 0.997187
1138.599491 59.098243 -6.039542 2.265522 -0.003580 0.028941 -0.070120 0.997112
1138.699331 59.251892 -6.055963 2.288237 -0.005475 0.029054 -0.069374 0.997152
1138.799181 59.397657 -6.075330 2.310687 -0.006531 0.025788 -0.068813 0.997275
1138.899805 59.540918 -6.099011 2.322713 -0.004658 0.024009 -0.068413 0.997357
1138.999639 59.690123 -6.122497 2.325580 -0.001923 0.024939 -0.068247 0.997355
1139.099477 59.834883 -6.140932 2.323705 -0.001515 0.027132 -0.068469 0.997283
1139.199323 59.973982 -6.157917 2.323967 -0.002372 0.026650 -0.068353 0.997302
1139.299171 60.117501 -6.177620 2.326533 -0.003546 0.024729 -0.067987 0.997373
1139.399817 60.264099 -6.194790 2.334632 -0.003349 0.021576 -0.067614 0.997473
1139.499648 60.416815 -6.214550 2.343369 -0.003379 0.020113 -0.067482 0.997512
1139.599493 60.574860 -6.236926 2.347651 -0.003132 0.021060 -0.067303 0.997505
1139.699334 60.738293 -6.260255 2.344861 -0.003606 0.024524 -0.067571 0.997407
1139.799190 60.902023 -6.281569 2.335768 -0.003694 0.028887 -0.067949 0.997264
1139.899837 61.064281 -6.301378 2.324348 -0.003545 0.027930 -0.068289 0.997268
1139.999674 61.225241 -6.325175 2.330313 -0.003263 0.026649 -0.068587 0.997284
1140.099514 61.378194 -6.345335 2.341077 -0.002147 0.026519 -0.069168 0.997250
1140.199350 61.520364 -6.360216 2.343874 -0.001331 0.028483 -0.069550 0.997171
1140.299182 61.664830 -6.382596 2.338729 -0.000937 0.029353 -0.069501 0.997149
1140.399829 61.802372 -6.410660 2.337258 0.000136 0.028275 -0.069118 0.997208
1140.499670 61.935078 -6.428648 2.339934 0.000497 0.026622 -0.068728 0.997280
1140.599508 62.078236 -6.444467 2.343558 -0.000406 0.025351 -0.068557 0.997325
1140.699348 62.233750 -6.459186 2.347296 -0.003729 0.026421 -0.068638 0.997285
1140.799182 62.411531 -6.479211 2.354550 -0.008104 0.030802 -0.068571 0.997138
1140.899825 62.582701 -6.505608 2.357503 -0.011170 0.032501 -0.068298 0.997073
1140.999670 62.755821 -6.531341 2.359068 -0.013919 0.030517 -0.068159 0.997111
1141.099500 62.926861 -6.552400 2.357075 -0.015639 0.026482 -0.068572 0.997172
1141.199332 63.085483 -6.567117 2.353483 -0.016328 0.024286 -0.068523 0.997220
1141.299173 63.230984 -6.575602 2.355882 -0.015865 0.024404 -0.068727 0.997211
1141.399800 63.376714 -6.584217 2.364568 -0.014175 0.025113 -0.068863 0.997209
1141.499660 63.519199 -6.588330 2.368213 -0.012020 0.025090 -0.069090 0.997222
1141.599504 63.663989 -6.597237 2.367254 -0.012681 0.024686 -0.069439 0.997200
1141.699348 63.827752 -6.607950 2.369177 -0.013041 0.023668 -0.070011 0.997180
1141.799177 63.997586 -6.614967 2.371793 -0.010939 0.021662 -0.070624 0.997208
1141.899825 64.179603 -6.623471 2.368021 -0.005455 0.023605 -0.070256 0.997235
1141.999659 64.364620 -6.629906 2.366058 -0.002704 0.028927 -0.070198 0.997110
1142.099510 64.536723 -6.631858 2.366739 -0.002036 0.031088 -0.070299 0.997039
1142.199361 64.709464 -6.637860 2.378112 -0.002669 0.029702 -0.070212 0.997086
1142.299205 64.879098 -6.643996 2.389739 -0.003514 0.026602 -0.070079 0.997181
1142.399437 65.044437 -6.654577 2.393053 -0.003463 0.023905 -0.069800 0.997269
1142.499285 65.220880 -6.663357 2.392664 -0.003490 0.021376 -0.069530 0.997345
1142.599128 65.385325 -6.669760 2.399267 -0.001982 0.019155 -0.069521 0.997395
1142.699781 65.544513 -6.673723 2.406543 -0.002052 0.017376 -0.069876 0.997402
1142.799611 65.702069 -6.680825 2.419075 -0.002755 0.016285 -0.070408 0.997382
1142.899459 65.856157 -6.690986 2.436373 -0.003915 0.015997 -0.070543 0.997373
1142.999293 66.012648 -6.699312 2.444117 -0.004779 0.015433 -0.070871 0.997355
1143.099135 66.165237 -6.705314 2.440202 -0.003391 0.015439 -0.071269 0.997332
1143.199767 66.320339 -6.709360 2.433323 -0.001638 0.015794 -0.071373 0.997323
1143.299601 66.469165 -6.714096 2.433908 -0.001246 0.015283 -0.071314 0.997336
1143.399441 66.608836 -6.721083 2.442952 -0.001072 0.013869 -0.071087 0.997373
1143.499276 66.744530 -6.734480 2.445787 -0.001611 0.012191 -0.070711 0.997421
1143.599518 66.884228 -6.744993 2.451329 -0.003245 0.011810 -0.070605 0.997429
1143.699345 67.029191 -6.751465 2.454649 -0.003472 0.011576 -0.070398 0.997446
1143.799178 67.174745 -6.758700 2.455222 -0.002658 0.011342 -0.069696 0.997500
1143.899823 67.326946 -6.766134 2.455972 -0.002941 0.011920 -0.069342 0.997517
1143.999679 67.468463 -6.775788 2.462018 -0.004339 0.012849 -0.069441 0.997494
1144.099524 67.610720 -6.787565 2.465899 -0.004571 0.012092 -0.069430 0.997503
1144.199356 67.762824 -6.801922 2.464612 -0.004597 0.008177 -0.069680 0.997525
1144.299187 67.912221 -6.811197 2.462892 -0.003880 0.007448 -0.070219 0.997496
1144.399827 68.047874 -6.816994 2.457601 -0.002846 0.009470 -0.070688 0.997449
1144.499671 68.182809 -6.826328 2.459411 -0.002815 0.014455 -0.070528 0.997401
1144.599526 68.307586 -6.834194 2.466008 -0.003396 0.017715 -0.070358 0.997359
1144.699371 68.438030 -6.843681 2.471088 -0.004557 0.017707 -0.070033 0.997377
1144.799212 68.569321 -6.855672 2.470378 -0.004047 0.016511 -0.069454 0.997440
1144.899458 68.692883 -6.863361 2.468128 -0.003092 0.014709 -0.069257 0.997486
1144.999301 68.811083 -6.870021 2.468847 -0.002626 0.014131 -0.069047 0.997510
1145.099140 68.928488 -6.882100 2.468232 -0.003258 0.014486 -0.068512 0.997540
1145.199786 69.036443 -6.893713 2.469507 -0.002570 0.014307 -0.068253 0.997562
1145.299634 69.150106 -6.904191 2.473106 -0.003084 0.012941 -0.068319 0.997575
1145.399459 69.275054 -6.911564 2.473858 -0.003915 0.011859 -0.068419 0.997579
1145.499300 69.405822 -6.922288 2.476324 -0.003619 0.013012 -0.068496 0.997560
1145.599153 69.531748 -6.937033 2.478278 -0.002631 0.014566 -0.068605 0.997534
1145.699795 69.649560 -6.949969 2.475207 -0.002608 0.013812 -0.068817 0.997530
1145.799645 69.757618 -6.957686 2.476006 -0.002816 0.011833 -0.069107 0.997535
1145.899491 69.860738 -6.966065 2.480592 -0.002505 0.010797 -0.069378 0.997529
1145.999316 69.959159 -6.976141 2.485126 -0.003325 0.011925 -0.069686 0.997492
1146.099158 70.072226 -6.984960 2.491339 -0.003100 0.013035 -0.070191 0.997444
1146.199796 70.184017 -6.998968 2.497933 -0.002362 0.013223 -0.070488 0.997422
1146.299650 70.300952 -7.012413 2.511420 -0.001388 0.013516 -0.070574 0.997414
1146.399495 70.410959 -7.023204 2.531278 -0.001503 0.013908 -0.070589 0.997407
1146.499327 70.510991 -7.032841 2.545386 -0.001284 0.014298 -0.070459 0.997411
1146.599151 70.606537 -7.045964 2.564003 -0.001781 0.019273 -0.070258 0.997341
1146.699792 70.717357 -7.061908 2.581939 -0.002770 0.023104 -0.070092 0.997269
1146.799635 70.825014 -7.074021 2.600162 -0.003813 0.023451 -0.070045 0.997261
1146.899469 70.924593 -7.083505 2.618786 -0.004111 0.022438 -0.070002 0.997286
1146.999304 71.025604 -7.096014 2.630448 -0.003908 0.023221 -0.069850 0.997280
1147.099158 71.132051 -7.111246 2.646943 -0.005089 0.025183 -0.069616 0.997243
1147.199790 71.240402 -7.124227 2.649559 -0.005008 0.026297 -0.069483 0.997224
1147.299629 71.341183 -7.135565 2.646666 -0.004519 0.026718 -0.069634 0.997204
1147.399475 71.444864 -7.149257 2.653032 -0.003651 0.028361 -0.069534 0.997170
1147.499318 71.557396 -7.162261 2.658006 -0.003604 0.027541 -0.069797 0.997174
1147.599149 71.671206 -7.175320 2.658481 -0.003558 0.024548 -0.070008 0.997238
1147.699796 71.791763 -7.194650 2.653435 -0.003342 0.023907 -0.070025 0.997253
1147.799636 71.911111 -7.209441 2.656634 -0.003044 0.027163 -0.070190 0.997159
1147.899479 72.034473 -7.217468 2.665167 -0.002804 0.030220 -0.070406 0.997057
1147.999318 72.154572 -7.225990 2.667859 -0.002770 0.028710 -0.070243 0.997113
1148.099153 72.270333 -7.239923 2.664901 -0.001012 0.026477 -0.070308 0.997173
1148.199778 72.381253 -7.259765 2.662591 0.003237 0.023647 -0.073651 0.996998
1148.299607 72.485284 -7.280991 2.663034 0.005764 0.021039 -0.079201 0.996620
1148.399434 72.601970 -7.302978 2.661126 0.005276 0.019368 -0.085068 0.996173
1148.499274 72.731612 -7.316644 2.660195 -0.000842 0.019923 -0.087419 0.995972
1148.599513 72.856466 -7.330926 2.663614 -0.000808 0.020058 -0.087456 0.995966
1148.699365 72.984463 -7.350856 2.666338 -0.001323 0.019269 -0.087099 0.996012
1148.799196 73.113308 -7.375091 2.669891 -0.001543 0.018179 -0.086717 0.996066
1148.899835 73.236911 -7.399311 2.669016 -0.001773 0.019603 -0.086555 0.996053
1148.999686 73.355822 -7.418201 2.664550 -0.002287 0.021489 -0.086390 0.996027
1149.099538 73.473481 -7.434143 2.663065 -0.001961 0.022854 -0.085954 0.996035
1149.199383 73.591017 -7.454097 2.667317 -0.001876 0.023976 -0.085585 0.996041
1149.299231 73.706967 -7.479350 2.669177 -0.001814 0.025250 -0.085120 0.996049
1149.399484 73.817456 -7.500700 2.667500 -0.001929 0.024442 -0.085153 0.996066
1149.499331 73.936692 -7.521598 2.665818 -0.001971 0.023208 -0.085490 0.996067
1149.599162 74.068003 -7.542247 2.661742 -0.002050 0.022530 -0.085776 0.996058
1149.699806 74.191812 -7.563609 2.671240 -0.002450 0.022341 -0.086052 0.996037
1149.799638 74.308265 -7.585679 2.680863 -0.003200 0.020719 -0.086253 0.996053
1149.899485 74.423091 -7.607233 2.680511 -0.003062 0.020380 -0.086375 0.996050
1149.999323 74.540244 -7.627374 2.674876 -0.003228 0.022566 -0.086646 0.995978
1150.099166 74.671350 -7.647408 2.674413 -0.003301 0.024891 -0.086580 0.995928
1150.199802 74.804843 -7.668080 2.676121 -0.003399 0.025936 -0.086554 0.995904
1150.299642 74.942251 -7.686428 2.683427 -0.002527 0.025079 -0.086734 0.995913
1150.399476 75.066239 -7.709297 2.689673 -0.003163 0.023451 -0.086614 0.995961
1150.499307 75.176287 -7.731738 2.692666 -0.002150 0.023331 -0.086665 0.995962
1150.599139 75.288698 -7.750065 2.693227 -0.001633 0.026036 -0.086722 0.995891
1150.699785 75.408990 -7.769762 2.692870 -0.000757 0.027882 -0.086897 0.995827
1150.799631 75.531196 -7.790957 2.693198 -0.000483 0.029508 -0.087069 0.995765
1150.899487 75.662016 -7.810605 2.696940 -0.000607 0.030184 -0.087326 0.995722
1150.999321 75.802961 -7.828798 2.700363 -0.002632 0.028350 -0.087452 0.995762
1151.099160 75.946112 -7.847459 2.698530 -0.004970 0.025926 -0.087832 0.995785
1151.199793 76.082761 -7.866113 2.696077 -0.004154 0.028189 -0.087955 0.995717
1151.299626 76.213556 -7.888950 2.692903 -0.001657 0.031698 -0.087523 0.995657
1151.399467 76.357238 -7.917109 2.691649 -0.000469 0.034119 -0.087335 0.995594
1151.499300 76.506315 -7.943219 2.697733 -0.000182 0.034111 -0.087377 0.995591
1151.599136 76.653621 -7.963436 2.700972 -0.000312 0.033993 -0.087385 0.995594
1151.699769 76.799394 -7.984606 2.704835 0.000078 0.034500 -0.087258 0.995588
1151.799619 76.946547 -8.006623 2.703142 -0.001363 0.035535 -0.087278 0.995549
1151.899458 77.081382 -8.032618 2.700901 -0.001826 0.035795 -0.086914 0.995571
1151.999297 77.221854 -8.054490 2.700573 -0.001560 0.033622 -0.086792 0.995658
1152.099123 77.367248 -8.073405 2.710543 -0.001306 0.028157 -0.086582 0.995846
1152.199770 77.519945 -8.095874 2.718612 -0.000504 0.024127 -0.086336 0.995974
1152.299607 77.676269 -8.119239 2.719948 -0.001280 0.023861 -0.086236 0.995988
1152.399447 77.826566 -8.146461 2.716555 -0.000284 0.028336 -0.085854 0.995905
1152.499284 77.992323 -8.175256 2.710492 -0.000295 0.033462 -0.085778 0.995752
1152.599138 78.147979 -8.198751 2.709553 0.000307 0.036114 -0.085847 0.995654
1152.699783 78.315623 -8.224867 2.714989 0.000186 0.034572 -0.085811 0.995711
1152.799623 78.476900 -8.254439 2.721108 0.000270 0.034235 -0.086076 0.995700
1152.899455 78.628307 -8.281740 2.722957 0.000330 0.035127 -0.086159 0.995662
1152.999286 78.775848 -8.305952 2.720513 0.000126 0.034811 -0.085887 0.995697
1153.099131 78.929830 -8.329263 2.715861 -0.003218 0.032401 -0.085507 0.995805
1153.199774 79.110387 -8.351356 2.728454 -0.010276 0.030747 -0.085551 0.995806
1153.299607 79.291112 -8.372935 2.735620 -0.016828 0.027305 -0.085309 0.995838
1153.399455 79.458679 -8.391176 2.737817 -0.022250 0.022883 -0.085565 0.995821
1153.499293 79.612125 -8.404638 2.734008 -0.021359 0.022026 -0.086020 0.995821
1153.599131 79.769470 -8.418993 2.733437 -0.016807 0.023752 -0.086448 0.995831
1153.699770 79.936134 -8.426996 2.735929 -0.013585 0.025057 -0.086866 0.995812
1153.799610 80.098094 -8.431334 2.740131 -0.007646 0.024353 -0.086814 0.995897
1153.899435 80.253764 -8.438839 2.739566 -0.001615 0.022762 -0.086696 0.995973
1153.999272 80.426580 -8.443882 2.741579 0.001330 0.019837 -0.087321 0.995982
1154.099529 80.597866 -8.449775 2.738884 0.000384 0.017085 -0.087616 0.996008
1154.199370 80.760787 -8.455085 2.743115 -0.001188 0.016712 -0.087712 0.996005
1154.299215 80.917901 -8.456186 2.748278 -0.001247 0.017889 -0.088219 0.995940
1154.399446 81.084882 -8.455158 2.754166 -0.000928 0.018449 -0.088454 0.995909
1154.499289 81.250741 -8.459379 2.755866 0.002897 0.017928 -0.088435 0.995916
1154.599133 81.418451 -8.471796 2.758503 0.002888 0.016086 -0.088718 0.995923
1154.699784 81.596394 -8.487228 2.761569 0.001695 0.014846 -0.089284 0.995894
1154.799615 81.758687 -8.496989 2.764887 -0.000026 0.015026 -0.089591 0.995865
1154.899431 81.910747 -8.502664 2.774721 -0.001447 0.015523 -0.089942 0.995825
1154.999276 82.055907 -8.509590 2.777694 -0.001215 0.015523 -0.090152 0.995806
1155.099122 82.203435 -8.519746 2.780732 -0.000345 0.015261 -0.090417 0.995787
1155.199771 82.366978 -8.529796 2.787615 -0.000122 0.014097 -0.091057 0.995746
1155.299618 82.516164 -8.542183 2.792452 -0.001006 0.011217 -0.091242 0.995765
1155.399475 82.655641 -8.550305 2.796813 -0.001986 0.008515 -0.090784 0.995832
1155.499311 82.797900 -8.562064 2.793639 -0.001630 0.006418 -0.090441 0.995880
1155.599154 82.930779 -8.573129 2.795718 -0.001368 0.000253 -0.090479 0.995897
1155.699778 83.057633 -8.586441 2.807480 -0.002051 -0.013536 -0.091078 0.995750
1155.799621 83.179587 -8.591424 2.812877 -0.002273 -0.056564 -0.091436 0.994201
1155.899460 83.298224 -8.596763 2.782992 -0.000893 -0.086227 -0.091647 0.992051
1155.999313 83.379205 -8.601785 2.764016 -0.000380 -0.081742 -0.092129 0.992386
1156.099140 83.443868 -8.606208 2.765630 -0.000925 -0.061122 -0.092475 0.993837
1156.199787 83.504999 -8.612864 2.784277 -0.001642 -0.040069 -0.092286 0.994925
1156.299631 83.558849 -8.616924 2.813262 -0.003027 -0.026433 -0.092004 0.995403
1156.399475 83.605907 -8.619023 2.836628 -0.002109 -0.019799 -0.091840 0.995575
1156.499321 83.640838 -8.624607 2.833092 -0.003050 -0.015977 -0.091899 0.995635
1156.599173 83.672299 -8.633020 2.817238 -0.002795 -0.012450 -0.091733 0.995702
1156.699803 83.698159 -8.636891 2.802450 -0.002421 -0.017872 -0.091509 0.995641
1156.799651 83.725999 -8.639330 2.797201 -0.002885 -0.018496 -0.091710 0.995610
1156.899499 83.752401 -8.639509 2.799126 -0.004542 -0.009981 -0.091911 0.995707
1156.999331 83.772676 -8.640205 2.802458 -0.006162 -0.000275 -0.091883 0.995751
1157.099177 83.784225 -8.643850 2.809152 -0.005805 0.005341 -0.091516 0.995772
1157.199812 83.790863 -8.646561 2.815273 -0.004746 0.005370 -0.090691 0.995853
1157.299654 83.789373 -8.651906 2.811002 -0.004061 0.003718 -0.088340 0.996075
1157.399497 83.794495 -8.649829 2.799408 -0.003284 0.004143 -0.082779 0.996554
1157.499346 83.797257 -8.646946 2.790076 -0.003482 0.006359 -0.075702 0.997104
1157.599176 83.796105 -8.643176 2.794297 -0.006070 0.008772 -0.068920 0.997565
1157.699818 83.796297 -8.642898 2.799876 -0.007733 0.009148 -0.062727 0.997959
1157.799660 83.792522 -8.646743 2.805596 -0.006946 0.009202 -0.056605 0.998330
1157.899512 83.784152 -8.642640 2.803726 -0.004872 0.008947 -0.050640 0.998665
1157.999340 83.766850 -8.638870 2.798536 -0.003758 0.009097 -0.046229 0.998882
1158.099182 83.753824 -8.639689 2.798493 -0.005700 0.009912 -0.045549 0.998897
1158.199824 83.756963 -8.645428 2.797628 -0.005984 0.012077 -0.045548 0.998871
1158.299655 83.759912 -8.648688 2.790009 -0.004694 0.021965 -0.045702 0.998703
1158.399502 83.767466 -8.648015 2.783893 -0.002095 0.035552 -0.045704 0.998320
1158.499340 83.785213 -8.645229 2.783449 -0.002608 0.042778 -0.045856 0.998028
1158.599192 83.805379 -8.646116 2.782738 -0.002606 0.043342 -0.046022 0.997996
1158.699823 83.825051 -8.651629 2.783200 -0.003316 0.045574 -0.046060 0.997893
1158.799671 83.858295 -8.654648 2.790211 -0.003607 0.050605 -0.045848 0.997659
1158.899510 83.908052 -8.662295 2.786828 -0.003196 0.054690 -0.045482 0.997462
1158.999354 83.947350 -8.665219 2.775299 -0.002291 0.057117 -0.045262 0.997338
1159.099205 83.991705 -8.668248 2.773971 -0.002199 0.056930 -0.045315 0.997347
1159.199432 84.046806 -8.670915 2.782554 -0.001981 0.052516 -0.045590 0.997577
1159.299267 84.100523 -8.674249 2.792074 -0.001745 0.049030 -0.045567 0.997756
1159.399508 84.159643 -8.679681 2.803034 -0.001615 0.051694 -0.045495 0.997625
1159.499359 84.230882 -8.687185 2.801908 -0.001722 0.054763 -0.045369 0.997467
1159.599196 84.306021 -8.696227 2.795877 -0.002036 0.055968 -0.044999 0.997416
1159.699829 84.387534 -8.707175 2.796682 -0.001779 0.053814 -0.045161 0.997528
1159.799664 84.473872 -8.716657 2.800026 -0.002714 0.048660 -0.045199 0.997789
1159.899510 84.569600 -8.726193 2.804829 -0.002470 0.044299 -0.045174 0.997993
1159.999335 84.676070 -8.736770 2.801769 -0.002891 0.044550 -0.045153 0.997982
1160.099176 84.796720 -8.747130 2.799770 -0.002901 0.047997 -0.045064 0.997826
1160.199819 84.923014 -8.759424 2.798608 -0.002683 0.050995 -0.044741 0.997693
1160.299658 85.042524 -8.775527 2.802945 -0.002765 0.049976 -0.044604 0.997750
1160.399501 85.172135 -8.789791 2.807777 -0.002583 0.046777 -0.044837 0.997895
1160.499345 85.306565 -8.800903 2.806131 -0.002175 0.044055 -0.044875 0.998018
1160.599179 85.442418 -8.814292 2.811602 -0.002450 0.043663 -0.045023 0.998028
1160.699799 85.573414 -8.824150 2.812728 -0.002028 0.041671 -0.045214 0.998106
1160.799645 85.703056 -8.836194 2.811623 -0.001820 0.038131 -0.045405 0.998239
1160.899474 85.838090 -8.846302 2.810940 -0.002981 0.036299 -0.045825 0.998285
1160.999314 85.968955 -8.863326 2.815266 -0.002657 0.036634 -0.045708 0.998279
1161.099158 86.115186 -8.883562 2.818404 -0.002741 0.035427 -0.045612 0.998327
1161.199806 86.270434 -8.900766 2.823533 -0.003001 0.032671 -0.045805 0.998411
1161.299653 86.432202 -8.917097 2.827703 -0.002996 0.030510 -0.045852 0.998478
1161.399495 86.588478 -8.933384 2.827361 -0.002359 0.029393 -0.045787 0.998516
1161.499344 86.739295 -8.945004 2.825459 -0.002127 0.029256 -0.045934 0.998514
1161.599179 86.889852 -8.961415 2.829761 -0.003082 0.028271 -0.045627 0.998554
1161.699829 87.040495 -8.978050 2.832550 -0.003443 0.029569 -0.045695 0.998512
1161.799670 87.188251 -8.997118 2.833653 -0.003074 0.031314 -0.045417 0.998472
1161.899514 87.346132 -9.015364 2.832997 -0.003786 0.029714 -0.045398 0.998520
1161.999359 87.508072 -9.030802 2.835517 -0.004306 0.027739 -0.045741 0.998559
1162.099201 87.657421 -9.045411 2.842154 -0.003512 0.027864 -0.045823 0.998555
1162.199439 87.813458 -9.058030 2.848868 -0.002810 0.028387 -0.046080 0.998530
1162.299272 87.968690 -9.079416 2.848796 -0.002688 0.028169 -0.046161 0.998533
1162.399513 88.133291 -9.096212 2.847687 -0.002686 0.027342 -0.046345 0.998548
1162.499368 88.296652 -9.115052 2.853271 -0.001963 0.026312 -0.046503 0.998570
1162.599202 88.452324 -9.134148 2.855284 -0.003266 0.024805 -0.046759 0.998593
1162.699440 88.606547 -9.148906 2.856878 -0.004195 0.024738 -0.046687 0.998594
1162.799268 88.765109 -9.163932 2.859659 -0.005456 0.024934 -0.046848 0.998576
1162.899515 88.922252 -9.183065 2.866221 -0.005150 0.023384 -0.046925 0.998611
1162.999360 89.073073 -9.205591 2.876632 -0.004365 0.020465 -0.046962 0.998677
1163.099196 89.235968 -9.228312 2.893295 -0.004150 0.017909 -0.046950 0.998728
1163.199843 89.401513 -9.246808 2.917430 -0.003666 0.017599 -0.047013 0.998733
1163.299688 89.559332 -9.263614 2.937582 -0.005687 0.017472 -0.047073 0.998722
1163.399542 89.717314 -9.282432 2.965580 -0.006710 0.016918 -0.047228 0.998718
1163.499387 89.872689 -9.302803 2.987439 -0.006417 0.013678 -0.047175 0.998772
1163.599231 90.029375 -9.324928 2.998254 -0.007686 0.011786 -0.047109 0.998791
1163.699486 90.181076 -9.343055 3.007003 -0.007948 0.012938 -0.047136 0.998773
1163.799316 90.331233 -9.363343 3.019180 -0.008102 0.017483 -0.046757 0.998720
1163.899167 90.472147 -9.377536 3.024036 -0.009136 0.020731 -0.046301 0.998671
1163.999816 90.612564 -9.397912 3.025406 -0.009451 0.022010 -0.045836 0.998662
1164.099652 90.751975 -9.418383 3.028442 -0.008561 0.020843 -0.046020 0.998686
1164.199506 90.894889 -9.439540 3.041901 -0.008655 0.018604 -0.045908 0.998735
1164.299337 91.047247 -9.460961 3.053606 -0.008527 0.016097 -0.045446 0.998801
1164.399185 91.192922 -9.476139 3.062403 -0.007816 0.016901 -0.045115 0.998808
1164.499827 91.326736 -9.485971 3.066731 -0.007593 0.020756 -0.044873 0.998748
1164.599661 91.461170 -9.498139 3.069394 -0.008217 0.024541 -0.044947 0.998654
1164.699492 91.583990 -9.514346 3.077739 -0.008164 0.024092 -0.044506 0.998685
1164.799330 91.710571 -9.531571 3.089532 -0.008613 0.020516 -0.044383 0.998767
1164.899165 91.841070 -9.547044 3.101763 -0.008040 0.016622 -0.044216 0.998851
1164.999799 91.984897 -9.563216 3.115847 -0.007258 0.014537 -0.044103 0.998895
1165.099629 92.121066 -9.578025 3.122579 -0.008084 0.014826 -0.043868 0.998895
1165.199460 92.246039 -9.590016 3.118761 -0.007581 0.017122 -0.043917 0.998860
1165.299298 92.387277 -9.602864 3.109350 -0.007136 0.018609 -0.044038 0.998831
1165.399139 92.524875 -9.616576 3.106319 -0.005079 0.016861 -0.044026 0.998875
1165.499777 92.654454 -9.631696 3.120014 -0.004644 0.013624 -0.044178 0.998920
1165.599613 92.776250 -9.646202 3.143003 -0.005067 0.014423 -0.044388 0.998897
1165.699438 92.899947 -9.659414 3.161676 -0.006624 0.016780 -0.044772 0.998834
1165.799294 93.020984 -9.671983 3.170258 -0.006503 0.018347 -0.045022 0.998796
1165.899130 93.147714 -9.684909 3.178871 -0.005732 0.019855 -0.045140 0.998767
1165.999758 93.279632 -9.695673 3.187049 -0.004811 0.019989 -0.045363 0.998759
1166.099607 93.398371 -9.707983 3.196431 -0.005050 0.019403 -0.045500 0.998763
1166.199445 93.512346 -9.721547 3.209854 -0.004554 0.020214 -0.045571 0.998746
1166.299281 93.635819 -9.735105 3.221970 -0.004471 0.021308 -0.045810 0.998713
1166.399130 93.763521 -9.749070 3.231678 -0.005425 0.023193 -0.045704 0.998671
1166.499778 93.895548 -9.765220 3.243731 -0.006826 0.025215 -0.045634 0.998617
1166.599630 94.009111 -9.780830 3.255502 -0.006837 0.025585 -0.045597 0.998609
1166.699474 94.111765 -9.787778 3.267969 -0.006417 0.025673 -0.046056 0.998588
1166.799301 94.222142 -9.796391 3.283274 -0.005724 0.027955 -0.045930 0.998537
1166.899132 94.340906 -9.810127 3.292232 -0.004826 0.029558 -0.045899 0.998497
1166.999775 94.461107 -9.826437 3.305515 -0.004168 0.030387 -0.046161 0.998463
1167.099621 94.587357 -9.841789 3.316799 -0.004122 0.030683 -0.046396 0.998443
1167.199470 94.718081 -9.855374 3.328753 -0.003509 0.030373 -0.046586 0.998446
1167.299301 94.850420 -9.867150 3.339062 -0.003726 0.029980 -0.046786 0.998448
1167.399130 94.977465 -9.880302 3.360614 -0.004437 0.030197 -0.046695 0.998443
1167.499781 95.107006 -9.894805 3.368733 -0.004622 0.034671 -0.046544 0.998304
1167.599618 95.239590 -9.910036 3.373740 -0.004259 0.037960 -0.046357 0.998194
1167.699474 95.372584 -9.923994 3.382664 -0.003994 0.037042 -0.046317 0.998232
1167.799317 95.507616 -9.936846 3.401561 -0.005767 0.032857 -0.046511 0.998361
1167.899154 95.642908 -9.951878 3.425157 -0.005745 0.030209 -0.046254 0.998456
1167.999789 95.779987 -9.973310 3.452223 -0.005981 0.030634 -0.046167 0.998446
1168.099629 95.922957 -9.992645 3.468690 -0.005826 0.033248 -0.046273 0.998358
1168.199465 96.063314 -10.006076 3.480572 -0.005638 0.034752 -0.046212 0.998311
1168.299317 96.210255 -10.019719 3.496047 -0.005228 0.034329 -0.046411 0.998319
1168.399170 96.357404 -10.036271 3.514195 -0.005552 0.032782 -0.046587 0.998361
1168.499821 96.514277 -10.054441 3.541103 -0.005504 0.032699 -0.046738 0.998357
1168.599680 96.670135 -10.071310 3.567732 -0.005340 0.034723 -0.047087 0.998273
1168.699517 96.830572 -10.090230 3.591783 -0.005200 0.038041 -0.047013 0.998156
1168.799355 96.984341 -10.107720 3.604565 -0.004621 0.039380 -0.047085 0.998104
1168.899196 97.141903 -10.123155 3.610546 -0.004714 0.035937 -0.047082 0.998233
1168.999832 97.303788 -10.135633 3.614959 -0.004783 0.031359 -0.047564 0.998364
1169.099673 97.461495 -10.151377 3.618292 -0.004794 0.029949 -0.047498 0.998411
1169.199516 97.612311 -10.171492 3.621748 -0.004765 0.031822 -0.047293 0.998363
1169.299349 97.765260 -10.188792 3.621496 -0.005142 0.031754 -0.047274 0.998364
1169.399198 97.919165 -10.206235 3.625459 -0.005607 0.030605 -0.047192 0.998401
1169.499440 98.076223 -10.227175 3.629458 -0.005589 0.027491 -0.047100 0.998496
1169.599276 98.231847 -10.247151 3.632762 -0.004981 0.025284 -0.047184 0.998554
1169.699108 98.393268 -10.261000 3.626246 -0.005283 0.023444 -0.047294 0.998592
1169.799748 98.559911 -10.276691 3.625022 -0.004888 0.025686 -0.047142 0.998546
1169.899584 98.725112 -10.294653 3.625413 -0.004952 0.028327 -0.047396 0.998462
1169.999434 98.886886 -10.311592 3.622423 -0.005666 0.029354 -0.047655 0.998416
1170.099275 99.047567 -10.333405 3.625859 -0.004806 0.028817 -0.047493 0.998444
1170.199522 99.217107 -10.352070 3.627924 -0.004025 0.029102 -0.047566 0.998436
1170.299369 99.387151 -10.365186 3.628266 -0.003946 0.031025 -0.047717 0.998371
1170.399204 99.549724 -10.382057 3.625981 -0.004157 0.032884 -0.047774 0.998308
1170.499453 99.711690 -10.404330 3.620811 -0.004284 0.032773 -0.047764 0.998312
1170.599298 99.875830 -10.424231 3.624558 -0.004533 0.032845 -0.048031 0.998295
1170.699136 100.043198 -10.444961 3.628322 -0.004715 0.032695 -0.047956 0.998303
1170.799772 100.207924 -10.465598 3.630847 -0.004042 0.033216 -0.047613 0.998305
1170.899630 100.362552 -10.484088 3.626251 -0.004185 0.034589 -0.047732 0.998252
1170.999475 100.527017 -10.504058 3.620789 -0.004002 0.036150 -0.047534 0.998207
1171.099311 100.699094 -10.521603 3.624482 -0.004561 0.037903 -0.047651 0.998134
1171.199141 100.869630 -10.538845 3.632902 -0.005024 0.039630 -0.047572 0.998069
1171.299777 101.043175 -10.560221 3.635087 -0.004834 0.039608 -0.047260 0.998085
1171.399623 101.214245 -10.584899 3.634531 -0.005189 0.037643 -0.047169 0.998164
1171.499468 101.384325 -10.611366 3.637453 -0.005678 0.036221 -0.046813 0.998231
1171.599303 101.565668 -10.633616 3.640754 -0.005369 0.034953 -0.046830 0.998277
1171.699143 101.761713 -10.653407 3.640528 -0.006463 0.033746 -0.046940 0.998307
1171.799769 101.956216 -10.674174 3.638715 -0.006899 0.030813 -0.046647 0.998412
1171.899624 102.146715 -10.700996 3.642035 -0.006243 0.027671 -0.046821 0.998500
1171.999467 102.331189 -10.724226 3.647969 -0.006646 0.027476 -0.047090 0.998491
1172.099315 102.517855 -10.745971 3.655251 -0.009013 0.030384 -0.047466 0.998370
1172.199159 102.702149 -10.762908 3.663378 -0.010393 0.029958 -0.047828 0.998352
1172.299802 102.886342 -10.786041 3.658915 -0.009935 0.025575 -0.048001 0.998470
1172.399650 103.070564 -10.811650 3.650624 -0.009300 0.019830 -0.048233 0.998596
1172.499482 103.259164 -10.830992 3.650176 -0.010472 0.015614 -0.048846 0.998629
1172.599319 103.447792 -10.847244 3.650812 -0.011262 0.013264 -0.049129 0.998641
1172.699169 103.629635 -10.862808 3.659118 -0.010958 0.012670 -0.049639 0.998627
1172.799811 103.799149 -10.880793 3.660351 -0.007853 0.011713 -0.049569 0.998671
1172.899650 103.970839 -10.900781 3.660368 -0.007153 0.012988 -0.049752 0.998652
1172.999504 104.139685 -10.917503 3.664783 -0.007183 0.012907 -0.050222 0.998629
1173.099341 104.312434 -10.933372 3.662625 -0.007501 0.012745 -0.050865 0.998596
1173.199195 104.489553 -10.949943 3.659002 -0.006101 0.014165 -0.051079 0.998576
1173.299849 104.662718 -10.965813 3.659089 -0.004042 0.015506 -0.051398 0.998550
1173.399693 104.830267 -10.980344 3.660675 -0.002827 0.015525 -0.051266 0.998560
1173.499519 104.991455 -10.995747 3.669624 -0.002081 0.014669 -0.051082 0.998585
1173.599358 105.151148 -11.012056 3.675667 -0.002280 0.013344 -0.050892 0.998612
1173.699199 105.302886 -11.028563 3.674876 -0.004500 0.014984 -0.050585 0.998597
1173.799443 105.449366 -11.046426 3.670930 -0.007728 0.016783 -0.050047 0.998576
1173.899288 105.602083 -11.063499 3.664013 -0.009240 0.017758 -0.049510 0.998573
1173.999126 105.745889 -11.084383 3.663568 -0.009189 0.017126 -0.048588 0.998630
1174.099767 105.898797 -11.100766 3.666178 -0.009088 0.014466 -0.048105 0.998696
1174.199605 106.045541 -11.116363 3.670872 -0.008342 0.011167 -0.047850 0.998757
1174.299456 106.178988 -11.132247 3.674827 -0.007936 0.010748 -0.047658 0.998774
1174.399297 106.308110 -11.148108 3.673687 -0.008408 0.014153 -0.047306 0.998745
1174.499147 106.437594 -11.162875 3.668614 -0.009193 0.018483 -0.047075 0.998678
1174.599775 106.575606 -11.180056 3.659396 -0.010033 0.020910 -0.046858 0.998632
1174.699615 106.721325 -11.195362 3.657855 -0.009275 0.020856 -0.047000 0.998634
1174.799453 106.864404 -11.208742 3.666477 -0.007112 0.020119 -0.047466 0.998645
1174.899302 107.004972 -11.219472 3.673144 -0.004239 0.020139 -0.048026 0.998634
1174.999133 107.145746 -11.229836 3.674821 -0.002249 0.020805 -0.048408 0.998608
1175.099761 107.284277 -11.246520 3.670291 -0.002366 0.021271 -0.048818 0.998578
1175.199600 107.415235 -11.260895 3.671937 -0.005191 0.023104 -0.049545 0.998491
1175.299449 107.549895 -11.276989 3.675375 -0.005234 0.023618 -0.050143 0.998449
1175.399284 107.681259 -11.286808 3.681026 -0.005340 0.022287 -0.050744 0.998449
1175.499135 107.812342 -11.302003 3.681616 -0.005286 0.018395 -0.050802 0.998525
1175.599775 107.940101 -11.316331 3.676642 -0.005775 0.017949 -0.051030 0.998519
1175.699609 108.073392 -11.327046 3.674532 -0.005696 0.020335 -0.051132 0.998469
1175.799444 108.210630 -11.336386 3.682297 -0.005626 0.022294 -0.051334 0.998417
1175.899269 108.345712 -11.350759 3.689403 -0.004929 0.022544 -0.051449 0.998409
1175.999499 108.480988 -11.367083 3.693899 -0.004750 0.023085 -0.051645 0.998387
1176.099339 108.621362 -11.382918 3.688431 -0.004965 0.022289 -0.051485 0.998413
1176.199188 108.751746 -11.396588 3.685366 -0.005786 0.021987 -0.051751 0.998401
1176.299801 108.881639 -11.413865 3.688538 -0.006499 0.022015 -0.051721 0.998398
1176.399643 109.010892 -11.430021 3.689597 -0.005509 0.016916 -0.051320 0.998524
1176.499473 109.143673 -11.443613 3.689182 -0.004593 0.014786 -0.051069 0.998575
1176.599319 109.260973 -11.458091 3.689759 -0.004653 0.014525 -0.050495 0.998608
1176.699163 109.376537 -11.473118 3.692333 -0.005516 0.017747 -0.050232 0.998565
1176.799806 109.490392 -11.481707 3.692409 -0.008202 0.019643 -0.050161 0.998514
1176.899626 109.602470 -11.496549 3.689939 -0.008441 0.021893 -0.049724 0.998487
1176.999469 109.721673 -11.514719 3.693490 -0.008528 0.023074 -0.049456 0.998473
1177.099298 109.849073 -11.532425 3.699908 -0.008455 0.024577 -0.049666 0.998428
1177.199148 109.968484 -11.544464 3.701052 -0.007921 0.025297 -0.050172 0.998389
1177.299796 110.097345 -11.554429 3.701111 -0.007904 0.025532 -0.050778 0.998352
1177.399645 110.216683 -11.568863 3.696379 -0.006548 0.026555 -0.051547 0.998296
1177.499490 110.334595 -11.580769 3.691967 -0.004568 0.026552 -0.052394 0.998263
1177.599334 110.450896 -11.590546 3.692249 -0.004449 0.025900 -0.053088 0.998244
1177.699173 110.573434 -11.599803 3.696221 -0.004955 0.024522 -0.053308 0.998265
1177.799802 110.703912 -11.611968 3.701148 -0.006524 0.025133 -0.053135 0.998250
1177.899638 110.827538 -11.624013 3.703441 -0.007112 0.026523 -0.053496 0.998190
1177.999479 110.944399 -11.634793 3.702103 -0.005667 0.027550 -0.053899 0.998150
1178.099322 111.058795 -11.646989 3.702313 -0.003093 0.026908 -0.054627 0.998139
1178.199162 111.187223 -11.658276 3.702352 0.001146 0.027348 -0.055395 0.998089
1178.299796 111.320780 -11.670928 3.697707 0.000835 0.029040 -0.056044 0.998006
1178.399635 111.441375 -11.681925 3.697188 -0.001813 0.031617 -0.056467 0.997902
1178.499468 111.554675 -11.692676 3.703321 -0.003852 0.033832 -0.056654 0.997813
1178.599318 111.669839 -11.704006 3.713351 -0.003983 0.035598 -0.056365 0.997767
1178.699174 111.789952 -11.715203 3.719109 -0.001839 0.033798 -0.055747 0.997871
1178.799813 111.920329 -11.725998 3.713111 0.000381 0.032846 -0.055156 0.997937
1178.899646 112.057500 -11.743112 3.708105 0.000549 0.035241 -0.054512 0.997891
1178.999485 112.198617 -11.758354 3.710466 -0.001314 0.036170 -0.054711 0.997846
1179.099329 112.342257 -11.772781 3.713730 -0.001339 0.035723 -0.055047 0.997844
1179.199160 112.483585 -11.792550 3.718979 -0.001157 0.036015 -0.055056 0.997833
1179.299808 112.623005 -11.813151 3.728955 -0.000229 0.036023 -0.055002 0.997836
1179.399644 112.752469 -11.825092 3.736005 0.000020 0.034702 -0.054888 0.997889
1179.499484 112.880205 -11.832600 3.732896 -0.000892 0.034087 -0.054665 0.997922
1179.599328 113.003329 -11.844384 3.728147 -0.002469 0.034144 -0.054698 0.997916
1179.699174 113.130568 -11.859587 3.726966 -0.002620 0.033772 -0.054635 0.997932
1179.799820 113.267355 -11.877393 3.727497 -0.002269 0.031730 -0.054647 0.997999
1179.899657 113.405986 -11.894878 3.728988 -0.002970 0.030406 -0.054746 0.998033
1179.999495 113.546742 -11.911107 3.727773 -0.003709 0.033157 -0.054953 0.997931
1180.099324 113.694626 -11.930870 3.723885 -0.003383 0.033460 -0.054902 0.997925
1180.199168 113.845121 -11.950212 3.727351 -0.002487 0.031574 -0.054721 0.997999
1180.299810 113.991803 -11.970102 3.738093 -0.002584 0.027745 -0.054663 0.998116
1180.399648 114.135575 -11.983027 3.762385 -0.003094 0.024225 -0.054688 0.998205
1180.499495 114.275180 -11.992350 3.776333 -0.002059 0.020712 -0.054820 0.998279
1180.599333 114.417502 -12.011378 3.791037 -0.002451 0.019415 -0.054542 0.998320
1180.699180 114.557655 -12.032357 3.808726 -0.005597 0.016364 -0.054807 0.998347
1180.799836 114.693728 -12.048853 3.834232 -0.006926 0.014300 -0.055639 0.998325
1180.899667 114.819218 -12.063004 3.859136 -0.009249 -0.014571 -0.056388 0.998260
1180.999513 114.929204 -12.076399 3.875861 -0.009445 -0.044335 -0.057741 0.997302
1181.099360 115.029571 -12.090468 3.849091 -0.011061 -0.045160 -0.059453 0.997148
1181.199209 115.125193 -12.104465 3.828029 -0.009409 -0.017388 -0.060398 0.997979
1181.299453 115.215933 -12.110156 3.824056 -0.005570 0.007879 -0.060093 0.998146
1181.399285 115.312268 -12.123852 3.846221 -0.001608 0.017575 -0.058812 0.998113
1181.499118 115.398656 -12.141387 3.880120 -0.001714 0.019986 -0.057618 0.998137
1181.599744 115.470311 -12.156736 3.896877 -0.003536 0.019588 -0.057083 0.998171
1181.699572 115.533254 -12.171598 3.889454 -0.005762 0.021676 -0.056888 0.998129
1181.799406 115.602196 -12.183502 3.867804 -0.006828 0.021828 -0.056884 0.998119
1181.899245 115.682274 -12.197699 3.857557 -0.008443 0.023151 -0.056795 0.998082
1181.999484 115.752487 -12.211657 3.863008 -0.010470 0.024481 -0.056336 0.998057
1182.099327 115.818025 -12.226717 3.871388 -0.015857 0.025712 -0.055853 0.997982
1182.199175 115.886130 -12.235408 3.874256 -0.021090 0.025028 -0.055419 0.997927
1182.299816 115.972939 -12.245145 3.876686 -0.022541 0.026386 -0.054752 0.997897
1182.399664 116.066041 -12.256357 3.877638 -0.021370 0.027889 -0.054360 0.997903
1182.499507 116.155775 -12.266190 3.876962 -0.019854 0.028580 -0.054080 0.997930
1182.599330 116.242113 -12.272264 3.878556 -0.018532 0.028448 -0.053635 0.997983
1182.699163 116.339623 -12.276204 3.882711 -0.017825 0.029822 -0.053466 0.997965
1182.799818 116.440371 -12.279236 3.883826 -0.014720 0.032539 -0.053396 0.997935
1182.899650 116.536517 -12.282450 3.880113 -0.011598 0.035949 -0.053120 0.997873
1182.999489 116.622571 -12.286886 3.878460 -0.009861 0.038088 -0.052969 0.997821
1183.099340 116.715216 -12.285902 3.882453 -0.009399 0.039583 -0.052904 0.997771
1183.199181 116.812931 -12.282887 3.886719 -0.010530 0.037386 -0.053063 0.997835
1183.299820 116.914204 -12.280848 3.891540 -0.011495 0.034969 -0.053559 0.997886
1183.399658 117.007826 -12.279093 3.889655 -0.008892 0.036488 -0.053962 0.997836
1183.499505 117.101005 -12.281507 3.883955 -0.006665 0.039583 -0.054013 0.997733
1183.599344 117.210610 -12.278861 3.873614 -0.005659 0.040294 -0.054349 0.997693
1183.699165 117.328221 -12.272030 3.869526 -0.004782 0.039608 -0.054965 0.997691
1183.799789 117.449561 -12.274803 3.875141 -0.004370 0.038842 -0.055246 0.997707
1183.899623 117.571214 -12.284089 3.881758 -0.004580 0.037059 -0.055427 0.997764
1183.999456 117.691307 -12.289915 3.884433 -0.004665 0.034530 -0.055952 0.997825
1184.099299 117.809792 -12.294125 3.881017 -0.005646 0.031610 -0.056168 0.997905
1184.199128 117.922841 -12.297620 3.876536 -0.005137 0.030679 -0.056037 0.997944
1184.299758 118.039507 -12.307087 3.875911 -0.004753 0.030685 -0.055900 0.997953
1184.399617 118.150996 -12.310851 3.881715 -0.004281 0.031497 -0.055735 0.997939
1184.499456 118.273920 -12.314283 3.883414 -0.004346 0.032304 -0.055714 0.997915
1184.599299 118.401572 -12.322221 3.881235 -0.004792 0.033329 -0.055257 0.997904
1184.699139 118.532227 -12.333164 3.882086 -0.005244 0.033714 -0.055179 0.997893
1184.799766 118.656003 -12.340063 3.886417 -0.006032 0.032813 -0.055065 0.997925
1184.899615 118.800275 -12.347538 3.887591 -0.006214 0.030930 -0.055150 0.997980
1184.999459 118.945398 -12.353183 3.886482 -0.006560 0.029418 -0.055313 0.998014
1185.099306 119.074912 -12.362691 3.886775 -0.005596 0.029065 -0.055235 0.998035
1185.199145 119.193570 -12.376304 3.889759 -0.005374 0.027964 -0.054955 0.998083
1185.299770 119.312533 -12.384959 3.883972 -0.006135 0.027354 -0.055193 0.998082
1185.399612 119.434283 -12.394179 3.888728 -0.006322 0.027937 -0.055238 0.998062
1185.499455 119.565176 -12.404063 3.888774 -0.006115 0.026834 -0.055168 0.998098
1185.599285 119.684309 -12.412978 3.886550 -0.006405 0.025426 -0.055353 0.998123
1185.699121 119.817092 -12.422258 3.885991 -0.006870 0.026878 -0.055832 0.998055
1185.799750 119.954243 -12.432372 3.882111 -0.007466 0.028174 -0.055788 0.998017
1185.899589 120.090763 -12.442847 3.877983 -0.007235 0.030637 -0.055951 0.997937
1185.999419 120.236256 -12.452331 3.879310 -0.007272 0.033268 -0.056210 0.997838
1186.099251 120.379276 -12.462837 3.878830 -0.005674 0.032581 -0.056253 0.997869
1186.199501 120.503990 -12.474395 3.886185 -0.004505 0.030437 -0.056500 0.997928
1186.299339 120.628076 -12.483799 3.893855 -0.003270 0.028018 -0.056905 0.997981
1186.399200 120.744072 -12.490598 3.893579 -0.002499 0.025191 -0.056812 0.998064
1186.499443 120.876282 -12.499672 3.892238 -0.002763 0.024053 -0.056520 0.998108
1186.599301 121.000174 -12.508858 3.890071 -0.005505 0.022775 -0.056341 0.998137
1186.699122 121.125052 -12.521897 3.892142 -0.006173 0.022227 -0.056215 0.998152
1186.799758 121.252282 -12.536316 3.896989 -0.006500 0.023199 -0.056235 0.998127
1186.899598 121.368913 -12.548534 3.902793 -0.005871 0.026004 -0.056269 0.998060
1186.999440 121.479347 -12.555204 3.901760 -0.004661 0.027247 -0.056333 0.998029
1187.099294 121.600598 -12.562475 3.896231 -0.004338 0.026394 -0.056312 0.998055
1187.199134 121.725745 -12.576661 3.893393 -0.003665 0.023941 -0.055706 0.998153
1187.299765 121.856730 -12.589305 3.897929 -0.004155 0.023423 -0.055525 0.998174
1187.399618 121.976867 -12.596259 3.909797 -0.004223 0.024945 -0.055362 0.998146
1187.499462 122.088031 -12.604717 3.917437 -0.004333 0.025431 -0.054823 0.998163
1187.599303 122.187730 -12.617290 3.907327 -0.004997 0.023585 -0.055020 0.998194
1187.699160 122.276856 -12.624716 3.893690 -0.005956 0.023194 -0.055954 0.998146
1187.799788 122.378973 -12.631299 3.887450 -0.005782 0.023276 -0.057118 0.998079
1187.899639 122.502752 -12.638829 3.898388 -0.004967 0.024785 -0.057960 0.997999
1187.999483 122.622990 -12.650075 3.910551 -0.003631 0.025907 -0.058277 0.997958
1188.099331 122.747822 -12.662590 3.911403 -0.005174 0.026160 -0.058450 0.997934
1188.199178 122.880970 -12.673365 3.908877 -0.006470 0.025833 -0.058607 0.997926
1188.299810 123.017542 -12.680674 3.908253 -0.005668 0.022986 -0.058234 0.998022
1188.399649 123.136838 -12.690075 3.903061 -0.003909 0.022587 -0.057700 0.998071
1188.499486 123.249123 -12.697985 3.900860 -0.001711 0.022951 -0.057338 0.998090
1188.599342 123.355730 -12.705911 3.901435 0.001270 0.025834 -0.057543 0.998008
1188.699176 123.474942 -12.717012 3.906855 0.002027 0.027086 -0.058135 0.997939
1188.799806 123.604638 -12.733054 3.907997 -0.000292 0.025030 -0.058456 0.997976
1188.899660 123.733514 -12.744228 3.905485 -0.003318 0.021654 -0.058460 0.998049
1188.999504 123.848932 -12.752514 3.907766 -0.004459 0.020499 -0.058371 0.998075
1189.099355 123.952559 -12.764813 3.905291 -0.003894 0.021767 -0.058014 0.998071
1189.199200 124.056580 -12.777187 3.903107 -0.002629 0.027969 -0.058130 0.997914
1189.299434 124.171773 -12.784943 3.909410 -0.002853 0.031033 -0.058286 0.997813
1189.399281 124.282698 -12.791009 3.914024 -0.004316 0.030019 -0.058168 0.997846
1189.499121 124.384479 -12.799342 3.916730 -0.004170 0.028061 -0.058672 0.997874
1189.599776 124.489902 -12.813052 3.919920 -0.004286 0.026579 -0.058821 0.997905
1189.699617 124.601059 -12.829584 3.921282 -0.004373 0.025799 -0.059005 0.997915
1189.799458 124.703399 -12.840975 3.918948 -0.002791 0.024785 -0.059164 0.997937
1189.899285 124.807462 -12.849159 3.914062 -0.002784 0.024348 -0.059237 0.997943
1189.999120 124.922457 -12.861591 3.913532 -0.003016 0.025652 -0.059104 0.997918
1190.099763 125.041604 -12.874322 3.914046 -0.004730 0.025587 -0.059234 0.997905
1190.199599 125.148777 -12.887452 3.913734 -0.006053 0.025112 -0.059635 0.997886
1190.299449 125.254952 -12.901746 3.913498 -0.006020 0.025554 -0.059673 0.997873
1190.399288 125.353137 -12.912998 3.911668 -0.005747 0.027171 -0.059769 0.997826
1190.499129 125.445083 -12.924422 3.905658 -0.005577 0.029283 -0.059821 0.997764
1190.599762 125.547577 -12.935711 3.902472 -0.005487 0.030278 -0.059907 0.997730
1190.699611 125.642862 -12.947742 3.902426 -0.005271 0.028255 -0.060053 0.997781
1190.799443 125.748614 -12.959036 3.904437 -0.003927 0.026187 -0.060450 0.997820
1190.899277 125.853309 -12.970053 3.908115 -0.003366 0.025528 -0.060689 0.997825
1190.999122 125.953248 -12.983138 3.913558 -0.004903 0.027610 -0.060893 0.997750
1191.099755 126.067384 -12.999256 3.915853 -0.006571 0.029018 -0.060807 0.997706
1191.199589 126.176831 -13.011782 3.911429 -0.008047 0.025648 -0.060770 0.997790
1191.299423 126.289325 -13.026601 3.907288 -0.007454 0.024444 -0.060557 0.997838
1191.399257 126.409851 -13.042892 3.910879 -0.006692 0.024240 -0.060668 0.997841
1191.499497 126.526400 -13.060935 3.920125 -0.005946 0.025457 -0.060448 0.997829
1191.599342 126.632555 -13.074630 3.921726 -0.005408 0.028206 -0.060174 0.997775
1191.699196 126.734276 -13.086337 3.923068 -0.006514 0.030610 -0.059797 0.997720
1191.799827 126.827834 -13.097489 3.924643 -0.006696 0.030105 -0.059324 0.997762
1191.899665 126.929270 -13.116696 3.924925 -0.007603 0.029039 -0.059030 0.997805
1191.999496 127.040615 -13.136118 3.924203 -0.007101 0.028864 -0.058680 0.997834
1192.099345 127.164802 -13.151487 3.923163 -0.006751 0.030986 -0.059016 0.997753
1192.199174 127.287058 -13.162389 3.921762 -0.006782 0.032610 -0.059322 0.997683
1192.299801 127.405546 -13.173612 3.923383 -0.006360 0.034018 -0.059567 0.997624
1192.399650 127.521231 -13.187017 3.922409 -0.005080 0.033304 -0.059551 0.997657
1192.499504 127.630451 -13.200247 3.919501 -0.005998 0.031650 -0.059403 0.997714
1192.599358 127.738322 -13.216980 3.926617 -0.006535 0.030496 -0.058998 0.997771
1192.699202 127.849906 -13.231023 3.932679 -0.007759 0.030399 -0.058597 0.997789
1192.799434 127.954940 -13.242050 3.931167 -0.007394 0.031755 -0.058673 0.997745
1192.899269 128.061422 -13.253951 3.927943 -0.005801 0.032221 -0.058845 0.997730
1192.999528 128.177861 -13.267833 3.927806 -0.004406 0.031688 -0.059212 0.997733
1193.099374 128.301922 -13.278853 3.934760 -0.004264 0.030981 -0.059970 0.997710
1193.199202 128.431015 -13.293944 3.937615 -0.002659 0.030263 -0.060363 0.997714
1193.299437 128.562281 -13.309643 3.933221 -0.003346 0.030123 -0.060377 0.997715
1193.399277 128.684651 -13.320100 3.933707 -0.003618 0.030132 -0.060921 0.997681
1193.499101 128.810406 -13.335601 3.936857 -0.004264 0.029980 -0.061009 0.997678
1193.599739 128.947451 -13.354089 3.940643 -0.005041 0.030277 -0.061274 0.997649
1193.699568 129.083470 -13.369891 3.943152 -0.003621 0.032386 -0.061771 0.997558
1193.799411 129.224076 -13.387851 3.940431 -0.002304 0.033652 -0.062024 0.997504
1193.899257 129.359984 -13.404906 3.934561 -0.003897 0.035621 -0.062575 0.997397
1193.999499 129.492297 -13.421660 3.937520 -0.004611 0.036252 -0.062544 0.997373
1194.099333 129.600302 -13.439080 3.941982 -0.003676 0.035019 -0.062375 0.997431
1194.199163 129.700098 -13.455218 3.946057 -0.004464 0.034427 -0.061962 0.997475
1194.299795 129.813095 -13.470012 3.946496 -0.004377 0.034659 -0.061450 0.997499
1194.399625 129.931842 -13.494711 3.948837 -0.005685 0.036640 -0.061221 0.997435
1194.499454 130.050512 -13.514163 3.944070 -0.006949 0.037968 -0.061555 0.997357
1194.599301 130.166072 -13.525210 3.945946 -0.005924 0.037852 -0.062446 0.997313
1194.699148 130.301420 -13.540282 3.952309 -0.003716 0.036118 -0.062159 0.997406
1194.799798 130.445057 -13.560441 3.948028 -0.004310 0.034199 -0.061921 0.997486
1194.899646 130.581901 -13.579439 3.940496 -0.005523 0.037678 -0.061906 0.997355
1194.999487 130.699068 -13.603816 3.941235 -0.005161 0.042759 -0.061784 0.997160
1195.099322 130.814398 -13.622613 3.951646 -0.004111 0.044614 -0.061911 0.997076
1195.199171 130.942014 -13.638181 3.960396 -0.003884 0.041298 -0.061747 0.997229
1195.299805 131.082806 -13.657002 3.955477 -0.006119 0.037514 -0.061320 0.997394
1195.399648 131.225817 -13.676897 3.956162 -0.007483 0.035174 -0.061092 0.997484
1195.499483 131.361046 -13.698949 3.957033 -0.007781 0.033426 -0.061124 0.997540
1195.599329 131.493688 -13.722490 3.958130 -0.007301 0.032067 -0.061233 0.997582
1195.699169 131.638679 -13.743168 3.962963 -0.006672 0.031342 -0.061475 0.997594
1195.799811 131.785967 -13.761358 3.966888 -0.006540 0.030695 -0.061788 0.997596
1195.899652 131.923348 -13.783136 3.967140 -0.009301 0.029300 -0.061920 0.997608
1195.999496 132.067818 -13.798659 3.966707 -0.016486 0.029462 -0.062291 0.997487
1196.099338 132.215955 -13.813056 3.965203 -0.020278 0.028779 -0.062273 0.997438
1196.199181 132.361332 -13.829499 3.965015 -0.019401 0.027300 -0.062130 0.997506
1196.299820 132.498151 -13.846363 3.969075 -0.015071 0.025219 -0.062070 0.997639
1196.399657 132.630964 -13.860782 3.970581 -0.009486 0.024144 -0.062259 0.997723
1196.499494 132.771375 -13.872780 3.971767 -0.006212 0.023488 -0.062289 0.997762
1196.599325 132.903713 -13.882423 3.970798 -0.005668 0.022380 -0.062338 0.997788
1196.699157 133.038522 -13.893153 3.972516 -0.006144 0.021289 -0.062572 0.997794
1196.799793 133.177210 -13.907230 3.968633 -0.006396 0.019556 -0.062424 0.997838
1196.899640 133.309016 -13.918347 3.952796 -0.007476 0.004576 -0.062560 0.998003
1196.999494 133.443156 -13.926810 3.967821 -0.007514 -0.009167 -0.062616 0.997967
1197.099334 133.565333 -13.938796 3.980065 -0.006299 -0.019742 -0.062688 0.997818
1197.199167 133.673168 -13.944090 4.006278 -0.007062 -0.003205 -0.063011 0.997983
1197.299810 133.772218 -13.945140 4.014485 -0.007998 0.015114 -0.062962 0.997869
1197.399662 133.871448 -13.952398 4.009580 -0.007177 0.019375 -0.062659 0.997821
1197.499497 133.965371 -13.961158 4.011630 -0.007714 0.019814 -0.062568 0.997814
1197.599341 134.056243 -13.973308 4.025778 -0.007793 0.019729 -0.062273 0.997834
1197.699196 134.162377 -13.988893 4.040957 -0.008051 0.020712 -0.062296 0.997810
1197.799843 134.264961 -13.996607 4.067670 -0.007429 0.024207 -0.062565 0.997720
1197.899690 134.370882 -14.002241 4.097385 -0.007618 0.028280 -0.062951 0.997587
1197.999548 134.475035 -14.011356 4.118803 -0.006646 0.030810 -0.063170 0.997505
1198.099389 134.573222 -14.021598 4.126561 -0.005588 0.031251 -0.063606 0.997470
1198.199229 134.677355 -14.031001 4.133231 -0.004305 0.032167 -0.063551 0.997451
1198.299466 134.780351 -14.041926 4.139434 -0.003558 0.037245 -0.063496 0.997281
1198.399311 134.883849 -14.052525 4.146779 -0.003924 0.044383 -0.063995 0.996955
1198.499148 134.992912 -14.063859 4.147791 -0.004250 0.048564 -0.063943 0.996762
1198.599785 135.102504 -14.072764 4.148301 -0.004604 0.049863 -0.064225 0.996678
1198.699628 135.219770 -14.086236 4.147985 -0.004638 0.048016 -0.064219 0.996769
1198.799476 135.337947 -14.102833 4.151416 -0.004281 0.047830 -0.064182 0.996782
1198.899318 135.461642 -14.118149 4.153444 -0.003822 0.048935 -0.064292 0.996723
1198.999162 135.591173 -14.132821 4.151346 -0.004043 0.050038 -0.064671 0.996643
1199.099818 135.725404 -14.145113 4.151593 -0.004537 0.049320 -0.064817 0.996667
1199.199675 135.860545 -14.157124 4.155910 -0.004703 0.046171 -0.065050 0.996802
1199.299503 136.002632 -14.175944 4.156394 -0.004239 0.043991 -0.064844 0.996916
1199.399352 136.132221 -14.197771 4.158652 -0.004845 0.043319 -0.064522 0.996964
1199.499200 136.265893 -14.218704 4.161642 -0.004878 0.046214 -0.064406 0.996841
1199.599448 136.415066 -14.236803 4.158784 -0.004606 0.047994 -0.064543 0.996750
1199.699293 136.562259 -14.248710 4.153413 -0.005880 0.045516 -0.065026 0.996828
1199.799129 136.710250 -14.265554 4.153053 -0.006412 0.040699 -0.065758 0.996985
1199.899755 136.860966 -14.285433 4.161320 -0.004691 0.038220 -0.065838 0.997087
1199.999597 137.007660 -14.307345 4.171386 -0.004858 0.036520 -0.065497 0.997172
1200.099434 137.166543 -14.330355 4.172494 -0.006038 0.037628 -0.065551 0.997121
1200.199278 137.323011 -14.349174 4.167048 -0.007483 0.040553 -0.065679 0.996988
1200.299126 137.487330 -14.367713 4.169442 -0.006655 0.043427 -0.065750 0.996868
1200.399767 137.657313 -14.383772 4.176342 -0.006001 0.042497 -0.066197 0.996883
1200.499609 137.823289 -14.404812 4.177424 -0.004634 0.037459 -0.066364 0.997081
1200.599452 137.985613 -14.427243 4.179591 -0.005066 0.033739 -0.066738 0.997187
1200.699285 138.132247 -14.450265 4.179832 -0.005415 0.031375 -0.066899 0.997252
1200.799124 138.277141 -14.471330 4.180965 -0.005862 0.031449 -0.066649 0.997263
1200.899778 138.438902 -14.492225 4.186058 -0.005701 0.033381 -0.066476 0.997213
1200.999599 138.605844 -14.507638 4.182043 -0.005521 0.035453 -0.066652 0.997131
1201.099428 138.775110 -14.529918 4.181509 -0.005071 0.036902 -0.066577 0.997086
1201.199271 138.934087 -14.557664 4.184115 -0.004838 0.039043 -0.066725 0.996995
1201.299517 139.114600 -14.583927 4.189575 -0.004562 0.039001 -0.066931 0.996985
1201.399350 139.283992 -14.604550 4.190626 -0.004796 0.039583 -0.066699 0.996976
1201.499194 139.450775 -14.628025 4.192764 -0.004128 0.040005 -0.066396 0.996982
1201.599821 139.624768 -14.652780 4.195439 -0.004764 0.039322 -0.065792 0.997047
1201.699664 139.800070 -14.677362 4.198590 -0.006886 0.037031 -0.065633 0.997133
1201.799509 139.975424 -14.701433 4.196662 -0.007329 0.037550 -0.065193 0.997139
1201.899340 140.146502 -14.724945 4.200119 -0.007413 0.038702 -0.065014 0.997106
1201.999170 140.326745 -14.750410 4.202472 -0.006355 0.037482 -0.065109 0.997154
1202.099801 140.497729 -14.771946 4.207072 -0.005536 0.034341 -0.065362 0.997255
1202.199620 140.666530 -14.794759 4.213981 -0.005049 0.029287 -0.065581 0.997405
1202.299466 140.839825 -14.816865 4.217483 -0.004899 0.025292 -0.066091 0.997481
1202.399294 141.019447 -14.839550 4.220533 -0.004890 0.024517 -0.065942 0.997510
1202.499135 141.202118 -14.866219 4.222821 -0.003997 0.025010 -0.065536 0.997529
1202.599770 141.382081 -14.887767 4.220623 -0.004498 0.022266 -0.065310 0.997606
1202.699597 141.547073 -14.907822 4.215173 -0.008144 0.020061 -0.065288 0.997632
1202.799446 141.706130 -14.927127 4.214098 -0.010652 0.015999 -0.065174 0.997689
1202.899282 141.861975 -14.943444 4.220211 -0.013787 0.013381 -0.065192 0.997688
1202.999122 142.014712 -14.962211 4.231046 -0.014718 0.012019 -0.065527 0.997670
1203.099754 142.168121 -14.979755 4.227346 -0.012005 0.011779 -0.066695 0.997632
1203.199595 142.306861 -14.996210 4.225196 -0.008404 0.005937 -0.067933 0.997637
1203.299443 142.436901 -15.007704 4.232482 -0.005869 -0.047896 -0.068580 0.996478
1203.399295 142.549453 -15.016690 4.223983 -0.006185 -0.087965 -0.068931 0.993716
1203.499119 142.651430 -15.025124 4.202762 -0.007287 -0.084345 -0.069552 0.993980
1203.599752 142.737896 -15.030951 4.187339 -0.008147 -0.056947 -0.069525 0.995920
1203.699599 142.809230 -15.043472 4.179790 -0.007974 -0.018637 -0.068988 0.997412
1203.799442 142.880231 -15.052428 4.208249 -0.009623 0.005161 -0.068534 0.997589
1203.899289 142.934541 -15.056719 4.242697 -0.007447 0.010547 -0.068453 0.997571
1203.999124 142.990350 -15.063419 4.247886 -0.007619 0.002678 -0.068527 0.997617
1204.099767 143.046052 -15.069206 4.233485 -0.006794 0.001678 -0.068520 0.997625
1204.199600 143.093566 -15.079085 4.222970 -0.006854 0.009637 -0.068613 0.997573
1204.299443 143.132395 -15.086119 4.229153 -0.007497 0.018765 -0.068594 0.997440
1204.399297 143.165202 -15.093443 4.233341 -0.007184 0.023060 -0.068567 0.997354
1204.499139 143.202814 -15.094081 4.240934 -0.007125 0.023204 -0.068402 0.997363
1204.599770 143.244166 -15.095593 4.245042 -0.007052 0.022130 -0.068508 0.997380
1204.699608 143.288601 -15.101876 4.236663 -0.005681 0.021140 -0.068462 0.997414
1204.799450 143.332131 -15.111492 4.233214 -0.006057 0.023640 -0.068526 0.997351
1204.899274 143.372535 -15.120958 4.235815 -0.005461 0.027765 -0.068679 0.997237
1204.999519 143.409538 -15.129107 4.240500 -0.004532 0.030919 -0.068622 0.997153
1205.099357 143.450210 -15.134096 4.243311 -0.005153 0.032496 -0.068722 0.997093
1205.199202 143.496426 -15.138973 4.243629 -0.005667 0.032820 -0.068492 0.997096
1205.299438 143.544106 -15.146690 4.241317 -0.005623 0.031678 -0.068141 0.997157
1205.399276 143.594754 -15.154165 4.239552 -0.005084 0.031529 -0.068194 0.997161
1205.499508 143.643876 -15.168222 4.245018 -0.006008 0.033535 -0.067910 0.997110
1205.599344 143.691450 -15.181185 4.251252 -0.005561 0.037160 -0.067658 0.997001
1205.699181 143.734977 -15.188472 4.253904 -0.005943 0.038322 -0.067743 0.996949
1205.799823 143.780958 -15.195853 4.259889 -0.006722 0.037457 -0.067608 0.996986
1205.899667 143.827799 -15.199194 4.270043 -0.006969 0.036717 -0.067819 0.996997
1205.999503 143.884620 -15.217524 4.273017 -0.006848 0.039124 -0.067227 0.996947
1206.099334 143.946978 -15.232085 4.276384 -0.006627 0.044375 -0.067162 0.996733
1206.199174 144.010919 -15.239072 4.283389 -0.006168 0.048123 -0.067115 0.996565
1206.299808 144.072938 -15.247217 4.302517 -0.006165 0.048560 -0.067117 0.996544
1206.399632 144.146327 -15.261124 4.318598 -0.007391 0.047388 -0.067200 0.996586
1206.499467 144.227538 -15.275679 4.332309 -0.007453 0.044947 -0.067100 0.996705
1206.599314 144.315301 -15.287386 4.338900 -0.011763 0.042393 -0.067129 0.996774
1206.699146 144.407907 -15.294482 4.339339 -0.015981 0.042037 -0.067427 0.996710
1206.799792 144.495495 -15.305265 4.344033 -0.017303 0.045788 -0.067062 0.996547
1206.899640 144.584127 -15.318548 4.351184 -0.017792 0.049065 -0.067019 0.996386
1206.999476 144.671725 -15.327921 4.358888 -0.017167 0.048555 -0.066851 0.996433
1207.099322 144.757356 -15.333120 4.360889 -0.014556 0.044840 -0.066605 0.996665
1207.199159 144.849638 -15.333222 4.354280 -0.013619 0.041198 -0.066839 0.996820
1207.299809 144.950204 -15.335148 4.345635 -0.013341 0.038928 -0.067083 0.996898
1207.399649 145.056322 -15.338407 4.344566 -0.012239 0.036289 -0.067088 0.997012
1207.499492 145.173939 -15.343466 4.351781 -0.011693 0.032380 -0.067239 0.997143
1207.599335 145.284176 -15.346047 4.354507 -0.013320 0.028092 -0.067512 0.997234
1207.699175 145.394510 -15.345619 4.349090 -0.013975 0.025629 -0.067643 0.997282
1207.799815 145.500629 -15.343003 4.346723 -0.015240 0.028308 -0.067762 0.997183
1207.899646 145.612251 -15.341861 4.344639 -0.014413 0.031537 -0.067945 0.997086
1207.999476 145.720383 -15.338594 4.347447 -0.011301 0.034485 -0.067731 0.997043
1208.099317 145.834944 -15.335264 4.350885 -0.008999 0.034755 -0.067696 0.997060
1208.199153 145.958329 -15.335260 4.352010 -0.006425 0.033899 -0.067863 0.997098
1208.299795 146.083635 -15.333858 4.344579 -0.005989 0.031599 -0.067889 0.997174
1208.399621 146.198504 -15.330828 4.340026 -0.005339 0.031093 -0.067966 0.997189
1208.499465 146.309373 -15.327912 4.339226 -0.005132 0.031359 -0.067755 0.997196
1208.599301 146.417126 -15.323699 4.346869 -0.004257 0.031602 -0.067381 0.997218
1208.699130 146.528650 -15.321059 4.350234 -0.004719 0.031160 -0.067312 0.997234
1208.799776 146.642668 -15.318560 4.343174 -0.004908 0.030016 -0.067615 0.997248
1208.899607 146.751332 -15.316288 4.333161 -0.004949 0.029359 -0.067854 0.997251
1208.999444 146.864928 -15.316935 4.332977 -0.003994 0.029037 -0.068262 0.997237
1209.099288 146.980820 -15.314780 4.339719 -0.002822 0.029142 -0.068893 0.997194
1209.199140 147.093576 -15.311757 4.342182 -0.003497 0.030524 -0.069186 0.997131
1209.299781 147.208683 -15.314138 4.336132 -0.003377 0.029486 -0.069278 0.997156
1209.399612 147.320859 -15.313794 4.333833 -0.002754 0.024205 -0.071097 0.997172
1209.499457 147.436071 -15.315279 4.333123 -0.002613 0.017914 -0.072645 0.997194
1209.599283 147.557577 -15.321778 4.334048 -0.001379 0.014026 -0.075162 0.997072
1209.699117 147.675750 -15.333135 4.338552 -0.003139 0.013744 -0.076897 0.996939
1209.799754 147.791419 -15.339718 4.337241 -0.004447 0.013807 -0.077890 0.996856
1209.899596 147.902639 -15.346204 4.330491 -0.005077 0.014024 -0.078034 0.996839
1209.999432 148.004948 -15.348294 4.332875 -0.004992 0.016378 -0.078098 0.996799
1210.099256 148.095319 -15.351080 4.337050 -0.005097 0.017359 -0.078037 0.996786
1210.199489 148.180054 -15.358969 4.340375 -0.005781 0.017912 -0.077893 0.996784
1210.299341 148.268255 -15.366011 4.334258 -0.006854 0.018412 -0.078172 0.996746
1210.399174 148.358058 -15.368260 4.336800 -0.006239 0.019640 -0.078200 0.996725
1210.499810 148.444375 -15.374855 4.339857 -0.006406 0.019869 -0.078090 0.996728
1210.599651 148.532220 -15.380664 4.345906 -0.006398 0.019820 -0.078110 0.996727
1210.699499 148.626996 -15.387942 4.343551 -0.006738 0.019200 -0.078267 0.996725
1210.799331 148.718238 -15.395452 4.338431 -0.006553 0.020299 -0.077932 0.996730
1210.899177 148.806696 -15.403685 4.338604 -0.007007 0.022489 -0.078250 0.996655
1210.999805 148.899893 -15.411699 4.342908 -0.006447 0.026283 -0.078276 0.996564
1211.099653 148.993510 -15.423175 4.344551 -0.006151 0.028520 -0.077884 0.996535
1211.199488 149.086414 -15.428626 4.336026 -0.006015 0.029360 -0.077930 0.996508
1211.299312 149.169380 -15.433898 4.336173 -0.005310 0.029108 -0.077869 0.996524
1211.399155 149.251261 -15.443593 4.339961 -0.006081 0.028624 -0.077859 0.996535
1211.499801 149.348735 -15.453706 4.348140 -0.007491 0.028020 -0.078045 0.996528
1211.599642 149.443882 -15.462431 4.350493 -0.006689 0.029295 -0.078126 0.996491
1211.699478 149.536476 -15.475356 4.349249 -0.005647 0.030229 -0.077543 0.996515
1211.799312 149.620332 -15.486489 4.343904 -0.005291 0.029512 -0.077181 0.996566
1211.899143 149.700557 -15.494858 4.341660 -0.005861 0.026789 -0.076860 0.996665
1211.999793 149.792258 -15.504658 4.347599 -0.006337 0.024951 -0.076308 0.996752
1212.099637 149.884782 -15.516222 4.347347 -0.008502 0.024567 -0.075670 0.996794
1212.199469 149.974822 -15.526361 4.346122 -0.009785 0.025403 -0.075442 0.996779
1212.299306 150.063154 -15.533782 4.349738 -0.009822 0.025943 -0.075580 0.996754
1212.399153 150.154282 -15.545112 4.350824 -0.010514 0.026509 -0.076305 0.996677
1212.499791 150.250291 -15.555113 4.347177 -0.009837 0.026958 -0.077498 0.996579
1212.599634 150.347615 -15.564735 4.350372 -0.006319 0.028687 -0.078141 0.996509
1212.699478 150.440527 -15.573589 4.346678 -0.004228 0.029356 -0.078561 0.996468
1212.799327 150.520379 -15.580166 4.338263 -0.003141 0.032236 -0.078870 0.996359
1212.899170 150.599545 -15.589704 4.337782 -0.003379 0.035666 -0.079336 0.996204
1212.999813 150.686696 -15.603268 4.346110 -0.002824 0.035862 -0.079576 0.996179
1213.099643 150.772451 -15.613816 4.354325 -0.003322 0.031922 -0.080350 0.996250
1213.199495 150.857131 -15.624494 4.350297 -0.003653 0.030104 -0.081023 0.996251
1213.299351 150.946890 -15.633329 4.340209 -0.004152 0.029270 -0.081434 0.996240
1213.399192 151.041649 -15.645840 4.336686 -0.004455 0.029689 -0.081757 0.996200
1213.499841 151.148238 -15.658993 4.335061 -0.004010 0.030347 -0.081906 0.996170
1213.599662 151.256013 -15.674094 4.342545 -0.005001 0.033227 -0.081828 0.996080
1213.699508 151.355471 -15.691334 4.342117 -0.005262 0.033790 -0.081504 0.996086
1213.799350 151.459074 -15.710192 4.340466 -0.006522 0.032741 -0.081031 0.996152
1213.899181 151.560657 -15.727927 4.337288 -0.007671 0.030065 -0.080645 0.996260
1213.999831 151.659760 -15.744789 4.338269 -0.008676 0.030111 -0.080371 0.996272
1214.099664 151.761538 -15.758675 4.336403 -0.009816 0.029601 -0.080760 0.996246
1214.199513 151.870591 -15.773834 4.335964 -0.008586 0.029076 -0.080841 0.996266
1214.299354 151.985759 -15.789078 4.332281 -0.007438 0.028187 -0.080880 0.996297
1214.399184 152.095838 -15.806374 4.331851 -0.005805 0.028165 -0.080915 0.996306
1214.499823 152.201447 -15.825576 4.333181 -0.005340 0.028560 -0.080547 0.996327
1214.599664 152.305484 -15.844067 4.334129 -0.005815 0.029663 -0.080111 0.996327
1214.699488 152.413247 -15.862773 4.338712 -0.007693 0.030329 -0.079729 0.996325
1214.799327 152.519196 -15.879134 4.339692 -0.008956 0.029865 -0.079214 0.996370
1214.899160 152.620122 -15.893881 4.339598 -0.008930 0.029220 -0.078831 0.996420
1214.999790 152.730023 -15.909285 4.340090 -0.008107 0.029613 -0.078609 0.996433
1215.099633 152.831503 -15.925496 4.338707 -0.007589 0.030289 -0.078419 0.996431
1215.199475 152.928182 -15.942858 4.332502 -0.006454 0.031809 -0.078455 0.996389
1215.299326 153.026542 -15.960527 4.329580 -0.005507 0.032193 -0.078352 0.996391
1215.399168 153.126108 -15.977650 4.331698 -0.005636 0.030626 -0.078116 0.996458
1215.499802 153.220917 -15.995292 4.337423 -0.006633 0.028072 -0.078061 0.996531
1215.599640 153.317479 -16.009769 4.344388 -0.007646 0.027784 -0.078183 0.996522
1215.699490 153.424010 -16.023672 4.341971 -0.008242 0.028056 -0.078451 0.996489
1215.799343 153.533221 -16.042357 4.335351 -0.008038 0.029357 -0.078624 0.996440
1215.899185 153.641763 -16.062741 4.325678 -0.008198 0.029797 -0.078743 0.996416
1215.999817 153.735468 -16.078816 4.324659 -0.007935 0.030209 -0.078993 0.996386
1216.099659 153.826333 -16.099198 4.326414 -0.008393 0.029704 -0.079027 0.996395
1216.199501 153.923140 -16.123764 4.327325 -0.009544 0.028656 -0.078782 0.996434
1216.299360 154.025175 -16.142336 4.333745 -0.010012 0.027941 -0.078696 0.996457
1216.399214 154.128788 -16.157216 4.337416 -0.009828 0.027460 -0.078367 0.996498
1216.499454 154.245003 -16.176324 4.340128 -0.009685 0.026578 -0.078080 0.996546
1216.599296 154.365986 -16.196717 4.343100 -0.011465 0.023832 -0.078245 0.996583
1216.699121 154.493935 -16.214809 4.346330 -0.014173 0.020684 -0.078687 0.996584
1216.799752 154.626387 -16.236326 4.347594 -0.015895 0.018151 -0.078361 0.996633
1216.899603 154.746896 -16.256966 4.346678 -0.015601 0.017778 -0.078662 0.996621
1216.999442 154.863277 -16.271581 4.342161 -0.014602 0.019037 -0.078863 0.996597
1217.099281 154.974835 -16.292407 4.339132 -0.012766 0.021834 -0.078420 0.996600
1217.199126 155.084330 -16.313050 4.341002 -0.011940 0.024066 -0.078321 0.996566
1217.299762 155.183527 -16.324690 4.337187 -0.011581 0.024434 -0.078602 0.996539
1217.399596 155.267920 -16.331062 4.338411 -0.011101 0.024132 -0.078412 0.996567
1217.499430 155.355928 -16.338603 4.343713 -0.009641 0.024251 -0.078343 0.996585
1217.599270 155.448596 -16.351691 4.335423 -0.008162 0.024597 -0.078049 0.996613
1217.699530 155.543279 -16.368111 4.328127 -0.007890 0.024700 -0.077877 0.996626
1217.799363 155.633994 -16.381506 4.329305 -0.008570 0.023930 -0.077851 0.996641
1217.899214 155.718265 -16.395477 4.330539 -0.009387 0.023420 -0.077515 0.996672
1217.999451 155.819360 -16.412191 4.330131 -0.009425 0.023214 -0.077202 0.996701
1218.099293 155.919068 -16.424541 4.339533 -0.010943 0.023839 -0.077268 0.996665
1218.199136 156.022433 -16.436207 4.349893 -0.010726 0.024423 -0.076947 0.996678
1218.299769 156.130621 -16.444090 4.364533 -0.010848 0.025035 -0.077213 0.996641
1218.399612 156.226866 -16.458553 4.375959 -0.010048 0.025546 -0.077149 0.996642
1218.499444 156.320746 -16.477821 4.391535 -0.009275 0.026671 -0.077442 0.996597
1218.599284 156.415598 -16.494313 4.400417 -0.009105 0.027662 -0.077814 0.996542
1218.699130 156.509512 -16.502564 4.410463 -0.008583 0.028829 -0.078323 0.996474
1218.799767 156.594072 -16.510364 4.422893 -0.008897 0.030972 -0.079066 0.996348
1218.899604 156.678270 -16.525871 4.438354 -0.008256 0.032421 -0.079298 0.996289
1218.999455 156.770160 -16.539247 4.458895 -0.006872 0.032669 -0.079680 0.996261
1219.099288 156.867060 -16.548549 4.476614 -0.006978 0.031217 -0.080259 0.996261
1219.199127 156.965863 -16.558524 4.490274 -0.007048 0.031325 -0.080475 0.996239
1219.299761 157.069437 -16.572606 4.500019 -0.006779 0.032695 -0.080398 0.996203
1219.399587 157.170120 -16.583970 4.512182 -0.007117 0.033409 -0.080575 0.996163
1219.499426 157.265440 -16.599226 4.518000 -0.007838 0.032182 -0.080116 0.996235
1219.599269 157.362794 -16.618360 4.522352 -0.008574 0.031433 -0.079516 0.996301
1219.699512 157.462455 -16.633935 4.528765 -0.008132 0.030653 -0.079198 0.996354
1219.799340 157.563711 -16.643296 4.531709 -0.008690 0.031095 -0.078803 0.996367
1219.899182 157.679466 -16.661662 4.531722 -0.008883 0.032828 -0.078448 0.996338
1219.999822 157.804946 -16.678875 4.536329 -0.008097 0.036605 -0.078643 0.996198
1220.099668 157.927058 -16.691088 4.544084 -0.005937 0.039921 -0.079086 0.996050
1220.199505 158.042525 -16.702736 4.551434 -0.004609 0.039383 -0.079806 0.996021
1220.299342 158.154886 -16.716363 4.558364 -0.004504 0.035975 -0.080223 0.996117
1220.399185 158.265713 -16.727302 4.554295 -0.004642 0.034045 -0.080989 0.996123
1220.499829 158.378536 -16.744331 4.548940 -0.004389 0.033726 -0.081454 0.996097
1220.599658 158.488839 -16.764463 4.544592 -0.004666 0.034659 -0.081199 0.996084
1220.699488 158.585392 -16.781283 4.543582 -0.005338 0.034470 -0.080990 0.996104
1220.799331 158.682902 -16.796569 4.550752 -0.005775 0.033110 -0.080424 0.996194
1220.899159 158.782825 -16.809185 4.551849 -0.005891 0.031074 -0.079981 0.996295
1220.999798 158.875787 -16.825222 4.554108 -0.007087 0.031555 -0.079763 0.996289
1221.099655 158.967961 -16.841025 4.546591 -0.006888 0.033160 -0.079883 0.996229
1221.199499 159.063594 -16.860149 4.535760 -0.006874 0.033998 -0.079874 0.996201
1221.299346 159.173238 -16.876545 4.535488 -0.007042 0.032724 -0.079866 0.996243
1221.399196 159.282609 -16.886535 4.543513 -0.006893 0.031651 -0.080287 0.996245
1221.499831 159.385460 -16.894521 4.546971 -0.006608 0.030726 -0.080413 0.996266
1221.599685 159.490246 -16.909048 4.546467 -0.007110 0.029724 -0.080080 0.996320
1221.699522 159.591314 -16.931298 4.543361 -0.006941 0.029954 -0.079846 0.996333
1221.799371 159.685354 -16.945998 4.539736 -0.006205 0.030952 -0.079820 0.996309
1221.899205 159.789864 -16.954997 4.538610 -0.005195 0.031431 -0.079822 0.996300
1221.999444 159.896209 -16.966815 4.545494 -0.004346 0.032215 -0.079997 0.996265
1222.099290 159.987939 -16.981838 4.552248 -0.004428 0.031472 -0.080533 0.996245
1222.199139 160.080318 -16.995843 4.552479 -0.005267 0.030178 -0.080660 0.996271
1222.299768 160.173163 -17.009620 4.549589 -0.005695 0.028190 -0.080533 0.996337
1222.399601 160.266566 -17.020935 4.550408 -0.006583 0.029206 -0.080359 0.996316
1222.499439 160.366763 -17.036494 4.549703 -0.010142 0.031937 -0.080400 0.996199
1222.599290 160.468835 -17.053688 4.555084 -0.012320 0.035214 -0.080719 0.996038
1222.699136 160.573805 -17.070505 4.555118 -0.010229 0.034218 -0.080954 0.996078
1222.799780 160.688570 -17.085240 4.549706 -0.007488 0.033082 -0.081335 0.996109
1222.899620 160.797330 -17.099630 4.546065 -0.006038 0.033257 -0.081599 0.996092
1222.999467 160.901347 -17.112537 4.549638 -0.006378 0.035392 -0.081914 0.995990
1223.099319 161.011402 -17.126529 4.547409 -0.006326 0.036352 -0.081828 0.995963
1223.199150 161.116904 -17.141130 4.554465 -0.007288 0.037088 -0.081722 0.995938
1223.299792 161.225407 -17.158845 4.554676 -0.008160 0.036183 -0.081798 0.995958
1223.399626 161.336068 -17.177409 4.556311 -0.012952 0.035036 -0.081746 0.995953
1223.499457 161.447495 -17.192399 4.557963 -0.014734 0.035160 -0.081708 0.995927
1223.599289 161.551888 -17.204754 4.561371 -0.014615 0.036737 -0.081491 0.995890
1223.699128 161.659239 -17.215057 4.559701 -0.013568 0.037405 -0.081124 0.995909
1223.799775 161.763383 -17.223597 4.558074 -0.012739 0.037196 -0.081193 0.995923
1223.899608 161.879433 -17.233411 4.565293 -0.011962 0.035671 -0.081388 0.995972
1223.999442 161.989711 -17.244905 4.571022 -0.012178 0.034897 -0.081273 0.996006
1224.099282 162.105355 -17.259755 4.568797 -0.010783 0.035600 -0.081218 0.996002
1224.199126 162.210057 -17.272295 4.563107 -0.009223 0.036121 -0.081304 0.995992
1224.299773 162.314195 -17.276412 4.562154 -0.009937 0.036116 -0.081367 0.995980
1224.399608 162.426464 -17.278050 4.563825 -0.010913 0.036343 -0.081519 0.995949
1224.499441 162.540217 -17.284360 4.562793 -0.011175 0.035746 -0.081589 0.995962
1224.599271 162.653004 -17.294385 4.566369 -0.012725 0.035844 -0.081643 0.995936
1224.699496 162.766177 -17.302407 4.566479 -0.013079 0.037200 -0.081610 0.995884
1224.799340 162.875819 -17.307961 4.559717 -0.012467 0.038161 -0.081530 0.995862
1224.899192 162.980430 -17.309377 4.557704 -0.012237 0.037426 -0.081748 0.995875
1224.999834 163.089200 -17.311813 4.559399 -0.012398 0.035410 -0.081850 0.995938
1225.099677 163.196274 -17.315114 4.561174 -0.012136 0.032200 -0.081751 0.996059
1225.199502 163.303534 -17.319202 4.562912 -0.010812 0.031456 -0.081799 0.996094
1225.299341 163.424084 -17.323833 4.570937 -0.009844 0.033338 -0.081628 0.996057
1225.399171 163.544251 -17.327979 4.570415 -0.008413 0.033106 -0.081244 0.996109
1225.499807 163.667270 -17.332374 4.564385 -0.007926 0.032383 -0.081269 0.996134
1225.599662 163.783013 -17.336303 4.561427 -0.007765 0.032486 -0.081435 0.996119
1225.699510 163.891334 -17.343556 4.559757 -0.007287 0.032435 -0.081490 0.996120
1225.799351 163.995007 -17.348286 4.556029 -0.007925 0.031115 -0.081728 0.996137
1225.899194 164.087188 -17.349706 4.551310 -0.008088 0.032527 -0.081813 0.996084
1225.999840 164.181567 -17.350936 4.558034 -0.007657 0.033672 -0.081634 0.996064
1226.099676 164.280918 -17.357111 4.564814 -0.007880 0.032461 -0.081627 0.996103
1226.199526 164.377579 -17.363646 4.563184 -0.007470 0.030184 -0.081982 0.996149
1226.299378 164.480416 -17.370735 4.552589 -0.007563 0.027924 -0.082113 0.996203
1226.399232 164.596375 -17.376651 4.545916 -0.007726 0.026377 -0.081926 0.996259
1226.499469 164.711498 -17.386536 4.550573 -0.008759 0.026626 -0.081692 0.996263
1226.599306 164.815587 -17.397867 4.555631 -0.009680 0.026910 -0.081273 0.996282
1226.699138 164.915717 -17.407336 4.551108 -0.010394 0.027864 -0.081069 0.996265
1226.799779 165.012739 -17.414689 4.547949 -0.010127 0.028917 -0.081070 0.996237
1226.899600 165.105019 -17.421296 4.544930 -0.009168 0.029509 -0.081150 0.996223
1226.999432 165.200765 -17.427662 4.550372 -0.008656 0.028325 -0.081288 0.996250
1227.099263 165.295916 -17.432630 4.550613 -0.008330 0.027577 -0.081278 0.996275
1227.199516 165.388128 -17.439549 4.544045 -0.008469 0.027608 -0.081190 0.996280
1227.299358 165.482352 -17.451927 4.539162 -0.009412 0.027439 -0.081154 0.996279
1227.399191 165.570055 -17.463345 4.549170 -0.008869 0.012065 -0.081133 0.996591
1227.499831 165.649778 -17.468590 4.555250 -0.008381 0.001051 -0.081075 0.996672
1227.599674 165.722973 -17.475887 4.541413 -0.008801 -0.004703 -0.081596 0.996616
1227.699509 165.790635 -17.481380 4.539848 -0.008313 0.009310 -0.081564 0.996590
1227.799352 165.854637 -17.487462 4.541017 -0.007976 0.023904 -0.081343 0.996368
1227.899196 165.916482 -17.492463 4.538084 -0.008808 0.028182 -0.081291 0.996253
1227.999852 165.979674 -17.499159 4.539708 -0.008188 0.029091 -0.081126 0.996246
1228.099698 166.038254 -17.502724 4.550056 -0.008444 0.028372 -0.081143 0.996263
1228.199517 166.114417 -17.507559 4.548229 -0.007106 0.029781 -0.081257 0.996223
1228.299367 166.191886 -17.512435 4.539898 -0.006657 0.030868 -0.081193 0.996198
1228.399207 166.265719 -17.524567 4.532753 -0.007101 0.032366 -0.080914 0.996170
1228.499449 166.343745 -17.536857 4.532595 -0.007311 0.034011 -0.081027 0.996105
1228.599295 166.417214 -17.544214 4.536846 -0.007504 0.034559 -0.081147 0.996075
1228.699132 166.487693 -17.547346 4.536289 -0.007056 0.035524 -0.081166 0.996042
1228.799770 166.550414 -17.550856 4.535132 -0.006586 0.037277 -0.081332 0.995968
1228.899617 166.607605 -17.556607 4.533813 -0.006330 0.038122 -0.081314 0.995939
1228.999443 166.675412 -17.567412 4.532487 -0.006808 0.038680 -0.081294 0.995916
1229.099290 166.742608 -17.580353 4.526766 -0.007222 0.038799 -0.081339 0.995905
1229.199131 166.807090 -17.584732 4.532435 -0.007404 0.037936 -0.081794 0.995899
1229.299780 166.881786 -17.588966 4.532047 -0.006624 0.035878 -0.081622 0.995995
1229.399626 166.958845 -17.596819 4.528849 -0.006171 0.037320 -0.081572 0.995949
1229.499455 167.034293 -17.611808 4.521241 -0.007037 0.039101 -0.081637 0.995870
1229.599294 167.108619 -17.624294 4.519823 -0.007041 0.041119 -0.081581 0.995793
1229.699141 167.187786 -17.638868 4.523470 -0.006919 0.040094 -0.080762 0.995903
1229.799775 167.280899 -17.651776 4.524613 -0.007213 0.037503 -0.080140 0.996052
1229.899620 167.369962 -17.662550 4.530245 -0.009708 0.034866 -0.079550 0.996174
1229.999478 167.461455 -17.665805 4.529488 -0.010909 0.034786 -0.080147 0.996116
1230.099320 167.551256 -17.675223 4.520800 -0.008771 0.034915 -0.080290 0.996121
1230.199165 167.636981 -17.688636 4.518928 -0.008491 0.033787 -0.080798 0.996122
1230.299814 167.727550 -17.702826 4.532301 -0.007130 0.030416 -0.081420 0.996190
1230.399639 167.813580 -17.714711 4.547912 -0.007507 0.028572 -0.082000 0.996194
1230.499483 167.895693 -17.720733 4.545909 -0.006978 0.028237 -0.082691 0.996151
1230.599315 167.979954 -17.729733 4.537483 -0.005894 0.029798 -0.083807 0.996019
1230.699161 168.060608 -17.737952 4.531542 -0.004892 0.031746 -0.084122 0.995938
1230.799800 168.151813 -17.752816 4.527549 -0.004348 0.034752 -0.083954 0.995854
1230.899644 168.247131 -17.768781 4.528864 -0.004582 0.035562 -0.083707 0.995845
1230.999485 168.329439 -17.785582 4.530461 -0.003990 0.038113 -0.083547 0.995767
1231.099324 168.410501 -17.798000 4.525555 -0.003772 0.039530 -0.083889 0.995684
1231.199159 168.495099 -17.805312 4.524142 -0.003238 0.040225 -0.084062 0.995643
1231.299796 168.597088 -17.813216 4.527215 -0.004690 0.039495 -0.083583 0.995707
1231.399645 168.696947 -17.830302 4.536738 -0.008094 0.038249 -0.082664 0.995810
1231.499490 168.793258 -17.851977 4.538883 -0.011018 0.036670 -0.081996 0.995897
1231.599326 168.892842 -17.870221 4.535924 -0.011232 0.037746 -0.081846 0.995867
1231.699150 168.987680 -17.882806 4.528779 -0.010901 0.039748 -0.080704 0.995886
1231.799782 169.065117 -17.894938 4.524173 -0.010577 0.042145 -0.078031 0.996004
1231.899619 169.147075 -17.907969 4.529337 -0.008630 0.043481 -0.075887 0.996131
1231.999456 169.224975 -17.919742 4.536879 -0.007592 0.042141 -0.074786 0.996280
1232.099281 169.308433 -17.931321 4.534478 -0.007950 0.038351 -0.073959 0.996492
1232.199138 169.405922 -17.948044 4.533029 -0.006735 0.037475 -0.073994 0.996532
1232.299786 169.499772 -17.959193 4.519657 -0.006620 0.038057 -0.074342 0.996484
1232.399629 169.600063 -17.974042 4.524108 -0.006664 0.039306 -0.074234 0.996444
1232.499467 169.708434 -17.990193 4.530177 -0.007381 0.038304 -0.074598 0.996450
1232.599295 169.810650 -18.006644 4.533236 -0.007516 0.037785 -0.074788 0.996455
1232.699134 169.920176 -18.021302 4.526428 -0.007526 0.037413 -0.074823 0.996466
1232.799778 170.025539 -18.034066 4.519535 -0.007475 0.037190 -0.074832 0.996474
1232.899605 170.134120 -18.050520 4.518800 -0.007155 0.038329 -0.074883 0.996430
1232.999457 170.246702 -18.076248 4.518867 -0.007344 0.040986 -0.074832 0.996326
1233.099315 170.361889 -18.090430 4.508065 -0.007421 0.043710 -0.075410 0.996166
1233.199150 170.476048 -18.095551 4.508426 -0.007062 0.045974 -0.076262 0.996002
1233.299794 170.582967 -18.113855 4.521573 -0.006057 0.044965 -0.076253 0.996056
1233.399635 170.687018 -18.135879 4.529910 -0.008774 0.043546 -0.075497 0.996156
1233.499467 170.793911 -18.158869 4.528721 -0.012119 0.044912 -0.072235 0.996302
1233.599315 170.907284 -18.171996 4.522194 -0.014221 0.045267 -0.067982 0.996558
1233.699156 171.014846 -18.183460 4.519956 -0.015240 0.045019 -0.063417 0.996855
1233.799786 171.136038 -18.195963 4.520460 -0.014980 0.043119 -0.058592 0.997238
1233.899637 171.260549 -18.210224 4.524572 -0.015604 0.040473 -0.055063 0.997540
1233.999481 171.382612 -18.222328 4.528519 -0.017285 0.038348 -0.051227 0.997801
1234.099307 171.513770 -18.236175 4.531171 -0.015236 0.038173 -0.046676 0.998064
1234.199162 171.642806 -18.251428 4.529106 -0.010136 0.039068 -0.044760 0.998182
1234.299810 171.776562 -18.265164 4.525292 -0.007806 0.039371 -0.045190 0.998172
1234.399649 171.905133 -18.273787 4.525466 -0.008426 0.037728 -0.045624 0.998210
1234.499487 172.043384 -18.286733 4.527060 -0.008611 0.034986 -0.046086 0.998287
1234.599334 172.176461 -18.296526 4.526573 -0.008069 0.030756 -0.046655 0.998405
1234.699172 172.294439 -18.307252 4.518067 -0.007021 0.026029 -0.046657 0.998547
1234.799820 172.412739 -18.317996 4.520977 -0.006711 0.023610 -0.046702 0.998607
1234.899654 172.525431 -18.332061 4.531251 -0.007147 0.022953 -0.046366 0.998635
1234.999503 172.636197 -18.344503 4.535884 -0.008346 0.023317 -0.045900 0.998639
1235.099333 172.752969 -18.353163 4.531792 -0.009160 0.023167 -0.045702 0.998644
1235.199164 172.857011 -18.360001 4.525872 -0.009263 0.023487 -0.045661 0.998638
1235.299815 172.961293 -18.370923 4.525323 -0.009512 0.024758 -0.045524 0.998611
1235.399672 173.047055 -18.386325 4.529106 -0.009036 0.026561 -0.045318 0.998579
1235.499518 173.135149 -18.396247 4.528741 -0.009685 0.028920 -0.045522 0.998498
1235.599364 173.228004 -18.404233 4.527789 -0.012050 0.029878 -0.046119 0.998416
1235.699220 173.315095 -18.411880 4.526163 -0.010894 0.027179 -0.046491 0.998489
1235.799455 173.423602 -18.421915 4.523871 -0.007208 0.026435 -0.047033 0.998517
1235.899288 173.541348 -18.435924 4.517594 -0.004607 0.030756 -0.046546 0.998432
1235.999132 173.644726 -18.450358 4.522203 -0.007435 0.034687 -0.045689 0.998326
1236.099780 173.747056 -18.459909 4.530192 -0.009817 0.034537 -0.045249 0.998330
1236.199629 173.853466 -18.468257 4.529150 -0.011179 0.032796 -0.044670 0.998401
1236.299467 173.953467 -18.477159 4.530614 -0.011050 0.030899 -0.044356 0.998477
1236.399297 174.042375 -18.485206 4.528061 -0.010595 0.029247 -0.044736 0.998514
1236.499147 174.137761 -18.490966 4.525404 -0.008634 0.031274 -0.045421 0.998441
1236.599800 174.228640 -18.500426 4.524248 -0.007712 0.034825 -0.045854 0.998311
1236.699628 174.319633 -18.512356 4.523776 -0.006261 0.035287 -0.045892 0.998303
1236.799475 174.411360 -18.523856 4.526193 -0.006313 0.035976 -0.046025 0.998272
1236.899300 174.501684 -18.531157 4.525015 -0.008115 0.035654 -0.045927 0.998275
1236.999151 174.594749 -18.537417 4.523558 -0.007695 0.034966 -0.045659 0.998315
1237.099799 174.684790 -18.543665 4.525709 -0.008478 0.032547 -0.045467 0.998399
1237.199645 174.765645 -18.556554 4.529897 -0.008141 0.031316 -0.045295 0.998449
1237.299467 174.841709 -18.563492 4.526089 -0.008220 0.031193 -0.045673 0.998435
1237.399314 174.920626 -18.566660 4.527797 -0.007209 0.031743 -0.046289 0.998398
1237.499150 175.012900 -18.565866 4.535554 -0.005630 0.029946 -0.046598 0.998449
1237.599794 175.111215 -18.578372 4.539190 -0.004799 0.028747 -0.046460 0.998495
1237.699642 175.200420 -18.594446 4.537004 -0.006179 0.029631 -0.046490 0.998460
1237.799478 175.297412 -18.605621 4.535130 -0.006818 0.030109 -0.046595 0.998437
1237.899313 175.388041 -18.615873 4.530469 -0.007715 0.029080 -0.046407 0.998469
1237.999162 175.477288 -18.626063 4.524347 -0.008120 0.027898 -0.046364 0.998502
1238.099807 175.565453 -18.633249 4.528931 -0.008192 0.026285 -0.046521 0.998538
1238.199648 175.650976 -18.643346 4.537829 -0.008423 0.025989 -0.046329 0.998553
1238.299493 175.737912 -18.651789 4.540215 -0.009193 0.027567 -0.046381 0.998501
1238.399351 175.827143 -18.656789 4.536584 -0.008804 0.029748 -0.046726 0.998426
1238.499194 175.915355 -18.664636 4.528784 -0.007992 0.031791 -0.046588 0.998376
1238.599829 176.001409 -18.676920 4.522845 -0.008275 0.032971 -0.046434 0.998343
1238.699675 176.090021 -18.689153 4.528013 -0.009685 0.035033 -0.047106 0.998228
1238.799532 176.184938 -18.697859 4.537082 -0.011001 0.035622 -0.047745 0.998164
1238.899387 176.269309 -18.702609 4.538026 -0.011489 0.036121 -0.048706 0.998094
1238.999221 176.349165 -18.704618 4.534476 -0.008893 0.034151 -0.049509 0.998150
1239.099468 176.432271 -18.711617 4.535777 -0.007081 0.031186 -0.049951 0.998240
1239.199308 176.507861 -18.723304 4.525248 -0.007039 0.018708 -0.049672 0.998566
1239.299149 176.588524 -18.732313 4.530782 -0.006728 0.019153 -0.049115 0.998587
1239.399777 176.674071 -18.741772 4.537963 -0.006942 0.026098 -0.047858 0.998489
1239.499620 176.754235 -18.743151 4.535500 -0.008082 0.030358 -0.047329 0.998385
1239.599466 176.824707 -18.747672 4.531959 -0.008482 0.032709 -0.046995 0.998323
1239.699323 176.906943 -18.754823 4.534989 -0.008766 0.033528 -0.046896 0.998298
1239.799161 176.987534 -18.769063 4.538229 -0.008521 0.033349 -0.046597 0.998321
1239.899791 177.051383 -18.780461 4.541169 -0.007463 0.033222 -0.046355 0.998345
1239.999636 177.126774 -18.790570 4.543770 -0.007957 0.034384 -0.046550 0.998292
1240.099478 177.212389 -18.796915 4.542816 -0.008518 0.034398 -0.046669 0.998282
1240.199315 177.302719 -18.802821 4.539437 -0.008218 0.033916 -0.046587 0.998304
1240.299162 177.391985 -18.808779 4.539228 -0.008222 0.031627 -0.046743 0.998372
1240.399800 177.471041 -18.818152 4.542107 -0.008849 0.031320 -0.046748 0.998376
1240.499662 177.533548 -18.831459 4.546672 -0.008699 0.031900 -0.046258 0.998382
1240.599498 177.598585 -18.838077 4.547200 -0.008878 0.032744 -0.046418 0.998346
1240.699334 177.664620 -18.836991 4.544005 -0.008138 0.033266 -0.046892 0.998313
1240.799162 177.725740 -18.840809 4.541183 -0.007633 0.034277 -0.046767 0.998288
1240.899807 177.789964 -18.855547 4.536596 -0.008473 0.034363 -0.046581 0.998287
1240.999641 177.866159 -18.869893 4.535385 -0.007839 0.032654 -0.046649 0.998347
1241.099485 177.949045 -18.876884 4.539045 -0.007640 0.033050 -0.046488 0.998343
1241.199318 178.034864 -18.883225 4.546443 -0.006840 0.035440 -0.046310 0.998275
1241.299159 178.115410 -18.892042 4.549912 -0.007443 0.037352 -0.046125 0.998209
1241.399809 178.211003 -18.902884 4.551290 -0.007799 0.036135 -0.045681 0.998272
1241.499641 178.304750 -18.910829 4.544552 -0.009166 0.033207 -0.045589 0.998366
1241.599489 178.396258 -18.920283 4.543312 -0.009497 0.032228 -0.046075 0.998373
1241.699328 178.478242 -18.930284 4.543433 -0.007301 0.030968 -0.046285 0.998421
1241.799163 178.553841 -18.938612 4.547219 -0.005182 0.030229 -0.046293 0.998457
1241.899795 178.635081 -18.949554 4.551200 -0.005283 0.031690 -0.046147 0.998418
1241.999644 178.721751 -18.964504 4.558478 -0.006896 0.034340 -0.045841 0.998335
1242.099476 178.810128 -18.969211 4.557334 -0.008603 0.037159 -0.046090 0.998209
1242.199317 178.897592 -18.972757 4.551736 -0.009707 0.035149 -0.045935 0.998279
1242.299161 178.977777 -18.979126 4.558164 -0.008957 0.034736 -0.045885 0.998302
1242.399789 179.050121 -18.991757 4.557401 -0.008896 0.034979 -0.046348 0.998273
1242.499632 179.127828 -19.003573 4.557258 -0.009438 0.034995 -0.046769 0.998248
1242.599484 179.215806 -19.009011 4.555528 -0.008484 0.033030 -0.046946 0.998315
1242.699318 179.305936 -19.012032 4.554607 -0.007877 0.033122 -0.047253 0.998303
1242.799159 179.401020 -19.021911 4.555165 -0.008233 0.033378 -0.047585 0.998275
1242.899806 179.489228 -19.035248 4.560289 -0.008884 0.033272 -0.047842 0.998261
1242.999651 179.568616 -19.042879 4.559080 -0.008006 0.032839 -0.048082 0.998271
1243.099486 179.645434 -19.044685 4.552602 -0.007487 0.034113 -0.048440 0.998215
1243.199337 179.721723 -19.050873 4.551786 -0.007029 0.034742 -0.048700 0.998184
1243.299176 179.807241 -19.057323 4.557350 -0.005028 0.033138 -0.048925 0.998240
1243.399804 179.903747 -19.069720 4.563841 -0.005193 0.034420 -0.048874 0.998198
1243.499663 180.003010 -19.084504 4.564042 -0.007253 0.035789 -0.048638 0.998149
1243.599502 180.096206 -19.091754 4.558247 -0.008092 0.036463 -0.048483 0.998125
1243.699336 180.186511 -19.100523 4.555547 -0.008275 0.034663 -0.048015 0.998211
1243.799177 180.276253 -19.113562 4.559841 -0.007427 0.035332 -0.047830 0.998203
1243.899817 180.362716 -19.125017 4.564057 -0.005926 0.036831 -0.047348 0.998182
1243.999649 180.441021 -19.133574 4.562948 -0.005407 0.038179 -0.047109 0.998145
1244.099487 180.526942 -19.142465 4.558946 -0.006257 0.038122 -0.046937 0.998151
1244.199328 180.617108 -19.149756 4.557747 -0.007796 0.040057 -0.047090 0.998057
1244.299167 180.694151 -19.159506 4.558194 -0.008784 0.041035 -0.047441 0.997992
1244.399801 180.772803 -19.176541 4.559523 -0.009005 0.039831 -0.047788 0.998022
1244.499655 180.850177 -19.186276 4.558741 -0.007738 0.038959 -0.048291 0.998043
1244.599495 180.930418 -19.194379 4.554130 -0.006571 0.038048 -0.048209 0.998091
1244.699335 181.017549 -19.201333 4.551629 -0.007436 0.037097 -0.048077 0.998127
1244.799174 181.108326 -19.207833 4.550836 -0.009455 0.034084 -0.047972 0.998222
1244.899819 181.197023 -19.215906 4.553171 -0.010100 0.032118 -0.048397 0.998261
1244.999658 181.285733 -19.227182 4.559156 -0.007868 0.032939 -0.048662 0.998241
1245.099495 181.379289 -19.242930 4.557590 -0.007088 0.034854 -0.048959 0.998167
1245.199325 181.477887 -19.256859 4.558850 -0.006691 0.036388 -0.049102 0.998108
1245.299178 181.569605 -19.265132 4.555046 -0.006936 0.039122 -0.049481 0.997984
1245.399814 181.673312 -19.270366 4.552001 -0.007303 0.038172 -0.049810 0.998002
1245.499671 181.760632 -19.277572 4.550560 -0.007754 0.036821 -0.050039 0.998038
1245.599510 181.850674 -19.290398 4.546682 -0.006653 0.037139 -0.050265 0.998023
1245.699352 181.948912 -19.307044 4.542953 -0.005869 0.039770 -0.050245 0.997928
1245.799190 182.056082 -19.317790 4.539458 -0.005828 0.041436 -0.050086 0.997868
1245.899813 182.184569 -19.331243 4.543582 -0.006317 0.041073 -0.049762 0.997896
1245.999654 182.306317 -19.345953 4.548505 -0.007257 0.040873 -0.049307 0.997921
1246.099499 182.416065 -19.358188 4.550932 -0.008051 0.043197 -0.049198 0.997822
1246.199345 182.517382 -19.370286 4.548405 -0.007514 0.044319 -0.049003 0.997787
1246.299203 182.611792 -19.384728 4.540463 -0.008094 0.042695 -0.048735 0.997866
1246.399429 182.706664 -19.394461 4.541412 -0.008231 0.041858 -0.048907 0.997892
1246.499270 182.799541 -19.404183 4.543991 -0.008402 0.040977 -0.049049 0.997920
1246.599502 182.903586 -19.413578 4.546974 -0.008105 0.041592 -0.048719 0.997913
1246.699343 183.014861 -19.425769 4.545609 -0.007772 0.044089 -0.047941 0.997846
1246.799162 183.121535 -19.439597 4.537648 -0.008619 0.049103 -0.047493 0.997627
1246.899816 183.238975 -19.454573 4.531314 -0.010323 0.050416 -0.047278 0.997555
1246.999650 183.362905 -19.468400 4.531713 -0.009025 0.043967 -0.048224 0.997828
1247.099509 183.480887 -19.480292 4.537537 -0.006433 0.036065 -0.049163 0.998119
1247.199349 183.606072 -19.491364 4.552079 -0.005050 0.035724 -0.050150 0.998090
1247.299197 183.725286 -19.501065 4.554452 -0.004117 0.037458 -0.051059 0.997984
1247.399823 183.845215 -19.514980 4.544643 -0.004408 0.036955 -0.051213 0.997994
1247.499663 183.966236 -19.527044 4.531407 -0.004757 0.037032 -0.051149 0.997993
1247.599510 184.081310 -19.540467 4.529133 -0.005293 0.036626 -0.050959 0.998015
1247.699356 184.198726 -19.556211 4.532119 -0.006452 0.035898 -0.050614 0.998052
1247.799190 184.319191 -19.565374 4.530737 -0.006741 0.035180 -0.050571 0.998078
1247.899829 184.437624 -19.575968 4.534970 -0.007300 0.036688 -0.050605 0.998018
1247.999671 184.549783 -19.591674 4.536397 -0.006929 0.036151 -0.050422 0.998049
1248.099508 184.670551 -19.608187 4.538137 -0.006564 0.034100 -0.050063 0.998142
1248.199344 184.790147 -19.624302 4.532814 -0.007662 0.030843 -0.049803 0.998253
1248.299183 184.913399 -19.635217 4.527802 -0.009294 0.031498 -0.050104 0.998204
1248.399821 185.037698 -19.646171 4.524846 -0.010521 0.034527 -0.050512 0.998071
1248.499658 185.153291 -19.660742 4.522413 -0.009799 0.036732 -0.050628 0.997994
1248.599495 185.259069 -19.672082 4.523835 -0.007938 0.037282 -0.050797 0.997981
1248.699339 185.374645 -19.684684 4.529652 -0.006137 0.035204 -0.050820 0.998068
1248.799181 185.492509 -19.696072 4.528738 -0.004934 0.032423 -0.050787 0.998171
1248.899831 185.608869 -19.708320 4.527853 -0.005319 0.031619 -0.050962 0.998186
1248.999651 185.724163 -19.723674 4.524864 -0.006147 0.034712 -0.051235 0.998064
1249.099496 185.843663 -19.738498 4.521560 -0.006820 0.034479 -0.051421 0.998058
1249.199345 185.957955 -19.751644 4.520863 -0.007885 0.034577 -0.051527 0.998042
1249.299181 186.063945 -19.764171 4.521842 -0.007581 0.033452 -0.051372 0.998090
1249.399823 186.171632 -19.774304 4.518290 -0.007149 0.034635 -0.051487 0.998047
1249.499662 186.280480 -19.783440 4.515295 -0.006527 0.036293 -0.051793 0.997977
1249.599482 186.386102 -19.794677 4.512934 -0.005710 0.039924 -0.052436 0.997810
1249.699322 186.494600 -19.807455 4.511184 -0.004288 0.041712 -0.052889 0.997720
1249.799164 186.608198 -19.823161 4.509358 -0.005475 0.043058 -0.053135 0.997644
1249.899803 186.722687 -19.833272 4.509921 -0.007302 0.041317 -0.053209 0.997702
1249.999646 186.840086 -19.846265 4.511961 -0.008833 0.039679 -0.052913 0.997771
1250.099490 186.965545 -19.861013 4.514567 -0.008579 0.039929 -0.053069 0.997755
1250.199312 187.091809 -19.876597 4.514595 -0.006621 0.040273 -0.052991 0.997761
1250.299160 187.218460 -19.892926 4.510950 -0.006131 0.040020 -0.052836 0.997782
1250.399806 187.347892 -19.905534 4.509363 -0.006743 0.039358 -0.053050 0.997793
1250.499644 187.471476 -19.921694 4.507875 -0.007705 0.037039 -0.053010 0.997877
1250.599500 187.590281 -19.940199 4.509546 -0.008336 0.033387 -0.052793 0.998012
1250.699348 187.704949 -19.955088 4.510498 -0.008425 0.031726 -0.053097 0.998050
1250.799204 187.816431 -19.969340 4.515398 -0.007925 0.031812 -0.053408 0.998034
1250.899429 187.925415 -19.981291 4.513718 -0.007395 0.032438 -0.053613 0.998007
1250.999266 188.031692 -19.993073 4.507594 -0.008046 0.031149 -0.053455 0.998052
1251.099490 188.138751 -20.005564 4.504906 -0.009348 0.030338 -0.053055 0.998087
1251.199325 188.252306 -20.019545 4.503384 -0.009805 0.030819 -0.052735 0.998085
1251.299165 188.362726 -20.027149 4.511156 -0.007565 0.033323 -0.052430 0.998040
1251.399804 188.479863 -20.043799 4.515393 -0.005983 0.033049 -0.051826 0.998091
1251.499648 188.594732 -20.066981 4.516385 -0.006997 0.032514 -0.051597 0.998114
1251.599493 188.711767 -20.088921 4.515058 -0.009548 0.029693 -0.051222 0.998200
1251.699338 188.828902 -20.099221 4.514115 -0.011702 0.028236 -0.051052 0.998228
1251.799162 188.947714 -20.106955 4.514884 -0.011849 0.030611 -0.051148 0.998152
1251.899785 189.056645 -20.116488 4.516584 -0.007462 0.032833 -0.050945 0.998134
1251.999620 189.153475 -20.127849 4.517685 -0.005003 0.032485 -0.051148 0.998150
1252.099451 189.254499 -20.140998 4.512400 -0.002891 0.032126 -0.052102 0.998121
1252.199292 189.357781 -20.153026 4.507822 -0.001552 0.033341 -0.052915 0.998041
1252.299127 189.469513 -20.162488 4.510004 -0.003518 0.034309 -0.053410 0.997977
1252.399773 189.581605 -20.176479 4.508178 -0.006559 0.037320 -0.053346 0.997857
1252.499621 189.693927 -20.189884 4.502563 -0.007938 0.040241 -0.053060 0.997749
1252.599455 189.797733 -20.201763 4.504204 -0.007969 0.040981 -0.052855 0.997729
1252.699274 189.901583 -20.214381 4.510164 -0.007554 0.039613 -0.052658 0.997798
1252.799516 190.011631 -20.227494 4.512291 -0.007214 0.039179 -0.052534 0.997824
1252.899347 190.121845 -20.242847 4.506799 -0.007038 0.037637 -0.052601 0.997881
1252.999183 190.230260 -20.258908 4.503855 -0.007332 0.038558 -0.052881 0.997829
1253.099819 190.341343 -20.275154 4.500746 -0.008085 0.039648 -0.052863 0.997782
1253.199654 190.451864 -20.288123 4.500725 -0.007956 0.041119 -0.053120 0.997709
1253.299494 190.558897 -20.303441 4.497872 -0.008206 0.040572 -0.053237 0.997724
1253.399325 190.673437 -20.318325 4.502000 -0.007036 0.039717 -0.053097 0.997774
1253.499170 190.795353 -20.327614 4.500293 -0.006196 0.039902 -0.053115 0.997772
1253.599806 190.920170 -20.342520 4.499974 -0.007401 0.041584 -0.053112 0.997695
1253.699639 191.029026 -20.362484 4.497110 -0.008129 0.042861 -0.052780 0.997653
1253.799473 191.135797 -20.379738 4.501761 -0.009365 0.042444 -0.052973 0.997650
1253.899298 191.251477 -20.390882 4.504223 -0.009237 0.040913 -0.053306 0.997697
1253.999138 191.372807 -20.401378 4.502294 -0.008172 0.039571 -0.053317 0.997760
1254.099767 191.482037 -20.415758 4.494917 -0.006789 0.039324 -0.053390 0.997776
1254.199613 191.592043 -20.437033 4.492805 -0.006815 0.037197 -0.053449 0.997854
1254.299456 191.709389 -20.453430 4.495151 -0.007744 0.034998 -0.053618 0.997918
1254.399300 191.837873 -20.466188 4.498328 -0.007893 0.033480 -0.054007 0.997948
1254.499147 191.964751 -20.474456 4.495246 -0.008079 0.036229 -0.054492 0.997824
1254.599781 192.100418 -20.493940 4.492966 -0.007194 0.038640 -0.054289 0.997751
1254.699622 192.227885 -20.512766 4.502291 -0.006575 0.040629 -0.054493 0.997666
1254.799461 192.353157 -20.526706 4.502024 -0.006279 0.039929 -0.054762 0.997681
1254.899299 192.476834 -20.539194 4.503707 -0.006738 0.036333 -0.054419 0.997834
1254.999140 192.600978 -20.555192 4.505083 -0.007220 0.031410 -0.054307 0.998004
1255.099781 192.723614 -20.570965 4.499193 -0.007032 0.030004 -0.054823 0.998020
1255.199615 192.834702 -20.582742 4.497270 -0.006051 0.030742 -0.054776 0.998007
1255.299453 192.935682 -20.591167 4.495841 -0.006369 0.030962 -0.054618 0.998007
1255.399299 193.032991 -20.600994 4.496658 -0.007666 0.030701 -0.054700 0.998001
1255.499157 193.150448 -20.615849 4.498832 -0.007769 0.031434 -0.054693 0.997978
1255.599799 193.268342 -20.633501 4.501248 -0.007240 0.033245 -0.054438 0.997937
1255.699646 193.388198 -20.649815 4.504077 -0.006781 0.034226 -0.054375 0.997911
1255.799491 193.509155 -20.661667 4.503883 -0.006451 0.035920 -0.054251 0.997860
1255.899338 193.630900 -20.671964 4.504226 -0.006157 0.037060 -0.054113 0.997828
1255.999169 193.747025 -20.688591 4.497023 -0.005862 0.037343 -0.054024 0.997824
1256.099821 193.858675 -20.710093 4.487125 -0.006153 0.036013 -0.053901 0.997878
1256.199666 193.960331 -20.725136 4.489742 -0.006534 0.035023 -0.053884 0.997911
1256.299499 194.067220 -20.733366 4.500401 -0.007666 0.033591 -0.054197 0.997936
1256.399345 194.179801 -20.743062 4.506095 -0.007180 0.033990 -0.054150 0.997928
1256.499183 194.291663 -20.758456 4.500998 -0.007010 0.034447 -0.054018 0.997921
1256.599831 194.405188 -20.775996 4.491906 -0.007569 0.033925 -0.054471 0.997910
1256.699677 194.522945 -20.790021 4.492278 -0.007696 0.032190 -0.055362 0.997918
1256.799536 194.631039 -20.799626 4.492122 -0.006807 0.029354 -0.055869 0.997983
1256.899380 194.742916 -20.812729 4.495075 -0.004181 0.031076 -0.056416 0.997915
1256.999223 194.849171 -20.832401 4.500004 -0.003252 0.034993 -0.056013 0.997811
1257.099479 194.953578 -20.847599 4.501339 -0.006766 0.037276 -0.055309 0.997750
1257.199332 195.062936 -20.860549 4.497570 -0.013333 0.035165 -0.054316 0.997815
1257.299170 195.167294 -20.876344 4.494382 -0.015120 0.034003 -0.053517 0.997873
1257.399800 195.289352 -20.892483 4.494310 -0.009765 0.035513 -0.052708 0.997931
1257.499621 195.402174 -20.904350 4.486056 -0.007092 0.036623 -0.052453 0.997926
1257.599456 195.508658 -20.913811 4.486271 -0.005663 0.038488 -0.052541 0.997861
1257.699307 195.624374 -20.935005 4.490074 -0.005843 0.038355 -0.052395 0.997872
1257.799150 195.731479 -20.953856 4.493084 -0.008129 0.036988 -0.053288 0.997861
1257.899787 195.835730 -20.973020 4.491534 -0.009867 0.038080 -0.054192 0.997755
1257.999620 195.946526 -20.987385 4.486431 -0.009095 0.038956 -0.055282 0.997669
1258.099455 196.059050 -20.996853 4.490807 -0.006269 0.038885 -0.055330 0.997691
1258.199308 196.176323 -21.014068 4.494909 -0.007988 0.036720 -0.055121 0.997772
1258.299153 196.286917 -21.028019 4.497694 -0.011666 0.035192 -0.055293 0.997782
1258.399784 196.400289 -21.050800 4.489908 -0.014072 0.034261 -0.054755 0.997813
1258.499632 196.513324 -21.076729 4.488093 -0.012998 0.033955 -0.054660 0.997843
1258.599464 196.625960 -21.087469 4.488874 -0.011083 0.033166 -0.055367 0.997854
1258.699296 196.739188 -21.094165 4.488715 -0.008640 0.032269 -0.055898 0.997877
1258.799135 196.843542 -21.106594 4.491487 -0.007716 0.033814 -0.055994 0.997829
1258.899767 196.954668 -21.125691 4.492542 -0.007455 0.035952 -0.056498 0.997727
1258.999612 197.066993 -21.138938 4.488577 -0.008167 0.038898 -0.056571 0.997607
1259.099441 197.177959 -21.153429 4.481015 -0.009509 0.038480 -0.056670 0.997606
1259.199282 197.291490 -21.167179 4.478892 -0.008463 0.039505 -0.057082 0.997552
1259.299126 197.400624 -21.183475 4.480285 -0.008574 0.038466 -0.056810 0.997607
1259.399771 197.506021 -21.197394 4.483958 -0.010827 0.037002 -0.056333 0.997667
1259.499618 197.611584 -21.207593 4.485406 -0.012633 0.036374 -0.056242 0.997674
1259.599452 197.725138 -21.220619 4.485192 -0.010994 0.035441 -0.056308 0.997724
1259.699302 197.841682 -21.238819 4.485083 -0.006477 0.035343 -0.056385 0.997762
1259.799141 197.950699 -21.253378 4.482961 -0.002834 0.036235 -0.056635 0.997733
1259.899788 198.059519 -21.268222 4.476304 -0.001745 0.036730 -0.056196 0.997742
1259.999622 198.175774 -21.278305 4.469337 -0.003871 0.036502 -0.056252 0.997742
1260.099460 198.300161 -21.288258 4.471795 -0.008902 0.037056 -0.056574 0.997671
1260.199276 198.420830 -21.308678 4.479911 -0.011612 0.035534 -0.056593 0.997697
1260.299516 198.534569 -21.329608 4.480926 -0.010404 0.039773 -0.056504 0.997556
1260.399361 198.637857 -21.340147 4.482939 -0.010007 0.043385 -0.056617 0.997403
1260.499194 198.746207 -21.347597 4.482754 -0.008992 0.043638 -0.056764 0.997393
1260.599822 198.855394 -21.362222 4.485405 -0.007813 0.041471 -0.056995 0.997482
1260.699654 198.971593 -21.376471 4.488629 -0.006934 0.040503 -0.057442 0.997503
1260.799497 199.085669 -21.392845 4.485830 -0.006217 0.039245 -0.057508 0.997554
1260.899340 199.205152 -21.409990 4.486506 -0.006275 0.039522 -0.057423 0.997548
1260.999174 199.319759 -21.425192 4.484221 -0.005928 0.039497 -0.057449 0.997549
1261.099832 199.423003 -21.438342 4.484765 -0.005383 0.040412 -0.056960 0.997544
1261.199682 199.529350 -21.453073 4.482296 -0.005331 0.040650 -0.056846 0.997541
1261.299513 199.646291 -21.465519 4.480063 -0.007962 0.041834 -0.056885 0.997472
1261.399354 199.767177 -21.484196 4.480261 -0.009455 0.042506 -0.057049 0.997421
1261.499188 199.901319 -21.502779 4.482262 -0.008720 0.042936 -0.057116 0.997406
1261.599825 200.042341 -21.519368 4.487043 -0.008729 0.040463 -0.057425 0.997491
1261.699670 200.176483 -21.538331 4.486203 -0.007223 0.037992 -0.057577 0.997592
1261.799505 200.297296 -21.555462 4.482928 -0.008554 0.040508 -0.058077 0.997453
1261.899324 200.419648 -21.568206 4.480060 -0.010095 0.042119 -0.058357 0.997356
1261.999155 200.536045 -21.584481 4.479808 -0.010892 0.041301 -0.057913 0.997407
1262.099791 200.655974 -21.603202 4.478283 -0.010129 0.040809 -0.057875 0.997438
1262.199617 200.774279 -21.618946 4.474690 -0.009444 0.042127 -0.057468 0.997413
1262.299461 200.893186 -21.630240 4.477800 -0.008566 0.042229 -0.057061 0.997440
1262.399292 201.018956 -21.643015 4.481762 -0.012106 0.041907 -0.054249 0.997574
1262.499137 201.151286 -21.657275 4.481288 -0.014512 0.044360 -0.049066 0.997704
1262.599770 201.282931 -21.669996 4.470922 -0.016547 0.044615 -0.042647 0.997956
1262.699621 201.407267 -21.679618 4.466194 -0.015173 0.040519 -0.037737 0.998351
1262.799462 201.522366 -21.686040 4.469259 -0.018763 0.035945 -0.032682 0.998643
1262.899303 201.643860 -21.696740 4.475603 -0.011561 0.035846 -0.030505 0.998825
1262.999141 201.775414 -21.707202 4.478537 -0.009359 0.037375 -0.030537 0.998791
1263.099774 201.905210 -21.716499 4.476794 -0.007517 0.037447 -0.030812 0.998795
1263.199610 202.029133 -21.727210 4.477471 -0.007887 0.036347 -0.030804 0.998833
1263.299436 202.153802 -21.738985 4.473717 -0.009260 0.035094 -0.030839 0.998865
1263.399278 202.287880 -21.749286 4.470396 -0.012134 0.036080 -0.030802 0.998800
1263.499125 202.422247 -21.756049 4.466766 -0.013817 0.037499 -0.031017 0.998720
1263.599770 202.554552 -21.765642 4.470037 -0.010524 0.039039 -0.031335 0.998691
1263.699612 202.687945 -21.775090 4.472857 -0.007542 0.038281 -0.031885 0.998730
1263.799450 202.818906 -21.785174 4.476280 -0.004883 0.038392 -0.032395 0.998726
1263.899282 202.940192 -21.793074 4.479567 -0.004955 0.035405 -0.032744 0.998824
1263.999117 203.061384 -21.801953 4.475024 -0.006998 0.033072 -0.033913 0.998853
1264.099742 203.188138 -21.818729 4.465506 -0.003560 0.031284 -0.037509 0.998800
1264.199581 203.315418 -21.832913 4.462410 0.001197 0.031302 -0.043667 0.998555
1264.299428 203.439211 -21.846871 4.464645 0.002470 0.030431 -0.049156 0.998324
1264.399261 203.563109 -21.857150 4.457960 0.000625 0.032110 -0.053194 0.998068
1264.499499 203.681869 -21.872483 4.458990 -0.003782 0.033138 -0.057282 0.997801
1264.599329 203.803920 -21.894509 4.464407 -0.010877 0.033450 -0.059044 0.997636
1264.699168 203.929574 -21.914557 4.465078 -0.011194 0.038546 -0.059334 0.997431
1264.799809 204.046211 -21.930108 4.459262 -0.012375 0.042658 -0.059480 0.997241
1264.899657 204.165997 -21.945161 4.451826 -0.010203 0.042404 -0.059088 0.997300
1264.999488 204.291012 -21.963359 4.457301 -0.008534 0.038694 -0.058657 0.997491
1265.099325 204.413863 -21.979873 4.464571 -0.007130 0.035691 -0.057796 0.997665
1265.199163 204.523252 -21.998271 4.469343 -0.007514 0.034546 -0.056984 0.997749
1265.299810 204.630403 -22.010724 4.470556 -0.009282 0.035707 -0.056940 0.997696
1265.399654 204.740315 -22.026084 4.469073 -0.010554 0.037822 -0.056714 0.997618
1265.499500 204.855340 -22.039636 4.460593 -0.009749 0.038247 -0.056842 0.997603
1265.599342 204.971101 -22.053743 4.462908 -0.007826 0.037288 -0.057279 0.997631
1265.699199 205.081902 -22.071334 4.467571 -0.006719 0.036312 -0.057487 0.997663
1265.799459 205.200388 -22.090307 4.469424 -0.007170 0.038257 -0.057999 0.997558
1265.899298 205.321483 -22.105642 4.467208 -0.007393 0.041194 -0.058585 0.997405
1265.999135 205.438105 -22.120169 4.457514 -0.007473 0.042072 -0.058871 0.997351
1266.099790 205.558208 -22.133304 4.451109 -0.006854 0.039670 -0.059001 0.997446
1266.199630 205.677134 -22.149819 4.457317 -0.007291 0.037548 -0.058955 0.997528
1266.299473 205.801954 -22.163924 4.461974 -0.007000 0.036580 -0.058935 0.997567
1266.399316 205.928147 -22.181933 4.462149 -0.007011 0.037950 -0.058700 0.997529
1266.499155 206.053065 -22.201407 4.457113 -0.007645 0.039336 -0.058475 0.997484
1266.599798 206.180010 -22.218590 4.451327 -0.006541 0.040202 -0.058189 0.997474
1266.699639 206.303758 -22.233120 4.452014 -0.007532 0.042969 -0.058167 0.997353
1266.799484 206.422874 -22.245007 4.453757 -0.007119 0.042881 -0.058345 0.997350
1266.899305 206.533291 -22.263110 4.451211 -0.006968 0.043660 -0.058329 0.997318
1266.999129 206.641847 -22.283637 4.448605 -0.009137 0.046288 -0.058379 0.997179
1267.099766 206.751974 -22.301262 4.455864 -0.010591 0.047295 -0.058556 0.997107
1267.199611 206.870386 -22.315357 4.458096 -0.009605 0.043155 -0.058483 0.997309
1267.299456 206.996916 -22.329157 4.448797 -0.010958 0.040265 -0.058550 0.997412
1267.399282 207.128075 -22.344096 4.450484 -0.014036 0.038710 -0.058507 0.997437
1267.499123 207.262049 -22.362497 4.449219 -0.011850 0.036890 -0.058182 0.997554
1267.599769 207.394801 -22.382285 4.453155 -0.009542 0.038533 -0.058331 0.997508
1267.699604 207.531197 -22.395391 4.461580 -0.009305 0.041862 -0.058387 0.997373
1267.799450 207.651495 -22.408075 4.466019 -0.009186 0.041279 -0.058140 0.997412
1267.899293 207.768524 -22.422611 4.470014 -0.008395 0.038783 -0.058314 0.997509
1267.999134 207.883677 -22.439267 4.471865 -0.008850 0.037047 -0.058399 0.997566
1268.099763 208.019393 -22.454449 4.469104 -0.010070 0.038384 -0.058359 0.997507
1268.199597 208.147284 -22.471209 4.465493 -0.010431 0.038522 -0.057761 0.997532
1268.299438 208.259864 -22.476172 4.463055 -0.009627 0.037671 -0.057436 0.997592
1268.399281 208.380912 -22.479184 4.464414 -0.009541 0.036431 -0.057728 0.997622
1268.499118 208.508794 -22.491183 4.463063 -0.009430 0.034215 -0.058167 0.997676
1268.599755 208.653520 -22.509926 4.460870 -0.010397 0.032643 -0.059076 0.997665
1268.699608 208.799304 -22.529978 4.463667 -0.010156 0.035293 -0.059638 0.997544
1268.799450 208.930263 -22.541362 4.458625 -0.008088 0.038564 -0.059509 0.997450
1268.899278 209.047906 -22.545763 4.451297 -0.006643 0.041170 -0.059388 0.997364
1268.999127 209.164794 -22.554287 4.452378 -0.007398 0.043595 -0.059313 0.997260
1269.099751 209.289844 -22.565065 4.455647 -0.008291 0.042502 -0.059185 0.997307
1269.199592 209.410309 -22.576396 4.466715 -0.007777 0.043578 -0.059262 0.997261
1269.299424 209.530649 -22.589327 4.473114 -0.007612 0.043951 -0.059079 0.997256
1269.399269 209.644248 -22.597860 4.468703 -0.006602 0.044032 -0.058967 0.997267
1269.499512 209.769825 -22.608509 4.459122 -0.007211 0.041250 -0.059039 0.997377
1269.599357 209.899531 -22.620792 4.453918 -0.008057 0.038529 -0.058969 0.997483
1269.699200 210.024656 -22.628911 4.453072 -0.008043 0.035830 -0.059105 0.997576
1269.799446 210.149416 -22.638171 4.457719 -0.007483 0.035580 -0.059324 0.997576
1269.899290 210.276710 -22.649104 4.460695 -0.008381 0.037408 -0.059890 0.997469
1269.999117 210.400041 -22.661454 4.464685 -0.006424 0.040024 -0.060056 0.997372
1270.099758 210.521079 -22.669698 4.462708 -0.002581 0.038477 -0.059622 0.997476
1270.199594 210.638307 -22.682097 4.451503 -0.002189 0.036256 -0.059353 0.997576
1270.299435 210.759014 -22.696492 4.445891 -0.003319 0.039000 -0.059323 0.997471
1270.399278 210.885884 -22.709605 4.448445 -0.007236 0.042906 -0.058980 0.997310
1270.499131 211.011719 -22.719841 4.450758 -0.009232 0.041420 -0.058293 0.997397
1270.599775 211.135430 -22.728702 4.452269 -0.010112 0.041132 -0.057919 0.997422
1270.699611 211.257991 -22.739491 4.458553 -0.009250 0.042921 -0.058025 0.997349
1270.799448 211.373722 -22.752657 4.457118 -0.007850 0.043007 -0.058203 0.997347
1270.899299 211.489108 -22.766368 4.450377 -0.008096 0.041188 -0.058949 0.997378
1270.999145 211.612599 -22.779891 4.448782 -0.008153 0.041066 -0.059446 0.997353
1271.099780 211.745026 -22.791423 4.446137 -0.006507 0.040255 -0.059683 0.997384
1271.199615 211.878053 -22.804077 4.443774 -0.007657 0.039983 -0.059853 0.997377
1271.299472 212.013758 -22.816964 4.442317 -0.010454 0.038123 -0.060178 0.997405
1271.399319 212.135234 -22.830209 4.437991 -0.009740 0.040840 -0.060041 0.997313
1271.499144 212.253854 -22.841449 4.433863 -0.007676 0.042541 -0.060389 0.997238
1271.599787 212.375923 -22.854773 4.430609 -0.006686 0.041104 -0.060525 0.997298
1271.699636 212.508534 -22.867535 4.432952 -0.006636 0.037871 -0.060428 0.997432
1271.799477 212.636031 -22.879209 4.438613 -0.007391 0.036652 -0.060301 0.997480
1271.899316 212.765181 -22.893660 4.439892 -0.010145 0.035253 -0.060077 0.997519
1271.999154 212.899645 -22.909481 4.438133 -0.010638 0.036236 -0.060387 0.997460
1272.099804 213.026361 -22.925315 4.431939 -0.008286 0.038134 -0.060369 0.997413
1272.199650 213.148427 -22.941856 4.420024 -0.006259 0.037201 -0.060276 0.997469
1272.299514 213.274971 -22.950271 4.422732 -0.007594 0.036808 -0.060323 0.997471
1272.399363 213.395578 -22.961085 4.433790 -0.006925 0.035465 -0.059630 0.997566
1272.499196 213.515831 -22.970497 4.440213 -0.006494 0.038006 -0.059740 0.997469
1272.599847 213.634782 -22.986390 4.445234 -0.005953 0.039499 -0.059843 0.997408
1272.699694 213.756750 -23.001889 4.439060 -0.008260 0.041633 -0.059839 0.997305
1272.799528 213.882351 -23.018743 4.423473 -0.009693 0.039596 -0.059810 0.997377
1272.899370 214.014539 -23.033355 4.416664 -0.009808 0.039314 -0.060117 0.997369
1272.999220 214.143768 -23.045427 4.414509 -0.008707 0.037282 -0.060675 0.997423
1273.099473 214.272886 -23.056212 4.421453 -0.005620 0.037475 -0.060814 0.997430
1273.199315 214.387833 -23.064278 4.422769 -0.005789 0.038509 -0.060897 0.997384
1273.299162 214.500202 -23.077657 4.422533 -0.006630 0.040088 -0.060399 0.997347
1273.399798 214.618057 -23.096880 4.417059 -0.008105 0.041132 -0.059875 0.997325
1273.499631 214.742440 -23.112733 4.414124 -0.008888 0.040977 -0.059813 0.997329
1273.599470 214.874239 -23.126106 4.413687 -0.008607 0.042888 -0.059697 0.997258
1273.699309 215.002180 -23.138507 4.415591 -0.007239 0.043473 -0.059587 0.997250
1273.799150 215.127614 -23.149145 4.421681 -0.006888 0.042285 -0.059525 0.997307
1273.899791 215.264102 -23.162768 4.424057 -0.006749 0.040114 -0.059596 0.997393
1273.999639 215.392121 -23.177573 4.423241 -0.006635 0.039524 -0.059378 0.997431
1274.099489 215.517701 -23.194506 4.414522 -0.007270 0.038920 -0.059365 0.997451
1274.199326 215.649625 -23.209927 4.416864 -0.007690 0.039712 -0.059760 0.997393
1274.299158 215.776860 -23.222326 4.414274 -0.008866 0.039691 -0.060363 0.997348
1274.399804 215.915136 -23.239147 4.413875 -0.008413 0.035377 -0.060355 0.997514
1274.499643 216.049812 -23.255882 4.417319 -0.007977 0.030401 -0.060141 0.997695
1274.599477 216.170918 -23.271189 4.417948 -0.007781 0.031230 -0.059955 0.997682
1274.699314 216.301310 -23.285924 4.405719 -0.008579 0.036348 -0.059617 0.997522
1274.799163 216.434203 -23.302596 4.400940 -0.008000 0.040574 -0.059259 0.997386
1274.899795 216.572047 -23.314419 4.395382 -0.008897 0.042218 -0.059756 0.997280
1274.999636 216.701005 -23.323365 4.398995 -0.008466 0.040696 -0.059965 0.997335
1275.099473 216.823721 -23.335518 4.407804 -0.007418 0.038014 -0.060031 0.997445
1275.199307 216.936291 -23.352793 4.410133 -0.007842 0.036994 -0.060174 0.997471
1275.299147 217.043641 -23.370270 4.404989 -0.009325 0.038379 -0.060283 0.997400
1275.399775 217.172961 -23.383902 4.392327 -0.009725 0.037679 -0.060530 0.997408
1275.499625 217.307803 -23.397204 4.388825 -0.009184 0.037312 -0.060641 0.997420
1275.599469 217.440456 -23.408697 4.390523 -0.009669 0.038350 -0.061020 0.997353
1275.699322 217.556955 -23.415524 4.397207 -0.012014 0.039770 -0.061311 0.997254
1275.799165 217.666109 -23.428419 4.401597 -0.013950 0.041898 -0.061043 0.997158
1275.899800 217.775209 -23.441078 4.400304 -0.014636 0.041917 -0.061100 0.997144
1275.999632 217.893436 -23.460344 4.392924 -0.012680 0.042107 -0.060851 0.997178
1276.099473 218.019647 -23.472619 4.383485 -0.011290 0.041411 -0.060876 0.997222
1276.199326 218.154984 -23.484337 4.384142 -0.009893 0.042357 -0.060812 0.997201
1276.299170 218.295141 -23.497097 4.387986 -0.010293 0.042106 -0.060797 0.997209
1276.399797 218.433023 -23.512427 4.388053 -0.010399 0.042606 -0.060793 0.997186
1276.499649 218.566169 -23.525099 4.389913 -0.011350 0.042240 -0.060768 0.997193
1276.599498 218.700156 -23.536325 4.388340 -0.012282 0.040997 -0.060672 0.997240
1276.699334 218.835106 -23.550070 4.382525 -0.014509 0.039842 -0.060515 0.997266
1276.799172 218.962197 -23.560466 4.382265 -0.019070 0.039865 -0.060386 0.997196
1276.899808 219.078271 -23.568064 4.377901 -0.019868 0.042876 -0.060569 0.997045
1276.999639 219.206336 -23.574825 4.373599 -0.016295 0.045653 -0.061062 0.996956
1277.099481 219.339448 -23.582020 4.374219 -0.013113 0.047767 -0.061359 0.996886
1277.199322 219.476655 -23.587199 4.378604 -0.008530 0.047162 -0.061621 0.996948
1277.299156 219.615996 -23.595609 4.375896 -0.007128 0.046478 -0.062058 0.996964
1277.399790 219.760465 -23.602100 4.375170 -0.005664 0.045381 -0.062174 0.997017
1277.499642 219.887592 -23.608284 4.369884 -0.006111 0.045152 -0.062217 0.997022
1277.599477 220.010321 -23.613902 4.364734 -0.007696 0.044211 -0.061912 0.997072
1277.699314 220.140207 -23.617152 4.355065 -0.008794 0.044007 -0.061501 0.997098
1277.799156 220.282968 -23.622026 4.353964 -0.010167 0.043443 -0.061336 0.997119
1277.899780 220.429321 -23.635486 4.356886 -0.011196 0.042369 -0.060967 0.997177
1277.999625 220.575098 -23.654223 4.361260 -0.012173 0.042078 -0.060628 0.997199
1278.099470 220.723895 -23.670079 4.361996 -0.012088 0.041947 -0.060656 0.997204
1278.199297 220.861137 -23.674385 4.357420 -0.010907 0.041524 -0.060739 0.997230
1278.299126 220.989978 -23.686115 4.347731 -0.009893 0.040174 -0.060402 0.997316
1278.399784 221.123758 -23.695550 4.344478 -0.010782 0.038565 -0.060058 0.997391
1278.499612 221.248318 -23.702684 4.349859 -0.011048 0.038495 -0.060452 0.997367
1278.599452 221.378377 -23.712802 4.356738 -0.011469 0.039862 -0.060772 0.997289
1278.699286 221.501410 -23.727207 4.355600 -0.011550 0.039600 -0.060893 0.997292
1278.799119 221.624144 -23.735469 4.345363 -0.009978 0.040554 -0.061157 0.997254
1278.899771 221.752990 -23.744871 4.337740 -0.011313 0.040985 -0.060945 0.997235
1278.999610 221.896457 -23.758873 4.341828 -0.010625 0.039545 -0.060396 0.997334
1279.099456 222.046194 -23.774240 4.345908 -0.011226 0.036880 -0.059826 0.997464
1279.199295 222.194039 -23.787302 4.346922 -0.011892 0.035181 -0.059299 0.997549
1279.299125 222.332111 -23.800200 4.343382 -0.012513 0.036527 -0.059253 0.997496
1279.399752 222.465899 -23.811551 4.344093 -0.012140 0.038347 -0.059961 0.997390
1279.499599 222.605200 -23.825442 4.338164 -0.013645 0.037164 -0.060258 0.997397
1279.599446 222.742329 -23.837942 4.336858 -0.013702 0.036463 -0.060981 0.997379
1279.699289 222.877182 -23.854302 4.335131 -0.011923 0.035902 -0.061314 0.997401
1279.799125 223.008343 -23.864134 4.332227 -0.009769 0.037138 -0.061796 0.997350
1279.899773 223.143874 -23.875500 4.327608 -0.010517 0.038601 -0.062127 0.997266
1279.999614 223.283210 -23.884075 4.325013 -0.012463 0.043075 -0.061903 0.997074
1280.099465 223.414949 -23.894687 4.327347 -0.012678 0.044649 -0.061701 0.997015
1280.199306 223.544851 -23.908154 4.325627 -0.011897 0.044010 -0.061689 0.997054
1280.299137 223.675506 -23.925006 4.320992 -0.009729 0.046477 -0.061649 0.996968
1280.399769 223.803006 -23.937714 4.327019 -0.009809 0.049156 -0.061596 0.996842
1280.499606 223.931675 -23.947372 4.325249 -0.009733 0.049538 -0.061707 0.996817
1280.599446 224.070422 -23.960580 4.318881 -0.009509 0.048329 -0.061533 0.996889
1280.699265 224.208076 -23.974947 4.316213 -0.009001 0.046082 -0.061489 0.997003
1280.799492 224.351807 -23.988795 4.321558 -0.009677 0.043264 -0.061430 0.997126
1280.899324 224.491583 -24.001405 4.322380 -0.009640 0.042199 -0.061718 0.997155
1280.999169 224.637320 -24.016907 4.317575 -0.008437 0.042478 -0.061904 0.997142
1281.099812 224.785044 -24.034383 4.311430 -0.008209 0.044361 -0.061747 0.997072
1281.199651 224.930014 -24.052968 4.308441 -0.008297 0.046527 -0.061656 0.996978
1281.299487 225.080889 -24.071560 4.301189 -0.008354 0.047134 -0.061565 0.996955
1281.399329 225.238622 -24.085878 4.295456 -0.009464 0.049461 -0.061732 0.996822
1281.499170 225.394841 -24.103075 4.294723 -0.010250 0.051823 -0.061526 0.996707
1281.599813 225.540315 -24.122750 4.301642 -0.011834 0.052744 -0.061438 0.996646
1281.699650 225.680305 -24.142371 4.306209 -0.011730 0.051856 -0.061748 0.996675
1281.799503 225.812189 -24.159195 4.308536 -0.011545 0.047810 -0.061819 0.996875
1281.899343 225.960507 -24.173452 4.304376 -0.010794 0.044857 -0.062010 0.997009
1281.999186 226.115936 -24.189928 4.300552 -0.011976 0.043333 -0.061863 0.997072
1282.099831 226.274859 -24.207885 4.296075 -0.012603 0.042862 -0.061531 0.997105
1282.199674 226.429832 -24.230286 4.296418 -0.012761 0.044880 -0.061437 0.997020
1282.299499 226.581145 -24.252683 4.302880 -0.011151 0.043519 -0.061471 0.997097
1282.399331 226.731954 -24.268132 4.304319 -0.009047 0.041177 -0.061550 0.997213
1282.499179 226.877653 -24.286492 4.293930 -0.007612 0.040477 -0.061533 0.997255
1282.599814 227.032156 -24.301365 4.291521 -0.008584 0.044872 -0.061388 0.997068
1282.699660 227.186629 -24.317978 4.293333 -0.009819 0.044865 -0.061351 0.997059
1282.799507 227.337009 -24.340436 4.294851 -0.011830 0.039937 -0.061326 0.997248
1282.899343 227.490624 -24.359065 4.286978 -0.014342 0.034980 -0.061972 0.997362
1282.999180 227.641845 -24.378650 4.281079 -0.010689 0.037384 -0.062859 0.997265
1283.099814 227.788287 -24.394255 4.275104 -0.008370 0.040438 -0.063437 0.997131
1283.199648 227.932495 -24.412139 4.275336 -0.011242 0.044161 -0.063447 0.996944
1283.299494 228.082349 -24.430558 4.281317 -0.012373 0.047092 -0.063401 0.996800
1283.399344 228.234679 -24.451146 4.285544 -0.010366 0.045029 -0.063034 0.996941
1283.499196 228.396782 -24.471744 4.286870 -0.008804 0.044542 -0.063152 0.996971
1283.599823 228.557298 -24.493636 4.284097 -0.009955 0.043604 -0.063373 0.996987
1283.699669 228.707771 -24.513638 4.278526 -0.009811 0.042920 -0.063080 0.997037
1283.799515 228.853444 -24.530331 4.277937 -0.011038 0.042073 -0.063155 0.997055
1283.899354 229.001970 -24.541923 4.276262 -0.010724 0.039430 -0.063357 0.997154
1283.999192 229.148252 -24.558167 4.285309 -0.010265 0.036085 -0.063173 0.997297
1284.099841 229.295875 -24.585324 4.285932 -0.008645 0.033521 -0.062566 0.997440
1284.199686 229.435284 -24.602815 4.289110 -0.008022 0.033094 -0.062686 0.997452
1284.299534 229.574464 -24.623048 4.286315 -0.008416 0.032457 -0.062781 0.997464
1284.399371 229.716388 -24.642926 4.280673 -0.009410 0.033840 -0.062929 0.997400
1284.499211 229.864595 -24.667487 4.276597 -0.013065 0.035444 -0.063023 0.997297
1284.599451 230.014153 -24.688593 4.276928 -0.015075 0.035500 -0.063192 0.997256
1284.699281 230.164637 -24.704558 4.277866 -0.014813 0.035720 -0.063213 0.997251
1284.799132 230.301581 -24.721903 4.274125 -0.013438 0.037535 -0.063080 0.997212
1284.899769 230.442081 -24.740662 4.268628 -0.012043 0.038027 -0.063248 0.997200
1284.999612 230.584740 -24.759617 4.263320 -0.010739 0.036680 -0.063266 0.997265
1285.099457 230.732589 -24.780888 4.266708 -0.009829 0.032289 -0.063241 0.997427
1285.199304 230.864453 -24.796619 4.271618 -0.009454 0.030613 -0.063485 0.997468
1285.299159 230.987848 -24.813556 4.277443 -0.009848 0.032558 -0.063105 0.997427
1285.399796 231.109674 -24.830548 4.276002 -0.011632 0.035015 -0.062737 0.997348
1285.499622 231.236546 -24.852208 4.271324 -0.012044 0.034235 -0.062401 0.997391
1285.599464 231.366656 -24.873461 4.263867 -0.011708 0.033366 -0.062294 0.997431
1285.699301 231.495459 -24.886830 4.257500 -0.010201 0.032466 -0.062698 0.997452
1285.799152 231.624918 -24.896524 4.263717 -0.010346 0.033218 -0.063372 0.997383
1285.899778 231.753295 -24.909903 4.263112 -0.009175 0.032441 -0.063912 0.997386
1285.999636 231.883821 -24.930222 4.262785 -0.009960 0.034500 -0.063602 0.997329
1286.099474 232.011760 -24.950216 4.264276 -0.010359 0.033866 -0.063474 0.997355
1286.199314 232.136510 -24.970495 4.261285 -0.009678 0.032173 -0.063388 0.997423
1286.299151 232.257205 -24.987897 4.259270 -0.008855 0.032342 -0.063162 0.997440
1286.399786 232.373878 -25.005306 4.262778 -0.011894 0.031823 -0.063044 0.997432
1286.499620 232.486520 -25.019136 4.258452 -0.014119 0.030582 -0.063451 0.997416
1286.599474 232.598817 -25.030045 4.254140 -0.012678 0.031979 -0.063505 0.997388
1286.699309 232.709466 -25.040370 4.251994 -0.011821 0.032963 -0.063888 0.997342
1286.799156 232.818907 -25.060421 4.253705 -0.009851 0.030986 -0.063725 0.997438
1286.899799 232.925737 -25.081649 4.257997 -0.007867 0.030719 -0.063631 0.997470
1286.999623 233.030575 -25.097812 4.263173 -0.008560 0.030896 -0.063390 0.997474
1287.099464 233.140842 -25.109537 4.262097 -0.009570 0.033470 -0.063769 0.997357
1287.199309 233.248339 -25.123502 4.254951 -0.011210 0.037536 -0.063920 0.997186
1287.299155 233.363626 -25.138715 4.248051 -0.012620 0.040219 -0.064445 0.997031
1287.399791 233.478728 -25.155464 4.247084 -0.012679 0.036234 -0.064933 0.997151
1287.499624 233.590473 -25.173004 4.255046 -0.010859 0.032594 -0.065140 0.997285
1287.599470 233.692732 -25.191129 4.263000 -0.009948 0.031396 -0.065200 0.997329
1287.699297 233.780947 -25.200955 4.263097 -0.010513 0.033393 -0.065032 0.997269
1287.799145 233.874822 -25.212265 4.256445 -0.011425 0.036418 -0.064484 0.997189
1287.899784 233.976819 -25.232295 4.247126 -0.011384 0.037930 -0.063820 0.997175
1287.999628 234.075472 -25.248768 4.247071 -0.012221 0.037803 -0.064055 0.997155
1288.099485 234.185242 -25.265262 4.252853 -0.012373 0.037695 -0.064250 0.997145
1288.199316 234.297198 -25.277761 4.258208 -0.013451 0.038844 -0.064899 0.997045
1288.299165 234.399481 -25.292446 4.256009 -0.012783 0.039887 -0.065321 0.996985
1288.399802 234.493777 -25.310629 4.252152 -0.010065 0.040588 -0.065615 0.996968
1288.499653 234.590671 -25.322685 4.248768 -0.008340 0.037084 -0.065508 0.997128
1288.599493 234.697559 -25.336902 4.245929 -0.009443 0.036924 -0.065097 0.997151
1288.699344 234.809345 -25.350798 4.254690 -0.011806 0.042572 -0.064787 0.996921
1288.799176 234.914671 -25.369964 4.253766 -0.009490 0.045168 -0.064565 0.996846
1288.899815 235.013038 -25.386458 4.247421 -0.009977 0.046487 -0.065036 0.996750
1288.999662 235.111969 -25.402608 4.244239 -0.010521 0.048190 -0.065643 0.996623
1289.099496 235.205211 -25.412808 4.241785 -0.012218 0.047000 -0.065924 0.996642
1289.199326 235.307513 -25.425724 4.245058 -0.012857 0.044102 -0.065915 0.996767
1289.299174 235.414561 -25.441266 4.248992 -0.010999 0.041420 -0.065638 0.996923
1289.399816 235.529023 -25.457678 4.251023 -0.010856 0.041221 -0.065360 0.996951
1289.499654 235.641595 -25.475793 4.247736 -0.011378 0.042070 -0.065437 0.996905
1289.599497 235.749528 -25.494465 4.242650 -0.010825 0.041237 -0.065270 0.996956
1289.699344 235.850801 -25.508578 4.240931 -0.011365 0.038569 -0.065012 0.997074
1289.799201 235.961385 -25.518488 4.240289 -0.012454 0.038068 -0.065316 0.997060
1289.899434 236.084208 -25.528746 4.239042 -0.011677 0.041501 -0.065685 0.996909
1289.999260 236.200864 -25.548391 4.235168 -0.009170 0.046122 -0.065881 0.996719
1290.099480 236.318288 -25.571018 4.235228 -0.008424 0.050721 -0.066786 0.996442
1290.199313 236.429903 -25.587400 4.233446 -0.008162 0.050741 -0.067072 0.996424
1290.299163 236.537921 -25.599590 4.231720 -0.007986 0.050070 -0.066798 0.996477
1290.399798 236.657918 -25.614559 4.229568 -0.008120 0.051515 -0.066535 0.996420
1290.499632 236.782304 -25.625952 4.224203 -0.008896 0.054921 -0.066706 0.996220
1290.599460 236.907115 -25.640994 4.217222 -0.008250 0.055520 -0.066301 0.996220
1290.699302 237.030831 -25.661590 4.223863 -0.008348 0.053270 -0.065955 0.996365
1290.799138 237.160149 -25.683377 4.233467 -0.008491 0.051652 -0.066149 0.996436
1290.899781 237.290884 -25.703176 4.236920 -0.007798 0.049445 -0.065567 0.996592
1290.999626 237.418814 -25.720360 4.230308 -0.008494 0.048267 -0.065128 0.996673
1291.099471 237.554874 -25.736395 4.227004 -0.011003 0.046484 -0.064911 0.996747
1291.199320 237.692460 -25.752252 4.231991 -0.009430 0.044294 -0.065493 0.996825
1291.299167 237.829040 -25.771268 4.230373 -0.008250 0.042998 -0.066218 0.996844
1291.399797 237.969417 -25.790989 4.222484 -0.007286 0.041398 -0.066858 0.996877
1291.499640 238.109067 -25.812700 4.218602 -0.008937 0.039346 -0.067457 0.996906
1291.599484 238.249567 -25.831898 4.219075 -0.011250 0.038965 -0.068363 0.996836
1291.699311 238.390074 -25.846453 4.223993 -0.010132 0.036817 -0.069334 0.996862
1291.799149 238.522083 -25.865488 4.220681 -0.007229 0.033630 -0.069990 0.996954
1291.899785 238.651037 -25.891021 4.214314 -0.005370 0.030385 -0.069885 0.997078
1291.999635 238.779120 -25.915575 4.209215 -0.007121 0.028319 -0.070103 0.997112
1292.099478 238.908213 -25.934224 4.210124 -0.010951 0.028842 -0.069882 0.997078
1292.199312 239.040822 -25.946035 4.213725 -0.019308 0.031358 -0.068672 0.996959
1292.299165 239.167115 -25.961081 4.222426 -0.020328 0.031491 -0.065936 0.997120
1292.399812 239.280011 -25.980657 4.224404 -0.017556 0.028697 -0.064107 0.997376
1292.499651 239.397112 -26.005880 4.217789 -0.014604 0.026969 -0.063828 0.997490
1292.599493 239.524513 -26.025685 4.211428 -0.011668 0.028082 -0.064216 0.997473
1292.699330 239.653437 -26.038791 4.209971 -0.009459 0.029604 -0.063164 0.997519
1292.799165 239.778588 -26.047700 4.190056 -0.008209 0.029279 -0.061791 0.997626
1292.899804 239.886872 -26.061074 4.183064 -0.007121 0.014591 -0.061219 0.997992
1292.999652 239.974483 -26.073949 4.184383 -0.012920 -0.030665 -0.061370 0.997560
1293.099493 240.056542 -26.090528 4.193900 -0.015418 -0.056960 -0.061376 0.996369
1293.199341 240.138857 -26.107374 4.189238 -0.015294 -0.040025 -0.061284 0.997200
1293.299182 240.203837 -26.115136 4.166724 -0.014043 -0.012693 -0.061314 0.997939
1293.399818 240.262941 -26.117230 4.157904 -0.012076 0.014497 -0.061614 0.997922
1293.499656 240.313599 -26.120099 4.165585 -0.011504 0.022175 -0.061971 0.997765
1293.599494 240.364466 -26.130406 4.197454 -0.011193 0.016017 -0.062242 0.997870
1293.699316 240.416341 -26.143824 4.217077 -0.010439 0.016178 -0.062588 0.997854
1293.799146 240.454841 -26.149588 4.209058 -0.010869 0.022944 -0.062550 0.997719
1293.899792 240.488383 -26.153801 4.192150 -0.011338 0.028179 -0.062371 0.997591
1293.999633 240.519097 -26.154790 4.178963 -0.011853 0.032998 -0.062457 0.997432
1294.099468 240.549335 -26.163091 4.183993 -0.010549 0.037859 -0.062416 0.997276
1294.199302 240.584311 -26.172579 4.191888 -0.009442 0.044019 -0.062535 0.997027
1294.299134 240.619546 -26.180777 4.189734 -0.008726 0.049455 -0.062273 0.996795
1294.399771 240.658533 -26.190152 4.192029 -0.008964 0.053403 -0.062052 0.996603
1294.499607 240.695572 -26.196721 4.193886 -0.009146 0.056584 -0.062268 0.996412
1294.599432 240.745647 -26.202641 4.191993 -0.009240 0.060754 -0.062804 0.996132
1294.699268 240.801418 -26.209437 4.186919 -0.008588 0.062854 -0.063100 0.995989
1294.799507 240.861671 -26.217569 4.185142 -0.008148 0.064711 -0.063593 0.995842
1294.899361 240.920201 -26.227447 4.183838 -0.007858 0.064351 -0.063717 0.995860
1294.999202 240.988763 -26.239707 4.184721 -0.011024 0.063501 -0.063456 0.995901
1295.099442 241.062101 -26.249301 4.187293 -0.013134 0.062990 -0.063525 0.995904
1295.199282 241.140491 -26.259361 4.190814 -0.014367 0.063487 -0.063593 0.995851
1295.299124 241.226909 -26.271083 4.190200 -0.016519 0.063563 -0.063893 0.995793
1295.399763 241.327390 -26.282646 4.185235 -0.017310 0.062086 -0.064001 0.995866
1295.499591 241.436018 -26.296543 4.183013 -0.012122 0.060180 -0.063945 0.996063
1295.599426 241.545659 -26.305997 4.185998 -0.009471 0.057391 -0.064178 0.996242
1295.699258 241.652904 -26.317411 4.186790 -0.010675 0.054685 -0.064030 0.996391
1295.799496 241.759025 -26.331564 4.183823 -0.010729 0.051924 -0.063357 0.996582
1295.899342 241.868553 -26.344402 4.179522 -0.012002 0.050763 -0.063040 0.996647
1295.999180 241.983166 -26.355452 4.179798 -0.015259 0.050335 -0.062655 0.996648
1296.099826 242.090090 -26.361976 4.179298 -0.017762 0.049304 -0.062788 0.996650
1296.199672 242.198435 -26.367814 4.179462 -0.018518 0.047891 -0.063247 0.996676
1296.299511 242.321932 -26.374201 4.180652 -0.017975 0.047067 -0.063622 0.996701
1296.399361 242.450021 -26.382975 4.180282 -0.017307 0.048471 -0.063853 0.996631
1296.499187 242.576157 -26.390473 4.177211 -0.018670 0.050052 -0.063917 0.996524
1296.599831 242.702733 -26.393053 4.179459 -0.018147 0.049920 -0.064085 0.996530
1296.699676 242.829058 -26.396048 4.182168 -0.019875 0.050357 -0.063931 0.996485
1296.799504 242.956162 -26.399686 4.188822 -0.016119 0.049891 -0.063791 0.996585
1296.899329 243.082826 -26.400515 4.189211 -0.011682 0.047036 -0.063999 0.996772
1296.999165 243.213479 -26.401578 4.185239 -0.010005 0.044276 -0.064266 0.996900
1297.099809 243.342722 -26.404071 4.183228 -0.009549 0.040606 -0.064467 0.997048
1297.199639 243.466568 -26.403818 4.183006 -0.010010 0.035723 -0.064418 0.997233
1297.299475 243.589808 -26.407853 4.183636 -0.010281 0.033027 -0.064042 0.997348
1297.399328 243.723802 -26.416836 4.188634 -0.010536 0.034416 -0.063726 0.997318
1297.499159 243.858169 -26.426977 4.185440 -0.010783 0.035034 -0.063732 0.997294
1297.599787 243.998682 -26.427183 4.178410 -0.011096 0.034717 -0.064056 0.997281
1297.699608 244.132780 -26.426917 4.171655 -0.010787 0.033626 -0.064011 0.997324
1297.799454 244.254418 -26.431679 4.174243 -0.010732 0.033016 -0.063936 0.997350
1297.899299 244.366096 -26.435919 4.177876 -0.010944 0.029655 -0.063823 0.997460
1297.999137 244.470018 -26.435793 4.182047 -0.011185 0.028412 -0.064105 0.997476
1298.099775 244.576868 -26.440254 4.180558 -0.011165 0.029011 -0.063937 0.997470
1298.199603 244.696448 -26.446265 4.170931 -0.010423 0.031858 -0.063590 0.997413
1298.299436 244.820676 -26.449608 4.168060 -0.010125 0.034137 -0.063466 0.997349
1298.399286 244.937037 -26.452052 4.173755 -0.009880 0.035753 -0.063463 0.997295
1298.499120 245.054543 -26.456585 4.176311 -0.010153 0.037401 -0.063627 0.997221
1298.599763 245.182386 -26.460740 4.180849 -0.011248 0.040383 -0.064126 0.997061
1298.699611 245.295655 -26.466176 4.180448 -0.010827 0.041029 -0.064345 0.997025
1298.799447 245.407605 -26.472650 4.177776 -0.010678 0.040262 -0.064462 0.997050
1298.899290 245.516415 -26.481280 4.174987 -0.010715 0.038689 -0.064522 0.997108
1298.999124 245.624415 -26.494909 4.178031 -0.011027 0.039419 -0.064535 0.997076
1299.099774 245.733555 -26.506857 4.175469 -0.010761 0.039641 -0.064477 0.997073
1299.199612 245.846318 -26.510844 4.173272 -0.010070 0.039490 -0.064073 0.997113
1299.299451 245.966105 -26.512475 4.168338 -0.010920 0.038479 -0.063384 0.997187
1299.399287 246.074244 -26.517612 4.168286 -0.012560 0.037202 -0.062805 0.997253
1299.499118 246.176487 -26.522552 4.170524 -0.013295 0.035403 -0.062530 0.997326
1299.599758 246.284552 -26.532890 4.172876 -0.014675 0.033857 -0.062920 0.997336
1299.699581 246.398617 -26.547920 4.172788 -0.012743 0.038824 -0.063409 0.997151
1299.799417 246.512988 -26.564570 4.167541 -0.010160 0.044429 -0.063371 0.996949
1299.899257 246.625196 -26.572437 4.159767 -0.007749 0.046870 -0.063240 0.996867
1299.999497 246.743685 -26.574958 4.161393 -0.008133 0.045794 -0.062541 0.996958
1300.099340 246.865117 -26.579140 4.166008 -0.011311 0.044390 -0.061941 0.997028
1300.199174 246.985799 -26.588247 4.167233 -0.012905 0.045067 -0.061896 0.996981
1300.299825 247.114009 -26.603747 4.160834 -0.011630 0.045975 -0.061873 0.996957
1300.399670 247.234271 -26.617720 4.155849 -0.010206 0.043280 -0.061927 0.997090
1300.499521 247.346830 -26.627182 4.153023 -0.008962 0.041337 -0.061870 0.997188
1300.599356 247.449588 -26.631140 4.155161 -0.010191 0.038184 -0.062531 0.997260
1300.699196 247.560113 -26.641612 4.155195 -0.010872 0.036653 -0.062849 0.997290
1300.799827 247.675097 -26.651614 4.155125 -0.009952 0.035800 -0.063500 0.997290
1300.899664 247.781644 -26.659337 4.159592 -0.008934 0.035159 -0.063983 0.997291
1300.999509 247.898635 -26.670268 4.159437 -0.007865 0.034082 -0.064071 0.997332
1301.099350 248.020514 -26.681940 4.160298 -0.008115 0.032278 -0.064243 0.997379
1301.199184 248.141310 -26.690541 4.155294 -0.009057 0.028889 -0.064369 0.997467
1301.299812 248.261039 -26.701427 4.154596 -0.008562 0.025850 -0.063988 0.997579
1301.399654 248.377769 -26.713696 4.154015 -0.009076 0.024492 -0.063606 0.997633
1301.499486 248.494526 -26.727666 4.151772 -0.009724 0.023692 -0.063370 0.997661
1301.599321 248.600968 -26.739933 4.152642 -0.010914 0.023239 -0.063106 0.997677
1301.699165 248.700382 -26.750751 4.159005 -0.011780 0.020100 -0.063569 0.997705
1301.799808 248.795375 -26.754912 4.163209 -0.010339 0.010930 -0.063947 0.997840
1301.899645 248.881189 -26.768296 4.140922 -0.010312 -0.013162 -0.063556 0.997838
1301.999478 248.968892 -26.777068 4.130073 -0.011019 -0.002079 -0.064152 0.997877
1302.099305 249.051449 -26.785878 4.117898 -0.013730 0.021000 -0.064012 0.997634
1302.199137 249.129412 -26.794151 4.126860 -0.013926 0.029957 -0.063480 0.997436
1302.299780 249.213549 -26.804530 4.135302 -0.011897 0.031690 -0.063656 0.997398
1302.399628 249.293816 -26.818184 4.138361 -0.010714 0.030737 -0.063735 0.997436
1302.499456 249.360647 -26.828326 4.131725 -0.009599 0.033561 -0.064557 0.997303
1302.599295 249.420408 -26.831782 4.126797 -0.008163 0.038834 -0.065472 0.997065
1302.699131 249.482330 -26.829711 4.122278 -0.008036 0.042994 -0.065914 0.996866
1302.799756 249.553196 -26.837826 4.124366 -0.008519 0.046823 -0.066017 0.996683
1302.899599 249.625410 -26.847814 4.120505 -0.009310 0.049911 -0.066297 0.996507
1302.999438 249.706016 -26.863846 4.120075 -0.010154 0.052687 -0.066489 0.996343
1303.099274 249.793338 -26.875686 4.118974 -0.009767 0.055856 -0.066336 0.996185
1303.199498 249.886571 -26.887614 4.113874 -0.009596 0.057893 -0.065853 0.996102
1303.299339 249.978348 -26.902717 4.112028 -0.008684 0.057256 -0.065641 0.996161
1303.399177 250.066784 -26.916276 4.113130 -0.010850 0.052382 -0.065690 0.996405
1303.499811 250.158826 -26.925215 4.118173 -0.011217 0.048554 -0.065585 0.996602
1303.599651 250.264002 -26.938081 4.125379 -0.011486 0.047439 -0.065432 0.996663
1303.699483 250.364443 -26.954006 4.123578 -0.010207 0.049569 -0.065465 0.996571
1303.799324 250.469032 -26.967706 4.108036 -0.009218 0.052018 -0.065483 0.996454
1303.899150 250.588818 -26.980292 4.101965 -0.009277 0.056887 -0.065402 0.996193
1303.999787 250.707267 -26.998018 4.103288 -0.008924 0.058745 -0.065072 0.996110
1304.099641 250.818868 -27.014105 4.107114 -0.009898 0.057478 -0.064964 0.996182
1304.199479 250.933868 -27.023116 4.108288 -0.010825 0.058100 -0.065189 0.996121
1304.299334 251.057668 -27.037363 4.107417 -0.010797 0.059524 -0.065233 0.996035
1304.399187 251.185236 -27.054767 4.102893 -0.010369 0.059226 -0.065983 0.996008
1304.499837 251.313787 -27.074077 4.099314 -0.008689 0.057962 -0.066233 0.996081
1304.599666 251.447287 -27.092706 4.097125 -0.008354 0.056274 -0.065761 0.996212
1304.699509 251.583429 -27.111725 4.097210 -0.008658 0.054633 -0.065540 0.996316
1304.799348 251.720698 -27.125915 4.096105 -0.009539 0.053493 -0.064977 0.996406
1304.899185 251.860523 -27.142126 4.099219 -0.010664 0.053204 -0.064899 0.996415
1304.999829 252.002038 -27.162589 4.100706 -0.010525 0.053677 -0.065611 0.996345
1305.099672 252.146321 -27.185213 4.105925 -0.009313 0.054258 -0.066072 0.996295
1305.199518 252.286867 -27.203628 4.107999 -0.008504 0.051908 -0.066426 0.996404
1305.299347 252.432424 -27.224398 4.101131 -0.008712 0.047258 -0.066550 0.996625
1305.399182 252.578953 -27.245704 4.098549 -0.008174 0.046493 -0.066263 0.996685
1305.499822 252.727737 -27.267812 4.096674 -0.008673 0.047017 -0.065742 0.996691
1305.599650 252.882733 -27.287620 4.096394 -0.009891 0.047583 -0.065712 0.996654
1305.699503 253.033324 -27.305842 4.098179 -0.010903 0.046517 -0.065515 0.996707
1305.799345 253.192847 -27.327976 4.096713 -0.010558 0.045510 -0.065145 0.996782
1305.899191 253.356530 -27.352431 4.095064 -0.010883 0.043236 -0.065375 0.996864
1305.999825 253.515425 -27.375362 4.095009 -0.010847 0.041150 -0.065706 0.996931
1306.099665 253.662254 -27.395785 4.099385 -0.010837 0.039552 -0.065852 0.996986
1306.199504 253.810773 -27.421976 4.098777 -0.011287 0.039537 -0.065876 0.996980
1306.299344 253.961445 -27.446324 4.090316 -0.011177 0.039844 -0.065808 0.996974
1306.399190 254.103121 -27.468312 4.080409 -0.012191 0.036853 -0.065870 0.997073
1306.499837 254.243147 -27.487893 4.081201 -0.012948 0.034094 -0.066151 0.997143
1306.599667 254.388524 -27.508656 4.082747 -0.011564 0.035399 -0.066220 0.997110
1306.699503 254.542716 -27.526719 4.080153 -0.010129 0.037677 -0.066407 0.997030
1306.799342 254.695003 -27.548826 4.078017 -0.009630 0.039345 -0.066336 0.996975
1306.899176 254.849145 -27.576305 4.079762 -0.010741 0.038765 -0.065891 0.997016
1306.999816 254.993648 -27.596806 4.082422 -0.012368 0.038200 -0.065834 0.997022
1307.099636 255.134810 -27.614225 4.076317 -0.012901 0.038765 -0.065794 0.996996
1307.199478 255.269809 -27.634864 4.072163 -0.012843 0.038422 -0.065876 0.997005
1307.299319 255.405358 -27.654911 4.074815 -0.011468 0.037017 -0.066232 0.997051
1307.399154 255.554083 -27.674152 4.082710 -0.009714 0.036294 -0.066636 0.997070
1307.499788 255.693077 -27.689532 4.087591 -0.008172 0.036363 -0.067024 0.997055
1307.599636 255.825358 -27.706980 4.081207 -0.008313 0.035256 -0.066959 0.997098
1307.699468 255.952194 -27.728034 4.072444 -0.008320 0.033957 -0.067083 0.997135
1307.799313 256.078277 -27.743772 4.067922 -0.011014 0.032286 -0.067632 0.997127
1307.899146 256.211652 -27.766098 4.067437 -0.013684 0.031574 -0.067424 0.997131
1307.999777 256.345604 -27.781521 4.068951 -0.016353 0.030213 -0.067763 0.997110
1308.099623 256.478356 -27.793400 4.072366 -0.019053 0.029131 -0.068360 0.997053
1308.199470 256.609495 -27.809621 4.065298 -0.018345 0.027003 -0.068185 0.997139
1308.299318 256.741313 -27.827982 4.060863 -0.017060 0.026275 -0.068055 0.997190
1308.399152 256.872624 -27.838266 4.054394 -0.016620 0.026157 -0.068044 0.997201
1308.499792 256.998359 -27.841082 4.059777 -0.018465 0.025995 -0.067828 0.997187
1308.599640 257.108551 -27.846201 4.061319 -0.018021 0.024853 -0.067301 0.997260
1308.699483 257.215013 -27.852635 4.059783 -0.019084 0.024354 -0.067145 0.997263
1308.799325 257.328130 -27.859533 4.057065 -0.018734 0.023658 -0.066721 0.997315
1308.899161 257.432617 -27.861614 4.038469 -0.015425 0.023707 -0.066402 0.997392
1308.999797 257.524896 -27.861562 4.044044 -0.010707 0.014480 -0.066553 0.997620
1309.099641 257.614924 -27.859544 4.050018 -0.009290 0.003689 -0.066747 0.997720
1309.199488 257.706979 -27.860677 4.063268 -0.009962 -0.008783 -0.066986 0.997665
1309.299323 257.804182 -27.862984 4.089251 -0.008481 -0.008304 -0.067385 0.997656
1309.399178 257.883816 -27.859289 4.072850 -0.008325 -0.021351 -0.067372 0.997465
1309.499815 257.947648 -27.865261 4.047321 -0.008107 -0.025967 -0.067038 0.997380
1309.599649 257.999005 -27.871813 4.026729 -0.007816 -0.017857 -0.066675 0.997584
1309.699487 258.038188 -27.869518 4.026802 -0.008248 -0.006847 -0.066676 0.997717
1309.799315 258.067460 -27.865258 4.038472 -0.009544 0.003438 -0.066566 0.997730
1309.899170 258.090798 -27.862726 4.058949 -0.011728 0.008465 -0.066987 0.997649
1309.999815 258.120814 -27.861347 4.070206 -0.013313 0.012201 -0.067635 0.997547
1310.099655 258.145381 -27.857921 4.072541 -0.011761 0.018405 -0.068367 0.997421
1310.199483 258.160483 -27.860880 4.060818 -0.011286 0.022864 -0.068384 0.997333
1310.299317 258.182281 -27.868620 4.052181 -0.011448 0.024579 -0.068541 0.997280
1310.399144 258.203933 -27.875484 4.055535 -0.011534 0.024456 -0.068471 0.997287
1310.499787 258.228401 -27.874809 4.063135 -0.011605 0.023997 -0.068382 0.997303
1310.599644 258.241591 -27.876703 4.069267 -0.011585 0.022531 -0.068200 0.997350
1310.699490 258.250775 -27.875917 4.069331 -0.011971 0.021987 -0.068551 0.997333
1310.799324 258.258396 -27.875708 4.065990 -0.012328 0.020912 -0.068826 0.997333
1310.899148 258.269362 -27.875375 4.065478 -0.012138 0.021322 -0.068913 0.997321
1310.999779 258.277088 -27.878220 4.071157 -0.012586 0.020616 -0.068754 0.997341
1311.099614 258.281869 -27.880733 4.066351 -0.012690 0.019951 -0.068746 0.997354
1311.199454 258.277645 -27.880365 4.060788 -0.013076 0.023690 -0.068909 0.997256
1311.299279 258.276165 -27.878561 4.067594 -0.012829 0.028787 -0.068858 0.997129
1311.399116 258.278652 -27.874845 4.074788 -0.012360 0.031102 -0.068870 0.997064
1311.499755 258.271247 -27.872552 4.079814 -0.012089 0.029137 -0.068830 0.997130
1311.599586 258.264828 -27.872877 4.080202 -0.011802 0.027828 -0.068780 0.997174
1311.699417 258.258565 -27.874922 4.075404 -0.011497 0.026939 -0.068709 0.997207
1311.799257 258.251516 -27.875437 4.071950 -0.011553 0.027553 -0.068610 0.997196
1311.899499 258.252032 -27.877778 4.067834 -0.011777 0.028680 -0.068553 0.997166
1311.999329 258.258734 -27.882512 4.070375 -0.011724 0.029506 -0.068547 0.997143
1312.099173 258.262973 -27.878163 4.078302 -0.011235 0.029912 -0.068636 0.997130
1312.199818 258.263681 -27.869266 4.076101 -0.011201 0.029315 -0.068789 0.997138
1312.299641 258.262785 -27.868639 4.065514 -0.011145 0.028274 -0.068803 0.997167
1312.399485 258.271236 -27.874073 4.059325 -0.011123 0.027897 -0.068762 0.997181
1312.499325 258.278791 -27.878963 4.065703 -0.011747 0.028152 -0.068846 0.997161
1312.599172 258.283403 -27.876330 4.076258 -0.011288 0.028423 -0.068965 0.997150
1312.699835 258.276142 -27.872046 4.079652 -0.010986 0.028289 -0.068974 0.997157
1312.799677 258.268102 -27.864040 4.073115 -0.010592 0.028133 -0.069103 0.997157
1312.899512 258.256876 -27.867003 4.065971 -0.010845 0.028341 -0.068894 0.997162
1312.999347 258.244737 -27.873258 4.064211 -0.011250 0.028341 -0.068773 0.997166
1313.099208 258.232578 -27.870223 4.071645 -0.011784 0.028341 -0.068974 0.997146
1313.199450 258.232218 -27.869305 4.071580 -0.011255 0.028759 -0.069040 0.997136
1313.299287 258.225810 -27.864408 4.070259 -0.009739 0.029745 -0.069240 0.997109
1313.399136 258.221114 -27.863777 4.066615 -0.009394 0.030556 -0.068912 0.997110
1313.499775 258.219817 -27.866693 4.062374 -0.010663 0.030224 -0.068898 0.997109
1313.599614 258.224449 -27.873836 4.058030 -0.011216 0.027967 -0.068844 0.997172
1313.699450 258.228555 -27.877553 4.057850 -0.011466 0.026680 -0.068693 0.997215
1313.799290 258.236177 -27.868487 4.059338 -0.010802 0.029755 -0.068977 0.997116
1313.899139 258.246096 -27.867421 4.061371 -0.010029 0.038779 -0.068728 0.996831
1313.999793 258.256623 -27.868103 4.050270 -0.009253 0.052973 -0.068712 0.996186
1314.099636 258.270422 -27.869658 4.045078 -0.009598 0.065293 -0.068580 0.995460
1314.199470 258.292358 -27.874701 4.044006 -0.009381 0.072157 -0.068593 0.994988
1314.299315 258.320852 -27.883557 4.040603 -0.008282 0.078212 -0.068656 0.994535
1314.399142 258.357113 -27.888556 4.034555 -0.007191 0.082808 -0.068823 0.994160
1314.499775 258.397852 -27.888855 4.034688 -0.006813 0.086619 -0.069380 0.993799
1314.599605 258.452525 -27.891938 4.043384 -0.005770 0.089659 -0.069611 0.993520
1314.699442 258.517873 -27.902315 4.039164 -0.004483 0.090637 -0.069554 0.993442
1314.799277 258.595587 -27.918197 4.022968 -0.004838 0.092749 -0.069494 0.993250
1314.899118 258.676719 -27.934097 4.016847 -0.006307 0.098622 -0.069535 0.992673
1314.999746 258.775965 -27.948539 4.017961 -0.006078 0.102235 -0.069286 0.992326
1315.099602 258.887391 -27.964953 4.026307 -0.006910 0.100786 -0.069086 0.992483
1315.199432 259.017565 -27.982927 4.025458 -0.006374 0.095066 -0.069241 0.993040
1315.299281 259.162979 -28.003273 4.021613 -0.005753 0.092643 -0.069306 0.993268
1315.399118 259.309092 -28.025514 4.022399 -0.005184 0.089808 -0.069437 0.993522
1315.499765 259.461330 -28.049901 4.021928 -0.004641 0.086115 -0.069311 0.993860
1315.599620 259.617701 -28.075987 4.028522 -0.004101 0.082704 -0.068888 0.994182
1315.699454 259.788784 -28.102763 4.032956 -0.005671 0.078853 -0.068652 0.994503
1315.799283 259.962418 -28.126312 4.030797 -0.008990 0.072750 -0.068609 0.994947
1315.899121 260.141239 -28.153452 4.028670 -0.011348 0.066198 -0.068346 0.995398
1315.999756 260.324567 -28.182279 4.024890 -0.011960 0.062227 -0.068125 0.995662
1316.099606 260.519690 -28.210653 4.017500 -0.010856 0.062869 -0.068375 0.995618
1316.199438 260.710881 -28.235194 4.011513 -0.012893 0.062579 -0.068295 0.995617
1316.299309 260.910490 -28.261761 4.006986 -0.017674 0.055869 -0.068430 0.995934
1316.399131 261.111217 -28.291107 4.009308 -0.020491 0.042936 -0.068321 0.996528
1316.499771 261.317034 -28.319416 4.000415 -0.018446 0.028981 -0.068448 0.997063
1316.599607 261.508652 -28.344105 4.060971 -0.014772 -0.007466 -0.068416 0.997520
1316.699445 261.691396 -28.368906 4.035278 -0.011002 -0.057886 -0.068300 0.995923
1316.799284 261.874933 -28.391135 3.957782 -0.011693 -0.036497 -0.068802 0.996894
1316.899113 262.032435 -28.403144 3.916691 -0.014226 0.000711 -0.068863 0.997524
1316.999750 262.173138 -28.412646 3.917322 -0.017439 -0.033957 -0.068055 0.996951
1317.099608 262.307933 -28.421313 4.002699 -0.013804 -0.069082 -0.067925 0.995200
1317.199441 262.416733 -28.435498 4.060102 -0.014880 -0.064967 -0.067988 0.995457
1317.299295 262.494057 -28.444915 4.029895 -0.011569 -0.025184 -0.068220 0.997285
1317.399126 262.559448 -28.447381 4.000363 -0.010595 0.020104 -0.068145 0.997417
1317.499751 262.624979 -28.450055 4.012335 -0.010415 0.040784 -0.068167 0.996786
1317.599589 262.695241 -28.455990 4.020656 -0.009027 0.043465 -0.068711 0.996648
1317.699437 262.764610 -28.472573 4.027157 -0.007379 0.042005 -0.069131 0.996696
1317.799275 262.843415 -28.488202 4.032632 -0.006663 0.044297 -0.069493 0.996576
1317.899511 262.920207 -28.501655 4.020237 -0.006814 0.047096 -0.069464 0.996449
1317.999356 263.000131 -28.502563 4.018413 -0.006666 0.051875 -0.069533 0.996208
1318.099207 263.077231 -28.506997 4.017956 -0.008316 0.054013 -0.069334 0.996095
1318.199463 263.153349 -28.518185 4.021266 -0.009104 0.055923 -0.069622 0.995963
1318.299296 263.225299 -28.531820 4.036093 -0.010349 0.055459 -0.069870 0.995960
1318.399124 263.309522 -28.542854 4.043440 -0.012422 0.052697 -0.070102 0.996070
1318.499751 263.404558 -28.555033 4.040775 -0.013888 0.050623 -0.070172 0.996153
1318.599602 263.510244 -28.569040 4.031930 -0.014221 0.054024 -0.070307 0.995960
1318.699443 263.621195 -28.582217 4.028237 -0.016292 0.056139 -0.070505 0.995797
1318.799275 263.729177 -28.593119 4.029697 -0.019183 0.054021 -0.070124 0.995890
1318.899505 263.836432 -28.595983 4.031264 -0.019081 0.052280 -0.069969 0.995996
1318.999356 263.953570 -28.603030 4.036146 -0.019280 0.054667 -0.070119 0.995853
1319.099187 264.069766 -28.614676 4.033476 -0.017242 0.056668 -0.070079 0.995781
1319.199844 264.187336 -28.622209 4.026035 -0.013427 0.057204 -0.070228 0.995799
1319.299675 264.305744 -28.629720 4.027785 -0.010875 0.057348 -0.070507 0.995802
1319.399513 264.419158 -28.640527 4.033659 -0.009528 0.054479 -0.070478 0.995979
1319.499348 264.537273 -28.650006 4.034417 -0.009180 0.049463 -0.070495 0.996243
1319.599195 264.660769 -28.653881 4.034497 -0.008952 0.048413 -0.070951 0.996264
1319.699828 264.793184 -28.654162 4.035475 -0.008931 0.049978 -0.071242 0.996166
1319.799649 264.923685 -28.658584 4.031731 -0.009125 0.053641 -0.071331 0.995967
1319.899484 265.058402 -28.669888 4.026616 -0.009812 0.053191 -0.071498 0.995973
1319.999317 265.194557 -28.682396 4.028465 -0.010120 0.049729 -0.071836 0.996125
1320.099162 265.342105 -28.697401 4.037262 -0.011190 0.043963 -0.072502 0.996336
1320.199807 265.491600 -28.705479 4.047947 -0.009797 0.044134 -0.072860 0.996317
1320.299660 265.629525 -28.713451 4.047250 -0.008471 0.042710 -0.072596 0.996411
1320.399504 265.760033 -28.723057 4.037768 -0.007056 0.041921 -0.071982 0.996500
1320.499354 265.889029 -28.736139 4.022089 -0.007031 0.041773 -0.071458 0.996544
1320.599195 266.023185 -28.742988 4.022580 -0.009165 0.039343 -0.071393 0.996630
1320.699830 266.166254 -28.750992 4.023869 -0.010885 0.037767 -0.071777 0.996646
1320.799662 266.312550 -28.760171 4.026192 -0.010201 0.037868 -0.072463 0.996600
1320.899494 266.458002 -28.779674 4.026276 -0.008319 0.040174 -0.072715 0.996509
1320.999332 266.590412 -28.792334 4.029986 -0.008065 0.041971 -0.073004 0.996415
1321.099180 266.719401 -28.806246 4.027230 -0.009106 0.040823 -0.072948 0.996458
1321.199822 266.844898 -28.815987 4.023334 -0.009816 0.038211 -0.073075 0.996546
1321.299658 266.980939 -28.824946 4.019406 -0.009723 0.038234 -0.073130 0.996542
1321.399504 267.121514 -28.835292 4.021512 -0.010274 0.039467 -0.072869 0.996507
1321.499349 267.257893 -28.854061 4.021284 -0.011278 0.040499 -0.072680 0.996469
1321.599178 267.396128 -28.872300 4.023029 -0.011357 0.040784 -0.072649 0.996459
1321.699810 267.528419 -28.888231 4.016045 -0.011513 0.039828 -0.072547 0.996503
1321.799663 267.657053 -28.903839 4.017322 -0.011160 0.037553 -0.072401 0.996606
1321.899495 267.793452 -28.917547 4.019258 -0.010702 0.036360 -0.072588 0.996642
1321.999337 267.933741 -28.935449 4.021260 -0.010478 0.036063 -0.071906 0.996704
1322.099185 268.072588 -28.955454 4.021111 -0.012362 0.040081 -0.071529 0.996556
1322.199829 268.205573 -28.970618 4.016385 -0.012788 0.042965 -0.071753 0.996415
1322.299662 268.336607 -28.984719 4.008767 -0.011423 0.043841 -0.071716 0.996396
1322.399490 268.465051 -29.001631 4.002979 -0.009175 0.042104 -0.072017 0.996472
1322.499331 268.596083 -29.017542 4.003660 -0.009409 0.041163 -0.071880 0.996519
1322.599170 268.724498 -29.033063 4.011533 -0.012514 0.040651 -0.072279 0.996477
1322.699822 268.856103 -29.050843 4.011825 -0.013283 0.041084 -0.072523 0.996432
1322.799639 268.992287 -29.067745 4.007442 -0.012116 0.041007 -0.072871 0.996424
1322.899479 269.129400 -29.082883 3.998673 -0.010521 0.040981 -0.072963 0.996437
1322.999306 269.253569 -29.093959 3.994279 -0.010058 0.040922 -0.073095 0.996434
1323.099151 269.375656 -29.105838 3.995346 -0.010969 0.040866 -0.073472 0.996399
1323.199792 269.504302 -29.121527 3.992425 -0.011065 0.041607 -0.073445 0.996370
1323.299632 269.639369 -29.142496 3.988778 -0.011325 0.042728 -0.073159 0.996340
1323.399481 269.764148 -29.159305 3.986515 -0.009381 0.040628 -0.072996 0.996460
1323.499324 269.896759 -29.177927 3.986179 -0.006839 0.038483 -0.072483 0.996603
1323.599162 270.025908 -29.194777 3.981544 -0.008019 0.041368 -0.072242 0.996497
1323.699808 270.157305 -29.209115 3.986654 -0.009264 0.047841 -0.072223 0.996197
1323.799651 270.293554 -29.226200 3.990358 -0.008578 0.051816 -0.071846 0.996032
1323.899493 270.442170 -29.244490 3.985363 -0.008142 0.050265 -0.071344 0.996151
1323.999318 270.585525 -29.261747 3.975324 -0.010115 0.047167 -0.071142 0.996299
1324.099169 270.720646 -29.273663 3.971083 -0.010494 0.044647 -0.071493 0.996386
1324.199803 270.845905 -29.291488 3.972943 -0.008332 0.042959 -0.071797 0.996459
1324.299655 270.980113 -29.314521 3.970648 -0.007051 0.043929 -0.072204 0.996397
1324.399502 271.121089 -29.332398 3.966297 -0.008305 0.045922 -0.072910 0.996246
1324.499344 271.265251 -29.346699 3.963113 -0.009026 0.047299 -0.073827 0.996108
1324.599189 271.406891 -29.365906 3.960833 -0.009478 0.046510 -0.073921 0.996134
1324.699827 271.537398 -29.385207 3.960557 -0.010933 0.043229 -0.074295 0.996239
1324.799668 271.674019 -29.406024 3.958295 -0.010985 0.040252 -0.074423 0.996354
1324.899507 271.816491 -29.426289 3.955861 -0.011231 0.040323 -0.074523 0.996340
1324.999353 271.956750 -29.444889 3.951452 -0.011121 0.039655 -0.074908 0.996340
1325.099213 272.099574 -29.466984 3.951113 -0.011310 0.039296 -0.075005 0.996344
1325.199470 272.233136 -29.487082 3.949006 -0.012446 0.039247 -0.074804 0.996348
1325.299312 272.365657 -29.504315 3.942778 -0.012504 0.041101 -0.074559 0.996291
1325.399146 272.496533 -29.523816 3.934646 -0.011007 0.045614 -0.074853 0.996090
1325.499771 272.636071 -29.545311 3.929341 -0.008715 0.049979 -0.074659 0.995918
1325.599626 272.779460 -29.566616 3.926889 -0.010062 0.053498 -0.074738 0.995716
1325.699472 272.925040 -29.589445 3.925319 -0.010130 0.054262 -0.074468 0.995695
1325.799304 273.069539 -29.608389 3.924190 -0.008572 0.052863 -0.074184 0.995806
1325.899142 273.205819 -29.630564 3.926591 -0.009617 0.048831 -0.074160 0.996004
1325.999782 273.346646 -29.654821 3.930024 -0.010713 0.046091 -0.074105 0.996127
1326.099619 273.495666 -29.677174 3.928141 -0.010210 0.045311 -0.073980 0.996178
1326.199464 273.648426 -29.698655 3.921500 -0.009955 0.046204 -0.073972 0.996140
1326.299302 273.796435 -29.720696 3.916181 -0.010711 0.046178 -0.073836 0.996143
1326.399135 273.939767 -29.742942 3.911813 -0.010848 0.044239 -0.073931 0.996223
1326.499776 274.087371 -29.766624 3.910619 -0.010651 0.042696 -0.074176 0.996274
1326.599613 274.231347 -29.792133 3.906962 -0.010573 0.042064 -0.074343 0.996289
1326.699462 274.381527 -29.813994 3.902448 -0.011680 0.044692 -0.074822 0.996126
1326.799301 274.533170 -29.834567 3.901276 -0.011208 0.046901 -0.075157 0.996005
1326.899143 274.684882 -29.860226 3.907784 -0.011088 0.047581 -0.074876 0.995995
1326.999785 274.832371 -29.891275 3.917721 -0.011475 0.044793 -0.074609 0.996140
1327.099636 274.981624 -29.914527 3.908388 -0.010288 0.040845 -0.074754 0.996312
1327.199477 275.124637 -29.931810 3.892881 -0.008985 0.039834 -0.074465 0.996387
1327.299320 275.270346 -29.951250 3.889374 -0.011695 0.043740 -0.074940 0.996160
1327.399143 275.420036 -29.975164 3.895751 -0.013743 0.047926 -0.074882 0.995945
1327.499784 275.575474 -30.006597 3.896299 -0.013365 0.049545 -0.074510 0.995899
1327.599624 275.719345 -30.035687 3.893510 -0.012935 0.049050 -0.074594 0.995923
1327.699468 275.867360 -30.059701 3.890128 -0.012224 0.048928 -0.074904 0.995915
1327.799307 276.019733 -30.083494 3.888368 -0.011803 0.048188 -0.075303 0.995926
1327.899162 276.173437 -30.104897 3.887186 -0.012285 0.047758 -0.075443 0.995930
1327.999779 276.324486 -30.127006 3.887763 -0.013241 0.044215 -0.075066 0.996110
1328.099616 276.473570 -30.153754 3.884579 -0.017038 0.042358 -0.074612 0.996167
1328.199463 276.624160 -30.176774 3.883368 -0.018914 0.041024 -0.074482 0.996199
1328.299307 276.770265 -30.200542 3.879361 -0.018621 0.044305 -0.074495 0.996063
1328.399140 276.920316 -30.222679 3.873097 -0.017102 0.048401 -0.074858 0.995872
1328.499784 277.071012 -30.245423 3.866394 -0.015818 0.048894 -0.074827 0.995872
1328.599609 277.218214 -30.264400 3.852549 -0.018809 0.046683 -0.075068 0.995907
1328.699454 277.374839 -30.277013 3.847965 -0.019908 0.042034 -0.075322 0.996074
1328.799303 277.528968 -30.290620 3.865382 -0.019968 0.038591 -0.075449 0.996202
1328.899146 277.679469 -30.308293 3.876858 -0.018613 0.037718 -0.075270 0.996276
1328.999792 277.829277 -30.323278 3.869802 -0.018747 0.040471 -0.075469 0.996150
1329.099637 277.973947 -30.337070 3.854899 -0.018885 0.042765 -0.075575 0.996044
1329.199486 278.113969 -30.350602 3.835009 -0.020654 0.042639 -0.075587 0.996013
1329.299318 278.265751 -30.360176 3.828991 -0.020414 0.040366 -0.075511 0.996118
1329.399174 278.418261 -30.370105 3.831897 -0.020933 0.038896 -0.075158 0.996193
1329.499814 278.565560 -30.379192 3.845913 -0.019151 0.039143 -0.074974 0.996233
1329.599650 278.715651 -30.389594 3.854394 -0.016283 0.040113 -0.075166 0.996231
1329.699493 278.870518 -30.400315 3.855713 -0.014882 0.041041 -0.075401 0.996197
1329.799321 279.017540 -30.411819 3.848630 -0.014824 0.040821 -0.075496 0.996200
1329.899179 279.162930 -30.419691 3.836796 -0.014660 0.038694 -0.075559 0.996282
1329.999818 279.303114 -30.420788 3.832922 -0.013835 0.036340 -0.075548 0.996384
1330.099658 279.435149 -30.421999 3.835832 -0.012783 0.033907 -0.075902 0.996457
1330.199496 279.572509 -30.434071 3.838436 -0.012690 0.032029 -0.075906 0.996520
1330.299342 279.712512 -30.447671 3.845824 -0.013681 0.030184 -0.075898 0.996565
1330.399184 279.853959 -30.451900 3.845530 -0.013823 0.027834 -0.076050 0.996620
1330.499824 279.975357 -30.458237 3.840179 -0.014867 0.022161 -0.075475 0.996791
1330.599679 280.096441 -30.463781 3.834629 -0.012943 0.014224 -0.075624 0.996951
1330.699507 280.221260 -30.464463 3.825835 -0.012455 0.018246 -0.076133 0.996853
1330.799356 280.347502 -30.466536 3.815399 -0.012853 0.024803 -0.076161 0.996704
1330.899201 280.467305 -30.473437 3.817632 -0.010723 0.016593 -0.075681 0.996936
1330.999444 280.582589 -30.489487 3.832242 -0.011859 0.018566 -0.075621 0.996893
1331.099291 280.676573 -30.495571 3.832589 -0.013681 0.000953 -0.075486 0.997053
1331.199134 280.769079 -30.498680 3.818313 -0.012053 -0.002182 -0.075539 0.997068
1331.299779 280.865274 -30.501748 3.807582 -0.012070 0.015017 -0.075902 0.996929
1331.399614 280.955564 -30.507310 3.807051 -0.013031 0.029350 -0.075625 0.996619
1331.499455 281.041855 -30.515994 3.805491 -0.013251 0.035581 -0.075635 0.996412
1331.599298 281.122769 -30.527803 3.809169 -0.014518 0.034007 -0.075602 0.996452
1331.699124 281.194381 -30.540551 3.817787 -0.014792 0.030186 -0.075552 0.996575
1331.799763 281.262913 -30.551924 3.830976 -0.014412 0.030712 -0.075435 0.996573
1331.899598 281.342958 -30.559535 3.829309 -0.014011 0.033053 -0.075281 0.996516
1331.999436 281.419002 -30.563364 3.816142 -0.014200 0.033969 -0.075077 0.996498
1332.099286 281.497462 -30.567855 3.809264 -0.014664 0.032243 -0.075127 0.996545
1332.199126 281.580513 -30.581120 3.808482 -0.014908 0.030492 -0.075194 0.996591
1332.299758 281.655861 -30.589280 3.813900 -0.013807 0.018751 -0.075091 0.996905
1332.399610 281.724024 -30.594762 3.818004 -0.013990 0.014513 -0.075048 0.996976
1332.499447 281.791155 -30.601771 3.821419 -0.014931 0.022214 -0.075048 0.996821
1332.599295 281.855039 -30.607071 3.818344 -0.014505 0.033260 -0.075087 0.996517
1332.699143 281.912673 -30.613233 3.809044 -0.014056 0.040275 -0.075190 0.996256
1332.799796 281.972642 -30.614203 3.807350 -0.012904 0.043563 -0.075305 0.996125
1332.899649 282.039292 -30.616823 3.805416 -0.011549 0.045194 -0.075681 0.996040
1332.999509 282.104703 -30.617073 3.809545 -0.010555 0.052506 -0.075723 0.995690
1333.099355 282.170407 -30.625195 3.807945 -0.009949 0.058463 -0.075657 0.995369
1333.199191 282.240097 -30.640314 3.806219 -0.008831 0.061974 -0.075463 0.995182
1333.299845 282.318172 -30.651079 3.796448 -0.008610 0.064085 -0.075544 0.995044
1333.399693 282.400925 -30.657185 3.781461 -0.009358 0.068776 -0.075466 0.994730
1333.499535 282.481600 -30.661949 3.781350 -0.009934 0.075675 -0.075233 0.994241
1333.599374 282.573255 -30.669866 3.782845 -0.010141 0.081992 -0.075469 0.993720
1333.699208 282.690198 -30.684779 3.782956 -0.009840 0.087096 -0.075417 0.993292
1333.799465 282.819455 -30.704460 3.786269 -0.009161 0.090254 -0.075589 0.993004
1333.899311 282.949373 -30.725601 3.776578 -0.007979 0.089484 -0.075714 0.993074
1333.999151 283.083285 -30.746082 3.767543 -0.007224 0.088931 -0.075809 0.993122
1334.099785 283.229137 -30.760384 3.768594 -0.005855 0.089949 -0.076121 0.993016
1334.199634 283.386160 -30.779928 3.763853 -0.006708 0.093754 -0.075986 0.992669
1334.299477 283.544096 -30.797384 3.753260 -0.007427 0.095469 -0.076090 0.992492
1334.399323 283.705760 -30.819183 3.746830 -0.007843 0.093657 -0.076117 0.992660
1334.499154 283.875033 -30.844774 3.748371 -0.008538 0.089638 -0.076310 0.993010
1334.599791 284.058241 -30.877340 3.757996 -0.008232 0.085232 -0.075809 0.993439
1334.699634 284.247909 -30.909789 3.765355 -0.007223 0.082565 -0.075831 0.993670
1334.799475 284.453471 -30.943510 3.765628 -0.007885 0.081212 -0.075972 0.993766
1334.899329 284.674555 -30.976334 3.753373 -0.009991 0.079899 -0.075893 0.993859
1334.999180 284.887673 -31.007295 3.740428 -0.015754 0.073333 -0.075715 0.994304
1335.099808 285.102141 -31.039232 3.742329 -0.019104 0.059177 -0.075448 0.995209
1335.199638 285.313022 -31.075507 3.755778 -0.019622 0.046915 -0.075106 0.995878
1335.299485 285.528702 -31.108118 3.761758 -0.021043 0.042328 -0.075132 0.996053
1335.399329 285.749622 -31.131869 3.754729 -0.021461 0.042053 -0.075131 0.996055
1335.499168 285.971319 -31.152194 3.741088 -0.021317 0.041300 -0.074990 0.996101
1335.599803 286.195898 -31.182313 3.736119 -0.021747 0.041492 -0.075004 0.996082
1335.699657 286.406326 -31.210083 3.742610 -0.023330 0.042364 -0.074680 0.996034
1335.799496 286.617954 -31.231567 3.761679 -0.024157 0.045718 -0.074821 0.995855
1335.899333 286.833609 -31.255154 3.758776 -0.024417 0.049583 -0.074437 0.995693
1335.999186 287.044814 -31.277888 3.743529 -0.023681 0.054960 -0.074552 0.995420
1336.099814 287.260888 -31.300367 3.731403 -0.020401 0.058646 -0.074368 0.995296
1336.199660 287.474876 -31.321153 3.722512 -0.016961 0.058042 -0.074417 0.995392
1336.299497 287.690885 -31.340919 3.718671 -0.014814 0.054769 -0.074479 0.995607
1336.399325 287.897052 -31.359138 3.718869 -0.014507 0.050793 -0.074687 0.995807
1336.499170 288.109106 -31.376576 3.726000 -0.015084 0.048549 -0.074784 0.995903
1336.599792 288.324960 -31.395330 3.731218 -0.015106 0.045520 -0.074776 0.996046
1336.699640 288.541829 -31.413067 3.723216 -0.015351 0.041751 -0.074734 0.996211
1336.799478 288.756870 -31.431765 3.721057 -0.015517 0.038214 -0.074671 0.996355
1336.899333 288.969933 -31.447717 3.718109 -0.016124 0.035768 -0.074893 0.996419
1336.999172 289.180702 -31.463557 3.711858 -0.016617 0.033096 -0.074626 0.996524
1337.099802 289.383378 -31.482986 3.707424 -0.015762 0.032409 -0.074834 0.996545
1337.199634 289.590318 -31.502739 3.707561 -0.014885 0.033579 -0.075145 0.996496
1337.299469 289.788674 -31.522842 3.712947 -0.014515 0.034952 -0.075300 0.996442
1337.399307 289.984068 -31.542798 3.711878 -0.017403 0.034196 -0.075387 0.996416
1337.499155 290.176422 -31.560742 3.705173 -0.021926 0.032886 -0.075463 0.996365
1337.599806 290.363069 -31.574350 3.700078 -0.024253 0.033086 -0.075613 0.996293
1337.699645 290.549267 -31.584670 3.700245 -0.023428 0.033760 -0.075602 0.996291
1337.799480 290.735922 -31.600101 3.696613 -0.019467 0.035466 -0.075209 0.996347
1337.899316 290.922752 -31.615666 3.691590 -0.015557 0.036210 -0.075273 0.996384
1337.999146 291.113513 -31.628370 3.691265 -0.015064 0.034529 -0.075505 0.996434
1338.099785 291.301796 -31.639981 3.692934 -0.014704 0.031012 -0.075575 0.996549
1338.199622 291.481329 -31.648641 3.697196 -0.015638 0.029502 -0.075602 0.996579
1338.299457 291.652106 -31.661613 3.689482 -0.015471 0.028989 -0.075232 0.996625
1338.399315 291.824264 -31.677271 3.679817 -0.015870 0.031156 -0.075423 0.996538
1338.499151 291.992180 -31.690634 3.669460 -0.016201 0.032127 -0.075353 0.996508
1338.599796 292.152500 -31.702569 3.670225 -0.015609 0.030779 -0.075313 0.996563
1338.699628 292.308854 -31.711797 3.674460 -0.015659 0.028067 -0.075276 0.996645
1338.799467 292.460460 -31.722616 3.676980 -0.014396 0.027271 -0.075291 0.996685
1338.899309 292.607546 -31.733097 3.675199 -0.014438 0.027620 -0.075637 0.996648
1338.999166 292.755866 -31.746645 3.671102 -0.014719 0.028342 -0.075555 0.996630
1339.099803 292.905493 -31.760404 3.668236 -0.014513 0.028268 -0.075561 0.996635
1339.199638 293.041836 -31.771639 3.662662 -0.015624 0.027060 -0.075717 0.996640
1339.299491 293.167947 -31.779803 3.657389 -0.015832 0.015092 -0.075735 0.996888
1339.399339 293.301037 -31.784305 3.655302 -0.014965 0.012674 -0.076512 0.996876
1339.499186 293.438128 -31.793332 3.641680 -0.014749 0.019528 -0.076671 0.996756
1339.599836 293.576566 -31.806576 3.637253 -0.013878 0.027932 -0.076590 0.996575
1339.699677 293.707395 -31.821745 3.635633 -0.012975 0.032925 -0.076604 0.996433
1339.799513 293.827310 -31.834736 3.631886 -0.013579 0.033822 -0.076769 0.996383
1339.899358 293.948221 -31.845340 3.612719 -0.013772 0.031428 -0.076783 0.996457
1339.999190 294.064286 -31.856522 3.597478 -0.013888 0.032338 -0.076631 0.996438
1340.099823 294.184363 -31.863573 3.584689 -0.014539 0.033307 -0.076548 0.996403
1340.199672 294.309083 -31.870642 3.572826 -0.013362 0.035687 -0.076887 0.996311
1340.299504 294.419446 -31.876712 3.557277 -0.013232 0.037544 -0.077204 0.996220
1340.399352 294.518880 -31.885755 3.542509 -0.013538 0.037133 -0.077401 0.996216
1340.499196 294.620652 -31.898821 3.539608 -0.013210 0.036067 -0.077471 0.996254
1340.599838 294.724431 -31.910950 3.535550 -0.013942 0.035602 -0.077677 0.996245
1340.699666 294.832527 -31.923828 3.522819 -0.013448 0.038946 -0.077730 0.996123
1340.799510 294.947714 -31.935539 3.510748 -0.012743 0.043307 -0.077878 0.995940
1340.899363 295.054457 -31.945364 3.506328 -0.013751 0.046060 -0.077889 0.995803
1340.999204 295.158756 -31.957248 3.505990 -0.014309 0.046134 -0.077788 0.995799
1341.099456 295.252954 -31.966883 3.509559 -0.016374 0.048454 -0.077839 0.995653
1341.199309 295.349793 -31.976917 3.507094 -0.016458 0.049870 -0.077754 0.995589
1341.299143 295.456732 -31.991016 3.503944 -0.015028 0.050008 -0.078002 0.995585
1341.399782 295.574139 -32.002434 3.500055 -0.013910 0.047412 -0.078107 0.995720
1341.499624 295.694069 -32.014892 3.505059 -0.013761 0.044255 -0.078332 0.995850
1341.599461 295.813203 -32.026950 3.508935 -0.013787 0.042700 -0.078385 0.995913
1341.699299 295.934400 -32.040031 3.509105 -0.014388 0.042583 -0.078345 0.995913
1341.799156 296.054727 -32.054894 3.502324 -0.013914 0.045619 -0.078178 0.995798
1341.899797 296.176246 -32.068634 3.496025 -0.014247 0.047545 -0.078429 0.995683
1341.999646 296.291784 -32.078753 3.492397 -0.014717 0.046409 -0.078094 0.995756
1342.099490 296.398327 -32.088853 3.495442 -0.014807 0.044263 -0.077590 0.995892
1342.199341 296.501778 -32.099659 3.502651 -0.013908 0.041376 -0.077436 0.996041
1342.299193 296.616466 -32.110680 3.501807 -0.012490 0.039519 -0.077839 0.996104
1342.399816 296.738705 -32.122848 3.500989 -0.011183 0.039324 -0.078495 0.996076
1342.499648 296.861574 -32.135490 3.501147 -0.009234 0.037915 -0.079028 0.996108
1342.599487 296.982008 -32.148580 3.497216 -0.009778 0.035601 -0.078987 0.996192
1342.699324 297.097681 -32.163152 3.493597 -0.011710 0.033070 -0.078404 0.996304
1342.799180 297.205511 -32.171657 3.488113 -0.013332 0.033030 -0.078005 0.996316
1342.899813 297.312006 -32.182762 3.478011 -0.013299 0.035238 -0.077460 0.996284
1342.999645 297.421837 -32.194088 3.482326 -0.012268 0.038225 -0.077573 0.996178
1343.099473 297.528748 -32.204765 3.480294 -0.010390 0.037959 -0.077840 0.996189
1343.199317 297.633951 -32.217924 3.482335 -0.009174 0.036179 -0.077794 0.996271
1343.299161 297.741379 -32.232637 3.481481 -0.010104 0.035664 -0.078044 0.996261
1343.399794 297.856911 -32.246381 3.485028 -0.010803 0.037599 -0.078455 0.996150
1343.499622 297.973592 -32.259134 3.472977 -0.012005 0.039250 -0.079150 0.996017
1343.599452 298.079623 -32.273694 3.467899 -0.012329 0.040730 -0.079782 0.995904
1343.699285 298.180850 -32.287744 3.469943 -0.012448 0.040521 -0.080241 0.995874
1343.799117 298.287275 -32.303345 3.471576 -0.012383 0.039464 -0.080197 0.995921
1343.899753 298.388589 -32.317332 3.467479 -0.012848 0.039839 -0.080027 0.995913
1343.999613 298.483778 -32.332270 3.459695 -0.013324 0.042263 -0.080110 0.995801
1344.099452 298.588807 -32.351116 3.446964 -0.013494 0.048388 -0.080216 0.995511
1344.199279 298.699069 -32.363996 3.429199 -0.013356 0.053100 -0.080299 0.995266
1344.299126 298.814559 -32.380331 3.409532 -0.014079 0.051533 -0.080204 0.995346
1344.399763 298.940187 -32.400469 3.403648 -0.014077 0.047515 -0.080150 0.995550
1344.499611 299.063602 -32.420211 3.392843 -0.014224 0.044383 -0.080210 0.995688
1344.599453 299.182449 -32.441945 3.383948 -0.013619 0.043782 -0.080414 0.995706
1344.699310 299.299053 -32.460173 3.366518 -0.013061 0.043942 -0.080656 0.995687
1344.799151 299.422143 -32.477847 3.352015 -0.012158 0.043064 -0.080725 0.995731
1344.899774 299.545914 -32.493008 3.344496 -0.012835 0.041339 -0.081013 0.995773
1344.999621 299.666886 -32.512380 3.337710 -0.013134 0.038648 -0.081028 0.995876
1345.099464 299.784555 -32.532207 3.336353 -0.013526 0.038197 -0.081184 0.995875
1345.199297 299.893545 -32.551526 3.331026 -0.013618 0.038633 -0.081572 0.995825
1345.299136 300.000651 -32.570790 3.321495 -0.014474 0.039470 -0.081895 0.995754
1345.399776 300.114527 -32.590372 3.309234 -0.013972 0.039865 -0.082044 0.995733
1345.499597 300.229256 -32.608268 3.299441 -0.012942 0.037761 -0.081977 0.995835
1345.599428 300.350610 -32.627456 3.291399 -0.013216 0.035599 -0.081694 0.995934
1345.699270 300.473477 -32.646869 3.294319 -0.014587 0.038333 -0.081979 0.995790
1345.799523 300.587653 -32.664537 3.295503 -0.015634 0.039114 -0.082281 0.995719
1345.899363 300.693830 -32.683814 3.296617 -0.015679 0.036697 -0.081984 0.995834
1345.999199 300.798641 -32.700175 3.296073 -0.015153 0.033253 -0.081804 0.995978
1346.099429 300.907923 -32.713879 3.292220 -0.015344 0.030991 -0.082020 0.996031
1346.199268 301.010864 -32.730241 3.280670 -0.015127 0.031274 -0.081943 0.996031
1346.299508 301.114284 -32.747408 3.275502 -0.014848 0.033399 -0.081870 0.995973
1346.399353 301.220811 -32.764119 3.269624 -0.014582 0.036727 -0.082223 0.995830
1346.499187 301.328477 -32.782075 3.258917 -0.014085 0.039445 -0.082153 0.995739
1346.599821 301.428396 -32.800266 3.246286 -0.014230 0.039452 -0.082186 0.995734
1346.699667 301.532521 -32.816495 3.234291 -0.013937 0.036001 -0.082349 0.995856
1346.799512 301.630552 -32.830632 3.223414 -0.014910 0.033940 -0.082281 0.995919
1346.899342 301.727567 -32.846765 3.214841 -0.014255 0.034435 -0.082335 0.995908
1346.999175 301.826630 -32.865423 3.208628 -0.015100 0.036905 -0.082515 0.995792
1347.099821 301.932707 -32.883747 3.194187 -0.013802 0.038837 -0.082628 0.995728
1347.199651 302.027985 -32.895192 3.181277 -0.015893 0.039698 -0.082539 0.995670
1347.299492 302.124358 -32.909466 3.173475 -0.016850 0.038956 -0.082036 0.995725
1347.399333 302.223904 -32.924350 3.171052 -0.018441 0.038602 -0.082171 0.995700
1347.499186 302.329951 -32.940454 3.162542 -0.019519 0.039024 -0.082429 0.995641
1347.599818 302.430507 -32.954333 3.146984 -0.018351 0.039720 -0.082295 0.995647
1347.699676 302.529917 -32.962974 3.143411 -0.015617 0.038852 -0.082489 0.995712
1347.799514 302.634847 -32.973666 3.146869 -0.012591 0.037821 -0.082942 0.995757
1347.899359 302.737045 -32.983304 3.149095 -0.012714 0.036204 -0.083237 0.995791
1347.999199 302.834028 -32.997304 3.142910 -0.014075 0.035356 -0.083203 0.995806
1348.099437 302.931765 -33.010143 3.138487 -0.013975 0.036109 -0.082887 0.995807
1348.199285 303.029872 -33.021667 3.131668 -0.015087 0.035577 -0.082345 0.995854
1348.299123 303.132983 -33.034035 3.130695 -0.015981 0.034812 -0.081632 0.995926
1348.399765 303.239147 -33.042318 3.133329 -0.016301 0.033227 -0.081238 0.996007
1348.499623 303.340326 -33.055387 3.136770 -0.014081 0.032838 -0.081385 0.996042
1348.599463 303.439490 -33.066853 3.137282 -0.013744 0.031107 -0.081866 0.996063
1348.699302 303.537874 -33.077947 3.132526 -0.013257 0.030876 -0.082506 0.996024
1348.799142 303.629880 -33.088765 3.128611 -0.013185 0.033266 -0.082789 0.995924
1348.899779 303.715635 -33.097477 3.126480 -0.012052 0.034746 -0.083048 0.995867
1348.999626 303.806392 -33.106662 3.126747 -0.012026 0.034874 -0.083650 0.995812
1349.099459 303.902695 -33.119111 3.123893 -0.012363 0.033634 -0.084033 0.995818
1349.199297 303.998689 -33.131016 3.121480 -0.012478 0.035007 -0.084371 0.995741
1349.299141 304.095138 -33.139392 3.120451 -0.013410 0.036841 -0.084892 0.995619
1349.399793 304.192749 -33.150269 3.122790 -0.014023 0.039246 -0.084851 0.995522
1349.499623 304.284740 -33.162233 3.121515 -0.013561 0.040260 -0.084947 0.995479
1349.599465 304.382776 -33.177062 3.118164 -0.012109 0.040084 -0.085164 0.995487
1349.699301 304.474720 -33.192321 3.117255 -0.011916 0.039034 -0.084926 0.995551
1349.799136 304.569997 -33.204242 3.117749 -0.013415 0.039068 -0.084683 0.995551
1349.899782 304.664546 -33.218862 3.117971 -0.014746 0.039607 -0.084356 0.995539
1349.999630 304.759413 -33.234141 3.113612 -0.015497 0.040900 -0.084015 0.995504
1350.099460 304.854758 -33.249903 3.107982 -0.015027 0.041306 -0.084001 0.995496
1350.199309 304.946277 -33.270133 3.108649 -0.014612 0.040064 -0.083698 0.995578
1350.299149 305.031253 -33.289297 3.112465 -0.014874 0.038858 -0.083546 0.995635
1350.399788 305.117845 -33.302759 3.115987 -0.016110 0.038791 -0.083758 0.995600
1350.499608 305.210644 -33.315096 3.113891 -0.017495 0.039817 -0.083112 0.995591
1350.599439 305.304000 -33.332112 3.107503 -0.017714 0.042481 -0.081949 0.995573
1350.699286 305.410039 -33.351732 3.094486 -0.018645 0.043966 -0.081391 0.995537
1350.799125 305.514475 -33.369140 3.082643 -0.018730 0.044568 -0.081135 0.995530
1350.899770 305.607962 -33.390604 3.075301 -0.019018 0.043647 -0.081173 0.995562
1350.999626 305.697925 -33.409876 3.070245 -0.017703 0.041746 -0.081136 0.995671
1351.099463 305.792264 -33.427081 3.059502 -0.016172 0.042195 -0.081411 0.995656
1351.199300 305.889987 -33.445247 3.047293 -0.015906 0.044765 -0.081523 0.995539
1351.299128 305.996053 -33.460767 3.039792 -0.015378 0.046434 -0.081391 0.995481
1351.399771 306.112960 -33.476512 3.025875 -0.015188 0.045230 -0.081381 0.995540
1351.499596 306.227461 -33.496368 3.017891 -0.015489 0.042479 -0.081052 0.995684
1351.599437 306.342653 -33.516462 3.010309 -0.015385 0.041282 -0.080947 0.995744
1351.699262 306.454596 -33.532342 3.005762 -0.015221 0.043190 -0.081141 0.995650
1351.799495 306.563540 -33.549234 3.004541 -0.014760 0.045015 -0.081152 0.995575
1351.899337 306.662577 -33.564702 3.002977 -0.014970 0.045384 -0.081344 0.995540
1351.999183 306.758911 -33.577999 3.003895 -0.016729 0.042700 -0.081711 0.995600
1352.099823 306.855352 -33.588894 3.003177 -0.016101 0.040072 -0.082014 0.995695
1352.199665 306.962109 -33.607112 3.000973 -0.013278 0.039018 -0.082215 0.995762
1352.299499 307.080601 -33.625046 3.000904 -0.010095 0.039917 -0.082268 0.995759
1352.399334 307.196163 -33.642044 3.000626 -0.009441 0.043411 -0.082218 0.995624
1352.499170 307.309989 -33.655571 2.994680 -0.011192 0.045938 -0.082247 0.995490
1352.599803 307.430262 -33.677115 3.000134 -0.011933 0.045276 -0.082410 0.995498
1352.699648 307.555184 -33.697612 3.008682 -0.013839 0.043325 -0.082725 0.995534
1352.799483 307.671790 -33.715005 3.004540 -0.015161 0.041473 -0.082761 0.995591
1352.899332 307.784646 -33.729359 3.003053 -0.016410 0.042300 -0.083051 0.995512
1352.999159 307.891037 -33.747962 2.996601 -0.016699 0.042885 -0.082883 0.995496
1353.099798 308.001808 -33.770344 2.996037 -0.014683 0.040409 -0.082787 0.995639
1353.199632 308.114928 -33.791936 3.000309 -0.014714 0.038893 -0.083129 0.995671
1353.299477 308.236766 -33.807502 3.000918 -0.016509 0.039340 -0.083115 0.995626
1353.399320 308.359123 -33.822808 2.992876 -0.017733 0.041115 -0.082536 0.995582
1353.499154 308.475438 -33.843505 2.984624 -0.017960 0.043104 -0.081981 0.995539
1353.599780 308.600923 -33.866119 2.989236 -0.019296 0.044867 -0.081684 0.995461
1353.699620 308.731692 -33.885717 2.988482 -0.020651 0.043769 -0.081759 0.995476
1353.799463 308.843323 -33.898570 2.991641 -0.022003 0.040415 -0.082256 0.995548
1353.899305 308.959558 -33.915655 2.993421 -0.024121 0.037121 -0.081331 0.995704
1353.999150 309.088415 -33.933584 2.995482 -0.024181 0.035780 -0.080071 0.995853
1354.099781 309.211853 -33.946880 2.997942 -0.024076 0.036983 -0.078400 0.995945
1354.199621 309.334800 -33.960961 2.997922 -0.022128 0.038597 -0.075440 0.996157
1354.299452 309.455357 -33.969082 2.991775 -0.024078 0.038848 -0.071483 0.996394
1354.399290 309.579445 -33.976406 2.990268 -0.027342 0.038677 -0.067010 0.996627
1354.499133 309.698805 -33.983231 2.980739 -0.028058 0.038619 -0.061922 0.996939
1354.599758 309.819839 -33.989781 2.980682 -0.026436 0.039093 -0.057658 0.997220
1354.699600 309.940212 -33.998210 2.989006 -0.021794 0.039428 -0.056492 0.997386
1354.799425 310.064525 -33.999465 2.995472 -0.019659 0.038848 -0.056769 0.997438
1354.899261 310.185449 -34.003041 2.999409 -0.016699 0.037954 -0.057150 0.997504
1354.999508 310.297631 -34.004346 2.992338 -0.013991 0.035187 -0.057226 0.997643
1355.099356 310.408535 -34.006075 2.979433 -0.013208 0.032621 -0.056716 0.997770
1355.199190 310.530335 -34.012210 2.975896 -0.014711 0.033800 -0.055826 0.997760
1355.299827 310.649640 -34.017445 2.982174 -0.015846 0.035028 -0.055805 0.997701
1355.399666 310.767596 -34.020314 2.988392 -0.017171 0.030422 -0.056507 0.997791
1355.499500 310.878588 -34.021607 2.988170 -0.019784 0.025949 -0.057490 0.997813
1355.599323 310.994227 -34.022673 2.994576 -0.021716 0.021903 -0.057581 0.997864
1355.699151 311.109178 -34.030017 2.977321 -0.018968 0.015241 -0.057431 0.998053
1355.799792 311.226393 -34.036496 2.966457 -0.016956 0.019122 -0.058238 0.997976
1355.899625 311.329463 -34.045676 2.966265 -0.014558 0.025219 -0.058551 0.997860
1355.999455 311.427162 -34.050411 2.969438 -0.013573 0.025093 -0.059799 0.997803
1356.099296 311.520940 -34.052044 2.967981 -0.014944 0.024126 -0.061884 0.997680
1356.199141 311.604093 -34.056393 2.978482 -0.015944 0.018285 -0.064090 0.997649
1356.299777 311.690564 -34.063116 2.973324 -0.016223 0.004656 -0.064784 0.997757
1356.399621 311.782406 -34.075341 2.974204 -0.016538 0.009064 -0.065995 0.997642
1356.499451 311.866963 -34.086998 2.969192 -0.016148 0.021581 -0.067290 0.997369
1356.599289 311.936782 -34.092062 2.962643 -0.016580 0.024580 -0.068911 0.997182
1356.699134 312.005744 -34.098140 2.964226 -0.016050 0.026403 -0.070822 0.997010
1356.799792 312.071485 -34.101325 2.970022 -0.018245 0.014601 -0.071430 0.997172
1356.899628 312.138966 -34.105737 2.966697 -0.020295 0.011446 -0.071511 0.997168
1356.999471 312.212116 -34.115994 2.954467 -0.021146 0.017788 -0.071223 0.997078
1357.099317 312.288682 -34.126471 2.955174 -0.020340 0.025982 -0.070578 0.996960
1357.199161 312.357985 -34.131560 2.955005 -0.019651 0.027349 -0.070288 0.996958
1357.299807 312.403991 -34.135341 2.961972 -0.018445 0.010532 -0.069748 0.997339
1357.399656 312.431127 -34.134978 2.974388 -0.017337 -0.002453 -0.069763 0.997410
1357.499503 312.458099 -34.131924 2.975506 -0.016663 0.005189 -0.070610 0.997351
1357.599334 312.491142 -34.131970 2.970968 -0.016691 0.018421 -0.071132 0.997157
1357.699176 312.519077 -34.135542 2.959303 -0.016494 0.028388 -0.071325 0.996913
1357.799813 312.558802 -34.139129 2.948696 -0.016570 0.032064 -0.071071 0.996818
1357.899657 312.598552 -34.142102 2.953824 -0.015983 0.035079 -0.071031 0.996729
1357.999496 312.642021 -34.149046 2.961258 -0.016406 0.036531 -0.070730 0.996691
1358.099337 312.694655 -34.158183 2.964296 -0.015750 0.039797 -0.070642 0.996583
1358.199151 312.744707 -34.165448 2.960456 -0.015167 0.045342 -0.070469 0.996367
1358.299792 312.785432 -34.168129 2.955721 -0.015071 0.050967 -0.070689 0.996081
1358.399637 312.828572 -34.173521 2.954919 -0.014025 0.054262 -0.070704 0.995922
1358.499468 312.867330 -34.177574 2.953538 -0.014469 0.054888 -0.070970 0.995862
1358.599319 312.903929 -34.183981 2.953373 -0.014541 0.053267 -0.071323 0.995924
1358.699155 312.936922 -34.191751 2.949297 -0.015139 0.052690 -0.071398 0.995940
1358.799801 312.987759 -34.198502 2.946409 -0.016079 0.054459 -0.071819 0.995800
1358.899648 313.056631 -34.206835 2.946493 -0.015430 0.056909 -0.072008 0.995660
1358.999488 313.131745 -34.217142 2.942122 -0.016231 0.059595 -0.072137 0.995480
1359.099336 313.211148 -34.229500 2.930212 -0.015781 0.062046 -0.072392 0.995319
1359.199169 313.295500 -34.244236 2.916572 -0.015278 0.065846 -0.072464 0.995078
1359.299804 313.381820 -34.259348 2.898914 -0.014835 0.070527 -0.072716 0.994745
1359.399633 313.477896 -34.273177 2.885542 -0.014760 0.075272 -0.072884 0.994386
1359.499469 313.577036 -34.290235 2.872185 -0.014367 0.076432 -0.072781 0.994311
1359.599305 313.667680 -34.306247 2.863637 -0.015005 0.072593 -0.072793 0.994588
1359.699150 313.768759 -34.324506 2.856841 -0.015808 0.068663 -0.072987 0.994841
1359.799784 313.888313 -34.343679 2.843767 -0.016070 0.066027 -0.073038 0.995011
1359.899627 314.001090 -34.358186 2.831097 -0.015967 0.065094 -0.072175 0.995137
1359.999470 314.135096 -34.374623 2.816956 -0.017718 0.062845 -0.071116 0.995329
1360.099307 314.281499 -34.397819 2.812962 -0.021098 0.060535 -0.070189 0.995472
1360.199164 314.417648 -34.417598 2.819982 -0.022222 0.056674 -0.070370 0.995662
1360.299813 314.560037 -34.435782 2.828205 -0.020367 0.051866 -0.071671 0.995871
1360.399645 314.702443 -34.455012 2.830824 -0.014191 0.052157 -0.073530 0.995827
1360.499477 314.837760 -34.472372 2.823202 -0.010800 0.052660 -0.075331 0.995709
1360.599322 314.968711 -34.493732 2.816010 -0.007334 0.048362 -0.076365 0.995879
1360.699151 315.111959 -34.513153 2.807953 -0.005927 0.042263 -0.077215 0.996101
1360.799780 315.257955 -34.529388 2.808394 -0.009943 0.038353 -0.077466 0.996207
1360.899615 315.410394 -34.547060 2.810307 -0.015022 0.036293 -0.076946 0.996261
1360.999455 315.559651 -34.571302 2.812394 -0.017916 0.037743 -0.076307 0.996209
1361.099311 315.695634 -34.597320 2.812638 -0.017801 0.038622 -0.075949 0.996204
1361.199171 315.827138 -34.616418 2.808854 -0.017445 0.039375 -0.075945 0.996182
1361.299815 315.966152 -34.639859 2.804999 -0.017628 0.039073 -0.075408 0.996231
1361.399660 316.106319 -34.659873 2.810300 -0.016584 0.041207 -0.075285 0.996172
1361.499504 316.257882 -34.678114 2.811622 -0.015635 0.041873 -0.074918 0.996188
1361.599350 316.410745 -34.700479 2.806896 -0.015059 0.042619 -0.074821 0.996172
1361.699195 316.554982 -34.724649 2.804821 -0.014777 0.042801 -0.074309 0.996207
1361.799841 316.689808 -34.745112 2.803215 -0.015103 0.041103 -0.073463 0.996336
1361.899694 316.824820 -34.762860 2.797560 -0.015350 0.038645 -0.072934 0.996470
1361.999520 316.955825 -34.777260 2.792087 -0.017283 0.039627 -0.072803 0.996409
1362.099368 317.087365 -34.793415 2.788601 -0.017138 0.042870 -0.072305 0.996313
1362.199212 317.221434 -34.812281 2.784828 -0.016802 0.045930 -0.072410 0.996175
1362.299461 317.350880 -34.832868 2.779796 -0.016611 0.048577 -0.072667 0.996034
1362.399305 317.490309 -34.850059 2.780398 -0.019234 0.048846 -0.073387 0.995921
1362.499148 317.640878 -34.862638 2.785936 -0.022047 0.045722 -0.073936 0.995970
1362.599800 317.796924 -34.877634 2.789141 -0.024257 0.041346 -0.074103 0.996098
1362.699638 317.944010 -34.892627 2.785465 -0.024070 0.038234 -0.074167 0.996222
1362.799473 318.091932 -34.905299 2.782665 -0.022181 0.036650 -0.073698 0.996360
1362.899315 318.226871 -34.917599 2.778728 -0.020665 0.035759 -0.073054 0.996472
1362.999146 318.357896 -34.926605 2.773029 -0.019654 0.035401 -0.072386 0.996554
1363.099783 318.496425 -34.937925 2.765097 -0.017565 0.036455 -0.072381 0.996556
1363.199627 318.630764 -34.948076 2.765567 -0.017658 0.038596 -0.072853 0.996439
1363.299469 318.767047 -34.957790 2.765472 -0.016420 0.039979 -0.073282 0.996374
1363.399299 318.901392 -34.967532 2.760116 -0.015130 0.041053 -0.073342 0.996347
1363.499141 319.024023 -34.976514 2.752791 -0.015800 0.040823 -0.072807 0.996385
1363.599790 319.155547 -34.988083 2.752106 -0.017660 0.039444 -0.071779 0.996484
1363.699635 319.279173 -35.002174 2.756218 -0.019092 0.037117 -0.071558 0.996563
1363.799486 319.410169 -35.013796 2.759684 -0.019106 0.038058 -0.071803 0.996509
1363.899331 319.535108 -35.024007 2.757152 -0.017857 0.039054 -0.072030 0.996478
1363.999188 319.658864 -35.035513 2.748049 -0.017017 0.037396 -0.072248 0.996540
1364.099825 319.784836 -35.046185 2.743551 -0.017875 0.034360 -0.072544 0.996613
1364.199676 319.904522 -35.058640 2.741823 -0.019528 0.034525 -0.072753 0.996561
1364.299502 320.027587 -35.074808 2.738924 -0.020485 0.035166 -0.072891 0.996509
1364.399334 320.148575 -35.090017 2.739475 -0.020717 0.037788 -0.073082 0.996394
1364.499173 320.270180 -35.097679 2.738235 -0.020057 0.038518 -0.073300 0.996364
1364.599811 320.386662 -35.104846 2.736648 -0.017944 0.038851 -0.072923 0.996419
1364.699647 320.497167 -35.116752 2.734334 -0.017487 0.036503 -0.072342 0.996558
1364.799467 320.606561 -35.127739 2.733179 -0.018727 0.035052 -0.072042 0.996610
1364.899315 320.722596 -35.137721 2.730702 -0.019862 0.035310 -0.071816 0.996595
1364.999152 320.843314 -35.149418 2.728761 -0.019353 0.036720 -0.071451 0.996580
1365.099797 320.961648 -35.162103 2.727584 -0.018730 0.036479 -0.071476 0.996599
1365.199628 321.070494 -35.170681 2.723642 -0.018795 0.036305 -0.071511 0.996602
1365.299458 321.179778 -35.178927 2.718657 -0.018817 0.036675 -0.071656 0.996577
1365.399294 321.280386 -35.187163 2.718691 -0.017575 0.037288 -0.071780 0.996568
1365.499150 321.391349 -35.197376 2.717507 -0.016230 0.038045 -0.071829 0.996559
1365.599795 321.503979 -35.208123 2.718489 -0.016054 0.038626 -0.071776 0.996543
1365.699637 321.608514 -35.219492 2.719256 -0.016554 0.038453 -0.071636 0.996552
1365.799479 321.716161 -35.229755 2.716700 -0.016644 0.039018 -0.071636 0.996528
1365.899328 321.831109 -35.238554 2.713700 -0.016184 0.038961 -0.072033 0.996510
1365.999172 321.944563 -35.247330 2.711940 -0.017241 0.036910 -0.072203 0.996558
1366.099808 322.054930 -35.257249 2.711260 -0.017008 0.037072 -0.072680 0.996521
1366.199647 322.155577 -35.270333 2.709926 -0.016502 0.036919 -0.072991 0.996512
1366.299472 322.255522 -35.281375 2.707281 -0.015460 0.036948 -0.073112 0.996519
1366.399309 322.361815 -35.292581 2.704417 -0.015194 0.037677 -0.073065 0.996499
1366.499152 322.463822 -35.301669 2.704403 -0.016272 0.038076 -0.072934 0.996477
1366.599790 322.563462 -35.311672 2.704969 -0.016988 0.037766 -0.072615 0.996500
1366.699630 322.668397 -35.323613 2.705016 -0.016528 0.038900 -0.072318 0.996486
1366.799461 322.773339 -35.337013 2.702719 -0.015868 0.042773 -0.071955 0.996364
1366.899305 322.881946 -35.353926 2.695792 -0.014095 0.049627 -0.071609 0.996098
1366.999136 322.993469 -35.366125 2.684954 -0.014460 0.054403 -0.071458 0.995854
1367.099785 323.104564 -35.378025 2.671211 -0.015465 0.057422 -0.071262 0.995683
1367.199609 323.217153 -35.391024 2.653957 -0.014799 0.061335 -0.071660 0.995431
1367.299453 323.338207 -35.404443 2.640467 -0.013122 0.064604 -0.071787 0.995239
1367.399283 323.455664 -35.418671 2.628012 -0.013188 0.063481 -0.071630 0.995322
1367.499128 323.579573 -35.436069 2.614712 -0.015462 0.059071 -0.071364 0.995580
1367.599765 323.709207 -35.449450 2.591886 -0.015595 0.053914 -0.071194 0.995882
1367.699592 323.838999 -35.465423 2.570858 -0.015570 0.051552 -0.070992 0.996022
1367.799420 323.966254 -35.481939 2.559784 -0.015530 0.051990 -0.071156 0.995988
1367.899267 324.097409 -35.494667 2.544318 -0.013422 0.048593 -0.072201 0.996115
1367.999502 324.224315 -35.506722 2.530562 -0.009141 0.047529 -0.073145 0.996146
1368.099341 324.362728 -35.520732 2.519050 -0.008481 0.049975 -0.074452 0.995935
1368.199175 324.496352 -35.537288 2.514870 -0.009505 0.050673 -0.075467 0.995815
1368.299817 324.622592 -35.553335 2.507850 -0.011021 0.049953 -0.075404 0.995840
1368.399665 324.743443 -35.568362 2.504539 -0.012628 0.050240 -0.074936 0.995842
1368.499507 324.878507 -35.588145 2.501701 -0.013535 0.049339 -0.074745 0.995889
1368.599359 325.017365 -35.605539 2.501196 -0.011352 0.047657 -0.074265 0.996034
1368.699182 325.160339 -35.622724 2.505442 -0.011810 0.046596 -0.073975 0.996101
1368.799834 325.308563 -35.644190 2.505660 -0.016405 0.049615 -0.073784 0.995904
1368.899671 325.453939 -35.665140 2.497305 -0.021216 0.052495 -0.073774 0.995666
1368.999504 325.591119 -35.680091 2.491672 -0.021700 0.051814 -0.074293 0.995653
1369.099347 325.727624 -35.694559 2.494238 -0.019995 0.049931 -0.074800 0.995747
1369.199190 325.865366 -35.712606 2.501000 -0.017934 0.048163 -0.075640 0.995810
1369.299827 326.007672 -35.729315 2.502354 -0.017101 0.047270 -0.076302 0.995817
1369.399668 326.163027 -35.746545 2.499903 -0.017097 0.047831 -0.076652 0.995763
1369.499510 326.318999 -35.762780 2.493405 -0.018245 0.049463 -0.076525 0.995673
1369.599349 326.473554 -35.777841 2.489723 -0.017575 0.048350 -0.075739 0.995800
1369.699182 326.628453 -35.791249 2.489035 -0.017321 0.045561 -0.074929 0.995997
1369.799827 326.781855 -35.805127 2.490083 -0.017101 0.045500 -0.074720 0.996019
1369.899673 326.929157 -35.820737 2.491390 -0.015759 0.047211 -0.074629 0.995969
1369.999516 327.065063 -35.835040 2.492873 -0.015330 0.047606 -0.074772 0.995946
1370.099371 327.206675 -35.850053 2.491838 -0.015240 0.047008 -0.075114 0.995950
1370.199197 327.349980 -35.864916 2.487821 -0.013947 0.045750 -0.075405 0.996005
1370.299838 327.488444 -35.877154 2.486483 -0.013080 0.045499 -0.075615 0.996013
1370.399681 327.629395 -35.888987 2.485312 -0.014059 0.044072 -0.075579 0.996066
1370.499513 327.779341 -35.906652 2.486644 -0.014511 0.043915 -0.075634 0.996062
1370.599352 327.925059 -35.921208 2.480756 -0.013482 0.045614 -0.075688 0.995996
1370.699191 328.075369 -35.935841 2.474163 -0.012664 0.049498 -0.076044 0.995795
1370.799832 328.230565 -35.954967 2.473212 -0.011948 0.053323 -0.076196 0.995594
1370.899658 328.391805 -35.973115 2.473772 -0.012845 0.053309 -0.076636 0.995550
1370.999493 328.547001 -35.988784 2.476171 -0.014154 0.051319 -0.077282 0.995587
1371.099328 328.694052 -36.005017 2.476179 -0.014578 0.049014 -0.077880 0.995650
1371.199178 328.835354 -36.023294 2.467785 -0.014017 0.047140 -0.078193 0.995724
1371.299822 328.987540 -36.046017 2.458913 -0.013066 0.047047 -0.078528 0.995715
1371.399647 329.139521 -36.066887 2.455724 -0.012389 0.048727 -0.078829 0.995619
1371.499484 329.297664 -36.086907 2.453324 -0.011883 0.051353 -0.079077 0.995474
1371.599315 329.454923 -36.106373 2.452204 -0.011402 0.051952 -0.078818 0.995469
1371.699158 329.607420 -36.122505 2.450607 -0.012855 0.050486 -0.078478 0.995554
1371.799795 329.759450 -36.143889 2.443508 -0.015346 0.049228 -0.078225 0.995601
1371.899632 329.917864 -36.167848 2.431316 -0.016547 0.049611 -0.078228 0.995563
1371.999461 330.080267 -36.191796 2.413203 -0.017168 0.048132 -0.078110 0.995634
1372.099295 330.239586 -36.216997 2.399920 -0.016660 0.043316 -0.077731 0.995894
1372.199136 330.399950 -36.239220 2.386425 -0.015984 0.038790 -0.077712 0.996093
1372.299781 330.557019 -36.260956 2.370604 -0.016077 0.035830 -0.077902 0.996187
1372.399637 330.703243 -36.281854 2.355108 -0.015754 0.033557 -0.078122 0.996254
1372.499479 330.846117 -36.302545 2.337770 -0.015199 0.031802 -0.078488 0.996292
1372.599312 330.985004 -36.323489 2.316099 -0.015595 0.032016 -0.078495 0.996278
1372.699147 331.115841 -36.342436 2.294031 -0.015427 0.034694 -0.078521 0.996189
1372.799792 331.242453 -36.359706 2.272041 -0.014893 0.038427 -0.078628 0.996052
1372.899629 331.364821 -36.378456 2.248039 -0.014500 0.041711 -0.078623 0.995926
1372.999463 331.498353 -36.397630 2.226557 -0.014270 0.044871 -0.078569 0.995796
1373.099308 331.636147 -36.416999 2.205547 -0.014624 0.046923 -0.078237 0.995723
1373.199151 331.772443 -36.438157 2.182705 -0.015153 0.047133 -0.078287 0.995701
1373.299802 331.915837 -36.459088 2.158505 -0.015167 0.046943 -0.078434 0.995698
1373.399637 332.057862 -36.479762 2.134920 -0.015077 0.046078 -0.078435 0.995740
1373.499492 332.200383 -36.500512 2.112878 -0.014687 0.046112 -0.078514 0.995738
1373.599331 332.341276 -36.524793 2.093907 -0.014321 0.045768 -0.078162 0.995787
1373.699174 332.483121 -36.547142 2.077048 -0.014995 0.046392 -0.078029 0.995758
1373.799819 332.630445 -36.569380 2.057053 -0.015223 0.048531 -0.077943 0.995660
1373.899661 332.775189 -36.591515 2.049568 -0.015861 0.052116 -0.078014 0.995463
1373.999502 332.913541 -36.615183 2.048389 -0.015943 0.052744 -0.078026 0.995427
1374.099345 333.043559 -36.638176 2.047069 -0.016049 0.051059 -0.078126 0.995506
1374.199190 333.177072 -36.657944 2.040911 -0.017065 0.049098 -0.078379 0.995568
1374.299837 333.325007 -36.679187 2.035037 -0.016981 0.049028 -0.078693 0.995548
1374.399676 333.466937 -36.698807 2.034180 -0.015786 0.049728 -0.078919 0.995515
1374.499510 333.602846 -36.725658 2.033678 -0.015839 0.049844 -0.078949 0.995506
1374.599355 333.730911 -36.748665 2.035351 -0.017352 0.049085 -0.079092 0.995507
1374.699177 333.869783 -36.768992 2.033126 -0.018118 0.047938 -0.079312 0.995532
1374.799828 334.030727 -36.793420 2.030029 -0.017663 0.047757 -0.079668 0.995520
1374.899654 334.184404 -36.817825 2.026838 -0.016533 0.050322 -0.080034 0.995384
1374.999487 334.331717 -36.843814 2.027389 -0.015370 0.053252 -0.080402 0.995220
1375.099320 334.489597 -36.867656 2.031338 -0.016067 0.055115 -0.080380 0.995110
1375.199162 334.649079 -36.891636 2.032562 -0.017458 0.053724 -0.080705 0.995136
1375.299803 334.815436 -36.920856 2.030753 -0.018055 0.050559 -0.081315 0.995242
1375.399630 334.965855 -36.948867 2.027839 -0.019416 0.048919 -0.081353 0.995295
1375.499481 335.111063 -36.974688 2.025095 -0.017482 0.047722 -0.080995 0.995418
1375.599316 335.262747 -36.997123 2.020876 -0.015450 0.049216 -0.080644 0.995407
1375.699163 335.421905 -37.022180 2.013015 -0.014736 0.049070 -0.080680 0.995422
1375.799795 335.579283 -37.049197 2.005542 -0.013315 0.045376 -0.080375 0.995642
1375.899631 335.736609 -37.078193 2.012575 -0.013085 0.042780 -0.079736 0.995812
1375.999471 335.897181 -37.104763 2.023242 -0.015687 0.042794 -0.079626 0.995782
1376.099304 336.064586 -37.131711 2.019848 -0.020912 0.046266 -0.079950 0.995505
1376.199146 336.227529 -37.155251 2.008755 -0.023978 0.044567 -0.080317 0.995484
1376.299778 336.380613 -37.179413 2.000255 -0.020100 0.042448 -0.080642 0.995636
1376.399624 336.536794 -37.206111 1.996420 -0.014442 0.043241 -0.081428 0.995636
1376.499460 336.691253 -37.232978 1.993691 -0.013262 0.044638 -0.082050 0.995540
1376.599307 336.848048 -37.257220 1.992348 -0.017520 0.044221 -0.080802 0.995595
1376.699164 337.006127 -37.282176 1.993928 -0.018093 0.043982 -0.079004 0.995739
1376.799804 337.159663 -37.307911 1.994345 -0.017022 0.041838 -0.078540 0.995887
1376.899630 337.304832 -37.333642 1.992448 -0.019691 0.038891 -0.078480 0.995962
1376.999472 337.459079 -37.360036 1.989688 -0.023729 0.036036 -0.077453 0.996062
1377.099316 337.625923 -37.389019 1.987601 -0.024788 0.035287 -0.076979 0.996100
1377.199159 337.786380 -37.415711 1.985711 -0.024459 0.035091 -0.076451 0.996155
1377.299801 337.938970 -37.437764 1.983342 -0.023659 0.035075 -0.076077 0.996204
1377.399648 338.089664 -37.459042 1.980138 -0.023204 0.035353 -0.075460 0.996252
1377.499486 338.237086 -37.480294 1.976891 -0.023310 0.035465 -0.074821 0.996293
1377.599336 338.373351 -37.500913 1.975316 -0.024456 0.034251 -0.074672 0.996320
1377.699180 338.508418 -37.522410 1.973230 -0.026399 0.034321 -0.075297 0.996221
1377.799829 338.640865 -37.544754 1.966525 -0.027510 0.035108 -0.075568 0.996143
1377.899661 338.782977 -37.564718 1.962614 -0.025136 0.036722 -0.075228 0.996173
1377.999503 338.921535 -37.583941 1.963832 -0.021582 0.037556 -0.075151 0.996231
1378.099338 339.048842 -37.603893 1.963603 -0.023018 0.037556 -0.075236 0.996192
1378.199195 339.182194 -37.620118 1.961741 -0.023743 0.037955 -0.075217 0.996162
1378.299837 339.324022 -37.639735 1.959671 -0.023898 0.038207 -0.075060 0.996160
1378.399685 339.463938 -37.657336 1.958192 -0.024058 0.039936 -0.075054 0.996089
1378.499516 339.606785 -37.673968 1.955932 -0.022564 0.041917 -0.075126 0.996037
1378.599359 339.745519 -37.689110 1.951001 -0.021123 0.042341 -0.075293 0.996038
1378.699188 339.869502 -37.705989 1.946189 -0.022233 0.041893 -0.075217 0.996039
1378.799820 339.987389 -37.720834 1.946127 -0.023889 0.040124 -0.075179 0.996076
1378.899657 340.120285 -37.733645 1.948784 -0.024746 0.038996 -0.075391 0.996084
1378.999495 340.244196 -37.745817 1.954093 -0.026871 0.038600 -0.075724 0.996019
1379.099330 340.360776 -37.761356 1.950819 -0.025488 0.039193 -0.075888 0.996020
1379.199170 340.473975 -37.774157 1.944187 -0.024438 0.040376 -0.075894 0.995998
1379.299818 340.592810 -37.782049 1.934518 -0.025740 0.038905 -0.075787 0.996032
1379.399664 340.722057 -37.788739 1.937821 -0.029089 0.034686 -0.075290 0.996134
1379.499510 340.859938 -37.800140 1.942889 -0.029815 0.032399 -0.075287 0.996189
1379.599350 340.993750 -37.811412 1.946026 -0.028606 0.036536 -0.075696 0.996051
1379.699169 341.132313 -37.820562 1.941238 -0.024715 0.039958 -0.075667 0.996026
1379.799795 341.255607 -37.829179 1.937261 -0.019685 0.043921 -0.075839 0.995958
1379.899641 341.377633 -37.837673 1.933912 -0.019009 0.045911 -0.076142 0.995858
1379.999480 341.503972 -37.842302 1.934392 -0.020159 0.046975 -0.076214 0.995780
1380.099318 341.641391 -37.849180 1.928722 -0.019750 0.045335 -0.075931 0.995886
1380.199170 341.779917 -37.859585 1.920980 -0.020733 0.044796 -0.075773 0.995903
1380.299810 341.911558 -37.868033 1.916066 -0.019552 0.046512 -0.075890 0.995839
1380.399661 342.043739 -37.876469 1.917149 -0.019840 0.049627 -0.076007 0.995674
1380.499498 342.174490 -37.883247 1.919472 -0.021448 0.049653 -0.075914 0.995646
1380.599333 342.298142 -37.891896 1.918057 -0.021378 0.045555 -0.076246 0.995818
1380.699182 342.420179 -37.901389 1.908675 -0.019132 0.041971 -0.076569 0.995997
1380.799826 342.540503 -37.909716 1.902017 -0.016586 0.042909 -0.076646 0.995997
1380.899670 342.667187 -37.915371 1.905135 -0.017459 0.045513 -0.076873 0.995849
1380.999521 342.790292 -37.925162 1.906996 -0.019438 0.046043 -0.076967 0.995780
1381.099375 342.913527 -37.936115 1.905035 -0.019839 0.046605 -0.077151 0.995732
1381.199208 343.036107 -37.945526 1.902621 -0.020312 0.045730 -0.077407 0.995743
1381.299460 343.154406 -37.954349 1.898232 -0.022618 0.044948 -0.077448 0.995726
1381.399300 343.281013 -37.966707 1.890433 -0.024326 0.045202 -0.077588 0.995663
1381.499145 343.409931 -37.982654 1.879103 -0.023318 0.048580 -0.077322 0.995549
1381.599777 343.540163 -37.996689 1.868150 -0.022391 0.050168 -0.076972 0.995519
1381.699619 343.684032 -38.010910 1.861574 -0.021871 0.048049 -0.076223 0.995692
1381.799454 343.829534 -38.020572 1.862349 -0.022141 0.043605 -0.075603 0.995938
1381.899284 343.963921 -38.026893 1.859992 -0.022834 0.043095 -0.075564 0.995948
1381.999127 344.098576 -38.038039 1.850025 -0.022329 0.047617 -0.075877 0.995729
1382.099765 344.230322 -38.052699 1.835720 -0.020640 0.052299 -0.076022 0.995520
1382.199599 344.364440 -38.068744 1.824974 -0.019633 0.052490 -0.076374 0.995503
1382.299438 344.500076 -38.078897 1.821928 -0.020159 0.049912 -0.076991 0.995578
1382.399278 344.634968 -38.086332 1.825924 -0.020331 0.047146 -0.077666 0.995656
1382.499115 344.769015 -38.096873 1.833048 -0.021546 0.046997 -0.078006 0.995611
1382.599754 344.912428 -38.110968 1.839296 -0.019991 0.049162 -0.077901 0.995548
1382.699584 345.056162 -38.125914 1.831935 -0.018783 0.050523 -0.077479 0.995536
1382.799423 345.195362 -38.140865 1.817021 -0.021187 0.049014 -0.077327 0.995575
1382.899261 345.335021 -38.153462 1.806604 -0.022095 0.045790 -0.077350 0.995707
1382.999501 345.467855 -38.164782 1.807174 -0.021776 0.043589 -0.076946 0.995844
1383.099345 345.603687 -38.176521 1.808267 -0.021371 0.042013 -0.076848 0.995928
1383.199171 345.746988 -38.190837 1.814205 -0.021425 0.042213 -0.077378 0.995877
1383.299810 345.889421 -38.206594 1.816288 -0.020219 0.044654 -0.077456 0.995790
1383.399645 346.028054 -38.219403 1.812020 -0.018139 0.045164 -0.077204 0.995827
1383.499479 346.173412 -38.234213 1.802665 -0.017606 0.045160 -0.077300 0.995829
1383.599320 346.318185 -38.249950 1.802550 -0.018461 0.046847 -0.077068 0.995754
1383.699164 346.468678 -38.264737 1.803300 -0.019303 0.046090 -0.076838 0.995791
1383.799807 346.619387 -38.279038 1.802630 -0.019569 0.046283 -0.077082 0.995758
1383.899638 346.764120 -38.291904 1.799440 -0.019632 0.046247 -0.077653 0.995714
1383.999481 346.906104 -38.307757 1.800812 -0.018866 0.045267 -0.078175 0.995733
1384.099323 347.058390 -38.326000 1.796292 -0.019194 0.041738 -0.078639 0.995844
1384.199154 347.210882 -38.347062 1.796140 -0.019087 0.041029 -0.078683 0.995872
1384.299795 347.359524 -38.365430 1.794295 -0.019434 0.043098 -0.078483 0.995794
1384.399637 347.498003 -38.378554 1.793349 -0.020386 0.044725 -0.078403 0.995709
1384.499476 347.635672 -38.394940 1.790092 -0.020342 0.046339 -0.077988 0.995669
1384.599318 347.770572 -38.413281 1.790398 -0.018689 0.045243 -0.077579 0.995784
1384.699154 347.904037 -38.433489 1.791479 -0.018440 0.043998 -0.077379 0.995860
1384.799777 348.045029 -38.455130 1.785157 -0.019744 0.045497 -0.077151 0.995785
1384.899613 348.191699 -38.476966 1.780008 -0.021252 0.048599 -0.077041 0.995616
1384.999461 348.333423 -38.496490 1.774159 -0.021341 0.049367 -0.077229 0.995562
1385.099297 348.486434 -38.516068 1.776283 -0.020536 0.048131 -0.076987 0.995658
1385.199153 348.635922 -38.534789 1.778852 -0.021453 0.047557 -0.077019 0.995664
1385.299781 348.790154 -38.557042 1.777282 -0.020543 0.047328 -0.076975 0.995697
1385.399620 348.932543 -38.579686 1.771764 -0.019583 0.048723 -0.076973 0.995649
1385.499462 349.069340 -38.600759 1.760821 -0.020706 0.051582 -0.077060 0.995476
1385.599286 349.218031 -38.622001 1.743202 -0.022928 0.054159 -0.076992 0.995296
1385.699130 349.371807 -38.644617 1.722957 -0.023850 0.056689 -0.077099 0.995125
1385.799767 349.531218 -38.667774 1.701240 -0.023062 0.059592 -0.077257 0.994961
1385.899614 349.678560 -38.689964 1.685404 -0.019691 0.060951 -0.077435 0.994938
1385.999467 349.831363 -38.710789 1.670217 -0.019220 0.062525 -0.078036 0.994802
1386.099294 349.991645 -38.734634 1.649771 -0.019503 0.061357 -0.077914 0.994879
1386.199137 350.156939 -38.760082 1.624854 -0.024895 0.057492 -0.077614 0.995013
1386.299794 350.318195 -38.784377 1.594486 -0.028737 0.051293 -0.077374 0.995267
1386.399644 350.471347 -38.805571 1.579787 -0.026443 0.049816 -0.077189 0.995420
1386.499489 350.640999 -38.827342 1.577471 -0.021680 0.053590 -0.077358 0.995326
1386.599323 350.818524 -38.850395 1.577958 -0.019665 0.054787 -0.077877 0.995262
1386.699180 350.997166 -38.872931 1.574810 -0.020688 0.055015 -0.078015 0.995218
1386.799824 351.176159 -38.900899 1.569069 -0.022100 0.056133 -0.078702 0.995071
1386.899658 351.347307 -38.923153 1.565933 -0.026105 0.056795 -0.079318 0.994888
1386.999505 351.506161 -38.937512 1.566032 -0.032509 0.054918 -0.079704 0.994774
1387.099340 351.664660 -38.952046 1.565697 -0.032506 0.051922 -0.079590 0.994944
1387.199163 351.843730 -38.971522 1.563674 -0.027744 0.049222 -0.079424 0.995238
1387.299806 352.037793 -38.993618 1.564382 -0.024150 0.044996 -0.079584 0.995519
1387.399645 352.223762 -39.011904 1.563955 -0.025045 0.040724 -0.079745 0.995668
1387.499484 352.396316 -39.025566 1.556981 -0.027782 0.036880 -0.079754 0.995745
1387.599327 352.569537 -39.044028 1.551466 -0.027142 0.037256 -0.079128 0.995798
1387.699187 352.738896 -39.056417 1.547219 -0.024408 0.040305 -0.078424 0.995806
1387.799817 352.906545 -39.069177 1.546591 -0.021962 0.043812 -0.077980 0.995750
1387.899657 353.066520 -39.083783 1.545830 -0.020845 0.047542 -0.078070 0.995595
1387.999511 353.233974 -39.100498 1.545904 -0.021079 0.049118 -0.078477 0.995482
1388.099370 353.398714 -39.117055 1.543615 -0.021433 0.049503 -0.078877 0.995424
1388.199218 353.557673 -39.129778 1.541079 -0.022791 0.050423 -0.078954 0.995341
1388.299453 353.725421 -39.143630 1.536185 -0.022293 0.052452 -0.078828 0.995258
1388.399303 353.893664 -39.159853 1.529649 -0.021440 0.051482 -0.078646 0.995341
1388.499143 354.061781 -39.173627 1.526226 -0.020731 0.048101 -0.078809 0.995513
1388.599784 354.233372 -39.188909 1.530419 -0.020786 0.044937 -0.079094 0.995637
1388.699606 354.398041 -39.205881 1.534468 -0.018206 0.042124 -0.079988 0.995739
1388.799446 354.568635 -39.227190 1.534995 -0.015541 0.040606 -0.082792 0.995618
1388.899290 354.735502 -39.246089 1.531137 -0.017219 0.040312 -0.085418 0.995380
1388.999136 354.902011 -39.265737 1.523895 -0.020629 0.041614 -0.086623 0.995158
1389.099761 355.071808 -39.283857 1.512289 -0.022447 0.042978 -0.086635 0.995059
1389.199600 355.236891 -39.302569 1.507945 -0.021698 0.044154 -0.086557 0.995031
1389.299439 355.400820 -39.324459 1.511652 -0.021151 0.045217 -0.086201 0.995026
1389.399286 355.558957 -39.343562 1.519390 -0.021039 0.045472 -0.086019 0.995033
1389.499139 355.722482 -39.363985 1.519122 -0.020965 0.044734 -0.086275 0.995046
1389.599771 355.886662 -39.384369 1.511362 -0.022415 0.043327 -0.086476 0.995059
1389.699617 356.048001 -39.403363 1.503174 -0.022059 0.042360 -0.086954 0.995067
1389.799452 356.202619 -39.424701 1.497520 -0.023060 0.040882 -0.087282 0.995077
1389.899293 356.355895 -39.447213 1.495665 -0.022837 0.040400 -0.087280 0.995102
1389.999124 356.502823 -39.469193 1.494976 -0.022094 0.041277 -0.087288 0.995082
1390.099768 356.650020 -39.488987 1.496383 -0.019798 0.043285 -0.087587 0.995019
1390.199598 356.797895 -39.507033 1.496924 -0.019219 0.040943 -0.087824 0.995109
1390.299442 356.952153 -39.524776 1.493684 -0.023592 0.037656 -0.088052 0.995124
1390.399295 357.102412 -39.540735 1.484424 -0.026392 0.035855 -0.088227 0.995105
1390.499124 357.251945 -39.558987 1.474500 -0.025704 0.038815 -0.088227 0.995012
1390.599763 357.395122 -39.579066 1.475456 -0.024571 0.041257 -0.088056 0.994957
1390.699588 357.537044 -39.600192 1.480058 -0.023076 0.042696 -0.088152 0.994924
1390.799420 357.674735 -39.619826 1.482101 -0.022573 0.042813 -0.088178 0.994928
1390.899255 357.814507 -39.639315 1.479452 -0.022631 0.042608 -0.088250 0.994929
1390.999491 357.960224 -39.655771 1.472426 -0.022360 0.043735 -0.088525 0.994862
1391.099338 358.112968 -39.674148 1.468748 -0.022728 0.043862 -0.088662 0.994836
1391.199175 358.265307 -39.693199 1.467636 -0.024532 0.043381 -0.088980 0.994786
1391.299797 358.413443 -39.715575 1.465639 -0.025822 0.042421 -0.088983 0.994794
1391.399642 358.554418 -39.733045 1.467164 -0.025125 0.040821 -0.088730 0.994902
1391.499474 358.689755 -39.746540 1.465393 -0.026784 0.040062 -0.088863 0.994877
1391.599313 358.827215 -39.759533 1.458034 -0.025709 0.039785 -0.088905 0.994913
1391.699142 358.972759 -39.775252 1.454266 -0.024233 0.039638 -0.089209 0.994929
1391.799779 359.118785 -39.793954 1.453033 -0.021641 0.038864 -0.089543 0.994989
1391.899609 359.262340 -39.814136 1.452565 -0.018152 0.037257 -0.089605 0.995115
1391.999434 359.404730 -39.828644 1.451616 -0.018119 0.039652 -0.089897 0.994996
1392.099274 359.548627 -39.843411 1.447169 -0.019705 0.041157 -0.089943 0.994901
1392.199504 359.690222 -39.858674 1.444609 -0.022587 0.042768 -0.089711 0.994793
1392.299341 359.830079 -39.876399 1.442351 -0.023033 0.044247 -0.089612 0.994727
1392.399190 359.964523 -39.898723 1.443042 -0.023973 0.045396 -0.089243 0.994686
1392.499837 360.089582 -39.918034 1.438148 -0.025525 0.042747 -0.089903 0.994705
1392.599677 360.209281 -39.934521 1.429694 -0.025315 0.040856 -0.090813 0.994707
1392.699525 360.344940 -39.947390 1.417509 -0.021795 0.043865 -0.091210 0.994626
1392.799374 360.476235 -39.962958 1.406085 -0.020230 0.044771 -0.090347 0.994698
1392.899231 360.609275 -39.980088 1.399411 -0.020616 0.045903 -0.089819 0.994686
1392.999474 360.749538 -40.001484 1.386457 -0.019994 0.044989 -0.089092 0.994806
1393.099303 360.891711 -40.024304 1.371508 -0.019879 0.046122 -0.089163 0.994750
1393.199146 361.030251 -40.046493 1.362559 -0.021072 0.047489 -0.089545 0.994627
1393.299802 361.167023 -40.064786 1.354190 -0.023037 0.047307 -0.090103 0.994542
1393.399634 361.293414 -40.081184 1.348037 -0.023407 0.046543 -0.090122 0.994567
1393.499481 361.430245 -40.102442 1.338209 -0.023315 0.046192 -0.090521 0.994550
1393.599326 361.576310 -40.125812 1.327009 -0.022817 0.045968 -0.090912 0.994536
1393.699166 361.723415 -40.152737 1.315995 -0.023089 0.044918 -0.091478 0.994526
1393.799826 361.862725 -40.176758 1.311102 -0.023181 0.043882 -0.091230 0.994592
1393.899662 362.008589 -40.198508 1.311130 -0.024112 0.045335 -0.091295 0.994499
1393.999518 362.154127 -40.223246 1.307513 -0.024502 0.047430 -0.091072 0.994412
1394.099360 362.287194 -40.245491 1.299799 -0.024076 0.048866 -0.091120 0.994349
1394.199202 362.414499 -40.266971 1.291811 -0.024384 0.048426 -0.091161 0.994359
1394.299438 362.548379 -40.286145 1.286117 -0.021561 0.048394 -0.090833 0.994456
1394.399268 362.687095 -40.304872 1.287460 -0.021654 0.048142 -0.090790 0.994470
1394.499516 362.829560 -40.326803 1.289546 -0.025589 0.048781 -0.090547 0.994368
1394.599356 362.975565 -40.352119 1.283520 -0.030875 0.050847 -0.090217 0.994144
1394.699197 363.116443 -40.377059 1.273337 -0.033463 0.052394 -0.089940 0.994005
1394.799822 363.261056 -40.397360 1.263056 -0.033051 0.051392 -0.089671 0.994095
1394.899660 363.398829 -40.412330 1.254386 -0.032197 0.049011 -0.089738 0.994238
1394.999505 363.534476 -40.424526 1.251026 -0.031891 0.048208 -0.090216 0.994243
1395.099344 363.673142 -40.437439 1.253257 -0.028547 0.046737 -0.090229 0.994414
1395.199192 363.823735 -40.452624 1.255732 -0.029267 0.047381 -0.089952 0.994388
1395.299837 363.976672 -40.466042 1.252385 -0.031284 0.050659 -0.089629 0.994194
1395.399679 364.126598 -40.473933 1.242397 -0.030649 0.050458 -0.089523 0.994234
1395.499522 364.282713 -40.481340 1.233631 -0.027242 0.046685 -0.089324 0.994535
1395.599352 364.442664 -40.489506 1.231705 -0.023116 0.044259 -0.089552 0.994730
1395.699193 364.602153 -40.498027 1.232842 -0.022200 0.047550 -0.089934 0.994564
1395.799834 364.760851 -40.509379 1.233122 -0.026340 0.050696 -0.090429 0.994263
1395.899670 364.912202 -40.519399 1.227824 -0.031806 0.052923 -0.090590 0.993972
1395.999503 365.059962 -40.527813 1.223657 -0.037207 0.052821 -0.090471 0.993801
1396.099346 365.210973 -40.532102 1.216656 -0.039474 0.051469 -0.090471 0.993785
1396.199187 365.355147 -40.534656 1.210114 -0.035839 0.050981 -0.090472 0.993947
1396.299829 365.492270 -40.534551 1.207446 -0.034004 0.053580 -0.090342 0.993887
1396.399681 365.642520 -40.532768 1.205167 -0.037621 0.054782 -0.091088 0.993623
1396.499523 365.794460 -40.527657 1.202735 -0.041922 0.055802 -0.091450 0.993361
1396.599358 365.954229 -40.521011 1.201768 -0.042902 0.054150 -0.091641 0.993393
1396.699192 366.125590 -40.515856 1.195613 -0.041978 0.052724 -0.092235 0.993454
1396.799830 366.302638 -40.507193 1.187866 -0.038695 0.053962 -0.092442 0.993502
1396.899661 366.470221 -40.495286 1.178613 -0.038158 0.056179 -0.092009 0.993440
1396.999506 366.649968 -40.482772 1.172557 -0.038984 0.057979 -0.092093 0.993296
1397.099349 366.831477 -40.463672 1.167947 -0.039387 0.059452 -0.092141 0.993189
1397.199186 367.008395 -40.441514 1.165308 -0.037888 0.059326 -0.092019 0.993266
1397.299810 367.191502 -40.418166 1.167224 -0.033622 0.057196 -0.092221 0.993526
1397.399653 367.354934 -40.397579 1.169962 -0.027402 0.055247 -0.092241 0.993825
1397.499501 367.514210 -40.377620 1.165737 -0.021926 0.055307 -0.092080 0.993973
1397.599344 367.680972 -40.357002 1.158869 -0.020529 0.055162 -0.091694 0.994046
1397.699188 367.848853 -40.332363 1.149373 -0.020920 0.054190 -0.091719 0.994089
1397.799834 368.032973 -40.308300 1.142249 -0.020912 0.051327 -0.091499 0.994262
1397.899673 368.209638 -40.290549 1.138810 -0.019904 0.046422 -0.090961 0.994573
1397.999519 368.378936 -40.276363 1.146077 -0.020644 0.043121 -0.090335 0.994763
1398.099344 368.546339 -40.258950 1.156957 -0.022670 0.043201 -0.090004 0.994746
1398.199187 368.727676 -40.241138 1.154913 -0.020474 0.046901 -0.090606 0.994571
1398.299825 368.928010 -40.226221 1.142824 -0.016801 0.048750 -0.091503 0.994469
1398.399674 369.108692 -40.212127 1.128319 -0.013383 0.047261 -0.093051 0.994449
1398.499510 369.274026 -40.201158 1.121000 -0.012828 0.045101 -0.094945 0.994378
1398.599357 369.436196 -40.193090 1.120817 -0.013706 0.043021 -0.097757 0.994186
1398.699200 369.596374 -40.185821 1.122339 -0.018472 0.041264 -0.099136 0.994046
1398.799443 369.766432 -40.182882 1.122852 -0.019184 0.039951 -0.100483 0.993951
1398.899296 369.934826 -40.179398 1.116189 -0.021481 0.039489 -0.102026 0.993765
1398.999144 370.115235 -40.177379 1.108638 -0.021683 0.040589 -0.104151 0.993496
1399.099776 370.283995 -40.175739 1.100084 -0.019583 0.038112 -0.106097 0.993432
1399.199600 370.442616 -40.175777 1.096107 -0.018387 0.036605 -0.106912 0.993424
1399.299424 370.598643 -40.174706 1.093418 -0.018701 0.039640 -0.107125 0.993279
1399.399266 370.754698 -40.174957 1.087629 -0.018845 0.041389 -0.106691 0.993252
1399.499498 370.906819 -40.173763 1.078906 -0.018715 0.042273 -0.106544 0.993233
1399.599329 371.049818 -40.173807 1.076285 -0.018809 0.042854 -0.106429 0.993218
1399.699155 371.209571 -40.181451 1.076969 -0.017488 0.041919 -0.106003 0.993328
1399.799789 371.362426 -40.185158 1.071180 -0.015665 0.041181 -0.106116 0.993377
1399.899629 371.511972 -40.188773 1.065104 -0.015118 0.041787 -0.106030 0.993369
1399.999464 371.666444 -40.196706 1.062923 -0.012739 0.042919 -0.105712 0.993388
1400.099303 371.821402 -40.208620 1.059486 -0.009283 0.045136 -0.105663 0.993334
1400.199144 371.971705 -40.221319 1.057854 -0.006501 0.047513 -0.106194 0.993188
1400.299793 372.122496 -40.239523 1.054164 -0.006215 0.048373 -0.106554 0.993110
1400.399629 372.268530 -40.259558 1.054854 -0.007399 0.047728 -0.106775 0.993109
1400.499467 372.415528 -40.281147 1.054352 -0.011410 0.045618 -0.106655 0.993184
1400.599306 372.565130 -40.300684 1.050735 -0.017441 0.045080 -0.106527 0.993134
1400.699145 372.713451 -40.325508 1.042754 -0.020282 0.045989 -0.106136 0.993080
1400.799783 372.856984 -40.350077 1.035428 -0.020012 0.045035 -0.105793 0.993166
1400.899616 373.006152 -40.378939 1.031895 -0.019605 0.043967 -0.105854 0.993216
1400.999468 373.153849 -40.409722 1.033352 -0.017995 0.042645 -0.105860 0.993303
1401.099314 373.298552 -40.440092 1.034958 -0.015891 0.040081 -0.106313 0.993397
1401.199153 373.445097 -40.465650 1.031587 -0.016136 0.038093 -0.106790 0.993421
1401.299780 373.591579 -40.495344 1.021626 -0.016248 0.038844 -0.106770 0.993392
1401.399611 373.734269 -40.529398 1.011088 -0.017220 0.041588 -0.106712 0.993271
1401.499446 373.882778 -40.569177 1.001078 -0.018872 0.042518 -0.106547 0.993219
1401.599284 374.031927 -40.606301 0.992746 -0.020579 0.040888 -0.106793 0.993227
1401.699129 374.169314 -40.636657 0.990374 -0.021927 0.039876 -0.107087 0.993208
1401.799772 374.292671 -40.670101 0.993940 -0.023439 0.038495 -0.106970 0.993240
1401.899605 374.416677 -40.703896 0.995943 -0.022138 0.038543 -0.106664 0.993301
1401.999451 374.549822 -40.738078 0.994591 -0.020602 0.039763 -0.106271 0.993328
1402.099289 374.677245 -40.773547 0.987606 -0.018989 0.039897 -0.106044 0.993379
1402.199113 374.807891 -40.807080 0.981084 -0.019850 0.039278 -0.105876 0.993405
1402.299731 374.941515 -40.839395 0.974654 -0.021448 0.038455 -0.105984 0.993392
1402.399576 375.077381 -40.872435 0.972953 -0.022529 0.037626 -0.106161 0.993381
1402.499402 375.215478 -40.909065 0.970565 -0.022138 0.038136 -0.106511 0.993333
1402.599246 375.348516 -40.947829 0.971927 -0.022119 0.039828 -0.106763 0.993240
1402.699481 375.481124 -40.983749 0.972498 -0.022327 0.040266 -0.107204 0.993170
1402.799311 375.605638 -41.018043 0.965350 -0.022945 0.039676 -0.107279 0.993172
1402.899152 375.719175 -41.050687 0.957092 -0.024140 0.039512 -0.107238 0.993155
1402.999796 375.835132 -41.084694 0.954611 -0.024355 0.041282 -0.107464 0.993053
1403.099636 375.958132 -41.119737 0.951283 -0.023871 0.043376 -0.108069 0.992910
1403.199467 376.082948 -41.155959 0.949213 -0.024084 0.043750 -0.108291 0.992864
1403.299301 376.206430 -41.187176 0.945293 -0.023058 0.043023 -0.108566 0.992890
1403.399139 376.325777 -41.214446 0.943724 -0.022415 0.041829 -0.108812 0.992929
1403.499775 376.441456 -41.247383 0.941170 -0.023342 0.039826 -0.108584 0.993015
1403.599628 376.552224 -41.279658 0.937423 -0.024512 0.038552 -0.108584 0.993037
1403.699461 376.673696 -41.313475 0.929947 -0.024814 0.040303 -0.108786 0.992938
1403.799315 376.793543 -41.347351 0.926353 -0.023888 0.041889 -0.108755 0.992898
1403.899148 376.918547 -41.377441 0.923282 -0.024616 0.042058 -0.108974 0.992849
1403.999791 377.037574 -41.410420 0.922475 -0.024687 0.040251 -0.109123 0.992906
1404.099626 377.162416 -41.445260 0.922751 -0.023701 0.040623 -0.109376 0.992887
1404.199466 377.284036 -41.479347 0.922967 -0.023256 0.042518 -0.109343 0.992822
1404.299301 377.406690 -41.512610 0.924044 -0.023765 0.043214 -0.109284 0.992786
1404.399128 377.523275 -41.542634 0.922025 -0.024740 0.044005 -0.109090 0.992749
1404.499761 377.642187 -41.574676 0.917009 -0.024644 0.044581 -0.109095 0.992725
1404.599608 377.750374 -41.608511 0.916391 -0.024194 0.042730 -0.109046 0.992823
1404.699454 377.867617 -41.645058 0.919058 -0.024002 0.039238 -0.109116 0.992964
1404.799298 377.985936 -41.678402 0.918290 -0.024085 0.040963 -0.109688 0.992829
1404.899141 378.105569 -41.708253 0.910884 -0.024505 0.044807 -0.110262 0.992590
1404.999772 378.225022 -41.738621 0.904069 -0.023614 0.047609 -0.110369 0.992469
1405.099626 378.346677 -41.768288 0.903236 -0.024904 0.046612 -0.110105 0.992514
1405.199469 378.467323 -41.800861 0.908577 -0.028399 0.046020 -0.109665 0.992496
1405.299302 378.587961 -41.835029 0.909454 -0.031572 0.045743 -0.109596 0.992421
1405.399150 378.707088 -41.868072 0.908168 -0.032362 0.046458 -0.109805 0.992339
1405.499795 378.829691 -41.896699 0.904271 -0.033701 0.045805 -0.110120 0.992290
1405.599637 378.963322 -41.920180 0.901813 -0.037096 0.045697 -0.110544 0.992127
1405.699478 379.094412 -41.943556 0.901638 -0.038507 0.043640 -0.110260 0.992197
1405.799318 379.220648 -41.969050 0.902857 -0.040622 0.041703 -0.109838 0.992243
1405.899162 379.346284 -41.990883 0.901703 -0.042300 0.042623 -0.109999 0.992116
1405.999801 379.463955 -42.002321 0.901202 -0.041259 0.044329 -0.110533 0.992026
1406.099638 379.584185 -42.011485 0.898295 -0.037291 0.042569 -0.110804 0.992230
1406.199477 379.702415 -42.023370 0.896123 -0.032584 0.038584 -0.110817 0.992557
1406.299316 379.824176 -42.033379 0.890529 -0.027949 0.035323 -0.110814 0.992820
1406.399156 379.942085 -42.037897 0.886130 -0.025040 0.036615 -0.111174 0.992811
1406.499784 380.070831 -42.039698 0.882699 -0.023346 0.039878 -0.112061 0.992626
1406.599632 380.196230 -42.041589 0.880234 -0.022082 0.040397 -0.112787 0.992552
1406.699486 380.319062 -42.048929 0.883570 -0.021066 0.039021 -0.113249 0.992577
1406.799332 380.445175 -42.054096 0.887703 -0.021136 0.036879 -0.113652 0.992611
1406.899178 380.575490 -42.064355 0.887685 -0.021403 0.036489 -0.114042 0.992575
1406.999803 380.705122 -42.072652 0.882348 -0.020879 0.037482 -0.114587 0.992486
1407.099667 380.830158 -42.076896 0.876780 -0.021374 0.039929 -0.115183 0.992311
1407.199526 380.950528 -42.078944 0.868329 -0.021465 0.040930 -0.115292 0.992256
1407.299357 381.069381 -42.084991 0.862088 -0.020596 0.040140 -0.114729 0.992372
1407.399186 381.178799 -42.092814 0.860026 -0.021354 0.041240 -0.114393 0.992349
1407.499816 381.282303 -42.106164 0.851689 -0.022322 0.044305 -0.114111 0.992229
1407.599649 381.384466 -42.115577 0.831303 -0.021401 0.046852 -0.113913 0.992155
1407.699491 381.496826 -42.125627 0.808327 -0.020636 0.048464 -0.113881 0.992097
1407.799331 381.612921 -42.134576 0.786503 -0.020822 0.048250 -0.113737 0.992120
1407.899161 381.726507 -42.144658 0.773864 -0.021026 0.045022 -0.113370 0.992309
1407.999791 381.847974 -42.155992 0.777626 -0.020758 0.043135 -0.113125 0.992427
1408.099625 381.967813 -42.167279 0.784770 -0.018978 0.043422 -0.113207 0.992441
1408.199463 382.080328 -42.183454 0.783517 -0.017781 0.047880 -0.113311 0.992246
1408.299305 382.199676 -42.201377 0.775500 -0.017763 0.049641 -0.112887 0.992208
1408.399142 382.316021 -42.216136 0.761565 -0.021618 0.044967 -0.112193 0.992433
1408.499780 382.441543 -42.227632 0.754392 -0.025778 0.041101 -0.111830 0.992542
1408.599629 382.550023 -42.237153 0.755825 -0.026390 0.042623 -0.112363 0.992402
1408.699465 382.651371 -42.251821 0.759231 -0.021913 0.046158 -0.113662 0.992205
1408.799310 382.760517 -42.268045 0.762182 -0.017064 0.048077 -0.114954 0.992060
1408.899150 382.878913 -42.285781 0.759964 -0.015380 0.044782 -0.115861 0.992136
1408.999795 383.004706 -42.300897 0.758715 -0.017119 0.040918 -0.116359 0.992216
1409.099631 383.140233 -42.318650 0.752166 -0.019186 0.040691 -0.116138 0.992214
1409.199467 383.272722 -42.338848 0.742720 -0.021095 0.044508 -0.115523 0.992083
1409.299296 383.393070 -42.359623 0.743080 -0.024543 0.053751 -0.115027 0.991603
1409.399135 383.511448 -42.379660 0.746462 -0.026050 0.055900 -0.114965 0.991453
1409.499771 383.631751 -42.399575 0.749356 -0.024576 0.052112 -0.115609 0.991622
1409.599608 383.741165 -42.417621 0.746706 -0.021201 0.048809 -0.116386 0.991777
1409.699458 383.860744 -42.439283 0.740610 -0.018266 0.049206 -0.116896 0.991756
1409.799292 383.988672 -42.461911 0.734773 -0.019084 0.051344 -0.117109 0.991607
1409.899140 384.123667 -42.484398 0.728933 -0.020954 0.052519 -0.116882 0.991535
1409.999778 384.256787 -42.507717 0.728315 -0.022931 0.049807 -0.116199 0.991711
1410.099611 384.380616 -42.528969 0.732736 -0.025110 0.046815 -0.115699 0.991863
1410.199445 384.505719 -42.550903 0.733377 -0.023253 0.045868 -0.115417 0.991985
1410.299287 384.632874 -42.573898 0.730316 -0.021311 0.045228 -0.115651 0.992031
1410.399126 384.760502 -42.599925 0.725714 -0.021440 0.045240 -0.116066 0.991979
1410.499768 384.884972 -42.626767 0.722916 -0.021981 0.045451 -0.116406 0.991918
1410.599614 385.008451 -42.651404 0.721497 -0.021942 0.045576 -0.117240 0.991815
1410.699457 385.135892 -42.674937 0.722462 -0.023748 0.045874 -0.117832 0.991689
1410.799294 385.268027 -42.697308 0.722202 -0.023379 0.045035 -0.117706 0.991751
1410.899125 385.403728 -42.725097 0.718150 -0.023887 0.045312 -0.117452 0.991757
1410.999765 385.541556 -42.754692 0.715491 -0.024842 0.048577 -0.117406 0.991584
1411.099612 385.686139 -42.786824 0.715149 -0.024429 0.052443 -0.117270 0.991414
1411.199451 385.829223 -42.812166 0.712425 -0.023679 0.053109 -0.117616 0.991355
1411.299287 385.973447 -42.839147 0.710393 -0.023316 0.051768 -0.117674 0.991428
1411.399115 386.110001 -42.867552 0.708205 -0.022758 0.048817 -0.117460 0.991616
1411.499764 386.226983 -42.895124 0.705559 -0.023123 0.047137 -0.117542 0.991679
1411.599618 386.347703 -42.921628 0.704082 -0.023661 0.047965 -0.117434 0.991639
1411.699473 386.467694 -42.948069 0.705110 -0.024675 0.050977 -0.116920 0.991525
1411.799315 386.599431 -42.977988 0.705286 -0.025451 0.053448 -0.116063 0.991476
1411.899152 386.729907 -43.005825 0.704734 -0.025588 0.054425 -0.114764 0.991571
1411.999798 386.861554 -43.035660 0.703266 -0.025673 0.053295 -0.112970 0.991836
1412.099625 386.999256 -43.062587 0.700645 -0.026535 0.052584 -0.111328 0.992037
1412.199463 387.140471 -43.091401 0.694297 -0.028367 0.052897 -0.108806 0.992249
1412.299305 387.288735 -43.120133 0.691393 -0.028009 0.054767 -0.105938 0.992468
1412.399137 387.450291 -43.149454 0.689775 -0.027163 0.055511 -0.103727 0.992684
1412.499789 387.616910 -43.175481 0.685827 -0.028533 0.056520 -0.101211 0.992848
1412.599621 387.776933 -43.202268 0.683782 -0.027815 0.056883 -0.098666 0.993104
1412.699457 387.933259 -43.227720 0.684043 -0.027123 0.056392 -0.096267 0.993387
1412.799295 388.089346 -43.254025 0.685053 -0.025257 0.056718 -0.094130 0.993622
1412.899134 388.248951 -43.281717 0.682184 -0.022138 0.056710 -0.093060 0.993798
1412.999771 388.404635 -43.307597 0.680671 -0.021471 0.056131 -0.093218 0.993830
1413.099614 388.560274 -43.335390 0.676474 -0.023914 0.055615 -0.093632 0.993765
1413.199453 388.717649 -43.361767 0.675273 -0.025161 0.054777 -0.094031 0.993743
1413.299303 388.875018 -43.390898 0.672482 -0.027729 0.055027 -0.094341 0.993631
1413.399151 389.040197 -43.420005 0.665542 -0.028972 0.056362 -0.094637 0.993493
1413.499791 389.201608 -43.444263 0.662001 -0.028272 0.057526 -0.094852 0.993426
1413.599639 389.377227 -43.469640 0.661062 -0.026575 0.057457 -0.094880 0.993474
1413.699481 389.556173 -43.497399 0.660440 -0.026208 0.057829 -0.095068 0.993444
1413.799320 389.740548 -43.529782 0.659889 -0.024821 0.054579 -0.094929 0.993677
1413.899162 389.920357 -43.560325 0.657118 -0.025106 0.049630 -0.094833 0.993938
1413.999788 390.097254 -43.586098 0.654732 -0.024583 0.046907 -0.095105 0.994058
1414.099619 390.272595 -43.610895 0.652853 -0.023288 0.047826 -0.094911 0.994064
1414.199463 390.446753 -43.638097 0.647060 -0.023949 0.049268 -0.094840 0.993984
1414.299314 390.623443 -43.669214 0.636173 -0.023713 0.050805 -0.094782 0.993918
1414.399146 390.802138 -43.698195 0.616071 -0.025270 0.050240 -0.094835 0.993903
1414.499782 390.985796 -43.724552 0.596077 -0.028926 0.049399 -0.094981 0.993832
1414.599624 391.163803 -43.751962 0.579681 -0.029914 0.048512 -0.095063 0.993838
1414.699474 391.346717 -43.778977 0.566904 -0.030525 0.049227 -0.095366 0.993756
1414.799312 391.535312 -43.805168 0.561637 -0.028925 0.048675 -0.095268 0.993840
1414.899155 391.723426 -43.827987 0.556911 -0.026642 0.046426 -0.095527 0.993987
1414.999795 391.899844 -43.851301 0.551831 -0.029453 0.046468 -0.095009 0.993955
1415.099642 392.068654 -43.870967 0.544371 -0.031722 0.043809 -0.094560 0.994049
1415.199485 392.242603 -43.889917 0.531512 -0.032942 0.040927 -0.094316 0.994155
1415.299309 392.417339 -43.905507 0.524043 -0.033436 0.039256 -0.094742 0.994165
1415.399166 392.583794 -43.921939 0.516897 -0.032396 0.037363 -0.095191 0.994230
1415.499804 392.750532 -43.942616 0.507003 -0.029831 0.035545 -0.095276 0.994369
1415.599641 392.912251 -43.959277 0.502713 -0.027288 0.032523 -0.095572 0.994517
1415.699497 393.084807 -43.974817 0.505056 -0.024533 0.029159 -0.095527 0.994697
1415.799333 393.253720 -43.988231 0.504928 -0.023563 0.024982 -0.095289 0.994857
1415.899170 393.420220 -43.997727 0.501965 -0.025270 0.025353 -0.095161 0.994818
1415.999817 393.577557 -44.007700 0.497664 -0.027941 0.028988 -0.095323 0.994632
1416.099653 393.737256 -44.021493 0.492002 -0.026367 0.032217 -0.095279 0.994580
1416.199489 393.895272 -44.038994 0.485093 -0.024111 0.037147 -0.095766 0.994418
1416.299336 394.056916 -44.053331 0.482150 -0.021640 0.039100 -0.095970 0.994381
1416.399174 394.213938 -44.067173 0.482531 -0.020113 0.039535 -0.095940 0.994398
1416.499823 394.365647 -44.078526 0.484300 -0.020334 0.041319 -0.095717 0.994343
1416.599662 394.514209 -44.092701 0.485486 -0.022705 0.043889 -0.095584 0.994194
1416.699497 394.649469 -44.109547 0.486736 -0.024315 0.043851 -0.096086 0.994109
1416.799341 394.782156 -44.125763 0.486308 -0.024099 0.043936 -0.095968 0.994122
1416.899181 394.922019 -44.145563 0.477216 -0.025427 0.047354 -0.095328 0.993994
1416.999829 395.077405 -44.165937 0.467511 -0.027107 0.047079 -0.094581 0.994034
1417.099683 395.236166 -44.185062 0.465684 -0.026064 0.045159 -0.094552 0.994154
1417.199517 395.390041 -44.202440 0.472639 -0.026526 0.046061 -0.095226 0.994036
1417.299353 395.541434 -44.221454 0.472630 -0.027406 0.047179 -0.096157 0.993870
1417.399186 395.682095 -44.242896 0.461911 -0.025789 0.046902 -0.096489 0.993894
1417.499839 395.823879 -44.263944 0.445664 -0.024747 0.044173 -0.096168 0.994076
1417.599682 395.972730 -44.282328 0.442920 -0.024036 0.042438 -0.095876 0.994198
1417.699527 396.115089 -44.297207 0.446739 -0.028289 0.038210 -0.096157 0.994230
1417.799376 396.259555 -44.314899 0.451923 -0.030648 0.040612 -0.096691 0.994013
1417.899211 396.407666 -44.338768 0.449417 -0.027374 0.046065 -0.096614 0.993879
1417.999442 396.551666 -44.363855 0.445181 -0.024500 0.044555 -0.096448 0.994038
1418.099279 396.700646 -44.384630 0.438925 -0.025199 0.040971 -0.096508 0.994169
1418.199121 396.848041 -44.398860 0.432885 -0.025086 0.039256 -0.096840 0.994209
1418.299769 396.980223 -44.416631 0.432121 -0.025987 0.042566 -0.097026 0.994032
1418.399610 397.115654 -44.437661 0.435995 -0.025310 0.045166 -0.097462 0.993892
1418.499438 397.252256 -44.457835 0.445033 -0.025154 0.046602 -0.097861 0.993790
1418.599278 397.386017 -44.479218 0.442294 -0.027524 0.045079 -0.098144 0.993770
1418.699115 397.517976 -44.498117 0.438617 -0.033307 0.043408 -0.098185 0.993663
1418.799758 397.646915 -44.518130 0.434409 -0.035846 0.040121 -0.098294 0.993702
1418.899587 397.772748 -44.534965 0.429340 -0.035013 0.037566 -0.098557 0.993806
1418.999438 397.904311 -44.550912 0.426252 -0.029303 0.038172 -0.098631 0.993960
1419.099282 398.036346 -44.567087 0.420992 -0.027598 0.041158 -0.098811 0.993872
1419.199133 398.173391 -44.586594 0.418854 -0.029755 0.042947 -0.098852 0.993730
1419.299777 398.305124 -44.605604 0.423073 -0.030796 0.041773 -0.098531 0.993780
1419.399626 398.426060 -44.619688 0.425971 -0.029672 0.039259 -0.098408 0.993929
1419.499461 398.545768 -44.633797 0.419819 -0.031301 0.040503 -0.098279 0.993842
1419.599302 398.673780 -44.645339 0.410981 -0.031548 0.044401 -0.098156 0.993679
1419.699131 398.806904 -44.659873 0.403455 -0.030787 0.047040 -0.097834 0.993614
1419.799764 398.938072 -44.674958 0.399409 -0.029827 0.046185 -0.097586 0.993707
1419.899599 399.061037 -44.686242 0.398285 -0.027662 0.044311 -0.097723 0.993842
1419.999454 399.182927 -44.699455 0.400993 -0.027227 0.042905 -0.097709 0.993917
1420.099316 399.291772 -44.718078 0.405420 -0.027028 0.043359 -0.098103 0.993864
1420.199162 399.399399 -44.732741 0.400779 -0.026363 0.045075 -0.098129 0.993803
1420.299814 399.527491 -44.744649 0.393851 -0.026325 0.045649 -0.098235 0.993767
1420.399653 399.663573 -44.758778 0.389710 -0.026350 0.045411 -0.098316 0.993769
1420.499489 399.788249 -44.772442 0.393353 -0.025513 0.044903 -0.098218 0.993824
1420.599323 399.916914 -44.790137 0.398099 -0.026308 0.045049 -0.098184 0.993800
1420.699166 400.037823 -44.808739 0.395455 -0.026560 0.046041 -0.098403 0.993726
1420.799813 400.155038 -44.826302 0.390798 -0.027569 0.047738 -0.098430 0.993616
1420.899661 400.277974 -44.841860 0.387642 -0.028360 0.047259 -0.098405 0.993619
1420.999511 400.398435 -44.855572 0.386558 -0.028437 0.045305 -0.098419 0.993706
1421.099347 400.526418 -44.869839 0.384244 -0.027842 0.043010 -0.098587 0.993809
1421.199183 400.649673 -44.887310 0.381843 -0.026938 0.041347 -0.098913 0.993872
1421.299822 400.772732 -44.909936 0.379323 -0.026360 0.041672 -0.099356 0.993829
1421.399678 400.885420 -44.927137 0.376828 -0.026597 0.043659 -0.099861 0.993687
1421.499513 400.988047 -44.940434 0.376745 -0.027450 0.044144 -0.100477 0.993580
1421.599348 401.097902 -44.956244 0.380308 -0.028489 0.043410 -0.100658 0.993565
1421.699197 401.206887 -44.977507 0.376678 -0.029065 0.040931 -0.100455 0.993674
1421.799832 401.322462 -45.003201 0.366140 -0.027736 0.039260 -0.100242 0.993801
1421.899674 401.436563 -45.024882 0.362310 -0.027795 0.039961 -0.100282 0.993768
1421.999512 401.552018 -45.045918 0.361669 -0.027870 0.041471 -0.099991 0.993733
1422.099345 401.666762 -45.060240 0.358566 -0.027490 0.043915 -0.100147 0.993623
1422.199205 401.786641 -45.076354 0.355119 -0.027525 0.044944 -0.099814 0.993609
1422.299444 401.910340 -45.093992 0.350726 -0.027666 0.044502 -0.099520 0.993655
1422.399291 402.036914 -45.115591 0.346129 -0.027819 0.044768 -0.098955 0.993695
1422.499124 402.159771 -45.137801 0.343773 -0.027705 0.047057 -0.098604 0.993627
1422.599751 402.278373 -45.157829 0.342173 -0.028891 0.048257 -0.098417 0.993555
1422.699612 402.395244 -45.173211 0.341303 -0.033590 0.046472 -0.099008 0.993433
1422.799453 402.507671 -45.188175 0.337999 -0.037487 0.041377 -0.099663 0.993454
1422.899289 402.626278 -45.203162 0.337784 -0.037756 0.040190 -0.100228 0.993435
1422.999123 402.747500 -45.217443 0.338887 -0.035535 0.041863 -0.100933 0.993377
1423.099757 402.869084 -45.232775 0.334934 -0.031850 0.042522 -0.101293 0.993437
1423.199584 402.980052 -45.243906 0.327306 -0.030588 0.042245 -0.101610 0.993456
1423.299435 403.094952 -45.255874 0.318927 -0.032200 0.041440 -0.101597 0.993440
1423.399277 403.211692 -45.271151 0.315468 -0.033714 0.040356 -0.101396 0.993455
1423.499125 403.326143 -45.280306 0.319184 -0.035903 0.041022 -0.101408 0.993350
1423.599765 403.436347 -45.284207 0.323351 -0.035941 0.042745 -0.101206 0.993297
1423.699614 403.552877 -45.291536 0.323801 -0.034234 0.043737 -0.100863 0.993349
1423.799460 403.655260 -45.298891 0.317237 -0.034981 0.043290 -0.100933 0.993335
1423.899314 403.758558 -45.304072 0.312562 -0.035650 0.042587 -0.101133 0.993321
1423.999151 403.863443 -45.306343 0.308648 -0.035687 0.042831 -0.101214 0.993301
1424.099786 403.973987 -45.309549 0.306133 -0.034913 0.045206 -0.101350 0.993210
1424.199616 404.092685 -45.313580 0.304745 -0.032426 0.046789 -0.101508 0.993205
1424.299464 404.215443 -45.317260 0.308647 -0.028740 0.046829 -0.101344 0.993333
1424.399302 404.330745 -45.319002 0.302703 -0.027619 0.046197 -0.101223 0.993407
1424.499153 404.451501 -45.319836 0.296519 -0.027492 0.046644 -0.101522 0.993359
1424.599806 404.559779 -45.324553 0.297221 -0.027891 0.046614 -0.101547 0.993347
1424.699639 404.664079 -45.329977 0.296817 -0.027844 0.045474 -0.101669 0.993388
1424.799454 404.776681 -45.336470 0.290031 -0.027006 0.044094 -0.101965 0.993443
1424.899301 404.897418 -45.338659 0.283345 -0.024814 0.043093 -0.102036 0.993537
1424.999142 405.012849 -45.343974 0.282666 -0.023433 0.041165 -0.102581 0.993596
1425.099778 405.131612 -45.351812 0.279192 -0.024935 0.039546 -0.103085 0.993573
1425.199620 405.246350 -45.361965 0.273247 -0.026794 0.040164 -0.103975 0.993407
1425.299462 405.360405 -45.363357 0.268735 -0.027058 0.042045 -0.105479 0.993164
1425.399306 405.467844 -45.368788 0.269253 -0.027837 0.043689 -0.106461 0.992967
1425.499130 405.568701 -45.379065 0.268021 -0.026274 0.045520 -0.106662 0.992905
1425.599771 405.671285 -45.389839 0.262421 -0.026142 0.046545 -0.106970 0.992828
1425.699602 405.774710 -45.401016 0.260628 -0.026578 0.046968 -0.106958 0.992798
1425.799449 405.885095 -45.409947 0.266250 -0.027417 0.048429 -0.106895 0.992712
1425.899293 406.005968 -45.419612 0.269129 -0.027424 0.050329 -0.107001 0.992605
1425.999134 406.114085 -45.432932 0.272176 -0.026925 0.051069 -0.106911 0.992591
1426.099769 406.222847 -45.444739 0.268734 -0.026425 0.048833 -0.107696 0.992632
1426.199607 406.333043 -45.458836 0.262625 -0.026787 0.045407 -0.109017 0.992641
1426.299435 406.445480 -45.475704 0.260332 -0.026762 0.044169 -0.110443 0.992540
1426.399290 406.555585 -45.490024 0.262851 -0.028592 0.044322 -0.110722 0.992451
1426.499133 406.667481 -45.502823 0.267332 -0.027977 0.046706 -0.110648 0.992367
1426.599781 406.782145 -45.519653 0.267583 -0.028561 0.048707 -0.110428 0.992279
1426.699621 406.893513 -45.533766 0.262402 -0.027228 0.052471 -0.110033 0.992168
1426.799462 407.007056 -45.548217 0.253732 -0.026208 0.053119 -0.109336 0.992239
1426.899299 407.123612 -45.564817 0.243498 -0.026001 0.053667 -0.109061 0.992245
1426.999126 407.246483 -45.585944 0.236842 -0.025801 0.054280 -0.108663 0.992260
1427.099766 407.367349 -45.607103 0.241535 -0.026708 0.054406 -0.108745 0.992220
1427.199615 407.495559 -45.622991 0.246655 -0.029426 0.051838 -0.109014 0.992251
1427.299446 407.626364 -45.637137 0.246167 -0.031588 0.050868 -0.109405 0.992192
1427.399276 407.749376 -45.656903 0.240055 -0.031356 0.050663 -0.109173 0.992236
1427.499515 407.864813 -45.674469 0.234995 -0.031798 0.050273 -0.109052 0.992255
1427.599355 407.979139 -45.691089 0.234453 -0.032511 0.050306 -0.107788 0.992368
1427.699192 408.097279 -45.703629 0.233411 -0.028885 0.052057 -0.106153 0.992566
1427.799827 408.224625 -45.717246 0.234041 -0.026254 0.055751 -0.105385 0.992520
1427.899674 408.363198 -45.734646 0.235998 -0.025449 0.056996 -0.105800 0.992426
1427.999521 408.506138 -45.749589 0.232612 -0.027226 0.056067 -0.106197 0.992390
1428.099372 408.637996 -45.765467 0.220434 -0.027868 0.054949 -0.106547 0.992397
1428.199216 408.765603 -45.782504 0.217875 -0.028418 0.055740 -0.106792 0.992311
1428.299461 408.901336 -45.799585 0.219219 -0.028431 0.056701 -0.106389 0.992299
1428.399290 409.037881 -45.816158 0.222309 -0.027283 0.056508 -0.106326 0.992349
1428.499139 409.176331 -45.835763 0.220551 -0.025873 0.054546 -0.106500 0.992478
1428.599774 409.318108 -45.855330 0.219457 -0.024062 0.052739 -0.106598 0.992611
1428.699616 409.460253 -45.873422 0.217846 -0.025037 0.052470 -0.106874 0.992571
1428.799458 409.600138 -45.894641 0.215855 -0.027060 0.053706 -0.106817 0.992458
1428.899292 409.731975 -45.914622 0.211982 -0.027235 0.054509 -0.106822 0.992409
1428.999132 409.875123 -45.935712 0.209536 -0.027555 0.055293 -0.106942 0.992344
1429.099744 410.031800 -45.956343 0.206544 -0.026941 0.055590 -0.106895 0.992349
1429.199585 410.180169 -45.975310 0.204343 -0.026319 0.056579 -0.106983 0.992301
1429.299429 410.318683 -46.000170 0.199630 -0.025900 0.057301 -0.106895 0.992280
1429.399274 410.453577 -46.022673 0.198185 -0.025565 0.057674 -0.106806 0.992277
1429.499503 410.605987 -46.050079 0.198419 -0.026059 0.057653 -0.106655 0.992281
1429.599335 410.754230 -46.074865 0.197760 -0.028039 0.056318 -0.106050 0.992369
1429.699176 410.904276 -46.097001 0.193328 -0.031175 0.055711 -0.103945 0.992532
1429.799829 411.061314 -46.119372 0.183083 -0.030382 0.055709 -0.101868 0.992772
1429.899674 411.221244 -46.141950 0.175291 -0.027445 0.055846 -0.101103 0.992928
1429.999512 411.377863 -46.168507 0.172655 -0.028351 0.055974 -0.100448 0.992962
1430.099345 411.536789 -46.195001 0.169581 -0.027584 0.054721 -0.100379 0.993060
1430.199192 411.699248 -46.221443 0.171135 -0.026967 0.054291 -0.100370 0.993102
1430.299824 411.854274 -46.247184 0.173730 -0.026296 0.055835 -0.100348 0.993036
1430.399676 412.006076 -46.270731 0.170565 -0.026425 0.057257 -0.100660 0.992920
1430.499525 412.169420 -46.296360 0.160327 -0.026275 0.057043 -0.100758 0.992927
1430.599374 412.328267 -46.323367 0.157205 -0.025623 0.057350 -0.100644 0.992938
1430.699231 412.501387 -46.351745 0.153591 -0.026864 0.057283 -0.100478 0.992925
1430.799461 412.684240 -46.383161 0.151675 -0.027299 0.057437 -0.100427 0.992910
1430.899307 412.861327 -46.412381 0.152143 -0.027557 0.055938 -0.100014 0.993030
1430.999147 413.039959 -46.438605 0.148177 -0.030319 0.053984 -0.100064 0.993053
1431.099809 413.222663 -46.470624 0.135282 -0.031672 0.052196 -0.100165 0.993096
1431.199654 413.388296 -46.500970 0.124479 -0.033242 0.050178 -0.100052 0.993160
1431.299498 413.541117 -46.526892 0.113150 -0.033149 0.045191 -0.100020 0.993406
1431.399320 413.692529 -46.550815 0.105301 -0.031036 0.042221 -0.099502 0.993657
1431.499159 413.844243 -46.573548 0.090500 -0.029116 0.041942 -0.099635 0.993713
1431.599798 414.008724 -46.596312 0.075011 -0.027375 0.041900 -0.099847 0.993743
1431.699624 414.176101 -46.622623 0.065374 -0.028490 0.041549 -0.099703 0.993741
1431.799459 414.340449 -46.647711 0.055660 -0.029330 0.042962 -0.099972 0.993630
1431.899297 414.505003 -46.675859 0.036709 -0.029449 0.045383 -0.099841 0.993532
1431.999140 414.669695 -46.703107 0.020513 -0.027339 0.046580 -0.100038 0.993517
1432.099786 414.837831 -46.730519 0.010867 -0.026535 0.044934 -0.099862 0.993632
1432.199624 414.988210 -46.753070 0.004297 -0.027537 0.045088 -0.099602 0.993624
1432.299466 415.134846 -46.777965 -0.002625 -0.029104 0.047411 -0.099482 0.993483
1432.399301 415.284532 -46.802567 -0.013011 -0.030314 0.050593 -0.099607 0.993277
1432.499149 415.442339 -46.824129 -0.024964 -0.031513 0.051623 -0.099728 0.993175
1432.599797 415.605175 -46.847161 -0.030555 -0.037851 0.049994 -0.100079 0.993002
1432.699653 415.770754 -46.869671 -0.035494 -0.044102 0.048424 -0.099916 0.992838
1432.799483 415.922773 -46.887209 -0.040699 -0.046308 0.045558 -0.099851 0.992880
1432.899319 416.069913 -46.900391 -0.051035 -0.046251 0.043555 -0.099607 0.992997
1432.999162 416.218006 -46.912251 -0.068880 -0.044481 0.045310 -0.099694 0.992990
1433.099803 416.367725 -46.922550 -0.084903 -0.042007 0.046330 -0.099890 0.993031
1433.199641 416.509876 -46.930115 -0.098630 -0.042135 0.045982 -0.100092 0.993022
1433.299475 416.668158 -46.933300 -0.108325 -0.041137 0.046039 -0.100676 0.993002
1433.399308 416.827828 -46.934624 -0.104701 -0.033362 0.047831 -0.102158 0.993057
1433.499129 416.990702 -46.937399 -0.113338 -0.029278 0.038985 -0.101299 0.993661
1433.599770 417.151721 -46.939046 -0.119016 -0.027860 0.036026 -0.101127 0.993831
1433.699610 417.307780 -46.940218 -0.132146 -0.027963 0.035530 -0.101093 0.993849
1433.799436 417.449888 -46.941225 -0.146321 -0.029256 0.036337 -0.100910 0.993801
1433.899287 417.582857 -46.943798 -0.158185 -0.028547 0.035854 -0.100728 0.993858
1433.999123 417.719120 -46.944930 -0.156501 -0.030495 0.037173 -0.100684 0.993756
1434.099749 417.854242 -46.944387 -0.152760 -0.030012 0.039219 -0.100619 0.993699
1434.199581 417.977066 -46.943436 -0.153692 -0.029277 0.038959 -0.100680 0.993725
1434.299413 418.097200 -46.945150 -0.158695 -0.029354 0.037660 -0.100571 0.993783
1434.399249 418.219063 -46.942157 -0.165304 -0.029482 0.037455 -0.100701 0.993774
1434.499486 418.351472 -46.942287 -0.177072 -0.028688 0.037828 -0.100834 0.993770
1434.599310 418.484969 -46.943087 -0.183901 -0.027983 0.036402 -0.100772 0.993850
1434.699145 418.614765 -46.945334 -0.186225 -0.027025 0.034622 -0.101078 0.993909
1434.799789 418.743759 -46.947754 -0.189339 -0.026418 0.035180 -0.101879 0.993823
1434.899624 418.874022 -46.949678 -0.188509 -0.024265 0.035704 -0.101880 0.993860
1434.999459 418.985259 -46.952063 -0.190229 -0.024669 0.034738 -0.101561 0.993917
1435.099310 419.104335 -46.960900 -0.192000 -0.026780 0.035787 -0.101189 0.993863
1435.199144 419.224937 -46.968864 -0.197785 -0.025387 0.039005 -0.100868 0.993811
1435.299790 419.341187 -46.970893 -0.196989 -0.027664 0.039701 -0.101014 0.993708
1435.399630 419.457553 -46.972990 -0.195011 -0.029608 0.038815 -0.101532 0.993634
1435.499450 419.577377 -46.980318 -0.194633 -0.029247 0.038245 -0.102048 0.993614
1435.599288 419.695240 -46.986766 -0.193826 -0.032862 0.038493 -0.103521 0.993339
1435.699128 419.794182 -46.996278 -0.203319 -0.024629 0.011069 -0.103523 0.994260
1435.799779 419.883096 -47.005101 -0.229343 -0.017220 -0.009250 -0.102306 0.994561
1435.899616 419.962471 -47.011019 -0.238364 -0.019976 -0.001644 -0.102395 0.994542
1435.999465 420.037294 -47.015658 -0.226891 -0.024604 0.008274 -0.102301 0.994415
1436.099318 420.114724 -47.023105 -0.218560 -0.026695 0.016523 -0.102024 0.994286
1436.199151 420.177852 -47.031613 -0.215905 -0.026851 0.019453 -0.101791 0.994253
1436.299790 420.241589 -47.043405 -0.218498 -0.025709 0.022700 -0.101636 0.994230
1436.399616 420.305780 -47.058056 -0.223792 -0.025651 0.027529 -0.101649 0.994108
1436.499449 420.367550 -47.061892 -0.234896 -0.025422 0.035296 -0.101890 0.993844
1436.599281 420.426615 -47.073578 -0.237110 -0.025534 0.043289 -0.102001 0.993514
1436.699114 420.482079 -47.089374 -0.235839 -0.024762 0.052633 -0.102063 0.993076
1436.799740 420.537985 -47.102412 -0.237225 -0.024643 0.061594 -0.102060 0.992564
1436.899591 420.597507 -47.114005 -0.243402 -0.024366 0.067865 -0.102062 0.992161
1436.999430 420.658137 -47.132109 -0.252493 -0.024525 0.070962 -0.101565 0.991992
1437.099276 420.725598 -47.152056 -0.258572 -0.024930 0.073461 -0.101327 0.991824
1437.199517 420.805410 -47.174229 -0.259428 -0.027053 0.073015 -0.101364 0.991797
1437.299357 420.892708 -47.194831 -0.264996 -0.027774 0.072007 -0.101365 0.991851
1437.399185 420.984246 -47.214725 -0.273510 -0.026061 0.073892 -0.101265 0.991769
1437.499813 421.087733 -47.241223 -0.280557 -0.024336 0.078425 -0.100981 0.991494
1437.599652 421.203810 -47.272100 -0.283532 -0.022700 0.083422 -0.100331 0.991191
1437.699498 421.328846 -47.301566 -0.283741 -0.023124 0.085545 -0.099741 0.991060
1437.799331 421.456184 -47.328695 -0.285537 -0.023820 0.084418 -0.099011 0.991213
1437.899169 421.587328 -47.356859 -0.287337 -0.025646 0.083344 -0.099221 0.991237
1437.999806 421.717802 -47.387351 -0.293333 -0.027343 0.080143 -0.099769 0.991401
1438.099641 421.858073 -47.420928 -0.296499 -0.026020 0.077361 -0.100329 0.991601
1438.199491 421.999565 -47.454509 -0.298289 -0.025074 0.073554 -0.100660 0.991881
1438.299330 422.135231 -47.489097 -0.298123 -0.025653 0.067034 -0.100554 0.992339
1438.399162 422.274118 -47.522705 -0.291312 -0.028885 0.062212 -0.100185 0.992602
1438.499804 422.420987 -47.559072 -0.287044 -0.030016 0.060130 -0.099939 0.992721
1438.599653 422.574148 -47.591951 -0.296397 -0.029831 0.060982 -0.100038 0.992665
1438.699495 422.746008 -47.628045 -0.318685 -0.028423 0.060496 -0.100009 0.992739
1438.799330 422.911894 -47.663335 -0.342065 -0.028292 0.055608 -0.100040 0.993025
1438.899164 423.075329 -47.699363 -0.356711 -0.028532 0.049518 -0.099571 0.993388
1438.999800 423.235534 -47.736564 -0.369983 -0.028277 0.046495 -0.099445 0.993554
1439.099647 423.394286 -47.774211 -0.390435 -0.028546 0.048119 -0.099342 0.993479
1439.199483 423.560834 -47.814910 -0.430208 -0.029222 0.051743 -0.099152 0.993296
1439.299328 423.727190 -47.853897 -0.472943 -0.029083 0.053537 -0.099175 0.993203
1439.399177 423.881766 -47.890461 -0.514433 -0.028799 0.053682 -0.098937 0.993227
1439.499814 424.037049 -47.923936 -0.547675 -0.028252 0.050814 -0.099007 0.993387
1439.599660 424.196605 -47.961390 -0.577257 -0.026684 0.049332 -0.098697 0.993536
1439.699508 424.351899 -47.998359 -0.606310 -0.025974 0.052401 -0.098470 0.993420
1439.799349 424.514097 -48.036933 -0.633882 -0.026634 0.058960 -0.098290 0.993053
1439.899197 424.685394 -48.077679 -0.657994 -0.028098 0.065020 -0.098254 0.992637
1439.999835 424.848866 -48.116484 -0.681930 -0.029937 0.066378 -0.098345 0.992485
1440.099659 425.016979 -48.154927 -0.707449 -0.029700 0.063000 -0.098031 0.992743
1440.199485 425.183879 -48.189241 -0.728686 -0.027899 0.061170 -0.097945 0.992918
1440.299323 425.359592 -48.225357 -0.738749 -0.027238 0.059889 -0.097422 0.993066
1440.399161 425.529346 -48.261882 -0.743730 -0.028818 0.058759 -0.097163 0.993114
1440.499801 425.704361 -48.301778 -0.751845 -0.030472 0.057953 -0.096850 0.993143
1440.599640 425.887072 -48.340845 -0.754789 -0.031357 0.057126 -0.097217 0.993128
1440.699465 426.060969 -48.371366 -0.760109 -0.038482 0.054852 -0.098199 0.992909
1440.799304 426.233964 -48.398998 -0.770743 -0.046054 0.053743 -0.099113 0.992556
1440.899144 426.399888 -48.425789 -0.776900 -0.048649 0.055004 -0.099416 0.992333
1440.999797 426.566556 -48.448291 -0.784950 -0.048203 0.055110 -0.099608 0.992329
1441.099633 426.742080 -48.471656 -0.789617 -0.048126 0.053572 -0.099921 0.992386
1441.199481 426.930077 -48.493615 -0.788626 -0.048106 0.050850 -0.100167 0.992505
1441.299310 427.115329 -48.510125 -0.785128 -0.044806 0.047912 -0.100038 0.992819
1441.399144 427.299383 -48.521126 -0.786375 -0.042147 0.046215 -0.100227 0.992997
1441.499781 427.485120 -48.530182 -0.795552 -0.035967 0.047351 -0.100382 0.993170
1441.599623 427.657031 -48.539663 -0.803277 -0.031247 0.049630 -0.100580 0.993199
1441.699469 427.820322 -48.551737 -0.809834 -0.030761 0.051294 -0.100450 0.993143
1441.799308 427.979832 -48.559438 -0.817150 -0.029723 0.049984 -0.100274 0.993259
1441.899149 428.138503 -48.565665 -0.821638 -0.028873 0.049747 -0.100172 0.993306
1441.999784 428.306248 -48.571570 -0.822532 -0.029860 0.047833 -0.100098 0.993378
1442.099631 428.467782 -48.579603 -0.821119 -0.029717 0.045604 -0.099931 0.993504
1442.199472 428.642409 -48.591384 -0.824025 -0.029209 0.043913 -0.099550 0.993634
1442.299323 428.820156 -48.603328 -0.827790 -0.028255 0.043692 -0.099523 0.993674
1442.399159 428.997380 -48.613795 -0.834715 -0.027016 0.042720 -0.099394 0.993763
1442.499794 429.176280 -48.629366 -0.843595 -0.027646 0.042849 -0.099112 0.993769
1442.599631 429.342372 -48.642663 -0.858907 -0.028600 0.041567 -0.099027 0.993805
1442.699473 429.504421 -48.649582 -0.867402 -0.027755 0.041492 -0.099331 0.993801
1442.799318 429.657588 -48.655024 -0.871217 -0.028137 0.040771 -0.099215 0.993832
1442.899154 429.805722 -48.667035 -0.867660 -0.029715 0.041499 -0.099173 0.993760
1442.999783 429.964702 -48.679880 -0.869375 -0.030775 0.040728 -0.099814 0.993696
1443.099615 430.116375 -48.694092 -0.871423 -0.030028 0.039510 -0.099748 0.993774
1443.199454 430.269879 -48.706319 -0.876799 -0.027956 0.039956 -0.099852 0.993807
1443.299294 430.422024 -48.716388 -0.884235 -0.028016 0.042098 -0.099639 0.993738
1443.399135 430.573655 -48.726702 -0.888163 -0.028806 0.044647 -0.099146 0.993653
1443.499781 430.724815 -48.741128 -0.893189 -0.029149 0.044786 -0.099001 0.993651
1443.599626 430.877544 -48.757942 -0.897355 -0.029201 0.045684 -0.099219 0.993587
1443.699462 431.021490 -48.774049 -0.905264 -0.028706 0.047800 -0.099432 0.993481
1443.799307 431.166468 -48.787573 -0.914125 -0.028632 0.050774 -0.099731 0.993306
1443.899138 431.303490 -48.797444 -0.920971 -0.028506 0.052040 -0.099553 0.993262
1443.999790 431.445468 -48.810191 -0.931948 -0.028375 0.050157 -0.099210 0.993396
1444.099637 431.593564 -48.825323 -0.944472 -0.026890 0.046366 -0.099021 0.993641
1444.199475 431.725249 -48.840161 -0.951291 -0.026121 0.044543 -0.098669 0.993780
1444.299316 431.852610 -48.855468 -0.956632 -0.025463 0.048463 -0.098343 0.993646
1444.399182 431.981451 -48.870323 -0.962138 -0.027089 0.054255 -0.098041 0.993333
1444.499809 432.118613 -48.885284 -0.965471 -0.026903 0.056850 -0.097573 0.993239
1444.599657 432.263722 -48.903307 -0.969235 -0.028723 0.057070 -0.097465 0.993186
1444.699497 432.407966 -48.923177 -0.976068 -0.026842 0.058382 -0.097639 0.993145
1444.799340 432.554002 -48.942803 -0.983424 -0.026138 0.059650 -0.098368 0.993017
1444.899190 432.715668 -48.959839 -0.992020 -0.027151 0.060009 -0.098820 0.992923
1444.999837 432.873068 -48.975219 -0.996619 -0.026377 0.059198 -0.099120 0.992963
1445.099679 433.033740 -48.993363 -0.996504 -0.025284 0.057628 -0.099189 0.993077
1445.199508 433.189503 -49.011363 -0.989227 -0.024889 0.052758 -0.098880 0.993388
1445.299368 433.347839 -49.035990 -0.984097 -0.025725 0.050237 -0.098444 0.993541
1445.399184 433.502343 -49.060401 -0.989226 -0.026490 0.051508 -0.098457 0.993454
1445.499825 433.642738 -49.078020 -0.999189 -0.025605 0.048227 -0.098453 0.993643
1445.599662 433.780038 -49.100056 -1.002567 -0.025555 0.043511 -0.097772 0.993929
1445.699505 433.932416 -49.125204 -1.002574 -0.028364 0.041916 -0.097937 0.993905
1445.799345 434.079008 -49.146444 -1.000736 -0.031897 0.039750 -0.098422 0.993839
1445.899170 434.219191 -49.168352 -1.002951 -0.031731 0.041885 -0.098467 0.993752
1445.999817 434.359813 -49.188153 -1.010005 -0.029564 0.047548 -0.098986 0.993512
1446.099669 434.499741 -49.208036 -1.023668 -0.027316 0.050944 -0.099120 0.993395
1446.199514 434.636371 -49.227935 -1.038597 -0.027492 0.050429 -0.098988 0.993430
1446.299352 434.770592 -49.247057 -1.048368 -0.029557 0.048000 -0.098926 0.993497
1446.399180 434.903896 -49.268956 -1.061130 -0.030855 0.044229 -0.098992 0.993626
1446.499818 435.042899 -49.292257 -1.077215 -0.029897 0.044113 -0.098829 0.993677
1446.599667 435.182068 -49.314016 -1.090590 -0.028997 0.044982 -0.098827 0.993664
1446.699499 435.313189 -49.332541 -1.105100 -0.028178 0.043017 -0.098704 0.993787
1446.799336 435.440008 -49.353242 -1.116903 -0.029677 0.040609 -0.098756 0.993840
1446.899186 435.567838 -49.372587 -1.128034 -0.029420 0.043554 -0.098943 0.993704
1446.999829 435.699253 -49.390440 -1.141222 -0.028215 0.047380 -0.099149 0.993543
1447.099664 435.833465 -49.412426 -1.151906 -0.028235 0.050256 -0.099448 0.993372
1447.199502 435.970666 -49.434938 -1.159234 -0.026212 0.049131 -0.099946 0.993433
1447.299330 436.102793 -49.457633 -1.165107 -0.026076 0.048279 -0.099691 0.993504
1447.399158 436.237837 -49.481185 -1.170184 -0.029793 0.046899 -0.099390 0.993496
1447.499794 436.366838 -49.500093 -1.174605 -0.031407 0.044594 -0.098836 0.993608
1447.599629 436.485683 -49.519084 -1.181076 -0.030086 0.043519 -0.098486 0.993731
1447.699477 436.609800 -49.539636 -1.187977 -0.028428 0.042817 -0.098545 0.993805
1447.799319 436.737215 -49.563693 -1.194129 -0.028641 0.041579 -0.098714 0.993834
1447.899164 436.851741 -49.586840 -1.195479 -0.028738 0.039180 -0.098517 0.993948
1447.999798 436.973417 -49.608960 -1.195642 -0.029292 0.038338 -0.098237 0.993993
1448.099634 437.105392 -49.631084 -1.200427 -0.029703 0.037331 -0.097778 0.994064
1448.199479 437.228137 -49.650129 -1.200543 -0.030138 0.036604 -0.098265 0.994030
1448.299305 437.344846 -49.667515 -1.202468 -0.030979 0.037865 -0.098890 0.993895
1448.399144 437.462246 -49.688625 -1.211414 -0.032603 0.039295 -0.098978 0.993779
1448.499784 437.575684 -49.711965 -1.218794 -0.033528 0.038780 -0.099153 0.993751
1448.599622 437.682152 -49.732973 -1.223503 -0.033853 0.037116 -0.099195 0.993799
1448.699454 437.790082 -49.750953 -1.234636 -0.032577 0.039011 -0.099311 0.993758
1448.799285 437.903503 -49.769662 -1.248237 -0.031034 0.041011 -0.099063 0.993751
1448.899112 438.015362 -49.788067 -1.261983 -0.029775 0.039829 -0.098611 0.993883
1448.999752 438.122875 -49.807267 -1.269851 -0.031007 0.036450 -0.098011 0.994034
1449.099591 438.228593 -49.826273 -1.267607 -0.031715 0.033198 -0.097365 0.994189
1449.199425 438.335935 -49.842080 -1.266177 -0.030078 0.035113 -0.097176 0.994193
1449.299261 438.447728 -49.859901 -1.272430 -0.028766 0.040694 -0.097352 0.994002
1449.399505 438.559026 -49.878257 -1.282489 -0.027808 0.043482 -0.097373 0.993909
1449.499358 438.673297 -49.896414 -1.294353 -0.029959 0.043339 -0.096933 0.993895
1449.599194 438.783280 -49.912649 -1.303926 -0.033811 0.042516 -0.096736 0.993827
1449.699829 438.886553 -49.926880 -1.311528 -0.036802 0.043750 -0.097023 0.993639
1449.799660 438.980111 -49.939580 -1.317228 -0.036760 0.044625 -0.097751 0.993530
1449.899489 439.073364 -49.950144 -1.323688 -0.035181 0.046279 -0.098516 0.993436
1449.999327 439.173673 -49.961582 -1.330265 -0.034934 0.047445 -0.099232 0.993318
1450.099170 439.267963 -49.975222 -1.339617 -0.032226 0.050479 -0.099652 0.993218
1450.199795 439.360066 -49.987802 -1.347858 -0.029377 0.051723 -0.099875 0.993220
1450.299650 439.450281 -49.997960 -1.353128 -0.030706 0.053978 -0.100368 0.993010
1450.399490 439.537676 -50.006143 -1.361618 -0.029825 0.055905 -0.100049 0.992963
1450.499331 439.636016 -50.015407 -1.369579 -0.027269 0.057563 -0.099963 0.992950
1450.599168 439.732881 -50.025135 -1.372787 -0.025136 0.057115 -0.100333 0.992995
1450.699800 439.833216 -50.040777 -1.375429 -0.023737 0.056645 -0.100469 0.993043
1450.799625 439.941509 -50.058611 -1.384512 -0.025934 0.057793 -0.100257 0.992943
1450.899470 440.052003 -50.070988 -1.393280 -0.028565 0.058185 -0.099859 0.992888
1450.999311 440.173839 -50.080242 -1.401583 -0.029268 0.057143 -0.099575 0.992957
1451.099147 440.299662 -50.092287 -1.406788 -0.028848 0.055431 -0.099363 0.993087
1451.199779 440.415240 -50.108954 -1.414191 -0.028997 0.052740 -0.099056 0.993260
1451.299616 440.521899 -50.127692 -1.418980 -0.029687 0.050542 -0.098832 0.993376
1451.399451 440.628837 -50.144100 -1.422133 -0.030257 0.048552 -0.098820 0.993460
1451.499289 440.736937 -50.159823 -1.422782 -0.028986 0.048026 -0.099024 0.993503
1451.599143 440.848574 -50.173599 -1.424072 -0.027514 0.049018 -0.099332 0.993465
1451.699789 440.963967 -50.190754 -1.427063 -0.026668 0.051834 -0.099477 0.993331
1451.799630 441.077775 -50.210070 -1.432763 -0.027104 0.054432 -0.099420 0.993186
1451.899456 441.182462 -50.226406 -1.442750 -0.028928 0.054530 -0.099499 0.993121
1451.999291 441.285059 -50.239431 -1.450511 -0.030038 0.053417 -0.099050 0.993194
1452.099123 441.396384 -50.249386 -1.454715 -0.029746 0.052306 -0.099107 0.993256
1452.199757 441.507733 -50.267253 -1.457950 -0.028920 0.052648 -0.098854 0.993287
1452.299606 441.625067 -50.290923 -1.461364 -0.028782 0.052629 -0.099024 0.993275
1452.399433 441.750776 -50.311399 -1.464777 -0.026959 0.050539 -0.099455 0.993392
1452.499266 441.875034 -50.329454 -1.470138 -0.026538 0.050626 -0.100407 0.993303
1452.599510 442.001878 -50.347850 -1.470232 -0.027439 0.053954 -0.101420 0.993001
1452.699353 442.131130 -50.366497 -1.472936 -0.027635 0.055074 -0.101951 0.992879
1452.799187 442.250916 -50.387634 -1.477327 -0.027557 0.054061 -0.102189 0.992913
1452.899822 442.373732 -50.409831 -1.489090 -0.026297 0.054266 -0.101927 0.992963
1452.999651 442.505805 -50.432321 -1.496152 -0.027556 0.054280 -0.101471 0.992974
1453.099491 442.639485 -50.453313 -1.499761 -0.029870 0.054070 -0.101177 0.992949
1453.199318 442.773083 -50.472928 -1.504570 -0.032027 0.053425 -0.100905 0.992944
1453.299164 442.907042 -50.495619 -1.506812 -0.031636 0.053164 -0.100746 0.992987
1453.399814 443.045846 -50.520576 -1.511678 -0.028987 0.052591 -0.100443 0.993129
1453.499647 443.183063 -50.549570 -1.513694 -0.029561 0.051528 -0.100530 0.993159
1453.599493 443.322813 -50.578664 -1.515777 -0.029421 0.050620 -0.100807 0.993182
1453.699337 443.463454 -50.600031 -1.521943 -0.028981 0.049776 -0.101143 0.993203
1453.799178 443.589656 -50.620725 -1.526544 -0.027257 0.050073 -0.101078 0.993244
1453.899815 443.709745 -50.642382 -1.536872 -0.028296 0.052757 -0.101413 0.993041
1453.999657 443.831815 -50.666896 -1.552030 -0.029767 0.056795 -0.101563 0.992760
1454.099515 443.968128 -50.694481 -1.559425 -0.029711 0.056596 -0.101698 0.992760
1454.199345 444.098377 -50.721206 -1.560572 -0.029135 0.050540 -0.101625 0.993111
1454.299185 444.228031 -50.744051 -1.556741 -0.026693 0.046247 -0.101166 0.993436
1454.399807 444.359749 -50.771226 -1.552810 -0.024089 0.049487 -0.100839 0.993379
1454.499647 444.489080 -50.795648 -1.557719 -0.024928 0.052771 -0.100412 0.993233
1454.599489 444.622593 -50.819233 -1.562677 -0.026889 0.055044 -0.100102 0.993089
1454.699334 444.747398 -50.847195 -1.570588 -0.032043 0.056217 -0.099709 0.992910
1454.799173 444.873463 -50.874774 -1.578010 -0.033320 0.058030 -0.099605 0.992774
1454.899813 445.019548 -50.906158 -1.578482 -0.030862 0.055800 -0.099242 0.993018
1454.999641 445.159348 -50.931025 -1.570709 -0.029461 0.054203 -0.099566 0.993117
1455.099470 445.291175 -50.953650 -1.573244 -0.030565 0.053026 -0.099640 0.993139
1455.199303 445.419416 -50.977867 -1.585810 -0.034321 0.052247 -0.099163 0.993106
1455.299145 445.550183 -51.001572 -1.606386 -0.040737 0.051177 -0.098783 0.992957
1455.399786 445.680806 -51.022825 -1.619065 -0.044789 0.051988 -0.099017 0.992717
1455.499618 445.818535 -51.040666 -1.619523 -0.044336 0.053007 -0.099564 0.992629
1455.599470 445.972451 -51.059841 -1.612697 -0.041353 0.052296 -0.099920 0.992759
1455.699313 446.110437 -51.074434 -1.612847 -0.038661 0.050064 -0.100136 0.992961
1455.799156 446.248829 -51.088350 -1.621081 -0.036885 0.047208 -0.100395 0.993142
1455.899775 446.398038 -51.101897 -1.633130 -0.036291 0.046734 -0.100771 0.993149
1455.999618 446.542215 -51.112550 -1.641292 -0.036468 0.047454 -0.101051 0.993079
1456.099456 446.669403 -51.119757 -1.643230 -0.036338 0.047293 -0.100972 0.993100
1456.199289 446.794496 -51.126016 -1.642643 -0.038271 0.046997 -0.100726 0.993066
1456.299130 446.924407 -51.129254 -1.641837 -0.039129 0.048275 -0.100571 0.992987
1456.399772 447.056072 -51.133499 -1.643269 -0.037773 0.050785 -0.100397 0.992932
1456.499613 447.185327 -51.143025 -1.649514 -0.036909 0.051854 -0.099594 0.992990
1456.599450 447.315698 -51.147480 -1.652713 -0.038113 0.051989 -0.098851 0.993012
1456.699293 447.445204 -51.148552 -1.656732 -0.038717 0.049443 -0.098315 0.993172
1456.799122 447.575399 -51.147531 -1.662963 -0.036978 0.046019 -0.097917 0.993442
1456.899768 447.716696 -51.150224 -1.666689 -0.032367 0.044068 -0.097863 0.993697
1456.999617 447.864183 -51.155138 -1.666715 -0.028317 0.044231 -0.098388 0.993761
1457.099453 448.015949 -51.157642 -1.671892 -0.028282 0.046406 -0.099784 0.993524
1457.199298 448.163321 -51.160717 -1.680131 -0.029692 0.047662 -0.100961 0.993304
1457.299146 448.317614 -51.163419 -1.682995 -0.028832 0.045390 -0.101611 0.993370
1457.399773 448.466625 -51.165258 -1.680026 -0.028795 0.043114 -0.102079 0.993424
1457.499612 448.609723 -51.171374 -1.680246 -0.027004 0.046157 -0.101853 0.993361
1457.599457 448.743938 -51.174926 -1.686917 -0.026025 0.048330 -0.101391 0.993331
1457.699287 448.865830 -51.182570 -1.698029 -0.025556 0.049641 -0.101000 0.993319
1457.799117 448.986751 -51.188622 -1.706851 -0.027141 0.049285 -0.101399 0.993254
1457.899758 449.113902 -51.193538 -1.704623 -0.027995 0.044380 -0.101084 0.993493
1457.999593 449.237255 -51.197392 -1.697393 -0.029362 0.039998 -0.100471 0.993702
1458.099425 449.357907 -51.204185 -1.695403 -0.032077 0.041235 -0.100279 0.993587
1458.199260 449.486452 -51.211342 -1.703209 -0.031693 0.041618 -0.100436 0.993567
1458.299509 449.614170 -51.220580 -1.717630 -0.029671 0.043662 -0.101386 0.993446
1458.399343 449.744609 -51.233759 -1.727076 -0.028235 0.043148 -0.102402 0.993406
1458.499191 449.873013 -51.241355 -1.725669 -0.028095 0.042745 -0.103042 0.993361
1458.599822 449.993781 -51.247824 -1.718876 -0.026685 0.042811 -0.103273 0.993373
1458.699663 450.102147 -51.255080 -1.720297 -0.026824 0.041677 -0.102881 0.993458
1458.799510 450.218343 -51.265492 -1.729908 -0.030780 0.044198 -0.102971 0.993225
1458.899353 450.336430 -51.281130 -1.738031 -0.033873 0.047464 -0.102769 0.992995
1458.999212 450.441271 -51.291430 -1.743288 -0.032630 0.046500 -0.102450 0.993115
1459.099445 450.541497 -51.297666 -1.741210 -0.030145 0.043514 -0.102019 0.993373
1459.199280 450.649866 -51.305652 -1.741895 -0.028330 0.041300 -0.101472 0.993577
1459.299115 450.756304 -51.314324 -1.746206 -0.027939 0.041077 -0.101373 0.993607
1459.399746 450.866539 -51.324776 -1.752190 -0.029599 0.043869 -0.101478 0.993429
1459.499590 450.980945 -51.337232 -1.759371 -0.031227 0.043980 -0.101461 0.993376
1459.599433 451.090842 -51.349035 -1.767286 -0.031486 0.043732 -0.101508 0.993374
1459.699275 451.201534 -51.362495 -1.772801 -0.030351 0.042861 -0.101499 0.993448
1459.799523 451.313159 -51.375205 -1.776843 -0.031538 0.043711 -0.101987 0.993324
1459.899369 451.426062 -51.383779 -1.782596 -0.033394 0.046873 -0.102642 0.993052
1459.999211 451.541417 -51.392336 -1.788818 -0.031843 0.049146 -0.102611 0.992996
1460.099451 451.639782 -51.400684 -1.792714 -0.033528 0.048791 -0.102108 0.993010
1460.199296 451.737038 -51.406129 -1.791173 -0.034779 0.048039 -0.102033 0.993012
1460.299134 451.841594 -51.416042 -1.787973 -0.035016 0.045962 -0.101642 0.993142
1460.399781 451.944999 -51.427985 -1.786836 -0.033266 0.043656 -0.101034 0.993368
1460.499615 452.040150 -51.441386 -1.789896 -0.031017 0.043720 -0.100840 0.993457
1460.599462 452.126096 -51.453815 -1.795626 -0.030044 0.042620 -0.100799 0.993539
1460.699299 452.220907 -51.459530 -1.799970 -0.028999 0.042212 -0.100852 0.993582
1460.799142 452.328230 -51.466016 -1.800496 -0.029007 0.042748 -0.100891 0.993555
1460.899778 452.431595 -51.468983 -1.797920 -0.030809 0.043288 -0.100637 0.993503
1460.999622 452.527925 -51.474912 -1.793370 -0.033995 0.042118 -0.101058 0.993407
1461.099490 452.628861 -51.487241 -1.794157 -0.033899 0.041871 -0.101650 0.993360
1461.199326 452.736151 -51.502263 -1.798324 -0.030468 0.042516 -0.102401 0.993367
1461.299163 452.836816 -51.515411 -1.802613 -0.028416 0.042526 -0.102965 0.993369
1461.399802 452.939682 -51.524440 -1.806733 -0.027647 0.043457 -0.103524 0.993292
1461.499645 453.041469 -51.531790 -1.811888 -0.028290 0.044134 -0.103622 0.993234
1461.599483 453.147559 -51.542686 -1.814298 -0.028765 0.045133 -0.103448 0.993194
1461.699327 453.263440 -51.557121 -1.816016 -0.029081 0.044527 -0.103223 0.993235
1461.799164 453.369787 -51.568798 -1.815414 -0.030041 0.043847 -0.103120 0.993248
1461.899803 453.476420 -51.579483 -1.816279 -0.030953 0.043831 -0.103085 0.993224
1461.999639 453.581866 -51.593481 -1.815533 -0.031372 0.046290 -0.102971 0.993111
1462.099463 453.669766 -51.605432 -1.819165 -0.031388 0.047967 -0.102831 0.993046
1462.199298 453.748108 -51.614856 -1.818925 -0.030787 0.050394 -0.102650 0.992963
1462.299139 453.839717 -51.624257 -1.822487 -0.030013 0.050335 -0.102693 0.992985
1462.399773 453.934944 -51.634069 -1.827342 -0.030806 0.046864 -0.102365 0.993165
1462.499609 454.030717 -51.646791 -1.828402 -0.032139 0.044080 -0.102327 0.993254
1462.599451 454.120833 -51.658293 -1.834070 -0.033946 0.043828 -0.102306 0.993207
1462.699292 454.211686 -51.672651 -1.835568 -0.032708 0.046047 -0.102110 0.993168
1462.799148 454.308890 -51.682856 -1.834285 -0.030654 0.048054 -0.102171 0.993133
1462.899794 454.406817 -51.690277 -1.839453 -0.029738 0.048868 -0.102632 0.993073
1462.999641 454.490651 -51.703248 -1.848418 -0.029491 0.049923 -0.102250 0.993067
1463.099489 454.576613 -51.714421 -1.854196 -0.029347 0.050727 -0.102284 0.993027
1463.199345 454.674306 -51.725787 -1.861412 -0.029459 0.052692 -0.102323 0.992918
1463.299191 454.775913 -51.740692 -1.869999 -0.029339 0.055703 -0.102230 0.992767
1463.399814 454.870786 -51.755639 -1.878507 -0.029559 0.057135 -0.102122 0.992690
1463.499649 454.981571 -51.774723 -1.879388 -0.029588 0.055997 -0.101968 0.992770
1463.599506 455.103748 -51.792604 -1.881809 -0.029287 0.054816 -0.101707 0.992871
1463.699339 455.214796 -51.809225 -1.893705 -0.028039 0.057311 -0.101833 0.992753
1463.799182 455.322544 -51.825926 -1.905047 -0.028036 0.059525 -0.101870 0.992619
1463.899814 455.439469 -51.844591 -1.911864 -0.028132 0.059771 -0.101365 0.992654
1463.999650 455.534993 -51.862999 -1.914982 -0.029462 0.058123 -0.100985 0.992752
1464.099496 455.630029 -51.881323 -1.923748 -0.031213 0.055383 -0.100856 0.992868
1464.199338 455.729399 -51.897497 -1.930156 -0.030705 0.050812 -0.100745 0.993139
1464.299193 455.827795 -51.913992 -1.926329 -0.028993 0.048814 -0.100944 0.993271
1464.399834 455.932268 -51.932486 -1.924063 -0.028842 0.049583 -0.101069 0.993224
1464.499684 456.031748 -51.951806 -1.932802 -0.029996 0.050721 -0.101581 0.993081
1464.599530 456.136025 -51.970375 -1.949327 -0.031099 0.050022 -0.102217 0.993017
1464.699384 456.255156 -51.993264 -1.967562 -0.029707 0.049679 -0.102234 0.993075
1464.799223 456.375830 -52.016843 -1.977742 -0.029475 0.051220 -0.102142 0.993013
1464.899460 456.486639 -52.039333 -1.984440 -0.030150 0.053700 -0.102001 0.992876
1464.999280 456.601091 -52.061124 -1.991258 -0.029303 0.055977 -0.101842 0.992792
1465.099113 456.730732 -52.084490 -1.999458 -0.028440 0.056092 -0.102092 0.992785
1465.199752 456.850124 -52.105346 -2.013887 -0.027541 0.055507 -0.101993 0.992853
1465.299577 456.964473 -52.125050 -2.030536 -0.029740 0.054880 -0.102129 0.992811
1465.399424 457.079950 -52.147608 -2.044544 -0.030204 0.054408 -0.102555 0.992779
1465.499268 457.187862 -52.168700 -2.050344 -0.030217 0.056586 -0.102867 0.992625
1465.599500 457.308757 -52.192403 -2.054145 -0.033106 0.056338 -0.102898 0.992543
1465.699343 457.446097 -52.216496 -2.060832 -0.038185 0.055080 -0.102813 0.992440
1465.799170 457.588594 -52.241648 -2.070674 -0.037067 0.052195 -0.102622 0.992658
1465.899806 457.731960 -52.266651 -2.084797 -0.035140 0.050690 -0.102567 0.992812
1465.999633 457.872896 -52.287815 -2.097049 -0.033539 0.052419 -0.102801 0.992753
1466.099484 458.000498 -52.306240 -2.102354 -0.032438 0.054810 -0.103178 0.992622
1466.199322 458.125357 -52.323680 -2.105196 -0.031958 0.054614 -0.103494 0.992615
1466.299163 458.256671 -52.345588 -2.111315 -0.033677 0.053555 -0.103622 0.992603
1466.399795 458.385243 -52.370803 -2.119842 -0.034026 0.054321 -0.103903 0.992520
1466.499629 458.516414 -52.391377 -2.131154 -0.035912 0.051984 -0.103790 0.992590
1466.599477 458.646146 -52.405681 -2.145520 -0.038406 0.051846 -0.103406 0.992544
1466.699299 458.775289 -52.415147 -2.164511 -0.041894 0.055662 -0.103062 0.992232
1466.799131 458.908769 -52.424612 -2.182987 -0.042323 0.058510 -0.102999 0.992057
1466.899778 459.055109 -52.443128 -2.192745 -0.040598 0.056086 -0.102963 0.992273
1466.999627 459.201252 -52.462963 -2.196277 -0.039886 0.053576 -0.103216 0.992414
1467.099463 459.336933 -52.477656 -2.200253 -0.036724 0.052709 -0.103797 0.992522
1467.199295 459.475572 -52.489628 -2.209953 -0.033484 0.054748 -0.103994 0.992505
1467.299126 459.619079 -52.496855 -2.226795 -0.032394 0.057903 -0.104446 0.992315
1467.399767 459.771412 -52.500647 -2.242417 -0.035552 0.057867 -0.105182 0.992131
1467.499598 459.920127 -52.505261 -2.247519 -0.037872 0.054345 -0.104915 0.992273
1467.599432 460.064374 -52.514658 -2.241354 -0.040875 0.055063 -0.104915 0.992114
1467.699271 460.186761 -52.523435 -2.243313 -0.043303 0.057092 -0.104466 0.991944
1467.799513 460.331716 -52.525984 -2.254476 -0.043569 0.061436 -0.104527 0.991666
1467.899355 460.476364 -52.526206 -2.271935 -0.037593 0.062936 -0.104530 0.991816
1467.999210 460.620954 -52.526192 -2.284745 -0.031088 0.060429 -0.104171 0.992235
1468.099450 460.771024 -52.531684 -2.288799 -0.027459 0.055436 -0.103681 0.992685
1468.199290 460.917872 -52.534322 -2.286732 -0.027773 0.054403 -0.103543 0.992748
1468.299125 461.069281 -52.535982 -2.288251 -0.029205 0.054018 -0.103124 0.992771
1468.399760 461.223463 -52.541236 -2.292116 -0.028265 0.053951 -0.103610 0.992751
1468.499613 461.377311 -52.545560 -2.295855 -0.024718 0.053551 -0.105361 0.992683
1468.599453 461.528954 -52.551607 -2.304206 -0.024352 0.050744 -0.105936 0.992779
1468.699296 461.682209 -52.562458 -2.311816 -0.023905 0.048395 -0.106499 0.992847
1468.799151 461.830431 -52.569522 -2.315390 -0.028960 0.047115 -0.106991 0.992721
1468.899786 461.987344 -52.579192 -2.315349 -0.030192 0.047832 -0.106799 0.992670
1468.999634 462.138491 -52.593495 -2.316244 -0.028463 0.047053 -0.106231 0.992820
1469.099481 462.283572 -52.604230 -2.318625 -0.028385 0.045598 -0.106232 0.992890
1469.199322 462.426325 -52.613157 -2.323574 -0.029513 0.045495 -0.106386 0.992845
1469.299170 462.561363 -52.622801 -2.329877 -0.032204 0.044549 -0.105799 0.992867
1469.399824 462.695069 -52.633948 -2.333035 -0.032204 0.044003 -0.105574 0.992915
1469.499658 462.830590 -52.646888 -2.340617 -0.030157 0.045111 -0.105672 0.992919
1469.599505 462.972240 -52.660491 -2.348351 -0.029409 0.044420 -0.106591 0.992875
1469.699347 463.110647 -52.674394 -2.351740 -0.028741 0.041936 -0.106870 0.992972
1469.799190 463.250611 -52.685122 -2.349022 -0.028215 0.039433 -0.107435 0.993029
1469.899824 463.387767 -52.696417 -2.345219 -0.026312 0.039301 -0.108567 0.992963
1469.999654 463.514203 -52.709727 -2.349064 -0.028026 0.039307 -0.110128 0.992744
1470.099497 463.644487 -52.723635 -2.360939 -0.027084 0.040082 -0.111723 0.992561
1470.199329 463.768771 -52.740687 -2.367251 -0.024902 0.039753 -0.113973 0.992376
1470.299164 463.888716 -52.760279 -2.369992 -0.025006 0.036545 -0.116994 0.992145
1470.399789 464.007682 -52.777182 -2.363759 -0.029574 0.035087 -0.118736 0.991865
1470.499611 464.117745 -52.792282 -2.360581 -0.028543 0.038184 -0.120694 0.991544
1470.599448 464.233829 -52.810492 -2.365604 -0.027559 0.040107 -0.123302 0.991175
1470.699296 464.355516 -52.833299 -2.370755 -0.025264 0.041131 -0.126622 0.990776
1470.799157 464.471560 -52.858950 -2.380842 -0.025325 0.040045 -0.129741 0.990415
1470.899798 464.586063 -52.880113 -2.382177 -0.027008 0.039817 -0.131209 0.990187
1470.999648 464.701976 -52.900011 -2.373568 -0.028406 0.041828 -0.131469 0.990030
1471.099509 464.818138 -52.920118 -2.372519 -0.028774 0.043580 -0.131314 0.989964
1471.199343 464.917742 -52.937131 -2.379560 -0.029026 0.044858 -0.131244 0.989909
1471.299186 465.010693 -52.955906 -2.384728 -0.029304 0.044574 -0.130925 0.989956
1471.399823 465.106786 -52.976518 -2.384178 -0.030385 0.043933 -0.130516 0.990006
1471.499651 465.200902 -52.998115 -2.389940 -0.031610 0.042056 -0.130284 0.990080
1471.599481 465.302548 -53.018013 -2.394282 -0.031811 0.041841 -0.130082 0.990109
1471.699333 465.408473 -53.040475 -2.397734 -0.032066 0.042108 -0.129948 0.990107
1471.799162 465.510919 -53.059273 -2.399714 -0.031810 0.044166 -0.130116 0.990004
1471.899801 465.606251 -53.080725 -2.400734 -0.031984 0.044397 -0.129935 0.990012
1471.999636 465.701354 -53.103099 -2.404119 -0.032337 0.043429 -0.129824 0.990058
1472.099471 465.804576 -53.124065 -2.408944 -0.032275 0.042963 -0.130148 0.990037
1472.199311 465.907231 -53.142496 -2.410033 -0.031343 0.044139 -0.130345 0.989990
1472.299139 466.013016 -53.163009 -2.412238 -0.031056 0.045283 -0.130787 0.989889
1472.399780 466.114173 -53.183511 -2.413400 -0.031079 0.045251 -0.130964 0.989866
1472.499618 466.218749 -53.207903 -2.413894 -0.030764 0.045011 -0.130831 0.989904
1472.599451 466.323923 -53.229599 -2.417744 -0.031074 0.045351 -0.130637 0.989905
1472.699289 466.417963 -53.248356 -2.419835 -0.030862 0.045502 -0.130451 0.989929
1472.799144 466.521180 -53.269937 -2.419230 -0.031282 0.045773 -0.130268 0.989928
1472.899773 466.630708 -53.294396 -2.422530 -0.031565 0.046751 -0.130488 0.989844
1472.999626 466.728837 -53.316889 -2.425338 -0.031643 0.047544 -0.130810 0.989761
1473.099468 466.822838 -53.339208 -2.428360 -0.032272 0.048077 -0.130976 0.989693
1473.199306 466.911379 -53.355336 -2.428521 -0.031313 0.046806 -0.131204 0.989755
1473.299135 467.001499 -53.368700 -2.427513 -0.029732 0.045671 -0.130887 0.989898
1473.399770 467.081729 -53.388091 -2.427003 -0.031958 0.046869 -0.130543 0.989818
1473.499610 467.160336 -53.403529 -2.430215 -0.035376 0.048671 -0.130991 0.989556
1473.599442 467.244310 -53.419870 -2.433322 -0.037039 0.048259 -0.131018 0.989512
1473.699269 467.347221 -53.439205 -2.435099 -0.036011 0.047536 -0.130712 0.989625
1473.799500 467.449918 -53.455260 -2.436182 -0.034419 0.047166 -0.130562 0.989719
1473.899334 467.551326 -53.473515 -2.443484 -0.035667 0.047105 -0.130523 0.989683
1473.999163 467.650434 -53.492091 -2.457483 -0.036072 0.046526 -0.130579 0.989689
1474.099803 467.742229 -53.507796 -2.457603 -0.033660 0.045500 -0.130846 0.989786
1474.199638 467.835382 -53.518428 -2.450506 -0.034393 0.045375 -0.131332 0.989702
1474.299485 467.922808 -53.525535 -2.444465 -0.037855 0.046039 -0.131722 0.989493
1474.399335 468.003158 -53.531445 -2.444547 -0.041253 0.048474 -0.132061 0.989196
1474.499182 468.090012 -53.538070 -2.451348 -0.043505 0.049436 -0.132268 0.989024
1474.599824 468.181718 -53.550949 -2.456646 -0.042366 0.051320 -0.132243 0.988981
1474.699667 468.266695 -53.559733 -2.465284 -0.040210 0.052799 -0.132037 0.989021
1474.799508 468.348883 -53.563776 -2.466312 -0.038279 0.054143 -0.131747 0.989063
1474.899353 468.439122 -53.566562 -2.464214 -0.035022 0.055108 -0.131556 0.989156
1474.999185 468.539009 -53.568484 -2.465671 -0.032366 0.055980 -0.131778 0.989168
1475.099827 468.648942 -53.574464 -2.471411 -0.029895 0.058232 -0.131659 0.989131
1475.199652 468.752976 -53.580034 -2.474712 -0.029520 0.060638 -0.131799 0.988980
1475.299493 468.858350 -53.586633 -2.478476 -0.029538 0.061039 -0.131633 0.988976
1475.399359 468.972775 -53.598208 -2.483682 -0.029204 0.061272 -0.131416 0.989001
1475.499184 469.088723 -53.612245 -2.485304 -0.028232 0.061421 -0.130720 0.989112
1475.599823 469.212953 -53.621220 -2.488377 -0.027062 0.060281 -0.130589 0.989232
1475.699663 469.336604 -53.629853 -2.492996 -0.028521 0.057579 -0.130491 0.989365
1475.799500 469.456984 -53.638719 -2.497354 -0.030191 0.056154 -0.130971 0.989334
1475.899347 469.565622 -53.650901 -2.500603 -0.031155 0.053953 -0.131515 0.989354
1475.999202 469.671415 -53.664746 -2.503101 -0.030324 0.051275 -0.131907 0.989471
1476.099448 469.790435 -53.681550 -2.502173 -0.028811 0.049791 -0.132456 0.989518
1476.199282 469.906120 -53.697467 -2.504234 -0.025735 0.049465 -0.133745 0.989446
1476.299108 470.026201 -53.713812 -2.508412 -0.025369 0.049186 -0.135418 0.989242
1476.399731 470.146044 -53.731531 -2.511413 -0.023916 0.048229 -0.137538 0.989032
1476.499580 470.268167 -53.752125 -2.511462 -0.025405 0.046406 -0.139103 0.988864
1476.599418 470.394378 -53.775444 -2.508451 -0.028514 0.045049 -0.139702 0.988757
1476.699261 470.517498 -53.794885 -2.508777 -0.029986 0.044358 -0.139832 0.988727
1476.799515 470.641873 -53.814851 -2.513064 -0.030508 0.044033 -0.139710 0.988742
1476.899359 470.759218 -53.835861 -2.520670 -0.030615 0.045289 -0.139639 0.988692
1476.999202 470.865304 -53.855461 -2.529371 -0.029941 0.047172 -0.139839 0.988597
1477.099433 470.984150 -53.879717 -2.538090 -0.031082 0.047025 -0.139761 0.988580
1477.199272 471.098027 -53.905145 -2.537216 -0.032091 0.046536 -0.139764 0.988570
1477.299510 471.222029 -53.928560 -2.530657 -0.031747 0.047423 -0.139567 0.988567
1477.399342 471.337391 -53.950389 -2.530542 -0.031002 0.049184 -0.139065 0.988575
1477.499191 471.448759 -53.971341 -2.534057 -0.031241 0.051028 -0.139113 0.988467
1477.599828 471.562196 -53.994318 -2.539811 -0.032556 0.052777 -0.139360 0.988298
1477.699668 471.667630 -54.016116 -2.546103 -0.031268 0.054437 -0.139883 0.988176
1477.799514 471.772068 -54.041660 -2.549217 -0.029398 0.054692 -0.140124 0.988185
1477.899370 471.875708 -54.065959 -2.551780 -0.029678 0.054122 -0.139889 0.988241
1477.999219 471.979752 -54.090069 -2.552813 -0.031028 0.055847 -0.139364 0.988178
1478.099463 472.092585 -54.116061 -2.548703 -0.032945 0.060248 -0.139162 0.987886
1478.199310 472.216631 -54.141716 -2.547152 -0.033191 0.059722 -0.138965 0.987937
1478.299156 472.348554 -54.168274 -2.549082 -0.030543 0.056927 -0.138684 0.988227
1478.399807 472.484253 -54.201190 -2.557582 -0.029128 0.053854 -0.138497 0.988469
1478.499639 472.612276 -54.226996 -2.563432 -0.031065 0.053913 -0.138480 0.988409
1478.599476 472.727783 -54.251716 -2.563055 -0.033067 0.055766 -0.138643 0.988218
1478.699306 472.841406 -54.273260 -2.559417 -0.034945 0.055914 -0.138888 0.988111
1478.799144 472.957397 -54.292922 -2.556202 -0.035681 0.055699 -0.139154 0.988059
1478.899768 473.080985 -54.317187 -2.562750 -0.035918 0.054601 -0.138941 0.988142
1478.999597 473.210154 -54.339288 -2.568707 -0.038754 0.054846 -0.138580 0.988072
1479.099434 473.340071 -54.360594 -2.568827 -0.041458 0.054574 -0.138450 0.987995
1479.199280 473.466565 -54.382481 -2.571650 -0.040042 0.053535 -0.138294 0.988132
1479.299118 473.606468 -54.405178 -2.579667 -0.037178 0.053081 -0.138307 0.988267
1479.399749 473.746939 -54.423797 -2.580195 -0.039436 0.052573 -0.138222 0.988218
1479.499590 473.876193 -54.440684 -2.577987 -0.042652 0.051183 -0.138163 0.988166
1479.599444 474.009058 -54.453497 -2.581745 -0.044456 0.050323 -0.137825 0.988178
1479.699293 474.145961 -54.465410 -2.589312 -0.040215 0.051298 -0.137818 0.988310
1479.799124 474.278128 -54.477604 -2.600708 -0.033585 0.053333 -0.137980 0.988428
1479.899760 474.414002 -54.489894 -2.606237 -0.029780 0.055336 -0.138252 0.988401
1479.999598 474.560147 -54.501304 -2.606451 -0.028361 0.057841 -0.138484 0.988267
1480.099427 474.698914 -54.514108 -2.606303 -0.029354 0.057870 -0.138077 0.988294
1480.199253 474.838526 -54.531300 -2.605177 -0.029407 0.056463 -0.137556 0.988446
1480.299494 474.971191 -54.547196 -2.612058 -0.028761 0.055490 -0.137116 0.988581
1480.399338 475.105728 -54.561272 -2.620378 -0.031918 0.053800 -0.137501 0.988524
1480.499188 475.234000 -54.577905 -2.630449 -0.033460 0.052818 -0.137871 0.988475
1480.599824 475.368440 -54.591953 -2.631746 -0.034501 0.052582 -0.138527 0.988360
1480.699664 475.501190 -54.601232 -2.628098 -0.034771 0.053127 -0.138713 0.988295
1480.799504 475.631375 -54.610625 -2.627405 -0.035667 0.052706 -0.138469 0.988320
1480.899363 475.777513 -54.627628 -2.632114 -0.035147 0.054000 -0.138026 0.988331
1480.999202 475.920326 -54.650708 -2.637349 -0.033004 0.052592 -0.137236 0.988590
1481.099455 476.070621 -54.672702 -2.642711 -0.034638 0.050401 -0.136512 0.988749
1481.199290 476.216540 -54.690251 -2.648986 -0.034637 0.050343 -0.135866 0.988841
1481.299136 476.361483 -54.700245 -2.657172 -0.039816 0.048160 -0.136355 0.988687
1481.399780 476.506936 -54.710635 -2.666393 -0.042274 0.047847 -0.137311 0.988468
1481.499625 476.660207 -54.725757 -2.669100 -0.040782 0.051372 -0.137963 0.988263
1481.599454 476.817269 -54.739296 -2.670726 -0.037198 0.056933 -0.138249 0.988060
1481.699283 476.973682 -54.752210 -2.672848 -0.035403 0.058644 -0.138224 0.988029
1481.799129 477.122336 -54.762106 -2.686285 -0.036649 0.059049 -0.138379 0.987938
1481.899757 477.255364 -54.769016 -2.691028 -0.038860 0.061678 -0.138674 0.987651
1481.999584 477.392469 -54.776148 -2.692714 -0.037931 0.064195 -0.138841 0.987504
1482.099436 477.550755 -54.784350 -2.694223 -0.035054 0.065650 -0.138977 0.987495
1482.199277 477.698104 -54.791727 -2.702637 -0.030297 0.066135 -0.139301 0.987575
1482.299113 477.841823 -54.800445 -2.710532 -0.028049 0.064321 -0.139122 0.987786
1482.399743 477.982955 -54.812737 -2.717485 -0.027005 0.063672 -0.139049 0.987867
1482.499584 478.137921 -54.822077 -2.718621 -0.029225 0.064261 -0.139422 0.987713
1482.599423 478.296402 -54.832962 -2.721946 -0.029361 0.066235 -0.139180 0.987613
1482.699280 478.461447 -54.850078 -2.728838 -0.026697 0.067189 -0.138683 0.987694
1482.799121 478.636046 -54.869315 -2.733272 -0.025534 0.065626 -0.138305 0.987883
1482.899758 478.806025 -54.884472 -2.731399 -0.027048 0.061238 -0.137815 0.988193
1482.999616 478.974867 -54.901009 -2.728125 -0.029045 0.061126 -0.137592 0.988174
1483.099446 479.143719 -54.918245 -2.728658 -0.025833 0.064678 -0.137934 0.987990
1483.199288 479.314351 -54.937131 -2.740231 -0.025527 0.065535 -0.138915 0.987804
1483.299129 479.483664 -54.959621 -2.750342 -0.028148 0.064274 -0.139519 0.987730
1483.399766 479.651919 -54.981784 -2.753042 -0.029873 0.063361 -0.139937 0.987679
1483.499616 479.820390 -55.005484 -2.746355 -0.028656 0.063206 -0.140584 0.987634
1483.599462 479.982537 -55.031166 -2.737633 -0.026137 0.063522 -0.140829 0.987648
1483.699294 480.151630 -55.058645 -2.745285 -0.024469 0.065693 -0.140578 0.987585
1483.799136 480.328857 -55.087574 -2.761964 -0.025139 0.066729 -0.139878 0.987598
1483.899781 480.507609 -55.114528 -2.779243 -0.026964 0.068005 -0.139340 0.987539
1483.999624 480.697341 -55.140936 -2.786846 -0.031266 0.065897 -0.138963 0.987608
1484.099473 480.887265 -55.171041 -2.786799 -0.030991 0.064699 -0.138873 0.987708
1484.199320 481.075783 -55.204255 -2.784678 -0.025408 0.064386 -0.139271 0.987832
1484.299158 481.257174 -55.240293 -2.785358 -0.023568 0.064144 -0.140023 0.987787
1484.399790 481.442379 -55.277981 -2.791599 -0.026298 0.063476 -0.140184 0.987739
1484.499631 481.621107 -55.311080 -2.797007 -0.032042 0.062855 -0.140368 0.987582
1484.599470 481.804897 -55.342979 -2.799225 -0.036545 0.062166 -0.140643 0.987431
1484.699312 481.986620 -55.371330 -2.802371 -0.037929 0.059660 -0.140956 0.987488
1484.799149 482.169274 -55.402664 -2.810572 -0.036846 0.058455 -0.140875 0.987613
1484.899788 482.358504 -55.438451 -2.826406 -0.033895 0.060520 -0.140246 0.987684
1484.999626 482.549240 -55.478851 -2.830435 -0.034312 0.064615 -0.140697 0.987346
1485.099464 482.717077 -55.507139 -2.825570 -0.035635 0.065214 -0.141227 0.987184
1485.199307 482.895405 -55.529623 -2.827055 -0.037601 0.063193 -0.141409 0.987216
1485.299135 483.093524 -55.553157 -2.836994 -0.037875 0.062966 -0.141471 0.987212
1485.399771 483.286733 -55.579749 -2.849541 -0.036474 0.064691 -0.141510 0.987147
1485.499614 483.482279 -55.615578 -2.858393 -0.035460 0.065176 -0.141536 0.987149
1485.599453 483.677087 -55.647463 -2.866479 -0.038074 0.066001 -0.141726 0.986969
1485.699299 483.885775 -55.680090 -2.873541 -0.039969 0.065905 -0.141546 0.986926
1485.799139 484.101810 -55.707600 -2.875822 -0.040658 0.064729 -0.141295 0.987012
1485.899771 484.317957 -55.733410 -2.876782 -0.043210 0.063386 -0.141145 0.987012
1485.999609 484.521542 -55.752665 -2.884841 -0.043278 0.063554 -0.141476 0.986951
1486.099432 484.721628 -55.777036 -2.899171 -0.043557 0.063311 -0.141418 0.986963
1486.199256 484.917172 -55.796689 -2.911893 -0.044750 0.061934 -0.141295 0.987014
1486.299495 485.118467 -55.812616 -2.919797 -0.040925 0.060489 -0.141400 0.987255
1486.399329 485.320529 -55.828346 -2.920671 -0.035348 0.061002 -0.141764 0.987387
1486.499180 485.529632 -55.851319 -2.921281 -0.031115 0.059473 -0.141679 0.987634
1486.599814 485.735314 -55.865930 -2.930265 -0.030654 0.057124 -0.141878 0.987759
1486.699651 485.933326 -55.880954 -2.935969 -0.031286 0.054129 -0.141705 0.987933
1486.799490 486.119494 -55.897830 -2.939962 -0.031000 0.054006 -0.141579 0.987967
1486.899337 486.316811 -55.919027 -2.948035 -0.030241 0.056923 -0.141556 0.987829
1486.999184 486.521511 -55.938458 -2.957542 -0.028754 0.060949 -0.141705 0.987612
1487.099825 486.727711 -55.955471 -2.965607 -0.027863 0.063734 -0.141993 0.987421
1487.199678 486.921664 -55.977215 -2.966966 -0.027711 0.064083 -0.141883 0.987418
1487.299514 487.115353 -56.004433 -2.967403 -0.028343 0.063014 -0.141680 0.987498
1487.399354 487.313177 -56.026731 -2.974809 -0.028199 0.059939 -0.141622 0.987702
1487.499201 487.515291 -56.048634 -2.986148 -0.028613 0.057261 -0.141551 0.987859
1487.599428 487.725239 -56.075030 -2.991879 -0.028453 0.054674 -0.141709 0.987988
1487.699261 487.939316 -56.102323 -2.996877 -0.028409 0.053492 -0.141634 0.988064
1487.799502 488.139141 -56.128998 -3.002029 -0.028315 0.052107 -0.141447 0.988168
1487.899345 488.325321 -56.157430 -3.008129 -0.028678 0.052019 -0.141249 0.988190
1487.999196 488.507595 -56.182099 -3.008008 -0.029005 0.053023 -0.141296 0.988121
1488.099835 488.700051 -56.203415 -3.019405 -0.029584 0.053281 -0.141626 0.988043
1488.199669 488.895561 -56.233194 -3.025560 -0.030180 0.053841 -0.141097 0.988070
1488.299524 489.089706 -56.267988 -3.028782 -0.028809 0.053950 -0.140737 0.988156
1488.399354 489.288373 -56.299341 -3.030064 -0.029128 0.054159 -0.141099 0.988084
1488.499202 489.478439 -56.330996 -3.037623 -0.029399 0.053555 -0.141071 0.988113
1488.599456 489.667898 -56.363184 -3.047814 -0.032313 0.052180 -0.141139 0.988085
1488.699294 489.847737 -56.389821 -3.058395 -0.035553 0.051891 -0.141150 0.987988
1488.799136 490.027538 -56.417772 -3.062020 -0.037572 0.052042 -0.141368 0.987874
1488.899771 490.212870 -56.447874 -3.064611 -0.037917 0.053589 -0.141357 0.987780
1488.999614 490.399428 -56.474890 -3.065929 -0.037324 0.055103 -0.141357 0.987719
1489.099446 490.583552 -56.501775 -3.071813 -0.038400 0.056433 -0.141456 0.987588
1489.199287 490.754203 -56.524593 -3.081225 -0.039291 0.057891 -0.141557 0.987455
1489.299134 490.928166 -56.546902 -3.091768 -0.041908 0.058296 -0.141760 0.987294
1489.399780 491.114861 -56.568399 -3.104321 -0.041220 0.058493 -0.141833 0.987301
1489.499613 491.305041 -56.591134 -3.104718 -0.035781 0.059015 -0.141595 0.987516
1489.599452 491.487214 -56.612691 -3.105284 -0.031248 0.059787 -0.141940 0.987574
1489.699291 491.648695 -56.632075 -3.104213 -0.029595 0.060203 -0.142147 0.987570
1489.799125 491.824347 -56.651308 -3.109651 -0.029417 0.059197 -0.142220 0.987625
1489.899767 492.014715 -56.676996 -3.118344 -0.029564 0.058780 -0.142093 0.987664
1489.999607 492.209309 -56.701394 -3.129322 -0.029095 0.060354 -0.142136 0.987577
1490.099449 492.406384 -56.727877 -3.145068 -0.029361 0.059171 -0.142031 0.987656
1490.199295 492.589227 -56.752033 -3.153972 -0.029198 0.058260 -0.142151 0.987697
1490.299128 492.762810 -56.776605 -3.155716 -0.029409 0.058580 -0.142074 0.987683
1490.399772 492.942098 -56.799577 -3.158325 -0.030008 0.057198 -0.142017 0.987755
1490.499613 493.119444 -56.826041 -3.165818 -0.030016 0.056631 -0.142060 0.987781
1490.599444 493.283280 -56.848653 -3.182947 -0.031285 0.058898 -0.142432 0.987555
1490.699290 493.442927 -56.868100 -3.195266 -0.038216 0.061863 -0.142650 0.987098
1490.799141 493.611643 -56.891264 -3.198180 -0.046695 0.062697 -0.142461 0.986708
1490.899779 493.787829 -56.914017 -3.199919 -0.051555 0.060811 -0.142300 0.986608
1490.999622 493.962132 -56.930666 -3.210690 -0.055695 0.057290 -0.142114 0.986620
1491.099459 494.146211 -56.946765 -3.225989 -0.055940 0.053790 -0.141876 0.986838
1491.199302 494.337629 -56.957035 -3.236777 -0.054189 0.052849 -0.141634 0.987021
1491.299135 494.521092 -56.968035 -3.244515 -0.043728 0.052456 -0.141776 0.987540
1491.399779 494.701097 -56.980956 -3.254058 -0.035589 0.051018 -0.142159 0.987887
1491.499624 494.876176 -56.990149 -3.263942 -0.032164 0.047856 -0.142410 0.988127
1491.599478 495.047963 -56.993560 -3.276624 -0.031874 0.041898 -0.142337 0.988417
1491.699315 495.216041 -56.997111 -3.289067 -0.032531 0.037957 -0.142402 0.988546
1491.799153 495.381846 -57.006305 -3.305166 -0.032950 0.038641 -0.142313 0.988518
1491.899790 495.557581 -57.018935 -3.323525 -0.032595 0.042024 -0.142337 0.988388
1491.999626 495.727814 -57.023661 -3.344622 -0.032078 0.044963 -0.142623 0.988235
1492.099468 495.896257 -57.030037 -3.369539 -0.030855 0.045819 -0.142838 0.988203
1492.199305 496.054744 -57.037671 -3.395094 -0.030486 0.045693 -0.142800 0.988226
1492.299145 496.210100 -57.045653 -3.421412 -0.030849 0.044727 -0.142829 0.988255
1492.399779 496.357960 -57.053052 -3.448392 -0.031617 0.044467 -0.143183 0.988191
1492.499620 496.500607 -57.061045 -3.475501 -0.031174 0.045784 -0.143241 0.988137
1492.599466 496.655278 -57.071483 -3.503842 -0.031165 0.047024 -0.143045 0.988107
1492.699304 496.810503 -57.083459 -3.537897 -0.030630 0.048802 -0.143009 0.988043
1492.799150 496.957822 -57.096993 -3.572928 -0.030881 0.051866 -0.143381 0.987825
1492.899780 497.107978 -57.111184 -3.600978 -0.030212 0.053730 -0.143403 0.987743
1492.999616 497.251834 -57.123032 -3.627982 -0.029930 0.054331 -0.143321 0.987730
1493.099446 497.389081 -57.134951 -3.655669 -0.030399 0.056624 -0.143411 0.987574
1493.199285 497.532010 -57.150323 -3.675927 -0.029560 0.063273 -0.143391 0.987199
1493.299129 497.677177 -57.167574 -3.696935 -0.028106 0.069910 -0.143347 0.986800
1493.399767 497.828090 -57.185280 -3.712107 -0.028384 0.073332 -0.143415 0.986534
1493.499625 497.973088 -57.200750 -3.720751 -0.029823 0.071272 -0.143016 0.986700
1493.599469 498.114859 -57.214418 -3.725629 -0.030482 0.066703 -0.142285 0.987105
1493.699296 498.246150 -57.230523 -3.732977 -0.029418 0.061500 -0.141937 0.987525
1493.799145 498.385201 -57.252185 -3.740138 -0.029502 0.057824 -0.141848 0.987758
1493.899791 498.523109 -57.275470 -3.743168 -0.029801 0.057085 -0.142010 0.987768
1493.999633 498.671694 -57.297956 -3.742613 -0.031143 0.057466 -0.142079 0.987695
1494.099473 498.827325 -57.321553 -3.740562 -0.030290 0.058569 -0.142072 0.987658
1494.199312 498.986756 -57.345674 -3.743244 -0.030706 0.057904 -0.142161 0.987671
1494.299144 499.152791 -57.371970 -3.753173 -0.029752 0.057630 -0.142027 0.987736
1494.399788 499.310059 -57.399304 -3.762519 -0.029854 0.057699 -0.142328 0.987685
1494.499638 499.456059 -57.424217 -3.766054 -0.029483 0.059500 -0.142655 0.987543
1494.599487 499.607844 -57.447900 -3.763326 -0.029789 0.060171 -0.142820 0.987469
1494.699322 499.767956 -57.478345 -3.760155 -0.030496 0.058797 -0.142708 0.987546
1494.799167 499.931704 -57.511849 -3.761340 -0.031691 0.057370 -0.142433 0.987632
1494.899792 500.096718 -57.547704 -3.774141 -0.031257 0.059360 -0.142706 0.987489
1494.999634 500.268937 -57.580969 -3.783305 -0.030242 0.064743 -0.142902 0.987154
1495.099471 500.446278 -57.614773 -3.792391 -0.029644 0.070808 -0.143276 0.986701
1495.199309 500.626179 -57.647903 -3.801937 -0.031132 0.070789 -0.143347 0.986647
1495.299134 500.790888 -57.676065 -3.808800 -0.036457 0.068506 -0.143221 0.986644
1495.399788 500.956452 -57.708916 -3.813279 -0.042060 0.065356 -0.142904 0.986680
1495.499634 501.125709 -57.740961 -3.820942 -0.045153 0.062936 -0.142951 0.986694
1495.599484 501.303972 -57.772455 -3.830543 -0.045675 0.060891 -0.142755 0.986827
1495.699315 501.477112 -57.803256 -3.843556 -0.042494 0.060037 -0.142579 0.987047
1495.799161 501.641366 -57.831949 -3.857150 -0.037135 0.060373 -0.142448 0.987261
1495.899785 501.802134 -57.861338 -3.872245 -0.033196 0.063092 -0.142649 0.987202
1495.999643 501.959293 -57.888743 -3.881145 -0.030512 0.065779 -0.142965 0.987068
1496.099485 502.125992 -57.915261 -3.889970 -0.031128 0.063413 -0.142928 0.987209
1496.199324 502.297685 -57.942428 -3.896541 -0.032637 0.058395 -0.142837 0.987483
1496.299166 502.474725 -57.966079 -3.902002 -0.032799 0.054341 -0.142764 0.987719
1496.399794 502.657017 -57.996139 -3.905443 -0.031566 0.052608 -0.142726 0.987859
1496.499631 502.831327 -58.025488 -3.910970 -0.029815 0.054648 -0.143025 0.987759
1496.599480 502.999986 -58.055667 -3.919561 -0.030584 0.057219 -0.143050 0.987587
1496.699313 503.171510 -58.082432 -3.927932 -0.031306 0.058440 -0.143535 0.987422
1496.799161 503.349399 -58.114409 -3.932825 -0.033250 0.057167 -0.143405 0.987452
1496.899802 503.521831 -58.145595 -3.938113 -0.036726 0.054106 -0.143233 0.987526
1496.999639 503.700640 -58.176505 -3.950052 -0.038038 0.050053 -0.143336 0.987675
1497.099470 503.883942 -58.206169 -3.965324 -0.041535 0.049596 -0.143461 0.987539
1497.199327 504.061281 -58.231323 -3.978448 -0.046035 0.050517 -0.143439 0.987296
1497.299167 504.234926 -58.258482 -3.985532 -0.047889 0.050944 -0.143168 0.987225
1497.399825 504.402629 -58.279562 -3.995360 -0.046238 0.050847 -0.143481 0.987264
1497.499681 504.563930 -58.301912 -4.019183 -0.044925 0.052355 -0.143470 0.987247
1497.599527 504.716221 -58.320376 -4.048533 -0.042954 0.055473 -0.143301 0.987189
1497.699381 504.868893 -58.332433 -4.075681 -0.043543 0.055835 -0.143417 0.987126
1497.799225 505.022475 -58.342671 -4.101783 -0.045856 0.055736 -0.143817 0.986969
1497.899458 505.189530 -58.354770 -4.132411 -0.047896 0.057085 -0.144018 0.986765
1497.999286 505.358244 -58.366157 -4.161317 -0.046477 0.058225 -0.143942 0.986778
1498.099129 505.532311 -58.377790 -4.189412 -0.045444 0.059043 -0.144243 0.986733
1498.199773 505.702070 -58.386875 -4.220174 -0.046015 0.060372 -0.144161 0.986638
1498.299590 505.868002 -58.392086 -4.250536 -0.045387 0.061483 -0.143970 0.986627
1498.399445 506.036528 -58.394059 -4.277075 -0.045223 0.062625 -0.144092 0.986545
1498.499285 506.198633 -58.389307 -4.298728 -0.044394 0.063917 -0.144224 0.986480
1498.599120 506.356472 -58.384830 -4.316061 -0.041858 0.064821 -0.144574 0.986481
1498.699758 506.521293 -58.388158 -4.331204 -0.039424 0.066136 -0.144397 0.986520
1498.799598 506.703405 -58.390658 -4.339771 -0.036085 0.068800 -0.144554 0.986442
1498.899443 506.890013 -58.393031 -4.353098 -0.036089 0.070266 -0.144697 0.986318
1498.999281 507.071864 -58.391855 -4.362866 -0.034091 0.073097 -0.144719 0.986180
1499.099124 507.258403 -58.392194 -4.377597 -0.034316 0.073533 -0.145033 0.986094
1499.199763 507.452474 -58.396045 -4.390998 -0.034159 0.072785 -0.145099 0.986145
1499.299620 507.652073 -58.398373 -4.398000 -0.031521 0.071821 -0.145047 0.986311
1499.399458 507.854476 -58.403173 -4.403120 -0.030568 0.067750 -0.144875 0.986654
1499.499295 508.058420 -58.410018 -4.405346 -0.030726 0.064006 -0.144777 0.986914
1499.599143 508.249615 -58.414823 -4.408131 -0.030565 0.060631 -0.145054 0.987091
1499.699791 508.432810 -58.419974 -4.411923 -0.029144 0.062416 -0.145421 0.986969
1499.799623 508.617724 -58.423017 -4.411571 -0.028581 0.066231 -0.146012 0.986649
1499.899467 508.806067 -58.434849 -4.410147 -0.032634 0.067880 -0.146527 0.986335
1499.999298 508.995253 -58.449787 -4.414289 -0.035356 0.063113 -0.146660 0.986538
1500.099148 509.175492 -58.461696 -4.426204 -0.034075 0.053802 -0.146557 0.987150
1500.199783 509.358575 -58.474801 -4.441754 -0.033770 0.045923 -0.146405 0.987581
1500.299614 509.549679 -58.485656 -4.455530 -0.032608 0.041711 -0.146528 0.987789
1500.399456 509.734850 -58.497562 -4.455944 -0.032252 0.042621 -0.146789 0.987723
1500.499292 509.910332 -58.507145 -4.460088 -0.034152 0.044592 -0.146735 0.987580
1500.599138 510.070885 -58.514287 -4.464630 -0.035543 0.045185 -0.146450 0.987546
1500.699785 510.253762 -58.527075 -4.468395 -0.036103 0.043411 -0.146436 0.987607
1500.799625 510.442050 -58.542580 -4.476816 -0.033027 0.041969 -0.146063 0.987833
1500.899466 510.619858 -58.557368 -4.487016 -0.030474 0.043999 -0.146110 0.987820
1500.999306 510.782520 -58.570494 -4.494178 -0.029789 0.045679 -0.145694 0.987826
1501.099167 510.945013 -58.584495 -4.500647 -0.029913 0.048773 -0.145667 0.987678
1501.199810 511.121330 -58.600156 -4.504153 -0.032132 0.052749 -0.145972 0.987359
1501.299657 511.293939 -58.618075 -4.514474 -0.032590 0.056241 -0.146234 0.987112
1501.399496 511.467176 -58.634178 -4.522823 -0.031251 0.058313 -0.146294 0.987026
1501.499342 511.638735 -58.649505 -4.527945 -0.030213 0.059300 -0.146208 0.987013
1501.599187 511.799170 -58.667773 -4.531593 -0.030104 0.059410 -0.146362 0.986987
1501.699836 511.973959 -58.690178 -4.535336 -0.029870 0.059408 -0.146314 0.987001
1501.799682 512.145702 -58.710585 -4.542010 -0.031450 0.057858 -0.146396 0.987032
1501.899525 512.302942 -58.730153 -4.550567 -0.032103 0.057296 -0.146471 0.987032
1501.999359 512.463441 -58.747368 -4.556237 -0.033190 0.057406 -0.146605 0.986970
1502.099193 512.621738 -58.767747 -4.563898 -0.030192 0.060926 -0.146797 0.986827
1502.199825 512.792003 -58.794940 -4.579950 -0.028159 0.065248 -0.146986 0.986582
1502.299669 512.953180 -58.821777 -4.586144 -0.028345 0.068029 -0.146687 0.986434
1502.399514 513.112121 -58.850612 -4.590853 -0.028994 0.070790 -0.146472 0.986253
1502.499356 513.284283 -58.875285 -4.593860 -0.029528 0.071805 -0.146597 0.986145
1502.599197 513.458916 -58.901093 -4.598488 -0.029139 0.070611 -0.146396 0.986272
1502.699443 513.626983 -58.931146 -4.605806 -0.029279 0.066259 -0.146322 0.986581
1502.799269 513.788881 -58.962800 -4.613210 -0.029882 0.058660 -0.145994 0.987093
1502.899514 513.956548 -58.993308 -4.624616 -0.030067 0.054636 -0.146364 0.987263
1502.999367 514.124143 -59.024539 -4.638028 -0.030139 0.052589 -0.146837 0.987302
1503.099203 514.292239 -59.056382 -4.641670 -0.030412 0.050967 -0.146492 0.987430
1503.199461 514.471119 -59.089063 -4.647073 -0.032525 0.050179 -0.146255 0.987438
1503.299315 514.654251 -59.126651 -4.655512 -0.034367 0.049759 -0.146114 0.987418
1503.399163 514.833619 -59.163169 -4.660470 -0.035019 0.050972 -0.145981 0.987353
1503.499794 515.010513 -59.200324 -4.666233 -0.035125 0.051770 -0.145870 0.987324
1503.599631 515.174349 -59.232286 -4.671911 -0.033953 0.051393 -0.145546 0.987432
1503.699479 515.333743 -59.264190 -4.682067 -0.032173 0.050761 -0.145189 0.987577
1503.799314 515.492825 -59.297175 -4.689834 -0.033108 0.049532 -0.145158 0.987613
1503.899163 515.665698 -59.331260 -4.694168 -0.036363 0.047248 -0.145305 0.987589
1503.999806 515.830279 -59.362640 -4.696876 -0.040111 0.045588 -0.145205 0.987536
1504.099635 515.991634 -59.394485 -4.704764 -0.037154 0.047854 -0.144818 0.987602
1504.199484 516.150824 -59.420985 -4.710416 -0.033863 0.050513 -0.144659 0.987611
1504.299330 516.310581 -59.449937 -4.716650 -0.033290 0.049476 -0.145088 0.987620
1504.399168 516.464131 -59.485464 -4.719188 -0.034736 0.046689 -0.145713 0.987614
1504.499809 516.619626 -59.519604 -4.720395 -0.035800 0.045546 -0.145987 0.987589
1504.599640 516.772534 -59.550769 -4.729423 -0.036353 0.046460 -0.146448 0.987458
1504.699479 516.928557 -59.579925 -4.739108 -0.034587 0.045993 -0.146753 0.987498
1504.799317 517.078455 -59.607044 -4.746332 -0.035835 0.044309 -0.147191 0.987465
1504.899162 517.221271 -59.635471 -4.748599 -0.033728 0.045344 -0.147704 0.987416
1504.999801 517.353916 -59.662313 -4.752153 -0.032233 0.046682 -0.147648 0.987412
1505.099635 517.487163 -59.688000 -4.756339 -0.031226 0.048059 -0.146784 0.987507
1505.199477 517.623640 -59.716501 -4.766851 -0.034119 0.050075 -0.145182 0.987548
1505.299322 517.761792 -59.748761 -4.777245 -0.032736 0.051575 -0.144629 0.987598
1505.399155 517.906353 -59.781395 -4.784010 -0.033427 0.052161 -0.144717 0.987532
1505.499794 518.042154 -59.813297 -4.791062 -0.032932 0.050617 -0.144902 0.987602
1505.599634 518.167713 -59.839340 -4.796294 -0.033920 0.048095 -0.145230 0.987646
1505.699477 518.302955 -59.864834 -4.793738 -0.037263 0.044349 -0.145095 0.987721
1505.799312 518.442081 -59.890472 -4.788234 -0.041316 0.044665 -0.143990 0.987707
1505.899147 518.577675 -59.916846 -4.788920 -0.042452 0.048594 -0.141621 0.987816
1505.999783 518.715954 -59.946332 -4.794091 -0.040758 0.051346 -0.137984 0.988263
1506.099623 518.837909 -59.973761 -4.805014 -0.036152 0.053405 -0.134854 0.988765
1506.199468 518.963860 -60.000463 -4.809000 -0.032235 0.051943 -0.133269 0.989193
1506.299306 519.093267 -60.026515 -4.814261 -0.032814 0.047349 -0.133195 0.989414
1506.399152 519.221185 -60.052131 -4.820486 -0.036143 0.043426 -0.132133 0.989620
1506.499790 519.348899 -60.073400 -4.820066 -0.036235 0.044240 -0.131308 0.989691
1506.599636 519.480013 -60.097410 -4.820364 -0.035047 0.044787 -0.130348 0.989836
1506.699473 519.598161 -60.126853 -4.824306 -0.033206 0.045622 -0.128999 0.990038
1506.799312 519.706627 -60.150535 -4.833729 -0.034688 0.045422 -0.128063 0.990118
1506.899159 519.823334 -60.175574 -4.838652 -0.036008 0.046267 -0.126163 0.990276
1506.999787 519.942757 -60.202331 -4.842290 -0.036634 0.045360 -0.124839 0.990462
1507.099633 520.052838 -60.223533 -4.840435 -0.036654 0.045079 -0.124626 0.990501
1507.199482 520.166416 -60.246860 -4.841751 -0.036242 0.046965 -0.124687 0.990421
1507.299314 520.282460 -60.271090 -4.843706 -0.035634 0.048824 -0.124609 0.990363
1507.399155 520.395245 -60.290037 -4.849414 -0.036030 0.048104 -0.124655 0.990378
1507.499784 520.503148 -60.313915 -4.853709 -0.036141 0.047305 -0.124717 0.990405
1507.599633 520.611590 -60.342181 -4.856635 -0.035807 0.047625 -0.124492 0.990430
1507.699476 520.728893 -60.367286 -4.857682 -0.036435 0.046065 -0.124123 0.990527
1507.799332 520.851475 -60.393973 -4.863232 -0.037219 0.046531 -0.123784 0.990519
1507.899166 520.964468 -60.416750 -4.870690 -0.035477 0.044570 -0.124323 0.990605
1507.999817 521.062404 -60.433922 -4.880041 -0.031890 0.044170 -0.125444 0.990604
1508.099660 521.155581 -60.450582 -4.879790 -0.031274 0.045976 -0.126435 0.990415
1508.199510 521.251188 -60.468125 -4.871690 -0.033342 0.047842 -0.127134 0.990170
1508.299351 521.357241 -60.488549 -4.866664 -0.034839 0.049626 -0.127487 0.989985
1508.399190 521.457333 -60.508489 -4.869560 -0.035784 0.051060 -0.127443 0.989884
1508.499822 521.557047 -60.534655 -4.878701 -0.036980 0.049778 -0.126271 0.990056
1508.599660 521.662795 -60.556947 -4.890200 -0.038068 0.046868 -0.125483 0.990257
1508.699483 521.770782 -60.575897 -4.900769 -0.037201 0.032711 -0.124202 0.991020
1508.799339 521.878847 -60.593075 -4.900901 -0.036402 0.032337 -0.125003 0.990961
1508.899190 521.980787 -60.614157 -4.896955 -0.035623 0.041224 -0.125297 0.990622
1508.999837 522.069032 -60.632020 -4.887333 -0.036007 0.049937 -0.125450 0.990188
1509.099687 522.145269 -60.648334 -4.887807 -0.035646 0.052590 -0.125432 0.990066
1509.199530 522.224025 -60.664233 -4.895479 -0.034074 0.049772 -0.124872 0.990338
1509.299371 522.305867 -60.680744 -4.905203 -0.032726 0.045001 -0.124402 0.990671
1509.399195 522.399057 -60.695551 -4.914509 -0.033036 0.043832 -0.124226 0.990735
1509.499835 522.496681 -60.713519 -4.921475 -0.033732 0.048894 -0.124415 0.990451
1509.599683 522.595796 -60.734461 -4.917118 -0.036394 0.052874 -0.124496 0.990142
1509.699521 522.681953 -60.752559 -4.910073 -0.037890 0.051982 -0.124447 0.990139
1509.799364 522.762641 -60.771034 -4.910401 -0.038298 0.048210 -0.124287 0.990334
1509.899202 522.844936 -60.791087 -4.913446 -0.037763 0.045157 -0.124193 0.990510
1509.999434 522.930049 -60.810888 -4.921882 -0.036727 0.044465 -0.124484 0.990544
1510.099290 523.009857 -60.827167 -4.925191 -0.035623 0.046496 -0.124800 0.990451
1510.199129 523.080624 -60.838185 -4.922159 -0.035347 0.047882 -0.125050 0.990364
1510.299788 523.144400 -60.850802 -4.922407 -0.034464 0.048913 -0.124875 0.990367
1510.399626 523.208795 -60.867045 -4.934363 -0.035750 0.049567 -0.124756 0.990304
1510.499459 523.282820 -60.885146 -4.945357 -0.036330 0.049817 -0.125118 0.990224
1510.599301 523.362681 -60.903498 -4.956210 -0.034468 0.049995 -0.125413 0.990244
1510.699140 523.453605 -60.923925 -4.961871 -0.032434 0.051675 -0.125392 0.990230
1510.799790 523.544617 -60.943358 -4.968263 -0.032157 0.052842 -0.125284 0.990191
1510.899629 523.632145 -60.960008 -4.972578 -0.032969 0.051440 -0.125375 0.990226
1510.999475 523.713976 -60.979322 -4.979106 -0.034416 0.048113 -0.125143 0.990374
1511.099335 523.797271 -61.000601 -4.983407 -0.034599 0.046599 -0.125093 0.990446
1511.199185 523.883458 -61.019241 -4.983601 -0.034997 0.046781 -0.125200 0.990410
1511.299815 523.969833 -61.038412 -4.984913 -0.035720 0.047657 -0.125120 0.990352
1511.399653 524.059724 -61.062219 -4.987930 -0.036764 0.048105 -0.124820 0.990330
1511.499492 524.144160 -61.081278 -4.989658 -0.038829 0.048544 -0.124889 0.990221
1511.599330 524.221934 -61.099460 -4.988438 -0.038313 0.047465 -0.124806 0.990304
1511.699174 524.286125 -61.113752 -4.987099 -0.038512 0.046587 -0.125027 0.990310
1511.799828 524.349425 -61.129651 -4.989122 -0.037301 0.047104 -0.125100 0.990323
1511.899663 524.417844 -61.146189 -4.997020 -0.036362 0.048070 -0.125259 0.990292
1511.999501 524.496599 -61.163508 -5.001075 -0.038057 0.048402 -0.125156 0.990225
1512.099346 524.570500 -61.179328 -4.999497 -0.041006 0.047850 -0.124821 0.990176
1512.199202 524.634242 -61.191659 -4.994575 -0.042628 0.046618 -0.124700 0.990182
1512.299454 524.699429 -61.203410 -4.991590 -0.042554 0.046265 -0.124676 0.990204
1512.399296 524.775998 -61.218563 -4.996816 -0.041393 0.047174 -0.124472 0.990236
1512.499125 524.850184 -61.231746 -5.002793 -0.039976 0.048317 -0.124596 0.990224
1512.599764 524.928881 -61.243231 -5.003762 -0.040778 0.050876 -0.124453 0.990081
1512.699604 524.998616 -61.251757 -5.001785 -0.041361 0.053001 -0.124210 0.989976
1512.799454 525.059751 -61.259791 -5.001100 -0.042198 0.053777 -0.123948 0.989931
1512.899297 525.111578 -61.260084 -5.008561 -0.043036 0.053878 -0.123873 0.989899
1512.999133 525.176708 -61.259800 -5.014617 -0.041557 0.055626 -0.124177 0.989828
1513.099754 525.262953 -61.265576 -5.017085 -0.039056 0.057601 -0.124339 0.989796
1513.199594 525.360440 -61.275191 -5.016962 -0.037130 0.059858 -0.124702 0.989691
1513.299429 525.460281 -61.285048 -5.015485 -0.035104 0.060564 -0.125248 0.989653
1513.399259 525.550809 -61.291365 -5.019631 -0.035081 0.060767 -0.125590 0.989598
1513.499488 525.650021 -61.297670 -5.030425 -0.036353 0.062460 -0.125950 0.989401
1513.599330 525.747688 -61.306535 -5.038577 -0.036397 0.063743 -0.126116 0.989296
1513.699192 525.840318 -61.312369 -5.040582 -0.034035 0.064355 -0.126850 0.989247
1513.799834 525.935592 -61.315199 -5.042173 -0.031988 0.064959 -0.127426 0.989202
1513.899679 526.030285 -61.322522 -5.042483 -0.031797 0.062387 -0.126585 0.989481
1513.999524 526.114238 -61.335328 -5.042836 -0.033088 0.060554 -0.125667 0.989670
1514.099361 526.202166 -61.345245 -5.047438 -0.034903 0.061864 -0.125447 0.989554
1514.199199 526.294088 -61.349559 -5.053441 -0.034770 0.065613 -0.125550 0.989304
1514.299434 526.389626 -61.359110 -5.063717 -0.034823 0.068993 -0.125667 0.989058
1514.399281 526.497038 -61.371234 -5.071619 -0.036821 0.068821 -0.125962 0.988960
1514.499128 526.610041 -61.384448 -5.073908 -0.037449 0.066994 -0.126064 0.989049
1514.599768 526.718801 -61.395155 -5.069679 -0.037558 0.065806 -0.125755 0.989164
1514.699615 526.827367 -61.402219 -5.069689 -0.037876 0.066911 -0.125825 0.989068
1514.799447 526.939232 -61.413070 -5.072515 -0.036196 0.067741 -0.125567 0.989108
1514.899299 527.067302 -61.429890 -5.084488 -0.037447 0.068715 -0.125114 0.989051
1514.999134 527.191686 -61.443928 -5.096032 -0.041694 0.068853 -0.125229 0.988857
1515.099776 527.325258 -61.456688 -5.104085 -0.044516 0.066719 -0.125239 0.988879
1515.199617 527.460716 -61.465818 -5.105297 -0.048136 0.065394 -0.125511 0.988764
1515.299468 527.591780 -61.472341 -5.101194 -0.049117 0.065434 -0.125741 0.988683
1515.399309 527.717660 -61.479129 -5.104900 -0.047971 0.064238 -0.125382 0.988864
1515.499152 527.849499 -61.485473 -5.116300 -0.048587 0.062675 -0.125166 0.988961
1515.599794 527.984233 -61.489465 -5.129568 -0.051675 0.062728 -0.125278 0.988787
1515.699631 528.125577 -61.492604 -5.135905 -0.050928 0.062095 -0.125445 0.988845
1515.799467 528.266444 -61.492427 -5.138948 -0.050178 0.061868 -0.125541 0.988885
1515.899309 528.410701 -61.492099 -5.148291 -0.045498 0.060608 -0.125232 0.989229
1515.999173 528.552431 -61.493449 -5.158381 -0.039933 0.061470 -0.124687 0.989485
1516.099812 528.695520 -61.493689 -5.160720 -0.039386 0.062212 -0.124232 0.989517
1516.199643 528.842422 -61.485993 -5.163895 -0.041711 0.061654 -0.124329 0.989445
1516.299495 528.989162 -61.477736 -5.171834 -0.039572 0.060572 -0.124704 0.989552
1516.399336 529.130603 -61.469654 -5.179677 -0.040222 0.061242 -0.125050 0.989441
1516.499181 529.276159 -61.466285 -5.184937 -0.041320 0.063248 -0.125597 0.989201
1516.599822 529.429658 -61.466923 -5.189530 -0.038753 0.063638 -0.125948 0.989235
1516.699669 529.579647 -61.469982 -5.195378 -0.034327 0.061666 -0.125904 0.989529
1516.799508 529.729594 -61.466809 -5.202024 -0.033139 0.056724 -0.125833 0.989874
1516.899349 529.878836 -61.465310 -5.209335 -0.031918 0.054310 -0.125764 0.990058
1516.999184 530.041840 -61.464110 -5.216624 -0.033862 0.054350 -0.125462 0.990030
1517.099826 530.203502 -61.467358 -5.224048 -0.036223 0.054880 -0.125260 0.989942
1517.199680 530.351620 -61.470227 -5.231534 -0.034924 0.054878 -0.125325 0.989981
1517.299523 530.491303 -61.472705 -5.245570 -0.033115 0.054051 -0.125547 0.990061
1517.399367 530.632563 -61.475301 -5.252776 -0.032026 0.051671 -0.125527 0.990226
1517.499198 530.775378 -61.480117 -5.251078 -0.032970 0.050181 -0.125369 0.990292
1517.599440 530.916928 -61.482906 -5.245950 -0.036555 0.049060 -0.125408 0.990217
1517.699285 531.069672 -61.490441 -5.251797 -0.037383 0.052187 -0.125218 0.990050
1517.799124 531.218758 -61.502724 -5.266457 -0.033549 0.054104 -0.125454 0.990055
1517.899767 531.368163 -61.512417 -5.274763 -0.030435 0.051117 -0.126087 0.990234
1517.999599 531.508889 -61.517846 -5.282434 -0.029114 0.046593 -0.126604 0.990431
1518.099442 531.650119 -61.522654 -5.276424 -0.030977 0.044257 -0.126633 0.990478
1518.199297 531.781694 -61.529035 -5.270521 -0.033670 0.045583 -0.126287 0.990374
1518.299134 531.912140 -61.541307 -5.278968 -0.035712 0.048622 -0.126363 0.990148
1518.399771 532.041982 -61.554548 -5.296759 -0.035934 0.049748 -0.126480 0.990069
1518.499607 532.178381 -61.567659 -5.309577 -0.035157 0.048746 -0.126485 0.990146
1518.599461 532.313655 -61.579705 -5.315193 -0.035301 0.046903 -0.126187 0.990268
1518.699301 532.452595 -61.587355 -5.319295 -0.034736 0.044631 -0.126179 0.990394
1518.799133 532.588671 -61.596858 -5.320496 -0.034074 0.044276 -0.126163 0.990435
1518.899781 532.725577 -61.611260 -5.321217 -0.033916 0.047184 -0.126361 0.990281
1518.999618 532.849323 -61.622683 -5.330511 -0.033871 0.050066 -0.126470 0.990127
1519.099440 532.974915 -61.638061 -5.333294 -0.034219 0.051984 -0.126427 0.990022
1519.199282 533.105546 -61.652344 -5.334983 -0.034817 0.050482 -0.126808 0.990030
1519.299116 533.224973 -61.663640 -5.344121 -0.034282 0.046643 -0.126842 0.990232
1519.399751 533.342425 -61.679619 -5.353545 -0.031959 0.043069 -0.127357 0.990406
1519.499592 533.456265 -61.698034 -5.354825 -0.030407 0.042408 -0.129916 0.990151
1519.599423 533.578609 -61.718804 -5.362339 -0.031505 0.040128 -0.132612 0.989854
1519.699262 533.698249 -61.735420 -5.366322 -0.036402 0.042257 -0.134582 0.989332
1519.799504 533.816882 -61.749116 -5.370110 -0.036304 0.044953 -0.134680 0.989203
1519.899351 533.930384 -61.760843 -5.369787 -0.034025 0.045611 -0.134141 0.989327
1519.999191 534.038889 -61.779973 -5.372833 -0.032654 0.046382 -0.133866 0.989375
1520.099830 534.147233 -61.800928 -5.374391 -0.037572 0.047925 -0.134533 0.989036
1520.199653 534.256507 -61.817362 -5.374988 -0.037650 0.050041 -0.135189 0.988839
1520.299496 534.362174 -61.832328 -5.379176 -0.036680 0.051644 -0.135414 0.988762
1520.399319 534.462133 -61.845960 -5.386849 -0.033920 0.052281 -0.135165 0.988861
1520.499159 534.556168 -61.864767 -5.390184 -0.034500 0.052569 -0.134885 0.988864
1520.599792 534.659870 -61.886884 -5.389676 -0.036708 0.053046 -0.134964 0.988748
1520.699639 534.753862 -61.906372 -5.390906 -0.035786 0.056126 -0.135096 0.988594
1520.799489 534.848684 -61.922095 -5.395241 -0.035432 0.056840 -0.134754 0.988613
1520.899316 534.948128 -61.938463 -5.399316 -0.033800 0.056413 -0.134842 0.988682
1520.999154 535.046156 -61.957408 -5.407418 -0.032591 0.055713 -0.134789 0.988770
1521.099796 535.142039 -61.979147 -5.425778 -0.034498 0.058643 -0.134772 0.988538
1521.199635 535.246495 -62.001550 -5.445672 -0.035270 0.061192 -0.134988 0.988327
1521.299483 535.355602 -62.021559 -5.464141 -0.034826 0.062702 -0.135153 0.988225
1521.399323 535.464143 -62.043257 -5.474841 -0.034643 0.062915 -0.135228 0.988208
1521.499154 535.575181 -62.063980 -5.481639 -0.034624 0.061586 -0.135244 0.988290
1521.599809 535.686962 -62.086973 -5.497263 -0.034920 0.059057 -0.135116 0.988452
1521.699660 535.794002 -62.112312 -5.523939 -0.035082 0.057826 -0.135083 0.988523
1521.799485 535.903989 -62.138366 -5.555874 -0.035904 0.057027 -0.135143 0.988532
1521.899306 536.007879 -62.159766 -5.576339 -0.035182 0.057385 -0.135324 0.988512
1521.999155 536.112761 -62.185277 -5.591043 -0.034365 0.057831 -0.135001 0.988559
1522.099795 536.224745 -62.212018 -5.606960 -0.034413 0.058704 -0.134594 0.988562
1522.199635 536.346122 -62.236146 -5.624887 -0.035707 0.058540 -0.134777 0.988501
1522.299466 536.464875 -62.261876 -5.648234 -0.035756 0.060303 -0.135112 0.988347
1522.399300 536.581503 -62.288939 -5.669748 -0.035940 0.061584 -0.135366 0.988227
1522.499137 536.696694 -62.316959 -5.688925 -0.036500 0.062490 -0.135355 0.988151
1522.599767 536.809564 -62.346832 -5.703506 -0.035088 0.063896 -0.135810 0.988050
1522.699608 536.928898 -62.378017 -5.708305 -0.032026 0.062486 -0.135933 0.988227
1522.799450 537.042313 -62.406581 -5.712597 -0.032168 0.058477 -0.135721 0.988497
1522.899289 537.146587 -62.430612 -5.720299 -0.034951 0.056889 -0.134606 0.988647
1522.999139 537.263325 -62.455022 -5.732075 -0.035535 0.059034 -0.132656 0.988764
1523.099779 537.379625 -62.481056 -5.736178 -0.035555 0.061105 -0.132124 0.988709
1523.199634 537.494980 -62.510422 -5.735152 -0.036018 0.061490 -0.132078 0.988674
1523.299474 537.602969 -62.541565 -5.731365 -0.037486 0.058043 -0.131940 0.988847
1523.399321 537.712587 -62.572352 -5.728895 -0.036776 0.054275 -0.132080 0.989069
1523.499157 537.835510 -62.600279 -5.732248 -0.036733 0.053059 -0.132279 0.989110
1523.599811 537.971418 -62.629525 -5.738753 -0.035624 0.054606 -0.132256 0.989069
1523.699658 538.102424 -62.664123 -5.746963 -0.034535 0.057022 -0.132191 0.988980
1523.799476 538.230042 -62.697307 -5.749967 -0.033756 0.059672 -0.132360 0.988828
1523.899316 538.371132 -62.730825 -5.751289 -0.034971 0.060870 -0.132320 0.988718
1523.999153 538.499387 -62.763461 -5.755059 -0.035075 0.060557 -0.132204 0.988749
1524.099769 538.630726 -62.792802 -5.759867 -0.036198 0.061133 -0.131959 0.988706
1524.199613 538.764053 -62.825552 -5.768080 -0.038926 0.059193 -0.131411 0.988793
1524.299460 538.898741 -62.861560 -5.779406 -0.040825 0.057558 -0.131479 0.988804
1524.399311 539.022624 -62.897812 -5.791412 -0.040512 0.055703 -0.131964 0.988859
1524.499157 539.145968 -62.929284 -5.800346 -0.041475 0.054574 -0.132597 0.988797
1524.599787 539.288420 -62.955263 -5.797192 -0.040282 0.055156 -0.133537 0.988687
1524.699614 539.430910 -62.979338 -5.787229 -0.041207 0.055993 -0.133564 0.988599
1524.799461 539.562164 -63.005380 -5.789890 -0.044542 0.058578 -0.133619 0.988297
1524.899300 539.690357 -63.036007 -5.802049 -0.047927 0.062584 -0.133170 0.987953
1524.999131 539.819101 -63.064089 -5.815803 -0.048996 0.062583 -0.132380 0.988007
1525.099764 539.962975 -63.089570 -5.822598 -0.048810 0.060550 -0.131457 0.988266
1525.199611 540.101105 -63.107763 -5.820075 -0.048319 0.060656 -0.131032 0.988340
1525.299453 540.237073 -63.122448 -5.815193 -0.043419 0.060187 -0.131598 0.988521
1525.399290 540.372633 -63.139767 -5.816543 -0.036146 0.058216 -0.132335 0.988834
1525.499125 540.504044 -63.158325 -5.820459 -0.033394 0.055426 -0.133260 0.988966
1525.599746 540.643207 -63.178561 -5.826616 -0.036876 0.053424 -0.133850 0.988873
1525.699576 540.785830 -63.197607 -5.834016 -0.043695 0.054060 -0.134177 0.988517
1525.799399 540.926811 -63.214446 -5.838956 -0.045121 0.054345 -0.133515 0.988526
1525.899241 541.066149 -63.227936 -5.843040 -0.047568 0.054718 -0.133126 0.988444
1525.999482 541.208301 -63.238233 -5.850521 -0.047689 0.055360 -0.132680 0.988462
1526.099323 541.348640 -63.248284 -5.855754 -0.046295 0.056628 -0.132251 0.988514
1526.199166 541.477863 -63.256044 -5.858440 -0.045261 0.057716 -0.132054 0.988525
1526.299813 541.603832 -63.263868 -5.863382 -0.043917 0.057502 -0.132239 0.988574
1526.399644 541.729266 -63.274942 -5.866857 -0.042088 0.055720 -0.132487 0.988722
1526.499480 541.855844 -63.284039 -5.871502 -0.043224 0.054590 -0.133016 0.988665
1526.599324 541.988240 -63.290099 -5.880308 -0.041672 0.053648 -0.133245 0.988752
1526.699160 542.132704 -63.293413 -5.888353 -0.038149 0.054168 -0.133285 0.988861
1526.799799 542.281712 -63.299555 -5.894985 -0.034855 0.054461 -0.133149 0.988985
1526.899632 542.421161 -63.306939 -5.899292 -0.034989 0.053629 -0.132980 0.989048
1526.999463 542.565456 -63.313753 -5.904238 -0.036645 0.051529 -0.133112 0.989082
1527.099303 542.711453 -63.317753 -5.910208 -0.036566 0.049817 -0.133090 0.989176
1527.199146 542.849384 -63.325396 -5.915897 -0.034912 0.051278 -0.132812 0.989198
1527.299784 542.978242 -63.338269 -5.919091 -0.032687 0.051372 -0.132422 0.989321
1527.399641 543.098183 -63.348659 -5.923093 -0.030512 0.049799 -0.132218 0.989499
1527.499487 543.213314 -63.356152 -5.924990 -0.032390 0.052153 -0.132096 0.989334
1527.599342 543.335530 -63.363835 -5.929309 -0.033856 0.053885 -0.132237 0.989173
1527.699188 543.469131 -63.376683 -5.938907 -0.034771 0.056494 -0.132732 0.988930
1527.799825 543.607187 -63.393115 -5.949885 -0.032927 0.058750 -0.133214 0.988796
1527.899666 543.750013 -63.408196 -5.953858 -0.032798 0.059197 -0.133381 0.988751
1527.999498 543.893926 -63.421218 -5.951936 -0.035578 0.058086 -0.133463 0.988710
1528.099337 544.031128 -63.432881 -5.954695 -0.036782 0.056323 -0.133133 0.988813
1528.199164 544.163121 -63.447463 -5.958344 -0.036613 0.056581 -0.132917 0.988833
1528.299795 544.286857 -63.465780 -5.968498 -0.036278 0.058695 -0.133058 0.988703
1528.399643 544.417319 -63.484865 -5.981993 -0.035138 0.061808 -0.133258 0.988528
1528.499486 544.543549 -63.498618 -5.988350 -0.037058 0.063560 -0.133541 0.988308
1528.599320 544.672311 -63.511526 -5.990626 -0.041941 0.062446 -0.133618 0.988174
1528.699152 544.806000 -63.528507 -5.995072 -0.046953 0.060266 -0.133093 0.988155
1528.799791 544.947402 -63.545093 -6.001721 -0.051696 0.059691 -0.132708 0.988005
1528.899638 545.090255 -63.557158 -6.012439 -0.054278 0.059511 -0.132477 0.987908
1528.999485 545.230091 -63.565650 -6.016684 -0.053157 0.062122 -0.132496 0.987806
1529.099326 545.373049 -63.573824 -6.019681 -0.049576 0.065618 -0.132798 0.987725
1529.199171 545.513528 -63.581382 -6.025623 -0.046251 0.067834 -0.133103 0.987696
1529.299802 545.651355 -63.588479 -6.031993 -0.044588 0.067979 -0.133017 0.987774
1529.399641 545.784312 -63.591505 -6.037222 -0.042455 0.068823 -0.133213 0.987783
1529.499488 545.920718 -63.592079 -6.047502 -0.037134 0.070645 -0.133464 0.987835
1529.599317 546.072525 -63.596308 -6.054543 -0.033105 0.071895 -0.133685 0.987858
1529.699167 546.230097 -63.602007 -6.059663 -0.033784 0.071992 -0.134196 0.987759
1529.799802 546.386184 -63.608376 -6.061494 -0.035102 0.071978 -0.134479 0.987675
1529.899655 546.541123 -63.614459 -6.066642 -0.037199 0.072472 -0.134395 0.987574
1529.999491 546.701966 -63.626655 -6.074912 -0.037201 0.074272 -0.134148 0.987474
1530.099328 546.870660 -63.638207 -6.083090 -0.036601 0.076230 -0.133552 0.987427
1530.199173 547.038676 -63.647612 -6.090495 -0.035312 0.076466 -0.133126 0.987514
1530.299811 547.197298 -63.658461 -6.097536 -0.039301 0.076757 -0.132880 0.987374
1530.399647 547.365313 -63.674552 -6.106368 -0.038227 0.076734 -0.132971 0.987405
1530.499479 547.546586 -63.691666 -6.114027 -0.035380 0.075086 -0.132649 0.987681
1530.599338 547.726690 -63.705657 -6.121704 -0.034013 0.074231 -0.133072 0.987737
1530.699174 547.914869 -63.722438 -6.132867 -0.036544 0.074217 -0.133571 0.987581
1530.799812 548.110344 -63.741455 -6.142346 -0.038727 0.072836 -0.134182 0.987517
1530.899647 548.298082 -63.758780 -6.143461 -0.039767 0.074780 -0.134576 0.987277
1530.999482 548.484521 -63.776820 -6.137706 -0.037628 0.077099 -0.134785 0.987154
1531.099331 548.679640 -63.795106 -6.140458 -0.035862 0.075817 -0.135356 0.987241
1531.199168 548.867190 -63.813456 -6.158047 -0.035231 0.070837 -0.135315 0.987639
1531.299802 549.055093 -63.836981 -6.174823 -0.036133 0.071465 -0.135012 0.987603
1531.399635 549.252230 -63.862116 -6.185638 -0.037158 0.073251 -0.134811 0.987461
1531.499469 549.455131 -63.885070 -6.192932 -0.039369 0.075072 -0.134638 0.987262
1531.599319 549.658293 -63.907937 -6.197337 -0.039716 0.075576 -0.134566 0.987220
1531.699162 549.866942 -63.929351 -6.201776 -0.040147 0.076628 -0.134705 0.987102
1531.799797 550.063701 -63.953386 -6.210284 -0.041052 0.076655 -0.134213 0.987130
1531.899632 550.261969 -63.974893 -6.215552 -0.041376 0.077513 -0.134052 0.987071
1531.999490 550.467124 -63.998597 -6.217593 -0.041424 0.078239 -0.133782 0.987049
1532.099311 550.675188 -64.022591 -6.226760 -0.042000 0.077164 -0.133744 0.987114
1532.199151 550.895760 -64.047065 -6.236006 -0.040941 0.074514 -0.133867 0.987346
1532.299777 551.112228 -64.068644 -6.245854 -0.041738 0.072153 -0.133468 0.987541
1532.399625 551.335136 -64.090887 -6.254627 -0.042326 0.071023 -0.133583 0.987583
1532.499454 551.561176 -64.113498 -6.262693 -0.039446 0.073570 -0.133626 0.987510
1532.599284 551.780638 -64.140169 -6.273019 -0.037788 0.075217 -0.133973 0.987403
1532.699127 551.998637 -64.163599 -6.279912 -0.037915 0.074792 -0.133778 0.987457
1532.799765 552.209602 -64.184737 -6.285666 -0.038410 0.071548 -0.133912 0.987660
1532.899600 552.423194 -64.205706 -6.295097 -0.038558 0.068176 -0.134127 0.987864
1532.999448 552.645173 -64.230493 -6.307354 -0.038985 0.066428 -0.134254 0.987949
1533.099281 552.868733 -64.257954 -6.317960 -0.038562 0.067890 -0.134256 0.987866
1533.199103 553.091035 -64.284830 -6.324347 -0.036178 0.068850 -0.134191 0.987899
1533.299746 553.317249 -64.309782 -6.333061 -0.034802 0.067487 -0.134123 0.988051
1533.399584 553.543362 -64.331577 -6.352013 -0.036589 0.067004 -0.134019 0.988034
1533.499431 553.765053 -64.357071 -6.378798 -0.037375 0.064210 -0.134133 0.988174
1533.599275 553.988083 -64.384387 -6.400748 -0.037759 0.058676 -0.133806 0.988548
1533.699508 554.210129 -64.411431 -6.413290 -0.038010 0.053301 -0.133793 0.988845
1533.799345 554.436558 -64.439288 -6.420473 -0.037316 0.050579 -0.133885 0.989002
1533.899190 554.657995 -64.467608 -6.430079 -0.037007 0.047883 -0.133932 0.989141
1533.999819 554.873208 -64.492706 -6.445154 -0.036964 0.045273 -0.134345 0.989210
1534.099654 555.089042 -64.520510 -6.458302 -0.036915 0.044578 -0.134440 0.989230
1534.199493 555.292947 -64.547779 -6.486028 -0.038011 0.042229 -0.134428 0.989293
1534.299341 555.484100 -64.574386 -6.465082 -0.039557 0.022968 -0.133817 0.989950
1534.399176 555.664725 -64.604044 -6.452612 -0.037731 -0.053277 -0.130662 0.989275
1534.499814 555.832942 -64.621950 -6.443894 -0.036565 -0.096914 -0.128832 0.986242
1534.599656 555.977015 -64.641812 -6.463769 -0.034815 -0.086577 -0.129931 0.987122
1534.699480 556.090954 -64.655971 -6.505961 -0.036772 -0.056705 -0.131123 0.989060
1534.799320 556.170151 -64.657310 -6.553034 -0.037013 -0.023521 -0.132363 0.990231
1534.899166 556.235536 -64.662869 -6.562646 -0.038290 -0.002283 -0.132925 0.990384
1534.999809 556.291935 -64.672404 -6.556511 -0.038616 0.009621 -0.133435 0.990258
1535.099658 556.337647 -64.684726 -6.553701 -0.037672 0.019974 -0.134031 0.990059
1535.199502 556.375245 -64.690530 -6.563529 -0.035878 0.031557 -0.134409 0.989773
1535.299342 556.414251 -64.692116 -6.577274 -0.036953 0.039425 -0.135108 0.989356
1535.399189 556.454000 -64.692535 -6.592929 -0.036606 0.044422 -0.135546 0.989098
1535.499826 556.494076 -64.699520 -6.606559 -0.036565 0.047165 -0.135513 0.988977
1535.599664 556.521045 -64.710268 -6.618766 -0.035835 0.050581 -0.135720 0.988806
1535.699497 556.542078 -64.720216 -6.634189 -0.034594 0.054644 -0.135843 0.988617
1535.799333 556.569378 -64.729340 -6.656028 -0.034418 0.058740 -0.136012 0.988365
1535.899173 556.616926 -64.736967 -6.678478 -0.034694 0.061187 -0.136245 0.988175
1535.999815 556.670583 -64.745957 -6.700139 -0.035392 0.062499 -0.136059 0.988094
1536.099653 556.726076 -64.759629 -6.721314 -0.035332 0.063403 -0.136207 0.988018
1536.199493 556.780969 -64.773577 -6.744579 -0.034526 0.065735 -0.136374 0.987871
1536.299327 556.821127 -64.787376 -6.771470 -0.033338 0.069736 -0.136486 0.987622
1536.399162 556.862806 -64.800807 -6.799108 -0.033259 0.073538 -0.136507 0.987346
1536.499804 556.909699 -64.813263 -6.825256 -0.033686 0.077100 -0.136549 0.987054
1536.599642 556.953128 -64.826162 -6.846266 -0.033166 0.076420 -0.136380 0.987148
1536.699488 557.006343 -64.842772 -6.857462 -0.033014 0.074801 -0.136474 0.987264
1536.799323 557.070867 -64.861751 -6.864242 -0.033374 0.074035 -0.136573 0.987296
1536.899149 557.134138 -64.881556 -6.870009 -0.033493 0.075713 -0.136693 0.987148
1536.999792 557.202333 -64.902350 -6.878367 -0.033093 0.077985 -0.136678 0.986986
1537.099634 557.274297 -64.923506 -6.889835 -0.033323 0.079062 -0.136773 0.986880
1537.199478 557.354447 -64.949288 -6.891908 -0.033185 0.078809 -0.136760 0.986907
1537.299310 557.444148 -64.974564 -6.890589 -0.032513 0.078093 -0.136971 0.986957
1537.399148 557.544161 -64.998288 -6.888515 -0.032955 0.078475 -0.137196 0.986880
1537.499795 557.650516 -65.026079 -6.889991 -0.032657 0.079173 -0.137132 0.986843
1537.599652 557.764887 -65.058374 -6.898426 -0.032343 0.080029 -0.137038 0.986798
1537.699483 557.872586 -65.093582 -6.904272 -0.032058 0.082202 -0.137146 0.986613
1537.799323 557.995189 -65.127323 -6.911840 -0.032593 0.081000 -0.136865 0.986734
1537.899158 558.120402 -65.157250 -6.915628 -0.032802 0.078138 -0.136831 0.986963
1537.999793 558.242025 -65.194034 -6.918924 -0.034943 0.074888 -0.136317 0.987213
1538.099622 558.352569 -65.232183 -6.915278 -0.034704 0.074955 -0.135948 0.987267
1538.199459 558.471590 -65.272435 -6.912608 -0.034578 0.075541 -0.135727 0.987257
1538.299302 558.607649 -65.312158 -6.917198 -0.035984 0.074728 -0.135638 0.987281
1538.399133 558.746145 -65.349220 -6.927213 -0.036157 0.075854 -0.135611 0.987192
1538.499766 558.881719 -65.385752 -6.933583 -0.036071 0.078434 -0.136167 0.986917
1538.599620 559.014345 -65.429754 -6.934479 -0.036442 0.080478 -0.136298 0.986721
1538.699464 559.154934 -65.478276 -6.937459 -0.035822 0.079040 -0.136382 0.986848
1538.799301 559.304563 -65.528125 -6.941006 -0.034579 0.078330 -0.136369 0.986951
1538.899146 559.464301 -65.572969 -6.944031 -0.034818 0.075864 -0.136190 0.987160
1538.999793 559.624698 -65.615744 -6.945895 -0.039609 0.073696 -0.136034 0.987165
1539.099629 559.778671 -65.657679 -6.948373 -0.046120 0.072213 -0.135561 0.987057
1539.199471 559.945571 -65.701589 -6.954752 -0.050984 0.072014 -0.135124 0.986892
1539.299315 560.113473 -65.748660 -6.966654 -0.052231 0.070116 -0.134858 0.987000
1539.399149 560.283955 -65.792545 -6.974477 -0.051011 0.067576 -0.134766 0.987254
1539.499803 560.456224 -65.830102 -6.975361 -0.047777 0.064468 -0.134743 0.987626
1539.599645 560.628651 -65.865299 -6.977771 -0.047778 0.062868 -0.134988 0.987696
1539.699497 560.804815 -65.905679 -6.982754 -0.045627 0.062717 -0.134860 0.987825
1539.799350 560.983343 -65.943007 -6.993926 -0.043824 0.059067 -0.134859 0.988131
1539.899191 561.154976 -65.977135 -7.002317 -0.045232 0.056892 -0.134485 0.988246
1539.999828 561.328677 -66.014950 -7.008394 -0.047582 0.055519 -0.133693 0.988322
1540.099667 561.514718 -66.042034 -7.015364 -0.051992 0.053316 -0.133457 0.988253
1540.199507 561.688522 -66.066954 -7.017934 -0.055392 0.051937 -0.133237 0.988171
1540.299351 561.851334 -66.091756 -7.022090 -0.055909 0.053118 -0.133519 0.988041
1540.399184 562.015602 -66.113336 -7.029041 -0.053508 0.053165 -0.134573 0.988029
1540.499833 562.188395 -66.136059 -7.038642 -0.049825 0.052247 -0.135424 0.988154
1540.599682 562.349270 -66.157698 -7.048167 -0.043584 0.051724 -0.135701 0.988438
1540.699516 562.512678 -66.178905 -7.058358 -0.037784 0.054566 -0.135597 0.988538
1540.799360 562.679862 -66.199468 -7.064856 -0.035978 0.057313 -0.134860 0.988551
1540.899199 562.844560 -66.215840 -7.064655 -0.039200 0.057591 -0.134135 0.988511
1540.999426 563.008700 -66.235177 -7.076189 -0.041956 0.056897 -0.133456 0.988530
1541.099260 563.172670 -66.253400 -7.087360 -0.041349 0.056895 -0.133033 0.988613
1541.199494 563.330968 -66.272162 -7.093233 -0.040071 0.053332 -0.133213 0.988840
1541.299337 563.491247 -66.293160 -7.101138 -0.039087 0.049455 -0.133974 0.988978
1541.399181 563.651798 -66.315346 -7.112454 -0.035108 0.050274 -0.134299 0.989042
1541.499825 563.814727 -66.337338 -7.120744 -0.033483 0.050934 -0.134397 0.989051
1541.599662 563.977117 -66.356961 -7.127635 -0.034398 0.052566 -0.134900 0.988866
1541.699509 564.142924 -66.376670 -7.136205 -0.035982 0.056536 -0.135483 0.988511
1541.799344 564.303498 -66.403737 -7.145072 -0.035227 0.059550 -0.136035 0.988285
1541.899195 564.455898 -66.427216 -7.146398 -0.033969 0.056903 -0.136413 0.988433
1541.999833 564.610416 -66.450894 -7.148957 -0.035827 0.053901 -0.135975 0.988596
1542.099669 564.754383 -66.470887 -7.152010 -0.037527 0.053811 -0.135746 0.988569
1542.199514 564.896557 -66.493657 -7.159733 -0.040188 0.054967 -0.135677 0.988411
1542.299353 565.036613 -66.513694 -7.170406 -0.042896 0.056720 -0.135522 0.988219
1542.399193 565.189251 -66.535297 -7.178824 -0.044566 0.057829 -0.135371 0.988101
1542.499837 565.348278 -66.559513 -7.187166 -0.047500 0.057877 -0.134962 0.988018
1542.599664 565.503262 -66.575700 -7.191591 -0.048000 0.053401 -0.134742 0.988276
1542.699504 565.651344 -66.599087 -7.190657 -0.048660 0.047867 -0.134807 0.988518
1542.799340 565.803261 -66.619453 -7.188287 -0.053930 0.043531 -0.135043 0.988413
1542.899176 565.947482 -66.631419 -7.195354 -0.059438 0.042294 -0.135306 0.988115
1542.999813 566.101448 -66.637720 -7.210844 -0.062132 0.041394 -0.135026 0.988025
1543.099656 566.247048 -66.643042 -7.233346 -0.063085 0.042339 -0.134726 0.987966
1543.199479 566.384184 -66.644457 -7.263777 -0.061618 0.044996 -0.135024 0.987900
1543.299319 566.516346 -66.640969 -7.292257 -0.059731 0.046213 -0.134741 0.987999
1543.399165 566.635536 -66.630640 -7.307331 -0.057682 0.046056 -0.134303 0.988187
1543.499796 566.750720 -66.617015 -7.318350 -0.056720 0.047710 -0.134418 0.988149
1543.599642 566.868718 -66.604361 -7.324755 -0.054182 0.052388 -0.134907 0.987988
1543.699474 566.987717 -66.590238 -7.335474 -0.050619 0.053908 -0.135178 0.988058
1543.799311 567.104301 -66.571421 -7.346320 -0.045685 0.053637 -0.135848 0.988221
1543.899149 567.228357 -66.550208 -7.357408 -0.039688 0.053388 -0.136927 0.988345
1543.999775 567.354500 -66.530661 -7.363662 -0.034758 0.051163 -0.136825 0.988662
1544.099609 567.470949 -66.512762 -7.370895 -0.034113 0.049368 -0.137235 0.988719
1544.199459 567.588082 -66.496252 -7.379486 -0.036761 0.051044 -0.137516 0.988500
1544.299309 567.713591 -66.480671 -7.386006 -0.037539 0.054611 -0.137630 0.988264
1544.399145 567.842804 -66.464983 -7.389242 -0.037629 0.055529 -0.137196 0.988270
1544.499793 567.970536 -66.455210 -7.390357 -0.036859 0.055777 -0.136619 0.988365
1544.599640 568.085914 -66.444450 -7.402538 -0.036739 0.053657 -0.136492 0.988504
1544.699483 568.210684 -66.438889 -7.405486 -0.036808 0.051237 -0.136382 0.988645
1544.799337 568.330702 -66.429774 -7.405125 -0.037743 0.047183 -0.136072 0.988855
1544.899173 568.445539 -66.419522 -7.407405 -0.037493 0.044623 -0.135881 0.989009
1544.999808 568.550145 -66.405660 -7.416795 -0.037018 0.045071 -0.135848 0.989011
1545.099650 568.664143 -66.394654 -7.427086 -0.036867 0.047162 -0.135752 0.988933
1545.199494 568.772657 -66.389228 -7.436025 -0.037721 0.049240 -0.135829 0.988789
1545.299330 568.876166 -66.381313 -7.442201 -0.037396 0.050284 -0.136327 0.988680
1545.399171 568.976980 -66.370472 -7.442244 -0.036937 0.050756 -0.136620 0.988633
1545.499822 569.065423 -66.361783 -7.443185 -0.034962 0.051576 -0.137106 0.988595
1545.599666 569.154320 -66.357482 -7.446646 -0.035361 0.053870 -0.137245 0.988439
1545.699516 569.245054 -66.352536 -7.457887 -0.036730 0.058016 -0.137412 0.988131
1545.799359 569.341804 -66.344780 -7.467357 -0.037951 0.060810 -0.137553 0.987897
1545.899203 569.431382 -66.339665 -7.468403 -0.037373 0.061453 -0.137488 0.987889
1545.999440 569.517724 -66.338355 -7.467742 -0.037032 0.060340 -0.137264 0.988001
1546.099291 569.620187 -66.340635 -7.466451 -0.036649 0.059209 -0.137330 0.988075
1546.199140 569.717111 -66.341619 -7.468807 -0.036415 0.060149 -0.137365 0.988022
1546.299765 569.807663 -66.342285 -7.478537 -0.035927 0.062731 -0.137416 0.987872
1546.399603 569.908316 -66.343879 -7.489803 -0.035719 0.064801 -0.137361 0.987753
1546.499439 570.017860 -66.347739 -7.496944 -0.034943 0.064535 -0.137026 0.987845
1546.599279 570.126830 -66.354420 -7.500345 -0.035976 0.063553 -0.136481 0.987947
1546.699120 570.236816 -66.364894 -7.503725 -0.035672 0.065290 -0.136589 0.987830
1546.799765 570.351493 -66.373361 -7.502435 -0.035674 0.065639 -0.136971 0.987754
1546.899603 570.462386 -66.379951 -7.502198 -0.035507 0.066097 -0.137284 0.987686
1546.999458 570.575875 -66.387891 -7.506714 -0.033767 0.065817 -0.137433 0.987745
1547.099294 570.696219 -66.400465 -7.516895 -0.033445 0.064904 -0.137506 0.987806
1547.199130 570.806782 -66.413540 -7.523112 -0.033121 0.063389 -0.137416 0.987928
1547.299789 570.928177 -66.426603 -7.530642 -0.035093 0.064479 -0.137326 0.987802
1547.399619 571.044243 -66.439259 -7.537802 -0.035687 0.067288 -0.137235 0.987606
1547.499454 571.170240 -66.459844 -7.540274 -0.036269 0.072425 -0.137014 0.987252
1547.599305 571.303633 -66.484842 -7.543497 -0.036066 0.075692 -0.136703 0.987057
1547.699130 571.437207 -66.504020 -7.544189 -0.035290 0.076860 -0.136985 0.986956
1547.799773 571.574040 -66.520683 -7.544159 -0.035103 0.075738 -0.136930 0.987057
1547.899619 571.715692 -66.538542 -7.551576 -0.034397 0.073628 -0.136931 0.987241
1547.999470 571.843620 -66.558725 -7.561075 -0.033865 0.071227 -0.136394 0.987510
1548.099312 571.976072 -66.585565 -7.563234 -0.034729 0.069912 -0.136129 0.987611
1548.199172 572.111357 -66.614785 -7.562284 -0.039622 0.067716 -0.134997 0.987735
1548.299810 572.251584 -66.635955 -7.567367 -0.042027 0.064693 -0.132871 0.988127
1548.399669 572.386267 -66.658058 -7.572456 -0.043051 0.063444 -0.130594 0.988467
1548.499517 572.523118 -66.685513 -7.582188 -0.039223 0.062821 -0.128836 0.988896
1548.599372 572.659509 -66.712265 -7.591384 -0.038726 0.063448 -0.126547 0.989172
1548.699215 572.790116 -66.734646 -7.598979 -0.041283 0.068222 -0.123078 0.989188
1548.799453 572.925772 -66.756112 -7.603768 -0.044715 0.073221 -0.118988 0.989182
1548.899291 573.065475 -66.777711 -7.611040 -0.043967 0.074035 -0.114823 0.989647
1548.999127 573.210669 -66.802623 -7.612891 -0.041086 0.073091 -0.111765 0.990191
1549.099787 573.365112 -66.827512 -7.618422 -0.034870 0.070948 -0.110433 0.990735
1549.199632 573.527869 -66.854048 -7.621860 -0.035404 0.067702 -0.110094 0.990980
1549.299469 573.693123 -66.881814 -7.629308 -0.036782 0.067808 -0.109812 0.990954
1549.399299 573.855699 -66.908084 -7.638801 -0.039025 0.068505 -0.110166 0.990781
1549.499137 574.010343 -66.933391 -7.650613 -0.036441 0.068349 -0.110180 0.990889
1549.599786 574.175844 -66.961674 -7.658572 -0.035818 0.065692 -0.109853 0.991128
1549.699632 574.339512 -66.989947 -7.660497 -0.037675 0.063281 -0.109369 0.991269
1549.799476 574.503921 -67.018851 -7.657946 -0.039333 0.063195 -0.108847 0.991268
1549.899303 574.668787 -67.049174 -7.660632 -0.038869 0.065218 -0.109364 0.991098
1549.999155 574.838058 -67.080648 -7.664547 -0.034729 0.066306 -0.109711 0.991141
1550.099789 575.006808 -67.108502 -7.673130 -0.033574 0.064035 -0.110288 0.991266
1550.199635 575.174142 -67.136424 -7.686033 -0.035410 0.061673 -0.111062 0.991266
1550.299469 575.338171 -67.168060 -7.697354 -0.035305 0.062665 -0.111491 0.991159
1550.399296 575.497983 -67.199805 -7.703020 -0.036905 0.064326 -0.111805 0.990959
1550.499139 575.662064 -67.227919 -7.706661 -0.037388 0.067371 -0.112499 0.990660
1550.599780 575.826004 -67.259933 -7.707890 -0.036787 0.066170 -0.112193 0.990798
1550.699626 575.998246 -67.293052 -7.715956 -0.036361 0.063683 -0.112291 0.990966
1550.799468 576.155969 -67.323478 -7.724282 -0.037044 0.061802 -0.112663 0.991017
1550.899306 576.315254 -67.355659 -7.736049 -0.037813 0.058566 -0.112775 0.991172
1550.999147 576.474634 -67.389836 -7.750231 -0.038900 0.056753 -0.112548 0.991261
1551.099795 576.636977 -67.427013 -7.770482 -0.039799 0.055739 -0.112243 0.991318
1551.199621 576.797156 -67.459852 -7.790342 -0.040671 0.056695 -0.112489 0.991200
1551.299457 576.969470 -67.492890 -7.814342 -0.040550 0.056162 -0.112403 0.991245
1551.399295 577.135175 -67.528273 -7.838349 -0.040668 0.052602 -0.111986 0.991483
1551.499137 577.285145 -67.564351 -7.866134 -0.039217 0.049617 -0.111683 0.991729
1551.599783 577.437109 -67.601346 -7.905750 -0.039070 0.051618 -0.111663 0.991635
1551.699631 577.589826 -67.636201 -7.950506 -0.039264 0.055638 -0.111137 0.991469
1551.799463 577.739488 -67.666491 -7.992599 -0.041433 0.059209 -0.111036 0.991185
1551.899288 577.884130 -67.700029 -8.027691 -0.042469 0.063046 -0.111021 0.990907
1551.999125 578.041587 -67.739920 -8.054005 -0.041342 0.064280 -0.111127 0.990863
1552.099766 578.198774 -67.775286 -8.076007 -0.040644 0.065288 -0.111317 0.990805
1552.199615 578.340160 -67.803295 -8.100239 -0.040184 0.066515 -0.111756 0.990692
1552.299458 578.473620 -67.832691 -8.123173 -0.038242 0.069861 -0.112058 0.990505
1552.399305 578.614318 -67.865492 -8.142488 -0.035696 0.072846 -0.112191 0.990370
1552.499142 578.758411 -67.895884 -8.157961 -0.037358 0.073336 -0.111402 0.990361
1552.599782 578.901756 -67.928954 -8.171699 -0.042647 0.074360 -0.107119 0.990544
1552.699614 579.060650 -67.955534 -8.182464 -0.041333 0.071795 -0.103314 0.991193
1552.799452 579.229950 -67.979684 -8.189548 -0.039625 0.066361 -0.100993 0.991880
1552.899286 579.402462 -68.007265 -8.195386 -0.038645 0.062264 -0.100813 0.992203
1552.999133 579.574166 -68.042552 -8.198219 -0.038314 0.061960 -0.100280 0.992289
1553.099765 579.743807 -68.075210 -8.202798 -0.039226 0.063081 -0.099554 0.992256
1553.199613 579.911696 -68.106073 -8.205809 -0.035501 0.065066 -0.099207 0.992302
1553.299442 580.068777 -68.132774 -8.211266 -0.036004 0.063666 -0.098516 0.992444
1553.399285 580.221324 -68.160042 -8.220356 -0.042891 0.061477 -0.097467 0.992412
1553.499116 580.385163 -68.188833 -8.229068 -0.042603 0.059663 -0.095032 0.992771
1553.599753 580.537822 -68.214881 -8.237021 -0.044654 0.060231 -0.090340 0.993085
1553.699588 580.682756 -68.237798 -8.242535 -0.045670 0.062871 -0.085068 0.993340
1553.799432 580.834315 -68.262520 -8.247541 -0.048129 0.061812 -0.079255 0.993771
1553.899266 580.994741 -68.285912 -8.255788 -0.047446 0.059748 -0.074004 0.994335
1553.999510 581.161677 -68.307157 -8.263655 -0.045542 0.060341 -0.069632 0.994704
1554.099354 581.333819 -68.327567 -8.274806 -0.045215 0.060875 -0.065524 0.994966
1554.199190 581.510782 -68.348891 -8.279880 -0.042642 0.062330 -0.062399 0.995190
1554.299825 581.690315 -68.372904 -8.286363 -0.039860 0.062601 -0.060874 0.995383
1554.399657 581.871393 -68.397746 -8.291391 -0.041103 0.061964 -0.061144 0.995355
1554.499492 582.036971 -68.416572 -8.299084 -0.039596 0.061554 -0.061478 0.995421
1554.599339 582.197138 -68.432006 -8.306226 -0.039249 0.060168 -0.061531 0.995517
1554.699172 582.355489 -68.450312 -8.309186 -0.038970 0.058662 -0.061553 0.995616
1554.799819 582.504467 -68.469272 -8.312095 -0.037369 0.058744 -0.061599 0.995670
1554.899656 582.651227 -68.488579 -8.318909 -0.036396 0.059250 -0.061207 0.995700
1554.999498 582.793826 -68.503227 -8.329379 -0.038498 0.060860 -0.061166 0.995526
1555.099340 582.936927 -68.518473 -8.331680 -0.040473 0.064133 -0.061250 0.995237
1555.199171 583.082232 -68.537011 -8.338733 -0.040839 0.067607 -0.061190 0.994996
1555.299819 583.234524 -68.558109 -8.348499 -0.037969 0.067363 -0.061560 0.995103
1555.399668 583.396919 -68.578244 -8.359823 -0.035370 0.064771 -0.061976 0.995345
1555.499519 583.560918 -68.599695 -8.366975 -0.034834 0.063185 -0.062149 0.995456
1555.599355 583.731234 -68.621802 -8.371602 -0.036767 0.063279 -0.062439 0.995362
1555.699204 583.894005 -68.642882 -8.379256 -0.038520 0.064129 -0.062485 0.995238
1555.799462 584.051664 -68.664348 -8.385509 -0.040218 0.064193 -0.062447 0.995169
1555.899311 584.208704 -68.688009 -8.387912 -0.038594 0.063478 -0.062187 0.995296
1555.999141 584.362465 -68.710875 -8.392564 -0.035637 0.061066 -0.061158 0.995621
1556.099775 584.514168 -68.730832 -8.405185 -0.037939 0.060795 -0.060835 0.995572
1556.199605 584.666366 -68.748394 -8.419576 -0.042574 0.064220 -0.061091 0.995154
1556.299445 584.820915 -68.771007 -8.433203 -0.043548 0.066480 -0.061093 0.994963
1556.399285 584.981788 -68.790416 -8.442214 -0.042031 0.066565 -0.061716 0.994984
1556.499126 585.146676 -68.811115 -8.442252 -0.039136 0.065758 -0.062051 0.995135
1556.599757 585.302382 -68.833683 -8.442776 -0.038098 0.064240 -0.062108 0.995271
1556.699586 585.454109 -68.857218 -8.447155 -0.035963 0.061176 -0.061748 0.995566
1556.799417 585.606567 -68.879276 -8.463657 -0.037477 0.060323 -0.061526 0.995576
1556.899252 585.757298 -68.901739 -8.467168 -0.039838 0.063457 -0.061644 0.995282
1556.999484 585.903916 -68.921454 -8.470526 -0.040416 0.063664 -0.061995 0.995224
1557.099317 586.049526 -68.939574 -8.473151 -0.038540 0.063127 -0.062287 0.995314
1557.199158 586.200166 -68.953675 -8.481560 -0.037998 0.062443 -0.062518 0.995364
1557.299794 586.343509 -68.970640 -8.490198 -0.039281 0.060653 -0.062097 0.995451
1557.399631 586.487733 -68.990540 -8.500705 -0.039478 0.061143 -0.062269 0.995402
1557.499481 586.632533 -69.015143 -8.503632 -0.038438 0.062856 -0.062107 0.995346
1557.599316 586.782309 -69.037480 -8.509547 -0.036324 0.063081 -0.062243 0.995403
1557.699153 586.936717 -69.055943 -8.515298 -0.036559 0.063649 -0.062482 0.995343
1557.799787 587.105098 -69.077397 -8.525222 -0.037473 0.062057 -0.062296 0.995421
1557.899627 587.260031 -69.094097 -8.534221 -0.038334 0.062712 -0.062616 0.995328
1557.999458 587.408061 -69.115442 -8.543369 -0.039255 0.062768 -0.063116 0.995257
1558.099298 587.555440 -69.141284 -8.549716 -0.039117 0.063483 -0.063378 0.995200
1558.199135 587.699114 -69.162811 -8.552111 -0.039573 0.065271 -0.063011 0.995090
1558.299782 587.841562 -69.181668 -8.560107 -0.041787 0.065348 -0.062445 0.995030
1558.399624 587.984112 -69.199128 -8.570751 -0.041538 0.064517 -0.062079 0.995117
1558.499455 588.131766 -69.217311 -8.578206 -0.039546 0.062186 -0.062111 0.995345
1558.599293 588.279284 -69.236567 -8.576150 -0.037700 0.061979 -0.062698 0.995393
1558.699124 588.423299 -69.259400 -8.575763 -0.037845 0.061172 -0.062748 0.995434
1558.799773 588.571985 -69.283273 -8.580764 -0.039668 0.058479 -0.062570 0.995536
1558.899617 588.733678 -69.305092 -8.589307 -0.039260 0.058089 -0.062677 0.995568
1558.999444 588.890906 -69.326522 -8.601045 -0.037980 0.059370 -0.062487 0.995554
1559.099293 589.038645 -69.344087 -8.613125 -0.040145 0.060506 -0.062393 0.995407
1559.199124 589.182646 -69.363894 -8.624672 -0.042490 0.060795 -0.062165 0.995306
1559.299772 589.334639 -69.386284 -8.624866 -0.042109 0.061244 -0.061889 0.995312
1559.399620 589.489919 -69.409044 -8.621458 -0.041183 0.061008 -0.061832 0.995369
1559.499476 589.643988 -69.429934 -8.626303 -0.041095 0.062044 -0.062275 0.995281
1559.599308 589.790787 -69.447565 -8.633939 -0.039654 0.062991 -0.063227 0.995220
1559.699137 589.944712 -69.466973 -8.643303 -0.036286 0.061107 -0.063122 0.995472
1559.799760 590.088153 -69.490710 -8.656067 -0.035987 0.059379 -0.062677 0.995616
1559.899604 590.225766 -69.508038 -8.661562 -0.037691 0.062967 -0.062599 0.995337
1559.999440 590.363603 -69.524702 -8.663545 -0.040372 0.064729 -0.062558 0.995121
1560.099285 590.509724 -69.548100 -8.667150 -0.038553 0.065332 -0.061869 0.995197
1560.199138 590.655437 -69.569463 -8.677271 -0.038889 0.065187 -0.061841 0.995195
1560.299765 590.799008 -69.594383 -8.689442 -0.039040 0.066716 -0.062226 0.995064
1560.399608 590.943060 -69.616487 -8.698066 -0.038598 0.066923 -0.062314 0.995062
1560.499449 591.082840 -69.632989 -8.704217 -0.039036 0.068256 -0.062332 0.994953
1560.599278 591.218278 -69.649843 -8.708026 -0.039066 0.067988 -0.061919 0.994996
1560.699121 591.353759 -69.666963 -8.712051 -0.040113 0.067040 -0.062225 0.995000
1560.799771 591.499026 -69.691013 -8.721414 -0.040283 0.066627 -0.062473 0.995005
1560.899620 591.649818 -69.713708 -8.723628 -0.039822 0.066835 -0.062422 0.995013
1560.999461 591.797437 -69.732801 -8.728448 -0.040069 0.064790 -0.062179 0.995154
1561.099300 591.951975 -69.751767 -8.734702 -0.040727 0.061888 -0.061987 0.995323
1561.199127 592.111967 -69.776514 -8.742121 -0.040795 0.061599 -0.061914 0.995343
1561.299741 592.274579 -69.801101 -8.757349 -0.039678 0.064024 -0.062155 0.995220
1561.399593 592.420861 -69.826506 -8.774983 -0.039389 0.064635 -0.062002 0.995202
1561.499425 592.566812 -69.849583 -8.781139 -0.039172 0.064745 -0.062192 0.995191
1561.599266 592.719972 -69.869121 -8.780768 -0.039889 0.063951 -0.061999 0.995226
1561.699500 592.871230 -69.892514 -8.788621 -0.042841 0.064010 -0.061571 0.995126
1561.799349 593.030764 -69.917861 -8.807258 -0.044731 0.066927 -0.061397 0.994862
1561.899190 593.176880 -69.942195 -8.829102 -0.044158 0.069786 -0.061369 0.994693
1561.999826 593.322953 -69.964767 -8.844106 -0.041969 0.067112 -0.061251 0.994979
1562.099659 593.471781 -69.987313 -8.854986 -0.039742 0.065928 -0.061700 0.995122
1562.199516 593.631585 -70.004128 -8.861420 -0.039308 0.067654 -0.062347 0.994983
1562.299363 593.779286 -70.024143 -8.866590 -0.039803 0.068903 -0.062567 0.994864
1562.399217 593.929933 -70.047182 -8.875495 -0.039358 0.067603 -0.062791 0.994956
1562.499466 594.086013 -70.072981 -8.885331 -0.038832 0.064766 -0.062518 0.995183
1562.599304 594.246471 -70.095472 -8.891833 -0.036785 0.061556 -0.061822 0.995508
1562.699151 594.408258 -70.113850 -8.895124 -0.040269 0.063234 -0.061814 0.995268
1562.799792 594.574910 -70.135889 -8.902703 -0.041353 0.062917 -0.061694 0.995251
1562.899636 594.748023 -70.161904 -8.913430 -0.041525 0.064464 -0.061827 0.995137
1562.999473 594.906302 -70.184460 -8.921646 -0.040452 0.064722 -0.062387 0.995129
1563.099301 595.059898 -70.205648 -8.929174 -0.040100 0.064671 -0.062696 0.995128
1563.199126 595.207822 -70.225719 -8.935131 -0.039467 0.065202 -0.062000 0.995162
1563.299772 595.352123 -70.246735 -8.944565 -0.041932 0.065310 -0.061141 0.995107
1563.399610 595.495699 -70.260841 -8.951713 -0.043122 0.065093 -0.061194 0.995067
1563.499438 595.640038 -70.281213 -8.956758 -0.042154 0.064544 -0.061308 0.995137
1563.599278 595.785090 -70.305848 -8.961578 -0.040085 0.063879 -0.061304 0.995266
1563.699127 595.939916 -70.332263 -8.968050 -0.038917 0.064653 -0.061760 0.995234
1563.799761 596.106520 -70.351641 -8.977433 -0.039633 0.065031 -0.061674 0.995187
1563.899602 596.276538 -70.369911 -8.984848 -0.040462 0.065591 -0.061069 0.995154
1563.999436 596.446568 -70.390417 -8.985906 -0.042690 0.063464 -0.060940 0.995207
1564.099277 596.613728 -70.414820 -8.993514 -0.043583 0.061070 -0.061156 0.995305
1564.199120 596.773464 -70.438277 -9.001893 -0.043114 0.062813 -0.061638 0.995187
1564.299759 596.924701 -70.458933 -9.012446 -0.041703 0.065915 -0.062411 0.994998
1564.399593 597.069633 -70.477129 -9.019766 -0.042053 0.067301 -0.062970 0.994855
1564.499428 597.225991 -70.498222 -9.024717 -0.041012 0.064322 -0.063306 0.995074
1564.599263 597.393089 -70.520673 -9.028700 -0.041117 0.061000 -0.063550 0.995264
1564.699506 597.561629 -70.545211 -9.031477 -0.043021 0.057538 -0.063733 0.995378
1564.799351 597.728456 -70.572423 -9.033217 -0.041264 0.055710 -0.064027 0.995537
1564.899191 597.884247 -70.595754 -9.040834 -0.038555 0.056183 -0.063714 0.995639
1564.999844 598.037307 -70.616126 -9.053847 -0.041494 0.059300 -0.063831 0.995333
1565.099665 598.196653 -70.636441 -9.071367 -0.045025 0.061941 -0.063181 0.995060
1565.199515 598.350477 -70.661308 -9.078429 -0.045560 0.064951 -0.062524 0.994885
1565.299342 598.487831 -70.684528 -9.082880 -0.042876 0.067141 -0.062187 0.994880
1565.399187 598.630067 -70.709234 -9.090632 -0.040686 0.066406 -0.062109 0.995026
1565.499826 598.780300 -70.731394 -9.095558 -0.040319 0.065046 -0.062069 0.995134
1565.599659 598.923161 -70.748230 -9.096532 -0.040692 0.062980 -0.061806 0.995268
1565.699499 599.066038 -70.764568 -9.095065 -0.041317 0.061977 -0.061382 0.995331
1565.799336 599.212800 -70.784770 -9.102269 -0.041343 0.064436 -0.061578 0.995162
1565.899164 599.360861 -70.808735 -9.114550 -0.042295 0.065702 -0.061402 0.995050
1565.999816 599.509271 -70.831293 -9.124428 -0.042680 0.064261 -0.061423 0.995126
1566.099663 599.667951 -70.851290 -9.136448 -0.041345 0.061941 -0.061905 0.995300
1566.199497 599.824504 -70.871533 -9.138862 -0.040096 0.061520 -0.061995 0.995371
1566.299316 599.988987 -70.889783 -9.142133 -0.041597 0.061410 -0.061918 0.995321
1566.399149 600.148232 -70.908115 -9.151177 -0.042747 0.062477 -0.062072 0.995197
1566.499787 600.288963 -70.925540 -9.160199 -0.042911 0.063529 -0.061941 0.995131
1566.599625 600.432515 -70.942733 -9.163448 -0.039604 0.066049 -0.062191 0.995089
1566.699464 600.593998 -70.962850 -9.170151 -0.037667 0.067198 -0.062701 0.995055
1566.799317 600.753044 -70.989376 -9.178937 -0.038011 0.065905 -0.062486 0.995142
1566.899159 600.909218 -71.014018 -9.191401 -0.039559 0.064273 -0.062740 0.995172
1566.999793 601.055987 -71.035443 -9.196638 -0.042189 0.062538 -0.062943 0.995162
1567.099626 601.201462 -71.054420 -9.200750 -0.042788 0.061162 -0.062560 0.995246
1567.199471 601.346586 -71.072312 -9.206988 -0.041370 0.061396 -0.062542 0.995293
1567.299308 601.483898 -71.092566 -9.213699 -0.041276 0.062845 -0.062564 0.995205
1567.399153 601.612338 -71.113194 -9.220821 -0.041722 0.063796 -0.062896 0.995105
1567.499806 601.738997 -71.133960 -9.230578 -0.042902 0.063567 -0.062868 0.995071
1567.599657 601.875097 -71.153677 -9.234219 -0.042682 0.063234 -0.062858 0.995102
1567.699497 602.012731 -71.169845 -9.238632 -0.042056 0.060128 -0.062660 0.995334
1567.799354 602.149094 -71.187028 -9.244599 -0.041569 0.057061 -0.062575 0.995540
1567.899188 602.293386 -71.210520 -9.253051 -0.041101 0.056335 -0.062677 0.995595
1567.999825 602.439254 -71.235014 -9.265629 -0.041274 0.056665 -0.062934 0.995553
1568.099661 602.588063 -71.255914 -9.269914 -0.042780 0.058690 -0.063240 0.995352
1568.199511 602.741609 -71.275806 -9.270740 -0.044257 0.060532 -0.063265 0.995176
1568.299362 602.873100 -71.296315 -9.274875 -0.042828 0.059739 -0.062628 0.995327
1568.399186 602.995645 -71.316738 -9.280607 -0.040625 0.059550 -0.062345 0.995448
1568.499824 603.133727 -71.339981 -9.287820 -0.042428 0.061385 -0.062654 0.995242
1568.599658 603.272359 -71.363240 -9.296525 -0.044629 0.062190 -0.063011 0.995073
1568.699493 603.410350 -71.379505 -9.307546 -0.044344 0.060744 -0.063134 0.995167
1568.799332 603.549440 -71.393825 -9.324983 -0.043773 0.060880 -0.063516 0.995160
1568.899180 603.688561 -71.413406 -9.332949 -0.041412 0.057577 -0.063302 0.995471
1568.999800 603.833669 -71.434687 -9.341404 -0.040401 0.055984 -0.062942 0.995626
1569.099654 603.982430 -71.456027 -9.347371 -0.038542 0.056430 -0.062702 0.995690
1569.199495 604.120699 -71.475797 -9.364708 -0.039300 0.058089 -0.062584 0.995572
1569.299340 604.250124 -71.494162 -9.382416 -0.044827 0.063061 -0.063097 0.995004
1569.399179 604.384225 -71.512297 -9.397617 -0.047257 0.064896 -0.063339 0.994758
1569.499813 604.506832 -71.528556 -9.413021 -0.045107 0.061268 -0.063466 0.995080
1569.599637 604.631788 -71.547519 -9.427371 -0.041922 0.057727 -0.063782 0.995410
1569.699468 604.761662 -71.567776 -9.442185 -0.040033 0.058555 -0.064044 0.995423
1569.799323 604.892423 -71.586285 -9.449621 -0.040187 0.061075 -0.064313 0.995248
1569.899156 605.019237 -71.600522 -9.456855 -0.041874 0.061603 -0.064282 0.995148
1569.999796 605.149333 -71.615384 -9.461920 -0.043151 0.060948 -0.064291 0.995133
1570.099629 605.280794 -71.636693 -9.463535 -0.044075 0.058467 -0.064169 0.995249
1570.199472 605.400858 -71.656585 -9.471928 -0.043522 0.057818 -0.064572 0.995286
1570.299318 605.523651 -71.672736 -9.484086 -0.042544 0.058906 -0.064836 0.995247
1570.399165 605.647665 -71.688442 -9.493906 -0.039960 0.060188 -0.064679 0.995288
1570.499812 605.777056 -71.704231 -9.497855 -0.039366 0.059653 -0.064596 0.995349
1570.599645 605.909417 -71.725515 -9.504721 -0.042424 0.058933 -0.065214 0.995226
1570.699483 606.040982 -71.748487 -9.505045 -0.044532 0.058312 -0.064752 0.995200
1570.799323 606.165603 -71.766588 -9.503877 -0.048413 0.057456 -0.064639 0.995076
1570.899163 606.290078 -71.784475 -9.509386 -0.049870 0.058816 -0.064379 0.994942
1570.999789 606.413894 -71.801462 -9.518993 -0.045857 0.062153 -0.064734 0.994909
1571.099621 606.531962 -71.814341 -9.529974 -0.040083 0.062585 -0.065358 0.995090
1571.199467 606.651682 -71.831276 -9.533912 -0.037385 0.061345 -0.065598 0.995257
1571.299313 606.764723 -71.848976 -9.534904 -0.038846 0.058723 -0.065445 0.995369
1571.399156 606.881653 -71.866358 -9.534567 -0.041447 0.057797 -0.065304 0.995328
1571.499801 607.003731 -71.882131 -9.538397 -0.042144 0.058811 -0.065457 0.995229
1571.599639 607.131385 -71.899837 -9.547522 -0.042779 0.061403 -0.065256 0.995058
1571.699468 607.250771 -71.920888 -9.556911 -0.044225 0.062846 -0.064669 0.994943
1571.799306 607.368950 -71.942374 -9.563056 -0.045612 0.063375 -0.064515 0.994857
1571.899145 607.489596 -71.956539 -9.562746 -0.043676 0.061815 -0.064771 0.995026
1571.999788 607.615067 -71.972388 -9.554101 -0.041533 0.061900 -0.065550 0.995061
1572.099630 607.740450 -71.990744 -9.566807 -0.040070 0.062871 -0.065936 0.995035
1572.199464 607.867469 -72.008682 -9.580196 -0.041287 0.064715 -0.065927 0.994867
1572.299309 607.994034 -72.027909 -9.586605 -0.042376 0.064938 -0.065711 0.994821
1572.399155 608.124397 -72.044626 -9.595612 -0.042225 0.063518 -0.065553 0.994930
1572.499806 608.258819 -72.063993 -9.599315 -0.042343 0.063642 -0.065122 0.994945
1572.599640 608.386564 -72.081123 -9.595780 -0.042177 0.063132 -0.065085 0.994987
1572.699483 608.513205 -72.097698 -9.598981 -0.042497 0.061006 -0.065207 0.995098
1572.799311 608.626084 -72.113299 -9.611129 -0.043014 0.060306 -0.065514 0.995098
1572.899132 608.741813 -72.126619 -9.621713 -0.042286 0.062506 -0.065711 0.994981
1572.999772 608.863925 -72.143634 -9.624382 -0.041595 0.065086 -0.065591 0.994852
1573.099612 608.983243 -72.165324 -9.629878 -0.041273 0.064437 -0.065397 0.994921
1573.199455 609.108741 -72.186066 -9.637223 -0.041789 0.062092 -0.065493 0.995042
1573.299305 609.235197 -72.202402 -9.633035 -0.040432 0.060862 -0.065532 0.995172
1573.399146 609.366193 -72.217658 -9.634302 -0.041345 0.061150 -0.065418 0.995124
1573.499786 609.498279 -72.236108 -9.644820 -0.039918 0.064697 -0.065179 0.994974
1573.599626 609.626187 -72.254074 -9.654068 -0.041228 0.067289 -0.064943 0.994764
1573.699458 609.750124 -72.271609 -9.660372 -0.043067 0.067503 -0.065037 0.994665
1573.799291 609.872264 -72.291200 -9.666088 -0.044581 0.066226 -0.065023 0.994685
1573.899140 609.992994 -72.306725 -9.667695 -0.044059 0.065067 -0.065272 0.994769
1573.999783 610.115248 -72.323619 -9.669746 -0.042895 0.064551 -0.065493 0.994839
1574.099612 610.244775 -72.345483 -9.674608 -0.042315 0.064367 -0.065897 0.994849
1574.199451 610.374307 -72.364305 -9.681993 -0.041123 0.064129 -0.066328 0.994885
1574.299294 610.506229 -72.381950 -9.690192 -0.042499 0.062795 -0.066722 0.994886
1574.399116 610.635746 -72.401650 -9.694529 -0.042641 0.062309 -0.066529 0.994924
1574.499749 610.773717 -72.424738 -9.697574 -0.043308 0.062482 -0.066138 0.994910
1574.599589 610.908694 -72.445843 -9.701500 -0.044104 0.063312 -0.066175 0.994820
1574.699429 611.036327 -72.461449 -9.708863 -0.044903 0.064091 -0.066154 0.994736
1574.799289 611.165402 -72.479669 -9.717682 -0.044673 0.064141 -0.066273 0.994735
1574.899128 611.294131 -72.499480 -9.722351 -0.044077 0.063168 -0.066103 0.994835
1574.999754 611.425417 -72.519908 -9.723211 -0.043712 0.062510 -0.065791 0.994914
1575.099602 611.555554 -72.538769 -9.725144 -0.043254 0.062890 -0.065822 0.994908
1575.199422 611.692390 -72.562546 -9.735166 -0.043802 0.064799 -0.065558 0.994779
1575.299262 611.826682 -72.582776 -9.753685 -0.044444 0.065881 -0.065523 0.994681
1575.399504 611.967206 -72.602416 -9.771962 -0.043968 0.066782 -0.065817 0.994623
1575.499349 612.098774 -72.620273 -9.792522 -0.042970 0.065900 -0.066081 0.994708
1575.599172 612.236304 -72.642102 -9.809311 -0.042882 0.065523 -0.066563 0.994705
1575.699808 612.370268 -72.661643 -9.826977 -0.042866 0.065042 -0.066930 0.994712
1575.799642 612.501645 -72.680675 -9.846409 -0.041158 0.064441 -0.067068 0.994814
1575.899474 612.640652 -72.700297 -9.867568 -0.041246 0.065106 -0.066695 0.994792
1575.999301 612.781023 -72.721603 -9.887130 -0.042706 0.066081 -0.066124 0.994705
1576.099138 612.915654 -72.742529 -9.906017 -0.044398 0.065962 -0.066182 0.994634
1576.199772 613.051002 -72.762178 -9.920718 -0.043335 0.067208 -0.066430 0.994581
1576.299618 613.178822 -72.783208 -9.933010 -0.042244 0.069086 -0.066424 0.994500
1576.399462 613.313142 -72.808077 -9.949694 -0.041711 0.070988 -0.066199 0.994404
1576.499306 613.455407 -72.828391 -9.966475 -0.041239 0.071590 -0.066202 0.994380
1576.599146 613.596848 -72.848469 -9.983388 -0.042323 0.068993 -0.065744 0.994548
1576.699780 613.749739 -72.871291 -9.996633 -0.044416 0.064749 -0.065531 0.994756
1576.799612 613.906169 -72.898306 -10.003891 -0.046840 0.059891 -0.065303 0.994965
1576.899475 614.060524 -72.921842 -10.015120 -0.045580 0.059991 -0.065448 0.995008
1576.999318 614.208618 -72.943819 -10.030618 -0.044119 0.066159 -0.066173 0.994634
1577.099173 614.353713 -72.965035 -10.046362 -0.042657 0.070045 -0.066576 0.994405
1577.199814 614.500284 -72.984181 -10.059696 -0.040946 0.068606 -0.066915 0.994555
1577.299641 614.639927 -73.005432 -10.073136 -0.040259 0.064597 -0.067070 0.994841
1577.399480 614.778569 -73.025619 -10.077576 -0.040778 0.061283 -0.067085 0.995028
1577.499317 614.918469 -73.044639 -10.082003 -0.041763 0.060498 -0.067156 0.995031
1577.599146 615.063170 -73.063245 -10.092280 -0.042811 0.061994 -0.067227 0.994889
1577.699788 615.213688 -73.086832 -10.107202 -0.042975 0.062718 -0.066724 0.994871
1577.799630 615.368758 -73.112856 -10.121737 -0.043436 0.061481 -0.066494 0.994943
1577.899481 615.516899 -73.133956 -10.125811 -0.043482 0.061174 -0.066993 0.994927
1577.999337 615.659715 -73.153033 -10.128189 -0.044383 0.063409 -0.067861 0.994688
1578.099172 615.805869 -73.173452 -10.138734 -0.042440 0.065212 -0.068359 0.994622
1578.199797 615.949998 -73.197491 -10.157767 -0.041138 0.066397 -0.068249 0.994606
1578.299631 616.087202 -73.220621 -10.173560 -0.041717 0.066511 -0.067936 0.994596
1578.399467 616.231648 -73.242614 -10.185402 -0.042609 0.065536 -0.067649 0.994642
1578.499302 616.386315 -73.264819 -10.195288 -0.044437 0.064262 -0.067384 0.994663
1578.599148 616.538910 -73.285090 -10.205397 -0.044217 0.062893 -0.067269 0.994768
1578.699797 616.687785 -73.307415 -10.221232 -0.043673 0.062219 -0.067514 0.994818
1578.799654 616.833250 -73.331113 -10.231332 -0.043109 0.060901 -0.067813 0.994904
1578.899508 616.968850 -73.352404 -10.241211 -0.041715 0.058348 -0.068185 0.995091
1578.999350 617.102286 -73.374283 -10.249952 -0.042280 0.056468 -0.068774 0.995135
1579.099187 617.238159 -73.396302 -10.259683 -0.042754 0.055448 -0.069049 0.995153
1579.199810 617.377003 -73.418509 -10.260706 -0.043379 0.054767 -0.068901 0.995174
1579.299658 617.529154 -73.440242 -10.259766 -0.044641 0.053577 -0.068300 0.995224
1579.399508 617.678523 -73.462901 -10.264291 -0.045531 0.051572 -0.067206 0.995365
1579.499354 617.808123 -73.476416 -10.271948 -0.043608 0.051700 -0.066431 0.995496
1579.599195 617.934191 -73.496266 -10.279274 -0.044974 0.055142 -0.066063 0.995275
1579.699835 618.068631 -73.521027 -10.284935 -0.048098 0.058235 -0.066471 0.994926
1579.799686 618.204985 -73.545731 -10.290205 -0.049066 0.058656 -0.066719 0.994837
1579.899528 618.341265 -73.570507 -10.292920 -0.046812 0.057011 -0.066806 0.995035
1579.999373 618.468804 -73.588875 -10.301726 -0.043731 0.056970 -0.067646 0.995121
1580.099223 618.599950 -73.603919 -10.307161 -0.042599 0.057483 -0.068559 0.995078
1580.199459 618.731361 -73.621786 -10.313346 -0.042551 0.055890 -0.069099 0.995134
1580.299307 618.864973 -73.643036 -10.319192 -0.042062 0.055910 -0.069279 0.995141
1580.399142 619.001623 -73.666693 -10.317933 -0.041638 0.056051 -0.068577 0.995199
1580.499784 619.129341 -73.688972 -10.316861 -0.046682 0.056515 -0.067480 0.995024
1580.599617 619.245369 -73.704682 -10.320047 -0.048926 0.057901 -0.066831 0.994881
1580.699458 619.360004 -73.721508 -10.324781 -0.050882 0.059454 -0.066241 0.994730
1580.799282 619.476252 -73.747434 -10.340265 -0.049662 0.062234 -0.066009 0.994637
1580.899118 619.602409 -73.765925 -10.345680 -0.044977 0.068498 -0.066747 0.994399
1580.999755 619.728504 -73.776411 -10.350816 -0.042545 0.071125 -0.067458 0.994274
1581.099603 619.858909 -73.789325 -10.352081 -0.041631 0.069038 -0.067655 0.994446
1581.199436 619.991597 -73.808651 -10.351545 -0.039825 0.065094 -0.067452 0.994800
1581.299281 620.125419 -73.829884 -10.352360 -0.041341 0.065814 -0.067686 0.994675
1581.399131 620.252221 -73.853426 -10.358995 -0.041243 0.066180 -0.067880 0.994641
1581.499779 620.379132 -73.867630 -10.376124 -0.041035 0.066095 -0.067938 0.994652
1581.599617 620.506273 -73.880018 -10.390290 -0.042347 0.065991 -0.067980 0.994601
1581.699446 620.628135 -73.890580 -10.398045 -0.043626 0.065114 -0.068193 0.994589
1581.799271 620.752332 -73.912505 -10.402963 -0.044665 0.064354 -0.067851 0.994615
1581.899496 620.879008 -73.937217 -10.403764 -0.044480 0.064740 -0.067692 0.994610
1581.999326 621.008327 -73.955673 -10.404751 -0.044533 0.066508 -0.067783 0.994484
1582.099160 621.140614 -73.976172 -10.410813 -0.046622 0.066987 -0.067353 0.994386
1582.199804 621.272578 -73.985041 -10.412628 -0.048719 0.066291 -0.067530 0.994320
1582.299657 621.402891 -73.995756 -10.418077 -0.049069 0.063805 -0.067468 0.994469
1582.399497 621.532929 -74.014795 -10.426798 -0.050328 0.061170 -0.067205 0.994590
1582.499333 621.676270 -74.036642 -10.434285 -0.051285 0.059581 -0.067152 0.994641
1582.599167 621.816229 -74.056056 -10.437342 -0.053702 0.059453 -0.066876 0.994540
1582.699806 621.958265 -74.074540 -10.441336 -0.058423 0.057996 -0.066556 0.994381
1582.799652 622.096196 -74.086177 -10.444888 -0.058570 0.059167 -0.066726 0.994292
1582.899484 622.229840 -74.083899 -10.455903 -0.054793 0.062822 -0.066651 0.994288
1582.999328 622.364231 -74.074187 -10.463539 -0.050745 0.066220 -0.067180 0.994247
1583.099168 622.492528 -74.077545 -10.465810 -0.048826 0.065856 -0.067087 0.994373
1583.199809 622.623070 -74.089110 -10.469446 -0.049360 0.066158 -0.066885 0.994340
1583.299648 622.753610 -74.095875 -10.478031 -0.048306 0.067595 -0.065798 0.994368
1583.399471 622.884581 -74.097882 -10.488349 -0.047729 0.067654 -0.065104 0.994438
1583.499318 623.022490 -74.096596 -10.499747 -0.048985 0.064694 -0.064495 0.994613
1583.599159 623.156037 -74.095284 -10.510142 -0.048701 0.061265 -0.064340 0.994854
1583.699809 623.290211 -74.093848 -10.515232 -0.049919 0.060716 -0.064881 0.994792
1583.799650 623.427602 -74.089428 -10.517537 -0.048730 0.061415 -0.065744 0.994752
1583.899491 623.567736 -74.097557 -10.529992 -0.044212 0.060717 -0.066239 0.994973
1583.999344 623.698413 -74.107383 -10.544227 -0.038518 0.061144 -0.068892 0.995003
1584.099176 623.832726 -74.111996 -10.553662 -0.035802 0.061004 -0.073455 0.994787
1584.199815 623.983436 -74.108366 -10.554454 -0.036692 0.060091 -0.078820 0.994399
1584.299646 624.128678 -74.114900 -10.559417 -0.034443 0.058432 -0.084982 0.994071
1584.399501 624.258230 -74.127453 -10.569172 -0.037604 0.055505 -0.090990 0.993592
1584.499335 624.389228 -74.138762 -10.579881 -0.043069 0.054986 -0.095221 0.993003
1584.599165 624.527569 -74.149149 -10.592094 -0.045634 0.055276 -0.095733 0.992823
1584.699794 624.659118 -74.160024 -10.592796 -0.045552 0.056965 -0.095453 0.992758
1584.799640 624.783871 -74.170256 -10.593301 -0.046869 0.057926 -0.095161 0.992669
1584.899478 624.909095 -74.182939 -10.598571 -0.046692 0.060075 -0.094825 0.992582
1584.999317 625.030945 -74.194935 -10.603266 -0.046501 0.063350 -0.094767 0.992393
1585.099153 625.158652 -74.202031 -10.605059 -0.044239 0.061707 -0.094864 0.992591
1585.199786 625.292072 -74.211042 -10.614552 -0.045687 0.057065 -0.094921 0.992797
1585.299626 625.427042 -74.221463 -10.627617 -0.047711 0.054436 -0.095079 0.992835
1585.399468 625.565279 -74.236130 -10.636214 -0.044043 0.053832 -0.094663 0.993077
1585.499315 625.691414 -74.249984 -10.642153 -0.043479 0.056907 -0.094645 0.992932
1585.599159 625.811168 -74.261618 -10.648541 -0.044498 0.058111 -0.094944 0.992788
1585.699788 625.931246 -74.273815 -10.651213 -0.045452 0.057691 -0.095064 0.992758
1585.799627 626.052545 -74.280642 -10.657469 -0.044340 0.057427 -0.095021 0.992828
1585.899481 626.184477 -74.291397 -10.667219 -0.043323 0.058137 -0.095078 0.992826
1585.999298 626.317219 -74.301414 -10.677463 -0.043058 0.058898 -0.095535 0.992749
1586.099136 626.437390 -74.315415 -10.682574 -0.043259 0.059437 -0.096187 0.992645
1586.199772 626.551068 -74.331099 -10.684736 -0.043643 0.057416 -0.095869 0.992778
1586.299613 626.663400 -74.343576 -10.692547 -0.044715 0.057406 -0.095764 0.992741
1586.399464 626.775539 -74.352049 -10.704918 -0.045884 0.057959 -0.095802 0.992652
1586.499313 626.885306 -74.362461 -10.721337 -0.044917 0.059229 -0.095886 0.992613
1586.599143 626.998718 -74.370474 -10.724950 -0.045504 0.058916 -0.096077 0.992586
1586.699785 627.123040 -74.385302 -10.718317 -0.043922 0.059881 -0.096409 0.992568
1586.799614 627.240976 -74.402849 -10.719095 -0.044845 0.061036 -0.096702 0.992428
1586.899466 627.358599 -74.420077 -10.728625 -0.046254 0.060901 -0.096576 0.992383
1586.999307 627.475484 -74.432843 -10.743066 -0.046517 0.061250 -0.096552 0.992352
1587.099144 627.594290 -74.445331 -10.752328 -0.045755 0.062383 -0.096696 0.992303
1587.199792 627.711222 -74.457917 -10.762329 -0.044697 0.062692 -0.096889 0.992313
1587.299625 627.831121 -74.477014 -10.765448 -0.044059 0.061718 -0.096937 0.992398
1587.399463 627.951698 -74.492517 -10.756744 -0.045444 0.061732 -0.097055 0.992323
1587.499307 628.068608 -74.508431 -10.751026 -0.045848 0.061423 -0.096154 0.992411
1587.599144 628.178499 -74.518224 -10.755306 -0.047911 0.060695 -0.093626 0.992600
1587.699802 628.292697 -74.535055 -10.774166 -0.048299 0.060993 -0.090252 0.992875
1587.799646 628.406104 -74.546399 -10.791959 -0.048955 0.061804 -0.086846 0.993097
1587.899499 628.525680 -74.556800 -10.805347 -0.050222 0.061574 -0.082785 0.993395
1587.999344 628.645739 -74.569377 -10.792465 -0.050703 0.061237 -0.078382 0.993748
1588.099196 628.764515 -74.584502 -10.782527 -0.047059 0.059888 -0.075730 0.994215
1588.199828 628.880322 -74.600157 -10.788108 -0.047001 0.058756 -0.074482 0.994380
1588.299669 628.992394 -74.613972 -10.810699 -0.048928 0.059366 -0.073004 0.994360
1588.399505 629.110510 -74.620679 -10.826970 -0.049951 0.061592 -0.070750 0.994337
1588.499337 629.219212 -74.619633 -10.832835 -0.046526 0.062701 -0.069912 0.994493
1588.599167 629.328354 -74.631120 -10.823969 -0.045977 0.062372 -0.070048 0.994530
1588.699808 629.445251 -74.652619 -10.824549 -0.044557 0.060513 -0.070172 0.994700
1588.799641 629.565449 -74.662586 -10.831840 -0.044468 0.060119 -0.070007 0.994740
1588.899462 629.677302 -74.673635 -10.837588 -0.044732 0.060005 -0.069598 0.994764
1588.999296 629.793470 -74.685206 -10.841428 -0.046253 0.060065 -0.070214 0.994647
1589.099119 629.908840 -74.697319 -10.848166 -0.044021 0.060269 -0.070606 0.994708
1589.199752 630.024347 -74.708195 -10.852013 -0.043907 0.060777 -0.070542 0.994687
1589.299584 630.136955 -74.724114 -10.865947 -0.044259 0.060180 -0.070188 0.994733
1589.399412 630.247300 -74.735046 -10.869916 -0.045534 0.061337 -0.070068 0.994613
1589.499257 630.354398 -74.746853 -10.884870 -0.045262 0.061903 -0.069655 0.994619
1589.599496 630.466929 -74.761388 -10.888827 -0.044391 0.063328 -0.070039 0.994542
1589.699337 630.585330 -74.772811 -10.890627 -0.042608 0.065520 -0.070832 0.994422
1589.799179 630.706411 -74.790497 -10.894886 -0.042447 0.066661 -0.070826 0.994353
1589.899822 630.831679 -74.808603 -10.897029 -0.041229 0.065826 -0.071178 0.994435
1589.999667 630.945124 -74.827161 -10.893969 -0.040854 0.065156 -0.070794 0.994522
1590.099490 631.056770 -74.841232 -10.897369 -0.040381 0.068231 -0.069493 0.994427
1590.199342 631.172211 -74.857000 -10.908400 -0.040220 0.067597 -0.067903 0.994586
1590.299193 631.285968 -74.873947 -10.915493 -0.039902 0.062963 -0.067243 0.994948
1590.399821 631.399070 -74.896810 -10.919261 -0.040012 0.057766 -0.067005 0.995275
1590.499669 631.516361 -74.919985 -10.921379 -0.039658 0.056976 -0.067482 0.995303
1590.599512 631.631384 -74.937178 -10.918132 -0.038978 0.056708 -0.067956 0.995313
1590.699347 631.751340 -74.962469 -10.920578 -0.037560 0.056743 -0.068107 0.995355
1590.799212 631.867106 -74.992839 -10.926072 -0.033603 0.058348 -0.068218 0.995396
1590.899450 631.978977 -75.021940 -10.934476 -0.032110 0.058484 -0.068318 0.995430
1590.999291 632.089430 -75.049291 -10.945595 -0.033610 0.057438 -0.068508 0.995429
1591.099123 632.197721 -75.079437 -10.954581 -0.036926 0.056119 -0.068111 0.995414
1591.199770 632.298137 -75.112244 -10.961684 -0.039104 0.054950 -0.067896 0.995410
1591.299603 632.388931 -75.151344 -10.961630 -0.036463 0.053306 -0.067683 0.995614
1591.399420 632.476027 -75.187829 -10.958017 -0.031721 0.049478 -0.067327 0.995998
1591.499264 632.565067 -75.221973 -10.960319 -0.029735 0.046219 -0.067170 0.996227
1591.599488 632.658750 -75.260539 -10.945033 -0.032091 0.045175 -0.066978 0.996215
1591.699335 632.760711 -75.300421 -10.952735 -0.038726 0.044398 -0.066818 0.996024
1591.799175 632.857738 -75.342813 -10.964519 -0.039042 0.045848 -0.066014 0.996000
1591.899815 632.959433 -75.390095 -10.964138 -0.034762 0.047932 -0.065427 0.996099
1591.999647 633.043507 -75.433666 -10.961108 -0.031175 0.049269 -0.065807 0.996128
1592.099487 633.118063 -75.480256 -10.956260 -0.031180 0.048631 -0.066169 0.996135
1592.199335 633.189196 -75.532049 -10.952619 -0.032999 0.046229 -0.065783 0.996216
1592.299161 633.267561 -75.587039 -10.956465 -0.035660 0.046246 -0.065502 0.996142
1592.399798 633.344063 -75.641542 -10.961245 -0.035851 0.048055 -0.065298 0.996063
1592.499642 633.415345 -75.695565 -10.965488 -0.037255 0.049097 -0.064993 0.995981
1592.599494 633.483415 -75.746530 -10.965122 -0.042193 0.049533 -0.063542 0.995856
1592.699335 633.553110 -75.797663 -10.958664 -0.048546 0.051130 -0.061410 0.995619
1592.799186 633.616155 -75.848528 -10.951380 -0.051127 0.054164 -0.059511 0.995445
1592.899834 633.678554 -75.899996 -10.945641 -0.048735 0.056714 -0.059136 0.995445
1592.999677 633.746513 -75.955574 -10.951196 -0.047986 0.060072 -0.059285 0.995276
1593.099511 633.816171 -76.008996 -10.961627 -0.046967 0.063364 -0.059525 0.995106
1593.199353 633.883181 -76.058232 -10.964724 -0.046872 0.066006 -0.059414 0.994945
1593.299195 633.948659 -76.104386 -10.963522 -0.046906 0.067326 -0.059047 0.994877
1593.399826 634.019230 -76.150893 -10.959593 -0.047513 0.068268 -0.058723 0.994803
1593.499678 634.092228 -76.201256 -10.959771 -0.049152 0.068203 -0.059054 0.994708
1593.599525 634.160896 -76.248356 -10.961211 -0.050010 0.067907 -0.059442 0.994663
1593.699359 634.233757 -76.293347 -10.960981 -0.051865 0.066847 -0.059606 0.994630
1593.799194 634.310038 -76.336442 -10.960363 -0.052330 0.065316 -0.059665 0.994704
1593.899839 634.379613 -76.377882 -10.956337 -0.054377 0.065834 -0.059886 0.994547
1593.999676 634.452413 -76.407784 -10.949974 -0.054023 0.067438 -0.060394 0.994428
1594.099512 634.526817 -76.448732 -10.952621 -0.052019 0.069285 -0.060563 0.994397
1594.199351 634.608776 -76.490280 -10.954006 -0.051138 0.071284 -0.060829 0.994285
1594.299204 634.696556 -76.524694 -10.961650 -0.053444 0.074254 -0.060782 0.993950
1594.399431 634.785405 -76.557042 -10.969843 -0.054964 0.076280 -0.060420 0.993735
1594.499254 634.881342 -76.588693 -10.971964 -0.054789 0.076393 -0.060205 0.993749
1594.599492 634.980196 -76.619386 -10.970208 -0.052754 0.075264 -0.059894 0.993964
1594.699335 635.080103 -76.645322 -10.970554 -0.052010 0.075248 -0.059876 0.994006
1594.799166 635.177545 -76.674357 -10.979501 -0.054203 0.074968 -0.059676 0.993922
1594.899801 635.277505 -76.698185 -10.983246 -0.056818 0.074935 -0.059833 0.993769
1594.999644 635.379653 -76.719701 -10.988760 -0.058689 0.074963 -0.060078 0.993643
1595.099489 635.484321 -76.739217 -10.997947 -0.059030 0.074242 -0.060188 0.993670
1595.199312 635.597374 -76.755402 -11.003736 -0.057274 0.074162 -0.060365 0.993769
1595.299161 635.711425 -76.774398 -11.013434 -0.058014 0.077822 -0.060544 0.993435
1595.399791 635.830346 -76.793033 -11.019496 -0.058829 0.081393 -0.060517 0.993102
1595.499618 635.947994 -76.811702 -11.027431 -0.062028 0.082914 -0.060733 0.992769
1595.599450 636.067548 -76.812929 -11.034034 -0.064547 0.082955 -0.061173 0.992577
1595.699295 636.193938 -76.809516 -11.035686 -0.063532 0.082885 -0.061319 0.992640
1595.799151 636.326073 -76.814978 -11.040557 -0.061167 0.083445 -0.061088 0.992756
1595.899806 636.464883 -76.826127 -11.044263 -0.059370 0.082824 -0.061348 0.992901
1595.999645 636.601903 -76.825383 -11.051554 -0.055728 0.081330 -0.061888 0.993202
1596.099479 636.742219 -76.811724 -11.051652 -0.051241 0.080695 -0.062222 0.993474
1596.199319 636.887891 -76.806768 -11.060737 -0.048305 0.079223 -0.061947 0.993757
1596.299161 637.037994 -76.809528 -11.070972 -0.046529 0.076802 -0.061386 0.994067
1596.399796 637.189524 -76.812942 -11.080735 -0.046619 0.073822 -0.060873 0.994320
1596.499635 637.336714 -76.806915 -11.086033 -0.045623 0.071080 -0.060951 0.994561
1596.599473 637.482423 -76.800796 -11.095408 -0.046128 0.066350 -0.060597 0.994886
1596.699297 637.628608 -76.794562 -11.104733 -0.045789 0.062137 -0.060829 0.995159
1596.799142 637.778329 -76.792634 -11.116655 -0.043988 0.059692 -0.061560 0.995345
1596.899784 637.932548 -76.796454 -11.134857 -0.044458 0.059120 -0.061870 0.995339
1596.999633 638.079345 -76.802695 -11.139039 -0.042267 0.058240 -0.063641 0.995375
1597.099473 638.228884 -76.808824 -11.138609 -0.043217 0.058524 -0.064631 0.995254
1597.199313 638.370186 -76.803303 -11.144925 -0.044897 0.060080 -0.064971 0.995065
1597.299165 638.516738 -76.802550 -11.158673 -0.045887 0.059414 -0.064539 0.995088
1597.399800 638.663176 -76.807449 -11.172145 -0.047655 0.057813 -0.063953 0.995136
1597.499624 638.798410 -76.812442 -11.179139 -0.048607 0.055003 -0.063744 0.995263
1597.599454 638.936693 -76.814176 -11.189044 -0.048194 0.052068 -0.063610 0.995450
1597.699289 639.076094 -76.816169 -11.202828 -0.047050 0.054736 -0.064661 0.995294
1597.799128 639.207698 -76.821204 -11.218079 -0.045739 0.057930 -0.065164 0.995141
1597.899759 639.342830 -76.815798 -11.233395 -0.048273 0.058150 -0.065642 0.994977
1597.999606 639.471561 -76.817067 -11.267961 -0.048056 0.059041 -0.065114 0.994970
1598.099449 639.603205 -76.818900 -11.299070 -0.045445 0.059954 -0.065275 0.995027
1598.199304 639.733778 -76.821258 -11.326934 -0.041595 0.058703 -0.065873 0.995231
1598.299148 639.859638 -76.831359 -11.359959 -0.036469 0.057066 -0.066889 0.995459
1598.399796 639.986565 -76.838887 -11.395720 -0.032866 0.058623 -0.067603 0.995446
1598.499634 640.116547 -76.837216 -11.437407 -0.036288 0.062439 -0.067939 0.995072
1598.599478 640.239409 -76.840535 -11.476969 -0.042179 0.066905 -0.067791 0.994560
1598.699317 640.368976 -76.843727 -11.510435 -0.045008 0.066718 -0.067452 0.994471
1598.799152 640.497346 -76.854785 -11.542648 -0.044962 0.064673 -0.066179 0.994694
1598.899782 640.621504 -76.869415 -11.578081 -0.046479 0.061505 -0.065374 0.994878
1598.999619 640.745632 -76.888663 -11.627238 -0.046482 0.059317 -0.065076 0.995031
1599.099443 640.869756 -76.897015 -11.672909 -0.045855 0.059245 -0.065313 0.995049
1599.199295 640.993204 -76.908566 -11.717830 -0.045925 0.063340 -0.065244 0.994798
1599.299130 641.121398 -76.917943 -11.756797 -0.045838 0.065575 -0.065386 0.994647
1599.399771 641.237163 -76.924891 -11.791077 -0.045713 0.064606 -0.065239 0.994726
1599.499628 641.350650 -76.935927 -11.813802 -0.046062 0.062508 -0.064536 0.994890
1599.599480 641.457246 -76.945868 -11.827887 -0.047399 0.062824 -0.064296 0.994823
1599.699326 641.568330 -76.954449 -11.844297 -0.046748 0.065062 -0.064350 0.994706
1599.799159 641.683901 -76.960960 -11.857854 -0.045192 0.067371 -0.064756 0.994598
1599.899802 641.803539 -76.970867 -11.872702 -0.044429 0.067142 -0.064729 0.994650
1599.999641 641.915486 -76.983021 -11.884086 -0.044244 0.066816 -0.064884 0.994670
1600.099478 642.030230 -76.987751 -11.895291 -0.043519 0.067863 -0.065035 0.994621
1600.199323 642.155356 -76.991821 -11.903925 -0.044249 0.069469 -0.065179 0.994469
1600.299156 642.284894 -77.002960 -11.904013 -0.044727 0.069295 -0.065122 0.994463
1600.399789 642.419398 -77.017404 -11.908944 -0.044467 0.068015 -0.065248 0.994555
1600.499640 642.546387 -77.028896 -11.917604 -0.044720 0.067206 -0.065376 0.994590
1600.599478 642.667852 -77.038309 -11.926272 -0.045615 0.065857 -0.065301 0.994645
1600.699313 642.794625 -77.046321 -11.932679 -0.045316 0.064053 -0.065157 0.994785
1600.799152 642.912315 -77.059136 -11.943171 -0.045727 0.061612 -0.064773 0.994946
1600.899782 643.033661 -77.071251 -11.946124 -0.046037 0.060328 -0.064546 0.995025
1600.999619 643.145413 -77.083598 -11.947176 -0.048058 0.059838 -0.064682 0.994950
1601.099467 643.259183 -77.091946 -11.947901 -0.046100 0.060367 -0.064678 0.995011
1601.199326 643.374338 -77.103716 -11.954901 -0.043096 0.060333 -0.064350 0.995169
1601.299169 643.491333 -77.111169 -11.961199 -0.040778 0.060005 -0.065668 0.995201
1601.399802 643.614794 -77.120699 -11.964421 -0.041434 0.058130 -0.067145 0.995186
1601.499630 643.734951 -77.129589 -11.970641 -0.041998 0.056437 -0.068142 0.995192
1601.599471 643.856195 -77.140720 -11.977719 -0.043428 0.056683 -0.070689 0.994939
1601.699318 643.970779 -77.161282 -11.982338 -0.044052 0.055096 -0.073329 0.994810
1601.799145 644.079472 -77.179123 -11.986903 -0.044483 0.054085 -0.075084 0.994715
1601.899774 644.186863 -77.188422 -11.991995 -0.043118 0.054920 -0.075337 0.994711
1601.999606 644.287838 -77.194792 -11.999306 -0.044909 0.056966 -0.075024 0.994540
1602.099443 644.394099 -77.198026 -12.008937 -0.047184 0.058181 -0.075015 0.994365
1602.199289 644.490761 -77.216420 -12.013392 -0.048012 0.058901 -0.074447 0.994325
1602.299131 644.585127 -77.242377 -12.012581 -0.047413 0.059874 -0.073889 0.994338
1602.399773 644.696952 -77.254873 -12.009188 -0.048680 0.061614 -0.071550 0.994341
1602.499625 644.804068 -77.261033 -12.017345 -0.048723 0.062390 -0.068136 0.994531
1602.599458 644.903178 -77.268543 -12.034030 -0.047343 0.060892 -0.064534 0.994930
1602.699302 645.002827 -77.275922 -12.033965 -0.047448 0.056163 -0.061740 0.995381
1602.799147 645.108456 -77.284325 -12.024441 -0.048214 0.054926 -0.059796 0.995532
1602.899795 645.207141 -77.296773 -12.015791 -0.048004 0.058442 -0.059081 0.995384
1602.999625 645.303716 -77.309114 -12.028332 -0.048767 0.060480 -0.059632 0.995192
1603.099462 645.408524 -77.327319 -12.052511 -0.046922 0.059312 -0.059754 0.995344
1603.199306 645.513708 -77.334885 -12.066490 -0.041560 0.057566 -0.059754 0.995685
1603.299136 645.613418 -77.338849 -12.067106 -0.041910 0.057308 -0.059272 0.995714
1603.399777 645.703739 -77.345241 -12.063627 -0.043484 0.057967 -0.058865 0.995632
1603.499620 645.795209 -77.355288 -12.068598 -0.043904 0.058285 -0.058906 0.995593
1603.599468 645.878506 -77.366256 -12.077371 -0.044127 0.057195 -0.059308 0.995622
1603.699314 645.969511 -77.376152 -12.075476 -0.044980 0.058248 -0.059329 0.995522
1603.799156 646.073742 -77.381656 -12.076015 -0.047879 0.057322 -0.059189 0.995449
1603.899798 646.177191 -77.383656 -12.090735 -0.047782 0.056717 -0.058743 0.995515
1603.999652 646.276227 -77.395833 -12.098496 -0.048262 0.058987 -0.058171 0.995393
1604.099499 646.370152 -77.416262 -12.099243 -0.047235 0.060652 -0.058300 0.995335
1604.199341 646.467107 -77.435778 -12.104575 -0.046167 0.062135 -0.059070 0.995248
1604.299198 646.557132 -77.439704 -12.111759 -0.044063 0.062627 -0.059770 0.995271
1604.399436 646.645099 -77.439414 -12.123377 -0.043863 0.061794 -0.060307 0.995299
1604.499261 646.726972 -77.441176 -12.121323 -0.044921 0.061650 -0.060324 0.995260
1604.599506 646.806349 -77.454637 -12.109074 -0.045135 0.061252 -0.059925 0.995299
1604.699344 646.887254 -77.466587 -12.107925 -0.046371 0.059605 -0.059821 0.995348
1604.799180 646.969740 -77.479958 -12.112184 -0.046435 0.058327 -0.059322 0.995451
1604.899825 647.054519 -77.489772 -12.126691 -0.047077 0.057476 -0.059261 0.995474
1604.999664 647.140738 -77.491715 -12.135210 -0.046718 0.057709 -0.059238 0.995479
1605.099508 647.223915 -77.499865 -12.135344 -0.046394 0.058091 -0.059070 0.995482
1605.199345 647.309163 -77.516635 -12.124740 -0.046860 0.057434 -0.058836 0.995512
1605.299183 647.386943 -77.533575 -12.117380 -0.048800 0.054877 -0.059193 0.995542
1605.399820 647.460946 -77.539576 -12.122558 -0.048751 0.054215 -0.059908 0.995538
1605.499666 647.543804 -77.543037 -12.141876 -0.048213 0.054945 -0.060156 0.995509
1605.599514 647.627582 -77.553302 -12.154884 -0.048731 0.055792 -0.059648 0.995467
1605.699363 647.709381 -77.567772 -12.158311 -0.050578 0.056753 -0.058924 0.995364
1605.799213 647.784816 -77.582765 -12.157650 -0.050314 0.059476 -0.058660 0.995234
1605.899463 647.860066 -77.582305 -12.151698 -0.046968 0.060884 -0.059029 0.995290
1605.999297 647.934017 -77.581703 -12.150067 -0.043624 0.058426 -0.059229 0.995578
1606.099141 648.004981 -77.589677 -12.146442 -0.041048 0.056584 -0.059200 0.995796
1606.199790 648.080310 -77.601010 -12.156036 -0.042228 0.057458 -0.059188 0.995697
1606.299639 648.151527 -77.616381 -12.170916 -0.043849 0.059402 -0.058675 0.995543
1606.399472 648.235687 -77.623833 -12.180220 -0.046450 0.061233 -0.058575 0.995320
1606.499306 648.325895 -77.634352 -12.181343 -0.046464 0.062248 -0.058439 0.995264
1606.599140 648.412625 -77.643385 -12.180126 -0.046762 0.062366 -0.058503 0.995239
1606.699776 648.491601 -77.651328 -12.182930 -0.046462 0.061696 -0.058540 0.995293
1606.799612 648.568552 -77.660371 -12.192066 -0.046066 0.062947 -0.058737 0.995221
1606.899446 648.643962 -77.674064 -12.200094 -0.045227 0.063896 -0.058560 0.995210
1606.999281 648.713079 -77.683317 -12.205277 -0.045661 0.064114 -0.058697 0.995168
1607.099123 648.778096 -77.692686 -12.203736 -0.046340 0.063878 -0.058556 0.995160
1607.199767 648.850402 -77.701560 -12.198981 -0.046668 0.062912 -0.058605 0.995203
1607.299616 648.926324 -77.707601 -12.204777 -0.046490 0.061632 -0.058597 0.995292
1607.399441 649.005237 -77.714368 -12.215329 -0.046792 0.061958 -0.058392 0.995270
1607.499297 649.084828 -77.723568 -12.218777 -0.047095 0.062997 -0.058428 0.995188
1607.599139 649.164654 -77.737660 -12.221698 -0.044397 0.060445 -0.058850 0.995446
1607.699770 649.239827 -77.749774 -12.220690 -0.042788 0.059279 -0.059895 0.995524
1607.799600 649.316878 -77.759007 -12.220513 -0.043631 0.060259 -0.060945 0.995365
1607.899446 649.396017 -77.769508 -12.229399 -0.044294 0.062147 -0.060969 0.995218
1607.999290 649.483631 -77.779430 -12.237485 -0.043396 0.064232 -0.060569 0.995149
1608.099124 649.571730 -77.794259 -12.247964 -0.043623 0.065654 -0.059786 0.995094
1608.199752 649.662612 -77.806417 -12.247988 -0.045261 0.064560 -0.058867 0.995147
1608.299587 649.748827 -77.813838 -12.252737 -0.050985 0.060302 -0.058523 0.995158
1608.399417 649.830703 -77.824517 -12.253381 -0.053611 0.058205 -0.057709 0.995192
1608.499259 649.916047 -77.835469 -12.251201 -0.051631 0.061669 -0.058047 0.995069
1608.599518 649.991919 -77.848723 -12.264336 -0.049801 0.067585 -0.058918 0.994726
1608.699375 650.063672 -77.859310 -12.282903 -0.046985 0.071925 -0.059594 0.994519
1608.799202 650.146697 -77.863262 -12.287202 -0.042664 0.068622 -0.060154 0.994913
1608.899450 650.237260 -77.878204 -12.271633 -0.040678 0.060145 -0.060075 0.995550
1608.999300 650.325130 -77.887109 -12.252910 -0.041156 0.055439 -0.060107 0.995801
1609.099133 650.408616 -77.896512 -12.259559 -0.041140 0.056221 -0.059634 0.995786
1609.199763 650.492673 -77.904323 -12.282070 -0.041249 0.058616 -0.058960 0.995684
1609.299607 650.576480 -77.920522 -12.305647 -0.044695 0.060352 -0.058075 0.995483
1609.399447 650.662496 -77.929132 -12.311557 -0.047504 0.062058 -0.057814 0.995264
1609.499286 650.745983 -77.936686 -12.295030 -0.048883 0.063539 -0.057652 0.995113
1609.599139 650.836902 -77.948376 -12.282812 -0.047718 0.062371 -0.057535 0.995250
1609.699788 650.927077 -77.965847 -12.289383 -0.046058 0.061983 -0.057488 0.995355
1609.799619 651.008787 -77.980699 -12.310955 -0.045945 0.063849 -0.057544 0.995239
1609.899458 651.085095 -77.995966 -12.323162 -0.046173 0.066234 -0.057482 0.995076
1609.999288 651.159931 -78.000693 -12.334286 -0.046926 0.067408 -0.057796 0.994944
1610.099137 651.233107 -78.009698 -12.346519 -0.046563 0.067715 -0.057847 0.994937
1610.199778 651.318164 -78.020469 -12.356506 -0.047271 0.065848 -0.057926 0.995025
1610.299616 651.407362 -78.032971 -12.369569 -0.046771 0.064503 -0.058106 0.995126
1610.399450 651.491387 -78.048120 -12.391754 -0.046246 0.064011 -0.058146 0.995180
1610.499294 651.577706 -78.062847 -12.412681 -0.045589 0.065241 -0.058292 0.995122
1610.599132 651.670700 -78.076310 -12.425096 -0.046198 0.065512 -0.058283 0.995076
1610.699777 651.769080 -78.087403 -12.435982 -0.046561 0.065596 -0.058134 0.995063
1610.799616 651.870810 -78.100346 -12.448880 -0.047115 0.065023 -0.058004 0.995082
1610.899475 651.965170 -78.114584 -12.460301 -0.046385 0.065373 -0.058134 0.995086
1610.999324 652.044982 -78.127179 -12.472186 -0.045907 0.066947 -0.057791 0.995023
1611.099169 652.133694 -78.137564 -12.479497 -0.046852 0.068703 -0.057539 0.994874
1611.199815 652.220498 -78.150395 -12.480398 -0.047831 0.069224 -0.057460 0.994796
1611.299652 652.302600 -78.167106 -12.480721 -0.046911 0.068802 -0.057346 0.994875
1611.399487 652.386464 -78.177111 -12.483276 -0.045190 0.067899 -0.058176 0.994969
1611.499330 652.477478 -78.179199 -12.487295 -0.043736 0.066410 -0.058383 0.995122
1611.599174 652.567976 -78.187153 -12.488484 -0.044097 0.066110 -0.058109 0.995142
1611.699821 652.673336 -78.206072 -12.494380 -0.046517 0.069155 -0.057879 0.994839
1611.799651 652.780421 -78.226672 -12.501603 -0.046982 0.072619 -0.057699 0.994580
1611.899500 652.881622 -78.238238 -12.511916 -0.045464 0.071638 -0.057993 0.994705
1611.999343 652.983213 -78.248858 -12.514268 -0.043218 0.068021 -0.058668 0.995019
1612.099193 653.082114 -78.262111 -12.512613 -0.043230 0.065044 -0.059301 0.995180
1612.199850 653.177278 -78.276654 -12.516162 -0.043860 0.064202 -0.059452 0.995198
1612.299680 653.274092 -78.286938 -12.525618 -0.044091 0.065349 -0.059203 0.995128
1612.399510 653.373102 -78.294339 -12.537412 -0.044412 0.065107 -0.058850 0.995151
1612.499344 653.468060 -78.309832 -12.545095 -0.044934 0.065591 -0.058748 0.995102
1612.599195 653.569617 -78.329412 -12.548699 -0.044818 0.065864 -0.058910 0.995079
1612.699822 653.679867 -78.346404 -12.545289 -0.045657 0.064700 -0.058857 0.995121
1612.799651 653.781542 -78.356689 -12.546266 -0.048264 0.062904 -0.058978 0.995106
1612.899486 653.886591 -78.372315 -12.552284 -0.049614 0.061807 -0.058797 0.995119
1612.999329 653.993795 -78.386930 -12.561250 -0.048756 0.061325 -0.059052 0.995176
1613.099184 654.103099 -78.398956 -12.571035 -0.047716 0.061655 -0.059186 0.995198
1613.199832 654.215911 -78.416875 -12.574606 -0.045259 0.061289 -0.059613 0.995310
1613.299652 654.320198 -78.426552 -12.579165 -0.045723 0.062450 -0.060448 0.995166
1613.399499 654.415207 -78.437895 -12.584287 -0.045183 0.064214 -0.060791 0.995058
1613.499349 654.506121 -78.447172 -12.589713 -0.045173 0.065950 -0.061651 0.994892
1613.599189 654.598119 -78.460074 -12.591192 -0.045669 0.068286 -0.061771 0.994704
1613.699825 654.698698 -78.477141 -12.594576 -0.045809 0.067688 -0.061249 0.994771
1613.799669 654.806041 -78.493338 -12.597987 -0.045262 0.067208 -0.060445 0.994877
1613.899504 654.906884 -78.505657 -12.607061 -0.046956 0.065765 -0.059681 0.994941
1613.999353 655.013537 -78.523466 -12.614276 -0.048366 0.066610 -0.058880 0.994865
1614.099176 655.124529 -78.542770 -12.617129 -0.049199 0.067353 -0.058860 0.994776
1614.199843 655.228263 -78.558520 -12.619996 -0.048329 0.068208 -0.058772 0.994765
1614.299685 655.338100 -78.574108 -12.625134 -0.046406 0.069043 -0.058507 0.994815
1614.399513 655.449671 -78.587640 -12.628663 -0.045652 0.067930 -0.058248 0.994942
1614.499355 655.553983 -78.603072 -12.629226 -0.045851 0.064884 -0.057862 0.995158
1614.599205 655.658154 -78.622050 -12.633430 -0.047196 0.063102 -0.057685 0.995220
1614.699437 655.764388 -78.637150 -12.647958 -0.047935 0.063300 -0.058258 0.995139
1614.799276 655.862603 -78.646137 -12.665885 -0.046655 0.063833 -0.058264 0.995165
1614.899524 655.962207 -78.652766 -12.674366 -0.046022 0.063958 -0.057826 0.995212
1614.999357 656.070066 -78.666675 -12.673488 -0.047315 0.062403 -0.057537 0.995267
1615.099204 656.179487 -78.688247 -12.672994 -0.048772 0.060905 -0.057630 0.995284
1615.199439 656.293190 -78.707013 -12.673400 -0.050486 0.062271 -0.058162 0.995083
1615.299277 656.406726 -78.722246 -12.682165 -0.048625 0.062986 -0.058660 0.995102
1615.399119 656.512410 -78.733998 -12.699329 -0.044905 0.062835 -0.059404 0.995242
1615.499760 656.613596 -78.749700 -12.708704 -0.040090 0.062656 -0.059459 0.995456
1615.599598 656.718217 -78.766149 -12.712671 -0.042316 0.063729 -0.058691 0.995341
1615.699437 656.820257 -78.777789 -12.718520 -0.046122 0.062649 -0.058005 0.995280
1615.799271 656.925705 -78.785509 -12.719913 -0.049396 0.060076 -0.057568 0.995307
1615.899513 657.031916 -78.794518 -12.713577 -0.051191 0.058042 -0.057390 0.995348
1615.999365 657.135492 -78.807208 -12.711213 -0.051574 0.060625 -0.057982 0.995140
1616.099200 657.238296 -78.817454 -12.712774 -0.047793 0.061614 -0.058358 0.995246
1616.199433 657.335763 -78.835076 -12.731375 -0.042592 0.061027 -0.058142 0.995531
1616.299273 657.436088 -78.848460 -12.749415 -0.041833 0.064717 -0.058659 0.995299
1616.399515 657.529950 -78.861752 -12.748302 -0.041986 0.064704 -0.058637 0.995295
1616.499364 657.623621 -78.869707 -12.741613 -0.043142 0.063151 -0.058877 0.995331
1616.599217 657.720545 -78.883228 -12.744460 -0.045433 0.062560 -0.058474 0.995290
1616.699446 657.818384 -78.902579 -12.751797 -0.046175 0.064408 -0.058085 0.995161
1616.799293 657.919530 -78.914587 -12.763739 -0.046842 0.065408 -0.057950 0.995073
1616.899145 658.027336 -78.923945 -12.764272 -0.047692 0.066526 -0.058088 0.994950
1616.999779 658.134730 -78.933955 -12.763764 -0.047565 0.066650 -0.058587 0.994919
1617.099619 658.239464 -78.951257 -12.777559 -0.048658 0.065789 -0.059177 0.994888
1617.199467 658.339232 -78.961464 -12.779596 -0.047372 0.064547 -0.059385 0.995019
1617.299314 658.433261 -78.974267 -12.780937 -0.043634 0.063068 -0.058487 0.995338
1617.399148 658.530641 -78.986237 -12.787989 -0.043624 0.062999 -0.058394 0.995348
1617.499792 658.628330 -78.996430 -12.803649 -0.048688 0.062398 -0.057991 0.995175
1617.599619 658.719792 -79.011909 -12.810716 -0.048695 0.059690 -0.057489 0.995370
1617.699458 658.813124 -79.032414 -12.800355 -0.046675 0.058244 -0.056954 0.995583
1617.799284 658.913944 -79.043174 -12.800720 -0.045353 0.061220 -0.057128 0.995456
1617.899100 659.010888 -79.050297 -12.813699 -0.045710 0.062932 -0.056979 0.995341
1617.999738 659.102655 -79.059204 -12.823388 -0.047510 0.063933 -0.057458 0.995165
1618.099568 659.185278 -79.070052 -12.826813 -0.047982 0.063311 -0.057651 0.995171
1618.199408 659.265183 -79.086930 -12.828126 -0.047825 0.062510 -0.057595 0.995233
1618.299242 659.356785 -79.100424 -12.822369 -0.045933 0.062266 -0.058059 0.995310
1618.399486 659.441550 -79.109911 -12.827643 -0.045946 0.062240 -0.058070 0.995311
1618.499346 659.522636 -79.125694 -12.823260 -0.046609 0.062010 -0.058007 0.995298
1618.599176 659.610530 -79.131980 -12.824543 -0.047264 0.062289 -0.058134 0.995242
1618.699811 659.703411 -79.136757 -12.832687 -0.047766 0.063439 -0.057730 0.995169
1618.799639 659.801039 -79.145606 -12.844055 -0.049392 0.065765 -0.057881 0.994930
1618.899502 659.899462 -79.165478 -12.854285 -0.046123 0.068088 -0.057863 0.994931
1618.999347 659.998714 -79.184104 -12.859046 -0.042313 0.070691 -0.058029 0.994910
1619.099189 660.093828 -79.195730 -12.863489 -0.041399 0.072157 -0.058378 0.994822
1619.199827 660.186752 -79.204238 -12.862503 -0.043098 0.073385 -0.058562 0.994650
1619.299665 660.282604 -79.212914 -12.864405 -0.045186 0.073782 -0.058529 0.994529
1619.399506 660.373029 -79.224119 -12.871474 -0.046331 0.072265 -0.058552 0.994587
1619.499344 660.453971 -79.234429 -12.880112 -0.045115 0.071427 -0.058591 0.994701
1619.599171 660.538028 -79.241321 -12.893240 -0.044068 0.071597 -0.058672 0.994731
1619.699819 660.629206 -79.252742 -12.896200 -0.044613 0.071881 -0.058870 0.994674
1619.799648 660.728143 -79.264382 -12.892329 -0.045540 0.071743 -0.058756 0.994649
1619.899478 660.835880 -79.272594 -12.894352 -0.044970 0.072121 -0.058460 0.994665
1619.999317 660.937312 -79.291708 -12.899848 -0.045961 0.071649 -0.057832 0.994691
1620.099154 661.044225 -79.315634 -12.901264 -0.046421 0.070091 -0.057682 0.994789
1620.199783 661.151242 -79.334231 -12.905541 -0.046553 0.070503 -0.058076 0.994731
1620.299614 661.252372 -79.342818 -12.913042 -0.046451 0.071667 -0.058622 0.994620
1620.399453 661.351703 -79.351534 -12.917616 -0.045452 0.071133 -0.058436 0.994716
1620.499293 661.454885 -79.367916 -12.921631 -0.044740 0.070301 -0.058280 0.994816
1620.599141 661.567676 -79.388858 -12.923825 -0.045808 0.069421 -0.058445 0.994820
1620.699775 661.676502 -79.401053 -12.917601 -0.045418 0.067907 -0.058749 0.994924
1620.799620 661.775901 -79.407026 -12.921286 -0.044267 0.065730 -0.059690 0.995066
1620.899454 661.883842 -79.422657 -12.934275 -0.043332 0.063965 -0.061861 0.995090
1620.999282 662.001462 -79.444127 -12.941986 -0.041913 0.064605 -0.064549 0.994939
1621.099116 662.129036 -79.468760 -12.947911 -0.040330 0.066390 -0.067569 0.994686
1621.199747 662.249033 -79.492073 -12.952320 -0.040720 0.066707 -0.070366 0.994455
1621.299583 662.360432 -79.513237 -12.959983 -0.042745 0.065864 -0.072718 0.994257
1621.399427 662.476903 -79.526299 -12.962422 -0.044079 0.064464 -0.074294 0.994174
1621.499261 662.584010 -79.539759 -12.963750 -0.043629 0.063194 -0.075659 0.994172
1621.599495 662.683243 -79.554962 -12.966137 -0.042770 0.061629 -0.077620 0.994157
1621.699320 662.775417 -79.569080 -12.975714 -0.045583 0.062347 -0.079271 0.993857
1621.799151 662.862532 -79.586076 -12.986783 -0.046980 0.064230 -0.079094 0.993686
1621.899771 662.962702 -79.604623 -12.999830 -0.046659 0.064457 -0.078722 0.993716
1621.999611 663.063640 -79.614873 -13.003118 -0.045433 0.064218 -0.078736 0.993787
1622.099443 663.161880 -79.634691 -12.999782 -0.046128 0.065799 -0.078560 0.993665
1622.199290 663.264400 -79.658194 -12.998803 -0.045508 0.066711 -0.078971 0.993601
1622.299121 663.387089 -79.678567 -13.007993 -0.044567 0.067222 -0.079475 0.993569
1622.399759 663.513325 -79.697522 -13.010568 -0.043810 0.067213 -0.079295 0.993617
1622.499603 663.634694 -79.718796 -13.006146 -0.043763 0.065845 -0.078980 0.993736
1622.599425 663.750040 -79.736462 -13.007888 -0.044807 0.065079 -0.079139 0.993727
1622.699248 663.859955 -79.745946 -13.022567 -0.044919 0.064914 -0.079481 0.993706
1622.799485 663.967193 -79.769149 -13.034991 -0.044599 0.065843 -0.079697 0.993642
1622.899327 664.077870 -79.791150 -13.043182 -0.045650 0.068431 -0.079651 0.993423
1622.999176 664.187717 -79.808214 -13.050566 -0.046464 0.069295 -0.078907 0.993385
1623.099817 664.290087 -79.827987 -13.047526 -0.047221 0.067757 -0.078986 0.993449
1623.199666 664.396891 -79.847222 -13.045099 -0.046673 0.068185 -0.079349 0.993416
1623.299501 664.505149 -79.862606 -13.045571 -0.045673 0.068529 -0.079982 0.993388
1623.399339 664.612482 -79.883587 -13.054303 -0.044557 0.068197 -0.080126 0.993450
1623.499182 664.713058 -79.901804 -13.059954 -0.045706 0.068429 -0.079937 0.993397
1623.599811 664.825037 -79.924581 -13.067270 -0.047105 0.068711 -0.079235 0.993369
1623.699653 664.942175 -79.945043 -13.065334 -0.047468 0.068219 -0.079435 0.993370
1623.799484 665.053270 -79.967948 -13.069224 -0.045161 0.067028 -0.079400 0.993561
1623.899320 665.162930 -79.991040 -13.076651 -0.044668 0.067580 -0.079211 0.993561
1623.999158 665.269401 -80.001607 -13.090050 -0.045717 0.068639 -0.079392 0.993426
1624.099793 665.380876 -80.012532 -13.093770 -0.050353 0.067359 -0.079219 0.993303
1624.199648 665.493080 -80.040322 -13.096670 -0.051018 0.068311 -0.078631 0.993251
1624.299491 665.601386 -80.060591 -13.096040 -0.049259 0.068110 -0.079237 0.993306
1624.399329 665.708863 -80.082213 -13.099715 -0.043518 0.067088 -0.079496 0.993623
1624.499169 665.823091 -80.105600 -13.104870 -0.040620 0.066956 -0.079849 0.993726
1624.599798 665.939950 -80.123049 -13.110093 -0.041690 0.067329 -0.080335 0.993617
1624.699633 666.059937 -80.138775 -13.113741 -0.044414 0.067215 -0.080257 0.993513
1624.799482 666.180144 -80.145213 -13.113214 -0.046834 0.065245 -0.080702 0.993497
1624.899307 666.290721 -80.168439 -13.115000 -0.048729 0.065768 -0.080007 0.993428
1624.999155 666.401611 -80.193713 -13.128883 -0.049453 0.068092 -0.077815 0.993410
1625.099794 666.513790 -80.210582 -13.131400 -0.051645 0.068729 -0.073504 0.993583
1625.199646 666.619796 -80.220133 -13.138705 -0.047738 0.069819 -0.069739 0.993973
1625.299500 666.730131 -80.241376 -13.144444 -0.045055 0.067406 -0.068081 0.994380
1625.399319 666.854589 -80.266903 -13.144894 -0.045954 0.063842 -0.067650 0.994603
1625.499168 666.984187 -80.282932 -13.143396 -0.049866 0.063924 -0.068585 0.994346
1625.599807 667.105439 -80.296642 -13.149412 -0.050356 0.068655 -0.069434 0.993946
1625.699643 667.223717 -80.317592 -13.162293 -0.048223 0.073490 -0.069387 0.993710
1625.799496 667.346354 -80.334793 -13.163712 -0.045819 0.076313 -0.069323 0.993615
1625.899344 667.459815 -80.349355 -13.160131 -0.043603 0.074564 -0.069626 0.993827
1625.999187 667.574686 -80.370150 -13.166842 -0.042776 0.070905 -0.070129 0.994095
1626.099830 667.692804 -80.387697 -13.178023 -0.043195 0.069080 -0.069863 0.994224
1626.199664 667.808129 -80.405060 -13.185647 -0.044994 0.068808 -0.067904 0.994299
1626.299507 667.934711 -80.421191 -13.194546 -0.045787 0.069158 -0.066655 0.994323
1626.399345 668.053091 -80.437523 -13.198920 -0.045406 0.069358 -0.066529 0.994335
1626.499184 668.172057 -80.456707 -13.199061 -0.046517 0.069704 -0.066605 0.994254
1626.599825 668.291597 -80.479004 -13.203847 -0.045564 0.070205 -0.066754 0.994253
1626.699677 668.403835 -80.503446 -13.217882 -0.045037 0.071732 -0.066670 0.994174
1626.799527 668.513815 -80.521596 -13.223540 -0.044903 0.073550 -0.066926 0.994030
1626.899355 668.634186 -80.536189 -13.221709 -0.044879 0.074602 -0.067133 0.993938
1626.999182 668.758502 -80.553370 -13.224142 -0.044835 0.074547 -0.067032 0.993951
1627.099822 668.875615 -80.566626 -13.232226 -0.045464 0.074058 -0.067174 0.993950
1627.199668 668.986265 -80.585974 -13.235058 -0.046373 0.072332 -0.067072 0.994042
1627.299503 669.105736 -80.612494 -13.238741 -0.046217 0.071039 -0.067115 0.994139
1627.399334 669.224834 -80.635528 -13.257551 -0.045071 0.070626 -0.066822 0.994241
1627.499176 669.351255 -80.648594 -13.266148 -0.046673 0.069003 -0.066668 0.994292
1627.599809 669.482178 -80.662297 -13.267291 -0.049620 0.066804 -0.066331 0.994322
1627.699645 669.606257 -80.674953 -13.270696 -0.050580 0.069152 -0.066405 0.994108
1627.799490 669.729202 -80.692817 -13.276125 -0.046830 0.072346 -0.066850 0.994034
1627.899345 669.865356 -80.719173 -13.279098 -0.043565 0.072910 -0.067589 0.994092
1627.999195 669.992501 -80.741405 -13.278488 -0.040767 0.069622 -0.068182 0.994405
1628.099833 670.114976 -80.758064 -13.277562 -0.041547 0.067088 -0.068478 0.994527
1628.199676 670.232309 -80.775273 -13.282576 -0.043352 0.066956 -0.068034 0.994489
1628.299528 670.361737 -80.793070 -13.293627 -0.045699 0.065478 -0.067269 0.994535
1628.399362 670.493951 -80.810023 -13.303497 -0.048881 0.060828 -0.066556 0.994727
1628.499202 670.618499 -80.828086 -13.302131 -0.049640 0.058421 -0.066280 0.994852
1628.599441 670.732813 -80.845294 -13.302878 -0.048989 0.058745 -0.065949 0.994887
1628.699272 670.840386 -80.862587 -13.313880 -0.049266 0.058238 -0.064589 0.994992
1628.799503 670.940421 -80.880320 -13.329235 -0.049098 0.057022 -0.064195 0.995096
1628.899347 671.045355 -80.902739 -13.335575 -0.046789 0.061239 -0.064227 0.994955
1628.999184 671.151442 -80.922392 -13.334170 -0.044543 0.065289 -0.064146 0.994806
1629.099818 671.267166 -80.935133 -13.341689 -0.043931 0.066337 -0.064409 0.994747
1629.199676 671.383512 -80.946911 -13.348660 -0.045253 0.065680 -0.064243 0.994742
1629.299510 671.497240 -80.958853 -13.356083 -0.045810 0.064949 -0.064496 0.994748
1629.399339 671.600250 -80.972545 -13.355138 -0.045932 0.064896 -0.064441 0.994749
1629.499180 671.705040 -80.987323 -13.359755 -0.044926 0.066108 -0.064552 0.994708
1629.599827 671.815002 -81.004311 -13.375559 -0.044850 0.067691 -0.064900 0.994583
1629.699668 671.923513 -81.015607 -13.386633 -0.045082 0.068798 -0.065013 0.994489
1629.799521 672.030769 -81.035502 -13.399823 -0.045732 0.068012 -0.064680 0.994535
1629.899360 672.137664 -81.058545 -13.426892 -0.046153 0.065501 -0.064594 0.994689
1629.999197 672.247547 -81.076754 -13.458390 -0.045538 0.065072 -0.064898 0.994726
1630.099824 672.357073 -81.093222 -13.482774 -0.045258 0.066817 -0.064834 0.994627
1630.199675 672.466635 -81.113256 -13.515466 -0.044603 0.068170 -0.065001 0.994554
1630.299526 672.570769 -81.126454 -13.545425 -0.045685 0.069232 -0.065044 0.994429
1630.399374 672.666397 -81.140635 -13.568353 -0.045950 0.069383 -0.064743 0.994426
1630.499211 672.768763 -81.161463 -13.593313 -0.047239 0.067604 -0.064156 0.994526
1630.599446 672.860745 -81.179622 -13.626928 -0.047605 0.064910 -0.063910 0.994704
1630.699295 672.947762 -81.200587 -13.660168 -0.045017 0.065646 -0.064018 0.994769
1630.799117 673.045552 -81.216151 -13.682834 -0.044836 0.068801 -0.064159 0.994555
1630.899746 673.154990 -81.221411 -13.696670 -0.044887 0.072161 -0.064465 0.994295
1630.999587 673.261503 -81.232168 -13.708103 -0.045095 0.073968 -0.064318 0.994162
1631.099433 673.364888 -81.249786 -13.719906 -0.045365 0.074196 -0.063850 0.994163
1631.199284 673.469790 -81.269585 -13.740669 -0.045112 0.074061 -0.063715 0.994193
1631.299121 673.578254 -81.284684 -13.756465 -0.044621 0.073034 -0.063669 0.994294
1631.399755 673.682962 -81.299060 -13.774480 -0.045299 0.073714 -0.063617 0.994217
1631.499587 673.787640 -81.320153 -13.792463 -0.045367 0.075737 -0.063470 0.994071
1631.599441 673.901485 -81.341930 -13.808722 -0.045856 0.075670 -0.063701 0.994039
1631.699291 674.025237 -81.350512 -13.825907 -0.045320 0.074058 -0.064442 0.994137
1631.799134 674.144394 -81.365668 -13.830214 -0.043899 0.073276 -0.064561 0.994251
1631.899791 674.257499 -81.380261 -13.835347 -0.043609 0.073429 -0.064539 0.994254
1631.999636 674.364766 -81.395908 -13.857325 -0.044997 0.074251 -0.064653 0.994124
1632.099489 674.471753 -81.416589 -13.897860 -0.045895 0.074456 -0.064531 0.994075
1632.199325 674.590368 -81.435943 -13.918770 -0.044646 0.074932 -0.064732 0.994083
1632.299173 674.720401 -81.457475 -13.931225 -0.044474 0.073570 -0.064675 0.994196
1632.399806 674.839037 -81.474750 -13.948954 -0.044207 0.071155 -0.064488 0.994396
1632.499629 674.943995 -81.493657 -13.972271 -0.043742 0.068903 -0.064423 0.994580
1632.599474 675.057752 -81.510841 -13.994245 -0.044402 0.069040 -0.064590 0.994530
1632.699315 675.180757 -81.522071 -14.019964 -0.047143 0.071480 -0.064891 0.994212
1632.799148 675.297553 -81.536744 -14.046842 -0.046478 0.072019 -0.065113 0.994190
1632.899772 675.413995 -81.556405 -14.063075 -0.042310 0.070961 -0.065285 0.994441
1632.999612 675.525868 -81.576315 -14.090673 -0.041053 0.070621 -0.065657 0.994493
1633.099464 675.635593 -81.595279 -14.120691 -0.041009 0.070219 -0.065423 0.994539
1633.199300 675.744775 -81.612302 -14.138687 -0.044694 0.069919 -0.064634 0.994453
1633.299124 675.881240 -81.629485 -14.157601 -0.048040 0.069938 -0.064057 0.994333
1633.399771 676.018887 -81.649189 -14.175744 -0.048879 0.069161 -0.063773 0.994364
1633.499609 676.138588 -81.670829 -14.180478 -0.047549 0.067965 -0.064064 0.994493
1633.599448 676.261401 -81.688971 -14.192445 -0.046771 0.066771 -0.064464 0.994585
1633.699292 676.381163 -81.704134 -14.206140 -0.045783 0.067026 -0.064775 0.994593
1633.799125 676.494341 -81.716318 -14.213976 -0.043337 0.067695 -0.064749 0.994659
1633.899768 676.612083 -81.731851 -14.220911 -0.043506 0.068468 -0.064345 0.994625
1633.999605 676.725883 -81.749674 -14.221612 -0.043699 0.068004 -0.063932 0.994675
1634.099452 676.850895 -81.770841 -14.228448 -0.045699 0.068003 -0.063636 0.994604
1634.199288 676.978834 -81.796472 -14.237531 -0.047257 0.066153 -0.063601 0.994658
1634.299119 677.112149 -81.813365 -14.241251 -0.048120 0.062698 -0.063570 0.994843
1634.399761 677.245101 -81.823457 -14.242228 -0.048088 0.062083 -0.063906 0.994861
1634.499608 677.366345 -81.840722 -14.243241 -0.044489 0.062668 -0.064365 0.994963
1634.599451 677.479288 -81.863919 -14.249246 -0.043290 0.063643 -0.065118 0.994905
1634.699285 677.593051 -81.881096 -14.261357 -0.046686 0.066263 -0.065599 0.994548
1634.799115 677.701108 -81.892518 -14.271997 -0.046030 0.068208 -0.065517 0.994453
1634.899753 677.816955 -81.910012 -14.272766 -0.046218 0.068056 -0.065185 0.994476
1634.999602 677.930118 -81.933276 -14.265630 -0.045242 0.067939 -0.064793 0.994555
1635.099432 678.035433 -81.952313 -14.275308 -0.044654 0.068846 -0.064581 0.994533
1635.199270 678.148751 -81.969146 -14.292228 -0.045348 0.069047 -0.064436 0.994497
1635.299492 678.270680 -81.992988 -14.308919 -0.044363 0.069961 -0.063777 0.994520
1635.399335 678.399911 -82.010813 -14.314142 -0.045668 0.071782 -0.063272 0.994363
1635.499180 678.524764 -82.026183 -14.311437 -0.047899 0.072786 -0.062238 0.994251
1635.599817 678.644092 -82.042780 -14.314121 -0.050114 0.073041 -0.061262 0.994183
1635.699668 678.760297 -82.057068 -14.326368 -0.051196 0.074779 -0.061479 0.993986
1635.799510 678.870808 -82.074303 -14.329753 -0.047358 0.075026 -0.062279 0.994107
1635.899352 678.985948 -82.095784 -14.338280 -0.041483 0.071397 -0.062790 0.994605
1635.999185 679.115952 -82.113334 -14.343641 -0.039648 0.069810 -0.063381 0.994755
1636.099810 679.251931 -82.127265 -14.353897 -0.042156 0.066926 -0.063209 0.994861
1636.199652 679.373979 -82.143810 -14.360482 -0.045475 0.067156 -0.062733 0.994729
1636.299481 679.495854 -82.160370 -14.361278 -0.045526 0.067333 -0.062572 0.994725
1636.399312 679.612444 -82.178255 -14.364354 -0.045244 0.067524 -0.062408 0.994735
1636.499169 679.722433 -82.193712 -14.367615 -0.043994 0.066435 -0.062263 0.994874
1636.599793 679.834595 -82.205327 -14.366939 -0.045149 0.068526 -0.062908 0.994640
1636.699643 679.951414 -82.222935 -14.372002 -0.044719 0.070149 -0.063260 0.994524
1636.799484 680.070862 -82.244427 -14.385216 -0.041541 0.070113 -0.063885 0.994624
1636.899334 680.200417 -82.264472 -14.399136 -0.040675 0.070072 -0.064078 0.994650
1636.999176 680.325334 -82.283191 -14.400357 -0.044324 0.070044 -0.063255 0.994549
1637.099818 680.446171 -82.298556 -14.396845 -0.047341 0.069207 -0.062728 0.994502
1637.199656 680.564011 -82.317856 -14.398233 -0.047492 0.067120 -0.061999 0.994684
1637.299506 680.681707 -82.337944 -14.402205 -0.046281 0.065610 -0.061230 0.994889
1637.399347 680.809143 -82.355185 -14.409660 -0.046033 0.063842 -0.060591 0.995055
1637.499192 680.939027 -82.373014 -14.418427 -0.048289 0.065689 -0.060488 0.994834
1637.599838 681.065445 -82.387967 -14.430915 -0.051454 0.069856 -0.060188 0.994409
1637.699680 681.189311 -82.403077 -14.437745 -0.052801 0.071314 -0.059473 0.994278
1637.799523 681.310436 -82.417205 -14.445023 -0.050797 0.069591 -0.059665 0.994493
1637.899375 681.435161 -82.430088 -14.451304 -0.043727 0.067824 -0.060896 0.994877
1637.999199 681.551200 -82.443206 -14.459097 -0.036041 0.065177 -0.062296 0.995275
1638.099439 681.674866 -82.458668 -14.462453 -0.036936 0.065349 -0.062842 0.995197
1638.199278 681.797577 -82.475401 -14.466315 -0.040513 0.069496 -0.062579 0.994793
1638.299123 681.913403 -82.485415 -14.470266 -0.043106 0.071752 -0.062405 0.994535
1638.399756 682.032162 -82.491197 -14.477285 -0.042766 0.071158 -0.062516 0.994585
1638.499608 682.149453 -82.510165 -14.482676 -0.043205 0.070314 -0.062477 0.994629
1638.599446 682.263093 -82.536628 -14.488321 -0.042899 0.069882 -0.062423 0.994676
1638.699279 682.382803 -82.558052 -14.497325 -0.043999 0.069495 -0.062407 0.994656
1638.799128 682.506697 -82.575918 -14.499584 -0.044115 0.069096 -0.062158 0.994694
1638.899760 682.632955 -82.589647 -14.506540 -0.045996 0.066980 -0.062451 0.994735
1638.999610 682.747379 -82.599798 -14.510138 -0.046761 0.065381 -0.062557 0.994799
1639.099459 682.858682 -82.608020 -14.517043 -0.045415 0.064429 -0.062651 0.994918
1639.199310 682.967473 -82.623626 -14.521631 -0.043849 0.067464 -0.062360 0.994805
1639.299150 683.094795 -82.645897 -14.529448 -0.046481 0.070841 -0.061976 0.994475
1639.399782 683.216771 -82.667471 -14.543562 -0.048101 0.071980 -0.061588 0.994340
1639.499630 683.330813 -82.686423 -14.546955 -0.046200 0.071387 -0.061203 0.994497
1639.599463 683.455853 -82.699651 -14.553108 -0.041337 0.069075 -0.061426 0.994860
1639.699306 683.583744 -82.715960 -14.558312 -0.040845 0.067516 -0.061691 0.994971
1639.799142 683.700445 -82.735414 -14.557458 -0.042859 0.067576 -0.061892 0.994870
1639.899799 683.823473 -82.750562 -14.568179 -0.045614 0.067692 -0.062201 0.994720
1639.999643 683.945020 -82.764112 -14.574768 -0.045690 0.068420 -0.062497 0.994648
1640.099485 684.061000 -82.783807 -14.582681 -0.044301 0.068446 -0.062600 0.994703
1640.199325 684.183474 -82.798160 -14.583787 -0.043282 0.068199 -0.063181 0.994728
1640.299172 684.295643 -82.816025 -14.586476 -0.042140 0.064204 -0.062748 0.995070
1640.399812 684.398071 -82.829119 -14.593358 -0.043522 0.062504 -0.062665 0.995124
1640.499648 684.508591 -82.841308 -14.598755 -0.045636 0.063885 -0.062943 0.994924
1640.599496 684.625487 -82.857818 -14.599329 -0.046951 0.065397 -0.062935 0.994765
1640.699331 684.741941 -82.880499 -14.602824 -0.046849 0.066923 -0.062498 0.994696
1640.799172 684.852247 -82.902149 -14.613343 -0.046999 0.068120 -0.062266 0.994622
1640.899813 684.965505 -82.921462 -14.630036 -0.046686 0.067416 -0.062117 0.994694
1640.999653 685.080904 -82.937862 -14.631435 -0.046709 0.067837 -0.062108 0.994665
1641.099510 685.198066 -82.952571 -14.630778 -0.047343 0.067976 -0.062469 0.994603
1641.199357 685.307360 -82.959944 -14.629558 -0.044782 0.067541 -0.062618 0.994742
1641.299184 685.416629 -82.973369 -14.635441 -0.042708 0.067247 -0.062377 0.994868
1641.399823 685.524508 -82.991034 -14.648006 -0.043463 0.067185 -0.062029 0.994862
1641.499658 685.623539 -83.013415 -14.661033 -0.046255 0.066373 -0.061543 0.994820
1641.599495 685.727043 -83.027554 -14.667195 -0.046835 0.068203 -0.062067 0.994637
1641.699348 685.842270 -83.039534 -14.668336 -0.045067 0.071032 -0.062844 0.994472
1641.799194 685.955653 -83.052705 -14.667900 -0.043335 0.073013 -0.063431 0.994368
1641.899829 686.071882 -83.071089 -14.678058 -0.041075 0.073287 -0.062953 0.994474
1641.999678 686.178165 -83.080354 -14.682758 -0.041444 0.070733 -0.063316 0.994621
1642.099510 686.296394 -83.096185 -14.683596 -0.043503 0.067384 -0.063310 0.994766
1642.199344 686.414440 -83.118083 -14.689330 -0.046536 0.067103 -0.063499 0.994635
1642.299197 686.529423 -83.134456 -14.694944 -0.046830 0.067724 -0.063153 0.994602
1642.399839 686.652059 -83.150324 -14.703341 -0.044278 0.069233 -0.062754 0.994640
1642.499688 686.763904 -83.162156 -14.709752 -0.044837 0.068874 -0.062865 0.994633
1642.599542 686.873300 -83.179967 -14.719350 -0.045343 0.066660 -0.062409 0.994789
1642.699369 686.989219 -83.196185 -14.727742 -0.045038 0.069833 -0.062448 0.994583
1642.799203 687.101898 -83.203250 -14.732520 -0.043499 0.072837 -0.062617 0.994425
1642.899444 687.210990 -83.219870 -14.737664 -0.042445 0.072219 -0.062494 0.994524
1642.999290 687.320893 -83.244172 -14.732625 -0.042264 0.071862 -0.063007 0.994525
1643.099121 687.430913 -83.266937 -14.732504 -0.041912 0.070064 -0.063163 0.994658
1643.199745 687.537495 -83.282759 -14.745400 -0.042951 0.069296 -0.062814 0.994690
1643.299589 687.646658 -83.288020 -14.755404 -0.042949 0.069501 -0.062788 0.994677
1643.399419 687.767303 -83.298793 -14.756247 -0.043150 0.069762 -0.062681 0.994657
1643.499252 687.890302 -83.317949 -14.750567 -0.045642 0.068401 -0.062308 0.994664
1643.599503 688.009800 -83.338717 -14.757433 -0.047436 0.069850 -0.061833 0.994509
1643.699346 688.125122 -83.358154 -14.776483 -0.046540 0.071708 -0.061678 0.994428
1643.799206 688.236349 -83.376160 -14.790320 -0.044924 0.071996 -0.061963 0.994464
1643.899436 688.358476 -83.390568 -14.796037 -0.044813 0.069209 -0.062588 0.994628
1643.999284 688.485413 -83.409981 -14.793602 -0.043842 0.066410 -0.062806 0.994848
1644.099134 688.610832 -83.424669 -14.787817 -0.043720 0.064687 -0.062873 0.994963
1644.199784 688.732577 -83.436991 -14.793734 -0.043050 0.066094 -0.063028 0.994890
1644.299623 688.839653 -83.448185 -14.816058 -0.043672 0.069335 -0.063168 0.994633
1644.399459 688.941719 -83.464718 -14.830925 -0.044952 0.072129 -0.062864 0.994397
1644.499299 689.050968 -83.480783 -14.834271 -0.045752 0.072719 -0.063380 0.994285
1644.599129 689.165583 -83.499259 -14.833535 -0.045946 0.072551 -0.063688 0.994268
1644.699762 689.279260 -83.520635 -14.840955 -0.045275 0.071835 -0.063794 0.994344
1644.799599 689.394250 -83.539511 -14.863522 -0.044361 0.071383 -0.063901 0.994411
1644.899449 689.519556 -83.554997 -14.894588 -0.043945 0.070234 -0.063966 0.994507
1644.999287 689.644508 -83.571397 -14.921677 -0.043364 0.070271 -0.063572 0.994555
1645.099117 689.761802 -83.587429 -14.939874 -0.044477 0.070025 -0.063241 0.994545
1645.199766 689.884331 -83.615487 -14.949198 -0.043704 0.067969 -0.062065 0.994796
1645.299609 690.003146 -83.639218 -14.978880 -0.043230 0.066575 -0.061884 0.994922
1645.399444 690.117661 -83.655147 -15.008555 -0.045357 0.067668 -0.062263 0.994730
1645.499287 690.224371 -83.671253 -15.027679 -0.046587 0.068006 -0.062879 0.994611
1645.599126 690.336850 -83.681682 -15.043335 -0.044784 0.066581 -0.062989 0.994783
1645.699761 690.452266 -83.701196 -15.072786 -0.045297 0.067805 -0.063305 0.994657
1645.799611 690.568295 -83.722508 -15.098178 -0.045246 0.067424 -0.063129 0.994697
1645.899479 690.688262 -83.745536 -15.120197 -0.044604 0.068693 -0.062245 0.994695
1645.999329 690.807948 -83.764082 -15.145436 -0.046537 0.071665 -0.061648 0.994433
1646.099155 690.933123 -83.779555 -15.158797 -0.046051 0.072759 -0.061496 0.994386
1646.199791 691.058603 -83.800450 -15.177769 -0.045977 0.075950 -0.062310 0.994100
1646.299630 691.181090 -83.824337 -15.197194 -0.045588 0.077467 -0.062513 0.993988
1646.399475 691.303466 -83.835573 -15.208074 -0.045401 0.076062 -0.062706 0.994093
1646.499310 691.432679 -83.849237 -15.204308 -0.045274 0.073226 -0.062413 0.994330
1646.599143 691.572054 -83.869293 -15.207172 -0.046147 0.070503 -0.062540 0.994479
1646.699785 691.705198 -83.886505 -15.220775 -0.045258 0.070392 -0.063447 0.994470
1646.799621 691.827860 -83.904206 -15.240972 -0.045988 0.071146 -0.063467 0.994382
1646.899468 691.942013 -83.923345 -15.258721 -0.045771 0.069501 -0.063264 0.994521
1646.999300 692.064063 -83.933245 -15.260970 -0.044605 0.065840 -0.062850 0.994849
1647.099143 692.191863 -83.942370 -15.257581 -0.044630 0.064831 -0.062536 0.994934
1647.199789 692.316836 -83.959082 -15.260597 -0.043705 0.066756 -0.061951 0.994885
1647.299614 692.439284 -83.980620 -15.271962 -0.040634 0.071638 -0.061754 0.994688
1647.399445 692.559281 -83.996334 -15.283391 -0.038250 0.073771 -0.062032 0.994609
1647.499283 692.678840 -84.010642 -15.289109 -0.041208 0.071830 -0.062105 0.994628
1647.599125 692.806270 -84.027429 -15.284957 -0.043542 0.071216 -0.062277 0.994562
1647.699761 692.929137 -84.043229 -15.287950 -0.044268 0.070300 -0.062187 0.994601
1647.799586 693.055785 -84.055808 -15.295191 -0.043648 0.070037 -0.062354 0.994636
1647.899428 693.186426 -84.072483 -15.303374 -0.042989 0.069861 -0.062680 0.994657
1647.999273 693.317175 -84.091081 -15.311793 -0.044135 0.070575 -0.063360 0.994513
1648.099507 693.447516 -84.112453 -15.310506 -0.043784 0.071180 -0.063485 0.994478
1648.199339 693.586165 -84.132655 -15.312161 -0.044837 0.069907 -0.063372 0.994528
1648.299184 693.724493 -84.150277 -15.317902 -0.045892 0.068626 -0.063529 0.994559
1648.399831 693.852034 -84.166590 -15.329969 -0.044043 0.067546 -0.063488 0.994720
1648.499672 693.968369 -84.183853 -15.343901 -0.041826 0.069311 -0.063594 0.994687
1648.599517 694.088308 -84.199021 -15.343869 -0.042273 0.069819 -0.063312 0.994651
1648.699341 694.210572 -84.217598 -15.344712 -0.044006 0.067757 -0.062594 0.994763
1648.799183 694.331861 -84.226373 -15.345283 -0.044469 0.065247 -0.062213 0.994935
1648.899826 694.449501 -84.240604 -15.348458 -0.045503 0.062246 -0.062299 0.995075
1648.999664 694.568208 -84.259639 -15.356903 -0.045588 0.062135 -0.062757 0.995049
1649.099515 694.696815 -84.276261 -15.366845 -0.045144 0.064765 -0.063122 0.994878
1649.199351 694.814224 -84.291028 -15.382442 -0.046393 0.068796 -0.063656 0.994516
1649.299190 694.936365 -84.309059 -15.392918 -0.046220 0.070099 -0.063524 0.994442
1649.399831 695.063947 -84.329611 -15.395681 -0.046141 0.068399 -0.063244 0.994582
1649.499680 695.198977 -84.352510 -15.395048 -0.044902 0.065158 -0.063491 0.994840
1649.599514 695.321571 -84.374192 -15.395150 -0.044327 0.064603 -0.063764 0.994885
1649.699340 695.454818 -84.386168 -15.401870 -0.043226 0.068911 -0.064113 0.994622
1649.799184 695.576908 -84.398274 -15.415305 -0.043283 0.068859 -0.063775 0.994645
1649.899823 695.694863 -84.417292 -15.425827 -0.041394 0.067411 -0.063448 0.994845
1649.999661 695.806960 -84.431554 -15.430004 -0.043029 0.068798 -0.063626 0.994669
1650.099493 695.906585 -84.437938 -15.437292 -0.044755 0.070759 -0.063665 0.994453
1650.199331 696.013829 -84.454966 -15.441985 -0.045054 0.071850 -0.063217 0.994390
1650.299181 696.131304 -84.476573 -15.442263 -0.045309 0.072055 -0.063122 0.994370
1650.399821 696.252054 -84.495316 -15.438642 -0.044377 0.070970 -0.063019 0.994496
1650.499661 696.376652 -84.510826 -15.440721 -0.044636 0.070585 -0.063052 0.994510
1650.599497 696.491941 -84.529886 -15.449379 -0.044671 0.071480 -0.063044 0.994445
1650.699321 696.609329 -84.547561 -15.464921 -0.044129 0.071242 -0.063033 0.994487
1650.799166 696.739805 -84.567454 -15.470529 -0.043915 0.070763 -0.063072 0.994528
1650.899793 696.865430 -84.582976 -15.473467 -0.042571 0.070158 -0.063492 0.994603
1650.999627 696.992478 -84.594445 -15.478232 -0.042759 0.069976 -0.063786 0.994589
1651.099470 697.120173 -84.612587 -15.481449 -0.043886 0.070023 -0.063739 0.994539
1651.199306 697.246564 -84.635562 -15.485148 -0.044546 0.070919 -0.063609 0.994455
1651.299134 697.364323 -84.657814 -15.491677 -0.044032 0.070795 -0.063316 0.994505
1651.399757 697.479944 -84.667789 -15.497732 -0.043733 0.069456 -0.063116 0.994625
1651.499596 697.594865 -84.684696 -15.510071 -0.044586 0.067140 -0.062748 0.994770
1651.599428 697.717022 -84.702603 -15.528187 -0.045480 0.064649 -0.062776 0.994893
1651.699260 697.840740 -84.721970 -15.539143 -0.043474 0.065551 -0.062900 0.994915
1651.799499 697.958417 -84.741253 -15.541700 -0.042465 0.068317 -0.062655 0.994788
1651.899345 698.073758 -84.762611 -15.539821 -0.042658 0.068975 -0.062366 0.994753
1651.999183 698.188011 -84.780354 -15.543102 -0.045696 0.067334 -0.062651 0.994712
1652.099827 698.309274 -84.793307 -15.549815 -0.045609 0.064599 -0.062938 0.994880
1652.199661 698.427146 -84.809902 -15.556525 -0.043231 0.065916 -0.063497 0.994864
1652.299515 698.545513 -84.832616 -15.570712 -0.043052 0.068932 -0.063971 0.994637
1652.399352 698.658128 -84.846472 -15.584784 -0.043478 0.070375 -0.064029 0.994514
1652.499192 698.771681 -84.857785 -15.597635 -0.046138 0.072529 -0.063720 0.994259
1652.599836 698.880988 -84.868769 -15.615417 -0.045744 0.074457 -0.063779 0.994131
1652.699669 698.997888 -84.893211 -15.631672 -0.045078 0.074442 -0.063640 0.994171
1652.799512 699.111067 -84.926402 -15.648289 -0.043893 0.074519 -0.063250 0.994243
1652.899354 699.224772 -84.943423 -15.660479 -0.043881 0.073654 -0.063557 0.994289
1652.999201 699.347374 -84.952022 -15.667164 -0.045626 0.071752 -0.063281 0.994367
1653.099447 699.468714 -84.965955 -15.684631 -0.046729 0.070066 -0.062576 0.994480
1653.199289 699.586293 -84.981777 -15.698438 -0.045233 0.069889 -0.062485 0.994568
1653.299130 699.697268 -85.000828 -15.711373 -0.044986 0.069225 -0.062798 0.994606
1653.399756 699.814497 -85.023635 -15.726964 -0.044300 0.069290 -0.063362 0.994596
1653.499581 699.936489 -85.045197 -15.756074 -0.043178 0.067492 -0.063630 0.994752
1653.599410 700.061725 -85.060657 -15.775631 -0.044433 0.065820 -0.063917 0.994790
1653.699248 700.184897 -85.072070 -15.782456 -0.043897 0.065092 -0.063979 0.994858
1653.799482 700.309933 -85.082506 -15.787629 -0.043594 0.063928 -0.064062 0.994942
1653.899318 700.427254 -85.102100 -15.797848 -0.043583 0.063857 -0.063991 0.994951
1653.999144 700.533011 -85.123779 -15.803843 -0.043713 0.064463 -0.063701 0.994925
1654.099767 700.644528 -85.140224 -15.804815 -0.043826 0.064985 -0.063980 0.994868
1654.199595 700.757363 -85.149228 -15.813755 -0.042440 0.062580 -0.063894 0.995088
1654.299439 700.869340 -85.162741 -15.824739 -0.043549 0.061137 -0.063915 0.995128
1654.399282 700.980805 -85.185421 -15.831226 -0.045389 0.063453 -0.064135 0.994887
1654.499124 701.100086 -85.208650 -15.835762 -0.045660 0.062922 -0.064066 0.994913
1654.599767 701.227399 -85.222283 -15.835889 -0.045473 0.063466 -0.064080 0.994886
1654.699606 701.336115 -85.238668 -15.844743 -0.042948 0.063635 -0.063504 0.995024
1654.799438 701.443051 -85.253609 -15.847794 -0.039909 0.067228 -0.063129 0.994938
1654.899266 701.543008 -85.266276 -15.849481 -0.041469 0.069905 -0.062730 0.994715
1654.999513 701.640905 -85.277460 -15.845441 -0.046239 0.071463 -0.062046 0.994437
1655.099350 701.746840 -85.293760 -15.848110 -0.048603 0.070256 -0.061454 0.994447
1655.199186 701.846172 -85.317259 -15.855925 -0.048694 0.068599 -0.061580 0.994551
1655.299826 701.950664 -85.342349 -15.862092 -0.048711 0.065539 -0.061808 0.994742
1655.399680 702.051950 -85.359022 -15.864879 -0.047726 0.063825 -0.062178 0.994878
1655.499516 702.159259 -85.367802 -15.871290 -0.046190 0.063892 -0.062714 0.994913
1655.599355 702.262891 -85.376388 -15.882579 -0.044377 0.063882 -0.063045 0.994975
1655.699199 702.371314 -85.393380 -15.894062 -0.044398 0.064556 -0.063336 0.994912
1655.799453 702.475431 -85.410174 -15.905873 -0.043721 0.064655 -0.063684 0.994913
1655.899283 702.580581 -85.423904 -15.906485 -0.043562 0.064948 -0.064387 0.994856
1655.999119 702.684902 -85.440643 -15.901655 -0.044257 0.064977 -0.064451 0.994819
1656.099751 702.790499 -85.449407 -15.907168 -0.044053 0.064313 -0.064596 0.994862
1656.199602 702.896221 -85.458526 -15.913715 -0.044668 0.064056 -0.064195 0.994877
1656.299450 702.998496 -85.470563 -15.920920 -0.044559 0.064709 -0.064092 0.994846
1656.399288 703.104764 -85.490698 -15.925740 -0.043398 0.066015 -0.063786 0.994832
1656.499116 703.203859 -85.511464 -15.935104 -0.043967 0.066308 -0.063387 0.994813
1656.599757 703.302130 -85.520965 -15.939529 -0.043971 0.066313 -0.063235 0.994822
1656.699607 703.402340 -85.530231 -15.938357 -0.044847 0.066675 -0.063065 0.994769
1656.799446 703.496760 -85.546733 -15.934475 -0.045418 0.066095 -0.062556 0.994814
1656.899284 703.599163 -85.567719 -15.943394 -0.044031 0.064502 -0.061974 0.995018
1656.999114 703.702098 -85.579485 -15.954602 -0.042618 0.064253 -0.061344 0.995134
1657.099753 703.807076 -85.590738 -15.958705 -0.043346 0.065514 -0.060569 0.995068
1657.199585 703.908838 -85.608101 -15.957186 -0.046994 0.067561 -0.060225 0.994786
1657.299423 704.014047 -85.624797 -15.960588 -0.047491 0.066951 -0.060658 0.994778
1657.399254 704.115419 -85.642318 -15.977121 -0.045308 0.065623 -0.061187 0.994936
1657.499505 704.210998 -85.652968 -15.987534 -0.042785 0.067775 -0.061660 0.994874
1657.599337 704.308691 -85.663282 -15.987062 -0.041351 0.071816 -0.062006 0.994629
1657.699184 704.403885 -85.675843 -15.985841 -0.043158 0.072521 -0.061886 0.994509
1657.799830 704.500980 -85.684482 -15.983590 -0.046262 0.071715 -0.062446 0.994393
1657.899674 704.602206 -85.694604 -15.993014 -0.047368 0.072510 -0.063056 0.994245
1657.999508 704.703423 -85.713361 -16.007116 -0.046027 0.073434 -0.063196 0.994231
1658.099345 704.803623 -85.733980 -16.012066 -0.043744 0.072290 -0.062839 0.994441
1658.199188 704.896376 -85.747910 -16.016029 -0.043113 0.072168 -0.062665 0.994488
1658.299812 704.997187 -85.757946 -16.024154 -0.043828 0.072722 -0.062320 0.994438
1658.399666 705.098029 -85.767027 -16.036673 -0.044447 0.074209 -0.062673 0.994278
1658.499494 705.201970 -85.777111 -16.040440 -0.044263 0.076114 -0.063918 0.994063
1658.599342 705.308538 -85.794019 -16.034937 -0.042977 0.073618 -0.064529 0.994268
1658.699191 705.420305 -85.811558 -16.035792 -0.043916 0.073520 -0.064741 0.994221
1658.799835 705.533513 -85.832134 -16.045947 -0.045792 0.073756 -0.064705 0.994121
1658.899685 705.639381 -85.845979 -16.051435 -0.045790 0.074156 -0.064332 0.994115
1658.999516 705.740718 -85.861186 -16.053260 -0.045636 0.073946 -0.063962 0.994162
1659.099355 705.845219 -85.879137 -16.056268 -0.045425 0.073147 -0.063870 0.994237
1659.199212 705.951506 -85.895936 -16.056011 -0.046631 0.071290 -0.064388 0.994282
1659.299451 706.068156 -85.907827 -16.057290 -0.045383 0.068962 -0.065077 0.994459
1659.399303 706.187010 -85.920201 -16.065542 -0.043568 0.068374 -0.065806 0.994533
1659.499147 706.295322 -85.938892 -16.072722 -0.044604 0.070197 -0.065009 0.994413
1659.599790 706.408853 -85.962198 -16.081911 -0.046401 0.074473 -0.064813 0.994032
1659.699627 706.522610 -85.982503 -16.093442 -0.044867 0.074709 -0.064419 0.994111
1659.799469 706.636046 -85.998945 -16.096973 -0.044758 0.070855 -0.064080 0.994419
1659.899302 706.750615 -86.012356 -16.099350 -0.045242 0.068387 -0.064342 0.994553
1659.999159 706.862352 -86.028589 -16.097126 -0.044038 0.071042 -0.064024 0.994442
1660.099799 706.973576 -86.046056 -16.098816 -0.044890 0.072687 -0.064457 0.994257
1660.199628 707.089178 -86.062276 -16.104325 -0.044493 0.071862 -0.064689 0.994320
1660.299467 707.202155 -86.079028 -16.117294 -0.041752 0.067622 -0.064593 0.994742
1660.399310 707.308653 -86.093131 -16.122950 -0.042981 0.065850 -0.064966 0.994784
1660.499139 707.419123 -86.106246 -16.117861 -0.046731 0.065831 -0.065144 0.994605
1660.599771 707.533310 -86.127039 -16.125965 -0.048830 0.065825 -0.065309 0.994494
1660.699610 707.654836 -86.147789 -16.138919 -0.049072 0.068453 -0.065512 0.994291
1660.799445 707.781709 -86.162279 -16.142547 -0.044334 0.070292 -0.065617 0.994378
1660.899286 707.910019 -86.183475 -16.151551 -0.041161 0.070400 -0.065895 0.994489
1660.999126 708.038044 -86.202662 -16.160664 -0.043378 0.072634 -0.066204 0.994213
1661.099756 708.158732 -86.221110 -16.163184 -0.047902 0.074082 -0.066114 0.993905
1661.199610 708.277527 -86.241202 -16.165898 -0.045609 0.073108 -0.065861 0.994101
1661.299444 708.397391 -86.257887 -16.169904 -0.042394 0.072788 -0.065409 0.994297
1661.399279 708.509566 -86.276977 -16.174267 -0.042260 0.072724 -0.064733 0.994351
1661.499115 708.626635 -86.291886 -16.185825 -0.044140 0.073449 -0.064435 0.994236
1661.599758 708.744412 -86.306837 -16.195576 -0.046944 0.071052 -0.063763 0.994325
1661.699600 708.859123 -86.322757 -16.198717 -0.048276 0.069213 -0.063969 0.994378
1661.799441 708.971694 -86.335855 -16.203054 -0.046784 0.069304 -0.064770 0.994391
1661.899272 709.081241 -86.354824 -16.213391 -0.045069 0.068382 -0.064873 0.994527
1661.999508 709.192829 -86.374280 -16.220235 -0.042106 0.069210 -0.065570 0.994554
1662.099354 709.305612 -86.387651 -16.223399 -0.041794 0.070021 -0.066175 0.994470
1662.199198 709.417681 -86.404295 -16.225842 -0.042925 0.069027 -0.065935 0.994508
1662.299453 709.540730 -86.423789 -16.228792 -0.043393 0.069866 -0.064963 0.994493
1662.399302 709.667888 -86.443189 -16.237533 -0.044297 0.070652 -0.064520 0.994426
1662.499136 709.795655 -86.461463 -16.250591 -0.044671 0.070040 -0.064422 0.994459
1662.599770 709.917617 -86.474942 -16.254954 -0.043847 0.069039 -0.064612 0.994553
1662.699606 710.041832 -86.490373 -16.249826 -0.044101 0.070640 -0.064648 0.994427
1662.799450 710.158543 -86.506795 -16.250093 -0.045085 0.071650 -0.064987 0.994289
1662.899290 710.279665 -86.524564 -16.256430 -0.045653 0.070581 -0.065195 0.994326
1662.999135 710.403631 -86.543952 -16.271849 -0.044958 0.070038 -0.065225 0.994394
1663.099777 710.525334 -86.562412 -16.284778 -0.044526 0.069340 -0.065165 0.994466
1663.199617 710.649870 -86.581706 -16.297950 -0.046429 0.070072 -0.065223 0.994324
1663.299452 710.768453 -86.598893 -16.290228 -0.045094 0.071587 -0.065349 0.994269
1663.399285 710.880235 -86.614509 -16.302866 -0.045426 0.069224 -0.065614 0.994404
1663.499118 710.985549 -86.631013 -16.314964 -0.042763 0.067231 -0.065278 0.994681
1663.599761 711.103822 -86.648175 -16.317003 -0.041877 0.069786 -0.064100 0.994619
1663.699599 711.228992 -86.662057 -16.317810 -0.047806 0.071542 -0.063432 0.994270
1663.799426 711.355494 -86.680119 -16.316088 -0.051748 0.069805 -0.063440 0.994195
1663.899244 711.485343 -86.695552 -16.323012 -0.050876 0.067552 -0.063997 0.994360
1663.999481 711.611780 -86.715961 -16.334621 -0.046315 0.071410 -0.065130 0.994240
1664.099305 711.737401 -86.737410 -16.340983 -0.041467 0.074772 -0.065603 0.994176
1664.199146 711.858813 -86.758944 -16.339080 -0.040507 0.075845 -0.065903 0.994114
1664.299786 711.977538 -86.774085 -16.342515 -0.041745 0.074841 -0.065878 0.994141
1664.399626 712.094594 -86.783692 -16.348125 -0.042789 0.073421 -0.065343 0.994238
1664.499462 712.208968 -86.804796 -16.356664 -0.043933 0.070029 -0.064897 0.994462
1664.599300 712.327210 -86.824993 -16.362568 -0.045338 0.070187 -0.064876 0.994389
1664.699142 712.449605 -86.845785 -16.368690 -0.045974 0.070311 -0.065199 0.994330
1664.799785 712.576265 -86.871269 -16.376284 -0.042432 0.069068 -0.065197 0.994575
1664.899618 712.715257 -86.888657 -16.383409 -0.041525 0.071857 -0.065074 0.994423
1664.999459 712.851865 -86.905055 -16.393489 -0.045292 0.074317 -0.064175 0.994136
1665.099295 712.986402 -86.926030 -16.410149 -0.049582 0.073089 -0.063287 0.994080
1665.199145 713.105985 -86.952637 -16.423000 -0.049140 0.070584 -0.063100 0.994295
1665.299789 713.221251 -86.975930 -16.430157 -0.047403 0.068222 -0.063132 0.994542
1665.399625 713.333551 -86.990139 -16.436854 -0.045982 0.068590 -0.063519 0.994558
1665.499462 713.450095 -87.002103 -16.441815 -0.044293 0.070568 -0.063947 0.994469
1665.599312 713.572215 -87.018188 -16.455353 -0.042349 0.072599 -0.064461 0.994375
1665.699146 713.694788 -87.030446 -16.477197 -0.040774 0.072619 -0.065289 0.994385
1665.799795 713.823868 -87.048518 -16.498320 -0.043510 0.072107 -0.065930 0.994264
1665.899642 713.946345 -87.070167 -16.519939 -0.045567 0.071008 -0.065782 0.994261
1665.999492 714.067339 -87.091541 -16.535514 -0.044257 0.072939 -0.065331 0.994210
1666.099338 714.196732 -87.113244 -16.545533 -0.044140 0.071747 -0.064945 0.994327
1666.199190 714.335886 -87.132114 -16.551825 -0.042403 0.067927 -0.064507 0.994699
1666.299839 714.473349 -87.147902 -16.564284 -0.042277 0.067905 -0.064299 0.994720
1666.399691 714.594690 -87.163888 -16.582890 -0.041652 0.074125 -0.064770 0.994271
1666.499535 714.715112 -87.179966 -16.598480 -0.042663 0.076487 -0.064960 0.994037
1666.599379 714.838968 -87.199277 -16.610234 -0.043152 0.075406 -0.065121 0.994088
1666.699215 714.961508 -87.213711 -16.621717 -0.043887 0.073441 -0.065211 0.994197
1666.799468 715.087499 -87.229104 -16.639877 -0.043512 0.072902 -0.065104 0.994260
1666.899330 715.205486 -87.246135 -16.655188 -0.043982 0.072623 -0.064961 0.994269
1666.999178 715.326443 -87.270843 -16.679384 -0.044855 0.071324 -0.064677 0.994343
1667.099814 715.465719 -87.301017 -16.701183 -0.044620 0.071267 -0.064575 0.994364
1667.199632 715.606154 -87.322054 -16.718342 -0.043183 0.070238 -0.064235 0.994523
1667.299458 715.740566 -87.334051 -16.731669 -0.043957 0.071816 -0.063749 0.994408
1667.399280 715.862689 -87.343467 -16.747662 -0.045094 0.071634 -0.063263 0.994401
1667.499116 715.984641 -87.352282 -16.763646 -0.045139 0.069752 -0.062843 0.994559
1667.599745 716.116722 -87.372544 -16.780342 -0.046015 0.070169 -0.062903 0.994486
1667.699587 716.241830 -87.399325 -16.800223 -0.046821 0.071228 -0.063288 0.994348
1667.799416 716.364137 -87.430341 -16.813323 -0.045147 0.071607 -0.064024 0.994352
1667.899267 716.492914 -87.443902 -16.828287 -0.043374 0.072172 -0.065061 0.994322
1667.999513 716.619072 -87.450320 -16.841031 -0.043048 0.071879 -0.065144 0.994352
1668.099354 716.742755 -87.459162 -16.852692 -0.041849 0.068005 -0.065308 0.994665
1668.199195 716.871463 -87.473482 -16.860959 -0.042304 0.065420 -0.065099 0.994833
1668.299825 717.004488 -87.502059 -16.871401 -0.044592 0.064355 -0.064583 0.994836
1668.399665 717.127699 -87.525930 -16.885256 -0.046434 0.065489 -0.064919 0.994656
1668.499510 717.251532 -87.539345 -16.894627 -0.042209 0.067337 -0.065022 0.994714
1668.599344 717.376929 -87.550270 -16.903486 -0.040820 0.070527 -0.065149 0.994543
1668.699175 717.503521 -87.559206 -16.907986 -0.040862 0.071528 -0.065184 0.994467
1668.799812 717.626295 -87.579323 -16.910965 -0.043932 0.069764 -0.064741 0.994491
1668.899656 717.746171 -87.596806 -16.916068 -0.045908 0.068348 -0.065128 0.994474
1668.999500 717.878063 -87.610876 -16.925055 -0.045214 0.069272 -0.065539 0.994415
1669.099324 718.016493 -87.627283 -16.939849 -0.041216 0.067297 -0.065030 0.994758
1669.199164 718.135899 -87.645333 -16.947641 -0.040556 0.067651 -0.064971 0.994765
1669.299810 718.254744 -87.669082 -16.952525 -0.044554 0.066439 -0.064753 0.994690
1669.399649 718.381020 -87.685407 -16.947050 -0.045310 0.062403 -0.064602 0.994927
1669.499495 718.510791 -87.698522 -16.940189 -0.044606 0.063417 -0.064799 0.994882
1669.599333 718.643948 -87.714241 -16.942513 -0.044850 0.067045 -0.064635 0.994644
1669.699154 718.772964 -87.725232 -16.945090 -0.042127 0.068216 -0.065505 0.994626
1669.799795 718.887240 -87.743153 -16.964086 -0.042311 0.067125 -0.065878 0.994668
1669.899636 718.998512 -87.758945 -16.986971 -0.045037 0.063492 -0.066410 0.994751
1669.999496 719.110925 -87.780316 -17.000431 -0.042621 0.062475 -0.066501 0.994916
1670.099332 719.225849 -87.798172 -17.010525 -0.041030 0.065329 -0.066857 0.994776
1670.199179 719.344617 -87.812906 -17.008947 -0.043354 0.069689 -0.066556 0.994401
1670.299826 719.469475 -87.821472 -17.004484 -0.045101 0.067690 -0.066186 0.994486
1670.399665 719.599107 -87.838173 -17.007226 -0.045366 0.064318 -0.066033 0.994708
1670.499509 719.720900 -87.860956 -17.004989 -0.044704 0.059996 -0.066303 0.994990
1670.599346 719.835945 -87.887019 -17.009804 -0.045042 0.058202 -0.066774 0.995050
1670.699194 719.951119 -87.905193 -17.023787 -0.045017 0.058868 -0.067516 0.994962
1670.799821 720.062840 -87.923540 -17.034333 -0.043032 0.060715 -0.067669 0.994929
1670.899653 720.175268 -87.937596 -17.038608 -0.043133 0.062619 -0.067938 0.994788
1670.999487 720.284312 -87.952609 -17.034177 -0.044919 0.063567 -0.067458 0.994681
1671.099315 720.393080 -87.973246 -17.033917 -0.047262 0.063710 -0.066788 0.994609
1671.199158 720.493712 -87.996311 -17.043216 -0.046082 0.063793 -0.066349 0.994688
1671.299795 720.589127 -88.009975 -17.050228 -0.045925 0.064818 -0.066766 0.994601
1671.399632 720.687429 -88.022395 -17.058987 -0.047369 0.065930 -0.066432 0.994483
1671.499488 720.789759 -88.037201 -17.062212 -0.049246 0.064850 -0.065872 0.994500
1671.599318 720.889956 -88.057982 -17.064585 -0.048372 0.064529 -0.065461 0.994591
1671.699163 720.994404 -88.074492 -17.069533 -0.045880 0.063919 -0.065462 0.994748
1671.799799 721.099785 -88.086868 -17.076351 -0.044846 0.063818 -0.065640 0.994790
1671.899639 721.208763 -88.104013 -17.079912 -0.044337 0.066416 -0.065544 0.994649
1671.999483 721.309752 -88.124994 -17.087547 -0.044861 0.070103 -0.065646 0.994366
1672.099324 721.412861 -88.141444 -17.097773 -0.045946 0.070554 -0.065703 0.994281
1672.199173 721.520451 -88.160055 -17.100025 -0.046642 0.069141 -0.065379 0.994369
1672.299814 721.625383 -88.172737 -17.101260 -0.046791 0.067519 -0.065579 0.994460
1672.399647 721.720408 -88.185244 -17.103105 -0.048922 0.062996 -0.065597 0.994653
1672.499494 721.826141 -88.201462 -17.114475 -0.047191 0.060272 -0.065081 0.994940
1672.599335 721.927224 -88.221810 -17.119931 -0.043621 0.061888 -0.064930 0.995013
1672.699163 722.023200 -88.236452 -17.126366 -0.044973 0.062894 -0.065171 0.994874
1672.799793 722.120189 -88.251018 -17.136379 -0.050290 0.064744 -0.065181 0.994500
1672.899637 722.215862 -88.272646 -17.132735 -0.053315 0.073817 -0.065126 0.993714
1672.999482 722.296087 -88.283044 -17.134251 -0.051355 0.076317 -0.065005 0.993636
1673.099324 722.389612 -88.297014 -17.133708 -0.046048 0.073508 -0.064784 0.994122
1673.199159 722.491064 -88.309427 -17.143919 -0.044285 0.069764 -0.065021 0.994457
1673.299814 722.589612 -88.324222 -17.151959 -0.043204 0.068982 -0.065173 0.994549
1673.399648 722.694048 -88.339429 -17.154253 -0.041973 0.068648 -0.065241 0.994620
1673.499473 722.798631 -88.352964 -17.156232 -0.042345 0.069325 -0.065125 0.994565
1673.599321 722.897122 -88.365971 -17.170588 -0.044450 0.066989 -0.064859 0.994651
1673.699170 722.996870 -88.380644 -17.180258 -0.044100 0.064760 -0.064586 0.994832
1673.799801 723.103732 -88.397623 -17.183738 -0.044749 0.067825 -0.064528 0.994602
1673.899646 723.202274 -88.409134 -17.187070 -0.045898 0.070284 -0.064590 0.994375
1673.999486 723.297254 -88.417960 -17.185221 -0.046100 0.071617 -0.064595 0.994270
1674.099332 723.394435 -88.433930 -17.193282 -0.046004 0.070354 -0.064614 0.994364
1674.199187 723.495186 -88.456884 -17.198325 -0.045239 0.069150 -0.064933 0.994462
1674.299839 723.591209 -88.482255 -17.204175 -0.043501 0.067599 -0.064722 0.994660
1674.399676 723.690061 -88.497394 -17.209876 -0.043103 0.067142 -0.064604 0.994716
1674.499516 723.793075 -88.503119 -17.213440 -0.044455 0.067111 -0.064717 0.994652
1674.599377 723.891052 -88.511987 -17.225958 -0.046188 0.068510 -0.065020 0.994457
1674.699216 723.990889 -88.524192 -17.236516 -0.045718 0.069300 -0.064808 0.994438
1674.799446 724.095531 -88.533080 -17.239288 -0.045129 0.068959 -0.064686 0.994497
1674.899293 724.199030 -88.549097 -17.232626 -0.046610 0.067697 -0.065284 0.994476
1674.999134 724.304757 -88.557195 -17.232463 -0.046468 0.067587 -0.066412 0.994416
1675.099778 724.401622 -88.564662 -17.244459 -0.046564 0.066539 -0.066639 0.994466
1675.199617 724.498450 -88.580281 -17.258717 -0.043805 0.064769 -0.066039 0.994749
1675.299441 724.610593 -88.600188 -17.279046 -0.041507 0.065441 -0.066144 0.994796
1675.399284 724.733156 -88.613229 -17.288128 -0.039611 0.068679 -0.066856 0.994608
1675.499123 724.846300 -88.624896 -17.290329 -0.038302 0.070864 -0.067464 0.994465
1675.599768 724.949777 -88.632159 -17.288474 -0.039173 0.074381 -0.067849 0.994148
1675.699607 725.046427 -88.646059 -17.288198 -0.039234 0.072162 -0.067761 0.994315
1675.799452 725.142442 -88.653404 -17.292652 -0.038399 0.067315 -0.067872 0.994680
1675.899297 725.245560 -88.666219 -17.305768 -0.038235 0.066715 -0.067392 0.994759
1675.999139 725.344263 -88.684158 -17.308826 -0.040966 0.069291 -0.066860 0.994510
1676.099784 725.439385 -88.701937 -17.310488 -0.044750 0.068343 -0.066022 0.994469
1676.199635 725.536382 -88.717526 -17.313612 -0.045459 0.068700 -0.065500 0.994446
1676.299480 725.643226 -88.733373 -17.315756 -0.045760 0.070117 -0.064971 0.994368
1676.399323 725.749017 -88.746716 -17.317942 -0.046520 0.071736 -0.065068 0.994211
1676.499164 725.863333 -88.766322 -17.324496 -0.047080 0.071352 -0.065108 0.994210
1676.599803 725.974079 -88.787456 -17.331540 -0.046560 0.070632 -0.065157 0.994283
1676.699648 726.082392 -88.804770 -17.338726 -0.045313 0.070518 -0.065318 0.994338
1676.799477 726.186717 -88.822459 -17.342447 -0.046012 0.071220 -0.065228 0.994261
1676.899307 726.299425 -88.843289 -17.348003 -0.047416 0.071566 -0.064677 0.994207
1676.999155 726.411070 -88.861739 -17.351000 -0.048206 0.071936 -0.064049 0.994183
1677.099799 726.523311 -88.881857 -17.353548 -0.050789 0.068433 -0.062614 0.994393
1677.199638 726.623009 -88.900734 -17.362261 -0.047749 0.065389 -0.062266 0.994770
1677.299483 726.722996 -88.909199 -17.368539 -0.045063 0.066541 -0.062555 0.994801
1677.399322 726.824163 -88.922962 -17.367717 -0.044160 0.069664 -0.062636 0.994622
1677.499173 726.924359 -88.939948 -17.366561 -0.044587 0.070430 -0.062694 0.994546
1677.599805 727.035931 -88.957937 -17.374824 -0.046373 0.069638 -0.062619 0.994524
1677.699647 727.140324 -88.976130 -17.382832 -0.047681 0.068016 -0.062591 0.994577
1677.799496 727.250730 -88.993727 -17.382673 -0.047841 0.066906 -0.062328 0.994661
1677.899326 727.350047 -89.008162 -17.388541 -0.046941 0.069017 -0.062427 0.994553
1677.999172 727.449650 -89.021275 -17.390789 -0.045606 0.069622 -0.062044 0.994597
1678.099818 727.558329 -89.037584 -17.398398 -0.045399 0.069118 -0.061855 0.994654
1678.199649 727.655592 -89.053159 -17.404643 -0.045393 0.068214 -0.061827 0.994718
1678.299485 727.758891 -89.070551 -17.416354 -0.045701 0.068440 -0.062438 0.994650
1678.399320 727.867773 -89.088957 -17.420938 -0.045065 0.065560 -0.062811 0.994850
1678.499166 727.980099 -89.102040 -17.416811 -0.043949 0.062399 -0.062176 0.995143
1678.599818 728.094061 -89.115075 -17.413315 -0.044896 0.065154 -0.061947 0.994938
1678.699665 728.195027 -89.128252 -17.421565 -0.046243 0.069460 -0.062553 0.994547
1678.799509 728.291248 -89.146136 -17.443135 -0.045300 0.069543 -0.063035 0.994554
1678.899333 728.391792 -89.164476 -17.455952 -0.045741 0.067925 -0.063499 0.994616
1678.999171 728.493385 -89.179152 -17.461803 -0.047280 0.065706 -0.063676 0.994682
1679.099811 728.604861 -89.199381 -17.460789 -0.048970 0.065042 -0.063403 0.994661
1679.199644 728.701812 -89.214584 -17.458967 -0.049610 0.067104 -0.063499 0.994487
1679.299477 728.805263 -89.230868 -17.463786 -0.048663 0.070686 -0.063857 0.994262
1679.399311 728.914983 -89.246023 -17.474334 -0.046483 0.071668 -0.063792 0.994301
1679.499147 729.027060 -89.263206 -17.479543 -0.045199 0.072252 -0.063633 0.994328
1679.599801 729.140496 -89.278930 -17.483827 -0.043709 0.071006 -0.064073 0.994456
1679.699636 729.243032 -89.290986 -17.487120 -0.043537 0.067666 -0.064066 0.994697
1679.799465 729.337221 -89.308277 -17.489881 -0.044968 0.066272 -0.063604 0.994756
1679.899301 729.430647 -89.323761 -17.491608 -0.046374 0.065856 -0.063524 0.994725
1679.999156 729.522276 -89.333906 -17.499293 -0.045804 0.066804 -0.063694 0.994677
1680.099800 729.613111 -89.345938 -17.504907 -0.045538 0.069288 -0.063473 0.994533
1680.199626 729.711944 -89.363392 -17.506016 -0.047718 0.070955 -0.062937 0.994348
1680.299466 729.810154 -89.379263 -17.510666 -0.048776 0.071601 -0.062831 0.994257
1680.399299 729.910906 -89.399076 -17.515763 -0.048735 0.070894 -0.062579 0.994325
1680.499144 730.011043 -89.415633 -17.519652 -0.047388 0.070451 -0.062946 0.994399
1680.599794 730.108599 -89.431671 -17.527765 -0.047347 0.070772 -0.063215 0.994361
1680.699626 730.207599 -89.444160 -17.531206 -0.046339 0.068374 -0.063060 0.994586
1680.799466 730.311899 -89.458274 -17.528518 -0.045640 0.067679 -0.062810 0.994682
1680.899305 730.416652 -89.472401 -17.531019 -0.045926 0.069843 -0.062744 0.994523
1680.999137 730.524632 -89.486970 -17.544936 -0.046989 0.071961 -0.062099 0.994363
1681.099762 730.626351 -89.505552 -17.550982 -0.046075 0.070998 -0.060713 0.994560
1681.199602 730.728812 -89.527308 -17.556495 -0.045919 0.070547 -0.060364 0.994621
1681.299444 730.830810 -89.536291 -17.563018 -0.046178 0.069272 -0.060855 0.994669
1681.399270 730.933075 -89.542968 -17.563909 -0.045618 0.069396 -0.061064 0.994673
1681.499511 731.041299 -89.556921 -17.563756 -0.045436 0.070073 -0.061022 0.994636
1681.599342 731.147780 -89.574335 -17.562146 -0.045013 0.069183 -0.061517 0.994688
1681.699197 731.254063 -89.590798 -17.569660 -0.045113 0.066517 -0.061566 0.994862
1681.799824 731.354218 -89.606747 -17.580904 -0.044829 0.066128 -0.061469 0.994907
1681.899664 731.463597 -89.620126 -17.587178 -0.045463 0.065771 -0.061439 0.994903
1681.999510 731.578868 -89.633089 -17.590448 -0.045976 0.063971 -0.061730 0.994979
1682.099359 731.695123 -89.643830 -17.598694 -0.045672 0.063787 -0.061784 0.995001
1682.199205 731.804079 -89.664631 -17.609091 -0.045486 0.065492 -0.061278 0.994931
1682.299454 731.908436 -89.674491 -17.621307 -0.045326 0.066753 -0.061327 0.994851
1682.399287 732.004733 -89.685465 -17.626273 -0.045200 0.066685 -0.061198 0.994869
1682.499122 732.095373 -89.699538 -17.632511 -0.046265 0.065983 -0.061288 0.994862
1682.599762 732.193519 -89.721119 -17.635649 -0.044425 0.066705 -0.061519 0.994883
1682.699592 732.290316 -89.738566 -17.643466 -0.042674 0.066803 -0.061629 0.994946
1682.799426 732.386594 -89.752709 -17.650002 -0.044886 0.069189 -0.061195 0.994713
1682.899259 732.488056 -89.766358 -17.646892 -0.046763 0.069421 -0.060940 0.994626
1682.999492 732.591756 -89.778826 -17.652017 -0.046739 0.070592 -0.060866 0.994549
1683.099339 732.693615 -89.797096 -17.653235 -0.048613 0.070407 -0.060301 0.994507
1683.199180 732.798568 -89.808194 -17.651578 -0.046611 0.069512 -0.060617 0.994646
1683.299830 732.917364 -89.813629 -17.662718 -0.043822 0.071459 -0.061063 0.994608
1683.399663 733.035908 -89.833970 -17.670658 -0.044175 0.074979 -0.061089 0.994331
1683.499501 733.149745 -89.859135 -17.681185 -0.045954 0.076245 -0.061119 0.994153
1683.599341 733.264199 -89.874905 -17.685000 -0.045115 0.076541 -0.061059 0.994172
1683.699171 733.373599 -89.884877 -17.678563 -0.046492 0.075135 -0.060746 0.994235
1683.799803 733.480232 -89.894986 -17.691715 -0.044496 0.075062 -0.060894 0.994323
1683.899651 733.582207 -89.907636 -17.706743 -0.043639 0.077671 -0.060842 0.994163
1683.999499 733.688193 -89.924801 -17.725138 -0.044149 0.080179 -0.060226 0.993979
1684.099329 733.784299 -89.939077 -17.744160 -0.044430 0.082706 -0.059797 0.993786
1684.199157 733.890228 -89.952854 -17.762622 -0.043647 0.083026 -0.060312 0.993763
1684.299788 734.010331 -89.967842 -17.773038 -0.042274 0.081411 -0.060665 0.993934
1684.399619 734.138786 -89.989780 -17.790410 -0.042877 0.079743 -0.060868 0.994031
1684.499469 734.275256 -90.006974 -17.809042 -0.043322 0.079617 -0.060920 0.994019
1684.599303 734.396150 -90.020656 -17.837935 -0.043933 0.080254 -0.060624 0.993959
1684.699144 734.514751 -90.037095 -17.865378 -0.043983 0.080542 -0.060492 0.993941
1684.799773 734.634441 -90.051923 -17.886320 -0.045536 0.077204 -0.060610 0.994129
1684.899610 734.759105 -90.069877 -17.897771 -0.043822 0.075016 -0.061246 0.994335
1684.999457 734.886773 -90.091176 -17.916907 -0.039254 0.075716 -0.062127 0.994418
1685.099286 735.013005 -90.110269 -17.947183 -0.042881 0.077560 -0.062374 0.994110
1685.199148 735.135743 -90.123988 -17.983621 -0.046718 0.077163 -0.062283 0.993974
1685.299794 735.263515 -90.139808 -18.007172 -0.046012 0.076982 -0.062093 0.994033
1685.399648 735.402527 -90.163284 -18.025304 -0.041547 0.075008 -0.061879 0.994394
1685.499482 735.549966 -90.181073 -18.034858 -0.041241 0.075366 -0.062026 0.994370
1685.599320 735.692784 -90.192266 -18.053362 -0.041679 0.075023 -0.062595 0.994342
1685.699151 735.836414 -90.211671 -18.081415 -0.040549 0.073867 -0.062531 0.994479
1685.799781 735.969748 -90.232949 -18.116960 -0.042241 0.075070 -0.063092 0.994283
1685.899609 736.104087 -90.252916 -18.141181 -0.045469 0.076701 -0.064027 0.993957
1685.999455 736.241748 -90.272941 -18.155928 -0.043038 0.074373 -0.063986 0.994245
1686.099302 736.378883 -90.288979 -18.166576 -0.039739 0.070756 -0.063451 0.994680
1686.199128 736.511770 -90.305859 -18.185185 -0.041892 0.068794 -0.063291 0.994740
1686.299764 736.646573 -90.324363 -18.214075 -0.044530 0.068750 -0.063781 0.994597
1686.399612 736.791614 -90.350340 -18.232478 -0.047095 0.071212 -0.063745 0.994308
1686.499464 736.934181 -90.374451 -18.246998 -0.047110 0.071084 -0.063703 0.994319
1686.599306 737.067943 -90.389640 -18.257067 -0.044274 0.072429 -0.063650 0.994355
1686.699154 737.195382 -90.401577 -18.262100 -0.041102 0.070705 -0.063065 0.994653
1686.799794 737.323702 -90.420433 -18.272316 -0.040709 0.069445 -0.063155 0.994752
1686.899624 737.458184 -90.445515 -18.283054 -0.041640 0.071735 -0.063870 0.994505
1686.999462 737.600000 -90.471172 -18.287729 -0.043827 0.073747 -0.064135 0.994247
1687.099300 737.746256 -90.490590 -18.296548 -0.044401 0.075685 -0.064458 0.994055
1687.199143 737.885080 -90.510747 -18.303616 -0.043067 0.074820 -0.063522 0.994240
1687.299780 738.019656 -90.531478 -18.309219 -0.046362 0.072898 -0.063001 0.994267
1687.399602 738.156474 -90.549493 -18.311511 -0.050695 0.072885 -0.063241 0.994041
1687.499432 738.293286 -90.568856 -18.316102 -0.049224 0.073687 -0.063615 0.994032
1687.599273 738.433710 -90.589800 -18.328387 -0.047499 0.074002 -0.064380 0.994044
1687.699517 738.575149 -90.611568 -18.338271 -0.045801 0.069608 -0.064388 0.994440
1687.799362 738.713892 -90.627778 -18.341758 -0.044586 0.067076 -0.063932 0.994699
1687.899198 738.842172 -90.643266 -18.344039 -0.045611 0.068298 -0.063467 0.994599
1687.999427 738.974643 -90.660136 -18.355117 -0.045467 0.069881 -0.063389 0.994501
1688.099259 739.110248 -90.679597 -18.363177 -0.047564 0.069696 -0.063471 0.994410
1688.199488 739.246493 -90.697757 -18.371688 -0.047694 0.067840 -0.063727 0.994516
1688.299332 739.375178 -90.715385 -18.379006 -0.047163 0.065069 -0.063881 0.994716
1688.399176 739.506217 -90.733080 -18.384217 -0.047469 0.063509 -0.064165 0.994784
1688.499835 739.630353 -90.751517 -18.389106 -0.045799 0.062461 -0.064331 0.994918
1688.599680 739.756844 -90.771783 -18.399123 -0.044739 0.061944 -0.064281 0.995002
1688.699515 739.885684 -90.786826 -18.402194 -0.045750 0.062158 -0.064390 0.994936
1688.799350 740.012572 -90.803503 -18.409981 -0.047727 0.061278 -0.064314 0.994902
1688.899190 740.142085 -90.824990 -18.418744 -0.047130 0.061190 -0.064179 0.994945
1688.999830 740.280352 -90.842375 -18.430498 -0.046855 0.060764 -0.064540 0.994961
1689.099669 740.414138 -90.857142 -18.437880 -0.046328 0.060491 -0.064777 0.994987
1689.199500 740.526808 -90.872280 -18.444306 -0.045608 0.059164 -0.064587 0.995112
1689.299339 740.637873 -90.891074 -18.450100 -0.046242 0.058258 -0.064528 0.995140
1689.399185 740.753026 -90.910839 -18.453441 -0.044251 0.061199 -0.063718 0.995106
1689.499826 740.863632 -90.923643 -18.460068 -0.046471 0.063116 -0.063401 0.994906
1689.599669 740.967712 -90.935694 -18.466440 -0.046601 0.068418 -0.063761 0.994526
1689.699502 741.076025 -90.949854 -18.474970 -0.045651 0.071550 -0.064074 0.994329
1689.799340 741.184899 -90.966550 -18.484682 -0.043268 0.070773 -0.064592 0.994458
1689.899197 741.293566 -90.980080 -18.495890 -0.042111 0.070904 -0.065009 0.994471
1689.999836 741.424017 -90.996604 -18.503727 -0.042725 0.071245 -0.065103 0.994415
1690.099665 741.555104 -91.015672 -18.510636 -0.044346 0.070498 -0.065040 0.994401
1690.199501 741.667905 -91.033331 -18.512838 -0.043623 0.070183 -0.065172 0.994447
1690.299330 741.786864 -91.049810 -18.513316 -0.045216 0.068530 -0.065253 0.994485
1690.399167 741.888563 -91.064162 -18.517219 -0.045765 0.066627 -0.065561 0.994569
1690.499785 741.993048 -91.083020 -18.525893 -0.044948 0.067273 -0.065635 0.994558
1690.599616 742.085978 -91.098748 -18.536815 -0.046091 0.068913 -0.065514 0.994402
1690.699452 742.181264 -91.111521 -18.539711 -0.047351 0.069001 -0.065613 0.994330
1690.799289 742.286964 -91.124227 -18.542455 -0.046528 0.068651 -0.065575 0.994395
1690.899130 742.394054 -91.139977 -18.545779 -0.045389 0.067495 -0.065599 0.994526
1690.999776 742.502636 -91.159029 -18.551255 -0.044392 0.065372 -0.065291 0.994733
1691.099608 742.610410 -91.181572 -18.561045 -0.043937 0.066371 -0.064851 0.994715
1691.199431 742.709012 -91.194668 -18.570069 -0.045810 0.066956 -0.064660 0.994604
1691.299277 742.797502 -91.203753 -18.575609 -0.047615 0.066852 -0.064876 0.994512
1691.399111 742.897806 -91.217798 -18.579794 -0.047214 0.066343 -0.064956 0.994560
1691.499755 743.015140 -91.233885 -18.582170 -0.046477 0.065354 -0.065213 0.994644
1691.599592 743.129097 -91.248643 -18.586446 -0.045090 0.065095 -0.065203 0.994725
1691.699428 743.237647 -91.260998 -18.593783 -0.043414 0.066888 -0.065328 0.994673
1691.799267 743.341368 -91.276483 -18.599534 -0.042883 0.070364 -0.065402 0.994451
1691.899490 743.439263 -91.289945 -18.604806 -0.044591 0.072850 -0.065905 0.994164
1691.999322 743.533059 -91.301679 -18.605400 -0.046413 0.072548 -0.066637 0.994053
1692.099158 743.631638 -91.314536 -18.612677 -0.045260 0.069237 -0.066711 0.994338
1692.199802 743.741735 -91.329867 -18.622064 -0.042651 0.066057 -0.066375 0.994692
1692.299639 743.854178 -91.347768 -18.633751 -0.044654 0.065704 -0.066727 0.994604
1692.399478 743.965559 -91.362878 -18.639541 -0.045629 0.069211 -0.066596 0.994330
1692.499325 744.073723 -91.383748 -18.642384 -0.047296 0.071349 -0.066219 0.994126
1692.599161 744.177134 -91.401179 -18.647818 -0.048577 0.069306 -0.066298 0.994204
1692.699775 744.286405 -91.420269 -18.658527 -0.046913 0.069072 -0.066171 0.994309
1692.799607 744.404209 -91.437195 -18.669443 -0.045456 0.068958 -0.065809 0.994408
1692.899445 744.522972 -91.454585 -18.680244 -0.045105 0.067205 -0.065108 0.994590
1692.999291 744.639654 -91.475171 -18.692417 -0.046709 0.065433 -0.064392 0.994681
1693.099138 744.750488 -91.489979 -18.703353 -0.047021 0.067510 -0.064261 0.994536
1693.199775 744.850765 -91.504708 -18.714623 -0.048150 0.069526 -0.064278 0.994342
1693.299616 744.952374 -91.518220 -18.726601 -0.048503 0.070098 -0.064758 0.994254
1693.399454 745.056580 -91.538683 -18.738330 -0.046637 0.070699 -0.064917 0.994290
1693.499314 745.166678 -91.556756 -18.747732 -0.046194 0.071227 -0.065297 0.994248
1693.599158 745.279791 -91.575563 -18.758935 -0.047566 0.073280 -0.065508 0.994020
1693.699792 745.389446 -91.588309 -18.773497 -0.048812 0.074096 -0.065921 0.993872
1693.799628 745.492430 -91.602298 -18.788188 -0.043786 0.073050 -0.066400 0.994152
1693.899457 745.587331 -91.612885 -18.799885 -0.042653 0.072908 -0.067382 0.994145
1693.999291 745.675193 -91.627750 -18.815449 -0.043467 0.071769 -0.067499 0.994185
1694.099147 745.775585 -91.646484 -18.824806 -0.045645 0.071658 -0.067222 0.994114
1694.199785 745.893119 -91.671206 -18.836251 -0.048585 0.072407 -0.066409 0.993975
1694.299632 746.012935 -91.692494 -18.852292 -0.050019 0.075279 -0.065874 0.993726
1694.399468 746.131119 -91.708441 -18.875686 -0.049660 0.076659 -0.066242 0.993614
1694.499312 746.260686 -91.725990 -18.902888 -0.047312 0.075694 -0.066575 0.993781
1694.599131 746.379440 -91.745263 -18.922039 -0.046680 0.073234 -0.066945 0.993970
1694.699766 746.492852 -91.765102 -18.928512 -0.044572 0.071148 -0.066861 0.994224
1694.799606 746.610022 -91.782833 -18.927633 -0.045090 0.070881 -0.066643 0.994234
1694.899445 746.720831 -91.796955 -18.934541 -0.045817 0.070270 -0.066738 0.994238
1694.999277 746.834175 -91.819195 -18.955161 -0.046160 0.066682 -0.066399 0.994492
1695.099111 746.957678 -91.841522 -18.970127 -0.047136 0.064543 -0.066214 0.994599
1695.199744 747.076343 -91.859245 -18.980989 -0.046973 0.064384 -0.065979 0.994633
1695.299586 747.189397 -91.876854 -18.994830 -0.046187 0.064649 -0.065353 0.994694
1695.399424 747.297430 -91.892466 -18.998616 -0.046528 0.066169 -0.064187 0.994654
1695.499266 747.396679 -91.900009 -19.003707 -0.048088 0.065555 -0.063674 0.994654
1695.599498 747.495641 -91.915656 -19.021184 -0.050711 0.062125 -0.063648 0.994745
1695.699344 747.596283 -91.938411 -19.043646 -0.050273 0.060789 -0.064343 0.994805
1695.799182 747.695816 -91.962516 -19.061045 -0.046925 0.061545 -0.064306 0.994925
1695.899827 747.796575 -91.980279 -19.063949 -0.046414 0.062781 -0.063939 0.994895
1695.999666 747.899166 -91.992047 -19.073752 -0.046879 0.061334 -0.064103 0.994953
1696.099495 748.006190 -92.001189 -19.092454 -0.046510 0.059320 -0.063815 0.995111
1696.199341 748.108264 -92.009426 -19.107343 -0.045893 0.057838 -0.063526 0.995245
1696.299185 748.204739 -92.022618 -19.114248 -0.047770 0.057316 -0.064763 0.995107
1696.399819 748.310784 -92.041576 -19.122139 -0.049734 0.053856 -0.066513 0.995089
1696.499660 748.410533 -92.062036 -19.128041 -0.049157 0.049189 -0.067200 0.995313
1696.599498 748.506809 -92.077861 -19.136045 -0.043885 0.051344 -0.067431 0.995435
1696.699334 748.604810 -92.089766 -19.147658 -0.043124 0.058126 -0.067960 0.995059
1696.799179 748.700928 -92.098228 -19.163111 -0.044822 0.063179 -0.068292 0.994654
1696.899817 748.790157 -92.108572 -19.171553 -0.046533 0.067104 -0.068004 0.994338
1696.999664 748.878658 -92.129679 -19.173575 -0.049240 0.068544 -0.067587 0.994137
1697.099502 748.977496 -92.148602 -19.178465 -0.048913 0.069284 -0.067519 0.994107
1697.199346 749.057508 -92.159603 -19.184399 -0.046060 0.067653 -0.066251 0.994441
1697.299183 749.139240 -92.166761 -19.192425 -0.043475 0.066658 -0.064896 0.994714
1697.399813 749.213573 -92.173967 -19.205089 -0.045944 0.068544 -0.064616 0.994493
1697.499660 749.291722 -92.191041 -19.224635 -0.048014 0.072870 -0.064791 0.994076
1697.599516 749.388316 -92.205837 -19.243344 -0.047074 0.074921 -0.065316 0.993934
1697.699362 749.491907 -92.219284 -19.243730 -0.043833 0.074033 -0.065465 0.994139
1697.799202 749.594517 -92.232021 -19.242161 -0.040973 0.071727 -0.065548 0.994424
1697.899454 749.691864 -92.243322 -19.254109 -0.041780 0.069265 -0.065018 0.994600
1697.999287 749.780942 -92.261199 -19.272742 -0.043491 0.068526 -0.063899 0.994651
1698.099144 749.869813 -92.276368 -19.289825 -0.045746 0.070023 -0.063815 0.994450
1698.199782 749.953679 -92.286354 -19.304244 -0.049895 0.072376 -0.064126 0.994062
1698.299615 750.037755 -92.295889 -19.325465 -0.048034 0.074011 -0.064416 0.994015
1698.399464 750.129747 -92.305464 -19.338218 -0.041755 0.073304 -0.064783 0.994327
1698.499312 750.226989 -92.318913 -19.353211 -0.040026 0.072312 -0.065572 0.994419
1698.599143 750.338315 -92.338433 -19.364504 -0.043189 0.070018 -0.066205 0.994409
1698.699778 750.446897 -92.355022 -19.383172 -0.043851 0.070114 -0.066694 0.994341
1698.799605 750.552137 -92.367959 -19.398006 -0.044378 0.072521 -0.066302 0.994171
1698.899437 750.659204 -92.378968 -19.408606 -0.046639 0.074999 -0.066080 0.993898
1698.999275 750.763598 -92.391951 -19.420208 -0.046516 0.075436 -0.066007 0.993876
1699.099519 750.871915 -92.414020 -19.424867 -0.047147 0.072619 -0.066032 0.994054
1699.199360 750.974672 -92.434176 -19.427818 -0.048868 0.070200 -0.066416 0.994119
1699.299212 751.081702 -92.446773 -19.440540 -0.047487 0.071643 -0.066251 0.994094
1699.399465 751.195641 -92.458240 -19.456961 -0.041359 0.075894 -0.066329 0.994047
1699.499285 751.312100 -92.471177 -19.466672 -0.040622 0.079020 -0.066600 0.993816
1699.599138 751.425575 -92.484076 -19.462841 -0.041281 0.078324 -0.066484 0.993852
1699.699769 751.537945 -92.503682 -19.455389 -0.043992 0.076279 -0.066195 0.993914
1699.799608 751.652812 -92.521896 -19.459718 -0.047467 0.075385 -0.066360 0.993811
1699.899433 751.766385 -92.535851 -19.470232 -0.047371 0.075651 -0.066855 0.993762
1699.999255 751.880951 -92.550377 -19.482718 -0.044777 0.076893 -0.066654 0.993801
1700.099495 751.996103 -92.567491 -19.496891 -0.045179 0.080583 -0.066165 0.993523
1700.199335 752.117219 -92.588086 -19.500897 -0.044949 0.081529 -0.065770 0.993482
1700.299175 752.241447 -92.608766 -19.509474 -0.044712 0.077447 -0.065848 0.993814
1700.399815 752.376593 -92.625354 -19.507337 -0.042906 0.075153 -0.065609 0.994086
1700.499647 752.506427 -92.645202 -19.503090 -0.042877 0.076971 -0.065361 0.993964
1700.599486 752.635218 -92.658432 -19.519792 -0.043924 0.076935 -0.065712 0.993898
1700.699334 752.763260 -92.676395 -19.537056 -0.043196 0.075155 -0.065366 0.994089
1700.799165 752.881685 -92.693658 -19.551662 -0.042202 0.072877 -0.064755 0.994341
1700.899804 753.003450 -92.714421 -19.553871 -0.042270 0.071302 -0.064164 0.994491
1700.999653 753.127846 -92.736450 -19.550242 -0.044014 0.069400 -0.064003 0.994560
1701.099493 753.254089 -92.754782 -19.552317 -0.043647 0.070645 -0.063105 0.994546
1701.199325 753.385341 -92.765981 -19.563003 -0.046783 0.070966 -0.062757 0.994403
1701.299177 753.519523 -92.783834 -19.577314 -0.049727 0.071516 -0.062381 0.994244
1701.399817 753.666886 -92.803215 -19.593047 -0.049298 0.073281 -0.062499 0.994129
1701.499647 753.815252 -92.828941 -19.604682 -0.048257 0.075181 -0.062914 0.994012
1701.599506 753.951555 -92.855497 -19.613749 -0.046963 0.075804 -0.063714 0.993976
1701.699347 754.084412 -92.874277 -19.614734 -0.043408 0.073616 -0.064594 0.994245
1701.799194 754.216662 -92.888624 -19.612991 -0.040946 0.073131 -0.064801 0.994372
1701.899823 754.356677 -92.897735 -19.612892 -0.043149 0.073277 -0.065066 0.994251
1701.999680 754.489209 -92.914235 -19.625066 -0.044089 0.071562 -0.065068 0.994335
1702.099510 754.612202 -92.927150 -19.640929 -0.046770 0.070789 -0.065608 0.994232
1702.199340 754.735625 -92.944535 -19.649899 -0.045347 0.068270 -0.065382 0.994489
1702.299184 754.870557 -92.966410 -19.654994 -0.041771 0.069417 -0.065023 0.994590
1702.399815 755.016978 -92.985231 -19.656520 -0.041624 0.074561 -0.065142 0.994216
1702.499673 755.162893 -93.001596 -19.666811 -0.042207 0.075707 -0.064958 0.994116
1702.599513 755.301657 -93.009541 -19.673336 -0.042854 0.074632 -0.064792 0.994181
1702.699363 755.427172 -93.027822 -19.670208 -0.040171 0.073646 -0.064089 0.994412
1702.799205 755.555016 -93.052655 -19.662925 -0.037767 0.072214 -0.063345 0.994659
1702.899445 755.697777 -93.079501 -19.667276 -0.041960 0.072613 -0.063581 0.994447
1702.999277 755.843070 -93.095682 -19.676023 -0.045611 0.072349 -0.064018 0.994277
1703.099122 755.984672 -93.107301 -19.679022 -0.045163 0.071643 -0.063448 0.994385
1703.199767 756.124529 -93.119342 -19.658633 -0.044895 0.073579 -0.063270 0.994267
1703.299609 756.264596 -93.136184 -19.633375 -0.045158 0.074777 -0.063852 0.994129
1703.399441 756.398627 -93.162887 -19.608330 -0.043311 0.073986 -0.063804 0.994273
1703.499292 756.533968 -93.186855 -19.594542 -0.043075 0.072473 -0.063646 0.994405
1703.599129 756.672481 -93.200904 -19.582639 -0.045182 0.070378 -0.063148 0.994494
